kc,ku,mc,mr,nc,nr,X,time,peak,backend
64,16,2,1,16,16,[64; 16; 2; 1; 16; 16],0.041227795256418176,0.16955810086833137,tvm
512,64,4,1,7168,16,[512; 64; 4; 1; 7168; 16],0.49495222500991076,0.014123598831234048,tvm
2048,16,32,1,896,128,[2048; 16; 32; 1; 896; 128],0.14437006501248106,0.04842074890014301,tvm
64,1,64,1,1792,64,[64; 1; 64; 1; 1792; 64],0.02790012475452386,0.25055467415188504,tvm
32,16,2,1,2048,128,[32; 16; 2; 1; 2048; 128],0.028289449750445783,0.24710649123023368,tvm
128,2,1,1,128,128,[128; 2; 1; 1; 128; 128],0.03224505975958891,0.21679310625522585,tvm
256,16,4,1,896,16,[256; 16; 4; 1; 896; 16],0.12332554999738932,0.05668336096465533,tvm
8,8,1,1,14336,64,[8; 8; 1; 1; 14336; 64],0.25072657101554796,0.02788099657069523,tvm
256,16,32,1,256,128,[256; 16; 32; 1; 256; 128],0.14043545600725338,0.04977736296384876,tvm
8,1,2,1,32,16,[8; 1; 2; 1; 32; 16],0.022195515630301088,0.3149513074219055,tvm
4,1,8,1,512,16,[4; 1; 8; 1; 512; 16],0.021726487248088233,0.3217504324028165,tvm
64,1,16,1,1024,128,[64; 1; 16; 1; 1024; 128],0.027307384487357922,0.25599327060791754,tvm
1024,2,64,1,512,64,[1024; 2; 64; 1; 512; 64],0.11573760199826211,0.060399615561169434,tvm
2048,2,2,1,512,16,[2048; 2; 2; 1; 512; 16],0.36582437297329307,0.019108914504110987,tvm
8,2,4,1,32,16,[8; 2; 4; 1; 32; 16],0.024165724498743657,0.289273622523922,tvm
512,16,16,1,256,64,[512; 16; 16; 1; 256; 64],0.1228461439604871,0.05690456730099018,tvm
16,2,4,1,64,16,[16; 2; 4; 1; 64; 16],0.03701113049464766,0.1888757942067615,tvm
512,2,8,1,7168,16,[512; 2; 8; 1; 7168; 16],0.4892224049544893,0.014289015784788044,tvm
4,4,64,1,128,16,[4; 4; 64; 1; 128; 16],0.028034825998474844,0.24935081341496343,tvm
1024,32,8,1,112,16,[1024; 32; 8; 1; 112; 16],0.16863216302590445,0.04145417185684097,tvm
2048,32,16,1,512,64,[2048; 32; 16; 1; 512; 64],0.18985545099712908,0.03682015254211676,tvm
512,8,32,1,224,16,[512; 8; 32; 1; 224; 16],0.16302548197563738,0.042879840512977795,tvm
64,64,32,1,3584,16,[64; 64; 32; 1; 3584; 16],0.09253538350458257,0.07554414756729766,tvm
16,2,4,1,896,16,[16; 2; 4; 1; 896; 16],0.029534234243328683,0.23669165108777832,tvm
8,4,32,1,2048,128,[8; 4; 32; 1; 2048; 128],0.016041719252825715,0.4357704156576175,tvm
32,1,1,1,1024,64,[32; 1; 1; 1; 1024; 64],0.03163266299816314,0.22099014133184405,tvm
128,32,32,1,2048,128,[128; 32; 32; 1; 2048; 128],0.036847714509349316,0.18971343975466853,tvm
256,2,1,1,1792,16,[256; 2; 1; 1; 1792; 16],0.12194261298282072,0.057326200379612086,tvm
1024,4,1,1,32,16,[1024; 4; 1; 1; 32; 16],0.16204181098146364,0.043140141574117115,tvm
64,32,16,1,224,16,[64; 32; 16; 1; 224; 16],0.04158717249811161,0.1680928576470086,tvm
4096,2,64,1,512,128,[4096; 2; 64; 1; 512; 128],0.33038636296987534,0.02115858113460955,tvm
256,1,4,1,256,16,[256; 1; 4; 1; 256; 16],0.18526032601948828,0.037733425266299636,tvm
8,4,16,1,896,64,[8; 4; 16; 1; 896; 64],0.015831686374440324,0.4415516137278075,tvm
128,1,4,1,32,16,[128; 1; 4; 1; 32; 16],0.06418156847939827,0.10891766643114308,tvm
4096,16,8,1,7168,128,[4096; 16; 8; 1; 7168; 128],0.8641400930355303,0.008089552519326566,tvm
128,4,64,1,896,64,[128; 4; 64; 1; 896; 64],0.029770399749395438,0.23481400066885655,tvm
4096,32,16,1,128,16,[4096; 32; 16; 1; 128; 16],0.37462496903026477,0.018660012664831013,tvm
32,32,32,1,256,128,[32; 32; 32; 1; 256; 128],0.014389803625817876,0.48579583491497064,tvm
128,32,2,1,16,16,[128; 32; 2; 1; 16; 16],0.061599995504366234,0.11348225936430753,tvm
512,2,8,1,14336,16,[512; 2; 8; 1; 14336; 16],0.968499934009742,0.007217870049536163,tvm
128,64,8,1,1024,64,[128; 64; 8; 1; 1024; 64],0.037710099248215556,0.1853749209370606,tvm
512,64,8,1,1024,128,[512; 64; 8; 1; 1024; 128],0.10807290097000077,0.0646832518043271,tvm
16,2,4,1,128,16,[16; 2; 4; 1; 128; 16],0.03381355450255796,0.2067368181046403,tvm
4096,32,16,1,256,64,[4096; 32; 16; 1; 256; 64],0.2420926799532026,0.028875332653667832,tvm
8,2,4,1,512,128,[8; 2; 4; 1; 512; 128],0.021682704253180418,0.3224001298473321,tvm
512,8,1,1,14336,16,[512; 8; 1; 1; 14336; 16],1.0129608599818312,0.006901062955968556,tvm
512,32,4,1,896,64,[512; 32; 4; 1; 896; 64],0.09579064999707043,0.0729769206794239,tvm
1024,64,64,1,3584,128,[1024; 64; 64; 1; 3584; 128],0.20011691097170115,0.03493211359661256,tvm
1,1,32,1,896,64,[1; 1; 32; 1; 896; 64],0.054925768985413015,0.12727189433657596,tvm
1024,8,4,1,64,16,[1024; 8; 4; 1; 64; 16],0.13179768697591498,0.05303967639389702,tvm
32,8,64,1,7168,16,[32; 8; 64; 1; 7168; 16],0.14566408103564754,0.04799060013261553,tvm
32,4,2,1,7168,128,[32; 4; 2; 1; 7168; 128],0.12901993200648576,0.05418160246988239,tvm
256,2,4,1,512,64,[256; 2; 4; 1; 512; 64],0.1076362730236724,0.06494564025948063,tvm
2,1,4,1,1792,128,[2; 1; 4; 1; 1792; 128],0.02977790925069712,0.23475478442137485,tvm
8,2,8,1,128,128,[8; 2; 8; 1; 128; 128],0.015972361747117247,0.4376626811578657,tvm
1024,16,4,1,3584,16,[1024; 16; 4; 1; 3584; 16],0.3580574110383168,0.019523424040840735,tvm
1024,2,8,1,448,64,[1024; 2; 8; 1; 448; 64],0.09713934001047164,0.07196370354084235,tvm
4,2,16,1,1024,128,[4; 2; 16; 1; 1024; 128],0.02206463475158671,0.31681950530198405,tvm
64,8,32,1,1024,16,[64; 8; 32; 1; 1024; 16],0.047291971000959165,0.1478159298229479,tvm
1024,16,8,1,3584,128,[1024; 16; 8; 1; 3584; 128],0.250728792976588,0.027880749489028214,tvm
4096,64,2,1,112,16,[4096; 64; 2; 1; 112; 16],0.26803651405498385,0.026080426733324343,tvm
128,1,64,1,896,128,[128; 1; 64; 1; 896; 128],0.028457886757678352,0.24564391327407775,tvm
512,32,32,1,16,16,[512; 32; 32; 1; 16; 16],0.18962950800778344,0.03686402364330206,tvm
2048,2,64,1,16,16,[2048; 2; 64; 1; 16; 16],0.22887264197925106,0.03054321655141468,tvm
64,4,8,1,7168,16,[64; 4; 8; 1; 7168; 16],0.26605425198795274,0.0262747413898997,tvm
4096,16,64,1,7168,128,[4096; 16; 64; 1; 7168; 128],0.700325200043153,0.009981800835149044,tvm
8,4,4,1,112,16,[8; 4; 4; 1; 112; 16],0.01889669975207653,0.36993267387330375,tvm
4,2,4,1,896,128,[4; 2; 4; 1; 896; 128],0.020289087755372748,0.34454514421504795,tvm
2048,1,2,1,512,128,[2048; 1; 2; 1; 512; 128],0.2532416970352642,0.027604090276228208,tvm
256,2,2,1,256,64,[256; 2; 2; 1; 256; 64],0.12382420798530802,0.05645508887483539,tvm
256,4,16,1,448,64,[256; 4; 16; 1; 448; 64],0.09571031300583854,0.07303817579449594,tvm
512,8,16,1,2048,64,[512; 8; 16; 1; 2048; 64],0.10901611298322678,0.06412360957817517,tvm
32,4,8,1,16,16,[32; 4; 8; 1; 16; 16],0.03092405949428212,0.22605397806711686,tvm
4,1,2,1,16,16,[4; 1; 2; 1; 16; 16],0.0399688234901987,0.17489898516479735,tvm
32,1,8,1,14336,128,[32; 1; 8; 1; 14336; 128],0.2473683930002153,0.028259498240183752,tvm
4,2,64,1,256,64,[4; 2; 64; 1; 256; 64],0.018542040372267365,0.3770084913158805,tvm
4,4,1,1,32,16,[4; 4; 1; 1; 32; 16],0.02139944575174013,0.32666765054409047,tvm
64,4,64,1,32,16,[64; 4; 64; 1; 32; 16],0.06055103399557993,0.11544817991344221,tvm
32,4,32,1,128,16,[32; 4; 32; 1; 128; 16],0.02979477250482887,0.23462191783923533,tvm
32,1,1,1,14336,16,[32; 1; 1; 1; 14336; 16],0.7334720410290174,0.009530706387743702,tvm
8,4,8,1,1024,16,[8; 4; 8; 1; 1024; 16],0.03437222550564911,0.20337660898674628,tvm
8,2,2,1,112,16,[8; 2; 2; 1; 112; 16],0.018833403126336634,0.37117596962022975,tvm
64,8,2,1,128,128,[64; 8; 2; 1; 128; 128],0.02696563900099136,0.25923756772126444,tvm
256,1,16,1,1792,128,[256; 1; 16; 1; 1792; 128],0.09648969399859197,0.07244822091329957,tvm
512,64,2,1,2048,16,[512; 64; 2; 1; 2048; 16],0.1414623919990845,0.04941600780164884,tvm
1,1,8,1,128,64,[1; 1; 8; 1; 128; 64],0.027787891507614404,0.25156664602462325,tvm
32,2,8,1,32,16,[32; 2; 8; 1; 32; 16],0.03262430525501259,0.2142729664899946,tvm
2,2,32,1,7168,16,[2; 2; 32; 1; 7168; 16],0.3682539989822544,0.018982839795321622,tvm
4,2,16,1,7168,16,[4; 2; 16; 1; 7168; 16],0.18233341700397432,0.0383391414559751,tvm
2048,4,8,1,128,16,[2048; 4; 8; 1; 128; 16],0.23353528999723494,0.029933406067877085,tvm
64,1,2,1,1024,16,[64; 1; 2; 1; 1024; 16],0.06665603749570437,0.10487432090629702,tvm
32,16,32,1,2048,16,[32; 16; 32; 1; 2048; 16],0.03747829199710395,0.18652148468256882,tvm
64,1,8,1,896,128,[64; 1; 8; 1; 896; 128],0.025012116006109864,0.2794848170766141,tvm
256,1,64,1,7168,16,[256; 1; 64; 1; 7168; 16],0.7447881499538198,0.009385899422674903,tvm
1024,4,1,1,14336,16,[1024; 4; 1; 1; 14336; 16],2.6165256859967485,0.0026716751546062806,tvm
4096,16,16,1,512,16,[4096; 16; 16; 1; 512; 16],0.4068165370263159,0.017183437816379793,tvm
16,16,1,1,224,16,[16; 16; 1; 1; 224; 16],0.027771537250373513,0.2517147899896196,tvm
2048,4,16,1,1024,64,[2048; 4; 16; 1; 1024; 64],0.17627592699136585,0.03965661554574646,tvm
64,64,4,1,3584,16,[64; 64; 4; 1; 3584; 16],0.10981313401134685,0.06365820199562237,tvm
32,16,4,1,1792,128,[32; 16; 4; 1; 1792; 128],0.02482126337417867,0.28163379765507124,tvm
256,32,16,1,1792,16,[256; 32; 16; 1; 1792; 16],0.12346691399579868,0.05661846109561416,tvm
8,4,16,1,7168,16,[8; 4; 16; 1; 7168; 16],0.10532797401538119,0.06636894644575461,tvm
256,4,4,1,14336,64,[256; 4; 4; 1; 14336; 64],0.7317907069809735,0.009552603770422599,tvm
16,16,2,1,128,16,[16; 16; 2; 1; 128; 16],0.02631427325832192,0.26565455933524257,tvm
128,2,8,1,1792,64,[128; 2; 8; 1; 1792; 64],0.031320893511292525,0.22318988646177318,tvm
128,4,4,1,128,64,[128; 4; 4; 1; 128; 64],0.033159619008074515,0.2108138415270829,tvm
2048,32,2,1,896,16,[2048; 32; 2; 1; 896; 16],0.25776143302209675,0.02712006441269048,tvm
4096,4,32,1,2048,128,[4096; 4; 32; 1; 2048; 128],0.2736042989999987,0.025549696010685487,tvm
1,1,1,1,512,16,[1; 1; 1; 1; 512; 16],0.05888359050732106,0.11871739828428991,tvm
1024,8,8,1,3584,64,[1024; 8; 8; 1; 3584; 64],0.2651737079722807,0.02636199010875318,tvm
512,2,1,1,896,64,[512; 2; 1; 1; 896; 64],0.09645015551359393,0.0724779201178313,tvm
32,2,32,1,3584,16,[32; 2; 32; 1; 3584; 16],0.06960856198566034,0.10042596007236496,tvm
128,4,1,1,448,64,[128; 4; 1; 1; 448; 64],0.03372590175422374,0.20727412175987836,tvm
128,1,32,1,1024,128,[128; 1; 32; 1; 1024; 128],0.0344002802594332,0.20321074752726,tvm
2048,1,4,1,64,16,[2048; 1; 4; 1; 64; 16],0.22330125601729378,0.03130527248859397,tvm
1,1,64,1,14336,128,[1; 1; 64; 1; 14336; 128],0.9496666059712879,0.00736101135147003,tvm
32,2,1,1,256,16,[32; 2; 1; 1; 256; 16],0.044119678510469384,0.15844418868573246,tvm
2,2,4,1,3584,64,[2; 2; 4; 1; 3584; 64],0.06806891100131907,0.1026974952857877,tvm
64,4,8,1,128,16,[64; 4; 8; 1; 128; 16],0.05888858748949133,0.11870732453744323,tvm
512,32,32,1,64,16,[512; 32; 32; 1; 64; 16],0.1387746449909173,0.05037308268469497,tvm
64,8,1,1,7168,128,[64; 8; 1; 1; 7168; 128],0.36959578102687374,0.018913924415599265,tvm
32,8,16,1,3584,128,[32; 8; 16; 1; 3584; 128],0.05170536701916717,0.13519885980260593,tvm
1024,1,2,1,1024,128,[1024; 1; 2; 1; 1024; 128],0.20492082502460107,0.034113207702669776,tvm
512,32,32,1,1792,16,[512; 32; 32; 1; 1792; 16],0.12616069201612845,0.05540954599213039,tvm
256,32,32,1,2048,64,[256; 32; 32; 1; 2048; 64],0.10804915602784604,0.06469746663143855,tvm
512,2,1,1,64,64,[512; 2; 1; 1; 64; 64],0.15199261903762817,0.045992408782271565,tvm
2,1,8,1,64,16,[2; 1; 8; 1; 64; 16],0.03402334525890183,0.2054620618129159,tvm
64,8,16,1,896,64,[64; 8; 16; 1; 896; 64],0.02775350824231282,0.2518783069020797,tvm
1024,1,8,1,512,64,[1024; 1; 8; 1; 512; 64],0.1408086899900809,0.049645420798667364,tvm
128,16,1,1,7168,64,[128; 16; 1; 1; 7168; 64],0.36953913600882515,0.018916823647332777,tvm
4096,32,8,1,2048,16,[4096; 32; 8; 1; 2048; 16],0.4020596329937689,0.017386740903618657,tvm
1024,16,8,1,224,16,[1024; 16; 8; 1; 224; 16],0.1602255420293659,0.04362916535108652,tvm
4096,64,2,1,128,64,[4096; 64; 2; 1; 128; 64],0.2332991879666224,0.02996369909211507,tvm
32,16,8,1,256,128,[32; 16; 8; 1; 256; 128],0.027445897256257012,0.2547013348260275,tvm
2,2,1,1,64,64,[2; 2; 1; 1; 64; 64],0.021006965747801587,0.33277088897992013,tvm
512,2,8,1,3584,64,[512; 2; 8; 1; 3584; 64],0.1874160870211199,0.037299395040079494,tvm
64,16,4,1,256,64,[64; 16; 4; 1; 256; 64],0.028721577240503393,0.24338867632967592,tvm
4,1,16,1,7168,16,[4; 1; 16; 1; 7168; 16],0.18437313998583704,0.03791499492390082,tvm
64,32,8,1,2048,128,[64; 32; 8; 1; 2048; 128],0.02798029973928351,0.24983673269418924,tvm
8,2,2,1,64,64,[8; 2; 2; 1; 64; 64],0.01604841537482571,0.4355885926053672,tvm
256,4,4,1,896,128,[256; 4; 4; 1; 896; 128],0.09494140450260602,0.07362969510815259,tvm
2048,8,2,1,256,64,[2048; 8; 2; 1; 256; 64],0.16817742702551186,0.04156626005228534,tvm
4096,64,8,1,256,64,[4096; 64; 8; 1; 256; 64],0.23754600301617756,0.02942801216567131,tvm
256,1,16,1,2048,16,[256; 1; 16; 1; 2048; 16],0.14079762098845094,0.04964932374276459,tvm
256,32,8,1,1792,64,[256; 32; 8; 1; 1792; 64],0.09522906699567102,0.07340727875643731,tvm
2048,16,2,1,896,128,[2048; 16; 2; 1; 896; 128],0.20613633998436853,0.033912053872678455,tvm
4096,32,1,1,14336,16,[4096; 32; 1; 1; 14336; 16],2.6043323779595084,0.0026841837569687326,tvm
8,1,64,1,64,16,[8; 1; 64; 1; 64; 16],0.0270980632485589,0.2579707118750794,tvm
256,32,2,1,32,16,[256; 32; 2; 1; 32; 16],0.21775846899254248,0.03210211156887804,tvm
16,8,4,1,1024,64,[16; 8; 4; 1; 1024; 64],0.022681121372443158,0.3082081591944528,tvm
64,4,1,1,7168,16,[64; 4; 1; 1; 7168; 16],0.443454816006124,0.015763740553378338,tvm
4,1,8,1,256,16,[4; 1; 8; 1; 256; 16],0.021188537000853103,0.3299192703292923,tvm
32,32,32,1,2048,64,[32; 32; 32; 1; 2048; 64],0.02070309512782842,0.337655148831841,tvm
64,1,8,1,3584,16,[64; 1; 8; 1; 3584; 16],0.12931074702646583,0.054059750078127154,tvm
256,64,8,1,32,16,[256; 64; 8; 1; 32; 16],0.18811209098203108,0.037161389415071765,tvm
16,1,32,1,896,128,[16; 1; 32; 1; 896; 128],0.02640961724682711,0.26469549336261267,tvm
256,1,8,1,448,64,[256; 1; 8; 1; 448; 64],0.09608623100211844,0.07275242866496184,tvm
1024,4,16,1,3584,16,[1024; 4; 16; 1; 3584; 16],0.2734173499629833,0.025567165608228883,tvm
64,4,8,1,1024,128,[64; 4; 8; 1; 1024; 128],0.027958436010521837,0.250032107090535,tvm
2048,8,8,1,64,64,[2048; 8; 8; 1; 64; 64],0.18942078400868922,0.036904644351730666,tvm
4096,8,2,1,1792,128,[4096; 8; 2; 1; 1792; 128],0.3051788239972666,0.022906263859019522,tvm
4096,32,8,1,1792,128,[4096; 32; 8; 1; 1792; 128],0.2507345200283453,0.02788011266209534,tvm
64,1,4,1,2048,128,[64; 1; 4; 1; 2048; 128],0.027568201257963665,0.2535713738177716,tvm
2048,64,4,1,128,128,[2048; 64; 4; 1; 128; 128],0.1798477999982424,0.03886901405930449,tvm
256,64,2,1,448,64,[256; 64; 2; 1; 448; 64],0.09488132249680348,0.07367631987741502,tvm
1024,32,32,1,3584,128,[1024; 32; 32; 1; 3584; 128],0.22045242198510095,0.031709820212994136,tvm
512,8,16,1,1792,16,[512; 8; 16; 1; 1792; 16],0.12511280999751762,0.055873628502192275,tvm
4096,4,16,1,7168,64,[4096; 4; 16; 1; 7168; 64],0.8260989770060405,0.00846206914818096,tvm
2048,1,32,1,512,128,[2048; 1; 32; 1; 512; 128],0.19101029698504135,0.036597538336973094,tvm
8,4,2,1,448,64,[8; 4; 2; 1; 448; 64],0.020035654000821523,0.34890334332884937,tvm
4096,2,64,1,32,16,[4096; 2; 64; 1; 32; 16],0.4476040289737284,0.015617613368437679,tvm
32,16,32,1,256,128,[32; 16; 32; 1; 256; 128],0.027039035499910824,0.2585338765759497,tvm
128,1,64,1,1792,64,[128; 1; 64; 1; 1792; 64],0.02924123450065963,0.2390633222584694,tvm
2,1,2,1,896,64,[2; 1; 2; 1; 896; 64],0.02719569949840661,0.2570445620299724,tvm
64,16,1,1,14336,64,[64; 16; 1; 1; 14336; 64],0.73698341101408,0.009485297175207534,tvm
64,2,8,1,3584,16,[64; 2; 8; 1; 3584; 16],0.12757277500350028,0.05479622643996624,tvm
1024,32,2,1,2048,128,[1024; 32; 2; 1; 2048; 128],0.20748750498751178,0.03369121753662906,tvm
2,1,8,1,1024,64,[2; 1; 8; 1; 1024; 64],0.05334186350228265,0.13105103960920905,tvm
1024,16,2,1,1024,128,[1024; 16; 2; 1; 1024; 128],0.20515061705373228,0.03407499702930818,tvm
2048,1,2,1,7168,16,[2048; 1; 2; 1; 7168; 16],1.1412571230321191,0.006125268815930035,tvm
16,1,4,1,32,16,[16; 1; 4; 1; 32; 16],0.05149525450542569,0.13575050232891123,tvm
1024,16,32,1,2048,16,[1024; 16; 32; 1; 2048; 16],0.1498611019924283,0.04664657188374246,tvm
8,2,32,1,1024,16,[8; 2; 32; 1; 1024; 16],0.03266567399259657,0.21400160511768448,tvm
16,1,8,1,1024,128,[16; 1; 8; 1; 1024; 128],0.029737642005784437,0.23507266195843315,tvm
2048,8,64,1,3584,128,[2048; 8; 64; 1; 3584; 128],0.3206508280127309,0.02180099365403516,tvm
64,4,64,1,1792,16,[64; 4; 64; 1; 1792; 16],0.06178741800249554,0.11313802862557432,tvm
512,1,64,1,128,64,[512; 1; 64; 1; 128; 64],0.13149014301598072,0.05316373156440382,tvm
4,4,2,1,14336,64,[4; 4; 2; 1; 14336; 64],0.25047468702541664,0.027909034440503414,tvm
1024,4,2,1,14336,128,[1024; 4; 2; 1; 14336; 128],1.6653334759757854,0.004197661770157265,tvm
256,16,32,1,1024,64,[256; 16; 32; 1; 1024; 64],0.1086051519960165,0.0643662527807435,tvm
512,2,64,1,16,16,[512; 2; 64; 1; 16; 16],0.20715102698886767,0.033745942601782694,tvm
128,32,1,1,7168,128,[128; 32; 1; 1; 7168; 128],0.3713156600133516,0.018826317926950092,tvm
128,1,2,1,64,16,[128; 1; 2; 1; 64; 16],0.06273818050976843,0.1114234842302804,tvm
16,2,2,1,1792,128,[16; 2; 2; 1; 1792; 128],0.02642662748985458,0.26452511465378564,tvm
64,1,1,1,2048,128,[64; 1; 1; 1; 2048; 128],0.029930235745268874,0.2335600269293458,tvm
2048,2,1,1,512,128,[2048; 2; 1; 1; 512; 128],0.23736127297161147,0.029450914966666592,tvm
1024,1,4,1,3584,16,[1024; 1; 4; 1; 3584; 16],0.36124989995732903,0.019350888865276885,tvm
16,16,4,1,1024,128,[16; 16; 4; 1; 1024; 128],0.023283484872081317,0.3002345527343641,tvm
128,8,2,1,7168,64,[128; 8; 2; 1; 7168; 64],0.27923509903484955,0.025034484170610036,tvm
256,16,16,1,1792,128,[256; 16; 16; 1; 1792; 128],0.09518501200363971,0.07344125424283564,tvm
64,32,1,1,256,64,[64; 32; 1; 1; 256; 64],0.029417543759336695,0.23763053516145388,tvm
2048,64,8,1,448,64,[2048; 64; 8; 1; 448; 64],0.1110910180141218,0.06292593939303032,tvm
4096,4,16,1,1024,128,[4096; 4; 16; 1; 1024; 128],0.27284118300303817,0.025621156563409363,tvm
4096,64,2,1,256,128,[4096; 64; 2; 1; 256; 128],0.19656005804426968,0.035564227728770055,tvm
1024,2,8,1,3584,128,[1024; 2; 8; 1; 3584; 128],0.24748035304946825,0.028246713650312887,tvm
256,2,8,1,896,16,[256; 2; 8; 1; 896; 16],0.12269305996596813,0.05697556706634957,tvm
128,32,8,1,7168,16,[128; 32; 8; 1; 7168; 16],0.27584629401098937,0.025342035830969598,tvm
256,16,2,1,2048,128,[256; 16; 2; 1; 2048; 128],0.10782350902445614,0.06483286186763876,tvm
2,1,16,1,2048,64,[2; 1; 16; 1; 2048; 64],0.056869410997023806,0.12292208665626073,tvm
32,1,16,1,512,128,[32; 1; 16; 1; 512; 128],0.02851897175423801,0.2451177667591699,tvm
8,8,16,1,112,16,[8; 8; 16; 1; 112; 16],0.023668244750297163,0.29535382705466146,tvm
128,64,1,1,512,16,[128; 64; 1; 1; 512; 16],0.07004725848673843,0.09979700587411472,tvm
64,1,2,1,1024,64,[64; 1; 2; 1; 1024; 64],0.03296451525238808,0.21206156417422964,tvm
256,8,2,1,112,16,[256; 8; 2; 1; 112; 16],0.17822688299929723,0.03922251541982155,tvm
512,16,8,1,128,16,[512; 16; 8; 1; 128; 16],0.17233991500688717,0.04056231933494517,tvm
16,16,8,1,256,64,[16; 16; 8; 1; 256; 64],0.01786883487511659,0.39121222595220023,tvm
64,32,8,1,448,16,[64; 32; 8; 1; 448; 16],0.04488296850468032,0.1557496506929507,tvm
128,64,1,1,128,16,[128; 64; 1; 1; 128; 16],0.06015016252058558,0.11621758568439877,tvm
2048,2,4,1,128,128,[2048; 2; 4; 1; 128; 128],0.1523678209632635,0.045879153632787766,tvm
1024,32,2,1,7168,16,[1024; 32; 2; 1; 7168; 16],0.9675651310244575,0.007224843519593478,tvm
2048,64,8,1,1024,128,[2048; 64; 8; 1; 1024; 128],0.1965071390150115,0.035573805113170216,tvm
32,1,32,1,896,64,[32; 1; 32; 1; 896; 64],0.027392842501285486,0.2551946431385723,tvm
256,4,16,1,256,16,[256; 4; 16; 1; 256; 16],0.1483158609480597,0.04713256304472214,tvm
16,16,8,1,1024,64,[16; 16; 8; 1; 1024; 64],0.01870923849492101,0.37363929422164227,tvm
32,1,64,1,1792,16,[32; 1; 64; 1; 1792; 16],0.05571455697645433,0.1254700215891682,tvm
4096,2,2,1,1024,128,[4096; 2; 2; 1; 1024; 128],0.3404308870085515,0.02053429031688029,tvm
2,1,1,1,7168,64,[2; 1; 1; 1; 7168; 64],0.2320162449614145,0.030129384551625792,tvm
1024,2,64,1,448,64,[1024; 2; 64; 1; 448; 64],0.113881382974796,0.06138410409200766,tvm
1024,64,16,1,512,16,[1024; 64; 16; 1; 512; 16],0.1541380980052054,0.04535223125972782,tvm
256,64,16,1,16,16,[256; 64; 16; 1; 16; 16],0.21193176397355273,0.03298470477289578,tvm
512,16,64,1,1792,64,[512; 16; 64; 1; 1792; 64],0.10730631300248206,0.06514534393242057,tvm
8,2,32,1,896,16,[8; 2; 32; 1; 896; 16],0.0219396329994197,0.31862459444292274,tvm
128,1,4,1,256,64,[128; 1; 4; 1; 256; 64],0.034234878999996,0.20419253319596906,tvm
8,4,8,1,16,16,[8; 4; 8; 1; 16; 16],0.028274411262827925,0.24723792130225583,tvm
4096,2,16,1,14336,128,[4096; 2; 16; 1; 14336; 128],1.3483517980203032,0.005184482771432775,tvm
4096,32,8,1,896,64,[4096; 32; 8; 1; 896; 64],0.2670055170310661,0.02618113192714786,tvm
128,32,16,1,896,64,[128; 32; 16; 1; 896; 64],0.03088550224492792,0.22633618230426095,tvm
4096,32,4,1,14336,128,[4096; 32; 4; 1; 14336; 128],1.93658120802138,0.0036097152227398312,tvm
64,1,32,1,2048,16,[64; 1; 32; 1; 2048; 16],0.07048219049465843,0.09918117779265744,tvm
512,64,2,1,64,16,[512; 64; 2; 1; 64; 16],0.17910282599041238,0.03903068881247512,tvm
2048,8,4,1,7168,64,[2048; 8; 4; 1; 7168; 64],0.8155246590031311,0.008571790674253331,tvm
128,8,16,1,896,128,[128; 8; 16; 1; 896; 128],0.029088617506204173,0.24031759725864232,tvm
4096,32,8,1,512,16,[4096; 32; 8; 1; 512; 16],0.40944898303132504,0.017072961361176114,tvm
8,1,8,1,896,128,[8; 1; 8; 1; 896; 128],0.017637261997151654,0.39634874550231236,tvm
512,8,1,1,2048,16,[512; 8; 1; 1; 2048; 16],0.1433318110066466,0.04877149474056741,tvm
64,2,4,1,14336,64,[64; 2; 4; 1; 14336; 64],0.326789518003352,0.021391465397598716,tvm
8,8,64,1,14336,64,[8; 8; 64; 1; 14336; 64],0.19243474898394197,0.03632663385161274,tvm
128,1,64,1,64,64,[128; 1; 64; 1; 64; 64],0.03234374774910975,0.21613162212653841,tvm
64,16,1,1,14336,128,[64; 16; 1; 1; 14336; 128],0.7493323420058005,0.0093289803132674,tvm
4096,8,16,1,1024,16,[4096; 8; 16; 1; 1024; 16],0.40762503404403105,0.017149355615660156,tvm
32,2,64,1,2048,16,[32; 2; 64; 1; 2048; 16],0.03672680449381005,0.19033800416382127,tvm
1024,32,16,1,14336,16,[1024; 32; 16; 1; 14336; 16],1.069180905004032,0.0065381888452640344,tvm
128,16,4,1,14336,64,[128; 16; 4; 1; 14336; 64],0.39232556096976623,0.017818126989705307,tvm
64,32,2,1,3584,16,[64; 32; 2; 1; 3584; 16],0.13275306299328804,0.052657968931534974,tvm
64,8,1,1,224,16,[64; 8; 1; 1; 224; 16],0.05793812949559651,0.12065468332383716,tvm
128,64,32,1,896,16,[128; 64; 32; 1; 896; 16],0.06136489598429762,0.1139170295091095,tvm
4096,2,64,1,14336,16,[4096; 2; 64; 1; 14336; 16],1.7149306839564815,0.004076261934120283,tvm
512,1,8,1,2048,16,[512; 1; 8; 1; 2048; 16],0.1426594199729152,0.04900136750867106,tvm
64,1,64,1,14336,16,[64; 1; 64; 1; 14336; 16],0.49122755602002144,0.014230689180599934,tvm
2,2,16,1,896,128,[2; 2; 16; 1; 896; 128],0.02921529625018593,0.2392755701261177,tvm
2048,64,1,1,2048,128,[2048; 64; 1; 1; 2048; 128],0.2866881910013035,0.024383657527891976,tvm
1024,8,16,1,1024,64,[1024; 8; 16; 1; 1024; 64],0.13058298703981563,0.053533058364909465,tvm
1024,32,16,1,256,16,[1024; 32; 16; 1; 256; 16],0.1632141179870814,0.042830281797190936,tvm
256,16,16,1,128,64,[256; 16; 16; 1; 128; 64],0.13459016400156543,0.05193920906869064,tvm
256,64,4,1,7168,64,[256; 64; 4; 1; 7168; 64],0.3668360890005715,0.01905621305066246,tvm
4096,64,1,1,14336,128,[4096; 64; 1; 1; 14336; 128],2.1248053169692867,0.003289951606784177,tvm
2048,64,64,1,256,16,[2048; 64; 64; 1; 256; 16],0.2471938009839505,0.028279457813428492,tvm
2048,16,16,1,112,16,[2048; 16; 16; 1; 112; 16],0.22015893796924502,0.03175209115354291,tvm
4,2,32,1,3584,128,[4; 2; 32; 1; 3584; 128],0.03788683524180669,0.1845101767421552,tvm
2,2,16,1,1024,16,[2; 2; 16; 1; 1024; 16],0.06439101649448276,0.10856338426130666,tvm
8,8,2,1,2048,64,[8; 8; 2; 1; 2048; 64],0.024716698251722846,0.2828252623175267,tvm
32,1,2,1,64,64,[32; 1; 2; 1; 64; 64],0.03364391425566282,0.207779232034217,tvm
2048,2,2,1,1024,16,[2048; 2; 2; 1; 1024; 16],0.365405254997313,0.019130832332222673,tvm
32,2,32,1,448,64,[32; 2; 32; 1; 448; 64],0.028135245011071675,0.2484608420476093,tvm
64,1,8,1,1024,128,[64; 1; 8; 1; 1024; 128],0.027464014245197177,0.2545333178265863,tvm
2048,2,4,1,896,128,[2048; 2; 4; 1; 896; 128],0.1775853309663944,0.03936421228389368,tvm
2048,4,4,1,64,64,[2048; 4; 4; 1; 64; 64],0.16785247204825282,0.04164673049710638,tvm
64,8,1,1,1024,128,[64; 8; 1; 1; 1024; 128],0.029577609500847757,0.2363445452367036,tvm
512,8,2,1,64,64,[512; 8; 2; 1; 64; 64],0.14820119203068316,0.047169031307247325,tvm
32,4,16,1,256,64,[32; 4; 16; 1; 256; 64],0.029186338753788732,0.2395129695998343,tvm
1024,64,64,1,512,64,[1024; 64; 64; 1; 512; 64],0.12176767800701782,0.05740855686074414,tvm
16,8,16,1,256,128,[16; 8; 16; 1; 256; 128],0.027911563505767845,0.2504519915275294,tvm
512,1,4,1,2048,64,[512; 1; 4; 1; 2048; 64],0.10994714597472921,0.06358061052601946,tvm
32,16,1,1,2048,128,[32; 16; 1; 1; 2048; 128],0.02816798325511627,0.24817206838536982,tvm
256,16,64,1,896,128,[256; 16; 64; 1; 896; 128],0.09790699050063267,0.07139946423561548,tvm
4096,8,2,1,7168,128,[4096; 8; 2; 1; 7168; 128],1.054395459999796,0.0066298717434424646,tvm
4,4,16,1,128,64,[4; 4; 16; 1; 128; 64],0.01698129675060045,0.4116591782909327,tvm
512,8,4,1,16,16,[512; 8; 4; 1; 16; 16],0.1881293740007095,0.03715797548255438,tvm
16,1,2,1,128,128,[16; 1; 2; 1; 128; 128],0.028224515757756308,0.24767499030503734,tvm
1024,32,8,1,7168,16,[1024; 32; 8; 1; 7168; 16],0.597689829999581,0.011695876884288909,tvm
512,8,4,1,112,16,[512; 8; 4; 1; 112; 16],0.17676986899459735,0.03954580442032414,tvm
4,1,1,1,512,128,[4; 1; 1; 1; 512; 128],0.02340717674815096,0.2986480062025797,tvm
64,2,4,1,2048,128,[64; 2; 4; 1; 2048; 128],0.02816497474850621,0.2481985774561159,tvm
256,4,32,1,224,16,[256; 4; 32; 1; 224; 16],0.14466484397416934,0.048322083476721255,tvm
64,32,4,1,512,128,[64; 32; 4; 1; 512; 128],0.028856286240625195,0.2422524717274641,tvm
2048,32,32,1,1024,64,[2048; 32; 32; 1; 1024; 64],0.1796865570358932,0.03890389343522388,tvm
64,2,4,1,256,16,[64; 2; 4; 1; 256; 16],0.05880550850997679,0.11887503133283298,tvm
256,64,64,1,64,16,[256; 64; 64; 1; 64; 16],0.16419728001346812,0.042573827447648815,tvm
512,16,32,1,512,16,[512; 16; 32; 1; 512; 16],0.14106092700967565,0.04955664771852218,tvm
64,32,1,1,224,16,[64; 32; 1; 1; 224; 16],0.05827192001743242,0.11996355473743463,tvm
2048,4,16,1,7168,128,[2048; 4; 16; 1; 7168; 128],0.6443617879995145,0.010848729389074099,tvm
16,4,4,1,256,16,[16; 4; 4; 1; 256; 16],0.031247895007254556,0.22371128247338712,tvm
4096,32,1,1,224,16,[4096; 32; 1; 1; 224; 16],0.2067400939995423,0.03381301871073998,tvm
8,1,16,1,512,64,[8; 1; 16; 1; 512; 64],0.017773331877833698,0.393314360791574,tvm
128,16,16,1,128,64,[128; 16; 16; 1; 128; 64],0.033180544240167364,0.2106808922743398,tvm
16,8,4,1,1024,16,[16; 8; 4; 1; 1024; 16],0.03177415099344216,0.22000608822276418,tvm
256,2,32,1,7168,64,[256; 2; 32; 1; 7168; 64],0.4170769579941407,0.016760711740793105,tvm
16,4,8,1,14336,64,[16; 4; 8; 1; 14336; 64],0.183277698000893,0.03814161102477731,tvm
4,4,8,1,256,128,[4; 4; 8; 1; 256; 128],0.01908287449623458,0.36632356765989466,tvm
1024,1,1,1,128,128,[1024; 1; 1; 1; 128; 128],0.12067799299256876,0.057926938402904464,tvm
2048,4,64,1,128,128,[2048; 4; 64; 1; 128; 128],0.19095449103042483,0.03660823387260825,tvm
128,64,8,1,512,128,[128; 64; 8; 1; 512; 128],0.0339693310088478,0.2057887647197376,tvm
512,16,64,1,224,16,[512; 16; 64; 1; 224; 16],0.1340292759705335,0.05215656516866911,tvm
4,4,8,1,1792,16,[4; 4; 8; 1; 1792; 16],0.017066669621272013,0.409599929089484,tvm
4096,2,1,1,128,128,[4096; 2; 1; 1; 128; 128],0.20396457996685058,0.03427314030604138,tvm
256,16,1,1,1024,128,[256; 16; 1; 1; 1024; 128],0.10716196399880573,0.06523309582814825,tvm
8,1,2,1,1792,16,[8; 1; 2; 1; 1792; 16],0.02098240212217206,0.3331604563654708,tvm
8,2,8,1,1024,64,[8; 2; 8; 1; 1024; 64],0.018618281748786103,0.3754646514102969,tvm
4,2,2,1,64,16,[4; 2; 2; 1; 64; 16],0.022435933125962038,0.31157637292908086,tvm
256,1,64,1,3584,128,[256; 1; 64; 1; 3584; 128],0.21483743999851868,0.032538586694734715,tvm
2048,1,1,1,3584,128,[2048; 1; 1; 1; 3584; 128],0.5178130610147491,0.013500058598304752,tvm
32,1,1,1,64,64,[32; 1; 1; 1; 64; 64],0.03375694424903486,0.2070835148790617,tvm
512,4,2,1,7168,16,[512; 4; 2; 1; 7168; 16],0.5331675139605068,0.013111276444319286,tvm
2048,4,8,1,3584,16,[2048; 4; 8; 1; 3584; 16],0.35525737301213667,0.019677302141250283,tvm
8,4,64,1,16,16,[8; 4; 64; 1; 16; 16],0.0283016314933775,0.24700013030352774,tvm
1024,2,8,1,7168,128,[1024; 2; 8; 1; 7168; 128],0.5125298190396279,0.013639219430716037,tvm
512,1,32,1,128,16,[512; 1; 32; 1; 128; 16],0.17127205996075645,0.040815219179756466,tvm
64,2,64,1,448,64,[64; 2; 64; 1; 448; 64],0.028915563743794337,0.24175584915465886,tvm
16,16,32,1,512,128,[16; 16; 32; 1; 512; 128],0.015661665252991952,0.446345044013198,tvm
16,16,16,1,128,64,[16; 16; 16; 1; 128; 64],0.01809686774504371,0.386282685222209,tvm
64,2,1,1,2048,64,[64; 2; 1; 1; 2048; 64],0.03339633875293657,0.2093195520138262,tvm
16,8,4,1,224,16,[16; 8; 4; 1; 224; 16],0.031143599495408125,0.22446045993165822,tvm
16,8,64,1,14336,64,[16; 8; 64; 1; 14336; 64],0.1771411620429717,0.03946291525947469,tvm
64,1,32,1,448,64,[64; 1; 32; 1; 448; 64],0.028550751245347783,0.2448449291787283,tvm
512,4,64,1,896,64,[512; 4; 64; 1; 896; 64],0.10165652504656464,0.06876594162022168,tvm
2048,32,16,1,2048,128,[2048; 32; 16; 1; 2048; 128],0.20200803299667314,0.03460509249541474,tvm
512,1,16,1,1024,128,[512; 1; 16; 1; 1024; 128],0.10845273802988231,0.06445670984111578,tvm
32,1,32,1,512,64,[32; 1; 32; 1; 512; 64],0.031260835254215635,0.22361867844602687,tvm
128,8,16,1,3584,16,[128; 8; 16; 1; 3584; 16],0.13036717398790643,0.05362167831692927,tvm
1024,2,16,1,512,16,[1024; 2; 16; 1; 512; 16],0.15609680896159261,0.04478314908017544,tvm
32,32,64,1,512,64,[32; 32; 64; 1; 512; 64],0.019447843747911975,0.35944893209136386,tvm
16,2,16,1,3584,128,[16; 2; 16; 1; 3584; 128],0.055360307480441406,0.12627290173806183,tvm
2048,2,64,1,7168,16,[2048; 2; 64; 1; 7168; 16],0.7883507970254868,0.008867253883730986,tvm
128,8,8,1,128,16,[128; 8; 8; 1; 128; 16],0.06192815399845131,0.11288091466187551,tvm
8,1,2,1,3584,128,[8; 1; 2; 1; 3584; 128],0.052656461484730244,0.13275686344198864,tvm
1024,1,64,1,7168,16,[1024; 1; 64; 1; 7168; 16],0.9697024019551463,0.007208919615515208,tvm
4096,4,8,1,256,128,[4096; 4; 8; 1; 256; 128],0.2038613859913312,0.034290489259029784,tvm
1024,4,1,1,896,128,[1024; 4; 1; 1; 896; 128],0.1042656049830839,0.06704518395880223,tvm
1,1,64,1,256,128,[1; 1; 64; 1; 256; 128],0.05325563749647699,0.13126322386299683,tvm
2048,8,16,1,128,16,[2048; 8; 16; 1; 128; 16],0.25635582802351564,0.027268764359924848,tvm
512,64,2,1,1792,64,[512; 64; 2; 1; 1792; 64],0.09635599100147374,0.07254874963155897,tvm
1024,1,32,1,32,16,[1024; 1; 32; 1; 32; 16],0.19951945199863985,0.035036717456072015,tvm
1,1,8,1,1024,64,[1; 1; 8; 1; 1024; 64],0.0897632600099314,0.07787714779847833,tvm
512,2,16,1,512,128,[512; 2; 16; 1; 512; 128],0.10738937399582937,0.06509495685241776,tvm
4,4,4,1,448,16,[4; 4; 4; 1; 448; 16],0.015970399377692956,0.43771645914070423,tvm
16,16,2,1,14336,16,[16; 16; 2; 1; 14336; 16],0.20756852999329567,0.03367806606758961,tvm
16,8,8,1,3584,16,[16; 8; 8; 1; 3584; 16],0.043963208503555506,0.15900810938540377,tvm
4,1,32,1,1792,64,[4; 1; 32; 1; 1792; 64],0.016093614627607167,0.43436523294618185,tvm
1024,32,8,1,512,64,[1024; 32; 8; 1; 512; 64],0.14148304698755965,0.04940879360112544,tvm
512,4,1,1,512,64,[512; 4; 1; 1; 512; 64],0.10834367299685255,0.06452159570840603,tvm
128,1,32,1,2048,16,[128; 1; 32; 1; 2048; 16],0.07329882547492161,0.09536996836406869,tvm
2048,8,8,1,7168,16,[2048; 8; 8; 1; 7168; 16],0.6943712849752046,0.01006739019588964,tvm
4,2,8,1,512,16,[4; 2; 8; 1; 512; 16],0.020896803376672324,0.3345251683073384,tvm
512,8,1,1,16,16,[512; 8; 1; 1; 16; 16],0.16262043494498357,0.0429866435238083,tvm
4,1,32,1,3584,16,[4; 1; 32; 1; 3584; 16],0.06353085150476545,0.1100332594494237,tvm
256,1,1,1,2048,64,[256; 1; 1; 1; 2048; 64],0.10847652098163962,0.06444257801971597,tvm
4096,64,16,1,448,64,[4096; 64; 16; 1; 448; 64],0.24412329396000132,0.028635148056834082,tvm
1024,8,16,1,512,16,[1024; 8; 16; 1; 512; 16],0.1551394810085185,0.04505949498621069,tvm
16,4,4,1,448,64,[16; 4; 4; 1; 448; 64],0.020983225622330792,0.3331473812695042,tvm
512,16,32,1,2048,64,[512; 16; 32; 1; 2048; 64],0.10931069200159982,0.06395080425036882,tvm
2048,16,32,1,448,64,[2048; 16; 32; 1; 448; 64],0.14559013402322307,0.048014975146266514,tvm
64,16,2,1,512,64,[64; 16; 2; 1; 512; 64],0.03281467076158151,0.21302991937529828,tvm
64,64,64,1,128,16,[64; 64; 64; 1; 128; 16],0.03964410675689578,0.1763315468181339,tvm
256,2,4,1,256,128,[256; 2; 4; 1; 256; 128],0.14356948097702116,0.04869075669212403,tvm
2,2,4,1,2048,64,[2; 2; 4; 1; 2048; 64],0.03461367425916251,0.2019579491713806,tvm
64,1,64,1,112,16,[64; 1; 64; 1; 112; 16],0.06113800950697623,0.11433978179922599,tvm
512,1,8,1,256,16,[512; 1; 8; 1; 256; 16],0.17560112598584965,0.03980900821347796,tvm
16,8,4,1,512,128,[16; 8; 4; 1; 512; 128],0.030581896760850213,0.22858316216722205,tvm
2,2,2,1,512,16,[2; 2; 2; 1; 512; 16],0.030845246248645708,0.22663157266814143,tvm
4096,32,64,1,1024,128,[4096; 32; 64; 1; 1024; 128],0.29606069897999987,0.0236117346569492,tvm
4096,8,64,1,1024,128,[4096; 8; 64; 1; 1024; 128],0.270168379007373,0.025874629341710982,tvm
4,2,8,1,14336,16,[4; 2; 8; 1; 14336; 16],0.22569217800628394,0.030973632885372,tvm
16,8,8,1,512,16,[16; 8; 8; 1; 512; 16],0.026377543748822063,0.26501734707496566,tvm
512,1,2,1,512,16,[512; 1; 2; 1; 512; 16],0.14147783897351474,0.04941061241383055,tvm
4,1,1,1,224,16,[4; 1; 1; 1; 224; 16],0.028746588242938742,0.24317691572960146,tvm
2048,16,64,1,2048,16,[2048; 16; 64; 1; 2048; 16],0.22700095595791936,0.030795053867361432,tvm
8,2,8,1,128,16,[8; 2; 8; 1; 128; 16],0.023493142245570198,0.29755520115597894,tvm
2048,1,4,1,2048,64,[2048; 1; 4; 1; 2048; 64],0.2414116199943237,0.02895679448582895,tvm
2048,4,1,1,1024,128,[2048; 4; 1; 1; 1024; 128],0.27110972796799615,0.025784787285434034,tvm
16,16,32,1,1024,16,[16; 16; 32; 1; 1024; 16],0.02658608724595979,0.26293852878742036,tvm
8,4,32,1,14336,16,[8; 4; 32; 1; 14336; 16],0.2999430100317113,0.0233061162716464,tvm
64,64,32,1,14336,128,[64; 64; 32; 1; 14336; 128],0.15223469701595604,0.045919273356808905,tvm
512,8,16,1,16,16,[512; 8; 16; 1; 16; 16],0.19611376704415306,0.03564516031703589,tvm
1024,32,16,1,2048,128,[1024; 32; 16; 1; 2048; 128],0.13159660703968257,0.05312072114867445,tvm
32,1,32,1,64,16,[32; 1; 32; 1; 64; 16],0.054001345502911136,0.1294506016760234,tvm
8,4,32,1,2048,16,[8; 4; 32; 1; 2048; 16],0.031410051000420935,0.22255636154723166,tvm
512,16,32,1,2048,16,[512; 16; 32; 1; 2048; 16],0.1908227420062758,0.036633509157083397,tvm
256,4,8,1,16,16,[256; 4; 8; 1; 16; 16],0.16204160399502143,0.04314019667986897,tvm
2048,4,16,1,3584,64,[2048; 4; 16; 1; 3584; 64],0.27049340901430696,0.025843537896692057,tvm
16,8,8,1,3584,128,[16; 8; 8; 1; 3584; 128],0.05555846099741757,0.12582253973866545,tvm
16,16,2,1,256,64,[16; 16; 2; 1; 256; 64],0.028142619747086428,0.24839573321493588,tvm
8,1,64,1,128,64,[8; 1; 64; 1; 128; 64],0.016234104499744717,0.43060623804513476,tvm
64,64,1,1,14336,16,[64; 64; 1; 1; 14336; 16],0.8747434209799394,0.007991493847230639,tvm
4,1,2,1,14336,16,[4; 1; 2; 1; 14336; 16],0.2579241889761761,0.027102951043154643,tvm
256,2,64,1,512,64,[256; 2; 64; 1; 512; 64],0.11075937701389194,0.06311435523684723,tvm
2,2,8,1,128,128,[2; 2; 8; 1; 128; 128],0.02064655775029678,0.3385797647826395,tvm
128,1,1,1,3584,16,[128; 1; 1; 1; 3584; 16],0.2252223999821581,0.03103823894612813,tvm
512,8,64,1,512,64,[512; 8; 64; 1; 512; 64],0.10713651101104915,0.06524859359985809,tvm
2048,8,4,1,16,16,[2048; 8; 4; 1; 16; 16],0.23607739299768582,0.02961108040842857,tvm
128,32,16,1,7168,64,[128; 32; 16; 1; 7168; 64],0.13588163099484518,0.051445560488833544,tvm
1024,2,2,1,128,64,[1024; 2; 2; 1; 128; 64],0.13814379798714072,0.05060311623484817,tvm
32,32,1,1,256,16,[32; 32; 1; 1; 256; 16],0.043709927005693316,0.15992949761174705,tvm
2048,1,4,1,512,64,[2048; 1; 4; 1; 512; 64],0.26203145302133635,0.026678120454865596,tvm
128,32,1,1,14336,64,[128; 32; 1; 1; 14336; 64],0.7491872140089981,0.009330787466672793,tvm
2048,64,1,1,1024,128,[2048; 64; 1; 1; 1024; 128],0.27443437901092693,0.025472415999266373,tvm
512,8,16,1,896,128,[512; 8; 16; 1; 896; 128],0.09626161050982773,0.07261988065276528,tvm
8,4,32,1,1024,16,[8; 4; 32; 1; 1024; 16],0.03207734499301296,0.2179265979833845,tvm
1024,4,4,1,224,16,[1024; 4; 4; 1; 224; 16],0.13917394197778776,0.050228559795930446,tvm
256,32,64,1,3584,64,[256; 32; 64; 1; 3584; 64],0.20534668996697292,0.03404246091227957,tvm
4096,2,16,1,3584,16,[4096; 2; 16; 1; 3584; 16],0.6919677249970846,0.01010235942246601,tvm
64,8,4,1,3584,128,[64; 8; 4; 1; 3584; 128],0.058481077023316175,0.11953450624514968,tvm
1024,2,1,1,256,16,[1024; 2; 1; 1; 256; 16],0.18316859798505902,0.03816432916758406,tvm
64,64,64,1,1792,128,[64; 64; 64; 1; 1792; 128],0.015320079502998851,0.4562970228253907,tvm
32,16,16,1,256,64,[32; 16; 16; 1; 256; 64],0.02925465500447899,0.23895365252457756,tvm
1024,1,64,1,896,128,[1024; 1; 64; 1; 896; 128],0.1178082560072653,0.05933800315519108,tvm
8,4,64,1,448,64,[8; 4; 64; 1; 448; 64],0.015242295870848466,0.4586255722824739,tvm
8,8,8,1,512,64,[8; 8; 8; 1; 512; 64],0.018324308752198704,0.38148815113300727,tvm
4096,1,4,1,1024,16,[4096; 1; 4; 1; 1024; 16],0.4155225330032408,0.01682341175613729,tvm
512,16,4,1,7168,16,[512; 16; 4; 1; 7168; 16],0.49309749103849754,0.014176723251915508,tvm
128,64,16,1,64,64,[128; 64; 16; 1; 64; 64],0.03201675675518345,0.2183390004215501,tvm
64,2,64,1,1792,128,[64; 2; 64; 1; 1792; 128],0.0251473067473853,0.2779823198121806,tvm
2,1,64,1,128,128,[2; 1; 64; 1; 128; 128],0.021912452873948496,0.31901981521099415,tvm
512,16,8,1,512,128,[512; 16; 8; 1; 512; 128],0.10816201299894601,0.06462996086005524,tvm
4,1,1,1,128,16,[4; 1; 1; 1; 128; 16],0.02069718062557513,0.3377516384056979,tvm
512,16,32,1,1792,128,[512; 16; 32; 1; 1792; 128],0.10114144702674821,0.06911614251294955,tvm
8,1,1,1,3584,16,[8; 1; 1; 1; 3584; 16],0.0703430810244754,0.09937731707023706,tvm
32,32,2,1,64,16,[32; 32; 2; 1; 64; 16],0.04470814501109999,0.15635868285143764,tvm
1024,1,4,1,14336,128,[1024; 1; 4; 1; 14336; 128],1.2312179889995605,0.0056777164800417505,tvm
256,1,64,1,16,16,[256; 1; 64; 1; 16; 16],0.1628888929844834,0.04291579701098819,tvm
512,2,16,1,1024,128,[512; 2; 16; 1; 1024; 128],0.11012966401176527,0.06347523829655799,tvm
256,2,4,1,448,64,[256; 2; 4; 1; 448; 64],0.09528281149687245,0.0733658732025988,tvm
2,1,8,1,14336,16,[2; 1; 8; 1; 14336; 16],0.4073109939927235,0.017162577906727334,tvm
64,16,1,1,128,16,[64; 16; 1; 1; 128; 16],0.06006256301770918,0.11638708565609408,tvm
2048,2,8,1,3584,16,[2048; 2; 8; 1; 3584; 16],0.36156653898069635,0.019333942478122628,tvm
1024,1,1,1,128,64,[1024; 1; 1; 1; 128; 64],0.15705959597835317,0.04450862504211546,tvm
1024,2,16,1,3584,16,[1024; 2; 16; 1; 3584; 16],0.2725344210048206,0.02564999547907755,tvm
512,16,32,1,1792,16,[512; 16; 32; 1; 1792; 16],0.13273197802482173,0.052666333845785056,tvm
4096,64,32,1,14336,16,[4096; 64; 32; 1; 14336; 16],2.084571023005992,0.0033534509448309513,tvm
128,1,1,1,1024,16,[128; 1; 1; 1; 1024; 16],0.08097529501537792,0.08632888173286812,tvm
8,2,64,1,2048,16,[8; 2; 64; 1; 2048; 16],0.03329787150141783,0.20993854416096866,tvm
2048,8,4,1,1792,16,[2048; 8; 4; 1; 1792; 16],0.22475147794466466,0.031103273404892925,tvm
32,8,64,1,7168,128,[32; 8; 64; 1; 7168; 128],0.10865505499532446,0.06433669070405859,tvm
512,4,32,1,112,16,[512; 4; 32; 1; 112; 16],0.1657168649835512,0.04218343538758432,tvm
512,16,32,1,3584,64,[512; 16; 32; 1; 3584; 64],0.18662570300512016,0.037457362807495384,tvm
4,1,2,1,112,16,[4; 1; 2; 1; 112; 16],0.0221783536253497,0.3151950223517298,tvm
32,32,64,1,7168,128,[32; 32; 64; 1; 7168; 128],0.06432287552161142,0.1086783917848631,tvm
64,16,16,1,2048,16,[64; 16; 16; 1; 2048; 16],0.04854500200599432,0.1440005433680584,tvm
4096,2,64,1,896,128,[4096; 2; 64; 1; 896; 128],0.1971663639997132,0.03545486423169438,tvm
512,32,8,1,1792,16,[512; 32; 8; 1; 1792; 16],0.12434378499165177,0.05621918833447122,tvm
64,2,2,1,1792,64,[64; 2; 2; 1; 1792; 64],0.028441281741834246,0.2457873287892064,tvm
128,4,8,1,448,64,[128; 4; 8; 1; 448; 64],0.0322642762621399,0.216663984955695,tvm
8,1,2,1,14336,16,[8; 1; 2; 1; 14336; 16],0.1766672539524734,0.039568774123512646,tvm
64,4,4,1,2048,128,[64; 4; 4; 1; 2048; 128],0.028085230995202437,0.24890329966881156,tvm
1024,2,2,1,7168,16,[1024; 2; 2; 1; 7168; 16],0.9777917989995331,0.007149279298332513,tvm
512,8,1,1,112,16,[512; 8; 1; 1; 112; 16],0.16875112801790237,0.04142494778420125,tvm
128,8,16,1,112,16,[128; 8; 16; 1; 112; 16],0.06312136651831679,0.11074707428328782,tvm
512,16,32,1,14336,128,[512; 16; 32; 1; 14336; 128],0.7640042479615659,0.00914982696145733,tvm
512,1,4,1,128,64,[512; 1; 4; 1; 128; 64],0.17010060703614727,0.04109630640636778,tvm
2,2,16,1,256,64,[2; 2; 16; 1; 256; 64],0.030184731498593464,0.23159081825831074,tvm
2048,64,16,1,128,16,[2048; 64; 16; 1; 128; 16],0.23251206299755722,0.03006513544520961,tvm
1024,8,32,1,1024,16,[1024; 8; 32; 1; 1024; 16],0.1501307840226218,0.04656277999329793,tvm
64,4,1,1,112,16,[64; 4; 1; 1; 112; 16],0.05407668900443241,0.12927024186139963,tvm
4096,64,64,1,3584,16,[4096; 64; 64; 1; 3584; 16],0.6121814670041203,0.011419010609511993,tvm
64,16,8,1,896,128,[64; 16; 8; 1; 896; 128],0.025372877993504517,0.2755109873013319,tvm
4096,4,8,1,2048,64,[4096; 4; 8; 1; 2048; 64],0.31483839300926775,0.022203475884406798,tvm
16,1,1,1,1024,64,[16; 1; 1; 1; 1024; 64],0.03412390725861769,0.20485657207092767,tvm
256,32,64,1,14336,128,[256; 32; 64; 1; 14336; 128],0.7465658680303022,0.009363549776404901,tvm
16,16,64,1,3584,128,[16; 16; 64; 1; 3584; 128],0.03249111874902155,0.21515130705916924,tvm
2048,16,64,1,256,16,[2048; 16; 64; 1; 256; 16],0.23538530600490049,0.02969814380223518,tvm
4096,1,2,1,256,16,[4096; 1; 2; 1; 256; 16],0.26656297699082643,0.02622459707488651,tvm
512,32,2,1,256,128,[512; 32; 2; 1; 256; 128],0.1396547210169956,0.05005564162643625,tvm
4096,32,4,1,512,64,[4096; 32; 4; 1; 512; 64],0.3612611279822886,0.019350287438092115,tvm
8,8,1,1,896,16,[8; 8; 1; 1; 896; 16],0.01829976262524724,0.3819998548517905,tvm
8,4,2,1,512,16,[8; 4; 2; 1; 512; 16],0.018399534630589187,0.37992844966007805,tvm
32,1,2,1,7168,64,[32; 1; 2; 1; 7168; 64],0.13866370596224442,0.05041338408025856,tvm
64,8,8,1,256,128,[64; 8; 8; 1; 256; 128],0.027207776249269955,0.2569304673274883,tvm
512,1,4,1,1024,16,[512; 1; 4; 1; 1024; 16],0.14163915999233723,0.04935433581394339,tvm
256,32,64,1,128,64,[256; 32; 64; 1; 128; 64],0.12345019797794521,0.056626127630152075,tvm
512,8,16,1,1024,16,[512; 8; 16; 1; 1024; 16],0.14120402198750526,0.04950642742517091,tvm
32,4,8,1,14336,16,[32; 4; 8; 1; 14336; 16],0.37603162898449227,0.018590209247943232,tvm
4096,4,4,1,32,16,[4096; 4; 4; 1; 32; 16],0.4227995970286429,0.016533853664465744,tvm
256,4,8,1,14336,64,[256; 4; 8; 1; 14336; 64],0.7254638540325686,0.009635913116565609,tvm
2,1,4,1,128,64,[2; 1; 4; 1; 128; 64],0.021263822876790073,0.3287511708111977,tvm
8,2,8,1,896,128,[8; 2; 8; 1; 896; 128],0.017978568372200243,0.3888244337338835,tvm
256,16,1,1,448,64,[256; 16; 1; 1; 448; 64],0.09578891249839216,0.07297824439528952,tvm
16,8,1,1,3584,128,[16; 8; 1; 1; 3584; 128],0.054555331997107714,0.12813608515914215,tvm
16,1,1,1,3584,64,[16; 1; 1; 1; 3584; 64],0.0580765055201482,0.12036720536226966,tvm
16,4,8,1,256,16,[16; 4; 8; 1; 256; 16],0.022915047506103292,0.3050618448338274,tvm
256,1,4,1,512,16,[256; 1; 4; 1; 512; 16],0.13979989400831982,0.050003662136186205,tvm
4,1,32,1,14336,64,[4; 1; 32; 1; 14336; 64],0.259469919023104,0.026941491688075834,tvm
512,1,16,1,7168,16,[512; 1; 16; 1; 7168; 16],0.4834332189639099,0.014460128912218038,tvm
4096,2,4,1,64,64,[4096; 2; 4; 1; 64; 64],0.22684436501003802,0.030816311731425784,tvm
256,2,8,1,7168,64,[256; 2; 8; 1; 7168; 64],0.36560277501121163,0.019120496737072893,tvm
128,2,16,1,7168,16,[128; 2; 16; 1; 7168; 16],0.2667328590177931,0.026207894641883427,tvm
256,4,1,1,256,16,[256; 4; 1; 1; 256; 16],0.1850251850555651,0.03778137913802027,tvm
512,8,32,1,2048,64,[512; 8; 32; 1; 2048; 64],0.10899709397926927,0.06413479856624643,tvm
8,1,4,1,64,64,[8; 1; 4; 1; 64; 64],0.016450700619316194,0.4249367141517673,tvm
1024,4,2,1,896,128,[1024; 4; 2; 1; 896; 128],0.10703641502186656,0.06530961136206374,tvm
4096,1,32,1,64,64,[4096; 1; 32; 1; 64; 64],0.23863070702645928,0.02929424613359404,tvm
4,2,2,1,3584,16,[4; 2; 2; 1; 3584; 16],0.049215071005164646,0.14203995897787247,tvm
2048,1,8,1,512,16,[2048; 1; 8; 1; 512; 16],0.2305296859703958,0.030323672360202558,tvm
64,32,4,1,14336,64,[64; 32; 4; 1; 14336; 64],0.3281092519755475,0.02130542380190985,tvm
512,8,8,1,64,64,[512; 8; 8; 1; 64; 64],0.16037647996563464,0.043588103867628146,tvm
64,2,4,1,14336,128,[64; 2; 4; 1; 14336; 128],0.3155090889777057,0.022156276668025325,tvm
64,4,16,1,112,16,[64; 4; 16; 1; 112; 16],0.06123008200665936,0.11416784752805625,tvm
2048,16,4,1,14336,64,[2048; 16; 4; 1; 14336; 64],1.6178027489804663,0.004320988248457397,tvm
512,64,1,1,128,16,[512; 64; 1; 1; 128; 16],0.1691087399958633,0.04133734700428652,tvm
128,2,8,1,896,128,[128; 2; 8; 1; 896; 128],0.029557679255958647,0.23650390837966156,tvm
64,2,8,1,7168,128,[64; 2; 8; 1; 7168; 128],0.133688538975548,0.05228949856311355,tvm
128,1,2,1,14336,16,[128; 1; 2; 1; 14336; 16],0.7653024499886669,0.009134305877068845,tvm
2048,32,4,1,448,16,[2048; 32; 4; 1; 448; 16],0.1541913429973647,0.0453365703338231,tvm
32,4,2,1,14336,16,[32; 4; 2; 1; 14336; 16],0.47560321603668854,0.014698190489375101,tvm
16,16,32,1,64,64,[16; 16; 32; 1; 64; 64],0.01647216788114747,0.4243829177255629,tvm
4,2,4,1,3584,16,[4; 2; 4; 1; 3584; 16],0.04035377499531023,0.17323055073482166,tvm
16,1,64,1,512,64,[16; 1; 64; 1; 512; 64],0.030945270744268782,0.2258990307254411,tvm
256,8,64,1,256,16,[256; 8; 64; 1; 256; 16],0.15160062100039795,0.046111332661680306,tvm
4096,16,4,1,448,64,[4096; 16; 4; 1; 448; 64],0.24560304899932817,0.028462621678144513,tvm
32,32,32,1,448,16,[32; 32; 32; 1; 448; 16],0.02869200150598772,0.2436395615414917,tvm
128,4,8,1,256,16,[128; 4; 8; 1; 256; 16],0.0626172665215563,0.11163864306117786,tvm
256,16,32,1,64,16,[256; 16; 32; 1; 64; 16],0.1387780350050889,0.050371852191237104,tvm
128,4,4,1,256,128,[128; 4; 4; 1; 256; 128],0.03326306925737299,0.21015819714583833,tvm
512,64,4,1,512,64,[512; 64; 4; 1; 512; 64],0.10867022001184523,0.06432771246717536,tvm
8,4,64,1,224,16,[8; 4; 64; 1; 224; 16],0.026781898995977826,0.2610160940311409,tvm
512,1,4,1,1792,64,[512; 1; 4; 1; 1792; 64],0.09647626802325249,0.07245830306145166,tvm
128,32,8,1,512,128,[128; 32; 8; 1; 512; 128],0.033986986745730974,0.20568186050046722,tvm
1,1,16,1,448,64,[1; 1; 16; 1; 448; 64],0.05223949899664149,0.13381649519870187,tvm
2048,4,32,1,14336,64,[2048; 4; 32; 1; 14336; 64],0.9618766250205226,0.0072675710011328295,tvm
4096,2,8,1,2048,64,[4096; 2; 8; 1; 2048; 64],0.31089769600657746,0.02248490984802529,tvm
64,32,16,1,7168,64,[64; 32; 16; 1; 7168; 64],0.1256799490074627,0.05562149509029145,tvm
64,1,32,1,256,64,[64; 1; 32; 1; 256; 64],0.02934270049445331,0.23823664996301522,tvm
128,16,64,1,3584,128,[128; 16; 64; 1; 3584; 128],0.053736467991257086,0.13008868889194616,tvm
1,1,4,1,896,128,[1; 1; 4; 1; 896; 128],0.05129609498544596,0.13627756008815203,tvm
128,8,8,1,224,16,[128; 8; 8; 1; 224; 16],0.06262100802268833,0.11163197283783621,tvm
8,1,1,1,64,64,[8; 1; 1; 1; 64; 64],0.016324903248460032,0.4282112157280992,tvm
32,2,64,1,512,128,[32; 2; 64; 1; 512; 128],0.028452326252590865,0.24569192004221843,tvm
4,2,32,1,3584,16,[4; 2; 32; 1; 3584; 16],0.06567316799191758,0.10644387777253247,tvm
2048,64,64,1,896,64,[2048; 64; 64; 1; 896; 64],0.1765210970188491,0.039601536500309724,tvm
64,1,32,1,512,128,[64; 1; 32; 1; 512; 128],0.028659775998676196,0.24391351373400688,tvm
512,8,64,1,3584,128,[512; 8; 64; 1; 3584; 128],0.21502031502313912,0.03251091258941925,tvm
16,1,1,1,2048,16,[16; 1; 1; 1; 2048; 16],0.04025466425810009,0.17365706050473464,tvm
2,1,1,1,3584,64,[2; 1; 1; 1; 3584; 64],0.08785379200708121,0.079569777319381,tvm
16,16,4,1,14336,128,[16; 16; 4; 1; 14336; 128],0.2722594970255159,0.025675896499623384,tvm
16,2,64,1,7168,128,[16; 2; 64; 1; 7168; 128],0.12126865598838776,0.05764479378196499,tvm
32,2,2,1,2048,16,[32; 2; 2; 1; 2048; 16],0.054079183988505974,0.12926427788097605,tvm
512,2,2,1,1792,128,[512; 2; 2; 1; 1792; 128],0.09839005747926421,0.0710489133329343,tvm
16,16,16,1,64,64,[16; 16; 16; 1; 64; 64],0.016513505506736692,0.4233205762286443,tvm
8,4,16,1,448,64,[8; 4; 16; 1; 448; 64],0.016245435370365158,0.4303058986907002,tvm
2048,8,2,1,128,128,[2048; 8; 2; 1; 128; 128],0.18939617497380823,0.03690943952608013,tvm
2048,4,64,1,32,16,[2048; 4; 64; 1; 32; 16],0.2244953999761492,0.03113875236378719,tvm
256,16,2,1,128,16,[256; 16; 2; 1; 128; 16],0.17593138996744528,0.039734277481467094,tvm
16,4,1,1,2048,64,[16; 4; 1; 1; 2048; 64],0.032921044243266806,0.21234158354792781,tvm
8,1,8,1,1024,128,[8; 1; 8; 1; 1024; 128],0.019685247498273384,0.3551139840776608,tvm
256,32,16,1,16,16,[256; 32; 16; 1; 16; 16],0.14947538397973403,0.04676694235898029,tvm
32,4,4,1,1024,16,[32; 4; 4; 1; 1024; 16],0.03965836875431705,0.17626813422339033,tvm
32,2,8,1,896,128,[32; 2; 8; 1; 896; 128],0.025209636500221677,0.27729502036275677,tvm
4,2,16,1,512,128,[4; 2; 16; 1; 512; 128],0.021383931125456,0.3269046568497867,tvm
32,16,4,1,2048,16,[32; 16; 4; 1; 2048; 16],0.03888321250269655,0.17978212747164024,tvm
64,8,4,1,128,128,[64; 8; 4; 1; 128; 128],0.027253411259152927,0.2565002450590085,tvm
256,2,4,1,128,64,[256; 2; 4; 1; 128; 64],0.15925426699686795,0.043895255043961544,tvm
32,16,8,1,128,128,[32; 16; 8; 1; 128; 128],0.02812722374801524,0.24853169759279717,tvm
32,32,8,1,32,16,[32; 32; 8; 1; 32; 16],0.03386512299766764,0.206422007300789,tvm
256,2,4,1,896,64,[256; 2; 4; 1; 896; 64],0.09510460399906151,0.07350334655444914,tvm
4096,1,32,1,1024,128,[4096; 1; 32; 1; 1024; 128],0.2664002390229143,0.026240617096688793,tvm
64,16,4,1,1792,16,[64; 16; 4; 1; 1792; 16],0.05053887699614279,0.13831939057926027,tvm
256,8,1,1,2048,128,[256; 8; 1; 1; 2048; 128],0.10796449397457764,0.06474820016581302,tvm
4096,64,8,1,1792,64,[4096; 64; 8; 1; 1792; 64],0.28247226699022576,0.024747585811348182,tvm
1024,16,1,1,896,64,[1024; 16; 1; 1; 896; 64],0.10836156096775085,0.06451094469511279,tvm
256,4,1,1,448,16,[256; 4; 1; 1; 448; 16],0.12203028000658378,0.0572850170161825,tvm
2048,2,16,1,128,16,[2048; 2; 16; 1; 128; 16],0.19553618697682396,0.035750449953773626,tvm
256,8,4,1,896,64,[256; 8; 4; 1; 896; 64],0.09525606999523006,0.07338646940837172,tvm
4096,64,2,1,3584,64,[4096; 64; 2; 1; 3584; 64],0.6123704119818285,0.011415487309458875,tvm
256,2,16,1,16,16,[256; 2; 16; 1; 16; 16],0.20044579700333998,0.03487479793128406,tvm
64,16,32,1,112,16,[64; 16; 32; 1; 112; 16],0.040273564256494865,0.17357556490767556,tvm
512,1,16,1,128,128,[512; 1; 16; 1; 128; 128],0.14559198397910222,0.048014365046842554,tvm
1024,1,32,1,512,64,[1024; 1; 32; 1; 512; 64],0.11877230100799352,0.0588563714547906,tvm
1024,2,2,1,64,16,[1024; 2; 2; 1; 64; 16],0.1586707360111177,0.044056685198566536,tvm
2,2,8,1,512,128,[2; 2; 8; 1; 512; 128],0.03139162375009619,0.22268700473467057,tvm
64,8,8,1,128,16,[64; 8; 8; 1; 128; 16],0.04434933225275017,0.1576237185901074,tvm
32,4,2,1,3584,64,[32; 4; 2; 1; 3584; 64],0.05419960152357817,0.12897708599620653,tvm
16,8,8,1,896,16,[16; 8; 8; 1; 896; 16],0.021265362374833785,0.32872737099178195,tvm
64,4,32,1,2048,64,[64; 4; 32; 1; 2048; 64],0.030498431748128496,0.22920872536653075,tvm
1024,4,32,1,3584,16,[1024; 4; 32; 1; 3584; 16],0.26253615599125624,0.026626834084138434,tvm
4096,1,4,1,3584,64,[4096; 1; 4; 1; 3584; 64],0.5673430979950354,0.0123214800556679,tvm
4096,1,2,1,16,16,[4096; 1; 2; 1; 16; 16],0.4122553049819544,0.016956741568122845,tvm
2048,4,2,1,512,64,[2048; 4; 2; 1; 512; 64],0.3272311339969747,0.021362596465931923,tvm
256,64,2,1,1024,128,[256; 64; 2; 1; 1024; 128],0.10772505996283144,0.0648921120960955,tvm
128,1,16,1,256,16,[128; 1; 16; 1; 256; 16],0.06516519747674465,0.10727362054202862,tvm
2048,32,64,1,128,128,[2048; 32; 64; 1; 128; 128],0.17399688198929653,0.04017604560923506,tvm
2048,1,2,1,1792,64,[2048; 1; 2; 1; 1792; 64],0.30343520804308355,0.02303788908264763,tvm
64,8,8,1,448,64,[64; 8; 8; 1; 448; 64],0.02828323599533178,0.24716077989875232,tvm
64,1,16,1,256,64,[64; 1; 16; 1; 256; 64],0.029256738256663084,0.23893663761628015,tvm
8,1,64,1,128,16,[8; 1; 64; 1; 128; 16],0.02239001600537449,0.31221534924265654,tvm
64,64,32,1,512,16,[64; 64; 32; 1; 512; 16],0.046241375006502494,0.15117428202953864,tvm
1024,16,16,1,32,16,[1024; 16; 16; 1; 32; 16],0.20018118800362572,0.03492089709518585,tvm
64,64,16,1,64,64,[64; 64; 16; 1; 64; 64],0.018803288752678782,0.3717704258341922,tvm
32,16,1,1,512,16,[32; 16; 1; 1; 512; 16],0.04834806124563329,0.14458711448947784,tvm
256,8,64,1,7168,64,[256; 8; 64; 1; 7168; 64],0.4569153059856035,0.01529934886201191,tvm
256,8,64,1,512,128,[256; 8; 64; 1; 512; 128],0.11060033302055672,0.06320511408738143,tvm
32,2,1,1,1792,128,[32; 2; 1; 1; 1792; 128],0.024724887378397398,0.282731587799846,tvm
2048,64,4,1,3584,64,[2048; 64; 4; 1; 3584; 64],0.40983235801104456,0.017056990571931073,tvm
128,32,8,1,128,16,[128; 32; 8; 1; 128; 16],0.062285244988743216,0.11223375083344471,tvm
16,4,8,1,1024,64,[16; 4; 8; 1; 1024; 64],0.018910350248916075,0.3696656367888985,tvm
1024,2,32,1,896,128,[1024; 2; 32; 1; 896; 128],0.10359316103858873,0.06748038766828135,tvm
1,1,4,1,1024,64,[1; 1; 4; 1; 1024; 64],0.058711055491585284,0.11906627479501838,tvm
128,64,2,1,896,128,[128; 64; 2; 1; 896; 128],0.03131072749965824,0.22326235207224004,tvm
32,16,2,1,7168,128,[32; 16; 2; 1; 7168; 128],0.13395050703547895,0.052187235579594475,tvm
2,2,32,1,128,128,[2; 2; 32; 1; 128; 128],0.020653552252042573,0.33846510185555745,tvm
16,2,32,1,1792,128,[16; 2; 32; 1; 1792; 128],0.025915000253007747,0.2697475052447794,tvm
64,16,32,1,256,16,[64; 16; 32; 1; 256; 16],0.04050101224856917,0.17260078893246994,tvm
512,64,64,1,128,128,[512; 64; 64; 1; 128; 128],0.15068937599426135,0.04639017595329935,tvm
4096,8,1,1,14336,16,[4096; 8; 1; 1; 14336; 16],2.678517500986345,0.002609841699407401,tvm
512,64,4,1,64,16,[512; 64; 4; 1; 64; 16],0.17316907498752698,0.04036810075453818,tvm
1024,32,4,1,64,64,[1024; 32; 4; 1; 64; 64],0.16505706403404474,0.0423520599228931,tvm
1024,1,4,1,2048,128,[1024; 1; 4; 1; 2048; 128],0.17340436804806814,0.04031332512182669,tvm
2,1,32,1,128,16,[2; 1; 32; 1; 128; 16],0.03889937850181013,0.17970741271204044,tvm
2048,4,64,1,14336,16,[2048; 4; 64; 1; 14336; 16],1.4009670549421571,0.00498977234475745,tvm
8,4,64,1,896,128,[8; 4; 64; 1; 896; 128],0.015319980877393391,0.456299960333636,tvm
2048,32,1,1,1024,16,[2048; 32; 1; 1; 1024; 16],0.31356324203079566,0.02229376958023707,tvm
4096,4,1,1,448,64,[4096; 4; 1; 1; 448; 64],0.19792127003893256,0.03531963323240389,tvm
256,2,4,1,64,16,[256; 2; 4; 1; 64; 16],0.16090455994708464,0.04344505009034907,tvm
2048,1,1,1,7168,128,[2048; 1; 1; 1; 7168; 128],1.0618248339742422,0.006583483869464898,tvm
1024,2,1,1,2048,128,[1024; 2; 1; 1; 2048; 128],0.18188643804751337,0.03843335842796904,tvm
32,32,32,1,1792,128,[32; 32; 32; 1; 1792; 128],0.013617814496683422,0.5133354304664073,tvm
32,16,1,1,1792,128,[32; 16; 1; 1; 1792; 128],0.024667999874509405,0.2833836023280624,tvm
64,16,2,1,112,16,[64; 16; 2; 1; 112; 16],0.06386834700242616,0.10945181760224856,tvm
2048,16,2,1,14336,128,[2048; 16; 2; 1; 14336; 128],1.9325081349816173,0.003617323280625239,tvm
2048,32,2,1,112,16,[2048; 32; 2; 1; 112; 16],0.20973884197883308,0.03332957596558177,tvm
64,4,8,1,896,64,[64; 4; 8; 1; 896; 64],0.02775928574556019,0.2518258838048355,tvm
64,8,1,1,128,64,[64; 8; 1; 1; 128; 64],0.029778453754261136,0.23475049189437389,tvm
4096,2,4,1,3584,16,[4096; 2; 4; 1; 3584; 16],0.6766593839856796,0.01033090921682187,tvm
128,2,16,1,448,64,[128; 2; 16; 1; 448; 64],0.03137191724090371,0.22282688727586658,tvm
16,1,16,1,256,16,[16; 1; 16; 1; 256; 16],0.021286180999595672,0.3284058641989115,tvm
64,16,2,1,128,64,[64; 16; 2; 1; 128; 64],0.029742432001512498,0.2350348036875793,tvm
32,16,64,1,1024,128,[32; 16; 64; 1; 1024; 128],0.02770855875860434,0.25228690988829955,tvm
4,2,8,1,896,16,[4; 2; 8; 1; 896; 16],0.018274509246111847,0.3825277369981354,tvm
4096,64,1,1,512,128,[4096; 64; 1; 1; 512; 128],0.3233817060245201,0.021616889689290646,tvm
2048,64,64,1,14336,64,[2048; 64; 64; 1; 14336; 64],0.8907983030076139,0.007847462936407186,tvm
16,16,16,1,256,16,[16; 16; 16; 1; 256; 16],0.021257514126773458,0.32884873673268544,tvm
64,4,2,1,16,16,[64; 4; 2; 1; 16; 16],0.0608268424984999,0.11492470066712843,tvm
64,16,2,1,2048,16,[64; 16; 2; 1; 2048; 16],0.07420443999581039,0.09420604302197218,tvm
64,16,8,1,64,16,[64; 16; 8; 1; 64; 16],0.04467101900081616,0.15648863229511167,tvm
128,2,1,1,448,64,[128; 2; 1; 1; 448; 64],0.03394186850346159,0.205955269255543,tvm
8,2,2,1,256,64,[8; 2; 2; 1; 256; 64],0.020440566127945203,0.34199183246248915,tvm
32,4,4,1,32,16,[32; 4; 4; 1; 32; 16],0.036011007498018444,0.19412138544169666,tvm
2048,1,4,1,128,16,[2048; 1; 4; 1; 128; 16],0.2610822659917176,0.026775111055947515,tvm
8,4,32,1,3584,16,[8; 4; 32; 1; 3584; 16],0.04508466650440823,0.15505286405929514,tvm
64,1,8,1,2048,16,[64; 1; 8; 1; 2048; 16],0.06783405601163395,0.10305305443430587,tvm
64,16,4,1,14336,16,[64; 16; 4; 1; 14336; 16],0.53364577004686,0.01309952605087233,tvm
128,16,32,1,256,64,[128; 16; 32; 1; 256; 64],0.03395845400518738,0.205854679532785,tvm
32,8,32,1,896,16,[32; 8; 32; 1; 896; 16],0.027485519502079114,0.2543341655280657,tvm
4096,32,32,1,1792,64,[4096; 32; 32; 1; 1792; 64],0.23323443601839244,0.029972017794642505,tvm
32,1,64,1,896,64,[32; 1; 64; 1; 896; 64],0.027697651501512155,0.25238625976231305,tvm
512,1,8,1,1792,128,[512; 1; 8; 1; 1792; 128],0.09597393099102192,0.07283755697493112,tvm
512,1,32,1,128,128,[512; 1; 32; 1; 128; 128],0.12274686997989193,0.056950590005364975,tvm
32,16,4,1,256,64,[32; 16; 4; 1; 256; 64],0.028900783509016037,0.24187948622520467,tvm
2,2,32,1,512,128,[2; 2; 32; 1; 512; 128],0.03328189400781412,0.2100393284416264,tvm
1024,16,32,1,112,16,[1024; 16; 32; 1; 112; 16],0.15393629804020748,0.04541168493502928,tvm
4,4,4,1,512,128,[4; 4; 4; 1; 512; 128],0.023543915500340518,0.29691351324148113,tvm
2048,32,32,1,128,128,[2048; 32; 32; 1; 128; 128],0.16356215096311644,0.04273914610136815,tvm
256,16,64,1,448,16,[256; 16; 64; 1; 448; 16],0.12469473399687558,0.05606096137822327,tvm
512,32,16,1,2048,128,[512; 32; 16; 1; 2048; 128],0.10797295701922849,0.06474312512735717,tvm
1024,32,1,1,896,64,[1024; 32; 1; 1; 896; 64],0.10578313702717423,0.06608337456347983,tvm
4096,64,16,1,1792,16,[4096; 64; 16; 1; 1792; 16],0.35377463401528075,0.019759773580501315,tvm
2048,1,16,1,2048,128,[2048; 1; 16; 1; 2048; 128],0.1770036129746586,0.039493581792974415,tvm
1024,4,2,1,3584,128,[1024; 4; 2; 1; 3584; 128],0.39423275098670274,0.017731927774063735,tvm
1024,4,2,1,112,16,[1024; 4; 2; 1; 112; 16],0.16904811799759045,0.041352170905364985,tvm
8,4,8,1,14336,128,[8; 4; 8; 1; 14336; 128],0.18454507901333272,0.03787966985649955,tvm
256,32,2,1,7168,64,[256; 32; 2; 1; 7168; 64],0.3645846919971518,0.019173889689041792,tvm
32,1,2,1,896,64,[32; 1; 2; 1; 896; 64],0.027081700012786314,0.2581265822812519,tvm
4096,2,8,1,3584,16,[4096; 2; 8; 1; 3584; 16],0.6635748980334029,0.01053461589246973,tvm
2048,2,1,1,1792,16,[2048; 2; 1; 1; 1792; 16],0.3190812199609354,0.02190823598932743,tvm
8,4,1,1,512,64,[8; 4; 1; 1; 512; 64],0.01900543150259182,0.36781625640614124,tvm
128,4,64,1,896,128,[128; 4; 64; 1; 896; 128],0.028432775754481554,0.24586085885634393,tvm
2,2,16,1,128,64,[2; 2; 16; 1; 128; 64],0.02028693449392449,0.3445817143423111,tvm
64,8,8,1,2048,64,[64; 8; 8; 1; 2048; 64],0.03008306624542456,0.2323734758164779,tvm
1024,4,4,1,1792,64,[1024; 4; 4; 1; 1792; 64],0.1598012840258889,0.04374499685205381,tvm
4096,4,8,1,14336,64,[4096; 4; 8; 1; 14336; 64],1.788531469006557,0.003908517567515631,tvm
1024,1,2,1,14336,16,[1024; 1; 2; 1; 14336; 16],1.989128107961733,0.0035143571893063567,tvm
128,2,32,1,896,64,[128; 2; 32; 1; 896; 64],0.03021910323877819,0.23132740278329003,tvm
4096,64,1,1,512,16,[4096; 64; 1; 1; 512; 16],0.40080194000620395,0.01744129947713941,tvm
2,1,8,1,896,16,[2; 1; 8; 1; 896; 16],0.03219093699590303,0.21715760145647064,tvm
1024,2,8,1,256,16,[1024; 2; 8; 1; 256; 16],0.18344121798872948,0.03810761149163412,tvm
2048,2,8,1,128,128,[2048; 2; 8; 1; 128; 128],0.18476720299804583,0.037834131562518705,tvm
64,32,1,1,64,64,[64; 32; 1; 1; 64; 64],0.030560163999325596,0.22874571834172533,tvm
2,1,2,1,2048,128,[2; 1; 2; 1; 2048; 128],0.03194370349228848,0.21883832813418905,tvm
4096,8,8,1,896,128,[4096; 8; 8; 1; 896; 128],0.2478601390030235,0.02820343236627247,tvm
16,1,8,1,1792,16,[16; 1; 8; 1; 1792; 16],0.02060229075141251,0.33930725233490805,tvm
32,32,32,1,1024,128,[32; 32; 32; 1; 1024; 128],0.014486378124274779,0.48255724147864787,tvm
2048,32,1,1,1792,16,[2048; 32; 1; 1; 1792; 16],0.3100215240265243,0.022548455913237127,tvm
4,4,8,1,3584,16,[4; 4; 8; 1; 3584; 16],0.03522606049955357,0.1984470181317965,tvm
2048,4,2,1,64,16,[2048; 4; 2; 1; 64; 16],0.20577083399984986,0.03397229107149251,tvm
2048,8,2,1,112,16,[2048; 8; 2; 1; 112; 16],0.16829207097180188,0.041537944279252226,tvm
256,4,32,1,128,16,[256; 4; 32; 1; 128; 16],0.14191207598196343,0.04925942079485285,tvm
2048,32,32,1,2048,128,[2048; 32; 32; 1; 2048; 128],0.18191069300519302,0.03842823393821664,tvm
4,2,1,1,112,16,[4; 2; 1; 1; 112; 16],0.020806518623430748,0.3359767577260369,tvm
32,1,64,1,448,64,[32; 1; 64; 1; 448; 64],0.028411762745236047,0.2460426946877417,tvm
256,32,64,1,1792,64,[256; 32; 64; 1; 1792; 64],0.10167008999269456,0.06875676678528528,tvm
2048,2,1,1,256,64,[2048; 2; 1; 1; 256; 64],0.17393068899400532,0.04019133545148896,tvm
4096,64,1,1,512,64,[4096; 64; 1; 1; 512; 64],0.3437808189773932,0.020334196327359257,tvm
32,8,4,1,1024,16,[32; 8; 4; 1; 1024; 16],0.037592196502373554,0.18595632384038238,tvm
64,64,1,1,128,64,[64; 64; 1; 1; 128; 64],0.031950644246535376,0.21879078909104296,tvm
16,8,32,1,3584,16,[16; 8; 32; 1; 3584; 16],0.06185096700210124,0.11302178454912727,tvm
16,2,1,1,2048,16,[16; 2; 1; 1; 2048; 16],0.04810339074174408,0.14532253462540867,tvm
1024,64,1,1,3584,16,[1024; 64; 1; 1; 3584; 16],0.4012632660451345,0.017421247490619705,tvm
16,4,16,1,2048,128,[16; 4; 16; 1; 2048; 128],0.031297230249037966,0.22335863624486532,tvm
1024,4,2,1,256,16,[1024; 4; 2; 1; 256; 16],0.16835287300636992,0.04152294250661329,tvm
32,2,4,1,1792,128,[32; 2; 4; 1; 1792; 128],0.024647111997182947,0.28362376360628583,tvm
512,1,2,1,512,128,[512; 1; 2; 1; 512; 128],0.10867232905002311,0.06432646403896301,tvm
512,64,8,1,448,64,[512; 64; 8; 1; 448; 64],0.09625056548975408,0.07262821398603429,tvm
64,8,2,1,224,16,[64; 8; 2; 1; 224; 16],0.06387192397960462,0.10944568804438791,tvm
128,32,2,1,512,16,[128; 32; 2; 1; 512; 16],0.07262691901996732,0.09625228167457808,tvm
128,1,2,1,128,128,[128; 1; 2; 1; 128; 128],0.03223880050063599,0.21683519728126244,tvm
16,8,4,1,1792,128,[16; 8; 4; 1; 1792; 128],0.02597794473695103,0.26909390783033615,tvm
256,64,16,1,1024,64,[256; 64; 16; 1; 1024; 64],0.10846069705439731,0.0644519799016288,tvm
64,4,32,1,1792,64,[64; 4; 32; 1; 1792; 64],0.02668721273948904,0.26194217938401715,tvm
4096,2,4,1,1792,128,[4096; 2; 4; 1; 1792; 128],0.2832688689813949,0.02467799123780807,tvm
2048,32,32,1,128,64,[2048; 32; 32; 1; 128; 64],0.20829472097102553,0.03356065210908091,tvm
8,4,1,1,7168,128,[8; 4; 1; 1; 7168; 128],0.12755414296407253,0.054804230613157305,tvm
2048,8,4,1,1792,64,[2048; 8; 4; 1; 1792; 64],0.22616981103783473,0.03090822172326643,tvm
512,2,64,1,256,64,[512; 2; 64; 1; 256; 64],0.14548298600129783,0.048050338110356805,tvm
128,2,32,1,16,16,[128; 2; 32; 1; 16; 16],0.061503848497522995,0.11365966256482637,tvm
64,2,16,1,64,16,[64; 2; 16; 1; 64; 16],0.06223596501513384,0.11232262028823356,tvm
1024,64,16,1,1024,64,[1024; 64; 16; 1; 1024; 64],0.13058256398653612,0.05353323179798669,tvm
64,64,8,1,448,16,[64; 64; 8; 1; 448; 16],0.04495036799926311,0.15551611650390193,tvm
8,4,1,1,2048,64,[8; 4; 1; 1; 2048; 64],0.03397148125804961,0.20577573917269953,tvm
8,2,1,1,1792,128,[8; 2; 1; 1; 1792; 128],0.028782894762116484,0.24287017426292518,tvm
2048,2,1,1,112,16,[2048; 2; 1; 1; 112; 16],0.17044186097336933,0.041014024528627374,tvm
512,32,8,1,7168,64,[512; 32; 8; 1; 7168; 64],0.37254142499295995,0.018764374100943993,tvm
4096,1,2,1,896,16,[4096; 1; 2; 1; 896; 16],0.35994533804478124,0.01942102293820227,tvm
128,64,64,1,64,64,[128; 64; 64; 1; 64; 64],0.03217380873684306,0.2172732088962056,tvm
1024,2,16,1,448,16,[1024; 2; 16; 1; 448; 16],0.12528167199343443,0.05579831874396611,tvm
128,16,2,1,7168,64,[128; 16; 2; 1; 7168; 64],0.28169235901441425,0.024816103252232557,tvm
16,2,4,1,1792,16,[16; 2; 4; 1; 1792; 16],0.028796591257560067,0.24275465815181946,tvm
512,64,8,1,256,16,[512; 64; 8; 1; 256; 16],0.19911539397435263,0.03510781626239853,tvm
256,32,8,1,512,128,[256; 32; 8; 1; 512; 128],0.10797914699651301,0.06473941368412933,tvm
2048,4,2,1,896,64,[2048; 4; 2; 1; 896; 64],0.22414041502634063,0.031188068719535268,tvm
16,2,32,1,512,64,[16; 2; 32; 1; 512; 64],0.016669819749949966,0.41935106507001363,tvm
128,16,8,1,1024,64,[128; 16; 8; 1; 1024; 64],0.03703123550803866,0.1887732496840183,tvm
64,4,16,1,7168,16,[64; 4; 16; 1; 7168; 16],0.26167292799800634,0.026714672855725933,tvm
512,32,64,1,3584,16,[512; 32; 64; 1; 3584; 16],0.24635180202312768,0.028376113384428962,tvm
256,1,8,1,1024,128,[256; 1; 8; 1; 1024; 128],0.10600486298790202,0.06594515071883514,tvm
512,2,8,1,14336,64,[512; 2; 8; 1; 14336; 64],0.7350539359613322,0.009510195544391187,tvm
32,4,1,1,7168,128,[32; 4; 1; 1; 7168; 128],0.13833683403208852,0.05053250434403576,tvm
256,64,64,1,1024,16,[256; 64; 64; 1; 1024; 16],0.14168116101063788,0.04933970484715182,tvm
512,1,2,1,112,16,[512; 1; 2; 1; 112; 16],0.16672707599354908,0.041927843003359215,tvm
256,2,4,1,1024,64,[256; 2; 4; 1; 1024; 64],0.10776074300520122,0.06487062423399642,tvm
512,1,16,1,14336,64,[512; 1; 16; 1; 14336; 64],0.7486545139690861,0.009337426725186783,tvm
1024,2,16,1,2048,128,[1024; 2; 16; 1; 2048; 128],0.12844908103579655,0.05442239532035681,tvm
4096,64,4,1,512,64,[4096; 64; 4; 1; 512; 64],0.36714456701884046,0.019040201856801386,tvm
32,8,64,1,16,16,[32; 8; 64; 1; 16; 16],0.030663304001791403,0.22797630243167108,tvm
256,32,64,1,128,128,[256; 32; 64; 1; 128; 128],0.1352397939772345,0.0516897169175177,tvm
32,32,1,1,3584,128,[32; 32; 1; 1; 3584; 128],0.051928608503658324,0.13461763887191763,tvm
1024,1,2,1,896,128,[1024; 1; 2; 1; 896; 128],0.10487482300959527,0.06665571837033839,tvm
128,4,1,1,512,64,[128; 4; 1; 1; 512; 64],0.03815413825213909,0.18321752205410505,tvm
32,16,4,1,7168,128,[32; 16; 4; 1; 7168; 128],0.12476178299402818,0.05603083331216317,tvm
1024,1,2,1,14336,64,[1024; 1; 2; 1; 14336; 64],1.7177246899809688,0.00406963159314204,tvm
4096,32,16,1,128,64,[4096; 32; 16; 1; 128; 64],0.25500718801049516,0.02741297890935907,tvm
512,8,16,1,1792,128,[512; 8; 16; 1; 1792; 128],0.09692199999699369,0.07212507652425143,tvm
64,16,4,1,7168,16,[64; 16; 4; 1; 7168; 16],0.26092500204686075,0.02679124887162484,tvm
256,2,2,1,1024,128,[256; 2; 2; 1; 1024; 128],0.10724743397440761,0.06518110883972111,tvm
4,4,2,1,1024,64,[4; 4; 2; 1; 1024; 64],0.01989672462514136,0.35133956962109797,tvm
16,16,4,1,14336,64,[16; 16; 4; 1; 14336; 64],0.2150183659978211,0.03251120728327694,tvm
512,4,4,1,512,64,[512; 4; 4; 1; 512; 64],0.10767479799687862,0.06492240335449075,tvm
64,8,1,1,448,16,[64; 8; 1; 1; 448; 16],0.057427312509389594,0.1217279089200577,tvm
32,4,1,1,1024,64,[32; 4; 1; 1; 1024; 64],0.031181580750853755,0.22418705204595074,tvm
2048,4,64,1,3584,16,[2048; 4; 64; 1; 3584; 16],0.45337055902928114,0.015418969157666856,tvm
512,2,32,1,7168,64,[512; 2; 32; 1; 7168; 64],0.4490959130343981,0.015565732093694728,tvm
4096,2,32,1,448,64,[4096; 2; 32; 1; 448; 64],0.24369120399933308,0.028685921165565738,tvm
128,16,64,1,2048,16,[128; 16; 64; 1; 2048; 16],0.06992386700585485,0.09997311313004671,tvm
1024,16,64,1,32,16,[1024; 16; 64; 1; 32; 16],0.20765519700944424,0.03366401018294156,tvm
1,1,8,1,448,16,[1; 1; 8; 1; 448; 16],0.05216301800101064,0.1340126958630198,tvm
2048,2,16,1,512,128,[2048; 2; 16; 1; 512; 128],0.19092385401017964,0.03661410829415767,tvm
16,2,32,1,128,16,[16; 2; 32; 1; 128; 16],0.022439318119722884,0.3115293713191048,tvm
128,1,1,1,1792,64,[128; 1; 1; 1; 1792; 64],0.03571829650900327,0.1957122077449751,tvm
4096,1,1,1,128,16,[4096; 1; 1; 1; 128; 16],0.2755501359933987,0.025369273150473555,tvm
16,2,1,1,1024,64,[16; 2; 1; 1; 1024; 64],0.03358745948935393,0.20812847333340043,tvm
2048,32,64,1,896,16,[2048; 32; 64; 1; 896; 16],0.2506655440083705,0.027887784475209853,tvm
2048,64,16,1,512,128,[2048; 64; 16; 1; 512; 128],0.20033748698187992,0.03489365256587721,tvm
2048,64,1,1,7168,16,[2048; 64; 1; 1; 7168; 16],1.2768130259937607,0.005474965029610237,tvm
256,8,2,1,2048,16,[256; 8; 2; 1; 2048; 16],0.1371925200219266,0.0509539927216835,tvm
256,1,2,1,14336,16,[256; 1; 2; 1; 14336; 16],0.9548354010330513,0.007321164107555636,tvm
512,64,16,1,14336,64,[512; 64; 16; 1; 14336; 64],0.7497955280123278,0.00932321733792967,tvm
8,4,1,1,128,16,[8; 4; 1; 1; 128; 16],0.019152316250256263,0.3649953653294093,tvm
32,32,4,1,7168,64,[32; 32; 4; 1; 7168; 64],0.10599787201499566,0.06594950005862109,tvm
256,2,32,1,7168,128,[256; 2; 32; 1; 7168; 128],0.41231171099934727,0.016954421812864134,tvm
128,64,2,1,512,16,[128; 64; 2; 1; 512; 16],0.07111893247929402,0.09829318892971184,tvm
4,2,1,1,64,64,[4; 2; 1; 1; 64; 64],0.018149796378565952,0.38515620345593093,tvm
64,8,1,1,896,16,[64; 8; 1; 1; 896; 16],0.05715870048152283,0.12229995797273985,tvm
2048,8,16,1,1024,64,[2048; 8; 16; 1; 1024; 64],0.1902966359630227,0.036734788459555426,tvm
64,16,1,1,448,16,[64; 16; 1; 1; 448; 16],0.058021712000481784,0.12048087561788286,tvm
128,8,64,1,256,128,[128; 8; 64; 1; 256; 128],0.032886959495954216,0.21256165890089795,tvm
2048,64,16,1,256,128,[2048; 64; 16; 1; 256; 128],0.15185577498050407,0.04603385460687379,tvm
32,16,64,1,128,16,[32; 16; 64; 1; 128; 16],0.02989619151048828,0.23382599299359702,tvm
32,32,2,1,1792,64,[32; 32; 2; 1; 1792; 64],0.029796056493069045,0.23461180738104556,tvm
32,32,16,1,3584,128,[32; 32; 16; 1; 3584; 128],0.03308882375131361,0.2112648886888627,tvm
16,1,16,1,512,16,[16; 1; 16; 1; 512; 16],0.026396762754302472,0.26482439273835834,tvm
8,2,32,1,3584,128,[8; 2; 32; 1; 3584; 128],0.03037124199909158,0.23016861367986718,tvm
4096,4,4,1,448,64,[4096; 4; 4; 1; 448; 64],0.23069537698756903,0.030301893162962466,tvm
2048,4,32,1,3584,16,[2048; 4; 32; 1; 3584; 16],0.4178163059987128,0.01673105277678704,tvm
64,32,2,1,1024,16,[64; 32; 2; 1; 1024; 16],0.07223615152179264,0.0967729664357566,tvm
256,8,64,1,1792,128,[256; 8; 64; 1; 1792; 128],0.10554024501470849,0.06623545990150434,tvm
4096,64,64,1,128,16,[4096; 64; 64; 1; 128; 16],0.3632797079626471,0.019242766698616263,tvm
2048,32,32,1,64,64,[2048; 32; 32; 1; 64; 64],0.18437925598118454,0.03791373725567062,tvm
512,2,32,1,1792,16,[512; 2; 32; 1; 1792; 16],0.12720799900125712,0.054953357662654405,tvm
4096,32,1,1,7168,16,[4096; 32; 1; 1; 7168; 16],1.2950830290210433,0.0053977285703070395,tvm
256,16,4,1,3584,16,[256; 16; 4; 1; 3584; 16],0.23854962998302653,0.029304202514017986,tvm
64,32,8,1,128,128,[64; 32; 8; 1; 128; 128],0.027248304249951616,0.2565483195776882,tvm
2,1,8,1,1792,16,[2; 1; 8; 1; 1792; 16],0.030623019745689817,0.22827620282779523,tvm
256,2,1,1,7168,16,[256; 2; 1; 1; 7168; 16],0.48145740100881085,0.01451947078187866,tvm
512,16,64,1,16,16,[512; 16; 64; 1; 16; 16],0.17734740301966667,0.03941702301607126,tvm
64,8,1,1,64,64,[64; 8; 1; 1; 64; 64],0.030606569751398638,0.22839889355282028,tvm
32,32,8,1,512,16,[32; 32; 8; 1; 512; 16],0.03487426474748645,0.20044886156834332,tvm
64,32,16,1,896,128,[64; 32; 16; 1; 896; 128],0.025382600753800943,0.2754054533052475,tvm
4096,64,4,1,14336,128,[4096; 64; 4; 1; 14336; 128],1.9239220860181376,0.003633466613575101,tvm
4096,16,32,1,2048,128,[4096; 16; 32; 1; 2048; 128],0.26776904199505225,0.026106478234312967,tvm
512,8,8,1,14336,64,[512; 8; 8; 1; 14336; 64],0.7594286639941856,0.00920495498537067,tvm
256,32,64,1,1024,64,[256; 32; 64; 1; 1024; 64],0.11173345701536164,0.06256413122262545,tvm
4096,64,32,1,128,16,[4096; 64; 32; 1; 128; 16],0.37507776101119816,0.018637486391676422,tvm
512,1,2,1,14336,16,[512; 1; 2; 1; 14336; 16],0.9825023590237834,0.007115002424637891,tvm
64,2,1,1,256,128,[64; 2; 1; 1; 256; 128],0.027556461995118298,0.2536793971557399,tvm
512,8,2,1,1792,16,[512; 8; 2; 1; 1792; 16],0.12435622903285548,0.05621356260987733,tvm
128,1,16,1,3584,128,[128; 1; 16; 1; 3584; 128],0.06085187598364428,0.11487742248974493,tvm
32,1,2,1,1792,64,[32; 1; 2; 1; 1792; 64],0.0267720135016134,0.26111247352558625,tvm
64,4,8,1,512,16,[64; 4; 8; 1; 512; 16],0.0668140230118297,0.10462633967466632,tvm
512,64,2,1,2048,64,[512; 64; 2; 1; 2048; 64],0.10980127600487322,0.06366507677339207,tvm
2048,16,64,1,1024,16,[2048; 16; 64; 1; 1024; 16],0.2514509679749608,0.02780067510960138,tvm
16,8,16,1,512,16,[16; 8; 16; 1; 512; 16],0.02541198124527,0.27508703863725026,tvm
128,2,64,1,64,16,[128; 2; 64; 1; 64; 16],0.06213741301326081,0.11250076769650541,tvm
256,1,1,1,448,16,[256; 1; 1; 1; 448; 16],0.12433988600969315,0.05622095122494892,tvm
64,4,1,1,512,128,[64; 4; 1; 1; 512; 128],0.029740943500655703,0.23504656691582584,tvm
256,32,8,1,3584,64,[256; 32; 8; 1; 3584; 64],0.18456341401906684,0.03787590679236402,tvm
64,8,2,1,1024,64,[64; 8; 2; 1; 1024; 64],0.03287109200027771,0.21266426642009967,tvm
4,1,1,1,1024,16,[4; 1; 1; 1; 1024; 16],0.030218591506127268,0.2313313201659064,tvm
32,8,16,1,896,16,[32; 8; 16; 1; 896; 16],0.028212292250827886,0.24778230015895045,tvm
1024,32,2,1,7168,128,[1024; 32; 2; 1; 7168; 128],0.8049155400367454,0.008684770412492647,tvm
1024,1,2,1,2048,128,[1024; 1; 2; 1; 2048; 128],0.21058617398375645,0.033195468317905236,tvm
2048,16,64,1,16,16,[2048; 16; 64; 1; 16; 16],0.25751404103357345,0.02714611847419721,tvm
1024,32,4,1,1792,16,[1024; 32; 4; 1; 1792; 16],0.17658022796967998,0.03958827523921299,tvm
512,4,32,1,2048,64,[512; 4; 32; 1; 2048; 64],0.1171650179894641,0.05966376984037401,tvm
16,1,4,1,128,16,[16; 1; 4; 1; 128; 16],0.03783001325791702,0.18478731738756932,tvm
64,4,2,1,14336,64,[64; 4; 2; 1; 14336; 64],0.48875480599235743,0.014302686297832488,tvm
4096,1,8,1,2048,128,[4096; 1; 8; 1; 2048; 128],0.2827445919974707,0.024723750213157748,tvm
4,4,16,1,256,128,[4; 4; 16; 1; 256; 128],0.019299345003673807,0.3622147106720959,tvm
512,64,32,1,128,16,[512; 64; 32; 1; 128; 16],0.1886348839616403,0.03705839831877658,tvm
128,4,4,1,1024,64,[128; 4; 4; 1; 1024; 64],0.038582090244744904,0.18118527592264944,tvm
512,16,4,1,128,64,[512; 16; 4; 1; 128; 64],0.11616380099439994,0.060178012486038296,tvm
1024,2,2,1,32,16,[1024; 2; 2; 1; 32; 16],0.15718017402105033,0.04447448102284493,tvm
32,4,64,1,128,64,[32; 4; 64; 1; 128; 64],0.03121419450326357,0.22395281306829112,tvm
32,1,1,1,128,64,[32; 1; 1; 1; 128; 64],0.03048326075077057,0.2293227986277668,tvm
32,32,8,1,1792,64,[32; 32; 8; 1; 1792; 64],0.018251177374622785,0.3830167513678633,tvm
64,16,64,1,1024,16,[64; 16; 64; 1; 1024; 16],0.045124388750991784,0.15491637360989235,tvm
128,16,1,1,256,64,[128; 16; 1; 1; 256; 64],0.03519632124516647,0.19861469663187248,tvm
2,1,16,1,1792,64,[2; 1; 16; 1; 1792; 64],0.028554838994750753,0.24480987856214964,tvm
1024,32,64,1,224,16,[1024; 32; 64; 1; 224; 16],0.17383778397925198,0.04021281511216804,tvm
1024,16,64,1,128,128,[1024; 16; 64; 1; 128; 128],0.14268647698918357,0.048992075592395386,tvm
4,1,8,1,112,16,[4; 1; 8; 1; 112; 16],0.02312840100057656,0.3022477285175228,tvm
256,32,2,1,256,64,[256; 32; 2; 1; 256; 64],0.1307837279746309,0.053450890068087585,tvm
32,16,64,1,256,128,[32; 16; 64; 1; 256; 128],0.027289650999591686,0.25615962134404946,tvm
128,2,1,1,3584,128,[128; 2; 1; 1; 3584; 128],0.16713951103156433,0.0418243814614637,tvm
1024,64,1,1,256,64,[1024; 64; 1; 1; 256; 64],0.1420653599780053,0.04920627144962674,tvm
256,8,32,1,7168,128,[256; 8; 32; 1; 7168; 128],0.40825861401390284,0.01712274138673437,tvm
256,16,8,1,128,16,[256; 16; 8; 1; 128; 16],0.1731562259956263,0.04037109625410314,tvm
2048,4,1,1,32,16,[2048; 4; 1; 1; 32; 16],0.193338478973601,0.03615683077563246,tvm
128,4,16,1,1024,128,[128; 4; 16; 1; 1024; 128],0.033662207002635114,0.20766632045603672,tvm
8,2,16,1,7168,128,[8; 2; 16; 1; 7168; 128],0.0727830349933356,0.09604582533974784,tvm
256,4,8,1,1024,64,[256; 4; 8; 1; 1024; 64],0.10769308899762109,0.06491137668844363,tvm
32,32,16,1,128,128,[32; 32; 16; 1; 128; 128],0.01413806012715213,0.4944459567859247,tvm
1024,64,4,1,112,16,[1024; 64; 4; 1; 112; 16],0.15324856800725684,0.04561547789690043,tvm
64,16,32,1,64,16,[64; 16; 32; 1; 64; 16],0.04032144400116522,0.17336945240514337,tvm
4096,1,16,1,512,128,[4096; 1; 16; 1; 512; 128],0.2942667360184714,0.02375568085353645,tvm
16,8,8,1,448,64,[16; 8; 8; 1; 448; 64],0.01801629224792123,0.38801028371824126,tvm
2,2,4,1,448,16,[2; 2; 4; 1; 448; 16],0.027165298743057065,0.2573322212572136,tvm
4096,32,4,1,3584,128,[4096; 32; 4; 1; 3584; 128],0.5088865229627118,0.01373686735889229,tvm
32,32,2,1,896,128,[32; 32; 2; 1; 896; 128],0.030372146487934515,0.2301617592106531,tvm
16,2,64,1,2048,64,[16; 2; 64; 1; 2048; 64],0.015926010499242693,0.43893645976178886,tvm
256,32,1,1,14336,64,[256; 32; 1; 1; 14336; 64],0.752282514993567,0.009292395512776799,tvm
2048,16,64,1,1792,16,[2048; 16; 64; 1; 1792; 16],0.22556723898742348,0.030990788813336598,tvm
4096,2,32,1,14336,128,[4096; 2; 32; 1; 14336; 128],1.2376687619835138,0.00564812402266947,tvm
64,2,1,1,14336,16,[64; 2; 1; 1; 14336; 16],0.9168266479973681,0.007624676575376695,tvm
256,8,2,1,64,64,[256; 8; 2; 1; 64; 64],0.12154843501048163,0.057512107548434055,tvm
512,8,4,1,1024,128,[512; 8; 4; 1; 1024; 128],0.10815555800218135,0.06463381813929228,tvm
1024,32,64,1,32,16,[1024; 32; 64; 1; 32; 16],0.18855068495031446,0.03707494708125168,tvm
128,4,4,1,896,16,[128; 4; 4; 1; 896; 16],0.06364200499956496,0.10984108163648289,tvm
4096,1,32,1,128,64,[4096; 1; 32; 1; 128; 64],0.23132855299627408,0.030218952983202468,tvm
2048,4,2,1,2048,64,[2048; 4; 2; 1; 2048; 64],0.3298716480494477,0.02119159590708078,tvm
32,4,16,1,896,16,[32; 4; 16; 1; 896; 16],0.028123134499765,0.24856783537855925,tvm
16,8,8,1,3584,64,[16; 8; 8; 1; 3584; 64],0.03366296699095983,0.207661632099867,tvm
64,4,4,1,14336,16,[64; 4; 4; 1; 14336; 16],0.6068763889488764,0.01151883117215086,tvm
128,8,4,1,1024,16,[128; 8; 4; 1; 1024; 16],0.07319571997504681,0.09550430911875453,tvm
32,8,2,1,128,64,[32; 8; 2; 1; 128; 64],0.030256416255724616,0.23104212367993315,tvm
1,1,2,1,2048,64,[1; 1; 2; 1; 2048; 64],0.05900062349974178,0.11848191174958111,tvm
16,2,64,1,512,16,[16; 2; 64; 1; 512; 16],0.028615785500733182,0.24428847729822264,tvm
16,1,2,1,112,16,[16; 1; 2; 1; 112; 16],0.03260037675499916,0.21443024168715152,tvm
1024,1,16,1,7168,128,[1024; 1; 16; 1; 7168; 128],0.475294356001541,0.014707741799155726,tvm
512,4,4,1,128,64,[512; 4; 4; 1; 128; 64],0.14106435101712123,0.0495554448467155,tvm
64,16,2,1,256,16,[64; 16; 2; 1; 256; 16],0.06428721550037153,0.10873867552447138,tvm
64,16,8,1,128,64,[64; 16; 8; 1; 128; 64],0.030084699494182132,0.23236086064341482,tvm
32,16,64,1,512,16,[32; 16; 64; 1; 512; 16],0.03540696825075429,0.19743307636958568,tvm
64,32,4,1,64,16,[64; 32; 4; 1; 64; 16],0.05039517700788565,0.1387138032191616,tvm
128,2,64,1,32,16,[128; 2; 64; 1; 32; 16],0.061671741015743464,0.11335024034560888,tvm
512,64,4,1,64,64,[512; 64; 4; 1; 64; 64],0.12304123002104461,0.056814343171561525,tvm
1024,16,32,1,3584,64,[1024; 16; 32; 1; 3584; 64],0.24530527595197782,0.028497172103363822,tvm
2,2,32,1,448,64,[2; 2; 32; 1; 448; 64],0.029910588506027125,0.23371344449668874,tvm
2048,64,4,1,1024,64,[2048; 64; 4; 1; 1024; 64],0.25542607600800693,0.027368022779504834,tvm
512,32,64,1,256,128,[512; 32; 64; 1; 256; 128],0.12938699196092784,0.05402789384560121,tvm
256,4,4,1,112,16,[256; 4; 4; 1; 112; 16],0.1708651320077479,0.040912423643869496,tvm
2,1,1,1,3584,128,[2; 1; 1; 1; 3584; 128],0.08624409500043839,0.0810549019806067,tvm
16,4,1,1,1024,64,[16; 4; 1; 1; 1024; 64],0.03441799026040826,0.20310618411406764,tvm
128,16,1,1,14336,128,[128; 16; 1; 1; 14336; 128],0.7366387560032308,0.009489735110591991,tvm
4096,16,8,1,512,128,[4096; 16; 8; 1; 512; 128],0.30857672001002356,0.02265403127766603,tvm
32,1,64,1,128,64,[32; 1; 64; 1; 128; 64],0.03137007424084004,0.22283997841375439,tvm
512,8,16,1,448,16,[512; 8; 16; 1; 448; 16],0.12354293296812102,0.056583622379035595,tvm
512,1,16,1,256,128,[512; 1; 16; 1; 256; 128],0.1314711719751358,0.05317140299006942,tvm
2048,2,8,1,112,16,[2048; 2; 8; 1; 112; 16],0.17247452697483823,0.0405306614795731,tvm
16,4,32,1,128,16,[16; 4; 32; 1; 128; 16],0.022294063623121474,0.3135591063540663,tvm
32,2,32,1,3584,64,[32; 2; 32; 1; 3584; 64],0.05622381149441935,0.1243335604766057,tvm
64,2,16,1,896,16,[64; 2; 16; 1; 896; 16],0.06008351349737495,0.11634650272195021,tvm
1024,64,32,1,14336,128,[1024; 64; 32; 1; 14336; 128],0.8026061799610034,0.008709759333034688,tvm
256,4,32,1,14336,16,[256; 4; 32; 1; 14336; 16],0.961646577983629,0.0072693095641480805,tvm
512,2,64,1,1024,128,[512; 2; 64; 1; 1024; 128],0.10959293105406687,0.06378610918999832,tvm
2048,32,16,1,14336,128,[2048; 32; 16; 1; 14336; 128],1.0647408399963751,0.006565453680437829,tvm
64,4,2,1,448,64,[64; 4; 2; 1; 448; 64],0.028955192741705105,0.24142497440875305,tvm
128,4,2,1,1024,16,[128; 4; 2; 1; 1024; 16],0.07383485999889672,0.09467759086657877,tvm
16,16,2,1,448,64,[16; 16; 2; 1; 448; 64],0.02756938674428966,0.25356047022390094,tvm
128,2,32,1,128,16,[128; 2; 32; 1; 128; 16],0.061871264508226886,0.11298470658761393,tvm
16,16,4,1,32,16,[16; 16; 4; 1; 32; 16],0.023364798253169283,0.29918968659266937,tvm
256,64,2,1,7168,16,[256; 64; 2; 1; 7168; 16],0.47676437604241073,0.014662393035097119,tvm
512,1,32,1,128,64,[512; 1; 32; 1; 128; 64],0.14247190102469176,0.04906586222538818,tvm
2048,16,1,1,3584,16,[2048; 16; 1; 1; 3584; 16],0.6284356390242465,0.011123663638046724,tvm
1024,16,16,1,64,64,[1024; 16; 16; 1; 64; 64],0.17111743905115873,0.04085209961900333,tvm
256,32,64,1,7168,128,[256; 32; 64; 1; 7168; 128],0.43608699296601117,0.01603007376835821,tvm
64,16,1,1,3584,128,[64; 16; 1; 1; 3584; 128],0.07135142947663553,0.09797290282678571,tvm
8,4,8,1,7168,16,[8; 4; 8; 1; 7168; 16],0.12687201297376305,0.05509888668758092,tvm
2048,1,8,1,1024,16,[2048; 1; 8; 1; 1024; 16],0.22662317397771403,0.0308463893783171,tvm
32,4,64,1,2048,64,[32; 4; 64; 1; 2048; 64],0.031237611750839278,0.22378492704324135,tvm
4096,1,4,1,128,128,[4096; 1; 4; 1; 128; 128],0.1969009920139797,0.0355026482861516,tvm
2048,32,8,1,256,128,[2048; 32; 8; 1; 256; 128],0.1476463630096987,0.04734628421702111,tvm
8,2,4,1,3584,16,[8; 2; 4; 1; 3584; 16],0.04459842573851347,0.15674335026202363,tvm
512,32,8,1,14336,16,[512; 32; 8; 1; 14336; 16],0.9767391830100678,0.007156983960778209,tvm
512,1,8,1,896,16,[512; 1; 8; 1; 896; 16],0.12355017702793702,0.056580304737936404,tvm
512,2,8,1,112,16,[512; 2; 8; 1; 112; 16],0.18360385700361803,0.03807385520517096,tvm
4096,32,4,1,7168,16,[4096; 32; 4; 1; 7168; 16],1.254768690036144,0.005571151657016006,tvm
64,8,1,1,14336,128,[64; 8; 1; 1; 14336; 128],0.7428694629925303,0.00941014137060707,tvm
32,2,64,1,256,16,[32; 2; 64; 1; 256; 16],0.029356228740653023,0.2381268632433733,tvm
64,4,16,1,448,16,[64; 4; 16; 1; 448; 16],0.0609354890184477,0.11471979267369711,tvm
8,1,1,1,1792,128,[8; 1; 1; 1; 1792; 128],0.02897546874010004,0.24125603383224273,tvm
16,2,4,1,256,16,[16; 2; 4; 1; 256; 16],0.031318840992753394,0.22320451348388473,tvm
256,1,4,1,2048,64,[256; 1; 4; 1; 2048; 64],0.10809513600543141,0.0646699465396428,tvm
1024,1,1,1,3584,128,[1024; 1; 1; 1; 3584; 128],0.3204835429787636,0.02181237327100407,tvm
16,2,16,1,112,16,[16; 2; 16; 1; 112; 16],0.02336857662157854,0.2991413118508739,tvm
4,4,64,1,1792,128,[4; 4; 64; 1; 1792; 128],0.017076703254133463,0.40935926347344564,tvm
4096,2,8,1,128,16,[4096; 2; 8; 1; 128; 16],0.39586347999284044,0.017658882468251674,tvm
2048,4,16,1,14336,128,[2048; 4; 16; 1; 14336; 128],1.146622879023198,0.0060966049034551295,tvm
64,4,8,1,224,16,[64; 4; 8; 1; 224; 16],0.05920425447402522,0.11807439733463114,tvm
64,4,4,1,3584,16,[64; 4; 4; 1; 3584; 16],0.13020717300241813,0.05368756962826344,tvm
1024,64,32,1,3584,16,[1024; 64; 32; 1; 3584; 16],0.26115647598635405,0.026767502663927564,tvm
128,1,16,1,896,64,[128; 1; 16; 1; 896; 64],0.03083466150565073,0.22670936943431644,tvm
512,2,16,1,64,64,[512; 2; 16; 1; 64; 64],0.12001858197618276,0.058245202964103564,tvm
256,16,16,1,448,64,[256; 16; 16; 1; 448; 64],0.09532099301577546,0.07333648596704978,tvm
2048,32,4,1,448,64,[2048; 32; 4; 1; 448; 64],0.11096199904568493,0.06299910534045586,tvm
256,4,16,1,512,16,[256; 4; 16; 1; 512; 16],0.13851457700366154,0.05046766064543429,tvm
512,16,8,1,3584,16,[512; 16; 8; 1; 3584; 16],0.24287208099849522,0.028782668793907104,tvm
32,16,16,1,3584,128,[32; 16; 16; 1; 3584; 128],0.051073884998913854,0.13687047043347747,tvm
1,1,2,1,448,16,[1; 1; 2; 1; 448; 16],0.05114929800038226,0.13666867268861488,tvm
16,4,1,1,512,16,[16; 4; 1; 1; 512; 16],0.03366739899502136,0.207634295352023,tvm
256,8,8,1,1792,16,[256; 8; 8; 1; 1792; 16],0.12381947803078219,0.056457245482239786,tvm
8,4,32,1,1792,16,[8; 4; 32; 1; 1792; 16],0.020960805624781642,0.3335037207921959,tvm
16,8,1,1,896,64,[16; 8; 1; 1; 896; 64],0.02887684275628999,0.2420800198160163,tvm
8,1,64,1,14336,128,[8; 1; 64; 1; 14336; 128],0.18442155700176954,0.03790504093076056,tvm
256,16,4,1,256,128,[256; 16; 4; 1; 256; 128],0.1243286479730159,0.05622603302324879,tvm
2048,32,8,1,896,16,[2048; 32; 8; 1; 896; 16],0.17543222499080002,0.039847335157684176,tvm
1024,2,2,1,512,64,[1024; 2; 2; 1; 512; 64],0.1957488500047475,0.035711610395142174,tvm
512,64,2,1,256,64,[512; 64; 2; 1; 256; 64],0.14489562500966713,0.04824511896891487,tvm
16,16,4,1,256,16,[16; 16; 4; 1; 256; 16],0.022896378744917456,0.3053105796574238,tvm
1024,1,4,1,64,64,[1024; 1; 4; 1; 64; 64],0.1663782019750215,0.04201576038017382,tvm
512,8,32,1,1792,64,[512; 8; 32; 1; 1792; 64],0.09811999250086956,0.07124446800793137,tvm
2,2,4,1,896,128,[2; 2; 4; 1; 896; 128],0.027651953758322634,0.25280335443070373,tvm
4096,2,64,1,112,16,[4096; 2; 64; 1; 112; 16],0.42321021505631506,0.016517811758717745,tvm
128,4,16,1,448,16,[128; 4; 16; 1; 448; 16],0.06371439600479789,0.1097162824260354,tvm
16,8,4,1,128,16,[16; 8; 4; 1; 128; 16],0.033485066262073815,0.20876490468780476,tvm
512,64,64,1,256,64,[512; 64; 64; 1; 256; 64],0.1452880940050818,0.048114793676226196,tvm
64,4,16,1,448,64,[64; 4; 16; 1; 448; 64],0.028428108504158445,0.24590122363027073,tvm
16,2,2,1,7168,128,[16; 2; 2; 1; 7168; 128],0.11284530797274783,0.061947694523150895,tvm
1024,32,2,1,1792,16,[1024; 32; 2; 1; 1792; 16],0.23028120899107307,0.03035639207078184,tvm
2048,16,16,1,512,16,[2048; 16; 16; 1; 512; 16],0.23217797902179882,0.03010839656766217,tvm
512,64,8,1,32,16,[512; 64; 8; 1; 32; 16],0.17620536702452227,0.03967249570606897,tvm
128,1,2,1,1792,128,[128; 1; 2; 1; 1792; 128],0.032577404752373695,0.21458144747264793,tvm
2,2,2,1,512,128,[2; 2; 2; 1; 512; 128],0.03118034399813041,0.2241959443130525,tvm
16,1,1,1,256,16,[16; 1; 1; 1; 256; 16],0.031653526253649034,0.22084448382305583,tvm
128,4,32,1,14336,64,[128; 4; 32; 1; 14336; 64],0.23890535003738478,0.029260569784530847,tvm
8,4,1,1,1024,16,[8; 4; 1; 1; 1024; 16],0.02203609899879666,0.3172297722499977,tvm
256,2,1,1,3584,16,[256; 2; 1; 1; 3584; 16],0.24291249201633036,0.028777880497791418,tvm
128,4,32,1,1792,16,[128; 4; 32; 1; 1792; 16],0.06188422249397263,0.11296104863153973,tvm
4096,8,16,1,448,16,[4096; 8; 16; 1; 448; 16],0.378126383991912,0.018487222692231367,tvm
64,4,1,1,128,64,[64; 4; 1; 1; 128; 64],0.029732116498053074,0.23511634858300184,tvm
128,16,1,1,1792,16,[128; 16; 1; 1; 1792; 16],0.06487404249492101,0.10775506501254263,tvm
32,4,8,1,1024,128,[32; 4; 8; 1; 1024; 128],0.028004322259221226,0.24962241906657257,tvm
32,16,32,1,128,128,[32; 16; 32; 1; 128; 128],0.028120660994318314,0.2485896995123648,tvm
64,8,64,1,448,16,[64; 8; 64; 1; 448; 16],0.03962763599702157,0.17640483694742923,tvm
256,64,4,1,1792,128,[256; 64; 4; 1; 1792; 128],0.09495491749839857,0.07361921689610823,tvm
256,64,32,1,512,128,[256; 64; 32; 1; 512; 128],0.1081404669675976,0.06464283780798959,tvm
8,8,1,1,64,16,[8; 8; 1; 1; 64; 16],0.01667239500238793,0.4192862912416267,tvm
8,1,64,1,3584,16,[8; 1; 64; 1; 3584; 16],0.0494364170008339,0.141403991040628,tvm
128,1,16,1,1792,64,[128; 1; 16; 1; 1792; 64],0.030556761994375847,0.22877118550562756,tvm
128,2,2,1,14336,64,[128; 2; 2; 1; 14336; 64],0.5638866749941371,0.012397006307587156,tvm
64,1,8,1,256,128,[64; 1; 8; 1; 256; 128],0.026734901504823938,0.26147493625160084,tvm
32,1,2,1,256,16,[32; 1; 2; 1; 256; 16],0.05367775750346482,0.13023097446303417,tvm
2048,8,1,1,112,16,[2048; 8; 1; 1; 112; 16],0.15086344396695495,0.04633665043599206,tvm
64,16,64,1,2048,16,[64; 16; 64; 1; 2048; 16],0.04718912825046573,0.1481380759899432,tvm
4096,32,16,1,7168,16,[4096; 32; 16; 1; 7168; 16],1.2274660830153152,0.005695071141594586,tvm
128,32,32,1,128,128,[128; 32; 32; 1; 128; 128],0.03260845375189092,0.21437712808634163,tvm
4,2,32,1,14336,16,[4; 2; 32; 1; 14336; 16],0.4293443870265037,0.01628181683026204,tvm
4096,4,4,1,896,64,[4096; 4; 4; 1; 896; 64],0.2929941560141742,0.02385886040105348,tvm
512,2,4,1,448,16,[512; 2; 4; 1; 448; 16],0.12316005397588015,0.056759529092409285,tvm
2048,4,16,1,512,64,[2048; 4; 16; 1; 512; 64],0.18437790597090498,0.037914014859078485,tvm
256,16,16,1,3584,16,[256; 16; 16; 1; 3584; 16],0.24047285004053265,0.02906983747016925,tvm
128,16,8,1,1792,16,[128; 16; 8; 1; 1792; 16],0.06333769901539199,0.11036881312925294,tvm
4096,2,64,1,3584,64,[4096; 2; 64; 1; 3584; 64],0.4363831800292246,0.01601919365040264,tvm
64,2,32,1,3584,128,[64; 2; 32; 1; 3584; 128],0.05280669950298034,0.1323791627286256,tvm
32,1,32,1,32,16,[32; 1; 32; 1; 32; 16],0.056182544998591766,0.12442488439855984,tvm
256,64,32,1,128,128,[256; 64; 32; 1; 128; 128],0.1316429739817977,0.053102011107962706,tvm
2,1,32,1,1792,128,[2; 1; 32; 1; 1792; 128],0.027710277761798352,0.25227125930523314,tvm
128,2,2,1,2048,16,[128; 2; 2; 1; 2048; 16],0.07479656898067333,0.09346025843074356,tvm
512,2,1,1,2048,16,[512; 2; 1; 1; 2048; 16],0.1431834899703972,0.04882201619831962,tvm
2,1,64,1,64,16,[2; 1; 64; 1; 64; 16],0.0415480094961822,0.16825130136039407,tvm
2048,8,16,1,14336,64,[2048; 8; 16; 1; 14336; 64],1.0480760220088996,0.006669846957539982,tvm
1024,16,1,1,512,16,[1024; 16; 1; 1; 512; 16],0.20011511904885992,0.034932426394828624,tvm
64,8,32,1,512,16,[64; 8; 32; 1; 512; 16],0.046117585501633584,0.15158006627252954,tvm
256,64,8,1,896,16,[256; 64; 8; 1; 896; 16],0.12254096998367459,0.05704628148118928,tvm
128,32,1,1,1024,16,[128; 32; 1; 1; 1024; 16],0.07282655499875546,0.09598842986306477,tvm
4,1,4,1,448,64,[4; 1; 4; 1; 448; 64],0.016148066119058058,0.43290054766474007,tvm
128,16,2,1,448,16,[128; 16; 2; 1; 448; 16],0.062218498991569504,0.1123541515781965,tvm
64,16,16,1,32,16,[64; 16; 16; 1; 32; 16],0.042293973005143926,0.1652837548701433,tvm
2,1,2,1,512,16,[2; 1; 2; 1; 512; 16],0.0417750557535328,0.16733686025243663,tvm
8,1,8,1,2048,64,[8; 1; 8; 1; 2048; 64],0.01847913487290498,0.3782918797197857,tvm
64,4,2,1,1792,64,[64; 4; 2; 1; 1792; 64],0.028291591006563976,0.24708778891384328,tvm
512,32,2,1,256,64,[512; 32; 2; 1; 256; 64],0.14354828099021688,0.04869794760651355,tvm
8,8,64,1,1024,64,[8; 8; 64; 1; 1024; 64],0.01724381250096485,0.4053921756731885,tvm
512,2,16,1,7168,16,[512; 2; 16; 1; 7168; 16],0.48222275800071657,0.014496426289893765,tvm
512,8,32,1,1792,16,[512; 8; 32; 1; 1792; 16],0.12524719804059714,0.055813677080430904,tvm
16,1,8,1,224,16,[16; 1; 8; 1; 224; 16],0.023338244747719727,0.299530095010666,tvm
1024,32,16,1,3584,128,[1024; 32; 16; 1; 3584; 128],0.22068749403115362,0.031676043526416786,tvm
8,4,2,1,1792,16,[8; 4; 2; 1; 1792; 16],0.020379230125399772,0.34302113591396216,tvm
32,16,16,1,448,64,[32; 16; 16; 1; 448; 64],0.028104369004722685,0.24873380596063108,tvm
512,64,16,1,1792,128,[512; 64; 16; 1; 1792; 128],0.09898375649936497,0.07062276593545441,tvm
32,16,2,1,2048,16,[32; 16; 2; 1; 2048; 16],0.05648758448660374,0.12375297563528308,tvm
512,2,16,1,128,64,[512; 2; 16; 1; 128; 64],0.14357679395470768,0.04868827666448571,tvm
4,1,32,1,32,16,[4; 1; 32; 1; 32; 16],0.03619706750032492,0.1931235635760802,tvm
2048,64,32,1,3584,128,[2048; 64; 32; 1; 3584; 128],0.2850777130224742,0.024521407136851726,tvm
32,32,1,1,896,64,[32; 32; 1; 1; 896; 64],0.028480538254370913,0.24544854469503688,tvm
4096,4,16,1,128,128,[4096; 4; 16; 1; 128; 128],0.21566306601744145,0.03241401875507659,tvm
256,2,8,1,896,128,[256; 2; 8; 1; 896; 128],0.09486852248664945,0.07368626055760928,tvm
8,1,8,1,1792,128,[8; 1; 8; 1; 1792; 128],0.016706574249838013,0.4184284918097106,tvm
128,32,64,1,3584,128,[128; 32; 64; 1; 3584; 128],0.05476890900172293,0.12763640529057751,tvm
128,2,1,1,1792,64,[128; 2; 1; 1; 1792; 64],0.035675829494721256,0.19594517536588774,tvm
2048,32,4,1,3584,64,[2048; 32; 4; 1; 3584; 64],0.4097780679585412,0.01705925039251716,tvm
64,4,16,1,7168,64,[64; 4; 16; 1; 7168; 64],0.12694067100528628,0.055069085512991785,tvm
1024,2,32,1,1024,128,[1024; 2; 32; 1; 1024; 128],0.12379495898494497,0.05646842750290665,tvm
1024,16,1,1,2048,64,[1024; 16; 1; 1; 2048; 64],0.18652673001633957,0.03747723806692105,tvm
128,2,64,1,14336,16,[128; 2; 64; 1; 14336; 16],0.48699271195800975,0.014354437951567154,tvm
256,2,8,1,64,16,[256; 2; 8; 1; 64; 16],0.16952018800657243,0.04123701577298652,tvm
16,8,1,1,64,16,[16; 8; 1; 1; 64; 16],0.02763375725771766,0.2529698224339121,tvm
4,1,64,1,1792,64,[4; 1; 64; 1; 1792; 64],0.016808747001050506,0.41588505474142584,tvm
256,16,2,1,256,16,[256; 16; 2; 1; 256; 16],0.17276159400353208,0.040463314239412185,tvm
64,64,2,1,512,16,[64; 64; 2; 1; 512; 16],0.07318631501402706,0.09551658210044939,tvm
2,1,32,1,16,16,[2; 1; 32; 1; 16; 16],0.04862534948915709,0.14376259996291588,tvm
128,1,64,1,448,64,[128; 1; 64; 1; 448; 64],0.030674042747705244,0.22789648968555454,tvm
128,1,32,1,112,16,[128; 1; 32; 1; 112; 16],0.06316925250575878,0.11066312152465921,tvm
2048,1,1,1,14336,16,[2048; 1; 1; 1; 14336; 16],2.646916302968748,0.002641000268435463,tvm
256,16,32,1,128,128,[256; 16; 32; 1; 128; 128],0.1550322819966823,0.045090651938002595,tvm
1024,8,32,1,256,64,[1024; 8; 32; 1; 256; 64],0.13606348098255694,0.05137680306417293,tvm
4096,8,1,1,896,64,[4096; 8; 1; 1; 896; 64],0.29910535301314667,0.023371386022500943,tvm
32,1,8,1,128,64,[32; 1; 8; 1; 128; 64],0.031902684742817655,0.2191196986404243,tvm
256,1,8,1,64,64,[256; 1; 8; 1; 64; 64],0.14504236599896103,0.04819630884066481,tvm
64,8,32,1,256,128,[64; 8; 32; 1; 256; 128],0.027136265751323663,0.2576075400619808,tvm
128,8,8,1,112,16,[128; 8; 8; 1; 112; 16],0.061920025502331555,0.11289573300326636,tvm
4,1,64,1,224,16,[4; 1; 64; 1; 224; 16],0.026994710497092456,0.2589583862149438,tvm
512,64,16,1,896,64,[512; 64; 16; 1; 896; 64],0.09724768000887707,0.07188353147374366,tvm
8,8,4,1,1024,16,[8; 8; 4; 1; 1024; 16],0.01964319650141988,0.3558741911562799,tvm
512,8,16,1,128,64,[512; 8; 16; 1; 128; 64],0.12568991200532764,0.0556170861697346,tvm
4,2,2,1,7168,128,[4; 2; 2; 1; 7168; 128],0.13279071397846565,0.052643038486865135,tvm
2048,1,64,1,128,16,[2048; 1; 64; 1; 128; 16],0.2614923630026169,0.026733119798977488,tvm
1024,1,2,1,7168,16,[1024; 1; 2; 1; 7168; 16],0.9839650270296261,0.007104425944659302,tvm
4,1,1,1,448,16,[4; 1; 1; 1; 448; 16],0.02675884825293906,0.2612409398412304,tvm
8,1,16,1,2048,128,[8; 1; 16; 1; 2048; 128],0.016739161750592757,0.4176139027044842,tvm
16,16,32,1,64,16,[16; 16; 32; 1; 64; 16],0.02542030974291265,0.274996911421021,tvm
512,64,8,1,256,64,[512; 64; 8; 1; 256; 64],0.11225198599277064,0.06227512684824014,tvm
512,4,16,1,14336,128,[512; 4; 16; 1; 14336; 128],0.777264992997516,0.008993723800306297,tvm
1024,64,8,1,3584,16,[1024; 64; 8; 1; 3584; 16],0.2983907120069489,0.02342736012005586,tvm
256,8,16,1,14336,64,[256; 8; 16; 1; 14336; 64],0.7260072469944134,0.009628700947003712,tvm
128,4,64,1,256,64,[128; 4; 64; 1; 256; 64],0.03277330574928783,0.21329879628693155,tvm
256,1,4,1,7168,16,[256; 1; 4; 1; 7168; 16],0.4781220490112901,0.014620757777480363,tvm
1024,1,64,1,7168,64,[1024; 1; 64; 1; 7168; 64],0.48252879799110815,0.014487232048677611,tvm
2048,16,8,1,1024,64,[2048; 16; 8; 1; 1024; 64],0.207220281008631,0.03373466454461329,tvm
64,2,1,1,2048,16,[64; 2; 1; 1; 2048; 16],0.0634438400156796,0.11018416705134845,tvm
256,16,32,1,112,16,[256; 16; 32; 1; 112; 16],0.15416315401671454,0.045344860198622744,tvm
128,64,16,1,1024,64,[128; 64; 16; 1; 1024; 64],0.03353135401266627,0.2084767189546251,tvm
1,1,4,1,3584,128,[1; 1; 4; 1; 3584; 128],0.10731429897714406,0.06514049603171256,tvm
512,2,4,1,14336,64,[512; 2; 4; 1; 14336; 64],0.7478116350248456,0.00934795119419934,tvm
1024,2,1,1,32,16,[1024; 2; 1; 1; 32; 16],0.16451115999370813,0.042492598477416516,tvm
256,64,2,1,224,16,[256; 64; 2; 1; 224; 16],0.14145922602619976,0.049417113772218364,tvm
4,2,1,1,896,64,[4; 2; 1; 1; 896; 64],0.01903063462668797,0.3673291408192661,tvm
128,32,64,1,128,16,[128; 32; 64; 1; 128; 16],0.06111297701136209,0.11438661653427545,tvm
2048,16,1,1,32,16,[2048; 16; 1; 1; 32; 16],0.1845252019702457,0.03788375025214102,tvm
512,16,64,1,448,64,[512; 16; 64; 1; 448; 64],0.10227387596387416,0.0683508530481029,tvm
4096,16,16,1,128,128,[4096; 16; 16; 1; 128; 128],0.20037982298526913,0.03488628027773321,tvm
4096,32,4,1,256,128,[4096; 32; 4; 1; 256; 128],0.21548769099172205,0.03244039895965662,tvm
4096,4,1,1,512,64,[4096; 4; 1; 1; 512; 64],0.3509939649957232,0.019916315845350346,tvm
8,4,16,1,14336,128,[8; 4; 16; 1; 14336; 128],0.18122565996600315,0.03857349267194306,tvm
1024,1,64,1,32,16,[1024; 1; 64; 1; 32; 16],0.186733677983284,0.03743570384391209,tvm
4,1,16,1,1792,128,[4; 1; 16; 1; 1792; 128],0.017986974002269562,0.38864272922085824,tvm
2048,16,2,1,2048,128,[2048; 16; 2; 1; 2048; 128],0.31253518402809277,0.02236710304603117,tvm
16,4,1,1,2048,128,[16; 4; 1; 1; 2048; 128],0.030697837748448364,0.22771983890038006,tvm
256,4,8,1,7168,128,[256; 4; 8; 1; 7168; 128],0.3633908869815059,0.01923687939654479,tvm
32,2,32,1,128,16,[32; 2; 32; 1; 128; 16],0.02987864524766337,0.233963307530262,tvm
2048,16,8,1,448,64,[2048; 16; 8; 1; 448; 64],0.13803449599072337,0.050643186085429434,tvm
1,1,64,1,1024,128,[1; 1; 64; 1; 1024; 128],0.09896000448497944,0.07063971655061632,tvm
1024,32,8,1,1024,128,[1024; 32; 8; 1; 1024; 128],0.14470421499572694,0.04830893603806284,tvm
4096,16,2,1,7168,128,[4096; 16; 2; 1; 7168; 128],1.0543979330104776,0.006629856193579244,tvm
16,16,64,1,128,128,[16; 16; 64; 1; 128; 128],0.01453199474781286,0.4810424713179018,tvm
512,2,16,1,896,16,[512; 2; 16; 1; 896; 16],0.12558221095241606,0.05566478415733114,tvm
16,1,2,1,16,16,[16; 1; 2; 1; 16; 16],0.026040867989649996,0.26844368895249804,tvm
512,32,4,1,64,64,[512; 32; 4; 1; 64; 64],0.15678085800027475,0.0445877561574157,tvm
32,32,4,1,256,128,[32; 32; 4; 1; 256; 128],0.023169995249190833,0.3017051402680282,tvm
2048,4,64,1,3584,64,[2048; 4; 64; 1; 3584; 64],0.24723812896991149,0.02827438751373742,tvm
32,8,2,1,128,16,[32; 8; 2; 1; 128; 16],0.05055656150216237,0.1382710069466982,tvm
128,8,4,1,512,64,[128; 8; 4; 1; 512; 64],0.03648884475114755,0.19157928167750007,tvm
128,32,8,1,64,16,[128; 32; 8; 1; 64; 16],0.06187095199129544,0.11298527728569868,tvm
64,4,1,1,3584,64,[64; 4; 1; 1; 3584; 64],0.07641920147580095,0.09147578791281004,tvm
512,4,2,1,3584,128,[512; 4; 2; 1; 3584; 128],0.19326433399692178,0.03617070217817846,tvm
512,4,2,1,896,64,[512; 4; 2; 1; 896; 64],0.09551552799530327,0.07318712269496544,tvm
4096,8,16,1,1792,64,[4096; 8; 16; 1; 1792; 64],0.26010194496484473,0.026876026119725865,tvm
512,64,16,1,512,128,[512; 64; 16; 1; 512; 128],0.10699917300371453,0.06533234295580946,tvm
64,4,64,1,128,64,[64; 4; 64; 1; 128; 64],0.030118377500912175,0.23210103752949343,tvm
1,1,64,1,1024,16,[1; 1; 64; 1; 1024; 16],0.21355497202603146,0.03273399162916494,tvm
512,4,16,1,7168,16,[512; 4; 16; 1; 7168; 16],0.4855562979937531,0.014396902471557692,tvm
8,4,8,1,256,128,[8; 4; 8; 1; 256; 128],0.01781546824349789,0.39238411088173286,tvm
16,4,16,1,112,16,[16; 4; 16; 1; 112; 16],0.02338666687865043,0.298909917473031,tvm
16,8,8,1,2048,64,[16; 8; 8; 1; 2048; 64],0.018616094122990035,0.3755087732411982,tvm
16,16,8,1,512,128,[16; 16; 8; 1; 512; 128],0.019033365373616107,0.367276439528495,tvm
64,8,1,1,2048,16,[64; 8; 1; 1; 2048; 16],0.06514218149823137,0.10731152236368476,tvm
2048,32,2,1,16,16,[2048; 32; 2; 1; 16; 16],0.2674058499978855,0.026141936186968022,tvm
4,4,1,1,896,16,[4; 4; 1; 1; 896; 16],0.019111654626613017,0.36577192311399204,tvm
64,8,2,1,7168,128,[64; 8; 2; 1; 7168; 128],0.24175883701536804,0.02891520638073841,tvm
256,4,16,1,128,16,[256; 4; 16; 1; 128; 16],0.162015147972852,0.0431472411940026,tvm
128,16,1,1,1792,128,[128; 16; 1; 1; 1792; 128],0.033007646750775166,0.2117844607175002,tvm
64,64,32,1,1024,64,[64; 64; 32; 1; 1024; 64],0.02240154474566225,0.3120546706057082,tvm
1024,64,16,1,16,16,[1024; 64; 16; 1; 16; 16],0.1816659600008279,0.038480002894514795,tvm
512,32,8,1,128,128,[512; 32; 8; 1; 128; 128],0.15518472000258043,0.0450463593744953,tvm
256,1,16,1,14336,128,[256; 1; 16; 1; 14336; 128],0.7400726729538292,0.009445702999363122,tvm
256,32,4,1,896,64,[256; 32; 4; 1; 896; 64],0.09519286101567559,0.07343519873318574,tvm
1024,2,8,1,896,128,[1024; 2; 8; 1; 896; 128],0.1007756935141515,0.06936699141331158,tvm
2048,32,4,1,1024,64,[2048; 32; 4; 1; 1024; 64],0.2469196190359071,0.02831085959860527,tvm
32,8,64,1,1792,16,[32; 8; 64; 1; 1792; 16],0.029705301247304305,0.23532859028995845,tvm
2048,64,64,1,112,16,[2048; 64; 64; 1; 112; 16],0.24515369802247733,0.028514791834899144,tvm
16,8,64,1,512,64,[16; 8; 64; 1; 512; 64],0.018098989756254014,0.3862373956121575,tvm
2048,64,64,1,1024,128,[2048; 64; 64; 1; 1024; 128],0.18702009203843772,0.03737837250785828,tvm
4,2,64,1,1792,128,[4; 2; 64; 1; 1792; 128],0.016952346748439595,0.4123621803164284,tvm
1024,64,1,1,14336,16,[1024; 64; 1; 1; 14336; 16],2.616239474969916,0.0026719674301784054,tvm
1024,16,2,1,128,128,[1024; 16; 2; 1; 128; 128],0.15905866696266457,0.04394923458215282,tvm
1024,2,16,1,128,64,[1024; 2; 16; 1; 128; 64],0.1540052519994788,0.04539135241108742,tvm
256,32,8,1,448,64,[256; 32; 8; 1; 448; 64],0.09569143349654041,0.07305258591323537,tvm
64,4,64,1,256,16,[64; 4; 64; 1; 256; 16],0.061359979008557275,0.11392615805314682,tvm
4096,8,4,1,224,16,[4096; 8; 4; 1; 224; 16],0.35089138901093975,0.019922137976571216,tvm
64,64,4,1,896,16,[64; 64; 4; 1; 896; 16],0.05135310548939742,0.13612626928881558,tvm
4,2,16,1,3584,64,[4; 2; 16; 1; 3584; 64],0.03478754000389017,0.20094857715966527,tvm
256,2,4,1,128,16,[256; 2; 4; 1; 128; 16],0.16015884000808,0.04364733577187495,tvm
2048,16,64,1,512,64,[2048; 16; 64; 1; 512; 64],0.1635639540036209,0.042738674968152916,tvm
64,2,16,1,14336,16,[64; 2; 16; 1; 14336; 16],0.5328864390030503,0.01311819208562493,tvm
1024,16,8,1,896,128,[1024; 16; 8; 1; 896; 128],0.0993288500176277,0.070377404605269,tvm
2,2,64,1,128,16,[2; 2; 64; 1; 128; 16],0.03969582400168292,0.17610181530355185,tvm
32,32,16,1,256,128,[32; 32; 16; 1; 256; 128],0.01592682937189238,0.43891389198929265,tvm
16,2,2,1,256,64,[16; 2; 2; 1; 256; 64],0.028115763241657987,0.24863300372045802,tvm
256,1,8,1,224,16,[256; 1; 8; 1; 224; 16],0.1524802269996144,0.045845332238942334,tvm
2,1,8,1,7168,16,[2; 1; 8; 1; 7168; 16],0.2656600280315615,0.026313731570622906,tvm
1024,4,32,1,128,64,[1024; 4; 32; 1; 128; 64],0.13027083198539913,0.053661334315038146,tvm
2,2,64,1,64,64,[2; 2; 64; 1; 64; 64],0.02094091637263773,0.333820475774439,tvm
4,1,4,1,896,128,[4; 1; 4; 1; 896; 128],0.019292002871225122,0.3623525620086506,tvm
128,4,32,1,1024,64,[128; 4; 32; 1; 1024; 64],0.03614741374622099,0.19338884700700018,tvm
1024,32,64,1,128,128,[1024; 32; 64; 1; 128; 128],0.1402778399642557,0.04983329275991078,tvm
64,8,32,1,3584,64,[64; 8; 32; 1; 3584; 64],0.05722805648110807,0.12215173983716097,tvm
8,8,8,1,256,64,[8; 8; 8; 1; 256; 64],0.016450658753456082,0.42493779558815825,tvm
2048,1,32,1,14336,16,[2048; 1; 32; 1; 14336; 16],1.1817232860485092,0.0059155190975729915,tvm
32,4,64,1,224,16,[32; 4; 64; 1; 224; 16],0.029539867507992312,0.2366465138943265,tvm
128,8,16,1,256,64,[128; 8; 16; 1; 256; 64],0.0349958234874066,0.19975259816881383,tvm
8,2,4,1,256,16,[8; 2; 4; 1; 256; 16],0.019085493629972916,0.3662732964731071,tvm
64,64,2,1,112,16,[64; 64; 2; 1; 112; 16],0.06303604750428349,0.11089696996296668,tvm
8,2,32,1,512,16,[8; 2; 32; 1; 512; 16],0.025054687503143214,0.27900993240445243,tvm
1024,32,1,1,7168,128,[1024; 32; 1; 1; 7168; 128],0.719956619956065,0.009709622042357579,tvm
64,32,32,1,64,16,[64; 32; 32; 1; 64; 16],0.04066827250062488,0.17189091733756962,tvm
2,2,2,1,64,16,[2; 2; 2; 1; 64; 16],0.020422303619852755,0.34229765636581344,tvm
4096,8,2,1,512,64,[4096; 8; 2; 1; 512; 64],0.37582248297985643,0.018600554738608728,tvm
64,64,1,1,896,64,[64; 64; 1; 1; 896; 64],0.030349200998898596,0.230335772823817,tvm
64,4,2,1,2048,64,[64; 4; 2; 1; 2048; 64],0.033239841752219945,0.21030505255638893,tvm
1024,16,2,1,128,64,[1024; 16; 2; 1; 128; 64],0.12627120403340086,0.05536105179465589,tvm
512,1,64,1,1792,16,[512; 1; 64; 1; 1792; 16],0.12787563900928944,0.05466644562502515,tvm
2048,16,8,1,7168,128,[2048; 16; 8; 1; 7168; 128],0.629443854035344,0.011105846251179921,tvm
128,4,16,1,16,16,[128; 4; 16; 1; 16; 16],0.061650955001823604,0.1133884571043529,tvm
8,2,2,1,896,64,[8; 2; 2; 1; 896; 64],0.019863365872879513,0.35192961310807697,tvm
128,4,8,1,256,128,[128; 4; 8; 1; 256; 128],0.034430985746439546,0.20302952457263132,tvm
64,64,1,1,448,64,[64; 64; 1; 1; 448; 64],0.03101708875328768,0.22537597652280317,tvm
1024,64,1,1,64,16,[1024; 64; 1; 1; 64; 16],0.1687034530332312,0.041436654324376376,tvm
8,1,8,1,512,128,[8; 1; 8; 1; 512; 128],0.01946999938081717,0.359039901847869,tvm
1024,4,8,1,7168,16,[1024; 4; 8; 1; 7168; 16],0.5956793080549687,0.011735352516259621,tvm
1024,1,2,1,3584,16,[1024; 1; 2; 1; 3584; 16],0.4811953659518622,0.014527377363326443,tvm
4,1,16,1,1792,64,[4; 1; 16; 1; 1792; 64],0.01805158237402793,0.38725173903449017,tvm
32,8,16,1,3584,16,[32; 8; 16; 1; 3584; 16],0.06778684048913419,0.10312483390913021,tvm
4096,64,8,1,1792,128,[4096; 64; 8; 1; 1792; 128],0.2473385010380298,0.028262913526721157,tvm
1024,2,32,1,14336,64,[1024; 2; 32; 1; 14336; 64],0.8151653060340323,0.008575569415088455,tvm
4096,4,2,1,128,16,[4096; 4; 2; 1; 128; 16],0.27222978603094816,0.025678698751472988,tvm
512,32,16,1,448,64,[512; 32; 16; 1; 448; 64],0.09772868949221447,0.07152972891571992,tvm
4,1,2,1,512,16,[4; 1; 2; 1; 512; 16],0.025253761501517147,0.2768105126140003,tvm
128,32,2,1,14336,16,[128; 32; 2; 1; 14336; 16],0.7578520540264435,0.009224104664658927,tvm
32,2,32,1,1024,16,[32; 2; 32; 1; 1024; 16],0.03249842650257051,0.21510292709444695,tvm
2048,64,1,1,128,128,[2048; 64; 1; 1; 128; 128],0.17977035598596558,0.038885758602004473,tvm
512,1,1,1,7168,64,[512; 1; 1; 1; 7168; 64],0.3854418149567209,0.018136347421079863,tvm
64,64,1,1,1792,128,[64; 64; 1; 1; 1792; 128],0.02656227750412654,0.2631742201165042,tvm
128,16,16,1,1792,16,[128; 16; 16; 1; 1792; 16],0.06317190697882324,0.11065847147862821,tvm
256,32,4,1,896,128,[256; 32; 4; 1; 896; 128],0.09479234748869203,0.07374547473360736,tvm
16,4,16,1,448,64,[16; 4; 16; 1; 448; 64],0.016207080872845836,0.4313242292989921,tvm
1024,16,2,1,14336,64,[1024; 16; 2; 1; 14336; 64],1.7126775369979441,0.004081624541488371,tvm
2048,64,1,1,14336,128,[2048; 64; 1; 1; 14336; 128],2.112172533001285,0.0033096286205055074,tvm
256,16,4,1,2048,128,[256; 16; 4; 1; 2048; 128],0.10731254500569776,0.06514156072149352,tvm
256,64,1,1,2048,64,[256; 64; 1; 1; 2048; 64],0.10867502499604598,0.06432486826592411,tvm
1024,64,16,1,512,128,[1024; 64; 16; 1; 512; 128],0.1295113239903003,0.05397602658428709,tvm
8,8,32,1,896,16,[8; 8; 32; 1; 896; 16],0.022000005868903827,0.31775021826459976,tvm
16,4,4,1,512,128,[16; 4; 4; 1; 512; 128],0.03084431725437753,0.22663839854242682,tvm
8,2,32,1,7168,128,[8; 2; 32; 1; 7168; 128],0.10138355498202145,0.06895109042000261,tvm
256,32,32,1,14336,128,[256; 32; 32; 1; 14336; 128],0.7426979499869049,0.009412314476955164,tvm
2048,64,32,1,1792,64,[2048; 64; 32; 1; 1792; 64],0.1501328989979811,0.04656212404691307,tvm
128,2,32,1,7168,128,[128; 2; 32; 1; 7168; 128],0.12241074198391289,0.057106970788440715,tvm
64,64,1,1,256,16,[64; 64; 1; 1; 256; 16],0.05834587151184678,0.11981150483367596,tvm
2048,4,4,1,2048,128,[2048; 4; 4; 1; 2048; 128],0.2480339950416237,0.028183663555850714,tvm
128,1,32,1,256,16,[128; 1; 32; 1; 256; 16],0.06497233200934716,0.10759205419409891,tvm
2,1,64,1,3584,16,[2; 1; 64; 1; 3584; 16],0.14869426802033558,0.04701261696053165,tvm
256,4,64,1,448,16,[256; 4; 64; 1; 448; 16],0.1292493409710005,0.054085433737222056,tvm
2,1,2,1,224,16,[2; 1; 2; 1; 224; 16],0.033419239494833164,0.2091761144878071,tvm
32,32,64,1,256,128,[32; 32; 64; 1; 256; 128],0.014115884368948173,0.4952227210109653,tvm
128,4,32,1,448,64,[128; 4; 32; 1; 448; 64],0.03081591623777058,0.2268472763467118,tvm
128,2,32,1,512,16,[128; 2; 32; 1; 512; 16],0.0703149979817681,0.09941700728597372,tvm
128,64,4,1,512,128,[128; 64; 4; 1; 512; 128],0.034779781752149574,0.20099340233020918,tvm
64,32,32,1,896,64,[64; 32; 32; 1; 896; 64],0.02782582849613391,0.2512236668043117,tvm
64,64,32,1,512,64,[64; 64; 32; 1; 512; 64],0.0218072365023545,0.32055903396617497,tvm
512,2,64,1,2048,128,[512; 2; 64; 1; 2048; 128],0.10836630401900038,0.06450812113552372,tvm
512,4,8,1,1024,16,[512; 4; 8; 1; 1024; 16],0.14146476599853486,0.0494151785239518,tvm
64,16,16,1,256,16,[64; 16; 16; 1; 256; 16],0.042125766252866015,0.16594372728332435,tvm
128,64,4,1,448,64,[128; 64; 4; 1; 448; 64],0.03315144224325195,0.21086583851686272,tvm
1024,64,1,1,1792,16,[1024; 64; 1; 1; 1792; 16],0.20643120998283848,0.03386361329397729,tvm
2048,32,4,1,64,64,[2048; 32; 4; 1; 64; 64],0.1828872010228224,0.03822305020565285,tvm
128,1,2,1,1024,16,[128; 1; 2; 1; 1024; 16],0.07471433450700715,0.0935631256410516,tvm
4096,2,8,1,3584,64,[4096; 2; 8; 1; 3584; 64],0.4831189149990678,0.014469536276964349,tvm
64,4,2,1,512,128,[64; 4; 2; 1; 512; 128],0.028854059244622476,0.2422711691066305,tvm
32,32,32,1,1024,16,[32; 32; 32; 1; 1024; 16],0.033162627238198183,0.2107947182970682,tvm
1024,2,8,1,256,128,[1024; 2; 8; 1; 256; 128],0.13366133900126442,0.0523001394337411,tvm
1024,32,32,1,1024,16,[1024; 32; 32; 1; 1024; 16],0.14967189100570977,0.04670554116537479,tvm
256,4,1,1,224,16,[256; 4; 1; 1; 224; 16],0.15816806396469474,0.04419670122678522,tvm
512,1,8,1,224,16,[512; 1; 8; 1; 224; 16],0.16423449601279572,0.04256418009844916,tvm
256,64,16,1,2048,64,[256; 64; 16; 1; 2048; 64],0.1064722950104624,0.06565563995760354,tvm
16,2,32,1,1024,128,[16; 2; 32; 1; 1024; 128],0.030902220751158893,0.22621373146473653,tvm
64,2,8,1,128,128,[64; 2; 8; 1; 128; 128],0.027265573502518237,0.2563858290389904,tvm
32,1,1,1,32,16,[32; 1; 1; 1; 32; 16],0.05581704498035833,0.12523964085032774,tvm
2048,32,4,1,128,16,[2048; 32; 4; 1; 128; 16],0.17108116496820003,0.04086076142844852,tvm
4096,32,4,1,7168,64,[4096; 32; 4; 1; 7168; 64],1.0708840629667975,0.006527790363505863,tvm
8,1,1,1,128,128,[8; 1; 1; 1; 128; 128],0.015437462752743158,0.45282743535199715,tvm
1024,8,8,1,256,16,[1024; 8; 8; 1; 256; 16],0.15045463503338397,0.04646255441127196,tvm
4096,64,4,1,2048,128,[4096; 64; 4; 1; 2048; 128],0.3213472109637223,0.021753749303446864,tvm
4096,4,16,1,256,16,[4096; 4; 16; 1; 256; 16],0.3521517519839108,0.019850835974219577,tvm
256,8,16,1,896,16,[256; 8; 16; 1; 896; 16],0.12320065899984911,0.056740822033064194,tvm
512,1,64,1,128,16,[512; 1; 64; 1; 128; 16],0.14875232498161495,0.04699426827466837,tvm
256,4,32,1,512,16,[256; 4; 32; 1; 512; 16],0.14042989001609385,0.049779335908228126,tvm
64,1,1,1,7168,64,[64; 1; 1; 1; 7168; 64],0.36628589197061956,0.01908483733582452,tvm
256,32,2,1,64,16,[256; 32; 2; 1; 64; 16],0.18521258898545057,0.037743150748871655,tvm
8,2,1,1,448,64,[8; 2; 1; 1; 448; 64],0.017557194994878955,0.39815623558920676,tvm
512,64,2,1,512,16,[512; 64; 2; 1; 512; 16],0.14132428396260366,0.04946429920364182,tvm
32,4,8,1,512,64,[32; 4; 8; 1; 512; 64],0.031061019501066767,0.2250572189501566,tvm
128,64,64,1,512,16,[128; 64; 64; 1; 512; 16],0.06980135448975489,0.1001485818974,tvm
128,64,64,1,512,64,[128; 64; 64; 1; 512; 64],0.03326754974841606,0.2101298929296559,tvm
256,16,2,1,1792,128,[256; 16; 2; 1; 1792; 128],0.09475906449370086,0.07377137695498633,tvm
4096,1,64,1,3584,16,[4096; 1; 64; 1; 3584; 16],0.6492771219927818,0.010766599391660657,tvm
1,1,32,1,14336,64,[1; 1; 32; 1; 14336; 64],1.0767839049804024,0.006492023733205684,tvm
1,1,32,1,256,16,[1; 1; 32; 1; 256; 16],0.07163916149875149,0.09757940378445797,tvm
256,4,2,1,896,128,[256; 4; 2; 1; 896; 128],0.09463598602451384,0.07386732003675531,tvm
4096,16,4,1,256,64,[4096; 16; 4; 1; 256; 64],0.2381787530030124,0.029349833175834342,tvm
512,64,16,1,32,16,[512; 64; 16; 1; 32; 16],0.18550932296784595,0.03768277817432562,tvm
8,4,16,1,1792,64,[8; 4; 16; 1; 1792; 64],0.014616106498579029,0.47827420163819145,tvm
1024,32,8,1,7168,128,[1024; 32; 8; 1; 7168; 128],0.5073803290142678,0.013777646209201166,tvm
1,1,1,1,128,128,[1; 1; 1; 1; 128; 128],0.03124878524977248,0.22370490919219216,tvm
128,8,2,1,2048,64,[128; 8; 2; 1; 2048; 64],0.04169371725583915,0.1676633106079707,tvm
1024,2,4,1,3584,16,[1024; 2; 4; 1; 3584; 16],0.3589827340329066,0.019473099968161347,tvm
64,8,64,1,512,16,[64; 8; 64; 1; 512; 16],0.04525601824570913,0.1544657912393665,tvm
256,32,64,1,896,128,[256; 32; 64; 1; 896; 128],0.099549405509606,0.0702214807901803,tvm
8,4,8,1,448,64,[8; 4; 8; 1; 448; 64],0.016780444500909653,0.41658650140571174,tvm
4096,4,8,1,1792,64,[4096; 4; 8; 1; 1792; 64],0.27295075700385496,0.02561087114540568,tvm
128,8,16,1,448,64,[128; 8; 16; 1; 448; 64],0.031219337251968682,0.22391592141264458,tvm
2048,8,4,1,2048,128,[2048; 8; 4; 1; 2048; 128],0.25303405994782224,0.027626741902288445,tvm
32,32,1,1,7168,16,[32; 32; 1; 1; 7168; 16],0.20125838002422825,0.034733990534084214,tvm
4096,64,16,1,3584,128,[4096; 64; 16; 1; 3584; 128],0.4102098640287295,0.017041293444316295,tvm
4096,64,4,1,64,16,[4096; 64; 4; 1; 64; 16],0.3680782890296541,0.018991901655203244,tvm
4,2,2,1,32,16,[4; 2; 2; 1; 32; 16],0.024877676252799574,0.28099516191268065,tvm
32,32,4,1,2048,16,[32; 32; 4; 1; 2048; 16],0.037401473498903215,0.1869045792239084,tvm
128,64,16,1,512,128,[128; 64; 16; 1; 512; 128],0.031563079755869694,0.22147733113295645,tvm
256,64,16,1,1792,64,[256; 64; 16; 1; 1792; 64],0.09532152352039702,0.07333607781846699,tvm
2048,32,16,1,448,16,[2048; 32; 16; 1; 448; 16],0.1974967599962838,0.035395551131057565,tvm
8,4,16,1,896,16,[8; 4; 16; 1; 896; 16],0.022292328998446465,0.31358350521176276,tvm
128,2,32,1,1792,128,[128; 2; 32; 1; 1792; 128],0.027493886009324342,0.2542567705524017,tvm
8,1,32,1,448,16,[8; 1; 32; 1; 448; 16],0.021400951372925192,0.3266446684940609,tvm
8,8,64,1,2048,128,[8; 8; 64; 1; 2048; 128],0.01600963037344627,0.4366438514571323,tvm
64,16,16,1,256,128,[64; 16; 16; 1; 256; 128],0.02724700651015155,0.2565605386434719,tvm
512,32,8,1,896,128,[512; 32; 8; 1; 896; 128],0.09566225050366484,0.07307487153878801,tvm
64,16,2,1,7168,16,[64; 16; 2; 1; 7168; 16],0.35003406601026654,0.019970932390510912,tvm
256,64,16,1,7168,16,[256; 64; 16; 1; 7168; 16],0.4854704160243273,0.014399449350413903,tvm
128,16,8,1,112,16,[128; 16; 8; 1; 112; 16],0.06194170599337667,0.11285621786739536,tvm
64,64,32,1,64,16,[64; 64; 32; 1; 64; 16],0.03996030149573926,0.1749362843874445,tvm
512,2,4,1,256,64,[512; 2; 4; 1; 256; 64],0.13445589697221294,0.051991075319748496,tvm
32,1,32,1,448,16,[32; 1; 32; 1; 448; 16],0.05056547650019638,0.13824662893544606,tvm
128,1,4,1,224,16,[128; 1; 4; 1; 224; 16],0.06410620748647489,0.1090457061922049,tvm
64,64,16,1,2048,128,[64; 64; 16; 1; 2048; 128],0.01956263499596389,0.35733972791032137,tvm
8,8,16,1,1792,128,[8; 8; 16; 1; 1792; 128],0.014798319127294235,0.4723851814881647,tvm
512,1,64,1,224,16,[512; 1; 64; 1; 224; 16],0.12449279497377574,0.05615189753060977,tvm
64,2,32,1,3584,16,[64; 2; 32; 1; 3584; 16],0.1242578859673813,0.05625805245472896,tvm
2048,8,32,1,512,64,[2048; 8; 32; 1; 512; 64],0.18489078595303,0.03780884282920701,tvm
2048,16,4,1,14336,16,[2048; 16; 4; 1; 14336; 16],1.688339929038193,0.004140461613467254,tvm
64,1,16,1,64,16,[64; 1; 16; 1; 64; 16],0.06281717700767331,0.11128336228501251,tvm
64,1,4,1,64,16,[64; 1; 4; 1; 64; 16],0.06026880198623985,0.11598881073266878,tvm
512,32,32,1,512,128,[512; 32; 32; 1; 512; 128],0.10908625001320615,0.06408238128838772,tvm
32,2,4,1,448,16,[32; 2; 4; 1; 448; 16],0.0334879962465493,0.2087466391001817,tvm
256,4,2,1,128,16,[256; 4; 2; 1; 128; 16],0.17586927901720628,0.03974831025481572,tvm
8,1,16,1,7168,64,[8; 1; 16; 1; 7168; 64],0.0721013990114443,0.0969538283932202,tvm
1024,64,64,1,2048,16,[1024; 64; 64; 1; 2048; 16],0.15971319400705397,0.043769124461676724,tvm
64,64,32,1,112,16,[64; 64; 32; 1; 112; 16],0.03980355348903686,0.17562519056475875,tvm
128,1,16,1,256,64,[128; 1; 16; 1; 256; 64],0.03453473425179254,0.2024195876446862,tvm
4,1,1,1,112,16,[4; 1; 1; 1; 112; 16],0.02070042037667008,0.33769877806661125,tvm
2048,32,16,1,1792,16,[2048; 32; 16; 1; 1792; 16],0.20253145595779642,0.034515658980515854,tvm
256,64,1,1,896,128,[256; 64; 1; 1; 896; 128],0.09495833850814961,0.07361656465868682,tvm
1024,1,64,1,2048,16,[1024; 1; 64; 1; 2048; 16],0.1588575880159624,0.04400486469657492,tvm
32,2,32,1,7168,64,[32; 2; 32; 1; 7168; 64],0.1181169570190832,0.059182922106072094,tvm
1024,4,8,1,14336,16,[1024; 4; 8; 1; 14336; 16],1.1723924860125408,0.0059625993428551296,tvm
32,2,64,1,14336,16,[32; 2; 64; 1; 14336; 16],0.29071291896980256,0.02404608192659232,tvm
128,32,1,1,14336,128,[128; 32; 1; 1; 14336; 128],0.7477767119999044,0.009348387766678084,tvm
512,64,8,1,1024,64,[512; 64; 8; 1; 1024; 64],0.10890968202147633,0.06418627377213516,tvm
1024,4,16,1,128,128,[1024; 4; 16; 1; 128; 128],0.14183641300769523,0.0492856983508699,tvm
4096,2,2,1,128,16,[4096; 2; 2; 1; 128; 16],0.2662968289805576,0.0262508070164705,tvm
2,1,32,1,896,64,[2; 1; 32; 1; 896; 64],0.029155732001527213,0.239764402632748,tvm
2048,4,16,1,512,128,[2048; 4; 16; 1; 512; 128],0.18598160799592733,0.03758708585216527,tvm
16,16,8,1,1024,16,[16; 16; 8; 1; 1024; 16],0.025759852505871095,0.2713721542106429,tvm
2048,64,8,1,128,16,[2048; 64; 8; 1; 128; 16],0.1763214410166256,0.03964637894496065,tvm
32,1,4,1,896,128,[32; 1; 4; 1; 896; 128],0.024604048005130608,0.28412018482523516,tvm
512,64,8,1,16,16,[512; 64; 8; 1; 16; 16],0.19240183103829622,0.036332848959609206,tvm
32,2,2,1,1792,64,[32; 2; 2; 1; 1792; 64],0.026689359248848632,0.2619211125110931,tvm
64,8,16,1,2048,16,[64; 8; 16; 1; 2048; 16],0.04863144474802539,0.14374458136883764,tvm
8,4,4,1,448,16,[8; 4; 4; 1; 448; 16],0.017107853243942373,0.40861390187234026,tvm
512,4,32,1,1024,64,[512; 4; 32; 1; 1024; 64],0.11002721398836002,0.06353434221651932,tvm
1024,64,8,1,256,16,[1024; 64; 8; 1; 256; 16],0.18189859599806368,0.038430789574324595,tvm
32,8,1,1,7168,16,[32; 8; 1; 1; 7168; 16],0.20121726603247225,0.03474108760397602,tvm
1024,1,16,1,14336,16,[1024; 1; 16; 1; 14336; 16],1.0624069310142659,0.006579876752115051,tvm
512,1,8,1,512,128,[512; 1; 8; 1; 512; 128],0.10804465098772198,0.06470016426320871,tvm
256,1,4,1,896,16,[256; 1; 4; 1; 896; 16],0.12265443801879883,0.056993507773402015,tvm
8,2,1,1,256,64,[8; 2; 1; 1; 256; 64],0.019292312128527556,0.3623467534681755,tvm
8,2,1,1,7168,16,[8; 2; 1; 1; 7168; 16],0.1549745300435461,0.0451074551715202,tvm
64,2,8,1,3584,128,[64; 2; 8; 1; 3584; 128],0.056262362020788714,0.12424836810235061,tvm
128,4,64,1,14336,64,[128; 4; 64; 1; 14336; 64],0.26340516097843647,0.026538988988294505,tvm
1,1,16,1,896,64,[1; 1; 16; 1; 896; 64],0.05247605498880148,0.13321326590115165,tvm
2048,16,8,1,896,128,[2048; 16; 8; 1; 896; 128],0.15223346598213539,0.045919644682378864,tvm
128,1,32,1,1024,16,[128; 1; 32; 1; 1024; 16],0.07191563298692927,0.09720427084243558,tvm
16,2,16,1,896,128,[16; 2; 16; 1; 896; 128],0.026928322506137192,0.25959681168678334,tvm
4096,64,4,1,896,16,[4096; 64; 4; 1; 896; 16],0.36738929501734674,0.01902751866065287,tvm
8,4,32,1,16,16,[8; 4; 32; 1; 16; 16],0.028257289493922144,0.24738772868396502,tvm
2048,64,4,1,256,64,[2048; 64; 4; 1; 256; 64],0.13976521999575198,0.05001606742277611,tvm
8,2,1,1,16,16,[8; 2; 1; 1; 16; 16],0.02848069574974943,0.2454471873893098,tvm
2048,4,8,1,14336,128,[2048; 4; 8; 1; 14336; 128],1.3156722700223327,0.005313258344000826,tvm
128,16,1,1,3584,128,[128; 16; 1; 1; 3584; 128],0.16760652599623427,0.041707842968022185,tvm
4096,1,32,1,896,128,[4096; 1; 32; 1; 896; 128],0.20166003803024068,0.034664808828501655,tvm
64,1,16,1,128,128,[64; 1; 16; 1; 128; 128],0.026970156744937412,0.25919414309591876,tvm
128,32,8,1,64,64,[128; 32; 8; 1; 64; 64],0.03215871700376738,0.2173751728294301,tvm
4096,64,4,1,512,16,[4096; 64; 4; 1; 512; 16],0.41158272098982707,0.016984451266212043,tvm
128,1,1,1,14336,128,[128; 1; 1; 1; 14336; 128],0.7371981049655005,0.009482534775362464,tvm
16,16,16,1,448,16,[16; 16; 16; 1; 448; 16],0.02105882449541241,0.3319514186648701,tvm
4096,4,64,1,2048,128,[4096; 4; 64; 1; 2048; 128],0.3096484660054557,0.022575621823179,tvm
64,1,8,1,1024,64,[64; 1; 8; 1; 1024; 64],0.031097507497179322,0.22479314997514627,tvm
4,1,4,1,7168,128,[4; 1; 4; 1; 7168; 128],0.11339614097960293,0.06164677745007284,tvm
128,64,64,1,3584,64,[128; 64; 64; 1; 3584; 64],0.05702699252287857,0.12258241856016089,tvm
4096,8,1,1,7168,16,[4096; 8; 1; 1; 7168; 16],1.3381771589629352,0.005223902246309593,tvm
1024,4,16,1,32,16,[1024; 4; 16; 1; 32; 16],0.165763838973362,0.04217148148813102,tvm
16,8,16,1,3584,64,[16; 8; 16; 1; 3584; 64],0.031206740750349127,0.22400630436193372,tvm
512,8,1,1,2048,64,[512; 8; 1; 1; 2048; 64],0.11130285100080073,0.06280617795330666,tvm
2,2,4,1,256,64,[2; 2; 4; 1; 256; 64],0.028370757005177438,0.24639831307253995,tvm
512,2,16,1,7168,128,[512; 2; 16; 1; 7168; 128],0.40375121601391584,0.01731389625443439,tvm
16,16,1,1,7168,16,[16; 16; 1; 1; 7168; 16],0.16645985195646062,0.04199515129026493,tvm
16,4,32,1,128,128,[16; 4; 32; 1; 128; 128],0.02850320524885319,0.24525335328551953,tvm
2048,8,16,1,896,64,[2048; 8; 16; 1; 896; 64],0.13578075100667775,0.05148378260422842,tvm
256,2,8,1,14336,64,[256; 2; 8; 1; 14336; 64],0.7260376929771155,0.009628297172839766,tvm
16,1,1,1,256,64,[16; 1; 1; 1; 256; 64],0.02912762424966786,0.23999577194306806,tvm
64,4,64,1,64,64,[64; 4; 64; 1; 64; 64],0.030612634494900703,0.22835364489231105,tvm
512,2,64,1,512,16,[512; 2; 64; 1; 512; 16],0.1723837610334158,0.04055200225798293,tvm
1024,4,16,1,3584,64,[1024; 4; 16; 1; 3584; 64],0.21938018000219017,0.03186480504572873,tvm
512,64,16,1,14336,16,[512; 64; 16; 1; 14336; 16],0.9675098829902709,0.007225256082202689,tvm
32,16,2,1,256,16,[32; 16; 2; 1; 256; 16],0.04827690224919934,0.14480023242963155,tvm
32,32,2,1,256,64,[32; 32; 2; 1; 256; 64],0.03229606901004445,0.21645069759085972,tvm
64,64,4,1,1024,128,[64; 64; 4; 1; 1024; 128],0.028764562244759873,0.24302496270181023,tvm
8,1,8,1,14336,64,[8; 1; 8; 1; 14336; 64],0.1561719510355033,0.04476160168529548,tvm
1024,64,16,1,7168,16,[1024; 64; 16; 1; 7168; 16],0.543189468968194,0.012869370755558574,tvm
512,16,1,1,512,128,[512; 16; 1; 1; 512; 128],0.10851694503799081,0.06441857227200189,tvm
4,4,1,1,112,16,[4; 4; 1; 1; 112; 16],0.016001904376025777,0.43685467069406553,tvm
16,4,1,1,256,128,[16; 4; 1; 1; 256; 128],0.0277636085083941,0.2517866747960066,tvm
4096,1,64,1,896,16,[4096; 1; 64; 1; 896; 16],0.393581485026516,0.017761269095764778,tvm
1024,4,4,1,256,16,[1024; 4; 4; 1; 256; 16],0.17437014600727707,0.040090043087851336,tvm
4096,1,64,1,896,128,[4096; 1; 64; 1; 896; 128],0.18155022396240383,0.038504533423843586,tvm
512,1,8,1,256,64,[512; 1; 8; 1; 256; 64],0.14524364500539377,0.048129518275357705,tvm
2,1,16,1,7168,64,[2; 1; 16; 1; 7168; 64],0.26255495101213455,0.026624927999714564,tvm
2048,8,32,1,1792,64,[2048; 8; 32; 1; 1792; 64],0.15682563500013202,0.04457502542017944,tvm
128,4,32,1,7168,16,[128; 4; 32; 1; 7168; 16],0.25503548904089257,0.027409936918801933,tvm
256,8,64,1,2048,64,[256; 8; 64; 1; 2048; 64],0.10808873199857771,0.06467377808408976,tvm
4096,16,2,1,512,64,[4096; 16; 2; 1; 512; 64],0.37334001396084204,0.018724236367012804,tvm
2048,1,4,1,128,128,[2048; 1; 4; 1; 128; 128],0.1763846219982952,0.03963217760975916,tvm
2048,2,1,1,14336,16,[2048; 2; 1; 1; 14336; 16],2.6366572660044767,0.0026512762036985955,tvm
64,2,2,1,2048,128,[64; 2; 2; 1; 2048; 128],0.028655790752964094,0.24394743550894973,tvm
2048,2,8,1,3584,64,[2048; 2; 8; 1; 3584; 64],0.3590733419987373,0.019468186158724223,tvm
16,1,4,1,256,128,[16; 1; 4; 1; 256; 128],0.02739180099160876,0.25520434632276084,tvm
512,1,8,1,128,64,[512; 1; 8; 1; 128; 64],0.1361664750147611,0.05133794251418246,tvm
32,1,32,1,3584,128,[32; 1; 32; 1; 3584; 128],0.05105526000261307,0.1369204008814936,tvm
512,64,2,1,256,128,[512; 64; 2; 1; 256; 128],0.12480923999100924,0.05600952835839907,tvm
256,1,8,1,1024,16,[256; 1; 8; 1; 1024; 16],0.1401953890454024,0.04986260043404698,tvm
64,8,4,1,3584,64,[64; 8; 4; 1; 3584; 64],0.06339280598331243,0.11027287021348847,tvm
1024,16,1,1,112,16,[1024; 16; 1; 1; 112; 16],0.1802142359665595,0.03878998032077678,tvm
4,4,2,1,14336,16,[4; 4; 2; 1; 14336; 16],0.2506489119841717,0.02788963499314177,tvm
256,8,32,1,1024,16,[256; 8; 32; 1; 1024; 16],0.13866282301023602,0.05041370509347434,tvm
4096,4,1,1,7168,128,[4096; 4; 1; 1; 7168; 128],1.0676402160315774,0.006547623967042386,tvm
2048,64,1,1,1792,16,[2048; 64; 1; 1; 1792; 16],0.31462103402009234,0.02221881537081287,tvm
128,16,32,1,14336,128,[128; 16; 32; 1; 14336; 128],0.2228535420144908,0.03136816495477607,tvm
64,16,64,1,7168,128,[64; 16; 64; 1; 7168; 128],0.10186320304637775,0.0686264171713109,tvm
1024,1,8,1,512,128,[1024; 1; 8; 1; 512; 128],0.1435967509751208,0.04868150998679506,tvm
1024,8,2,1,3584,16,[1024; 8; 2; 1; 3584; 16],0.46875967498635873,0.0149127730896863,tvm
4096,16,64,1,14336,128,[4096; 16; 64; 1; 14336; 128],0.8976181659963913,0.007787840009796293,tvm
2048,16,1,1,64,16,[2048; 16; 1; 1; 64; 16],0.1797304169740528,0.038894399647867436,tvm
128,8,4,1,512,128,[128; 8; 4; 1; 512; 128],0.03441025050415192,0.20315186795350987,tvm
1024,4,64,1,1024,128,[1024; 4; 64; 1; 1024; 128],0.12678729998879135,0.05513570103066051,tvm
256,8,2,1,512,128,[256; 8; 2; 1; 512; 128],0.10691506398143247,0.06538373926316578,tvm
128,32,2,1,448,16,[128; 32; 2; 1; 448; 16],0.06255206349305809,0.11175501296519916,tvm
16,16,8,1,2048,16,[16; 16; 8; 1; 2048; 16],0.025187997744069435,0.2775332417326659,tvm
32,4,4,1,448,16,[32; 4; 4; 1; 448; 16],0.03345338375947904,0.20896261845816724,tvm
128,8,64,1,1792,128,[128; 8; 64; 1; 1792; 128],0.027025024508475326,0.2586679121965041,tvm
16,8,64,1,896,128,[16; 8; 64; 1; 896; 128],0.026485630005481653,0.2639358272852057,tvm
4096,64,16,1,512,128,[4096; 64; 16; 1; 512; 128],0.26904623897280544,0.02598254743629124,tvm
1024,8,4,1,2048,64,[1024; 8; 4; 1; 2048; 64],0.177742425003089,0.03932942102340045,tvm
16,4,64,1,448,64,[16; 4; 64; 1; 448; 64],0.01566590274887858,0.4462243114056783,tvm
64,1,1,1,112,16,[64; 1; 1; 1; 112; 16],0.05564866750501096,0.12561858136202805,tvm
2048,8,1,1,14336,128,[2048; 8; 1; 1; 14336; 128],2.1436889480100945,0.0032609706147693164,tvm
4,2,2,1,128,64,[4; 2; 2; 1; 128; 64],0.017124060374044348,0.4082271677377679,tvm
256,32,8,1,2048,128,[256; 32; 8; 1; 2048; 128],0.10808133898535743,0.06467820191988667,tvm
64,32,8,1,512,128,[64; 32; 8; 1; 512; 128],0.028854955002316274,0.24226364817084337,tvm
512,2,32,1,1792,128,[512; 2; 32; 1; 1792; 128],0.10098833299707621,0.06922093334156783,tvm
4,1,8,1,448,16,[4; 1; 8; 1; 448; 16],0.019159780626068823,0.36485316836850284,tvm
4,2,16,1,112,16,[4; 2; 16; 1; 112; 16],0.026814105251105502,0.2607025892232022,tvm
64,4,32,1,512,128,[64; 4; 32; 1; 512; 128],0.029014319501584396,0.24093298711641103,tvm
128,2,32,1,112,16,[128; 2; 32; 1; 112; 16],0.06192788248881698,0.11288140956424632,tvm
4096,64,8,1,1792,16,[4096; 64; 8; 1; 1792; 16],0.36913478397764266,0.018937545227626286,tvm
64,8,1,1,512,128,[64; 8; 1; 1; 512; 128],0.029956161248264834,0.23335789284655362,tvm
2048,8,8,1,1024,128,[2048; 8; 8; 1; 1024; 128],0.21803782501956448,0.032060981465208666,tvm
512,2,64,1,1024,64,[512; 2; 64; 1; 1024; 64],0.11458198097534478,0.06100877823163881,tvm
64,32,1,1,128,16,[64; 32; 1; 1; 128; 16],0.05947051849216223,0.11754574945547118,tvm
8,4,16,1,1792,128,[8; 4; 16; 1; 1792; 128],0.014861069998005405,0.47039053497526795,tvm
1024,1,1,1,7168,16,[1024; 1; 1; 1; 7168; 16],1.20269642904168,0.005812361704804237,tvm
8,8,64,1,64,64,[8; 8; 64; 1; 64; 64],0.016426536873041186,0.4255618040914825,tvm
1024,64,64,1,896,16,[1024; 64; 64; 1; 896; 16],0.17707437195349485,0.039477800144351705,tvm
32,8,4,1,32,16,[32; 8; 4; 1; 32; 16],0.033528418745845556,0.20849497018205929,tvm
128,64,64,1,256,128,[128; 64; 64; 1; 256; 128],0.03227920700737741,0.21656376704263483,tvm
16,16,8,1,14336,64,[16; 16; 8; 1; 14336; 64],0.18369486404117197,0.03805499246347937,tvm
32,8,32,1,1024,64,[32; 8; 32; 1; 1024; 64],0.030323443992529064,0.2305314221032727,tvm
4,1,64,1,512,64,[4; 1; 64; 1; 512; 64],0.0198472821211908,0.35221480825341583,tvm
32,8,64,1,14336,128,[32; 8; 64; 1; 14336; 128],0.20753933198284358,0.033682804121411274,tvm
512,32,64,1,1792,64,[512; 32; 64; 1; 1792; 64],0.11412530299276114,0.061252907842094126,tvm
128,64,2,1,2048,16,[128; 64; 2; 1; 2048; 16],0.07485727599123493,0.09338446495815836,tvm
8,1,64,1,2048,128,[8; 1; 64; 1; 2048; 128],0.0159530131277279,0.4381935005442001,tvm
16,16,2,1,14336,64,[16; 16; 2; 1; 14336; 64],0.2820733030093834,0.024782588752945974,tvm
1024,2,2,1,448,64,[1024; 2; 2; 1; 448; 64],0.09697731450432912,0.0720839373867649,tvm
128,64,32,1,512,128,[128; 64; 32; 1; 512; 128],0.03261568525340408,0.21432959670645188,tvm
128,4,4,1,448,64,[128; 4; 4; 1; 448; 64],0.032769170007668436,0.21332571636787848,tvm
256,8,8,1,128,64,[256; 8; 8; 1; 128; 64],0.1536197160021402,0.045505270082450075,tvm
256,4,64,1,896,16,[256; 4; 64; 1; 896; 16],0.13518679299158975,0.05170998225471301,tvm
128,32,32,1,112,16,[128; 32; 32; 1; 112; 16],0.06190942297689617,0.11291506737634169,tvm
2048,2,64,1,1024,64,[2048; 2; 64; 1; 1024; 64],0.20914557395735756,0.03342411954695227,tvm
1024,32,32,1,896,16,[1024; 32; 32; 1; 896; 16],0.13330682297237217,0.052439226371147174,tvm
1024,4,32,1,64,64,[1024; 4; 32; 1; 64; 64],0.15974026900948957,0.0437617058617285,tvm
16,1,2,1,64,64,[16; 1; 2; 1; 64; 64],0.03276900925266091,0.21332676288035848,tvm
4,1,1,1,3584,16,[4; 1; 1; 1; 3584; 16],0.07260562348528765,0.09628051287354042,tvm
128,2,8,1,7168,16,[128; 2; 8; 1; 7168; 16],0.27767438197042793,0.025175194834542388,tvm
2048,16,4,1,3584,64,[2048; 16; 4; 1; 3584; 64],0.42130535101750866,0.016592494374409582,tvm
8,4,32,1,256,64,[8; 4; 32; 1; 256; 64],0.01613442349480465,0.4332665910819583,tvm
4,1,8,1,896,64,[4; 1; 8; 1; 896; 64],0.01952010286913719,0.3581183313187967,tvm
256,64,64,1,224,16,[256; 64; 64; 1; 224; 16],0.13771843299036846,0.050759411902076744,tvm
32,8,2,1,1792,128,[32; 8; 2; 1; 1792; 128],0.024413241248112172,0.28634078513467476,tvm
4096,2,32,1,512,16,[4096; 2; 32; 1; 512; 16],0.41432241699658334,0.016872142032141876,tvm
2048,2,64,1,7168,128,[2048; 2; 64; 1; 7168; 128],0.5242794469813816,0.01333355085139341,tvm
512,16,64,1,2048,128,[512; 16; 64; 1; 2048; 128],0.10971995204454288,0.06371226505666662,tvm
256,2,64,1,3584,16,[256; 2; 64; 1; 3584; 16],0.2417777719674632,0.02891294187129577,tvm
512,4,64,1,128,16,[512; 4; 64; 1; 128; 16],0.14896566199604422,0.04692696674521071,tvm
512,8,64,1,448,16,[512; 8; 64; 1; 448; 16],0.1276612370274961,0.054758255751203695,tvm
4096,2,1,1,2048,16,[4096; 2; 1; 1; 2048; 16],0.4078680779784918,0.017139136510299045,tvm
512,32,16,1,112,16,[512; 32; 16; 1; 112; 16],0.15719301300123334,0.04447084850146501,tvm
256,32,4,1,2048,64,[256; 32; 4; 1; 2048; 64],0.10837752197403461,0.06450144402029669,tvm
64,32,64,1,16,16,[64; 32; 64; 1; 16; 16],0.0402798305003671,0.17354856214211123,tvm
256,32,64,1,112,16,[256; 32; 64; 1; 112; 16],0.17040430998895317,0.04102306254530676,tvm
32,4,16,1,1024,16,[32; 4; 16; 1; 1024; 16],0.033290549501543865,0.20998471852627362,tvm
16,1,4,1,64,16,[16; 1; 4; 1; 64; 16],0.04126411350443959,0.16940886579120523,tvm
16,8,64,1,256,128,[16; 8; 64; 1; 256; 128],0.028063145742635243,0.2490991826353331,tvm
512,16,1,1,256,128,[512; 16; 1; 1; 256; 128],0.12586574302986264,0.05553939061089969,tvm
8,2,4,1,896,16,[8; 2; 4; 1; 896; 16],0.01771044837369118,0.39471088021978284,tvm
512,1,2,1,14336,64,[512; 1; 2; 1; 14336; 64],0.7641858109855093,0.009147653052667348,tvm
64,32,2,1,2048,128,[64; 32; 2; 1; 2048; 128],0.02960706449812278,0.23610941459967758,tvm
2,1,32,1,14336,64,[2; 1; 32; 1; 14336; 64],0.572850616008509,0.012203018503104537,tvm
4,2,16,1,7168,64,[4; 2; 16; 1; 7168; 64],0.1376211640308611,0.05079528803505155,tvm
4096,4,4,1,256,16,[4096; 4; 4; 1; 256; 16],0.3476219430449419,0.020109509214045522,tvm
4096,1,32,1,512,64,[4096; 1; 32; 1; 512; 64],0.3021681280224584,0.02313449374166657,tvm
1024,4,1,1,2048,16,[1024; 4; 1; 1; 2048; 16],0.22518660698551685,0.031043172417071278,tvm
4,2,2,1,128,128,[4; 2; 2; 1; 128; 128],0.016591412626439705,0.4213328198182927,tvm
512,1,4,1,1024,128,[512; 1; 4; 1; 1024; 128],0.10891818901291117,0.06418126054077168,tvm
128,64,1,1,3584,128,[128; 64; 1; 1; 3584; 128],0.16752887499751523,0.04172717489310633,tvm
2048,32,4,1,896,128,[2048; 32; 4; 1; 896; 128],0.18025742296595126,0.038780686818024136,tvm
64,8,64,1,1792,128,[64; 8; 64; 1; 1792; 128],0.02516321375151165,0.27780659242091926,tvm
4096,16,16,1,14336,128,[4096; 16; 16; 1; 14336; 128],1.3966499459929764,0.005005195959605057,tvm
64,2,4,1,512,128,[64; 2; 4; 1; 512; 128],0.028760119501384906,0.24306250418500688,tvm
2048,2,1,1,7168,16,[2048; 2; 1; 1; 7168; 16],1.2890311909723096,0.005423070221748291,tvm
2,1,64,1,512,64,[2; 1; 64; 1; 512; 64],0.049329462490277365,0.1417105785015287,tvm
4096,8,1,1,512,128,[4096; 8; 1; 1; 512; 128],0.31881596299353987,0.021926463785027963,tvm
4096,16,8,1,14336,16,[4096; 16; 8; 1; 14336; 16],2.2627113530179486,0.003089438101480731,tvm
1024,32,8,1,14336,64,[1024; 32; 8; 1; 14336; 64],1.0293003870174289,0.006791512715663924,tvm
1024,2,8,1,1792,64,[1024; 2; 8; 1; 1792; 64],0.1297059589996934,0.05389503088815828,tvm
1024,16,4,1,2048,128,[1024; 16; 4; 1; 2048; 128],0.17484020499978215,0.03998226075447222,tvm
512,1,16,1,112,16,[512; 1; 16; 1; 112; 16],0.15351536200614646,0.045536202861488094,tvm
1024,16,32,1,256,128,[1024; 16; 32; 1; 256; 128],0.1304376709740609,0.05359269768054057,tvm
256,32,32,1,3584,128,[256; 32; 32; 1; 3584; 128],0.19452785298926756,0.035935762201890674,tvm
1024,8,4,1,3584,64,[1024; 8; 4; 1; 3584; 64],0.31837291398551315,0.021956976738871557,tvm
64,64,32,1,3584,128,[64; 64; 32; 1; 3584; 128],0.03554239224467892,0.19668081480118213,tvm
4,2,1,1,128,64,[4; 2; 1; 1; 128; 64],0.01645740387175465,0.4247636335074856,tvm
4096,2,16,1,128,64,[4096; 2; 16; 1; 128; 64],0.24866709200432524,0.02811190901989185,tvm
64,32,2,1,2048,16,[64; 32; 2; 1; 2048; 16],0.07336350399418734,0.09528588856961537,tvm
8,8,16,1,14336,16,[8; 8; 16; 1; 14336; 16],0.2080147240194492,0.03360582622032592,tvm
2048,16,4,1,112,16,[2048; 16; 4; 1; 112; 16],0.22579628200037405,0.030959352407118407,tvm
4096,8,16,1,16,16,[4096; 8; 16; 1; 16; 16],0.4186415200238116,0.01669807301069674,tvm
1024,1,32,1,2048,128,[1024; 1; 32; 1; 2048; 128],0.12344532500719652,0.05662836293119355,tvm
128,4,32,1,2048,64,[128; 4; 32; 1; 2048; 64],0.03820275749603752,0.18298434785477824,tvm
32,16,64,1,1024,64,[32; 16; 64; 1; 1024; 64],0.03173252574924845,0.22029468192686266,tvm
256,16,1,1,2048,128,[256; 16; 1; 1; 2048; 128],0.10757232399191707,0.06498424880354849,tvm
64,32,2,1,448,16,[64; 32; 2; 1; 448; 16],0.06390267249662429,0.10939302526096926,tvm
2048,64,16,1,256,16,[2048; 64; 16; 1; 256; 16],0.20122467796318233,0.03473980794714307,tvm
8,4,8,1,2048,64,[8; 4; 8; 1; 2048; 64],0.0183384438714711,0.3811941032544051,tvm
8,2,64,1,1792,64,[8; 2; 64; 1; 1792; 64],0.014687511873489711,0.47594900531002887,tvm
128,16,32,1,1792,16,[128; 16; 32; 1; 1792; 16],0.06304785047541372,0.11087620932283329,tvm
32,4,16,1,448,16,[32; 4; 16; 1; 448; 16],0.02911187025893014,0.24012564649714704,tvm
4096,16,2,1,896,16,[4096; 16; 2; 1; 896; 16],0.35171557299327105,0.019875453927655367,tvm
32,32,8,1,256,128,[32; 32; 8; 1; 256; 128],0.01863918374874629,0.37504360496134187,tvm
4096,4,2,1,16,16,[4096; 4; 2; 1; 16; 16],0.4046315439627506,0.01727622764702249,tvm
512,4,8,1,3584,128,[512; 4; 8; 1; 3584; 128],0.18667862401343882,0.03744674412300911,tvm
8,4,2,1,896,64,[8; 4; 2; 1; 896; 64],0.02040995850256877,0.3425046976840669,tvm
32,4,16,1,256,128,[32; 4; 16; 1; 256; 128],0.02732942675356753,0.2557868018857783,tvm
64,8,32,1,224,16,[64; 8; 32; 1; 224; 16],0.040567429503425956,0.17231820581770685,tvm
512,4,1,1,256,16,[512; 4; 1; 1; 256; 16],0.17153733602026477,0.040752099973389085,tvm
32,4,16,1,112,16,[32; 4; 16; 1; 112; 16],0.030251789503381588,0.23107745959574583,tvm
2048,4,8,1,7168,16,[2048; 4; 8; 1; 7168; 16],0.7651314280228689,0.0091363475745996,tvm
128,32,4,1,14336,16,[128; 32; 4; 1; 14336; 16],0.6291327539947815,0.011111337984359102,tvm
32,4,16,1,7168,128,[32; 4; 16; 1; 7168; 128],0.11381278000772,0.06142110460874865,tvm
4096,2,32,1,1792,16,[4096; 2; 32; 1; 1792; 16],0.37517333700088784,0.01863273846310172,tvm
256,32,64,1,14336,64,[256; 32; 64; 1; 14336; 64],0.7659146289806813,0.009127005024006388,tvm
8,1,16,1,256,16,[8; 1; 16; 1; 256; 16],0.02298447350040078,0.30414038705497315,tvm
32,8,16,1,112,16,[32; 8; 16; 1; 112; 16],0.030327354252221994,0.23050169851709018,tvm
128,64,64,1,224,16,[128; 64; 64; 1; 224; 16],0.06130537448916584,0.114027631751961,tvm
128,64,4,1,14336,16,[128; 64; 4; 1; 14336; 16],0.644758761045523,0.010842049909226598,tvm
8,2,2,1,64,16,[8; 2; 2; 1; 64; 16],0.019628502253908664,0.3561406049345733,tvm
256,2,32,1,112,16,[256; 2; 32; 1; 112; 16],0.15363366797100753,0.04550113760211634,tvm
4,2,1,1,2048,128,[4; 2; 1; 1; 2048; 128],0.031111795251490548,0.22468991616071257,tvm
2048,64,32,1,64,64,[2048; 64; 32; 1; 64; 64],0.21896157204173505,0.03192572377647273,tvm
4096,2,1,1,1792,128,[4096; 2; 1; 1; 1792; 128],0.29417119396384805,0.023763396315159804,tvm
512,32,32,1,1792,64,[512; 32; 32; 1; 1792; 64],0.10112799901980907,0.0691253335814284,tvm
1024,8,64,1,256,16,[1024; 8; 64; 1; 256; 16],0.164536545984447,0.042486042385546686,tvm
256,8,16,1,256,16,[256; 8; 16; 1; 256; 16],0.16048880998278037,0.04355759549476822,tvm
4,1,16,1,2048,128,[4; 1; 16; 1; 2048; 128],0.02139723825530382,0.32670135198096895,tvm
32,8,8,1,896,64,[32; 8; 8; 1; 896; 64],0.02735330974974204,0.25556346674766084,tvm
4,1,8,1,256,64,[4; 1; 8; 1; 256; 64],0.019675658375490457,0.3552870523191534,tvm
256,16,64,1,512,64,[256; 16; 64; 1; 512; 64],0.10696731199277565,0.06535180268097969,tvm
256,16,4,1,7168,128,[256; 16; 4; 1; 7168; 128],0.3624318760121241,0.019287781040630156,tvm
4096,4,32,1,896,16,[4096; 4; 32; 1; 896; 16],0.36177590204169974,0.01932275374676811,tvm
512,1,4,1,512,64,[512; 1; 4; 1; 512; 64],0.10968470299849287,0.06373274007737177,tvm
16,1,64,1,1024,16,[16; 1; 64; 1; 1024; 16],0.02815974449913483,0.24824467661208505,tvm
512,2,32,1,1024,16,[512; 2; 32; 1; 1024; 16],0.14111330802552402,0.049538252376609665,tvm
64,4,32,1,2048,16,[64; 4; 32; 1; 2048; 16],0.0690766450134106,0.10119927893587657,tvm
8,1,32,1,512,128,[8; 1; 32; 1; 512; 128],0.01645565137732774,0.4248088699969692,tvm
16,4,8,1,448,16,[16; 4; 8; 1; 448; 16],0.022286606625129934,0.3136640218158789,tvm
8,2,4,1,14336,16,[8; 2; 4; 1; 14336; 16],0.15923035598825663,0.04390184662516375,tvm
32,32,16,1,16,16,[32; 32; 16; 1; 16; 16],0.03084814974863548,0.2266102415745658,tvm
2,2,1,1,256,128,[2; 2; 1; 1; 256; 128],0.028443816743674688,0.24576542345433336,tvm
512,64,4,1,2048,16,[512; 64; 4; 1; 2048; 16],0.14175691700074822,0.04931333732822201,tvm
8,2,8,1,64,64,[8; 2; 8; 1; 64; 64],0.01624623312818585,0.4302847688759756,tvm
4096,32,2,1,2048,128,[4096; 32; 2; 1; 2048; 128],0.34570289799012244,0.020221139907442728,tvm
128,32,2,1,896,128,[128; 32; 2; 1; 896; 128],0.03179994274978526,0.21982764942914473,tvm
4,2,64,1,896,128,[4; 2; 64; 1; 896; 128],0.01849524024873972,0.37796246886509116,tvm
512,16,64,1,128,128,[512; 16; 64; 1; 128; 128],0.14935132098617032,0.04680579067200869,tvm
512,16,4,1,2048,16,[512; 16; 4; 1; 2048; 16],0.14188277896028012,0.04926959224997735,tvm
512,64,32,1,896,16,[512; 64; 32; 1; 896; 16],0.12532382499193773,0.055779550832544225,tvm
8,1,64,1,512,128,[8; 1; 64; 1; 512; 128],0.017453648244554643,0.4005183654854298,tvm
128,16,32,1,512,16,[128; 16; 32; 1; 512; 16],0.07026430749101564,0.09948872928919864,tvm
4,1,16,1,112,16,[4; 1; 16; 1; 112; 16],0.02752140375378076,0.2540025475883055,tvm
32,16,4,1,128,128,[32; 16; 4; 1; 128; 128],0.028052878493326716,0.2491903520107423,tvm
128,1,16,1,2048,128,[128; 1; 16; 1; 2048; 128],0.03698346724559087,0.18901707133746545,tvm
4096,32,2,1,64,16,[4096; 32; 2; 1; 64; 16],0.29255413997452706,0.023894745318850507,tvm
1024,1,16,1,896,16,[1024; 1; 16; 1; 896; 16],0.1263663040008396,0.05531938851847895,tvm
256,64,2,1,2048,64,[256; 64; 2; 1; 2048; 64],0.10835315601434559,0.06451594880855291,tvm
2,2,4,1,64,64,[2; 2; 4; 1; 64; 64],0.021003122623369563,0.3328317789702629,tvm
256,8,32,1,64,16,[256; 8; 32; 1; 64; 16],0.181026991980616,0.0386158251329459,tvm
8,8,32,1,448,16,[8; 8; 32; 1; 448; 16],0.02145297524839407,0.325852548922787,tvm
32,2,16,1,1792,128,[32; 2; 16; 1; 1792; 128],0.02462345187086612,0.2838962913618812,tvm
16,2,8,1,448,64,[16; 2; 8; 1; 448; 64],0.017998795628955122,0.38838746829375964,tvm
8,1,1,1,14336,64,[8; 1; 1; 1; 14336; 64],0.24710372602567077,0.028289766322424643,tvm
2048,1,8,1,2048,16,[2048; 1; 8; 1; 2048; 16],0.22720810997998342,0.030766976879841642,tvm
32,16,8,1,128,64,[32; 16; 8; 1; 128; 64],0.030987237245426513,0.2255930921269341,tvm
16,4,8,1,7168,128,[16; 4; 8; 1; 7168; 128],0.11408936203224584,0.06127220401750422,tvm
256,4,64,1,1792,128,[256; 4; 64; 1; 1792; 128],0.10178732598433271,0.06867757453165298,tvm
2048,2,64,1,3584,128,[2048; 2; 64; 1; 3584; 128],0.30974995298311114,0.02256822510978014,tvm
128,1,8,1,64,64,[128; 1; 8; 1; 64; 64],0.03250739324721508,0.21504359372972937,tvm
2,1,64,1,128,16,[2; 1; 64; 1; 128; 16],0.041563174498151056,0.16818991212948955,tvm
2,1,64,1,1024,128,[2; 1; 64; 1; 1024; 128],0.05317075550556183,0.1314727729594784,tvm
2048,32,8,1,448,64,[2048; 32; 8; 1; 448; 64],0.11668182100402191,0.05991084649275152,tvm
256,16,32,1,512,128,[256; 16; 32; 1; 512; 128],0.10749351099366322,0.06503189450271803,tvm
4096,8,16,1,2048,16,[4096; 8; 16; 1; 2048; 16],0.42023071902804077,0.016634925411533778,tvm
256,1,64,1,14336,64,[256; 1; 64; 1; 14336; 64],0.7478033080114983,0.009348055286429917,tvm
16,1,64,1,14336,16,[16; 1; 64; 1; 14336; 16],0.26418418902903795,0.026460730645384314,tvm
4096,16,4,1,112,16,[4096; 16; 4; 1; 112; 16],0.36245643900474533,0.01928647394390791,tvm
128,1,1,1,7168,64,[128; 1; 1; 1; 7168; 64],0.37361512100324035,0.01871044899867968,tvm
1024,16,32,1,128,16,[1024; 16; 32; 1; 128; 16],0.17120214499300346,0.040831887164453164,tvm
512,4,2,1,7168,64,[512; 4; 2; 1; 7168; 64],0.41546918998938054,0.016825571751410365,tvm
2048,1,16,1,256,16,[2048; 1; 16; 1; 256; 16],0.23527064401423559,0.029712617551400464,tvm
128,32,64,1,896,128,[128; 32; 64; 1; 896; 128],0.028118593254475854,0.2486079799014815,tvm
64,8,8,1,512,64,[64; 8; 8; 1; 512; 64],0.031364840499009006,0.22287716294580032,tvm
2048,16,64,1,1792,64,[2048; 16; 64; 1; 1792; 64],0.1812424740055576,0.03856991417173168,tvm
16,16,64,1,1792,16,[16; 16; 64; 1; 1792; 16],0.021785789002024103,0.3208746153750586,tvm
64,64,1,1,3584,64,[64; 64; 1; 1; 3584; 64],0.07526788098039106,0.0928750295027948,tvm
2048,1,16,1,7168,16,[2048; 1; 16; 1; 7168; 16],0.7720354939810932,0.009054644146759737,tvm
1024,32,32,1,14336,64,[1024; 32; 32; 1; 14336; 64],0.8311644660425372,0.008410497503521653,tvm
2,1,16,1,1792,128,[2; 1; 16; 1; 1792; 128],0.02798623649869114,0.2497837344793966,tvm
4,2,2,1,448,16,[4; 2; 2; 1; 448; 16],0.02186752900161082,0.3196751981511824,tvm
128,1,8,1,14336,64,[128; 1; 8; 1; 14336; 64],0.2932742569828406,0.023836073232556786,tvm
32,8,4,1,448,64,[32; 8; 4; 1; 448; 64],0.02805886825080961,0.24913715707207695,tvm
1024,16,8,1,2048,64,[1024; 16; 8; 1; 2048; 64],0.14522251597372815,0.04813652084041363,tvm
64,16,32,1,16,16,[64; 16; 32; 1; 16; 16],0.04016708549170289,0.17403569567203625,tvm
4096,64,16,1,1792,128,[4096; 64; 16; 1; 1792; 128],0.22298332303762436,0.03134990801750293,tvm
16,16,1,1,128,64,[16; 16; 1; 1; 128; 64],0.019679899131006096,0.3552104927028298,tvm
2048,64,2,1,128,16,[2048; 64; 2; 1; 128; 16],0.21583110402571037,0.03238878241494766,tvm
1024,64,8,1,256,128,[1024; 64; 8; 1; 256; 128],0.1274678450427018,0.05484133401898214,tvm
256,32,16,1,3584,128,[256; 32; 16; 1; 3584; 128],0.18375370901776478,0.038042805797138195,tvm
1024,4,4,1,1024,16,[1024; 4; 4; 1; 1024; 16],0.19749547296669334,0.0353957817951887,tvm
4,1,1,1,14336,64,[4; 1; 1; 1; 14336; 64],0.31354940199526027,0.022294753624732915,tvm
512,1,64,1,112,16,[512; 1; 64; 1; 112; 16],0.18720329098869115,0.037341793671185834,tvm
1024,16,2,1,448,16,[1024; 16; 2; 1; 448; 16],0.12399463600013405,0.056377492544589666,tvm
128,32,1,1,512,16,[128; 32; 1; 1; 512; 16],0.0702134300081525,0.09956082000060383,tvm
8,2,16,1,112,16,[8; 2; 16; 1; 112; 16],0.02340338487556437,0.2986963938693117,tvm
256,8,64,1,128,64,[256; 8; 64; 1; 128; 64],0.11206270102411509,0.062380315687396826,tvm
64,4,32,1,7168,128,[64; 4; 32; 1; 7168; 128],0.10948299197480083,0.06385016102113503,tvm
32,1,4,1,7168,64,[32; 1; 4; 1; 7168; 64],0.1265567039954476,0.055236162494545715,tvm
8,1,1,1,3584,128,[8; 1; 1; 1; 3584; 128],0.061507298989454284,0.11365328638256773,tvm
128,8,8,1,14336,128,[128; 8; 8; 1; 14336; 128],0.31987894501071423,0.021853600481371232,tvm
128,64,4,1,14336,128,[128; 64; 4; 1; 14336; 128],0.4296456699958071,0.016270399435737097,tvm
4096,1,16,1,1792,16,[4096; 1; 16; 1; 1792; 16],0.3521523799863644,0.01985080057371001,tvm
4096,16,4,1,1792,64,[4096; 16; 4; 1; 1792; 64],0.3119819779531099,0.022406764366745963,tvm
2048,32,1,1,128,128,[2048; 32; 1; 1; 128; 128],0.18177629704587162,0.03845664577985434,tvm
8,4,64,1,3584,128,[8; 4; 64; 1; 3584; 128],0.033833713256171905,0.20661364047564207,tvm
32,4,4,1,14336,128,[32; 4; 4; 1; 14336; 128],0.30785013001877815,0.02270749947787991,tvm
4,1,1,1,128,64,[4; 1; 1; 1; 128; 64],0.016366270872822497,0.42712886282940377,tvm
32,4,16,1,1024,128,[32; 4; 16; 1; 1024; 128],0.02865218700026162,0.24397811820098889,tvm
4096,16,64,1,14336,64,[4096; 16; 64; 1; 14336; 64],1.0708543810178526,0.006527971300843122,tvm
32,1,16,1,2048,16,[32; 1; 16; 1; 2048; 16],0.0563029210024979,0.12415886320279068,tvm
16,1,64,1,3584,128,[16; 1; 64; 1; 3584; 128],0.05497796199051663,0.12715106951167973,tvm
1,1,1,1,2048,128,[1; 1; 1; 1; 2048; 128],0.05856184699223377,0.11936964125454785,tvm
256,4,64,1,14336,16,[256; 4; 64; 1; 14336; 16],0.970565929019358,0.007202505731609337,tvm
16,2,8,1,7168,128,[16; 2; 8; 1; 7168; 128],0.11379061796469614,0.06143306708146617,tvm
64,4,1,1,256,16,[64; 4; 1; 1; 256; 16],0.05407630751142278,0.12927115382628576,tvm
256,8,8,1,448,64,[256; 8; 8; 1; 448; 64],0.09546676449826919,0.07322450596713587,tvm
2048,4,32,1,128,128,[2048; 4; 32; 1; 128; 128],0.17209130199626088,0.04062091799862467,tvm
128,1,32,1,1792,128,[128; 1; 32; 1; 1792; 128],0.027524968740181066,0.25396964961714547,tvm
64,16,8,1,128,16,[64; 16; 8; 1; 128; 16],0.044909280753927305,0.15565839731368553,tvm
128,16,16,1,14336,16,[128; 16; 16; 1; 14336; 16],0.5326569899916649,0.013123842919579552,tvm
2048,8,32,1,896,128,[2048; 8; 32; 1; 896; 128],0.135594229970593,0.05155460278938663,tvm
8,8,2,1,128,128,[8; 8; 2; 1; 128; 128],0.015388385370897595,0.45427161447925934,tvm
64,32,64,1,64,16,[64; 32; 64; 1; 64; 16],0.039886862752609886,0.1752583729140057,tvm
4096,4,32,1,896,128,[4096; 4; 32; 1; 896; 128],0.21492772799683735,0.032524917709870975,tvm
256,1,4,1,7168,128,[256; 1; 4; 1; 7168; 128],0.36618725798325613,0.019089977912301652,tvm
1024,2,32,1,448,16,[1024; 2; 32; 1; 448; 16],0.12865465902723372,0.05433543347378435,tvm
4096,16,1,1,2048,16,[4096; 16; 1; 1; 2048; 16],0.42354859900660813,0.016504615250911507,tvm
512,8,16,1,896,16,[512; 8; 16; 1; 896; 16],0.12343228899408132,0.05663434360357578,tvm
2,2,32,1,512,16,[2; 2; 32; 1; 512; 16],0.06852154299849644,0.10201910757935002,tvm
128,8,8,1,1792,128,[128; 8; 8; 1; 1792; 128],0.02988975575135555,0.23387633960005294,tvm
1024,32,16,1,1792,16,[1024; 32; 16; 1; 1792; 16],0.1568252730066888,0.04457512831091014,tvm
4,4,32,1,224,16,[4; 4; 32; 1; 224; 16],0.02693758675013669,0.25950753241216734,tvm
2,2,32,1,14336,128,[2; 2; 32; 1; 14336; 128],0.48014572297688574,0.014559135554360005,tvm
512,8,16,1,512,16,[512; 8; 16; 1; 512; 16],0.14107229898218066,0.0495526529099073,tvm
512,8,16,1,14336,128,[512; 8; 16; 1; 14336; 128],0.7498332130489871,0.009322748772679362,tvm
8,1,16,1,512,16,[8; 1; 16; 1; 512; 16],0.02646488300524652,0.26414273833293866,tvm
64,1,16,1,112,16,[64; 1; 16; 1; 112; 16],0.06183550498099066,0.11305004574339084,tvm
4096,8,8,1,2048,64,[4096; 8; 8; 1; 2048; 64],0.30920483701629564,0.022608012003053676,tvm
1024,32,2,1,128,16,[1024; 32; 2; 1; 128; 16],0.15415140299592167,0.045348316854771746,tvm
64,16,1,1,256,16,[64; 16; 1; 1; 256; 16],0.058278580487240106,0.11994984449213231,tvm
64,1,32,1,7168,64,[64; 1; 32; 1; 7168; 64],0.1181868480052799,0.0591479236873664,tvm
32,2,2,1,1024,16,[32; 2; 2; 1; 1024; 16],0.057627379486802965,0.12130530190545168,tvm
256,64,1,1,256,16,[256; 64; 1; 1; 256; 16],0.16580472700297832,0.04216108185227492,tvm
256,64,4,1,14336,64,[256; 64; 4; 1; 14336; 64],0.724242344032973,0.00965216508570839,tvm
256,64,16,1,128,64,[256; 64; 16; 1; 128; 64],0.12963192502502352,0.053925810831839865,tvm
32,8,8,1,2048,16,[32; 8; 8; 1; 2048; 16],0.03458728824625723,0.2021120192162832,tvm
64,32,8,1,1024,16,[64; 32; 8; 1; 1024; 16],0.05175088701071218,0.13507993911717237,tvm
256,8,4,1,1024,64,[256; 8; 4; 1; 1024; 64],0.10838079097447917,0.06449949851641835,tvm
4096,8,8,1,224,16,[4096; 8; 8; 1; 224; 16],0.3474630850250833,0.020118703159968845,tvm
512,2,8,1,128,64,[512; 2; 8; 1; 128; 64],0.13054534402908757,0.053548494729226584,tvm
16,2,1,1,14336,64,[16; 2; 1; 1; 14336; 64],0.22483512799954042,0.031091701411893945,tvm
4096,4,64,1,64,16,[4096; 4; 64; 1; 64; 16],0.40103679202729836,0.017431085640119588,tvm
512,8,8,1,1792,16,[512; 8; 8; 1; 1792; 16],0.12374742300016806,0.05649011912480128,tvm
64,64,8,1,1024,128,[64; 64; 8; 1; 1024; 128],0.022358294001605827,0.3126583211654964,tvm
4,2,4,1,256,128,[4; 2; 4; 1; 256; 128],0.018662431626580656,0.37457641139915443,tvm
16,4,64,1,1792,128,[16; 4; 64; 1; 1792; 128],0.025901499247993343,0.26988810955443976,tvm
512,64,32,1,1024,128,[512; 64; 32; 1; 1024; 128],0.10943302401574329,0.06387931549493685,tvm
128,64,64,1,1024,128,[128; 64; 64; 1; 1024; 128],0.03330948049551807,0.20986537654369206,tvm
32,4,2,1,256,64,[32; 4; 2; 1; 256; 64],0.02928937124670483,0.23867042442753447,tvm
32,16,1,1,1024,16,[32; 16; 1; 1; 1024; 16],0.04934309174132068,0.14167143606067772,tvm
512,4,16,1,32,16,[512; 4; 16; 1; 32; 16],0.16263690404593945,0.04298229056728776,tvm
64,8,64,1,448,64,[64; 8; 64; 1; 448; 64],0.028951533997314982,0.24145548444220535,tvm
128,16,64,1,2048,64,[128; 16; 64; 1; 2048; 64],0.032531452510738745,0.21488455408989426,tvm
256,4,4,1,512,128,[256; 4; 4; 1; 512; 128],0.10583164996933192,0.06605308212328154,tvm
64,16,8,1,224,16,[64; 16; 8; 1; 224; 16],0.044668235001154244,0.15649838563099772,tvm
16,16,64,1,1024,64,[16; 16; 64; 1; 1024; 64],0.016525071747309994,0.4230242853744102,tvm
2048,8,2,1,16,16,[2048; 8; 2; 1; 16; 16],0.28591529797995463,0.024449572009808188,tvm
2,2,32,1,64,64,[2; 2; 32; 1; 64; 64],0.021082821622258052,0.3315735811797831,tvm
1024,2,8,1,224,16,[1024; 2; 8; 1; 224; 16],0.15277084201807156,0.04575812094980629,tvm
4096,4,1,1,512,16,[4096; 4; 1; 1; 512; 16],0.3940505220089108,0.01774012791818758,tvm
16,16,4,1,2048,128,[16; 16; 4; 1; 2048; 128],0.023193505752715282,0.30139931156583705,tvm
4096,64,64,1,512,128,[4096; 64; 64; 1; 512; 128],0.3210095060057938,0.021776634448141537,tvm
16,8,8,1,7168,16,[16; 8; 8; 1; 7168; 16],0.09813594800652936,0.07123288467342835,tvm
2048,1,16,1,512,16,[2048; 1; 16; 1; 512; 16],0.2327103220159188,0.030039521264503575,tvm
16,4,1,1,128,16,[16; 4; 1; 1; 128; 16],0.02902563300449401,0.24083907715584818,tvm
1024,2,8,1,128,64,[1024; 2; 8; 1; 128; 64],0.14535956003237516,0.048091138038046544,tvm
512,4,2,1,1792,16,[512; 4; 2; 1; 1792; 16],0.1240799090010114,0.05633874752930135,tvm
64,16,64,1,16,16,[64; 16; 64; 1; 16; 16],0.04017189623846207,0.17401485419485116,tvm
256,2,32,1,256,64,[256; 2; 32; 1; 256; 64],0.137139450001996,0.05097371082183079,tvm
512,32,2,1,1024,16,[512; 32; 2; 1; 1024; 16],0.13941593398340046,0.050141375285690015,tvm
2048,8,16,1,128,128,[2048; 8; 16; 1; 128; 128],0.18120384000940248,0.03857813756211754,tvm
128,16,16,1,2048,128,[128; 16; 16; 1; 2048; 128],0.03471217599872034,0.20138485893031802,tvm
32,1,16,1,256,64,[32; 1; 16; 1; 256; 64],0.02939098775095772,0.23784524446405778,tvm
1024,2,64,1,896,128,[1024; 2; 64; 1; 896; 128],0.11677834100555629,0.05986132879156127,tvm
1024,16,16,1,2048,128,[1024; 16; 16; 1; 2048; 128],0.1290181300137192,0.054182359222873004,tvm
64,32,16,1,512,64,[64; 32; 16; 1; 512; 64],0.031713181248051114,0.22042905793616205,tvm
4,2,64,1,32,16,[4; 2; 64; 1; 32; 16],0.03607701099826954,0.19376623709214633,tvm
4096,16,2,1,1024,128,[4096; 16; 2; 1; 1024; 128],0.339092469017487,0.02061534037285318,tvm
2,1,16,1,128,64,[2; 1; 16; 1; 128; 64],0.02078859212633688,0.33626647846972074,tvm
64,1,2,1,64,64,[64; 1; 2; 1; 64; 64],0.03061673275078647,0.22832307821895523,tvm
4096,4,8,1,32,16,[4096; 4; 8; 1; 32; 16],0.36202940600924194,0.019309223368690145,tvm
2048,8,16,1,3584,16,[2048; 8; 16; 1; 3584; 16],0.46008640696527436,0.01519389958241971,tvm
1024,4,32,1,14336,64,[1024; 4; 32; 1; 14336; 64],0.831596783013083,0.00840612519127156,tvm
128,16,64,1,112,16,[128; 16; 64; 1; 112; 16],0.06127827099408023,0.11407806638901385,tvm
64,64,8,1,7168,128,[64; 64; 8; 1; 7168; 128],0.10560114902909845,0.06619725950842097,tvm
32,16,2,1,7168,64,[32; 16; 2; 1; 7168; 64],0.1401355549460277,0.0498838904185238,tvm
128,1,1,1,3584,64,[128; 1; 1; 1; 3584; 64],0.16909630200825632,0.04134038759951916,tvm
512,8,2,1,128,64,[512; 8; 2; 1; 128; 64],0.12383023899747059,0.05645233929338906,tvm
256,2,64,1,256,128,[256; 2; 64; 1; 256; 128],0.13736738299485296,0.050889130405349536,tvm
4096,64,16,1,7168,128,[4096; 64; 16; 1; 7168; 128],0.7531182339880615,0.009282083942715269,tvm
4096,16,32,1,448,16,[4096; 16; 32; 1; 448; 16],0.37040672899456695,0.0188725153175314,tvm
512,32,16,1,256,64,[512; 32; 16; 1; 256; 64],0.13238133501727134,0.05280583298056814,tvm
512,32,32,1,128,16,[512; 32; 32; 1; 128; 16],0.17810491903219372,0.03924937449595698,tvm
4096,4,4,1,7168,128,[4096; 4; 4; 1; 7168; 128],0.9863669300102629,0.007087125950779729,tvm
4,1,2,1,128,64,[4; 1; 2; 1; 128; 64],0.017020386876538396,0.41071373508569714,tvm
8,2,64,1,2048,64,[8; 2; 64; 1; 2048; 64],0.01653577187244082,0.42275055078120216,tvm
2048,64,16,1,14336,64,[2048; 64; 16; 1; 14336; 64],1.0098674960318021,0.0069222018672106325,tvm
32,32,8,1,3584,64,[32; 32; 8; 1; 3584; 64],0.04165123724669684,0.16783431006532828,tvm
128,32,16,1,512,128,[128; 32; 16; 1; 512; 128],0.03354217424930539,0.20840946727868812,tvm
4096,2,4,1,128,64,[4096; 2; 4; 1; 128; 64],0.2524152270052582,0.027694472911180764,tvm
8,2,4,1,512,64,[8; 2; 4; 1; 512; 64],0.020455294870771468,0.3417455827857749,tvm
16,1,32,1,512,64,[16; 1; 32; 1; 512; 64],0.03328250625054352,0.21003546469859097,tvm
4,4,32,1,256,16,[4; 4; 32; 1; 256; 16],0.027707239249139093,0.25229892461710607,tvm
64,2,2,1,1792,128,[64; 2; 2; 1; 1792; 128],0.024484640001901425,0.2855057973539247,tvm
4096,8,1,1,3584,16,[4096; 8; 1; 1; 3584; 16],0.6754454370238818,0.010349476483945071,tvm
1024,16,16,1,14336,64,[1024; 16; 16; 1; 14336; 64],0.8981163309654221,0.007783520269754236,tvm
32,8,4,1,1792,128,[32; 8; 4; 1; 1792; 128],0.024601585500931833,0.2841486239332781,tvm
32,32,4,1,32,16,[32; 32; 4; 1; 32; 16],0.03347139649849851,0.20885016455707947,tvm
16,4,8,1,3584,16,[16; 4; 8; 1; 3584; 16],0.04488442950241733,0.1557445810086587,tvm
1024,16,1,1,128,64,[1024; 16; 1; 1; 128; 64],0.1277802039985545,0.05470727427188758,tvm
8,4,8,1,256,64,[8; 4; 8; 1; 256; 64],0.016557245748117566,0.422202265582815,tvm
1024,32,64,1,3584,16,[1024; 32; 64; 1; 3584; 16],0.26465015101712197,0.02641414199009622,tvm
4096,16,64,1,1024,64,[4096; 16; 64; 1; 1024; 64],0.3469262729631737,0.020149833585560443,tvm
512,4,8,1,224,16,[512; 4; 8; 1; 224; 16],0.14385845698416233,0.04859294902235929,tvm
256,8,32,1,1792,16,[256; 8; 32; 1; 1792; 16],0.12316147098317742,0.05675887605809367,tvm
128,32,8,1,32,16,[128; 32; 8; 1; 32; 16],0.06277190949185751,0.11136361348977991,tvm
4,1,4,1,64,16,[4; 1; 4; 1; 64; 16],0.02309539937414229,0.30267961828333956,tvm
64,64,16,1,32,16,[64; 64; 16; 1; 32; 16],0.04212448198813945,0.16594878647136624,tvm
4,1,16,1,896,64,[4; 1; 16; 1; 896; 64],0.01840957187960157,0.3797213054374385,tvm
32,32,32,1,128,64,[32; 32; 32; 1; 128; 64],0.018010673629760277,0.3881313275876462,tvm
2048,1,64,1,512,128,[2048; 1; 64; 1; 512; 128],0.20216196996625513,0.03457874232148372,tvm
1024,32,64,1,3584,128,[1024; 32; 64; 1; 3584; 128],0.20886484399670735,0.033469044061703694,tvm
32,4,64,1,14336,64,[32; 4; 64; 1; 14336; 64],0.22356475598644465,0.031268375177572805,tvm
128,1,8,1,128,64,[128; 1; 8; 1; 128; 64],0.033450372502557,0.20898142961284813,tvm
4096,1,16,1,256,64,[4096; 1; 16; 1; 256; 64],0.22555912798270583,0.03099190322815331,tvm
512,2,4,1,512,16,[512; 2; 4; 1; 512; 16],0.13940561196068302,0.050145087908212906,tvm
1024,2,1,1,3584,64,[1024; 2; 1; 1; 3584; 64],0.3252729669911787,0.021491200856098954,tvm
2048,8,4,1,3584,16,[2048; 8; 4; 1; 3584; 16],0.4454421899863519,0.015693409434074605,tvm
128,8,1,1,16,16,[128; 8; 1; 1; 16; 16],0.06144971351022832,0.11375979263927886,tvm
4096,8,32,1,256,16,[4096; 8; 32; 1; 256; 16],0.35380086599616334,0.01975830852472383,tvm
32,4,32,1,3584,128,[32; 4; 32; 1; 3584; 128],0.051484352006809786,0.135779249309422,tvm
4,2,4,1,128,64,[4; 2; 4; 1; 128; 64],0.01774879674485419,0.3938580607552107,tvm
16,2,32,1,512,128,[16; 2; 32; 1; 512; 128],0.03072822499962058,0.2274946459404337,tvm
256,64,64,1,2048,128,[256; 64; 64; 1; 2048; 128],0.1103947309893556,0.06332282894317394,tvm
64,8,32,1,896,128,[64; 8; 32; 1; 896; 128],0.025475121758063324,0.27440523083875146,tvm
16,4,64,1,512,16,[16; 4; 64; 1; 512; 16],0.02837530024407897,0.24635886163443732,tvm
128,8,64,1,256,64,[128; 8; 64; 1; 256; 64],0.03158809074375313,0.22130196862401733,tvm
32,16,1,1,64,64,[32; 16; 1; 1; 64; 64],0.03381301701301709,0.20674010437978702,tvm
256,4,8,1,3584,16,[256; 4; 8; 1; 3584; 16],0.24065096297999844,0.029048322018340223,tvm
4096,8,2,1,1024,128,[4096; 8; 2; 1; 1024; 128],0.338144084031228,0.02067315974695889,tvm
1024,2,64,1,2048,64,[1024; 2; 64; 1; 2048; 64],0.11837081902194768,0.05905599643921129,tvm
128,4,8,1,14336,128,[128; 4; 8; 1; 14336; 128],0.27931991702644154,0.025026882225533946,tvm
256,1,2,1,7168,128,[256; 1; 2; 1; 7168; 128],0.36576665099710226,0.01911193009972374,tvm
128,16,4,1,1792,16,[128; 16; 4; 1; 1792; 16],0.06411018752260134,0.10903893650603098,tvm
4096,1,8,1,224,16,[4096; 1; 8; 1; 224; 16],0.357493493007496,0.019554220715620376,tvm
8,8,4,1,14336,64,[8; 8; 4; 1; 14336; 64],0.16414685198105872,0.042586906677158316,tvm
512,2,4,1,224,16,[512; 2; 4; 1; 224; 16],0.15882037003757432,0.04401517680013481,tvm
64,4,64,1,3584,64,[64; 4; 64; 1; 3584; 64],0.055394718976458535,0.1261944603354242,tvm
512,32,2,1,896,64,[512; 32; 2; 1; 896; 64],0.09535088247503154,0.07331349731867653,tvm
2,1,8,1,448,16,[2; 1; 8; 1; 448; 16],0.03360613550466951,0.20801280961612945,tvm
2048,64,4,1,64,16,[2048; 64; 4; 1; 64; 16],0.2255653950269334,0.030991042158004654,tvm
2048,32,64,1,256,128,[2048; 32; 64; 1; 256; 128],0.16109872900415212,0.04339268664550727,tvm
8,8,2,1,3584,16,[8; 8; 2; 1; 3584; 16],0.04296335324761458,0.1627085908862292,tvm
4096,16,1,1,1792,64,[4096; 16; 1; 1; 1792; 64],0.3205138660268858,0.021810309654685202,tvm
256,4,16,1,1024,128,[256; 4; 16; 1; 1024; 128],0.10839749197475612,0.06448956096045685,tvm
4096,64,4,1,3584,16,[4096; 64; 4; 1; 3584; 16],0.6750343349995092,0.010355779408867772,tvm
16,4,32,1,14336,64,[16; 4; 32; 1; 14336; 64],0.20004349102964625,0.034944934377448354,tvm
256,32,16,1,2048,128,[256; 32; 16; 1; 2048; 128],0.10734541597776115,0.06512161327983391,tvm
128,64,2,1,3584,128,[128; 64; 2; 1; 3584; 128],0.12802137300604954,0.05460421570651595,tvm
4,1,1,1,128,128,[4; 1; 1; 1; 128; 128],0.016559762370889075,0.42213810259472667,tvm
128,4,64,1,128,128,[128; 4; 64; 1; 128; 128],0.03220124825020321,0.2170880647964494,tvm
1024,4,16,1,256,64,[1024; 4; 16; 1; 256; 64],0.1410671109915711,0.049554475295693526,tvm
256,4,8,1,112,16,[256; 4; 8; 1; 112; 16],0.15271048998693004,0.0457762048125506,tvm
64,8,8,1,32,16,[64; 8; 8; 1; 32; 16],0.04550002174801193,0.15363743572215124,tvm
128,2,16,1,896,128,[128; 2; 16; 1; 896; 128],0.029157929500797763,0.23974633269057757,tvm
4096,64,1,1,224,16,[4096; 64; 1; 1; 224; 16],0.2262665790040046,0.030895003130546047,tvm
128,2,2,1,1024,128,[128; 2; 2; 1; 1024; 128],0.035161799503839575,0.1988096959003285,tvm
32,1,4,1,1024,128,[32; 1; 4; 1; 1024; 128],0.027392703748773783,0.2551959357783217,tvm
64,2,64,1,112,16,[64; 2; 64; 1; 112; 16],0.060477327002445236,0.11558888286157265,tvm
128,64,4,1,1792,128,[128; 64; 4; 1; 1792; 128],0.030604281753767282,0.228415968814761,tvm
128,8,8,1,2048,16,[128; 8; 8; 1; 2048; 16],0.07164767599897459,0.09756780759737013,tvm
32,2,8,1,896,16,[32; 2; 8; 1; 896; 16],0.02845653099939227,0.245655616519665,tvm
64,2,64,1,512,16,[64; 2; 64; 1; 512; 16],0.06983860497712158,0.10009516468658969,tvm
128,32,4,1,128,64,[128; 32; 4; 1; 128; 64],0.03269676549825817,0.21379811000079094,tvm
64,64,4,1,14336,64,[64; 64; 4; 1; 14336; 64],0.34781183302402496,0.020098530305562665,tvm
16,8,2,1,1792,128,[16; 8; 2; 1; 1792; 128],0.026194749254500493,0.26686671434603004,tvm
512,64,32,1,256,128,[512; 64; 32; 1; 256; 128],0.1085293700452894,0.06441119729847802,tvm
128,1,32,1,3584,16,[128; 1; 32; 1; 3584; 16],0.12904844497097656,0.05416963116633335,tvm
64,8,8,1,128,128,[64; 8; 8; 1; 128; 128],0.02723835624055937,0.25664201631438494,tvm
8,1,4,1,256,16,[8; 1; 4; 1; 256; 16],0.018179282618802972,0.384531491877261,tvm
64,2,64,1,2048,16,[64; 2; 64; 1; 2048; 16],0.06929054198553786,0.10088688104251958,tvm
32,16,4,1,1024,128,[32; 16; 4; 1; 1024; 128],0.027651851502014324,0.25280428929532756,tvm
32,8,16,1,2048,16,[32; 8; 16; 1; 2048; 16],0.035417759252595715,0.19737292291167016,tvm
128,4,4,1,512,128,[128; 4; 4; 1; 512; 128],0.03423397724691313,0.20419791180696073,tvm
128,64,2,1,7168,128,[128; 64; 2; 1; 7168; 128],0.281732753966935,0.024812545109636396,tvm
32,1,64,1,2048,128,[32; 1; 64; 1; 2048; 128],0.0282186590047786,0.24772639498860952,tvm
256,32,16,1,7168,128,[256; 32; 16; 1; 7168; 128],0.3783269730047323,0.018477420764231967,tvm
512,8,1,1,128,16,[512; 8; 1; 1; 128; 16],0.18013873096788302,0.03880623910864014,tvm
2048,2,1,1,128,64,[2048; 2; 1; 1; 128; 64],0.1890009680064395,0.036986618324772236,tvm
128,64,32,1,112,16,[128; 64; 32; 1; 112; 16],0.06213842501165345,0.11249893548727162,tvm
8,1,64,1,224,16,[8; 1; 64; 1; 224; 16],0.022287710999080446,0.313648479512099,tvm
256,2,4,1,14336,128,[256; 2; 4; 1; 14336; 128],0.7221775670186616,0.009679761579309797,tvm
8,8,2,1,64,64,[8; 8; 2; 1; 64; 64],0.016279050381854177,0.4294173494578528,tvm
2048,32,1,1,1792,64,[2048; 32; 1; 1; 1792; 64],0.2761982639785856,0.02530974150948559,tvm
1024,1,1,1,1024,64,[1024; 1; 1; 1; 1024; 64],0.17690660600783303,0.03951523814976781,tvm
1,1,64,1,1024,64,[1; 1; 64; 1; 1024; 64],0.12944120401516557,0.05400526609631695,tvm
32,32,16,1,2048,64,[32; 32; 16; 1; 2048; 64],0.020970868252334185,0.33334369290544663,tvm
128,4,64,1,64,16,[128; 4; 64; 1; 64; 16],0.06194398700608872,0.11285206207310391,tvm
2048,64,2,1,3584,16,[2048; 64; 2; 1; 3584; 16],0.5816324939951301,0.012018769134870924,tvm
64,64,64,1,128,64,[64; 64; 64; 1; 128; 64],0.0186019791290164,0.3757937055075224,tvm
512,32,2,1,1792,64,[512; 32; 2; 1; 1792; 64],0.09646353701828048,0.07246786591851717,tvm
2048,1,16,1,112,16,[2048; 1; 16; 1; 112; 16],0.19725390302482992,0.03543912976863487,tvm
32,32,64,1,2048,128,[32; 32; 64; 1; 2048; 128],0.015111756874830462,0.46258729044997904,tvm
4096,64,8,1,16,16,[4096; 64; 8; 1; 16; 16],0.39480787399224937,0.017706097388533595,tvm
2048,4,1,1,896,64,[2048; 4; 1; 1; 896; 64],0.18258743901969865,0.038285802704711186,tvm
16,16,32,1,16,16,[16; 16; 32; 1; 16; 16],0.02574849325174,0.27149187326502183,tvm
32,2,4,1,3584,64,[32; 2; 4; 1; 3584; 64],0.05547582751023583,0.1260099574968368,tvm
2048,16,2,1,14336,16,[2048; 16; 2; 1; 14336; 16],2.211454910982866,0.0031610441759175566,tvm
512,4,4,1,3584,16,[512; 4; 4; 1; 3584; 16],0.2456589100183919,0.02845614948850544,tvm
128,64,64,1,2048,16,[128; 64; 64; 1; 2048; 16],0.07105322802090086,0.09838408276975615,tvm
4,4,64,1,256,64,[4; 4; 64; 1; 256; 64],0.018746551249932963,0.37289561015611683,tvm
256,64,2,1,1024,16,[256; 64; 2; 1; 1024; 16],0.13858820701716468,0.050440847869551164,tvm
512,8,32,1,128,128,[512; 8; 32; 1; 128; 128],0.15290057001402602,0.04571929761952756,tvm
256,1,4,1,512,128,[256; 1; 4; 1; 512; 128],0.10549817298306152,0.06626187420126263,tvm
256,4,2,1,7168,128,[256; 4; 2; 1; 7168; 128],0.3676691160071641,0.01901303743589509,tvm
64,32,16,1,1024,128,[64; 32; 16; 1; 1024; 128],0.028116945250076242,0.24862255143622727,tvm
16,8,2,1,3584,16,[16; 8; 2; 1; 3584; 16],0.05202755451318808,0.13436162302986382,tvm
512,64,2,1,112,16,[512; 64; 2; 1; 112; 16],0.16931384295457974,0.04128727187736177,tvm
4096,64,16,1,448,16,[4096; 64; 16; 1; 448; 16],0.3561482059885748,0.019628083334753403,tvm
64,32,1,1,256,16,[64; 32; 1; 1; 256; 16],0.05841291800606996,0.11967398488704589,tvm
128,16,32,1,128,64,[128; 16; 32; 1; 128; 64],0.032815010999911465,0.2130277106012711,tvm
4,1,32,1,1792,128,[4; 1; 32; 1; 1792; 128],0.01663682999787852,0.4201826109636316,tvm
2048,32,2,1,3584,128,[2048; 32; 2; 1; 3584; 128],0.5092035580310039,0.013728314652194625,tvm
2048,2,8,1,7168,64,[2048; 2; 8; 1; 7168; 64],0.6234678939799778,0.011212296148951596,tvm
256,32,1,1,1024,16,[256; 32; 1; 1; 1024; 16],0.13802982203196734,0.05064490096239988,tvm
16,16,4,1,896,64,[16; 16; 4; 1; 896; 64],0.020534065122774336,0.3404346204645808,tvm
4096,8,64,1,3584,64,[4096; 8; 64; 1; 3584; 64],0.4268047470250167,0.016378699429640892,tvm
128,8,64,1,128,64,[128; 8; 64; 1; 128; 64],0.03222147574706469,0.21695178462778783,tvm
64,64,16,1,256,16,[64; 64; 16; 1; 256; 16],0.0420610199944349,0.1661991712895118,tvm
32,8,8,1,14336,128,[32; 8; 8; 1; 14336; 128],0.24914558901218697,0.028057918642600273,tvm
32,2,4,1,224,16,[32; 2; 4; 1; 224; 16],0.03465469724324066,0.20171887861551446,tvm
128,8,4,1,14336,16,[128; 8; 4; 1; 14336; 16],0.6334166229935363,0.01103619073593211,tvm
4096,2,64,1,7168,16,[4096; 2; 64; 1; 7168; 16],1.2180475920322351,0.005739107989207097,tvm
16,4,32,1,32,16,[16; 4; 32; 1; 32; 16],0.024566881875216495,0.28455001746553815,tvm
64,64,8,1,896,64,[64; 64; 8; 1; 896; 64],0.022485676629003137,0.3108870941268437,tvm
2,1,8,1,16,16,[2; 1; 8; 1; 16; 16],0.047804821748286486,0.1462301586119236,tvm
128,2,16,1,1024,64,[128; 2; 16; 1; 1024; 64],0.03358212024613749,0.20816156381521778,tvm
16,2,1,1,448,16,[16; 2; 1; 1; 448; 16],0.026037586751044728,0.2684775180398076,tvm
64,8,64,1,1024,128,[64; 8; 64; 1; 1024; 128],0.02854512924386654,0.2448931517158469,tvm
512,8,16,1,256,128,[512; 8; 16; 1; 256; 128],0.1375050229835324,0.05083819132559143,tvm
1024,8,1,1,128,128,[1024; 8; 1; 1; 128; 128],0.16096665302757174,0.04342829110989388,tvm
8,8,4,1,1792,16,[8; 8; 4; 1; 1792; 16],0.016307507125020493,0.4286680124113625,tvm
32,32,1,1,1792,16,[32; 32; 1; 1; 1792; 16],0.044442421742132865,0.15729355855600097,tvm
64,4,32,1,32,16,[64; 4; 32; 1; 32; 16],0.06367175749619491,0.10978975516867782,tvm
32,4,1,1,512,128,[32; 4; 1; 1; 512; 128],0.02875830999983009,0.24307779792025222,tvm
2,1,16,1,1024,64,[2; 1; 16; 1; 1024; 64],0.056369145517237484,0.12401299687129362,tvm
512,1,32,1,512,16,[512; 1; 32; 1; 512; 16],0.1408611279912293,0.04962693942861177,tvm
16,8,64,1,512,16,[16; 8; 64; 1; 512; 16],0.028579709003679454,0.2445968454670649,tvm
1024,2,1,1,1024,64,[1024; 2; 1; 1; 1024; 64],0.18033971701515839,0.038762990107603874,tvm
256,1,1,1,14336,16,[256; 1; 1; 1; 14336; 16],0.9684443549485877,0.007218284283393624,tvm
16,1,16,1,14336,16,[16; 1; 16; 1; 14336; 16],0.19535367900971323,0.0357838495906652,tvm
4,2,32,1,14336,128,[4; 2; 32; 1; 14336; 128],0.24165804497897625,0.02892726649044449,tvm
512,4,1,1,128,16,[512; 4; 1; 1; 128; 16],0.15019511803984642,0.046542835465611485,tvm
32,1,4,1,16,16,[32; 1; 4; 1; 16; 16],0.05431578299612738,0.1287012039790548,tvm
32,4,8,1,3584,64,[32; 4; 8; 1; 3584; 64],0.05541103950235993,0.12615729156947048,tvm
4096,16,16,1,512,64,[4096; 16; 16; 1; 512; 64],0.2899089339771308,0.024112767312021183,tvm
512,64,64,1,448,64,[512; 64; 64; 1; 448; 64],0.10909881896805018,0.06407499854525328,tvm
64,2,32,1,112,16,[64; 2; 32; 1; 112; 16],0.06131553649902344,0.11400873360666107,tvm
4,4,4,1,896,16,[4; 4; 4; 1; 896; 16],0.01652449137327494,0.4230391428550965,tvm
1024,16,8,1,2048,128,[1024; 16; 8; 1; 2048; 128],0.1501747189904563,0.046549157632257115,tvm
512,64,8,1,1792,16,[512; 64; 8; 1; 1792; 16],0.124249532003887,0.056261834985808855,tvm
2048,64,16,1,448,16,[2048; 64; 16; 1; 448; 16],0.16363158699823543,0.04272101001343983,tvm
256,1,4,1,128,16,[256; 1; 4; 1; 128; 16],0.17468879197258502,0.040016915726131586,tvm
32,32,1,1,448,16,[32; 32; 1; 1; 448; 16],0.04313491350330878,0.16206145089708923,tvm
64,64,8,1,896,16,[64; 64; 8; 1; 896; 16],0.045543219763203524,0.15349170969933532,tvm
2,2,8,1,2048,64,[2; 2; 8; 1; 2048; 64],0.035616276509244926,0.19627280984445802,tvm
2048,8,64,1,128,64,[2048; 8; 64; 1; 128; 64],0.16911300999345258,0.04133630326216364,tvm
512,64,8,1,1792,64,[512; 64; 8; 1; 1792; 64],0.09816885099280626,0.07120900974158215,tvm
1024,2,64,1,256,16,[1024; 2; 64; 1; 256; 16],0.18850226397626102,0.037084470601090574,tvm
128,2,2,1,128,16,[128; 2; 2; 1; 128; 16],0.06143029598752037,0.11379575101000321,tvm
1024,2,64,1,3584,64,[1024; 2; 64; 1; 3584; 64],0.19938020297558978,0.03506118743154514,tvm
128,1,32,1,512,16,[128; 1; 32; 1; 512; 16],0.07397032048902474,0.09450420953230661,tvm
2048,1,2,1,448,64,[2048; 1; 2; 1; 448; 64],0.11903794098179787,0.05872503009553557,tvm
2048,4,16,1,256,128,[2048; 4; 16; 1; 256; 128],0.143576150003355,0.048688495035584374,tvm
128,4,8,1,1792,128,[128; 4; 8; 1; 1792; 128],0.029451416005031206,0.2373572348939852,tvm
8,4,4,1,7168,16,[8; 4; 4; 1; 7168; 16],0.11126415303442627,0.06282802210792664,tvm
4,4,1,1,64,16,[4; 4; 1; 1; 64; 16],0.01791545100422809,0.39019428899763064,tvm
128,32,2,1,3584,16,[128; 32; 2; 1; 3584; 16],0.1813940290012397,0.03853768894795811,tvm
8,1,1,1,256,128,[8; 1; 1; 1; 256; 128],0.01824680587014882,0.38310851315094596,tvm
2048,64,16,1,128,128,[2048; 64; 16; 1; 128; 128],0.16030438401503488,0.04360770736008711,tvm
512,4,4,1,7168,16,[512; 4; 4; 1; 7168; 16],0.4888519510277547,0.014299844057019584,tvm
512,8,64,1,3584,16,[512; 8; 64; 1; 3584; 16],0.24664837802993134,0.02834199325575274,tvm
4096,4,64,1,7168,128,[4096; 4; 64; 1; 7168; 128],0.6913593299686909,0.010111249481486336,tvm
2048,2,16,1,256,128,[2048; 2; 16; 1; 256; 128],0.1584472599788569,0.04411882330814352,tvm
32,32,32,1,512,64,[32; 32; 32; 1; 512; 64],0.018983654874318745,0.3682381876907953,tvm
4,4,2,1,7168,128,[4; 4; 2; 1; 7168; 128],0.13465882802847773,0.05191272469108606,tvm
512,1,32,1,896,64,[512; 1; 32; 1; 896; 64],0.09753282900783233,0.07167337129229889,tvm
64,8,1,1,3584,128,[64; 8; 1; 1; 3584; 128],0.0706844684900716,0.09889735066266446,tvm
128,1,1,1,128,16,[128; 1; 1; 1; 128; 16],0.06344098699628375,0.1101891221691768,tvm
32,32,32,1,14336,128,[32; 32; 32; 1; 14336; 128],0.15149039501557127,0.046144883746247624,tvm
4096,8,8,1,512,16,[4096; 8; 8; 1; 512; 16],0.40375339396996424,0.017313802858550584,tvm
512,2,4,1,1024,16,[512; 2; 4; 1; 1024; 16],0.1411187810008414,0.04953633114663162,tvm
16,16,32,1,448,64,[16; 16; 32; 1; 448; 64],0.01531037099630339,0.45658636674150405,tvm
16,4,2,1,64,16,[16; 4; 2; 1; 64; 16],0.0319061727495864,0.21909574431039475,tvm
1,1,4,1,448,64,[1; 1; 4; 1; 448; 64],0.05252800398739055,0.13308152101771756,tvm
2,1,16,1,128,128,[2; 1; 16; 1; 128; 128],0.021612581746012438,0.32344616431382284,tvm
256,32,8,1,3584,16,[256; 32; 8; 1; 3584; 16],0.23991469899192452,0.02913746717495607,tvm
256,8,32,1,3584,64,[256; 8; 32; 1; 3584; 64],0.19197890599025413,0.03641288937765664,tvm
4,1,32,1,3584,64,[4; 1; 32; 1; 3584; 64],0.0345047497539781,0.20259548950534617,tvm
128,4,4,1,3584,128,[128; 4; 4; 1; 3584; 128],0.09140773548278958,0.07647609504540076,tvm
4096,32,2,1,64,64,[4096; 32; 2; 1; 64; 64],0.23313255398534238,0.02998511596585596,tvm
8,8,32,1,32,16,[8; 8; 32; 1; 32; 16],0.027829594488139264,0.2511896703937228,tvm
64,4,4,1,3584,64,[64; 4; 4; 1; 3584; 64],0.06389589997706935,0.10940462015834171,tvm
4096,8,64,1,512,64,[4096; 8; 64; 1; 512; 64],0.2883625879767351,0.024242072162393883,tvm
256,16,8,1,128,128,[256; 16; 8; 1; 128; 128],0.14244599896483123,0.04907478425134683,tvm
128,64,4,1,896,64,[128; 64; 4; 1; 896; 64],0.0330645695066778,0.2114198603207233,tvm
16,2,16,1,512,16,[16; 2; 16; 1; 512; 16],0.02633260699803941,0.26546960075723397,tvm
8,1,4,1,64,16,[8; 1; 4; 1; 64; 16],0.019965163250162732,0.35013521197276903,tvm
128,64,32,1,256,64,[128; 64; 32; 1; 256; 64],0.03301866425317712,0.21171379354008926,tvm
4096,16,64,1,1792,16,[4096; 16; 64; 1; 1792; 16],0.35210282198386267,0.019853594547410505,tvm
8,1,8,1,1792,64,[8; 1; 8; 1; 1792; 64],0.016064604998973664,0.4351496141432221,tvm
256,2,8,1,2048,16,[256; 2; 8; 1; 2048; 16],0.13992251199670136,0.04995984253649953,tvm
512,16,2,1,256,128,[512; 16; 2; 1; 256; 128],0.15814259898616,0.04420381801919448,tvm
256,4,16,1,512,128,[256; 4; 16; 1; 512; 128],0.10549017699668184,0.06626689674514956,tvm
4096,4,2,1,7168,128,[4096; 4; 2; 1; 7168; 128],1.0466509450343437,0.006678928347441837,tvm
512,32,8,1,1024,16,[512; 32; 8; 1; 1024; 16],0.13998020096914843,0.04993925296769199,tvm
1024,32,64,1,256,64,[1024; 32; 64; 1; 256; 64],0.16632113297237083,0.04203017705409646,tvm
4,2,4,1,64,64,[4; 2; 4; 1; 64; 64],0.018228712127893232,0.38348878503434836,tvm
64,1,16,1,3584,16,[64; 1; 16; 1; 3584; 16],0.12891944701550528,0.0542238337853397,tvm
2048,2,16,1,7168,128,[2048; 2; 16; 1; 7168; 128],0.6358026459929533,0.010994774417381307,tvm
4096,16,64,1,1792,64,[4096; 16; 64; 1; 1792; 64],0.22657606599386781,0.030852802726550395,tvm
32,4,2,1,896,16,[32; 4; 2; 1; 896; 16],0.046242245502071455,0.15117143622174495,tvm
128,32,64,1,2048,128,[128; 32; 64; 1; 2048; 128],0.029999265243532136,0.23302259605087577,tvm
128,1,4,1,16,16,[128; 1; 4; 1; 16; 16],0.06324468602542765,0.11053113085036298,tvm
2048,1,2,1,32,16,[2048; 1; 2; 1; 32; 16],0.17825390299549326,0.039216570011616554,tvm
8,4,2,1,256,128,[8; 4; 2; 1; 256; 128],0.02434256849664962,0.2871721062479008,tvm
1024,8,4,1,512,16,[1024; 8; 4; 1; 512; 16],0.1949282679706812,0.03586194418819797,tvm
512,16,8,1,256,64,[512; 16; 8; 1; 256; 64],0.12108088098466396,0.05773419064858044,tvm
256,64,16,1,128,16,[256; 64; 16; 1; 128; 16],0.1978456110227853,0.03533313996973929,tvm
1024,16,4,1,3584,64,[1024; 16; 4; 1; 3584; 64],0.3205748010077514,0.021806163942678824,tvm
512,64,16,1,1024,128,[512; 64; 16; 1; 1024; 128],0.10959662997629493,0.06378395638788044,tvm
512,8,1,1,1792,128,[512; 8; 1; 1; 1792; 128],0.09708522900473326,0.07200381292117933,tvm
8,2,4,1,1792,16,[8; 2; 4; 1; 1792; 16],0.01949185687408317,0.35863728693603375,tvm
128,2,8,1,1792,128,[128; 2; 8; 1; 1792; 128],0.029751993497484364,0.23495926977994733,tvm
512,64,32,1,256,64,[512; 64; 32; 1; 256; 64],0.11449879995780066,0.06105309985120427,tvm
128,64,16,1,112,16,[128; 64; 16; 1; 112; 16],0.06281839398434386,0.11128120639965583,tvm
128,8,1,1,64,64,[128; 8; 1; 1; 64; 64],0.03222179625299759,0.21694962663716616,tvm
2048,1,4,1,512,16,[2048; 1; 4; 1; 512; 16],0.2581220449646935,0.027082176059866736,tvm
512,16,16,1,128,128,[512; 16; 16; 1; 128; 128],0.15106785303214565,0.04627395257400766,tvm
2048,8,8,1,2048,16,[2048; 8; 8; 1; 2048; 16],0.25156057497952133,0.027788562127574003,tvm
8,2,16,1,256,64,[8; 2; 16; 1; 256; 64],0.016114743499201722,0.4337957142794706,tvm
2048,8,64,1,896,64,[2048; 8; 64; 1; 896; 64],0.15271580801345408,0.04577461074658893,tvm
512,8,4,1,1024,64,[512; 8; 4; 1; 1024; 64],0.10797182400710881,0.06474380451520774,tvm
32,1,4,1,1792,16,[32; 1; 4; 1; 1792; 16],0.04993246399681084,0.1399992331064044,tvm
16,1,64,1,1024,64,[16; 1; 64; 1; 1024; 64],0.03106026649766136,0.22506267508017058,tvm
4096,4,2,1,64,64,[4096; 4; 2; 1; 64; 64],0.2224545840290375,0.03142442174063799,tvm
16,16,64,1,2048,128,[16; 16; 64; 1; 2048; 128],0.014896570872224402,0.4692695202558938,tvm
256,1,16,1,1024,128,[256; 1; 16; 1; 1024; 128],0.10944913700222969,0.06386991124949899,tvm
32,1,16,1,3584,64,[32; 1; 16; 1; 3584; 64],0.05504148150794208,0.12700433337096836,tvm
8,2,8,1,512,128,[8; 2; 8; 1; 512; 128],0.0194575440036715,0.3592697344201101,tvm
128,32,4,1,1024,128,[128; 32; 4; 1; 1024; 128],0.03585139024653472,0.19498565100532878,tvm
8,4,16,1,16,16,[8; 4; 16; 1; 16; 16],0.028061325254384428,0.24911534303157826,tvm
128,4,1,1,14336,16,[128; 4; 1; 1; 14336; 16],0.9334279749891721,0.007489069166528631,tvm
4,4,1,1,14336,128,[4; 4; 1; 1; 14336; 128],0.307787888974417,0.02271209140151616,tvm
4096,4,64,1,512,16,[4096; 4; 64; 1; 512; 16],0.4303460809751414,0.0162439185011899,tvm
512,32,4,1,3584,64,[512; 32; 4; 1; 3584; 64],0.1884724999545142,0.03709032706815981,tvm
2,2,4,1,14336,16,[2; 2; 4; 1; 14336; 16],0.4191045569605194,0.016679624572359848,tvm
64,1,32,1,3584,128,[64; 1; 32; 1; 3584; 128],0.052206259017111734,0.1339016968133146,tvm
256,8,8,1,256,64,[256; 8; 8; 1; 256; 64],0.15026389301056042,0.04652153306167424,tvm
512,2,16,1,3584,128,[512; 2; 16; 1; 3584; 128],0.1865570310037583,0.03747115093467498,tvm
2048,1,8,1,7168,64,[2048; 1; 8; 1; 7168; 64],0.6499872709973715,0.010754836253854786,tvm
4,4,2,1,896,16,[4; 4; 2; 1; 896; 16],0.018254764254379552,0.3829414923827107,tvm
4,4,2,1,128,64,[4; 4; 2; 1; 128; 64],0.016886804878595285,0.41396266001316917,tvm
1024,32,8,1,256,64,[1024; 32; 8; 1; 256; 64],0.12416128296172246,0.05630182372408122,tvm
1,1,32,1,448,16,[1; 1; 32; 1; 448; 16],0.06143494200659916,0.11378714520338877,tvm
2048,64,16,1,64,64,[2048; 64; 16; 1; 64; 64],0.19338609895203263,0.036147927408166955,tvm
16,16,4,1,7168,128,[16; 16; 4; 1; 7168; 128],0.08156561601208523,0.0857040871931981,tvm
256,16,8,1,3584,128,[256; 16; 8; 1; 3584; 128],0.1833242200082168,0.03813193186559498,tvm
32,32,8,1,1024,16,[32; 32; 8; 1; 1024; 16],0.03378942376002669,0.2068844593596332,tvm
