i1,i2,i3,j1,j2,j3,k1,ku,nvr,X,time,peak,backend
16,4,4,16,16,16,8,2,1,[16; 4; 4; 16; 16; 16; 8; 2; 1],0.07768585049780086,0.08998429729316737,tvm
64,8,2,512,32,32,2,2,2,[64; 8; 2; 512; 32; 32; 2; 2; 2],0.07552632049191743,0.09255722536376927,tvm
32,8,1,14336,1024,32,4096,1,2,[32; 8; 1; 14336; 1024; 32; 4096; 1; 2],0.839866506983526,0.008323354495673186,tvm
64,16,4,448,64,64,4096,32,4,[64; 16; 4; 448; 64; 64; 4096; 32; 4],0.07544013950973749,0.09266296048888353,tvm
64,32,1,14336,128,64,512,32,4,[64; 32; 1; 14336; 128; 64; 512; 32; 4],0.9362127159838565,0.007466793120108835,tvm
16,16,8,448,224,32,128,16,2,[16; 16; 8; 448; 224; 32; 128; 16; 2],0.035868085993570276,0.1948948897892067,tvm
4,2,1,64,16,16,4096,4,1,[4; 2; 1; 64; 16; 16; 4096; 4; 1],0.24211197503609583,0.028873031437724097,tvm
1,1,1,7168,224,224,1024,64,14,[1; 1; 1; 7168; 224; 224; 1024; 64; 14],0.1902929490315728,0.03673550019715562,tvm
32,16,4,2048,1024,16,32,16,1,[32; 16; 4; 2048; 1024; 16; 32; 16; 1],0.031889191261143424,0.21921241618894585,tvm
32,4,1,14336,448,112,1024,1,7,[32; 4; 1; 14336; 448; 112; 1024; 1; 7],0.5671559409820475,0.012325546047463411,tvm
32,16,2,896,32,16,512,4,1,[32; 16; 2; 896; 32; 16; 512; 4; 1],0.06428904348285869,0.10873558366956475,tvm
64,8,1,448,64,16,64,4,1,[64; 8; 1; 448; 64; 16; 64; 4; 1],0.09332696499768645,0.07490339653539532,tvm
32,16,8,448,16,16,32,16,1,[32; 16; 8; 448; 16; 16; 32; 16; 1],0.04275455699826125,0.1635031949214433,tvm
64,64,4,3584,64,32,4096,8,2,[64; 64; 4; 3584; 64; 32; 4096; 8; 2],0.12608248996548355,0.055443913493304214,tvm
16,1,1,1792,128,16,16,1,1,[16; 1; 1; 1792; 128; 16; 16; 1; 1],0.24073050497099757,0.0290387238937951,tvm
32,8,4,2048,2048,32,512,16,2,[32; 8; 4; 2048; 2048; 32; 512; 16; 2],0.08882385151810013,0.07870078303508571,tvm
64,8,1,1792,224,112,4,4,7,[64; 8; 1; 1792; 224; 112; 4; 4; 7],0.04918637724767905,0.14212282054166792,tvm
16,2,1,256,32,32,8,2,2,[16; 2; 1; 256; 32; 32; 8; 2; 2],0.09996930547640659,0.06992653028200213,tvm
8,4,4,7168,1024,16,2048,32,1,[8; 4; 4; 7168; 1024; 16; 2048; 32; 1],0.09721728001022711,0.07190600956878526,tvm
64,2,2,1792,896,128,2048,8,8,[64; 2; 2; 1792; 896; 128; 2048; 8; 8],0.14497660199413076,0.04821817155674314,tvm
16,8,1,2048,2048,32,4096,64,2,[16; 8; 1; 2048; 2048; 32; 4096; 64; 2],0.36111941596027464,0.019357880960451226,tvm
32,32,2,1792,256,128,128,32,8,[32; 32; 2; 1792; 256; 128; 128; 32; 8],0.02069008162652608,0.33786752478078025,tvm
64,64,8,1792,256,32,2048,1,2,[64; 64; 8; 1792; 256; 32; 2048; 1; 2],0.06657805450959131,0.1049971603730116,tvm
64,64,2,512,256,32,2048,64,2,[64; 64; 2; 512; 256; 32; 2048; 64; 2],0.13501409202581272,0.05177612619377675,tvm
64,32,1,7168,7168,224,128,2,14,[64; 32; 1; 7168; 7168; 224; 128; 2; 14],0.38531699404120445,0.01814222257199257,tvm
32,32,2,256,16,16,128,16,1,[32; 32; 2; 256; 16; 16; 128; 16; 1],0.0429658329958329,0.16269920025394716,tvm
16,4,4,7168,1792,32,2048,64,2,[16; 4; 4; 7168; 1792; 32; 2048; 64; 2],0.08369640100863762,0.08352218951380279,tvm
16,8,8,448,32,32,8,4,2,[16; 8; 8; 448; 32; 32; 8; 4; 2],0.05427509898436256,0.12879767697302097,tvm
64,32,1,7168,224,112,64,32,7,[64; 32; 1; 7168; 224; 112; 64; 32; 7],0.11750315700192004,0.05949207531975025,tvm
8,4,2,7168,896,16,128,8,1,[8; 4; 2; 7168; 896; 16; 128; 8; 1],0.1286005880101584,0.05435827918698532,tvm
64,2,1,14336,896,32,1024,2,2,[64; 2; 1; 14336; 896; 32; 1024; 2; 2],2.201586635026615,0.0031752130738121774,tvm
32,4,4,1792,64,16,256,16,1,[32; 4; 4; 1792; 64; 16; 256; 16; 1],0.10067681048531085,0.0694351224772522,tvm
8,2,2,2048,2048,32,2048,8,2,[8; 2; 2; 2048; 2048; 32; 2048; 8; 2],0.10998574603581801,0.06355829658499688,tvm
2,2,2,224,32,16,1024,2,1,[2; 2; 2; 224; 32; 16; 1024; 2; 1],0.228840260009747,0.03054753855973123,tvm
32,32,1,7168,224,224,16,2,14,[32; 32; 1; 7168; 224; 224; 16; 2; 14],0.07300097847473808,0.09575908176471533,tvm
16,16,16,1792,896,16,256,64,1,[16; 16; 16; 1792; 896; 16; 256; 64; 1],0.08007126598386094,0.08730356115607894,tvm
32,1,1,512,128,64,1024,8,4,[32; 1; 1; 512; 128; 64; 1024; 8; 4],0.17516488197725266,0.03990815160983279,tvm
4,4,1,1792,112,16,16,8,1,[4; 4; 1; 1792; 112; 16; 16; 8; 1],0.10287205199711025,0.06795340941447377,tvm
16,8,4,14336,128,32,32,8,2,[16; 8; 4; 14336; 128; 32; 32; 8; 2],0.06834463399718516,0.10228318242152819,tvm
32,8,2,1792,448,112,16,4,7,[32; 8; 2; 1792; 448; 112; 16; 4; 7],0.043769290001364425,0.15971258995630844,tvm
8,4,2,512,256,32,128,8,2,[8; 4; 2; 512; 256; 32; 128; 8; 2],0.0784664599923417,0.08908910466139212,tvm
64,4,1,3584,128,128,8,4,8,[64; 4; 1; 3584; 128; 128; 8; 4; 8],0.16565060301218182,0.04220030920233107,tvm
4,4,2,1792,448,112,8,1,7,[4; 4; 2; 1792; 448; 112; 8; 1; 7],0.05520667100790888,0.12662431077695682,tvm
16,16,8,2048,128,16,256,64,1,[16; 16; 8; 2048; 128; 16; 256; 64; 1],0.07853743701707572,0.08900859172609339,tvm
16,16,2,7168,128,64,32,8,4,[16; 16; 2; 7168; 128; 64; 32; 8; 4],0.02588130124786403,0.27009873266103995,tvm
32,1,1,14336,1792,64,8,8,4,[32; 1; 1; 14336; 1792; 64; 8; 8; 4],0.5808745910180733,0.012034450765723312,tvm
64,64,1,1024,1024,16,1024,64,1,[64; 64; 1; 1024; 1024; 16; 1024; 64; 1],0.20871006103698164,0.03349386527862693,tvm
64,64,2,7168,256,32,256,16,2,[64; 64; 2; 7168; 256; 32; 256; 16; 2],0.2866236429545097,0.024389148761800282,tvm
8,1,1,1024,512,64,2048,64,4,[8; 1; 1; 1024; 512; 64; 2048; 64; 4],0.1826265940326266,0.038277594255619746,tvm
32,4,4,128,128,16,2048,32,1,[32; 4; 4; 128; 128; 16; 2048; 32; 1],0.07755769899813458,0.0901329817280268,tvm
64,32,16,14336,448,16,2048,64,1,[64; 32; 16; 14336; 448; 16; 2048; 64; 1],0.6380534840282053,0.010955988552140953,tvm
32,2,1,2048,16,16,512,16,1,[32; 2; 1; 2048; 16; 16; 512; 16; 1],0.29353094898397103,0.023815228652595676,tvm
4,1,1,3584,512,32,4096,2,2,[4; 1; 1; 3584; 512; 32; 4096; 2; 2],0.2655252950498834,0.026327083697820133,tvm
64,64,2,7168,512,32,256,64,2,[64; 64; 2; 7168; 512; 32; 256; 64; 2],0.1955541520146653,0.03574716565538544,tvm
64,8,4,1792,448,16,16,4,1,[64; 8; 4; 1792; 448; 16; 16; 4; 1],0.04505832100403495,0.15514352312507762,tvm
16,8,4,1792,128,64,256,64,4,[16; 8; 4; 1792; 128; 64; 256; 64; 4],0.04875699100375641,0.14337444790487774,tvm
16,8,1,14336,224,32,8,1,2,[16; 8; 1; 14336; 224; 32; 8; 1; 2],0.06819705100497231,0.10250453008821427,tvm
64,16,4,256,256,16,512,32,1,[64; 16; 4; 256; 256; 16; 512; 32; 1],0.05324232651037164,0.13129604066615894,tvm
32,16,8,7168,112,16,8,8,1,[32; 16; 8; 7168; 112; 16; 8; 8; 1],0.06232201150851324,0.11216753916410027,tvm
32,2,1,14336,256,16,4096,64,1,[32; 2; 1; 14336; 256; 16; 4096; 64; 1],1.1925885070231743,0.005861625049628981,tvm
16,4,2,7168,896,64,32,32,4,[16; 4; 2; 7168; 896; 64; 32; 32; 4],0.056373845000052825,0.12400265879788963,tvm
16,1,1,14336,512,128,256,16,8,[16; 1; 1; 14336; 512; 128; 256; 16; 8],0.46371209499193355,0.015075100999442918,tvm
64,8,2,448,112,112,256,1,7,[64; 8; 2; 448; 112; 112; 256; 1; 7],0.08396535101928748,0.08325465899691045,tvm
32,32,1,14336,2048,128,512,8,8,[32; 32; 1; 14336; 2048; 128; 512; 8; 8],0.3342294649919495,0.020915291435586163,tvm
32,16,2,7168,1024,64,1,1,4,[32; 16; 2; 7168; 1024; 64; 1; 1; 4],0.10654536599759012,0.06561061197935891,tvm
32,16,4,16,16,16,32,8,1,[32; 16; 4; 16; 16; 16; 32; 8; 1],0.04416872149158735,0.15826825931554578,tvm
32,4,1,896,896,128,2,2,8,[32; 4; 1; 896; 896; 128; 2; 2; 8],0.0678875129960943,0.10297190688173898,tvm
32,2,2,448,64,32,128,1,2,[32; 2; 2; 448; 64; 32; 128; 1; 2],0.12902477098396048,0.05417957042943081,tvm
32,32,4,14336,7168,16,256,32,1,[32; 32; 4; 14336; 7168; 16; 256; 32; 1],0.14326679497025907,0.04879362777758681,tvm
32,1,1,7168,3584,224,256,1,14,[32; 1; 1; 7168; 3584; 224; 256; 1; 14],0.370832132990472,0.018850865512364534,tvm
32,16,1,14336,512,64,16,2,4,[32; 16; 1; 14336; 512; 64; 16; 2; 4],0.13574014196638018,0.051499184879282504,tvm
64,2,1,2048,512,32,2048,2,2,[64; 2; 1; 2048; 512; 32; 2048; 2; 2],0.3560072589898482,0.019635854298313635,tvm
16,2,1,3584,128,64,2048,8,4,[16; 2; 1; 3584; 128; 64; 2048; 8; 4],0.17151364096207544,0.04075772998261046,tvm
64,64,4,14336,32,32,8,4,2,[64; 64; 4; 14336; 32; 32; 8; 4; 2],0.15543465904193,0.04497392479743473,tvm
16,4,1,3584,3584,32,32,8,2,[16; 4; 1; 3584; 3584; 32; 32; 8; 2],0.06681327449041419,0.10462751182281309,tvm
64,8,2,1792,448,64,512,4,4,[64; 8; 2; 1792; 448; 64; 512; 4; 4],0.09824123201542534,0.07115654520261974,tvm
32,32,2,14336,896,32,64,32,2,[32; 32; 2; 14336; 896; 32; 64; 32; 2],0.10045423696283251,0.0695889678526264,tvm
64,1,1,2048,2048,32,4,4,2,[64; 1; 1; 2048; 2048; 32; 4; 4; 2],0.19509812101023272,0.03583072266646802,tvm
4,2,2,3584,1792,16,1024,4,1,[4; 2; 2; 3584; 1792; 16; 1024; 4; 1],0.2157617139746435,0.0323991988100734,tvm
32,8,4,32,16,16,16,16,1,[32; 8; 4; 32; 16; 16; 16; 16; 1],0.06530989799648523,0.10703594525661138,tvm
16,4,2,7168,512,128,128,16,8,[16; 4; 2; 7168; 512; 128; 128; 16; 8],0.0785016584850382,0.08904915898049469,tvm
64,32,1,896,896,128,128,4,8,[64; 32; 1; 896; 896; 128; 128; 4; 8],0.03793399549613241,0.18428079023153227,tvm
32,2,2,224,32,32,4,1,2,[32; 2; 2; 224; 32; 32; 4; 1; 2],0.10096757899736986,0.0692351617824645,tvm
2,2,2,1792,64,64,1024,1,4,[2; 2; 2; 1792; 64; 64; 1024; 1; 4],0.15562975901411846,0.04491754476104085,tvm
16,2,2,224,224,32,2048,8,2,[16; 2; 2; 224; 224; 32; 2048; 8; 2],0.0992001264821738,0.07046872735512949,tvm
32,4,4,1024,512,64,64,2,4,[32; 4; 4; 1024; 512; 64; 64; 2; 4],0.10687036195304245,0.06541108815312342,tvm
8,4,1,14336,1792,224,16,4,14,[8; 4; 1; 14336; 1792; 224; 16; 4; 14],0.06557305599562824,0.1066063882569805,tvm
32,2,2,14336,224,16,4,2,1,[32; 2; 2; 14336; 224; 16; 4; 2; 1],0.41514343599556014,0.01683877441034965,tvm
64,2,1,7168,128,16,16,16,1,[64; 2; 1; 7168; 128; 16; 16; 16; 1],0.53717158397194,0.01301354515996108,tvm
2,2,2,896,448,112,16,2,7,[2; 2; 2; 896; 448; 112; 16; 2; 7],0.09177298899157904,0.07617172267657214,tvm
8,1,1,448,448,64,32,1,4,[8; 1; 1; 448; 448; 64; 32; 1; 4],0.11168607301078737,0.06259067472084437,tvm
16,16,8,2048,128,16,32,4,1,[16; 16; 8; 2048; 128; 16; 32; 4; 1],0.05145430500851944,0.13585853827992095,tvm
64,8,1,3584,16,16,4,4,1,[64; 8; 1; 3584; 16; 16; 4; 4; 1],0.14325062499847263,0.0487991355482128,tvm
32,32,1,256,128,32,4096,64,2,[32; 32; 1; 256; 128; 32; 4096; 64; 2],0.21758791100000963,0.032127275061096375,tvm
32,16,8,448,32,16,16,4,1,[32; 16; 8; 448; 32; 16; 16; 4; 1],0.05235415950301103,0.13352342455740548,tvm
4,4,2,7168,448,16,64,4,1,[4; 4; 2; 7168; 448; 16; 64; 4; 1],0.1191524610039778,0.058668588191672304,tvm
32,8,8,64,32,16,1024,64,1,[32; 8; 8; 64; 32; 16; 1024; 64; 1],0.07553362549515441,0.09254827397521277,tvm
16,8,2,14336,1024,128,256,8,8,[16; 8; 2; 14336; 1024; 128; 256; 8; 8],0.12128199700964615,0.05763845285389453,tvm
16,2,2,448,224,16,256,2,1,[16; 2; 2; 448; 224; 16; 256; 2; 1],0.10936849797144532,0.06391700349118624,tvm
32,16,1,3584,896,32,64,2,2,[32; 16; 1; 3584; 896; 32; 64; 2; 2],0.04974145925370976,0.14053682323655006,tvm
2,2,1,3584,1792,128,32,4,8,[2; 2; 1; 3584; 1792; 128; 32; 4; 8],0.10251838801195845,0.06818783246817386,tvm
1,1,1,14336,14336,64,1024,64,4,[1; 1; 1; 14336; 14336; 64; 1024; 64; 4],0.25446342397481203,0.02747155782733875,tvm
32,4,1,3584,64,32,256,2,2,[32; 4; 1; 3584; 64; 32; 256; 2; 2],0.13715408300049603,0.0509682724257023,tvm
16,8,8,14336,896,16,2048,1,1,[16; 8; 8; 14336; 896; 16; 2048; 1; 1],0.1265835429658182,0.05522445100588106,tvm
32,16,8,7168,3584,32,512,32,2,[32; 16; 8; 7168; 3584; 32; 512; 32; 2],0.09121217048959807,0.07664006490738944,tvm
64,16,4,7168,256,64,128,1,4,[64; 16; 4; 7168; 256; 64; 128; 1; 4],0.18425922602182254,0.03793843498419316,tvm
8,4,1,256,256,64,32,1,4,[8; 4; 1; 256; 256; 64; 32; 1; 4],0.06447824300266802,0.10841651914084273,tvm
8,4,2,512,32,32,512,2,2,[8; 4; 2; 512; 32; 32; 512; 2; 2],0.09195872599957511,0.07601787204728093,tvm
64,64,2,3584,1792,64,256,1,4,[64; 64; 2; 3584; 1792; 64; 256; 1; 4],0.09754475299268961,0.0716646098554431,tvm
4,2,1,224,112,16,128,1,1,[4; 2; 1; 224; 112; 16; 128; 1; 1],0.17628200602484867,0.03965524799894373,tvm
64,64,4,14336,16,16,2048,32,1,[64; 64; 4; 14336; 16; 16; 2048; 32; 1],0.37443153798813,0.018669652412901916,tvm
64,2,2,7168,512,16,2048,8,1,[64; 2; 2; 7168; 512; 16; 2048; 8; 1],0.6876118690124713,0.010166355442215148,tvm
64,64,2,14336,1024,128,64,1,8,[64; 64; 2; 14336; 1024; 128; 64; 1; 8],0.1255498300306499,0.05567914082368815,tvm
64,4,1,512,32,32,32,16,2,[64; 4; 1; 512; 32; 32; 32; 16; 2],0.11503546597668901,0.060768273569502776,tvm
64,16,16,1792,64,16,2048,1,1,[64; 16; 16; 1792; 64; 16; 2048; 1; 1],0.09583401249255985,0.07294390044671646,tvm
16,4,1,7168,896,64,2,2,4,[16; 4; 1; 7168; 896; 64; 2; 2; 4],0.056725950504187495,0.12323295783559642,tvm
16,2,1,64,64,16,64,32,1,[16; 2; 1; 64; 64; 16; 64; 32; 1],0.13592621398856863,0.05142868664946827,tvm
32,2,2,1024,64,64,8,1,4,[32; 2; 2; 1024; 64; 64; 8; 1; 4],0.17005622095894068,0.04110703288152271,tvm
16,16,2,448,448,64,32,8,4,[16; 16; 2; 448; 448; 64; 32; 8; 4],0.02284189125202829,0.30603887346876024,tvm
4,4,1,14336,32,16,1024,2,1,[4; 4; 1; 14336; 32; 16; 1024; 2; 1],0.15494021802442148,0.04511744436531535,tvm
8,8,8,1792,112,16,4,4,1,[8; 8; 8; 1792; 112; 16; 4; 4; 1],0.06416286851163022,0.10894940997532804,tvm
32,32,2,1792,256,16,2048,8,1,[32; 32; 2; 1792; 256; 16; 2048; 8; 1],0.10411654599010944,0.06714116954408697,tvm
8,2,1,14336,448,16,1,1,1,[8; 2; 1; 14336; 448; 16; 1; 1; 1],0.10630518099060282,0.06575885202890172,tvm
4,4,4,256,256,64,128,64,4,[4; 4; 4; 256; 256; 64; 128; 64; 4],0.07779336901148781,0.08985992965074405,tvm
64,1,1,448,64,64,2048,64,4,[64; 1; 1; 448; 64; 64; 2048; 64; 4],0.2052428400493227,0.034059685906639915,tvm
4,4,4,7168,128,16,512,64,1,[4; 4; 4; 7168; 128; 16; 512; 64; 1],0.09542297900770791,0.07325810553558593,tvm
32,8,2,256,256,64,512,64,4,[32; 8; 2; 256; 256; 64; 512; 64; 4],0.055935300479177386,0.12497486572489175,tvm
32,32,4,2048,512,16,1,1,1,[32; 32; 4; 2048; 512; 16; 1; 1; 1],0.05894136949791573,0.1186010221040735,tvm
64,4,1,256,32,16,128,4,1,[64; 4; 1; 256; 32; 16; 128; 4; 1],0.10371976002352312,0.06739802198810771,tvm
32,4,1,3584,3584,112,64,32,7,[32; 4; 1; 3584; 3584; 112; 64; 32; 7],0.09157038448029198,0.07634025680181765,tvm
32,8,2,7168,512,16,2048,16,1,[32; 8; 2; 7168; 512; 16; 2048; 16; 1],0.2374302139505744,0.029442363506953978,tvm
4,2,1,14336,3584,224,32,4,14,[4; 2; 1; 14336; 3584; 224; 32; 4; 14],0.10195638897130266,0.06856369411665082,tvm
32,4,1,7168,3584,112,2048,2,7,[32; 4; 1; 7168; 3584; 112; 2048; 2; 7],0.5028610079898499,0.013901468906111266,tvm
64,4,1,14336,2048,64,4096,2,4,[64; 4; 1; 14336; 2048; 64; 4096; 2; 4],2.050686612026766,0.0034088615128557856,tvm
4,2,1,3584,256,16,2,2,1,[4; 2; 1; 3584; 256; 16; 2; 2; 1],0.09932269499404356,0.07038176589032237,tvm
32,16,4,1792,32,32,8,8,2,[32; 16; 4; 1792; 32; 32; 8; 8; 2],0.04000243100745138,0.17475204607851266,tvm
2,1,1,2048,2048,32,32,4,2,[2; 1; 1; 2048; 2048; 32; 32; 4; 2],0.15492260199971497,0.04512257460457273,tvm
32,16,8,256,16,16,4096,2,1,[32; 16; 8; 256; 16; 16; 4096; 2; 1],0.0605892000021413,0.11537545744818571,tvm
16,16,8,3584,128,16,64,2,1,[16; 16; 8; 3584; 128; 16; 64; 2; 1],0.06527289751102217,0.10709661947343811,tvm
16,16,2,64,32,32,4096,8,2,[16; 16; 2; 64; 32; 32; 4096; 8; 2],0.09778613349772058,0.07148770911194292,tvm
8,8,4,512,512,16,2048,32,1,[8; 8; 4; 512; 512; 16; 2048; 32; 1],0.06561748549574986,0.10653420523283313,tvm
8,8,1,256,256,32,256,2,2,[8; 8; 1; 256; 256; 32; 256; 2; 2],0.0974915724946186,0.07170370205129817,tvm
32,16,1,3584,448,224,8,2,14,[32; 16; 1; 3584; 448; 224; 8; 2; 14],0.03676223524962552,0.19015455994988434,tvm
8,1,1,14336,512,16,256,2,1,[8; 1; 1; 14336; 512; 16; 256; 2; 1],0.37691075896145776,0.01854684829355456,tvm
64,1,1,1792,448,112,16,1,7,[64; 1; 1; 1792; 448; 112; 16; 1; 7],0.2381719319964759,0.02935067372577765,tvm
16,2,2,896,448,64,1024,2,4,[16; 2; 2; 896; 448; 64; 1024; 2; 4],0.09200754400808364,0.07597753795115422,tvm
16,4,4,448,448,32,16,16,2,[16; 4; 4; 448; 448; 32; 16; 16; 2],0.03396837525360752,0.2057945549198518,tvm
4,2,2,1792,128,16,256,4,1,[4; 2; 2; 1792; 128; 16; 256; 4; 1],0.16780422400915995,0.041658705005453704,tvm
64,8,1,1792,64,64,1024,32,4,[64; 8; 1; 1792; 64; 64; 1024; 32; 4],0.170178105996456,0.04107759118445146,tvm
16,8,2,896,128,64,1024,2,4,[16; 8; 2; 896; 128; 64; 1024; 2; 4],0.05654823448276147,0.12362024615989908,tvm
16,8,1,512,32,32,1,1,2,[16; 8; 1; 512; 32; 32; 1; 1; 2],0.07803663550294004,0.0895798059669461,tvm
4,4,2,3584,512,16,32,32,1,[4; 4; 2; 3584; 512; 16; 32; 32; 1],0.0634159175097011,0.11023268196974818,tvm
16,4,2,448,16,16,1024,8,1,[16; 4; 2; 448; 16; 16; 1024; 8; 1],0.08193459099857137,0.08531813708313446,tvm
8,8,8,256,64,16,4096,8,1,[8; 8; 8; 256; 64; 16; 4096; 8; 1],0.0774153060046956,0.09029876683872645,tvm
16,8,1,1792,1792,128,4096,8,8,[16; 8; 1; 1792; 1792; 128; 4096; 8; 8],0.22453237196896225,0.031133624988529424,tvm
32,16,1,1024,512,128,4096,16,8,[32; 16; 1; 1024; 512; 128; 4096; 16; 8],0.3025963259860873,0.023101756585729577,tvm
64,32,1,1792,16,16,1024,32,1,[64; 32; 1; 1792; 16; 16; 1024; 32; 1],0.20454115001484752,0.034176529593967914,tvm
64,8,2,14336,896,16,8,1,1,[64; 8; 2; 14336; 896; 16; 8; 1; 1],0.23941022105282173,0.029198864759931584,tvm
4,4,4,7168,448,32,128,64,2,[4; 4; 4; 7168; 448; 32; 128; 64; 2],0.0765613459807355,0.09130595311667628,tvm
64,4,4,896,112,16,32,32,1,[64; 4; 4; 896; 112; 16; 32; 32; 1],0.09384024099563248,0.0744936989984075,tvm
64,8,1,1792,128,128,4,1,8,[64; 8; 1; 1792; 128; 128; 4; 1; 8],0.050816619012039155,0.13756339564839054,tvm
32,4,1,14336,64,64,2048,16,4,[32; 4; 1; 14336; 64; 64; 2048; 16; 4],0.6301914080395363,0.011092672127050172,tvm
64,2,2,7168,512,32,128,8,2,[64; 2; 2; 7168; 512; 32; 128; 8; 2],0.5806900879833847,0.012038274479496,tvm
16,8,8,512,16,16,256,1,1,[16; 8; 8; 512; 16; 16; 256; 1; 1],0.0859470235009212,0.08133506411181,tvm
64,32,4,512,64,16,2,2,1,[64; 32; 4; 512; 64; 16; 2; 2; 1],0.03042645749519579,0.22975092212987458,tvm
32,16,2,256,256,64,128,64,4,[32; 16; 2; 256; 256; 64; 128; 64; 4],0.027394151751650497,0.25518244660543243,tvm
64,2,1,3584,448,16,4096,32,1,[64; 2; 1; 3584; 448; 16; 4096; 32; 1],0.7011549749877304,0.009969987971331152,tvm
32,8,8,3584,512,16,4,2,1,[32; 8; 8; 3584; 512; 16; 4; 2; 1],0.04222667224530596,0.16554718368657978,tvm
16,16,16,512,128,16,128,16,1,[16; 16; 16; 512; 128; 16; 128; 16; 1],0.056930181017378345,0.12279087369374014,tvm
64,64,8,1024,32,16,32,32,1,[64; 64; 8; 1024; 32; 16; 32; 32; 1],0.03359247525804676,0.20809739719886097,tvm
32,16,1,7168,128,16,16,1,1,[32; 16; 1; 7168; 128; 16; 16; 1; 1],0.05650420850724913,0.12371656645309577,tvm
32,16,1,1024,512,16,1024,32,1,[32; 16; 1; 1024; 512; 16; 1024; 32; 1],0.21769428899278864,0.032111575820430616,tvm
32,1,1,7168,224,32,8,4,2,[32; 1; 1; 7168; 224; 32; 8; 4; 2],0.39667220396222547,0.017622880042616657,tvm
32,4,2,1792,1792,112,8,1,7,[32; 4; 2; 1792; 1792; 112; 8; 1; 7],0.06070085399551317,0.11516323423033528,tvm
2,2,1,448,224,16,512,4,1,[2; 2; 1; 448; 224; 16; 512; 4; 1],0.22827910399064422,0.03062263056259922,tvm
8,1,1,224,224,112,128,2,7,[8; 1; 1; 224; 224; 112; 128; 2; 7],0.16264478099765256,0.042980208917786054,tvm
2,2,2,7168,448,64,8,2,4,[2; 2; 2; 7168; 448; 64; 8; 2; 4],0.08499861400923692,0.08224259593111717,tvm
32,16,1,7168,256,32,2048,32,2,[32; 16; 1; 7168; 256; 32; 2048; 32; 2],0.3049235329963267,0.02292544166065031,tvm
16,8,2,14336,14336,64,16,8,4,[16; 8; 2; 14336; 14336; 64; 16; 8; 4],0.07622342748800293,0.09171073641062556,tvm
64,2,1,896,896,128,32,1,8,[64; 2; 1; 896; 896; 128; 32; 1; 8],0.12184039800195023,0.05737429277401715,tvm
64,4,2,14336,14336,112,4096,64,7,[64; 4; 2; 14336; 14336; 112; 4096; 64; 7],1.0606943629682064,0.006590500440772308,tvm
4,4,1,7168,1024,128,512,32,8,[4; 4; 1; 7168; 1024; 128; 512; 32; 8],0.11213209701236337,0.06234170993784155,tvm
64,16,1,128,128,128,64,8,8,[64; 16; 1; 128; 128; 128; 64; 8; 8],0.040718954740441404,0.17167696742774707,tvm
16,2,1,3584,32,16,1024,1,1,[16; 2; 1; 3584; 32; 16; 1024; 1; 1],0.21806103002745658,0.03205756968948773,tvm
32,16,4,128,64,64,32,4,4,[32; 16; 4; 128; 64; 64; 32; 4; 4],0.030482963746180758,0.22932503298805762,tvm
32,16,8,224,32,16,64,64,1,[32; 16; 8; 224; 32; 16; 64; 64; 1],0.051793141989037395,0.13496973533959933,tvm
32,32,1,1792,896,128,128,1,8,[32; 32; 1; 1792; 896; 128; 128; 1; 8],0.03245547349797562,0.21538760379209054,tvm
16,4,1,7168,1024,64,256,4,4,[16; 4; 1; 7168; 1024; 64; 256; 4; 4],0.11747977900085971,0.059503914002217446,tvm
1,1,1,14336,1024,64,512,8,4,[1; 1; 1; 14336; 1024; 64; 512; 8; 4],0.2542515459936112,0.02749445097510763,tvm
32,8,4,3584,3584,64,128,64,4,[32; 8; 4; 3584; 3584; 64; 128; 64; 4],0.0542548329976853,0.12884578719401654,tvm
64,8,4,3584,32,16,4096,32,1,[64; 8; 4; 3584; 32; 16; 4096; 32; 1],0.18628014100249857,0.0375268486970541,tvm
4,1,1,512,128,128,4096,1,8,[4; 1; 1; 512; 128; 128; 4096; 1; 8],0.18325196101795882,0.03814696785690382,tvm
32,32,1,14336,512,16,256,8,1,[32; 32; 1; 14336; 512; 16; 256; 8; 1],0.36697877902770415,0.019048803544411314,tvm
32,8,4,512,256,32,2,1,2,[32; 8; 4; 512; 256; 32; 2; 1; 2],0.0440796279872302,0.1585881502605196,tvm
32,16,1,1792,448,112,32,4,7,[32; 16; 1; 1792; 448; 112; 32; 4; 7],0.03924783300317358,0.17811191425782447,tvm
16,16,2,224,112,112,2048,32,7,[16; 16; 2; 224; 112; 112; 2048; 32; 7],0.05426279400126077,0.12882688396959888,tvm
64,16,1,7168,112,16,256,16,1,[64; 16; 1; 7168; 112; 16; 256; 16; 1],0.5488866639789194,0.012735792514964702,tvm
16,16,1,7168,448,16,4096,32,1,[16; 16; 1; 7168; 448; 16; 4096; 32; 1],0.20150653802556917,0.0346912151593793,tvm
16,1,1,1024,16,16,512,2,1,[16; 1; 1; 1024; 16; 16; 512; 2; 1],0.18644077703356743,0.037494515834420025,tvm
4,1,1,2048,2048,16,8,4,1,[4; 1; 1; 2048; 2048; 16; 8; 4; 1],0.10286102100508288,0.06796069685445988,tvm
32,8,2,2048,256,128,32,32,8,[32; 8; 2; 2048; 256; 128; 32; 32; 8],0.05876148049719632,0.11896410041949512,tvm
16,16,8,7168,256,32,16,4,2,[16; 16; 8; 7168; 256; 32; 16; 4; 2],0.024625375379400793,0.2838741159866439,tvm
16,1,1,1792,1792,64,16,8,4,[16; 1; 1; 1792; 1792; 64; 16; 8; 4],0.1602089399821125,0.04363368653114592,tvm
16,4,2,256,32,32,1024,8,2,[16; 4; 2; 256; 32; 32; 1024; 8; 2],0.06936067948117852,0.10078486426251904,tvm
64,32,2,1024,512,64,256,8,4,[64; 32; 2; 1024; 512; 64; 256; 8; 4],0.060488486516987905,0.11556755788067893,tvm
32,16,1,64,32,32,4096,32,2,[32; 16; 1; 64; 32; 32; 4096; 32; 2],0.20340042997850105,0.03436820004463878,tvm
8,4,1,14336,112,16,2048,4,1,[8; 4; 1; 14336; 112; 16; 2048; 4; 1],0.15919896197738126,0.043910504062582185,tvm
8,4,1,1024,128,64,2,1,4,[8; 4; 1; 1024; 128; 64; 2; 1; 4],0.059135006507858634,0.1182126641981121,tvm
32,4,1,7168,448,16,2048,1,1,[32; 4; 1; 7168; 448; 16; 2048; 1; 1],0.38784433098044246,0.01802400114756137,tvm
64,8,1,1792,896,32,8,2,2,[64; 8; 1; 1792; 896; 32; 8; 2; 2],0.03851478124852292,0.18150191796648876,tvm
32,2,1,1792,448,16,4096,32,1,[32; 2; 1; 1792; 448; 16; 4096; 32; 1],0.30005745898233727,0.023297226772416812,tvm
4,4,2,448,224,32,128,32,2,[4; 4; 2; 448; 224; 32; 128; 32; 2],0.09654172250884585,0.07240917693410893,tvm
2,2,2,3584,1792,16,1024,1,1,[2; 2; 2; 3584; 1792; 16; 1024; 1; 1],0.2284403369994834,0.030601017134213364,tvm
32,4,1,512,256,16,2,1,1,[32; 4; 1; 512; 256; 16; 2; 1; 1],0.06265756802167743,0.11156683681448,tvm
16,4,1,7168,448,112,128,2,7,[16; 4; 1; 7168; 448; 112; 128; 2; 7],0.09414749449933879,0.07425058631502682,tvm
8,8,2,2048,1024,32,128,64,2,[8; 8; 2; 2048; 1024; 32; 128; 64; 2],0.0562906910199672,0.12418583854632417,tvm
8,4,1,32,16,16,1024,4,1,[8; 4; 1; 32; 16; 16; 1024; 4; 1],0.13245463301427662,0.05277661118817335,tvm
32,2,1,896,448,112,4096,16,7,[32; 2; 1; 896; 448; 112; 4096; 16; 7],0.2467176610371098,0.028334034285511473,tvm
64,8,2,7168,1792,16,16,16,1,[64; 8; 2; 7168; 1792; 16; 16; 16; 1],0.1452892100205645,0.048114424090248804,tvm
32,16,4,896,224,32,8,8,2,[32; 16; 4; 896; 224; 32; 8; 8; 2],0.02391919712681556,0.29225507150612856,tvm
4,4,4,14336,3584,16,512,2,1,[4; 4; 4; 14336; 3584; 16; 512; 2; 1],0.11502390896202996,0.060774379255136186,tvm
32,32,2,1024,128,32,2,1,2,[32; 32; 2; 1024; 128; 32; 2; 1; 2],0.0301204669958679,0.23208493638646654,tvm
8,8,1,3584,896,64,2048,1,4,[8; 8; 1; 3584; 896; 64; 2048; 1; 4],0.09465974901104346,0.0738487766944229,tvm
64,32,4,1792,32,32,64,1,2,[64; 32; 4; 1792; 32; 32; 64; 1; 2],0.041013493260834366,0.17044406878997106,tvm
32,8,8,128,32,16,256,16,1,[32; 8; 8; 128; 32; 16; 256; 16; 1],0.06293077100417577,0.11108248882256364,tvm
32,4,4,64,64,32,16,2,2,[32; 4; 4; 64; 64; 32; 16; 2; 2],0.07648195349611342,0.09140073373023747,tvm
64,16,1,3584,896,16,4,1,1,[64; 16; 1; 3584; 896; 16; 4; 1; 1],0.06476955051766708,0.10792890503014804,tvm
16,4,4,7168,256,16,256,1,1,[16; 4; 4; 7168; 256; 16; 256; 1; 1],0.12595261499518529,0.05550108401428497,tvm
64,4,1,7168,128,32,256,8,2,[64; 4; 1; 7168; 128; 32; 256; 8; 2],0.6598691580002196,0.010593776935797232,tvm
64,32,8,1792,112,16,8,8,1,[64; 32; 8; 1792; 112; 16; 8; 8; 1],0.02691624050203245,0.2597133379804216,tvm
4,2,1,14336,896,128,2048,4,8,[4; 2; 1; 14336; 896; 128; 2048; 4; 8],0.15941929898690432,0.04384981436432555,tvm
64,16,8,3584,112,16,256,32,1,[64; 16; 8; 3584; 112; 16; 256; 32; 1],0.09278222700231709,0.07534316530785676,tvm
64,16,1,14336,7168,16,512,4,1,[64; 16; 1; 14336; 7168; 16; 512; 4; 1],1.182050208968576,0.005913883025972634,tvm
16,8,4,2048,512,64,2048,32,4,[16; 8; 4; 2048; 512; 64; 2048; 32; 4],0.0884113600186538,0.07906796892607182,tvm
8,8,2,7168,512,128,8,2,8,[8; 8; 2; 7168; 512; 128; 8; 2; 8],0.030283695508842357,0.23083400322214803,tvm
64,4,2,2048,1024,16,4,1,1,[64; 4; 2; 2048; 1024; 16; 4; 1; 1],0.0630048599850852,0.11095186416288348,tvm
32,4,1,1792,64,16,16,8,1,[32; 4; 1; 1792; 64; 16; 16; 8; 1],0.10936050000600517,0.06392167799418261,tvm
64,64,4,256,64,32,4,2,2,[64; 64; 4; 256; 64; 32; 4; 2; 2],0.03057513025123626,0.22863374936510747,tvm
4,4,4,1792,224,16,4096,2,1,[4; 4; 4; 1792; 224; 16; 4096; 2; 1],0.09698535050847568,0.0720779646618461,tvm
64,8,8,7168,7168,16,64,1,1,[64; 8; 8; 7168; 7168; 16; 64; 1; 1],0.35290872101904824,0.019808257065682868,tvm
32,8,1,896,448,224,512,8,14,[32; 8; 1; 896; 448; 224; 512; 8; 14],0.1318881759652868,0.05300328566608261,tvm
64,4,2,14336,7168,128,256,16,8,[64; 4; 2; 14336; 7168; 128; 256; 16; 8],1.030624236969743,0.0067827889311241705,tvm
4,1,1,2048,2048,32,2048,8,2,[4; 1; 1; 2048; 2048; 32; 2048; 8; 2],0.18961240799399093,0.03686734819004147,tvm
64,16,1,256,256,16,512,32,1,[64; 16; 1; 256; 256; 16; 512; 32; 1],0.15322270098840818,0.04562317869070538,tvm
8,8,4,64,32,16,2048,16,1,[8; 8; 4; 64; 32; 16; 2048; 16; 1],0.06869758400716819,0.10175767849328221,tvm
8,4,2,14336,2048,64,32,32,4,[8; 4; 2; 14336; 2048; 64; 32; 32; 4],0.052537278505042195,0.1330580278534177,tvm
64,64,8,512,64,32,2048,16,2,[64; 64; 8; 512; 64; 32; 2048; 16; 2],0.06456841749604791,0.10826510758289128,tvm
32,32,1,14336,14336,112,8,2,7,[32; 32; 1; 14336; 14336; 112; 8; 2; 7],0.17731963703408837,0.03942319521736216,tvm
4,2,1,14336,3584,64,8,8,4,[4; 2; 1; 14336; 3584; 64; 8; 8; 4],0.10787457198603079,0.06480217291218456,tvm
16,16,2,7168,7168,64,2048,8,4,[16; 16; 2; 7168; 7168; 64; 2048; 8; 4],0.14723361004143953,0.04747901423254621,tvm
64,16,4,2048,32,32,128,64,2,[64; 16; 4; 2048; 32; 32; 128; 64; 2],0.03888051625108346,0.17979459484342278,tvm
64,4,4,256,256,16,16,1,1,[64; 4; 4; 256; 256; 16; 16; 1; 1],0.06425800299621187,0.1087881095072122,tvm
4,4,1,512,16,16,4,2,1,[4; 4; 1; 512; 16; 16; 4; 2; 1],0.095769586507231,0.07299297116771883,tvm
32,16,1,32,32,32,4096,2,2,[32; 16; 1; 32; 32; 32; 4096; 2; 2],0.2411663940292783,0.028986238712090204,tvm
64,8,4,2048,2048,64,512,16,4,[64; 8; 4; 2048; 2048; 64; 512; 16; 4],0.08490600998629816,0.08233229506126563,tvm
32,32,1,128,128,32,32,16,2,[32; 32; 1; 128; 128; 32; 32; 16; 2],0.03972718049772084,0.17596281888335152,tvm
8,2,1,14336,7168,128,256,64,8,[8; 2; 1; 14336; 7168; 128; 256; 64; 8],0.15441318601369858,0.045271435990230216,tvm
32,16,4,1792,1792,32,64,64,2,[32; 16; 4; 1792; 1792; 32; 64; 64; 2],0.029610196506837383,0.23608444020465946,tvm
64,8,8,896,224,16,512,4,1,[64; 8; 8; 896; 224; 16; 512; 4; 1],0.08343382499879226,0.0837850436171164,tvm
64,32,2,7168,256,128,2048,2,8,[64; 32; 2; 7168; 256; 128; 2048; 2; 8],0.2965337069472298,0.023574071017534188,tvm
32,4,4,256,32,32,512,64,2,[32; 4; 4; 256; 32; 32; 512; 64; 2],0.06086289000813849,0.11485663375058114,tvm
4,4,2,64,32,32,256,64,2,[4; 4; 2; 64; 32; 32; 256; 64; 2],0.10810410795966163,0.06466457934489529,tvm
64,64,2,2048,64,64,4096,1,4,[64; 64; 2; 2048; 64; 64; 4096; 1; 4],0.17794251296436414,0.039285196944850546,tvm
32,32,1,256,256,16,2048,32,1,[32; 32; 1; 256; 256; 16; 2048; 32; 1],0.2240171480225399,0.031205230172662066,tvm
2,2,2,14336,128,32,2048,2,2,[2; 2; 2; 14336; 128; 32; 2048; 2; 2],0.1994695960311219,0.03504547462750155,tvm
64,16,2,14336,7168,128,256,2,8,[64; 16; 2; 14336; 7168; 128; 256; 2; 8],0.5408065429655835,0.012926076353169301,tvm
16,16,1,896,224,16,1024,8,1,[16; 16; 1; 896; 224; 16; 1024; 8; 1],0.09779852101928554,0.07147865421490537,tvm
64,32,1,7168,1792,64,16,8,4,[64; 32; 1; 7168; 1792; 64; 16; 8; 4],0.12703188398154452,0.05502954413934586,tvm
4,4,4,1024,512,64,16,1,4,[4; 4; 4; 1024; 512; 64; 16; 1; 4],0.052954901999328285,0.13200867913522601,tvm
64,32,8,14336,1792,32,256,16,2,[64; 32; 8; 14336; 1792; 32; 256; 16; 2],0.2616475949762389,0.026717259401147938,tvm
16,4,1,896,896,128,128,1,8,[16; 4; 1; 896; 896; 128; 128; 1; 8],0.06852196549880318,0.10201847853866311,tvm
64,8,1,896,448,16,2048,32,1,[64; 8; 1; 896; 448; 16; 2048; 32; 1],0.21855880896328017,0.03198455692463594,tvm
16,4,1,1024,512,32,4096,32,2,[16; 4; 1; 1024; 512; 32; 4096; 32; 2],0.17999453301308677,0.038837327721272574,tvm
8,2,1,14336,14336,128,128,16,8,[8; 2; 1; 14336; 14336; 128; 128; 16; 8],0.1546165210311301,0.04521189986715078,tvm
64,16,4,2048,256,16,4,4,1,[64; 16; 4; 2048; 256; 16; 4; 4; 1],0.03181508099078201,0.21972305111189477,tvm
8,4,2,1792,112,16,32,32,1,[8; 4; 2; 1792; 112; 16; 32; 32; 1],0.05398023649468087,0.12950122342193704,tvm
64,8,1,3584,256,128,32,1,8,[64; 8; 1; 3584; 256; 128; 32; 1; 8],0.10654610197525471,0.06561015876761225,tvm
64,2,2,224,224,32,2,2,2,[64; 2; 2; 224; 224; 32; 2; 2; 2],0.08419524948112667,0.08302732885462462,tvm
4,4,2,1024,256,128,16,8,8,[4; 4; 2; 1024; 256; 128; 16; 8; 8],0.056911089981440455,0.12283206434714876,tvm
64,16,2,1024,128,64,1,1,4,[64; 16; 2; 1024; 128; 64; 1; 1; 4],0.046724029001779854,0.14961266859928493,tvm
64,64,4,448,448,16,16,1,1,[64; 64; 4; 448; 448; 16; 16; 1; 1],0.03492727701086551,0.20014462233892422,tvm
64,8,1,7168,448,32,64,8,2,[64; 8; 1; 7168; 448; 32; 64; 8; 2],0.26584829296916723,0.026295097059274394,tvm
16,4,1,14336,256,32,256,2,2,[16; 4; 1; 14336; 256; 32; 256; 2; 2],0.23991516197565943,0.029137410946023862,tvm
64,16,4,1792,896,64,8,8,4,[64; 16; 4; 1792; 896; 64; 8; 8; 4],0.024642807751661167,0.2836733028603625,tvm
64,64,2,14336,2048,32,512,8,2,[64; 64; 2; 14336; 2048; 32; 512; 8; 2],0.4013330970192328,0.017418216236304244,tvm
32,4,2,1792,448,64,4,1,4,[32; 4; 2; 1792; 448; 64; 4; 1; 4],0.06052943799295463,0.1154893701058373,tvm
64,16,1,14336,14336,32,512,2,2,[64; 16; 1; 14336; 14336; 32; 512; 2; 2],0.9957681819796562,0.0070202149387511605,tvm
16,2,2,14336,64,32,1024,8,2,[16; 2; 2; 14336; 64; 32; 1024; 8; 2],0.3138843970373273,0.022270959412599767,tvm
64,4,4,32,32,32,32,4,2,[64; 4; 4; 32; 32; 32; 32; 4; 2],0.07818882149877027,0.08940544866476356,tvm
32,32,2,14336,512,16,1,1,1,[32; 32; 2; 14336; 512; 16; 1; 1; 1],0.2067197459982708,0.033816347020497704,tvm
32,4,1,14336,256,128,512,8,8,[32; 4; 1; 14336; 256; 128; 512; 8; 8],0.5006505560013466,0.013962846106672186,tvm
16,8,4,64,64,16,128,16,1,[16; 8; 4; 64; 64; 16; 128; 16; 1],0.05397979001281783,0.1295022945625896,tvm
16,16,2,224,32,32,32,8,2,[16; 16; 2; 224; 32; 32; 32; 8; 2],0.03569722274551168,0.19582774594266172,tvm
64,8,4,7168,32,32,4096,2,2,[64; 8; 4; 7168; 32; 32; 4096; 2; 2],0.2882575409603305,0.0242509064754309,tvm
64,8,1,7168,896,112,8,4,7,[64; 8; 1; 7168; 896; 112; 8; 4; 7],0.1520501880440861,0.045974995207765275,tvm
64,64,4,1024,256,32,1024,2,2,[64; 64; 4; 1024; 256; 32; 1024; 2; 2],0.08286768401740119,0.08435745187712435,tvm
8,2,1,1024,32,16,128,2,1,[8; 2; 1; 1024; 32; 16; 128; 2; 1],0.1504390729824081,0.046467360693482306,tvm
8,2,1,256,128,16,2048,4,1,[8; 2; 1; 256; 128; 16; 2048; 4; 1],0.1442138830316253,0.04847318801570365,tvm
4,2,2,1024,256,16,128,4,1,[4; 2; 2; 1024; 256; 16; 128; 4; 1],0.16800253797555342,0.041609530135097585,tvm
2,2,2,14336,512,64,4,2,4,[2; 2; 2; 14336; 512; 64; 4; 2; 4],0.08247528949868865,0.08475880120163524,tvm
64,32,1,14336,3584,128,2048,4,8,[64; 32; 1; 14336; 3584; 128; 2048; 4; 8],0.9912104849936441,0.007052494674439902,tvm
64,32,8,128,64,32,16,4,2,[64; 32; 8; 128; 64; 32; 16; 4; 2],0.03288661850092467,0.2125638629119049,tvm
16,4,2,7168,7168,112,64,64,7,[16; 4; 2; 7168; 7168; 112; 64; 64; 7],0.09706788949551992,0.07201667516413146,tvm
64,64,1,14336,128,128,2,1,8,[64; 64; 1; 14336; 128; 128; 2; 1; 8],0.17376248200889677,0.040230241798161856,tvm
16,2,1,3584,3584,128,2048,1,8,[16; 2; 1; 3584; 3584; 128; 2048; 1; 8],0.2338401890010573,0.029894376567729593,tvm
64,4,2,896,128,32,2048,64,2,[64; 4; 2; 896; 128; 32; 2048; 64; 2],0.1596980330068618,0.04377327970198796,tvm
64,64,1,14336,3584,112,256,32,7,[64; 64; 1; 14336; 3584; 112; 256; 32; 7],0.7368567020166665,0.00948692825556814,tvm
1,1,1,3584,32,32,64,16,2,[1; 1; 1; 3584; 32; 32; 64; 16; 2],0.27860289200907573,0.025091292542788628,tvm
1,1,1,14336,14336,128,4096,16,8,[1; 1; 1; 14336; 14336; 128; 4096; 16; 8],0.238208762020804,0.029346135748172648,tvm
8,4,2,64,32,16,256,16,1,[8; 4; 2; 64; 32; 16; 256; 16; 1],0.10281721595674753,0.06798965135962626,tvm
64,64,16,7168,512,16,128,4,1,[64; 64; 16; 7168; 512; 16; 128; 4; 1],0.21522876695962623,0.03247942533619581,tvm
8,1,1,7168,224,112,64,2,7,[8; 1; 1; 7168; 224; 112; 64; 2; 7],0.2394484950345941,0.02919419754823149,tvm
2,2,2,3584,896,112,128,4,7,[2; 2; 2; 3584; 896; 112; 128; 4; 7],0.16948960802983493,0.041244455916354124,tvm
64,64,4,14336,64,64,2048,1,4,[64; 64; 4; 14336; 64; 64; 2048; 1; 4],0.34794306399999186,0.02009094989939742,tvm
64,16,8,1024,128,32,128,8,2,[64; 16; 8; 1024; 128; 32; 128; 8; 2],0.049080158743890934,0.14243040050347808,tvm
16,1,1,1024,128,64,4096,8,4,[16; 1; 1; 1024; 128; 64; 4096; 8; 4],0.1528911649947986,0.04572211001796268,tvm
32,4,4,2048,2048,16,2048,16,1,[32; 4; 4; 2048; 2048; 16; 2048; 16; 1],0.10805520403664559,0.06469384541901307,tvm
2,2,1,7168,3584,32,2,1,2,[2; 2; 1; 7168; 3584; 32; 2; 1; 2],0.09955987351713702,0.07021409750448715,tvm
2,2,1,3584,896,112,256,16,7,[2; 2; 1; 3584; 896; 112; 256; 16; 7],0.16238590801367536,0.043048727270582864,tvm
4,2,1,14336,128,16,512,16,1,[4; 2; 1; 14336; 128; 16; 512; 16; 1],0.22883632499724627,0.030548063847602815,tvm
32,2,1,2048,512,32,16,4,2,[32; 2; 1; 2048; 512; 32; 16; 4; 2],0.13469201500993222,0.05189993383164685,tvm
32,16,4,896,64,32,1024,8,2,[32; 16; 4; 896; 64; 32; 1024; 8; 2],0.05067689550924115,0.1379426777512825,tvm
32,8,1,3584,1792,16,128,4,1,[32; 8; 1; 3584; 1792; 16; 128; 4; 1],0.09414676498272456,0.07425116166178826,tvm
64,8,1,896,128,32,16,8,2,[64; 8; 1; 896; 128; 32; 16; 8; 2],0.07427003150223754,0.09412284504626961,tvm
16,4,2,3584,64,16,128,32,1,[16; 4; 2; 3584; 64; 16; 128; 32; 1],0.11936833499930799,0.0585624878382294,tvm
32,32,8,2048,256,32,64,64,2,[32; 32; 8; 2048; 256; 32; 64; 64; 2],0.03821407875511795,0.1829301371220532,tvm
2,2,2,3584,448,16,512,64,1,[2; 2; 2; 3584; 448; 16; 512; 64; 1],0.22830786096164957,0.0306187734282216,tvm
64,16,16,3584,16,16,64,16,1,[64; 16; 16; 3584; 16; 16; 64; 16; 1],0.10574191197520122,0.06610913814671796,tvm
8,8,2,3584,512,32,32,1,2,[8; 8; 2; 3584; 512; 32; 32; 1; 2],0.03847093274816871,0.18170879069729415,tvm
4,2,2,7168,7168,128,2,2,8,[4; 2; 2; 7168; 7168; 128; 2; 2; 8],0.08056599000701681,0.0867674643612998,tvm
8,2,2,3584,224,112,256,16,7,[8; 2; 2; 3584; 224; 112; 256; 16; 7],0.14483440096955746,0.04826551302639759,tvm
16,16,4,256,32,32,128,1,2,[16; 16; 4; 256; 32; 32; 128; 1; 2],0.039634924760321155,0.17637239654015743,tvm
8,2,2,7168,224,112,64,64,7,[8; 2; 2; 7168; 224; 112; 64; 64; 7],0.157443648960907,0.04440005495809105,tvm
32,8,2,64,64,64,4096,4,4,[32; 8; 2; 64; 64; 64; 4096; 4; 4],0.11227785801747814,0.06226077688067815,tvm
64,64,4,7168,448,64,128,4,4,[64; 64; 4; 7168; 448; 64; 128; 4; 4],0.0845783265249338,0.08265127667908936,tvm
16,4,4,14336,112,16,16,16,1,[16; 4; 4; 14336; 112; 16; 16; 16; 1],0.18631994700990617,0.03751883133744665,tvm
8,2,2,1024,512,64,64,32,4,[8; 2; 2; 1024; 512; 64; 64; 32; 4],0.1024227529997006,0.06825150136988703,tvm
64,64,1,2048,1024,64,512,16,4,[64; 64; 1; 2048; 1024; 64; 512; 16; 4],0.10968269302975386,0.063733907999235,tvm
8,1,1,14336,128,64,256,4,4,[8; 1; 1; 14336; 128; 64; 256; 4; 4],0.2530973760294728,0.02761983066095728,tvm
8,1,1,14336,16,16,4,2,1,[8; 1; 1; 14336; 16; 16; 4; 2; 1],0.37982406601076946,0.018404591210048442,tvm
16,8,4,14336,224,16,2048,2,1,[16; 8; 4; 14336; 224; 16; 2048; 2; 1],0.14826377702411264,0.04714912035142459,tvm
4,2,2,896,448,32,4,1,2,[4; 2; 2; 896; 448; 32; 4; 1; 2],0.06905149150406942,0.10123614297679139,tvm
64,16,4,448,64,32,32,1,2,[64; 16; 4; 448; 64; 32; 32; 1; 2],0.05281944898888469,0.13234720922851254,tvm
64,4,1,1024,512,64,512,32,4,[64; 4; 1; 1024; 512; 64; 512; 32; 4],0.23114620399428532,0.03024279242258071,tvm
64,32,4,14336,3584,32,2,2,2,[64; 32; 4; 14336; 3584; 32; 2; 2; 2],0.2594403339899145,0.0269445639356077,tvm
32,16,2,7168,3584,32,4,1,2,[32; 16; 2; 7168; 3584; 32; 4; 1; 2],0.059541851485846564,0.11740492598434481,tvm
64,64,2,2048,512,128,128,8,8,[64; 64; 2; 2048; 512; 128; 128; 8; 8],0.023795431123289745,0.2937751634104548,tvm
16,16,8,1024,128,16,256,16,1,[16; 16; 8; 1024; 128; 16; 256; 16; 1],0.04498229824821465,0.1554057248941059,tvm
2,2,1,3584,64,16,32,8,1,[2; 2; 1; 3584; 64; 16; 32; 8; 1],0.2090878160088323,0.03343335255064012,tvm
2,2,2,2048,1024,32,2048,2,2,[2; 2; 2; 2048; 1024; 32; 2048; 2; 2],0.17078505299286917,0.04093160697709619,tvm
64,16,1,448,224,32,32,1,2,[64; 16; 1; 448; 224; 32; 32; 1; 2],0.049292983501800336,0.14181545059879266,tvm
64,64,8,3584,448,16,128,16,1,[64; 64; 8; 3584; 448; 16; 128; 16; 1],0.061403501516906545,0.11384540773691765,tvm
32,8,4,2048,64,16,256,64,1,[32; 8; 4; 2048; 64; 16; 256; 64; 1],0.0820995554968249,0.08514670541592659,tvm
16,16,16,7168,16,16,4096,64,1,[16; 16; 16; 7168; 16; 16; 4096; 64; 1],0.051218597480328754,0.1364837580597843,tvm
8,8,4,448,224,32,512,2,2,[8; 8; 4; 448; 224; 32; 512; 2; 2],0.05881087598390877,0.11886418200231089,tvm
16,4,1,14336,896,224,4096,1,14,[16; 4; 1; 14336; 896; 224; 4096; 1; 14],0.2735778240021318,0.025552168536190252,tvm
8,4,1,7168,256,64,1024,8,4,[8; 4; 1; 7168; 256; 64; 1024; 8; 4],0.1166231469833292,0.059940988109898376,tvm
32,2,2,1792,128,32,32,2,2,[32; 2; 2; 1792; 128; 32; 32; 2; 2],0.16054794401861727,0.043541552085251505,tvm
64,8,8,1792,112,16,256,4,1,[64; 8; 8; 1792; 112; 16; 256; 4; 1],0.0827615764865186,0.08446560545889771,tvm
16,8,4,14336,896,64,16,1,4,[16; 8; 4; 14336; 896; 64; 16; 1; 4],0.06476077847764827,0.10794352432127403,tvm
32,4,4,14336,512,32,32,4,2,[32; 4; 4; 14336; 512; 32; 32; 4; 2],0.20625431003281847,0.03389265739733808,tvm
64,8,4,1024,64,32,32,32,2,[64; 8; 4; 1024; 64; 32; 32; 32; 2],0.05811583300237544,0.12028575184289168,tvm
8,8,1,7168,512,32,1024,32,2,[8; 8; 1; 7168; 512; 32; 1024; 32; 2],0.09783703999710269,0.0714505126777515,tvm
8,8,4,512,128,64,128,4,4,[8; 8; 4; 512; 128; 64; 128; 4; 4],0.04823965499235783,0.14491203694914712,tvm
16,1,1,14336,896,224,512,4,14,[16; 1; 1; 14336; 896; 224; 512; 4; 14],0.34386178996646777,0.020329408124550148,tvm
16,1,1,1792,896,224,256,8,14,[16; 1; 1; 1792; 896; 224; 256; 8; 14],0.18601821002084762,0.037579689998539494,tvm
8,8,2,1024,512,16,256,32,1,[8; 8; 2; 1024; 512; 16; 256; 32; 1],0.08691819850355387,0.08042627190876307,tvm
16,4,4,7168,896,64,16,4,4,[16; 4; 4; 7168; 896; 64; 16; 4; 4],0.04971935700450558,0.1405992974935936,tvm
32,16,2,128,32,32,512,1,2,[32; 16; 2; 128; 32; 32; 512; 1; 2],0.05426813298254274,0.1288142097852419,tvm
16,8,2,1024,32,16,128,4,1,[16; 8; 2; 1024; 32; 16; 128; 4; 1],0.06365063451812603,0.10982618978725113,tvm
32,1,1,256,64,32,512,16,2,[32; 1; 1; 256; 64; 32; 512; 16; 2],0.17947000701678917,0.0389508352000717,tvm
64,4,2,256,64,32,16,8,2,[64; 4; 2; 256; 64; 32; 16; 8; 2],0.07720776449423283,0.09054149815707764,tvm
8,4,1,14336,2048,16,4096,8,1,[8; 4; 1; 14336; 2048; 16; 4096; 8; 1],0.23309009498916566,0.02999057796510656,tvm
8,8,2,2048,32,32,2048,8,2,[8; 8; 2; 2048; 32; 32; 2048; 8; 2],0.07344639202347025,0.09517835354571,tvm
8,4,1,2048,64,64,512,2,4,[8; 4; 1; 2048; 64; 64; 512; 2; 4],0.10899036296177655,0.06413875939763841,tvm
16,8,8,14336,256,32,16,2,2,[16; 8; 8; 14336; 256; 32; 16; 2; 2],0.0730847104860004,0.09564937208043972,tvm
32,4,1,3584,256,64,16,8,4,[32; 4; 1; 3584; 256; 64; 16; 8; 4],0.08375470899045467,0.08346404340636368,tvm
64,1,1,256,32,32,128,1,2,[64; 1; 1; 256; 32; 32; 128; 1; 2],0.24074399896198884,0.02903709623835899,tvm
64,16,2,1024,256,32,32,4,2,[64; 16; 2; 1024; 256; 32; 32; 4; 2],0.03837402725184802,0.18216765784805705,tvm
64,32,16,896,16,16,4,1,1,[64; 32; 16; 896; 16; 16; 4; 1; 1],0.06514213851187378,0.10731159317701049,tvm
64,16,8,512,16,16,512,64,1,[64; 16; 8; 512; 16; 16; 512; 64; 1],0.07608789851656184,0.09187409302867082,tvm
32,8,1,14336,128,64,64,16,4,[32; 8; 1; 14336; 128; 64; 64; 16; 4],0.20177542499732226,0.03464498546718183,tvm
32,8,2,256,64,64,2048,8,4,[32; 8; 2; 256; 64; 64; 2048; 8; 4],0.07644848799100146,0.09144074461602825,tvm
2,2,1,1792,448,112,2048,4,7,[2; 2; 1; 1792; 448; 112; 2048; 4; 7],0.1850934590329416,0.03776744301603087,tvm
64,32,1,14336,14336,32,16,1,2,[64; 32; 1; 14336; 14336; 32; 16; 1; 2],0.267111212015152,0.026170772143664745,tvm
16,4,2,1792,896,128,256,32,8,[16; 4; 2; 1792; 896; 128; 256; 32; 8],0.08296371501637623,0.08425980761935274,tvm
64,4,1,2048,1024,128,512,16,8,[64; 4; 1; 2048; 1024; 128; 512; 16; 8],0.21840903896372765,0.03200648974893213,tvm
64,64,1,14336,448,224,4,4,14,[64; 64; 1; 14336; 448; 224; 4; 4; 14],0.1718201280455105,0.040685027686715905,tvm
32,32,1,1024,128,64,4096,2,4,[32; 32; 1; 1024; 128; 64; 4096; 2; 4],0.34401988104218617,0.020320065937728293,tvm
64,32,1,7168,7168,112,512,4,7,[64; 32; 1; 7168; 7168; 112; 512; 4; 7],0.42907922400627285,0.016291878691764555,tvm
1,1,1,14336,896,128,256,1,8,[1; 1; 1; 14336; 896; 128; 256; 1; 8],0.26054410298820585,0.026830415989047,tvm
8,2,2,14336,512,32,2048,32,2,[8; 2; 2; 14336; 512; 32; 2048; 32; 2],0.17460602696519345,0.040035884145397674,tvm
8,2,2,7168,128,128,4096,64,8,[8; 2; 2; 7168; 128; 128; 4096; 64; 8],0.14242902002297342,0.049080634448928434,tvm
16,8,8,3584,512,16,32,4,1,[16; 8; 8; 3584; 512; 16; 32; 4; 1],0.0359868204977829,0.19425185581753027,tvm
64,32,2,224,32,32,256,1,2,[64; 32; 2; 224; 32; 32; 256; 1; 2],0.08450543001526967,0.08272257374944451,tvm
16,1,1,896,448,16,32,8,1,[16; 1; 1; 896; 448; 16; 32; 8; 1],0.09709576348541304,0.07199600081126989,tvm
64,4,2,1792,896,32,128,64,2,[64; 4; 2; 1792; 896; 32; 128; 64; 2],0.10718400200130418,0.06521968331226902,tvm
4,4,1,256,128,128,4,2,8,[4; 4; 1; 256; 128; 128; 4; 2; 8],0.10222311201505363,0.0683847960492264,tvm
16,2,1,14336,7168,64,256,2,4,[16; 2; 1; 14336; 7168; 64; 256; 2; 4],0.3205649559968151,0.021806833641342005,tvm
64,2,1,2048,2048,32,4,4,2,[64; 2; 1; 2048; 2048; 32; 4; 4; 2],0.1085688549792394,0.06438777187070266,tvm
64,8,1,2048,128,128,256,2,8,[64; 8; 1; 2048; 128; 128; 256; 2; 8],0.15892184199765325,0.043987073008944194,tvm
16,4,2,7168,1792,112,512,1,7,[16; 4; 2; 7168; 1792; 112; 512; 1; 7],0.09793527249712497,0.07137884531716479,tvm
8,8,8,14336,896,32,1024,2,2,[8; 8; 8; 14336; 896; 32; 1024; 2; 2],0.08258619002299383,0.08464498319537872,tvm
4,4,4,1792,64,32,128,8,2,[4; 4; 4; 1792; 64; 32; 128; 8; 2],0.08309149849810638,0.0841302274362759,tvm
32,4,2,14336,7168,64,512,4,4,[32; 4; 2; 14336; 7168; 64; 512; 4; 4],0.4303536469815299,0.016243632918409284,tvm
64,64,16,3584,512,16,4,4,1,[64; 64; 16; 3584; 512; 16; 4; 4; 1],0.0886313520022668,0.07887171422690112,tvm
16,16,4,1792,128,64,32,32,4,[16; 16; 4; 1792; 128; 64; 32; 32; 4],0.02436313237558352,0.28692971654467886,tvm
32,32,1,896,32,32,1024,4,2,[32; 32; 1; 896; 32; 32; 1024; 4; 2],0.2755114320316352,0.02537283703662791,tvm
16,8,1,14336,512,64,2,1,4,[16; 8; 1; 14336; 512; 64; 2; 1; 4],0.06798318048822694,0.1028270024506614,tvm
16,4,2,2048,128,32,32,1,2,[16; 4; 2; 2048; 128; 32; 32; 1; 2],0.10351974103832617,0.0675282472362307,tvm
32,1,1,1792,896,32,4096,8,2,[32; 1; 1; 1792; 896; 32; 4096; 8; 2],0.2927686049952172,0.02387724143707577,tvm
8,4,1,14336,512,128,16,1,8,[8; 4; 1; 14336; 512; 128; 16; 1; 8],0.06361764049506746,0.10988314895470966,tvm
32,32,16,7168,3584,16,8,1,1,[32; 32; 16; 7168; 3584; 16; 8; 1; 1],0.10572420404059812,0.06612021088361479,tvm
8,4,4,7168,256,16,2048,2,1,[8; 4; 4; 7168; 256; 16; 2048; 2; 1],0.1223651259788312,0.057128259467293024,tvm
64,4,2,1024,64,64,4,4,4,[64; 4; 2; 1024; 64; 64; 4; 4; 4],0.09015142399584875,0.07754183302738027,tvm
64,4,4,2048,64,32,2048,16,2,[64; 4; 4; 2048; 64; 32; 2048; 16; 2],0.09162918452057056,0.07629126793218718,tvm
64,16,16,7168,112,16,256,2,1,[64; 16; 16; 7168; 112; 16; 256; 2; 1],0.3700334280147217,0.018891554485149245,tvm
2,1,1,7168,7168,32,512,32,2,[2; 1; 1; 7168; 7168; 32; 512; 32; 2],0.2769608279922977,0.02524005548850061,tvm
8,2,1,1024,32,32,2048,1,2,[8; 2; 1; 1024; 32; 32; 2048; 1; 2],0.12148812698433176,0.05754065718346475,tvm
64,32,4,7168,7168,32,128,4,2,[64; 32; 4; 7168; 7168; 32; 128; 4; 2],0.1724004220450297,0.04054808325724863,tvm
8,8,4,1792,256,32,128,8,2,[8; 8; 4; 1792; 256; 32; 128; 8; 2],0.05036559302243404,0.13879528160331456,tvm
64,32,1,224,32,32,1024,32,2,[64; 32; 1; 224; 32; 32; 1024; 32; 2],0.180016063968651,0.0388326825537305,tvm
8,1,1,64,64,16,16,4,1,[8; 1; 1; 64; 64; 16; 16; 4; 1],0.1980307610356249,0.03530010504483747,tvm
32,2,2,224,32,16,64,16,1,[32; 2; 2; 224; 32; 16; 64; 16; 1],0.14065068698255345,0.049701191061610535,tvm
8,8,4,128,128,32,4,1,2,[8; 8; 4; 128; 128; 32; 4; 1; 2],0.05933320600888692,0.11781778091714157,tvm
8,4,4,1792,256,64,4096,8,4,[8; 4; 4; 1792; 256; 64; 4096; 8; 4],0.06562956050038338,0.10651460429368305,tvm
32,32,2,512,256,32,2048,4,2,[32; 32; 2; 512; 256; 32; 2048; 4; 2],0.10263158002635464,0.06811262834374744,tvm
16,8,2,512,128,64,2048,1,4,[16; 8; 2; 512; 128; 64; 2048; 1; 4],0.057537344488082454,0.1214951216268695,tvm
16,8,2,2048,1024,128,4,4,8,[16; 8; 2; 2048; 1024; 128; 4; 4; 8],0.036448304759687744,0.19179236764937968,tvm
32,32,1,896,128,32,256,8,2,[32; 32; 1; 896; 128; 32; 256; 8; 2],0.08298180799465626,0.08424143599181197,tvm
8,8,2,448,112,112,8,2,7,[8; 8; 2; 448; 112; 112; 8; 2; 7],0.0441794002399547,0.15823000377322086,tvm
2,1,1,512,512,32,256,4,2,[2; 1; 1; 512; 512; 32; 256; 4; 2],0.23518834897549823,0.029723014329229944,tvm
64,8,8,224,224,16,4,1,1,[64; 8; 8; 224; 224; 16; 4; 1; 1],0.05315141050959937,0.1315206238111809,tvm
16,1,1,7168,128,16,8,2,1,[16; 1; 1; 7168; 128; 16; 8; 2; 1],0.26262963900808245,0.02661735626286846,tvm
8,2,1,14336,3584,64,512,4,4,[8; 2; 1; 14336; 3584; 64; 512; 4; 4],0.1624025100027211,0.04304432651040639,tvm
16,8,8,128,64,32,2,2,2,[16; 8; 8; 128; 64; 32; 2; 2; 2],0.07686569550423883,0.09094442743032448,tvm
64,8,1,1024,512,64,512,2,4,[64; 8; 1; 1024; 512; 64; 512; 2; 4],0.1576211960054934,0.04435004202368211,tvm
8,8,1,512,256,64,256,8,4,[8; 8; 1; 512; 256; 64; 256; 8; 4],0.09392655148985796,0.07442524563910441,tvm
64,64,4,14336,512,16,64,32,1,[64; 64; 4; 14336; 512; 16; 64; 32; 1],0.17809468699852005,0.03925162948137109,tvm
8,2,1,7168,896,16,128,32,1,[8; 2; 1; 7168; 896; 16; 128; 32; 1],0.21822335600154474,0.03203372358830914,tvm
32,2,1,896,896,16,4096,32,1,[32; 2; 1; 896; 896; 16; 4096; 32; 1],0.3132462440407835,0.022316330361990003,tvm
4,2,2,7168,256,128,32,2,8,[4; 2; 2; 7168; 256; 128; 32; 2; 8],0.09176314200158231,0.07617989657052204,tvm
64,8,4,14336,448,16,4096,64,1,[64; 8; 4; 14336; 448; 16; 4096; 64; 1],0.7235393850132823,0.009661542704462922,tvm
8,2,1,896,128,128,64,16,8,[8; 2; 1; 896; 128; 128; 64; 16; 8],0.08871801951318048,0.07879466544705853,tvm
16,4,2,512,512,128,32,4,8,[16; 4; 2; 512; 512; 128; 32; 4; 8],0.03616921475622803,0.19327228179491956,tvm
64,32,4,7168,448,16,32,1,1,[64; 32; 4; 7168; 448; 16; 32; 1; 1],0.16189081000629812,0.04318037982758077,tvm
32,16,8,3584,512,16,64,4,1,[32; 16; 8; 3584; 512; 16; 64; 4; 1],0.05654115151264705,0.123635732199459,tvm
64,32,2,256,64,32,4096,16,2,[64; 32; 2; 256; 64; 32; 4096; 16; 2],0.13286707398947328,0.05261278401615518,tvm
2,2,1,14336,14336,16,4096,32,1,[2; 2; 1; 14336; 14336; 16; 4096; 32; 1],0.3794887690455653,0.018420852570283353,tvm
32,2,2,512,16,16,16,8,1,[32; 2; 2; 512; 16; 16; 16; 8; 1],0.11855610902421176,0.05896369849013054,tvm
32,1,1,896,896,112,2048,16,7,[32; 1; 1; 896; 896; 112; 2048; 16; 7],0.2552640719804913,0.027385391968521605,tvm
16,1,1,1792,256,64,1024,16,4,[16; 1; 1; 1792; 256; 64; 1024; 16; 4],0.23728047497570515,0.02946094349896432,tvm
64,4,4,14336,3584,64,1024,8,4,[64; 4; 4; 14336; 3584; 64; 1024; 8; 4],0.5721125589916483,0.012218761075595816,tvm
32,8,2,128,32,32,512,8,2,[32; 8; 2; 128; 32; 32; 512; 8; 2],0.05945374601287767,0.11757891025323323,tvm
4,4,1,896,896,32,4,1,2,[4; 4; 1; 896; 896; 32; 4; 1; 2],0.04880693975428585,0.14322771929278386,tvm
4,2,2,1792,256,64,1024,1,4,[4; 2; 2; 1792; 256; 64; 1024; 1; 4],0.13230764301260933,0.05283524449151021,tvm
64,16,8,14336,512,16,32,8,1,[64; 16; 8; 14336; 512; 16; 32; 8; 1],0.21632196300197393,0.032315288608040595,tvm
64,64,2,14336,112,16,8,8,1,[64; 64; 2; 14336; 112; 16; 8; 8; 1],0.1336955109727569,0.05228677175324997,tvm
8,4,2,224,224,32,512,4,2,[8; 4; 2; 224; 224; 32; 512; 4; 2],0.08487488850369118,0.08236248423893543,tvm
32,16,4,512,64,16,256,64,1,[32; 16; 4; 512; 64; 16; 256; 64; 1],0.042020699751446955,0.16635864485873902,tvm
4,4,2,1792,64,32,2,1,2,[4; 4; 2; 1792; 64; 32; 2; 1; 2],0.08059435500763357,0.08673692674883439,tvm
4,2,2,448,64,32,8,8,2,[4; 2; 2; 448; 64; 32; 8; 8; 2],0.13351482298457995,0.052357532372821425,tvm
8,8,8,224,32,32,512,32,2,[8; 8; 8; 224; 32; 32; 512; 32; 2],0.051710409024963155,0.13518567728389086,tvm
32,1,1,7168,16,16,1024,16,1,[32; 1; 1; 7168; 16; 16; 1024; 16; 1],0.6917034180369228,0.01010621963746537,tvm
64,8,1,3584,512,16,4,2,1,[64; 8; 1; 3584; 512; 16; 4; 2; 1],0.07701937950332649,0.09076295747571875,tvm
8,4,1,224,32,32,256,2,2,[8; 4; 1; 224; 32; 32; 256; 2; 2],0.11593347101006657,0.06029757071674044,tvm
2,1,1,448,448,16,2,1,1,[2; 1; 1; 448; 448; 16; 2; 1; 1],0.13753888598876074,0.05082567461857958,tvm
32,2,1,1792,224,224,8,8,14,[32; 2; 1; 1792; 224; 224; 8; 8; 14],0.15067234600428492,0.046395419279313975,tvm
32,4,2,14336,32,16,1024,32,1,[32; 4; 2; 14336; 32; 16; 1024; 32; 1],0.5202048539649695,0.013437988156752966,tvm
32,16,1,14336,16,16,8,2,1,[32; 16; 1; 14336; 16; 16; 8; 2; 1],0.21077650698134676,0.033165492524673594,tvm
64,4,1,14336,896,112,512,32,7,[64; 4; 1; 14336; 896; 112; 512; 32; 7],1.3803730770014226,0.005064215452428345,tvm
32,16,1,7168,64,64,256,8,4,[32; 16; 1; 7168; 64; 64; 256; 8; 4],0.17110019194660708,0.04085621755963956,tvm
16,2,1,14336,2048,64,128,4,4,[16; 2; 1; 14336; 2048; 64; 128; 4; 4],0.2844258570112288,0.02457760605918009,tvm
4,1,1,512,64,16,2048,8,1,[4; 1; 1; 512; 64; 16; 2048; 8; 1],0.24044527998194098,0.02907317069061077,tvm
32,32,2,1792,128,16,64,64,1,[32; 32; 2; 1792; 128; 16; 64; 64; 1],0.038802765498985536,0.1801548569224899,tvm
64,8,2,14336,224,16,32,1,1,[64; 8; 2; 14336; 224; 16; 32; 1; 1],0.42275358899496496,0.01653565303439665,tvm
64,4,2,256,128,32,32,32,2,[64; 4; 2; 256; 128; 32; 32; 32; 2],0.0655242890061345,0.1066857309357787,tvm
16,4,4,14336,448,32,1024,32,2,[16; 4; 4; 14336; 448; 32; 1024; 32; 2],0.1616345639922656,0.04324883548422954,tvm
16,8,2,896,112,16,1,1,1,[16; 8; 2; 896; 112; 16; 1; 1; 1],0.05942320849862881,0.11763933391156374,tvm
64,32,1,14336,2048,32,32,2,2,[64; 32; 1; 14336; 2048; 32; 32; 2; 2],0.28505778399994597,0.024523121482863952,tvm
32,2,2,896,448,64,128,32,4,[32; 2; 2; 896; 448; 64; 128; 32; 4],0.13493918103631586,0.05180486951958993,tvm
64,32,1,2048,1024,128,512,8,8,[64; 32; 1; 2048; 1024; 128; 512; 8; 8],0.11567920399829745,0.060430106925437974,tvm
16,1,1,3584,64,64,128,2,4,[16; 1; 1; 3584; 64; 64; 128; 2; 4],0.2536366389831528,0.027561107475213762,tvm
64,16,1,3584,448,32,128,2,2,[64; 16; 1; 3584; 448; 32; 128; 2; 2],0.11693652399117127,0.05978035286216008,tvm
64,2,2,3584,896,16,4,2,1,[64; 2; 2; 3584; 896; 16; 4; 2; 1],0.17129680601647124,0.040809322889502606,tvm
16,16,2,14336,896,128,128,4,8,[16; 16; 2; 14336; 896; 128; 128; 4; 8],0.05986524501349777,0.11677070168326419,tvm
16,8,8,7168,896,16,16,16,1,[16; 8; 8; 7168; 896; 16; 16; 16; 1],0.02883382725121919,0.24244116487765546,tvm
8,4,2,896,896,16,512,4,1,[8; 4; 2; 896; 896; 16; 512; 4; 1],0.10476865200325847,0.06672326629199402,tvm
64,32,2,512,256,16,2048,2,1,[64; 32; 2; 512; 256; 16; 2048; 2; 1],0.1673041430185549,0.04178322509258712,tvm
32,32,2,1792,112,112,128,8,7,[32; 32; 2; 1792; 112; 112; 128; 8; 7],0.022880970624100883,0.3055161768051683,tvm
64,16,1,14336,7168,128,4,4,8,[64; 16; 1; 14336; 7168; 128; 4; 4; 8],0.34834900399437174,0.02006753740217271,tvm
4,4,2,1792,1792,32,1024,64,2,[4; 4; 2; 1792; 1792; 32; 1024; 64; 2],0.09782387199811637,0.07146013057836507,tvm
32,32,4,3584,256,32,64,4,2,[32; 32; 4; 3584; 256; 32; 64; 4; 2],0.027160370998899452,0.25737890940259706,tvm
32,2,2,1024,512,64,1,1,4,[32; 2; 2; 1024; 512; 64; 1; 1; 4],0.13484284601872787,0.05184188018173229,tvm
64,64,8,256,256,16,1,1,1,[64; 64; 8; 256; 256; 16; 1; 1; 1],0.05332375699072145,0.13109553904618992,tvm
4,2,1,2048,512,16,1024,2,1,[4; 2; 1; 2048; 512; 16; 1024; 2; 1],0.17160639900248498,0.040735699293855815,tvm
16,4,4,64,64,64,4,1,4,[16; 4; 4; 64; 64; 64; 4; 1; 4],0.05387043350492604,0.129765183085587,tvm
4,1,1,1792,448,224,256,16,14,[4; 1; 1; 1792; 448; 224; 256; 16; 14],0.14256140496581793,0.04903505733787337,tvm
8,8,1,7168,224,112,256,64,7,[8; 8; 1; 7168; 224; 112; 256; 64; 7],0.09752367899636738,0.07168009593779838,tvm
4,1,1,896,112,112,256,8,7,[4; 1; 1; 896; 112; 112; 256; 8; 7],0.17783314298139885,0.03930935791534577,tvm
4,4,1,896,16,16,4096,64,1,[4; 4; 1; 896; 16; 16; 4096; 64; 1],0.2391340109752491,0.02923259070576205,tvm
16,4,2,14336,224,16,512,64,1,[16; 4; 2; 14336; 224; 16; 512; 64; 1],0.2424560870276764,0.028832052650708248,tvm
32,32,1,1792,896,128,2048,8,8,[32; 32; 1; 1792; 896; 128; 2048; 8; 8],0.16096308402484283,0.04342925403683096,tvm
32,8,2,7168,448,112,2048,64,7,[32; 8; 2; 7168; 448; 112; 2048; 64; 7],0.17687189299613237,0.03952299344034005,tvm
32,4,4,512,512,64,32,32,4,[32; 4; 4; 512; 512; 64; 32; 32; 4],0.04177318025904242,0.16734437319154002,tvm
64,32,4,3584,1792,64,512,4,4,[64; 32; 4; 3584; 1792; 64; 512; 4; 4],0.07632257451768965,0.0915915993510733,tvm
16,8,4,7168,256,64,1024,8,4,[16; 8; 4; 7168; 256; 64; 1024; 8; 4],0.05266572450636886,0.13273351372620545,tvm
16,16,1,512,128,32,32,2,2,[16; 16; 1; 512; 128; 32; 32; 2; 2],0.04298949749500025,0.16260963895843802,tvm
32,32,8,14336,448,16,2,1,1,[32; 32; 8; 14336; 448; 16; 2; 1; 1],0.11657750100130215,0.059964458035419575,tvm
8,8,1,2048,1024,32,512,32,2,[8; 8; 1; 2048; 1024; 32; 512; 32; 2],0.09739930849173106,0.07177162522935306,tvm
16,8,8,896,896,32,128,32,2,[16; 8; 8; 896; 896; 32; 128; 32; 2],0.04758721300459001,0.14689884583054694,tvm
4,4,4,512,64,64,64,64,4,[4; 4; 4; 512; 64; 64; 64; 64; 4],0.07934560050489381,0.08810200719617103,tvm
8,4,2,3584,32,32,16,4,2,[8; 4; 2; 3584; 32; 32; 16; 4; 2],0.1163757800241001,0.060068397953758186,tvm
16,8,1,448,64,16,64,16,1,[16; 8; 1; 448; 64; 16; 64; 16; 1],0.07864766550483182,0.08888384190166708,tvm
16,2,2,224,32,32,32,8,2,[16; 2; 2; 224; 32; 32; 32; 8; 2],0.0999198165081907,0.06996116397084892,tvm
16,8,1,32,32,32,128,64,2,[16; 8; 1; 32; 32; 32; 128; 64; 2],0.05891997099388391,0.11864409552055456,tvm
8,4,1,448,16,16,128,64,1,[8; 4; 1; 448; 16; 16; 128; 64; 1],0.12131827702978626,0.05762121617462756,tvm
32,2,1,256,128,32,4096,16,2,[32; 2; 1; 256; 128; 32; 4096; 16; 2],0.22242638701573014,0.03142840541743949,tvm
8,8,2,128,64,64,32,1,4,[8; 8; 2; 128; 64; 64; 32; 1; 4],0.04179171024588868,0.16727017452831733,tvm
64,2,1,512,32,16,16,8,1,[64; 2; 1; 512; 32; 16; 16; 8; 1],0.22621261497261003,0.03090237327176949,tvm
16,16,1,1792,1792,32,64,2,2,[16; 16; 1; 1792; 1792; 32; 64; 2; 2],0.048815113739692606,0.1432037361204085,tvm
4,4,4,7168,128,64,64,32,4,[4; 4; 4; 7168; 128; 64; 64; 32; 4],0.08036936548887752,0.08697974189722946,tvm
64,8,1,3584,128,16,4096,4,1,[64; 8; 1; 3584; 128; 16; 4096; 4; 1],0.557218844012823,0.012545352228801864,tvm
2,2,1,2048,128,128,1024,16,8,[2; 2; 1; 2048; 128; 128; 1024; 16; 8],0.15537535800831392,0.04499108968291236,tvm
16,8,2,14336,14336,128,64,4,8,[16; 8; 2; 14336; 14336; 128; 64; 4; 8],0.12174582498846576,0.05741886152834358,tvm
16,1,1,14336,3584,64,8,4,4,[16; 1; 1; 14336; 3584; 64; 8; 4; 4],0.28179347701370716,0.024807198309727482,tvm
64,64,16,1792,896,16,128,1,1,[64; 64; 16; 1792; 896; 16; 128; 1; 1],0.055002337001496926,0.127094720838433,tvm
16,1,1,896,896,16,32,4,1,[16; 1; 1; 896; 896; 16; 32; 4; 1],0.09353483401355334,0.07473693346859131,tvm
32,16,1,896,128,128,256,64,8,[32; 16; 1; 896; 128; 128; 256; 64; 8],0.08478837649454363,0.08244652104072928,tvm
32,8,4,14336,128,16,256,4,1,[32; 8; 4; 14336; 128; 16; 256; 4; 1],0.2938914659898728,0.023786014483685457,tvm
4,4,1,512,128,64,512,2,4,[4; 4; 1; 512; 128; 64; 512; 2; 4],0.11712991801323369,0.059681649105883076,tvm
16,16,1,128,64,16,4,1,1,[16; 16; 1; 128; 64; 16; 4; 1; 1],0.04415880699525587,0.15830379356529448,tvm
32,32,4,448,112,16,8,4,1,[32; 32; 4; 448; 112; 16; 8; 4; 1],0.01925394587306073,0.36306878147234617,tvm
16,4,1,1792,896,128,512,8,8,[16; 4; 1; 1792; 896; 128; 512; 8; 8],0.10993061203043908,0.06359017326976257,tvm
64,64,8,14336,3584,32,8,8,2,[64; 64; 8; 14336; 3584; 32; 8; 8; 2],0.16416181798558682,0.042583024191900846,tvm
8,4,1,7168,448,32,64,2,2,[8; 4; 1; 7168; 448; 32; 64; 2; 2],0.08893735651508905,0.07860034231488162,tvm
64,32,8,1024,1024,16,64,1,1,[64; 32; 8; 1024; 1024; 16; 64; 1; 1],0.09303504100535065,0.07513842731863393,tvm
2,1,1,32,16,16,8,1,1,[2; 1; 1; 32; 16; 16; 8; 1; 1],0.3082792770001106,0.022675889001336144,tvm
2,2,1,2048,1024,16,512,32,1,[2; 2; 1; 2048; 1024; 16; 512; 32; 1],0.2288845680304803,0.030541625094339032,tvm
4,4,2,7168,448,32,64,64,2,[4; 4; 2; 7168; 448; 32; 64; 64; 2],0.08346741201239638,0.0837513287895934,tvm
64,32,8,16,16,16,32,32,1,[64; 32; 8; 16; 16; 16; 32; 32; 1],0.026581400758004747,0.2629848866998305,tvm
64,8,4,1792,256,32,128,16,2,[64; 8; 4; 1792; 256; 32; 128; 16; 2],0.054972105484921485,0.12716461567192694,tvm
32,2,1,14336,448,16,8,4,1,[32; 2; 1; 14336; 448; 16; 8; 4; 1],0.36215960601111874,0.019302281509694513,tvm
16,16,16,14336,896,16,128,32,1,[16; 16; 16; 14336; 896; 16; 128; 32; 1],0.14120583405019715,0.04950579212032852,tvm
32,8,1,14336,224,224,2048,8,14,[32; 8; 1; 14336; 224; 224; 2048; 8; 14],0.6272900990443304,0.011143977367595355,tvm
8,2,2,14336,256,64,4096,2,4,[8; 2; 2; 14336; 256; 64; 4096; 2; 4],0.1560856410069391,0.044786353322250116,tvm
32,1,1,1024,1024,64,128,2,4,[32; 1; 1; 1024; 1024; 64; 128; 2; 4],0.35536352201597765,0.019671424424796094,tvm
8,8,2,14336,256,128,1024,4,8,[8; 8; 2; 14336; 256; 128; 1024; 4; 8],0.062373018998187035,0.11207581064610415,tvm
8,2,2,448,224,16,1024,64,1,[8; 2; 2; 448; 224; 16; 1024; 64; 1],0.13468987302621827,0.05190075920040343,tvm
8,8,1,14336,64,16,64,1,1,[8; 8; 1; 14336; 64; 16; 64; 1; 1],0.08875097599229775,0.07876540610971239,tvm
16,16,4,1792,224,16,8,8,1,[16; 16; 4; 1792; 224; 16; 8; 8; 1],0.021048611379228532,0.33211248669663457,tvm
8,8,2,14336,1024,128,512,2,8,[8; 8; 2; 14336; 1024; 128; 512; 2; 8],0.061567450989969075,0.11354224601251724,tvm
8,2,2,14336,32,16,1024,16,1,[8; 2; 2; 14336; 32; 16; 1024; 16; 1],0.2286493310239166,0.030573046662163483,tvm
32,4,2,448,64,32,2048,16,2,[32; 4; 2; 448; 64; 32; 2048; 16; 2],0.07898165250662714,0.0885079818516093,tvm
16,2,1,14336,1024,16,512,1,1,[16; 2; 1; 14336; 1024; 16; 512; 1; 1],0.42260291799902916,0.01654154850554706,tvm
16,16,2,3584,1792,112,256,1,7,[16; 16; 2; 3584; 1792; 112; 256; 1; 7],0.052608800993766636,0.13287713338106563,tvm
8,4,4,112,112,16,512,16,1,[8; 4; 4; 112; 112; 16; 512; 16; 1],0.08128933201078326,0.08599537594600183,tvm
16,4,1,1792,896,128,1024,8,8,[16; 4; 1; 1792; 896; 128; 1024; 8; 8],0.10991788195678964,0.06359753792758434,tvm
4,2,1,14336,64,32,2048,16,2,[4; 2; 1; 14336; 64; 32; 2048; 16; 2],0.18566836701938882,0.03765049899930809,tvm
16,16,1,2048,1024,64,16,8,4,[16; 16; 1; 2048; 1024; 64; 16; 8; 4],0.04418939749302808,0.15819420637653148,tvm
4,2,1,448,112,112,64,2,7,[4; 2; 1; 448; 112; 112; 64; 2; 7],0.09529979550279677,0.07335279818582104,tvm
16,16,2,2048,512,16,2048,64,1,[16; 16; 2; 2048; 512; 16; 2048; 64; 1],0.16693780798232183,0.04187491588128999,tvm
32,2,2,224,224,32,16,8,2,[32; 2; 2; 224; 224; 32; 16; 8; 2],0.06966176099376753,0.10034926718680125,tvm
32,8,8,14336,112,16,256,4,1,[32; 8; 8; 14336; 112; 16; 256; 4; 1],0.321456833044067,0.021746330916252044,tvm
16,4,4,128,32,32,128,16,2,[16; 4; 4; 128; 32; 32; 128; 16; 2],0.06100662951939739,0.11458601666305786,tvm
8,8,8,1024,1024,16,32,4,1,[8; 8; 8; 1024; 1024; 16; 32; 4; 1],0.03769088050466962,0.18546944441376462,tvm
64,16,2,128,32,32,16,1,2,[64; 16; 2; 128; 32; 32; 16; 1; 2],0.047227655493770726,0.14801722832903927,tvm
64,32,4,64,32,16,256,16,1,[64; 32; 4; 64; 32; 16; 256; 16; 1],0.056786613014992326,0.12310131376951627,tvm
64,1,1,896,32,16,256,64,1,[64; 1; 1; 896; 32; 16; 256; 64; 1],0.36670492199482396,0.01906302928425198,tvm
16,16,8,7168,16,16,4,1,1,[16; 16; 8; 7168; 16; 16; 4; 1; 1],0.07486054650507867,0.09338038516980929,tvm
32,4,2,14336,7168,128,2048,4,8,[32; 4; 2; 14336; 7168; 128; 2048; 4; 8],0.5140732019790448,0.013598270907246437,tvm
8,2,1,14336,448,112,32,1,7,[8; 2; 1; 14336; 448; 112; 32; 1; 7],0.11146943300263956,0.0627123192283676,tvm
64,32,4,7168,896,64,128,2,4,[64; 32; 4; 7168; 896; 64; 128; 2; 4],0.12542608904186636,0.05573407191492102,tvm
8,2,2,224,112,16,2048,2,1,[8; 2; 2; 224; 112; 16; 2048; 2; 1],0.1282701320014894,0.05449831973810939,tvm
16,8,2,512,64,64,1024,64,4,[16; 8; 2; 512; 64; 64; 1024; 64; 4],0.05692786900908686,0.12279586059247778,tvm
4,4,2,7168,512,32,64,8,2,[4; 4; 2; 7168; 512; 32; 64; 8; 2],0.08669994500814937,0.08062873241741496,tvm
32,16,4,448,448,16,1024,1,1,[32; 16; 4; 448; 448; 16; 1024; 1; 1],0.07218958748853765,0.0968353873441461,tvm
64,64,8,14336,224,16,512,8,1,[64; 64; 8; 14336; 224; 16; 512; 8; 1],0.28435063594952226,0.02458410772785336,tvm
64,2,2,14336,2048,32,64,16,2,[64; 2; 2; 14336; 2048; 32; 64; 16; 2],1.150437074014917,0.006076392029222821,tvm
16,4,2,14336,64,64,512,8,4,[16; 4; 2; 14336; 64; 64; 512; 8; 4],0.179050590028055,0.03904207556965515,tvm
32,1,1,3584,256,32,2048,8,2,[32; 1; 1; 3584; 256; 32; 2048; 8; 2],0.3003124989918433,0.023277441632079836,tvm
16,8,1,128,64,32,8,8,2,[16; 8; 1; 128; 64; 32; 8; 8; 2],0.048942825000267476,0.1428300607214329,tvm
64,2,2,14336,2048,16,8,1,1,[64; 2; 2; 14336; 2048; 16; 8; 1; 1],0.597852586011868,0.011692692864805804,tvm
64,16,16,224,32,16,32,2,1,[64; 16; 16; 224; 32; 16; 32; 2; 1],0.09006533399224281,0.077615952296016,tvm
8,8,4,7168,224,32,512,32,2,[8; 8; 4; 7168; 224; 32; 512; 32; 2],0.050912319478811696,0.13730481616685963,tvm
64,32,8,3584,64,16,16,2,1,[64; 32; 8; 3584; 64; 16; 16; 2; 1],0.0806899449962657,0.08663417315491026,tvm
8,8,1,14336,7168,128,512,8,8,[8; 8; 1; 14336; 7168; 128; 512; 8; 8],0.09264906650059856,0.07545145278524208,tvm
64,16,1,3584,896,224,16,8,14,[64; 16; 1; 3584; 896; 224; 16; 8; 14],0.07576824698480777,0.09226169199966217,tvm
64,64,2,512,512,64,1024,16,4,[64; 64; 2; 512; 512; 64; 1024; 16; 4],0.0900022060086485,0.07767039250121197,tvm
64,64,4,3584,224,32,128,64,2,[64; 64; 4; 3584; 224; 32; 128; 64; 2],0.03845232351159211,0.18179672977523084,tvm
2,2,1,14336,3584,64,4,2,4,[2; 2; 1; 14336; 3584; 64; 4; 2; 4],0.10034351848298684,0.06966575193246688,tvm
64,16,2,896,64,32,512,8,2,[64; 16; 2; 896; 64; 32; 512; 8; 2],0.07785324298311025,0.08979082179252586,tvm
8,2,1,256,128,32,32,8,2,[8; 2; 1; 256; 128; 32; 32; 8; 2],0.08692712799529545,0.0804180102101728,tvm
64,64,1,3584,3584,128,8,4,8,[64; 64; 1; 3584; 3584; 128; 8; 4; 8],0.06084471198846586,0.11489094841950825,tvm
1,1,1,1024,32,16,256,64,1,[1; 1; 1; 1024; 32; 16; 256; 64; 1],0.3812256090459414,0.018336928319587897,tvm
32,16,4,128,64,32,1024,2,2,[32; 16; 4; 128; 64; 32; 1024; 2; 2],0.058850854489719495,0.11878343530063477,tvm
8,8,4,14336,1792,16,2048,64,1,[8; 8; 4; 14336; 1792; 16; 2048; 64; 1],0.06402435799827799,0.10918511149857503,tvm
8,8,2,448,224,16,64,4,1,[8; 8; 2; 448; 224; 16; 64; 4; 1],0.06710737949470058,0.1041689709731357,tvm
16,2,2,1024,256,16,2048,2,1,[16; 2; 2; 1024; 256; 16; 2048; 2; 1],0.11142331804148853,0.06273827408427873,tvm
4,1,1,224,224,112,4,1,7,[4; 1; 1; 224; 224; 112; 4; 1; 7],0.13339542603353038,0.052404395521848904,tvm
32,16,4,256,64,32,16,2,2,[32; 16; 4; 256; 64; 32; 16; 2; 2],0.03983069474634249,0.1755055168177447,tvm
64,16,8,7168,448,16,4096,16,1,[64; 16; 8; 7168; 448; 16; 4096; 16; 1],0.26891083497321233,0.025995630363362002,tvm
16,8,2,32,32,16,512,16,1,[16; 8; 2; 32; 32; 16; 512; 16; 1],0.07012247800594196,0.09968995485405284,tvm
8,8,1,14336,512,128,16,16,8,[8; 8; 1; 14336; 512; 128; 16; 16; 8],0.04629439000564162,0.15100116160542942,tvm
64,64,1,512,16,16,8,2,1,[64; 64; 1; 512; 16; 16; 8; 2; 1],0.03225965049932711,0.21669505275057085,tvm
32,32,1,2048,2048,32,128,8,2,[32; 32; 1; 2048; 2048; 32; 128; 8; 2],0.054881201998796314,0.12737524711685408,tvm
16,2,2,1792,448,64,2048,4,4,[16; 2; 2; 1792; 448; 64; 2048; 4; 4],0.13713045697659254,0.05097705368151664,tvm
16,16,8,7168,112,16,1024,2,1,[16; 16; 8; 7168; 112; 16; 1024; 2; 1],0.06613377699977718,0.10570251668357335,tvm
8,2,2,256,64,64,512,4,4,[8; 2; 2; 256; 64; 64; 512; 4; 4],0.10288315999787301,0.06794607267905833,tvm
64,32,8,2048,2048,32,128,8,2,[64; 32; 8; 2048; 2048; 32; 128; 8; 2],0.045074649999151006,0.15508731996362335,tvm
32,4,1,3584,32,32,2048,2,2,[32; 4; 1; 3584; 32; 32; 2048; 2; 2],0.18764891504542902,0.03725311529232287,tvm
2,2,2,14336,64,32,256,2,2,[2; 2; 2; 14336; 64; 32; 256; 2; 2],0.19890135497553274,0.03514559600424333,tvm
8,4,4,3584,896,64,1,1,4,[8; 4; 4; 3584; 896; 64; 1; 1; 4],0.048722380262915976,0.14347629629226766,tvm
8,8,1,1024,1024,32,4096,2,2,[8; 8; 1; 1024; 1024; 32; 4096; 2; 2],0.19089311396237463,0.036620004365608014,tvm
2,2,2,256,256,16,16,2,1,[2; 2; 2; 256; 256; 16; 16; 2; 1],0.09349527300219052,0.07476855719222174,tvm
32,8,8,7168,256,16,8,4,1,[32; 8; 8; 7168; 256; 16; 8; 4; 1],0.07819354999810457,0.08940004216250724,tvm
16,4,1,3584,3584,112,1024,1,7,[16; 4; 1; 3584; 3584; 112; 1024; 1; 7],0.17472548800287768,0.040008511331509546,tvm
32,2,2,3584,256,128,32,32,8,[32; 2; 2; 3584; 256; 128; 32; 32; 8],0.11270458699436858,0.062025041332310245,tvm
8,2,1,7168,64,64,128,1,4,[8; 2; 1; 7168; 64; 64; 128; 1; 4],0.14803971897345036,0.04722048052469185,tvm
64,16,1,7168,64,64,4,1,4,[64; 16; 1; 7168; 64; 64; 4; 1; 4],0.12966976000461727,0.053910076384947034,tvm
64,64,4,896,448,32,4096,2,2,[64; 64; 4; 896; 448; 32; 4096; 2; 2],0.0746676090057008,0.09362167558000885,tvm
32,32,1,896,16,16,4,4,1,[32; 32; 1; 896; 16; 16; 4; 4; 1],0.046860448506777175,0.1491771182184837,tvm
64,64,1,3584,1792,16,512,32,1,[64; 64; 1; 3584; 1792; 16; 512; 32; 1],0.2440550239989534,0.028643158219503174,tvm
64,2,2,896,32,32,4,2,2,[64; 2; 2; 896; 32; 32; 4; 2; 2],0.1675776019692421,0.04171504177479359,tvm
16,4,1,1792,224,16,4096,32,1,[16; 4; 1; 1792; 224; 16; 4096; 32; 1],0.23702494002645835,0.029492705138481793,tvm
64,8,8,14336,512,32,128,8,2,[64; 8; 8; 14336; 512; 32; 128; 8; 2],0.4589537129504606,0.015231398002484884,tvm
32,32,16,512,16,16,16,2,1,[32; 32; 16; 512; 16; 16; 16; 2; 1],0.06691792150377296,0.10446389411949276,tvm
8,4,1,3584,896,64,2048,1,4,[8; 4; 1; 3584; 896; 64; 2048; 1; 4],0.11615079204784706,0.0601847524534056,tvm
64,1,1,7168,3584,16,256,16,1,[64; 1; 1; 7168; 3584; 16; 256; 16; 1],1.2786426480161026,0.00546713084966538,tvm
1,1,1,2048,2048,32,2048,4,2,[1; 1; 1; 2048; 2048; 32; 2048; 4; 2],0.2776786420145072,0.02517480860591882,tvm
4,4,2,7168,256,32,128,16,2,[4; 4; 2; 7168; 256; 32; 128; 16; 2],0.09682273052749224,0.0721990242227444,tvm
64,2,1,512,256,32,8,1,2,[64; 2; 1; 512; 256; 32; 8; 1; 2],0.15898573904996738,0.04396939441511563,tvm
8,4,1,2048,256,128,32,1,8,[8; 4; 1; 2048; 256; 128; 32; 1; 8],0.0596841009974014,0.1171251061814775,tvm
32,8,1,1792,896,112,8,4,7,[32; 8; 1; 1792; 896; 112; 8; 4; 7],0.039442074252292514,0.17723476260278967,tvm
64,32,8,3584,128,16,4096,1,1,[64; 32; 8; 3584; 128; 16; 4096; 1; 1],0.19155593501636758,0.03649329197797688,tvm
32,2,1,1792,224,32,128,8,2,[32; 2; 1; 1792; 224; 32; 128; 8; 2],0.1633110279799439,0.042804865985689375,tvm
64,4,2,1792,128,64,64,8,4,[64; 4; 2; 1792; 128; 64; 64; 8; 4],0.09110219500144012,0.0767325822012978,tvm
64,64,1,7168,896,16,32,2,1,[64; 64; 1; 7168; 896; 16; 32; 2; 1],0.1700434639933519,0.041110116804842146,tvm
32,1,1,14336,256,32,8,4,2,[32; 1; 1; 14336; 256; 32; 8; 4; 2],0.6823823759914376,0.010244266136724467,tvm
32,8,2,896,112,112,4096,32,7,[32; 8; 2; 896; 112; 112; 4096; 32; 7],0.11195523198693991,0.062440196340999427,tvm
8,2,1,14336,64,32,4,4,2,[8; 2; 1; 14336; 64; 32; 4; 4; 2],0.15324937499826774,0.04561523769180582,tvm
32,8,1,7168,7168,16,4,2,1,[32; 8; 1; 7168; 7168; 16; 4; 2; 1],0.10076944099273533,0.06937129548203633,tvm
64,64,4,2048,64,16,1024,8,1,[64; 64; 4; 2048; 64; 16; 1024; 8; 1],0.06786568198003806,0.10300503085967436,tvm
64,64,1,896,32,16,8,4,1,[64; 64; 1; 896; 32; 16; 8; 4; 1],0.020176334750431124,0.3464705930554257,tvm
64,16,1,16,16,16,1024,32,1,[64; 16; 1; 16; 16; 16; 1024; 32; 1],0.17963966500246897,0.03891404866831938,tvm
64,32,2,256,128,128,128,64,8,[64; 32; 2; 256; 128; 128; 128; 64; 8],0.025207948245224543,0.27731359167602887,tvm
64,64,2,7168,128,64,8,2,4,[64; 64; 2; 7168; 128; 64; 8; 2; 4],0.06455171050038189,0.10829312829170207,tvm
32,16,1,3584,1792,32,4,2,2,[32; 16; 1; 3584; 1792; 32; 4; 2; 2],0.03200429225398693,0.21842403547592354,tvm
16,2,1,64,16,16,4,4,1,[16; 2; 1; 64; 16; 16; 4; 4; 1],0.1167085439665243,0.05989712859987153,tvm
16,16,8,14336,1024,32,64,64,2,[16; 16; 8; 14336; 1024; 32; 64; 64; 2],0.09963771348702721,0.0701592441458106,tvm
8,8,4,7168,448,32,4096,16,2,[8; 8; 4; 7168; 448; 32; 4096; 16; 2],0.06874200701713562,0.10169191983184478,tvm
2,2,1,14336,112,112,4096,32,7,[2; 2; 1; 14336; 112; 112; 4096; 32; 7],0.21165159798692912,0.03302836705772652,tvm
32,4,4,7168,128,64,2048,8,4,[32; 4; 4; 7168; 128; 64; 2048; 8; 4],0.16039291099878028,0.04358363859809133,tvm
8,1,1,14336,14336,32,32,2,2,[8; 1; 1; 14336; 14336; 32; 32; 2; 2],0.17009767499985173,0.04109701479854302,tvm
64,16,1,896,128,32,2,1,2,[64; 16; 1; 896; 128; 32; 2; 1; 2],0.03959698700055014,0.17654137842784715,tvm
4,1,1,1792,128,64,1024,2,4,[4; 1; 1; 1792; 128; 64; 1024; 2; 4],0.19501567096449435,0.035845871421991506,tvm
64,32,4,7168,64,16,2048,1,1,[64; 32; 4; 7168; 64; 16; 2048; 1; 1],0.27830950397765264,0.025117743256184245,tvm
2,1,1,64,64,32,4096,1,2,[2; 1; 1; 64; 64; 32; 4096; 1; 2],0.24281185999279842,0.028789807330144412,tvm
8,1,1,1024,128,128,128,64,8,[8; 1; 1; 1024; 128; 128; 128; 64; 8],0.16628562798723578,0.04203915125607406,tvm
2,1,1,14336,1792,32,64,32,2,[2; 1; 1; 14336; 1792; 32; 64; 32; 2],0.2676013779710047,0.02612283509027411,tvm
64,16,2,128,64,32,32,32,2,[64; 16; 2; 128; 64; 32; 32; 32; 2],0.047481894740485586,0.14722467805620632,tvm
32,8,2,14336,512,32,512,16,2,[32; 8; 2; 14336; 512; 32; 512; 16; 2],0.2822652200120501,0.02476573864243082,tvm
32,4,4,3584,64,64,1024,2,4,[32; 4; 4; 3584; 64; 64; 1024; 2; 4],0.08019654199597426,0.0871671831812596,tvm
16,1,1,224,224,32,256,4,2,[16; 1; 1; 224; 224; 32; 256; 4; 2],0.17661731800762936,0.039579961611492125,tvm
64,4,4,64,64,32,256,16,2,[64; 4; 4; 64; 64; 32; 256; 16; 2],0.07281705702189356,0.09600095022468244,tvm
16,8,1,14336,896,16,512,1,1,[16; 8; 1; 14336; 896; 16; 512; 1; 1],0.2267798210377805,0.03082508238465397,tvm
32,4,1,14336,7168,112,256,2,7,[32; 4; 1; 14336; 7168; 112; 256; 2; 7],0.5565760149620473,0.012559841744426134,tvm
32,16,2,14336,32,32,256,2,2,[32; 16; 2; 14336; 32; 32; 256; 2; 2],0.21895056503126398,0.03192732873591119,tvm
4,2,1,14336,32,32,256,64,2,[4; 2; 1; 14336; 32; 32; 256; 64; 2],0.18165116204181686,0.038483137614376633,tvm
4,1,1,448,448,112,256,16,7,[4; 1; 1; 448; 448; 112; 256; 16; 7],0.19126328302081674,0.03654913037284753,tvm
8,1,1,3584,3584,128,64,1,8,[8; 1; 1; 3584; 3584; 128; 64; 1; 8],0.22209662100067362,0.03147506988251507,tvm
64,16,1,64,64,64,256,2,4,[64; 16; 1; 64; 64; 64; 256; 2; 4],0.11889999505365267,0.058793161963650684,tvm
16,8,2,7168,896,32,4096,16,2,[16; 8; 2; 7168; 896; 32; 4096; 16; 2],0.11265813501086086,0.06205061592749377,tvm
2,1,1,512,512,16,1024,64,1,[2; 1; 1; 512; 512; 16; 1024; 64; 1],0.283011675986927,0.024700417897209215,tvm
32,2,1,7168,448,64,128,64,4,[32; 2; 1; 7168; 448; 64; 128; 64; 4],0.30865163600537926,0.02264853268603713,tvm
32,32,2,512,512,16,512,16,1,[32; 32; 2; 512; 512; 16; 512; 16; 1],0.11101451399736106,0.06296930387708438,tvm
64,64,1,128,16,16,16,16,1,[64; 64; 1; 128; 16; 16; 16; 16; 1],0.02588196775468532,0.2700917771370456,tvm
64,64,8,1792,448,16,128,32,1,[64; 64; 8; 1792; 448; 16; 128; 32; 1],0.029658653249498457,0.23569872198377315,tvm
32,8,1,7168,256,64,8,1,4,[32; 8; 1; 7168; 256; 64; 8; 1; 4],0.07343381000100635,0.0951946612407945,tvm
32,8,2,3584,512,16,64,64,1,[32; 8; 2; 3584; 512; 16; 64; 64; 1],0.06390717398608103,0.10938531984201331,tvm
2,2,2,64,64,32,4096,2,2,[2; 2; 2; 64; 64; 32; 4096; 2; 2],0.1720090140006505,0.04064035078208303,tvm
64,2,1,14336,3584,32,128,32,2,[64; 2; 1; 14336; 3584; 32; 128; 32; 2],1.878098583954852,0.003722119129628561,tvm
16,2,2,2048,256,64,128,1,4,[16; 2; 2; 2048; 256; 64; 128; 1; 4],0.1696451019961387,0.04120665191280193,tvm
32,16,1,3584,448,224,1024,1,14,[32; 16; 1; 3584; 448; 224; 1024; 1; 14],0.13537520699901506,0.05163801276194929,tvm
32,32,2,1792,256,32,4096,2,2,[32; 32; 2; 1792; 256; 32; 4096; 2; 2],0.09999095549574122,0.06991138980529499,tvm
64,8,8,32,16,16,4096,1,1,[64; 8; 8; 32; 16; 16; 4096; 1; 1],0.0643339479865972,0.10865968723267241,tvm
16,4,1,896,448,224,32,1,14,[16; 4; 1; 896; 448; 224; 32; 1; 14],0.06126452301396057,0.11410366591891549,tvm
32,2,2,3584,1792,112,4096,8,7,[32; 2; 2; 3584; 1792; 112; 4096; 8; 7],0.14582501695258543,0.04793763657808872,tvm
16,8,1,7168,224,16,32,2,1,[16; 8; 1; 7168; 224; 16; 32; 2; 1],0.05348121200222522,0.13070957827911248,tvm
64,2,1,3584,224,224,128,64,14,[64; 2; 1; 3584; 224; 224; 128; 64; 14],0.32749533699825406,0.021345362443142005,tvm
32,32,4,2048,32,32,256,2,2,[32; 32; 4; 2048; 32; 32; 256; 2; 2],0.059839112509507686,0.11682169693870315,tvm
64,32,2,7168,512,64,1024,4,4,[64; 32; 2; 7168; 512; 64; 1024; 4; 4],0.23468837700784206,0.02978633520667741,tvm
64,64,4,1024,16,16,2048,32,1,[64; 64; 4; 1024; 16; 16; 2048; 32; 1],0.08557008550269529,0.08169334675312998,tvm
64,8,4,14336,128,16,8,2,1,[64; 8; 4; 14336; 128; 16; 8; 2; 1],0.44944804901024327,0.015553536570157294,tvm
64,8,8,224,224,16,512,8,1,[64; 8; 8; 224; 224; 16; 512; 8; 1],0.0594938260037452,0.11749969931714607,tvm
32,2,2,512,512,32,1,1,2,[32; 2; 2; 512; 512; 32; 1; 1; 2],0.09089914601645432,0.07690398615407525,tvm
32,32,8,14336,3584,16,2,2,1,[32; 32; 8; 14336; 3584; 16; 2; 2; 1],0.11613862903323025,0.06019105550717758,tvm
16,16,8,3584,32,32,1024,4,2,[16; 16; 8; 3584; 32; 32; 1024; 4; 2],0.049092988250777125,0.14239317906169643,tvm
64,1,1,224,32,16,1024,64,1,[64; 1; 1; 224; 32; 16; 1024; 64; 1],0.22990581096382812,0.03040595902017678,tvm
16,2,2,7168,1024,128,128,16,8,[16; 2; 2; 7168; 1024; 128; 128; 16; 8],0.13579809095244855,0.05147720868266464,tvm
16,16,8,2048,64,16,512,2,1,[16; 16; 8; 2048; 64; 16; 512; 2; 1],0.10359273001085967,0.06748066844009082,tvm
16,8,1,14336,16,16,256,2,1,[16; 8; 1; 14336; 16; 16; 256; 2; 1],0.2277954359888099,0.03068765024339673,tvm
32,4,1,224,224,16,2048,32,1,[32; 4; 1; 224; 224; 16; 2048; 32; 1],0.2094787239911966,0.03337096261365639,tvm
64,8,8,7168,1024,16,128,8,1,[64; 8; 8; 7168; 1024; 16; 128; 8; 1],0.3005386859877035,0.023259922907071878,tvm
32,1,1,1792,224,32,256,4,2,[32; 1; 1; 1792; 224; 32; 256; 4; 2],0.289096545020584,0.02418052649563465,tvm
64,8,8,14336,7168,32,512,16,2,[64; 8; 8; 14336; 7168; 32; 512; 16; 2],0.4195306259789504,0.016662684995534534,tvm
16,8,2,7168,3584,128,256,16,8,[16; 8; 2; 7168; 3584; 128; 256; 16; 8],0.061627600516658276,0.11343142695904726,tvm
16,4,1,1792,896,32,8,1,2,[16; 4; 1; 1792; 896; 32; 8; 1; 2],0.05318760499358177,0.13143112323839778,tvm
64,64,16,512,256,16,4096,8,1,[64; 64; 16; 512; 256; 16; 4096; 8; 1],0.07470989599823952,0.09356868421863943,tvm
16,1,1,32,32,32,4096,1,2,[16; 1; 1; 32; 32; 32; 4096; 1; 2],0.18084482999984175,0.038654722209491885,tvm
32,16,1,1792,16,16,32,32,1,[32; 16; 1; 1792; 16; 16; 32; 32; 1],0.050441070983652025,0.13858759400513707,tvm
8,8,1,1792,448,64,2048,64,4,[8; 8; 1; 1792; 448; 64; 2048; 64; 4],0.09616135750547983,0.0726955904950521,tvm
32,4,4,1024,32,16,8,4,1,[32; 4; 4; 1024; 32; 16; 8; 4; 1],0.09138615449774079,0.07649415499630727,tvm
16,4,1,14336,14336,32,4096,4,2,[16; 4; 1; 14336; 14336; 32; 4096; 4; 2],0.5454664840362966,0.012815648387667944,tvm
64,2,2,7168,512,16,32,4,1,[64; 2; 2; 7168; 512; 16; 32; 4; 1],0.3282229600008577,0.02129804285065371,tvm
16,2,2,128,128,32,256,16,2,[16; 2; 2; 128; 128; 32; 256; 16; 2],0.09516518499003723,0.07345655522446047,tvm
32,32,2,7168,448,112,128,2,7,[32; 32; 2; 7168; 448; 112; 128; 2; 7],0.06395890648127533,0.10929684466561687,tvm
16,16,2,14336,224,16,64,8,1,[16; 16; 2; 14336; 224; 16; 64; 8; 1],0.09233242500340566,0.07571020328350332,tvm
16,16,2,7168,1024,64,16,4,4,[16; 16; 2; 7168; 1024; 64; 16; 4; 4],0.025473799745668657,0.27441947163203523,tvm
2,2,2,1024,256,16,128,8,1,[2; 2; 2; 1024; 256; 16; 128; 8; 1],0.22681250603636727,0.030820640311367154,tvm
32,32,1,256,128,16,256,32,1,[32; 32; 1; 256; 128; 16; 256; 32; 1],0.11988619301700965,0.05830952247916357,tvm
8,1,1,224,112,112,64,8,7,[8; 1; 1; 224; 112; 112; 64; 8; 7],0.1734663409879431,0.040298922700816905,tvm
32,32,2,14336,128,64,512,8,4,[32; 32; 2; 14336; 128; 64; 512; 8; 4],0.17142545303795487,0.04077869734501397,tvm
1,1,1,7168,128,16,8,1,1,[1; 1; 1; 7168; 128; 16; 8; 1; 1],0.2470139120123349,0.028300052453392132,tvm
16,8,8,2048,64,32,4096,2,2,[16; 8; 8; 2048; 64; 32; 4096; 2; 2],0.10347790201194584,0.06755555080600358,tvm
64,32,8,7168,256,32,256,2,2,[64; 32; 8; 7168; 256; 32; 256; 2; 2],0.22024715098086745,0.03173937386038615,tvm
32,16,1,1792,896,32,64,16,2,[32; 16; 1; 1792; 896; 32; 64; 16; 2],0.04972573400300462,0.1405812665579612,tvm
16,2,1,3584,128,32,64,8,2,[16; 2; 1; 3584; 128; 32; 64; 8; 2],0.15500902297208086,0.045097417767259576,tvm
64,8,2,7168,896,128,512,1,8,[64; 8; 2; 7168; 896; 128; 512; 1; 8],0.34482607897371054,0.02027255794420242,tvm
8,4,2,512,128,16,1024,8,1,[8; 4; 2; 512; 128; 16; 1024; 8; 1],0.10306623100768775,0.067825383719962,tvm
16,16,8,512,32,32,256,64,2,[16; 16; 8; 512; 32; 32; 256; 64; 2],0.0482910595019348,0.14475778205666806,tvm
64,64,1,3584,448,64,4,1,4,[64; 64; 1; 3584; 448; 64; 4; 1; 4],0.04173093949793838,0.16751376198975862,tvm
16,2,2,14336,512,64,2048,64,4,[16; 2; 2; 14336; 512; 64; 2048; 64; 4],0.2870660779881291,0.024351559458570864,tvm
8,8,8,3584,896,16,256,32,1,[8; 8; 8; 3584; 896; 16; 256; 32; 1],0.0641719785053283,0.10893394328002891,tvm
16,2,2,448,32,32,16,8,2,[16; 2; 2; 448; 32; 32; 16; 8; 2],0.10011273200507276,0.0698263500222175,tvm
32,32,4,14336,224,16,1024,1,1,[32; 32; 4; 14336; 224; 16; 1024; 1; 1],0.22063074400648475,0.03168419114999314,tvm
8,8,4,512,64,32,512,2,2,[8; 8; 4; 512; 64; 32; 512; 2; 2],0.0685699460154865,0.10194709304697226,tvm
64,4,4,7168,128,64,4096,2,4,[64; 4; 4; 7168; 128; 64; 4096; 2; 4],0.2856436870060861,0.02447282045661917,tvm
8,4,2,7168,7168,16,128,64,1,[8; 4; 2; 7168; 7168; 16; 128; 64; 1],0.12645452603464946,0.05528079449486226,tvm
64,16,8,7168,64,32,512,64,2,[64; 16; 8; 7168; 64; 32; 512; 64; 2],0.22379350900882855,0.031236413860380976,tvm
8,8,1,14336,3584,112,512,64,7,[8; 8; 1; 14336; 3584; 112; 512; 64; 7],0.09642647148575634,0.07249572196260724,tvm
32,2,1,2048,256,16,4,4,1,[32; 2; 1; 2048; 256; 16; 4; 4; 1],0.15889710397459567,0.043993921171680404,tvm
4,1,1,7168,32,32,128,2,2,[4; 1; 1; 7168; 32; 32; 128; 2; 2],0.27733761101262644,0.025205765064257396,tvm
64,8,4,3584,1792,32,32,32,2,[64; 8; 4; 3584; 1792; 32; 32; 32; 2],0.05754195898771286,0.12148537848979689,tvm
64,16,1,2048,64,16,1024,8,1,[64; 16; 1; 2048; 64; 16; 1024; 8; 1],0.1748313809512183,0.0399842787297846,tvm
16,8,1,14336,224,32,8,8,2,[16; 8; 1; 14336; 224; 32; 8; 8; 2],0.06727422450785525,0.10391062428152438,tvm
32,16,1,448,16,16,16,16,1,[32; 16; 1; 448; 16; 16; 16; 16; 1],0.046355034748557955,0.15080361183170363,tvm
32,8,1,448,16,16,4096,16,1,[32; 8; 1; 448; 16; 16; 4096; 16; 1],0.2068216209881939,0.03379968996116566,tvm
32,2,1,7168,3584,224,1024,2,14,[32; 2; 1; 7168; 3584; 224; 1024; 2; 14],0.3415659639867954,0.020466051667070998,tvm
4,4,4,1792,256,16,1024,8,1,[4; 4; 4; 1792; 256; 16; 1024; 8; 1],0.09890053950948641,0.07068218941309361,tvm
8,2,1,14336,1792,128,64,32,8,[8; 2; 1; 14336; 1792; 128; 64; 32; 8],0.12426382402190939,0.05625536411493458,tvm
64,8,8,7168,7168,32,4096,2,2,[64; 8; 8; 7168; 7168; 32; 4096; 2; 2],0.32463671296136454,0.02153332136374427,tvm
64,16,8,1024,1024,16,4096,32,1,[64; 16; 8; 1024; 1024; 16; 4096; 32; 1],0.07759958499809727,0.09008433056488734,tvm
4,4,4,512,16,16,2048,1,1,[4; 4; 4; 512; 16; 16; 2048; 1; 1],0.09722884101211093,0.07189745957987838,tvm
64,8,1,7168,448,64,1024,4,4,[64; 8; 1; 7168; 448; 64; 1024; 4; 4],0.5655625169747509,0.012360272218992817,tvm
32,32,2,512,256,32,8,8,2,[32; 32; 2; 512; 256; 32; 8; 8; 2],0.018103257498296443,0.38614634229914085,tvm
4,2,2,7168,224,112,4096,2,7,[4; 2; 2; 7168; 224; 112; 4096; 2; 7],0.14528679801151156,0.048115222871886715,tvm
32,8,8,14336,64,32,512,16,2,[32; 8; 8; 14336; 64; 32; 512; 16; 2],0.21247244399273768,0.03290076837872492,tvm
64,16,8,1792,256,16,8,4,1,[64; 16; 8; 1792; 256; 16; 8; 4; 1],0.03392502074711956,0.20605755023039163,tvm
32,16,8,7168,448,32,4096,64,2,[32; 16; 8; 7168; 448; 32; 4096; 64; 2],0.12971477198880166,0.05389136919016564,tvm
16,1,1,7168,256,32,2048,16,2,[16; 1; 1; 7168; 256; 32; 2048; 16; 2],0.27478692604927346,0.025439735314820484,tvm
64,8,2,256,64,64,1024,32,4,[64; 8; 2; 256; 64; 64; 1024; 32; 4],0.07898035601829179,0.08850943473903398,tvm
64,8,4,1792,64,32,4096,1,2,[64; 8; 4; 1792; 64; 32; 4096; 1; 2],0.08685979500296526,0.08048034958438506,tvm
16,1,1,3584,128,128,4,4,8,[16; 1; 1; 3584; 128; 128; 4; 4; 8],0.24007413600338623,0.029118116524505855,tvm
32,32,1,7168,896,16,4096,16,1,[32; 32; 1; 7168; 896; 16; 4096; 16; 1],0.3968787459889427,0.01761370881488682,tvm
64,4,1,14336,1024,128,128,2,8,[64; 4; 1; 14336; 1024; 128; 128; 2; 8],0.8273083149688318,0.008449699513693426,tvm
64,8,2,7168,896,32,64,64,2,[64; 8; 2; 7168; 896; 32; 64; 64; 2],0.21201024600304663,0.03297249448296104,tvm
4,1,1,7168,128,32,2048,2,2,[4; 1; 1; 7168; 128; 32; 2048; 2; 2],0.27778483799193054,0.025165184382272644,tvm
8,2,2,3584,256,32,2048,2,2,[8; 2; 2; 3584; 256; 32; 2048; 2; 2],0.16112996003357694,0.043384276053999866,tvm
32,16,4,512,16,16,128,64,1,[32; 16; 4; 512; 16; 16; 128; 64; 1],0.036937333512469195,0.18925314856057035,tvm
4,2,1,2048,128,128,512,16,8,[4; 2; 1; 2048; 128; 128; 512; 16; 8],0.13812266802415252,0.050610857483901824,tvm
4,2,2,14336,256,16,4,4,1,[4; 2; 2; 14336; 256; 16; 4; 4; 1],0.0852448630030267,0.0820050196622225,tvm
8,1,1,1792,448,16,1024,4,1,[8; 1; 1; 1792; 448; 16; 1024; 4; 1],0.20081043598474935,0.034811470989473695,tvm
64,64,1,224,224,16,2048,16,1,[64; 64; 1; 224; 224; 16; 2048; 16; 1],0.16654076700797305,0.04197474763840856,tvm
8,8,4,14336,1024,64,256,32,4,[8; 8; 4; 14336; 1024; 64; 256; 32; 4],0.049390118510928005,0.14153654369385557,tvm
64,32,4,1792,32,16,256,2,1,[64; 32; 4; 1792; 32; 16; 256; 2; 1],0.07003925601020455,0.09980840838241009,tvm
2,1,1,224,32,16,64,2,1,[2; 1; 1; 224; 32; 16; 64; 2; 1],0.294412889983505,0.023743887935947106,tvm
32,32,8,14336,128,16,512,32,1,[32; 32; 8; 14336; 128; 16; 512; 32; 1],0.13819502800470218,0.05058435724929851,tvm
32,16,8,32,32,32,4,2,2,[32; 16; 8; 32; 32; 32; 4; 2; 2],0.060124893992906436,0.11626642813692795,tvm
32,8,8,2048,1024,32,512,2,2,[32; 8; 8; 2048; 1024; 32; 512; 2; 2],0.11403763201087713,0.061299998460156546,tvm
8,4,2,3584,512,16,32,8,1,[8; 4; 2; 3584; 512; 16; 32; 8; 1],0.060381373506970704,0.1157725679403376,tvm
16,16,16,7168,128,16,2048,4,1,[16; 16; 16; 7168; 128; 16; 2048; 4; 1],0.07389706501271576,0.09459789323789494,tvm
4,2,2,14336,1792,112,256,1,7,[4; 2; 2; 14336; 1792; 112; 256; 1; 7],0.15258736402029172,0.04581314259899686,tvm
16,8,2,1024,32,16,64,4,1,[16; 8; 2; 1024; 32; 16; 64; 4; 1],0.0614422274811659,0.11377365296219918,tvm
32,32,4,14336,1024,16,128,4,1,[32; 32; 4; 14336; 1024; 16; 128; 4; 1],0.1627924470230937,0.042941222363191055,tvm
32,4,4,7168,256,16,512,16,1,[32; 4; 4; 7168; 256; 16; 512; 16; 1],0.19326628796989098,0.03617033648287238,tvm
16,8,8,7168,224,16,1024,32,1,[16; 8; 8; 7168; 224; 16; 1024; 32; 1],0.06642691500019282,0.10523605780347281,tvm
64,32,8,128,32,16,2,1,1,[64; 32; 8; 128; 32; 16; 2; 1; 1],0.04865137724846136,0.14368568912173493,tvm
32,8,1,128,16,16,2048,8,1,[32; 8; 1; 128; 16; 16; 2048; 8; 1],0.154014214000199,0.04538871111375237,tvm
32,2,1,14336,224,32,1024,64,2,[32; 2; 1; 14336; 224; 32; 1024; 64; 2],0.8341749859973788,0.008380144195175654,tvm
32,8,4,14336,128,64,16,2,4,[32; 8; 4; 14336; 128; 64; 16; 2; 4],0.18368528602877632,0.03805697678784967,tvm
4,4,2,256,128,16,8,4,1,[4; 4; 2; 256; 128; 16; 8; 4; 1],0.09334371250588447,0.07488995754508884,tvm
64,64,2,2048,256,16,512,1,1,[64; 64; 2; 2048; 256; 16; 512; 1; 1],0.07807268647593446,0.08953844144739989,tvm
16,16,4,3584,512,64,128,64,4,[16; 16; 4; 3584; 512; 64; 128; 64; 4],0.028615307761356235,0.24429255575252107,tvm
16,4,2,7168,896,128,2,1,8,[16; 4; 2; 7168; 896; 128; 2; 1; 8],0.056294959504157305,0.12417642233405332,tvm
64,32,1,1024,512,64,64,2,4,[64; 32; 1; 1024; 512; 64; 64; 2; 4],0.03876788874913473,0.18031692960898446,tvm
64,32,4,896,896,64,1,1,4,[64; 32; 4; 896; 896; 64; 1; 1; 4],0.0514399514941033,0.1358964474814485,tvm
32,32,1,448,32,32,2048,2,2,[32; 32; 1; 448; 32; 32; 2048; 2; 2],0.2864008260075934,0.024408123272945188,tvm
32,16,1,224,224,32,128,32,2,[32; 16; 1; 224; 224; 32; 128; 32; 2],0.04697406550985761,0.14881630088414838,tvm
32,16,1,7168,64,16,4096,2,1,[32; 16; 1; 7168; 64; 16; 4096; 2; 1],0.4073969000019133,0.01715895890870509,tvm
32,8,1,7168,7168,112,512,32,7,[32; 8; 1; 7168; 7168; 112; 512; 32; 7],0.28366681904299185,0.024643371016217455,tvm
2,2,1,1792,896,112,1024,1,7,[2; 2; 1; 1792; 896; 112; 1024; 1; 7],0.19743861601455137,0.03540597481777051,tvm
8,2,2,448,64,32,64,1,2,[8; 2; 2; 448; 64; 32; 64; 1; 2],0.11844755703350529,0.05901773613354694,tvm
64,8,4,7168,1792,16,2,2,1,[64; 8; 4; 7168; 1792; 16; 2; 2; 1],0.15780095499940217,0.044299520663187056,tvm
64,32,1,512,128,64,2048,16,4,[64; 32; 1; 512; 128; 64; 2048; 16; 4],0.21332997496938333,0.03276851585282345,tvm
64,32,2,14336,1792,128,64,2,8,[64; 32; 2; 14336; 1792; 128; 64; 2; 8],0.1618265010183677,0.04319753948009558,tvm
16,8,1,7168,512,64,1024,32,4,[16; 8; 1; 7168; 512; 64; 1024; 32; 4],0.09653067399631254,0.07241746459714664,tvm
64,8,4,2048,32,32,64,32,2,[64; 8; 4; 2048; 32; 32; 64; 32; 2],0.056002137513132766,0.12482571160837137,tvm
1,1,1,896,224,32,256,32,2,[1; 1; 1; 896; 224; 32; 256; 32; 2],0.27541268803179264,0.02538193398649705,tvm
32,8,4,14336,112,16,64,1,1,[32; 8; 4; 14336; 112; 16; 64; 1; 1],0.3075870499596931,0.022726921265322185,tvm
32,8,1,896,128,128,32,16,8,[32; 8; 1; 896; 128; 128; 32; 16; 8],0.06440201052464545,0.10854485146844181,tvm
64,16,1,14336,32,16,128,4,1,[64; 16; 1; 14336; 32; 16; 128; 4; 1],0.5976675759884529,0.01169631237750419,tvm
16,4,2,7168,1024,128,4096,16,8,[16; 4; 2; 7168; 1024; 128; 4096; 16; 8],0.1167592269484885,0.05987112838414662,tvm
8,8,1,1024,1024,64,64,16,4,[8; 8; 1; 1024; 1024; 64; 64; 16; 4],0.05256184149766341,0.1329958477002261,tvm
64,2,2,14336,256,128,32,8,8,[64; 2; 2; 14336; 256; 128; 32; 8; 8],0.8181333299726248,0.008544458965998333,tvm
32,32,2,1024,32,32,1,1,2,[32; 32; 2; 1024; 32; 32; 1; 1; 2],0.0656964874942787,0.106406094652708,tvm
16,4,1,2048,512,16,1024,16,1,[16; 4; 1; 2048; 512; 16; 1024; 16; 1],0.3397869989858009,0.020573202293001174,tvm
16,8,2,448,64,16,2048,4,1,[16; 8; 2; 448; 64; 16; 2048; 4; 1],0.07252338598482311,0.09638968963927805,tvm
4,4,1,1024,64,64,128,4,4,[4; 4; 1; 1024; 64; 64; 128; 4; 4],0.08676645997911692,0.08056692261444287,tvm
64,2,1,448,32,16,32,4,1,[64; 2; 1; 448; 32; 16; 32; 4; 1],0.16374787403037772,0.04269067130221075,tvm
16,2,1,1024,256,32,512,2,2,[16; 2; 1; 1024; 256; 32; 512; 2; 2],0.12321287696249783,0.05673519553312889,tvm
64,64,2,512,64,16,16,2,1,[64; 64; 2; 512; 64; 16; 16; 2; 1],0.025172762252623215,0.2777012151671276,tvm
2,2,2,3584,64,64,128,32,4,[2; 2; 2; 3584; 64; 64; 128; 32; 4],0.1570636469987221,0.04450747706580086,tvm
64,64,2,1024,256,128,4,4,8,[64; 64; 2; 1024; 256; 128; 4; 4; 8],0.022042671997041907,0.3171351761530899,tvm
8,4,2,7168,7168,16,512,4,1,[8; 4; 2; 7168; 7168; 16; 512; 4; 1],0.13103265996323898,0.053349345641215275,tvm
64,4,1,7168,128,64,2048,2,4,[64; 4; 1; 7168; 128; 64; 2048; 2; 4],0.8290187899838202,0.008432265650822099,tvm
64,1,1,14336,2048,64,2048,32,4,[64; 1; 1; 14336; 2048; 64; 2048; 32; 4],2.3488051810418256,0.002976196886438231,tvm
32,8,2,14336,128,64,32,16,4,[32; 8; 2; 14336; 128; 64; 32; 16; 4],0.16633148299297318,0.042027561715192466,tvm
8,4,1,14336,3584,128,32,32,8,[8; 4; 1; 14336; 3584; 128; 32; 32; 8],0.08123654848895967,0.08605125152032649,tvm
32,16,2,7168,112,112,2,2,7,[32; 16; 2; 7168; 112; 112; 2; 2; 7],0.09620950251701288,0.07265921227927069,tvm
32,16,1,2048,1024,128,1024,32,8,[32; 16; 1; 2048; 1024; 128; 1024; 32; 8],0.1895571859786287,0.03687808842791536,tvm
8,4,4,224,16,16,512,2,1,[8; 4; 4; 224; 16; 16; 512; 2; 1],0.08230216798256151,0.08493709021307727,tvm
16,1,1,14336,224,32,1024,16,2,[16; 1; 1; 14336; 224; 32; 1024; 16; 2],0.543883029022254,0.012852959724140679,tvm
32,32,2,7168,1792,16,2048,64,1,[32; 32; 2; 7168; 1792; 16; 2048; 64; 1],0.18171597801847383,0.03846941112660984,tvm
64,4,1,14336,1792,224,4,2,14,[64; 4; 1; 14336; 1792; 224; 4; 2; 14],0.5053826300427318,0.01383210710284126,tvm
64,8,4,224,32,16,16,4,1,[64; 8; 4; 224; 32; 16; 16; 4; 1],0.06202330900123343,0.1127077348699285,tvm
4,4,1,2048,1024,32,1024,32,2,[4; 4; 1; 2048; 1024; 32; 1024; 32; 2],0.12354875798337162,0.056580954602615405,tvm
64,2,2,512,64,64,256,2,4,[64; 2; 2; 512; 64; 64; 256; 2; 4],0.1684639899758622,0.041495554436697585,tvm
4,4,4,1792,64,64,2048,32,4,[4; 4; 4; 1792; 64; 64; 2048; 32; 4],0.07923223299439996,0.08822806580701502,tvm
16,4,1,14336,448,16,128,32,1,[16; 4; 1; 14336; 448; 16; 128; 32; 1],0.2509930430096574,0.027851396129723382,tvm
64,16,1,2048,64,32,2,2,2,[64; 16; 1; 2048; 64; 32; 2; 2; 2],0.04521424249105621,0.15460851009611523,tvm
32,2,1,2048,64,32,512,8,2,[32; 2; 1; 2048; 64; 32; 512; 8; 2],0.29264485399471596,0.02388733842828102,tvm
64,32,2,7168,512,16,8,2,1,[64; 32; 2; 7168; 512; 16; 8; 2; 1],0.06857268649036996,0.10194301877976418,tvm
32,32,1,3584,128,16,2048,4,1,[32; 32; 1; 3584; 128; 16; 2048; 4; 1],0.2119252709671855,0.03298571536449316,tvm
32,2,1,256,256,16,32,1,1,[32; 2; 1; 256; 256; 16; 32; 1; 1],0.0877979975193739,0.07962034287996274,tvm
64,8,1,224,112,112,4,1,7,[64; 8; 1; 224; 112; 112; 4; 1; 7],0.04884360550204292,0.1431202016070309,tvm
32,32,4,3584,896,16,256,64,1,[32; 32; 4; 3584; 896; 16; 256; 64; 1],0.034709929750533774,0.20139789152293416,tvm
2,2,2,1792,448,16,128,8,1,[2; 2; 2; 1792; 448; 16; 128; 8; 1],0.2267804800067097,0.030824992814460224,tvm
4,2,2,1024,1024,16,512,4,1,[4; 2; 2; 1024; 1024; 16; 512; 4; 1],0.16774237604113296,0.041674064906249385,tvm
4,2,2,7168,3584,112,1024,2,7,[4; 2; 2; 7168; 3584; 112; 1024; 2; 7],0.1515311630209908,0.04613246890805101,tvm
64,32,1,224,224,32,256,64,2,[64; 32; 1; 224; 224; 32; 256; 64; 2],0.1203738659969531,0.058073291978871976,tvm
16,16,1,1792,32,32,256,64,2,[16; 16; 1; 1792; 32; 32; 256; 64; 2],0.0873105269856751,0.08006487771873819,tvm
16,2,2,7168,7168,32,128,64,2,[16; 2; 2; 7168; 7168; 32; 128; 64; 2],0.1554847770021297,0.044959428192580655,tvm
2,2,2,128,64,64,2048,1,4,[2; 2; 2; 128; 64; 64; 2048; 1; 4],0.15556822397047654,0.0449353119052983,tvm
64,64,16,1024,16,16,64,2,1,[64; 64; 16; 1024; 16; 16; 64; 2; 1],0.05729432852240279,0.12201044757742979,tvm
8,2,1,224,16,16,512,64,1,[8; 2; 1; 224; 16; 16; 512; 64; 1],0.1505238600075245,0.04644118657545203,tvm
64,2,2,14336,128,32,1024,64,2,[64; 2; 2; 14336; 128; 32; 1024; 64; 2],1.1820440140436403,0.005913914019794343,tvm
4,2,2,128,64,32,32,2,2,[4; 2; 2; 128; 64; 32; 32; 2; 2],0.14429012301843613,0.0484475757621572,tvm
32,8,4,64,64,16,64,64,1,[32; 8; 4; 64; 64; 16; 64; 64; 1],0.052634904510341585,0.13281123489628804,tvm
64,64,1,1792,224,224,32,32,14,[64; 64; 1; 1792; 224; 224; 32; 32; 14],0.01783576612797333,0.39193756054599016,tvm
16,4,1,14336,896,32,2048,8,2,[16; 4; 1; 14336; 896; 32; 2048; 8; 2],0.2467832890106365,0.028326499313190416,tvm
4,2,1,7168,112,16,256,8,1,[4; 2; 1; 7168; 112; 16; 256; 8; 1],0.2284386220271699,0.030601246867244865,tvm
16,4,1,128,32,16,32,8,1,[16; 4; 1; 128; 32; 16; 32; 8; 1],0.08959344899631105,0.0780247523114608,tvm
64,16,16,224,32,16,512,2,1,[64; 16; 16; 224; 32; 16; 512; 2; 1],0.08901874648290686,0.07852847790896454,tvm
1,1,1,448,16,16,64,64,1,[1; 1; 1; 448; 16; 16; 64; 64; 1],0.38002203998621553,0.018395003265916452,tvm
32,32,4,14336,256,16,64,32,1,[32; 32; 4; 14336; 256; 16; 64; 32; 1],0.10134866798762232,0.06897482527861555,tvm
64,1,1,896,64,64,8,1,4,[64; 1; 1; 896; 64; 64; 8; 1; 4],0.2998411399894394,0.02331403444808433,tvm
16,16,2,3584,1792,128,1024,2,8,[16; 16; 2; 3584; 1792; 128; 1024; 2; 8],0.051418528018984944,0.1359530685920376,tvm
64,16,16,1792,128,16,16,8,1,[64; 16; 16; 1792; 128; 16; 16; 8; 1],0.05576631549047306,0.12535356881988918,tvm
16,8,2,2048,512,64,4096,16,4,[16; 8; 2; 2048; 512; 64; 4096; 16; 4],0.1782178750145249,0.0392244979135619,tvm
64,64,4,7168,256,16,128,2,1,[64; 64; 4; 7168; 256; 16; 128; 2; 1],0.19213121401844546,0.03638402381611739,tvm
8,8,8,1024,128,16,64,2,1,[8; 8; 8; 1024; 128; 16; 64; 2; 1],0.09915477648610249,0.07050095733558992,tvm
4,1,1,512,64,16,8,8,1,[4; 1; 1; 512; 64; 16; 8; 8; 1],0.19693323998944834,0.03549683469911538,tvm
32,32,2,7168,224,32,2,1,2,[32; 32; 2; 7168; 224; 32; 2; 1; 2],0.04363789624767378,0.1601934847406699,tvm
64,2,1,1792,112,112,4096,32,7,[64; 2; 1; 1792; 112; 112; 4096; 32; 7],0.3125972709967755,0.02236266057082365,tvm
4,4,4,1024,32,16,2048,4,1,[4; 4; 4; 1024; 32; 16; 2048; 4; 1],0.09780371599481441,0.0714748575303346,tvm
4,4,1,512,16,16,128,4,1,[4; 4; 1; 512; 16; 16; 128; 4; 1],0.1432919559883885,0.04878505997386995,tvm
64,8,8,128,64,16,1024,4,1,[64; 8; 8; 128; 64; 16; 1024; 4; 1],0.07393735551158898,0.09454634424368845,tvm
32,8,2,7168,1024,16,32,1,1,[32; 8; 2; 7168; 1024; 16; 32; 1; 1],0.08585231701727025,0.08142478746683611,tvm
8,1,1,512,128,32,16,16,2,[8; 1; 1; 512; 128; 32; 16; 16; 2],0.17347273096675053,0.040297438264268376,tvm
16,8,4,7168,896,32,1024,16,2,[16; 8; 4; 7168; 896; 32; 1024; 16; 2],0.052222423983039334,0.13386024878770517,tvm
32,16,2,1024,1024,16,8,1,1,[32; 16; 2; 1024; 1024; 16; 8; 1; 1],0.026741972003947012,0.261405803043803,tvm
32,4,4,3584,128,32,16,2,2,[32; 4; 4; 3584; 128; 32; 16; 2; 2],0.10756806202698499,0.06498682355096254,tvm
32,4,2,2048,512,32,4096,32,2,[32; 4; 2; 2048; 512; 32; 4096; 32; 2],0.18635198002448305,0.03751238202968516,tvm
8,4,2,3584,224,16,64,64,1,[8; 4; 2; 3584; 224; 16; 64; 64; 1],0.09811009949771687,0.07125165199561685,tvm
32,32,4,1792,256,16,256,1,1,[32; 32; 4; 1792; 256; 16; 256; 1; 1],0.05744361798861064,0.12169335622370925,tvm
32,32,2,3584,512,32,4,2,2,[32; 32; 2; 3584; 512; 32; 4; 2; 2],0.02034872124932008,0.3435354281488447,tvm
32,16,16,14336,1024,16,256,32,1,[32; 16; 16; 14336; 1024; 16; 256; 32; 1],0.525068455026485,0.013313514837439736,tvm
16,4,2,128,128,32,32,4,2,[16; 4; 2; 128; 128; 32; 32; 4; 2],0.04774465149967,0.14641444532724224,tvm
64,32,16,14336,896,16,256,2,1,[64; 32; 16; 14336; 896; 16; 256; 2; 1],0.6575284379650839,0.010631489473369176,tvm
64,16,4,7168,16,16,32,1,1,[64; 16; 4; 7168; 16; 16; 32; 1; 1],0.224632001016289,0.031119816566829033,tvm
64,8,8,448,112,16,4096,2,1,[64; 8; 8; 448; 112; 16; 4096; 2; 1],0.0662303454882931,0.10554839500123568,tvm
64,16,1,1792,896,64,1024,32,4,[64; 16; 1; 1792; 896; 64; 1024; 32; 4],0.12572585401358083,0.05560118657783431,tvm
64,64,1,7168,32,32,256,64,2,[64; 64; 1; 7168; 32; 32; 256; 64; 2],0.4897892629960552,0.014272478379590304,tvm
64,8,4,1024,1024,64,64,8,4,[64; 8; 4; 1024; 1024; 64; 64; 8; 4],0.057658006000565365,0.12124086751453253,tvm
32,4,1,128,64,64,512,64,4,[32; 4; 1; 128; 64; 64; 512; 64; 4],0.10055762599222362,0.0695174194665978,tvm
32,8,8,7168,32,32,1024,8,2,[32; 8; 8; 7168; 32; 32; 1024; 8; 2],0.11190804000943899,0.062466527571004245,tvm
2,1,1,14336,32,16,128,2,1,[2; 1; 1; 14336; 32; 16; 128; 2; 1],0.37877847300842404,0.018455395870691938,tvm
64,32,4,224,224,32,32,8,2,[64; 32; 4; 224; 224; 32; 32; 8; 2],0.022442907247750554,0.3114795507327743,tvm
32,32,2,7168,1024,128,4,4,8,[32; 32; 2; 7168; 1024; 128; 4; 4; 8],0.041827816239674576,0.16712578602265213,tvm
16,2,1,3584,224,32,4096,16,2,[16; 2; 1; 3584; 224; 32; 4096; 16; 2],0.2312316419556737,0.030231617989404422,tvm
64,16,1,128,128,128,32,1,8,[64; 16; 1; 128; 128; 128; 32; 1; 8],0.046652188248117454,0.1498430605117168,tvm
4,4,1,224,112,16,2,1,1,[4; 4; 1; 224; 112; 16; 2; 1; 1],0.11696426704293117,0.059766173408335344,tvm
1,1,1,448,224,32,256,8,2,[1; 1; 1; 448; 224; 32; 256; 8; 2],0.2747696609585546,0.02544133381494798,tvm
8,8,1,14336,224,112,128,1,7,[8; 8; 1; 14336; 224; 112; 128; 1; 7],0.055534907995024696,0.1258759025457094,tvm
8,1,1,14336,224,224,128,4,14,[8; 1; 1; 14336; 224; 224; 128; 4; 14],0.19014989398419857,0.0367631373344209,tvm
16,4,2,2048,256,64,128,8,4,[16; 4; 2; 2048; 256; 64; 128; 8; 4],0.10717993299476802,0.06522215932909668,tvm
16,2,1,7168,448,64,32,2,4,[16; 2; 1; 7168; 448; 64; 32; 2; 4],0.10654685000190511,0.0656096981425699,tvm
64,16,1,14336,14336,224,64,2,14,[64; 16; 1; 14336; 14336; 224; 64; 2; 14],0.7910602689953521,0.008836882524190758,tvm
64,64,2,3584,256,128,128,1,8,[64; 64; 2; 3584; 256; 128; 128; 1; 8],0.04003835275943857,0.17459526141516243,tvm
32,16,16,7168,1024,16,64,1,1,[32; 16; 16; 7168; 1024; 16; 64; 1; 1],0.37955640797736123,0.01841756987826594,tvm
16,16,8,64,64,16,256,32,1,[16; 16; 8; 64; 64; 16; 256; 32; 1],0.0430095865012845,0.16253368691321624,tvm
2,2,1,448,112,112,8,4,7,[2; 2; 1; 448; 112; 112; 8; 4; 7],0.18350609502522275,0.03809413886610048,tvm
16,16,2,224,16,16,4096,32,1,[16; 16; 2; 224; 16; 16; 4096; 32; 1],0.11935245100175962,0.058570281615445044,tvm
32,32,8,7168,1792,16,128,8,1,[32; 32; 8; 7168; 1792; 16; 128; 8; 1],0.07145468197995797,0.09783133131328477,tvm
64,64,4,7168,1792,16,1,1,1,[64; 64; 4; 7168; 1792; 16; 1; 1; 1],0.2137412209995091,0.03270546801397154,tvm
32,8,1,7168,1792,224,2048,4,14,[32; 8; 1; 7168; 1792; 224; 2048; 4; 14],0.26796367100905627,0.026087516417217658,tvm
8,4,2,512,256,32,32,8,2,[8; 4; 2; 512; 256; 32; 32; 8; 2],0.04565941775217652,0.15310109087699522,tvm
4,4,4,1024,512,16,128,8,1,[4; 4; 4; 1024; 512; 16; 128; 8; 1],0.09726460100500844,0.0718710259892672,tvm
32,4,4,2048,32,32,2048,64,2,[32; 4; 4; 2048; 32; 32; 2048; 64; 2],0.09005286550382152,0.07762669880138366,tvm
32,16,2,128,32,32,512,16,2,[32; 16; 2; 128; 32; 32; 512; 16; 2],0.05186450047767721,0.13478403536683867,tvm
64,2,2,896,112,112,32,4,7,[64; 2; 2; 896; 112; 112; 32; 4; 7],0.1432148820022121,0.04881131464088132,tvm
8,4,4,128,32,32,256,32,2,[8; 4; 4; 128; 32; 32; 256; 32; 2],0.06768479850143194,0.10328030549605278,tvm
32,4,2,512,128,16,2048,64,1,[32; 4; 2; 512; 128; 16; 2048; 64; 1],0.11528593703405932,0.06063624798054456,tvm
2,2,2,512,64,16,64,16,1,[2; 2; 2; 512; 64; 16; 64; 16; 1],0.22287927998695523,0.03136454257693138,tvm
8,8,2,14336,14336,128,8,4,8,[8; 8; 2; 14336; 14336; 128; 8; 4; 8],0.03379988775122911,0.20682041071016463,tvm
4,4,2,14336,896,16,512,16,1,[4; 4; 2; 14336; 896; 16; 512; 16; 1],0.11983889201655984,0.05833253753464851,tvm
4,4,4,14336,224,32,8,2,2,[4; 4; 4; 14336; 224; 32; 8; 2; 2],0.059870326513191685,0.1167607907587809,tvm
32,2,1,7168,512,16,512,32,1,[32; 2; 1; 7168; 512; 16; 512; 32; 1],0.43825464497786015,0.015950787394437803,tvm
8,8,1,224,224,16,2048,1,1,[8; 8; 1; 224; 224; 16; 2048; 1; 1],0.11857766204047948,0.05895298107901875,tvm
1,1,1,1792,896,128,256,1,8,[1; 1; 1; 1792; 896; 128; 256; 1; 8],0.26079035899601877,0.02680508088404213,tvm
32,2,1,14336,3584,32,4,2,2,[32; 2; 1; 14336; 3584; 32; 4; 2; 2],0.38343798398273066,0.018231127219210254,tvm
64,32,8,448,16,16,1024,2,1,[64; 32; 8; 448; 16; 16; 1024; 2; 1],0.06835536900325678,0.10226711915392638,tvm
64,1,1,7168,256,128,8,8,8,[64; 1; 1; 7168; 256; 128; 8; 8; 8],0.8182898150407709,0.008542824972492622,tvm
32,16,1,3584,128,64,32,32,4,[32; 16; 1; 3584; 128; 64; 32; 32; 4],0.04620876724948175,0.15128095992963472,tvm
16,8,1,1024,128,32,128,64,2,[16; 8; 1; 1024; 128; 32; 128; 64; 2],0.05681584600824863,0.12303797545585737,tvm
32,32,8,64,32,32,128,8,2,[32; 32; 8; 64; 32; 32; 128; 8; 2],0.027465845996630378,0.25451634249767113,tvm
32,8,1,2048,64,16,4096,64,1,[32; 8; 1; 2048; 64; 16; 4096; 64; 1],0.3590862700366415,0.019467485253483373,tvm
4,4,2,2048,64,64,128,32,4,[4; 4; 2; 2048; 64; 64; 128; 32; 4],0.09027008851990104,0.0774399004286512,tvm
4,4,2,14336,3584,16,2048,4,1,[4; 4; 2; 14336; 3584; 16; 2048; 4; 1],0.161572583951056,0.043265425951127014,tvm
8,4,2,7168,128,128,256,64,8,[8; 4; 2; 7168; 128; 128; 256; 64; 8],0.08958315398194827,0.07803371901903912,tvm
16,4,4,7168,512,64,256,2,4,[16; 4; 4; 7168; 512; 64; 256; 2; 4],0.09329838148551062,0.07492634443773608,tvm
8,8,8,3584,3584,32,2048,1,2,[8; 8; 8; 3584; 3584; 32; 2048; 1; 2],0.06982845949823968,0.10010970765928026,tvm
2,2,1,14336,224,32,16,4,2,[2; 2; 1; 14336; 224; 32; 16; 4; 2],0.09647522200248204,0.07245908868172203,tvm
64,32,1,3584,896,16,64,2,1,[64; 32; 1; 3584; 896; 16; 64; 2; 1],0.11976994498400018,0.058366117372772565,tvm
16,16,1,1024,128,128,2,1,8,[16; 16; 1; 1024; 128; 128; 2; 1; 8],0.037773272750200704,0.18506489265295456,tvm
64,4,2,256,128,64,16,2,4,[64; 4; 2; 256; 128; 64; 16; 2; 4],0.06564143800642341,0.10649533098258152,tvm
32,2,2,1792,128,16,2048,16,1,[32; 2; 2; 1792; 128; 16; 2048; 16; 1],0.18800731003284454,0.03718210034197839,tvm
32,4,1,7168,512,32,512,4,2,[32; 4; 1; 7168; 512; 32; 512; 4; 2],0.275343535002321,0.025388308705369605,tvm
4,4,1,7168,7168,64,2048,64,4,[4; 4; 1; 7168; 7168; 64; 2048; 64; 4],0.2467510619899258,0.028330198906913198,tvm
64,4,2,512,512,128,64,8,8,[64; 4; 2; 512; 512; 128; 64; 8; 8],0.08787845147890039,0.07954744933512042,tvm
64,8,8,1792,1792,32,64,8,2,[64; 8; 8; 1792; 1792; 32; 64; 8; 2],0.06210191248101182,0.11256507871322115,tvm
64,16,1,896,112,16,2048,1,1,[64; 16; 1; 896; 112; 16; 2048; 1; 1],0.21648307901341468,0.03229123818140766,tvm
16,4,4,3584,3584,64,64,8,4,[16; 4; 4; 3584; 3584; 64; 64; 8; 4],0.07969824250903912,0.0877121809288809,tvm
8,4,4,7168,16,16,512,32,1,[8; 4; 4; 7168; 16; 16; 512; 32; 1],0.09742177347652614,0.0717550750433735,tvm
64,32,1,448,112,112,64,4,7,[64; 32; 1; 448; 112; 112; 64; 4; 7],0.03495201775513124,0.20000295020565456,tvm
8,8,1,14336,896,112,2048,64,7,[8; 8; 1; 14336; 896; 112; 2048; 64; 7],0.10018446203321218,0.06977635578208966,tvm
64,64,1,896,896,64,8,4,4,[64; 64; 1; 896; 896; 64; 8; 4; 4],0.017219911875145044,0.40595484560851075,tvm
16,1,1,1792,896,128,2,2,8,[16; 1; 1; 1792; 896; 128; 2; 2; 8],0.1786429769708775,0.039131158611436845,tvm
64,16,1,7168,256,32,128,64,2,[64; 16; 1; 7168; 256; 32; 128; 64; 2],0.2146398340119049,0.03256854301461555,tvm
8,4,2,14336,1024,32,8,2,2,[8; 4; 2; 14336; 1024; 32; 8; 2; 2],0.04527703023632057,0.15439410734715073,tvm
8,4,4,3584,896,64,2048,4,4,[8; 4; 4; 3584; 896; 64; 2048; 4; 4],0.07113240548642352,0.09827457146800539,tvm
2,1,1,256,128,64,2048,32,4,[2; 1; 1; 256; 128; 64; 2048; 32; 4],0.22020198398968205,0.031745884119709925,tvm
64,1,1,32,32,32,2048,4,2,[64; 1; 1; 32; 32; 32; 2048; 4; 2],0.31900670897448435,0.021913353136487797,tvm
64,32,8,2048,512,16,512,8,1,[64; 32; 8; 2048; 512; 16; 512; 8; 1],0.06661513101425953,0.10493872128196055,tvm
64,32,1,1792,896,16,32,32,1,[64; 32; 1; 1792; 896; 16; 32; 32; 1],0.04572707774059381,0.15287455512296833,tvm
64,2,1,64,64,32,2048,1,2,[64; 2; 1; 64; 64; 32; 2048; 1; 2],0.2115971629973501,0.03303686385792522,tvm
8,8,8,512,16,16,2048,32,1,[8; 8; 8; 512; 16; 16; 2048; 32; 1],0.06277930698706768,0.11135049114362933,tvm
32,8,2,14336,64,16,512,64,1,[32; 8; 2; 14336; 64; 16; 512; 64; 1],0.3374384960043244,0.02071638757712185,tvm
32,16,1,14336,2048,64,512,4,4,[32; 16; 1; 14336; 2048; 64; 512; 4; 4],0.3488695750129409,0.020037593322396664,tvm
32,16,2,14336,256,16,512,2,1,[32; 16; 2; 14336; 256; 16; 512; 2; 1],0.2540828339988366,0.027512707398008145,tvm
8,8,2,16,16,16,1024,16,1,[8; 8; 2; 16; 16; 16; 1024; 16; 1],0.08764122947468422,0.07976276358247487,tvm
16,8,4,224,224,16,1024,2,1,[16; 8; 4; 224; 224; 16; 1024; 2; 1],0.07127825549105182,0.09807348143564268,tvm
1,1,1,896,112,16,4096,2,1,[1; 1; 1; 896; 112; 16; 4096; 2; 1],0.3798238000017591,0.018404604099675405,tvm
32,8,4,14336,7168,32,256,16,2,[32; 8; 4; 14336; 7168; 32; 256; 16; 2],0.24126748798880726,0.02897409313181462,tvm
64,1,1,256,256,32,128,32,2,[64; 1; 1; 256; 256; 32; 128; 32; 2],0.2389869189937599,0.029250582818924887,tvm
16,16,1,14336,64,64,1024,2,4,[16; 16; 1; 14336; 64; 64; 1024; 2; 4],0.16539417998865247,0.0422657355122549,tvm
64,32,2,3584,448,16,32,32,1,[64; 32; 2; 3584; 448; 16; 32; 32; 1],0.05824112700065598,0.12002698139045166,tvm
16,16,4,896,32,16,8,4,1,[16; 16; 4; 896; 32; 16; 8; 4; 1],0.04788822126283776,0.1459754921423954,tvm
8,4,4,14336,224,32,1024,8,2,[8; 4; 4; 14336; 224; 32; 1024; 8; 2],0.08149633550783619,0.08577694473139227,tvm
64,64,1,2048,32,16,1024,64,1,[64; 64; 1; 2048; 32; 16; 1024; 64; 1],0.20602700603194535,0.033930050245853494,tvm
64,8,2,7168,64,64,4,2,4,[64; 8; 2; 7168; 64; 64; 4; 2; 4],0.21403374598594382,0.03266076867675695,tvm
16,4,1,512,512,64,32,16,4,[16; 4; 1; 512; 512; 64; 32; 16; 4],0.04656404450361151,0.1501267070158496,tvm
32,1,1,448,224,112,512,1,7,[32; 1; 1; 448; 224; 112; 512; 1; 7],0.16636341001139954,0.04201949615115285,tvm
64,64,2,7168,1792,64,64,2,4,[64; 64; 2; 7168; 1792; 64; 64; 2; 4],0.06700125348288566,0.10433396844511683,tvm
64,4,2,3584,512,128,512,32,8,[64; 4; 2; 3584; 512; 128; 512; 32; 8],0.26312117400811985,0.026567632548078177,tvm
32,4,2,3584,64,16,64,2,1,[32; 4; 2; 3584; 64; 16; 64; 2; 1],0.10683651699218899,0.06543180986682443,tvm
16,8,2,3584,224,112,4096,2,7,[16; 8; 2; 3584; 224; 112; 4096; 2; 7],0.09568264801055193,0.07305929352933199,tvm
16,1,1,7168,7168,128,1024,32,8,[16; 1; 1; 7168; 7168; 128; 1024; 32; 8],0.23985770996659994,0.029144390095444884,tvm
32,8,8,2048,512,16,32,8,1,[32; 8; 8; 2048; 512; 16; 32; 8; 1],0.0505331979948096,0.13833493513283449,tvm
16,4,2,7168,896,16,64,32,1,[16; 4; 2; 7168; 896; 16; 64; 32; 1],0.1112794210202992,0.06281940184961497,tvm
4,4,2,224,32,16,32,2,1,[4; 4; 2; 224; 32; 16; 32; 2; 1],0.1283961939625442,0.05444481219362266,tvm
8,2,2,3584,256,128,1024,1,8,[8; 2; 2; 3584; 256; 128; 1024; 1; 8],0.148574308026582,0.04705057529472705,tvm
16,4,1,224,112,112,256,4,7,[16; 4; 1; 224; 112; 112; 256; 4; 7],0.10275675501907244,0.06802965571819755,tvm
8,4,1,14336,64,32,1024,64,2,[8; 4; 1; 14336; 64; 32; 1024; 64; 2],0.12456238496815786,0.056120526822392366,tvm
16,4,1,1024,128,32,256,8,2,[16; 4; 1; 1024; 128; 32; 256; 8; 2],0.10227905999636278,0.06834738867286483,tvm
4,2,1,128,128,32,128,16,2,[4; 2; 1; 128; 128; 32; 128; 16; 2],0.14084089896641672,0.04963406736230462,tvm
16,8,1,1792,896,32,64,2,2,[16; 8; 1; 1792; 896; 32; 64; 2; 2],0.06247267051367089,0.11189703608295302,tvm
2,2,1,2048,64,16,512,1,1,[2; 2; 1; 2048; 64; 16; 512; 1; 1],0.22864388598827645,0.030573774743423928,tvm
64,32,8,1024,32,32,64,4,2,[64; 32; 8; 1024; 32; 32; 64; 4; 2],0.03650643375294749,0.1914869777194345,tvm
32,32,4,112,112,16,4096,4,1,[32; 32; 4; 112; 112; 16; 4096; 4; 1],0.08921782701509073,0.07835324957515788,tvm
16,16,2,7168,896,64,512,64,4,[16; 16; 2; 7168; 896; 64; 512; 64; 4],0.050374768004985526,0.1387700021958379,tvm
32,8,1,448,112,112,1024,32,7,[32; 8; 1; 448; 112; 112; 1024; 32; 7],0.12932952801929787,0.05405189962205368,tvm
32,32,1,1024,1024,128,8,4,8,[32; 32; 1; 1024; 1024; 128; 8; 4; 8],0.02108622387459036,0.33152008193797433,tvm
64,32,2,7168,64,64,2048,4,4,[64; 32; 2; 7168; 64; 64; 2048; 4; 4],0.3777310010045767,0.018506573853020784,tvm
16,8,2,3584,224,16,2048,2,1,[16; 8; 2; 3584; 224; 16; 2048; 2; 1],0.08506064349785447,0.0821826214710331,tvm
64,4,4,7168,1792,64,128,4,4,[64; 4; 4; 7168; 1792; 64; 128; 4; 4],0.2791507410001941,0.025042049473412667,tvm
8,8,8,2048,256,16,32,16,1,[8; 8; 8; 2048; 256; 16; 32; 16; 1],0.03578877048857976,0.19532681819559425,tvm
64,64,1,3584,224,112,128,4,7,[64; 64; 1; 3584; 224; 112; 128; 4; 7],0.0659503240021877,0.10599654774152101,tvm
8,4,4,1792,1792,64,4096,16,4,[8; 4; 4; 1792; 1792; 64; 4096; 16; 4],0.06448402750538662,0.10840679369914853,tvm
8,8,1,3584,16,16,16,2,1,[8; 8; 1; 3584; 16; 16; 16; 2; 1],0.07772999349981546,0.0899331950501612,tvm
64,32,4,3584,3584,16,4096,2,1,[64; 32; 4; 3584; 3584; 16; 4096; 2; 1],0.17904227803228423,0.03904388808885779,tvm
16,8,2,7168,448,112,32,4,7,[16; 8; 2; 7168; 448; 112; 32; 4; 7],0.037073332743602805,0.188558895284992,tvm
8,1,1,7168,448,32,64,8,2,[8; 1; 1; 7168; 448; 32; 64; 8; 2],0.26989484403748065,0.025900852947364515,tvm
64,8,2,1792,896,16,16,2,1,[64; 8; 2; 1792; 896; 16; 16; 2; 1],0.03992834425298497,0.17507629723824747,tvm
4,4,4,7168,7168,16,1024,8,1,[4; 4; 4; 7168; 7168; 16; 1024; 8; 1],0.09866677899844944,0.07084964906756025,tvm
16,8,4,3584,64,32,32,8,2,[16; 8; 4; 3584; 64; 32; 32; 8; 2],0.05129832951934077,0.1362716238943233,tvm
16,8,1,7168,1792,224,4096,4,14,[16; 8; 1; 7168; 1792; 224; 4096; 4; 14],0.20387976500205696,0.0342873980975804,tvm
32,32,1,14336,256,128,4096,16,8,[32; 32; 1; 14336; 256; 128; 4096; 16; 8],0.6075884189922363,0.011505332307454647,tvm
64,1,1,896,448,16,512,1,1,[64; 1; 1; 896; 448; 16; 512; 1; 1],0.35233504901407287,0.019840508874231964,tvm
16,8,2,7168,896,128,2048,4,8,[16; 8; 2; 7168; 896; 128; 2048; 4; 8],0.06372752401512116,0.10969368063017748,tvm
32,2,1,14336,32,16,8,1,1,[32; 2; 1; 14336; 32; 16; 8; 1; 1],0.6005592899746262,0.011639994224320497,tvm
16,4,2,7168,1792,128,512,16,8,[16; 4; 2; 7168; 1792; 128; 512; 16; 8],0.08683070100960322,0.08050731579252755,tvm
4,2,1,1792,256,64,2,1,4,[4; 2; 1; 1792; 256; 64; 2; 1; 4],0.08310207599424757,0.08411951907375405,tvm
8,8,2,14336,2048,16,1024,64,1,[8; 8; 2; 14336; 2048; 16; 1024; 64; 1],0.08108825550880283,0.08620862075282637,tvm
32,32,2,2048,32,16,2048,32,1,[32; 32; 2; 2048; 32; 16; 2048; 32; 1],0.13842157897306606,0.05050156715830321,tvm
32,32,2,1024,16,16,4096,1,1,[32; 32; 2; 1024; 16; 16; 4096; 1; 1],0.21880214498378336,0.03194898599913073,tvm
4,4,1,512,64,64,2048,8,4,[4; 4; 1; 512; 64; 64; 2048; 8; 4],0.12029386701760814,0.05811191243559761,tvm
32,16,1,256,256,128,4,1,8,[32; 16; 1; 256; 256; 128; 4; 1; 8],0.025090518742217682,0.27861148422189996,tvm
32,4,2,256,256,16,4096,1,1,[32; 4; 2; 256; 256; 16; 4096; 1; 1],0.14290580502711236,0.04891688385465107,tvm
4,1,1,14336,7168,224,1024,1,14,[4; 1; 1; 14336; 7168; 224; 1024; 1; 14],0.16091830102959648,0.04344134024495422,tvm
16,1,1,14336,14336,32,64,32,2,[16; 1; 1; 14336; 14336; 32; 64; 32; 2],0.5224652870092541,0.01337984903587068,tvm
32,32,16,14336,14336,16,8,2,1,[32; 32; 16; 14336; 14336; 16; 8; 2; 1],0.748069380002562,0.009344730386695851,tvm
32,32,1,896,448,16,256,8,1,[32; 32; 1; 896; 448; 16; 256; 8; 1],0.12739228800637648,0.054873860702751215,tvm
64,16,1,14336,896,64,64,1,4,[64; 16; 1; 14336; 896; 64; 64; 1; 4],0.35065659100655466,0.019935477746477026,tvm
32,8,4,1792,448,16,4096,16,1,[32; 8; 4; 1792; 448; 16; 4096; 16; 1],0.08837638699333183,0.0790992583482069,tvm
32,16,4,14336,112,16,256,32,1,[32; 16; 4; 14336; 112; 16; 256; 32; 1],0.17163168295519426,0.04072969830687724,tvm
16,1,1,3584,128,64,128,16,4,[16; 1; 1; 3584; 128; 64; 128; 16; 4],0.2526317090378143,0.02767074130674672,tvm
32,16,16,14336,1792,16,1024,4,1,[32; 16; 16; 14336; 1792; 16; 1024; 4; 1],0.3116420059814118,0.02243120802875214,tvm
4,2,2,7168,64,32,16,1,2,[4; 2; 2; 7168; 64; 32; 16; 1; 2],0.19776854198426008,0.03534690905100076,tvm
32,32,16,3584,16,16,64,64,1,[32; 32; 16; 3584; 16; 16; 64; 64; 1],0.058224113017786294,0.1200620551236428,tvm
2,2,2,14336,512,128,4,2,8,[2; 2; 2; 14336; 512; 128; 4; 2; 8],0.08245879650348797,0.08477575423224824,tvm
64,32,8,256,32,16,128,4,1,[64; 32; 8; 256; 32; 16; 128; 4; 1],0.042281508751329966,0.16533247921165492,tvm
32,2,1,2048,128,32,4096,1,2,[32; 2; 1; 2048; 128; 32; 4096; 1; 2],0.37629246001597494,0.018577323251095425,tvm
32,16,4,1792,448,32,32,32,2,[32; 16; 4; 1792; 448; 32; 32; 32; 2],0.02502279874170199,0.27936549939222305,tvm
64,64,4,896,112,16,8,2,1,[64; 64; 4; 896; 112; 16; 8; 2; 1],0.018420530373987276,0.3794954067412943,tvm
32,16,1,512,128,16,32,2,1,[32; 16; 1; 512; 128; 16; 32; 2; 1],0.049753147759474814,0.1405038069241643,tvm
64,32,2,1024,32,16,1024,32,1,[64; 32; 2; 1024; 32; 16; 1024; 32; 1],0.10029811100685038,0.06969729136961726,tvm
16,16,1,512,256,16,128,16,1,[16; 16; 1; 512; 256; 16; 128; 16; 1],0.07030704649514519,0.09942825100965338,tvm
8,4,2,7168,448,32,512,32,2,[8; 4; 2; 7168; 448; 32; 512; 32; 2],0.10484307201113552,0.06667590459314465,tvm
32,8,4,7168,896,16,16,2,1,[32; 8; 4; 7168; 896; 16; 16; 2; 1],0.07763305699336343,0.09004549012238769,tvm
32,16,1,1024,64,32,512,4,2,[32; 16; 1; 1024; 64; 32; 512; 4; 2],0.1520495520089753,0.04597518752474868,tvm
64,16,16,7168,512,16,256,2,1,[64; 16; 16; 7168; 512; 16; 256; 2; 1],0.3975620319833979,0.017583436305000547,tvm
32,16,4,7168,128,64,4096,4,4,[32; 16; 4; 7168; 128; 64; 4096; 4; 4],0.12830730399582535,0.054482530993669016,tvm
8,1,1,14336,256,64,512,32,4,[8; 1; 1; 14336; 256; 64; 512; 32; 4],0.25460976199246943,0.02745576843543581,tvm
8,8,2,14336,224,32,16,4,2,[8; 8; 2; 14336; 224; 32; 16; 4; 2],0.03827504825312644,0.1826387420973573,tvm
64,16,8,14336,256,16,128,1,1,[64; 16; 8; 14336; 256; 16; 128; 1; 1],0.5701787199941464,0.012260202672485626,tvm
64,64,1,256,16,16,2048,4,1,[64; 64; 1; 256; 16; 16; 2048; 4; 1],0.24281929800054058,0.028788925444678225,tvm
8,2,2,7168,896,128,32,4,8,[8; 2; 2; 7168; 896; 128; 32; 4; 8],0.09200823650462553,0.07597696610906386,tvm
64,32,8,896,16,16,128,8,1,[64; 32; 8; 896; 16; 16; 128; 8; 1],0.03524271849892102,0.19835321917293883,tvm
16,8,4,128,64,16,4096,2,1,[16; 8; 4; 128; 64; 16; 4096; 2; 1],0.10527375596575439,0.06640312775522783,tvm
16,1,1,7168,1792,224,512,4,14,[16; 1; 1; 7168; 1792; 224; 512; 4; 14],0.18485463497927412,0.0378162368904109,tvm
64,8,8,2048,256,16,128,1,1,[64; 8; 8; 2048; 256; 16; 128; 1; 1],0.11704271601047367,0.05972611457547786,tvm
8,4,1,3584,128,128,2048,32,8,[8; 4; 1; 3584; 128; 128; 2048; 32; 8],0.11365862097591162,0.06150441213032321,tvm
32,1,1,224,224,32,64,16,2,[32; 1; 1; 224; 224; 32; 64; 16; 2],0.22333915595663711,0.03129996008413287,tvm
64,32,2,1792,256,16,2048,1,1,[64; 32; 2; 1792; 256; 16; 2048; 1; 1],0.12289445695932955,0.05688219663951232,tvm
64,32,8,512,32,32,2,1,2,[64; 32; 8; 512; 32; 32; 2; 1; 2],0.05209185948478989,0.134195759871229,tvm
16,8,2,2048,64,32,256,8,2,[16; 8; 2; 2048; 64; 32; 256; 8; 2],0.1053544080350548,0.06635229409993648,tvm
32,8,8,256,64,16,512,32,1,[32; 8; 8; 256; 64; 16; 512; 32; 1],0.05817484052386135,0.12016374439048781,tvm
32,16,2,7168,1792,16,128,2,1,[32; 16; 2; 7168; 1792; 16; 128; 2; 1],0.10105937998741865,0.06917226948687936,tvm
16,8,4,448,112,16,32,4,1,[16; 8; 4; 448; 112; 16; 32; 4; 1],0.039481299245380796,0.1770586784193668,tvm
32,16,1,1792,1792,224,256,32,14,[32; 16; 1; 1792; 1792; 224; 256; 32; 14],0.10747243603691459,0.06504464702247532,tvm
64,32,4,64,64,64,1024,32,4,[64; 32; 4; 64; 64; 64; 1024; 32; 4],0.0467046280100476,0.14967481734706878,tvm
1,1,1,14336,64,32,2048,8,2,[1; 1; 1; 14336; 64; 32; 2048; 8; 2],0.2784531280049123,0.025104787713296384,tvm
64,16,16,14336,896,16,16,1,1,[64; 16; 16; 14336; 896; 16; 16; 1; 1],0.2998281780164689,0.023315042344961633,tvm
2,2,2,14336,448,16,4096,2,1,[2; 2; 2; 14336; 448; 16; 4096; 2; 1],0.2290428139967844,0.030520523847409633,tvm
64,32,16,14336,3584,16,256,1,1,[64; 32; 16; 14336; 3584; 16; 256; 1; 1],0.7252650470472872,0.009638554477603119,tvm
16,8,1,7168,1024,32,4096,1,2,[16; 8; 1; 7168; 1024; 32; 4096; 1; 2],0.18070940201869234,0.03868369098993299,tvm
64,4,4,3584,3584,64,4096,64,4,[64; 4; 4; 3584; 3584; 64; 4096; 64; 4],0.14507495594443753,0.04818548191973238,tvm
64,8,2,3584,128,128,512,4,8,[64; 8; 2; 3584; 128; 128; 512; 4; 8],0.18327272398164496,0.03814264618758423,tvm
16,2,2,1024,128,64,512,8,4,[16; 2; 2; 1024; 128; 64; 512; 8; 4],0.09300873300526291,0.07515968061054125,tvm
64,32,4,448,32,16,1024,8,1,[64; 32; 4; 448; 32; 16; 1024; 8; 1],0.05055372547940351,0.13827876383738966,tvm
32,1,1,512,256,128,128,4,8,[32; 1; 1; 512; 256; 128; 128; 4; 8],0.15873888600617647,0.04403777072238411,tvm
64,4,1,14336,32,32,4096,2,2,[64; 4; 1; 14336; 32; 32; 4096; 2; 2],2.111650892009493,0.0033104461978629186,tvm
4,4,2,3584,224,32,256,64,2,[4; 4; 2; 3584; 224; 32; 256; 64; 2],0.10460260702529922,0.0668291820391813,tvm
4,4,1,7168,3584,112,16,2,7,[4; 4; 1; 7168; 3584; 112; 16; 2; 7],0.06371024850523099,0.10972342489125128,tvm
8,8,2,128,32,16,2048,2,1,[8; 8; 2; 128; 32; 16; 2048; 2; 1],0.09043267849483527,0.07730067032202197,tvm
64,64,4,1792,224,32,2,1,2,[64; 64; 4; 1792; 224; 32; 2; 1; 2],0.02803685699473135,0.249332750385691,tvm
16,2,2,7168,128,16,64,2,1,[16; 2; 2; 7168; 128; 16; 64; 2; 1],0.19782605796353891,0.03533663228509097,tvm
64,16,4,128,64,64,8,1,4,[64; 16; 4; 128; 64; 64; 8; 1; 4],0.041332996494020335,0.16912653955969503,tvm
64,4,1,1792,64,64,4096,8,4,[64; 4; 1; 1792; 64; 64; 4096; 8; 4],0.31046576000517234,0.0225161920159898,tvm
8,4,1,2048,128,32,64,8,2,[8; 4; 1; 2048; 128; 32; 64; 8; 2],0.07220392749877647,0.09681615542014836,tvm
64,16,2,3584,256,32,4096,8,2,[64; 16; 2; 3584; 256; 32; 4096; 8; 2],0.2502707870444283,0.02793177241827152,tvm
32,8,2,2048,32,32,128,32,2,[32; 8; 2; 2048; 32; 32; 128; 32; 2],0.07194142500520684,0.09716942173665202,tvm
32,8,2,64,64,32,64,4,2,[32; 8; 2; 64; 64; 32; 64; 4; 2],0.04008567350683734,0.17438915340849417,tvm
2,2,2,256,256,16,4096,64,1,[2; 2; 2; 256; 256; 16; 4096; 64; 1],0.22917598398635164,0.030502788926971423,tvm
64,8,2,2048,256,64,256,4,4,[64; 8; 2; 2048; 256; 64; 256; 4; 4],0.10160080250352621,0.0688036560186033,tvm
2,2,1,1792,1792,32,32,4,2,[2; 2; 1; 1792; 1792; 32; 32; 4; 2],0.10867225402034819,0.06432650845134526,tvm
32,32,4,128,128,64,256,2,4,[32; 32; 4; 128; 128; 64; 256; 2; 4],0.04154485750768799,0.16826406650625902,tvm
8,2,1,896,896,64,256,2,4,[8; 2; 1; 896; 896; 64; 256; 2; 4],0.12720751902088523,0.05495356501307874,tvm
16,16,1,128,16,16,128,2,1,[16; 16; 1; 128; 16; 16; 128; 2; 1],0.07719287447980605,0.09055896303609487,tvm
64,32,4,14336,224,32,64,64,2,[64; 32; 4; 14336; 224; 32; 64; 64; 2],0.1972488880273886,0.035440030798531114,tvm
64,2,1,7168,896,16,4096,64,1,[64; 2; 1; 7168; 896; 16; 4096; 64; 1],1.360549031989649,0.0051380042191084005,tvm
32,1,1,896,32,32,256,16,2,[32; 1; 1; 896; 32; 32; 256; 16; 2],0.2745494680129923,0.02546173816055568,tvm
8,4,2,128,128,32,1,1,2,[8; 4; 2; 128; 128; 32; 1; 1; 2],0.07299675099784508,0.0957646274814756,tvm
64,4,1,7168,448,16,1024,2,1,[64; 4; 1; 7168; 448; 16; 1024; 2; 1],0.9006481129908934,0.007761640274193689,tvm
32,4,2,448,224,112,128,1,7,[32; 4; 2; 448; 224; 112; 128; 1; 7],0.05564109599799849,0.1256356752375641,tvm
4,2,2,14336,512,128,2,1,8,[4; 2; 2; 14336; 512; 128; 2; 1; 8],0.08816623251186684,0.0792878006409741,tvm
32,1,1,448,112,16,128,1,1,[32; 1; 1; 448; 112; 16; 128; 1; 1],0.20117559097707272,0.03474828448478797,tvm
32,2,2,7168,1024,32,2048,64,2,[32; 2; 2; 7168; 1024; 32; 2048; 64; 2],0.3014597579604015,0.02318885516913641,tvm
4,2,1,3584,128,32,2048,8,2,[4; 2; 1; 3584; 128; 32; 2048; 8; 2],0.17515326105058193,0.0399107994035458,tvm
16,8,4,448,448,16,4096,64,1,[16; 8; 4; 448; 448; 16; 4096; 64; 1],0.07252110951230861,0.09639271535800492,tvm
64,64,2,7168,448,16,128,8,1,[64; 64; 2; 7168; 448; 16; 128; 8; 1],0.15187786397291347,0.04602715948068234,tvm
32,4,2,3584,1792,128,512,32,8,[32; 4; 2; 3584; 1792; 128; 512; 32; 8],0.10733429400715977,0.06512836117597572,tvm
32,4,1,448,448,32,256,8,2,[32; 4; 1; 448; 448; 32; 256; 8; 2],0.10042087099282071,0.06961208957415269,tvm
64,16,4,256,256,32,512,4,2,[64; 16; 4; 256; 256; 32; 512; 4; 2],0.05907459600712173,0.11833355010712096,tvm
32,8,8,1792,896,16,512,2,1,[32; 8; 8; 1792; 896; 16; 512; 2; 1],0.09673741899314336,0.07226269564998572,tvm
16,16,1,3584,128,16,256,4,1,[16; 16; 1; 3584; 128; 16; 256; 4; 1],0.09707513201283291,0.07201130219161125,tvm
16,8,4,1024,512,64,4096,2,4,[16; 8; 4; 1024; 512; 64; 4096; 2; 4],0.07014820401673205,0.09965339476117252,tvm
2,2,1,256,128,64,32,2,4,[2; 2; 1; 256; 128; 64; 32; 2; 4],0.10689429001649842,0.06539644601772208,tvm
1,1,1,14336,224,112,512,1,7,[1; 1; 1; 14336; 224; 112; 512; 1; 7],0.2658420249936171,0.02629571704035323,tvm
8,2,1,3584,64,32,128,4,2,[8; 2; 1; 3584; 64; 32; 128; 4; 2],0.15422443096758798,0.04532684363177065,tvm
64,32,1,512,512,128,16,1,8,[64; 32; 1; 512; 512; 128; 16; 1; 8],0.03278738525114022,0.21320720188943895,tvm
16,8,2,112,16,16,64,8,1,[16; 8; 2; 112; 16; 16; 64; 8; 1],0.06690564050222747,0.10448306920302083,tvm
32,4,4,112,112,16,1024,8,1,[32; 4; 4; 112; 112; 16; 1024; 8; 1],0.0804567945015151,0.08688522467216894,tvm
8,4,2,1024,256,32,32,8,2,[8; 4; 2; 1024; 256; 32; 32; 8; 2],0.047150251499260776,0.14826022013427148,tvm
16,1,1,1792,64,16,1,1,1,[16; 1; 1; 1792; 64; 16; 1; 1; 1],0.23595548002049327,0.029626379798678656,tvm
64,64,16,896,112,16,2048,1,1,[64; 64; 16; 896; 112; 16; 2048; 1; 1],0.07218186801765114,0.09684574337917147,tvm
32,4,1,14336,16,16,1024,1,1,[32; 4; 1; 14336; 16; 16; 1024; 1; 1],0.6607988009927794,0.01057887310958219,tvm
16,8,4,1024,256,64,128,8,4,[16; 8; 4; 1024; 256; 64; 128; 8; 4],0.04155251375050284,0.16823306307388136,tvm
16,4,2,1792,64,16,512,16,1,[16; 4; 2; 1792; 64; 16; 512; 16; 1],0.1150136289652437,0.060779811310702564,tvm
16,2,1,128,64,16,256,4,1,[16; 2; 1; 128; 64; 16; 256; 4; 1],0.13809242699062452,0.0506219408189652,tvm
64,2,1,256,32,16,256,1,1,[64; 2; 1; 256; 32; 16; 256; 1; 1],0.23213630600366741,0.030113801615143418,tvm
64,16,8,3584,448,32,32,1,2,[64; 16; 8; 3584; 448; 32; 32; 1; 2],0.06941395398462191,0.10070751290461505,tvm
16,2,1,448,224,224,32,32,14,[16; 2; 1; 448; 224; 224; 32; 32; 14],0.08756953349802643,0.07982806790702171,tvm
64,4,4,512,64,32,16,8,2,[64; 4; 4; 512; 64; 32; 16; 8; 2],0.0954605000151787,0.07322931123925751,tvm
16,8,1,7168,224,16,128,32,1,[16; 8; 1; 7168; 224; 16; 128; 32; 1],0.08915540447924286,0.07840810893628097,tvm
64,32,16,256,256,16,4096,32,1,[64; 32; 16; 256; 256; 16; 4096; 32; 1],0.07176226249430329,0.09741201606097069,tvm
64,32,1,256,64,16,1024,2,1,[64; 32; 1; 256; 64; 16; 1024; 2; 1],0.18780970602529123,0.03722122149387368,tvm
32,2,2,2048,128,32,512,32,2,[32; 2; 2; 2048; 128; 32; 512; 32; 2],0.17876546998741105,0.03910434530314467,tvm
16,8,4,64,16,16,8,4,1,[16; 8; 4; 64; 16; 16; 8; 4; 1],0.0830699565121904,0.0841520443752829,tvm
64,2,2,256,128,128,1,1,8,[64; 2; 2; 256; 128; 128; 1; 1; 8],0.10364012198988348,0.06744981125503716,tvm
64,2,1,7168,448,224,256,8,14,[64; 2; 1; 7168; 448; 224; 256; 8; 14],0.75099470699206,0.009308330140788296,tvm
64,8,2,3584,64,32,8,4,2,[64; 8; 2; 3584; 64; 32; 8; 4; 2],0.10576000803848729,0.06609782654444146,tvm
32,16,1,14336,448,224,2048,1,14,[32; 16; 1; 14336; 448; 224; 2048; 1; 14],0.4196585729951039,0.01665760481616141,tvm
4,4,2,14336,7168,32,64,16,2,[4; 4; 2; 14336; 7168; 32; 64; 16; 2],0.10476562095573172,0.06672519670952436,tvm
8,8,2,2048,512,128,2,2,8,[8; 8; 2; 2048; 512; 128; 2; 2; 8],0.032483938499353826,0.2151988641034314,tvm
32,4,1,7168,896,32,256,4,2,[32; 4; 1; 7168; 896; 32; 256; 4; 2],0.2624285050551407,0.026637756691857244,tvm
32,2,2,32,32,16,128,1,1,[32; 2; 2; 32; 32; 16; 128; 1; 1],0.13269646099070087,0.052680430318006365,tvm
8,8,1,1792,112,112,128,2,7,[8; 8; 1; 1792; 112; 112; 128; 2; 7],0.05501786048989743,0.12705886060309976,tvm
32,32,16,128,64,16,1024,2,1,[32; 32; 16; 128; 64; 16; 1024; 2; 1],0.07562274049269035,0.09243921366936397,tvm
8,1,1,512,16,16,2,1,1,[8; 1; 1; 512; 16; 16; 2; 1; 1],0.2125275559956208,0.03289223665100025,tvm
64,16,2,512,512,128,8,8,8,[64; 16; 2; 512; 512; 128; 8; 8; 8],0.027600135741522536,0.2532779813886902,tvm
32,16,1,7168,16,16,32,1,1,[32; 16; 1; 7168; 16; 16; 32; 1; 1],0.12993483600439504,0.05380009612226096,tvm
4,2,1,896,16,16,128,4,1,[4; 2; 1; 896; 16; 16; 128; 4; 1],0.18468004500027746,0.03785198702250784,tvm
16,8,1,448,64,64,2048,8,4,[16; 8; 1; 448; 64; 64; 2048; 8; 4],0.08791343998746015,0.0795157903918193,tvm
8,8,8,1792,1792,16,2048,64,1,[8; 8; 8; 1792; 1792; 16; 2048; 64; 1],0.07945343101164326,0.08798243924346406,tvm
16,4,2,7168,896,32,256,16,2,[16; 4; 2; 7168; 896; 32; 256; 16; 2],0.09855205251369625,0.07093212661091115,tvm
32,8,8,256,64,16,4096,1,1,[32; 8; 8; 256; 64; 16; 4096; 1; 1],0.09118092048447579,0.0766663313939329,tvm
64,8,8,7168,3584,16,8,1,1,[64; 8; 8; 7168; 3584; 16; 8; 1; 1],0.1431492500123568,0.048833693966704256,tvm
4,2,1,1792,128,16,256,8,1,[4; 2; 1; 1792; 128; 16; 256; 8; 1],0.19026503700297326,0.03674088932354622,tvm
8,4,2,14336,896,64,4096,1,4,[8; 4; 2; 14336; 896; 64; 4096; 1; 4],0.1231990130036138,0.05674158011689277,tvm
16,16,4,2048,32,16,128,4,1,[16; 16; 4; 2048; 32; 16; 128; 4; 1],0.06110884100780822,0.11439435851472703,tvm
64,16,2,1792,64,64,512,2,4,[64; 16; 2; 1792; 64; 64; 512; 2; 4],0.08838741850922816,0.07908938607520048,tvm
64,16,1,1024,32,32,256,32,2,[64; 16; 1; 1024; 32; 32; 256; 32; 2],0.14380411297315732,0.04861131244536465,tvm
4,4,4,7168,448,32,16,16,2,[4; 4; 4; 7168; 448; 32; 16; 16; 2],0.0495112587523181,0.14119024324622678,tvm
8,8,4,2048,512,32,8,2,2,[8; 8; 4; 2048; 512; 32; 8; 2; 2],0.03891157975886017,0.17965106299943856,tvm
16,16,8,3584,224,16,2048,64,1,[16; 16; 8; 3584; 224; 16; 2048; 64; 1],0.05951445599202998,0.11745896942421548,tvm
16,2,1,2048,128,16,4096,32,1,[16; 2; 1; 2048; 128; 16; 4096; 32; 1],0.4281016039894894,0.016329083099717364,tvm
64,64,2,448,32,16,1024,32,1,[64; 64; 2; 448; 32; 16; 1024; 32; 1],0.10026571899652481,0.06971980789275502,tvm
2,2,1,1792,224,224,2048,8,14,[2; 2; 1; 1792; 224; 224; 2048; 8; 14],0.13412270398112014,0.052120233630621474,tvm
64,16,1,1024,128,128,256,64,8,[64; 16; 1; 1024; 128; 128; 256; 64; 8],0.1279194430098869,0.054647725960832796,tvm
64,32,8,128,32,16,1024,64,1,[64; 32; 8; 128; 32; 16; 1024; 64; 1],0.06148471048800275,0.11369504078628938,tvm
16,16,8,128,64,32,256,2,2,[16; 16; 8; 128; 64; 32; 256; 2; 2],0.06462251199991442,0.10817448053823603,tvm
16,2,1,7168,7168,64,4096,2,4,[16; 2; 1; 7168; 7168; 64; 4096; 2; 4],0.25382356299087405,0.02754081057052218,tvm
64,64,1,3584,128,64,8,4,4,[64; 64; 1; 3584; 128; 64; 8; 4; 4],0.0331733759958297,0.21072641709862328,tvm
16,4,4,16,16,16,64,64,1,[16; 4; 4; 16; 16; 16; 64; 64; 1],0.07485258599626832,0.09339031609429192,tvm
64,32,1,3584,256,128,2,2,8,[64; 32; 1; 3584; 256; 128; 2; 2; 8],0.0431470039911801,0.16201603865926895,tvm
64,16,2,7168,128,64,2,2,4,[64; 16; 2; 7168; 128; 64; 2; 2; 4],0.14815717400051653,0.04718304539638624,tvm
8,2,1,7168,128,128,2048,64,8,[8; 2; 1; 7168; 128; 128; 2048; 64; 8],0.1616638139821589,0.04324101043068385,tvm
16,16,16,2048,256,16,2048,32,1,[16; 16; 16; 2048; 256; 16; 2048; 32; 1],0.08439176049432717,0.08283399499808479,tvm
64,32,1,3584,128,32,128,32,2,[64; 32; 1; 3584; 128; 32; 128; 32; 2],0.08790444050100632,0.07952393106451364,tvm
64,64,2,1024,512,16,16,1,1,[64; 64; 2; 1024; 512; 16; 16; 1; 1],0.02460390862688655,0.28412179433261314,tvm
32,32,1,7168,64,16,128,1,1,[32; 32; 1; 7168; 64; 16; 128; 1; 1],0.12204762100009248,0.057276877741528204,tvm
8,4,2,896,64,16,32,1,1,[8; 4; 2; 896; 64; 16; 32; 1; 1],0.09524369548307732,0.07339600412615997,tvm
64,8,1,7168,32,32,4096,1,2,[64; 8; 1; 7168; 32; 32; 4096; 1; 2],1.0091092369984835,0.0069274033081486615,tvm
16,16,4,128,128,32,256,16,2,[16; 16; 4; 128; 128; 32; 256; 16; 2],0.03717318699636962,0.18805239021742656,tvm
64,32,1,2048,1024,32,1024,8,2,[64; 32; 1; 2048; 1024; 32; 1024; 8; 2],0.1826904869521968,0.038264207311986737,tvm
32,2,1,1024,256,128,4096,1,8,[32; 2; 1; 1024; 256; 128; 4096; 1; 8],0.32393230602610856,0.021580146643673262,tvm
64,16,4,14336,7168,64,128,64,4,[64; 16; 4; 14336; 7168; 64; 128; 64; 4],0.3626812670263462,0.019274518157451064,tvm
32,32,4,448,64,16,2048,64,1,[32; 32; 4; 448; 64; 16; 2048; 64; 1],0.04941266149398871,0.14147197206766723,tvm
32,4,4,1792,16,16,16,8,1,[32; 4; 4; 1792; 16; 16; 16; 8; 1],0.09853833049419336,0.070942004310481,tvm
8,8,8,14336,256,32,64,8,2,[8; 8; 8; 14336; 256; 32; 64; 8; 2],0.05766505599603988,0.12122604488837635,tvm
16,16,4,1024,32,16,256,2,1,[16; 16; 4; 1024; 32; 16; 256; 2; 1],0.062366081023355946,0.11208827862774862,tvm
64,64,2,2048,64,16,4096,1,1,[64; 64; 2; 2048; 64; 16; 4096; 1; 1],0.24894829402910545,0.028080154933093782,tvm
64,8,2,896,448,112,16,4,7,[64; 8; 2; 896; 448; 112; 16; 4; 7],0.046447975750197656,0.15050185834281313,tvm
32,8,4,1024,256,32,512,4,2,[32; 8; 4; 1024; 256; 32; 512; 4; 2],0.09448211299604736,0.07398761993139498,tvm
8,8,4,7168,64,16,1024,1,1,[8; 8; 4; 7168; 64; 16; 1024; 1; 1],0.07947536700521596,0.08795815521314775,tvm
4,2,1,3584,896,64,1024,1,4,[4; 2; 1; 3584; 896; 64; 1024; 1; 4],0.15803582197986543,0.044233684357697665,tvm
8,8,4,1792,32,32,2048,64,2,[8; 8; 4; 1792; 32; 32; 2048; 64; 2],0.055295256490353495,0.12642145294843132,tvm
64,32,1,448,448,64,32,8,4,[64; 32; 1; 448; 448; 64; 32; 8; 4],0.03264061574009247,0.21416589448955237,tvm
64,8,1,1792,448,16,512,2,1,[64; 8; 1; 1792; 448; 16; 512; 2; 1],0.16981172998202965,0.041166217830808496,tvm
16,8,8,1024,16,16,16,4,1,[16; 8; 8; 1024; 16; 16; 16; 4; 1],0.05902089999290183,0.11844120756388639,tvm
16,2,2,14336,3584,64,256,1,4,[16; 2; 2; 14336; 3584; 64; 256; 1; 4],0.28275890403892845,0.02472249880309431,tvm
32,16,1,448,448,64,128,32,4,[32; 16; 1; 448; 448; 64; 128; 32; 4],0.039183515749755315,0.17840427365710082,tvm
16,4,1,7168,7168,32,4096,8,2,[16; 4; 1; 7168; 7168; 32; 4096; 8; 2],0.27521224902011454,0.025400419827083166,tvm
32,2,1,2048,1024,32,2,2,2,[32; 2; 1; 2048; 1024; 32; 2; 2; 2],0.10993108502589166,0.0635898996632319,tvm
4,2,2,3584,3584,112,256,64,7,[4; 2; 2; 3584; 3584; 112; 256; 64; 7],0.15102259500417858,0.04628781982241299,tvm
32,8,1,448,224,32,128,8,2,[32; 8; 1; 448; 224; 32; 128; 8; 2],0.05553610948845744,0.12587317928922562,tvm
16,16,1,3584,448,224,128,32,14,[16; 16; 1; 3584; 448; 224; 128; 32; 14],0.03356241974688601,0.20828375067668536,tvm
32,2,1,112,16,16,256,2,1,[32; 2; 1; 112; 16; 16; 256; 2; 1],0.1328585550072603,0.052616157584166545,tvm
32,16,16,448,224,16,128,2,1,[32; 16; 16; 448; 224; 16; 128; 2; 1],0.08779583050636575,0.07962230810220323,tvm
16,4,4,3584,256,32,256,32,2,[16; 4; 4; 3584; 256; 32; 256; 32; 2],0.08277455350616947,0.0844523633237797,tvm
32,8,1,1792,1792,32,4096,4,2,[32; 8; 1; 1792; 1792; 32; 4096; 4; 2],0.29448557598516345,0.023738027383109782,tvm
8,2,1,896,112,16,16,1,1,[8; 2; 1; 896; 112; 16; 16; 1; 1],0.09640903401304968,0.07250883424182479,tvm
32,32,1,896,64,32,128,4,2,[32; 32; 1; 896; 64; 32; 128; 4; 2],0.04218286674586125,0.16571909891241654,tvm
64,32,2,1792,224,32,64,1,2,[64; 32; 2; 1792; 224; 32; 64; 1; 2],0.032010745504521765,0.21838000198024765,tvm
2,2,2,7168,112,16,32,32,1,[2; 2; 2; 7168; 112; 16; 32; 32; 1],0.1966125700273551,0.035554729108591906,tvm
4,1,1,14336,7168,112,64,32,7,[4; 1; 1; 14336; 7168; 112; 64; 32; 7],0.24607348098652437,0.028408208144336713,tvm
32,32,8,7168,3584,16,256,1,1,[32; 32; 8; 7168; 3584; 16; 256; 1; 1],0.11302885197801515,0.06184709960627014,tvm
32,16,2,896,64,64,512,2,4,[32; 16; 2; 896; 64; 64; 512; 2; 4],0.05297857150435448,0.13194970094828049,tvm
64,16,4,14336,2048,32,32,4,2,[64; 16; 4; 14336; 2048; 32; 32; 4; 2],0.22035818599397317,0.031723380890682495,tvm
32,16,16,512,256,16,2,1,1,[32; 16; 16; 512; 256; 16; 2; 1; 1],0.04925830975116696,0.1419152768736864,tvm
16,1,1,3584,1792,128,32,4,8,[16; 1; 1; 3584; 1792; 128; 32; 4; 8],0.16531327296979725,0.0422864210543084,tvm
64,2,1,7168,7168,128,16,16,8,[64; 2; 1; 7168; 7168; 128; 16; 16; 8],0.35063936101505533,0.019936457351593558,tvm
16,8,2,14336,7168,112,32,16,7,[16; 8; 2; 14336; 7168; 112; 32; 16; 7],0.07506267150165513,0.09312893515270804,tvm
64,4,2,1792,128,64,128,64,4,[64; 4; 2; 1792; 128; 64; 128; 64; 4],0.10067941300803795,0.06943332760699117,tvm
16,2,1,896,896,64,128,2,4,[16; 2; 1; 896; 896; 64; 128; 2; 4],0.10100493702339008,0.06920955423246142,tvm
4,4,1,14336,256,32,2048,2,2,[4; 4; 1; 14336; 256; 32; 2048; 2; 2],0.12597536097746342,0.05549106279534492,tvm
4,2,1,14336,1024,32,64,1,2,[4; 2; 1; 14336; 1024; 32; 64; 1; 2],0.14851820096373558,0.04706835001572348,tvm
2,2,1,448,448,224,128,8,14,[2; 2; 1; 448; 448; 224; 128; 8; 14],0.12480232596863061,0.05601263127438626,tvm
4,1,1,3584,3584,112,4096,2,7,[4; 1; 1; 3584; 3584; 112; 4096; 2; 7],0.23029610398225486,0.030354428693267474,tvm
8,4,4,7168,7168,64,2,1,4,[8; 4; 4; 7168; 7168; 64; 2; 1; 4],0.048292690989910625,0.14475289165656835,tvm
64,16,4,32,32,32,128,16,2,[64; 16; 4; 32; 32; 32; 128; 16; 2],0.0336744129890576,0.2075910475095204,tvm
64,64,4,14336,1024,32,64,16,2,[64; 64; 4; 14336; 1024; 32; 64; 16; 2],0.13537211896618828,0.051639190699324704,tvm
16,8,2,1792,448,16,256,2,1,[16; 8; 2; 1792; 448; 16; 256; 2; 1],0.0796308024728205,0.08778646515652858,tvm
64,16,2,224,224,16,16,4,1,[64; 16; 2; 224; 224; 16; 16; 4; 1],0.03334610250021797,0.2096348941115674,tvm
64,4,4,7168,896,64,256,16,4,[64; 4; 4; 7168; 896; 64; 256; 16; 4],0.2880845880135894,0.02426546562198223,tvm
32,2,2,64,32,16,4096,16,1,[32; 2; 2; 64; 32; 16; 4096; 16; 1],0.12555403803708032,0.05567727470941346,tvm
64,4,4,1024,16,16,4096,4,1,[64; 4; 4; 1024; 16; 16; 4096; 4; 1],0.10680202505318448,0.06545294120767454,tvm
32,32,16,128,64,16,512,2,1,[32; 32; 16; 128; 64; 16; 512; 2; 1],0.07122931649792008,0.09814086404817308,tvm
32,4,4,448,64,64,1024,2,4,[32; 4; 4; 448; 64; 64; 1024; 2; 4],0.054800897516543046,0.1275619010538359,tvm
8,2,1,128,64,16,256,2,1,[8; 2; 1; 128; 64; 16; 256; 2; 1],0.15661890903720632,0.044633861323896754,tvm
32,32,4,7168,64,16,32,16,1,[32; 32; 4; 7168; 64; 16; 32; 16; 1],0.05085140251321718,0.13746929919680603,tvm
1,1,1,224,16,16,64,16,1,[1; 1; 1; 224; 16; 16; 64; 16; 1],0.3801027290173806,0.018391098334753123,tvm
2,2,1,7168,64,64,16,8,4,[2; 2; 1; 7168; 64; 64; 16; 8; 4],0.17888704704819247,0.03907776880448707,tvm
16,16,8,1024,128,32,32,4,2,[16; 16; 8; 1024; 128; 32; 32; 4; 2],0.030397651993553154,0.22996863929323355,tvm
32,32,1,128,128,32,256,2,2,[32; 32; 1; 128; 128; 32; 256; 2; 2],0.10041212901705876,0.06961815006909243,tvm
4,4,1,1024,64,16,2048,32,1,[4; 4; 1; 1024; 64; 16; 2048; 32; 1],0.1594183230190538,0.04385008281533081,tvm
16,4,2,7168,448,112,256,32,7,[16; 4; 2; 7168; 448; 112; 256; 32; 7],0.09606253047240898,0.07277037813067475,tvm
8,4,4,1792,128,64,2048,4,4,[8; 4; 4; 1792; 128; 64; 2048; 4; 4],0.06574129851651378,0.10633356542099176,tvm
16,16,8,1792,448,16,256,64,1,[16; 16; 8; 1792; 448; 16; 256; 64; 1],0.05439492498408072,0.12851394994500898,tvm
32,4,2,14336,112,16,512,64,1,[32; 4; 2; 14336; 112; 16; 512; 64; 1],0.48047837999183685,0.014549055603262384,tvm
16,4,4,256,128,32,4,2,2,[16; 4; 4; 256; 128; 32; 4; 2; 2],0.07213965698610991,0.09690241066730675,tvm
2,2,1,14336,256,128,1024,8,8,[2; 2; 1; 14336; 256; 128; 1024; 8; 8],0.15482544002588838,0.04515089164608725,tvm
64,32,8,14336,16,16,1024,2,1,[64; 32; 8; 14336; 16; 16; 1024; 2; 1],0.5056967500131577,0.01382351511352363,tvm
64,4,4,7168,64,32,64,32,2,[64; 4; 4; 7168; 64; 32; 64; 32; 2],0.3029826460406184,0.02307230053608254,tvm
4,1,1,3584,1792,32,16,2,2,[4; 1; 1; 3584; 1792; 32; 16; 2; 2],0.16646752395899966,0.04199321585625556,tvm
64,16,4,7168,7168,16,16,8,1,[64; 16; 4; 7168; 7168; 16; 16; 8; 1],0.08751208349713124,0.07988047349936336,tvm
64,64,2,112,16,16,2048,16,1,[64; 64; 2; 112; 16; 16; 2048; 16; 1],0.14059566002106294,0.049720643337208305,tvm
32,32,1,1792,448,112,2,2,7,[32; 32; 1; 1792; 448; 112; 2; 2; 7],0.034910784001112916,0.200239177282407,tvm
16,8,2,1024,512,128,2048,2,8,[16; 8; 2; 1024; 512; 128; 2048; 2; 8],0.0556750335090328,0.12555909221918146,tvm
64,32,8,1792,448,16,8,8,1,[64; 32; 8; 1792; 448; 16; 8; 8; 1],0.01922235437814379,0.3636654766189835,tvm
16,8,8,448,448,16,64,4,1,[16; 8; 8; 448; 448; 16; 64; 4; 1],0.07315716901212,0.09555463614930951,tvm
64,8,4,14336,1024,32,64,1,2,[64; 8; 4; 14336; 1024; 32; 64; 1; 2],0.5660814830334857,0.012348940702328455,tvm
8,8,4,3584,448,64,128,32,4,[8; 8; 4; 3584; 448; 64; 128; 32; 4],0.046209741762140766,0.15127776958048114,tvm
64,16,2,128,32,32,64,4,2,[64; 16; 2; 128; 32; 32; 64; 4; 2],0.03916407325596083,0.17849284013385153,tvm
16,4,4,896,448,64,64,4,4,[16; 4; 4; 896; 448; 64; 64; 4; 4],0.05539041550946422,0.12620426480592553,tvm
16,16,8,896,224,16,16,8,1,[16; 16; 8; 896; 224; 16; 16; 8; 1],0.022428631251386832,0.3116778098634272,tvm
32,4,1,224,112,112,2,1,7,[32; 4; 1; 224; 112; 112; 2; 1; 7],0.05654943248373456,0.12361762726226053,tvm
64,64,2,7168,1024,16,2,1,1,[64; 64; 2; 7168; 1024; 16; 2; 1; 1],0.12436946702655405,0.056207579189626405,tvm
64,2,1,7168,896,32,128,4,2,[64; 2; 1; 7168; 896; 32; 128; 4; 2],0.7094247329514474,0.00985376790795521,tvm
8,8,1,14336,3584,32,4096,8,2,[8; 8; 1; 14336; 3584; 32; 4096; 8; 2],0.2626359960413538,0.026616711996957053,tvm
32,8,1,3584,512,16,64,1,1,[32; 8; 1; 3584; 512; 16; 64; 1; 1],0.08618858951376751,0.08110710137042008,tvm
64,16,16,512,512,16,2048,16,1,[64; 16; 16; 512; 512; 16; 2048; 16; 1],0.06636583700310439,0.10533290895343748,tvm
2,1,1,512,16,16,128,2,1,[2; 1; 1; 512; 16; 16; 128; 2; 1],0.2999671270372346,0.023304242487207416,tvm
32,32,1,448,448,112,512,4,7,[32; 32; 1; 448; 448; 112; 512; 4; 7],0.1554052639985457,0.04498243165515992,tvm
4,4,4,224,224,16,128,1,1,[4; 4; 4; 224; 224; 16; 128; 1; 1],0.11477837304119021,0.060904388879584506,tvm
32,4,2,14336,32,16,2048,4,1,[32; 4; 2; 14336; 32; 16; 2048; 4; 1],0.5660656670224853,0.012349285734704327,tvm
16,1,1,14336,14336,112,16,2,7,[16; 1; 1; 14336; 14336; 112; 16; 2; 7],0.2843558769673109,0.024583654613441606,tvm
64,2,1,3584,896,32,64,64,2,[64; 2; 1; 3584; 896; 32; 64; 64; 2],0.3173602959723212,0.022027036007290432,tvm
8,8,2,2048,128,16,1024,64,1,[8; 8; 2; 2048; 128; 16; 1024; 64; 1],0.08558346499921754,0.08168057540940389,tvm
32,16,2,2048,1024,32,256,1,2,[32; 16; 2; 2048; 1024; 32; 256; 1; 2],0.07365892548114061,0.09490372851632886,tvm
8,4,2,14336,64,32,128,16,2,[8; 4; 2; 14336; 64; 32; 128; 16; 2],0.0989666634995956,0.0706349635268368,tvm
32,32,4,448,16,16,1024,4,1,[32; 32; 4; 448; 16; 16; 1024; 4; 1],0.05386451673984993,0.1297794371836435,tvm
16,8,1,3584,256,128,8,2,8,[16; 8; 1; 3584; 256; 128; 8; 2; 8],0.037012948509072885,0.188866516942121,tvm
64,1,1,3584,64,64,8,1,4,[64; 1; 1; 3584; 64; 64; 8; 1; 4],0.5985637410194613,0.011678800748539464,tvm
8,8,2,14336,1792,64,256,8,4,[8; 8; 2; 14336; 1792; 64; 256; 8; 4],0.06576713750837371,0.10629178844489941,tvm
16,4,2,896,64,16,16,2,1,[16; 4; 2; 896; 64; 16; 16; 2; 1],0.07315057551022619,0.09556324906410912,tvm
64,32,4,2048,256,16,8,1,1,[64; 32; 4; 2048; 256; 16; 8; 1; 1],0.03505291875626426,0.19942723501213155,tvm
64,16,2,2048,512,128,1024,64,8,[64; 16; 2; 2048; 512; 128; 1024; 64; 8],0.10889080498600379,0.06419740094276268,tvm
8,2,2,3584,448,64,16,1,4,[8; 2; 2; 3584; 448; 64; 16; 1; 4],0.08226623601512983,0.08497418874714313,tvm
8,8,8,2048,128,32,16,2,2,[8; 8; 8; 2048; 128; 32; 16; 2; 2],0.08799333352362737,0.0794435940398783,tvm
32,8,2,1792,16,16,256,8,1,[32; 8; 2; 1792; 16; 16; 256; 8; 1],0.0861636764893774,0.08113055235669389,tvm
8,8,1,1792,256,128,1024,8,8,[8; 8; 1; 1792; 256; 128; 1024; 8; 8],0.09106718300608918,0.0767620830678297,tvm
32,8,1,14336,224,112,64,1,7,[32; 8; 1; 14336; 224; 112; 64; 1; 7],0.21661280700936913,0.03227189916967517,tvm
32,32,8,3584,128,16,256,4,1,[32; 32; 8; 3584; 128; 16; 256; 4; 1],0.04409447900252417,0.1585347377903365,tvm
32,1,1,896,16,16,64,32,1,[32; 1; 1; 896; 16; 16; 64; 32; 1],0.32131395902251825,0.021756000542064093,tvm
64,32,1,3584,3584,32,32,16,2,[64; 32; 1; 3584; 3584; 32; 32; 16; 2],0.06942766002612188,0.1006876317599717,tvm
32,1,1,512,128,128,4096,8,8,[32; 1; 1; 512; 128; 128; 4096; 8; 8],0.20366560301044956,0.03432345257784154,tvm
64,8,1,512,512,32,128,32,2,[64; 8; 1; 512; 512; 32; 128; 32; 2],0.09342064449447207,0.07482828559462906,tvm
32,16,2,7168,64,32,2048,32,2,[32; 16; 2; 7168; 64; 32; 2048; 32; 2],0.13038524700095877,0.05361424568697763,tvm
4,1,1,896,896,16,128,16,1,[4; 1; 1; 896; 896; 16; 128; 16; 1],0.2390224609989673,0.02924623333493696,tvm
8,2,1,14336,448,32,4096,1,2,[8; 2; 1; 14336; 448; 32; 4096; 1; 2],0.24386815598700196,0.028665106513698562,tvm
32,8,2,7168,896,64,512,64,4,[32; 8; 2; 7168; 896; 64; 512; 64; 4],0.13356624403968453,0.05233737548680101,tvm
32,16,2,896,896,64,256,64,4,[32; 16; 2; 896; 896; 64; 256; 64; 4],0.05313373249373399,0.1315643817699246,tvm
32,8,1,896,128,64,256,4,4,[32; 8; 1; 896; 128; 64; 256; 4; 4],0.0988510785100516,0.07071755586314461,tvm
8,4,2,14336,64,32,64,1,2,[8; 4; 2; 14336; 64; 32; 64; 1; 2],0.10964049998437986,0.06375843477239325,tvm
32,32,1,7168,112,16,512,1,1,[32; 32; 1; 7168; 112; 16; 512; 1; 1],0.36037573794601485,0.019397828240351356,tvm
16,8,2,1792,256,64,512,1,4,[16; 8; 2; 1792; 256; 64; 512; 1; 4],0.06268379048560746,0.1115201651417638,tvm
32,4,4,512,64,16,1024,4,1,[32; 4; 4; 512; 64; 16; 1024; 4; 1],0.09215658649918623,0.07585466142160543,tvm
16,16,1,3584,64,64,512,1,4,[16; 16; 1; 3584; 64; 64; 512; 1; 4],0.08418569748755544,0.0830367494157784,tvm
4,2,1,896,16,16,4096,16,1,[4; 2; 1; 896; 16; 16; 4096; 16; 1],0.24452253396157175,0.028588394506680798,tvm
8,8,8,64,32,16,16,16,1,[8; 8; 8; 64; 32; 16; 16; 16; 1],0.07959216900053434,0.08782907608184087,tvm
8,8,4,2048,1024,32,4096,64,2,[8; 8; 4; 2048; 1024; 32; 4096; 64; 2],0.06678653749986552,0.10466939788098377,tvm
32,32,1,14336,448,32,1024,16,2,[32; 32; 1; 14336; 448; 32; 1024; 16; 2],0.6164494879776612,0.011339950479316463,tvm
64,32,2,3584,448,16,64,1,1,[64; 32; 2; 3584; 448; 16; 64; 1; 1],0.08875758599606343,0.07875954024906344,tvm
64,32,1,14336,512,128,1024,8,8,[64; 32; 1; 14336; 512; 128; 1024; 8; 8],0.8009081599884667,0.008728225052379704,tvm
32,8,1,896,128,128,64,8,8,[32; 8; 1; 896; 128; 128; 64; 8; 8],0.054349596495740116,0.1286211327661757,tvm
32,16,2,3584,1792,112,4,2,7,[32; 16; 2; 3584; 1792; 112; 4; 2; 7],0.035294678251375444,0.19806120959309906,tvm
64,16,4,7168,128,64,8,8,4,[64; 16; 4; 7168; 128; 64; 8; 8; 4],0.110257358988747,0.06340172420944824,tvm
4,2,2,3584,64,32,512,8,2,[4; 2; 2; 3584; 64; 32; 512; 8; 2],0.16777851898223162,0.041665087456201635,tvm
64,16,1,14336,7168,32,4096,32,2,[64; 16; 1; 14336; 7168; 32; 4096; 32; 2],2.229079738026485,0.0031360505178050337,tvm
32,4,2,7168,896,112,4096,16,7,[32; 4; 2; 7168; 896; 112; 4096; 16; 7],0.24516680097440258,0.028513267860425087,tvm
16,8,2,2048,128,32,2048,2,2,[16; 8; 2; 2048; 128; 32; 2048; 2; 2],0.16710456501459703,0.041833128054018315,tvm
8,2,1,64,64,16,512,64,1,[8; 2; 1; 64; 64; 16; 512; 64; 1],0.15661972697125748,0.04463362822711056,tvm
16,16,1,14336,7168,112,512,64,7,[16; 16; 1; 14336; 7168; 112; 512; 64; 7],0.16786150896223262,0.04164448842312903,tvm
2,1,1,128,64,16,2,2,1,[2; 1; 1; 128; 64; 16; 2; 2; 1],0.21750100300414488,0.03214011232184272,tvm
32,16,1,7168,896,64,128,8,4,[32; 16; 1; 7168; 896; 64; 128; 8; 4],0.08398589649004862,0.08323429240878512,tvm
64,64,8,7168,128,32,2048,2,2,[64; 64; 8; 7168; 128; 32; 2048; 2; 2],0.2418684170115739,0.028902106165982624,tvm
4,1,1,3584,3584,112,16,2,7,[4; 1; 1; 3584; 3584; 112; 16; 2; 7],0.14803287101676688,0.047222664930107926,tvm
32,32,1,7168,1024,16,512,32,1,[32; 32; 1; 7168; 1024; 16; 512; 32; 1],0.3589173409854993,0.019476647875169374,tvm
4,2,1,14336,7168,16,32,16,1,[4; 2; 1; 14336; 7168; 16; 32; 16; 1],0.1317200519843027,0.05307093765419814,tvm
64,2,1,3584,16,16,2,2,1,[64; 2; 1; 3584; 16; 16; 2; 2; 1],0.35714536398882046,0.019573281278503413,tvm
32,4,1,14336,2048,16,8,4,1,[32; 4; 1; 14336; 2048; 16; 8; 4; 1],0.24599275400396436,0.028417530812936097,tvm
32,1,1,2048,32,32,512,64,2,[32; 1; 1; 2048; 32; 32; 512; 64; 2],0.3605472019989975,0.019388603289413695,tvm
64,8,8,7168,224,16,128,2,1,[64; 8; 8; 7168; 224; 16; 128; 2; 1],0.377347954956349,0.018525359882963503,tvm
64,32,1,2048,256,32,512,2,2,[64; 32; 1; 2048; 256; 32; 512; 2; 2],0.11478630400961265,0.06090018079231173,tvm
32,32,8,64,32,32,1,1,2,[32; 32; 8; 64; 32; 32; 1; 1; 2],0.05704866649466567,0.12253584695656845,tvm
64,64,1,1792,448,64,16,16,4,[64; 64; 1; 1792; 448; 64; 16; 16; 4],0.02847881449270062,0.24546340116996082,tvm
64,4,4,7168,512,32,16,1,2,[64; 4; 4; 7168; 512; 32; 16; 1; 2],0.2121901409700513,0.032944540376422644,tvm
16,16,8,512,32,32,512,4,2,[16; 16; 8; 512; 32; 32; 512; 4; 2],0.04908395100210328,0.14241939623742025,tvm
64,32,1,448,32,32,2048,16,2,[64; 32; 1; 448; 32; 32; 2048; 16; 2],0.2361819799989462,0.02959796791735702,tvm
32,4,1,14336,3584,224,256,16,14,[32; 4; 1; 14336; 3584; 224; 256; 16; 14],0.48102002701489255,0.014532672807924977,tvm
32,2,1,7168,1024,16,2048,2,1,[32; 2; 1; 7168; 1024; 16; 2048; 2; 1],0.5665716740186326,0.012338256547638088,tvm
32,32,8,1792,448,16,128,16,1,[32; 32; 8; 1792; 448; 16; 128; 16; 1],0.031089146999875084,0.22485360137718655,tvm
64,32,8,7168,224,32,4096,4,2,[64; 32; 8; 7168; 224; 32; 4096; 4; 2],0.24785972299287096,0.028203479703185704,tvm
1,1,1,2048,128,64,2048,8,4,[1; 1; 1; 2048; 128; 64; 2048; 8; 4],0.2546370839700103,0.027452822494189295,tvm
32,8,4,2048,256,32,128,1,2,[32; 8; 4; 2048; 256; 32; 128; 1; 2],0.08384501899126917,0.0833741437567638,tvm
2,2,1,1792,112,16,128,64,1,[2; 2; 1; 1792; 112; 16; 128; 64; 1],0.21741131297312677,0.03215337128077936,tvm
32,1,1,1024,128,128,16,2,8,[32; 1; 1; 1024; 128; 128; 16; 2; 8],0.3210617679869756,0.021773089678339554,tvm
32,4,4,2048,512,32,16,4,2,[32; 4; 4; 2048; 512; 32; 16; 4; 2],0.06884276098571718,0.10154308988445407,tvm
8,8,4,256,16,16,256,8,1,[8; 8; 4; 256; 16; 16; 256; 8; 1],0.0641609060112387,0.10895274242920105,tvm
4,2,2,3584,448,64,256,16,4,[4; 2; 2; 3584; 448; 64; 256; 16; 4],0.15144778304966167,0.04615786725893763,tvm
2,1,1,14336,64,64,2048,8,4,[2; 1; 1; 14336; 64; 64; 2048; 8; 4],0.2544607899617404,0.027471842195089188,tvm
64,8,8,7168,448,32,4096,32,2,[64; 8; 8; 7168; 448; 32; 4096; 32; 2],0.20300157001474872,0.034435727103779463,tvm
4,4,4,2048,512,64,128,32,4,[4; 4; 4; 2048; 512; 64; 128; 32; 4],0.07867317102500238,0.08885502612377325,tvm
64,32,4,896,112,16,64,16,1,[64; 32; 4; 896; 112; 16; 64; 16; 1],0.02903040824458003,0.24079946130181593,tvm
16,1,1,2048,512,16,1024,4,1,[16; 1; 1; 2048; 512; 16; 1024; 4; 1],0.3886184440343641,0.01798809802771101,tvm
64,2,2,2048,128,64,512,8,4,[64; 2; 2; 2048; 128; 64; 512; 8; 4],0.170224662986584,0.04106635633179437,tvm
32,8,2,14336,7168,128,2048,64,8,[32; 8; 2; 14336; 7168; 128; 2048; 64; 8],0.5091153650428168,0.013730692779383631,tvm
64,64,8,7168,512,16,1024,32,1,[64; 64; 8; 7168; 512; 16; 1024; 32; 1],0.13776150799822062,0.050743540545135135,tvm
8,2,2,1792,112,112,512,32,7,[8; 2; 2; 1792; 112; 112; 512; 32; 7],0.1024664249853231,0.06822241205026876,tvm
8,8,4,14336,224,16,4096,8,1,[8; 8; 4; 14336; 224; 16; 4096; 8; 1],0.08278271948802285,0.08444403264232055,tvm
16,4,4,2048,2048,32,4096,16,2,[16; 4; 4; 2048; 2048; 32; 4096; 16; 2],0.09345645949360915,0.07479960940682437,tvm
4,1,1,512,512,32,2048,16,2,[4; 1; 1; 512; 512; 32; 2048; 16; 2],0.21674098796211183,0.03225281351900392,tvm
8,2,2,14336,1024,32,4096,64,2,[8; 2; 2; 14336; 1024; 32; 4096; 64; 2],0.17433402797905728,0.04009834882898728,tvm
1,1,1,7168,64,32,32,2,2,[1; 1; 1; 7168; 64; 32; 32; 2; 2],0.27567489800276235,0.025357791795017258,tvm
16,2,2,7168,256,16,16,1,1,[16; 2; 2; 7168; 256; 16; 16; 1; 1],0.08846081150113605,0.07902376824314902,tvm
32,2,1,7168,32,32,64,4,2,[32; 2; 1; 7168; 32; 32; 64; 4; 2],0.34078567498363554,0.020512912307720534,tvm
4,2,2,128,16,16,1024,16,1,[4; 2; 2; 128; 16; 16; 1024; 16; 1],0.17159707000246271,0.04073791391989584,tvm
64,64,2,7168,896,128,2048,4,8,[64; 64; 2; 7168; 896; 128; 2048; 4; 8],0.20745885494397953,0.0336958702898188,tvm
16,8,1,7168,896,128,1024,64,8,[16; 8; 1; 7168; 896; 128; 1024; 64; 8],0.09453986951848492,0.07394241923826483,tvm
32,4,1,1792,224,112,256,32,7,[32; 4; 1; 1792; 224; 112; 256; 32; 7],0.12640725198434666,0.05530146852280532,tvm
64,16,16,14336,1792,16,1024,64,1,[64; 16; 16; 14336; 1792; 16; 1024; 64; 1],0.6573563140118495,0.010634273251295881,tvm
64,32,4,1792,256,16,2048,1,1,[64; 32; 4; 1792; 256; 16; 2048; 1; 1],0.10014759851037525,0.06980203989556927,tvm
8,4,4,3584,64,16,4,2,1,[8; 4; 4; 3584; 64; 16; 4; 2; 1],0.09377012247568928,0.07454940317987765,tvm
4,4,1,896,448,224,64,16,14,[4; 4; 1; 896; 448; 224; 64; 16; 14],0.06531791650922969,0.10702280538416867,tvm
64,1,1,512,256,32,16,1,2,[64; 1; 1; 512; 256; 32; 16; 1; 2],0.2749055150197819,0.02542876110056809,tvm
32,32,1,1792,448,16,1024,2,1,[32; 32; 1; 1792; 448; 16; 1024; 2; 1],0.20713080395944417,0.03374923735648414,tvm
64,8,2,3584,1792,112,128,2,7,[64; 8; 2; 3584; 1792; 112; 128; 2; 7],0.13615011103684083,0.05134411285772002,tvm
8,8,8,64,32,16,512,64,1,[8; 8; 8; 64; 32; 16; 512; 64; 1],0.08073674302431755,0.0865839567563576,tvm
16,2,2,512,256,64,1024,4,4,[16; 2; 2; 512; 256; 64; 1024; 4; 4],0.08999419349129312,0.07767730778478496,tvm
64,4,2,3584,64,16,128,4,1,[64; 4; 2; 3584; 64; 16; 128; 4; 1],0.22034201998030767,0.031725708365982215,tvm
16,8,2,256,256,32,128,8,2,[16; 8; 2; 256; 256; 32; 128; 8; 2],0.04388689549523406,0.1592846016512106,tvm
8,2,1,1792,448,32,256,4,2,[8; 2; 1; 1792; 448; 32; 256; 4; 2],0.13056791300186887,0.05353923874517783,tvm
1,1,1,128,16,16,32,8,1,[1; 1; 1; 128; 16; 16; 32; 8; 1],0.3802993950084783,0.018381587660718793,tvm
64,4,4,14336,1792,16,1024,8,1,[64; 4; 4; 14336; 1792; 16; 1024; 8; 1],0.7575257690041326,0.009228077713919368,tvm
64,8,4,3584,448,16,16,16,1,[64; 8; 4; 3584; 448; 16; 16; 16; 1],0.0705408189969603,0.09909874546491865,tvm
4,2,2,2048,256,16,2048,2,1,[4; 2; 2; 2048; 256; 16; 2048; 2; 1],0.16983868600800633,0.04115968411541484,tvm
4,2,2,128,64,16,8,2,1,[4; 2; 2; 128; 64; 16; 8; 2; 1],0.14081577002070844,0.04964292469258691,tvm
32,4,1,7168,896,64,4096,1,4,[32; 4; 1; 7168; 896; 64; 4096; 1; 4],0.44305676699150354,0.015777902940371347,tvm
4,2,1,3584,896,64,1024,32,4,[4; 2; 1; 3584; 896; 64; 1024; 32; 4],0.15847074502380565,0.04411228498746911,tvm
1,1,1,1792,896,112,2048,16,7,[1; 1; 1; 1792; 896; 112; 2048; 16; 7],0.2543524839566089,0.027483539999000786,tvm
8,4,1,14336,14336,32,2048,8,2,[8; 4; 1; 14336; 14336; 32; 2048; 8; 2],0.2783129070303403,0.025117436130637653,tvm
64,8,8,2048,512,16,1024,4,1,[64; 8; 8; 2048; 512; 16; 1024; 4; 1],0.09835067301173694,0.07107736482730968,tvm
64,32,4,1792,64,16,1024,64,1,[64; 32; 4; 1792; 64; 16; 1024; 64; 1],0.054357121989596635,0.12860332576115002,tvm
32,32,1,14336,7168,224,256,4,14,[32; 32; 1; 14336; 7168; 224; 256; 4; 14],0.34543707501143217,0.020236700610191647,tvm
32,32,8,7168,3584,16,2,2,1,[32; 32; 8; 7168; 3584; 16; 2; 2; 1],0.058122486021602526,0.12027198327457102,tvm
4,4,1,64,32,16,256,64,1,[4; 4; 1; 64; 32; 16; 256; 64; 1],0.15632590500172228,0.044717519253060785,tvm
2,2,1,1792,128,64,2048,4,4,[2; 2; 1; 1792; 128; 64; 2048; 4; 4],0.1689728139899671,0.04137059981188296,tvm
16,16,16,256,128,16,64,4,1,[16; 16; 16; 256; 128; 16; 64; 4; 1],0.07367629851796664,0.09488135000378674,tvm
64,8,2,7168,1792,16,4096,8,1,[64; 8; 2; 7168; 1792; 16; 4096; 8; 1],0.6589542010333389,0.010608486379940375,tvm
32,32,8,512,32,32,4096,16,2,[32; 32; 8; 512; 32; 32; 4096; 16; 2],0.05234339050366543,0.13355089533562303,tvm
16,2,2,512,64,64,1024,4,4,[16; 2; 2; 512; 64; 64; 1024; 4; 4],0.09303435700712726,0.07513897974412971,tvm
32,8,1,448,448,112,1,1,7,[32; 8; 1; 448; 448; 112; 1; 1; 7],0.04648880449531134,0.1503696802392864,tvm
8,8,1,2048,256,128,4096,64,8,[8; 8; 1; 2048; 256; 128; 4096; 64; 8],0.1781787010258995,0.039233121727891306,tvm
8,2,2,64,16,16,2,2,1,[8; 2; 2; 64; 16; 16; 2; 2; 1],0.13062037801137194,0.05351773416287362,tvm
64,2,1,64,64,16,1024,8,1,[64; 2; 1; 64; 64; 16; 1024; 8; 1],0.22125386795960367,0.03159495800517705,tvm
16,16,4,896,64,16,16,16,1,[16; 16; 4; 896; 64; 16; 16; 16; 1],0.03058482274354901,0.22856129411902879,tvm
32,32,16,2048,2048,16,64,1,1,[32; 32; 16; 2048; 2048; 16; 64; 1; 1],0.2215211649890989,0.03155683416079304,tvm
64,4,2,14336,1024,32,2048,8,2,[64; 4; 2; 14336; 1024; 32; 2048; 8; 2],1.1965103530092165,0.005842412185641005,tvm
16,8,8,1792,32,16,16,4,1,[16; 8; 8; 1792; 32; 16; 16; 4; 1],0.0816173930070363,0.08564971765349097,tvm
16,16,2,7168,224,112,2048,2,7,[16; 16; 2; 7168; 224; 112; 2048; 2; 7],0.05486171299708076,0.12742049572966557,tvm
32,32,4,14336,3584,64,4,2,4,[32; 32; 4; 14336; 3584; 64; 4; 2; 4],0.08836637102649547,0.07910822392571329,tvm
32,1,1,7168,1792,16,4096,4,1,[32; 1; 1; 7168; 1792; 16; 4096; 4; 1],0.6820222899550572,0.01024967478280998,tvm
64,16,2,14336,1792,32,512,1,2,[64; 16; 2; 14336; 1792; 32; 512; 1; 2],0.5539941099705175,0.012618377236968618,tvm
1,1,1,896,448,32,64,1,2,[1; 1; 1; 896; 448; 32; 64; 1; 2],0.27365909900981933,0.025544579705043303,tvm
64,2,2,256,32,32,128,1,2,[64; 2; 2; 256; 32; 32; 128; 1; 2],0.12145402800524607,0.057556812083372974,tvm
32,2,1,896,896,224,64,4,14,[32; 2; 1; 896; 896; 224; 64; 4; 14],0.1059980159625411,0.06594941049780648,tvm
16,4,4,224,16,16,32,1,1,[16; 4; 4; 224; 16; 16; 32; 1; 1],0.08391158148879185,0.08330800757938754,tvm
8,8,1,2048,1024,16,128,32,1,[8; 8; 1; 2048; 1024; 16; 128; 32; 1],0.09585661598248407,0.07292669989460139,tvm
4,2,2,1792,1792,128,1,1,8,[4; 2; 2; 1792; 1792; 128; 1; 1; 8],0.07237832649843767,0.09658287231630813,tvm
64,16,2,128,64,16,32,32,1,[64; 16; 2; 128; 64; 16; 32; 32; 1],0.048207183252088726,0.14500964783840137,tvm
16,2,1,14336,2048,32,4,4,2,[16; 2; 1; 14336; 2048; 32; 4; 4; 2],0.17122606502380222,0.040826183009548885,tvm
32,2,2,64,64,16,64,8,1,[32; 2; 2; 64; 64; 16; 64; 8; 1],0.17724531900603324,0.03943972515532959,tvm
32,32,1,256,128,32,1024,8,2,[32; 32; 1; 256; 128; 32; 1024; 8; 2],0.1826854379614815,0.038265264843608315,tvm
4,4,1,256,64,64,16,4,4,[4; 4; 1; 256; 64; 64; 16; 4; 4],0.0941914115101099,0.07421596677013753,tvm
32,16,2,256,256,128,256,2,8,[32; 16; 2; 256; 256; 128; 256; 2; 8],0.04687240900238976,0.14913905249269907,tvm
16,16,4,14336,256,16,4096,2,1,[16; 16; 4; 14336; 256; 16; 4096; 2; 1],0.202157866966445,0.03457944413227797,tvm
64,32,1,128,128,32,128,64,2,[64; 32; 1; 128; 128; 32; 128; 64; 2],0.04455128750123549,0.15690919519380458,tvm
8,8,8,512,128,32,8,8,2,[8; 8; 8; 512; 128; 32; 8; 8; 2],0.05469897700822912,0.12779958692125062,tvm
32,32,2,256,256,128,256,2,8,[32; 32; 2; 256; 256; 128; 256; 2; 8],0.04407151250052266,0.158617353252484,tvm
64,32,2,128,64,64,1024,4,4,[64; 32; 2; 128; 64; 64; 1024; 4; 4],0.07651110598817468,0.09136590794736515,tvm
16,4,4,512,128,16,512,2,1,[16; 4; 4; 512; 128; 16; 512; 2; 1],0.10411154001485556,0.06714439788009283,tvm
64,16,4,7168,256,64,64,2,4,[64; 16; 4; 7168; 256; 64; 64; 2; 4],0.1580838019726798,0.0442202589982924,tvm
8,8,2,7168,1024,16,32,8,1,[8; 8; 2; 7168; 1024; 16; 32; 8; 1],0.038058471007389016,0.18367807433224173,tvm
64,16,4,1024,256,32,512,64,2,[64; 16; 4; 1024; 256; 32; 512; 64; 2],0.06484150400501676,0.10780913820453354,tvm
32,8,1,2048,256,64,4096,64,4,[32; 8; 1; 2048; 256; 64; 4096; 64; 4],0.3385071139782667,0.020650988939380107,tvm
64,4,2,14336,7168,64,512,32,4,[64; 4; 2; 14336; 7168; 64; 512; 32; 4],1.1347448690212332,0.006160421481082601,tvm
8,4,1,3584,224,224,256,2,14,[8; 4; 1; 3584; 224; 224; 256; 2; 14],0.11619081196840852,0.0601640228537807,tvm
64,8,4,448,32,32,1024,8,2,[64; 8; 4; 448; 32; 32; 1024; 8; 2],0.07013551352429204,0.09967142629169522,tvm
64,8,1,512,512,64,16,4,4,[64; 8; 1; 512; 512; 64; 16; 4; 4],0.055421611497877166,0.12613322633057011,tvm
8,2,2,1024,256,32,1024,32,2,[8; 2; 2; 1024; 256; 32; 1024; 32; 2],0.10674365801969543,0.06548873063144264,tvm
8,8,4,3584,256,16,512,4,1,[8; 8; 4; 3584; 256; 16; 512; 4; 1],0.07200161050423048,0.09708819869044369,tvm
8,8,2,3584,112,112,128,2,7,[8; 8; 2; 3584; 112; 112; 128; 2; 7],0.04793672425148543,0.14582779227869436,tvm
16,16,1,3584,3584,224,1024,32,14,[16; 16; 1; 3584; 3584; 224; 1024; 32; 14],0.14600323099875823,0.04787912307725657,tvm
64,64,8,7168,32,16,1024,64,1,[64; 64; 8; 7168; 32; 16; 1024; 64; 1],0.17745015100808814,0.03939419959325952,tvm
32,32,16,1024,16,16,4096,2,1,[32; 32; 16; 1024; 16; 16; 4096; 2; 1],0.10853162000421435,0.06440986199593465,tvm
64,64,2,896,896,64,256,4,4,[64; 64; 2; 896; 896; 64; 256; 4; 4],0.04994407448975835,0.1399666875016406,tvm
64,64,1,14336,16,16,16,16,1,[64; 64; 1; 14336; 16; 16; 16; 16; 1],0.198331564955879,0.035246566365882206,tvm
16,1,1,1024,512,32,1,1,2,[16; 1; 1; 1024; 512; 32; 1; 1; 2],0.11864659399725497,0.05891873024882957,tvm
8,4,2,14336,2048,64,2,2,4,[8; 4; 2; 14336; 2048; 64; 2; 2; 4],0.05332887198892422,0.13108296511725417,tvm
64,32,8,14336,112,16,128,1,1,[64; 32; 8; 14336; 112; 16; 128; 1; 1],0.3620844850083813,0.019306286118569414,tvm
32,2,1,7168,7168,16,16,16,1,[32; 2; 1; 7168; 7168; 16; 16; 16; 1],0.18667288799770176,0.03744789477276813,tvm
64,8,8,14336,1792,32,1,1,2,[64; 8; 8; 14336; 1792; 32; 1; 1; 2],0.4436705799889751,0.015756074398352887,tvm
32,2,1,7168,1792,112,128,2,7,[32; 2; 1; 7168; 1792; 112; 128; 2; 7],0.3217488049995154,0.02172659714051524,tvm
4,1,1,1792,896,224,32,2,14,[4; 1; 1; 1792; 896; 224; 32; 2; 14],0.11505586700513959,0.060757498497268275,tvm
4,4,2,224,16,16,64,8,1,[4; 4; 2; 224; 16; 16; 64; 8; 1],0.1340184059808962,0.05216079549299472,tvm
32,16,2,7168,1024,128,2048,32,8,[32; 16; 2; 7168; 1024; 128; 2048; 32; 8],0.15194947901181877,0.04600546650194792,tvm
2,2,2,3584,512,32,128,16,2,[2; 2; 2; 3584; 512; 32; 128; 16; 2],0.173739142017439,0.04023564629992818,tvm
32,2,1,14336,7168,224,16,2,14,[32; 2; 1; 14336; 7168; 224; 16; 2; 14],0.3546003120136447,0.019713763439660137,tvm
8,8,2,7168,128,64,16,1,4,[8; 8; 2; 7168; 128; 64; 16; 1; 4],0.04020015225978568,0.1738925420354598,tvm
64,16,2,14336,128,32,128,64,2,[64; 16; 2; 14336; 128; 32; 128; 64; 2],0.3033719169907272,0.023042695368801516,tvm
64,2,2,7168,256,64,4096,64,4,[64; 2; 2; 7168; 256; 64; 4096; 64; 4],0.5683750260504894,0.012299109472212617,tvm
16,16,4,7168,1792,32,4096,8,2,[16; 16; 4; 7168; 1792; 32; 4096; 8; 2],0.07914995850296691,0.08831977677416761,tvm
16,16,2,2048,512,64,2048,4,4,[16; 16; 2; 2048; 512; 64; 2048; 4; 4],0.15392291598254815,0.04541563302672393,tvm
16,2,1,1024,128,32,512,16,2,[16; 2; 1; 1024; 128; 32; 512; 16; 2],0.12300535303074867,0.056830914219799786,tvm
64,16,4,896,896,16,2048,16,1,[64; 16; 4; 896; 896; 16; 2048; 16; 1],0.09204545750981197,0.07594624282161327,tvm
64,1,1,2048,128,32,16,4,2,[64; 1; 1; 2048; 128; 32; 16; 4; 2],0.3477752099861391,0.020100646814203003,tvm
16,4,2,512,512,64,4,1,4,[16; 4; 2; 512; 512; 64; 4; 1; 4],0.03677447550580837,0.1900912676664157,tvm
16,8,4,3584,32,16,8,2,1,[16; 8; 4; 3584; 32; 16; 8; 2; 1],0.08634986751712859,0.08095561542442449,tvm
1,1,1,7168,512,128,4,1,8,[1; 1; 1; 7168; 512; 128; 4; 1; 8],0.16843534697545692,0.04150261089606844,tvm
32,8,2,2048,2048,16,128,1,1,[32; 8; 2; 2048; 2048; 16; 128; 1; 1],0.10953573300503194,0.06381941741646564,tvm
64,8,1,7168,128,32,2048,2,2,[64; 8; 1; 7168; 128; 32; 2048; 2; 2],0.6399940820410848,0.010922767667432755,tvm
8,1,1,1792,32,16,256,64,1,[8; 1; 1; 1792; 32; 16; 256; 64; 1],0.20901816000696272,0.03344449432735319,tvm
1,1,1,896,224,112,512,64,7,[1; 1; 1; 896; 224; 112; 512; 64; 7],0.2830379460356198,0.024698125338243247,tvm
2,2,2,64,32,32,4096,16,2,[2; 2; 2; 64; 32; 32; 4096; 16; 2],0.17441012198105454,0.04008085418016058,tvm
1,1,1,2048,256,64,64,32,4,[1; 1; 1; 2048; 256; 64; 64; 32; 4],0.2464924280066043,0.028359924575368168,tvm
2,2,2,1024,256,64,4096,16,4,[2; 2; 2; 1024; 256; 64; 4096; 16; 4],0.15713011397747323,0.04448865013659223,tvm
32,16,2,896,224,32,16,16,2,[32; 16; 2; 896; 224; 32; 16; 16; 2],0.02955151125206612,0.23655327157516925,tvm
64,4,1,1792,224,16,4096,32,1,[64; 4; 1; 1792; 224; 16; 4096; 32; 1],0.35715041001094505,0.01957300473616267,tvm
16,8,1,2048,1024,32,8,1,2,[16; 8; 1; 2048; 1024; 32; 8; 1; 2],0.03842063350020908,0.18194667890181004,tvm
16,16,2,14336,1792,64,64,2,4,[16; 16; 2; 14336; 1792; 64; 64; 2; 4],0.05846933097927831,0.11955851981860578,tvm
4,2,2,14336,14336,64,16,8,4,[4; 2; 2; 14336; 14336; 64; 16; 8; 4],0.08086704698507674,0.08644444093471967,tvm
4,4,1,1792,128,64,32,4,4,[4; 4; 1; 1792; 128; 64; 32; 4; 4],0.0913284549897071,0.07654248248757203,tvm
4,4,4,448,16,16,16,4,1,[4; 4; 4; 448; 16; 16; 16; 4; 1],0.09840373700717464,0.071039036517048,tvm
16,4,1,256,128,32,32,32,2,[16; 4; 1; 256; 128; 32; 32; 32; 2],0.0663516224885825,0.10535547443273995,tvm
2,1,1,64,64,64,2,1,4,[2; 1; 1; 64; 64; 64; 2; 1; 4],0.21819346403935924,0.03203811212881093,tvm
8,8,8,64,64,16,1024,4,1,[8; 8; 8; 64; 64; 16; 1024; 4; 1],0.08338882002863102,0.08383026242926235,tvm
64,4,4,896,896,64,2048,16,4,[64; 4; 4; 896; 896; 64; 2048; 16; 4],0.07613153499551117,0.09182143335319375,tvm
64,8,1,512,32,16,1024,16,1,[64; 8; 1; 512; 32; 16; 1024; 16; 1],0.20178478199522942,0.034643378938417346,tvm
32,32,16,1024,16,16,1024,32,1,[32; 32; 16; 1024; 16; 16; 1024; 32; 1],0.07605959149077535,0.09190828572244553,tvm
2,1,1,3584,1792,32,2048,32,2,[2; 1; 1; 3584; 1792; 32; 2048; 32; 2],0.27103664400056005,0.025791740052139304,tvm
32,16,4,1792,64,32,16,4,2,[32; 16; 4; 1792; 64; 32; 16; 4; 2],0.038250497498665936,0.1827559672108964,tvm
32,8,1,1792,128,64,2,2,4,[32; 8; 1; 1792; 128; 64; 2; 2; 4],0.060746572009520605,0.11507656210742341,tvm
32,32,2,1792,112,16,2048,1,1,[32; 32; 2; 1792; 112; 16; 2048; 1; 1],0.10757506900699809,0.06498259058715465,tvm
32,4,4,2048,256,32,256,8,2,[32; 4; 4; 2048; 256; 32; 256; 8; 2],0.09293335300753824,0.07522064404691861,tvm
8,4,2,7168,448,32,2048,64,2,[8; 4; 2; 7168; 448; 32; 2048; 64; 2],0.11065825499827042,0.06317203056180425,tvm
16,16,2,14336,64,16,4096,32,1,[16; 16; 2; 14336; 64; 16; 4096; 32; 1],0.22249855904374272,0.03141821096150267,tvm
8,4,2,7168,3584,16,128,64,1,[8; 4; 2; 7168; 3584; 16; 128; 64; 1],0.1271904319874011,0.054960947592025744,tvm
64,64,2,896,128,32,16,4,2,[64; 64; 2; 896; 128; 32; 16; 4; 2],0.02140193700324744,0.32662962542156615,tvm
32,16,2,3584,256,16,2048,2,1,[32; 16; 2; 3584; 256; 16; 2048; 2; 1],0.11048214300535619,0.0632727287551597,tvm
32,16,8,14336,14336,32,4096,8,2,[32; 16; 8; 14336; 14336; 32; 4096; 8; 2],0.23684487800346687,0.029515127055288658,tvm
8,8,2,3584,896,16,2,1,1,[8; 8; 2; 3584; 896; 16; 2; 1; 1],0.03838605299824849,0.1821105875872582,tvm
64,32,2,112,112,112,64,1,7,[64; 32; 2; 112; 112; 112; 64; 1; 7],0.03161472799547482,0.22111550881181877,tvm
8,4,4,128,32,32,4,4,2,[8; 4; 4; 128; 32; 32; 4; 4; 2],0.06610057197394781,0.10575561538895355,tvm
8,8,2,14336,2048,64,2,1,4,[8; 8; 2; 14336; 2048; 64; 2; 1; 4],0.04029664699919522,0.17347613727778088,tvm
2,2,1,32,32,32,64,2,2,[2; 2; 1; 32; 32; 32; 64; 2; 2],0.1704690380138345,0.04100748586437936,tvm
32,32,4,896,128,16,512,8,1,[32; 32; 4; 896; 128; 16; 512; 8; 1],0.04089732401189394,0.17092821683476545,tvm
16,16,4,896,896,64,8,2,4,[16; 16; 4; 896; 896; 64; 8; 2; 4],0.028229951509274542,0.2476272998333007,tvm
8,2,2,2048,128,16,16,2,1,[8; 2; 2; 2048; 128; 16; 16; 2; 1],0.10740288899978623,0.06508676565190515,tvm
32,8,8,7168,7168,16,4096,8,1,[32; 8; 8; 7168; 7168; 16; 4096; 8; 1],0.15709845902165398,0.044497614490942375,tvm
32,8,2,512,512,16,128,1,1,[32; 8; 2; 512; 512; 16; 128; 1; 1],0.060193714482011274,0.11613349876847624,tvm
2,1,1,2048,1024,32,64,64,2,[2; 1; 1; 2048; 1024; 32; 64; 64; 2],0.22024981398135424,0.031738990105383086,tvm
8,4,1,1792,448,16,64,4,1,[8; 4; 1; 1792; 448; 16; 64; 4; 1],0.10595326899783686,0.06597726273843788,tvm
16,4,2,7168,448,112,2048,32,7,[16; 4; 2; 7168; 448; 112; 2048; 32; 7],0.1034871669835411,0.06754950271059654,tvm
64,4,1,512,512,32,32,4,2,[64; 4; 1; 512; 512; 32; 32; 4; 2],0.08945507102180272,0.07814544873552091,tvm
16,2,1,1792,256,32,128,64,2,[16; 2; 1; 1792; 256; 32; 128; 64; 2],0.14783054200233892,0.04728729646784401,tvm
8,1,1,2048,512,128,16,2,8,[8; 1; 1; 2048; 512; 128; 16; 2; 8],0.09778807597467676,0.07148628906940485,tvm
32,1,1,14336,896,16,2,2,1,[32; 1; 1; 14336; 896; 16; 2; 2; 1],0.6217707730247639,0.011242900068556693,tvm
64,32,4,3584,448,64,2048,16,4,[64; 32; 4; 3584; 448; 64; 2048; 16; 4],0.08125124650541693,0.08603568520269554,tvm
32,16,1,7168,512,128,2048,4,8,[32; 16; 1; 7168; 512; 128; 2048; 4; 8],0.22697239700937644,0.030798928674916723,tvm
32,1,1,7168,3584,16,256,1,1,[32; 1; 1; 7168; 3584; 16; 256; 1; 1],0.6706241529900581,0.010423881447601695,tvm
64,16,1,1792,32,32,2048,16,2,[64; 16; 1; 1792; 32; 32; 2048; 16; 2],0.19241970201255754,0.03632947454731251,tvm
16,2,1,1024,512,32,256,16,2,[16; 2; 1; 1024; 512; 32; 256; 16; 2],0.1258423330145888,0.05554972241222088,tvm
32,16,4,7168,448,64,2048,64,4,[32; 16; 4; 7168; 448; 64; 2048; 64; 4],0.09437303998856805,0.07407313219446429,tvm
8,1,1,7168,256,128,16,4,8,[8; 1; 1; 7168; 256; 128; 16; 4; 8],0.1902270009741187,0.03674823569140828,tvm
32,32,1,14336,128,64,4,4,4,[32; 32; 1; 14336; 128; 64; 4; 4; 4],0.07956751901656389,0.08785628549272002,tvm
64,1,1,2048,256,128,64,32,8,[64; 1; 1; 2048; 256; 128; 64; 32; 8],0.3254466920043342,0.021479728749473875,tvm
32,4,1,512,256,64,1024,64,4,[32; 4; 1; 512; 256; 64; 1024; 64; 4],0.15380109701072797,0.04545160471891214,tvm
16,4,1,1024,256,32,128,8,2,[16; 4; 1; 1024; 256; 32; 128; 8; 2],0.07360220549162477,0.09497686407592935,tvm
8,8,1,7168,896,64,32,2,4,[8; 8; 1; 7168; 896; 64; 32; 2; 4],0.04647540625592228,0.15041302981135057,tvm
32,1,1,1792,1792,32,2048,4,2,[32; 1; 1; 1792; 1792; 32; 2048; 4; 2],0.30612267897231504,0.02283563795447795,tvm
64,64,1,14336,3584,64,128,8,4,[64; 64; 1; 14336; 3584; 64; 128; 8; 4],0.6799154980108142,0.010281434512256818,tvm
4,2,2,128,128,128,512,64,8,[4; 2; 2; 128; 128; 128; 512; 64; 8],0.11802692397031933,0.059228067897665417,tvm
4,1,1,896,448,112,512,1,7,[4; 1; 1; 896; 448; 112; 512; 1; 7],0.19774922501528636,0.03535036188448419,tvm
4,4,4,128,64,16,512,32,1,[4; 4; 4; 128; 64; 16; 512; 32; 1],0.098163796501467,0.0712126763206657,tvm
64,32,16,224,224,16,512,32,1,[64; 32; 16; 224; 224; 16; 512; 32; 1],0.06269184302072972,0.11150584078944978,tvm
4,4,1,896,448,16,128,2,1,[4; 4; 1; 896; 448; 16; 128; 2; 1],0.13173266500234604,0.05306585626687331,tvm
4,2,1,14336,64,32,1,1,2,[4; 2; 1; 14336; 64; 32; 1; 1; 2],0.15553468302823603,0.04494500217290827,tvm
8,2,1,256,64,16,4,4,1,[8; 2; 1; 256; 64; 16; 4; 4; 1],0.10167108703171834,0.06875609252103144,tvm
32,32,2,14336,112,16,512,1,1,[32; 32; 2; 14336; 112; 16; 512; 1; 1],0.2153918640105985,0.03245483156375254,tvm
8,2,1,896,64,64,1024,32,4,[8; 2; 1; 896; 64; 64; 1024; 32; 4],0.12468766397796571,0.05606414013740766,tvm
64,64,16,64,16,16,64,4,1,[64; 64; 16; 64; 16; 16; 64; 4; 1],0.037922259740298614,0.18433781938469526,tvm
32,4,2,32,32,16,32,16,1,[32; 4; 2; 32; 32; 16; 32; 16; 1],0.10614010799326934,0.06586112261266924,tvm
64,32,16,3584,1792,16,16,8,1,[64; 32; 16; 3584; 1792; 16; 16; 8; 1],0.05198545052553527,0.13447044501870628,tvm
32,32,8,224,112,16,2048,32,1,[32; 32; 8; 224; 112; 16; 2048; 32; 1],0.05022972999722697,0.13917069964446538,tvm
4,4,2,512,64,32,1024,1,2,[4; 4; 2; 512; 64; 32; 1024; 1; 2],0.11744418798480183,0.05952194643783728,tvm
16,4,1,3584,3584,112,256,8,7,[16; 4; 1; 3584; 3584; 112; 256; 8; 7],0.11837230098899454,0.05905525708515708,tvm
64,1,1,32,16,16,128,32,1,[64; 1; 1; 32; 16; 16; 128; 32; 1],0.3567460379563272,0.019595190760107177,tvm
16,8,4,896,64,64,2048,2,4,[16; 8; 4; 896; 64; 64; 2048; 2; 4],0.055916268000146374,0.125017403998571,tvm
64,32,1,512,32,32,2048,2,2,[64; 32; 1; 512; 32; 32; 2048; 2; 2],0.2689510749769397,0.025991740941232692,tvm
64,32,1,14336,7168,112,128,32,7,[64; 32; 1; 14336; 7168; 112; 128; 32; 7],0.7753185919718817,0.00901630212283132,tvm
64,16,16,1792,112,16,64,8,1,[64; 16; 16; 1792; 112; 16; 64; 8; 1],0.062205542490119115,0.1123775532988408,tvm
32,16,8,448,448,16,32,2,1,[32; 16; 8; 448; 448; 16; 32; 2; 1],0.04183785599889234,0.16708568113174208,tvm
4,4,1,3584,112,112,4096,4,7,[4; 4; 1; 3584; 112; 112; 4096; 4; 7],0.1819367150310427,0.03842273762870744,tvm
1,1,1,1792,128,128,512,8,8,[1; 1; 1; 1792; 128; 128; 512; 8; 8],0.23873596999328583,0.029281329775581226,tvm
64,64,1,1792,224,32,512,8,2,[64; 64; 1; 1792; 224; 32; 512; 8; 2],0.12888022302649915,0.054240336511749705,tvm
4,4,1,1792,1792,16,2048,32,1,[4; 4; 1; 1792; 1792; 16; 2048; 32; 1],0.1523734979564324,0.045877444309019126,tvm
4,1,1,1792,448,224,4,1,14,[4; 1; 1; 1792; 448; 224; 4; 1; 14],0.12671852699713781,0.05516562441437282,tvm
64,2,2,2048,512,128,256,8,8,[64; 2; 2; 2048; 512; 128; 256; 8; 8],0.1618367459741421,0.04319480489173697,tvm
64,64,1,14336,128,16,1024,16,1,[64; 64; 1; 14336; 128; 16; 1024; 16; 1],1.084514059999492,0.006445750151611627,tvm
32,32,1,7168,128,16,128,64,1,[32; 32; 1; 7168; 128; 16; 128; 64; 1],0.12032651103800163,0.05809614694519746,tvm
8,8,2,1792,896,64,32,32,4,[8; 8; 2; 1792; 896; 64; 32; 32; 4],0.03589023050153628,0.1947746383620311,tvm
8,4,1,7168,128,64,512,64,4,[8; 4; 1; 7168; 128; 64; 512; 64; 4],0.11747892299899831,0.05950434757327722,tvm
16,16,4,14336,512,16,128,8,1,[16; 16; 4; 14336; 512; 16; 128; 8; 1],0.083110907493392,0.08411058039791551,tvm
16,1,1,1024,256,64,4096,8,4,[16; 1; 1; 1024; 256; 64; 4096; 8; 4],0.1562817479716614,0.04473015408001616,tvm
32,2,2,64,64,64,1024,4,4,[32; 2; 2; 64; 64; 64; 1024; 4; 4],0.1109893580141943,0.06298357600890582,tvm
16,8,4,7168,256,16,128,2,1,[16; 8; 4; 7168; 256; 16; 128; 2; 1],0.08291005101636983,0.08431434525696353,tvm
64,64,2,1024,128,64,512,64,4,[64; 64; 2; 1024; 128; 64; 512; 64; 4],0.05927012299071066,0.11794317801166501,tvm
32,16,1,512,32,32,2048,32,2,[32; 16; 1; 512; 32; 32; 2048; 32; 2],0.2311080929939635,0.030247779626000622,tvm
64,16,16,1792,224,16,2048,32,1,[64; 16; 16; 1792; 224; 16; 2048; 32; 1],0.07306775348843075,0.09567156964492572,tvm
16,16,2,14336,14336,128,512,64,8,[16; 16; 2; 14336; 14336; 128; 512; 64; 8],0.11903360701398924,0.05872716825127477,tvm
32,4,1,448,448,32,512,2,2,[32; 4; 1; 448; 448; 32; 512; 2; 2],0.11236499098595232,0.06221249701822704,tvm
4,4,2,1792,256,32,64,4,2,[4; 4; 2; 1792; 256; 32; 64; 4; 2],0.08642194551066495,0.080888096482438,tvm
16,1,1,2048,1024,128,4096,1,8,[16; 1; 1; 2048; 1024; 128; 4096; 1; 8],0.3259401230025105,0.021447211230919316,tvm
16,16,2,1792,64,64,8,1,4,[16; 16; 2; 1792; 64; 64; 8; 1; 4],0.033808919237344526,0.2067651621038841,tvm
16,8,8,512,32,32,256,2,2,[16; 8; 8; 512; 32; 32; 256; 2; 2],0.059287945012329146,0.11790772416235654,tvm
16,16,1,224,224,224,512,4,14,[16; 16; 1; 224; 224; 224; 512; 4; 14],0.12086134601850063,0.0578390601871719,tvm
64,32,2,2048,128,128,64,16,8,[64; 32; 2; 2048; 128; 128; 64; 16; 8],0.02682466724945698,0.26059993966218453,tvm
16,8,2,3584,896,32,2048,2,2,[16; 8; 2; 3584; 896; 32; 2048; 2; 2],0.07734645600430667,0.09037914634740903,tvm
64,8,1,2048,256,64,1,1,4,[64; 8; 1; 2048; 256; 64; 1; 1; 4],0.057933402014896274,0.12066452898570008,tvm
16,2,2,1792,256,16,8,8,1,[16; 2; 2; 1792; 256; 16; 8; 8; 1],0.0839416759845335,0.0832781402643746,tvm
32,16,8,7168,896,32,4,1,2,[32; 16; 8; 7168; 896; 32; 4; 1; 2],0.05754135749884881,0.12148664839557392,tvm
4,4,4,7168,1792,16,256,64,1,[4; 4; 4; 7168; 1792; 16; 256; 64; 1],0.09403084998484701,0.07434269357123945,tvm
8,8,8,1024,32,32,32,4,2,[8; 8; 8; 1024; 32; 32; 32; 4; 2],0.06064059751224704,0.11527766798892206,tvm
16,2,2,3584,1792,32,1024,8,2,[16; 2; 2; 3584; 1792; 32; 1024; 8; 2],0.15951246698386967,0.04382420257705353,tvm
8,8,4,1024,256,64,256,64,4,[8; 8; 4; 1024; 256; 64; 256; 64; 4],0.04940914049802814,0.14148205364846714,tvm
8,4,4,1792,448,64,64,32,4,[8; 4; 4; 1792; 448; 64; 64; 32; 4],0.06258312650606968,0.1116995435820658,tvm
16,16,16,896,112,16,32,16,1,[16; 16; 16; 896; 112; 16; 32; 16; 1],0.05799654850852676,0.12053314975526362,tvm
8,8,1,14336,1792,224,2048,64,14,[8; 8; 1; 14336; 1792; 224; 2048; 64; 14],0.14846505998866633,0.047085197468012444,tvm
32,16,4,256,64,16,4096,64,1,[32; 16; 4; 256; 64; 16; 4096; 64; 1],0.08322814101120457,0.0839921038933883,tvm
32,2,2,3584,1792,16,1024,32,1,[32; 2; 2; 3584; 1792; 16; 1024; 32; 1],0.18602956604445353,0.037577395976918095,tvm
2,2,1,512,256,128,256,2,8,[2; 2; 1; 512; 256; 128; 256; 2; 8],0.1567679750151001,0.04459142032033859,tvm
8,1,1,7168,1024,128,32,8,8,[8; 1; 1; 7168; 1024; 128; 32; 8; 8],0.17089755198685452,0.04090466238629549,tvm
8,8,2,512,256,128,1024,8,8,[8; 8; 2; 512; 256; 128; 1024; 8; 8],0.06234113301616162,0.11213313471307,tvm
32,8,8,2048,128,32,512,1,2,[32; 8; 8; 2048; 128; 32; 512; 1; 2],0.10509496799204499,0.06651609301784842,tvm
16,1,1,3584,448,64,64,2,4,[16; 1; 1; 3584; 448; 64; 64; 2; 4],0.24719996599014848,0.0282787525421636,tvm
32,32,8,3584,3584,32,4096,16,2,[32; 32; 8; 3584; 3584; 32; 4096; 16; 2],0.05895408400101587,0.11857544367148863,tvm
1,1,1,1024,64,32,1024,4,2,[1; 1; 1; 1024; 64; 32; 1024; 4; 2],0.27746841503540054,0.02519388257497629,tvm
64,16,1,14336,2048,16,512,32,1,[64; 16; 1; 14336; 2048; 16; 512; 32; 1],1.115775411017239,0.006265155691407024,tvm
64,32,8,3584,224,32,1024,8,2,[64; 32; 8; 3584; 224; 32; 1024; 8; 2],0.08333432700601406,0.0838850797482552,tvm
16,1,1,448,448,64,16,4,4,[16; 1; 1; 448; 448; 64; 16; 4; 4],0.10062303201993927,0.0694722324137623,tvm
16,4,2,3584,512,32,256,8,2,[16; 4; 2; 3584; 512; 32; 256; 8; 2],0.09871197800384834,0.07081720788123745,tvm
32,8,2,7168,32,16,4096,8,1,[32; 8; 2; 7168; 32; 16; 4096; 8; 1],0.2754138439777307,0.025381827455383477,tvm
32,1,1,1024,512,16,4096,2,1,[32; 1; 1; 1024; 512; 16; 4096; 2; 1],0.408450617978815,0.017114692349490437,tvm
32,16,2,3584,448,32,64,4,2,[32; 16; 2; 3584; 448; 32; 64; 4; 2],0.03477629124245141,0.20101357611513668,tvm
8,1,1,64,64,64,4,2,4,[8; 1; 1; 64; 64; 64; 4; 2; 4],0.17401285300729796,0.04017235822444386,tvm
16,8,1,896,128,128,2,2,8,[16; 8; 1; 896; 128; 128; 2; 2; 8],0.048453710245667025,0.14427185516287255,tvm
64,16,2,448,64,16,4,4,1,[64; 16; 2; 448; 64; 16; 4; 4; 1],0.03578211949206889,0.1953631245409069,tvm
16,16,2,256,128,32,4096,16,2,[16; 16; 2; 256; 128; 32; 4096; 16; 2],0.10241751902503893,0.06825498931445152,tvm
64,16,8,1024,1024,32,32,16,2,[64; 16; 8; 1024; 1024; 32; 32; 16; 2],0.02375139537616633,0.2943198307279828,tvm
16,8,1,256,256,16,256,2,1,[16; 8; 1; 256; 256; 16; 256; 2; 1],0.1049632600042969,0.06659955746782727,tvm
64,32,16,1792,896,16,64,1,1,[64; 32; 16; 1792; 896; 16; 64; 1; 1],0.06434887700015679,0.10863447806011647,tvm
8,2,2,512,32,16,128,16,1,[8; 2; 2; 512; 32; 16; 128; 16; 1],0.13063026196323335,0.05351368482009311,tvm
32,2,1,3584,128,32,2048,8,2,[32; 2; 1; 3584; 128; 32; 2048; 8; 2],0.258072508033365,0.02708737447447481,tvm
32,16,2,224,224,112,128,16,7,[32; 16; 2; 224; 224; 112; 128; 16; 7],0.02768894149630796,0.2524656519498508,tvm
8,1,1,512,128,16,128,32,1,[8; 1; 1; 512; 128; 16; 128; 32; 1],0.21761061099823564,0.03212392371217296,tvm
16,8,2,512,128,128,128,32,8,[16; 8; 2; 512; 128; 128; 128; 32; 8],0.0382167679927079,0.18291726469387776,tvm
16,16,4,256,16,16,16,4,1,[16; 16; 4; 256; 16; 16; 16; 4; 1],0.05209393100813031,0.1341904235557815,tvm
64,32,2,448,448,16,512,8,1,[64; 32; 2; 448; 448; 16; 512; 8; 1],0.07222595601342618,0.096786627031523,tvm
4,1,1,14336,1792,32,2048,2,2,[4; 1; 1; 14336; 1792; 32; 2048; 2; 2],0.27756010595476255,0.025185559872231773,tvm
8,1,1,896,32,16,32,4,1,[8; 1; 1; 896; 32; 16; 32; 4; 1],0.19814998499350622,0.03527886548614051,tvm
2,2,2,896,64,32,64,64,2,[2; 2; 2; 896; 64; 32; 64; 64; 2],0.18461355700856075,0.03786561929654229,tvm
64,16,4,448,448,32,64,32,2,[64; 16; 4; 448; 448; 32; 64; 32; 2],0.031067737741977908,0.22500855146659998,tvm
16,8,4,7168,224,32,32,1,2,[16; 8; 4; 7168; 224; 32; 32; 1; 2],0.04208500173990615,0.16610446424285347,tvm
64,16,16,14336,128,16,32,4,1,[64; 16; 16; 14336; 128; 16; 32; 4; 1],0.5554221650236286,0.012585933919956684,tvm
32,8,1,14336,512,16,2048,1,1,[32; 8; 1; 14336; 512; 16; 2048; 1; 1],0.5577272830414586,0.012533915551961672,tvm
32,2,1,128,128,32,64,1,2,[32; 2; 1; 128; 128; 32; 64; 1; 2],0.1055517719942145,0.06622822653370357,tvm
64,2,1,64,32,16,512,2,1,[64; 2; 1; 64; 32; 16; 512; 2; 1],0.1928821260225959,0.03624237668267788,tvm
4,1,1,2048,2048,32,4096,1,2,[4; 1; 1; 2048; 2048; 32; 4096; 1; 2],0.21449075202690437,0.03259117980895429,tvm
64,8,4,256,128,16,32,2,1,[64; 8; 4; 256; 128; 16; 32; 2; 1],0.06562381450203247,0.106523930675352,tvm
32,16,2,7168,64,32,128,64,2,[32; 16; 2; 7168; 64; 32; 128; 64; 2],0.06814342300640419,0.10258519983666936,tvm
8,4,2,448,112,16,1024,16,1,[8; 4; 2; 448; 112; 16; 1024; 16; 1],0.10289581201504916,0.06793771806421296,tvm
4,4,4,128,64,16,64,2,1,[4; 4; 4; 128; 64; 16; 64; 2; 1],0.1222389480099082,0.05718722862454644,tvm
64,8,8,14336,64,32,128,1,2,[64; 8; 8; 14336; 64; 32; 128; 1; 2],0.5712668900378048,0.012236848990502591,tvm
64,32,2,1792,224,16,2048,32,1,[64; 32; 2; 1792; 224; 16; 2048; 32; 1],0.10868221300188452,0.06432061395865626,tvm
32,16,8,14336,64,16,128,4,1,[32; 16; 8; 14336; 64; 16; 128; 4; 1],0.21903658902738243,0.031914789660063426,tvm
8,1,1,512,64,16,2048,16,1,[8; 1; 1; 512; 64; 16; 2048; 16; 1],0.21396728896070272,0.03267091292609005,tvm
4,4,2,14336,1792,64,2,2,4,[4; 4; 2; 14336; 1792; 64; 2; 2; 4],0.055561772984219715,0.12581503957139856,tvm
32,8,2,1024,64,32,64,4,2,[32; 8; 2; 1024; 64; 32; 64; 4; 2],0.06742117248359136,0.10368414563493362,tvm
64,64,2,3584,32,16,4,2,1,[64; 64; 2; 3584; 32; 16; 4; 2; 1],0.042879890752374195,0.1630252909699779,tvm
4,4,1,7168,512,16,512,64,1,[4; 4; 1; 7168; 512; 16; 512; 64; 1],0.1537999749998562,0.045451936300205525,tvm
64,32,2,7168,448,32,1024,1,2,[64; 32; 2; 7168; 448; 32; 1024; 1; 2],0.22990321199176833,0.03040630274846687,tvm
4,2,1,3584,16,16,512,2,1,[4; 2; 1; 3584; 16; 16; 512; 2; 1],0.2228179289959371,0.03137317853265808,tvm
32,16,16,512,256,16,512,1,1,[32; 16; 16; 512; 256; 16; 512; 1; 1],0.09406155749456957,0.07431842351823961,tvm
8,1,1,1792,112,16,2048,2,1,[8; 1; 1; 1792; 112; 16; 2048; 2; 1],0.19889347202843055,0.03514698896536644,tvm
64,32,2,448,448,32,256,1,2,[64; 32; 2; 448; 448; 32; 256; 1; 2],0.05649137101136148,0.12374468067451831,tvm
64,4,1,14336,14336,64,4096,2,4,[64; 4; 1; 14336; 14336; 64; 4096; 2; 4],2.313458073011134,0.0030216699183867267,tvm
16,8,8,7168,1792,16,32,32,1,[16; 8; 8; 7168; 1792; 16; 32; 32; 1],0.028995785003644414,0.24108699474037507,tvm
32,8,4,1792,64,16,128,8,1,[32; 8; 4; 1792; 64; 16; 128; 8; 1],0.06450333099928685,0.10837435150045126,tvm
32,16,16,64,32,16,4096,64,1,[32; 16; 16; 64; 32; 16; 4096; 64; 1],0.07863557900418527,0.0888975035879701,tvm
32,4,4,14336,128,32,64,16,2,[32; 4; 4; 14336; 128; 32; 64; 16; 2],0.33348320599179715,0.020962095065256797,tvm
4,4,4,1024,256,32,128,16,2,[4; 4; 4; 1024; 256; 32; 128; 16; 2],0.08261658702394925,0.08461383988956393,tvm
8,8,1,448,224,224,4096,1,14,[8; 8; 1; 448; 224; 224; 4096; 1; 14],0.13834656798280776,0.0505289489185982,tvm
16,1,1,1792,1792,224,128,2,14,[16; 1; 1; 1792; 1792; 224; 128; 2; 14],0.19276444398565218,0.036264502530285014,tvm
64,8,4,448,16,16,4,2,1,[64; 8; 4; 448; 16; 16; 4; 2; 1],0.06555270749959163,0.1066394804014802,tvm
64,64,2,3584,896,112,512,32,7,[64; 64; 2; 3584; 896; 112; 512; 32; 7],0.09956780698848888,0.0702085029097291,tvm
16,2,2,7168,512,16,128,4,1,[16; 2; 2; 7168; 512; 16; 128; 4; 1],0.2006124320323579,0.0348458298214496,tvm
16,1,1,1792,112,112,512,32,7,[16; 1; 1; 1792; 112; 112; 512; 32; 7],0.22624329797690734,0.030898182307173526,tvm
16,8,1,7168,3584,16,128,64,1,[16; 8; 1; 7168; 3584; 16; 128; 64; 1],0.11005405301693827,0.06351884801181078,tvm
16,4,1,896,896,32,128,2,2,[16; 4; 1; 896; 896; 32; 128; 2; 2],0.0761132350016851,0.09184351008746247,tvm
64,64,2,1024,128,16,1024,16,1,[64; 64; 2; 1024; 128; 16; 1024; 16; 1],0.10587481799302623,0.06602615049715711,tvm
8,2,1,896,896,112,512,64,7,[8; 2; 1; 896; 896; 112; 512; 64; 7],0.125228471995797,0.05582202318096867,tvm
32,8,1,896,448,16,32,4,1,[32; 8; 1; 896; 448; 16; 32; 4; 1],0.05923410950344987,0.11801488576880742,tvm
16,8,1,14336,256,16,1024,32,1,[16; 8; 1; 14336; 256; 16; 1024; 32; 1],0.22652848402503878,0.030859283311559123,tvm
8,8,1,14336,256,16,256,16,1,[8; 8; 1; 14336; 256; 16; 256; 16; 1],0.1165113280294463,0.059998515036236925,tvm
64,4,2,2048,256,128,2048,16,8,[64; 4; 2; 2048; 256; 128; 2048; 16; 8],0.16748468397418037,0.04173818465540605,tvm
8,8,1,1024,128,16,2048,2,1,[8; 8; 1; 1024; 128; 16; 2048; 2; 1],0.1192471290123649,0.058622012324857,tvm
32,4,2,3584,224,112,512,4,7,[32; 4; 2; 3584; 224; 112; 512; 4; 7],0.09854585601715371,0.07093658677489027,tvm
64,8,2,7168,1792,128,128,4,8,[64; 8; 2; 7168; 1792; 128; 128; 4; 8],0.23516976099926978,0.029725363656292414,tvm
64,8,2,2048,256,32,2048,8,2,[64; 8; 2; 2048; 256; 32; 2048; 8; 2],0.17533252097200602,0.03986999461316584,tvm
8,8,1,1792,112,112,16,1,7,[8; 8; 1; 1792; 112; 112; 16; 1; 7],0.05593227851204574,0.12498161799650573,tvm
64,32,2,2048,64,64,4096,4,4,[64; 32; 2; 2048; 64; 64; 4096; 4; 4],0.21031566598685458,0.03323816432725271,tvm
4,4,4,7168,256,32,64,2,2,[4; 4; 4; 7168; 256; 32; 64; 2; 2],0.10197959101060405,0.0685480947451513,tvm
16,16,4,7168,112,16,1024,64,1,[16; 16; 4; 7168; 112; 16; 1024; 64; 1],0.04131014351150952,0.16922010122572012,tvm
16,8,1,14336,112,112,32,8,7,[16; 8; 1; 14336; 112; 112; 32; 8; 7],0.1001569019863382,0.06979555605284396,tvm
2,2,1,7168,1792,64,128,32,4,[2; 2; 1; 7168; 1792; 64; 128; 32; 4],0.14442833402426913,0.04840121375001121,tvm
2,1,1,896,896,112,4096,4,7,[2; 1; 1; 896; 896; 112; 4096; 4; 7],0.21094850596273318,0.03313845070749935,tvm
8,4,1,896,224,32,16,1,2,[8; 4; 1; 896; 224; 32; 16; 1; 2],0.057992893998743966,0.12054074533369674,tvm
32,16,2,2048,64,16,8,1,1,[32; 16; 2; 2048; 64; 16; 8; 1; 1],0.040761137250228785,0.17149930395103072,tvm
16,4,1,7168,3584,224,256,1,14,[16; 4; 1; 7168; 3584; 224; 256; 1; 14],0.11842652596533298,0.059028216944512914,tvm
1,1,1,896,224,32,16,8,2,[1; 1; 1; 896; 224; 32; 16; 8; 2],0.18095557997003198,0.038631064418264215,tvm
64,16,2,3584,448,64,4,1,4,[64; 16; 2; 3584; 448; 64; 4; 1; 4],0.043376579240430146,0.1611585512061542,tvm
64,1,1,512,512,64,32,1,4,[64; 1; 1; 512; 512; 64; 32; 1; 4],0.24084093200508505,0.029025409462038916,tvm
64,1,1,3584,224,32,128,2,2,[64; 1; 1; 3584; 224; 32; 128; 2; 2],0.5688819549977779,0.012288149773873512,tvm
64,64,4,7168,896,64,2048,2,4,[64; 64; 4; 7168; 896; 64; 2048; 2; 4],0.13865218497812748,0.0504175730643511,tvm
64,1,1,224,112,16,64,4,1,[64; 1; 1; 224; 112; 16; 64; 4; 1],0.21428167197154835,0.032622979848667806,tvm
64,16,1,1024,1024,32,512,1,2,[64; 16; 1; 1024; 1024; 32; 512; 1; 2],0.13436061301035807,0.052027945616233216,tvm
32,32,1,2048,64,32,512,1,2,[32; 32; 1; 2048; 64; 32; 512; 1; 2],0.134118510002736,0.05212186346630351,tvm
16,4,2,7168,512,32,512,16,2,[16; 4; 2; 7168; 512; 32; 512; 16; 2],0.09888943051919341,0.07069012967275488,tvm
16,8,1,7168,64,32,16,8,2,[16; 8; 1; 7168; 64; 32; 16; 8; 2],0.05703870899742469,0.12255723857603947,tvm
16,8,4,512,128,32,128,32,2,[16; 8; 4; 512; 128; 32; 128; 32; 2],0.04174783300550189,0.16744597655512797,tvm
16,2,2,1792,128,16,512,8,1,[16; 2; 2; 1792; 128; 16; 512; 8; 1],0.18664747895672917,0.037452992699072506,tvm
32,8,2,512,256,128,512,32,8,[32; 8; 2; 512; 256; 128; 512; 32; 8],0.055325269495369866,0.1263528714894321,tvm
64,16,8,32,16,16,32,4,1,[64; 16; 8; 32; 16; 16; 32; 4; 1],0.055018860002746806,0.12705655235891233,tvm
8,2,2,448,64,16,2,2,1,[8; 2; 2; 448; 64; 16; 2; 2; 1],0.10527173499576747,0.06640440253927349,tvm
64,64,4,7168,896,32,4096,16,2,[64; 64; 4; 7168; 896; 32; 4096; 16; 2],0.18726936902385205,0.03732861761165171,tvm
64,8,1,14336,448,32,4096,64,2,[64; 8; 1; 14336; 448; 32; 4096; 64; 2],1.5285467020003125,0.004573302639375449,tvm
32,8,2,1792,64,64,2,1,4,[32; 8; 2; 1792; 64; 64; 2; 1; 4],0.05479002749780193,0.12758720858366265,tvm
64,4,2,448,64,32,64,32,2,[64; 4; 2; 448; 64; 32; 64; 32; 2],0.07685885348473676,0.09095252335574974,tvm
32,1,1,7168,896,112,256,1,7,[32; 1; 1; 7168; 896; 112; 256; 1; 7],0.5454508369439282,0.012816016024163301,tvm
32,1,1,1024,128,64,4,1,4,[32; 1; 1; 1024; 128; 64; 4; 1; 4],0.32488659501541406,0.02151675930592029,tvm
8,2,2,1792,224,16,2048,8,1,[8; 2; 2; 1792; 224; 16; 2048; 8; 1],0.12972880294546485,0.053885540511811575,tvm
4,2,1,14336,1792,16,128,64,1,[4; 2; 1; 14336; 1792; 16; 128; 64; 1],0.2168552179937251,0.03223582411961581,tvm
4,2,1,7168,7168,128,64,2,8,[4; 2; 1; 7168; 7168; 128; 64; 2; 8],0.15414879500167444,0.04534908408846616,tvm
32,32,1,7168,1024,16,256,32,1,[32; 32; 1; 7168; 1024; 16; 256; 32; 1],0.19573503301944584,0.035714131286718485,tvm
16,16,1,14336,1792,64,1024,64,4,[16; 16; 1; 14336; 1792; 64; 1024; 64; 4],0.16189967398531735,0.04317801570928818,tvm
4,2,1,512,32,16,128,16,1,[4; 2; 1; 512; 32; 16; 128; 16; 1],0.18052187998546287,0.03872387473047367,tvm
64,16,2,896,16,16,512,4,1,[64; 16; 2; 896; 16; 16; 512; 4; 1],0.08272599999327213,0.08450193007319567,tvm
64,8,4,7168,224,32,2,1,2,[64; 8; 4; 7168; 224; 32; 2; 1; 2],0.16230968496529385,0.043068943594841085,tvm
64,8,4,112,16,16,1024,2,1,[64; 8; 4; 112; 16; 16; 1024; 2; 1],0.07564443300361745,0.09241270492876016,tvm
64,16,2,512,512,64,128,4,4,[64; 16; 2; 512; 512; 64; 128; 4; 4],0.04662121974979527,0.1499425948995546,tvm
16,4,2,256,128,16,32,32,1,[16; 4; 2; 256; 128; 16; 32; 32; 1],0.05009519652230665,0.1395444504056172,tvm
64,32,8,896,896,16,4,4,1,[64; 32; 8; 896; 896; 16; 4; 4; 1],0.02223149799829116,0.31444154897722126,tvm
32,16,4,7168,7168,64,64,8,4,[32; 16; 4; 7168; 7168; 64; 64; 8; 4],0.07672854152042419,0.09110699262810672,tvm
2,1,1,3584,3584,224,16,4,14,[2; 1; 1; 3584; 3584; 224; 16; 4; 14],0.1552209880319424,0.045035834105295824,tvm
64,16,4,1024,1024,32,4,4,2,[64; 16; 4; 1024; 1024; 32; 4; 4; 2],0.028213591998792253,0.247770885286989,tvm
8,2,2,3584,128,32,256,32,2,[8; 2; 2; 3584; 128; 32; 256; 32; 2],0.16260555299231783,0.04299057773873767,tvm
64,8,2,7168,128,64,64,1,4,[64; 8; 2; 7168; 128; 64; 64; 1; 4],0.18182208901271224,0.038446960458021796,tvm
32,32,8,2048,1024,32,512,4,2,[32; 32; 8; 2048; 1024; 32; 512; 4; 2],0.06777320799301378,0.10314557734063974,tvm
8,4,1,512,256,64,256,4,4,[8; 4; 1; 512; 256; 64; 256; 4; 4],0.10753038601251319,0.06500959334278954,tvm
32,8,1,512,256,16,4096,1,1,[32; 8; 1; 512; 256; 16; 4096; 1; 1],0.18956911598797888,0.036875767607155774,tvm
32,4,2,14336,448,64,128,64,4,[32; 4; 2; 14336; 448; 64; 128; 64; 4],0.32215610798448324,0.02169912813511941,tvm
4,4,4,14336,256,16,4096,4,1,[4; 4; 4; 14336; 256; 16; 4096; 4; 1],0.1048986449604854,0.06664058119435139,tvm
8,8,8,512,256,32,1024,4,2,[8; 8; 8; 512; 256; 32; 1024; 4; 2],0.06944817199837416,0.10065789300876515,tvm
64,32,1,14336,64,32,2048,32,2,[64; 32; 1; 14336; 64; 32; 2048; 32; 2],0.9475530729978345,0.007377430210373707,tvm
64,64,1,3584,64,64,32,4,4,[64; 64; 1; 3584; 64; 64; 32; 4; 4],0.06392951399902813,0.10934709540843589,tvm
16,8,8,14336,128,32,4096,64,2,[16; 8; 8; 14336; 128; 32; 4096; 64; 2],0.13696993800112978,0.051036795144121384,tvm
4,4,4,896,32,32,32,32,2,[4; 4; 4; 896; 32; 32; 32; 32; 2],0.08165293649653904,0.08561243436680281,tvm
4,4,4,256,128,16,8,4,1,[4; 4; 4; 256; 128; 16; 8; 4; 1],0.09132732250145636,0.0765434316390387,tvm
4,4,4,112,16,16,64,32,1,[4; 4; 4; 112; 16; 16; 64; 32; 1],0.0980793549970258,0.07127398693515725,tvm
64,8,8,14336,1792,16,2048,16,1,[64; 8; 8; 14336; 1792; 16; 2048; 16; 1],0.52993153501302,0.013191339267052517,tvm
8,4,1,1024,128,32,1024,32,2,[8; 4; 1; 1024; 128; 32; 1024; 32; 2],0.11119456304004416,0.06286734239109512,tvm
32,2,2,14336,64,64,128,4,4,[32; 2; 2; 14336; 64; 64; 128; 4; 4],0.5591895820107311,0.01250113895457465,tvm
64,8,8,14336,7168,16,8,2,1,[64; 8; 8; 14336; 7168; 16; 8; 2; 1],0.44756992999464273,0.015618803226459697,tvm
64,64,1,1792,1792,16,1024,1,1,[64; 64; 1; 1792; 1792; 16; 1024; 1; 1],0.19814498501364142,0.03527975571112941,tvm
8,2,2,1792,128,128,32,2,8,[8; 2; 2; 1792; 128; 128; 32; 2; 8],0.10217736999038607,0.06841541005923726,tvm
8,2,2,3584,64,16,32,2,1,[8; 2; 2; 3584; 64; 16; 32; 2; 1],0.19633436301955953,0.03560511037983834,tvm
64,64,4,14336,1792,32,512,16,2,[64; 64; 4; 14336; 1792; 32; 512; 16; 2],0.23486373899504542,0.029764095115653998,tvm
64,4,2,1792,256,64,32,16,4,[64; 4; 2; 1792; 256; 64; 32; 16; 4],0.08660206597414799,0.0807198602947121,tvm
32,8,2,7168,64,16,512,2,1,[32; 8; 2; 7168; 64; 16; 512; 2; 1],0.1720461950171739,0.040631567969107746,tvm
8,2,1,1024,128,16,256,16,1,[8; 2; 1; 1024; 128; 16; 256; 16; 1],0.15921671700198203,0.04390560739033229,tvm
8,4,2,7168,448,16,64,16,1,[8; 4; 2; 7168; 448; 16; 64; 16; 1],0.11978589004138485,0.05835834808466603,tvm
64,8,1,1792,1792,224,4,2,14,[64; 8; 1; 1792; 1792; 224; 4; 2; 14],0.04884672698972281,0.14311105569340288,tvm
4,2,2,1024,64,32,512,8,2,[4; 2; 2; 1024; 64; 32; 512; 8; 2],0.13684184500016272,0.05108456895373162,tvm
32,4,2,2048,2048,128,4096,16,8,[32; 4; 2; 2048; 2048; 128; 4096; 16; 8],0.1616478199721314,0.043245288849994096,tvm
4,4,1,448,224,112,512,16,7,[4; 4; 1; 448; 224; 112; 512; 16; 7],0.11667490599211305,0.05991439724956117,tvm
64,64,2,14336,64,64,128,64,4,[64; 64; 2; 14336; 64; 64; 128; 64; 4],0.15642277197912335,0.04468982730723913,tvm
32,16,1,32,16,16,512,16,1,[32; 16; 1; 32; 16; 16; 512; 16; 1],0.10218428599182516,0.0684107795911586,tvm
32,8,2,512,256,128,64,4,8,[32; 8; 2; 512; 256; 128; 64; 4; 8],0.03274845200940035,0.2134606748636565,tvm
32,32,1,1024,64,16,8,2,1,[32; 32; 1; 1024; 64; 16; 8; 2; 1],0.027969158501946367,0.24993625268276123,tvm
16,8,2,896,32,32,128,2,2,[16; 8; 2; 896; 32; 32; 128; 2; 2],0.05163880001055077,0.1353731431644108,tvm
64,4,2,7168,896,128,4096,4,8,[64; 4; 2; 7168; 896; 128; 4096; 4; 8],0.5402428390225396,0.012939563769719888,tvm
32,2,1,1792,64,32,16,4,2,[32; 2; 1; 1792; 64; 32; 16; 4; 2],0.18574067001463845,0.0376358428453808,tvm
16,16,1,2048,256,64,32,16,4,[16; 16; 1; 2048; 256; 64; 32; 16; 4],0.04657934374699835,0.15007739706760354,tvm
8,4,1,14336,256,128,32,2,8,[8; 4; 1; 14336; 256; 128; 32; 2; 8],0.07705967899528332,0.09071549165283369,tvm
32,32,2,7168,32,16,1024,32,1,[32; 32; 2; 7168; 32; 16; 1024; 32; 1],0.12142075900919735,0.057572582511505724,tvm
8,4,2,7168,224,32,16,8,2,[8; 4; 2; 7168; 224; 32; 16; 8; 2],0.05264579301001504,0.13278376612803292,tvm
4,2,2,64,64,16,128,32,1,[4; 2; 2; 64; 64; 16; 128; 32; 1],0.16692158702062443,0.041878985165669055,tvm
4,2,1,3584,3584,128,1024,64,8,[4; 2; 1; 3584; 3584; 128; 1024; 64; 8],0.15576914098346606,0.04487735261638675,tvm
64,8,1,2048,32,32,128,4,2,[64; 8; 1; 2048; 32; 32; 128; 4; 2],0.09447388449916616,0.07399406411333034,tvm
64,32,8,1024,64,16,4096,32,1,[64; 32; 8; 1024; 64; 16; 4096; 32; 1],0.0820099274860695,0.08523976158684081,tvm
16,4,2,1792,1792,64,32,16,4,[16; 4; 2; 1792; 1792; 64; 32; 16; 4],0.0508585519855842,0.1374499743651396,tvm
64,32,4,3584,256,32,32,8,2,[64; 32; 4; 3584; 256; 32; 32; 8; 2],0.04144671050016768,0.1686625206755162,tvm
32,2,1,448,448,16,4,1,1,[32; 2; 1; 448; 448; 16; 4; 1; 1],0.08487756550312042,0.08235988656401401,tvm
64,64,2,1792,1792,128,32,4,8,[64; 64; 2; 1792; 1792; 128; 32; 4; 8],0.014861496376397554,0.470377039405582,tvm
16,16,1,896,64,32,256,4,2,[16; 16; 1; 896; 64; 32; 256; 4; 2],0.08644710597582161,0.08086455396924266,tvm
16,8,4,512,16,16,4,4,1,[16; 8; 4; 512; 16; 16; 4; 4; 1],0.06323120300658047,0.11055469980444883,tvm
4,4,4,896,896,32,4,4,2,[4; 4; 4; 896; 896; 32; 4; 4; 2],0.04283267224673182,0.16320500916680608,tvm
32,1,1,1792,64,32,128,2,2,[32; 1; 1; 1792; 64; 32; 128; 2; 2],0.30787334602791816,0.022705787158440027,tvm
32,16,8,7168,112,16,512,4,1,[32; 16; 8; 7168; 112; 16; 512; 4; 1],0.12107986898627132,0.05773467319707199,tvm
64,32,4,14336,1024,64,8,1,4,[64; 32; 4; 14336; 1024; 64; 8; 1; 4],0.3078213059925474,0.022709625781510756,tvm
64,16,2,896,224,32,64,64,2,[64; 16; 2; 896; 224; 32; 64; 64; 2],0.038920734499697573,0.17960880637339938,tvm
16,16,4,14336,896,64,8,2,4,[16; 16; 4; 14336; 896; 64; 8; 2; 4],0.05242705999989994,0.13333775852927876,tvm
4,2,1,1024,32,32,32,32,2,[4; 2; 1; 1024; 32; 32; 32; 32; 2],0.15678910398855805,0.04458541115954595,tvm
8,4,4,14336,256,64,4096,16,4,[8; 4; 4; 14336; 256; 64; 4096; 16; 4],0.07993318297667429,0.08745437634713736,tvm
16,16,4,3584,128,32,32,2,2,[16; 16; 4; 3584; 128; 32; 32; 2; 2],0.034437997499480844,0.20298818671939475,tvm
8,8,4,1024,1024,64,2048,2,4,[8; 8; 4; 1024; 1024; 64; 2048; 2; 4],0.06647841600351967,0.10515453115333791,tvm
64,64,8,1792,256,16,4096,2,1,[64; 64; 8; 1792; 256; 16; 4096; 2; 1],0.09127072649425827,0.07659089540726326,tvm
64,32,4,7168,448,64,16,4,4,[64; 32; 4; 7168; 448; 64; 16; 4; 4],0.08037788901128806,0.08697051829371805,tvm
64,1,1,2048,1024,32,1,1,2,[64; 1; 1; 2048; 1024; 32; 1; 1; 2],0.19267849496100098,0.03628067921166593,tvm
32,16,8,7168,448,32,512,16,2,[32; 16; 8; 7168; 448; 32; 512; 16; 2],0.08135654299985617,0.08592433268310117,tvm
32,4,1,2048,512,64,4096,16,4,[32; 4; 1; 2048; 512; 64; 4096; 16; 4],0.3599143619649112,0.019422694411256047,tvm
32,32,2,1792,448,64,32,32,4,[32; 32; 2; 1792; 448; 64; 32; 32; 4],0.021673519251635298,0.3225367595130737,tvm
64,8,2,3584,256,16,2048,2,1,[64; 8; 2; 3584; 256; 16; 2048; 2; 1],0.2674138610018417,0.026141153044488302,tvm
64,2,1,14336,896,112,128,64,7,[64; 2; 1; 14336; 896; 112; 128; 64; 7],1.3971505700028501,0.005003402508472946,tvm
32,4,1,256,128,16,64,1,1,[32; 4; 1; 256; 128; 16; 64; 1; 1],0.09718381601851434,0.07193076947436305,tvm
32,16,2,14336,7168,64,32,4,4,[32; 16; 2; 14336; 7168; 64; 32; 4; 4],0.11121316597564146,0.06285682639587625,tvm
1,1,1,3584,256,64,4,2,4,[1; 1; 1; 3584; 256; 64; 4; 2; 4],0.16995498299365863,0.04113151932078094,tvm
64,64,2,14336,512,32,1024,1,2,[64; 64; 2; 14336; 512; 32; 1024; 1; 2],0.4065354650374502,0.017195318164979035,tvm
64,64,1,7168,256,128,512,32,8,[64; 64; 1; 7168; 256; 128; 512; 32; 8],0.5390335469855927,0.01296859296746796,tvm
64,2,2,3584,1792,32,2,2,2,[64; 2; 2; 3584; 1792; 32; 2; 2; 2],0.16393876599613577,0.042640961850545105,tvm
64,64,8,2048,64,32,16,8,2,[64; 64; 8; 2048; 64; 32; 16; 8; 2],0.02622755424818024,0.26653292184694244,tvm
64,16,1,448,448,16,2048,8,1,[64; 16; 1; 448; 448; 16; 2048; 8; 1],0.16731283999979496,0.04178105318560867,tvm
16,1,1,896,64,64,64,8,4,[16; 1; 1; 896; 64; 64; 64; 8; 4],0.15197706304024905,0.045997116451811725,tvm
32,4,2,448,448,112,64,1,7,[32; 4; 2; 448; 448; 112; 64; 1; 7],0.06090129050426185,0.11478421243269835,tvm
32,16,8,512,32,16,512,32,1,[32; 16; 8; 512; 32; 16; 512; 32; 1],0.046197076750104316,0.15131924265426344,tvm
8,2,2,3584,896,128,16,8,8,[8; 2; 2; 3584; 896; 128; 16; 8; 8],0.08367100797477178,0.08354753738325253,tvm
4,1,1,2048,128,32,32,16,2,[4; 1; 1; 2048; 128; 32; 32; 16; 2],0.19438225199701265,0.03596267969348405,tvm
32,8,1,1792,448,16,4096,32,1,[32; 8; 1; 1792; 448; 16; 4096; 32; 1],0.252773318963591,0.027655239466446876,tvm
8,1,1,7168,16,16,512,64,1,[8; 1; 1; 7168; 16; 16; 512; 64; 1],0.3803266100003384,0.01838027233135343,tvm
8,4,2,1792,448,64,16,8,4,[8; 4; 2; 1792; 448; 64; 16; 8; 4],0.04380081575072836,0.1595976364104685,tvm
64,32,8,1792,224,32,4096,64,2,[64; 32; 8; 1792; 224; 32; 4096; 64; 2],0.07031183000071906,0.09942148663454183,tvm
64,4,4,896,64,16,128,16,1,[64; 4; 4; 896; 64; 16; 128; 16; 1],0.10195629601366818,0.06856375662891406,tvm
64,32,8,14336,14336,32,256,2,2,[64; 32; 8; 14336; 14336; 32; 256; 2; 2],0.6158886399935,0.011350277002577031,tvm
64,64,1,1792,128,64,32,16,4,[64; 64; 1; 1792; 128; 64; 32; 16; 4],0.030473395250737667,0.22939703991459395,tvm
32,32,1,7168,112,16,64,2,1,[32; 32; 1; 7168; 112; 16; 64; 2; 1],0.11385125195374712,0.06140034955001294,tvm
64,4,1,256,128,16,512,16,1,[64; 4; 1; 256; 128; 16; 512; 16; 1],0.20911173900822178,0.03342952767654912,tvm
2,2,2,448,64,32,4,4,2,[2; 2; 2; 448; 64; 32; 4; 4; 2],0.15800709498580545,0.044241726406619004,tvm
16,1,1,2048,128,128,32,2,8,[16; 1; 1; 2048; 128; 128; 32; 2; 8],0.32454235601471737,0.021539581928559304,tvm
2,2,1,1792,224,16,128,64,1,[2; 2; 1; 1792; 224; 16; 128; 64; 1],0.2161623599822633,0.03233914853279848,tvm
16,4,1,2048,256,128,128,4,8,[16; 4; 1; 2048; 256; 128; 128; 4; 8],0.1219868820044212,0.057305396709896296,tvm
8,8,1,3584,16,16,16,8,1,[8; 8; 1; 3584; 16; 16; 16; 8; 1],0.07794512048712932,0.08968498121471213,tvm
32,32,1,7168,1792,224,64,2,14,[32; 32; 1; 7168; 1792; 224; 64; 2; 14],0.06787484150845557,0.10299113060611445,tvm
4,4,4,256,16,16,64,2,1,[4; 4; 4; 256; 16; 16; 64; 2; 1],0.10073896101675928,0.06939228473384496,tvm
16,2,2,1792,128,32,64,8,2,[16; 2; 2; 1792; 128; 32; 64; 8; 2],0.14823097502812743,0.04715955396866404,tvm
32,8,1,7168,448,224,64,4,14,[32; 8; 1; 7168; 448; 224; 64; 4; 14],0.09536197749548592,0.07330496755897886,tvm
32,32,2,512,128,64,16,16,4,[32; 32; 2; 512; 128; 64; 16; 16; 4],0.024305303501023445,0.28761239975350694,tvm
32,1,1,14336,64,64,64,8,4,[32; 1; 1; 14336; 64; 64; 64; 8; 4],1.1106211229925975,0.006294231688868446,tvm
16,8,2,1792,448,16,64,8,1,[16; 8; 2; 1792; 448; 16; 64; 8; 1],0.06610260449815542,0.10575236361317256,tvm
16,2,2,896,448,16,1024,32,1,[16; 2; 2; 896; 448; 16; 1024; 32; 1],0.11201541300397366,0.06240664993502889,tvm
16,16,16,512,512,16,512,4,1,[16; 16; 16; 512; 512; 16; 512; 4; 1],0.08302725947578438,0.08419531983595711,tvm
64,32,2,7168,128,16,2048,32,1,[64; 32; 2; 7168; 128; 16; 2048; 32; 1],0.33444799802964553,0.020901625089252373,tvm
16,8,8,512,128,16,64,2,1,[16; 8; 8; 512; 128; 16; 64; 2; 1],0.09014201548416167,0.07754992640357512,tvm
64,16,2,7168,512,16,64,16,1,[64; 16; 2; 7168; 512; 16; 64; 16; 1],0.18647582997800782,0.03748746777258531,tvm
64,32,16,224,224,16,2048,16,1,[64; 32; 16; 224; 224; 16; 2048; 16; 1],0.05213758000172675,0.13407808084754122,tvm
32,16,4,2048,64,32,256,32,2,[32; 16; 4; 2048; 64; 32; 256; 32; 2],0.05442373800906353,0.12844591206694575,tvm
64,2,2,2048,64,16,128,1,1,[64; 2; 2; 2048; 64; 16; 128; 1; 1],0.2126589869731106,0.032871908054140093,tvm
64,64,8,7168,1792,32,4,4,2,[64; 64; 8; 7168; 1792; 32; 4; 4; 2],0.07865321150165983,0.08887757452242297,tvm
8,8,2,14336,7168,112,32,8,7,[8; 8; 2; 14336; 7168; 112; 32; 8; 7],0.04469753324519843,0.1563958044019714,tvm
16,8,1,1792,128,32,64,2,2,[16; 8; 1; 1792; 128; 32; 64; 2; 2],0.05965302450931631,0.11718612298652056,tvm
32,32,1,14336,256,16,64,4,1,[32; 32; 1; 14336; 256; 16; 64; 4; 1],0.2256481850054115,0.030979671591415726,tvm
64,16,16,1792,448,16,4096,2,1,[64; 16; 16; 1792; 448; 16; 4096; 2; 1],0.09499767399393022,0.07358608240358935,tvm
32,32,4,1792,448,64,1024,4,4,[32; 32; 4; 1792; 448; 64; 1024; 4; 4],0.050625704490812495,0.13808216077141794,tvm
32,16,2,14336,896,16,2048,8,1,[32; 16; 2; 14336; 896; 16; 2048; 8; 1],0.3078010909957811,0.022711117247997285,tvm
8,2,2,7168,3584,16,2048,2,1,[8; 2; 2; 7168; 3584; 16; 2048; 2; 1],0.22881618601968512,0.030550752498187658,tvm
32,4,4,128,128,32,128,64,2,[32; 4; 4; 128; 128; 32; 128; 64; 2],0.05961935449158773,0.11725230382447406,tvm
64,4,1,1792,128,32,256,8,2,[64; 4; 1; 1792; 128; 32; 256; 8; 2],0.18454129801830277,0.03788044595835318,tvm
32,4,2,512,32,32,128,32,2,[32; 4; 2; 512; 32; 32; 128; 32; 2],0.05472615550388582,0.12773611817424865,tvm
64,32,1,2048,32,16,1024,32,1,[64; 32; 1; 2048; 32; 16; 1024; 32; 1],0.19776330498280004,0.03534784507810814,tvm
64,2,1,512,256,128,16,4,8,[64; 2; 1; 512; 256; 128; 16; 4; 8],0.18084652099059895,0.03865436077164049,tvm
64,16,1,3584,32,32,4,1,2,[64; 16; 1; 3584; 32; 32; 4; 1; 2],0.08499824049067684,0.08224295734019849,tvm
8,2,2,896,32,32,512,16,2,[8; 2; 2; 896; 32; 32; 512; 16; 2],0.11161879601422697,0.06262840055877017,tvm
2,1,1,3584,64,32,128,2,2,[2; 1; 1; 3584; 64; 32; 128; 2; 2],0.2697450009873137,0.025915240842574263,tvm
32,16,8,1792,224,16,2,2,1,[32; 16; 8; 1792; 224; 16; 2; 2; 1],0.0316659779928159,0.22075764305314088,tvm
8,1,1,3584,448,112,4096,1,7,[8; 1; 1; 3584; 448; 112; 4096; 1; 7],0.22831327602034435,0.030618047222290144,tvm
8,8,1,3584,1792,128,64,32,8,[8; 8; 1; 3584; 1792; 128; 64; 32; 8],0.049848003502120264,0.14023644229541365,tvm
64,1,1,128,128,16,8,8,1,[64; 1; 1; 128; 128; 16; 8; 8; 1],0.20621458598179743,0.033899186293658776,tvm
8,4,4,1792,64,64,512,4,4,[8; 4; 4; 1792; 64; 64; 512; 4; 4],0.0622239654767327,0.11234428106772808,tvm
2,1,1,896,448,224,128,1,14,[2; 1; 1; 896; 448; 224; 128; 1; 14],0.16834181395825,0.041525670315043436,tvm
1,1,1,448,448,224,512,2,14,[1; 1; 1; 448; 448; 224; 512; 2; 14],0.1877273689606227,0.037237546690024624,tvm
64,16,2,3584,256,32,64,8,2,[64; 16; 2; 3584; 256; 32; 64; 8; 2],0.07105522800702602,0.09838131356042426,tvm
32,4,4,14336,14336,16,32,4,1,[32; 4; 4; 14336; 14336; 16; 32; 4; 1],0.4035902089672163,0.017320803407385205,tvm
64,16,1,2048,256,64,256,2,4,[64; 16; 1; 2048; 256; 64; 256; 2; 4],0.13778478099266067,0.05073496953948076,tvm
32,4,1,16,16,16,16,16,1,[32; 4; 1; 16; 16; 16; 16; 16; 1],0.10731004498666152,0.06514307833470367,tvm
64,16,8,256,16,16,128,64,1,[64; 16; 8; 256; 16; 16; 128; 64; 1],0.054491938499268144,0.12828515298204252,tvm
1,1,1,896,112,112,128,2,7,[1; 1; 1; 896; 112; 112; 128; 2; 7],0.24145381903508678,0.028951733688050898,tvm
64,4,2,128,128,128,128,32,8,[64; 4; 2; 128; 128; 128; 128; 32; 8],0.06153834649012424,0.11359594570498434,tvm
64,4,4,896,64,64,8,2,4,[64; 4; 4; 896; 64; 64; 8; 2; 4],0.07905765651958063,0.08842289253711044,tvm
64,32,4,14336,64,64,2048,4,4,[64; 32; 4; 14336; 64; 64; 2048; 4; 4],0.3465274279587902,0.02017302557504335,tvm
1,1,1,3584,128,64,4096,16,4,[1; 1; 1; 3584; 128; 64; 4096; 16; 4],0.2548378430074081,0.027431195399277707,tvm
64,2,2,1792,896,64,4096,16,4,[64; 2; 2; 1792; 896; 64; 4096; 16; 4],0.1506632540258579,0.04639821907382212,tvm
16,2,1,14336,32,32,8,2,2,[16; 2; 1; 14336; 32; 32; 8; 2; 2],0.3089606679859571,0.022625878925742093,tvm
16,8,1,1792,32,32,2048,16,2,[16; 8; 1; 1792; 32; 32; 2048; 16; 2],0.10217580699827522,0.06841645661565139,tvm
32,32,16,3584,896,16,256,2,1,[32; 32; 16; 3584; 896; 16; 256; 2; 1],0.07094424148090184,0.09853522316604807,tvm
64,16,2,14336,224,112,512,16,7,[64; 16; 2; 14336; 224; 112; 512; 16; 7],0.5226870030164719,0.01337417350407385,tvm
8,8,1,7168,1792,16,256,16,1,[8; 8; 1; 7168; 1792; 16; 256; 16; 1],0.11587630404392257,0.060327318206636414,tvm
32,4,2,14336,128,32,2048,8,2,[32; 4; 2; 14336; 128; 32; 2048; 8; 2],0.4854244409943931,0.014400813136533871,tvm
32,8,1,1792,112,16,512,64,1,[32; 8; 1; 1792; 112; 16; 512; 64; 1],0.12491897301515564,0.055960327706332906,tvm
64,32,1,14336,448,224,16,8,14,[64; 32; 1; 14336; 448; 224; 16; 8; 14],0.25071849999949336,0.027881894103070945,tvm
64,16,1,14336,512,64,256,2,4,[64; 16; 1; 14336; 512; 64; 256; 2; 4],0.8519960590056144,0.00820485798352807,tvm
16,1,1,14336,512,16,1,1,1,[16; 1; 1; 14336; 512; 16; 1; 1; 1],0.3382031510118395,0.02066954919181681,tvm
64,64,4,128,64,32,4,1,2,[64; 64; 4; 128; 64; 32; 4; 1; 2],0.03209281325689517,0.2178215605690084,tvm
8,8,4,14336,224,16,32,16,1,[8; 8; 4; 14336; 224; 16; 32; 16; 1],0.03786189274978824,0.18463172754895527,tvm
64,64,1,7168,896,112,16,1,7,[64; 64; 1; 7168; 896; 112; 16; 1; 7],0.13414709002245218,0.05211075891021316,tvm
8,2,1,512,512,16,1024,64,1,[8; 2; 1; 512; 512; 16; 1024; 64; 1],0.14063160598743707,0.049707934554136746,tvm
64,32,8,1792,16,16,16,8,1,[64; 32; 8; 1792; 16; 16; 16; 8; 1],0.03327191549760755,0.21010232089490988,tvm
16,8,1,512,512,16,2048,4,1,[16; 8; 1; 512; 512; 16; 2048; 4; 1],0.10795539704849944,0.06475365621161257,tvm
4,4,2,7168,128,64,32,2,4,[4; 4; 2; 7168; 128; 64; 32; 2; 4],0.05717845700564794,0.12225770041286987,tvm
4,4,1,256,256,64,256,2,4,[4; 4; 1; 256; 256; 64; 256; 2; 4],0.11692590703023598,0.05978578096348643,tvm
8,1,1,256,64,32,64,2,2,[8; 1; 1; 256; 64; 32; 64; 2; 2],0.20063923997804523,0.03484117397689304,tvm
64,8,4,7168,3584,64,4096,8,4,[64; 8; 4; 7168; 3584; 64; 4096; 8; 4],0.2830078480183147,0.024700751995450954,tvm
4,4,1,512,256,16,4096,64,1,[4; 4; 1; 512; 256; 16; 4096; 64; 1],0.2380609440151602,0.029364357499235563,tvm
64,8,8,1024,1024,32,256,1,2,[64; 8; 8; 1024; 1024; 32; 256; 1; 2],0.10861335397930816,0.06436139213598378,tvm
4,1,1,7168,1792,112,1,1,7,[4; 1; 1; 7168; 1792; 112; 1; 1; 7],0.1586419140221551,0.044064689396589155,tvm
32,8,8,7168,224,16,2048,8,1,[32; 8; 8; 7168; 224; 16; 2048; 8; 1],0.15309056296246126,0.04566255771350702,tvm
16,16,4,14336,64,64,16,4,4,[16; 16; 4; 14336; 64; 64; 16; 4; 4],0.058424904476851225,0.1196494325367088,tvm
8,8,1,14336,256,32,32,16,2,[8; 8; 1; 14336; 256; 32; 32; 16; 2],0.055529592995299026,0.12588795072311196,tvm
32,32,2,14336,256,128,64,1,8,[32; 32; 2; 14336; 256; 128; 64; 1; 8],0.07244506949791685,0.09649389137334845,tvm
8,1,1,1024,128,128,16,4,8,[8; 1; 1; 1024; 128; 128; 16; 4; 8],0.17000117001589388,0.041120344442412395,tvm
64,4,1,1024,128,64,256,64,4,[64; 4; 1; 1024; 128; 64; 256; 64; 4],0.2015980730066076,0.03467546372051654,tvm
32,16,16,2048,128,16,16,8,1,[32; 16; 16; 2048; 128; 16; 16; 8; 1],0.06374895499902777,0.1096568040491531,tvm
32,2,2,2048,512,32,4,4,2,[32; 2; 2; 2048; 512; 32; 4; 4; 2],0.11982034204993397,0.05834156827689109,tvm
32,16,1,7168,1792,64,4,4,4,[32; 16; 1; 7168; 1792; 64; 4; 4; 4],0.06356840752414428,0.10996825213863605,tvm
64,8,8,896,64,32,64,16,2,[64; 8; 8; 896; 64; 32; 64; 16; 2],0.06062484948779456,0.11530761273187237,tvm
2,2,2,128,64,32,2048,2,2,[2; 2; 2; 128; 64; 32; 2048; 2; 2],0.17094776598969474,0.04089264709717281,tvm
64,8,1,2048,1024,16,4096,64,1,[64; 8; 1; 2048; 1024; 16; 4096; 64; 1],0.4026698840316385,0.017360391089285956,tvm
64,16,1,14336,448,224,2048,2,14,[64; 16; 1; 14336; 448; 224; 2048; 2; 14],0.9012116939993575,0.007756786461174848,tvm
8,8,2,128,16,16,4,2,1,[8; 8; 2; 128; 16; 16; 4; 2; 1],0.06535292800981551,0.1069654700951845,tvm
1,1,1,14336,224,112,512,8,7,[1; 1; 1; 14336; 224; 112; 512; 8; 7],0.2604254769976251,0.0268426374687236,tvm
8,2,1,1792,1792,16,4096,16,1,[8; 2; 1; 1792; 1792; 16; 4096; 16; 1],0.2150188499945216,0.03251113410217186,tvm
64,2,2,14336,448,16,256,8,1,[64; 2; 2; 14336; 448; 16; 256; 8; 1],1.382147679978516,0.005057713273284463,tvm
8,1,1,512,64,16,128,16,1,[8; 1; 1; 512; 64; 16; 128; 16; 1],0.2011928060092032,0.0347453112530619,tvm
64,4,4,1792,16,16,1,1,1,[64; 4; 4; 1792; 16; 16; 1; 1; 1],0.09713312599342316,0.07196830736344252,tvm
32,2,1,256,64,32,8,1,2,[32; 2; 1; 256; 64; 32; 8; 1; 2],0.12087667401647195,0.05783172579445779,tvm
32,2,1,896,448,32,1024,4,2,[32; 2; 1; 896; 448; 32; 1024; 4; 2],0.20176629401976243,0.03464655333354127,tvm
64,2,1,512,16,16,1024,1,1,[64; 2; 1; 512; 16; 16; 1024; 1; 1],0.3282069379929453,0.021299082552657448,tvm
8,8,1,32,16,16,1,1,1,[8; 8; 1; 32; 16; 16; 1; 1; 1],0.06361519452184439,0.1098873739082295,tvm
8,8,1,448,224,32,512,8,2,[8; 8; 1; 448; 224; 32; 512; 8; 2],0.09732152198557742,0.07182899038203108,tvm
32,2,1,896,32,32,512,2,2,[32; 2; 1; 896; 32; 32; 512; 2; 2],0.18531108798924834,0.03772308900950521,tvm
16,16,1,256,256,128,64,16,8,[16; 16; 1; 256; 256; 128; 64; 16; 8],0.032629472989356145,0.21423903073601575,tvm
32,4,2,2048,512,16,256,32,1,[32; 4; 2; 2048; 512; 16; 256; 32; 1],0.1725857499986887,0.040504541462547054,tvm
4,2,1,14336,1792,128,128,8,8,[4; 2; 1; 14336; 1792; 128; 128; 8; 8],0.13853000104427338,0.05046204153591641,tvm
32,16,2,14336,1792,128,1024,16,8,[32; 16; 2; 14336; 1792; 128; 1024; 16; 8],0.21500707499217242,0.03251291459558326,tvm
16,4,1,112,112,16,512,64,1,[16; 4; 1; 112; 112; 16; 512; 64; 1],0.11411777895409614,0.061256946382373924,tvm
4,2,1,2048,128,16,4096,16,1,[4; 2; 1; 2048; 128; 16; 4096; 16; 1],0.2421633229823783,0.028866909243623777,tvm
32,16,2,7168,512,32,16,16,2,[32; 16; 2; 7168; 512; 32; 16; 16; 2],0.05096308549400419,0.13716804229777455,tvm
64,64,8,14336,2048,16,1024,16,1,[64; 64; 8; 14336; 2048; 16; 1024; 16; 1],0.3121458480018191,0.02239500128358564,tvm
32,4,1,896,32,16,64,32,1,[32; 4; 1; 896; 32; 16; 64; 32; 1],0.1224448750144802,0.05709105151064899,tvm
32,16,1,1024,256,128,128,64,8,[32; 16; 1; 1024; 256; 128; 128; 64; 8],0.054192002513445914,0.12899517165715013,tvm
32,32,2,64,64,32,2048,4,2,[32; 32; 2; 64; 64; 32; 2048; 4; 2],0.10722154198447242,0.06519684885411381,tvm
64,64,2,1792,112,112,128,2,7,[64; 64; 2; 1792; 112; 112; 128; 2; 7],0.031728659247164614,0.22032152736776495,tvm
32,32,4,896,128,64,32,2,4,[32; 32; 4; 896; 128; 64; 32; 2; 4],0.029626710253069177,0.2359528481884851,tvm
32,4,2,896,448,16,16,2,1,[32; 4; 2; 896; 448; 16; 16; 2; 1],0.056015026988461614,0.12479698828149494,tvm
64,4,1,14336,1792,224,4096,16,14,[64; 4; 1; 14336; 1792; 224; 4096; 16; 14],1.361003720026929,0.00513628769988105,tvm
64,16,1,7168,1024,64,4096,16,4,[64; 16; 1; 7168; 1024; 64; 4096; 16; 4],0.5950666629942134,0.011747434533624083,tvm
32,8,8,224,224,32,4,2,2,[32; 8; 8; 224; 224; 32; 4; 2; 2],0.046786874503595755,0.1494117044755665,tvm
2,1,1,3584,3584,112,16,1,7,[2; 1; 1; 3584; 3584; 112; 16; 1; 7],0.15287146798800677,0.04572800116772015,tvm
32,8,1,14336,448,64,16,2,4,[32; 8; 1; 14336; 448; 64; 16; 2; 4],0.1820108420215547,0.0384070893196506,tvm
64,64,8,512,16,16,4096,16,1,[64; 64; 8; 512; 16; 16; 4096; 16; 1],0.08546565950382501,0.08179316356125242,tvm
64,32,8,14336,896,16,32,16,1,[64; 32; 8; 14336; 896; 16; 32; 16; 1],0.13758247898658738,0.0508095705075074,tvm
64,32,16,128,64,16,512,16,1,[64; 32; 16; 128; 64; 16; 512; 16; 1],0.04610270149714779,0.15162900306610327,tvm
64,2,1,14336,7168,16,32,8,1,[64; 2; 1; 14336; 7168; 16; 32; 8; 1],0.8152903240406886,0.008574254422670902,tvm
4,2,2,256,32,32,1024,64,2,[4; 2; 2; 256; 32; 32; 1024; 64; 2],0.13590107898926362,0.05143819842091855,tvm
32,16,4,14336,256,64,4,4,4,[32; 16; 4; 14336; 256; 64; 4; 4; 4],0.0983365515130572,0.07108757180424882,tvm
32,4,4,14336,7168,32,256,1,2,[32; 4; 4; 14336; 7168; 32; 256; 1; 2],0.34085499204229563,0.02050874075448259,tvm
32,32,16,224,224,16,2048,64,1,[32; 32; 16; 224; 224; 16; 2048; 64; 1],0.07143328650272451,0.09786063345132587,tvm
64,64,2,7168,7168,112,64,1,7,[64; 64; 2; 7168; 7168; 112; 64; 1; 7],0.2003828160231933,0.03488575919532716,tvm
64,32,1,448,64,64,128,1,4,[64; 32; 1; 448; 64; 64; 128; 1; 4],0.037552214751485735,0.1861543110820139,tvm
32,16,4,14336,112,16,64,8,1,[32; 16; 4; 14336; 112; 16; 64; 8; 1],0.1532910379464738,0.04560283993319696,tvm
16,2,1,1792,896,32,16,8,2,[16; 2; 1; 1792; 896; 32; 16; 8; 2],0.09884958597831428,0.07071862362883595,tvm
64,64,2,14336,896,128,2048,4,8,[64; 64; 2; 14336; 896; 128; 2048; 4; 8],0.4148744099657051,0.0168496935427869,tvm
8,8,8,3584,896,32,8,4,2,[8; 8; 8; 3584; 896; 32; 8; 4; 2],0.02718068176181987,0.25718658302699693,tvm
8,2,2,1792,256,128,16,2,8,[8; 2; 2; 1792; 256; 128; 16; 2; 8],0.06844631550484337,0.10213123402050776,tvm
32,32,8,2048,32,16,32,16,1,[32; 32; 8; 2048; 32; 16; 32; 16; 1],0.032504586240975186,0.21506216430020125,tvm
8,2,2,128,128,32,128,16,2,[8; 2; 2; 128; 128; 32; 128; 16; 2],0.10498447302961722,0.06658610044834508,tvm
16,16,2,1792,448,32,16,8,2,[16; 16; 2; 1792; 448; 32; 16; 8; 2],0.023482861251977738,0.29768547331845785,tvm
32,4,1,14336,1792,128,32,8,8,[32; 4; 1; 14336; 1792; 128; 32; 8; 8],0.22512914397520944,0.031051096020852993,tvm
64,2,1,512,256,128,64,16,8,[64; 2; 1; 512; 256; 128; 64; 16; 8],0.16833983798278496,0.04152615774396517,tvm
32,32,2,14336,7168,16,4096,1,1,[32; 32; 2; 14336; 7168; 16; 4096; 1; 1],0.7385734340059571,0.009464876943584033,tvm
64,8,4,7168,512,16,8,2,1,[64; 8; 4; 7168; 512; 16; 8; 2; 1],0.14671826403355226,0.04764578365695523,tvm
8,2,2,256,128,128,256,8,8,[8; 2; 2; 256; 128; 128; 256; 8; 8],0.09583301900420338,0.0729446566465787,tvm
64,64,1,14336,1792,112,2048,1,7,[64; 64; 1; 14336; 1792; 112; 2048; 1; 7],0.7604139280156232,0.009193028177310084,tvm
64,64,4,512,16,16,128,16,1,[64; 64; 4; 512; 16; 16; 128; 16; 1],0.028823050757637247,0.242531809885336,tvm
16,16,2,448,64,16,128,32,1,[16; 16; 2; 448; 64; 16; 128; 32; 1],0.05124671250814572,0.1364088801902272,tvm
64,32,2,128,64,32,256,2,2,[64; 32; 2; 128; 64; 32; 256; 2; 2],0.083250131981913,0.08396991692680356,tvm
64,32,1,448,64,64,1024,16,4,[64; 32; 1; 448; 64; 64; 1024; 16; 4],0.13346333400113508,0.05237773144950218,tvm
2,2,1,7168,512,64,4,1,4,[2; 2; 1; 7168; 512; 64; 4; 1; 4],0.08698013698449358,0.08036900042952222,tvm
64,32,1,1792,112,112,128,8,7,[64; 32; 1; 1792; 112; 112; 128; 8; 7],0.03687512224132661,0.18957243371066798,tvm
32,1,1,2048,1024,64,128,2,4,[32; 1; 1; 2048; 1024; 64; 128; 2; 4],0.3598526960122399,0.019426022770241785,tvm
64,8,4,14336,112,16,4,1,1,[64; 8; 4; 14336; 112; 16; 4; 1; 1],0.41245104803238064,0.016948694154167495,tvm
32,4,1,3584,224,224,1024,16,14,[32; 4; 1; 3584; 224; 224; 1024; 16; 14],0.1960886349552311,0.03564972884972485,tvm
64,4,1,1792,224,32,512,16,2,[64; 4; 1; 1792; 224; 32; 512; 16; 2],0.18944914697203785,0.036899119253877906,tvm
32,4,2,7168,1792,128,64,2,8,[32; 4; 2; 7168; 1792; 128; 64; 2; 8],0.14476722897961736,0.04828790822300606,tvm
8,4,2,256,64,64,128,32,4,[8; 4; 2; 256; 64; 64; 128; 32; 4],0.07590157850063406,0.09209962170428736,tvm
64,32,2,1792,448,16,2048,16,1,[64; 32; 2; 1792; 448; 16; 2048; 16; 1],0.09078091449919157,0.07700414459615208,tvm
8,4,2,16,16,16,4096,1,1,[8; 4; 2; 16; 16; 16; 4096; 1; 1],0.13173502194695175,0.053064906836100635,tvm
32,8,1,1792,1792,64,4096,64,4,[32; 8; 1; 1792; 1792; 64; 4096; 64; 4],0.2847434629802592,0.024550191928905868,tvm
32,16,1,7168,512,128,4096,2,8,[32; 16; 1; 7168; 512; 128; 4096; 2; 8],0.4156318180030212,0.016818988258054522,tvm
2,1,1,7168,1792,32,128,16,2,[2; 1; 1; 7168; 1792; 32; 128; 16; 2],0.27297744096722454,0.02560836764348594,tvm
32,8,2,3584,128,128,2048,4,8,[32; 8; 2; 3584; 128; 128; 2048; 4; 8],0.08490154499304481,0.08233662493702952,tvm
16,4,2,448,112,112,512,2,7,[16; 4; 2; 448; 112; 112; 512; 2; 7],0.06943893598509021,0.1006712814287312,tvm
8,2,2,448,224,112,1024,64,7,[8; 2; 2; 448; 224; 112; 1024; 64; 7],0.10654371400596574,0.06561162929119634,tvm
8,4,4,14336,112,16,256,4,1,[8; 4; 4; 14336; 112; 16; 256; 4; 1],0.10781636298634112,0.06483715897142876,tvm
16,16,1,14336,3584,112,4096,8,7,[16; 16; 1; 14336; 3584; 112; 4096; 8; 7],0.4633727070176974,0.015086142452493822,tvm
64,64,4,14336,2048,16,256,2,1,[64; 64; 4; 14336; 2048; 16; 256; 2; 1],0.45932553795864806,0.015219068153131962,tvm
4,4,4,3584,256,32,1024,16,2,[4; 4; 4; 3584; 256; 32; 1024; 16; 2],0.08324634251766838,0.08397373932894393,tvm
64,8,2,1792,1792,32,512,64,2,[64; 8; 2; 1792; 1792; 32; 512; 64; 2],0.11117368598934263,0.06287914810467643,tvm
16,8,1,896,32,32,4096,1,2,[16; 8; 1; 896; 32; 32; 4096; 1; 2],0.16494162799790502,0.04238170043256428,tvm
32,8,2,896,448,16,512,64,1,[32; 8; 2; 896; 448; 16; 512; 64; 1],0.08290115400450304,0.08432339393353867,tvm
32,8,1,64,64,16,8,1,1,[32; 8; 1; 64; 64; 16; 8; 1; 1],0.04922831848671194,0.14200173561795726,tvm
16,1,1,7168,1792,128,2048,8,8,[16; 1; 1; 7168; 1792; 128; 2048; 8; 8],0.24019459896953776,0.02910351313750075,tvm
16,16,16,512,512,16,64,16,1,[16; 16; 16; 512; 512; 16; 64; 16; 1],0.060549218993401155,0.11545164054764297,tvm
64,16,1,256,32,16,256,2,1,[64; 16; 1; 256; 32; 16; 256; 2; 1],0.16070903203217313,0.043497907854159704,tvm
16,16,8,2048,512,16,1024,32,1,[16; 16; 8; 2048; 512; 16; 1024; 32; 1],0.07407823097310029,0.09436654432535112,tvm
64,2,1,256,128,32,32,32,2,[64; 2; 1; 256; 128; 32; 32; 32; 2],0.11255339195486158,0.06210836071000099,tvm
32,8,2,1024,64,16,64,64,1,[32; 8; 2; 1024; 64; 16; 64; 64; 1],0.08891159048653208,0.07862312020754546,tvm
64,8,8,896,32,16,256,8,1,[64; 8; 8; 896; 32; 16; 256; 8; 1],0.07813959449413233,0.08946177302201894,tvm
16,8,1,1792,16,16,4096,4,1,[16; 8; 1; 1792; 16; 16; 4096; 4; 1],0.21214388002408668,0.03295172439512735,tvm
64,8,1,1792,64,16,2048,2,1,[64; 8; 1; 1792; 64; 16; 2048; 2; 1],0.23514361103298143,0.029728669369146386,tvm
8,8,8,1792,32,32,16,1,2,[8; 8; 8; 1792; 32; 32; 16; 1; 2],0.06696522250422277,0.1043901058676517,tvm
16,2,2,1792,128,32,256,1,2,[16; 2; 2; 1792; 128; 32; 256; 1; 2],0.16078762104734778,0.0434766471518858,tvm
64,8,2,14336,1792,112,1,1,7,[64; 8; 2; 14336; 1792; 112; 1; 1; 7],0.470804765005596,0.014847994723637892,tvm
32,32,1,3584,1792,224,128,2,14,[32; 32; 1; 3584; 1792; 224; 128; 2; 14],0.037115863495273516,0.1883428272538201,tvm
8,8,1,3584,448,112,1024,1,7,[8; 8; 1; 3584; 448; 112; 1024; 1; 7],0.09870986000169069,0.07081872739508428,tvm
64,16,1,256,128,64,128,32,4,[64; 16; 1; 256; 128; 64; 128; 32; 4],0.042181523007457145,0.1657243780749888,tvm
64,16,16,128,64,16,32,16,1,[64; 16; 16; 128; 64; 16; 32; 16; 1],0.05448823398910463,0.12829387474852785,tvm
64,4,4,3584,32,32,32,16,2,[64; 4; 4; 3584; 32; 32; 32; 16; 2],0.14913407899439335,0.046873972158499554,tvm
16,16,4,7168,64,16,4,1,1,[16; 16; 4; 7168; 64; 16; 4; 1; 1],0.04506333298922982,0.15512626792024914,tvm
8,8,8,2048,2048,32,4096,1,2,[8; 8; 8; 2048; 2048; 32; 4096; 1; 2],0.09442387300077826,0.07403325498636398,tvm
16,8,4,256,128,64,256,4,4,[16; 8; 4; 256; 128; 64; 256; 4; 4],0.04649047199927736,0.15036428683226374,tvm
64,64,2,448,32,32,4,4,2,[64; 64; 2; 448; 32; 32; 4; 4; 2],0.02204726924537681,0.3170690478201756,tvm
64,4,1,2048,512,16,32,16,1,[64; 4; 1; 2048; 512; 16; 32; 16; 1],0.09388330450747162,0.0744595293416662,tvm
64,32,16,14336,3584,16,32,1,1,[64; 32; 16; 14336; 3584; 16; 32; 1; 1],0.559480922005605,0.012494629203096642,tvm
32,4,2,1792,128,16,1024,2,1,[32; 4; 2; 1792; 128; 16; 1024; 2; 1],0.1364112530136481,0.05124582109048774,tvm
64,2,1,1024,512,64,16,8,4,[64; 2; 1; 1024; 512; 64; 16; 8; 4],0.14039305300684646,0.04979239725149196,tvm
64,2,2,3584,896,16,1024,32,1,[64; 2; 2; 3584; 896; 16; 1024; 32; 1],0.34800890303449705,0.02008714893703084,tvm
64,1,1,1024,512,32,64,16,2,[64; 1; 1; 1024; 512; 32; 64; 16; 2],0.35454905399819836,0.019716613506186902,tvm
64,8,1,1792,16,16,2048,32,1,[64; 8; 1; 1792; 16; 16; 2048; 32; 1],0.24060743005247787,0.029053577710139694,tvm
16,8,1,3584,896,128,16,1,8,[16; 8; 1; 3584; 896; 128; 16; 1; 8],0.049040853991755284,0.1425445541352503,tvm
64,64,8,512,512,16,128,1,1,[64; 64; 8; 512; 512; 16; 128; 1; 1],0.07163818701519631,0.09758073114250923,tvm
4,4,1,14336,7168,64,128,16,4,[4; 4; 1; 14336; 7168; 64; 128; 16; 4],0.11600635497597978,0.06025968722242948,tvm
8,4,1,896,16,16,128,8,1,[8; 4; 1; 896; 16; 16; 128; 8; 1],0.12257744901580736,0.057029304515589845,tvm
64,4,2,7168,16,16,4096,32,1,[64; 4; 2; 7168; 16; 16; 4096; 32; 1],0.6652976619661786,0.010507336890388831,tvm
64,32,1,128,32,16,128,32,1,[64; 32; 1; 128; 32; 16; 128; 32; 1],0.06514839551527984,0.10730128672205165,tvm
8,4,1,3584,512,128,1024,2,8,[8; 4; 1; 3584; 512; 128; 1024; 2; 8],0.11013337597250938,0.06347309891246393,tvm
16,2,2,3584,128,128,16,8,8,[16; 2; 2; 3584; 128; 128; 16; 8; 8],0.13754195702495053,0.05082453978314826,tvm
32,1,1,896,64,16,128,2,1,[32; 1; 1; 896; 64; 16; 128; 2; 1],0.3223787989700213,0.021684138935317298,tvm
8,4,1,32,32,16,64,16,1,[8; 4; 1; 32; 32; 16; 64; 16; 1],0.11206502403365448,0.062379022598231304,tvm
16,16,1,448,448,64,256,8,4,[16; 16; 1; 448; 448; 64; 256; 8; 4],0.08337814500555396,0.08384099533757938,tvm
4,2,2,512,128,32,32,1,2,[4; 2; 2; 512; 128; 32; 32; 1; 2],0.14653931895736605,0.047703965846193644,tvm
4,4,2,14336,128,16,512,8,1,[4; 4; 2; 14336; 128; 16; 512; 8; 1],0.13297209300799295,0.0525712313654149,tvm
8,4,4,896,448,16,512,16,1,[8; 4; 4; 896; 448; 16; 512; 16; 1],0.08197509750607423,0.08527597867326331,tvm
32,32,4,3584,896,16,1024,16,1,[32; 32; 4; 3584; 896; 16; 1024; 16; 1],0.05692892801016569,0.12279357632412093,tvm
64,16,8,14336,112,16,4096,2,1,[64; 16; 8; 14336; 112; 16; 4096; 2; 1],0.486402660026215,0.014371851227725416,tvm
64,64,1,14336,7168,64,1024,2,4,[64; 64; 1; 14336; 7168; 64; 1024; 2; 4],0.8079780379775912,0.008651852325298654,tvm
64,16,1,1024,256,32,32,2,2,[64; 16; 1; 1024; 256; 32; 32; 2; 2],0.05279671400785446,0.13240419973157236,tvm
32,16,4,32,32,16,512,32,1,[32; 16; 4; 32; 32; 16; 512; 32; 1],0.045725468487944454,0.15287993535833794,tvm
32,4,1,1792,896,112,64,2,7,[32; 4; 1; 1792; 896; 112; 64; 2; 7],0.09234970150282606,0.07569603965046649,tvm
16,16,1,1792,224,32,128,2,2,[16; 16; 1; 1792; 224; 32; 128; 2; 2],0.04809070500778034,0.1453608689150161,tvm
32,4,2,896,224,112,2,1,7,[32; 4; 2; 896; 224; 112; 2; 1; 7],0.08016304750344716,0.08720360420886022,tvm
64,8,4,14336,448,64,1024,32,4,[64; 8; 4; 14336; 448; 64; 1024; 32; 4],0.5394802550435998,0.01295785453000816,tvm
64,32,2,14336,512,32,128,32,2,[64; 32; 2; 14336; 512; 32; 128; 32; 2],0.2546116249868646,0.02745556754145576,tvm
32,32,1,1792,32,16,128,4,1,[32; 32; 1; 1792; 32; 16; 128; 4; 1],0.06311385851586238,0.11076024871636941,tvm
64,64,4,14336,448,32,1024,1,2,[64; 64; 4; 14336; 448; 32; 1024; 1; 2],0.2825284249847755,0.024742666749525688,tvm
4,2,1,7168,896,224,4096,1,14,[4; 2; 1; 7168; 896; 224; 4096; 1; 14],0.1580436239601113,0.04423150071799799,tvm
32,32,16,2048,2048,16,1024,8,1,[32; 32; 16; 2048; 2048; 16; 1024; 8; 1],0.0897563740145415,0.07788312243467109,tvm
16,8,4,2048,32,16,128,16,1,[16; 8; 4; 2048; 32; 16; 128; 16; 1],0.07670415149186738,0.09113596240495328,tvm
2,1,1,3584,896,64,256,64,4,[2; 1; 1; 3584; 896; 64; 256; 64; 4],0.24790424399543554,0.02819841465398784,tvm
16,16,8,7168,3584,32,256,2,2,[16; 16; 8; 7168; 3584; 32; 256; 2; 2],0.059605133486911654,0.11728027868944663,tvm
8,4,4,128,32,32,32,1,2,[8; 4; 4; 128; 32; 32; 32; 1; 2],0.07082443448598497,0.09870190588037774,tvm
64,4,1,1792,1792,16,2048,2,1,[64; 4; 1; 1792; 1792; 16; 2048; 2; 1],0.3497535359929316,0.019986950658900396,tvm
4,1,1,2048,32,16,256,32,1,[4; 1; 1; 2048; 32; 16; 256; 32; 1],0.2405347019666806,0.02906236235150389,tvm
32,32,1,1024,256,32,512,64,2,[32; 32; 1; 1024; 256; 32; 512; 64; 2],0.12454935198184103,0.05612639933835918,tvm
64,32,8,1792,1792,32,64,64,2,[64; 32; 8; 1792; 1792; 32; 64; 64; 2],0.03331400375464,0.20983688175555976,tvm
64,64,8,7168,7168,16,32,32,1,[64; 64; 8; 7168; 7168; 16; 32; 32; 1],0.10446943697752431,0.06691437102480617,tvm
