kc,ku,mc,mr,nc,nr,nvr,X,time,peak,backend
256,4,64,4,2048,32,2,[256; 4; 64; 4; 2048; 32; 2],0.04780192374892067,0.14623902383896228,tvm
32,8,8,1,2048,128,8,[32; 8; 8; 1; 2048; 128; 8],0.02863063249969855,0.24416179652127035,tvm
2,1,16,16,1024,16,1,[2; 1; 16; 16; 1024; 16; 1],0.16900990501744673,0.04136152059221052,tvm
64,32,16,2,128,128,8,[64; 32; 16; 2; 128; 128; 8],0.017433589622669388,0.4009791912032112,tvm
8,8,2,1,896,64,4,[8; 8; 2; 1; 896; 64; 4],0.019455185502010863,0.3593132877578647,tvm
8,1,2,2,1024,16,1,[8; 1; 2; 2; 1024; 16; 1],0.018897975751315244,0.3699076958642064,tvm
64,32,32,1,1792,128,8,[64; 32; 32; 1; 1792; 128; 8],0.024973578372737393,0.2799161002212606,tvm
64,8,32,8,256,32,2,[64; 8; 32; 8; 256; 32; 2],0.021063368374598213,0.3318798086965524,tvm
64,1,64,8,16,16,1,[64; 1; 64; 8; 16; 16; 1],0.040213016007328406,0.17383691552488179,tvm
64,16,32,8,128,32,2,[64; 16; 32; 8; 128; 32; 2],0.018048276127956342,0.38732267930223774,tvm
4,4,32,1,7168,64,4,[4; 4; 32; 1; 7168; 64; 4],0.1395456280442886,0.05009477376423459,tvm
64,4,8,2,128,64,4,[64; 4; 8; 2; 128; 64; 4],0.018547520754509605,0.37689709364347307,tvm
32,32,8,4,64,32,2,[32; 32; 8; 4; 64; 32; 2],0.020243522747477982,0.34532066152061264,tvm
16,4,16,16,14336,16,1,[16; 4; 16; 16; 14336; 16; 1],0.7627204850432463,0.009165227371951738,tvm
2,1,2,1,896,112,7,[2; 1; 2; 1; 896; 112; 7],0.029534056739066727,0.236693073641314,tvm
16,2,2,1,1792,64,4,[16; 2; 2; 1; 1792; 64; 4],0.026198333987849765,0.2668301988175552,tvm
32,1,16,2,1024,128,8,[32; 1; 16; 2; 1024; 128; 8],0.01733408212021459,0.4032810401027526,tvm
4,1,8,2,32,16,1,[4; 1; 8; 2; 32; 16; 1],0.027735149749787524,0.2520450305742524,tvm
8,1,4,4,3584,16,1,[8; 1; 4; 4; 3584; 16; 1],0.040260098001454026,0.17363362271036198,tvm
8,1,4,4,2048,16,1,[8; 1; 4; 4; 2048; 16; 1],0.05443386099068448,0.12842202517772872,tvm
2,1,16,1,1792,112,7,[2; 1; 16; 1; 1792; 112; 7],0.030889624744304456,0.22630597569676214,tvm
2,2,2,1,1792,32,2,[2; 2; 2; 1; 1792; 32; 2],0.027910539996810257,0.25046117586637784,tvm
32,8,16,2,14336,128,8,[32; 8; 16; 2; 14336; 128; 8],0.14976892998674884,0.04667527949411916,tvm
256,32,8,8,32,16,1,[256; 32; 8; 8; 32; 16; 1],0.043183567744563334,0.16187885882927652,tvm
32,1,64,2,7168,64,4,[32; 1; 64; 2; 7168; 64; 4],0.07681148100527935,0.09100861713870874,tvm
16,16,16,4,224,32,2,[16; 16; 16; 4; 224; 32; 2],0.016471522249048576,0.42439955220717085,tvm
64,32,64,2,128,64,4,[64; 32; 64; 2; 128; 64; 4],0.019141860626405105,0.3651947322729778,tvm
32,2,4,1,128,128,8,[32; 2; 4; 1; 128; 128; 8],0.028068020998034626,0.24905591552593448,tvm
512,1,64,16,128,16,1,[512; 1; 64; 16; 128; 16; 1],0.06956949399318546,0.10048235606473446,tvm
2,1,32,4,14336,16,1,[2; 1; 32; 4; 14336; 16; 1],1.1858014119789004,0.005895174854785088,tvm
32,8,4,4,512,32,2,[32; 8; 4; 4; 512; 32; 2],0.022682740498567,0.30818615885978584,tvm
8,4,4,4,448,64,4,[8; 4; 4; 4; 448; 64; 4],0.018022955002379604,0.38786684346399897,tvm
4,2,8,1,7168,32,2,[4; 2; 8; 1; 7168; 32; 2],0.13706997502595186,0.05099954724105796,tvm
64,16,8,2,3584,112,7,[64; 16; 8; 2; 3584; 112; 7],0.043109593738336116,0.16215663522827892,tvm
2,1,16,1,896,128,8,[2; 1; 16; 1; 896; 128; 8],0.028237536986125633,0.2475607794724241,tvm
256,1,16,8,256,16,1,[256; 1; 16; 8; 256; 16; 1],0.06143563750083558,0.11378585705359677,tvm
1,1,4,1,7168,112,7,[1; 1; 4; 1; 7168; 112; 7],0.3832806959981099,0.018238608778515523,tvm
4,1,32,1,3584,16,1,[4; 1; 32; 1; 3584; 16; 1],0.06796124001266435,0.10286019892167961,tvm
8,4,16,2,256,16,1,[8; 4; 16; 2; 256; 16; 1],0.021752763001131825,0.32136178131959336,tvm
128,128,32,4,64,64,4,[128; 128; 32; 4; 64; 64; 4],0.024080028750177007,0.2903030863954131,tvm
8,2,32,1,1024,16,1,[8; 2; 32; 1; 1024; 16; 1],0.03173375999904238,0.2202861138067981,tvm
8,2,64,2,896,16,1,[8; 2; 64; 2; 896; 16; 1],0.024032175249885768,0.2908811455467351,tvm
128,8,64,4,3584,32,2,[128; 8; 64; 4; 3584; 32; 2],0.036250804987503216,0.19283728096731956,tvm
16,2,8,8,1792,16,1,[16; 2; 8; 8; 1792; 16; 1],0.0331394997483585,0.2109418283241565,tvm
8,8,64,4,512,64,4,[8; 8; 64; 4; 512; 64; 4],0.018678128995816223,0.3742616119758298,tvm
16,1,16,8,16,16,1,[16; 1; 16; 8; 16; 16; 1],0.04071100374858361,0.17171049649960735,tvm
32,4,32,16,112,16,1,[32; 4; 32; 16; 112; 16; 1],0.035695598999154754,0.19583665389204413,tvm
8,1,4,1,1792,32,2,[8; 1; 4; 1; 1792; 32; 2],0.0172040221223142,0.40632978828827143,tvm
256,2,32,8,2048,16,1,[256; 2; 32; 8; 2048; 16; 1],0.09015209099743515,0.07754125932437383,tvm
4,4,64,8,448,32,2,[4; 4; 64; 8; 448; 32; 2],0.02108620850049192,0.3315203236515273,tvm
64,16,32,16,1024,16,1,[64; 16; 32; 16; 1024; 16; 1],0.04734581724915188,0.14764781923353304,tvm
16,2,32,1,256,128,8,[16; 2; 32; 1; 256; 128; 8],0.027939310006331652,0.2502032679075635,tvm
16,8,16,2,2048,128,8,[16; 8; 16; 2; 2048; 128; 8],0.018041663250187412,0.3874646461209197,tvm
2,1,4,1,1792,32,2,[2; 1; 4; 1; 1792; 32; 2],0.029970144256367348,0.23324901631667952,tvm
128,8,32,8,1024,32,2,[128; 8; 32; 8; 1024; 32; 2],0.03071210799680557,0.2276140298605932,tvm
16,4,32,1,1792,16,1,[16; 4; 32; 1; 1792; 16; 1],0.020246476378815714,0.3452702848571207,tvm
128,8,4,4,3584,64,4,[128; 8; 4; 4; 3584; 64; 4],0.056592134991660714,0.12352434958845027,tvm
1,1,16,16,64,16,1,[1; 1; 16; 16; 64; 16; 1],0.03732588350248989,0.187283086445907,tvm
2,2,4,4,32,16,1,[2; 2; 4; 4; 32; 16; 1],0.02844862124766223,0.24572391771854718,tvm
256,8,16,8,1024,32,2,[256; 8; 16; 8; 1024; 32; 2],0.040942378240288235,0.17074012226744192,tvm
16,4,32,4,224,32,2,[16; 4; 32; 4; 224; 32; 2],0.024420696870947722,0.2862533654796305,tvm
2,1,16,1,32,32,2,[2; 1; 16; 1; 32; 32; 2],0.03099172774818726,0.22556040513344885,tvm
128,4,8,4,32,32,2,[128; 4; 8; 4; 32; 32; 2],0.02623508300166577,0.26645643416576237,tvm
8,4,4,1,896,224,14,[8; 4; 4; 1; 896; 224; 14],0.026097575755557045,0.26786038412698754,tvm
64,1,8,8,32,16,1,[64; 1; 8; 8; 32; 16; 1],0.04043793099117465,0.17287003798963663,tvm
8,4,16,4,896,64,4,[8; 4; 16; 4; 896; 64; 4],0.01970246062410297,0.3548037374638802,tvm
64,4,64,2,3584,128,8,[64; 4; 64; 2; 3584; 128; 8],0.031945054259267636,0.2188290747585329,tvm
4,1,8,2,448,16,1,[4; 1; 8; 2; 448; 16; 1],0.0173157636236283,0.40370767461434626,tvm
8,1,64,1,112,16,1,[8; 1; 64; 1; 112; 16; 1],0.023495405628636945,0.29752653676880625,tvm
16,16,32,16,896,16,1,[16; 16; 32; 16; 896; 16; 1],0.021508371122763492,0.3250132995551778,tvm
64,4,2,1,3584,128,8,[64; 4; 2; 1; 3584; 128; 8],0.06299095449503511,0.11097635720407527,tvm
256,16,32,16,64,16,1,[256; 16; 32; 16; 64; 16; 1],0.041007689491380006,0.17046819153603135,tvm
16,1,2,1,256,128,8,[16; 1; 2; 1; 256; 128; 8],0.02726101625012234,0.2564286893242762,tvm
128,2,16,4,896,32,2,[128; 2; 16; 4; 896; 32; 2],0.034143285753089,0.20474030288763945,tvm
2,2,2,2,896,64,4,[2; 2; 2; 2; 896; 64; 4],0.026757763989735395,0.26125152570103805,tvm
64,32,32,2,3584,112,7,[64; 32; 32; 2; 3584; 112; 7],0.0464553382480517,0.15047800597942784,tvm
4,4,8,2,1792,64,4,[4; 4; 8; 2; 1792; 64; 4],0.01957118112477474,0.35718368871552336,tvm
128,2,32,8,64,32,2,[128; 2; 32; 8; 64; 32; 2],0.037429546500789,0.18676439658490945,tvm
16,8,32,1,112,16,1,[16; 8; 32; 1; 112; 16; 1],0.02287143537978409,0.3056435484082267,tvm
64,64,16,8,448,32,2,[64; 64; 16; 8; 448; 32; 2],0.024556290874897968,0.284672742405594,tvm
2,1,4,2,64,64,4,[2; 1; 4; 2; 64; 64; 4],0.02255432537640445,0.30994084504872366,tvm
16,8,8,2,7168,64,4,[16; 8; 8; 2; 7168; 64; 4],0.07992164051393047,0.0874670067045009,tvm
4,2,16,2,512,32,2,[4; 2; 16; 2; 512; 32; 2],0.02781426398723852,0.25132811962502355,tvm
16,16,4,2,896,32,2,[16; 16; 4; 2; 896; 32; 2],0.02001577125338372,0.34924992787799286,tvm
16,1,64,4,512,64,4,[16; 1; 64; 4; 512; 64; 4],0.03540196499670856,0.1974609789969737,tvm
16,2,64,2,1024,64,4,[16; 2; 64; 2; 1024; 64; 4],0.019511490754666738,0.3582764000231343,tvm
128,32,16,8,224,32,2,[128; 32; 16; 8; 224; 32; 2],0.022061161500460003,0.3168693845299535,tvm
4,1,16,2,896,16,1,[4; 1; 16; 2; 896; 16; 1],0.017946990628843196,0.38950857061417277,tvm
128,1,64,16,7168,16,1,[128; 1; 64; 16; 7168; 16; 1],0.7326466729864478,0.00954144326919775,tvm
64,8,4,2,448,112,7,[64; 8; 4; 2; 448; 112; 7],0.01837280787731288,0.38048112805330575,tvm
8,2,64,8,2048,16,1,[8; 2; 64; 8; 2048; 16; 1],0.14181005000136793,0.04929486074223396,tvm
16,16,64,4,512,64,4,[16; 16; 64; 4; 512; 64; 4],0.015901683873380534,0.43960795110314044,tvm
16,4,2,2,14336,112,7,[16; 4; 2; 2; 14336; 112; 7],0.18248524999944493,0.038307242183617196,tvm
16,1,8,2,7168,32,2,[16; 1; 8; 2; 7168; 32; 2],0.09810234850738198,0.07125728153328202,tvm
64,8,4,2,896,128,8,[64; 8; 4; 2; 896; 128; 8],0.015358288750576321,0.4551618204472388,tvm
64,8,8,8,7168,32,2,[64; 8; 8; 8; 7168; 32; 2],0.1321044000214897,0.05291653166381669,tvm
1,1,8,1,256,16,1,[1; 1; 8; 1; 256; 16; 1],0.05282309401081875,0.13233807669870556,tvm
128,4,64,4,3584,64,4,[128; 4; 64; 4; 3584; 64; 4],0.04587850625102874,0.15236997099289643,tvm
8,4,64,2,256,32,2,[8; 4; 64; 2; 256; 32; 2],0.017621076876821462,0.39671279545133187,tvm
32,2,4,4,224,32,2,[32; 2; 4; 4; 224; 32; 2],0.02657373750116676,0.26306072551366694,tvm
64,32,4,2,896,112,7,[64; 32; 4; 2; 896; 112; 7],0.02282494587416295,0.306266078579388,tvm
8,4,16,4,64,16,1,[8; 4; 16; 4; 64; 16; 1],0.02977553724485915,0.23477348566980438,tvm
4,4,32,1,448,64,4,[4; 4; 32; 1; 448; 64; 4],0.017806632378778886,0.39257881658733107,tvm
32,16,2,1,1024,128,8,[32; 16; 2; 1; 1024; 128; 8],0.02857430125004612,0.24464313599463378,tvm
2,1,32,4,512,64,4,[2; 1; 32; 4; 512; 64; 4],0.04218647450034041,0.1657049267440032,tvm
32,1,32,8,512,32,2,[32; 1; 32; 8; 512; 32; 2],0.04858869999588933,0.14387103724236444,tvm
32,2,16,8,224,32,2,[32; 2; 16; 8; 224; 32; 2],0.031812571760383435,0.2197403818628718,tvm
32,16,8,8,256,32,2,[32; 16; 8; 8; 256; 32; 2],0.01713906224904349,0.4078698452161114,tvm
8,2,1,1,128,32,2,[8; 2; 1; 1; 128; 32; 2],0.017106224499002565,0.4086528074663273,tvm
64,1,16,2,256,128,8,[64; 1; 16; 2; 256; 128; 8],0.01732706537586637,0.4034443522330818,tvm
1,1,64,4,448,64,4,[1; 1; 64; 4; 448; 64; 4],0.054450173483928666,0.1283835517756424,tvm
32,4,64,8,32,32,2,[32; 4; 64; 8; 32; 32; 2],0.026280889491317794,0.265992011761096,tvm
4,4,16,1,7168,128,8,[4; 4; 16; 1; 7168; 128; 8],0.1098032520385459,0.06366393104835076,tvm
16,16,16,2,3584,112,7,[16; 16; 16; 2; 3584; 112; 7],0.03044124349253252,0.22963932693424607,tvm
2,2,8,2,128,16,1,[2; 2; 8; 2; 128; 16; 1],0.019242105750890914,0.36329218626932264,tvm
16,4,64,2,896,64,4,[16; 4; 64; 2; 896; 64; 4],0.0174916993782972,0.3996470849104649,tvm
128,2,8,8,1792,16,1,[128; 2; 8; 8; 1792; 16; 1],0.04427525875507854,0.15788742659499036,tvm
8,4,2,1,224,224,14,[8; 4; 2; 1; 224; 224; 14],0.023936809244332835,0.2920400373880953,tvm
64,32,16,16,1792,16,1,[64; 32; 16; 16; 1792; 16; 1],0.04411426700244192,0.15846362507348724,tvm
8,4,1,1,64,64,4,[8; 4; 1; 1; 64; 64; 4],0.016147961126989685,0.4329033623311578,tvm
2,1,16,16,1792,16,1,[2; 1; 16; 16; 1792; 16; 1],0.047027975000673905,0.14864570857168513,tvm
32,4,2,2,64,64,4,[32; 4; 2; 2; 64; 64; 4],0.02275322625064291,0.3072314488354874,tvm
64,64,8,4,2048,32,2,[64; 64; 8; 4; 2048; 32; 2],0.022085234748374205,0.3165239919933959,tvm
64,2,64,2,448,112,7,[64; 2; 64; 2; 448; 112; 7],0.028621648001717404,0.2442384402969113,tvm
256,64,16,8,224,16,1,[256; 64; 16; 8; 224; 16; 1],0.04323015299451072,0.16170441653431825,tvm
16,16,8,1,2048,64,4,[16; 16; 8; 1; 2048; 64; 4],0.01860726161976345,0.3756870199127955,tvm
2,2,16,1,1792,64,4,[2; 2; 16; 1; 1792; 64; 4],0.02885811825399287,0.24223709270092292,tvm
8,2,32,2,112,16,1,[8; 2; 32; 2; 112; 16; 1],0.022066821751650423,0.31678810593300927,tvm
32,2,64,8,14336,32,2,[32; 2; 64; 8; 14336; 32; 2],0.4140652399510145,0.016882621365400464,tvm
1,1,32,4,1024,32,2,[1; 1; 32; 4; 1024; 32; 2],0.14247768599307165,0.049063870022472145,tvm
512,128,16,16,1024,16,1,[512; 128; 16; 16; 1024; 16; 1],0.21539754298282787,0.03245397588970628,tvm
128,16,64,4,64,64,4,[128; 16; 64; 4; 64; 64; 4],0.018838709620467853,0.3710714166469041,tvm
16,8,16,2,1792,128,8,[16; 8; 16; 2; 1792; 128; 8],0.016012854997825343,0.43655592132795973,tvm
256,4,32,16,448,16,1,[256; 4; 32; 16; 448; 16; 1],0.0440508704923559,0.1586916805169542,tvm
2,1,16,8,448,16,1,[2; 1; 16; 8; 448; 16; 1],0.0346941220050212,0.20148965480823947,tvm
2,2,2,2,7168,32,2,[2; 2; 2; 2; 7168; 32; 2],0.21777160896454006,0.032100174581549505,tvm
8,2,16,8,224,16,1,[8; 2; 16; 8; 224; 16; 1],0.033536724498844706,0.20844333402051474,tvm
64,8,8,8,32,16,1,[64; 8; 8; 8; 32; 16; 1],0.02521018525294494,0.27728898445322087,tvm
256,1,8,4,128,32,2,[256; 1; 8; 4; 128; 32; 2],0.06447503998060711,0.10842190510884958,tvm
2,2,32,1,1792,16,1,[2; 2; 32; 1; 1792; 16; 1],0.041615897993324324,0.16797683106076494,tvm
64,64,32,4,256,64,4,[64; 64; 32; 4; 256; 64; 4],0.014993648874224164,0.46623118397044533,tvm
2,2,16,8,128,32,2,[2; 2; 16; 8; 128; 32; 2],0.03312801450374536,0.21101496034047978,tvm
16,4,32,2,224,16,1,[16; 4; 32; 2; 224; 16; 1],0.01995017512672348,0.350398260780318,tvm
8,4,8,1,256,32,2,[8; 4; 8; 1; 256; 32; 2],0.017791795879020356,0.39290618632319735,tvm
1,1,2,2,256,128,8,[1; 1; 2; 2; 256; 128; 8],0.05120226097642444,0.13652730432910715,tvm
16,2,64,2,256,32,2,[16; 2; 64; 2; 256; 32; 2],0.017290533876803238,0.4042967508392001,tvm
2,1,64,8,16,16,1,[2; 1; 64; 8; 16; 16; 1],0.05444096098653972,0.12840527683548858,tvm
32,1,8,8,2048,16,1,[32; 1; 8; 8; 2048; 16; 1],0.08407451200764626,0.08314656249245796,tvm
32,4,16,1,1792,224,14,[32; 4; 16; 1; 1792; 224; 14],0.02756905551359523,0.2535635166471123,tvm
256,2,16,16,16,16,1,[256; 2; 16; 16; 16; 16; 1],0.06380998849635944,0.10955191861640122,tvm
64,32,64,16,16,16,1,[64; 32; 64; 16; 16; 16; 1],0.03978278399154078,0.17571687964706276,tvm
32,32,16,1,14336,128,8,[32; 32; 16; 1; 14336; 128; 8],0.21723704895703122,0.03217916419058595,tvm
16,16,2,1,128,16,1,[16; 16; 2; 1; 128; 16; 1],0.026146780743147247,0.2673563042172522,tvm
32,4,32,16,128,16,1,[32; 4; 32; 16; 128; 16; 1],0.03477594250580296,0.20101559189949147,tvm
64,64,64,8,3584,32,2,[64; 64; 64; 8; 3584; 32; 2],0.06248329850495793,0.11187800314530424,tvm
64,64,32,1,1792,128,8,[64; 64; 32; 1; 1792; 128; 8],0.016094780621642713,0.4343337651503312,tvm
16,8,16,1,128,16,1,[16; 8; 16; 1; 128; 16; 1],0.022643471500487067,0.3087206246849693,tvm
256,16,32,8,512,16,1,[256; 16; 32; 8; 512; 16; 1],0.03481236223888118,0.2008052949322445,tvm
8,8,1,1,256,16,1,[8; 8; 1; 1; 256; 16; 1],0.02032125325058587,0.3439997809419125,tvm
16,4,32,1,128,128,8,[16; 4; 32; 1; 128; 128; 8],0.02846179125481285,0.2456102149046779,tvm
64,1,64,8,64,32,2,[64; 1; 64; 8; 64; 32; 2],0.03435355600959156,0.20348713433668725,tvm
256,32,64,8,3584,32,2,[256; 32; 64; 8; 3584; 32; 2],0.04734939023910556,0.14763667771360764,tvm
128,4,32,16,64,16,1,[128; 4; 32; 16; 64; 16; 1],0.04109800924197771,0.17009355916749683,tvm
64,64,4,2,64,64,4,[64; 64; 4; 2; 64; 64; 4],0.016834714995638933,0.4152435410090145,tvm
128,2,16,16,112,16,1,[128; 2; 16; 16; 112; 16; 1],0.05438839999260381,0.12852936779933394,tvm
4,2,32,4,448,16,1,[4; 2; 32; 4; 448; 16; 1],0.034274660487426445,0.20395553354149526,tvm
16,16,1,1,1792,32,2,[16; 16; 1; 1; 1792; 32; 2],0.030312552247778513,0.23061425542545574,tvm
16,2,16,16,14336,16,1,[16; 2; 16; 16; 14336; 16; 1],1.5729060070007108,0.0044443257483620935,tvm
16,4,2,1,448,112,7,[16; 4; 2; 1; 448; 112; 7],0.031193853763397783,0.22409884715396022,tvm
16,2,16,4,128,32,2,[16; 2; 16; 4; 128; 32; 2],0.033444366257754155,0.20901896040699833,tvm
32,32,16,8,3584,16,1,[32; 32; 16; 8; 3584; 16; 1],0.04400979024649132,0.15883980876786807,tvm
256,8,8,8,3584,16,1,[256; 8; 8; 8; 3584; 16; 1],0.07863968348829076,0.08889286371183748,tvm
16,2,8,1,14336,128,8,[16; 2; 8; 1; 14336; 128; 8],0.25729086995124817,0.02716966469891154,tvm
4,2,16,2,3584,16,1,[4; 2; 16; 2; 3584; 16; 1],0.06780331500340253,0.10309977714682338,tvm
4,1,8,2,14336,64,4,[4; 1; 8; 2; 14336; 64; 4],0.22561598295578733,0.030984093303516338,tvm
4,2,8,8,1024,32,2,[4; 2; 8; 8; 1024; 32; 2],0.06362011400051415,0.10987887677488557,tvm
128,128,4,4,7168,64,4,[128; 128; 4; 4; 7168; 64; 4],0.15717487601796165,0.04447598015517318,tvm
256,2,64,8,3584,32,2,[256; 2; 64; 8; 3584; 32; 2],0.08888284550630488,0.07864854716167696,tvm
8,8,4,2,512,32,2,[8; 8; 4; 2; 512; 32; 2],0.018196422002802137,0.38416929798562444,tvm
4,1,4,4,1792,16,1,[4; 1; 4; 4; 1792; 16; 1],0.019167400125297718,0.36470813052211415,tvm
8,8,4,4,448,32,2,[8; 8; 4; 4; 448; 32; 2],0.01571083737508161,0.4449480635420526,tvm
4,2,16,4,512,64,4,[4; 2; 16; 4; 512; 64; 4],0.036627406254410744,0.19085453712204523,tvm
8,2,1,1,256,128,8,[8; 2; 1; 1; 256; 128; 8],0.01805883187626023,0.38709628145197167,tvm
4,2,16,8,32,16,1,[4; 2; 16; 8; 32; 16; 1],0.04512232450360898,0.15492346069421914,tvm
32,4,64,8,256,16,1,[32; 4; 64; 8; 256; 16; 1],0.030667765502585098,0.22794313677915046,tvm
16,1,2,1,7168,16,1,[16; 1; 2; 1; 7168; 16; 1],0.14819150796392933,0.04717211372441258,tvm
8,4,16,1,1024,64,4,[8; 4; 16; 1; 1024; 64; 4],0.017162584503239486,0.4073108374410153,tvm
8,4,4,2,7168,32,2,[8; 4; 4; 2; 7168; 32; 2],0.08955966751091182,0.07805418288109381,tvm
16,4,2,1,512,128,8,[16; 4; 2; 1; 512; 128; 8],0.03032402999815531,0.23052696713108112,tvm
256,8,64,4,1024,32,2,[256; 8; 64; 4; 1024; 32; 2],0.03727622525184415,0.1875325792629936,tvm
16,8,1,1,128,128,8,[16; 8; 1; 1; 128; 128; 8],0.028402029754943214,0.2461270101813765,tvm
16,4,2,1,224,224,14,[16; 4; 2; 1; 224; 224; 14],0.030168860495905392,0.2317126517793219,tvm
4,2,64,2,32,32,2,[4; 2; 64; 2; 32; 32; 2],0.0218972373768338,0.3192414890684922,tvm
256,1,8,8,2048,16,1,[256; 1; 8; 8; 2048; 16; 1],0.09361590701155365,0.07467220998888502,tvm
64,64,8,8,2048,16,1,[64; 64; 8; 8; 2048; 16; 1],0.05113234248710796,0.13671399209666932,tvm
32,32,16,4,7168,64,4,[32; 32; 16; 4; 7168; 64; 4],0.0774351790023502,0.09027559252435513,tvm
8,8,4,2,256,16,1,[8; 8; 4; 2; 256; 16; 1],0.01553600838087732,0.4499551297404689,tvm
32,1,64,4,2048,64,4,[32; 1; 64; 4; 2048; 64; 4],0.045913416252005845,0.1522541173651235,tvm
256,2,32,8,3584,16,1,[256; 2; 32; 8; 3584; 16; 1],0.11935019702650607,0.05857138773817164,tvm
8,8,8,1,448,32,2,[8; 8; 8; 1; 448; 32; 2],0.017283068744291086,0.4044713800595024,tvm
64,4,4,2,7168,112,7,[64; 4; 4; 2; 7168; 112; 7],0.15321922901785,0.04562421251873206,tvm
8,8,32,8,7168,16,1,[8; 8; 32; 8; 7168; 16; 1],0.19938180304598063,0.035060906059990564,tvm
32,4,2,2,128,64,4,[32; 4; 2; 2; 128; 64; 4],0.019562902496545576,0.35733484169340685,tvm
16,1,64,8,64,16,1,[16; 1; 64; 8; 64; 16; 1],0.03703034674981609,0.18877778039443785,tvm
8,1,64,2,1024,32,2,[8; 1; 64; 2; 1024; 32; 2],0.024451536119158845,0.28589233136928766,tvm
8,4,2,1,14336,224,14,[8; 4; 2; 1; 14336; 224; 14],0.2260874620405957,0.030919479583575795,tvm
32,4,64,16,16,16,1,[32; 4; 64; 16; 16; 16; 1],0.0375900907383766,0.18596674095095747,tvm
128,64,64,16,224,16,1,[128; 64; 64; 16; 224; 16; 1],0.047804386253119446,0.14623149076012884,tvm
2,1,16,4,16,16,1,[2; 1; 16; 4; 16; 16; 1],0.0540741229779087,0.12927637623494237,tvm
16,4,16,2,224,112,7,[16; 4; 16; 2; 224; 112; 7],0.023849362245528027,0.2931108427428683,tvm
4,1,32,1,1024,64,4,[4; 1; 32; 1; 1024; 64; 4],0.03366608249780256,0.20764241479901763,tvm
4,2,1,1,512,32,2,[4; 2; 1; 1; 512; 32; 2],0.022838751996459905,0.306080939437944,tvm
256,4,16,4,896,32,2,[256; 4; 16; 4; 896; 32; 2],0.03543508950679097,0.1972763936528781,tvm
512,4,32,16,256,16,1,[512; 4; 32; 16; 256; 16; 1],0.05978004451026209,0.11693712716233672,tvm
32,4,64,8,448,16,1,[32; 4; 64; 8; 448; 16; 1],0.02734454450546764,0.2556453871546074,tvm
32,2,4,1,448,224,14,[32; 2; 4; 1; 448; 224; 14],0.034980115000507794,0.19984230087766114,tvm
16,16,2,1,512,64,4,[16; 16; 2; 1; 512; 64; 4],0.030389074992854148,0.23003354555248728,tvm
128,2,2,2,1024,64,4,[128; 2; 2; 2; 1024; 64; 4],0.028509887502877973,0.2451958698876311,tvm
16,1,16,2,112,16,1,[16; 1; 16; 2; 112; 16; 1],0.021846640629519243,0.3199808512994476,tvm
32,2,64,4,32,32,2,[32; 2; 64; 4; 32; 32; 2],0.03419606926036067,0.20442427500782692,tvm
32,2,32,2,896,128,8,[32; 2; 32; 2; 896; 128; 8],0.015169365004112478,0.46083054002402285,tvm
32,16,64,8,256,16,1,[32; 16; 64; 8; 256; 16; 1],0.021251950376608875,0.3289348291703533,tvm
32,16,64,8,3584,16,1,[32; 16; 64; 8; 3584; 16; 1],0.05173047201242298,0.13513324728581463,tvm
4,2,2,2,512,32,2,[4; 2; 2; 2; 512; 32; 2],0.019279445623396896,0.36258857247343357,tvm
4,1,4,4,1024,32,2,[4; 1; 4; 4; 1024; 32; 2],0.044622356494073756,0.1566592895557873,tvm
512,128,16,16,224,16,1,[512; 128; 16; 16; 224; 16; 1],0.06536903901724145,0.10693910713331554,tvm
32,16,64,2,14336,112,7,[32; 16; 64; 2; 14336; 112; 7],0.1370742639992386,0.0509979514951508,tvm
32,2,16,4,448,64,4,[32; 2; 16; 4; 448; 64; 4],0.026819994745892473,0.2606453406459848,tvm
8,1,32,1,512,128,8,[8; 1; 32; 1; 512; 128; 8],0.016410518750490155,0.42597719017614066,tvm
128,2,32,16,448,16,1,[128; 2; 32; 16; 448; 16; 1],0.05334074000711553,0.13105379988605614,tvm
16,8,32,4,14336,64,4,[16; 8; 32; 4; 14336; 64; 4],0.1632225249777548,0.04282807576723486,tvm
8,2,1,1,2048,64,4,[8; 2; 1; 1; 2048; 64; 4],0.034126997998100705,0.20483801906794483,tvm
4,2,8,1,448,16,1,[4; 2; 8; 1; 448; 16; 1],0.019049797250772826,0.3669596360865768,tvm
2,2,4,1,64,64,4,[2; 2; 4; 1; 64; 64; 4],0.02099216799979331,0.33300546502559886,tvm
4,1,16,1,14336,224,14,[4; 1; 16; 1; 14336; 224; 14],0.31439411803148687,0.022234851944547388,tvm
512,256,8,8,128,16,1,[512; 256; 8; 8; 128; 16; 1],0.06108010347816162,0.11444817982612014,tvm
64,1,64,16,128,16,1,[64; 1; 64; 16; 128; 16; 1],0.053747405007015914,0.13006221725038003,tvm
1,1,2,1,224,224,14,[1; 1; 2; 1; 224; 224; 14],0.0528098419890739,0.13237128541518772,tvm
16,8,32,1,3584,16,1,[16; 8; 32; 1; 3584; 16; 1],0.06204919901210815,0.11266070759918358,tvm
32,1,32,16,512,16,1,[32; 1; 32; 16; 512; 16; 1],0.0705560304922983,0.09907738031591404,tvm
2,1,1,1,3584,32,2,[2; 1; 1; 1; 3584; 32; 2],0.0884665674821008,0.07901862664764332,tvm
4,2,8,2,224,112,7,[4; 2; 8; 2; 224; 112; 7],0.02988479250052478,0.2339151816611714,tvm
512,2,64,16,64,16,1,[512; 2; 64; 16; 64; 16; 1],0.06862932399963029,0.10185888858098507,tvm
8,2,64,1,128,128,8,[8; 2; 64; 1; 128; 128; 8],0.01534484150033677,0.45556069552841244,tvm
512,4,16,16,1792,16,1,[512; 4; 16; 16; 1792; 16; 1],0.063358604995301,0.11033239553151651,tvm
16,4,8,4,2048,32,2,[16; 4; 8; 4; 2048; 32; 2],0.029169514993554913,0.23965111069591796,tvm
64,8,32,4,224,32,2,[64; 8; 32; 4; 224; 32; 2],0.020502231374848634,0.34096321219174014,tvm
2,1,4,1,7168,16,1,[2; 1; 4; 1; 7168; 16; 1],0.2110026580048725,0.03312994600525478,tvm
16,16,2,2,1792,128,8,[16; 16; 2; 2; 1792; 128; 8],0.01784228949691169,0.3917942631676641,tvm
4,2,32,1,64,16,1,[4; 2; 32; 1; 64; 16; 1],0.030927291008993052,0.22603035825653026,tvm
128,128,16,4,14336,64,4,[128; 128; 16; 4; 14336; 64; 4],0.2901290830341168,0.02409447061825457,tvm
2,2,64,1,512,128,8,[2; 2; 64; 1; 512; 128; 8],0.032124385761562735,0.21760748107535502,tvm
16,2,8,2,896,16,1,[16; 2; 8; 2; 896; 16; 1],0.020095059495361056,0.34787190693714665,tvm
8,4,16,2,3584,32,2,[8; 4; 16; 2; 3584; 32; 2],0.03277101674757432,0.21331369485763962,tvm
64,32,32,8,14336,32,2,[64; 32; 32; 8; 14336; 32; 2],0.1734025070327334,0.040313757778294754,tvm
64,64,32,2,512,64,4,[64; 64; 32; 2; 512; 64; 4],0.01655094112356892,0.4223630918916161,tvm
128,2,32,8,14336,16,1,[128; 2; 32; 8; 14336; 16; 1],0.5857482809806243,0.011934318705918495,tvm
256,4,32,16,512,16,1,[256; 4; 32; 16; 512; 16; 1],0.06090892502106726,0.1147698250174138,tvm
16,8,4,4,256,16,1,[16; 8; 4; 4; 256; 16; 1],0.022631113875831943,0.3088892002850959,tvm
16,1,64,8,224,16,1,[16; 1; 64; 8; 224; 16; 1],0.031072294746991247,0.22497555213052176,tvm
32,1,8,2,3584,128,8,[32; 1; 8; 2; 3584; 128; 8],0.03139386425027624,0.22267111212998114,tvm
16,8,4,1,1792,224,14,[16; 8; 4; 1; 1792; 224; 14],0.026117460496607237,0.2676564464441235,tvm
8,2,4,1,14336,16,1,[8; 2; 4; 1; 14336; 16; 1],0.1575003009638749,0.04438408449943246,tvm
16,2,4,4,1024,32,2,[16; 2; 4; 4; 1024; 32; 2],0.04375831475772429,0.1597526482765813,tvm
16,8,2,2,128,16,1,[16; 8; 2; 2; 128; 16; 1],0.021985675870382693,0.3179573240267636,tvm
64,16,64,4,2048,64,4,[64; 16; 64; 4; 2048; 64; 4],0.02084283099975437,0.33539141908069253,tvm
16,16,64,2,512,128,8,[16; 16; 64; 2; 512; 128; 8],0.016538066003704444,0.42269190757255587,tvm
16,1,16,2,1024,16,1,[16; 1; 16; 2; 1024; 16; 1],0.024049434876360465,0.29067238804592566,tvm
16,2,8,2,128,64,4,[16; 2; 8; 2; 128; 64; 4],0.02006796762725571,0.34834153594967787,tvm
8,4,64,16,2048,16,1,[8; 4; 64; 16; 2048; 16; 1],0.11128231999464333,0.06281776536473324,tvm
8,8,8,2,7168,32,2,[8; 8; 8; 2; 7168; 32; 2],0.0854611590038985,0.08179747089959052,tvm
1,1,8,1,2048,32,2,[1; 1; 8; 1; 2048; 32; 2],0.06243939499836415,0.11195666881221081,tvm
64,64,64,2,896,64,4,[64; 64; 64; 2; 896; 64; 4],0.01324824462790275,0.5276553130626553,tvm
64,4,32,16,1792,16,1,[64; 4; 32; 16; 1792; 16; 1],0.042173371504759416,0.16575641020016063,tvm
64,64,32,16,256,16,1,[64; 64; 32; 16; 256; 16; 1],0.05251423249137588,0.13311642073060248,tvm
1,1,32,1,3584,112,7,[1; 1; 32; 1; 3584; 112; 7],0.11286462901625782,0.06193708983582186,tvm
8,4,32,2,64,32,2,[8; 4; 32; 2; 64; 32; 2],0.01966794174950337,0.35542644755103475,tvm
256,8,32,4,512,32,2,[256; 8; 32; 4; 512; 32; 2],0.0357551799970679,0.1955103195464244,tvm
256,2,32,8,32,32,2,[256; 2; 32; 8; 32; 32; 2],0.062019938515732065,0.11271385999348331,tvm
8,2,8,1,256,16,1,[8; 2; 8; 1; 256; 16; 1],0.022230605129152536,0.31445417819506544,tvm
4,4,32,1,224,32,2,[4; 4; 32; 1; 224; 32; 2],0.01980838999588741,0.3529063527181172,tvm
512,4,16,16,1024,16,1,[512; 4; 16; 16; 1024; 16; 1],0.11922920501092449,0.05863082510720553,tvm
32,16,32,8,7168,32,2,[32; 16; 32; 8; 7168; 32; 2],0.10842317598871887,0.06447428423784607,tvm
8,8,1,1,256,128,8,[8; 8; 1; 1; 256; 128; 8],0.017796186002669856,0.3928092606819193,tvm
8,4,16,1,3584,128,8,[8; 4; 16; 1; 3584; 128; 8],0.031669835254433565,0.22073075563877595,tvm
2,1,4,4,1024,64,4,[2; 1; 4; 4; 1024; 64; 4],0.04410446550173219,0.1584988410389446,tvm
64,16,32,2,224,112,7,[64; 16; 32; 2; 224; 112; 7],0.018519013246987015,0.3774772755672606,tvm
8,2,64,1,32,16,1,[8; 2; 64; 1; 32; 16; 1],0.02811561050475575,0.2486343544090648,tvm
2,2,16,2,512,16,1,[2; 2; 16; 2; 512; 16; 1],0.03612689225701615,0.193498699443461,tvm
16,8,32,4,3584,16,1,[16; 8; 32; 4; 3584; 16; 1],0.0558157270133961,0.12524259811197844,tvm
16,16,64,4,16,16,1,[16; 16; 64; 4; 16; 16; 1],0.022544558996742126,0.3100751124773322,tvm
128,2,64,4,128,64,4,[128; 2; 64; 4; 128; 64; 4],0.030534322999301367,0.2289393043633753,tvm
64,2,16,16,1792,16,1,[64; 2; 16; 16; 1792; 16; 1],0.05923445851658471,0.11801419041771836,tvm
8,4,64,4,448,16,1,[8; 4; 64; 4; 448; 16; 1],0.02165947712637717,0.3227458643566951,tvm
4,4,8,4,14336,16,1,[4; 4; 8; 4; 14336; 16; 1],0.26472667400958017,0.026406506608448864,tvm
256,128,64,4,448,32,2,[256; 128; 64; 4; 448; 32; 2],0.03453861450543627,0.20239684673994038,tvm
16,4,4,1,7168,32,2,[16; 4; 4; 1; 7168; 32; 2],0.08923057801439427,0.07834205293995732,tvm
8,8,1,1,14336,16,1,[8; 8; 1; 1; 14336; 16; 1],0.2593763699987903,0.026951208649805953,tvm
128,1,32,16,1792,16,1,[128; 1; 32; 16; 1792; 16; 1],0.06424252851866186,0.10881431394214176,tvm
16,4,32,1,448,112,7,[16; 4; 32; 1; 448; 112; 7],0.03175852299318649,0.22011435066317217,tvm
4,2,32,4,128,64,4,[4; 2; 32; 4; 128; 64; 4],0.027600060755503364,0.2532786695142612,tvm
64,32,64,4,64,32,2,[64; 32; 64; 4; 64; 32; 2],0.018572824745206162,0.3763836014481851,tvm
32,4,8,1,14336,128,8,[32; 4; 8; 1; 14336; 128; 8],0.24743212503381073,0.028252219333732183,tvm
16,8,16,8,224,32,2,[16; 8; 16; 8; 224; 32; 2],0.020321324751421344,0.3439985705743779,tvm
2,2,1,1,3584,16,1,[2; 2; 1; 1; 3584; 16; 1],0.08220128598622978,0.08504132974072577,tvm
4,2,16,1,32,32,2,[4; 2; 16; 1; 32; 32; 2],0.021698600496165454,0.32216394176675217,tvm
4,1,32,1,7168,112,7,[4; 1; 32; 1; 7168; 112; 7],0.1773188229999505,0.03942337620111892,tvm
32,1,16,2,7168,128,8,[32; 1; 16; 2; 7168; 128; 8],0.07515079199220054,0.09301973380922147,tvm
1,1,64,4,896,16,1,[1; 1; 64; 4; 896; 16; 1],0.07996796898078173,0.08741633376166721,tvm
4,2,1,1,112,112,7,[4; 2; 1; 1; 112; 112; 7],0.02297332387388451,0.3042879952871468,tvm
8,2,64,1,896,128,8,[8; 2; 64; 1; 896; 128; 8],0.015373004251159728,0.4547261259060218,tvm
16,4,32,1,448,16,1,[16; 4; 32; 1; 448; 16; 1],0.021215305125224404,0.3295029991510775,tvm
16,4,64,8,3584,16,1,[16; 4; 64; 8; 3584; 16; 1],0.06731001252774149,0.1038553761044921,tvm
8,8,16,2,7168,16,1,[8; 8; 16; 2; 7168; 16; 1],0.1117407720303163,0.06256003551479024,tvm
16,16,1,1,14336,32,2,[16; 16; 1; 1; 14336; 32; 2],0.24924704298609868,0.028046497895890986,tvm
32,8,16,2,2048,64,4,[32; 8; 16; 2; 2048; 64; 4],0.019127103754726704,0.36547648594937787,tvm
256,16,64,8,64,32,2,[256; 16; 64; 8; 64; 32; 2],0.03590748975693714,0.1946810181938752,tvm
1,1,32,16,64,16,1,[1; 1; 32; 16; 64; 16; 1],0.05285643952083774,0.13225458865633166,tvm
1,1,16,8,32,32,2,[1; 1; 16; 8; 32; 32; 2],0.04546112350362819,0.15376889368140592,tvm
8,4,32,8,64,32,2,[8; 4; 32; 8; 64; 32; 2],0.024883761376258917,0.28092644680864703,tvm
256,32,32,8,896,32,2,[256; 32; 32; 8; 896; 32; 2],0.024598303250968456,0.2841865390203873,tvm
8,4,16,4,32,32,2,[8; 4; 16; 4; 32; 32; 2],0.0226084403693676,0.309198978454886,tvm
32,2,16,1,896,224,14,[32; 2; 16; 1; 896; 224; 14],0.03347564449359197,0.2088236618716875,tvm
2,1,16,4,128,64,4,[2; 1; 16; 4; 128; 64; 4],0.027986495741060935,0.2497814207017854,tvm
16,4,4,1,1792,112,7,[16; 4; 4; 1; 1792; 112; 7],0.030294806987512857,0.23074933831227468,tvm
16,4,16,2,7168,112,7,[16; 4; 16; 2; 7168; 112; 7],0.10989790700841695,0.06360909736098315,tvm
16,2,32,16,112,16,1,[16; 2; 32; 16; 112; 16; 1],0.038903181746718474,0.17968984419266232,tvm
256,64,8,4,256,32,2,[256; 64; 8; 4; 256; 32; 2],0.043656089750584215,0.16012672473885772,tvm
2,2,8,4,256,16,1,[2; 2; 8; 4; 256; 16; 1],0.028648303254158236,0.24401119342563546,tvm
2,1,2,1,64,64,4,[2; 1; 2; 1; 64; 64; 4],0.02348081012314651,0.2977114771596268,tvm
8,8,64,16,14336,16,1,[8; 8; 64; 16; 14336; 16; 1],0.4905615570023656,0.014250009131133275,tvm
256,8,4,4,64,32,2,[256; 8; 4; 4; 64; 32; 2],0.04759599624958355,0.14687173748837817,tvm
64,4,8,8,16,16,1,[64; 4; 8; 8; 16; 16; 1],0.029463523998856544,0.23725969327151641,tvm
64,32,4,2,256,128,8,[64; 32; 4; 2; 256; 128; 8],0.017339943871775176,0.4031447113300842,tvm
16,16,64,8,1024,32,2,[16; 16; 64; 8; 1024; 32; 2],0.02334809499734547,0.29940372726175063,tvm
8,1,4,1,3584,64,4,[8; 1; 4; 1; 3584; 64; 4],0.039235766249476,0.178166691640947,tvm
16,8,16,16,256,16,1,[16; 8; 16; 16; 256; 16; 1],0.024598577379947528,0.284183372017491,tvm
1,1,16,4,256,64,4,[1; 1; 16; 4; 256; 64; 4],0.05393777950666845,0.12960315998552396,tvm
256,1,64,8,256,32,2,[256; 1; 64; 8; 256; 32; 2],0.05975537150516175,0.11698541052602807,tvm
1,1,32,8,32,32,2,[1; 1; 32; 8; 32; 32; 2],0.045368066494120285,0.15408429776421348,tvm
2,1,32,4,256,16,1,[2; 1; 32; 4; 256; 16; 1],0.04887963524379302,0.14301470605909147,tvm
32,8,1,1,14336,224,14,[32; 8; 1; 1; 14336; 224; 14],0.7312777189654298,0.00955930487880369,tvm
256,32,64,8,7168,32,2,[256; 32; 64; 8; 7168; 32; 2],0.10044837702298537,0.06959302752165966,tvm
16,2,2,1,14336,16,1,[16; 2; 2; 1; 14336; 16; 1],0.2149156350060366,0.032526747839775896,tvm
32,16,16,16,1024,16,1,[32; 16; 16; 16; 1024; 16; 1],0.03637621550296899,0.19217245582064765,tvm
8,1,16,1,64,32,2,[8; 1; 16; 1; 64; 32; 2],0.0185885556275025,0.37606508040484526,tvm
128,32,64,4,7168,32,2,[128; 32; 64; 4; 7168; 32; 2],0.09690505752223544,0.07213768657082376,tvm
8,2,64,2,1792,112,7,[8; 2; 64; 2; 1792; 112; 7],0.028179916756926104,0.24806697361689434,tvm
64,64,8,8,64,16,1,[64; 64; 8; 8; 64; 16; 1],0.030046354251680896,0.23265740023269527,tvm
64,1,16,8,1024,16,1,[64; 1; 16; 8; 1024; 16; 1],0.0824004625028465,0.08483576978011723,tvm
32,2,64,4,14336,64,4,[32; 2; 64; 4; 14336; 64; 4],0.2127455300069414,0.03285853604744872,tvm
128,2,32,16,256,16,1,[128; 2; 32; 16; 256; 16; 1],0.06407440747716464,0.10909982537346133,tvm
16,2,4,4,1792,32,2,[16; 2; 4; 4; 1792; 32; 2],0.025220318508218043,0.27717757269357285,tvm
2,1,16,2,14336,32,2,[2; 1; 16; 2; 14336; 32; 2],0.5213934600469656,0.013407353951154244,tvm
256,4,32,4,512,32,2,[256; 4; 32; 4; 512; 32; 2],0.040542619506595656,0.17242365569223814,tvm
2,2,2,1,2048,16,1,[2; 2; 2; 1; 2048; 16; 1],0.031780095741851255,0.21996493413520019,tvm
32,1,2,1,224,224,14,[32; 1; 2; 1; 224; 224; 14],0.03190345525217708,0.21911440661868864,tvm
32,2,64,4,14336,32,2,[32; 2; 64; 4; 14336; 32; 2],0.2473845950444229,0.028257647431164337,tvm
128,32,8,2,14336,64,4,[128; 32; 8; 2; 14336; 64; 4],0.22985354502452537,0.030412872970572543,tvm
8,8,16,4,3584,16,1,[8; 8; 16; 4; 3584; 16; 1],0.043855810741661116,0.15939750168672606,tvm
16,8,16,16,224,16,1,[16; 8; 16; 16; 224; 16; 1],0.02281315712752985,0.3064243422156967,tvm
1,1,16,2,896,32,2,[1; 1; 16; 2; 896; 32; 2],0.05274914501933381,0.1325236013608274,tvm
32,8,8,1,448,224,14,[32; 8; 8; 1; 448; 224; 14],0.02638495973951649,0.26494285894994396,tvm
128,2,4,2,1792,64,4,[128; 2; 4; 2; 1792; 64; 4],0.023657420504605398,0.2954889636131641,tvm
4,2,8,8,14336,32,2,[4; 2; 8; 8; 14336; 32; 2],0.3923475189949386,0.017817129784773397,tvm
32,16,16,8,32,32,2,[32; 16; 16; 8; 32; 32; 2],0.020557655494485516,0.34004396408636356,tvm
64,64,64,1,128,128,8,[64; 64; 64; 1; 128; 128; 8],0.015377438248833641,0.4545950081897996,tvm
16,8,8,1,1792,16,1,[16; 8; 8; 1; 1792; 16; 1],0.020620480499928817,0.3390079424526891,tvm
512,8,16,8,64,16,1,[512; 8; 16; 8; 64; 16; 1],0.04609292100940365,0.15166117732570036,tvm
128,8,64,4,64,64,4,[128; 8; 64; 4; 64; 64; 4],0.019862842877046205,0.3519388795420116,tvm
4,1,16,4,14336,64,4,[4; 1; 16; 4; 14336; 64; 4],0.3676757399807684,0.01901269490076313,tvm
4,2,2,2,1024,16,1,[4; 2; 2; 2; 1024; 16; 1],0.02246990862477105,0.3111052556288664,tvm
2,1,8,2,896,32,2,[2; 1; 8; 2; 896; 32; 2],0.028088369756005704,0.24887548573985838,tvm
8,4,4,1,512,64,4,[8; 4; 4; 1; 512; 64; 4],0.02058695462619653,0.3395600171854157,tvm
8,1,64,2,32,32,2,[8; 1; 64; 2; 32; 32; 2],0.01854370962973917,0.3769745539725103,tvm
4,1,4,1,112,16,1,[4; 1; 4; 1; 112; 16; 1],0.021676562377251685,0.32249147927638216,tvm
8,4,16,4,3584,32,2,[8; 4; 16; 4; 3584; 32; 2],0.043106076002004556,0.16216986826501184,tvm
4,4,32,8,64,32,2,[4; 4; 32; 8; 64; 32; 2],0.024870605499017984,0.2810750492963546,tvm
512,32,16,16,14336,16,1,[512; 32; 16; 16; 14336; 16; 1],0.9510433949762955,0.007350355097982572,tvm
64,2,32,4,448,32,2,[64; 2; 32; 4; 448; 32; 2],0.03201973924296908,0.21831866317280044,tvm
4,2,4,2,7168,64,4,[4; 2; 4; 2; 7168; 64; 4],0.11604873300530016,0.06023768192581126,tvm
256,32,32,8,1792,32,2,[256; 32; 32; 8; 1792; 32; 2],0.02505462475528475,0.27901063116868935,tvm
4,2,4,4,32,16,1,[4; 2; 4; 4; 32; 16; 1],0.028638518750085495,0.2440945611632165,tvm
4,4,32,2,128,128,8,[4; 4; 32; 2; 128; 128; 8],0.01739328362600645,0.40190839274387824,tvm
16,2,1,1,7168,32,2,[16; 2; 1; 1; 7168; 32; 2],0.135487055988051,0.05159538389617958,tvm
8,4,4,4,2048,64,4,[8; 4; 4; 4; 2048; 64; 4],0.026228517497656867,0.26652313335251093,tvm
4,2,4,2,512,16,1,[4; 2; 4; 2; 512; 16; 1],0.018441122621879913,0.37907164384735514,tvm
64,32,8,4,448,32,2,[64; 32; 8; 4; 448; 32; 2],0.01637157137156464,0.4269905745766284,tvm
1,1,4,2,256,64,4,[1; 1; 4; 2; 256; 64; 4],0.052705177513416857,0.1326341546783925,tvm
4,4,64,4,2048,64,4,[4; 4; 64; 4; 2048; 64; 4],0.059444722486659884,0.11759675837052518,tvm
4,2,32,1,112,16,1,[4; 2; 32; 1; 112; 16; 1],0.027044250251492485,0.2584840253162826,tvm
128,4,8,8,7168,32,2,[128; 4; 8; 8; 7168; 32; 2],0.18345061800209805,0.03810565885685225,tvm
8,2,4,2,224,112,7,[8; 2; 4; 2; 224; 112; 7],0.02918054700421635,0.23956050808974197,tvm
2,1,8,8,1792,16,1,[2; 1; 8; 8; 1792; 16; 1],0.0292204619909171,0.2392332697833319,tvm
8,2,8,2,112,16,1,[8; 2; 8; 2; 112; 16; 1],0.021306252499925904,0.328096490299783,tvm
128,2,64,4,2048,64,4,[128; 2; 64; 4; 2048; 64; 4],0.0510975880024489,0.13680697934962488,tvm
8,4,64,4,14336,32,2,[8; 4; 64; 4; 14336; 32; 2],0.28741324797738343,0.024322144911068086,tvm
2,1,64,2,448,112,7,[2; 1; 64; 2; 448; 112; 7],0.028421536000678316,0.24595808848965198,tvm
256,256,8,4,128,32,2,[256; 256; 8; 4; 128; 32; 2],0.057991578010842204,0.1205434807336974,tvm
16,2,32,4,32,32,2,[16; 2; 32; 4; 32; 32; 2],0.036285486989072524,0.19265296532390147,tvm
128,1,4,4,64,32,2,[128; 1; 4; 4; 64; 32; 2],0.0361980897578178,0.19311810964159812,tvm
8,2,32,4,512,32,2,[8; 2; 32; 4; 512; 32; 2],0.03807708299427759,0.18358829292982434,tvm
1,1,32,2,512,128,8,[1; 1; 32; 2; 512; 128; 8],0.06185425550211221,0.11301577571211659,tvm
4,2,32,1,1024,128,8,[4; 2; 32; 1; 1024; 128; 8],0.020454141253139824,0.341764857304561,tvm
16,4,64,16,3584,16,1,[16; 4; 64; 16; 3584; 16; 1],0.11186964501393959,0.062487966827780766,tvm
4,4,32,2,7168,32,2,[4; 4; 32; 2; 7168; 32; 2],0.20737949397880584,0.033708765184763616,tvm
32,32,64,4,1024,64,4,[32; 32; 64; 4; 1024; 64; 4],0.016112364748551045,0.4338597577550068,tvm
512,4,32,16,16,16,1,[512; 4; 32; 16; 16; 16; 1],0.052282527496572584,0.13370636427485136,tvm
64,8,4,4,14336,64,4,[64; 8; 4; 4; 14336; 64; 4],0.24298932496458292,0.028768780964701115,tvm
16,2,64,4,2048,32,2,[16; 2; 64; 4; 2048; 32; 2],0.06361031197593547,0.10989580854926882,tvm
4,4,2,2,1024,64,4,[4; 4; 2; 2; 1024; 64; 4],0.02002912274474511,0.34901711651353845,tvm
32,4,8,2,512,64,4,[32; 4; 8; 2; 512; 64; 4],0.019232985374401323,0.36346446121520354,tvm
256,1,64,16,512,16,1,[256; 1; 64; 16; 512; 16; 1],0.08647316100541502,0.08084018885615753,tvm
2,1,2,2,448,64,4,[2; 1; 2; 2; 448; 64; 4],0.027598178494372405,0.2532959437193333,tvm
16,2,64,1,1792,224,14,[16; 2; 64; 1; 1792; 224; 14],0.03171594024752267,0.22040988260509461,tvm
8,4,8,8,2048,16,1,[8; 4; 8; 8; 2048; 16; 1],0.04150188674975652,0.16843828592220997,tvm
32,2,32,4,32,32,2,[32; 2; 32; 4; 32; 32; 2],0.03420085599645972,0.20439566388017552,tvm
32,16,16,16,32,16,1,[32; 16; 16; 16; 32; 16; 1],0.028304154257057235,0.2469781150561559,tvm
16,16,4,1,896,112,7,[16; 16; 4; 1; 896; 112; 7],0.02138330762682017,0.326914188799247,tvm
16,1,16,1,14336,16,1,[16; 1; 16; 1; 14336; 16; 1],0.21420443599345163,0.03263474275985755,tvm
512,256,64,16,1792,16,1,[512; 256; 64; 16; 1792; 16; 1],0.06550634000450373,0.10671496325677868,tvm
2,1,16,2,512,16,1,[2; 1; 16; 2; 512; 16; 1],0.05281433748314157,0.13236001812761636,tvm
128,1,32,8,3584,16,1,[128; 1; 32; 8; 3584; 16; 1],0.11327618797076866,0.06171205786401104,tvm
64,8,32,8,448,16,1,[64; 8; 32; 8; 448; 16; 1],0.025389589252881706,0.2753296477954344,tvm
4,4,64,4,1024,64,4,[4; 4; 64; 4; 1024; 64; 4],0.05981960750068538,0.1168597882656882,tvm
8,1,32,2,224,32,2,[8; 1; 32; 2; 224; 32; 2],0.016392957120842766,0.4264335357638807,tvm
512,16,8,8,2048,16,1,[512; 16; 8; 8; 2048; 16; 1],0.045308438246138394,0.15428708066896266,tvm
256,256,4,4,224,32,2,[256; 256; 4; 4; 224; 32; 2],0.05021935574768577,0.13919944934755174,tvm
256,64,32,16,14336,16,1,[256; 64; 32; 16; 14336; 16; 1],1.2369254229706712,0.0056515183024356186,tvm
32,4,32,2,896,112,7,[32; 4; 32; 2; 896; 112; 7],0.02043768849398475,0.34203998503667,tvm
64,16,2,2,448,64,4,[64; 16; 2; 2; 448; 64; 4],0.0184641143787303,0.3785996188758106,tvm
64,2,32,2,896,112,7,[64; 2; 32; 2; 896; 112; 7],0.028141664239228703,0.2484041671182365,tvm
16,1,64,4,64,32,2,[16; 1; 64; 4; 64; 32; 2],0.03543317050207406,0.19728707783170238,tvm
4,4,32,1,224,224,14,[4; 4; 32; 1; 224; 224; 14],0.023144505750678945,0.3020374140615036,tvm
128,16,64,16,7168,16,1,[128; 16; 64; 16; 7168; 16; 1],0.16763061296660453,0.041701849936319924,tvm
256,8,8,8,256,16,1,[256; 8; 8; 8; 256; 16; 1],0.04607365850824863,0.1517245839163206,tvm
16,4,32,8,224,16,1,[16; 4; 32; 8; 224; 16; 1],0.025080939754843712,0.278717892351567,tvm
2,1,8,1,512,128,8,[2; 1; 8; 1; 512; 128; 8],0.032647582993377,0.2141201897881624,tvm
128,2,16,2,2048,64,4,[128; 2; 16; 2; 2048; 64; 4],0.030553472257452086,0.2287958176328604,tvm
512,16,16,8,14336,16,1,[512; 16; 16; 8; 14336; 16; 1],0.2888363140518777,0.024202312266770953,tvm
512,1,32,16,256,16,1,[512; 1; 32; 16; 256; 16; 1],0.06984476500656456,0.10008633669265898,tvm
2,2,16,1,256,128,8,[2; 2; 16; 1; 256; 128; 8],0.028782705499907024,0.24287177126866158,tvm
8,4,64,1,128,32,2,[8; 4; 64; 1; 128; 32; 2],0.01826371837523766,0.38275374833552767,tvm
256,8,16,4,1792,32,2,[256; 8; 16; 4; 1792; 32; 2],0.03169111299212091,0.22058255474980185,tvm
256,64,64,16,448,16,1,[256; 64; 64; 16; 448; 16; 1],0.04981551624950953,0.14032789767054746,tvm
128,32,8,8,448,32,2,[128; 32; 8; 8; 448; 32; 2],0.02331450899509946,0.2998350369778759,tvm
32,32,16,4,896,32,2,[32; 32; 16; 4; 896; 32; 2],0.014377711493580136,0.4862044053247301,tvm
8,1,16,8,224,32,2,[8; 1; 16; 8; 224; 32; 2],0.03127120100543834,0.22354455351589966,tvm
8,2,16,1,256,64,4,[8; 2; 16; 1; 256; 64; 4],0.016200601996388286,0.43149672266654715,tvm
16,4,64,4,1024,64,4,[16; 4; 64; 4; 1024; 64; 4],0.028213264246005565,0.24777376363518033,tvm
64,32,32,2,512,128,8,[64; 32; 32; 2; 512; 128; 8],0.018087691627442837,0.38647865137531406,tvm
128,2,64,16,3584,16,1,[128; 2; 64; 16; 3584; 16; 1],0.14403671899344772,0.048532809657964145,tvm
64,1,8,8,14336,32,2,[64; 1; 8; 8; 14336; 32; 2],0.3903109100065194,0.017910098046067694,tvm
1,1,64,2,3584,64,4,[1; 1; 64; 2; 3584; 64; 4],0.1667979340418242,0.041910031481048285,tvm
128,2,32,4,128,32,2,[128; 2; 32; 4; 128; 32; 2],0.0360663894971367,0.19382330097726144,tvm
64,64,64,16,3584,16,1,[64; 64; 64; 16; 3584; 16; 1],0.12338331696810201,0.0566568223196164,tvm
8,1,64,2,512,32,2,[8; 1; 64; 2; 512; 32; 2],0.018465132750861812,0.3785787386955235,tvm
128,2,8,4,512,64,4,[128; 2; 8; 4; 512; 64; 4],0.03594775599776767,0.19446294970681263,tvm
2,2,16,1,3584,112,7,[2; 2; 16; 1; 3584; 112; 7],0.0548990780080203,0.12733377171917917,tvm
16,2,16,2,32,32,2,[16; 2; 16; 2; 32; 32; 2],0.017653406619501766,0.395986271507746,tvm
2,1,64,1,2048,32,2,[2; 1; 64; 1; 2048; 32; 2],0.08326211501844227,0.08395783202382372,tvm
16,1,16,1,1024,128,8,[16; 1; 16; 1; 1024; 128; 8],0.02896337849961128,0.24135674181658354,tvm
32,4,32,4,64,64,4,[32; 4; 32; 4; 64; 64; 4],0.02358149824431166,0.29644031071490207,tvm
32,2,16,16,128,16,1,[32; 2; 16; 16; 128; 16; 1],0.04518143425229937,0.15472077817695454,tvm
32,2,16,8,512,16,1,[32; 2; 16; 8; 512; 16; 1],0.05443603498861194,0.12841689642034154,tvm
1,1,8,8,112,16,1,[1; 1; 8; 8; 112; 16; 1],0.030121773495920934,0.23207486994792373,tvm
16,1,16,1,14336,128,8,[16; 1; 16; 1; 14336; 128; 8],0.2357272370136343,0.029655065554695915,tvm
512,4,16,8,1024,16,1,[512; 4; 16; 8; 1024; 16; 1],0.060292470501735806,0.11594327796644875,tvm
4,4,1,1,14336,32,2,[4; 4; 1; 1; 14336; 32; 2],0.3082637440529652,0.022677031605330706,tvm
16,4,16,1,128,32,2,[16; 4; 16; 1; 128; 32; 2],0.019379634002689272,0.36071407053903126,tvm
8,4,64,1,7168,64,4,[8; 4; 64; 1; 7168; 64; 4],0.09632801747648045,0.07256981768957797,tvm
128,16,8,4,128,64,4,[128; 16; 8; 4; 128; 64; 4],0.02041556562471669,0.34241062898612074,tvm
64,4,64,2,1792,64,4,[64; 4; 64; 2; 1792; 64; 4],0.016567425001994707,0.4219428587016398,tvm
4,4,4,2,256,64,4,[4; 4; 4; 2; 256; 64; 4],0.018161201995098963,0.38491431726562736,tvm
16,8,4,4,256,64,4,[16; 8; 4; 4; 256; 64; 4],0.0173901171219768,0.4019815748010344,tvm
256,2,8,8,896,32,2,[256; 2; 8; 8; 896; 32; 2],0.0415684297477128,0.1681686488783306,tvm
4,4,32,1,448,32,2,[4; 4; 32; 1; 448; 32; 2],0.018870029380195774,0.3704555263704704,tvm
32,1,2,2,896,64,4,[32; 1; 2; 2; 896; 64; 4],0.016230395005550236,0.43070465409351744,tvm
128,128,16,8,1024,32,2,[128; 128; 16; 8; 1024; 32; 2],0.0563160479941871,0.12412992238710041,tvm
16,8,1,1,64,16,1,[16; 8; 1; 1; 64; 16; 1],0.027551363251404837,0.2537263438791989,tvm
256,8,8,8,512,32,2,[256; 8; 8; 8; 512; 32; 2],0.03500710149819497,0.19968824517011527,tvm
8,1,32,2,7168,64,4,[8; 1; 32; 2; 7168; 64; 4],0.09680772849242203,0.07221021271265417,tvm
128,2,4,2,7168,64,4,[128; 2; 4; 2; 7168; 64; 4],0.16062744101509452,0.043520002699973,tvm
128,4,4,2,3584,64,4,[128; 4; 4; 2; 3584; 64; 4],0.07345282949972898,0.0951700120237364,tvm
16,4,16,8,1792,32,2,[16; 4; 16; 8; 1792; 32; 2],0.021416645002318546,0.32640531072490025,tvm
8,2,2,1,3584,64,4,[8; 2; 2; 1; 3584; 64; 4],0.047126570003456436,0.14833472213560114,tvm
8,4,64,1,1024,128,8,[8; 4; 64; 1; 1024; 128; 8],0.016682306872098707,0.41903717035431987,tvm
16,8,16,2,112,16,1,[16; 8; 16; 2; 112; 16; 1],0.021772086249256972,0.3210765650400285,tvm
32,4,4,2,896,128,8,[32; 4; 4; 2; 896; 128; 8],0.015206105752440635,0.4597170886796355,tvm
16,4,2,2,896,128,8,[16; 4; 2; 2; 896; 128; 8],0.01759768949705176,0.397240027893311,tvm
16,4,64,2,1024,128,8,[16; 4; 64; 2; 1024; 128; 8],0.018748138500086498,0.3728640401624095,tvm
4,1,16,1,3584,16,1,[4; 1; 16; 1; 3584; 16; 1],0.05849125699023716,0.11951370215609249,tvm
16,8,2,1,7168,16,1,[16; 8; 2; 1; 7168; 16; 1],0.10415367997484282,0.0671172316557144,tvm
8,1,8,2,16,16,1,[8; 1; 8; 2; 16; 16; 1],0.027396612262236886,0.25515952847579937,tvm
16,16,8,2,1792,112,7,[16; 16; 8; 2; 1792; 112; 7],0.015994457869965117,0.43705805620293353,tvm
2,1,32,1,1024,16,1,[2; 1; 32; 1; 1024; 16; 1],0.09029559450573288,0.07741802581766975,tvm
16,8,16,4,896,32,2,[16; 8; 16; 4; 896; 32; 2],0.01885346912604291,0.3707809220643883,tvm
32,16,4,1,1024,128,8,[32; 16; 4; 1; 1024; 128; 8],0.027724570245482028,0.2521412092151666,tvm
64,1,64,4,448,32,2,[64; 1; 64; 4; 448; 32; 2],0.025792323009227403,0.2710305180408046,tvm
32,16,16,8,224,16,1,[32; 16; 16; 8; 224; 16; 1],0.02059627124981489,0.3394064188550388,tvm
4,1,64,1,14336,64,4,[4; 1; 64; 1; 14336; 64; 4],0.2471022530226037,0.028289934960759787,tvm
16,16,8,8,14336,16,1,[16; 16; 8; 8; 14336; 16; 1],0.19357886799843982,0.03611193070269947,tvm
16,2,16,8,128,32,2,[16; 2; 16; 8; 128; 32; 2],0.033077329251682386,0.21133830405340584,tvm
8,2,8,2,3584,32,2,[8; 2; 8; 2; 3584; 32; 2],0.03298689999792259,0.2119176602562504,tvm
512,4,32,8,1024,16,1,[512; 4; 32; 8; 1024; 16; 1],0.059970970498397946,0.11656484143196265,tvm
8,4,32,1,224,32,2,[8; 4; 32; 1; 224; 32; 2],0.016905623000639025,0.4135018665921054,tvm
16,4,8,4,896,16,1,[16; 4; 8; 4; 896; 16; 1],0.024138430620951112,0.28960071085148387,tvm
16,1,64,2,16,16,1,[16; 1; 64; 2; 16; 16; 1],0.023423246129823383,0.29844312047620436,tvm
8,4,2,2,256,64,4,[8; 4; 2; 2; 256; 64; 4],0.015452132000064012,0.45239755048932456,tvm
16,8,16,2,14336,128,8,[16; 8; 16; 2; 14336; 128; 8],0.16672674199799076,0.04192792699536413,tvm
32,2,32,8,32,32,2,[32; 2; 32; 8; 32; 32; 2],0.03431540275050793,0.2037133796007449,tvm
8,8,2,2,7168,32,2,[8; 8; 2; 2; 7168; 32; 2],0.09731357451528311,0.07183485656020998,tvm
2,1,8,1,2048,128,8,[2; 1; 8; 1; 2048; 128; 8],0.03772979600762483,0.18527814635557407,tvm
4,1,16,1,512,16,1,[4; 1; 16; 1; 512; 16; 1],0.03215415724844206,0.2174059986288514,tvm
16,2,4,4,3584,64,4,[16; 2; 4; 4; 3584; 64; 4],0.048482736994628794,0.1441854792034764,tvm
8,8,64,4,7168,16,1,[8; 8; 64; 4; 7168; 16; 1],0.16499384603230283,0.042368287271138894,tvm
128,1,64,4,32,32,2,[128; 1; 64; 4; 32; 32; 2],0.036036363744642586,0.19398479591898124,tvm
64,2,8,2,256,64,4,[64; 2; 8; 2; 256; 64; 4],0.01793179949891055,0.3898385472741526,tvm
256,64,64,8,14336,32,2,[256; 64; 64; 8; 14336; 32; 2],0.3256115870317444,0.021468851063906245,tvm
128,16,4,4,14336,64,4,[128; 16; 4; 4; 14336; 64; 4],0.23372436704812571,0.029909190705936388,tvm
64,64,4,4,7168,32,2,[64; 64; 4; 4; 7168; 32; 2],0.11909023101907223,0.05869924515930396,tvm
4,1,4,1,256,64,4,[4; 1; 4; 1; 256; 64; 4],0.01751814987801481,0.39904366130807667,tvm
16,4,2,2,7168,64,4,[16; 4; 2; 2; 7168; 64; 4],0.07505789550486952,0.09313486102488905,tvm
4,1,8,2,256,16,1,[4; 1; 8; 2; 256; 16; 1],0.018164632499974687,0.3848416237805201,tvm
64,32,2,2,7168,64,4,[64; 32; 2; 2; 7168; 64; 4],0.1974655719823204,0.035401141558451234,tvm
8,8,32,4,512,64,4,[8; 8; 32; 4; 512; 64; 4],0.0186134262548876,0.3755625950290086,tvm
1,1,64,2,128,16,1,[1; 1; 64; 2; 128; 16; 1],0.06838616100139916,0.10222107169495365,tvm
32,2,16,4,64,32,2,[32; 2; 16; 4; 64; 32; 2],0.033306319994153455,0.20988529107670167,tvm
16,16,16,1,448,224,14,[16; 16; 16; 1; 448; 224; 14],0.01618674924975494,0.43186600093730987,tvm
128,32,2,2,3584,64,4,[128; 32; 2; 2; 3584; 64; 4],0.091770210507093,0.07617402889281119,tvm
64,4,16,16,112,16,1,[64; 4; 16; 16; 112; 16; 1],0.038287441260763444,0.18257962497563038,tvm
256,128,8,8,1792,16,1,[256; 128; 8; 8; 1792; 16; 1],0.04805974874761887,0.14545449880265995,tvm
128,1,32,16,7168,16,1,[128; 1; 32; 16; 7168; 16; 1],0.7566722549963742,0.009238486835624974,tvm
64,4,32,4,7168,64,4,[64; 4; 32; 4; 7168; 64; 4],0.12444976199185476,0.056171314069079506,tvm
4,4,2,1,14336,128,8,[4; 4; 2; 1; 14336; 128; 8],0.27196186798391864,0.025703995631770046,tvm
32,16,64,2,14336,64,4,[32; 16; 64; 2; 14336; 64; 4],0.14631122100399807,0.04777833592459491,tvm
128,16,64,4,256,64,4,[128; 16; 64; 4; 256; 64; 4],0.020992508994822856,0.33300005580041225,tvm
4,4,32,1,896,224,14,[4; 4; 32; 1; 896; 224; 14],0.022544010629644617,0.31008265483491143,tvm
256,32,32,4,512,32,2,[256; 32; 32; 4; 512; 32; 2],0.03235542299808003,0.21605363240287365,tvm
256,1,8,4,7168,32,2,[256; 1; 8; 4; 7168; 32; 2],0.22862879594322294,0.030575792685374026,tvm
2,1,16,1,64,32,2,[2; 1; 16; 1; 64; 32; 2],0.030470664511085488,0.22941759816637608,tvm
256,128,16,16,1792,16,1,[256; 128; 16; 16; 1792; 16; 1],0.06684033849160187,0.1045851475983322,tvm
4,4,64,8,14336,16,1,[4; 4; 64; 8; 14336; 16; 1],1.053471709950827,0.006635685230686416,tvm
64,64,8,4,896,32,2,[64; 64; 8; 4; 896; 32; 2],0.019559202875825576,0.35740243153296725,tvm
2,2,1,1,14336,128,8,[2; 2; 1; 1; 14336; 128; 8],0.47181652195286006,0.01481615488523545,tvm
32,32,16,4,1792,32,2,[32; 32; 16; 4; 1792; 32; 2],0.014846577250864357,0.4708497149576805,tvm
8,1,32,4,32,32,2,[8; 1; 32; 4; 32; 32; 2],0.03411078275530599,0.20493539291704707,tvm
16,8,64,2,32,16,1,[16; 8; 64; 2; 32; 16; 1],0.023533498373581097,0.2970449423071866,tvm
8,8,64,16,2048,16,1,[8; 8; 64; 16; 2048; 16; 1],0.059964734013192356,0.11657696447263056,tvm
128,32,16,4,256,32,2,[128; 32; 16; 4; 256; 32; 2],0.024705972500669304,0.28294804693388564,tvm
8,1,16,2,1024,128,8,[8; 1; 16; 2; 1024; 128; 8],0.02377326725400053,0.29404905064070713,tvm
4,4,1,1,2048,128,8,[4; 4; 1; 1; 2048; 128; 8],0.030887414992321283,0.2263221661121376,tvm
2,1,64,8,2048,32,2,[2; 1; 64; 8; 2048; 32; 2],0.159724548982922,0.04376601287140966,tvm
4,1,32,2,512,128,8,[4; 1; 32; 2; 512; 128; 8],0.021687956628738903,0.3223220511886991,tvm
64,2,64,4,32,32,2,[64; 2; 64; 4; 32; 32; 2],0.03280282550258562,0.21310684550986786,tvm
128,128,64,16,512,16,1,[128; 128; 64; 16; 512; 16; 1],0.08449078351259232,0.08273691373242878,tvm
4,4,32,16,896,16,1,[4; 4; 32; 16; 896; 16; 1],0.03453800424176734,0.20240042295822466,tvm
64,4,16,4,1792,64,4,[64; 4; 16; 4; 1792; 64; 4],0.02073322850628756,0.33716440565668415,tvm
16,4,1,1,3584,224,14,[16; 4; 1; 1; 3584; 224; 14],0.058819487487198785,0.11884677961854138,tvm
64,2,16,8,512,16,1,[64; 2; 16; 8; 512; 16; 1],0.059957749996101484,0.11659054362649027,tvm
16,8,32,4,7168,16,1,[16; 8; 32; 4; 7168; 16; 1],0.135875839041546,0.05144775344886164,tvm
4,1,32,1,32,16,1,[4; 1; 32; 1; 32; 16; 1],0.035701888758921996,0.19580215248191093,tvm
16,4,4,1,128,128,8,[16; 4; 4; 1; 128; 128; 8],0.028483995745773427,0.2454187512545162,tvm
16,4,16,1,64,64,4,[16; 4; 16; 1; 64; 64; 4],0.016577219750615768,0.42169355126072944,tvm
4,4,2,1,1024,128,8,[4; 4; 2; 1; 1024; 128; 8],0.0250647529901471,0.2788978877794894,tvm
16,2,8,1,256,128,8,[16; 2; 8; 1; 256; 128; 8],0.027947754992055707,0.25012766387331486,tvm
4,1,16,1,448,224,14,[4; 1; 16; 1; 448; 224; 14],0.03456822974840179,0.20222344961097877,tvm
16,1,8,4,2048,16,1,[16; 1; 8; 4; 2048; 16; 1],0.05817831848980859,0.12015656086538891,tvm
32,4,16,2,7168,112,7,[32; 4; 16; 2; 7168; 112; 7],0.10887014295440167,0.06420958471226143,tvm
1,1,16,2,256,16,1,[1; 1; 16; 2; 256; 16; 1],0.056547451502410695,0.12362195785903193,tvm
128,16,8,8,2048,32,2,[128; 16; 8; 8; 2048; 32; 2],0.02918056726048235,0.23956034179409283,tvm
1,1,32,1,224,32,2,[1; 1; 32; 1; 224; 32; 2],0.05918012099573389,0.11812254772460826,tvm
8,4,2,1,1024,16,1,[8; 4; 2; 1; 1024; 16; 1],0.017797095628338866,0.3927891838450015,tvm
128,128,8,8,128,32,2,[128; 128; 8; 8; 128; 32; 2],0.04110201424919069,0.17007698513958625,tvm
16,8,16,1,7168,224,14,[16; 8; 16; 1; 7168; 224; 14],0.12284596299286932,0.05690465112860433,tvm
512,2,8,8,64,16,1,[512; 2; 8; 8; 64; 16; 1],0.06757631650543772,0.10344610402231906,tvm
16,16,4,4,64,32,2,[16; 16; 4; 4; 64; 32; 2],0.02342215337557718,0.2984570442594672,tvm
32,1,32,8,14336,16,1,[32; 1; 32; 8; 14336; 16; 1],0.6285093660117127,0.011122358782058936,tvm
32,1,32,2,256,128,8,[32; 1; 32; 2; 256; 128; 8],0.017659045246546157,0.3958598309857043,tvm
512,16,64,8,256,16,1,[512; 16; 64; 8; 256; 16; 1],0.04417479599942453,0.15824649573385088,tvm
8,1,32,2,112,112,7,[8; 1; 32; 2; 112; 112; 7],0.026971802741172723,0.25917832536998314,tvm
16,16,16,2,112,16,1,[16; 16; 16; 2; 112; 16; 1],0.021897470876865555,0.31923808489007116,tvm
32,32,4,4,3584,64,4,[32; 32; 4; 4; 3584; 64; 4],0.027329436750733294,0.2557867083184252,tvm
128,1,16,8,1792,16,1,[128; 1; 16; 8; 1792; 16; 1],0.0463978467596462,0.1506644630057822,tvm
128,4,64,8,3584,32,2,[128; 4; 64; 8; 3584; 32; 2],0.05421877099433914,0.12893148513817346,tvm
1,1,64,2,32,32,2,[1; 1; 64; 2; 32; 32; 2],0.04542743775527924,0.15388291772749788,tvm
4,2,16,4,128,64,4,[4; 2; 16; 4; 128; 64; 4],0.027791223998065107,0.25153648026273917,tvm
16,1,64,4,64,64,4,[16; 1; 64; 4; 64; 64; 4],0.030757467990042642,0.22727835298177856,tvm
64,64,8,2,3584,128,8,[64; 64; 8; 2; 3584; 128; 8],0.04792912099219393,0.14585092574105812,tvm
8,4,64,8,1792,32,2,[8; 4; 64; 8; 1792; 32; 2],0.023902494373032823,0.2924592955684771,tvm
8,8,16,4,448,32,2,[8; 8; 16; 4; 448; 32; 2],0.016699444255209528,0.41860714403630056,tvm
4,2,4,1,14336,112,7,[4; 2; 4; 1; 14336; 112; 7],0.2773391460068524,0.02520562555743194,tvm
8,1,32,2,3584,64,4,[8; 1; 32; 2; 3584; 64; 4],0.028654545501922257,0.2439580368216874,tvm
8,8,16,1,224,224,14,[8; 8; 16; 1; 224; 224; 14],0.018372052247286774,0.3804967769835861,tvm
8,8,16,4,2048,32,2,[8; 8; 16; 4; 2048; 32; 2],0.025506964753731154,0.2740626622634156,tvm
1,1,32,1,16,16,1,[1; 1; 32; 1; 16; 16; 1],0.08527895150473341,0.08197223984723427,tvm
16,8,8,2,14336,128,8,[16; 8; 8; 2; 14336; 128; 8],0.18526167498202994,0.0377331505145073,tvm
2,2,8,2,1024,32,2,[2; 2; 8; 2; 1024; 32; 2],0.05312856347882189,0.13157718200781438,tvm
128,8,4,4,7168,64,4,[128; 8; 4; 4; 7168; 64; 4],0.12443148397142068,0.056179565199690466,tvm
4,1,16,2,2048,32,2,[4; 1; 16; 2; 2048; 32; 2],0.033698168757837266,0.20744470469306636,tvm
4,2,16,1,7168,224,14,[4; 2; 16; 1; 7168; 224; 14],0.1372187770321034,0.05094424260195224,tvm
2,2,8,8,1792,16,1,[2; 2; 8; 8; 1792; 16; 1],0.028229325500433333,0.24763279117523934,tvm
64,8,2,1,512,128,8,[64; 8; 2; 1; 512; 128; 8],0.029178185999626294,0.23957989255247736,tvm
8,4,8,2,1024,128,8,[8; 4; 8; 2; 1024; 128; 8],0.020322652002505492,0.3439761043885826,tvm
2,2,64,16,32,16,1,[2; 2; 64; 16; 32; 16; 1],0.05923080799402669,0.11802146388703064,tvm
128,1,8,4,256,32,2,[128; 1; 8; 4; 256; 32; 2],0.04014836375426967,0.17411685092454723,tvm
16,2,8,8,3584,16,1,[16; 2; 8; 8; 3584; 16; 1],0.07633780949981883,0.09157332012105034,tvm
8,4,1,1,3584,128,8,[8; 4; 1; 1; 3584; 128; 8],0.06124174501746893,0.11414610515544024,tvm
4,1,32,16,512,16,1,[4; 1; 32; 16; 512; 16; 1],0.09109151500160806,0.07674157869196996,tvm
16,4,16,2,7168,64,4,[16; 4; 16; 2; 7168; 64; 4],0.08208023649058305,0.08516674616877691,tvm
8,4,8,8,7168,16,1,[8; 4; 8; 8; 7168; 16; 1],0.2588560720323585,0.027005380294084093,tvm
1,1,16,1,7168,128,8,[1; 1; 16; 1; 7168; 128; 8],0.4464176669716835,0.015659117422676012,tvm
16,16,8,8,7168,16,1,[16; 16; 8; 8; 7168; 16; 1],0.0799730964936316,0.08741072902214475,tvm
8,1,32,2,7168,128,8,[8; 1; 32; 2; 7168; 128; 8],0.10218062996864319,0.0684132273290142,tvm
64,64,8,2,1024,64,4,[64; 64; 8; 2; 1024; 64; 4],0.019967071748396847,0.3501017452510498,tvm
2,1,8,1,896,112,7,[2; 1; 8; 1; 896; 112; 7],0.033234880000236444,0.2103364497364496,tvm
256,1,64,8,16,16,1,[256; 1; 64; 8; 16; 16; 1],0.06184490548912436,0.1130328619856323,tvm
2,2,8,1,2048,32,2,[2; 2; 8; 1; 2048; 32; 2],0.05293084398726933,0.13206867943288397,tvm
4,1,64,4,224,32,2,[4; 1; 64; 4; 224; 32; 2],0.0194402924971655,0.3595885539112089,tvm
32,32,4,1,512,128,8,[32; 32; 4; 1; 512; 128; 8],0.02416620587609941,0.2892678603545432,tvm
128,8,4,4,7168,32,2,[128; 8; 4; 4; 7168; 32; 2],0.12469409999903291,0.05606124641599629,tvm
128,4,4,2,14336,64,4,[128; 4; 4; 2; 14336; 64; 4],0.31377173896180466,0.022278955682231212,tvm
2,1,16,2,1024,32,2,[2; 1; 16; 2; 1024; 32; 2],0.05489062948618084,0.12735337036764321,tvm
16,4,32,16,256,16,1,[16; 4; 32; 16; 256; 16; 1],0.03368086475529708,0.20755128223265856,tvm
16,2,64,2,1792,128,8,[16; 2; 64; 2; 1792; 128; 8],0.016253702124231495,0.43008704190813335,tvm
2,1,16,2,64,32,2,[2; 1; 16; 2; 64; 32; 2],0.03167624000343494,0.2206861251811649,tvm
2,1,4,2,1792,112,7,[2; 1; 4; 2; 1792; 112; 7],0.03205891800462268,0.2180518589447929,tvm
32,1,8,2,7168,128,8,[32; 1; 8; 2; 7168; 128; 8],0.08044802700169384,0.08689469371970404,tvm
128,128,8,4,2048,32,2,[128; 128; 8; 4; 2048; 32; 2],0.038105017752968706,0.1834537044959662,tvm
32,32,8,2,128,64,4,[32; 32; 8; 2; 128; 64; 4],0.018410011623927858,0.3797122353568189,tvm
128,32,4,4,14336,32,2,[128; 32; 4; 4; 14336; 32; 2],0.24194909405196086,0.02889246886440248,tvm
8,2,32,8,64,16,1,[8; 2; 32; 8; 64; 16; 1],0.03840783325722441,0.18200731657654162,tvm
8,2,8,8,112,16,1,[8; 2; 8; 8; 112; 16; 1],0.03285909724945668,0.21274189651641306,tvm
256,128,32,16,256,16,1,[256; 128; 32; 16; 256; 16; 1],0.07354414102155715,0.09505185008031598,tvm
16,1,8,1,3584,32,2,[16; 1; 8; 1; 3584; 32; 2],0.036483938005403616,0.19160504728495337,tvm
16,4,4,2,128,16,1,[16; 4; 4; 2; 128; 16; 1],0.02431024962424999,0.2875538826098062,tvm
32,8,8,2,14336,112,7,[32; 8; 8; 2; 14336; 112; 7],0.18093853699974716,0.03863470315710818,tvm
8,2,64,2,3584,64,4,[8; 2; 64; 2; 3584; 64; 4],0.029103308988851495,0.2401962838433422,tvm
2,1,1,1,1792,16,1,[2; 1; 1; 1; 1792; 16; 1],0.041029124753549695,0.17037913210814648,tvm
16,4,64,2,1792,64,4,[16; 4; 64; 2; 1792; 64; 4],0.017272120370762423,0.40472776454823267,tvm
128,32,32,8,7168,16,1,[128; 32; 32; 8; 7168; 16; 1],0.11066010099602863,0.06317097674542645,tvm
16,2,8,2,896,128,8,[16; 2; 8; 2; 896; 128; 8],0.017497751621704083,0.3995088522113717,tvm
256,2,8,8,32,16,1,[256; 2; 8; 8; 32; 16; 1],0.06804190800176002,0.10273825164464591,tvm
64,8,64,2,896,64,4,[64; 8; 64; 2; 896; 64; 4],0.017474362124630716,0.4000435962588475,tvm
16,1,1,1,224,16,1,[16; 1; 1; 1; 224; 16; 1],0.03274890525790397,0.2134577205440937,tvm
64,16,64,4,7168,64,4,[64; 16; 64; 4; 7168; 64; 4],0.06634754250990227,0.10536195316689152,tvm
16,8,16,2,7168,128,8,[16; 8; 16; 2; 7168; 128; 8],0.07462688849773258,0.09367276068168194,tvm
1,1,16,2,896,128,8,[1; 1; 16; 2; 896; 128; 8],0.05401568050729111,0.12941624730106063,tvm
16,8,16,8,896,32,2,[16; 8; 16; 8; 896; 32; 2],0.018891342624556273,0.3700375778257244,tvm
256,64,8,8,256,32,2,[256; 64; 8; 8; 256; 32; 2],0.04707717374549247,0.1484903640235198,tvm
512,8,32,8,3584,16,1,[512; 8; 32; 8; 3584; 16; 1],0.0751680500106886,0.09299837717850395,tvm
256,16,32,16,224,16,1,[256; 16; 32; 16; 224; 16; 1],0.03682755924819503,0.18981726754018544,tvm
8,2,2,2,3584,64,4,[8; 2; 2; 2; 3584; 64; 4],0.04041723924456164,0.1729585394085836,tvm
4,2,64,8,32,16,1,[4; 2; 64; 8; 32; 16; 1],0.047156144995824434,0.14824169081857008,tvm
256,64,8,8,224,16,1,[256; 64; 8; 8; 224; 16; 1],0.045194788501248695,0.15467506096357825,tvm
4,4,4,4,3584,16,1,[4; 4; 4; 4; 3584; 16; 1],0.040996101262862794,0.1705163771999746,tvm
16,1,8,4,16,16,1,[16; 1; 8; 4; 16; 16; 1],0.04431442824716214,0.15774787000922963,tvm
4,2,4,2,224,32,2,[4; 2; 4; 2; 224; 32; 2],0.01679641612281557,0.4161903715383096,tvm
8,8,4,2,32,32,2,[8; 8; 4; 2; 32; 32; 2],0.018437869373883586,0.3791385286940152,tvm
128,64,8,8,256,16,1,[128; 64; 8; 8; 256; 16; 1],0.0408745517488569,0.17102344533630667,tvm
16,4,1,1,14336,64,4,[16; 4; 1; 1; 14336; 64; 4],0.22458722000010312,0.03112602162609011,tvm
512,8,16,16,1024,16,1,[512; 8; 16; 16; 1024; 16; 1],0.07706095551839098,0.09071398894085017,tvm
256,1,8,8,224,16,1,[256; 1; 8; 8; 224; 16; 1],0.05154540450894274,0.1356184267688474,tvm
64,4,32,16,16,16,1,[64; 4; 32; 16; 16; 16; 1],0.03813416400225833,0.18331348934914857,tvm
16,16,32,2,64,32,2,[16; 16; 32; 2; 64; 32; 2],0.017728496502968483,0.39430905296995533,tvm
256,2,32,4,896,32,2,[256; 2; 32; 4; 896; 32; 2],0.043010163004510105,0.16253150833056906,tvm
256,2,32,8,112,16,1,[256; 2; 32; 8; 112; 16; 1],0.059699717501644045,0.11709446810153093,tvm
512,32,8,8,3584,16,1,[512; 32; 8; 8; 3584; 16; 1],0.07499941051355563,0.09320748814956593,tvm
8,8,32,2,7168,128,8,[8; 8; 32; 2; 7168; 128; 8],0.10405213799094781,0.06718272975106784,tvm
8,1,2,2,224,16,1,[8; 1; 2; 2; 224; 16; 1],0.019238195127400104,0.3633660340990304,tvm
4,2,4,2,14336,32,2,[4; 2; 4; 2; 14336; 32; 2],0.23189830995397642,0.030144707255753758,tvm
16,4,2,1,1792,128,8,[16; 4; 2; 1; 1792; 128; 8],0.02624221825681161,0.2663839847019092,tvm
64,4,32,16,32,16,1,[64; 4; 32; 16; 32; 16; 1],0.038417310497607104,0.18196241684076464,tvm
1,1,16,1,64,64,4,[1; 1; 16; 1; 64; 64; 4],0.03469955950276926,0.20145808093352818,tvm
4,1,2,2,224,112,7,[4; 1; 2; 2; 224; 112; 7],0.027071523742051795,0.25822361287362267,tvm
512,64,8,8,224,16,1,[512; 64; 8; 8; 224; 16; 1],0.04833054124901537,0.14463952784325756,tvm
128,1,32,8,2048,16,1,[128; 1; 32; 8; 2048; 16; 1],0.08801591797964647,0.07942320920044496,tvm
16,2,32,1,448,224,14,[16; 2; 32; 1; 448; 224; 14],0.0353140564984642,0.1979525254191821,tvm
256,2,32,8,256,16,1,[256; 2; 32; 8; 256; 16; 1],0.06200018950039521,0.11274976291196831,tvm
32,4,32,2,2048,128,8,[32; 4; 32; 2; 2048; 128; 8],0.01681185024790466,0.4158082878199517,tvm
64,16,32,4,32,32,2,[64; 16; 32; 4; 32; 32; 2],0.019155087124090642,0.36494256702570493,tvm
256,4,16,8,64,16,1,[256; 4; 16; 8; 64; 16; 1],0.05286109450389631,0.1322429422294956,tvm
8,1,32,1,7168,224,14,[8; 1; 32; 1; 7168; 224; 14],0.16397973004495725,0.04263030964101554,tvm
512,2,32,16,14336,16,1,[512; 2; 32; 16; 14336; 16; 1],1.6110487669939175,0.004339103079859195,tvm
4,4,16,8,128,16,1,[4; 4; 16; 8; 128; 16; 1],0.027546758254175074,0.25376875936416815,tvm
256,32,8,8,7168,16,1,[256; 32; 8; 8; 7168; 16; 1],0.14205197599949315,0.04921090760956123,tvm
8,8,64,8,64,32,2,[8; 8; 64; 8; 64; 32; 2],0.01963124087342294,0.35609092220606986,tvm
1,1,32,16,256,16,1,[1; 1; 32; 16; 256; 16; 1],0.07036636149859987,0.09934443841899886,tvm
1,1,8,4,7168,64,4,[1; 1; 8; 4; 7168; 64; 4],0.3881422599661164,0.018010166342816977,tvm
16,8,64,1,896,16,1,[16; 8; 64; 1; 896; 16; 1],0.022669706253509503,0.3083633545355033,tvm
4,1,4,1,14336,112,7,[4; 1; 4; 1; 14336; 112; 7],0.2735522269504145,0.025554559524510113,tvm
2,2,4,2,128,32,2,[2; 2; 4; 2; 128; 32; 2],0.019798923123744316,0.3530750951946038,tvm
4,1,4,2,64,64,4,[4; 1; 4; 2; 64; 64; 4],0.017586740999831818,0.3974873267726816,tvm
2,2,64,1,7168,32,2,[2; 2; 64; 1; 7168; 32; 2],0.3541589920059778,0.019738328898758203,tvm
128,2,16,16,16,16,1,[128; 2; 16; 16; 16; 16; 1],0.05349255949840881,0.13068185056418186,tvm
8,4,64,2,224,112,7,[8; 4; 64; 2; 224; 112; 7],0.0207863476316561,0.3363027882791988,tvm
4,1,2,1,448,112,7,[4; 1; 2; 1; 448; 112; 7],0.03247021524293814,0.21528981604724698,tvm
64,64,4,1,512,128,8,[64; 64; 4; 1; 512; 128; 8],0.02913698725751601,0.23991865064441195,tvm
16,16,8,4,3584,16,1,[16; 16; 8; 4; 3584; 16; 1],0.03997156048717443,0.17488700920019604,tvm
4,4,64,2,512,32,2,[4; 4; 64; 2; 512; 32; 2],0.03527634449710604,0.19816414558600726,tvm
256,128,16,4,512,32,2,[256; 128; 16; 4; 512; 32; 2],0.040509830505470745,0.17256321686467233,tvm
32,4,32,1,896,128,8,[32; 4; 32; 1; 896; 128; 8],0.025031368248164654,0.2792698584177165,tvm
16,16,64,2,256,64,4,[16; 16; 64; 2; 256; 64; 4],0.014761374251975212,0.473567470571466,tvm
8,2,4,2,7168,128,8,[8; 2; 4; 2; 7168; 128; 8],0.09786694450303912,0.07142868005294256,tvm
64,16,64,1,1024,128,8,[64; 16; 64; 1; 1024; 128; 8],0.028678411996224895,0.24375501222267354,tvm
16,1,16,4,448,16,1,[16; 1; 16; 4; 448; 16; 1],0.037774069744045846,0.18506098797492024,tvm
8,2,64,2,512,16,1,[8; 2; 64; 2; 512; 16; 1],0.025077572994632646,0.27875531129598724,tvm
256,8,32,8,512,32,2,[256; 8; 32; 8; 512; 32; 2],0.0337377817631932,0.20720113479105726,tvm
128,64,32,8,2048,32,2,[128; 64; 32; 8; 2048; 32; 2],0.054377112013753504,0.12855604881882235,tvm
16,1,8,2,1024,32,2,[16; 1; 8; 2; 1024; 32; 2],0.02781163425242994,0.2513518840071722,tvm
128,128,8,2,896,64,4,[128; 128; 8; 2; 896; 64; 4],0.023551741993287578,0.29681484574088035,tvm
256,1,4,4,512,32,2,[256; 1; 4; 4; 512; 32; 2],0.05188345551141538,0.1347347935437457,tvm
16,8,8,1,1024,64,4,[16; 8; 8; 1; 1024; 64; 4],0.01922824012581259,0.3635541589311854,tvm
4,4,8,1,112,112,7,[4; 4; 8; 1; 112; 112; 7],0.023127635875425767,0.3022577276951346,tvm
64,8,4,4,3584,32,2,[64; 8; 4; 4; 3584; 32; 2],0.05123495648149401,0.1364401796494475,tvm
1,1,2,1,448,32,2,[1; 1; 2; 1; 448; 32; 2],0.051971626991871744,0.1345062117789764,tvm
256,1,32,8,112,16,1,[256; 1; 32; 8; 112; 16; 1],0.058520614489680156,0.1194537468142856,tvm
8,1,16,2,7168,32,2,[8; 1; 16; 2; 7168; 32; 2],0.08768783148843795,0.079720373374593,tvm
16,1,8,8,1024,32,2,[16; 1; 8; 8; 1024; 32; 2],0.08023773899185471,0.08712242835477087,tvm
4,2,4,4,16,16,1,[4; 2; 4; 4; 16; 16; 1],0.0433949602447683,0.16109028853205237,tvm
128,4,8,4,256,64,4,[128; 4; 8; 4; 256; 64; 4],0.026447468757396564,0.2643166622405644,tvm
4,2,1,1,448,32,2,[4; 2; 1; 1; 448; 32; 2],0.022577487128728535,0.3096228834860747,tvm
16,1,64,4,32,32,2,[16; 1; 64; 4; 32; 32; 2],0.03760744426108431,0.18588092873677012,tvm
16,4,64,1,1024,32,2,[16; 4; 64; 1; 1024; 32; 2],0.019201390125090256,0.3640625299067407,tvm
32,32,64,1,1024,128,8,[32; 32; 64; 1; 1024; 128; 8],0.01533235312672332,0.45593175482520404,tvm
4,1,4,4,512,64,4,[4; 1; 4; 4; 512; 64; 4],0.036361255260999314,0.1922515220250003,tvm
16,8,64,2,896,16,1,[16; 8; 64; 2; 896; 16; 1],0.019650615118735004,0.3557398394110258,tvm
256,2,8,4,448,32,2,[256; 2; 8; 4; 448; 32; 2],0.04210211899771821,0.16603693194267796,tvm
32,4,64,8,224,16,1,[32; 4; 64; 8; 224; 16; 1],0.027418180514359847,0.25495880964841916,tvm
2,2,32,4,256,16,1,[2; 2; 32; 4; 256; 16; 1],0.04549601649341639,0.15365096123697433,tvm
16,2,8,1,256,64,4,[16; 2; 8; 1; 256; 64; 4],0.018413120000332128,0.37964813494620003,tvm
2,1,16,1,896,32,2,[2; 1; 16; 1; 896; 32; 2],0.03200659275171347,0.21840833608545948,tvm
64,1,4,2,3584,64,4,[64; 1; 4; 2; 3584; 64; 4],0.04769073774514254,0.14657996494043904,tvm
256,128,32,8,448,32,2,[256; 128; 32; 8; 448; 32; 2],0.03796095676079858,0.18414990725116825,tvm
4,4,32,8,224,32,2,[4; 4; 32; 8; 224; 32; 2],0.022398457251256332,0.3120976854901276,tvm
8,1,4,1,128,64,4,[8; 1; 4; 1; 128; 64; 4],0.016754011499870103,0.4172437548297532,tvm
128,64,8,8,512,16,1,[128; 64; 8; 8; 512; 16; 1],0.04828214325243607,0.14478451443461887,tvm
4,2,2,1,1024,64,4,[4; 2; 2; 1; 1024; 64; 4],0.019430203625233844,0.3597752654320181,tvm
256,2,64,8,1792,16,1,[256; 2; 64; 8; 1792; 16; 1],0.0479616947559407,0.14575186932485948,tvm
32,2,32,2,512,64,4,[32; 2; 32; 2; 512; 64; 4],0.018665984003746416,0.3745051246836821,tvm
8,1,4,2,32,16,1,[8; 1; 4; 2; 32; 16; 1],0.02462483724957565,0.28388031952524406,tvm
4,1,1,1,1792,32,2,[4; 1; 1; 1; 1792; 32; 2],0.025449968248722143,0.27467643960686133,tvm
512,1,16,16,2048,16,1,[512; 1; 16; 16; 2048; 16; 1],0.21814228600123897,0.03204562854277122,tvm
16,16,16,4,64,32,2,[16; 16; 16; 4; 64; 32; 2],0.017725089128362015,0.3943848527949638,tvm
128,64,4,4,512,32,2,[128; 64; 4; 4; 512; 32; 2],0.023938949620060157,0.29201392615859895,tvm
64,1,32,1,14336,128,8,[64; 1; 32; 1; 14336; 128; 8],0.21311488596256822,0.03280158790922981,tvm
512,128,8,8,224,16,1,[512; 128; 8; 8; 224; 16; 1],0.05093532599858008,0.13724279818806973,tvm
256,32,4,4,1024,32,2,[256; 32; 4; 4; 1024; 32; 2],0.03377156775968615,0.20699384513061858,tvm
128,64,16,4,256,32,2,[128; 64; 16; 4; 256; 32; 2],0.020876468872302212,0.334851009020079,tvm
32,16,16,1,3584,128,8,[32; 16; 16; 1; 3584; 128; 8],0.05091209401143715,0.137305424229777,tvm
64,16,16,2,3584,64,4,[64; 16; 16; 2; 3584; 64; 4],0.03689373374800198,0.1894768015190451,tvm
16,2,32,1,128,64,4,[16; 2; 32; 1; 128; 64; 4],0.01699242250469979,0.411389645280608,tvm
4,1,32,4,32,32,2,[4; 1; 32; 4; 32; 32; 2],0.032573948497883976,0.2146042156087026,tvm
64,4,64,16,1024,16,1,[64; 4; 64; 16; 1024; 16; 1],0.11406978900777176,0.06128271760185681,tvm
2,2,64,2,448,16,1,[2; 2; 64; 2; 448; 16; 1],0.0414274522481719,0.1687409263014754,tvm
32,2,32,4,224,32,2,[32; 2; 32; 4; 224; 32; 2],0.03127288150426466,0.22353254098805628,tvm
16,2,32,2,1792,16,1,[16; 2; 32; 2; 1792; 16; 1],0.017957979871425778,0.38927021395038763,tvm
256,1,64,16,448,16,1,[256; 1; 64; 16; 448; 16; 1],0.05404645748785697,0.12934255067942754,tvm
4,4,32,4,128,16,1,[4; 4; 32; 4; 128; 16; 1],0.02814095299982,0.2484104453289617,tvm
64,1,16,16,512,16,1,[64; 1; 16; 16; 512; 16; 1],0.07801590050803497,0.08960361440610051,tvm
8,1,32,8,128,32,2,[8; 1; 32; 8; 128; 32; 2],0.03068625074229203,0.2278058250052782,tvm
64,2,16,16,1024,16,1,[64; 2; 16; 16; 1024; 16; 1],0.2267908320063725,0.030823585789703543,tvm
4,4,8,2,14336,32,2,[4; 4; 8; 2; 14336; 32; 2],0.2426967269857414,0.02880346493950602,tvm
4,4,4,2,512,64,4,[4; 4; 4; 2; 512; 64; 4],0.02067249575338792,0.33815494510482724,tvm
4,1,16,4,1024,16,1,[4; 1; 16; 4; 1024; 16; 1],0.09095781049109064,0.07685438588422695,tvm
16,4,2,2,448,112,7,[16; 4; 2; 2; 448; 112; 7],0.021796312001242768,0.3207197009415211,tvm
4,2,8,2,3584,112,7,[4; 2; 8; 2; 3584; 112; 7],0.061736527510220185,0.1132312902683006,tvm
32,8,4,4,64,32,2,[32; 8; 4; 4; 64; 32; 2],0.020948060373484623,0.3337066316418977,tvm
16,2,4,2,2048,64,4,[16; 2; 4; 2; 2048; 64; 4],0.020270838249416556,0.3448553326041103,tvm
16,1,4,1,1792,64,4,[16; 1; 4; 1; 1792; 64; 4],0.02808308474777732,0.2489223220828667,tvm
1,1,8,4,256,16,1,[1; 1; 8; 4; 256; 16; 1],0.053027428017230704,0.13182812985753667,tvm
16,4,32,2,512,16,1,[16; 4; 32; 2; 512; 16; 1],0.023287185504159424,0.3001868416180247,tvm
8,1,2,1,1792,128,8,[8; 1; 2; 1; 1792; 128; 8],0.02571138548955787,0.2718837018528508,tvm
32,8,8,4,2048,32,2,[32; 8; 8; 4; 2048; 32; 2],0.03133404300024267,0.2230962237018864,tvm
32,4,32,8,3584,16,1,[32; 4; 32; 8; 3584; 16; 1],0.07224401048733853,0.09676243912139708,tvm
16,8,16,2,7168,112,7,[16; 8; 16; 2; 7168; 112; 7],0.0956683375115972,0.0730702220660964,tvm
64,32,64,2,512,64,4,[64; 32; 64; 2; 512; 64; 4],0.019883172499248758,0.351579038351691,tvm
64,2,4,1,128,128,8,[64; 2; 4; 1; 128; 128; 8],0.02718558300693985,0.2571402152707982,tvm
8,2,16,4,448,32,2,[8; 2; 16; 4; 448; 32; 2],0.03044157625117805,0.2296368167333695,tvm
256,64,16,4,32,32,2,[256; 64; 16; 4; 32; 32; 2],0.04677685149363242,0.14944371934947911,tvm
128,4,32,8,2048,16,1,[128; 4; 32; 8; 2048; 16; 1],0.051539349486120045,0.13563435969538704,tvm
128,128,16,8,7168,16,1,[128; 128; 16; 8; 7168; 16; 1],0.2616322389803827,0.026718827518770798,tvm
8,1,32,1,256,16,1,[8; 1; 32; 1; 256; 16; 1],0.02253330474923132,0.3102299793333747,tvm
1,1,2,2,128,16,1,[1; 1; 2; 2; 128; 16; 1],0.027840449998620898,0.25109172685832837,tvm
16,8,16,4,3584,64,4,[16; 8; 16; 4; 3584; 64; 4],0.03596877500240225,0.19434931176276618,tvm
4,1,64,1,1792,32,2,[4; 1; 64; 1; 1792; 32; 2],0.018715160003921483,0.3735210741025944,tvm
16,8,8,1,16,16,1,[16; 8; 8; 1; 16; 16; 1],0.02602539125655312,0.268603326565032,tvm
16,8,16,2,224,16,1,[16; 8; 16; 2; 224; 16; 1],0.019691652501933277,0.3549984779581275,tvm
16,16,32,1,2048,64,4,[16; 16; 32; 1; 2048; 64; 4],0.015372598500107415,0.45473812814520725,tvm
4,2,32,2,256,16,1,[4; 2; 32; 2; 256; 16; 1],0.027228425242356025,0.256735621118197,tvm
512,8,32,8,512,16,1,[512; 8; 32; 8; 512; 16; 1],0.04589357500663027,0.15231994164012597,tvm
8,2,4,4,14336,16,1,[8; 2; 4; 4; 14336; 16; 1],0.15804994100471959,0.04422973284411363,tvm
16,2,32,1,3584,128,8,[16; 2; 32; 1; 3584; 128; 8],0.05552246849401854,0.12590410434326704,tvm
16,16,16,1,14336,112,7,[16; 16; 16; 1; 14336; 112; 7],0.18749803403625265,0.03728309314067291,tvm
256,64,4,4,3584,32,2,[256; 64; 4; 4; 3584; 32; 2],0.06007139550638385,0.11636997289206938,tvm
32,8,32,16,896,16,1,[32; 8; 32; 16; 896; 16; 1],0.027373414501198567,0.2553757649182049,tvm
64,4,64,4,128,64,4,[64; 4; 64; 4; 128; 64; 4],0.021776253372081555,0.3210151235487051,tvm
128,16,64,8,32,32,2,[128; 16; 64; 8; 32; 32; 2],0.020580898373737,0.3396599380514485,tvm
128,128,16,4,3584,32,2,[128; 128; 16; 4; 3584; 32; 2],0.0585305490239989,0.11943347163547696,tvm
32,4,8,2,256,128,8,[32; 4; 8; 2; 256; 128; 8],0.01803708337683929,0.3875630289342068,tvm
128,2,16,4,64,32,2,[128; 2; 16; 4; 64; 32; 2],0.03527956850302871,0.19814603645355072,tvm
2,2,2,1,3584,112,7,[2; 2; 2; 1; 3584; 112; 7],0.06739931050105952,0.10371777715080299,tvm
1,1,16,4,896,16,1,[1; 1; 16; 4; 896; 16; 1],0.05396626252331771,0.12953475634237618,tvm
32,16,64,8,14336,32,2,[32; 16; 64; 8; 14336; 32; 2],0.15432705997955054,0.04529670083518056,tvm
16,1,32,2,256,64,4,[16; 1; 32; 2; 256; 64; 4],0.018905834622273687,0.3697539308013878,tvm
16,2,32,2,512,32,2,[16; 2; 32; 2; 512; 32; 2],0.01665561137633631,0.4197088001583974,tvm
32,1,64,1,448,224,14,[32; 1; 64; 1; 448; 224; 14],0.030980627503595315,0.22564122259484304,tvm
32,1,64,2,512,128,8,[32; 1; 64; 2; 512; 128; 8],0.018344186501053628,0.381074770814457,tvm
256,16,64,4,128,32,2,[256; 16; 64; 4; 128; 32; 2],0.04497521699522622,0.15543019319748155,tvm
16,1,8,1,1024,32,2,[16; 1; 8; 1; 1024; 32; 2],0.021762758493423462,0.32121418196039553,tvm
128,32,8,2,896,64,4,[128; 32; 8; 2; 896; 64; 4],0.02163541124900803,0.3231048666563792,tvm
4,4,4,4,128,16,1,[4; 4; 4; 4; 128; 16; 1],0.02132561874896055,0.32779853888213195,tvm
16,4,16,2,512,16,1,[16; 4; 16; 2; 512; 16; 1],0.022696196123433765,0.3080034481835036,tvm
4,1,1,1,512,32,2,[4; 1; 1; 1; 512; 32; 2],0.023480861753341742,0.2977108225455905,tvm
16,4,2,1,7168,128,8,[16; 4; 2; 1; 7168; 128; 8],0.11297226400347427,0.06187807891016228,tvm
8,1,8,2,896,64,4,[8; 1; 8; 2; 896; 64; 4],0.016502259371918626,0.4236090652266799,tvm
8,8,16,2,14336,32,2,[8; 8; 16; 2; 14336; 32; 2],0.17440650903154165,0.040081684482328725,tvm
1,1,64,1,32,32,2,[1; 1; 64; 1; 32; 32; 2],0.04556781674909871,0.15340885663136214,tvm
8,4,8,2,2048,16,1,[8; 4; 8; 2; 2048; 16; 1],0.020738172126584686,0.3370840315143008,tvm
512,8,32,8,1024,16,1,[512; 8; 32; 8; 1024; 16; 1],0.04907636274583638,0.1424414173248758,tvm
16,1,8,2,1792,64,4,[16; 1; 8; 2; 1792; 64; 4],0.01724182512407424,0.4054389031533578,tvm
32,16,64,8,128,16,1,[32; 16; 64; 8; 128; 16; 1],0.021570158503891435,0.3240823040500848,tvm
256,32,16,16,2048,16,1,[256; 32; 16; 16; 2048; 16; 1],0.1386452850420028,0.050420082187063786,tvm
16,2,64,1,1792,32,2,[16; 2; 64; 1; 1792; 32; 2],0.017066685250028968,0.4095995539997904,tvm
8,4,8,2,448,64,4,[8; 4; 8; 2; 448; 64; 4],0.016540968623303343,0.4226177333302151,tvm
128,16,32,8,3584,16,1,[128; 16; 32; 8; 3584; 16; 1],0.05409499048255384,0.1292265070075421,tvm
2,1,1,1,14336,16,1,[2; 1; 1; 1; 14336; 16; 1],0.4615877940086648,0.015144479029563427,tvm
32,4,16,4,2048,32,2,[32; 4; 16; 4; 2048; 32; 2],0.04502701575984247,0.15525138738821725,tvm
16,4,8,1,896,64,4,[16; 4; 8; 1; 896; 64; 4],0.01706682013173122,0.4095963168715698,tvm
32,8,64,4,3584,64,4,[32; 8; 64; 4; 3584; 64; 4],0.034428623752319254,0.2030434535215994,tvm
8,4,4,1,1792,64,4,[8; 4; 4; 1; 1792; 64; 4],0.01917264287476428,0.3646084012688633,tvm
32,4,16,16,32,16,1,[32; 4; 16; 16; 32; 16; 1],0.0360908347502118,0.1936920194572569,tvm
128,32,64,4,128,32,2,[128; 32; 64; 4; 128; 32; 2],0.021147375118744094,0.3305614350440397,tvm
32,32,4,4,1024,32,2,[32; 32; 4; 4; 1024; 32; 2],0.01624673775222618,0.4302714042213677,tvm
128,16,32,8,224,32,2,[128; 16; 32; 8; 224; 32; 2],0.020617416375898756,0.3390583252147148,tvm
8,8,8,2,2048,64,4,[8; 8; 8; 2; 2048; 64; 4],0.017754708998836577,0.39372690744324434,tvm
64,1,16,4,32,32,2,[64; 1; 16; 4; 32; 32; 2],0.03420850700058509,0.2043499491675303,tvm
4,2,8,4,256,64,4,[4; 2; 8; 4; 256; 64; 4],0.02908937075699214,0.24031137438703024,tvm
1,1,32,2,2048,128,8,[1; 1; 32; 2; 2048; 128; 8],0.09791723199305125,0.07139199632565954,tvm
4,4,4,4,2048,32,2,[4; 4; 4; 4; 2048; 32; 2],0.0270386767515447,0.25853730679580333,tvm
4,4,32,1,224,16,1,[4; 4; 32; 1; 224; 16; 1],0.02687629898719024,0.26009930422334104,tvm
16,4,1,1,16,16,1,[16; 4; 1; 1; 16; 16; 1],0.02584998999373056,0.2704258944921095,tvm
64,64,1,1,256,128,8,[64; 64; 1; 1; 256; 128; 8],0.028825038752984256,0.24251508303498603,tvm
4,4,64,8,1024,32,2,[4; 4; 64; 8; 1024; 32; 2],0.08275000951834954,0.08447741223662995,tvm
8,8,4,4,3584,64,4,[8; 8; 4; 4; 3584; 64; 4],0.03329943674907554,0.2099286759515756,tvm
2,2,64,1,896,112,7,[2; 2; 64; 1; 896; 112; 7],0.02813298100954853,0.2484808369327815,tvm
128,8,16,4,64,64,4,[128; 8; 16; 4; 64; 64; 4],0.019991678498627152,0.34967082264486754,tvm
4,4,64,8,224,32,2,[4; 4; 64; 8; 224; 32; 2],0.021636210127326194,0.32309293658771443,tvm
4,1,16,2,448,64,4,[4; 1; 16; 2; 448; 64; 4],0.01903557424520841,0.367233821087709,tvm
8,4,2,2,1792,16,1,[8; 4; 2; 2; 1792; 16; 1],0.020996570252464153,0.3329356453274202,tvm
16,1,64,1,1792,112,7,[16; 1; 64; 1; 1792; 112; 7],0.03331008575332817,0.20986156320441812,tvm
8,4,4,4,32,16,1,[8; 4; 4; 4; 32; 16; 1],0.025576485000783578,0.273317723934798,tvm
4,2,16,2,16,16,1,[4; 2; 16; 2; 16; 16; 1],0.035024379249080084,0.19958973767822802,tvm
8,1,64,2,7168,64,4,[8; 1; 64; 2; 7168; 64; 4],0.09536339601618238,0.07330387715513441,tvm
64,8,16,1,14336,128,8,[64; 8; 16; 1; 14336; 128; 8],0.22831870499067008,0.03061731918526922,tvm
8,2,64,16,128,16,1,[8; 2; 64; 16; 128; 16; 1],0.04319312373991124,0.16184304494299193,tvm
4,4,16,4,2048,32,2,[4; 4; 16; 4; 2048; 32; 2],0.057358574005775154,0.1218737876217569,tvm
8,8,16,1,448,64,4,[8; 8; 16; 1; 448; 64; 4],0.016205160500248894,0.43137534284583606,tvm
512,128,16,16,128,16,1,[512; 128; 16; 16; 128; 16; 1],0.07270871248329058,0.09614400293875616,tvm
16,2,64,4,3584,64,4,[16; 2; 64; 4; 3584; 64; 4],0.04716044949600473,0.14822816027779545,tvm
16,16,16,8,32,32,2,[16; 16; 16; 8; 32; 32; 2],0.016232255125942174,0.43065529788861756,tvm
64,4,64,8,32,16,1,[64; 4; 64; 8; 32; 16; 1],0.029907282747444697,0.23373927767690436,tvm
8,1,64,1,896,112,7,[8; 1; 64; 1; 896; 112; 7],0.028773405007086694,0.24295027526095547,tvm
512,8,64,8,448,16,1,[512; 8; 64; 8; 448; 16; 1],0.0344985132542206,0.20263211388715247,tvm
8,8,2,1,64,32,2,[8; 8; 2; 1; 64; 32; 2],0.01851299650297733,0.37759995609259833,tvm
32,4,16,8,224,16,1,[32; 4; 16; 8; 224; 16; 1],0.027783702505985275,0.2516045752059411,tvm
2,1,2,2,896,64,4,[2; 1; 2; 2; 896; 64; 4],0.027404412496252917,0.25508690133833367,tvm
64,4,8,1,1792,128,8,[64; 4; 8; 1; 1792; 128; 8],0.024115134874591604,0.2898804714557937,tvm
8,4,16,1,2048,128,8,[8; 4; 16; 1; 2048; 128; 8],0.01666400724934647,0.4194973371090451,tvm
2,1,32,2,448,32,2,[2; 1; 32; 2; 448; 32; 2],0.03191342625359539,0.21904594671589395,tvm
256,128,16,8,3584,16,1,[256; 128; 16; 8; 3584; 16; 1],0.10966659098630771,0.06374326587337303,tvm
1,1,32,4,14336,16,1,[1; 1; 32; 4; 14336; 16; 1],1.3168503119959496,0.005308505152777128,tvm
2,1,8,1,448,112,7,[2; 1; 8; 1; 448; 112; 7],0.032669740001438186,0.2139749709167851,tvm
32,32,32,4,7168,32,2,[32; 32; 32; 4; 7168; 32; 2],0.07818589801900089,0.089408791659179,tvm
64,8,16,4,7168,32,2,[64; 8; 16; 4; 7168; 32; 2],0.12478499003918841,0.056020412907604636,tvm
32,2,64,8,1792,32,2,[32; 2; 64; 8; 1792; 32; 2],0.02821661099733319,0.2477443753726255,tvm
64,64,1,1,128,128,8,[64; 64; 1; 1; 128; 128; 8],0.01535314874490723,0.455314201849668,tvm
128,2,16,2,256,64,4,[128; 2; 16; 2; 256; 64; 4],0.024282652128022164,0.287880690700981,tvm
128,32,16,16,256,16,1,[128; 32; 16; 16; 256; 16; 1],0.05610209150472656,0.12460331654618834,tvm
128,128,64,8,112,16,1,[128; 128; 64; 8; 112; 16; 1],0.03838021450792439,0.1821382906868155,tvm
8,4,1,1,896,16,1,[8; 4; 1; 1; 896; 16; 1],0.020379766123369336,0.34301211428774453,tvm
8,1,4,1,3584,16,1,[8; 1; 4; 1; 3584; 16; 1],0.034961789249791764,0.19994705124275935,tvm
4,1,2,1,14336,112,7,[4; 1; 2; 1; 14336; 112; 7],0.3067818790441379,0.022786569690646283,tvm
128,2,32,16,896,16,1,[128; 2; 32; 16; 896; 16; 1],0.05549710898776539,0.1259616364558334,tvm
16,16,8,2,128,128,8,[16; 16; 8; 2; 128; 128; 8],0.013415043751592748,0.5210945857583725,tvm
128,32,8,4,7168,32,2,[128; 32; 8; 4; 7168; 32; 2],0.11353967001195997,0.06156884783908836,tvm
256,2,16,4,32,32,2,[256; 2; 16; 4; 32; 32; 2],0.06169400148792192,0.11330934123368908,tvm
32,4,32,4,7168,32,2,[32; 4; 32; 4; 7168; 32; 2],0.15716534800594673,0.04447867647264182,tvm
2,1,16,4,448,64,4,[2; 1; 16; 4; 448; 64; 4],0.03156837525602896,0.2214401789756859,tvm
64,8,16,2,3584,64,4,[64; 8; 16; 2; 3584; 64; 4],0.03677356425032485,0.19009597816194587,tvm
8,1,8,8,256,16,1,[8; 1; 8; 8; 256; 16; 1],0.03916157750063576,0.17850421542781778,tvm
16,4,64,2,7168,16,1,[16; 4; 64; 2; 7168; 16; 1],0.11762167798588052,0.05943212838288039,tvm
2,2,8,2,3584,64,4,[2; 2; 8; 2; 3584; 64; 4],0.0567532324930653,0.12317371821104357,tvm
8,1,16,4,7168,32,2,[8; 1; 16; 4; 7168; 32; 2],0.25140637200092897,0.027805606560524394,tvm
256,8,16,16,448,16,1,[256; 8; 16; 16; 448; 16; 1],0.04102467425400391,0.17039761542980222,tvm
16,16,4,4,256,16,1,[16; 16; 4; 4; 256; 16; 1],0.01961287562153302,0.3564243613002763,tvm
2,1,4,2,448,64,4,[2; 1; 4; 2; 448; 64; 4],0.027343604000634514,0.25565418027939735,tvm
16,1,64,8,112,16,1,[16; 1; 64; 8; 112; 16; 1],0.03259973824606277,0.21443444158668803,tvm
32,32,64,1,256,128,8,[32; 32; 64; 1; 256; 128; 8],0.01414023512188578,0.49436990307516143,tvm
256,128,8,4,512,32,2,[256; 128; 8; 4; 512; 32; 2],0.04189241099811625,0.1668680913824942,tvm
2,1,64,4,1024,16,1,[2; 1; 64; 4; 1024; 16; 1],0.18948871199972928,0.036891414759717474,tvm
128,32,32,4,3584,64,4,[128; 32; 32; 4; 3584; 64; 4],0.03921581999748014,0.17825731215401974,tvm
256,128,64,8,16,16,1,[256; 128; 64; 8; 16; 16; 1],0.06114918750245124,0.11431888062922249,tvm
32,16,64,1,3584,224,14,[32; 16; 64; 1; 3584; 224; 14],0.0515695794892963,0.13555485105550658,tvm
128,1,16,8,2048,32,2,[128; 1; 16; 8; 2048; 32; 2],0.06737453350797296,0.10375591937626441,tvm
16,8,1,1,14336,64,4,[16; 8; 1; 1; 14336; 64; 4],0.22439723496790975,0.03115237434929336,tvm
16,8,64,1,16,16,1,[16; 8; 64; 1; 16; 16; 1],0.02586921799229458,0.27022489310457176,tvm
128,128,64,16,448,16,1,[128; 128; 64; 16; 448; 16; 1],0.05716346550616436,0.12228976330892376,tvm
16,4,16,2,896,112,7,[16; 4; 16; 2; 896; 112; 7],0.02134769974509254,0.32745948041889905,tvm
8,4,4,1,7168,224,14,[8; 4; 4; 1; 7168; 224; 14],0.13020957302069291,0.053686580060866455,tvm
8,2,16,2,64,64,4,[8; 2; 16; 2; 64; 64; 4],0.015694093250203878,0.44542278137514285,tvm
128,8,64,4,1792,32,2,[128; 8; 64; 4; 1792; 32; 2],0.021811809376231395,0.32049182835259465,tvm
16,8,8,2,112,16,1,[16; 8; 8; 2; 112; 16; 1],0.021778223745059222,0.32098607987956723,tvm
32,32,8,8,1024,32,2,[32; 32; 8; 8; 1024; 32; 2],0.016748731250118,0.41737529621041697,tvm
16,4,64,8,14336,16,1,[16; 4; 64; 8; 14336; 16; 1],0.4861926939920522,0.014378057821619468,tvm
256,8,64,8,14336,16,1,[256; 8; 64; 8; 14336; 16; 1],0.27351270098006353,0.025558252474630814,tvm
256,2,16,4,896,32,2,[256; 2; 16; 4; 896; 32; 2],0.043572871247306466,0.16043254590661837,tvm
16,2,4,1,7168,16,1,[16; 2; 4; 1; 7168; 16; 1],0.13323941500857472,0.05246575621948496,tvm
512,512,16,8,64,16,1,[512; 512; 16; 8; 64; 16; 1],0.06295751850120723,0.11103529543548674,tvm
16,16,64,4,1792,64,4,[16; 16; 64; 4; 1792; 64; 4],0.013546313493861817,0.516044949781669,tvm
64,1,8,8,896,16,1,[64; 1; 8; 8; 896; 16; 1],0.034889296744950116,0.20036249849829588,tvm
64,4,32,8,224,32,2,[64; 4; 32; 8; 224; 32; 2],0.025405339256394655,0.27515895757649134,tvm
128,64,2,2,256,64,4,[128; 64; 2; 2; 256; 64; 4],0.023894546371593606,0.29255657579577005,tvm
64,1,32,4,448,64,4,[64; 1; 32; 4; 448; 64; 4],0.028462289992603473,0.24560591113657043,tvm
64,8,8,4,448,32,2,[64; 8; 8; 4; 448; 32; 2],0.018752960750134662,0.3727681596420165,tvm
2,2,4,4,7168,16,1,[2; 2; 4; 4; 7168; 16; 1],0.20972923299996182,0.033331102997301,tvm
4,4,8,1,1024,16,1,[4; 4; 8; 1; 1024; 16; 1],0.02194010524544865,0.3186177362625372,tvm
64,8,32,8,1024,16,1,[64; 8; 32; 8; 1024; 16; 1],0.035984628746518865,0.19426368730684557,tvm
8,1,16,1,112,112,7,[8; 1; 16; 1; 112; 112; 7],0.030181604000972584,0.2316148163113333,tvm
8,4,32,2,896,112,7,[8; 4; 32; 2; 896; 112; 7],0.01939328275329899,0.36046020447350574,tvm
4,1,64,8,128,16,1,[4; 1; 64; 8; 128; 16; 1],0.03604846699454356,0.19391966564694077,tvm
16,1,8,1,256,16,1,[16; 1; 8; 1; 256; 16; 1],0.02302869612321956,0.3035563381123529,tvm
16,1,16,1,3584,64,4,[16; 1; 16; 1; 3584; 64; 4],0.058985025476431474,0.1185132431528719,tvm
8,2,16,1,32,32,2,[8; 2; 16; 1; 32; 32; 2],0.019097117998171598,0.3660503468290846,tvm
4,1,4,2,448,64,4,[4; 1; 4; 2; 448; 64; 4],0.017177385750983376,0.40695986968019693,tvm
512,32,32,16,128,16,1,[512; 32; 32; 16; 128; 16; 1],0.05054992000805214,0.13828917366344284,tvm
16,8,16,2,224,112,7,[16; 8; 16; 2; 224; 112; 7],0.020556512368784752,0.34006287356807735,tvm
8,2,8,8,1792,32,2,[8; 2; 8; 8; 1792; 32; 2],0.02830673474818468,0.2469556001020206,tvm
16,1,64,8,256,16,1,[16; 1; 64; 8; 256; 16; 1],0.037194497490418144,0.18794464607211123,tvm
2,2,16,2,16,16,1,[2; 2; 16; 2; 16; 16; 1],0.04658616700908169,0.1500554159200071,tvm
2,2,16,1,1024,32,2,[2; 2; 16; 1; 1024; 32; 2],0.059582993504591286,0.11732385795836188,tvm
128,8,64,2,256,64,4,[128; 8; 64; 2; 256; 64; 4],0.020117084997764323,0.347491033986462,tvm
2,1,16,8,14336,32,2,[2; 1; 16; 8; 14336; 32; 2],0.912866631988436,0.00765775242703276,tvm
256,32,16,16,64,16,1,[256; 32; 16; 16; 64; 16; 1],0.05804349950631149,0.12043565129815335,tvm
32,2,32,4,448,32,2,[32; 2; 32; 4; 448; 32; 2],0.030955345995607786,0.2258255057998234,tvm
8,2,16,2,896,32,2,[8; 2; 16; 2; 896; 32; 2],0.015785512499860488,0.4428431871773849,tvm
8,2,32,1,64,16,1,[8; 2; 32; 1; 64; 16; 1],0.024654634500620887,0.28353722568836387,tvm
32,1,64,4,256,64,4,[32; 1; 64; 4; 256; 64; 4],0.029219980249763466,0.23923721395134256,tvm
16,8,8,4,2048,32,2,[16; 8; 8; 4; 2048; 32; 2],0.03342911825166084,0.20911430011527038,tvm
256,4,4,4,224,32,2,[256; 4; 4; 4; 224; 32; 2],0.04473341199627612,0.15627036603531605,tvm
16,8,8,4,448,64,4,[16; 8; 8; 4; 448; 64; 4],0.017033053751219995,0.41040830192683275,tvm
64,2,4,2,14336,112,7,[64; 2; 4; 2; 14336; 112; 7],0.3151114479987882,0.02218423580311671,tvm
32,32,32,1,14336,224,14,[32; 32; 32; 1; 14336; 224; 14],0.1989082249929197,0.035144382123542144,tvm
16,4,64,8,32,16,1,[16; 4; 64; 8; 32; 16; 1],0.031324507493991405,0.22316413651539677,tvm
16,16,1,1,896,32,2,[16; 16; 1; 1; 896; 32; 2],0.02558353924541734,0.27324236102003924,tvm
32,1,16,16,1024,16,1,[32; 1; 16; 16; 1024; 16; 1],0.2117475609993562,0.033013398754982215,tvm
8,2,64,2,448,64,4,[8; 2; 64; 2; 448; 64; 4],0.015067403379362077,0.46394899576669,tvm
32,2,32,8,32,16,1,[32; 2; 32; 8; 32; 16; 1],0.04050079151056707,0.17260172964379653,tvm
32,1,16,1,224,224,14,[32; 1; 16; 1; 224; 224; 14],0.03197133274807129,0.21864921058345238,tvm
64,32,32,16,32,16,1,[64; 32; 32; 16; 32; 16; 1],0.03977994748856872,0.17572940911185161,tvm
16,2,16,2,64,16,1,[16; 2; 16; 2; 64; 16; 1],0.0231598983737058,0.30183667276378123,tvm
64,1,8,4,14336,64,4,[64; 1; 8; 4; 14336; 64; 4],0.3598604020080529,0.019425606784350322,tvm
16,2,16,2,14336,128,8,[16; 2; 16; 2; 14336; 128; 8],0.1642750659957528,0.04255366828979025,tvm
4,1,16,16,64,16,1,[4; 1; 16; 16; 64; 16; 1],0.04975554349948652,0.14049704163594975,tvm
4,1,32,8,14336,32,2,[4; 1; 32; 8; 14336; 32; 2],0.7982420530170202,0.008757377089124135,tvm
256,32,32,4,14336,32,2,[256; 32; 32; 4; 14336; 32; 2],0.2253283429890871,0.03102364564499205,tvm
16,1,32,1,896,64,4,[16; 1; 32; 1; 896; 64; 4],0.02811962900159415,0.2485988227750218,tvm
32,8,64,4,512,64,4,[32; 8; 64; 4; 512; 64; 4],0.01947195675165858,0.3590038102396273,tvm
4,1,64,4,896,64,4,[4; 1; 64; 4; 896; 64; 4],0.019544385620974936,0.35767339031442824,tvm
32,16,2,2,3584,64,4,[32; 16; 2; 2; 3584; 64; 4],0.03293809175374918,0.21223168357562708,tvm
64,32,16,2,1792,112,7,[64; 32; 16; 2; 1792; 112; 7],0.022542801620147657,0.3100992851047801,tvm
8,4,8,8,1024,32,2,[8; 4; 8; 8; 1024; 32; 2],0.03527935924648773,0.19814721174003785,tvm
128,32,32,4,224,32,2,[128; 32; 32; 4; 224; 32; 2],0.019409813874517567,0.3601532045520667,tvm
1,1,64,2,448,64,4,[1; 1; 64; 2; 448; 64; 4],0.05458768448443152,0.1280601427353155,tvm
8,4,4,1,1792,112,7,[8; 4; 4; 1; 1792; 112; 7],0.024547832377720624,0.28477083267894493,tvm
16,4,32,8,2048,16,1,[16; 4; 32; 8; 2048; 16; 1],0.05564005402266048,0.12563802802599094,tvm
8,1,32,2,3584,32,2,[8; 1; 32; 2; 3584; 32; 2],0.031203825259581208,0.2240272341135552,tvm
4,1,2,1,3584,128,8,[4; 1; 2; 1; 3584; 128; 8],0.05507600348209962,0.12692472628190365,tvm
64,4,8,4,2048,32,2,[64; 4; 8; 4; 2048; 32; 2],0.03271421625686344,0.2136840635819927,tvm
32,4,64,4,1024,64,4,[32; 4; 64; 4; 1024; 64; 4],0.027297449254547246,0.2560864424174057,tvm
16,8,32,8,7168,16,1,[16; 8; 32; 8; 7168; 16; 1],0.15560491400538012,0.044924716621899015,tvm
4,1,2,2,32,16,1,[4; 1; 2; 2; 32; 16; 1],0.02206741712143412,0.31677955912098005,tvm
16,4,64,2,1792,112,7,[16; 4; 64; 2; 1792; 112; 7],0.021016526130551938,0.33261951205649043,tvm
8,8,8,4,1792,16,1,[8; 8; 8; 4; 1792; 16; 1],0.01625319799495628,0.43010038201934,tvm
128,8,32,8,3584,32,2,[128; 8; 32; 8; 3584; 32; 2],0.050860332004958764,0.13744516386533043,tvm
2,2,1,1,224,16,1,[2; 2; 1; 1; 224; 16; 1],0.028721914248308167,0.2433858205352185,tvm
16,4,32,8,1792,32,2,[16; 4; 32; 8; 1792; 32; 2],0.02278651649976382,0.306782595169346,tvm
32,16,4,1,896,224,14,[32; 16; 4; 1; 896; 224; 14],0.025040221997187473,0.2791711138763803,tvm
32,4,4,4,64,32,2,[32; 4; 4; 4; 64; 32; 2],0.02521776624780614,0.2772056255091514,tvm
64,8,32,2,896,112,7,[64; 8; 32; 2; 896; 112; 7],0.01811457462463295,0.38590509639462833,tvm
16,1,4,1,1024,16,1,[16; 1; 4; 1; 1024; 16; 1],0.03694792174792383,0.18919891392969826,tvm
512,128,64,8,128,16,1,[512; 128; 64; 8; 128; 16; 1],0.05424966898863204,0.12885805198427147,tvm
16,1,8,2,896,16,1,[16; 1; 8; 2; 896; 16; 1],0.020088101497094613,0.34799240075911203,tvm
32,16,16,16,64,16,1,[32; 16; 16; 16; 64; 16; 1],0.024952429623226635,0.28015334667689623,tvm
16,4,16,1,112,112,7,[16; 4; 16; 1; 112; 112; 7],0.03208980600174982,0.21784197343809067,tvm
256,4,16,16,512,16,1,[256; 4; 16; 16; 512; 16; 1],0.06586043201969005,0.10614122094699804,tvm
16,1,32,2,2048,32,2,[16; 1; 32; 2; 2048; 32; 2],0.031141239756834693,0.22447746850323877,tvm
32,8,2,1,448,224,14,[32; 8; 2; 1; 448; 224; 14],0.026453999744262546,0.26425140750909687,tvm
2,2,4,2,512,32,2,[2; 2; 4; 2; 512; 32; 2],0.030895503994543105,0.2262629108721243,tvm
16,4,8,1,128,128,8,[16; 4; 8; 1; 128; 128; 8],0.028526665992103517,0.2450516533758874,tvm
4,4,4,2,896,64,4,[4; 4; 4; 2; 896; 64; 4],0.0170754230057355,0.40938995562912905,tvm
4,2,8,1,14336,64,4,[4; 2; 8; 1; 14336; 64; 4],0.22644342097919434,0.030870875543383334,tvm
8,2,64,4,896,64,4,[8; 2; 64; 4; 896; 64; 4],0.023120726757042576,0.302348050739251,tvm
256,32,16,4,256,32,2,[256; 32; 16; 4; 256; 32; 2],0.039765317997080274,0.17579405921461352,tvm
8,2,32,8,16,16,1,[8; 2; 32; 8; 16; 16; 1],0.04147585350438021,0.16854400997265573,tvm
16,4,16,4,1024,64,4,[16; 4; 16; 4; 1024; 64; 4],0.027169340493855998,0.2572939401398971,tvm
256,16,32,16,896,16,1,[256; 16; 32; 16; 896; 16; 1],0.03293307025160175,0.21226404380947972,tvm
8,8,32,2,512,64,4,[8; 8; 32; 2; 512; 64; 4],0.01598760436900193,0.4372454124659496,tvm
32,32,64,2,112,112,7,[32; 32; 64; 2; 112; 112; 7],0.026299905744963326,0.26579968515687225,tvm
256,4,32,8,512,16,1,[256; 4; 32; 8; 512; 16; 1],0.047349123502499424,0.14763750941023562,tvm
256,4,32,8,64,32,2,[256; 4; 32; 8; 64; 32; 2],0.0439195917424513,0.15916602111558023,tvm
32,32,64,4,256,32,2,[32; 32; 64; 4; 256; 32; 2],0.015092029119841754,0.463191967836593,tvm
16,8,32,4,2048,32,2,[16; 8; 32; 4; 2048; 32; 2],0.04426254799182061,0.15793276672545964,tvm
8,8,1,1,224,224,14,[8; 8; 1; 1; 224; 224; 14],0.018014560744632035,0.3880475780543077,tvm
2,2,64,1,128,128,8,[2; 2; 64; 1; 128; 128; 8],0.020710047880129423,0.3375417916524383,tvm
4,1,4,2,1024,128,8,[4; 1; 4; 2; 1024; 128; 8],0.026019766999525018,0.2686613860452431,tvm
512,16,64,8,512,16,1,[512; 16; 64; 8; 512; 16; 1],0.03819380674394779,0.18302723039709537,tvm
8,1,8,1,112,16,1,[8; 1; 8; 1; 112; 16; 1],0.023793978376488667,0.29379309992036196,tvm
16,1,2,2,64,64,4,[16; 1; 2; 2; 64; 64; 4],0.02394622124847956,0.2919252517601507,tvm
128,128,64,8,896,16,1,[128; 128; 64; 8; 896; 16; 1],0.03920547499728855,0.17830434823580457,tvm
512,64,16,16,32,16,1,[512; 64; 16; 16; 32; 16; 1],0.06179172149859369,0.11313014910623202,tvm
64,32,16,1,512,128,8,[64; 32; 16; 1; 512; 128; 8],0.02888223249465227,0.24203484505434278,tvm
16,4,16,1,64,16,1,[16; 4; 16; 1; 64; 16; 1],0.025227851001545787,0.2770948134360845,tvm
128,64,16,2,3584,64,4,[128; 64; 16; 2; 3584; 64; 4],0.046127280496875755,0.1515482072943828,tvm
2,1,32,2,256,128,8,[2; 1; 32; 2; 256; 128; 8],0.02973089749866631,0.23512598861101494,tvm
64,64,2,2,256,64,4,[64; 64; 2; 2; 256; 64; 4],0.021102346501720604,0.33126679377085805,tvm
4,4,2,1,224,224,14,[4; 4; 2; 1; 224; 224; 14],0.021779649876407348,0.32096506171291045,tvm
256,128,8,4,32,32,2,[256; 128; 8; 4; 32; 32; 2],0.054653433500789106,0.12790608419077157,tvm
4,4,8,2,7168,64,4,[4; 4; 8; 2; 7168; 64; 4],0.12592661299277097,0.05551254417577298,tvm
32,32,32,16,1024,16,1,[32; 32; 32; 16; 1024; 16; 1],0.12515897600678727,0.0558530190138946,tvm
8,1,16,1,256,32,2,[8; 1; 16; 1; 256; 32; 2],0.016895959750399925,0.41373835934364145,tvm
2,1,8,2,512,128,8,[2; 1; 8; 2; 512; 128; 8],0.03254593024030328,0.21478896485834556,tvm
16,8,32,16,14336,16,1,[16; 8; 32; 16; 14336; 16; 1],0.48116854700492695,0.014528187077438142,tvm
128,2,64,2,896,64,4,[128; 2; 64; 2; 896; 64; 4],0.018914603751909453,0.36958250663649067,tvm
64,4,4,4,256,64,4,[64; 4; 4; 4; 256; 64; 4],0.022758440747566056,0.30716105484574024,tvm
8,8,4,4,64,16,1,[8; 8; 4; 4; 64; 16; 1],0.020869207997748163,0.33496751134115677,tvm
8,4,8,8,1792,16,1,[8; 4; 8; 8; 1792; 16; 1],0.020889537743641995,0.3346415201932517,tvm
2,2,16,1,112,112,7,[2; 2; 16; 1; 112; 112; 7],0.021512687628273852,0.3249480858672039,tvm
32,1,32,4,896,32,2,[32; 1; 32; 4; 896; 32; 2],0.03215013025328517,0.21743323002407935,tvm
32,1,2,1,448,224,14,[32; 1; 2; 1; 448; 224; 14],0.035001610245672055,0.19971957340251345,tvm
2,1,16,1,224,16,1,[2; 1; 16; 1; 224; 16; 1],0.03398046625079587,0.20572132869139015,tvm
1,1,16,4,1792,64,4,[1; 1; 16; 4; 1792; 64; 4],0.05123104850645177,0.13645058749454092,tvm
128,16,16,16,1024,16,1,[128; 16; 16; 16; 1024; 16; 1],0.04751752648735419,0.14711427937072957,tvm
64,32,32,4,512,64,4,[64; 32; 32; 4; 512; 64; 4],0.01549346762476489,0.45119058147402596,tvm
16,16,64,2,14336,128,8,[16; 16; 64; 2; 14336; 128; 8],0.14998760999878868,0.04660722753514856,tvm
1,1,8,8,256,32,2,[1; 1; 8; 8; 256; 32; 2],0.052578214497771114,0.1329544324287202,tvm
16,8,16,1,256,64,4,[16; 8; 16; 1; 256; 64; 4],0.016864342127519194,0.41451404471091546,tvm
4,4,2,1,3584,64,4,[4; 4; 2; 1; 3584; 64; 4],0.0456247020047158,0.15321758520075646,tvm
16,4,4,1,512,64,4,[16; 4; 4; 1; 512; 64; 4],0.0233157865004614,0.29981860858643267,tvm
4,1,8,1,1024,16,1,[4; 1; 8; 1; 1024; 16; 1],0.02587197099637706,0.27019613881159543,tvm
4,4,16,2,256,64,4,[4; 4; 16; 2; 256; 64; 4],0.018928167497506365,0.3693176673118309,tvm
128,64,16,2,256,64,4,[128; 64; 16; 2; 256; 64; 4],0.02401184888003627,0.29112738055246784,tvm
1,1,8,8,14336,32,2,[1; 1; 8; 8; 14336; 32; 2],0.7733908480149694,0.00903877604009527,tvm
256,1,16,8,1792,16,1,[256; 1; 16; 8; 1792; 16; 1],0.05278611450921744,0.1324307866123769,tvm
8,1,32,2,3584,16,1,[8; 1; 32; 2; 3584; 16; 1],0.04232571099419147,0.1651598166331099,tvm
8,8,4,2,3584,32,2,[8; 8; 4; 2; 3584; 32; 2],0.03780752174498048,0.18489724647436756,tvm
16,2,2,2,32,32,2,[16; 2; 2; 2; 32; 32; 2],0.018136183498427272,0.38544529874617045,tvm
32,16,64,2,3584,112,7,[32; 16; 64; 2; 3584; 112; 7],0.03555122599937022,0.1966319436294687,tvm
128,1,8,8,16,16,1,[128; 1; 8; 8; 16; 16; 1],0.04280519850726705,0.16330975933869077,tvm
16,16,4,1,128,64,4,[16; 16; 4; 1; 128; 64; 4],0.022856256749946624,0.3058465234769027,tvm
128,64,32,8,224,16,1,[128; 64; 32; 8; 224; 16; 1],0.03445398800249677,0.20289397750298419,tvm
2,1,4,1,2048,128,8,[2; 1; 4; 1; 2048; 128; 8],0.034072686001309194,0.20516453168376766,tvm
64,32,8,4,2048,32,2,[64; 32; 8; 4; 2048; 32; 2],0.018487351000658236,0.3781237596677735,tvm
64,16,16,1,3584,128,8,[64; 16; 16; 1; 3584; 128; 8],0.05412575451191515,0.12915305716667264,tvm
64,16,16,8,1792,32,2,[64; 16; 16; 8; 1792; 32; 2],0.016409341493272223,0.42600775110523187,tvm
4,1,32,2,3584,16,1,[4; 1; 32; 2; 3584; 16; 1],0.07005859300261363,0.09978086009243543,tvm
128,4,16,8,3584,32,2,[128; 4; 16; 8; 3584; 32; 2],0.07222476799506694,0.0967882190655722,tvm
8,2,64,1,1792,32,2,[8; 2; 64; 1; 1792; 32; 2],0.016436068253824487,0.42531501808773853,tvm
8,8,32,1,3584,16,1,[8; 8; 32; 1; 3584; 16; 1],0.04348069975094404,0.16077263490946672,tvm
16,1,32,4,256,32,2,[16; 1; 32; 4; 256; 32; 2],0.03581675350142177,0.1951742127155431,tvm
8,2,32,8,512,32,2,[8; 2; 32; 8; 512; 32; 2],0.04850100199109875,0.144131180381585,tvm
32,1,32,1,224,224,14,[32; 1; 32; 1; 224; 224; 14],0.03200295948772691,0.21843313176543924,tvm
512,32,32,8,224,16,1,[512; 32; 32; 8; 224; 16; 1],0.036722327742609195,0.19036120791862354,tvm
16,4,2,2,64,32,2,[16; 4; 2; 2; 64; 32; 2],0.02506011549849063,0.27894949913888883,tvm
16,4,4,2,896,112,7,[16; 4; 4; 2; 896; 112; 7],0.021670326874300372,0.322584274211247,tvm
8,4,2,1,512,16,1,[8; 4; 2; 1; 512; 16; 1],0.018355559375777375,0.3808386616586351,tvm
64,64,16,1,896,128,8,[64; 64; 16; 1; 896; 128; 8],0.017424459001631476,0.40118930900592875,tvm
16,2,32,4,448,32,2,[16; 2; 32; 4; 448; 32; 2],0.03118034198996611,0.22419595875235188,tvm
32,2,8,1,448,224,14,[32; 2; 8; 1; 448; 224; 14],0.03482141325366683,0.200753100276036,tvm
2,2,16,1,448,112,7,[2; 2; 16; 1; 448; 112; 7],0.02939678325492423,0.23779835385545775,tvm
64,1,16,2,896,112,7,[64; 1; 16; 2; 896; 112; 7],0.028216724502271973,0.24774337879309133,tvm
64,32,4,4,2048,32,2,[64; 32; 4; 4; 2048; 32; 2],0.021336428995709866,0.3276324575247458,tvm
8,4,8,2,1024,64,4,[8; 4; 8; 2; 1024; 64; 4],0.01820913250412559,0.38390113670065545,tvm
4,1,64,1,896,112,7,[4; 1; 64; 1; 896; 112; 7],0.0242822378713754,0.28788560196534757,tvm
4,4,8,1,7168,224,14,[4; 4; 8; 1; 7168; 224; 14],0.1211351869860664,0.057708307888035465,tvm
64,2,64,1,896,128,8,[64; 2; 64; 1; 896; 128; 8],0.02598429174395278,0.26902817808353535,tvm
8,1,8,2,896,32,2,[8; 1; 8; 2; 896; 32; 2],0.01675802887621103,0.4171437296298067,tvm
16,4,32,16,224,16,1,[16; 4; 32; 16; 224; 16; 1],0.028339360258542,0.24667129401975826,tvm
32,16,16,8,3584,16,1,[32; 16; 16; 8; 3584; 16; 1],0.04725326775223948,0.1479369998984962,tvm
128,64,8,4,14336,64,4,[128; 64; 8; 4; 14336; 64; 4],0.19778135104570538,0.03534461985271416,tvm
4,2,8,1,128,16,1,[4; 2; 8; 1; 128; 16; 1],0.0243322696260293,0.28729365464488416,tvm
16,2,4,4,14336,64,4,[16; 2; 4; 4; 14336; 64; 4],0.21323849901091307,0.03278257303015863,tvm
64,1,32,16,512,16,1,[64; 1; 32; 16; 512; 16; 1],0.07923385352478363,0.08822626132250529,tvm
4,4,64,1,448,16,1,[4; 4; 64; 1; 448; 16; 1],0.02821055325330235,0.24779757432968288,tvm
16,4,16,16,64,16,1,[16; 4; 16; 16; 64; 16; 1],0.029863305244361982,0.23408348839706664,tvm
128,128,8,4,128,32,2,[128; 128; 8; 4; 128; 32; 2],0.02875533400219865,0.24310295495549342,tvm
32,16,2,1,14336,224,14,[32; 16; 2; 1; 14336; 224; 14],0.4462486479897052,0.01566504839433807,tvm
8,1,16,1,896,32,2,[8; 1; 16; 1; 896; 32; 2],0.016593944252235815,0.42126853992080804,tvm
256,128,32,8,128,32,2,[256; 128; 32; 8; 128; 32; 2],0.05130773225391749,0.13624665054520943,tvm
64,8,16,4,128,32,2,[64; 8; 16; 4; 128; 32; 2],0.02013302261912031,0.34721595454960597,tvm
8,4,32,8,2048,32,2,[8; 4; 32; 8; 2048; 32; 2],0.056327583006350324,0.12410450251129297,tvm
2,2,16,2,14336,112,7,[2; 2; 16; 2; 14336; 112; 7],0.42449575097998604,0.01646778949030341,tvm
512,16,32,16,7168,16,1,[512; 16; 32; 16; 7168; 16; 1],0.18306354503147304,0.0381862301719593,tvm
1,1,16,1,128,16,1,[1; 1; 16; 1; 128; 16; 1],0.034872848002123646,0.20045700500977054,tvm
4,1,64,4,1792,16,1,[4; 1; 64; 4; 1792; 16; 1],0.026277710756403394,0.2660241880074431,tvm
32,8,8,1,14336,224,14,[32; 8; 8; 1; 14336; 224; 14],0.2515535849961452,0.027789334295409817,tvm
8,8,4,4,2048,64,4,[8; 8; 4; 4; 2048; 64; 4],0.024432504003925715,0.286115032071353,tvm
16,4,32,4,14336,16,1,[16; 4; 32; 4; 14336; 16; 1],0.30153044598409906,0.023183418987266398,tvm
256,4,16,16,256,16,1,[256; 4; 16; 16; 256; 16; 1],0.05457626000861637,0.12808694962906989,tvm
4,2,64,1,1024,64,4,[4; 2; 64; 1; 1024; 64; 4],0.03630303173849825,0.19255985883001198,tvm
8,4,16,8,448,16,1,[8; 4; 16; 8; 448; 16; 1],0.026477129009435885,0.2640205690041167,tvm
128,1,16,8,32,32,2,[128; 1; 16; 8; 32; 32; 2],0.03772992975427769,0.18527748957375428,tvm
8,4,8,2,512,128,8,[8; 4; 8; 2; 512; 128; 8],0.020014611625811085,0.3492701630868333,tvm
256,64,8,4,128,32,2,[256; 64; 8; 4; 128; 32; 2],0.04117572499671951,0.16977252172787738,tvm
128,4,16,8,448,16,1,[128; 4; 16; 8; 448; 16; 1],0.03469792500254698,0.20146757093265757,tvm
1,1,32,16,7168,16,1,[1; 1; 32; 16; 7168; 16; 1],0.67087505600648,0.010419982982045982,tvm
4,1,2,1,224,224,14,[4; 1; 2; 1; 224; 224; 14],0.028999269008636475,0.2410580302760313,tvm
128,128,64,8,224,16,1,[128; 128; 64; 8; 224; 16; 1],0.03655204600363504,0.1912480266076343,tvm
32,4,4,4,512,32,2,[32; 4; 4; 4; 512; 32; 2],0.02971597724535968,0.2352440442711092,tvm
16,1,32,2,128,64,4,[16; 1; 32; 2; 128; 64; 4],0.02051901436789194,0.3406843302183841,tvm
32,4,2,2,1024,64,4,[32; 4; 2; 2; 1024; 64; 4],0.017582164495252073,0.3975907897207081,tvm
16,4,4,4,7168,32,2,[16; 4; 4; 4; 7168; 32; 2],0.12734569102758542,0.05489393956135033,tvm
2,1,32,4,512,16,1,[2; 1; 32; 4; 512; 16; 1],0.10168917197734118,0.06874386457020538,tvm
4,4,16,1,128,64,4,[4; 4; 16; 1; 128; 64; 4],0.016947402378718834,0.4124824861327878,tvm
128,1,4,2,512,64,4,[128; 1; 4; 2; 512; 64; 4],0.026001645004726015,0.26884863113068747,tvm
8,1,16,4,2048,32,2,[8; 1; 16; 4; 2048; 32; 2],0.06922075699549168,0.10098859027389653,tvm
64,32,64,1,1792,128,8,[64; 32; 64; 1; 1792; 128; 8],0.025222373500582762,0.27715498965651075,tvm
16,8,32,16,3584,16,1,[16; 8; 32; 16; 3584; 16; 1],0.08398600551299751,0.08323418436164141,tvm
8,2,2,1,7168,112,7,[8; 2; 2; 1; 7168; 112; 7],0.18599409301532432,0.037584562785500444,tvm
32,32,8,2,896,64,4,[32; 32; 8; 2; 896; 64; 4],0.015383562247734517,0.45441403974532196,tvm
2,2,32,2,1792,32,2,[2; 2; 32; 2; 1792; 32; 2],0.030808615498244762,0.2269010325071223,tvm
8,8,8,2,1024,16,1,[8; 8; 8; 2; 1024; 16; 1],0.025988356996094808,0.2689860951085561,tvm
32,1,32,8,2048,16,1,[32; 1; 32; 8; 2048; 16; 1],0.07963919200119562,0.08777721736003698,tvm
128,1,16,2,2048,64,4,[128; 1; 16; 2; 2048; 64; 4],0.021816390872118063,0.3204245242782445,tvm
128,4,64,16,112,16,1,[128; 4; 64; 16; 112; 16; 1],0.04086193451075815,0.17107625349519864,tvm
128,1,8,2,1792,64,4,[128; 1; 8; 2; 1792; 64; 4],0.02258799012633972,0.30947891457217697,tvm
8,2,16,8,448,16,1,[8; 2; 16; 8; 448; 16; 1],0.03363230200193357,0.20785097214769221,tvm
128,8,32,16,14336,16,1,[128; 8; 32; 16; 14336; 16; 1],0.48605837899958715,0.014382030983715651,tvm
4,1,4,4,64,16,1,[4; 1; 4; 4; 64; 16; 1],0.03100947625353001,0.2254313039508654,tvm
2,2,32,1,128,64,4,[2; 2; 32; 1; 128; 64; 4],0.020001789001980796,0.3494940710540637,tvm
16,1,64,2,14336,128,8,[16; 1; 64; 2; 14336; 128; 8],0.1558092050254345,0.04486581306621472,tvm
64,64,64,8,1792,16,1,[64; 64; 64; 8; 1792; 16; 1],0.033275309251621366,0.21008089252622195,tvm
256,2,64,8,128,16,1,[256; 2; 64; 8; 128; 16; 1],0.06432571497862227,0.10867359451799115,tvm
512,64,8,8,448,16,1,[512; 64; 8; 8; 448; 16; 1],0.04201527799887117,0.16638011217858611,tvm
256,1,64,16,1024,16,1,[256; 1; 64; 16; 1024; 16; 1],0.2169112139963545,0.03222750238622588,tvm
16,4,32,2,128,16,1,[16; 4; 32; 2; 128; 16; 1],0.02091220587317366,0.3342787800130709,tvm
16,2,8,4,448,16,1,[16; 2; 8; 4; 448; 16; 1],0.03556953500083182,0.19653072963993454,tvm
16,4,8,4,1792,16,1,[16; 4; 8; 4; 1792; 16; 1],0.02978406223701313,0.23470628724309647,tvm
8,1,8,1,224,224,14,[8; 1; 8; 1; 224; 224; 14],0.028124013246269897,0.24856006877303763,tvm
1,1,32,1,2048,16,1,[1; 1; 32; 1; 2048; 16; 1],0.1672158230212517,0.04180529414239843,tvm
16,8,32,4,1792,32,2,[16; 8; 32; 4; 1792; 32; 2],0.01863544799562078,0.3751187880382266,tvm
32,4,64,4,14336,32,2,[32; 4; 64; 4; 14336; 32; 2],0.1826833260129206,0.03826570721715594,tvm
2,2,64,1,3584,128,8,[2; 2; 64; 1; 3584; 128; 8],0.05467085601412691,0.12786532306829665,tvm
16,8,16,1,14336,224,14,[16; 8; 16; 1; 14336; 224; 14],0.23735867597861215,0.029451237195545214,tvm
8,8,64,2,1024,128,8,[8; 8; 64; 2; 1024; 128; 8],0.017378981872752775,0.40223913678318335,tvm
32,32,32,8,1792,16,1,[32; 32; 32; 8; 1792; 16; 1],0.01869462062313687,0.37393145373675374,tvm
1,1,4,1,448,16,1,[1; 1; 4; 1; 448; 16; 1],0.051067510998109356,0.13688755394649002,tvm
16,8,2,1,896,128,8,[16; 8; 2; 1; 896; 128; 8],0.027289568242849782,0.2561603981586726,tvm
16,8,8,8,224,16,1,[16; 8; 8; 8; 224; 16; 1],0.01996952212357428,0.3500587857540308,tvm
16,1,8,2,256,16,1,[16; 1; 8; 2; 256; 16; 1],0.021354521122702863,0.3273548784587248,tvm
8,4,64,2,2048,64,4,[8; 4; 64; 2; 2048; 64; 4],0.017328623129287735,0.4034080846764887,tvm
8,2,4,2,896,64,4,[8; 2; 4; 2; 896; 64; 4],0.018625054122821894,0.375328126327481,tvm
16,4,8,2,32,32,2,[16; 4; 8; 2; 32; 32; 2],0.0175518978794571,0.3982763980668107,tvm
64,4,4,4,7168,32,2,[64; 4; 4; 4; 7168; 32; 2],0.1460216159466654,0.0478730948246728,tvm
256,128,16,8,128,16,1,[256; 128; 16; 8; 128; 16; 1],0.057081020990153775,0.12246639155022294,tvm
16,1,2,2,3584,112,7,[16; 1; 2; 2; 3584; 112; 7],0.05795502400724217,0.12061951118841947,tvm
32,8,16,16,1024,16,1,[32; 8; 16; 16; 1024; 16; 1],0.053866360016399994,0.1297749962042796,tvm
16,16,2,2,896,32,2,[16; 16; 2; 2; 896; 32; 2],0.018517660253564827,0.37750485595613664,tvm
256,16,64,8,128,32,2,[256; 16; 64; 8; 128; 32; 2],0.037080396243254654,0.1885229764214917,tvm
512,4,16,8,512,16,1,[512; 4; 16; 8; 512; 16; 1],0.05216135401860811,0.1340169709584775,tvm
8,1,8,4,448,16,1,[8; 1; 8; 4; 448; 16; 1],0.02566282098996453,0.272398216447066,tvm
128,2,16,4,224,32,2,[128; 2; 16; 4; 224; 32; 2],0.03641308950318489,0.19197785087846606,tvm
16,4,1,1,896,128,8,[16; 4; 1; 1; 896; 128; 8],0.028521395492134616,0.24509693673980462,tvm
64,64,16,8,2048,32,2,[64; 64; 16; 8; 2048; 32; 2],0.04064987624587957,0.17196870722024035,tvm
16,1,16,1,896,32,2,[16; 1; 16; 1; 896; 32; 2],0.016856894755619578,0.414697176912506,tvm
8,4,64,8,3584,32,2,[8; 4; 64; 8; 3584; 32; 2],0.0698884675221052,0.10002375090647998,tvm
4,2,64,4,1792,16,1,[4; 2; 64; 4; 1792; 16; 1],0.031809783991775475,0.21975963962767195,tvm
64,2,64,8,2048,16,1,[64; 2; 64; 8; 2048; 16; 1],0.07925507900654338,0.08820263324814202,tvm
8,2,16,4,2048,32,2,[8; 2; 16; 4; 2048; 32; 2],0.04896478449518327,0.14276600497147768,tvm
128,4,16,4,1792,32,2,[128; 4; 16; 4; 1792; 32; 2],0.029725791508099064,0.2351663761337369,tvm
8,4,1,1,896,64,4,[8; 4; 1; 1; 896; 64; 4],0.01786482675379375,0.3912999976438155,tvm
8,1,4,4,448,32,2,[8; 1; 4; 4; 448; 32; 2],0.025913892735843547,0.26975903380959615,tvm
32,16,8,2,448,112,7,[32; 16; 8; 2; 448; 112; 7],0.017547729003126733,0.39837101800586655,tvm
8,2,4,2,1024,16,1,[8; 2; 4; 2; 1024; 16; 1],0.017640072626818437,0.396285594427707,tvm
2,2,4,2,256,64,4,[2; 2; 4; 2; 256; 64; 4],0.027950176750891842,0.250105991420738,tvm
16,16,64,4,512,32,2,[16; 16; 64; 4; 512; 32; 2],0.017342294624540955,0.40309006495452177,tvm
64,8,8,4,7168,32,2,[64; 8; 8; 4; 7168; 32; 2],0.1312072949949652,0.05327833842573245,tvm
4,2,2,2,1024,128,8,[4; 2; 2; 2; 1024; 128; 8],0.020128168376686517,0.34729969144949285,tvm
512,2,16,16,1792,16,1,[512; 2; 16; 16; 1792; 16; 1],0.08222184248734266,0.08502006833211984,tvm
4,2,8,1,14336,32,2,[4; 2; 8; 1; 14336; 32; 2],0.22370378603227437,0.031248942141990064,tvm
4,4,8,2,128,32,2,[4; 4; 8; 2; 128; 32; 2],0.018540806871897075,0.37703357329407344,tvm
2,2,4,1,512,16,1,[2; 2; 4; 1; 512; 16; 1],0.030970517997047864,0.22571487720460498,tvm
128,8,16,4,14336,64,4,[128; 8; 16; 4; 14336; 64; 4],0.19165867700939998,0.03647372910919037,tvm
512,256,64,8,112,16,1,[512; 256; 64; 8; 112; 16; 1],0.06563615149934776,0.1065039083946921,tvm
256,4,32,8,512,32,2,[256; 4; 32; 8; 512; 32; 2],0.041957260997151025,0.16661017665431818,tvm
16,1,64,1,448,64,4,[16; 1; 64; 1; 448; 64; 4],0.028504285000963137,0.2452440630042277,tvm
64,2,16,2,256,128,8,[64; 2; 16; 2; 256; 128; 8],0.017505029747553635,0.3993427470549489,tvm
8,2,1,1,7168,16,1,[8; 2; 1; 1; 7168; 16; 1],0.15482107002753764,0.04515216608064576,tvm
16,8,2,2,448,112,7,[16; 8; 2; 2; 448; 112; 7],0.019042957123019733,0.3670914460137244,tvm
64,64,4,2,512,128,8,[64; 64; 4; 2; 512; 128; 8],0.030529805255355313,0.22897318237693126,tvm
4,4,2,1,1792,128,8,[4; 4; 2; 1; 1792; 128; 8],0.024659622002218384,0.2834798792146043,tvm
1,1,32,2,14336,128,8,[1; 1; 32; 2; 14336; 128; 8],0.9538864200003445,0.007328447622374309,tvm
16,1,2,2,128,16,1,[16; 1; 2; 2; 128; 16; 1],0.022785680623201188,0.3067938492716643,tvm
256,8,16,16,14336,16,1,[256; 8; 16; 16; 14336; 16; 1],0.5749874889734201,0.012157667428812205,tvm
128,4,32,2,64,64,4,[128; 4; 32; 2; 64; 64; 4],0.021265793999191374,0.3287206989276995,tvm
64,2,32,2,1024,128,8,[64; 2; 32; 2; 1024; 128; 8],0.017217144872120116,0.406020087452854,tvm
64,4,16,4,14336,64,4,[64; 4; 16; 4; 14336; 64; 4],0.2165988109773025,0.03227398449292137,tvm
2,1,64,8,256,16,1,[2; 1; 64; 8; 256; 16; 1],0.05397765900124796,0.12950740724982251,tvm
256,32,32,8,32,16,1,[256; 32; 32; 8; 32; 16; 1],0.04113478949875571,0.16994147172864768,tvm
32,32,16,1,1024,128,8,[32; 32; 16; 1; 1024; 128; 8],0.015821600747585762,0.4418330849192587,tvm
4,1,32,1,128,128,8,[4; 1; 32; 1; 128; 128; 8],0.01645073261897778,0.42493588757271067,tvm
16,16,8,1,16,16,1,[16; 16; 8; 1; 16; 16; 1],0.025662942498456687,0.27239692670032134,tvm
16,1,2,1,224,32,2,[16; 1; 2; 1; 224; 32; 2],0.027602893009316176,0.2532526813152274,tvm
8,8,16,4,256,16,1,[8; 8; 16; 4; 256; 16; 1],0.021433319125208072,0.3261513826127386,tvm
8,2,4,4,64,64,4,[8; 2; 4; 4; 64; 64; 4],0.028752671496476978,0.24312546635964602,tvm
256,8,64,16,224,16,1,[256; 8; 64; 16; 224; 16; 1],0.041192525255610235,0.16970328046869598,tvm
4,2,8,4,1792,64,4,[4; 2; 8; 4; 1792; 64; 4],0.027417300239903852,0.2549669954918647,tvm
16,2,16,2,1024,16,1,[16; 2; 16; 2; 1024; 16; 1],0.023365338500298094,0.2991827688084845,tvm
8,8,16,1,896,32,2,[8; 8; 16; 1; 896; 32; 2],0.016699639505532105,0.41860224972826005,tvm
4,4,64,2,7168,112,7,[4; 4; 64; 2; 7168; 112; 7],0.13502035901183262,0.05177372299872235,tvm
32,16,16,8,112,16,1,[32; 16; 16; 8; 112; 16; 1],0.022283300997514743,0.31371055246466034,tvm
64,64,32,4,3584,64,4,[64; 64; 32; 4; 3584; 64; 4],0.03437123725598212,0.2033824565174769,tvm
128,2,8,4,3584,32,2,[128; 2; 8; 4; 3584; 32; 2],0.08111460151849315,0.08618062020649779,tvm
512,8,32,8,128,16,1,[512; 8; 32; 8; 128; 16; 1],0.04624686150054913,0.151156347476329,tvm
2,2,8,8,448,16,1,[2; 2; 8; 8; 448; 16; 1],0.02814902899262961,0.24833917605104686,tvm
16,1,64,16,448,16,1,[16; 1; 64; 16; 448; 16; 1],0.03536983275262173,0.19764036532370954,tvm
2,1,8,4,448,16,1,[2; 1; 8; 4; 448; 16; 1],0.030409249258809723,0.22988093547365296,tvm
16,1,64,16,112,16,1,[16; 1; 64; 16; 112; 16; 1],0.03746727274847217,0.18657634126710554,tvm
32,8,8,2,14336,64,4,[32; 8; 8; 2; 14336; 64; 4],0.17440103902481496,0.04008294162554851,tvm
128,4,16,2,3584,64,4,[128; 4; 16; 2; 3584; 64; 4],0.04221485150628723,0.16559353917484565,tvm
8,4,16,1,896,32,2,[8; 4; 16; 1; 896; 32; 2],0.016712792501493823,0.4182728090498246,tvm
1,1,4,2,1792,128,8,[1; 1; 4; 2; 1792; 128; 8],0.053436774003785104,0.13081827630858678,tvm
8,2,16,1,14336,224,14,[8; 2; 16; 1; 14336; 224; 14],0.2382433580351062,0.029341874310034637,tvm
1,1,8,8,224,32,2,[1; 1; 8; 8; 224; 32; 2],0.052787891996558756,0.13242632736920767,tvm
8,2,64,1,7168,16,1,[8; 2; 64; 1; 7168; 16; 1],0.14006509800674394,0.049908983509439904,tvm
4,1,8,8,3584,32,2,[4; 1; 8; 8; 3584; 32; 2],0.059607504023006186,0.1172756145596803,tvm
16,8,32,8,512,32,2,[16; 8; 32; 8; 512; 32; 2],0.024924124249082524,0.28047150611215527,tvm
256,1,16,8,512,32,2,[256; 1; 16; 8; 512; 32; 2],0.0589994210167788,0.11848432656108002,tvm
128,64,8,8,64,16,1,[128; 64; 8; 8; 64; 16; 1],0.03458700700139161,0.20211366269377987,tvm
16,2,8,2,512,16,1,[16; 2; 8; 2; 512; 16; 1],0.02397090812883107,0.2916246071736772,tvm
16,16,64,2,3584,32,2,[16; 16; 64; 2; 3584; 32; 2],0.038625502987997606,0.1809816345650924,tvm
1,1,16,2,32,16,1,[1; 1; 16; 2; 32; 16; 1],0.052769154513953254,0.13247334983959677,tvm
64,64,32,4,1792,64,4,[64; 64; 32; 4; 1792; 64; 4],0.014706426627526525,0.47533686079678217,tvm
16,8,4,2,448,64,4,[16; 8; 4; 2; 448; 64; 4],0.01829894162801793,0.38201699359286123,tvm
8,1,8,2,128,16,1,[8; 1; 8; 2; 128; 16; 1],0.021289867254381534,0.3283490020459378,tvm
16,4,32,4,16,16,1,[16; 4; 32; 4; 16; 16; 1],0.03278904875332955,0.2131963851484657,tvm
16,2,1,1,128,16,1,[16; 2; 1; 1; 128; 16; 1],0.028863970743259415,0.2421879764515475,tvm
32,4,64,2,7168,64,4,[32; 4; 64; 2; 7168; 64; 4],0.07345287600765005,0.09516995176524623,tvm
64,1,2,2,1792,64,4,[64; 1; 2; 2; 1792; 64; 4],0.017705991500406526,0.3948102350837662,tvm
4,4,32,1,7168,112,7,[4; 4; 32; 1; 7168; 112; 7],0.13889175502117723,0.050330609369870834,tvm
32,16,8,1,14336,128,8,[32; 16; 8; 1; 14336; 128; 8],0.24801959801698104,0.028185299559222943,tvm
4,2,64,2,64,64,4,[4; 2; 64; 2; 64; 64; 4],0.01759950137056876,0.39719913192294926,tvm
128,64,64,4,1024,64,4,[128; 64; 64; 4; 1024; 64; 4],0.016446471876406576,0.42504597455305637,tvm
64,64,32,16,3584,16,1,[64; 64; 32; 16; 3584; 16; 1],0.12432549998629838,0.05622745669582727,tvm
64,8,16,4,1792,32,2,[64; 8; 16; 4; 1792; 32; 2],0.019198089372366667,0.3641251236557247,tvm
128,64,8,8,448,32,2,[128; 64; 8; 8; 448; 32; 2],0.029677871760213748,0.23554609047263836,tvm
8,8,64,8,32,32,2,[8; 8; 64; 8; 32; 32; 2],0.01943736387329409,0.3596427330493748,tvm
256,16,32,8,7168,32,2,[256; 16; 32; 8; 7168; 32; 2],0.11494590801885352,0.0608156200351219,tvm
32,4,64,2,7168,128,8,[32; 4; 64; 2; 7168; 128; 8],0.06986269651679322,0.10006064774477072,tvm
64,2,32,4,448,64,4,[64; 2; 32; 4; 448; 64; 4],0.028035687500960194,0.2493431511685686,tvm
64,1,2,1,512,128,8,[64; 1; 2; 1; 512; 128; 8],0.028694363252725452,0.24361950830195522,tvm
4,4,64,8,896,32,2,[4; 4; 64; 8; 896; 32; 2],0.02233922012237599,0.312925277980705,tvm
256,128,16,16,3584,16,1,[256; 128; 16; 16; 3584; 16; 1],0.15003800397971645,0.046591573343055866,tvm
128,1,16,16,2048,16,1,[128; 1; 16; 16; 2048; 16; 1],0.21616682695457712,0.03233848026152308,tvm
128,128,8,4,14336,64,4,[128; 128; 8; 4; 14336; 64; 4],0.34084604802774265,0.020509278916731596,tvm
4,2,8,2,14336,128,8,[4; 2; 8; 2; 14336; 128; 8],0.22660191397881135,0.030849283414791994,tvm
8,2,64,8,224,32,2,[8; 2; 64; 8; 224; 32; 2],0.02889677698840387,0.24191302266934203,tvm
64,2,8,8,16,16,1,[64; 2; 8; 8; 16; 16; 1],0.0397846867563203,0.17570847571286047,tvm
32,16,4,4,1024,64,4,[32; 16; 4; 4; 1024; 64; 4],0.0163066866225563,0.42868958167117877,tvm
16,4,16,1,1024,64,4,[16; 4; 16; 1; 1024; 64; 4],0.01639849625644274,0.42628949370404584,tvm
8,2,4,1,64,64,4,[8; 2; 4; 1; 64; 64; 4],0.016604961121629458,0.4209890414956107,tvm
128,1,8,8,128,16,1,[128; 1; 8; 8; 128; 16; 1],0.04550263499550056,0.15362861221900467,tvm
32,2,4,1,7168,128,8,[32; 2; 4; 1; 7168; 128; 8],0.1251779529848136,0.055844551696054213,tvm
1,1,4,1,7168,32,2,[1; 1; 4; 1; 7168; 32; 2],0.38907770795049146,0.017966865034468076,tvm
8,2,1,1,128,128,8,[8; 2; 1; 1; 128; 128; 8],0.015276110876584426,0.45761036451901355,tvm
4,4,2,2,256,128,8,[4; 4; 2; 2; 256; 128; 8],0.019477786001516506,0.3588963687208802,tvm
64,8,16,16,256,16,1,[64; 8; 16; 16; 256; 16; 1],0.03735547549149487,0.18713472589201205,tvm
32,8,64,8,3584,32,2,[32; 8; 64; 8; 3584; 32; 2],0.043317769494024105,0.16137734579410976,tvm
8,1,1,1,3584,16,1,[8; 1; 1; 1; 3584; 16; 1],0.06868793698959053,0.10177197005823686,tvm
256,2,8,4,128,32,2,[256; 2; 8; 4; 128; 32; 2],0.060670547012705356,0.1152207621467917,tvm
16,16,8,1,128,128,8,[16; 16; 8; 1; 128; 128; 8],0.01453833937557647,0.4808325411917605,tvm
2,2,8,4,448,16,1,[2; 2; 8; 4; 448; 16; 1],0.028194682992761955,0.24793705495682453,tvm
16,16,2,1,256,128,8,[16; 16; 2; 1; 256; 128; 8],0.03002020251005888,0.23286007695398975,tvm
64,1,1,1,3584,128,8,[64; 1; 1; 1; 3584; 128; 8],0.07067633999395184,0.09890872486131685,tvm
16,16,2,1,2048,64,4,[16; 16; 2; 1; 2048; 64; 4],0.029569482503575273,0.2364095031362635,tvm
256,8,4,4,1792,32,2,[256; 8; 4; 4; 1792; 32; 2],0.031281824747566134,0.22346863468092792,tvm
8,1,8,2,112,16,1,[8; 1; 8; 2; 112; 16; 1],0.02148329337069299,0.3253926921746064,tvm
16,8,16,1,448,32,2,[16; 8; 16; 1; 448; 32; 2],0.01727208012744086,0.40472870754927565,tvm
1,1,16,4,448,32,2,[1; 1; 16; 4; 448; 32; 2],0.05332722549792379,0.1310870123355439,tvm
16,2,2,1,448,16,1,[16; 2; 2; 1; 448; 16; 1],0.025850907506537624,0.27041629640656856,tvm
32,1,64,1,224,224,14,[32; 1; 64; 1; 224; 224; 14],0.03191472799517214,0.2190370122447588,tvm
512,256,16,16,7168,16,1,[512; 256; 16; 16; 7168; 16; 1],0.7859796129632741,0.008894005075158746,tvm
2,1,16,1,448,16,1,[2; 1; 16; 1; 448; 16; 1],0.03135979200305883,0.22291304310898535,tvm
8,4,8,4,32,16,1,[8; 4; 8; 4; 32; 16; 1],0.03234348524711095,0.2161333762659696,tvm
32,16,8,1,2048,128,8,[32; 16; 8; 1; 2048; 128; 8],0.027568073754082434,0.2535725465995416,tvm
64,4,16,8,3584,16,1,[64; 4; 16; 8; 3584; 16; 1],0.07670339100877754,0.0911368659811495,tvm
4,1,32,1,64,16,1,[4; 1; 32; 1; 64; 16; 1],0.02807660224789288,0.24897979481086596,tvm
16,1,8,1,1792,16,1,[16; 1; 8; 1; 1792; 16; 1],0.020640515627746936,0.3386788776375996,tvm
16,4,8,2,7168,16,1,[16; 4; 8; 2; 7168; 16; 1],0.09163118898868561,0.07628959903084787,tvm
8,4,32,2,2048,16,1,[8; 4; 32; 2; 2048; 16; 1],0.02919551699596923,0.2394376735178824,tvm
16,8,8,2,7168,32,2,[16; 8; 8; 2; 7168; 32; 2],0.06873729851213284,0.10169888572843419,tvm
16,2,32,8,64,16,1,[16; 2; 32; 8; 64; 16; 1],0.03676326399727259,0.1901492388484679,tvm
128,16,16,4,7168,32,2,[128; 16; 16; 4; 7168; 32; 2],0.11660375498468056,0.05995095670448247,tvm
256,64,64,8,7168,32,2,[256; 64; 64; 8; 7168; 32; 2],0.19437808101065457,0.03596345138464193,tvm
64,1,8,8,64,16,1,[64; 1; 8; 8; 64; 16; 1],0.0399992382444907,0.17476599489065284,tvm
128,1,8,4,32,32,2,[128; 1; 8; 4; 32; 32; 2],0.03631710399349686,0.19248524518690768,tvm
32,16,4,1,2048,128,8,[32; 16; 4; 1; 2048; 128; 8],0.028075561494915746,0.24898902442013815,tvm
16,2,2,1,128,32,2,[16; 2; 2; 1; 128; 32; 2],0.027398930993513204,0.25513793469977697,tvm
64,32,64,2,112,112,7,[64; 32; 64; 2; 112; 112; 7],0.024478406499838457,0.2855785022898774,tvm
64,64,4,1,256,128,8,[64; 64; 4; 1; 256; 128; 8],0.026000596000812948,0.26885947793074044,tvm
256,128,8,4,7168,32,2,[256; 128; 8; 4; 7168; 32; 2],0.16107851901324466,0.04339813098288962,tvm
16,1,16,2,14336,16,1,[16; 1; 16; 2; 14336; 16; 1],0.17913289600983262,0.03902413695295228,tvm
4,1,64,2,3584,112,7,[4; 1; 64; 2; 3584; 112; 7],0.05693812100798823,0.12277375057188701,tvm
8,1,32,2,16,16,1,[8; 1; 32; 2; 16; 16; 1],0.027532505002454855,0.2539001324450274,tvm
512,2,32,16,32,16,1,[512; 2; 32; 16; 32; 16; 1],0.06934734250535257,0.1008042473455577,tvm
128,32,32,16,3584,16,1,[128; 32; 32; 16; 3584; 16; 1],0.12892985698999837,0.054219455678206095,tvm
32,8,16,4,64,32,2,[32; 8; 16; 4; 64; 32; 2],0.022437197250837926,0.3115588185331661,tvm
512,16,16,8,112,16,1,[512; 16; 16; 8; 112; 16; 1],0.03863802499836311,0.18092298110379137,tvm
16,8,2,1,448,32,2,[16; 8; 2; 1; 448; 32; 2],0.024372656625928357,0.28681759128506157,tvm
8,4,1,1,112,112,7,[8; 4; 1; 1; 112; 112; 7],0.019608260750828777,0.35650824698315997,tvm
16,1,32,4,3584,64,4,[16; 1; 32; 4; 3584; 64; 4],0.05842798450612463,0.11964312522082457,tvm
8,1,8,4,128,16,1,[8; 1; 8; 4; 128; 16; 1],0.027439769502962008,0.25475821383674785,tvm
4,4,32,1,512,16,1,[4; 4; 32; 1; 512; 16; 1],0.03618312274920754,0.19319799219982384,tvm
256,32,64,16,128,16,1,[256; 32; 64; 16; 128; 16; 1],0.05337851101648994,0.13096106529661583,tvm
2,2,4,1,448,224,14,[2; 2; 4; 1; 448; 224; 14],0.03372988149931189,0.20724966575436318,tvm
4,2,2,1,32,16,1,[4; 2; 2; 1; 32; 16; 1],0.0250190825026948,0.27940699527705387,tvm
8,4,32,1,32,16,1,[8; 4; 32; 1; 32; 16; 1],0.028240769999683835,0.24753243862490037,tvm
8,4,32,4,2048,32,2,[8; 4; 32; 4; 2048; 32; 2],0.04364923425600864,0.16015187404357206,tvm
4,4,64,1,224,16,1,[4; 4; 64; 1; 224; 16; 1],0.02684712725749705,0.26038192465134496,tvm
8,1,16,2,512,16,1,[8; 1; 16; 2; 512; 16; 1],0.024215149001975078,0.2886831985257037,tvm
4,2,16,2,112,112,7,[4; 2; 16; 2; 112; 112; 7],0.0280408894905122,0.24929689441670336,tvm
2,1,8,8,256,16,1,[2; 1; 8; 8; 256; 16; 1],0.03580386925023049,0.1952444474034511,tvm
8,1,4,1,512,16,1,[8; 1; 4; 1; 512; 16; 1],0.018413950499962084,0.37963101218725775,tvm
32,32,32,2,1792,64,4,[32; 32; 32; 2; 1792; 64; 4],0.01368227450439008,0.5109170017326944,tvm
32,4,16,2,896,128,8,[32; 4; 16; 2; 896; 128; 8],0.015310484253859613,0.45658298919607543,tvm
64,64,32,16,14336,16,1,[64; 64; 32; 16; 14336; 16; 1],1.3192008910118602,0.005299046350177017,tvm
8,2,16,2,128,128,8,[8; 2; 16; 2; 128; 128; 8],0.017544470749271568,0.39844500108143227,tvm
1,1,32,2,3584,112,7,[1; 1; 32; 2; 3584; 112; 7],0.10564198700012639,0.06617166966632598,tvm
2,1,4,2,896,32,2,[2; 1; 4; 2; 896; 32; 2],0.027353682758985087,0.25555998174945704,tvm
64,64,16,4,14336,64,4,[64; 64; 16; 4; 14336; 64; 4],0.17679941497044638,0.03953919569154227,tvm
256,8,64,8,3584,32,2,[256; 8; 64; 8; 3584; 32; 2],0.05575022249831818,0.1253897536799526,tvm
16,16,4,4,14336,32,2,[16; 16; 4; 4; 14336; 32; 2],0.16221755399601534,0.04309340447112388,tvm
8,2,4,1,448,224,14,[8; 2; 4; 1; 448; 224; 14],0.031451949253096245,0.22225988635596236,tvm
16,16,64,4,14336,32,2,[16; 16; 64; 4; 14336; 32; 2],0.16391993698198348,0.042645859895828274,tvm
4,1,64,2,16,16,1,[4; 1; 64; 2; 16; 16; 1],0.03492896299576387,0.20013496156511904,tvm
4,2,32,2,512,16,1,[4; 2; 32; 2; 512; 16; 1],0.03694878199894447,0.18919450895205064,tvm
4,2,32,2,14336,128,8,[4; 2; 32; 2; 14336; 128; 8],0.24614035099511966,0.02840049036415517,tvm
8,2,2,1,224,112,7,[8; 2; 2; 1; 224; 112; 7],0.033690720243612304,0.20749056761385365,tvm
32,4,64,4,256,32,2,[32; 4; 64; 4; 256; 32; 2],0.026466851501027122,0.26412309248024385,tvm
16,2,32,4,896,32,2,[16; 2; 32; 4; 896; 32; 2],0.030862471990985796,0.22650507933092429,tvm
64,16,2,2,7168,64,4,[64; 16; 2; 2; 7168; 64; 4],0.196092611993663,0.035649005822272255,tvm
8,8,16,1,2048,64,4,[8; 8; 16; 1; 2048; 64; 4],0.01707294612424448,0.40944934844840747,tvm
32,32,64,4,2048,32,2,[32; 32; 64; 4; 2048; 32; 2],0.01646209124737652,0.4246426873487722,tvm
2,1,2,1,7168,112,7,[2; 1; 2; 1; 7168; 112; 7],0.22505030100001022,0.03106197430354181,tvm
32,2,2,1,448,224,14,[32; 2; 2; 1; 448; 224; 14],0.0349021607398754,0.20028865028634393,tvm
64,4,16,4,2048,32,2,[64; 4; 16; 4; 2048; 32; 2],0.03174102975754067,0.2202356609115979,tvm
16,1,8,1,32,16,1,[16; 1; 8; 1; 32; 16; 1],0.02371888337074779,0.29472326152115463,tvm
4,4,64,8,128,32,2,[4; 4; 64; 8; 128; 32; 2],0.021168230879993644,0.33023575311026493,tvm
8,8,4,2,7168,128,8,[8; 8; 4; 2; 7168; 128; 8],0.09479880399885587,0.07374045211320425,tvm
64,1,4,2,128,64,4,[64; 1; 4; 2; 128; 64; 4],0.0183578182477504,0.3807918006554671,tvm
4,1,16,4,128,16,1,[4; 1; 16; 4; 128; 16; 1],0.0331065829959698,0.21115156062821855,tvm
4,2,8,1,512,32,2,[4; 2; 8; 1; 512; 32; 2],0.019570206372009125,0.3572014793193519,tvm
256,64,64,4,14336,32,2,[256; 64; 64; 4; 14336; 32; 2],0.2175044739851728,0.032139599423335115,tvm
16,1,4,4,3584,32,2,[16; 1; 4; 4; 3584; 32; 2],0.04821904399432242,0.14497397890115302,tvm
16,2,64,1,224,16,1,[16; 2; 64; 1; 224; 16; 1],0.023641426749236416,0.2956888660238092,tvm
32,2,16,1,1792,224,14,[32; 2; 16; 1; 1792; 224; 14],0.03334027700475417,0.209671523295078,tvm
128,2,32,4,896,64,4,[128; 2; 32; 4; 896; 64; 4],0.029885081501561217,0.2339129196051039,tvm
32,32,8,2,256,64,4,[32; 32; 8; 2; 256; 64; 4],0.017654224873695057,0.39596791797314085,tvm
512,8,64,16,112,16,1,[512; 8; 64; 16; 112; 16; 1],0.04462903700186871,0.15663583927150299,tvm
16,8,8,2,3584,64,4,[16; 8; 8; 2; 3584; 64; 4],0.035758513753535226,0.19549209217275026,tvm
2,1,8,2,64,32,2,[2; 1; 8; 2; 64; 32; 2],0.021951429749606177,0.31845336483342646,tvm
256,128,32,16,14336,16,1,[256; 128; 32; 16; 14336; 16; 1],1.425443065003492,0.004904093918791167,tvm
16,1,32,1,1792,64,4,[16; 1; 32; 1; 1792; 64; 4],0.027592461003223434,0.2533484296978807,tvm
64,1,16,2,224,112,7,[64; 1; 16; 2; 224; 112; 7],0.02938299349625595,0.23790995521124877,tvm
4,1,4,1,1024,32,2,[4; 1; 4; 1; 1024; 32; 2],0.018039960756141227,0.38750121251161446,tvm
64,1,4,1,1024,128,8,[64; 1; 4; 1; 1024; 128; 8],0.027451562753412873,0.2546487691596932,tvm
2,2,2,1,448,64,4,[2; 2; 2; 1; 448; 64; 4],0.027307416501571424,0.2559929704907966,tvm
32,16,32,2,3584,128,8,[32; 16; 32; 2; 3584; 128; 8],0.03287414775695652,0.2126444985995843,tvm
32,1,64,2,256,128,8,[32; 1; 64; 2; 256; 128; 8],0.017698167874186765,0.3949847643191644,tvm
16,1,64,1,7168,112,7,[16; 1; 64; 1; 7168; 112; 7],0.17265926499385387,0.0404872954076082,tvm
32,32,16,8,64,32,2,[32; 32; 16; 8; 64; 32; 2],0.017759776375896763,0.39361456578665327,tvm
16,16,16,1,1024,32,2,[16; 16; 16; 1; 1024; 32; 2],0.018936814878543373,0.36914902065116345,tvm
16,8,4,2,1024,64,4,[16; 8; 4; 2; 1024; 64; 4],0.02024932875065133,0.34522164920858495,tvm
64,64,32,4,14336,64,4,[64; 64; 32; 4; 14336; 64; 4],0.15244698198512197,0.0458553300015405,tvm
2,2,1,1,256,128,8,[2; 2; 1; 1; 256; 128; 8],0.02843047250644304,0.2458807768700449,tvm
32,1,16,4,896,32,2,[32; 1; 16; 4; 896; 32; 2],0.03251897024165373,0.21496703661644512,tvm
32,2,8,1,7168,128,8,[32; 2; 8; 1; 7168; 128; 8],0.11851569899590686,0.05898380320828295,tvm
16,16,8,2,7168,32,2,[16; 16; 8; 2; 7168; 32; 2],0.06844458047999069,0.10213382297975067,tvm
16,1,32,1,128,16,1,[16; 1; 32; 1; 128; 16; 1],0.022355180997692514,0.31270185946551815,tvm
128,8,8,8,64,32,2,[128; 8; 8; 8; 64; 32; 2],0.023408263368764892,0.29863414284694595,tvm
128,2,64,4,224,32,2,[128; 2; 64; 4; 224; 32; 2],0.028339141746982932,0.2466731960014596,tvm
4,4,32,2,14336,16,1,[4; 4; 32; 2; 14336; 16; 1],0.4425184919964522,0.01579709502111092,tvm
4,2,16,8,3584,16,1,[4; 2; 16; 8; 3584; 16; 1],0.10091096599353477,0.06927400404743464,tvm
1,1,32,4,128,16,1,[1; 1; 32; 4; 128; 16; 1],0.0435862770100357,0.1603832019205749,tvm
8,1,32,1,224,112,7,[8; 1; 32; 1; 224; 112; 7],0.03525756650196854,0.1982696867713875,tvm
8,4,1,1,1792,64,4,[8; 4; 1; 1; 1792; 64; 4],0.029031507248873822,0.24079034570062977,tvm
16,1,8,2,128,128,8,[16; 1; 8; 2; 128; 128; 8],0.019065612999838777,0.36665522722640914,tvm
32,8,32,1,7168,128,8,[32; 8; 32; 1; 7168; 128; 8],0.1064660509582609,0.06565949054884393,tvm
32,2,64,4,512,64,4,[32; 2; 64; 4; 512; 64; 4],0.03457575649372302,0.2021794278871597,tvm
16,16,4,1,16,16,1,[16; 16; 4; 1; 16; 16; 1],0.026000885249231942,0.268856486987233,tvm
16,1,8,2,512,64,4,[16; 1; 8; 2; 512; 64; 4],0.02021296537714079,0.34584270720477056,tvm
128,16,32,4,512,64,4,[128; 16; 32; 4; 512; 64; 4],0.017991983877436724,0.38853451149616014,tvm
16,16,2,2,3584,16,1,[16; 16; 2; 2; 3584; 16; 1],0.04958607500884682,0.1409772131675973,tvm
16,1,32,4,128,16,1,[16; 1; 32; 4; 128; 16; 1],0.041581815501558594,0.16811451309538528,tvm
8,1,16,4,1024,16,1,[8; 1; 16; 4; 1024; 16; 1],0.11801034200470895,0.059236390200341306,tvm
4,1,8,1,1024,128,8,[4; 1; 8; 1; 1024; 128; 8],0.022872759247547947,0.30562585786041874,tvm
16,8,64,8,112,16,1,[16; 8; 64; 8; 112; 16; 1],0.022165447131555993,0.31537855407006804,tvm
16,2,16,2,128,32,2,[16; 2; 16; 2; 128; 32; 2],0.01790631012408994,0.3903934768370906,tvm
8,8,16,8,256,16,1,[8; 8; 16; 8; 256; 16; 1],0.022224674125027377,0.31453809524228765,tvm
8,4,8,2,128,128,8,[8; 4; 8; 2; 128; 128; 8],0.01725097374583129,0.4052238887880708,tvm
8,8,32,16,112,16,1,[8; 8; 32; 16; 112; 16; 1],0.023833846622437704,0.29330165530584773,tvm
8,1,8,1,3584,16,1,[8; 1; 8; 1; 3584; 16; 1],0.04619413449836429,0.15132888065938754,tvm
4,4,32,4,2048,64,4,[4; 4; 32; 4; 2048; 64; 4],0.053469241509446874,0.13073884104811162,tvm
32,1,16,8,3584,16,1,[32; 1; 16; 8; 3584; 16; 1],0.10665925999637693,0.06554055097423445,tvm
16,16,32,4,224,32,2,[16; 16; 32; 4; 224; 32; 2],0.015538601372099947,0.44988004385120167,tvm
256,8,16,8,64,16,1,[256; 8; 16; 8; 64; 16; 1],0.04717548450571485,0.14818091938875233,tvm
1,1,32,2,224,16,1,[1; 1; 32; 2; 224; 16; 1],0.0641170734888874,0.10902722607697063,tvm
16,4,8,1,112,16,1,[16; 4; 8; 1; 112; 16; 1],0.023497468369896524,0.29750041819919903,tvm
512,128,32,8,3584,16,1,[512; 128; 32; 8; 3584; 16; 1],0.11020866699982435,0.06342973612663157,tvm
16,16,8,8,128,32,2,[16; 16; 8; 8; 128; 32; 2],0.01981490162143018,0.35279037969617294,tvm
1,1,8,4,256,64,4,[1; 1; 8; 4; 256; 64; 4],0.05247977949329652,0.13320381171875154,tvm
512,16,8,8,1792,16,1,[512; 16; 8; 8; 1792; 16; 1],0.03852428050595336,0.18145716350462113,tvm
64,64,64,2,7168,128,8,[64; 64; 64; 2; 7168; 128; 8],0.06271689699497074,0.11146129674156607,tvm
32,32,4,4,256,64,4,[32; 32; 4; 4; 256; 64; 4],0.016090722623630427,0.43444330190619196,tvm
16,2,2,1,224,16,1,[16; 2; 2; 1; 224; 16; 1],0.026792534496053122,0.26091248171002474,tvm
8,2,2,2,64,16,1,[8; 2; 2; 2; 64; 16; 1],0.018897510250099003,0.36991680777789465,tvm
128,2,16,4,1792,32,2,[128; 2; 16; 4; 1792; 32; 2],0.03731089826032985,0.18735830528366557,tvm
16,4,64,16,32,16,1,[16; 4; 64; 16; 32; 16; 1],0.03652975949808024,0.1913647054543034,tvm
256,64,32,8,2048,16,1,[256; 64; 32; 8; 2048; 16; 1],0.08348104101605713,0.08373765565911043,tvm
32,32,32,2,1024,128,8,[32; 32; 32; 2; 1024; 128; 8],0.013634876879223157,0.5126930538931972,tvm
64,1,32,8,1024,32,2,[64; 1; 32; 8; 1024; 32; 2],0.10886826401110739,0.06421069289718309,tvm
256,16,32,8,224,16,1,[256; 16; 32; 8; 224; 16; 1],0.0357717712468002,0.19541964020839395,tvm
32,1,32,4,1792,32,2,[32; 1; 32; 4; 1792; 32; 2],0.031875551503617316,0.21930621861941327,tvm
8,1,8,4,14336,32,2,[8; 1; 8; 4; 14336; 32; 2],0.3493890259996988,0.020007802611043353,tvm
128,4,8,2,3584,64,4,[128; 4; 8; 2; 3584; 64; 4],0.05431009398307651,0.1287146855029374,tvm
256,4,64,8,32,32,2,[256; 4; 64; 8; 32; 32; 2],0.04914152949640993,0.1422525252735034,tvm
512,8,16,16,64,16,1,[512; 8; 16; 16; 64; 16; 1],0.048035843239631504,0.1455268856589826,tvm
512,64,8,8,16,16,1,[512; 64; 8; 8; 16; 16; 1],0.054840630502440035,0.12746948024887564,tvm
256,1,64,8,1792,32,2,[256; 1; 64; 8; 1792; 32; 2],0.03622840125171933,0.19295653203396354,tvm
16,16,16,4,112,16,1,[16; 16; 16; 4; 112; 16; 1],0.020549795000988524,0.340174034160944,tvm
8,4,2,1,224,112,7,[8; 4; 2; 1; 224; 112; 7],0.02772991100209765,0.2520926470387108,tvm
8,1,8,1,128,128,8,[8; 1; 8; 1; 128; 128; 8],0.015390601627586875,0.454206199069992,tvm
64,1,64,2,256,128,8,[64; 1; 64; 2; 256; 128; 8],0.018022884250967763,0.3878683660908105,tvm
8,4,16,1,512,64,4,[8; 4; 16; 1; 512; 64; 4],0.01773621724714758,0.3941374064862062,tvm
128,64,8,8,32,16,1,[128; 64; 8; 8; 32; 16; 1],0.03343393724935595,0.20908415944345077,tvm
8,2,2,2,224,32,2,[8; 2; 2; 2; 224; 32; 2],0.015800907247466967,0.44241172719922844,tvm
64,4,16,16,256,16,1,[64; 4; 16; 16; 256; 16; 1],0.04523852973943576,0.15452550529229148,tvm
256,256,64,4,64,32,2,[256; 256; 64; 4; 64; 32; 2],0.05677815349190496,0.12311965495079591,tvm
64,16,64,1,3584,128,8,[64; 16; 64; 1; 3584; 128; 8],0.0507179289998021,0.13783107481959572,tvm
8,1,16,4,1792,64,4,[8; 1; 16; 4; 1792; 64; 4],0.028864904248621315,0.24218014397191556,tvm
128,128,4,4,128,64,4,[128; 128; 4; 4; 128; 64; 4],0.02765420899959281,0.25278273794667555,tvm
4,2,8,4,64,16,1,[4; 2; 8; 4; 64; 16; 1],0.029056853250949644,0.24058030669367825,tvm
64,2,32,8,256,32,2,[64; 2; 32; 8; 256; 32; 2],0.03828391924616881,0.18259642179571856,tvm
16,1,32,1,7168,112,7,[16; 1; 32; 1; 7168; 112; 7],0.18976061296416447,0.03683855441585655,tvm
16,16,2,1,1792,224,14,[16; 16; 2; 1; 1792; 224; 14],0.030646455503301695,0.22810163693852115,tvm
64,4,32,4,896,32,2,[64; 4; 32; 4; 896; 32; 2],0.023769529252604116,0.2940952928590628,tvm
16,8,4,4,7168,64,4,[16; 8; 4; 4; 7168; 64; 4],0.08170954848174006,0.08555311828982706,tvm
32,1,64,2,7168,112,7,[32; 1; 64; 2; 7168; 112; 7],0.11197935597738251,0.06242674469460784,tvm
32,16,16,2,128,64,4,[32; 16; 16; 2; 128; 64; 4],0.02033788261906011,0.34371850785073144,tvm
8,8,32,1,64,64,4,[8; 8; 32; 1; 64; 64; 4],0.016390547876653727,0.4264962171657339,tvm
16,16,2,1,3584,224,14,[16; 16; 2; 1; 3584; 224; 14],0.06194054248044267,0.11285833779828251,tvm
128,4,4,4,1792,64,4,[128; 4; 4; 4; 1792; 64; 4],0.022677296750771347,0.30826013979946226,tvm
4,1,8,8,512,32,2,[4; 1; 8; 8; 512; 32; 2],0.05025711399503052,0.13909486858632383,tvm
32,16,8,4,896,64,4,[32; 16; 8; 4; 896; 64; 4],0.013618377000966575,0.5133142272511996,tvm
1,1,2,1,64,32,2,[1; 1; 2; 1; 64; 32; 2],0.03419876249972731,0.20440817607720183,tvm
32,16,4,2,2048,128,8,[32; 16; 4; 2; 2048; 128; 8],0.01675613062980119,0.4171909864580477,tvm
8,2,2,2,1024,128,8,[8; 2; 2; 2; 1024; 128; 8],0.01935766237875214,0.36112349362698715,tvm
16,8,64,4,448,16,1,[16; 8; 64; 4; 448; 16; 1],0.020242679129296448,0.34533505283643884,tvm
128,8,64,8,3584,16,1,[128; 8; 64; 8; 3584; 16; 1],0.05174573001568206,0.13509340122456723,tvm
16,2,8,8,7168,16,1,[16; 2; 8; 8; 7168; 16; 1],0.22525549901183695,0.03103367818913634,tvm
8,1,2,2,128,32,2,[8; 1; 2; 2; 128; 32; 2],0.01741444224899169,0.4014200723007033,tvm
8,2,4,1,112,16,1,[8; 2; 4; 1; 112; 16; 1],0.018928564255475067,0.36930992611574703,tvm
16,16,4,1,112,112,7,[16; 16; 4; 1; 112; 112; 7],0.01653351361892419,0.4228082927675677,tvm
64,2,8,2,1792,64,4,[64; 2; 8; 2; 1792; 64; 4],0.015265006375557277,0.4579432523434806,tvm
32,2,16,8,1792,32,2,[32; 2; 16; 8; 1792; 32; 2],0.03226972649281379,0.21662739125549754,tvm
64,1,8,8,256,32,2,[64; 1; 8; 8; 256; 32; 2],0.03751332675165031,0.18634728700405478,tvm
32,16,8,2,896,112,7,[32; 16; 8; 2; 896; 112; 7],0.016527474370377604,0.42296278971672996,tvm
2,1,2,2,896,16,1,[2; 1; 2; 2; 896; 16; 1],0.030058627497055568,0.23256240383402174,tvm
16,8,64,8,16,16,1,[16; 8; 64; 8; 16; 16; 1],0.025144691491732374,0.2780112322700463,tvm
32,8,64,2,256,128,8,[32; 8; 64; 2; 256; 128; 8],0.01758810075261863,0.397456596649634,tvm
64,8,16,1,3584,128,8,[64; 8; 16; 1; 3584; 128; 8],0.05362438299925998,0.13036059858745855,tvm
128,8,64,2,64,64,4,[128; 8; 64; 2; 64; 64; 4],0.021131000125024002,0.3308175962002048,tvm
128,2,32,2,128,64,4,[128; 2; 32; 2; 128; 64; 4],0.021867960123927332,0.31966889582068714,tvm
8,1,64,4,1792,16,1,[8; 1; 64; 4; 1792; 16; 1],0.023323547371546738,0.2997188444496503,tvm
128,16,32,2,448,64,4,[128; 16; 32; 2; 448; 64; 4],0.020196550372929778,0.34612379528121373,tvm
8,2,4,4,7168,16,1,[8; 2; 4; 4; 7168; 16; 1],0.12219235301017761,0.05720903554483819,tvm
8,4,64,4,1792,64,4,[8; 4; 64; 4; 1792; 64; 4],0.01932653549738461,0.36170511096583585,tvm
4,2,2,2,64,32,2,[4; 2; 2; 2; 64; 32; 2],0.017895268872962333,0.3906343467813724,tvm
16,1,32,2,448,112,7,[16; 1; 32; 2; 448; 112; 7],0.02893793625116814,0.24156894278818797,tvm
256,64,32,4,7168,32,2,[256; 64; 32; 4; 7168; 32; 2],0.11308121599722654,0.061818460343034495,tvm
2,1,64,1,2048,16,1,[2; 1; 64; 1; 2048; 16; 1],0.1043015259783715,0.06702209388687423,tvm
32,2,8,1,14336,224,14,[32; 2; 8; 1; 14336; 224; 14],0.29314703203272074,0.023846418018267347,tvm
2,1,8,1,32,16,1,[2; 1; 8; 1; 32; 16; 1],0.03754581024986692,0.18618606497355972,tvm
64,32,4,1,14336,128,8,[64; 32; 4; 1; 14336; 128; 8],0.31502626300789416,0.0221902345535283,tvm
64,64,16,16,512,16,1,[64; 64; 16; 16; 512; 16; 1],0.06948543002363294,0.10060392033681162,tvm
64,2,16,1,256,128,8,[64; 2; 16; 1; 256; 128; 8],0.027149298752192408,0.2574838757521189,tvm
16,4,16,8,128,16,1,[16; 4; 16; 8; 128; 16; 1],0.02700263200677,0.25888241801443773,tvm
16,2,2,1,1792,32,2,[16; 2; 2; 1; 1792; 32; 2],0.026125318501726724,0.26757594041215754,tvm
4,1,8,4,1024,32,2,[4; 1; 8; 4; 1024; 32; 2],0.06453433350543492,0.10832228810541515,tvm
64,16,64,8,7168,16,1,[64; 16; 64; 8; 7168; 16; 1],0.09128156802034937,0.07658179869465297,tvm
1,1,16,8,1024,32,2,[1; 1; 16; 8; 1024; 32; 2],0.106735392997507,0.06549380173107099,tvm
128,1,64,4,128,32,2,[128; 1; 64; 4; 128; 32; 2],0.03593666449887678,0.1945229687881901,tvm
4,2,32,1,256,16,1,[4; 2; 32; 1; 256; 16; 1],0.02733539899054449,0.2557309175946081,tvm
32,16,2,2,2048,64,4,[32; 16; 2; 2; 2048; 64; 4],0.01755940974544501,0.3981060165464865,tvm
512,2,32,8,7168,16,1,[512; 2; 32; 8; 7168; 16; 1],0.3162285510334186,0.022105868188757944,tvm
64,16,16,2,128,128,8,[64; 16; 16; 2; 128; 128; 8],0.01772849925328046,0.39430899179879264,tvm
4,4,4,2,14336,64,4,[4; 4; 4; 2; 14336; 64; 4],0.2397816500160843,0.02915363484319067,tvm
2,2,2,1,2048,128,8,[2; 2; 2; 1; 2048; 128; 8],0.032534973754081875,0.21486129724600223,tvm
2,1,64,8,448,16,1,[2; 1; 64; 8; 448; 16; 1],0.04195293025986757,0.16662737556984972,tvm
32,1,32,8,2048,32,2,[32; 1; 32; 8; 2048; 32; 2],0.06351700451341458,0.11005724719260486,tvm
128,32,16,16,14336,16,1,[128; 32; 16; 16; 14336; 16; 1],0.9107416580081917,0.007675619760223805,tvm
512,8,16,16,16,16,1,[512; 8; 16; 16; 16; 16; 1],0.04561097150144633,0.15326370907151138,tvm
128,2,8,8,128,32,2,[128; 2; 8; 8; 128; 32; 2],0.03878872899804264,0.18022004967008384,tvm
128,128,32,8,1024,16,1,[128; 128; 32; 8; 1024; 16; 1],0.06818218051921576,0.10252688625434228,tvm
16,4,4,4,3584,32,2,[16; 4; 4; 4; 3584; 32; 2],0.04346149224147666,0.16084368727669704,tvm
1,1,16,1,224,224,14,[1; 1; 16; 1; 224; 224; 14],0.052792122500250116,0.13241571536801816,tvm
64,16,16,2,896,128,8,[64; 16; 16; 2; 896; 128; 8],0.015567411872325465,0.4490474540018978,tvm
128,64,8,2,14336,64,4,[128; 64; 8; 2; 14336; 64; 4],0.22666494600707665,0.03084070470450432,tvm
8,4,8,4,1024,16,1,[8; 4; 8; 4; 1024; 16; 1],0.051181132992496714,0.13658366389996668,tvm
64,32,32,2,896,112,7,[64; 32; 32; 2; 896; 112; 7],0.022501754378026817,0.31066496190594656,tvm
8,1,2,1,1024,32,2,[8; 1; 2; 1; 1024; 32; 2],0.018009334497037344,0.388160188141136,tvm
16,4,8,2,512,32,2,[16; 4; 8; 2; 512; 32; 2],0.019154088127834257,0.3649616008870833,tvm
16,16,32,1,64,64,4,[16; 16; 32; 1; 64; 64; 4],0.016480720369145274,0.42416268889277986,tvm
8,4,16,16,7168,16,1,[8; 4; 16; 16; 7168; 16; 1],0.3592395790037699,0.019459177315741448,tvm
4,2,16,16,1024,16,1,[4; 2; 16; 16; 1024; 16; 1],0.1830293129896745,0.03819337215706553,tvm
64,8,32,16,3584,16,1,[64; 8; 32; 16; 3584; 16; 1],0.08229998251772486,0.08493934570594992,tvm
4,1,4,1,64,64,4,[4; 1; 4; 1; 64; 64; 4],0.01793067362450529,0.38986302539760476,tvm
16,8,16,1,1024,128,8,[16; 8; 16; 1; 1024; 128; 8],0.030337699994561262,0.23042309298067676,tvm
64,16,64,16,896,16,1,[64; 16; 64; 16; 896; 16; 1],0.029761359241092578,0.23488532933047707,tvm
16,8,4,1,256,32,2,[16; 8; 4; 1; 256; 32; 2],0.02202343487442704,0.31741218872192534,tvm
2,1,2,1,448,32,2,[2; 1; 2; 1; 448; 32; 2],0.027472445246530697,0.2544552042577808,tvm
16,16,4,1,3584,16,1,[16; 16; 4; 1; 3584; 16; 1],0.03907277500547934,0.17890991017879734,tvm
16,1,4,4,1024,64,4,[16; 1; 4; 4; 1024; 64; 4],0.045231140742544085,0.15455074870776908,tvm
16,2,1,1,896,16,1,[16; 2; 1; 1; 896; 16; 1],0.02663865900831297,0.2624196159605925,tvm
16,8,1,1,14336,32,2,[16; 8; 1; 1; 14336; 32; 2],0.256327444978524,0.02727178382030982,tvm
32,1,64,16,448,16,1,[32; 1; 64; 16; 448; 16; 1],0.045809482762706466,0.1525995546135623,tvm
64,4,16,4,64,32,2,[64; 4; 16; 4; 64; 32; 2],0.025300404508016072,0.2763001937163425,tvm
256,32,64,4,448,32,2,[256; 32; 64; 4; 448; 32; 2],0.030567764493753202,0.22868884206744133,tvm
16,2,16,4,1024,16,1,[16; 2; 16; 4; 1024; 16; 1],0.10317768598906696,0.06775211713322785,tvm
64,1,64,4,3584,64,4,[64; 1; 64; 4; 3584; 64; 4],0.04224364900437649,0.1654806540491434,tvm
16,4,4,4,512,64,4,[16; 4; 4; 4; 512; 64; 4],0.024522833999071736,0.2850611257626781,tvm
1,1,64,16,1024,16,1,[1; 1; 64; 16; 1024; 16; 1],0.21366632299032062,0.03271693249938759,tvm
16,16,64,1,2048,32,2,[16; 16; 64; 1; 2048; 32; 2],0.018488428628188558,0.3781017201217698,tvm
16,2,32,8,128,32,2,[16; 2; 32; 8; 128; 32; 2],0.033123172252089716,0.21104580845892987,tvm
4,4,16,1,112,112,7,[4; 4; 16; 1; 112; 112; 7],0.02305621062987484,0.3031940841834951,tvm
64,8,64,2,7168,112,7,[64; 8; 64; 2; 7168; 112; 7],0.08833621151279658,0.07913523284450574,tvm
256,2,4,4,64,32,2,[256; 2; 4; 4; 64; 32; 2],0.054651825019391254,0.12790984864981791,tvm
16,4,16,2,14336,128,8,[16; 4; 16; 2; 14336; 128; 8],0.16698118997737765,0.04186403670745028,tvm
128,1,4,2,256,64,4,[128; 1; 4; 2; 256; 64; 4],0.024099841626593843,0.2900644234505151,tvm
512,16,16,16,128,16,1,[512; 16; 16; 16; 128; 16; 1],0.04202269099187106,0.1663507619733092,tvm
4,1,16,4,224,16,1,[4; 1; 16; 4; 224; 16; 1],0.032467493758304045,0.21530786203289068,tvm
4,1,4,1,448,16,1,[4; 1; 4; 1; 448; 16; 1],0.020325514378782827,0.34392766334926506,tvm
16,4,2,1,128,128,8,[16; 4; 2; 1; 128; 128; 8],0.028649278508964926,0.24400288700042477,tvm
16,1,8,1,128,16,1,[16; 1; 8; 1; 128; 16; 1],0.02363592774781864,0.29575765932487336,tvm
16,4,64,2,32,16,1,[16; 4; 64; 2; 32; 16; 1],0.02365145887597464,0.2955634450848901,tvm
64,16,4,2,896,112,7,[64; 16; 4; 2; 896; 112; 7],0.017133686247689184,0.4079978216952277,tvm
256,32,32,16,112,16,1,[256; 32; 32; 16; 112; 16; 1],0.05242129051475786,0.1333524336776614,tvm
8,1,16,1,448,112,7,[8; 1; 16; 1; 448; 112; 7],0.03475248299946543,0.20115128656488218,tvm
4,4,32,1,1792,32,2,[4; 4; 32; 1; 1792; 32; 2],0.01777419087738963,0.39329535250795694,tvm
8,4,8,4,3584,16,1,[8; 4; 8; 4; 3584; 16; 1],0.05366439052158967,0.13026341301415365,tvm
512,1,32,16,14336,16,1,[512; 1; 32; 16; 14336; 16; 1],1.5215859959716909,0.004594223846153698,tvm
16,4,8,1,3584,112,7,[16; 4; 8; 1; 3584; 112; 7],0.06620908799231984,0.10558228301645774,tvm
256,128,16,8,128,32,2,[256; 128; 16; 8; 128; 32; 2],0.050638454500585794,0.13804739373682504,tvm
256,4,4,4,448,32,2,[256; 4; 4; 4; 448; 32; 2],0.03435218475351576,0.20349525705060803,tvm
256,8,16,16,3584,16,1,[256; 8; 16; 16; 3584; 16; 1],0.10037706000730395,0.06964247275381448,tvm
64,64,8,4,256,32,2,[64; 64; 8; 4; 256; 32; 2],0.01967575662274612,0.3552852782588958,tvm
2,2,16,1,1024,128,8,[2; 2; 16; 1; 1024; 128; 8],0.04773885874601547,0.1464322116257153,tvm
4,1,1,1,256,32,2,[4; 1; 1; 1; 256; 32; 2],0.018112435878720134,0.38595066469660466,tvm
2,1,32,4,128,64,4,[2; 1; 32; 4; 128; 64; 4],0.02801179424568545,0.24955583370898807,tvm
32,8,8,2,64,64,4,[32; 8; 8; 2; 64; 64; 4],0.022795386001234874,0.30666322852738603,tvm
8,4,2,2,14336,32,2,[8; 4; 2; 2; 14336; 32; 2],0.18209946004208177,0.03838839865341289,tvm
128,2,8,8,3584,16,1,[128; 2; 8; 8; 3584; 16; 1],0.10525090899318457,0.06641754198169758,tvm
64,2,64,4,7168,32,2,[64; 2; 64; 4; 7168; 32; 2],0.16305906599154696,0.042871008883548105,tvm
8,4,1,1,256,128,8,[8; 4; 1; 1; 256; 128; 8],0.018124173249816522,0.3857007197135149,tvm
8,2,8,8,224,32,2,[8; 2; 8; 8; 224; 32; 2],0.027554464249988087,0.25369778933987763,tvm
32,1,32,2,128,64,4,[32; 1; 32; 2; 128; 64; 4],0.020083326126041356,0.34807514566037534,tvm
8,8,4,1,1792,128,8,[8; 8; 4; 1; 1792; 128; 8],0.019654383373563178,0.3556716348613355,tvm
64,2,4,2,896,112,7,[64; 2; 4; 2; 896; 112; 7],0.02851903774717357,0.24511719955766997,tvm
16,8,16,4,1024,64,4,[16; 8; 16; 4; 1024; 64; 4],0.019057498124311678,0.36681135273201826,tvm
128,4,8,4,128,64,4,[128; 4; 8; 4; 128; 64; 4],0.024432364996755496,0.28611665991380586,tvm
8,4,8,8,2048,32,2,[8; 4; 8; 8; 2048; 32; 2],0.03462380175187718,0.20189887629216413,tvm
512,512,8,8,448,16,1,[512; 512; 8; 8; 448; 16; 1],0.053445764002390206,0.1307962716437927,tvm
16,2,8,8,7168,32,2,[16; 2; 8; 8; 7168; 32; 2],0.2640382489771582,0.026475356103696217,tvm
32,4,16,16,16,16,1,[32; 4; 16; 16; 16; 16; 1],0.03776814149750862,0.18509003592691464,tvm
512,1,64,16,224,16,1,[512; 1; 64; 16; 224; 16; 1],0.060083266493165866,0.11634698102610312,tvm
2,2,8,4,16,16,1,[2; 2; 8; 4; 16; 16; 1],0.04632287099957466,0.15090832057302436,tvm
4,4,4,1,1792,224,14,[4; 4; 4; 1; 1792; 224; 14],0.026472789744730107,0.2640638457100372,tvm
32,4,4,2,7168,112,7,[32; 4; 4; 2; 7168; 112; 7],0.1158049950026907,0.060364465854898956,tvm
256,4,8,4,1024,32,2,[256; 4; 8; 4; 1024; 32; 2],0.05230915849097073,0.13363829333773974,tvm
32,32,64,8,1792,16,1,[32; 32; 64; 8; 1792; 16; 1],0.018350070000451524,0.38095258854569264,tvm
256,8,4,4,896,32,2,[256; 8; 4; 4; 896; 32; 2],0.030779967491980642,0.22711221733707032,tvm
64,16,64,8,32,32,2,[64; 16; 64; 8; 32; 32; 2],0.018991875876963604,0.36807878863329535,tvm
32,32,2,2,7168,112,7,[32; 32; 2; 2; 7168; 112; 7],0.1323144769994542,0.05283251557345084,tvm
16,1,16,4,1024,64,4,[16; 1; 16; 4; 1024; 64; 4],0.047080706994165666,0.1484792203212442,tvm
16,2,2,2,7168,128,8,[16; 2; 2; 2; 7168; 128; 8],0.07385402848012745,0.09465301772330081,tvm
128,1,16,16,3584,16,1,[128; 1; 16; 16; 3584; 16; 1],0.14616106502944604,0.047827420149533936,tvm
32,4,2,1,896,128,8,[32; 4; 2; 1; 896; 128; 8],0.025021088251378387,0.27938459736185,tvm
16,1,8,4,512,32,2,[16; 1; 8; 4; 512; 32; 2],0.04181363424868323,0.16718247031796352,tvm
16,1,32,2,32,16,1,[16; 1; 32; 2; 32; 16; 1],0.02329934087174479,0.3000302328356458,tvm
64,16,8,2,224,112,7,[64; 16; 8; 2; 224; 112; 7],0.018375995248788968,0.38041513246077713,tvm
512,1,16,8,2048,16,1,[512; 1; 16; 8; 2048; 16; 1],0.13895155600039288,0.050308948441332324,tvm
16,4,16,2,32,16,1,[16; 4; 16; 2; 32; 16; 1],0.02270715049962746,0.30785486125973205,tvm
4,1,32,8,128,16,1,[4; 1; 32; 8; 128; 16; 1],0.03506133750488516,0.1993793495668175,tvm
256,16,8,8,14336,32,2,[256; 16; 8; 8; 14336; 32; 2],0.25685125798918307,0.027216166747219366,tvm
4,1,4,2,128,16,1,[4; 1; 4; 2; 128; 16; 1],0.01863670912280213,0.37509340413076137,tvm
32,16,64,16,448,16,1,[32; 16; 64; 16; 448; 16; 1],0.029037907253950834,0.2407372750911846,tvm
2,2,32,4,3584,64,4,[2; 2; 32; 4; 3584; 64; 4],0.06870782148325816,0.10174251658335615,tvm
64,1,64,4,896,32,2,[64; 1; 64; 4; 896; 32; 2],0.02782989175466355,0.2511869872973992,tvm
1,1,8,1,32,16,1,[1; 1; 8; 1; 32; 16; 1],0.04585495250648819,0.15244823698547183,tvm
64,16,2,2,3584,128,8,[64; 16; 2; 2; 3584; 128; 8],0.0482930559956003,0.14475179759391354,tvm
8,4,16,1,256,16,1,[8; 4; 16; 1; 256; 16; 1],0.022380457005056087,0.3123487007029126,tvm
16,1,1,1,224,224,14,[16; 1; 1; 1; 224; 224; 14],0.03269618100603111,0.2138019319558209,tvm
32,16,16,2,3584,64,4,[32; 16; 16; 2; 3584; 64; 4],0.033890634251292795,0.20626662265549092,tvm
512,2,64,8,224,16,1,[512; 2; 64; 8; 224; 16; 1],0.05323124449932948,0.13132337469124403,tvm
16,8,64,1,1792,224,14,[16; 8; 64; 1; 1792; 224; 14],0.025336322738439776,0.27590849464752065,tvm
128,32,32,4,448,64,4,[128; 32; 32; 4; 448; 64; 4],0.01725711688050069,0.40507963845139394,tvm
64,32,4,2,224,112,7,[64; 32; 4; 2; 224; 112; 7],0.023887299248599447,0.29264533398753867,tvm
8,1,16,2,448,32,2,[8; 1; 16; 2; 448; 32; 2],0.01657177537708776,0.42183209146871403,tvm
8,1,4,1,14336,224,14,[8; 1; 4; 1; 14336; 224; 14],0.2446927279816009,0.028568510083357694,tvm
2,2,4,1,896,64,4,[2; 2; 4; 1; 896; 64; 4],0.027313148500979878,0.25593924722431316,tvm
64,4,8,2,7168,112,7,[64; 4; 8; 2; 7168; 112; 7],0.1230439759674482,0.056813075257873935,tvm
32,16,4,2,128,64,4,[32; 16; 4; 2; 128; 64; 4],0.019718155628652312,0.354521325336778,tvm
16,16,16,1,448,32,2,[16; 16; 16; 1; 448; 32; 2],0.017089315253542736,0.4090571543068401,tvm
2,1,4,4,256,64,4,[2; 1; 4; 4; 256; 64; 4],0.029445068750646897,0.2374084002270529,tvm
8,4,4,1,1024,32,2,[8; 4; 4; 1; 1024; 32; 2],0.01913822524511488,0.36526410245124613,tvm
64,16,16,8,896,32,2,[64; 16; 16; 8; 896; 32; 2],0.017413965753803495,0.401431056285374,tvm
32,1,16,4,224,32,2,[32; 1; 16; 4; 224; 32; 2],0.032975533249555156,0.21199070880107662,tvm
16,4,64,1,448,224,14,[16; 4; 64; 1; 448; 224; 14],0.028880734505946748,0.2420473989408847,tvm
16,16,4,1,1024,32,2,[16; 16; 4; 1; 1024; 32; 2],0.024924797493440565,0.2804639302889563,tvm
8,1,32,8,112,16,1,[8; 1; 32; 8; 112; 16; 1],0.03601172799244523,0.1941175016131739,tvm
8,4,16,1,32,16,1,[8; 4; 16; 1; 32; 16; 1],0.025375817247550003,0.27547907515536624,tvm
4,1,16,2,256,64,4,[4; 1; 16; 2; 256; 64; 4],0.018649809004273266,0.3748299333824233,tvm
64,2,32,8,1024,32,2,[64; 2; 32; 8; 1024; 32; 2],0.06397015298716724,0.10927762933549652,tvm
2,1,32,1,3584,16,1,[2; 1; 32; 1; 3584; 16; 1],0.12108451401581988,0.05773245838648984,tvm
64,4,8,2,7168,64,4,[64; 4; 8; 2; 7168; 64; 4],0.10824766400037333,0.06457882238126227,tvm
256,32,64,8,448,16,1,[256; 32; 64; 8; 448; 16; 1],0.028548580245114863,0.2448635486124694,tvm
4,1,32,2,14336,32,2,[4; 1; 32; 2; 14336; 32; 2],0.35801100998651236,0.019525954430647332,tvm
8,2,16,4,256,16,1,[8; 2; 16; 4; 256; 16; 1],0.0309491980005987,0.22587036557559387,tvm
2,2,16,8,1792,32,2,[2; 2; 16; 8; 1792; 32; 2],0.03804283124918584,0.1837535860798024,tvm
128,16,8,4,64,32,2,[128; 16; 8; 4; 64; 32; 2],0.020432894125406165,0.3421202412033596,tvm
16,2,64,4,224,32,2,[16; 2; 64; 4; 224; 32; 2],0.02657552775053773,0.26304300453733115,tvm
16,2,2,2,448,64,4,[16; 2; 2; 2; 448; 64; 4],0.018627385252329987,0.3752811557806948,tvm
8,1,8,4,128,32,2,[8; 1; 8; 4; 128; 32; 2],0.03295405249809846,0.21212889270811344,tvm
4,4,4,1,112,16,1,[4; 4; 4; 1; 112; 16; 1],0.0170354723741184,0.4103500339261025,tvm
512,16,32,8,1024,16,1,[512; 16; 32; 8; 1024; 16; 1],0.04191311274189502,0.16678567181862344,tvm
32,8,8,8,14336,16,1,[32; 8; 8; 8; 14336; 16; 1],0.2948115320177749,0.023711781621368843,tvm
8,4,16,4,896,32,2,[8; 4; 16; 4; 896; 32; 2],0.01913010525458958,0.36541914294954264,tvm
16,2,64,4,448,16,1,[16; 2; 64; 4; 448; 16; 1],0.03314341050281655,0.21091693825753413,tvm
8,1,32,1,32,16,1,[8; 1; 32; 1; 32; 16; 1],0.028184963754029013,0.2480225530063838,tvm
16,1,1,1,2048,128,8,[16; 1; 1; 1; 2048; 128; 8],0.03083308125496842,0.22672098869587423,tvm
2,1,64,1,14336,128,8,[2; 1; 64; 1; 14336; 128; 8],0.4635696060140617,0.01507973468488057,tvm
8,2,16,1,14336,112,7,[8; 2; 16; 1; 14336; 112; 7],0.2723754529724829,0.025664965731595837,tvm
2,2,16,8,112,16,1,[2; 2; 16; 8; 112; 16; 1],0.03584489750210196,0.1950209696165749,tvm
8,4,2,1,1792,128,8,[8; 4; 2; 1; 1792; 128; 8],0.026252269744873047,0.2662819914088336,tvm
16,1,32,2,64,64,4,[16; 1; 32; 2; 64; 64; 4],0.024027672872762196,0.29093565172477087,tvm
4,4,1,1,1792,16,1,[4; 4; 1; 1; 1792; 16; 1],0.02399959324975498,0.29127604763626713,tvm
4,2,8,4,512,16,1,[4; 2; 8; 4; 512; 16; 1],0.03334537800401449,0.2096394488563024,tvm
4,4,64,2,1024,128,8,[4; 4; 64; 2; 1024; 128; 8],0.024170503369532526,0.28921642879305365,tvm
16,8,32,4,128,32,2,[16; 8; 32; 4; 128; 32; 2],0.021173992623516824,0.33014589128092375,tvm
2,2,64,4,256,32,2,[2; 2; 64; 4; 256; 32; 2],0.037857314746361226,0.18465405466558035,tvm
1,1,16,2,7168,16,1,[1; 1; 16; 2; 7168; 16; 1],0.5657136120134965,0.012356970944690458,tvm
32,32,64,4,1792,64,4,[32; 32; 64; 4; 1792; 64; 4],0.013400506002653856,0.5216599033859062,tvm
16,4,64,1,64,32,2,[16; 4; 64; 1; 64; 32; 2],0.019586029127822258,0.3569129107817237,tvm
32,8,16,8,7168,32,2,[32; 8; 16; 8; 7168; 32; 2],0.14599483902566135,0.04788187523147961,tvm
16,2,32,4,64,16,1,[16; 2; 32; 4; 64; 16; 1],0.04096804850269109,0.17063313782709172,tvm
1,1,64,2,512,128,8,[1; 1; 64; 2; 512; 128; 8],0.060221400985028595,0.11608010694411691,tvm
8,2,16,4,896,32,2,[8; 2; 16; 4; 896; 32; 2],0.030914643255528063,0.2261228314648802,tvm
4,2,32,8,1792,16,1,[4; 2; 32; 8; 1792; 16; 1],0.04304410899931099,0.16240333065736276,tvm
4,4,64,2,1024,64,4,[4; 4; 64; 2; 1024; 64; 4],0.03407563650398515,0.2051467671293279,tvm
1,1,2,1,512,32,2,[1; 1; 2; 1; 512; 32; 2],0.05866002550465055,0.11916985385750406,tvm
8,1,8,2,128,64,4,[8; 1; 8; 2; 128; 64; 4],0.017181364994030446,0.40686561685264666,tvm
16,8,2,2,128,128,8,[16; 8; 2; 2; 128; 128; 8],0.019209367004805245,0.3639113493389961,tvm
32,16,32,16,3584,16,1,[32; 16; 32; 16; 3584; 16; 1],0.06631408701650798,0.10541510833024778,tvm
1,1,8,4,14336,64,4,[1; 1; 8; 4; 14336; 64; 4],0.7794251019950025,0.008968798475663526,tvm
4,1,64,2,256,128,8,[4; 1; 64; 2; 256; 128; 8],0.019411818000662606,0.36011602140654997,tvm
16,4,32,4,512,16,1,[16; 4; 32; 4; 512; 16; 1],0.03388003300642595,0.20633116459304493,tvm
128,4,4,4,128,32,2,[128; 4; 4; 4; 128; 32; 2],0.029249555998831056,0.2389953087474572,tvm
16,16,16,1,128,128,8,[16; 16; 16; 1; 128; 128; 8],0.014562657503120136,0.4800296007214967,tvm
16,8,16,2,3584,32,2,[16; 8; 16; 2; 3584; 32; 2],0.031297257242840715,0.22335844359862408,tvm
64,64,32,2,2048,128,8,[64; 64; 32; 2; 2048; 128; 8],0.017849559371825308,0.39163469086530245,tvm
4,1,2,1,7168,32,2,[4; 1; 2; 1; 7168; 32; 2],0.1269245310104452,0.05507608821569241,tvm
4,4,4,2,14336,112,7,[4; 4; 4; 2; 14336; 112; 7],0.25082544301403686,0.027870006258796716,tvm
16,1,16,1,2048,64,4,[16; 1; 16; 1; 2048; 64; 4],0.03369572423980571,0.2074597541491209,tvm
4,4,4,2,448,16,1,[4; 4; 4; 2; 448; 16; 1],0.01796852724510245,0.3890417156237453,tvm
16,4,4,2,256,128,8,[16; 4; 4; 2; 256; 128; 8],0.01867166687588906,0.37439114103377613,tvm
2,1,4,4,256,32,2,[2; 1; 4; 4; 256; 32; 2],0.03118615875428077,0.22415414228298042,tvm
64,8,32,4,14336,64,4,[64; 8; 32; 4; 14336; 64; 4],0.15803679201053455,0.04423341285110804,tvm
512,4,32,8,3584,16,1,[512; 4; 32; 8; 3584; 16; 1],0.08857483949395828,0.07892203594840826,tvm
32,1,64,8,896,32,2,[32; 1; 64; 8; 896; 32; 2],0.025988365508965217,0.26898600699821423,tvm
64,4,4,2,896,64,4,[64; 4; 4; 2; 896; 64; 4],0.01747319511923706,0.4000703144996355,tvm
128,1,64,16,2048,16,1,[128; 1; 64; 16; 2048; 16; 1],0.21627721999539062,0.03232197393149242,tvm
128,32,32,16,64,16,1,[128; 32; 32; 16; 64; 16; 1],0.042249453501426615,0.16545791927061546,tvm
256,4,64,8,448,16,1,[256; 4; 64; 8; 448; 16; 1],0.037247464002575725,0.18767738566532371,tvm
16,2,32,2,128,128,8,[16; 2; 32; 2; 128; 128; 8],0.0192128138805856,0.36384606180620527,tvm
16,2,16,8,896,16,1,[16; 2; 16; 8; 896; 16; 1],0.03309173948946409,0.21124627398001664,tvm
64,2,16,16,14336,16,1,[64; 2; 16; 16; 14336; 16; 1],1.6350860290112905,0.00427531429089007,tvm
256,8,32,4,64,32,2,[256; 8; 32; 4; 64; 32; 2],0.04690822648990434,0.14902517510806287,tvm
4,2,8,1,256,64,4,[4; 2; 8; 1; 256; 64; 4],0.020173110628093127,0.3465259669439213,tvm
16,4,16,1,896,64,4,[16; 4; 16; 1; 896; 64; 4],0.015296433746698312,0.4570023825439407,tvm
16,1,2,1,1792,64,4,[16; 1; 2; 1; 1792; 64; 4],0.02790906924929004,0.25047437462804295,tvm
8,8,4,1,7168,128,8,[8; 8; 4; 1; 7168; 128; 8],0.08814079250441864,0.07931068541636066,tvm
2,2,2,2,1024,32,2,[2; 2; 2; 2; 1024; 32; 2],0.03085343324346468,0.2265714357136376,tvm
8,8,64,1,1024,32,2,[8; 8; 64; 1; 1024; 32; 2],0.024227844376582652,0.2885319287184839,tvm
2,1,4,2,224,112,7,[2; 1; 4; 2; 224; 112; 7],0.031594371001119725,0.22125797872092212,tvm
8,8,1,1,64,16,1,[8; 8; 1; 1; 64; 16; 1],0.016897817877179477,0.4136928636275193,tvm
4,4,32,8,512,16,1,[4; 4; 32; 8; 512; 16; 1],0.06437209449359216,0.1085952961708047,tvm
16,4,16,2,512,32,2,[16; 4; 16; 2; 512; 32; 2],0.01743592237471603,0.4009255441974012,tvm
8,2,8,1,896,32,2,[8; 2; 8; 1; 896; 32; 2],0.01741402237530565,0.4014297510367113,tvm
512,256,32,8,512,16,1,[512; 256; 32; 8; 512; 16; 1],0.0690480534976814,0.10124118367654499,tvm
16,1,64,1,7168,32,2,[16; 1; 64; 1; 7168; 32; 2],0.09938910300843418,0.07033473947413985,tvm
2,2,4,2,1024,32,2,[2; 2; 4; 2; 1024; 32; 2],0.03223040800367016,0.21689165913973657,tvm
2,1,1,1,896,112,7,[2; 1; 1; 1; 896; 112; 7],0.027773531997809187,0.2516967113587889,tvm
16,2,64,1,224,224,14,[16; 2; 64; 1; 224; 224; 14],0.03429569625586737,0.20383043442282406,tvm
32,8,64,16,256,16,1,[32; 8; 64; 16; 256; 16; 1],0.03139009600272402,0.22269784285017902,tvm
64,1,32,8,3584,32,2,[64; 1; 32; 8; 3584; 32; 2],0.09786641300888732,0.07142906796872033,tvm
1,1,16,1,14336,32,2,[1; 1; 16; 1; 14336; 32; 2],1.0151138039655052,0.006886426565532363,tvm
2,1,4,1,128,64,4,[2; 1; 4; 1; 128; 64; 4],0.021235416126728524,0.3291909433254703,tvm
256,8,16,8,224,32,2,[256; 8; 16; 8; 224; 32; 2],0.03247685950191226,0.21524577110835058,tvm
8,1,64,16,2048,16,1,[8; 1; 64; 16; 2048; 16; 1],0.21617408201564103,0.03233739494339972,tvm
4,2,32,4,32,16,1,[4; 2; 32; 4; 32; 16; 1],0.04038357923855074,0.17310270160485008,tvm
2,2,1,1,128,128,8,[2; 2; 1; 1; 128; 128; 8],0.020747659873450175,0.33692988555360387,tvm
16,8,4,4,64,32,2,[16; 8; 4; 4; 64; 32; 2],0.022733907877409365,0.3074925219351803,tvm
2,2,16,1,2048,32,2,[2; 2; 16; 1; 2048; 32; 2],0.05508470250060782,0.12690468223168733,tvm
8,2,4,1,1024,16,1,[8; 2; 4; 1; 1024; 16; 1],0.0192269027538714,0.363579446786306,tvm
32,8,32,8,14336,16,1,[32; 8; 32; 8; 14336; 16; 1],0.3011414619977586,0.02321336497568939,tvm
256,256,16,8,896,32,2,[256; 256; 16; 8; 896; 32; 2],0.03993472800357267,0.17504831048407984,tvm
2,2,16,2,7168,32,2,[2; 2; 16; 2; 7168; 32; 2],0.26111361203948036,0.026771896769631844,tvm
8,4,4,1,256,32,2,[8; 4; 4; 1; 256; 32; 2],0.017613896627153736,0.3968745141770641,tvm
256,256,16,8,1024,16,1,[256; 256; 16; 8; 1024; 16; 1],0.0826854124898091,0.08454340924438444,tvm
8,4,64,1,512,128,8,[8; 4; 64; 1; 512; 128; 8],0.017356483505864162,0.4027605398469577,tvm
16,1,16,4,128,64,4,[16; 1; 16; 4; 128; 64; 4],0.028894877003040165,0.24192892968297333,tvm
8,8,4,1,896,64,4,[8; 8; 4; 1; 896; 64; 4],0.017994374873524066,0.3884828851127312,tvm
512,2,16,8,1024,16,1,[512; 2; 16; 8; 1024; 16; 1],0.09143368049990386,0.07645439435935227,tvm
16,2,16,2,7168,64,4,[16; 2; 16; 2; 7168; 64; 4],0.08194470350281335,0.0853076082754594,tvm
64,16,16,4,256,64,4,[64; 16; 16; 4; 256; 64; 4],0.01550231337751029,0.4509331282651028,tvm
16,2,2,1,3584,64,4,[16; 2; 2; 1; 3584; 64; 4],0.05349014452076517,0.1306877505996065,tvm
1,1,64,1,14336,64,4,[1; 1; 64; 1; 14336; 64; 4],1.1161073049879633,0.006263292638105308,tvm
16,2,64,2,256,128,8,[16; 2; 64; 2; 256; 128; 8],0.018538611620897427,0.3770782197511869,tvm
8,1,8,1,448,64,4,[8; 1; 8; 1; 448; 64; 4],0.016738619131501764,0.41762744057606677,tvm
256,128,32,8,16,16,1,[256; 128; 32; 8; 16; 16; 1],0.0625273959885817,0.11179910111630464,tvm
128,16,32,4,1792,64,4,[128; 16; 32; 4; 1792; 64; 4],0.019621134495537262,0.35627433613773074,tvm
32,2,8,2,7168,128,8,[32; 2; 8; 2; 7168; 128; 8],0.08087899300153367,0.08643167288858442,tvm
4,2,2,2,1792,112,7,[4; 2; 2; 2; 1792; 112; 7],0.030103619748842902,0.23221482084178138,tvm
2,2,8,4,3584,64,4,[2; 2; 8; 4; 3584; 64; 4],0.06385097999009304,0.10948158771801618,tvm
16,16,16,1,32,16,1,[16; 16; 16; 1; 32; 16; 1],0.024396745626290794,0.28653439166629874,tvm
256,16,8,8,3584,32,2,[256; 16; 8; 8; 3584; 32; 2],0.06028551698545925,0.11595665121944236,tvm
16,4,32,4,2048,16,1,[16; 4; 32; 4; 2048; 16; 1],0.042334263504017144,0.1651264504933062,tvm
2,2,32,4,7168,64,4,[2; 2; 32; 4; 7168; 64; 4],0.3793469680240378,0.018427738339597603,tvm
8,8,32,4,448,32,2,[8; 8; 32; 4; 448; 32; 2],0.015615877375239506,0.4476537884288715,tvm
4,4,4,1,3584,128,8,[4; 4; 4; 1; 3584; 128; 8],0.043152582249604166,0.1619950951308549,tvm
1,1,2,1,1792,112,7,[1; 1; 2; 1; 1792; 112; 7],0.05146908952156082,0.13581951286972518,tvm
8,1,4,1,256,128,8,[8; 1; 4; 1; 256; 128; 8],0.019818535503873136,0.3527256928394387,tvm
16,4,8,8,64,32,2,[16; 4; 8; 8; 64; 32; 2],0.02548285125521943,0.2743219978272589,tvm
128,4,32,4,3584,64,4,[128; 4; 32; 4; 3584; 64; 4],0.05416054351371713,0.12907009814065465,tvm
2,1,64,1,3584,16,1,[2; 1; 64; 1; 3584; 16; 1],0.1428612630115822,0.04893213541098209,tvm
8,4,16,1,7168,112,7,[8; 4; 16; 1; 7168; 112; 7],0.09693652600981295,0.07211426852617983,tvm
1,1,16,1,64,32,2,[1; 1; 16; 1; 64; 32; 2],0.034500026260502636,0.2026232274109817,tvm
8,2,32,2,64,64,4,[8; 2; 32; 2; 64; 64; 4],0.015420174000610132,0.45333513528382186,tvm
4,2,16,1,1024,16,1,[4; 2; 16; 1; 1024; 16; 1],0.04274327075108886,0.1635463675060147,tvm
256,128,32,4,512,32,2,[256; 128; 32; 4; 512; 32; 2],0.04112614174664486,0.16997720597597668,tvm
64,1,64,4,14336,64,4,[64; 1; 64; 4; 14336; 64; 4],0.1595257809967734,0.04382054501151797,tvm
128,2,16,8,14336,16,1,[128; 2; 16; 8; 14336; 16; 1],0.6159895379678346,0.011348417847693531,tvm
16,1,32,4,896,64,4,[16; 1; 32; 4; 896; 64; 4],0.027193153495318256,0.2570686282438775,tvm
1,1,1,1,224,112,7,[1; 1; 1; 1; 224; 112; 7],0.052884479984641075,0.13218446449122462,tvm
16,16,2,1,224,112,7,[16; 16; 2; 1; 224; 112; 7],0.029789306252496317,0.23466497028882197,tvm
64,32,32,16,1792,16,1,[64; 32; 32; 16; 1792; 16; 1],0.04401998173852917,0.1588030342263436,tvm
8,1,64,2,1792,32,2,[8; 1; 64; 2; 1792; 32; 2],0.015883457621384878,0.44011240079457997,tvm
2,2,16,4,512,16,1,[2; 2; 16; 4; 512; 16; 1],0.04644655699667055,0.15050645556284764,tvm
128,64,32,4,3584,32,2,[128; 64; 32; 4; 3584; 32; 2],0.04564161274174694,0.1531608163414583,tvm
16,2,64,4,3584,32,2,[16; 2; 64; 4; 3584; 32; 2],0.055168056511320174,0.12671294058061033,tvm
64,8,32,8,896,16,1,[64; 8; 32; 8; 896; 16; 1],0.025458462012466043,0.27458479869065466,tvm
8,4,8,1,64,64,4,[8; 4; 8; 1; 64; 64; 4],0.016399188250943553,0.42627150561946,tvm
16,8,16,1,128,64,4,[16; 8; 16; 1; 128; 64; 4],0.018225103623990435,0.3835647144120916,tvm
32,2,4,1,3584,128,8,[32; 2; 4; 1; 3584; 128; 8],0.050645519979298115,0.1380281349569342,tvm
2,1,64,16,32,16,1,[2; 1; 64; 16; 32; 16; 1],0.05642414098838344,0.12389212390678428,tvm
128,4,16,2,14336,64,4,[128; 4; 16; 2; 14336; 64; 4],0.17430578998755664,0.040104844865828645,tvm
16,8,8,2,512,64,4,[16; 8; 8; 2; 512; 64; 4],0.02117386787722353,0.3301478363424695,tvm
8,2,16,2,224,32,2,[8; 2; 16; 2; 224; 32; 2],0.01687166437477572,0.41433414696880455,tvm
256,4,16,8,224,16,1,[256; 4; 16; 8; 224; 16; 1],0.04591402900405228,0.15225208543666902,tvm
128,32,64,8,128,16,1,[128; 32; 64; 8; 128; 16; 1],0.028158179004094563,0.24825847813703283,tvm
16,16,32,8,16,16,1,[16; 16; 32; 8; 16; 16; 1],0.022078176370996516,0.3166251844898703,tvm
16,16,16,8,32,16,1,[16; 16; 16; 8; 32; 16; 1],0.021185232122661546,0.32997073745484334,tvm
64,8,8,8,256,16,1,[64; 8; 8; 8; 256; 16; 1],0.027448053253465332,0.25468132847578584,tvm
32,8,8,2,128,64,4,[32; 8; 8; 2; 128; 64; 4],0.020049875747645274,0.34865585974953767,tvm
8,4,32,8,256,32,2,[8; 4; 32; 8; 256; 32; 2],0.023373426127363928,0.2990792461736144,tvm
512,2,8,8,512,16,1,[512; 2; 8; 8; 512; 16; 1],0.07607244301470928,0.09189275892342501,tvm
256,128,4,4,256,32,2,[256; 128; 4; 4; 256; 32; 2],0.048032560749561526,0.14553683079931318,tvm
8,1,1,1,64,64,4,[8; 1; 1; 1; 64; 64; 4],0.01623039112018887,0.4307047571990563,tvm
256,2,8,4,224,32,2,[256; 2; 8; 4; 224; 32; 2],0.050477661498007365,0.13848713389669648,tvm
16,16,16,1,112,16,1,[16; 16; 16; 1; 112; 16; 1],0.023409242123307195,0.29862165677318675,tvm
16,4,64,1,896,32,2,[16; 4; 64; 1; 896; 32; 2],0.01790453524881741,0.3904321765139583,tvm
128,8,4,2,2048,64,4,[128; 8; 4; 2; 2048; 64; 4],0.02614466575323604,0.26737793218111505,tvm
128,2,32,4,14336,64,4,[128; 2; 32; 4; 14336; 64; 4],0.3144353979732841,0.022231932892175874,tvm
64,4,64,4,1792,64,4,[64; 4; 64; 4; 1792; 64; 4],0.01864561974798562,0.37491414933643524,tvm
16,1,32,1,1792,128,8,[16; 1; 32; 1; 1792; 128; 8],0.025532710758852772,0.27378631014503224,tvm
4,4,4,1,256,64,4,[4; 4; 4; 1; 256; 64; 4],0.018372918377281167,0.3804788397313462,tvm
16,8,32,2,2048,16,1,[16; 8; 32; 2; 2048; 16; 1],0.023663010630116332,0.29541915760159976,tvm
16,16,16,8,128,16,1,[16; 16; 16; 8; 128; 16; 1],0.018932581871922594,0.36923155615841974,tvm
16,4,32,8,32,16,1,[16; 4; 32; 8; 32; 16; 1],0.03320196474669501,0.21054496985340349,tvm
512,8,16,16,448,16,1,[512; 8; 16; 16; 448; 16; 1],0.04359981125162449,0.16033341581051472,tvm
128,8,32,16,32,16,1,[128; 8; 32; 16; 32; 16; 1],0.03444049174140673,0.20297348595235642,tvm
128,32,16,16,448,16,1,[128; 32; 16; 16; 448; 16; 1],0.04556469025555998,0.15341938302353889,tvm
8,1,16,2,256,16,1,[8; 1; 16; 2; 256; 16; 1],0.02136314725066768,0.32722269732275455,tvm
256,4,32,8,256,32,2,[256; 4; 32; 8; 256; 32; 2],0.04311432075337507,0.16213885652180748,tvm
4,2,8,4,7168,16,1,[4; 2; 8; 4; 7168; 16; 1],0.24156304204370826,0.028938643128205883,tvm
128,2,32,8,256,16,1,[128; 2; 32; 8; 256; 16; 1],0.05138669550069608,0.13603728744480123,tvm
128,128,16,4,896,64,4,[128; 128; 16; 4; 896; 64; 4],0.024013228998228442,0.2911106485172147,tvm
2,2,64,4,256,64,4,[2; 2; 64; 4; 256; 64; 4],0.03282567500718869,0.21295850474166253,tvm
64,4,16,2,112,112,7,[64; 4; 16; 2; 112; 112; 7],0.02294884412549436,0.30461258216054393,tvm
4,4,64,4,1792,32,2,[4; 4; 64; 4; 1792; 32; 2],0.021533582628762815,0.32463277417336556,tvm
64,16,64,4,7168,32,2,[64; 16; 64; 4; 7168; 32; 2],0.0800295700028073,0.08734904693879339,tvm
16,4,32,4,64,16,1,[16; 4; 32; 4; 64; 16; 1],0.03275129075336736,0.213442172991241,tvm
16,8,1,1,512,32,2,[16; 8; 1; 1; 512; 32; 2],0.027513769498909824,0.2540730257605615,tvm
8,2,16,4,1024,32,2,[8; 2; 16; 4; 1024; 32; 2],0.04958780750166625,0.14097228772277887,tvm
16,16,4,4,896,16,1,[16; 16; 4; 4; 896; 16; 1],0.01719884337944677,0.4064521382304446,tvm
4,2,64,1,32,32,2,[4; 2; 64; 1; 32; 32; 2],0.022503456006234046,0.31064147056923674,tvm
4,2,8,4,512,32,2,[4; 2; 8; 4; 512; 32; 2],0.04095995250099804,0.17066686457940433,tvm
512,2,32,16,128,16,1,[512; 2; 32; 16; 128; 16; 1],0.06746584497159347,0.10361549121055288,tvm
128,16,16,16,3584,16,1,[128; 16; 16; 16; 3584; 16; 1],0.07792596149374731,0.08970703129826094,tvm
64,32,16,4,896,64,4,[64; 32; 16; 4; 896; 64; 4],0.013222016379586421,0.5287020123087555,tvm
128,64,16,8,224,32,2,[128; 64; 16; 8; 224; 32; 2],0.029481413745088503,0.23711572067439474,tvm
2,2,8,2,2048,32,2,[2; 2; 8; 2; 2048; 32; 2],0.05289135201019235,0.13216729013316905,tvm
16,1,8,2,224,32,2,[16; 1; 8; 2; 224; 32; 2],0.026976707740686834,0.259131200658835,tvm
2,2,32,2,14336,16,1,[2; 2; 32; 2; 14336; 16; 1],0.7476560070062988,0.009349897013009319,tvm
2,1,1,1,3584,112,7,[2; 1; 1; 1; 3584; 112; 7],0.08170846648863517,0.08555425119426242,tvm
128,16,32,8,112,16,1,[128; 16; 32; 8; 112; 16; 1],0.026548299007117748,0.26331278944811015,tvm
32,1,4,4,1792,64,4,[32; 1; 4; 4; 1792; 64; 4],0.019353558753209654,0.3612000643296334,tvm
512,4,32,8,2048,16,1,[512; 4; 32; 8; 2048; 16; 1],0.06239729598746635,0.11203220517874427,tvm
256,1,32,8,64,16,1,[256; 1; 32; 8; 64; 16; 1],0.06121468299534172,0.11419656730393632,tvm
64,4,64,8,224,16,1,[64; 4; 64; 8; 224; 16; 1],0.02973504526016768,0.23509319072841547,tvm
512,4,64,16,128,16,1,[512; 4; 64; 16; 128; 16; 1],0.05407683801604435,0.1292698856503521,tvm
32,32,8,2,1024,128,8,[32; 32; 8; 2; 1024; 128; 8],0.017630709749937523,0.3964960438811284,tvm
4,4,16,16,1792,16,1,[4; 4; 16; 16; 1792; 16; 1],0.028696203997242264,0.2436038811035237,tvm
1,1,8,2,7168,16,1,[1; 1; 8; 2; 7168; 16; 1],0.44830604101298377,0.015593157412893771,tvm
16,4,8,1,32,16,1,[16; 4; 8; 1; 32; 16; 1],0.023795713495928794,0.2937716773175417,tvm
1,1,16,1,224,32,2,[1; 1; 16; 1; 224; 32; 2],0.05523325098329224,0.12656337518103467,tvm
32,1,32,1,3584,128,8,[32; 1; 32; 1; 3584; 128; 8],0.05121617499389686,0.1364902136385563,tvm
16,8,2,2,7168,32,2,[16; 8; 2; 2; 7168; 32; 2],0.08365315699484199,0.08356536582471953,tvm
16,2,2,2,16,16,1,[16; 2; 2; 2; 16; 16; 1],0.02354287912748987,0.29692658356743606,tvm
8,4,8,4,448,32,2,[8; 4; 8; 4; 448; 32; 2],0.02040169687825255,0.3426433942422842,tvm
32,4,64,1,3584,128,8,[32; 4; 64; 1; 3584; 128; 8],0.052852308988804,0.1322649246629415,tvm
16,16,16,4,1792,16,1,[16; 16; 16; 4; 1792; 16; 1],0.018330412625800818,0.38136111877957607,tvm
8,4,32,1,3584,64,4,[8; 4; 32; 1; 3584; 64; 4],0.0299964782607276,0.2330442462580307,tvm
16,16,64,16,2048,16,1,[16; 16; 64; 16; 2048; 16; 1],0.03700386025593616,0.18891290309489397,tvm
64,32,32,16,64,16,1,[64; 32; 32; 16; 64; 16; 1],0.040024154252023436,0.1746571988167185,tvm
64,2,2,2,64,64,4,[64; 2; 2; 2; 64; 64; 4],0.019697675874340348,0.35488992261127716,tvm
4,2,64,8,3584,16,1,[4; 2; 64; 8; 3584; 16; 1],0.1380979890236631,0.050619901970251305,tvm
32,1,32,2,896,128,8,[32; 1; 32; 2; 896; 128; 8],0.015116103502805345,0.46245427370680037,tvm
2,1,4,4,3584,32,2,[2; 1; 4; 4; 3584; 32; 2],0.059589645999949425,0.11731076010541495,tvm
128,32,4,4,512,32,2,[128; 32; 4; 4; 512; 32; 2],0.026755098995636217,0.26127754817154014,tvm
32,8,16,2,256,64,4,[32; 8; 16; 2; 256; 64; 4],0.01831638687872328,0.38165314551130136,tvm
512,256,32,8,3584,16,1,[512; 256; 32; 8; 3584; 16; 1],0.11695609096204862,0.05977035149828181,tvm
16,4,32,1,2048,32,2,[16; 4; 32; 1; 2048; 32; 2],0.018169900627981406,0.38473004392227544,tvm
128,64,8,2,256,64,4,[128; 64; 8; 2; 256; 64; 4],0.023275992753042374,0.3003311927802928,tvm
4,2,4,2,1792,64,4,[4; 2; 4; 2; 1792; 64; 4],0.019080541627772618,0.3663683559428763,tvm
8,4,64,8,112,16,1,[8; 4; 64; 8; 112; 16; 1],0.02683232149865944,0.26052560032928634,tvm
2,1,32,1,512,64,4,[2; 1; 32; 1; 512; 64; 4],0.046067708753980696,0.1517441795075736,tvm
256,64,64,8,16,16,1,[256; 64; 64; 8; 16; 16; 1],0.054569458501646295,0.12810291431526247,tvm
512,128,32,16,224,16,1,[512; 128; 32; 16; 224; 16; 1],0.06225022999569774,0.11229688094565751,tvm
8,8,1,1,32,16,1,[8; 8; 1; 1; 32; 16; 1],0.01923996937694028,0.36333252562475554,tvm
128,4,32,4,1792,64,4,[128; 4; 32; 4; 1792; 64; 4],0.024003757003811188,0.2912255221362536,tvm
8,4,4,2,64,64,4,[8; 4; 4; 2; 64; 64; 4],0.016153609998582397,0.43275197725339026,tvm
16,8,8,8,1024,32,2,[16; 8; 8; 8; 1024; 32; 2],0.02247191125206882,0.31107753088972806,tvm
8,4,4,1,7168,64,4,[8; 4; 4; 1; 7168; 64; 4],0.08604549948358908,0.08124197905318595,tvm
16,1,32,2,14336,112,7,[16; 1; 32; 2; 14336; 112; 7],0.2561676549958065,0.02728879517119795,tvm
2,1,4,1,512,64,4,[2; 1; 4; 1; 512; 64; 4],0.030923686746973544,0.2260567028719762,tvm
8,1,32,1,1792,16,1,[8; 1; 32; 1; 1792; 16; 1],0.02084643937268993,0.33533336517048784,tvm
128,32,32,16,16,16,1,[128; 32; 32; 16; 16; 16; 1],0.042671274990425445,0.16382230594785818,tvm
512,4,64,8,112,16,1,[512; 4; 64; 8; 112; 16; 1],0.049266391506535,0.14189199681367778,tvm
4,4,4,2,128,32,2,[4; 4; 4; 2; 128; 32; 2],0.017113268877437804,0.4084845926708355,tvm
4,4,8,2,512,16,1,[4; 4; 8; 2; 512; 16; 1],0.02254565274779452,0.3100600698886617,tvm
64,64,32,2,1792,128,8,[64; 64; 32; 2; 1792; 128; 8],0.01563204787817085,0.44719071494327106,tvm
16,2,64,4,128,16,1,[16; 2; 64; 4; 128; 16; 1],0.040155201248126104,0.17408720288739402,tvm
32,16,16,16,3584,16,1,[32; 16; 16; 16; 3584; 16; 1],0.06449387248721905,0.10839024541520587,tvm
512,8,32,16,448,16,1,[512; 8; 32; 16; 448; 16; 1],0.03777443249418866,0.18505921082314364,tvm
8,8,4,1,14336,128,8,[8; 8; 4; 1; 14336; 128; 8],0.2114660229999572,0.03305735156644092,tvm
1,1,2,1,1024,64,4,[1; 1; 2; 1; 1024; 64; 4],0.05777675751596689,0.12099167497820912,tvm
4,4,64,4,512,64,4,[4; 4; 64; 4; 512; 64; 4],0.02398487675236538,0.2914547670534628,tvm
16,16,1,1,128,16,1,[16; 16; 1; 1; 128; 16; 1],0.022692859747621696,0.3080487318218807,tvm
16,1,4,1,14336,16,1,[16; 1; 4; 1; 14336; 16; 1],0.19042255997192115,0.0367104962127253,tvm
256,64,16,8,1792,32,2,[256; 64; 16; 8; 1792; 32; 2],0.03347678649879526,0.20881653819784154,tvm
2,1,4,4,128,64,4,[2; 1; 4; 4; 128; 64; 4],0.02720495050016325,0.2569571544202853,tvm
4,1,64,2,14336,64,4,[4; 1; 64; 2; 14336; 64; 4],0.3135019170003943,0.02229813052995741,tvm
16,16,8,2,14336,32,2,[16; 16; 8; 2; 14336; 32; 2],0.1558427540003322,0.04485615459960214,tvm
8,8,4,2,512,128,8,[8; 8; 4; 2; 512; 128; 8],0.0235516454995377,0.2968160618248048,tvm
256,256,8,8,224,16,1,[256; 256; 8; 8; 224; 16; 1],0.058418635511770844,0.11966227224287258,tvm
256,16,32,4,14336,32,2,[256; 16; 32; 4; 14336; 32; 2],0.2371910100337118,0.029472055731256892,tvm
32,2,2,2,1792,64,4,[32; 2; 2; 2; 1792; 64; 4],0.0153968331287615,0.4540223699384195,tvm
256,4,32,4,256,32,2,[256; 4; 32; 4; 256; 32; 2],0.04827223575557582,0.14481423031787394,tvm
1,1,16,2,512,16,1,[1; 1; 16; 2; 512; 16; 1],0.06655209948075935,0.10503810880808753,tvm
32,2,64,1,14336,128,8,[32; 2; 64; 1; 14336; 128; 8],0.20789414196042344,0.033625318158303094,tvm
2,1,64,8,128,32,2,[2; 1; 64; 8; 128; 32; 2],0.03448134599602781,0.2027329985167041,tvm
64,64,2,2,7168,64,4,[64; 64; 2; 2; 7168; 64; 4],0.1943969099665992,0.03595996802556048,tvm
1,1,8,8,1792,16,1,[1; 1; 8; 8; 1792; 16; 1],0.05284531449433416,0.13228243096965878,tvm
1,1,4,1,7168,16,1,[1; 1; 4; 1; 7168; 16; 1],0.3944565859856084,0.01772186576426363,tvm
16,1,8,1,512,64,4,[16; 1; 8; 1; 512; 64; 4],0.03263773475191556,0.21418479927613185,tvm
16,1,32,1,14336,64,4,[16; 1; 32; 1; 14336; 64; 4],0.23356927395798266,0.029929050804534358,tvm
64,64,8,4,14336,64,4,[64; 64; 8; 4; 14336; 64; 4],0.21998605102999136,0.031777045107799266,tvm
16,16,32,16,128,16,1,[16; 16; 32; 16; 128; 16; 1],0.022124949377030134,0.3159558264989356,tvm
256,4,32,8,1792,32,2,[256; 4; 32; 8; 1792; 32; 2],0.03469487150141504,0.20148530212546134,tvm
128,128,8,4,2048,64,4,[128; 128; 8; 4; 2048; 64; 4],0.03705636324593797,0.188645243470646,tvm
128,4,2,2,1024,64,4,[128; 4; 2; 2; 1024; 64; 4],0.027998731995467097,0.2496722590079582,tvm
256,1,32,8,32,32,2,[256; 1; 32; 8; 32; 32; 2],0.06045129199628718,0.11563866438282265,tvm
32,1,8,4,896,32,2,[32; 1; 8; 4; 896; 32; 2],0.03101485724619124,0.22539219223796786,tvm
1,1,16,2,1024,16,1,[1; 1; 16; 2; 1024; 16; 1],0.127327676047571,0.054901706240636464,tvm
1,1,8,2,7168,128,8,[1; 1; 8; 2; 7168; 128; 8],0.3893803499522619,0.017952900467431664,tvm
2,1,32,1,128,32,2,[2; 1; 32; 1; 128; 32; 2],0.026022966747405007,0.2686283518140281,tvm
4,1,8,4,14336,32,2,[4; 1; 8; 4; 14336; 32; 2],0.3774855309748091,0.01851860824602882,tvm
128,128,4,4,224,32,2,[128; 128; 4; 4; 224; 32; 2],0.02983856351056602,0.23427758726358544,tvm
4,4,16,2,1792,32,2,[4; 4; 16; 2; 1792; 32; 2],0.019753396751184482,0.353888840219214,tvm
32,8,16,16,32,16,1,[32; 8; 16; 16; 32; 16; 1],0.0307724447484361,0.22716773801411844,tvm
2,1,2,1,224,32,2,[2; 1; 2; 1; 224; 32; 2],0.02883389825001359,0.24244056790563767,tvm
4,4,16,1,512,128,8,[4; 4; 16; 1; 512; 128; 8],0.02137245149788214,0.32708024474213343,tvm
2,1,64,16,256,16,1,[2; 1; 64; 16; 256; 16; 1],0.06405689197708853,0.10912965726103271,tvm
128,16,16,16,14336,16,1,[128; 16; 16; 16; 14336; 16; 1],0.4099403300206177,0.01705249802163911,tvm
512,16,32,8,896,16,1,[512; 16; 32; 8; 896; 16; 1],0.03175960750377271,0.2201068343126176,tvm
4,4,4,1,14336,224,14,[4; 4; 4; 1; 14336; 224; 14],0.2799284929642454,0.02497247276489124,tvm
8,1,32,2,1792,128,8,[8; 1; 32; 2; 1792; 128; 8],0.016158238620846532,0.4326280129102607,tvm
16,2,4,4,16,16,1,[16; 2; 4; 4; 16; 16; 1],0.0413536652631592,0.16904200926766,tvm
128,4,8,4,448,32,2,[128; 4; 8; 4; 448; 32; 2],0.02848631674714852,0.24539875508357592,tvm
16,16,1,1,7168,16,1,[16; 16; 1; 1; 7168; 16; 1],0.1661702300189063,0.0420683456108312,tvm
128,32,64,8,2048,16,1,[128; 32; 64; 8; 2048; 16; 1],0.0255881547491299,0.27319307449883123,tvm
16,2,32,4,512,16,1,[16; 2; 32; 4; 512; 16; 1],0.05943603700143285,0.11761394297702156,tvm
128,1,4,4,2048,64,4,[128; 1; 4; 4; 2048; 64; 4],0.05343808248289861,0.13081507310640847,tvm
128,16,32,16,1792,16,1,[128; 16; 32; 16; 1792; 16; 1],0.0329151444893796,0.21237964393327283,tvm
16,1,4,1,7168,64,4,[16; 1; 4; 1; 7168; 64; 4],0.12240210099844262,0.05711100225931261,tvm
32,8,2,2,14336,128,8,[32; 8; 2; 2; 14336; 128; 8],0.39541163499234244,0.017679061636115097,tvm
128,32,16,16,64,16,1,[128; 32; 16; 16; 64; 16; 1],0.04209714100579731,0.1660565658295889,tvm
16,1,1,1,2048,64,4,[16; 1; 1; 1; 2048; 64; 4],0.031840815499890596,0.21954546568352454,tvm
16,4,64,2,112,112,7,[16; 4; 64; 2; 112; 112; 7],0.02409736600384349,0.29009422297655657,tvm
16,2,4,2,64,32,2,[16; 2; 4; 2; 64; 32; 2],0.02338588274869835,0.2989199399392249,tvm
4,4,32,8,112,16,1,[4; 4; 32; 8; 112; 16; 1],0.03211267375445459,0.21768684601346722,tvm
16,16,16,4,2048,32,2,[16; 16; 16; 4; 2048; 32; 2],0.018422693501634058,0.3794508477300902,tvm
64,2,32,8,1792,32,2,[64; 2; 32; 8; 1792; 32; 2],0.035425278008915484,0.19733103195146035,tvm
128,4,4,4,32,32,2,[128; 4; 4; 4; 32; 32; 2],0.026087508755153976,0.26796374971165415,tvm
16,2,16,1,224,32,2,[16; 2; 16; 1; 224; 32; 2],0.01797524750145385,0.38889626783170966,tvm
16,4,32,1,448,64,4,[16; 4; 32; 1; 448; 64; 4],0.015262518129020464,0.4580179107780894,tvm
2,1,64,4,896,64,4,[2; 1; 64; 4; 896; 64; 4],0.028917734991409816,0.2417376972554468,tvm
8,4,2,2,16,16,1,[8; 4; 2; 2; 16; 16; 1],0.027462209007353522,0.25455004966260464,tvm
256,64,64,8,1792,16,1,[256; 64; 64; 8; 1792; 16; 1],0.039454325509723276,0.17717972811229277,tvm
16,4,64,1,64,64,4,[16; 4; 64; 1; 64; 64; 4],0.016628104625851847,0.4204030960809851,tvm
128,4,8,8,14336,16,1,[128; 4; 8; 8; 14336; 16; 1],0.3845010409713723,0.0181807223434465,tvm
2,1,32,8,64,16,1,[2; 1; 32; 8; 64; 16; 1],0.046076461498159915,0.15171535398710762,tvm
4,1,16,2,256,16,1,[4; 1; 16; 2; 256; 16; 1],0.021945468623016495,0.31853986746653457,tvm
2,2,2,1,1024,16,1,[2; 2; 2; 1; 1024; 16; 1],0.0305320037441561,0.22895669492391788,tvm
32,32,4,4,448,32,2,[32; 32; 4; 4; 448; 32; 2],0.01556756925128866,0.4490429143964144,tvm
8,8,8,1,1792,128,8,[8; 8; 8; 1; 1792; 128; 8],0.01677149512397591,0.41680879462399845,tvm
32,16,32,2,2048,64,4,[32; 16; 32; 2; 2048; 64; 4],0.01889474512427114,0.3699709427510113,tvm
16,4,64,1,512,128,8,[16; 4; 64; 1; 512; 128; 8],0.030319062992930412,0.23056473309536857,tvm
4,4,4,4,64,16,1,[4; 4; 4; 4; 64; 16; 1],0.023659064376261085,0.2954684325421071,tvm
16,2,16,16,16,16,1,[16; 2; 16; 16; 16; 16; 1],0.050060055014910176,0.13964240879448842,tvm
16,16,16,4,64,16,1,[16; 16; 16; 4; 64; 16; 1],0.022230072754609864,0.31446170886764374,tvm
16,8,16,2,512,64,4,[16; 8; 16; 2; 512; 64; 4],0.02037754125194624,0.34304956521675595,tvm
128,1,4,4,512,32,2,[128; 1; 4; 4; 512; 32; 2],0.04653629724634811,0.1502162200327453,tvm
32,1,64,16,32,16,1,[32; 1; 64; 16; 32; 16; 1],0.05023302699555643,0.13916156530413828,tvm
128,8,16,8,256,16,1,[128; 8; 16; 8; 256; 16; 1],0.033412376753403805,0.20921907825532124,tvm
32,2,16,2,1792,128,8,[32; 2; 16; 2; 1792; 128; 8],0.014773742128454614,0.47317102233717534,tvm
256,1,8,8,128,32,2,[256; 1; 8; 8; 128; 32; 2],0.059471873013535514,0.1175430722532593,tvm
32,1,64,2,1024,64,4,[32; 1; 64; 2; 1024; 64; 4],0.01775815874862019,0.39365042094861497,tvm
8,2,2,1,14336,64,4,[8; 2; 2; 1; 14336; 64; 4],0.18878221802879125,0.037029476291037866,tvm
16,4,16,1,1792,16,1,[16; 4; 16; 1; 1792; 16; 1],0.020312940003350377,0.34414056584195424,tvm
256,32,64,8,1024,32,2,[256; 32; 64; 8; 1024; 32; 2],0.02974627799994778,0.23500441523066984,tvm
8,8,4,2,16,16,1,[8; 8; 4; 2; 16; 16; 1],0.02767309924820438,0.25261018305061217,tvm
512,1,32,16,7168,16,1,[512; 1; 32; 16; 7168; 16; 1],0.7586118709878065,0.009214865907073353,tvm
256,256,32,8,112,16,1,[256; 256; 32; 8; 112; 16; 1],0.06131074650329538,0.11401764071313233,tvm
8,2,64,2,3584,32,2,[8; 2; 64; 2; 3584; 32; 2],0.033138973492896184,0.21094517813489855,tvm
256,8,16,8,32,16,1,[256; 8; 16; 8; 32; 16; 1],0.047954042500350624,0.14577512764675793,tvm
2,1,16,1,112,112,7,[2; 1; 16; 1; 112; 112; 7],0.02163996437593596,0.3230368842215027,tvm
32,8,64,4,14336,32,2,[32; 8; 64; 4; 14336; 32; 2],0.15250514401122928,0.04583784181176171,tvm
1,1,32,1,14336,128,8,[1; 1; 32; 1; 14336; 128; 8],0.9400047249509953,0.007436671839102829,tvm
128,1,32,8,1024,32,2,[128; 1; 32; 8; 1024; 32; 2],0.06610063050175086,0.1057555217492442,tvm
16,8,8,2,3584,16,1,[16; 8; 8; 2; 3584; 16; 1],0.04015740724571515,0.17407763962183,tvm
8,8,64,8,3584,32,2,[8; 8; 64; 8; 3584; 32; 2],0.041414720501052216,0.16879280077452316,tvm
1,1,8,2,512,32,2,[1; 1; 8; 2; 512; 32; 2],0.059218168986262754,0.11804665335546431,tvm
32,1,64,2,512,64,4,[32; 1; 64; 2; 512; 64; 4],0.018708107876591384,0.3736618749891631,tvm
128,32,8,4,448,64,4,[128; 32; 8; 4; 448; 64; 4],0.018965530878631398,0.36859008647856634,tvm
16,4,64,8,256,32,2,[16; 4; 64; 8; 256; 32; 2],0.025749821244971827,0.27147787163888387,tvm
128,2,16,4,14336,32,2,[128; 2; 16; 4; 14336; 32; 2],0.3747389540076256,0.01865433681742202,tvm
16,4,16,4,64,16,1,[16; 4; 16; 4; 64; 16; 1],0.03290251625003293,0.21246115687761935,tvm
256,2,64,16,1024,16,1,[256; 2; 64; 16; 1024; 16; 1],0.22987640398787335,0.030409848707375103,tvm
32,8,16,4,2048,64,4,[32; 8; 16; 4; 2048; 64; 4],0.023644127875741106,0.29565508626092873,tvm
4,1,16,4,3584,64,4,[4; 1; 16; 4; 3584; 64; 4],0.06455918052233756,0.10828059789649813,tvm
64,16,8,2,1024,128,8,[64; 16; 8; 2; 1024; 128; 8],0.016833456124004442,0.41527459454379256,tvm
8,4,16,16,32,16,1,[8; 4; 16; 16; 32; 16; 1],0.03756185999372974,0.18610650984359142,tvm
128,4,16,16,32,16,1,[128; 4; 16; 16; 32; 16; 1],0.04157570100505836,0.16813923752761636,tvm
4,4,64,1,2048,128,8,[4; 4; 64; 1; 2048; 128; 8],0.02087705962912878,0.334841533762405,tvm
4,4,16,1,3584,64,4,[4; 4; 16; 1; 3584; 64; 4],0.03459216875489801,0.20208350381838547,tvm
128,32,32,4,1792,32,2,[128; 32; 32; 4; 1792; 32; 2],0.017866026748379227,0.39127371547794376,tvm
256,32,16,16,32,16,1,[256; 32; 16; 16; 32; 16; 1],0.053509052988374606,0.13064156953376518,tvm
16,2,64,1,256,32,2,[16; 2; 64; 1; 256; 32; 2],0.01806176050013164,0.38703351573152117,tvm
128,1,64,8,3584,16,1,[128; 1; 64; 8; 3584; 16; 1],0.07942390150856227,0.08801515077817045,tvm
8,1,8,8,1024,32,2,[8; 1; 8; 8; 1024; 32; 2],0.062044003017945215,0.1126701425864604,tvm
8,2,4,1,1024,32,2,[8; 2; 4; 1; 1024; 32; 2],0.02545429598831106,0.27462973911660327,tvm
16,8,64,8,896,32,2,[16; 8; 64; 8; 896; 32; 2],0.018694154001423158,0.3739407873784762,tvm
8,4,4,1,448,16,1,[8; 4; 4; 1; 448; 16; 1],0.016813276502944063,0.41577301517896315,tvm
16,16,32,2,1792,16,1,[16; 16; 32; 2; 1792; 16; 1],0.018116568251571152,0.38586262969866925,tvm
64,4,32,2,14336,64,4,[64; 4; 32; 2; 14336; 64; 4],0.14313232101267204,0.04883946978018872,tvm
128,8,4,4,128,32,2,[128; 8; 4; 4; 128; 32; 2],0.02367443050025031,0.29527665582463564,tvm
1,1,64,4,2048,64,4,[1; 1; 64; 4; 2048; 64; 4],0.13300801301375031,0.05255703403331039,tvm
256,4,16,8,2048,16,1,[256; 4; 16; 8; 2048; 16; 1],0.05638668400933966,0.1239744239173346,tvm
128,4,4,4,256,32,2,[128; 4; 4; 4; 256; 32; 2],0.03186894675309304,0.21935166922289964,tvm
128,128,4,4,2048,32,2,[128; 128; 4; 4; 2048; 32; 2],0.039901844997075386,0.175192567340659,tvm
32,16,32,1,14336,224,14,[32; 16; 32; 1; 14336; 224; 14],0.20603005605516955,0.03392954795291998,tvm
1,1,4,4,256,32,2,[1; 1; 4; 4; 256; 32; 2],0.052739203500095755,0.13254858251042745,tvm
8,2,8,1,448,16,1,[8; 2; 8; 1; 448; 16; 1],0.019157492875820026,0.3648967384187239,tvm
2,1,8,1,14336,128,8,[2; 1; 8; 1; 14336; 128; 8],0.39699452300556004,0.017608572062261834,tvm
8,1,32,8,7168,16,1,[8; 1; 32; 8; 7168; 16; 1],0.37162691401317716,0.018810550051869487,tvm
128,64,16,16,112,16,1,[128; 64; 16; 16; 112; 16; 1],0.049018166508176364,0.14261052921064746,tvm
8,2,32,2,14336,64,4,[8; 2; 32; 2; 14336; 64; 4],0.2026785800117068,0.034490604119403696,tvm
4,2,1,1,112,16,1,[4; 2; 1; 1; 112; 16; 1],0.020642880124796648,0.3386400843489629,tvm
8,8,4,1,256,64,4,[8; 8; 4; 1; 256; 64; 4],0.017559680745762307,0.3980998725363325,tvm
64,1,8,8,7168,16,1,[64; 1; 8; 8; 7168; 16; 1],0.22073309897677973,0.03166949904237987,tvm
16,4,64,8,7168,32,2,[16; 4; 64; 8; 7168; 32; 2],0.22287451202282682,0.03136521355995475,tvm
1,1,2,1,3584,128,8,[1; 1; 2; 1; 3584; 128; 8],0.11350292200222611,0.06158878153400811,tvm
2,1,64,16,64,16,1,[2; 1; 64; 16; 64; 16; 1],0.05014098802348599,0.13941701075759258,tvm
4,4,2,2,14336,32,2,[4; 4; 2; 2; 14336; 32; 2],0.25263561704196036,0.027670313269825334,tvm
32,8,32,4,512,64,4,[32; 8; 32; 4; 512; 64; 4],0.018739988874585833,0.3730261908611278,tvm
64,4,2,2,2048,64,4,[64; 4; 2; 2; 2048; 64; 4],0.020492001378443092,0.3411334275050581,tvm
32,1,8,2,448,112,7,[32; 1; 8; 2; 448; 112; 7],0.02872605374432169,0.24335074803125326,tvm
4,2,64,2,896,112,7,[4; 2; 64; 2; 896; 112; 7],0.026920287011307664,0.25967429930187436,tvm
64,16,4,1,7168,128,8,[64; 16; 4; 1; 7168; 128; 8],0.1628655600361526,0.04292194534630235,tvm
4,2,16,2,3584,64,4,[4; 2; 16; 2; 3584; 64; 4],0.035166843503247947,0.19878118051797955,tvm
16,1,32,1,2048,32,2,[16; 1; 32; 1; 2048; 32; 2],0.01817241274693515,0.38467685959013026,tvm
512,128,32,8,224,16,1,[512; 128; 32; 8; 224; 16; 1],0.05178170750150457,0.13499953948918256,tvm
16,4,1,1,7168,224,14,[16; 4; 1; 1; 7168; 224; 14],0.1271800069953315,0.05496545276116609,tvm
2,1,16,8,224,32,2,[2; 1; 16; 8; 224; 32; 2],0.03492774900223594,0.20014191771187892,tvm
128,16,2,2,14336,64,4,[128; 16; 2; 2; 14336; 64; 4],0.4048542800010182,0.01726672289755486,tvm
32,1,8,2,1024,128,8,[32; 1; 8; 2; 1024; 128; 8],0.016871931620698888,0.4143275840503376,tvm
4,1,16,1,256,64,4,[4; 1; 16; 1; 256; 64; 4],0.019527823373209685,0.35797674595198237,tvm
128,32,64,2,128,64,4,[128; 32; 64; 2; 128; 64; 4],0.021318550003343262,0.32790722941149314,tvm
16,1,16,16,3584,16,1,[16; 1; 16; 16; 3584; 16; 1],0.10397068597376347,0.06723536159442758,tvm
4,4,2,1,896,224,14,[4; 4; 2; 1; 896; 224; 14],0.026453293496160768,0.26425846247391527,tvm
64,8,2,1,1792,128,8,[64; 8; 2; 1; 1792; 128; 8],0.024436621752101928,0.28606681961124086,tvm
2,1,32,1,512,16,1,[2; 1; 32; 1; 512; 16; 1],0.06966318999184296,0.10034720872651975,tvm
512,8,8,8,512,16,1,[512; 8; 8; 8; 512; 16; 1],0.04870457098877523,0.1435287597190363,tvm
16,16,2,2,256,64,4,[16; 16; 2; 2; 256; 64; 4],0.01972815175395226,0.3543416917028842,tvm
8,8,64,2,3584,112,7,[8; 8; 64; 2; 3584; 112; 7],0.034809663746273145,0.2008208616325717,tvm
32,1,64,1,3584,128,8,[32; 1; 64; 1; 3584; 128; 8],0.05159825200098567,0.13547952489811338,tvm
16,4,8,1,1024,64,4,[16; 4; 8; 1; 1024; 64; 4],0.018854827372706495,0.37075421209031323,tvm
64,1,8,4,128,64,4,[64; 1; 8; 4; 128; 64; 4],0.029793128502205946,0.23463486441677567,tvm
8,1,1,1,448,112,7,[8; 1; 1; 1; 448; 112; 7],0.029573074745712802,0.23638078646793662,tvm
256,32,4,4,7168,32,2,[256; 32; 4; 4; 7168; 32; 2],0.12372484104707837,0.05650042956213392,tvm
256,16,32,8,512,32,2,[256; 16; 32; 8; 512; 32; 2],0.03023915375524666,0.23117401774028729,tvm
2,2,64,4,1024,64,4,[2; 2; 64; 4; 1024; 64; 4],0.10892551200231537,0.06417694567750183,tvm
256,64,16,8,256,16,1,[256; 64; 16; 8; 256; 16; 1],0.05053429049439728,0.1383319444732622,tvm
16,8,32,4,1792,16,1,[16; 8; 32; 4; 1792; 16; 1],0.018999136998900212,0.36793811566658635,tvm
16,4,32,1,2048,16,1,[16; 4; 32; 1; 2048; 16; 1],0.0262132457428379,0.2666784088947339,tvm
256,2,8,8,2048,16,1,[256; 2; 8; 8; 2048; 16; 1],0.09088906351826154,0.07691251726080471,tvm
