i1,i2,i3,j1,j2,j3,k1,ku,nvr,X,time,peak,backend
1,1,1,384,64,32,1024,64,2,[1; 1; 1; 384; 64; 32; 1024; 64; 2],0.009615764938644134,0.0899094951826554,tvm
197,197,1,768,768,16,192,32,1,[197; 197; 1; 768; 768; 16; 192; 32; 1],0.04952925750694703,0.01745531055674131,tvm
197,1,1,768,16,16,128,4,1,[197; 1; 1; 768; 16; 16; 128; 4; 1],0.11394237697822973,0.007587594662815884,tvm
197,1,1,768,128,128,256,2,8,[197; 1; 1; 768; 128; 128; 256; 2; 8],0.0943041009886656,0.009167666754306702,tvm
1,1,1,384,192,32,24,2,2,[1; 1; 1; 384; 192; 32; 24; 2; 2],0.010274329000822036,0.0841464752938513,tvm
197,197,1,192,96,48,512,32,3,[197; 197; 1; 192; 96; 48; 512; 32; 3],0.005191541529711685,0.16653022353393068,tvm
197,1,1,128,32,16,32,32,1,[197; 1; 1; 128; 32; 16; 32; 32; 1],0.03274620574666187,0.026401488408063976,tvm
1,1,1,768,96,32,384,1,2,[1; 1; 1; 768; 96; 32; 384; 1; 2],0.01843897825165186,0.04688701074589752,tvm
1,1,1,768,384,48,3072,64,3,[1; 1; 1; 768; 384; 48; 3072; 64; 3],0.009682492436695611,0.08928987831191323,tvm
197,197,1,192,16,16,3072,32,1,[197; 197; 1; 192; 16; 16; 3072; 32; 1],0.05792848451528698,0.014924412034297603,tvm
197,197,1,768,384,96,768,8,6,[197; 197; 1; 768; 384; 96; 768; 8; 6],0.06311645699315704,0.01369767272460024,tvm
197,197,1,128,128,128,128,4,8,[197; 197; 1; 128; 128; 128; 128; 4; 8],0.0033330136247968767,0.2593894501350139,tvm
1,1,1,768,384,48,48,6,3,[1; 1; 1; 768; 384; 48; 48; 6; 3],0.009649166626331862,0.08959826323957162,tvm
197,1,1,256,128,32,24,6,2,[197; 1; 1; 256; 128; 32; 24; 6; 2],0.05624089000048116,0.015372242000814263,tvm
1,1,1,256,64,32,3072,6,2,[1; 1; 1; 256; 64; 32; 3072; 6; 2],0.018874881374358665,0.04580418569427683,tvm
197,197,1,768,192,96,384,24,6,[197; 197; 1; 768; 192; 96; 384; 24; 6],0.020021279371576384,0.04318148482838441,tvm
197,1,1,16,16,16,192,6,1,[197; 1; 1; 16; 16; 16; 192; 6; 1],0.014917041873559356,0.057957105621657776,tvm
197,1,1,768,96,32,256,32,2,[197; 1; 1; 768; 96; 32; 256; 32; 2],0.0852094434958417,0.010146159110530538,tvm
197,197,1,768,768,128,12,4,8,[197; 197; 1; 768; 768; 128; 12; 4; 8],0.02074938112491509,0.04166623410230069,tvm
197,1,1,768,768,96,3072,2,6,[197; 1; 1; 768; 768; 96; 3072; 2; 6],0.09228938148589805,0.009367801121959797,tvm
197,1,1,192,16,16,2,1,1,[197; 1; 1; 192; 16; 16; 2; 1; 1],0.028453635997720994,0.03038446726097915,tvm
1,1,1,256,64,64,1536,24,4,[1; 1; 1; 256; 64; 64; 1536; 24; 4],0.017436605747207068,0.04958238913941446,tvm
197,197,1,128,64,64,768,48,4,[197; 197; 1; 128; 64; 64; 768; 48; 4],0.003492212843411835,0.2475646846839729,tvm
1,1,1,256,64,32,48,2,2,[1; 1; 1; 256; 64; 32; 48; 2; 2],0.017516986627015285,0.049354868496344885,tvm
197,197,1,64,64,16,1024,8,1,[197; 197; 1; 64; 64; 16; 1024; 8; 1],0.009256355500838254,0.09340053667453438,tvm
197,197,1,96,48,16,4,2,1,[197; 197; 1; 96; 48; 16; 4; 2; 1],0.0033865556251839735,0.25528846034578423,tvm
197,1,1,384,16,16,96,32,1,[197; 1; 1; 384; 16; 16; 96; 32; 1],0.05711609448189847,0.01513668921642688,tvm
1,1,1,768,96,96,12,4,6,[1; 1; 1; 768; 96; 96; 12; 4; 6],0.018395361621514894,0.0469981829776812,tvm
197,1,1,768,384,32,3,1,2,[197; 1; 1; 768; 384; 32; 3; 1; 2],0.09223134801140986,0.009373695495826633,tvm
1,1,1,768,128,128,48,2,8,[1; 1; 1; 768; 128; 128; 48; 2; 8],0.010072312750708079,0.08583416667316987,tvm
197,1,1,384,48,16,768,1,1,[197; 1; 1; 384; 48; 16; 768; 1; 1],0.10603705199901015,0.008153268646478798,tvm
197,1,1,192,192,96,1024,2,6,[197; 1; 1; 192; 192; 96; 1024; 2; 6],0.020324503122537863,0.04253725496835751,tvm
197,1,1,384,384,96,3072,1,6,[197; 1; 1; 384; 384; 96; 3072; 1; 6],0.04100006725639105,0.02108651593233195,tvm
197,197,1,192,48,16,384,64,1,[197; 197; 1; 192; 48; 16; 384; 64; 1],0.013123282500600908,0.06587898808007708,tvm
1,1,1,384,384,64,24,2,4,[1; 1; 1; 384; 384; 64; 24; 2; 4],0.02060702862945618,0.0419540627120188,tvm
1,1,1,768,128,64,1536,48,4,[1; 1; 1; 768; 128; 64; 1536; 48; 4],0.016627435630653054,0.051995304064491855,tvm
1,1,1,768,96,96,6,3,6,[1; 1; 1; 768; 96; 96; 6; 3; 6],0.02922282375220675,0.029584703338714328,tvm
197,1,1,384,128,64,256,1,4,[197; 1; 1; 384; 128; 64; 256; 1; 4],0.04274204951070715,0.020227120162125044,tvm
197,1,1,192,96,32,24,24,2,[197; 1; 1; 192; 96; 32; 24; 24; 2],0.01936209412815515,0.04465160460982362,tvm
1,1,1,384,64,16,768,4,1,[1; 1; 1; 384; 64; 16; 768; 4; 1],0.018193627620348707,0.047519306730319955,tvm
197,1,1,192,64,32,1536,1,2,[197; 1; 1; 192; 64; 32; 1536; 1; 2],0.02154420824808767,0.04012904820975778,tvm
197,197,1,768,256,16,128,32,1,[197; 197; 1; 768; 256; 16; 128; 32; 1],0.046067988747381605,0.018766796531305273,tvm
197,197,1,768,384,48,192,3,3,[197; 197; 1; 768; 384; 48; 192; 3; 3],0.021427487379696686,0.04034764114469913,tvm
1,1,1,256,256,64,512,64,4,[1; 1; 1; 256; 256; 64; 512; 64; 4],0.009519738123344723,0.0908164237531374,tvm
197,197,1,384,192,64,128,1,4,[197; 197; 1; 384; 192; 64; 128; 1; 4],0.010133593063073931,0.08531510650244313,tvm
1,1,1,768,768,64,48,3,4,[1; 1; 1; 768; 768; 64; 48; 3; 4],0.00965124568756437,0.08957896207559427,tvm
197,1,1,384,96,32,12,12,2,[197; 1; 1; 384; 96; 32; 12; 12; 2],0.04259608799475245,0.0202964312482188,tvm
1,1,1,768,96,48,768,48,3,[1; 1; 1; 768; 96; 48; 768; 48; 3],0.01867010962450877,0.046306561065589814,tvm
197,197,1,48,48,16,3072,48,1,[197; 197; 1; 48; 48; 16; 3072; 48; 1],0.014678531748359092,0.05889884535115162,tvm
1,1,1,192,192,192,1536,2,12,[1; 1; 1; 192; 192; 192; 1536; 2; 12],0.013499901120667346,0.06404110398297745,tvm
197,1,1,768,128,32,3072,32,2,[197; 1; 1; 768; 128; 32; 3072; 32; 2],0.08514550450490788,0.010153778246492601,tvm
197,197,1,384,64,64,1536,24,4,[197; 197; 1; 384; 64; 64; 1536; 24; 4],0.03991456674702931,0.021659976341667705,tvm
197,197,1,768,256,64,96,3,4,[197; 197; 1; 768; 256; 64; 96; 3; 4],0.0213738278762321,0.040448934857848166,tvm
197,1,1,768,192,192,512,1,12,[197; 1; 1; 768; 192; 192; 512; 1; 12],0.09534991698455997,0.009067114044457616,tvm
197,1,1,768,16,16,24,2,1,[197; 1; 1; 768; 16; 16; 24; 2; 1],0.1136801689863205,0.007605095762415741,tvm
1,1,1,96,96,96,192,3,6,[1; 1; 1; 96; 96; 96; 192; 3; 6],0.009750639314006548,0.0886658344737118,tvm
1,1,1,192,48,16,64,1,1,[1; 1; 1; 192; 48; 16; 64; 1; 1],0.009730552563269157,0.08884886709230318,tvm
197,1,1,96,96,96,96,3,6,[197; 1; 1; 96; 96; 96; 96; 3; 6],0.010298829936800757,0.08394629066932005,tvm
1,1,1,128,64,32,48,1,2,[1; 1; 1; 128; 64; 32; 48; 1; 2],0.03293218198814429,0.026252392621290994,tvm
1,1,1,192,64,16,3072,1,1,[1; 1; 1; 192; 64; 16; 3072; 1; 1],0.02665975148556754,0.032428980888910434,tvm
197,197,1,128,16,16,12,2,1,[197; 197; 1; 128; 16; 16; 12; 2; 1],0.007206429312645923,0.11996906289102868,tvm
197,197,1,768,384,64,3072,16,4,[197; 197; 1; 768; 384; 64; 3072; 16; 4],0.08502464898629114,0.010168211003940351,tvm
197,197,1,384,384,64,64,2,4,[197; 197; 1; 384; 384; 64; 64; 2; 4],0.010514640562178101,0.08222331199208208,tvm
197,1,1,192,96,32,8,1,2,[197; 1; 1; 192; 96; 32; 8; 1; 2],0.019926113753172103,0.04338771634739569,tvm
197,197,1,128,128,64,24,12,4,[197; 197; 1; 128; 128; 64; 24; 12; 4],0.0022774125309297233,0.37961878214292205,tvm
197,197,1,64,16,16,2,2,1,[197; 197; 1; 64; 16; 16; 2; 2; 1],0.006043844905434526,0.14304612129460562,tvm
197,1,1,128,128,64,1024,1,4,[197; 1; 1; 128; 128; 64; 1024; 1; 4],0.014529892127029598,0.059501375775548475,tvm
197,1,1,768,384,192,128,32,12,[197; 1; 1; 768; 384; 192; 128; 32; 12],0.09151642050710507,0.009446922930748263,tvm
197,1,1,384,96,32,384,32,2,[197; 1; 1; 384; 96; 32; 384; 32; 2],0.04240270525042433,0.020388995615319136,tvm
197,197,1,768,96,96,256,64,6,[197; 197; 1; 768; 96; 96; 256; 64; 6],0.02145095974992728,0.040303491382547685,tvm
197,1,1,768,16,16,3072,12,1,[197; 1; 1; 768; 16; 16; 3072; 12; 1],0.1138975570211187,0.007590580465815155,tvm
197,197,1,768,16,16,3072,32,1,[197; 197; 1; 768; 16; 16; 3072; 32; 1],0.11611910699866712,0.0074453601459275355,tvm
197,1,1,192,192,64,768,32,4,[197; 1; 1; 192; 192; 64; 768; 32; 4],0.02161706524930196,0.03999379941069885,tvm
197,1,1,768,256,32,8,4,2,[197; 1; 1; 768; 256; 32; 8; 4; 2],0.08970938698621467,0.009637214125222187,tvm
197,197,1,384,96,16,96,32,1,[197; 197; 1; 384; 96; 16; 96; 32; 1],0.021978249002131633,0.03933655366925364,tvm
1,1,1,48,16,16,8,2,1,[1; 1; 1; 48; 16; 16; 8; 2; 1],0.013732323379372247,0.06295719577411328,tvm
197,1,1,128,128,64,24,1,4,[197; 1; 1; 128; 128; 64; 24; 1; 4],0.026034966242150404,0.03320720923497393,tvm
197,1,1,256,16,16,96,48,1,[197; 1; 1; 256; 16; 16; 96; 48; 1],0.07569281500764191,0.011421804980317973,tvm
1,1,1,768,256,32,32,2,2,[1; 1; 1; 768; 256; 32; 32; 2; 2],0.016341261376510374,0.05290586519051157,tvm
197,1,1,768,768,192,64,32,12,[197; 1; 1; 768; 768; 192; 64; 32; 12],0.0848645045189187,0.010187399034844292,tvm
197,197,1,768,96,16,192,6,1,[197; 197; 1; 768; 96; 16; 192; 6; 1],0.0497055144951446,0.017393413592228752,tvm
197,1,1,128,32,32,96,3,2,[197; 1; 1; 128; 32; 32; 96; 3; 2],0.014036685002793092,0.06159207613881333,tvm
197,1,1,768,384,192,3072,2,12,[197; 1; 1; 768; 384; 192; 3072; 2; 12],0.09530441550305113,0.009071442984726067,tvm
197,1,1,128,128,64,96,1,4,[197; 1; 1; 128; 128; 64; 96; 1; 4],0.014780381505261175,0.0584929807881366,tvm
197,197,1,768,32,16,32,2,1,[197; 197; 1; 768; 32; 16; 32; 2; 1],0.031948275995091535,0.027060883396694043,tvm
1,1,1,192,16,16,256,16,1,[1; 1; 1; 192; 16; 16; 256; 16; 1],0.009784518686501542,0.08835882470348586,tvm
197,197,1,384,384,128,48,8,8,[197; 197; 1; 384; 384; 128; 48; 8; 8],0.010605401250359137,0.08151964749087591,tvm
197,1,1,64,32,32,3072,3,2,[197; 1; 1; 64; 32; 32; 3072; 3; 2],0.014304979747976176,0.06043689586843945,tvm
1,1,1,192,192,96,512,8,6,[1; 1; 1; 192; 192; 96; 512; 8; 6],0.009551619124977151,0.09051330042754814,tvm
197,1,1,768,384,32,96,16,2,[197; 1; 1; 768; 384; 32; 96; 16; 2],0.08561098348582163,0.010098570723366968,tvm
1,1,1,384,384,16,768,8,1,[1; 1; 1; 384; 384; 16; 768; 8; 1],0.009832952000579098,0.08792360334695572,tvm
1,1,1,768,192,64,192,24,4,[1; 1; 1; 768; 192; 64; 192; 24; 4],0.009270638875022996,0.09325663345142725,tvm
1,1,1,192,192,96,128,4,6,[1; 1; 1; 192; 192; 96; 128; 4; 6],0.019794312000158243,0.043676616364421245,tvm
197,197,1,768,768,128,768,12,8,[197; 197; 1; 768; 768; 128; 768; 12; 8],0.08675536699593067,0.009965361237756319,tvm
197,1,1,768,128,128,1024,32,8,[197; 1; 1; 768; 128; 128; 1024; 32; 8],0.09429318251204677,0.009168728304595275,tvm
197,197,1,768,384,64,128,4,4,[197; 197; 1; 768; 384; 64; 128; 4; 4],0.02044764375023078,0.04228108539003736,tvm
197,197,1,256,32,16,3072,2,1,[197; 197; 1; 256; 32; 16; 3072; 2; 1],0.03879502149356995,0.022285039114409703,tvm
197,197,1,64,32,16,12,2,1,[197; 197; 1; 64; 32; 16; 12; 2; 1],0.0025837405937636504,0.3346112119441572,tvm
197,197,1,768,128,128,24,3,8,[197; 197; 1; 768; 128; 128; 24; 3; 8],0.010509729563636938,0.08226173339605805,tvm
197,1,1,768,192,96,3072,12,6,[197; 1; 1; 768; 192; 96; 3072; 12; 6],0.09370229850173928,0.009226546042651492,tvm
197,1,1,256,64,64,128,32,4,[197; 1; 1; 256; 64; 64; 128; 32; 4],0.02867330399749335,0.030151689930959864,tvm
197,197,1,96,96,32,768,2,2,[197; 197; 1; 96; 96; 32; 768; 2; 2],0.0035920515001635067,0.24068379069431994,tvm
197,1,1,384,64,64,1024,64,4,[197; 1; 1; 384; 64; 64; 1024; 64; 4],0.0854260400228668,0.010120433666328785,tvm
1,1,1,192,96,32,768,64,2,[1; 1; 1; 192; 96; 32; 768; 64; 2],0.02681068349920679,0.03224642040379722,tvm
197,197,1,16,16,16,1536,1,1,[197; 197; 1; 16; 16; 16; 1536; 1; 1],0.01431729175237706,0.060384923795733424,tvm
1,1,1,32,16,16,384,48,1,[1; 1; 1; 32; 16; 16; 384; 48; 1],0.018714813253609464,0.04619594968503513,tvm
1,1,1,768,256,32,48,6,2,[1; 1; 1; 768; 256; 32; 48; 6; 2],0.00956016406416893,0.09043239902847075,tvm
197,1,1,256,256,32,96,48,2,[197; 1; 1; 256; 256; 32; 96; 48; 2],0.028356855997117236,0.030488167359472487,tvm
197,1,1,32,32,32,6,1,2,[197; 1; 1; 32; 32; 32; 6; 1; 2],0.021620485247694887,0.03998747306195392,tvm
197,197,1,96,16,16,24,24,1,[197; 197; 1; 96; 16; 16; 24; 24; 1],0.0049522624067321885,0.1745764865474999,tvm
197,1,1,768,32,16,3072,3,1,[197; 1; 1; 768; 32; 16; 3072; 3; 1],0.11449455900583416,0.007551001365789947,tvm
197,1,1,192,48,48,192,4,3,[197; 1; 1; 192; 48; 48; 192; 4; 3],0.021747968501586,0.0397530726313827,tvm
197,1,1,384,384,48,1536,12,3,[197; 1; 1; 384; 384; 48; 1536; 12; 3],0.04298352901241742,0.020113485125402657,tvm
197,197,1,256,64,16,768,3,1,[197; 197; 1; 256; 64; 16; 768; 3; 1],0.01817436887358781,0.04756966128738535,tvm
1,1,1,128,128,16,64,1,1,[1; 1; 1; 128; 128; 16; 64; 1; 1],0.00969399162568152,0.08918396103604956,tvm
1,1,1,384,384,192,6,1,12,[1; 1; 1; 384; 384; 192; 6; 1; 12],0.01757632737280801,0.049188237854860255,tvm
197,1,1,768,128,128,512,32,8,[197; 1; 1; 768; 128; 128; 512; 32; 8],0.09300428198184818,0.009295793193665072,tvm
197,197,1,48,48,16,32,8,1,[197; 197; 1; 48; 48; 16; 32; 8; 1],0.0037509450939978706,0.23048819691122416,tvm
197,1,1,64,32,16,768,3,1,[197; 1; 1; 64; 32; 16; 768; 3; 1],0.03765098525036592,0.022962176571997384,tvm
197,197,1,768,768,48,96,16,3,[197; 197; 1; 768; 768; 48; 96; 16; 3],0.021228479126875754,0.04072588367077284,tvm
197,197,1,256,128,128,128,8,8,[197; 197; 1; 256; 128; 128; 128; 8; 8],0.006809519189118873,0.12696176446790228,tvm
197,1,1,384,48,16,64,32,1,[197; 1; 1; 384; 48; 16; 64; 32; 1],0.05445304000750184,0.015876956939584363,tvm
197,197,1,256,64,64,1536,32,4,[197; 197; 1; 256; 64; 64; 1536; 32; 4],0.02868129199487157,0.030143292414552283,tvm
197,1,1,96,32,16,64,1,1,[197; 1; 1; 96; 32; 16; 64; 1; 1],0.02859404250921216,0.03023526915265791,tvm
1,1,1,384,192,32,12,6,2,[1; 1; 1; 384; 192; 32; 12; 6; 2],0.015619404497556388,0.05535093041247684,tvm
197,197,1,256,32,16,384,16,1,[197; 197; 1; 256; 32; 16; 384; 16; 1],0.03179761224600952,0.027189103532044893,tvm
197,1,1,16,16,16,256,64,1,[197; 1; 1; 16; 16; 16; 256; 64; 1],0.028669702005572617,0.030155478116254103,tvm
197,1,1,256,32,32,96,2,2,[197; 1; 1; 256; 32; 32; 96; 2; 2],0.02876158824074082,0.030059138744081504,tvm
197,1,1,192,48,48,96,4,3,[197; 1; 1; 192; 48; 48; 96; 4; 3],0.02194022374897031,0.0394047290182784,tvm
1,1,1,256,256,128,192,3,8,[1; 1; 1; 256; 256; 128; 192; 3; 8],0.009281243565055775,0.09315007901350943,tvm
1,1,1,384,48,48,48,2,3,[1; 1; 1; 384; 48; 48; 48; 2; 3],0.01392638874676777,0.06207988209644283,tvm
197,1,1,384,192,16,48,3,1,[197; 1; 1; 384; 192; 16; 48; 3; 1],0.050386633491143584,0.017158292021643644,tvm
197,1,1,384,128,128,2,1,8,[197; 1; 1; 384; 128; 128; 2; 1; 8],0.040540164001868106,0.021325729500964345,tvm
197,197,1,768,768,64,768,2,4,[197; 197; 1; 768; 768; 64; 768; 2; 4],0.08483336149947718,0.010191138912182556,tvm
197,197,1,256,256,64,12,1,4,[197; 197; 1; 256; 256; 64; 12; 1; 4],0.00453388493770035,0.19068604150926746,tvm
197,1,1,192,64,64,3072,3,4,[197; 1; 1; 192; 64; 64; 3072; 3; 4],0.02144404162390856,0.040316493811719804,tvm
197,1,1,384,64,64,3072,1,4,[197; 1; 1; 384; 64; 64; 3072; 1; 4],0.04318131825129967,0.020021356606049194,tvm
197,197,1,768,192,64,1024,4,4,[197; 197; 1; 768; 192; 64; 1024; 4; 4],0.023411710128129926,0.03692804014303032,tvm
197,197,1,768,384,32,2,1,2,[197; 197; 1; 768; 384; 32; 2; 1; 2],0.024767892129602842,0.03490602134831062,tvm
197,1,1,128,128,16,256,2,1,[197; 1; 1; 128; 128; 16; 256; 2; 1],0.019070929251029156,0.04533332173008383,tvm
1,1,1,768,384,192,96,4,12,[1; 1; 1; 768; 384; 192; 96; 4; 12],0.015859472121519502,0.05451307362591704,tvm
1,1,1,768,64,64,48,8,4,[1; 1; 1; 768; 64; 64; 48; 8; 4],0.025810314749833196,0.03349624287065925,tvm
1,1,1,384,96,48,12,12,3,[1; 1; 1; 384; 96; 48; 12; 12; 3],0.027254257001914084,0.031721597523933734,tvm
197,197,1,768,768,96,1536,64,6,[197; 197; 1; 768; 768; 96; 1536; 64; 6],0.09169015451334417,0.009429022952543383,tvm
197,197,1,32,32,16,256,1,1,[197; 197; 1; 32; 32; 16; 256; 1; 1],0.006652112373558339,0.12996602024720583,tvm
1,1,1,192,48,48,1024,2,3,[1; 1; 1; 192; 48; 48; 1024; 2; 3],0.009185406375763705,0.094121973058235,tvm
1,1,1,256,128,32,128,16,2,[1; 1; 1; 256; 128; 32; 128; 16; 2],0.02666527275869157,0.032422266190649446,tvm
197,197,1,768,384,16,12,6,1,[197; 197; 1; 768; 384; 16; 12; 6; 1],0.01698261637648102,0.05090785496549709,tvm
1,1,1,768,384,16,96,3,1,[1; 1; 1; 768; 384; 16; 96; 3; 1],0.009840872437052894,0.08785283794284025,tvm
197,1,1,96,96,32,192,24,2,[197; 1; 1; 96; 96; 32; 192; 24; 2],0.017198241628648248,0.05026959093239135,tvm
1,1,1,384,32,32,192,2,2,[1; 1; 1; 384; 32; 32; 192; 2; 2],0.017440119125240017,0.04957240057938384,tvm
1,1,1,768,96,32,24,2,2,[1; 1; 1; 768; 96; 32; 24; 2; 2],0.019559686625143513,0.044200532861156105,tvm
197,197,1,96,32,16,3072,64,1,[197; 197; 1; 96; 32; 16; 3072; 64; 1],0.014727797621162608,0.05870182315557403,tvm
1,1,1,768,64,32,192,32,2,[1; 1; 1; 768; 64; 32; 192; 32; 2],0.016205443869694136,0.0533492682076649,tvm
197,197,1,192,192,96,192,32,6,[197; 197; 1; 192; 192; 96; 192; 32; 6],0.005067792750196531,0.17059667078829216,tvm
197,1,1,768,48,16,64,8,1,[197; 1; 1; 768; 48; 16; 64; 8; 1],0.10987997095799074,0.007868117946255238,tvm
1,1,1,32,16,16,4,1,1,[1; 1; 1; 32; 16; 16; 4; 1; 1],0.009732240872835973,0.0888334539521772,tvm
197,1,1,768,32,16,1536,16,1,[197; 1; 1; 768; 32; 16; 1536; 16; 1],0.11338455800432712,0.007624923416781123,tvm
1,1,1,384,192,32,64,64,2,[1; 1; 1; 384; 192; 32; 64; 64; 2],0.009832725248998031,0.08792563094516143,tvm
197,1,1,192,96,48,384,24,3,[197; 1; 1; 192; 96; 48; 384; 24; 3],0.021843934249773156,0.039578427656068844,tvm
1,1,1,768,128,32,512,1,2,[1; 1; 1; 768; 128; 32; 512; 1; 2],0.009627049814298516,0.08980410282540617,tvm
197,197,1,768,128,32,512,1,2,[197; 197; 1; 768; 128; 32; 512; 1; 2],0.028060664248187095,0.030809982393215335,tvm
197,1,1,384,32,16,192,6,1,[197; 1; 1; 384; 32; 16; 192; 6; 1],0.05574648699257523,0.015508574944708515,tvm
1,1,1,256,256,16,48,16,1,[1; 1; 1; 256; 256; 16; 48; 16; 1],0.009713597250083694,0.08900395488613884,tvm
1,1,1,768,32,32,768,2,2,[1; 1; 1; 768; 32; 32; 768; 2; 2],0.017782912495022174,0.04861681525287702,tvm
197,197,1,384,192,16,3072,48,1,[197; 197; 1; 384; 192; 16; 3072; 48; 1],0.05722823101677932,0.015107029451514686,tvm
197,1,1,128,64,64,384,2,4,[197; 1; 1; 128; 64; 64; 384; 2; 4],0.028690791747067124,0.03013331172768868,tvm
197,1,1,192,64,64,96,6,4,[197; 1; 1; 192; 64; 64; 96; 6; 4],0.04161655899952166,0.020774148372971167,tvm
197,197,1,384,384,32,384,4,2,[197; 197; 1; 384; 384; 32; 384; 4; 2],0.014177804623614065,0.060979015748926946,tvm
1,1,1,384,64,64,384,6,4,[1; 1; 1; 384; 64; 64; 384; 6; 4],0.009611055687855696,0.08995354927773383,tvm
1,1,1,768,384,192,3072,48,12,[1; 1; 1; 768; 384; 192; 3072; 48; 12],0.02430727549653966,0.03556748149547435,tvm
197,1,1,128,32,32,768,32,2,[197; 1; 1; 128; 32; 32; 768; 32; 2],0.014565239624062087,0.059356975493923124,tvm
1,1,1,384,192,16,6,2,1,[1; 1; 1; 384; 192; 16; 6; 2; 1],0.03220476924616378,0.026845358363545988,tvm
1,1,1,768,96,48,384,12,3,[1; 1; 1; 768; 96; 48; 384; 12; 3],0.018903262498497497,0.04573541585730447,tvm
197,1,1,128,64,16,192,24,1,[197; 1; 1; 128; 64; 16; 192; 24; 1],0.037189280992606655,0.023247251583068958,tvm
197,1,1,768,96,96,24,12,6,[197; 1; 1; 768; 96; 96; 24; 12; 6],0.0921284350042697,0.009384166477901244,tvm
197,197,1,192,16,16,768,1,1,[197; 197; 1; 192; 16; 16; 768; 1; 1],0.013714864246139769,0.06303734079408843,tvm
1,1,1,192,96,16,64,32,1,[1; 1; 1; 192; 96; 16; 64; 32; 1],0.010355603000789415,0.08348606752911117,tvm
1,1,1,96,16,16,384,2,1,[1; 1; 1; 96; 16; 16; 384; 2; 1],0.018989700998645276,0.04552723455152075,tvm
197,197,1,256,256,128,48,1,8,[197; 197; 1; 256; 256; 128; 48; 1; 8],0.007652155312825926,0.11298105384498466,tvm
197,197,1,192,64,64,1536,48,4,[197; 197; 1; 192; 64; 64; 1536; 48; 4],0.020506533124716952,0.04215966522329964,tvm
1,1,1,768,128,32,1024,8,2,[1; 1; 1; 768; 128; 32; 1024; 8; 2],0.033692115495796315,0.025660263794846573,tvm
1,1,1,256,128,16,12,6,1,[1; 1; 1; 256; 128; 16; 12; 6; 1],0.036031077994266525,0.023994524159564233,tvm
197,1,1,192,64,64,1024,32,4,[197; 1; 1; 192; 64; 64; 1024; 32; 4],0.021596959995804355,0.04003103083010421,tvm
197,197,1,384,64,32,192,4,2,[197; 197; 1; 384; 64; 32; 192; 4; 2],0.01379662612453103,0.06266376747655462,tvm
1,1,1,768,96,48,384,32,3,[1; 1; 1; 768; 96; 48; 384; 32; 3],0.009650455751398113,0.08958629454399805,tvm
197,197,1,768,256,64,192,12,4,[197; 197; 1; 768; 256; 64; 192; 12; 4],0.0209334277533344,0.04129990470819386,tvm
197,1,1,96,48,48,64,64,3,[197; 1; 1; 96; 48; 48; 64; 64; 3],0.01122994356410345,0.0769860121285118,tvm
197,197,1,384,128,16,192,8,1,[197; 197; 1; 384; 128; 16; 192; 8; 1],0.0329810132534476,0.026213523665413695,tvm
197,1,1,768,64,16,96,1,1,[197; 1; 1; 768; 64; 16; 96; 1; 1],0.10702072200365365,0.008078328712817467,tvm
197,1,1,256,64,32,48,4,2,[197; 1; 1; 256; 64; 32; 48; 4; 2],0.0283921309892321,0.030450288206843545,tvm
197,197,1,384,192,16,256,8,1,[197; 197; 1; 384; 192; 16; 256; 8; 1],0.025727619751705788,0.033603908164541736,tvm
197,1,1,32,32,16,64,64,1,[197; 1; 1; 32; 32; 16; 64; 64; 1],0.014025173128175084,0.06164263096986554,tvm
197,197,1,192,96,16,24,1,1,[197; 197; 1; 192; 96; 16; 24; 1; 1],0.014555356247001328,0.059397280063597506,tvm
1,1,1,768,384,64,16,4,4,[1; 1; 1; 768; 384; 64; 16; 4; 4],0.012964218250999693,0.06668728917471785,tvm
1,1,1,768,96,32,1536,1,2,[1; 1; 1; 768; 96; 32; 1536; 1; 2],0.015648820997739676,0.055246882276527236,tvm
197,197,1,768,48,16,512,64,1,[197; 197; 1; 768; 48; 16; 512; 64; 1],0.05366259199217893,0.016110823934009286,tvm
1,1,1,64,64,32,128,8,2,[1; 1; 1; 64; 64; 32; 128; 8; 2],0.009501608252321603,0.09098970915974455,tvm
197,1,1,768,96,32,768,32,2,[197; 1; 1; 768; 96; 32; 768; 32; 2],0.0857774544856511,0.010078972110010487,tvm
1,1,1,64,64,64,48,16,4,[1; 1; 1; 64; 64; 64; 48; 16; 4],0.009514492499874905,0.0908664935560082,tvm
197,197,1,256,32,16,48,8,1,[197; 197; 1; 256; 32; 16; 48; 8; 1],0.013040124504186679,0.06629910405771036,tvm
197,1,1,96,16,16,384,32,1,[197; 1; 1; 96; 16; 16; 384; 32; 1],0.014660319000540767,0.05897201632492999,tvm
197,1,1,64,32,16,1536,48,1,[197; 1; 1; 64; 32; 16; 1536; 48; 1],0.05656141901272349,0.015285128741803511,tvm
197,197,1,768,64,32,384,48,2,[197; 197; 1; 768; 64; 32; 384; 48; 2],0.027677921505528502,0.03123603668201324,tvm
197,1,1,768,384,64,192,32,4,[197; 1; 1; 768; 384; 64; 192; 32; 4],0.08560080450843088,0.010099771566322387,tvm
1,1,1,768,64,32,24,1,2,[1; 1; 1; 768; 64; 32; 24; 1; 2],0.009790527437871788,0.088304596143035,tvm
197,1,1,384,384,16,192,3,1,[197; 1; 1; 384; 384; 16; 192; 3; 1],0.1120149310445413,0.007718154743895657,tvm
197,1,1,192,96,32,96,3,2,[197; 1; 1; 192; 96; 32; 96; 3; 2],0.020579301250108983,0.04201058922853335,tvm
197,197,1,128,32,32,192,2,2,[197; 197; 1; 128; 32; 32; 192; 2; 2],0.004625890125680598,0.1868934514092835,tvm
197,1,1,768,128,64,4,2,4,[197; 1; 1; 768; 128; 64; 4; 2; 4],0.0938601675152313,0.009211027364598251,tvm
197,1,1,768,64,16,192,8,1,[197; 1; 1; 768; 64; 16; 192; 8; 1],0.11167250300059095,0.007741821381257984,tvm
197,197,1,192,192,192,128,64,12,[197; 197; 1; 192; 192; 192; 128; 64; 12],0.005160956468898803,0.16751712141703856,tvm
197,1,1,256,128,32,4,4,2,[197; 1; 1; 256; 128; 32; 4; 4; 2],0.02695544675225392,0.03207324216788508,tvm
197,197,1,192,64,64,24,12,4,[197; 197; 1; 192; 64; 64; 24; 12; 4],0.0035362838752917014,0.24447940321455566,tvm
197,197,1,192,32,32,96,6,2,[197; 197; 1; 192; 32; 32; 96; 6; 2],0.006704217503283871,0.1289559252821223,tvm
1,1,1,384,192,96,12,1,6,[1; 1; 1; 384; 192; 96; 12; 1; 6],0.020465685869567096,0.0422438112721242,tvm
1,1,1,96,96,48,96,4,3,[1; 1; 1; 96; 96; 48; 96; 4; 3],0.009502622375293868,0.09097999870818137,tvm
1,1,1,768,192,32,512,16,2,[1; 1; 1; 768; 192; 32; 512; 16; 2],0.009629656626202632,0.08977979225926962,tvm
1,1,1,768,64,32,3,3,2,[1; 1; 1; 768; 64; 32; 3; 3; 2],0.017458415124565363,0.04952044989536785,tvm
1,1,1,128,16,16,256,2,1,[1; 1; 1; 128; 16; 16; 256; 2; 1],0.019059185127844103,0.04536125577402194,tvm
197,197,1,384,128,32,1024,8,2,[197; 197; 1; 384; 128; 32; 1024; 8; 2],0.014301185750809964,0.06045292932298335,tvm
1,1,1,256,32,32,512,32,2,[1; 1; 1; 256; 32; 32; 512; 32; 2],0.02550119250372518,0.03390228011110772,tvm
197,1,1,768,128,64,6,3,4,[197; 1; 1; 768; 128; 64; 6; 3; 4],0.09353554100380279,0.009242995359308632,tvm
197,1,1,384,384,48,768,32,3,[197; 1; 1; 384; 384; 48; 768; 32; 3],0.0430330475064693,0.020090340366868065,tvm
1,1,1,192,96,96,96,4,6,[1; 1; 1; 192; 96; 96; 96; 4; 6],0.009431517064513173,0.09166590756448965,tvm
1,1,1,768,256,64,384,2,4,[1; 1; 1; 768; 256; 64; 384; 2; 4],0.01836364687915193,0.04707935069313955,tvm
197,197,1,384,128,16,4,4,1,[197; 197; 1; 384; 128; 16; 4; 4; 1],0.007433186998241581,0.11630927240672027,tvm
197,1,1,96,48,16,768,32,1,[197; 1; 1; 96; 48; 16; 768; 32; 1],0.028261720261070877,0.03059079785102269,tvm
197,1,1,384,192,96,192,16,6,[197; 1; 1; 384; 192; 96; 192; 16; 6],0.04003832800663076,0.021593023846684933,tvm
197,1,1,64,64,16,1024,2,1,[197; 1; 1; 64; 64; 16; 1024; 2; 1],0.03849508574057836,0.022458673744873238,tvm
1,1,1,16,16,16,768,64,1,[1; 1; 1; 16; 16; 16; 768; 64; 1],0.02734527325083036,0.031616015078668805,tvm
197,197,1,768,192,192,16,16,12,[197; 197; 1; 768; 192; 192; 16; 16; 12],0.017336032251478173,0.049870037093110206,tvm
197,1,1,384,96,16,4,1,1,[197; 1; 1; 384; 96; 16; 4; 1; 1],0.03980488124943804,0.021719662119096938,tvm
197,197,1,384,192,64,192,32,4,[197; 197; 1; 384; 192; 64; 192; 32; 4],0.009912940749927657,0.08721413687808845,tvm
197,1,1,768,384,64,48,16,4,[197; 1; 1; 768; 384; 64; 48; 16; 4],0.08636608999222517,0.010010278009649385,tvm
1,1,1,768,768,192,8,1,12,[1; 1; 1; 768; 768; 192; 8; 1; 12],0.008227442875067936,0.10508107859958038,tvm
197,1,1,768,192,48,192,1,3,[197; 1; 1; 768; 192; 48; 192; 1; 3],0.08587081302539445,0.010068014275967081,tvm
197,197,1,768,192,16,12,1,1,[197; 197; 1; 768; 192; 16; 12; 1; 1],0.017479164751421195,0.049461663856579685,tvm
197,1,1,192,192,16,512,8,1,[197; 1; 1; 192; 192; 16; 512; 8; 1],0.028249780749320053,0.030603726772264608,tvm
1,1,1,768,64,16,48,3,1,[1; 1; 1; 768; 64; 16; 48; 3; 1],0.013708762126043439,0.06306540032422997,tvm
1,1,1,768,768,32,12,12,2,[1; 1; 1; 768; 768; 32; 12; 12; 2],0.007965329812577693,0.10853895466618366,tvm
1,1,1,96,32,32,16,4,2,[1; 1; 1; 96; 32; 32; 16; 4; 2],0.009480897315370385,0.09118847538059181,tvm
197,197,1,128,64,64,96,3,4,[197; 197; 1; 128; 64; 64; 96; 3; 4],0.00716036149970023,0.12074091112086532,tvm
197,1,1,768,768,192,256,1,12,[197; 1; 1; 768; 768; 192; 256; 1; 12],0.08498229100950994,0.010173279175679367,tvm
197,1,1,96,32,16,96,4,1,[197; 1; 1; 96; 32; 16; 96; 4; 1],0.014038692745089065,0.061583267553953894,tvm
1,1,1,64,64,32,48,2,2,[1; 1; 1; 64; 64; 32; 48; 2; 2],0.014282997253758367,0.060529912319424256,tvm
1,1,1,192,192,32,12,1,2,[1; 1; 1; 192; 192; 32; 12; 1; 2],0.01703732312307693,0.05074439013588623,tvm
1,1,1,768,96,96,1024,2,6,[1; 1; 1; 768; 96; 96; 1024; 2; 6],0.0179463372551254,0.04817409586915346,tvm
1,1,1,256,64,16,96,32,1,[1; 1; 1; 256; 64; 16; 96; 32; 1],0.009722599999804515,0.08892154068314588,tvm
1,1,1,768,96,16,192,6,1,[1; 1; 1; 768; 96; 16; 192; 6; 1],0.009858157874987228,0.08769879549425369,tvm
197,197,1,384,192,32,512,4,2,[197; 197; 1; 384; 192; 32; 512; 4; 2],0.01397105411888333,0.061881413103972174,tvm
197,197,1,768,32,16,128,32,1,[197; 197; 1; 768; 32; 16; 128; 32; 1],0.04664438198960852,0.018534891760837915,tvm
1,1,1,256,256,64,48,48,4,[1; 1; 1; 256; 256; 64; 48; 48; 4],0.009714714375149924,0.08899372004596162,tvm
197,197,1,192,64,16,24,3,1,[197; 197; 1; 192; 64; 16; 24; 3; 1],0.00590076090702496,0.14651476056237273,tvm
1,1,1,768,128,16,1536,3,1,[1; 1; 1; 768; 128; 16; 1536; 3; 1],0.026960559756844305,0.03206715955550937,tvm
197,197,1,128,128,32,3072,6,2,[197; 197; 1; 128; 128; 32; 3072; 6; 2],0.028439749497920275,0.030399303323392267,tvm
1,1,1,256,32,16,64,1,1,[1; 1; 1; 256; 32; 16; 64; 1; 1],0.009681108811491868,0.08930263963176586,tvm
1,1,1,768,64,64,3072,3,4,[1; 1; 1; 768; 64; 64; 3072; 3; 4],0.009658198061515577,0.08951447940102662,tvm
197,1,1,128,64,16,1536,24,1,[197; 1; 1; 128; 64; 16; 1536; 24; 1],0.03808362525887787,0.022701320201312294,tvm
197,1,1,768,32,32,96,16,2,[197; 1; 1; 768; 32; 32; 96; 16; 2],0.08512282301671803,0.01015648378177936,tvm
1,1,1,384,192,64,256,32,4,[1; 1; 1; 384; 192; 64; 256; 32; 4],0.009641523498430615,0.08966929049846707,tvm
197,197,1,96,96,96,1024,4,6,[197; 197; 1; 96; 96; 96; 1024; 4; 6],0.002990434328239644,0.2891046839799684,tvm
1,1,1,64,64,64,768,1,4,[1; 1; 1; 64; 64; 64; 768; 1; 4],0.018489044130546972,0.04676004694045775,tvm
197,197,1,128,128,128,6,1,8,[197; 197; 1; 128; 128; 128; 6; 1; 8],0.0021492538126040017,0.4022552228864482,tvm
1,1,1,96,96,32,64,4,2,[1; 1; 1; 96; 96; 32; 64; 4; 2],0.009472477377130417,0.09126953140219342,tvm
197,1,1,768,96,96,128,64,6,[197; 1; 1; 768; 96; 96; 128; 64; 6],0.09281410399125889,0.009314840463363127,tvm
197,1,1,256,128,128,384,4,8,[197; 1; 1; 256; 128; 128; 384; 4; 8],0.026892566005699337,0.0321482364771494,tvm
1,1,1,768,64,16,768,6,1,[1; 1; 1; 768; 64; 16; 768; 6; 1],0.018525315877923276,0.046668492841131996,tvm
197,1,1,768,768,48,96,48,3,[197; 1; 1; 768; 768; 48; 96; 48; 3],0.08592582200071774,0.010061568819456272,tvm
1,1,1,96,16,16,96,3,1,[1; 1; 1; 96; 16; 16; 96; 3; 1],0.009727026314067189,0.08888107665322798,tvm
197,197,1,768,128,32,384,48,2,[197; 197; 1; 768; 128; 32; 384; 48; 2],0.027541687260963954,0.03139054493055457,tvm
197,1,1,192,64,32,48,24,2,[197; 1; 1; 192; 64; 32; 48; 24; 2],0.02089065936888801,0.041384455902628146,tvm
197,197,1,192,64,64,6,1,4,[197; 197; 1; 192; 64; 64; 6; 1; 4],0.0027838161568070063,0.31056238010350334,tvm
1,1,1,192,192,64,192,3,4,[1; 1; 1; 192; 192; 64; 192; 3; 4],0.015235536753607448,0.05674552760498345,tvm
197,197,1,64,64,16,384,32,1,[197; 197; 1; 64; 64; 16; 384; 32; 1],0.026112500738236122,0.03310860878838106,tvm
1,1,1,384,384,16,12,1,1,[1; 1; 1; 384; 384; 16; 12; 1; 1],0.01909573237207951,0.04527443905176718,tvm
197,197,1,32,32,32,8,4,2,[197; 197; 1; 32; 32; 32; 8; 4; 2],0.003499744438158814,0.24703191524561807,tvm
1,1,1,16,16,16,384,2,1,[1; 1; 1; 16; 16; 16; 384; 2; 1],0.02730134825105779,0.03166688192386523,tvm
197,197,1,256,256,32,192,6,2,[197; 197; 1; 256; 256; 32; 192; 6; 2],0.0180824913768447,0.047811363678329076,tvm
197,197,1,768,384,16,3072,48,1,[197; 197; 1; 768; 384; 16; 3072; 48; 1],0.11373954598093405,0.0076011255713425655,tvm
197,197,1,768,384,192,256,32,12,[197; 197; 1; 768; 384; 192; 256; 32; 12],0.019853126628731843,0.043547224958379066,tvm
197,197,1,384,192,32,64,1,2,[197; 197; 1; 384; 192; 32; 64; 1; 2],0.013275452125526499,0.06512385139532743,tvm
197,1,1,96,96,32,96,24,2,[197; 1; 1; 96; 96; 32; 96; 24; 2],0.021483210497535765,0.04024298749610723,tvm
197,197,1,32,32,32,3072,3,2,[197; 197; 1; 32; 32; 32; 3072; 3; 2],0.011090973686805228,0.07795064670084939,tvm
197,197,1,192,32,16,256,32,1,[197; 197; 1; 192; 32; 16; 256; 32; 1],0.03696490700531285,0.02338836051459057,tvm
1,1,1,384,48,16,48,3,1,[1; 1; 1; 384; 48; 16; 48; 3; 1],0.028214563993969932,0.030641925624416675,tvm
197,1,1,96,96,96,384,4,6,[197; 1; 1; 96; 96; 96; 384; 4; 6],0.028503665991593152,0.030331136061009158,tvm
1,1,1,128,128,64,256,32,4,[1; 1; 1; 128; 128; 64; 256; 32; 4],0.02736065024510026,0.03159824652133019,tvm
197,1,1,256,128,128,12,2,8,[197; 1; 1; 256; 128; 128; 12; 2; 8],0.025975582000683062,0.033283126106889036,tvm
197,1,1,384,32,16,48,3,1,[197; 1; 1; 384; 32; 16; 48; 3; 1],0.05233951599802822,0.0165180849486866,tvm
197,1,1,768,384,96,1536,12,6,[197; 1; 1; 768; 384; 96; 1536; 12; 6],0.09048938448540866,0.009554143575459717,tvm
197,197,1,128,32,32,1536,4,2,[197; 197; 1; 128; 32; 32; 1536; 4; 2],0.013978815499285702,0.0618470550292869,tvm
1,1,1,768,256,16,96,16,1,[1; 1; 1; 768; 256; 16; 96; 16; 1],0.009859800626145443,0.08768418391098391,tvm
1,1,1,192,32,16,1024,4,1,[1; 1; 1; 192; 32; 16; 1024; 4; 1],0.018821159494109452,0.04593492615049319,tvm
1,1,1,768,192,64,48,4,4,[1; 1; 1; 768; 192; 64; 48; 4; 4],0.042815352251636796,0.020192489982270797,tvm
1,1,1,256,256,32,128,2,2,[1; 1; 1; 256; 256; 32; 128; 2; 2],0.017910543880134355,0.04827036952169238,tvm
1,1,1,128,64,64,24,24,4,[1; 1; 1; 128; 64; 64; 24; 24; 4],0.00953274556013639,0.09069250469076841,tvm
1,1,1,384,192,64,128,16,4,[1; 1; 1; 384; 192; 64; 128; 16; 4],0.017636668002523948,0.049019949307025995,tvm
197,197,1,256,32,32,16,2,2,[197; 197; 1; 256; 32; 32; 16; 2; 2],0.005221283998253057,0.1655816024789751,tvm
197,197,1,768,384,128,256,8,8,[197; 197; 1; 768; 384; 128; 256; 8; 8],0.020612344749679323,0.04194324235926733,tvm
197,197,1,768,96,32,3072,32,2,[197; 197; 1; 768; 96; 32; 3072; 32; 2],0.08663392599555664,0.009979330400805259,tvm
197,197,1,768,256,16,384,32,1,[197; 197; 1; 768; 256; 16; 384; 32; 1],0.05293220400926657,0.016333130040782344,tvm
1,1,1,96,96,48,96,6,3,[1; 1; 1; 96; 96; 48; 96; 6; 3],0.009500816999207018,0.09099728702286662,tvm
197,197,1,768,768,96,384,32,6,[197; 197; 1; 768; 768; 96; 384; 32; 6],0.04509407974546775,0.019172108097304373,tvm
197,1,1,768,128,64,48,4,4,[197; 1; 1; 768; 128; 64; 48; 4; 4],0.0865973329928238,0.00998354731663867,tvm
197,197,1,256,32,16,1024,4,1,[197; 197; 1; 256; 32; 16; 1024; 4; 1],0.0184534013751545,0.04685036399807529,tvm
197,197,1,192,64,32,256,8,2,[197; 197; 1; 192; 64; 32; 256; 8; 2],0.013663743367942516,0.06327318569645786,tvm
197,197,1,768,384,64,1536,3,4,[197; 197; 1; 768; 384; 64; 1536; 3; 4],0.0844456359918695,0.010237930726364723,tvm
197,1,1,48,48,16,96,1,1,[197; 1; 1; 48; 48; 16; 96; 1; 1],0.014325136995466892,0.06035185364734403,tvm
197,197,1,768,48,16,16,2,1,[197; 197; 1; 768; 48; 16; 16; 2; 1],0.021599819250695873,0.04002573176165437,tvm
1,1,1,768,256,16,1536,48,1,[1; 1; 1; 768; 256; 16; 1536; 48; 1],0.009892555437545525,0.08739385661133858,tvm
197,1,1,384,96,16,32,4,1,[197; 1; 1; 384; 96; 16; 32; 4; 1],0.046507676248438656,0.01858937365114207,tvm
1,1,1,384,96,32,8,8,2,[1; 1; 1; 384; 96; 32; 8; 8; 2],0.00942791824854794,0.09170089818733065,tvm
197,1,1,96,96,48,48,2,3,[197; 1; 1; 96; 96; 48; 48; 2; 3],0.010512239059607964,0.08224209576345129,tvm
197,1,1,192,192,16,16,1,1,[197; 1; 1; 192; 192; 16; 16; 1; 1],0.05034515951410867,0.017172426898087217,tvm
197,1,1,384,192,64,64,2,4,[197; 1; 1; 384; 192; 64; 64; 2; 4],0.04270193249976728,0.020246122852479405,tvm
197,197,1,384,48,16,24,1,1,[197; 197; 1; 384; 48; 16; 24; 1; 1],0.012024353749438887,0.07189979515272621,tvm
197,197,1,768,128,64,16,2,4,[197; 197; 1; 768; 128; 64; 16; 2; 4],0.01395159599633189,0.06196771836396896,tvm
197,1,1,128,32,16,64,1,1,[197; 1; 1; 128; 32; 16; 64; 1; 1],0.018064223251712974,0.047859714717962694,tvm
1,1,1,192,32,32,3072,3,2,[1; 1; 1; 192; 32; 32; 3072; 3; 2],0.017446599871618673,0.04955398632343138,tvm
197,1,1,64,64,64,384,4,4,[197; 1; 1; 64; 64; 64; 384; 4; 4],0.014729919996170793,0.05869336504565676,tvm
197,1,1,96,16,16,3072,4,1,[197; 1; 1; 96; 16; 16; 3072; 4; 1],0.014452923627686687,0.059818248106729234,tvm
197,197,1,384,192,192,256,32,12,[197; 197; 1; 384; 192; 192; 256; 32; 12],0.009907219500746578,0.08726450154490083,tvm
197,197,1,64,16,16,3072,24,1,[197; 197; 1; 64; 16; 16; 3072; 24; 1],0.038804750991403125,0.022279451596535306,tvm
197,197,1,384,96,16,16,4,1,[197; 197; 1; 384; 96; 16; 16; 4; 1],0.009316459560068324,0.09279797393573734,tvm
1,1,1,128,128,64,12,12,4,[1; 1; 1; 128; 128; 64; 12; 12; 4],0.02296314550039824,0.037649396569541305,tvm
197,1,1,48,48,48,768,1,3,[197; 1; 1; 48; 48; 48; 768; 1; 3],0.021962152124615386,0.03936538489138217,tvm
197,197,1,768,192,48,1536,64,3,[197; 197; 1; 768; 192; 48; 1536; 64; 3],0.08439966250443831,0.010243507447474775,tvm
197,1,1,32,16,16,2,1,1,[197; 1; 1; 32; 16; 16; 2; 1; 1],0.014769574874662794,0.058535779043424226,tvm
197,1,1,768,384,32,384,1,2,[197; 1; 1; 768; 384; 32; 384; 1; 2],0.0850071374734398,0.010170305660494646,tvm
197,1,1,768,48,48,768,2,3,[197; 1; 1; 768; 48; 48; 768; 2; 3],0.08564725049654953,0.01009429452102962,tvm
197,1,1,384,96,32,512,4,2,[197; 1; 1; 384; 96; 32; 512; 4; 2],0.042781018739333376,0.020208695279004544,tvm
197,197,1,192,48,16,1024,8,1,[197; 197; 1; 192; 48; 16; 1024; 8; 1],0.013818377752613742,0.06256512789752344,tvm
197,1,1,384,96,32,384,24,2,[197; 1; 1; 384; 96; 32; 384; 24; 2],0.0858276525104884,0.010073077220921553,tvm
1,1,1,192,48,16,6,6,1,[1; 1; 1; 192; 48; 16; 6; 6; 1],0.009558538189594401,0.09044778126949733,tvm
197,1,1,64,64,64,32,2,4,[197; 1; 1; 64; 64; 64; 32; 2; 4],0.02514553425135091,0.03438179371281899,tvm
1,1,1,384,384,96,64,64,6,[1; 1; 1; 384; 384; 96; 64; 64; 6],0.009656586935307132,0.08952941419369866,tvm
1,1,1,192,192,96,1536,24,6,[1; 1; 1; 192; 192; 96; 1536; 24; 6],0.01739825062395539,0.049691695453460555,tvm
1,1,1,64,16,16,768,6,1,[1; 1; 1; 64; 16; 16; 768; 6; 1],0.01784724999743048,0.04844155662934306,tvm
1,1,1,384,384,192,384,32,12,[1; 1; 1; 384; 384; 192; 384; 32; 12],0.011374730314855697,0.0760060720120501,tvm
197,1,1,128,16,16,24,3,1,[197; 1; 1; 128; 16; 16; 24; 3; 1],0.03795107250334695,0.02278060972723039,tvm
197,197,1,384,384,192,1536,64,12,[197; 197; 1; 384; 384; 192; 1536; 64; 12],0.0500846010108944,0.017261764174591604,tvm
1,1,1,384,64,64,32,4,4,[1; 1; 1; 384; 64; 64; 32; 4; 4],0.018327886253246106,0.04717121000657938,tvm
197,197,1,256,128,64,1024,64,4,[197; 197; 1; 256; 128; 64; 1024; 64; 4],0.01381169812520966,0.06259538570789952,tvm
197,197,1,96,96,48,3072,12,3,[197; 197; 1; 96; 96; 48; 3072; 12; 3],0.01138379218900809,0.07594556867116374,tvm
197,197,1,768,384,32,96,12,2,[197; 197; 1; 768; 384; 32; 96; 12; 2],0.025735305753187276,0.03359387215834801,tvm
197,197,1,384,384,96,384,6,6,[197; 197; 1; 384; 384; 96; 384; 6; 6],0.009943215187377064,0.08694859309955576,tvm
1,1,1,384,64,32,1536,12,2,[1; 1; 1; 384; 64; 32; 1536; 12; 2],0.009629573123675073,0.08978057078179404,tvm
197,197,1,384,48,16,24,12,1,[197; 197; 1; 384; 48; 16; 24; 12; 1],0.011984774249867769,0.07213724292204421,tvm
197,1,1,384,32,16,96,16,1,[197; 1; 1; 384; 32; 16; 96; 16; 1],0.0541883539990522,0.01595450881279201,tvm
1,1,1,768,384,192,128,16,12,[1; 1; 1; 768; 384; 192; 128; 16; 12],0.020796235250600148,0.04157235966080071,tvm
197,1,1,64,32,32,1024,8,2,[197; 1; 1; 64; 32; 32; 1024; 8; 2],0.02863553649513051,0.03019145709302804,tvm
1,1,1,128,128,32,6,6,2,[1; 1; 1; 128; 128; 32; 6; 6; 2],0.009837166751822224,0.08788593232583188,tvm
197,197,1,768,384,48,6,3,3,[197; 197; 1; 768; 384; 48; 6; 3; 3],0.01518053875042824,0.05695111258183657,tvm
1,1,1,768,128,16,192,2,1,[1; 1; 1; 768; 128; 16; 192; 2; 1],0.009866512813459849,0.08762453237268981,tvm
197,197,1,32,32,32,384,64,2,[197; 197; 1; 32; 32; 32; 384; 64; 2],0.006964140440686606,0.12414289728817332,tvm
197,1,1,384,64,64,3072,4,4,[197; 1; 1; 384; 64; 64; 3072; 4; 4],0.04283685825066641,0.02018235245847241,tvm
197,1,1,768,128,32,12,1,2,[197; 1; 1; 768; 128; 32; 12; 1; 2],0.09380342598888092,0.009216599098747752,tvm
1,1,1,384,48,48,3072,32,3,[1; 1; 1; 384; 48; 48; 3072; 32; 3],0.00927461587707512,0.09321664453678903,tvm
197,1,1,384,64,16,32,16,1,[197; 1; 1; 384; 64; 16; 32; 16; 1],0.046465177249046974,0.01860637627173377,tvm
197,197,1,768,384,128,128,64,8,[197; 197; 1; 768; 384; 128; 128; 64; 8],0.02087633112387266,0.041412859678199694,tvm
197,197,1,192,96,48,384,48,3,[197; 197; 1; 192; 96; 48; 384; 48; 3],0.005251323280390352,0.16463442170033493,tvm
197,197,1,48,48,16,1536,2,1,[197; 197; 1; 48; 48; 16; 1536; 2; 1],0.013979340372316074,0.061844732898891024,tvm
197,1,1,384,384,32,768,1,2,[197; 1; 1; 384; 384; 32; 768; 1; 2],0.0864485549973324,0.010000729005305518,tvm
197,1,1,384,128,32,256,16,2,[197; 1; 1; 384; 128; 32; 256; 16; 2],0.042619710744475015,0.020285181582107445,tvm
197,1,1,192,64,32,3,1,2,[197; 1; 1; 192; 64; 32; 3; 1; 2],0.02164224037551321,0.039947277011429555,tvm
197,1,1,96,96,48,64,32,3,[197; 1; 1; 96; 96; 48; 64; 32; 3],0.027868047254742123,0.031022933308736112,tvm
197,1,1,768,768,64,512,1,4,[197; 1; 1; 768; 768; 64; 512; 1; 4],0.08631247500306927,0.010016496125245257,tvm
197,197,1,384,384,64,256,1,4,[197; 197; 1; 384; 384; 64; 256; 1; 4],0.010004757499700645,0.08641374580587682,tvm
197,197,1,96,32,32,192,4,2,[197; 197; 1; 96; 32; 32; 192; 4; 2],0.0034986045939149335,0.24711239816361835,tvm
1,1,1,128,64,64,96,6,4,[1; 1; 1; 128; 64; 64; 96; 6; 4],0.018743453627394047,0.046125361345627953,tvm
1,1,1,384,128,32,48,24,2,[1; 1; 1; 384; 128; 32; 48; 24; 2],0.017534490121761337,0.0493056008714856,tvm
197,197,1,768,192,64,192,1,4,[197; 197; 1; 768; 192; 64; 192; 1; 4],0.021082962120999582,0.04100697835848417,tvm
197,1,1,768,48,48,384,48,3,[197; 1; 1; 768; 48; 48; 384; 48; 3],0.08632954300264828,0.010014515788668662,tvm
1,1,1,768,768,64,192,16,4,[1; 1; 1; 768; 768; 64; 192; 16; 4],0.009614174439775525,0.08992436915350552,tvm
197,197,1,96,48,16,128,32,1,[197; 197; 1; 96; 48; 16; 128; 32; 1],0.008974733060313156,0.09633139678010709,tvm
197,197,1,384,96,32,256,4,2,[197; 197; 1; 384; 96; 32; 256; 4; 2],0.013801484623400029,0.06264170812194751,tvm
197,197,1,48,16,16,192,6,1,[197; 197; 1; 48; 16; 16; 192; 6; 1],0.006256556247535627,0.1381828177072819,tvm
197,1,1,192,64,16,384,6,1,[197; 1; 1; 192; 64; 16; 384; 6; 1],0.056008709012530744,0.015435966775008993,tvm
197,1,1,256,16,16,4,2,1,[197; 1; 1; 256; 16; 16; 4; 2; 1],0.03863080199516844,0.022379772792102546,tvm
197,1,1,768,192,16,48,2,1,[197; 1; 1; 768; 192; 16; 48; 2; 1],0.10005886200815439,0.008640399801450012,tvm
197,197,1,768,256,128,1536,4,8,[197; 197; 1; 768; 256; 128; 1536; 4; 8],0.08361130650155246,0.010340091640746204,tvm
1,1,1,768,384,192,3072,3,12,[1; 1; 1; 768; 384; 192; 3072; 3; 12],0.013615750001918059,0.0634962136721651,tvm
197,197,1,256,64,64,3072,6,4,[197; 197; 1; 256; 64; 64; 3072; 6; 4],0.028451740261516534,0.03038649177456287,tvm
1,1,1,128,64,16,48,2,1,[1; 1; 1; 128; 64; 16; 48; 2; 1],0.009660599622293375,0.08949222669713872,tvm
197,1,1,256,32,32,3072,24,2,[197; 1; 1; 256; 32; 32; 3072; 24; 2],0.028776266757631674,0.030043805845637945,tvm
197,197,1,384,16,16,8,8,1,[197; 197; 1; 384; 16; 16; 8; 8; 1],0.024158264001016505,0.03578686661393359,tvm
197,197,1,256,128,128,128,32,8,[197; 197; 1; 256; 128; 128; 128; 32; 8],0.0068258731880632695,0.12665757883408219,tvm
197,197,1,48,48,48,24,6,3,[197; 197; 1; 48; 48; 48; 24; 6; 3],0.0036241678426449653,0.23855091953953558,tvm
197,197,1,384,64,16,16,8,1,[197; 197; 1; 384; 64; 16; 16; 8; 1],0.01155760893743718,0.07480341099170976,tvm
197,197,1,384,96,48,8,8,3,[197; 197; 1; 384; 96; 48; 8; 8; 3],0.008182793437299551,0.10565445383085288,tvm
197,197,1,384,384,128,256,4,8,[197; 197; 1; 384; 384; 128; 256; 4; 8],0.010544034063059371,0.08199409886748042,tvm
197,1,1,48,16,16,128,32,1,[197; 1; 1; 48; 16; 16; 128; 32; 1],0.014707153495692182,0.0587842216838087,tvm
197,197,1,768,384,96,96,48,6,[197; 197; 1; 768; 384; 96; 96; 48; 6],0.021114390874572564,0.040945939504687376,tvm
197,1,1,128,128,32,1024,16,2,[197; 1; 1; 128; 128; 32; 1024; 16; 2],0.014835553251032252,0.05827545200368017,tvm
197,197,1,64,32,16,8,2,1,[197; 197; 1; 64; 32; 16; 8; 2; 1],0.002814744343595521,0.3071499453922722,tvm
197,197,1,384,192,32,48,8,2,[197; 197; 1; 384; 192; 32; 48; 8; 2],0.01233820687775733,0.07007084416675928,tvm
1,1,1,192,32,16,192,32,1,[1; 1; 1; 192; 32; 16; 192; 32; 1],0.013765864372544456,0.06280379844166442,tvm
197,197,1,192,192,32,64,8,2,[197; 197; 1; 192; 192; 32; 64; 8; 2],0.012522930002887733,0.06903724377834981,tvm
197,1,1,768,192,48,192,6,3,[197; 1; 1; 768; 192; 48; 192; 6; 3],0.08591286349110305,0.010063086437784747,tvm
1,1,1,384,48,48,96,8,3,[1; 1; 1; 384; 48; 48; 96; 8; 3],0.009640891126764473,0.08967517214549417,tvm
197,1,1,192,32,16,32,2,1,[197; 1; 1; 192; 32; 16; 32; 2; 1],0.025084089502342977,0.03446601365968728,tvm
197,1,1,768,384,96,3072,32,6,[197; 1; 1; 768; 384; 96; 3072; 32; 6],0.09287073151790537,0.00930916077970041,tvm
197,1,1,768,64,32,48,4,2,[197; 1; 1; 768; 64; 32; 48; 4; 2],0.08583442901726812,0.010072281965720794,tvm
1,1,1,768,768,32,1024,1,2,[1; 1; 1; 768; 768; 32; 1024; 1; 2],0.009596055249858182,0.09009416358261885,tvm
1,1,1,48,16,16,6,2,1,[1; 1; 1; 48; 16; 16; 6; 2; 1],0.009732822749356274,0.08882814304675922,tvm
197,197,1,384,32,32,192,2,2,[197; 197; 1; 384; 32; 32; 192; 2; 2],0.014103125504334457,0.06130191291021702,tvm
197,1,1,768,384,64,384,4,4,[197; 1; 1; 768; 384; 64; 384; 4; 4],0.08484745299210772,0.01018944636451243,tvm
1,1,1,768,384,96,1024,64,6,[1; 1; 1; 768; 384; 96; 1024; 64; 6],0.009661743126343936,0.08948163495169655,tvm
197,197,1,384,192,48,32,8,3,[197; 197; 1; 384; 192; 48; 32; 8; 3],0.008080939063802361,0.10698615156018407,tvm
197,197,1,64,64,32,256,16,2,[197; 197; 1; 64; 64; 32; 256; 16; 2],0.004548342718408094,0.19007990931060725,tvm
197,1,1,256,256,128,1536,4,8,[197; 1; 1; 256; 256; 128; 1536; 4; 8],0.05535354549647309,0.015618666585388952,tvm
1,1,1,192,192,48,24,2,3,[1; 1; 1; 192; 192; 48; 24; 2; 3],0.023690989495662507,0.03649271684438754,tvm
197,197,1,768,384,192,24,1,12,[197; 197; 1; 768; 384; 192; 24; 1; 12],0.021526622753299307,0.04016183036867988,tvm
197,197,1,64,64,16,768,24,1,[197; 197; 1; 64; 64; 16; 768; 24; 1],0.009096293375478126,0.09504405099325727,tvm
197,1,1,256,64,16,96,8,1,[197; 1; 1; 256; 64; 16; 96; 8; 1],0.0362268164899433,0.023864878429728245,tvm
197,1,1,768,384,128,384,6,8,[197; 1; 1; 768; 384; 128; 384; 6; 8],0.08952872900408693,0.009656660839998134,tvm
197,197,1,768,768,128,384,6,8,[197; 197; 1; 768; 768; 128; 384; 6; 8],0.045878224991611205,0.018844420672043293,tvm
1,1,1,256,128,128,192,12,8,[1; 1; 1; 256; 128; 128; 192; 12; 8],0.009940745250787586,0.08697019686326585,tvm
197,1,1,384,64,32,96,12,2,[197; 1; 1; 384; 64; 32; 96; 12; 2],0.04260575326043181,0.020291826931070414,tvm
197,1,1,256,16,16,768,6,1,[197; 1; 1; 256; 16; 16; 768; 6; 1],0.038482992255012505,0.0224657315028813,tvm
197,197,1,192,96,48,64,8,3,[197; 197; 1; 192; 96; 48; 64; 8; 3],0.005468400593599654,0.1580989828068667,tvm
197,197,1,768,768,16,64,64,1,[197; 197; 1; 768; 768; 16; 64; 64; 1],0.03907745299511589,0.022123974444716938,tvm
197,197,1,192,96,16,3072,3,1,[197; 197; 1; 192; 96; 16; 3072; 3; 1],0.028481371744419448,0.030354878240651043,tvm
1,1,1,768,16,16,64,8,1,[1; 1; 1; 768; 16; 16; 64; 8; 1],0.009873197439446812,0.08756520638130896,tvm
197,197,1,384,96,96,64,16,6,[197; 197; 1; 384; 96; 96; 64; 16; 6],0.010468761436641216,0.08258365391751175,tvm
197,197,1,192,192,64,192,24,4,[197; 197; 1; 192; 192; 64; 192; 24; 4],0.005230763592408039,0.1652815226984034,tvm
197,197,1,96,96,32,384,16,2,[197; 197; 1; 96; 96; 32; 384; 16; 2],0.00693278550170362,0.12470435890683802,tvm
197,197,1,384,48,16,2,1,1,[197; 197; 1; 384; 48; 16; 2; 1; 1],0.013568131624197122,0.06371905840644658,tvm
1,1,1,768,48,48,256,32,3,[1; 1; 1; 768; 48; 48; 256; 32; 3],0.034569533498142846,0.02500897420195204,tvm
197,1,1,768,64,64,512,64,4,[197; 1; 1; 768; 64; 64; 512; 64; 4],0.08588184099062346,0.010066721456552874,tvm
1,1,1,16,16,16,64,8,1,[1; 1; 1; 16; 16; 16; 64; 8; 1],0.009728818062285427,0.08886470750029399,tvm
1,1,1,384,384,128,48,1,8,[1; 1; 1; 384; 384; 128; 48; 1; 8],0.009564934251102386,0.09038729893296754,tvm
197,1,1,192,192,64,1024,32,4,[197; 1; 1; 192; 192; 64; 1024; 32; 4],0.02162977475381922,0.03997029933360337,tvm
197,1,1,384,128,64,1536,12,4,[197; 1; 1; 384; 128; 64; 1536; 12; 4],0.04266582248965278,0.020263258059498083,tvm
1,1,1,96,96,96,12,3,6,[1; 1; 1; 96; 96; 96; 12; 3; 6],0.017001215994241647,0.05085216091139575,tvm
197,197,1,192,192,48,384,8,3,[197; 197; 1; 192; 192; 48; 384; 8; 3],0.006843288127129199,0.12633525804666867,tvm
1,1,1,256,128,64,2,1,4,[1; 1; 1; 256; 128; 64; 2; 1; 4],0.02552823376026936,0.03386636849017357,tvm
197,1,1,768,768,48,512,32,3,[197; 1; 1; 768; 768; 48; 512; 32; 3],0.08668863397906534,0.009973032585071687,tvm
1,1,1,384,192,16,48,12,1,[1; 1; 1; 384; 192; 16; 48; 12; 1],0.009907333875162294,0.087263494126911,tvm
197,1,1,192,32,32,512,32,2,[197; 1; 1; 192; 32; 32; 512; 32; 2],0.021826778996910434,0.039609535220517314,tvm
197,1,1,192,16,16,12,4,1,[197; 1; 1; 192; 16; 16; 12; 4; 1],0.028636920993449166,0.030189997438144312,tvm
1,1,1,48,48,48,192,64,3,[1; 1; 1; 48; 48; 48; 192; 64; 3],0.01749740137165645,0.049410112568431405,tvm
1,1,1,384,384,48,16,1,3,[1; 1; 1; 384; 384; 48; 16; 1; 3],0.015882340623647906,0.054434581899175966,tvm
197,197,1,128,128,32,12,6,2,[197; 197; 1; 128; 128; 32; 12; 6; 2],0.007147123000322608,0.12096455754148168,tvm
197,197,1,256,16,16,384,8,1,[197; 197; 1; 256; 16; 16; 384; 8; 1],0.017854158249974716,0.0484228132922366,tvm
197,197,1,384,96,48,1536,12,3,[197; 197; 1; 384; 96; 48; 1536; 12; 3],0.04243230549036525,0.020374772509706717,tvm
197,1,1,384,128,64,96,16,4,[197; 1; 1; 384; 128; 64; 96; 16; 4],0.08480579298338853,0.010194451829463068,tvm
1,1,1,192,32,16,768,6,1,[1; 1; 1; 192; 32; 16; 768; 6; 1],0.00975718387417146,0.08860636250969343,tvm
1,1,1,64,64,64,12,3,4,[1; 1; 1; 64; 64; 64; 12; 3; 4],0.009520274623355363,0.09081130593729307,tvm
197,197,1,64,64,32,24,2,2,[197; 197; 1; 64; 64; 32; 24; 2; 2],0.010214788999292068,0.08463694859369963,tvm
197,1,1,384,96,48,256,8,3,[197; 1; 1; 384; 96; 48; 256; 8; 3],0.04351051425328478,0.019869877115122885,tvm
197,197,1,48,48,48,64,4,3,[197; 197; 1; 48; 48; 48; 64; 4; 3],0.008495579877489945,0.10176451565352193,tvm
197,1,1,768,768,192,256,8,12,[197; 1; 1; 768; 768; 192; 256; 8; 12],0.08605231749243103,0.010046778478738997,tvm
1,1,1,768,384,96,6,3,6,[1; 1; 1; 768; 384; 96; 6; 3; 6],0.010765330436697695,0.08030859586821701,tvm
197,197,1,384,128,64,384,6,4,[197; 197; 1; 384; 128; 64; 384; 6; 4],0.010432849874632666,0.0828679202535742,tvm
197,197,1,384,192,96,96,32,6,[197; 197; 1; 384; 192; 96; 96; 32; 6],0.010312483496818459,0.08383514714911267,tvm
1,1,1,384,192,192,96,2,12,[1; 1; 1; 384; 192; 192; 96; 2; 12],0.013612034876132384,0.06351354366160847,tvm
1,1,1,768,16,16,2,1,1,[1; 1; 1; 768; 16; 16; 2; 1; 1],0.018204146130301524,0.04749184967206432,tvm
197,1,1,384,64,16,12,3,1,[197; 1; 1; 384; 64; 16; 12; 3; 1],0.042890725744655356,0.020157004956632224,tvm
197,197,1,384,96,96,32,16,6,[197; 197; 1; 384; 96; 96; 32; 16; 6],0.007202850752946688,0.12002866657689448,tvm
1,1,1,32,32,32,48,16,2,[1; 1; 1; 32; 32; 32; 48; 16; 2],0.017488746001617983,0.0494345661689287,tvm
1,1,1,256,128,16,384,32,1,[1; 1; 1; 256; 128; 16; 384; 32; 1],0.018732053620624356,0.04615343244996302,tvm
197,197,1,384,128,16,64,4,1,[197; 197; 1; 384; 128; 16; 64; 4; 1],0.01999381724453997,0.04324079593478666,tvm
1,1,1,384,128,16,16,4,1,[1; 1; 1; 384; 128; 16; 16; 4; 1],0.009638667688705027,0.08969585832300077,tvm
1,1,1,768,768,64,768,16,4,[1; 1; 1; 768; 768; 64; 768; 16; 4],0.009619990625651553,0.08987000144503948,tvm
1,1,1,768,768,128,256,4,8,[1; 1; 1; 768; 768; 128; 256; 4; 8],0.019203349002054892,0.045020718591119634,tvm
1,1,1,768,128,32,128,8,2,[1; 1; 1; 768; 128; 32; 128; 8; 2],0.01734760624822229,0.04983676474194626,tvm
197,197,1,768,256,32,384,8,2,[197; 197; 1; 768; 256; 32; 384; 8; 2],0.028087138998671435,0.030780941108649974,tvm
197,197,1,768,64,64,96,24,4,[197; 197; 1; 768; 64; 64; 96; 24; 4],0.022196046003955416,0.03895056674844275,tvm
197,1,1,256,64,64,48,12,4,[197; 1; 1; 256; 64; 64; 48; 12; 4],0.02867370301100891,0.030151270350280143,tvm
197,197,1,96,96,16,128,8,1,[197; 197; 1; 96; 96; 16; 128; 8; 1],0.005794404436528566,0.14920404346965524,tvm
1,1,1,192,64,16,16,4,1,[1; 1; 1; 192; 64; 16; 16; 4; 1],0.009540732437017141,0.09061658286047354,tvm
1,1,1,96,48,48,1536,6,3,[1; 1; 1; 96; 48; 48; 1536; 6; 3],0.009500368560111383,0.09100158230265915,tvm
1,1,1,768,384,64,3072,32,4,[1; 1; 1; 768; 384; 64; 3072; 32; 4],0.027020350491511635,0.03199620122248847,tvm
197,197,1,192,192,96,256,1,6,[197; 197; 1; 192; 192; 96; 256; 1; 6],0.006494994562672218,0.13310997616491807,tvm
197,1,1,48,48,16,8,4,1,[197; 1; 1; 48; 48; 16; 8; 4; 1],0.043462617497425526,0.019891774154646397,tvm
1,1,1,256,32,16,192,6,1,[1; 1; 1; 256; 32; 16; 192; 6; 1],0.03133249274105765,0.027592715925077973,tvm
1,1,1,256,32,32,3072,6,2,[1; 1; 1; 256; 32; 32; 3072; 6; 2],0.026622625257004984,0.0324742042936239,tvm
1,1,1,768,96,48,16,4,3,[1; 1; 1; 768; 96; 48; 16; 4; 3],0.04167574724124279,0.020744644755235592,tvm
197,197,1,384,384,64,1024,1,4,[197; 197; 1; 384; 384; 64; 1024; 1; 4],0.032937191499513574,0.026248399820043528,tvm
197,197,1,768,768,192,1536,6,12,[197; 197; 1; 768; 768; 192; 1536; 6; 12],0.09517612200579606,0.009083670916702426,tvm
197,197,1,768,32,32,3072,8,2,[197; 197; 1; 768; 32; 32; 3072; 8; 2],0.08703513449290767,0.009933328379001032,tvm
197,1,1,64,32,16,256,16,1,[197; 1; 1; 64; 32; 16; 256; 16; 1],0.019135967748297844,0.04517924480226371,tvm
197,1,1,384,48,16,96,16,1,[197; 1; 1; 384; 48; 16; 96; 16; 1],0.0560488004994113,0.015424925488595462,tvm
1,1,1,128,64,16,48,48,1,[1; 1; 1; 128; 64; 16; 48; 48; 1],0.010400901999673806,0.08312246105728958,tvm
197,1,1,384,32,32,192,6,2,[197; 1; 1; 384; 32; 32; 192; 6; 2],0.08526849848567508,0.01013913211540618,tvm
197,1,1,768,768,128,384,4,8,[197; 1; 1; 768; 768; 128; 384; 4; 8],0.0850341645127628,0.01016707315679936,tvm
197,197,1,32,32,32,4,2,2,[197; 197; 1; 32; 32; 32; 4; 2; 2],0.001710094687041419,0.5055559659823864,tvm
197,197,1,192,48,48,1024,4,3,[197; 197; 1; 192; 48; 48; 1024; 4; 3],0.008540723123587668,0.10122662436402736,tvm
197,1,1,768,384,64,128,32,4,[197; 1; 1; 768; 384; 64; 128; 32; 4],0.0863272670248989,0.010014779816662265,tvm
1,1,1,768,384,16,384,24,1,[1; 1; 1; 768; 384; 16; 384; 24; 1],0.009856570497504435,0.08771291917888323,tvm
1,1,1,768,384,96,96,48,6,[1; 1; 1; 768; 384; 96; 96; 48; 6],0.00945305693676346,0.09145703630180141,tvm
197,1,1,768,384,48,1024,1,3,[197; 1; 1; 768; 384; 48; 1024; 1; 3],0.08674985051038675,0.009965994942262834,tvm
197,197,1,256,256,16,3072,8,1,[197; 197; 1; 256; 256; 16; 3072; 8; 1],0.03848962525080424,0.02246185993745176,tvm
197,197,1,192,96,96,8,4,6,[197; 197; 1; 192; 96; 96; 8; 4; 6],0.0037668050626962213,0.2295177363942855,tvm
197,197,1,256,32,16,384,1,1,[197; 197; 1; 256; 32; 16; 384; 1; 1],0.0179635056265397,0.04812805414502542,tvm
197,197,1,768,192,16,3072,64,1,[197; 197; 1; 768; 192; 16; 3072; 64; 1],0.11393812298774719,0.007587877953031965,tvm
197,1,1,768,384,192,384,8,12,[197; 1; 1; 768; 384; 192; 384; 8; 12],0.09032828250201419,0.009571183548290018,tvm
1,1,1,64,64,32,3072,24,2,[1; 1; 1; 64; 64; 32; 3072; 24; 2],0.009499776249867864,0.09100725624359803,tvm
1,1,1,384,48,48,3072,3,3,[1; 1; 1; 384; 48; 48; 3072; 3; 3],0.009647356124332873,0.08961507798473191,tvm
197,197,1,128,128,64,4,1,4,[197; 197; 1; 128; 128; 64; 4; 1; 4],0.007070254312566249,0.122279699316045,tvm
197,1,1,256,128,64,128,64,4,[197; 1; 1; 256; 128; 64; 128; 64; 4],0.05640651649446227,0.015327104475835674,tvm
197,1,1,256,64,32,6,2,2,[197; 1; 1; 256; 64; 32; 6; 2; 2],0.02845102275023237,0.030387258096776514,tvm
197,197,1,96,96,96,3,1,6,[197; 197; 1; 96; 96; 96; 3; 1; 6],0.0040271148427564185,0.21468187652597914,tvm
197,1,1,384,96,48,24,2,3,[197; 1; 1; 384; 96; 48; 24; 2; 3],0.07059001000015996,0.01224746350689867,tvm
197,197,1,768,768,128,3072,8,8,[197; 197; 1; 768; 768; 128; 3072; 8; 8],0.09394597201026045,0.009202614576537123,tvm
1,1,1,384,192,32,384,6,2,[1; 1; 1; 384; 192; 32; 384; 6; 2],0.00963840412805439,0.08969831104219214,tvm
197,197,1,192,64,64,192,8,4,[197; 197; 1; 192; 64; 64; 192; 8; 4],0.005497926469615777,0.15724993344427002,tvm
197,197,1,768,192,96,256,1,6,[197; 197; 1; 768; 192; 96; 256; 1; 6],0.02857425824913662,0.030256203464343434,tvm
1,1,1,384,384,16,2,1,1,[1; 1; 1; 384; 384; 16; 2; 1; 1],0.010323051312298048,0.08374932423309939,tvm
197,1,1,768,384,16,64,16,1,[197; 1; 1; 768; 384; 16; 64; 16; 1],0.09963969097589143,0.00867674882329528,tvm
197,197,1,48,16,16,48,48,1,[197; 197; 1; 48; 16; 16; 48; 48; 1],0.004426270717885927,0.19532211799315713,tvm
1,1,1,32,32,32,32,8,2,[1; 1; 1; 32; 32; 32; 32; 8; 2],0.009490946373261977,0.09109192460134316,tvm
197,1,1,384,384,48,384,12,3,[197; 1; 1; 384; 384; 48; 384; 12; 3],0.043392797000706196,0.019923780700619537,tvm
1,1,1,32,32,32,48,48,2,[1; 1; 1; 32; 32; 32; 48; 48; 2],0.01860540400230093,0.04646760539688645,tvm
197,197,1,384,96,32,3072,24,2,[197; 197; 1; 384; 96; 32; 3072; 24; 2],0.043190168755245395,0.020017253841444482,tvm
1,1,1,384,96,16,3072,2,1,[1; 1; 1; 384; 96; 16; 3072; 2; 1],0.026454010992893018,0.03268119045013008,tvm
1,1,1,384,64,16,256,2,1,[1; 1; 1; 384; 64; 16; 256; 2; 1],0.028969936262001283,0.029842957319949834,tvm
197,1,1,384,128,128,12,4,8,[197; 1; 1; 384; 128; 128; 12; 4; 8],0.03902544925222173,0.022153455962569152,tvm
197,197,1,768,64,64,1536,1,4,[197; 197; 1; 768; 64; 64; 1536; 1; 4],0.08617569849593565,0.010032394126394537,tvm
197,1,1,256,16,16,256,1,1,[197; 1; 1; 256; 16; 16; 256; 1; 1],0.038010214499081485,0.02274516423603616,tvm
197,1,1,384,384,96,96,24,6,[197; 1; 1; 384; 384; 96; 96; 24; 6],0.03743321973888669,0.023095757657481272,tvm
197,1,1,384,384,48,48,6,3,[197; 1; 1; 384; 384; 48; 48; 6; 3],0.04124695326026995,0.020960301382098086,tvm
197,1,1,96,48,48,3,1,3,[197; 1; 1; 96; 48; 48; 3; 1; 3],0.01124454005912412,0.07688607687666635,tvm
197,1,1,128,64,64,1024,8,4,[197; 1; 1; 128; 64; 64; 1024; 8; 4],0.02851858273788821,0.030315271252241437,tvm
197,1,1,192,96,96,16,4,6,[197; 1; 1; 192; 96; 96; 16; 4; 6],0.03871344399522059,0.022331998453439205,tvm
197,197,1,96,32,16,1536,12,1,[197; 197; 1; 96; 32; 16; 1536; 12; 1],0.013947211496997625,0.061987198775517255,tvm
1,1,1,48,48,48,96,1,3,[1; 1; 1; 48; 48; 48; 96; 1; 3],0.009619766249670647,0.08987209761548738,tvm
1,1,1,384,128,128,384,6,8,[1; 1; 1; 384; 128; 128; 384; 6; 8],0.017247681244043633,0.05012549566493973,tvm
197,197,1,128,16,16,1536,32,1,[197; 197; 1; 128; 16; 16; 1536; 32; 1],0.03671362949535251,0.023548436461124405,tvm
1,1,1,192,32,16,1024,1,1,[1; 1; 1; 192; 32; 16; 1024; 1; 1],0.01881702487298753,0.04594501932500816,tvm
197,1,1,384,128,64,512,16,4,[197; 1; 1; 384; 128; 64; 512; 16; 4],0.04321408274699934,0.020006176608911203,tvm
197,1,1,192,192,64,6,6,4,[197; 1; 1; 192; 192; 64; 6; 6; 4],0.01799333799863234,0.04804825938879628,tvm
197,197,1,384,192,96,512,64,6,[197; 197; 1; 384; 192; 96; 512; 64; 6],0.01016424949921202,0.08505778724691826,tvm
1,1,1,768,768,16,1536,4,1,[1; 1; 1; 768; 768; 16; 1536; 4; 1],0.017515565748908557,0.04935887220670813,tvm
197,197,1,768,128,32,256,2,2,[197; 197; 1; 768; 128; 32; 256; 2; 2],0.027829763246700168,0.03106561000051205,tvm
197,197,1,768,768,64,1536,16,4,[197; 197; 1; 768; 768; 64; 1536; 16; 4],0.08638312152470462,0.010008304355861,tvm
197,1,1,384,384,48,512,2,3,[197; 1; 1; 384; 384; 48; 512; 2; 3],0.042948585250996985,0.020129849828022035,tvm
197,1,1,384,32,32,3072,1,2,[197; 1; 1; 384; 32; 32; 3072; 1; 2],0.04236771626165137,0.020405833679808395,tvm
197,197,1,384,96,48,6,6,3,[197; 197; 1; 384; 96; 48; 6; 6; 3],0.00789433425234165,0.10951507040281774,tvm
197,1,1,64,16,16,64,1,1,[197; 1; 1; 64; 16; 16; 64; 1; 1],0.01921816474350635,0.04498601104565381,tvm
197,1,1,768,768,32,96,2,2,[197; 1; 1; 768; 768; 32; 96; 2; 2],0.08470819151261821,0.010206197960203027,tvm
197,1,1,64,32,16,4,1,1,[197; 1; 1; 64; 32; 16; 4; 1; 1],0.014527059123793151,0.059512979472395075,tvm
197,197,1,768,384,128,256,1,8,[197; 197; 1; 768; 384; 128; 256; 1; 8],0.02240693150088191,0.03858397886361833,tvm
197,1,1,384,192,64,384,48,4,[197; 1; 1; 384; 192; 64; 384; 48; 4],0.0428311025025323,0.020185064612274612,tvm
197,1,1,128,32,32,384,3,2,[197; 1; 1; 128; 32; 32; 384; 3; 2],0.014018917368957773,0.06167013819076713,tvm
1,1,1,384,384,192,384,4,12,[1; 1; 1; 384; 384; 192; 384; 4; 12],0.016641205373161938,0.05195228062162311,tvm
1,1,1,384,128,64,1536,8,4,[1; 1; 1; 384; 128; 64; 1536; 8; 4],0.018029766128165647,0.04795118058009612,tvm
1,1,1,384,384,48,768,6,3,[1; 1; 1; 384; 384; 48; 768; 6; 3],0.017514442624815274,0.04936203737386646,tvm
197,197,1,192,192,48,1024,16,3,[197; 197; 1; 192; 192; 48; 1024; 16; 3],0.006298593685642118,0.13726057189549193,tvm
1,1,1,256,64,16,1536,1,1,[1; 1; 1; 256; 64; 16; 1536; 1; 1],0.031001749259303324,0.0278870899895795,tvm
197,197,1,768,192,16,128,2,1,[197; 197; 1; 768; 192; 16; 128; 2; 1],0.04699915525270626,0.018394981075299004,tvm
1,1,1,384,64,32,3072,4,2,[1; 1; 1; 384; 64; 32; 3072; 4; 2],0.009595763938705204,0.09009689868894674,tvm
197,197,1,384,384,96,16,2,6,[197; 197; 1; 384; 384; 96; 16; 2; 6],0.009479711810854496,0.09119987913964248,tvm
1,1,1,64,32,16,48,4,1,[1; 1; 1; 64; 32; 16; 48; 4; 1],0.009979836624552263,0.08662953151974656,tvm
197,197,1,768,96,32,16,2,2,[197; 197; 1; 768; 96; 32; 16; 2; 2],0.01807826700678561,0.04782253581629624,tvm
1,1,1,384,384,48,48,6,3,[1; 1; 1; 384; 384; 48; 48; 6; 3],0.009677133875811705,0.08933932117954234,tvm
1,1,1,384,64,16,384,2,1,[1; 1; 1; 384; 64; 16; 384; 2; 1],0.009883464314043522,0.08747424424856018,tvm
197,197,1,256,256,32,6,2,2,[197; 197; 1; 256; 256; 32; 6; 2; 2],0.004782602187333396,0.180769492749848,tvm
197,197,1,768,768,32,96,1,2,[197; 197; 1; 768; 768; 32; 96; 1; 2],0.030580292499507777,0.028271429105607385,tvm
197,1,1,96,32,16,1536,6,1,[197; 1; 1; 96; 32; 16; 1536; 6; 1],0.014624210249166936,0.059117624589527504,tvm
197,1,1,768,96,32,768,48,2,[197; 1; 1; 768; 96; 32; 768; 48; 2],0.0866347270202823,0.009979238131911808,tvm
1,1,1,384,96,16,384,32,1,[1; 1; 1; 384; 96; 16; 384; 32; 1],0.009914816626405809,0.08719763602344871,tvm
1,1,1,768,48,16,384,1,1,[1; 1; 1; 768; 48; 16; 384; 1; 1],0.009853598810877884,0.08773937198195574,tvm
1,1,1,64,32,32,192,6,2,[1; 1; 1; 64; 32; 32; 192; 6; 2],0.025715628507896326,0.033619577727338076,tvm
1,1,1,16,16,16,768,8,1,[1; 1; 1; 16; 16; 16; 768; 8; 1],0.018731363248662092,0.046155133502646835,tvm
197,197,1,192,48,16,256,32,1,[197; 197; 1; 192; 48; 16; 256; 32; 1],0.012752362999890465,0.06779516638884867,tvm
1,1,1,192,48,16,48,12,1,[1; 1; 1; 192; 48; 16; 48; 12; 1],0.010012101811298635,0.08635035756956948,tvm
1,1,1,192,64,16,192,64,1,[1; 1; 1; 192; 64; 16; 192; 64; 1],0.009767997875314904,0.08850826776011146,tvm
197,1,1,768,192,64,512,4,4,[197; 1; 1; 768; 192; 64; 512; 4; 4],0.08466130148735829,0.010211850706756105,tvm
1,1,1,384,64,16,3072,48,1,[1; 1; 1; 384; 64; 16; 3072; 48; 1],0.009885282561299391,0.08745815469284159,tvm
1,1,1,128,128,16,12,3,1,[1; 1; 1; 128; 128; 16; 12; 3; 1],0.00964838625077391,0.08960551007783553,tvm
1,1,1,128,128,32,768,64,2,[1; 1; 1; 128; 128; 32; 768; 64; 2],0.017319390499324072,0.04991795591549901,tvm
1,1,1,768,192,96,128,64,6,[1; 1; 1; 768; 192; 96; 128; 64; 6],0.027817276743007824,0.031079554602550557,tvm
1,1,1,192,96,16,32,32,1,[1; 1; 1; 192; 96; 16; 32; 32; 1],0.019624852378910873,0.04405376176778923,tvm
197,1,1,768,768,64,8,8,4,[197; 1; 1; 768; 768; 64; 8; 8; 4],0.0854605780041311,0.010116343600985005,tvm
197,197,1,768,768,64,192,24,4,[197; 197; 1; 768; 768; 64; 192; 24; 4],0.01984788187110098,0.04355873221350516,tvm
1,1,1,384,96,48,4,4,3,[1; 1; 1; 384; 96; 48; 4; 4; 3],0.009914495560224168,0.08720045978910336,tvm
197,197,1,768,384,96,192,8,6,[197; 197; 1; 768; 384; 96; 192; 8; 6],0.020304428246163297,0.042579311318058685,tvm
197,197,1,768,768,48,768,32,3,[197; 197; 1; 768; 768; 48; 768; 32; 3],0.08665867199306376,0.00997648073233537,tvm
197,197,1,768,256,128,3072,6,8,[197; 197; 1; 768; 256; 128; 3072; 6; 8],0.09210627150605433,0.009386424586427243,tvm
1,1,1,256,256,32,384,24,2,[1; 1; 1; 256; 256; 32; 384; 24; 2],0.009490120002737967,0.09109985660657009,tvm
197,197,1,96,48,48,48,1,3,[197; 197; 1; 96; 48; 48; 48; 1; 3],0.0033879858747241087,0.25518068947054673,tvm
197,1,1,768,192,192,256,8,12,[197; 1; 1; 768; 192; 192; 256; 8; 12],0.09714346949476749,0.008899708605477995,tvm
197,197,1,192,192,48,24,6,3,[197; 197; 1; 192; 192; 48; 24; 6; 3],0.004329619436248322,0.19968234718054464,tvm
1,1,1,384,384,16,1536,64,1,[1; 1; 1; 384; 384; 16; 1536; 64; 1],0.009872621125396108,0.08757031799839114,tvm
197,1,1,96,32,16,16,1,1,[197; 1; 1; 96; 32; 16; 16; 1; 1],0.02134789587580599,0.040498069526766906,tvm
197,197,1,192,192,48,1536,8,3,[197; 197; 1; 192; 192; 48; 1536; 8; 3],0.04039022175129503,0.02140489786741147,tvm
197,1,1,384,128,32,1536,2,2,[197; 1; 1; 384; 128; 32; 1536; 2; 2],0.04292762324621435,0.020139679442998586,tvm
197,197,1,384,48,48,1024,1,3,[197; 197; 1; 384; 48; 48; 1024; 1; 3],0.012102267999580363,0.07143690517005151,tvm
1,1,1,384,96,32,256,2,2,[1; 1; 1; 384; 96; 32; 256; 2; 2],0.018892776126449462,0.04576080114654102,tvm
197,1,1,32,32,32,3072,16,2,[197; 1; 1; 32; 32; 32; 3072; 16; 2],0.011274365875578951,0.07668267829601333,tvm
1,1,1,768,768,128,768,8,8,[1; 1; 1; 768; 768; 128; 768; 8; 8],0.009503936376859201,0.09096741993492613,tvm
1,1,1,768,384,96,24,24,6,[1; 1; 1; 768; 384; 96; 24; 24; 6],0.020483180371229537,0.042207731209695704,tvm
1,1,1,768,256,16,256,4,1,[1; 1; 1; 768; 256; 16; 256; 4; 1],0.018347425495448988,0.04712097463717836,tvm
197,1,1,256,128,32,6,6,2,[197; 1; 1; 256; 128; 32; 6; 6; 2],0.025946413006749935,0.0333205430439907,tvm
197,1,1,96,48,16,12,4,1,[197; 1; 1; 96; 48; 16; 12; 4; 1],0.025922308501321822,0.033351526982424676,tvm
197,1,1,192,192,64,1536,12,4,[197; 1; 1; 192; 192; 64; 1536; 12; 4],0.04231925500789657,0.020429201111107714,tvm
197,197,1,384,384,48,768,6,3,[197; 197; 1; 384; 384; 48; 768; 6; 3],0.06250033201649785,0.013832703659883943,tvm
197,197,1,384,384,32,768,8,2,[197; 197; 1; 384; 384; 32; 768; 8; 2],0.03223323174461257,0.026821653450032085,tvm
197,197,1,32,16,16,768,8,1,[197; 197; 1; 32; 16; 16; 768; 8; 1],0.013674924746737815,0.06322145002185928,tvm
197,197,1,96,96,16,32,4,1,[197; 197; 1; 96; 96; 16; 32; 4; 1],0.0033127899678220274,0.26097295024017575,tvm
197,197,1,48,48,16,384,3,1,[197; 197; 1; 48; 48; 16; 384; 3; 1],0.013278018996061292,0.06511126182942091,tvm
197,197,1,256,256,16,512,8,1,[197; 197; 1; 256; 256; 16; 512; 8; 1],0.03612632100703195,0.023931265274985736,tvm
197,197,1,64,64,64,512,32,4,[197; 197; 1; 64; 64; 64; 512; 32; 4],0.006689445315714693,0.12924069644423186,tvm
197,1,1,768,256,32,512,8,2,[197; 1; 1; 768; 256; 32; 512; 8; 2],0.08575611299602315,0.010081480389259993,tvm
197,1,1,192,96,32,192,48,2,[197; 1; 1; 192; 96; 32; 192; 48; 2],0.021207123128988314,0.04076689545159512,tvm
197,197,1,384,32,32,24,24,2,[197; 197; 1; 384; 32; 32; 24; 24; 2],0.008621162185590947,0.10028213746790914,tvm
1,1,1,768,384,128,2,2,8,[1; 1; 1; 768; 384; 128; 2; 2; 8],0.010886869626119733,0.07941204415219137,tvm
1,1,1,384,384,32,384,16,2,[1; 1; 1; 384; 384; 32; 384; 16; 2],0.01758394087664783,0.049166940306124784,tvm
197,1,1,384,16,16,3072,6,1,[197; 1; 1; 384; 16; 16; 3072; 6; 1],0.11477410397492349,0.007532610070451632,tvm
1,1,1,768,96,96,96,32,6,[1; 1; 1; 768; 96; 96; 96; 32; 6],0.01817815274989698,0.04755975941688965,tvm
197,1,1,192,192,48,384,4,3,[197; 1; 1; 192; 192; 48; 384; 4; 3],0.021742893004557118,0.03976235228896954,tvm
197,197,1,32,16,16,1536,3,1,[197; 197; 1; 32; 16; 16; 1536; 3; 1],0.04032351225032471,0.021440309218639788,tvm
197,197,1,192,96,96,64,8,6,[197; 197; 1; 192; 96; 96; 64; 8; 6],0.005275280280329753,0.16388675586627394,tvm
197,1,1,384,384,128,128,2,8,[197; 1; 1; 384; 384; 128; 128; 2; 8],0.03764388100535143,0.022966510049951216,tvm
197,197,1,256,64,64,12,1,4,[197; 197; 1; 256; 64; 64; 12; 1; 4],0.004024909969302826,0.2147994807392733,tvm
197,197,1,768,128,128,768,6,8,[197; 197; 1; 768; 128; 128; 768; 6; 8],0.019894167002348695,0.0434573898633958,tvm
197,1,1,768,192,64,384,2,4,[197; 1; 1; 768; 192; 64; 384; 2; 4],0.08517213852610439,0.010150603077361925,tvm
197,1,1,768,256,64,192,8,4,[197; 1; 1; 768; 256; 64; 192; 8; 4],0.08501505097956397,0.010169358971935367,tvm
197,197,1,768,768,128,384,2,8,[197; 197; 1; 768; 768; 128; 384; 2; 8],0.04551539175736252,0.018994641989184304,tvm
197,1,1,192,96,16,3072,32,1,[197; 1; 1; 192; 96; 16; 3072; 32; 1],0.02847257599933073,0.03036425546634394,tvm
197,1,1,384,128,64,192,8,4,[197; 1; 1; 384; 128; 64; 192; 8; 4],0.042569403754896484,0.020309153879777515,tvm
1,1,1,64,64,32,2,1,2,[1; 1; 1; 64; 64; 32; 2; 1; 2],0.009510325497103622,0.09090630722280435,tvm
1,1,1,384,96,16,192,6,1,[1; 1; 1; 384; 96; 16; 192; 6; 1],0.013704094002605416,0.06308688274206262,tvm
197,197,1,256,128,16,1536,48,1,[197; 197; 1; 256; 128; 16; 1536; 48; 1],0.03696169574686792,0.023390392512005677,tvm
197,197,1,96,48,16,1536,2,1,[197; 197; 1; 96; 48; 16; 1536; 2; 1],0.02719331774278544,0.03179268449720305,tvm
197,197,1,768,768,32,192,32,2,[197; 197; 1; 768; 768; 32; 192; 32; 2],0.02746150099847,0.03148220381241139,tvm
197,1,1,256,64,64,4,4,4,[197; 1; 1; 256; 64; 64; 4; 4; 4],0.02871626075648237,0.030106585908243968,tvm
197,197,1,768,768,32,64,1,2,[197; 197; 1; 768; 768; 32; 64; 1; 2],0.025277229739003815,0.034202663043194845,tvm
1,1,1,768,768,96,384,6,6,[1; 1; 1; 768; 768; 96; 384; 6; 6],0.009349618372652913,0.09246886204011551,tvm
197,197,1,16,16,16,512,2,1,[197; 197; 1; 16; 16; 16; 512; 2; 1],0.006813224626966985,0.1268927150892189,tvm
1,1,1,192,16,16,24,24,1,[1; 1; 1; 192; 16; 16; 24; 24; 1],0.018339730624575168,0.04714074536460637,tvm
1,1,1,192,96,48,512,64,3,[1; 1; 1; 192; 96; 48; 512; 64; 3],0.018234606126497965,0.04741251691596651,tvm
197,1,1,768,96,48,64,4,3,[197; 1; 1; 768; 96; 48; 64; 4; 3],0.08562152300146408,0.010097327647556421,tvm
197,197,1,256,128,128,768,12,8,[197; 197; 1; 256; 128; 128; 768; 12; 8],0.006520617374917492,0.13258691956902482,tvm
197,197,1,192,48,48,24,8,3,[197; 197; 1; 192; 48; 48; 24; 8; 3],0.004124558812691248,0.20960995119486708,tvm
197,1,1,384,384,128,192,12,8,[197; 1; 1; 384; 384; 128; 192; 12; 8],0.03610274300444871,0.023946894321078,tvm
197,1,1,768,32,16,6,3,1,[197; 1; 1; 768; 32; 16; 6; 3; 1],0.08805125649087131,0.009818696585189596,tvm
1,1,1,384,64,64,768,6,4,[1; 1; 1; 384; 64; 64; 768; 6; 4],0.009258087127818726,0.0933830670950129,tvm
197,197,1,96,96,96,512,2,6,[197; 197; 1; 96; 96; 96; 512; 2; 6],0.0025876043746393407,0.33411157435883987,tvm
197,1,1,384,128,16,384,8,1,[197; 1; 1; 384; 128; 16; 384; 8; 1],0.05671471651294269,0.015243813679845786,tvm
1,1,1,384,64,16,192,48,1,[1; 1; 1; 384; 64; 16; 192; 48; 1],0.028101015253923833,0.030765741508497695,tvm
197,197,1,128,64,64,1536,8,4,[197; 197; 1; 128; 64; 64; 1536; 8; 4],0.04259261398692615,0.02029808669864558,tvm
197,197,1,192,192,48,12,1,3,[197; 197; 1; 192; 192; 48; 12; 1; 3],0.013378164621826727,0.06462385505542698,tvm
1,1,1,768,768,32,1536,4,2,[1; 1; 1; 768; 768; 32; 1536; 4; 2],0.03240798300248571,0.026677024959012724,tvm
197,197,1,768,192,96,1024,2,6,[197; 197; 1; 768; 192; 96; 1024; 2; 6],0.023797607253072783,0.03632922260774513,tvm
197,197,1,768,384,96,768,48,6,[197; 197; 1; 768; 384; 96; 768; 48; 6],0.06331647851038724,0.01365440074635136,tvm
197,197,1,384,128,32,768,64,2,[197; 197; 1; 384; 128; 32; 768; 64; 2],0.013920078250521328,0.06210802524735755,tvm
197,1,1,384,48,16,64,4,1,[197; 1; 1; 384; 48; 16; 64; 4; 1],0.054945321986451745,0.015734707526907372,tvm
197,197,1,32,16,16,48,48,1,[197; 197; 1; 32; 16; 16; 48; 48; 1],0.004396744812765974,0.1966337843666409,tvm
197,1,1,256,256,32,32,1,2,[197; 1; 1; 256; 256; 32; 32; 1; 2],0.025364120752783492,0.034085493435986526,tvm
197,1,1,128,128,64,12,2,4,[197; 1; 1; 128; 128; 64; 12; 2; 4],0.02392967137711821,0.03612872729440243,tvm
197,1,1,384,96,48,128,8,3,[197; 1; 1; 384; 96; 48; 128; 8; 3],0.044030706252669916,0.019635128413961048,tvm
197,1,1,768,192,64,48,3,4,[197; 1; 1; 768; 192; 64; 48; 3; 4],0.08464872901095077,0.010213367424769332,tvm
197,1,1,192,192,16,8,8,1,[197; 1; 1; 192; 192; 16; 8; 8; 1],0.015631000002031215,0.05530986957432187,tvm
197,1,1,768,768,16,512,16,1,[197; 1; 1; 768; 768; 16; 512; 16; 1],0.11384602601174265,0.007594016249099441,tvm
197,197,1,96,96,16,16,4,1,[197; 197; 1; 96; 96; 16; 16; 4; 1],0.0023998674214453786,0.36024847193761894,tvm
197,1,1,48,16,16,512,64,1,[197; 1; 1; 48; 16; 16; 512; 64; 1],0.01467500199942151,0.05891301217285367,tvm
197,1,1,256,64,32,1536,48,2,[197; 1; 1; 256; 64; 32; 1536; 48; 2],0.02883752550405916,0.029979984631721534,tvm
197,197,1,768,64,16,2,1,1,[197; 197; 1; 768; 64; 16; 2; 1; 1],0.027227374259382486,0.031752917603894544,tvm
197,1,1,384,96,32,32,16,2,[197; 1; 1; 384; 96; 32; 32; 16; 2],0.042196997499559075,0.02048839070688869,tvm
197,1,1,384,128,32,192,48,2,[197; 1; 1; 384; 128; 32; 192; 48; 2],0.042671997245633975,0.02026032591003292,tvm
197,1,1,384,96,16,768,12,1,[197; 1; 1; 384; 96; 16; 768; 12; 1],0.05739789051585831,0.015062375353144862,tvm
197,197,1,96,32,32,2,1,2,[197; 197; 1; 96; 32; 32; 2; 1; 2],0.0029181559993958217,0.2962653715591519,tvm
197,1,1,768,64,16,24,2,1,[197; 1; 1; 768; 64; 16; 24; 2; 1],0.08718891302123666,0.009915808575546673,tvm
1,1,1,768,96,16,32,16,1,[1; 1; 1; 768; 96; 16; 32; 16; 1],0.010106905749125872,0.08554038128863967,tvm
1,1,1,768,384,48,96,32,3,[1; 1; 1; 768; 384; 48; 96; 32; 3],0.009630247062887065,0.08977428780206052,tvm
197,197,1,768,256,32,48,24,2,[197; 197; 1; 768; 256; 32; 48; 24; 2],0.024720218374568503,0.034973338759741526,tvm
197,1,1,48,48,48,192,12,3,[197; 1; 1; 48; 48; 48; 192; 12; 3],0.011391186249966267,0.07589627212276785,tvm
197,1,1,96,32,32,256,2,2,[197; 1; 1; 96; 32; 32; 256; 2; 2],0.02154380212596152,0.04012980468228218,tvm
197,1,1,384,128,128,2,2,8,[197; 1; 1; 384; 128; 128; 2; 2; 8],0.038242172755417414,0.02260720322974062,tvm
197,197,1,384,96,48,512,2,3,[197; 197; 1; 384; 96; 48; 512; 2; 3],0.011572511626582127,0.07470708168853321,tvm
197,1,1,96,96,16,1536,16,1,[197; 1; 1; 96; 96; 16; 1536; 16; 1],0.02829723700415343,0.0305524023883206,tvm
1,1,1,256,32,16,3072,16,1,[1; 1; 1; 256; 32; 16; 3072; 16; 1],0.018683032256376464,0.04627453186211267,tvm
197,197,1,64,64,32,6,1,2,[197; 197; 1; 64; 64; 32; 6; 1; 2],0.002368607390053512,0.3650029021521542,tvm
197,1,1,384,192,192,1024,32,12,[197; 1; 1; 384; 192; 192; 1024; 32; 12],0.03647273776005022,0.023703966977097608,tvm
1,1,1,768,96,48,48,24,3,[1; 1; 1; 768; 96; 48; 48; 24; 3],0.027613552258117124,0.03130885021047712,tvm
197,1,1,768,768,64,128,16,4,[197; 1; 1; 768; 768; 64; 128; 16; 4],0.08622829499654472,0.010026274687017932,tvm
1,1,1,128,128,32,96,1,2,[1; 1; 1; 128; 128; 32; 96; 1; 2],0.009643354125728365,0.08965226830382232,tvm
197,197,1,96,32,16,48,2,1,[197; 197; 1; 96; 32; 16; 48; 2; 1],0.004970068843249464,0.1739510253671504,tvm
197,197,1,384,384,32,128,16,2,[197; 197; 1; 384; 384; 32; 128; 16; 2],0.026571142007014714,0.03253712509610361,tvm
1,1,1,192,32,32,3072,6,2,[1; 1; 1; 192; 32; 32; 3072; 6; 2],0.03406733825977426,0.025377637807688827,tvm
1,1,1,256,16,16,3072,1,1,[1; 1; 1; 256; 16; 16; 3072; 1; 1],0.01819721100036986,0.04750994926700577,tvm
197,197,1,768,64,32,512,4,2,[197; 197; 1; 768; 64; 32; 512; 4; 2],0.02819936550804414,0.030658440566045737,tvm
197,197,1,128,64,16,64,4,1,[197; 197; 1; 128; 64; 16; 64; 4; 1],0.020028065504448023,0.0431668535953492,tvm
197,1,1,384,64,16,1,1,1,[197; 1; 1; 384; 64; 16; 1; 1; 1],0.04251146625028923,0.020336832569793788,tvm
197,1,1,192,96,16,512,2,1,[197; 1; 1; 192; 96; 16; 512; 2; 1],0.02835186150332447,0.030493538187155594,tvm
1,1,1,768,96,96,32,16,6,[1; 1; 1; 768; 96; 96; 32; 16; 6],0.01489581312489463,0.05803970311521259,tvm
197,1,1,96,96,16,96,4,1,[197; 1; 1; 96; 96; 16; 96; 4; 1],0.013787392374069896,0.06270573491870281,tvm
197,1,1,768,96,16,768,64,1,[197; 1; 1; 768; 96; 16; 768; 64; 1],0.11296725500142202,0.0076530900163741125,tvm
1,1,1,256,64,32,48,48,2,[1; 1; 1; 256; 64; 32; 48; 48; 2],0.009802828939427854,0.08819378332220812,tvm
197,1,1,256,256,64,3072,48,4,[197; 1; 1; 256; 256; 64; 3072; 48; 4],0.05730752050294541,0.015086127681691212,tvm
197,1,1,768,128,64,1024,4,4,[197; 1; 1; 768; 128; 64; 1024; 4; 4],0.08648472302593291,0.009996546686856265,tvm
1,1,1,768,384,96,512,32,6,[1; 1; 1; 768; 384; 96; 512; 32; 6],0.009484530000918312,0.09115354913157152,tvm
197,197,1,384,192,32,1536,8,2,[197; 197; 1; 384; 192; 32; 1536; 8; 2],0.040722044243011624,0.021230480627871178,tvm
197,197,1,64,64,64,256,64,4,[197; 197; 1; 64; 64; 64; 256; 64; 4],0.0033850168128992664,0.25540451324615004,tvm
197,1,1,768,768,96,192,3,6,[197; 1; 1; 768; 768; 96; 192; 3; 6],0.08622882649069652,0.010026212887425182,tvm
197,1,1,192,48,16,192,32,1,[197; 1; 1; 192; 48; 16; 192; 32; 1],0.028424456249922514,0.03041565910098731,tvm
197,1,1,384,96,16,256,8,1,[197; 1; 1; 384; 96; 16; 256; 8; 1],0.05612201750045642,0.01540480207115755,tvm
197,197,1,192,64,64,512,4,4,[197; 197; 1; 192; 64; 64; 512; 4; 4],0.005032121813201229,0.17180597042792592,tvm
197,1,1,768,96,48,768,16,3,[197; 1; 1; 768; 96; 48; 768; 16; 3],0.08653102649259381,0.009991197452194423,tvm
197,1,1,768,192,96,96,3,6,[197; 1; 1; 768; 192; 96; 96; 3; 6],0.08949511800892651,0.009660287518055886,tvm
1,1,1,256,256,32,3072,32,2,[1; 1; 1; 256; 256; 32; 3072; 32; 2],0.009515263813227648,0.09085912786009347,tvm
197,1,1,384,96,48,768,24,3,[197; 1; 1; 384; 96; 48; 768; 24; 3],0.07248634501593187,0.011927054278134055,tvm
197,197,1,256,16,16,1,1,1,[197; 197; 1; 256; 16; 16; 1; 1; 1],0.022068114623834845,0.039176367631098344,tvm
197,1,1,768,768,48,192,64,3,[197; 1; 1; 768; 768; 48; 192; 64; 3],0.08767335652373731,0.009861018280901534,tvm
197,1,1,768,384,48,768,64,3,[197; 1; 1; 768; 384; 48; 768; 64; 3],0.08531283150659874,0.01013386329067862,tvm
197,1,1,384,64,64,48,3,4,[197; 1; 1; 384; 64; 64; 48; 3; 4],0.0426976337475935,0.02024816121050967,tvm
197,1,1,256,256,128,192,16,8,[197; 1; 1; 256; 256; 128; 192; 16; 8],0.024718410495552234,0.0349758966736205,tvm
1,1,1,256,64,16,16,8,1,[1; 1; 1; 256; 64; 16; 16; 8; 1],0.009584279563568998,0.0902048574120088,tvm
1,1,1,768,96,96,768,32,6,[1; 1; 1; 768; 96; 96; 768; 32; 6],0.009401926123246085,0.09195441020228731,tvm
197,197,1,256,64,16,192,2,1,[197; 197; 1; 256; 64; 16; 192; 2; 1],0.016909613499592524,0.05112763644475994,tvm
1,1,1,768,128,16,768,1,1,[1; 1; 1; 768; 128; 16; 768; 1; 1],0.01834150799550116,0.0471361772238482,tvm
197,197,1,768,768,192,1536,3,12,[197; 197; 1; 768; 768; 192; 1536; 3; 12],0.09408384448033758,0.009189128869082852,tvm
1,1,1,768,192,48,512,64,3,[1; 1; 1; 768; 192; 48; 512; 64; 3],0.009294610124925384,0.09301612007480646,tvm
197,197,1,192,96,16,64,64,1,[197; 197; 1; 192; 96; 16; 64; 64; 1],0.01072006862523267,0.0806476713585224,tvm
197,197,1,48,16,16,192,4,1,[197; 197; 1; 48; 16; 16; 192; 4; 1],0.019046087247261312,0.0453924504390206,tvm
1,1,1,384,384,128,1536,6,8,[1; 1; 1; 384; 384; 128; 1536; 6; 8],0.0162456905018189,0.05321710218053057,tvm
197,197,1,128,64,16,3072,48,1,[197; 197; 1; 128; 64; 16; 3072; 48; 1],0.01940083975205198,0.04456243041423659,tvm
1,1,1,64,64,16,768,3,1,[1; 1; 1; 64; 64; 16; 768; 3; 1],0.009608550750272116,0.08997700005946133,tvm
197,1,1,128,128,16,64,2,1,[197; 1; 1; 128; 128; 16; 64; 2; 1],0.053061217011418194,0.01629341768098779,tvm
197,197,1,768,128,32,192,24,2,[197; 197; 1; 768; 128; 32; 192; 24; 2],0.026921824493911117,0.03211329795364001,tvm
197,1,1,768,128,32,128,8,2,[197; 1; 1; 768; 128; 32; 128; 8; 2],0.08502520402544178,0.010168144626502462,tvm
197,1,1,96,96,96,96,1,6,[197; 1; 1; 96; 96; 96; 96; 1; 6],0.01049231050274102,0.08239830218546391,tvm
1,1,1,192,32,16,48,3,1,[1; 1; 1; 192; 32; 16; 48; 3; 1],0.018622210125613492,0.04642566943434109,tvm
197,1,1,384,192,192,3072,1,12,[197; 1; 1; 384; 192; 192; 3072; 1; 12],0.0366252692474518,0.023605248212304197,tvm
1,1,1,384,48,48,256,4,3,[1; 1; 1; 384; 48; 48; 256; 4; 3],0.009639909065299435,0.08968430776392565,tvm
1,1,1,384,384,16,384,1,1,[1; 1; 1; 384; 384; 16; 384; 1; 1],0.018985391747264657,0.04553756819651258,tvm
1,1,1,768,768,16,3072,2,1,[1; 1; 1; 768; 768; 16; 3072; 2; 1],0.013928445747296792,0.06207071392702675,tvm
197,1,1,192,96,32,12,6,2,[197; 1; 1; 192; 96; 32; 12; 6; 2],0.01982417250110302,0.043610827709477794,tvm
197,1,1,64,16,16,3072,6,1,[197; 1; 1; 64; 16; 16; 3072; 6; 1],0.03804177224810701,0.022726295867343354,tvm
197,197,1,768,48,16,384,4,1,[197; 197; 1; 768; 48; 16; 384; 4; 1],0.05309536700951867,0.016282938043795412,tvm
1,1,1,768,192,48,48,12,3,[1; 1; 1; 768; 192; 48; 48; 12; 3],0.009664721688750433,0.08945405768227044,tvm
197,1,1,384,384,96,384,4,6,[197; 1; 1; 384; 384; 96; 384; 4; 6],0.03830217775248457,0.022571786309787314,tvm
197,1,1,96,16,16,24,8,1,[197; 1; 1; 96; 16; 16; 24; 8; 1],0.014678823870781343,0.05889767320864734,tvm
1,1,1,768,128,128,768,12,8,[1; 1; 1; 768; 128; 128; 768; 12; 8],0.010057122373837046,0.08596381144547258,tvm
197,197,1,192,192,96,3072,48,6,[197; 197; 1; 192; 192; 96; 3072; 48; 6],0.05124548650928773,0.01687072619111306,tvm
1,1,1,128,128,32,3072,1,2,[1; 1; 1; 128; 128; 32; 3072; 1; 2],0.0173911518722889,0.04971197869913061,tvm
1,1,1,64,32,32,1536,16,2,[1; 1; 1; 64; 32; 32; 1536; 16; 2],0.0174079128773883,0.04966411410247586,tvm
197,1,1,384,64,32,1536,4,2,[197; 1; 1; 384; 64; 32; 1536; 4; 2],0.04274901174358092,0.0202238259123824,tvm
197,1,1,96,96,96,3072,16,6,[197; 1; 1; 96; 96; 96; 3072; 16; 6],0.019716270246135537,0.04384949894861713,tvm
197,1,1,192,96,48,1536,12,3,[197; 1; 1; 192; 96; 48; 1536; 12; 3],0.04321546549908817,0.020005536477370887,tvm
197,1,1,768,384,128,512,8,8,[197; 1; 1; 768; 384; 128; 512; 8; 8],0.08809819200541824,0.009813465540534584,tvm
1,1,1,48,48,16,1536,12,1,[1; 1; 1; 48; 48; 16; 1536; 12; 1],0.009735987499880139,0.08879926884039395,tvm
197,197,1,128,64,32,1536,8,2,[197; 197; 1; 128; 64; 32; 1536; 8; 2],0.027243135511525907,0.03173454726100826,tvm
197,197,1,768,128,128,32,32,8,[197; 197; 1; 768; 128; 128; 32; 32; 8],0.015530608499830123,0.05566739844340471,tvm
1,1,1,384,192,16,128,64,1,[1; 1; 1; 384; 192; 16; 128; 64; 1],0.009865476062259404,0.08763374073106528,tvm
197,197,1,192,96,32,512,32,2,[197; 197; 1; 192; 96; 32; 512; 32; 2],0.0069794546252524015,0.12387050534013698,tvm
197,1,1,256,256,128,96,3,8,[197; 1; 1; 256; 256; 128; 96; 3; 8],0.05093547151773237,0.01697340862207573,tvm
1,1,1,192,96,16,8,4,1,[1; 1; 1; 192; 96; 16; 8; 4; 1],0.017417158123862464,0.04963775176640857,tvm
197,1,1,768,384,32,3072,6,2,[197; 1; 1; 768; 384; 32; 3072; 6; 2],0.08670547051588073,0.009971096013719493,tvm
197,1,1,768,32,16,512,1,1,[197; 1; 1; 768; 32; 16; 512; 1; 1],0.11375820898683742,0.0075998785417640095,tvm
197,1,1,192,192,96,1536,12,6,[197; 1; 1; 192; 192; 96; 1536; 12; 6],0.019016297374037094,0.045463559725824304,tvm
1,1,1,256,128,64,192,8,4,[1; 1; 1; 256; 128; 64; 192; 8; 4],0.009534725875710137,0.09067366830451018,tvm
1,1,1,768,768,192,96,16,12,[1; 1; 1; 768; 768; 192; 96; 16; 12],0.01567944113048725,0.05513899151338598,tvm
1,1,1,192,192,48,24,1,3,[1; 1; 1; 192; 192; 48; 24; 1; 3],0.03313374250137713,0.0260926930120447,tvm
197,1,1,384,96,32,16,4,2,[197; 1; 1; 384; 96; 32; 16; 4; 2],0.041551422254997306,0.0208067142954317,tvm
197,1,1,64,16,16,32,32,1,[197; 1; 1; 64; 16; 16; 32; 32; 1],0.037953148246742785,0.02277936380423378,tvm
197,197,1,768,192,96,1536,24,6,[197; 197; 1; 768; 192; 96; 1536; 24; 6],0.08431978899170645,0.010253210803381006,tvm
1,1,1,768,64,16,768,1,1,[1; 1; 1; 768; 64; 16; 768; 1; 1],0.00987146212355583,0.08758059957152017,tvm
1,1,1,96,48,48,3072,12,3,[1; 1; 1; 96; 48; 48; 3072; 12; 3],0.013675458998477552,0.06321898018375975,tvm
1,1,1,768,64,64,192,64,4,[1; 1; 1; 768; 64; 64; 192; 64; 4],0.027576976252021268,0.03135037589065639,tvm
1,1,1,384,192,64,24,2,4,[1; 1; 1; 384; 192; 64; 24; 2; 4],0.017236708001291845,0.05015740658620984,tvm
197,1,1,96,96,48,256,1,3,[197; 1; 1; 96; 96; 48; 256; 1; 3],0.03195014524681028,0.02705930019253615,tvm
197,197,1,384,128,64,2,2,4,[197; 197; 1; 384; 128; 64; 2; 2; 4],0.012614947998372372,0.06853366114074498,tvm
197,1,1,384,128,32,96,48,2,[197; 1; 1; 384; 128; 32; 96; 48; 2],0.04253958824847359,0.02032338833132907,tvm
197,1,1,64,64,32,1024,16,2,[197; 1; 1; 64; 64; 32; 1024; 16; 2],0.015012390256742947,0.05758900192727483,tvm
197,197,1,384,192,48,96,48,3,[197; 197; 1; 384; 192; 48; 96; 48; 3],0.01634072050364921,0.052907616358501476,tvm
197,197,1,48,16,16,1024,1,1,[197; 197; 1; 48; 16; 16; 1024; 1; 1],0.006947090874746209,0.12444756906395801,tvm
1,1,1,192,192,32,128,2,2,[1; 1; 1; 192; 192; 32; 128; 2; 2],0.0339495549997082,0.02546568199306301,tvm
197,1,1,128,64,32,192,3,2,[197; 1; 1; 128; 64; 32; 192; 3; 2],0.028130570499342866,0.03073341763362984,tvm
1,1,1,768,96,32,768,4,2,[1; 1; 1; 768; 96; 32; 768; 4; 2],0.018410918244626373,0.046958471051866665,tvm
197,1,1,768,384,32,256,32,2,[197; 1; 1; 768; 384; 32; 256; 32; 2],0.08495107150520198,0.010177017854043556,tvm
197,1,1,768,256,16,96,2,1,[197; 1; 1; 768; 256; 16; 96; 2; 1],0.10753792297327891,0.008039476191514272,tvm
1,1,1,768,768,16,256,4,1,[1; 1; 1; 768; 768; 16; 256; 4; 1],0.009840404687565751,0.08785701390116682,tvm
1,1,1,192,64,64,64,32,4,[1; 1; 1; 192; 64; 64; 64; 32; 4],0.017082865502743516,0.05060910719514384,tvm
1,1,1,192,48,16,192,48,1,[1; 1; 1; 192; 48; 16; 192; 48; 1],0.018239182121760678,0.047400621675743985,tvm
197,197,1,256,64,64,48,3,4,[197; 197; 1; 256; 64; 64; 48; 3; 4],0.007384762437141035,0.117071954417978,tvm
197,1,1,768,384,128,384,64,8,[197; 1; 1; 768; 384; 128; 384; 64; 8],0.08935279550496489,0.009675674572269345,tvm
1,1,1,384,64,16,24,4,1,[1; 1; 1; 384; 64; 16; 24; 4; 1],0.009643210938520497,0.08965359950543757,tvm
197,1,1,384,96,32,2,2,2,[197; 1; 1; 384; 96; 32; 2; 2; 2],0.07407734650769271,0.0116708901194077,tvm
1,1,1,768,256,16,3072,3,1,[1; 1; 1; 768; 256; 16; 3072; 3; 1],0.009927484188665403,0.08708637102798515,tvm
197,197,1,192,32,32,768,2,2,[197; 197; 1; 192; 32; 32; 768; 2; 2],0.007033807560219429,0.12291331032684673,tvm
197,197,1,384,384,128,512,4,8,[197; 197; 1; 384; 384; 128; 512; 4; 8],0.011254118126089452,0.07682064127480259,tvm
197,197,1,384,64,64,256,16,4,[197; 197; 1; 384; 64; 64; 256; 16; 4],0.010298682624124922,0.08394749143966673,tvm
1,1,1,384,384,32,48,12,2,[1; 1; 1; 384; 384; 32; 48; 12; 2],0.01645337412628578,0.05254536636636588,tvm
197,1,1,768,192,32,48,1,2,[197; 1; 1; 768; 192; 32; 48; 1; 2],0.08527157350908965,0.010138766482788235,tvm
197,197,1,768,768,16,1536,48,1,[197; 197; 1; 768; 768; 16; 1536; 48; 1],0.11428923101630062,0.007564567227731756,tvm
1,1,1,96,96,32,6,3,2,[1; 1; 1; 96; 96; 32; 6; 3; 2],0.009768837062438251,0.0885006645010808,tvm
197,197,1,64,64,16,3072,64,1,[197; 197; 1; 64; 64; 16; 3072; 64; 1],0.019256961502833292,0.044895378292227964,tvm
197,197,1,96,32,16,96,6,1,[197; 197; 1; 96; 32; 16; 96; 6; 1],0.005340816875104792,0.16187571894825695,tvm
1,1,1,64,32,32,32,4,2,[1; 1; 1; 64; 32; 32; 32; 4; 2],0.01642743212141795,0.052628345382196406,tvm
197,1,1,192,32,16,512,8,1,[197; 1; 1; 192; 32; 16; 512; 8; 1],0.02871410876105074,0.030108842263678007,tvm
197,197,1,192,48,48,192,12,3,[197; 197; 1; 192; 48; 48; 192; 12; 3],0.010738410812336951,0.08050991776504997,tvm
197,197,1,128,32,16,64,16,1,[197; 197; 1; 128; 32; 16; 64; 16; 1],0.013067408748611342,0.06616067409083273,tvm
197,197,1,192,192,96,64,4,6,[197; 197; 1; 192; 192; 96; 64; 4; 6],0.00744767699870863,0.11608298420816014,tvm
197,197,1,192,48,16,192,8,1,[197; 197; 1; 192; 48; 16; 192; 8; 1],0.012322919188591186,0.07015777334878479,tvm
197,1,1,384,192,32,3072,32,2,[197; 1; 1; 384; 192; 32; 3072; 32; 2],0.04289917499409057,0.020153034913787136,tvm
197,197,1,96,32,32,512,32,2,[197; 197; 1; 96; 32; 32; 512; 32; 2],0.0034797478747350397,0.2484514977954836,tvm
197,197,1,128,64,32,1536,32,2,[197; 197; 1; 128; 64; 32; 1536; 32; 2],0.01372266487305751,0.06300150731845014,tvm
197,197,1,128,128,128,96,6,8,[197; 197; 1; 128; 128; 128; 96; 6; 8],0.006699278063024394,0.12905100568974895,tvm
1,1,1,384,384,48,48,16,3,[1; 1; 1; 384; 384; 48; 48; 16; 3],0.02590482799860183,0.03337403249599781,tvm
197,197,1,384,192,32,128,4,2,[197; 197; 1; 384; 192; 32; 128; 4; 2],0.01334637675608974,0.06477777356570513,tvm
197,1,1,768,128,32,12,6,2,[197; 1; 1; 768; 128; 32; 12; 6; 2],0.09480311299557798,0.009119411210356539,tvm
197,1,1,768,64,32,1024,2,2,[197; 1; 1; 768; 64; 32; 1024; 2; 2],0.0858918275043834,0.010065551013971033,tvm
1,1,1,384,96,48,3072,6,3,[1; 1; 1; 384; 96; 48; 3072; 6; 3],0.009280568436224712,0.09315685535532404,tvm
197,197,1,768,96,96,3,1,6,[197; 197; 1; 768; 96; 96; 3; 1; 6],0.017753577878465876,0.04869714585684848,tvm
1,1,1,768,192,16,256,64,1,[1; 1; 1; 768; 192; 16; 256; 64; 1],0.009567878125380957,0.09035948828979762,tvm
197,1,1,192,192,16,768,2,1,[197; 1; 1; 192; 192; 16; 768; 2; 1],0.056898184499004856,0.015194660058858157,tvm
1,1,1,384,64,64,8,8,4,[1; 1; 1; 384; 64; 64; 8; 8; 4],0.009654316687374376,0.08955046736339216,tvm
197,1,1,256,32,32,512,32,2,[197; 1; 1; 256; 32; 32; 512; 32; 2],0.028678141999989748,0.03014660334093054,tvm
197,1,1,384,64,32,24,4,2,[197; 1; 1; 384; 64; 32; 24; 4; 2],0.0859876899921801,0.010054329538416432,tvm
197,197,1,384,384,16,1536,24,1,[197; 197; 1; 384; 384; 16; 1536; 24; 1],0.05583386751823127,0.015484303879652843,tvm
197,1,1,192,32,32,64,1,2,[197; 1; 1; 192; 32; 32; 64; 1; 2],0.02190909925411688,0.03946070814691829,tvm
197,1,1,256,128,128,192,4,8,[197; 1; 1; 256; 128; 128; 192; 4; 8],0.026367798243882135,0.0327880456089717,tvm
1,1,1,32,16,16,6,6,1,[1; 1; 1; 32; 16; 16; 6; 6; 1],0.01423342800262617,0.060740713429614845,tvm
197,197,1,384,48,16,48,4,1,[197; 197; 1; 384; 48; 16; 48; 4; 1],0.019473468128126115,0.04439623007777838,tvm
197,197,1,384,128,128,768,1,8,[197; 197; 1; 384; 128; 128; 768; 1; 8],0.00979243999972823,0.08828734936875438,tvm
197,1,1,256,32,16,24,8,1,[197; 1; 1; 256; 32; 16; 24; 8; 1],0.030850024995743297,0.028024242169912738,tvm
197,197,1,768,128,32,192,16,2,[197; 197; 1; 768; 128; 32; 192; 16; 2],0.027138278252095915,0.031857163648979885,tvm
1,1,1,768,384,48,192,3,3,[1; 1; 1; 768; 384; 48; 192; 3; 3],0.009624722373700934,0.08982581916242141,tvm
1,1,1,192,64,64,16,8,4,[1; 1; 1; 192; 64; 64; 16; 8; 4],0.009563294937834144,0.09040279287092351,tvm
197,1,1,384,384,48,384,3,3,[197; 1; 1; 384; 384; 48; 384; 3; 3],0.04348089575069025,0.01988341216302672,tvm
197,197,1,32,32,16,6,1,1,[197; 197; 1; 32; 32; 16; 6; 1; 1],0.002193610327594797,0.3941213079428346,tvm
1,1,1,768,384,96,2,2,6,[1; 1; 1; 768; 384; 96; 2; 2; 6],0.016301354749884922,0.053035381702534544,tvm
197,1,1,64,64,16,1536,16,1,[197; 1; 1; 64; 64; 16; 1536; 16; 1],0.03852164000272751,0.0224431922256518,tvm
1,1,1,192,96,16,1536,1,1,[1; 1; 1; 192; 96; 16; 1536; 1; 1],0.025537677254760638,0.03385384515607838,tvm
197,1,1,128,16,16,32,8,1,[197; 1; 1; 128; 16; 16; 32; 8; 1],0.05715558447991498,0.01512623095880302,tvm
1,1,1,768,384,64,768,8,4,[1; 1; 1; 768; 384; 64; 768; 8; 4],0.026747126510599628,0.032323044910486334,tvm
197,1,1,384,384,96,64,1,6,[197; 1; 1; 384; 384; 96; 64; 1; 6],0.03733285650378093,0.023157846797525743,tvm
1,1,1,64,64,16,12,2,1,[1; 1; 1; 64; 64; 16; 12; 2; 1],0.009484882564720465,0.09115016085115346,tvm
1,1,1,192,96,48,48,48,3,[1; 1; 1; 192; 96; 48; 48; 48; 3],0.009874569688690826,0.08755303761932268,tvm
197,1,1,768,32,32,48,48,2,[197; 1; 1; 768; 32; 32; 48; 48; 2],0.08666374249150977,0.009975897031140435,tvm
197,197,1,384,64,16,1024,1,1,[197; 197; 1; 384; 64; 16; 1024; 1; 1],0.028298135002842173,0.030551432853851992,tvm
1,1,1,384,192,32,32,16,2,[1; 1; 1; 384; 192; 32; 32; 16; 2],0.010317047188436845,0.0837980631122383,tvm
1,1,1,64,32,16,192,4,1,[1; 1; 1; 64; 32; 16; 192; 4; 1],0.025343705507111736,0.034112950499127645,tvm
1,1,1,128,64,64,256,8,4,[1; 1; 1; 128; 64; 64; 256; 8; 4],0.01803142349672271,0.04794677312003164,tvm
1,1,1,768,384,16,96,8,1,[1; 1; 1; 768; 384; 16; 96; 8; 1],0.01825181937601883,0.04736780227863238,tvm
1,1,1,192,96,16,3072,2,1,[1; 1; 1; 192; 96; 16; 3072; 2; 1],0.009781949000171153,0.0883820362806476,tvm
197,1,1,192,192,32,256,4,2,[197; 1; 1; 192; 192; 32; 256; 4; 2],0.021445975253300276,0.04031285876334898,tvm
197,1,1,384,64,32,16,2,2,[197; 1; 1; 384; 64; 32; 16; 2; 2],0.042307757248636335,0.02043475304889714,tvm
197,1,1,256,64,16,64,4,1,[197; 1; 1; 256; 64; 16; 64; 4; 1],0.035003342491108924,0.02469902900410646,tvm
197,197,1,64,64,64,768,24,4,[197; 197; 1; 64; 64; 64; 768; 24; 4],0.0033215786879736697,0.2602824297250021,tvm
197,197,1,192,192,48,768,16,3,[197; 197; 1; 192; 192; 48; 768; 16; 3],0.005197407219384331,0.1663422808596058,tvm
197,1,1,128,64,32,96,2,2,[197; 1; 1; 128; 64; 32; 96; 2; 2],0.028757728752680123,0.030063172890452915,tvm
197,197,1,768,192,48,1024,4,3,[197; 197; 1; 768; 192; 48; 1024; 4; 3],0.025225111996405758,0.034273329353374446,tvm
1,1,1,192,96,32,512,16,2,[1; 1; 1; 192; 96; 32; 512; 16; 2],0.00952989762663492,0.09071960741868432,tvm
1,1,1,128,64,16,192,32,1,[1; 1; 1; 128; 64; 16; 192; 32; 1],0.009753140690008877,0.08864309445614944,tvm
1,1,1,384,64,16,96,2,1,[1; 1; 1; 384; 64; 16; 96; 2; 1],0.018751281750155613,0.04610610532911419,tvm
197,1,1,32,32,16,16,8,1,[197; 1; 1; 32; 32; 16; 16; 8; 1],0.03234456774953287,0.026729328341110924,tvm
197,197,1,256,128,16,96,32,1,[197; 197; 1; 256; 128; 16; 96; 32; 1],0.014100531625445,0.06131318977140247,tvm
1,1,1,384,96,96,48,6,6,[1; 1; 1; 384; 96; 96; 48; 6; 6],0.0252576974889962,0.03422911260241444,tvm
197,1,1,384,32,32,8,8,2,[197; 1; 1; 384; 32; 32; 8; 8; 2],0.043193252495257184,0.020015824729186643,tvm
197,1,1,96,96,96,3072,32,6,[197; 1; 1; 96; 96; 96; 3072; 32; 6],0.04791420824767556,0.018043678546446874,tvm
1,1,1,768,384,64,128,16,4,[1; 1; 1; 768; 384; 64; 128; 16; 4],0.017495049876742996,0.049416753740031176,tvm
197,197,1,768,64,64,96,48,4,[197; 197; 1; 768; 64; 64; 96; 48; 4],0.022278995624219533,0.03880554518753616,tvm
197,1,1,768,256,16,32,1,1,[197; 1; 1; 768; 256; 16; 32; 1; 1],0.09043991198996082,0.00955936988886654,tvm
1,1,1,384,64,64,6,6,4,[1; 1; 1; 384; 64; 64; 6; 6; 4],0.009651426189520862,0.08957728676071358,tvm
197,1,1,32,32,32,192,3,2,[197; 1; 1; 32; 32; 32; 192; 3; 2],0.011275031938566826,0.07667814833156601,tvm
1,1,1,768,64,16,32,4,1,[1; 1; 1; 768; 64; 16; 32; 4; 1],0.025691848248243332,0.03365069585788498,tvm
1,1,1,768,384,192,768,4,12,[1; 1; 1; 768; 384; 192; 768; 4; 12],0.026004095998359844,0.03324663051094339,tvm
197,1,1,128,64,32,128,64,2,[197; 1; 1; 128; 64; 32; 128; 64; 2],0.02852732123574242,0.0303059850689858,tvm
197,197,1,768,384,16,32,32,1,[197; 197; 1; 768; 384; 16; 32; 32; 1],0.028878711760626175,0.029937227761222873,tvm
197,197,1,768,96,96,768,4,6,[197; 197; 1; 768; 96; 96; 768; 4; 6],0.020278176001738757,0.04263443474178548,tvm
197,1,1,768,32,32,4,2,2,[197; 1; 1; 768; 32; 32; 4; 2; 2],0.08511476599960588,0.01015744520090174,tvm
1,1,1,256,64,64,256,16,4,[1; 1; 1; 256; 64; 64; 256; 16; 4],0.009391284813318634,0.09205860418613612,tvm
1,1,1,384,128,128,64,16,8,[1; 1; 1; 384; 128; 128; 64; 16; 8],0.009433673625608208,0.09164495251157602,tvm
197,1,1,48,48,16,1024,32,1,[197; 1; 1; 48; 48; 16; 1024; 32; 1],0.0567901190079283,0.015223573863401736,tvm
1,1,1,192,96,32,8,4,2,[1; 1; 1; 192; 96; 32; 8; 4; 2],0.01873927412816556,0.046135648879223924,tvm
1,1,1,192,96,32,12,6,2,[1; 1; 1; 192; 96; 32; 12; 6; 2],0.032035960248322226,0.02698681621300392,tvm
197,1,1,128,128,16,8,4,1,[197; 1; 1; 128; 128; 16; 8; 4; 1],0.013454244246531744,0.06425842697566875,tvm
197,197,1,768,384,48,96,1,3,[197; 197; 1; 768; 384; 48; 96; 1; 3],0.023423431121045724,0.03690956149681175,tvm
1,1,1,768,192,16,32,4,1,[1; 1; 1; 768; 192; 16; 32; 4; 1],0.009999957685067784,0.08645522297754714,tvm
197,1,1,64,64,16,1536,2,1,[197; 1; 1; 64; 64; 16; 1536; 2; 1],0.019404845748795196,0.044553230807425986,tvm
197,197,1,768,192,192,128,2,12,[197; 197; 1; 768; 192; 192; 128; 2; 12],0.020036626374348998,0.04314841008042009,tvm
197,197,1,384,48,16,3072,4,1,[197; 197; 1; 384; 48; 16; 3072; 4; 1],0.05776836350560188,0.014965779173314037,tvm
197,197,1,64,64,16,192,16,1,[197; 197; 1; 64; 64; 16; 192; 16; 1],0.008187313625967363,0.10559612235770699,tvm
197,197,1,384,64,64,192,2,4,[197; 197; 1; 384; 64; 64; 192; 2; 4],0.019516593871230725,0.04429812789735797,tvm
1,1,1,192,96,32,256,8,2,[1; 1; 1; 192; 96; 32; 256; 8; 2],0.009531662126391893,0.09070281341957688,tvm
1,1,1,384,384,64,1536,24,4,[1; 1; 1; 384; 384; 64; 1536; 24; 4],0.009270037626265548,0.09326268201748997,tvm
197,197,1,768,128,128,128,32,8,[197; 197; 1; 768; 128; 128; 128; 32; 8],0.020308087747253012,0.042571638560381694,tvm
1,1,1,384,384,128,1536,16,8,[1; 1; 1; 384; 384; 128; 1536; 16; 8],0.009886985062621534,0.08744309473037035,tvm
197,197,1,384,96,32,256,16,2,[197; 197; 1; 384; 96; 32; 256; 16; 2],0.013661772121849936,0.0632823153334447,tvm
197,197,1,384,384,128,48,6,8,[197; 197; 1; 384; 384; 128; 48; 6; 8],0.010565238873823546,0.0818295337903413,tvm
197,1,1,192,32,16,16,2,1,[197; 1; 1; 192; 32; 16; 16; 2; 1],0.021652721501595806,0.03992794029909146,tvm
1,1,1,768,32,32,48,1,2,[1; 1; 1; 768; 32; 32; 48; 1; 2],0.01865057800023351,0.04635505513114645,tvm
197,1,1,384,96,48,96,24,3,[197; 1; 1; 384; 96; 48; 96; 24; 3],0.04307097200944554,0.02007265058329713,tvm
1,1,1,64,64,32,8,1,2,[1; 1; 1; 64; 64; 32; 8; 1; 2],0.009492200748354662,0.09107988698810743,tvm
197,197,1,768,192,192,384,2,12,[197; 197; 1; 768; 192; 192; 384; 2; 12],0.019845186128804926,0.04356464917069711,tvm
197,1,1,768,384,192,1536,1,12,[197; 1; 1; 768; 384; 192; 1536; 1; 12],0.09539498647791333,0.00906283027388173,tvm
1,1,1,768,256,64,3072,64,4,[1; 1; 1; 768; 256; 64; 3072; 64; 4],0.009654746059823083,0.0895464848139583,tvm
197,197,1,128,16,16,3072,8,1,[197; 197; 1; 128; 16; 16; 3072; 8; 1],0.01961395200487459,0.044078244466679024,tvm
1,1,1,192,96,96,3072,3,6,[1; 1; 1; 192; 96; 96; 3072; 3; 6],0.01718688150140224,0.05030281795787297,tvm
1,1,1,128,128,32,8,4,2,[1; 1; 1; 128; 128; 32; 8; 4; 2],0.018717770995863248,0.04618864989958699,tvm
1,1,1,192,64,64,384,24,4,[1; 1; 1; 192; 64; 64; 384; 24; 4],0.009555726064718328,0.09047439886547809,tvm
197,197,1,48,48,48,768,8,3,[197; 197; 1; 48; 48; 48; 768; 8; 3],0.002816386094309564,0.3069708990451876,tvm
1,1,1,768,128,32,192,64,2,[1; 1; 1; 768; 128; 32; 192; 64; 2],0.02610559100867249,0.03311737210398191,tvm
1,1,1,192,48,16,16,8,1,[1; 1; 1; 192; 48; 16; 16; 8; 1],0.025518045251374133,0.03387989020757834,tvm
1,1,1,192,192,96,768,8,6,[1; 1; 1; 192; 192; 96; 768; 8; 6],0.02602136724453885,0.03322456361742543,tvm
1,1,1,192,32,32,12,6,2,[1; 1; 1; 192; 32; 32; 12; 6; 2],0.017606547626201063,0.04910381011561854,tvm
197,197,1,384,384,96,48,16,6,[197; 197; 1; 384; 384; 96; 48; 16; 6],0.021470589999808,0.04026664248333663,tvm
197,197,1,768,48,16,256,64,1,[197; 197; 1; 768; 48; 16; 256; 64; 1],0.0513009529968258,0.01685248559577567,tvm
197,1,1,384,64,16,96,6,1,[197; 1; 1; 384; 64; 16; 96; 6; 1],0.05331822150037624,0.016214880149790268,tvm
1,1,1,256,16,16,32,4,1,[1; 1; 1; 256; 16; 16; 32; 4; 1],0.00976514799913275,0.08853409815246553,tvm
1,1,1,256,128,64,96,12,4,[1; 1; 1; 256; 128; 64; 96; 12; 4],0.017276170998229645,0.05004283481085971,tvm
197,197,1,768,768,96,768,32,6,[197; 197; 1; 768; 768; 96; 768; 32; 6],0.08735914298449643,0.009896486411067497,tvm
197,1,1,384,64,32,384,24,2,[197; 1; 1; 384; 64; 32; 384; 24; 2],0.04236363024392631,0.020407801844425786,tvm
1,1,1,256,64,32,768,8,2,[1; 1; 1; 256; 64; 32; 768; 8; 2],0.009505694186373148,0.0909505980812997,tvm
1,1,1,384,48,48,384,2,3,[1; 1; 1; 384; 48; 48; 384; 2; 3],0.017641550373809878,0.04900638283538019,tvm
1,1,1,768,384,128,8,1,8,[1; 1; 1; 768; 384; 128; 8; 1; 8],0.02149232674855739,0.040225917907496994,tvm
197,1,1,128,128,128,768,4,8,[197; 1; 1; 128; 128; 128; 768; 4; 8],0.013503961003152654,0.06402185042053458,tvm
197,197,1,768,64,64,128,64,4,[197; 197; 1; 768; 64; 64; 128; 64; 4],0.02211137099948246,0.039099727079284545,tvm
197,197,1,256,64,16,48,4,1,[197; 197; 1; 256; 64; 16; 48; 4; 1],0.0128602111217333,0.06722662351689662,tvm
197,197,1,768,64,32,32,1,2,[197; 197; 1; 768; 64; 32; 32; 1; 2],0.024984515504911542,0.03460337548905503,tvm
197,1,1,384,32,32,48,8,2,[197; 1; 1; 384; 32; 32; 48; 8; 2],0.04257296699506696,0.020307454059491525,tvm
1,1,1,96,32,16,3072,48,1,[1; 1; 1; 96; 32; 16; 3072; 48; 1],0.013277415870106779,0.06511421950524614,tvm
1,1,1,384,16,16,8,1,1,[1; 1; 1; 384; 16; 16; 8; 1; 1],0.01770040412520757,0.048843436868051336,tvm
197,1,1,192,192,64,16,16,4,[197; 1; 1; 192; 192; 64; 16; 16; 4],0.01722886124480283,0.05018025040333799,tvm
197,197,1,384,64,16,3072,8,1,[197; 197; 1; 384; 64; 16; 3072; 8; 1],0.05715378950117156,0.015126706015020221,tvm
1,1,1,256,256,32,512,64,2,[1; 1; 1; 256; 256; 32; 512; 64; 2],0.009370498624775792,0.09226281397050602,tvm
197,1,1,384,96,32,1536,12,2,[197; 1; 1; 384; 96; 32; 1536; 12; 2],0.04260756399889942,0.02029096456795566,tvm
197,1,1,48,16,16,384,1,1,[197; 1; 1; 48; 16; 16; 384; 1; 1],0.02901799099345226,0.02979353641758493,tvm
197,1,1,128,64,16,384,64,1,[197; 1; 1; 128; 64; 16; 384; 64; 1],0.033952075260458514,0.02546379167683595,tvm
1,1,1,192,96,32,24,24,2,[1; 1; 1; 192; 96; 32; 24; 24; 2],0.01976069474767428,0.04375091981673994,tvm
1,1,1,384,128,32,1024,2,2,[1; 1; 1; 384; 128; 32; 1024; 2; 2],0.02701946973684244,0.0319972442038607,tvm
1,1,1,128,128,128,6,6,8,[1; 1; 1; 128; 128; 128; 6; 6; 8],0.01753039912728127,0.0493171071092807,tvm
197,197,1,192,192,192,64,4,12,[197; 197; 1; 192; 192; 192; 64; 4; 12],0.005147768219103455,0.16794628946583434,tvm
1,1,1,256,64,64,64,2,4,[1; 1; 1; 256; 64; 64; 64; 2; 4],0.014871452243824024,0.05813477777784684,tvm
197,197,1,256,128,128,32,16,8,[197; 197; 1; 256; 128; 128; 32; 16; 8],0.004257845343090594,0.20304837347639107,tvm
197,1,1,768,192,64,192,12,4,[197; 1; 1; 768; 192; 64; 192; 12; 4],0.08654425450367853,0.009989670329782829,tvm
197,197,1,384,64,32,128,4,2,[197; 197; 1; 384; 64; 32; 128; 4; 2],0.013690819243493024,0.06314805243225122,tvm
197,197,1,768,768,96,64,4,6,[197; 197; 1; 768; 768; 96; 64; 4; 6],0.02110075812379364,0.040972393804831544,tvm
1,1,1,384,96,32,32,2,2,[1; 1; 1; 384; 96; 32; 32; 2; 2],0.010009943376644515,0.08636897721577134,tvm
197,1,1,768,96,96,1024,2,6,[197; 1; 1; 768; 96; 96; 1024; 2; 6],0.09214269850053824,0.00938271382863311,tvm
197,1,1,384,16,16,512,16,1,[197; 1; 1; 384; 16; 16; 512; 16; 1],0.056893875502282754,0.015195810863576749,tvm
197,1,1,768,384,192,768,3,12,[197; 1; 1; 768; 384; 192; 768; 3; 12],0.09163928148336709,0.009434257421425665,tvm
197,1,1,768,96,32,384,32,2,[197; 1; 1; 768; 96; 32; 384; 32; 2],0.08474085401394404,0.0102022640848806,tvm
1,1,1,768,64,16,1536,4,1,[1; 1; 1; 768; 64; 16; 1536; 4; 1],0.009868425560853211,0.08760754854939835,tvm
1,1,1,128,128,128,384,2,8,[1; 1; 1; 128; 128; 128; 384; 2; 8],0.016992407749057747,0.05087852081918831,tvm
197,197,1,384,192,32,16,16,2,[197; 197; 1; 384; 192; 32; 16; 16; 2],0.008265269872936187,0.10460016245318868,tvm
197,1,1,384,192,192,96,4,12,[197; 1; 1; 384; 192; 192; 96; 4; 12],0.03654366925184149,0.02365795742815304,tvm
197,197,1,48,48,48,48,4,3,[197; 197; 1; 48; 48; 48; 48; 4; 3],0.005866487437742762,0.14737073599892037,tvm
197,1,1,96,48,16,16,4,1,[197; 1; 1; 96; 48; 16; 16; 4; 1],0.012173120499937795,0.07102111339758686,tvm
1,1,1,192,64,32,768,8,2,[1; 1; 1; 192; 64; 32; 768; 8; 2],0.015218578002532013,0.05680876171773282,tvm
197,197,1,768,384,96,48,16,6,[197; 197; 1; 768; 384; 96; 48; 16; 6],0.021301176871929783,0.04058689229362976,tvm
197,1,1,192,16,16,12,3,1,[197; 1; 1; 192; 16; 16; 12; 3; 1],0.028880775498691946,0.029935088532083497,tvm
1,1,1,384,48,48,384,48,3,[1; 1; 1; 384; 48; 48; 384; 48; 3],0.009644569749070797,0.08964096832954793,tvm
1,1,1,768,48,48,768,24,3,[1; 1; 1; 768; 48; 48; 768; 24; 3],0.018027738253294956,0.0479565744344306,tvm
197,1,1,768,96,16,1024,2,1,[197; 1; 1; 768; 96; 16; 1024; 2; 1],0.114197843009606,0.007570620851007212,tvm
197,1,1,128,128,128,512,1,8,[197; 1; 1; 128; 128; 128; 512; 1; 8],0.012779046126524918,0.06765360754384202,tvm
1,1,1,768,96,16,3072,48,1,[1; 1; 1; 768; 96; 16; 3072; 48; 1],0.00958701975105214,0.09017907481975203,tvm
197,197,1,768,192,64,192,3,4,[197; 197; 1; 768; 192; 64; 192; 3; 4],0.021468575250764843,0.04027042136379175,tvm
197,1,1,256,64,32,1536,24,2,[197; 1; 1; 256; 64; 32; 1536; 24; 2],0.02863357424212154,0.030193526107431378,tvm
197,1,1,256,128,128,96,32,8,[197; 1; 1; 256; 128; 128; 96; 32; 8],0.026900975746684708,0.032138186345717176,tvm
197,1,1,48,48,48,768,64,3,[197; 1; 1; 48; 48; 48; 768; 64; 3],0.02183147074538283,0.0396010228312912,tvm
197,197,1,192,32,32,16,1,2,[197; 197; 1; 192; 32; 32; 16; 1; 2],0.003927260624550399,0.22014036094880934,tvm
197,197,1,96,32,16,2,2,1,[197; 197; 1; 96; 32; 16; 2; 2; 1],0.005504418188138516,0.1570644783660495,tvm
197,197,1,64,32,16,512,8,1,[197; 197; 1; 64; 32; 16; 512; 8; 1],0.017908330373757053,0.048276335838403156,tvm
197,197,1,768,768,64,256,2,4,[197; 197; 1; 768; 768; 64; 256; 2; 4],0.019795459003944416,0.043674085620156754,tvm
197,1,1,128,128,64,3,3,4,[197; 1; 1; 128; 128; 64; 3; 3; 4],0.0126571526270709,0.06830513914950269,tvm
197,1,1,48,16,16,1536,64,1,[197; 1; 1; 48; 16; 16; 1536; 64; 1],0.028688799240626395,0.030135404559012653,tvm
1,1,1,192,32,32,6,1,2,[1; 1; 1; 192; 32; 32; 6; 1; 2],0.026579514757031575,0.03252687565335843,tvm
197,1,1,384,128,16,48,2,1,[197; 1; 1; 384; 128; 16; 48; 2; 1],0.05103054948267527,0.016941784483862618,tvm
1,1,1,384,64,32,192,24,2,[1; 1; 1; 384; 64; 32; 192; 24; 2],0.019155267749738414,0.04513372419137173,tvm
197,1,1,384,32,16,12,4,1,[197; 1; 1; 384; 32; 16; 12; 4; 1],0.0426366982574109,0.020277099465090494,tvm
197,197,1,192,64,16,12,2,1,[197; 197; 1; 192; 64; 16; 12; 2; 1],0.009167583248199662,0.09430495999022993,tvm
1,1,1,384,128,64,768,1,4,[1; 1; 1; 384; 128; 64; 768; 1; 4],0.009254939748643665,0.09341482439745469,tvm
197,1,1,768,64,16,768,48,1,[197; 1; 1; 768; 64; 16; 768; 48; 1],0.11301424802513793,0.007649907746466344,tvm
197,1,1,192,96,96,1536,64,6,[197; 1; 1; 192; 96; 96; 1536; 64; 6],0.01890826987073524,0.04572330400078819,tvm
1,1,1,768,384,64,96,48,4,[1; 1; 1; 768; 384; 64; 96; 48; 4],0.01836399474996142,0.0470784588647515,tvm
197,197,1,256,256,64,3072,6,4,[197; 197; 1; 256; 256; 64; 3072; 6; 4],0.028861971746664494,0.029954591426293843,tvm
197,1,1,384,384,192,192,6,12,[197; 1; 1; 384; 384; 192; 192; 6; 12],0.029990757757332176,0.028827166636601755,tvm
197,197,1,192,96,96,48,6,6,[197; 197; 1; 192; 96; 96; 48; 6; 6],0.005414604031102499,0.15966976836393623,tvm
197,197,1,128,64,64,16,1,4,[197; 197; 1; 128; 64; 64; 16; 1; 4],0.006872183999803383,0.12580404882251503,tvm
197,197,1,768,128,128,768,2,8,[197; 197; 1; 768; 128; 128; 768; 2; 8],0.021300961874658242,0.04058730194983002,tvm
197,197,1,768,768,96,3072,3,6,[197; 197; 1; 768; 768; 96; 3072; 3; 6],0.09223010650021024,0.009373821675318141,tvm
197,197,1,96,32,32,384,2,2,[197; 197; 1; 96; 32; 32; 384; 2; 2],0.003499339623886044,0.24706049265046284,tvm
197,197,1,768,32,16,192,24,1,[197; 197; 1; 768; 32; 16; 192; 24; 1],0.04972907874616794,0.01738517167875732,tvm
197,197,1,256,16,16,24,24,1,[197; 197; 1; 256; 16; 16; 24; 24; 1],0.007559317498817109,0.1143686016050863,tvm
197,1,1,128,32,32,48,3,2,[197; 1; 1; 128; 32; 32; 48; 3; 2],0.01428847412171308,0.060506710798095956,tvm
197,197,1,768,768,32,48,2,2,[197; 197; 1; 768; 768; 32; 48; 2; 2],0.024804227621643804,0.034854887828644945,tvm
197,1,1,192,32,16,96,12,1,[197; 1; 1; 192; 32; 16; 96; 12; 1],0.027628151758108288,0.031292305724896864,tvm
197,197,1,192,96,16,48,16,1,[197; 197; 1; 192; 96; 16; 48; 16; 1],0.008906128750822973,0.09707344185302538,tvm
1,1,1,256,32,16,3072,12,1,[1; 1; 1; 256; 32; 16; 3072; 12; 1],0.009747207313921535,0.08869705379034795,tvm
1,1,1,384,32,16,64,16,1,[1; 1; 1; 384; 32; 16; 64; 16; 1],0.027437779746833257,0.03150942165895743,tvm
1,1,1,256,128,128,1536,2,8,[1; 1; 1; 256; 128; 128; 1536; 2; 8],0.04245495550276246,0.02036390242765222,tvm
1,1,1,128,32,32,48,48,2,[1; 1; 1; 128; 32; 32; 48; 48; 2],0.018426006245135795,0.04692001945113852,tvm
197,197,1,192,64,32,96,3,2,[197; 197; 1; 192; 64; 32; 96; 3; 2],0.01998684062709799,0.04325588959049504,tvm
1,1,1,384,384,32,8,4,2,[1; 1; 1; 384; 384; 32; 8; 4; 2],0.021584825626632664,0.04005353512616933,tvm
197,197,1,768,192,192,768,48,12,[197; 197; 1; 768; 192; 192; 768; 48; 12],0.01967160062486073,0.04394907094321371,tvm
197,1,1,256,64,64,16,2,4,[197; 1; 1; 256; 64; 64; 16; 2; 4],0.028334616261417978,0.030512097409478234,tvm
197,1,1,128,128,32,768,12,2,[197; 1; 1; 128; 128; 32; 768; 12; 2],0.014502231744700111,0.05961486388083155,tvm
1,1,1,128,64,64,1024,16,4,[1; 1; 1; 128; 64; 64; 1024; 16; 4],0.01741913962905528,0.049632105249704565,tvm
197,1,1,768,192,48,64,4,3,[197; 1; 1; 768; 192; 48; 64; 4; 3],0.08627136200084351,0.010021269531135005,tvm
197,197,1,384,48,48,12,2,3,[197; 197; 1; 384; 48; 48; 12; 2; 3],0.005611074468106381,0.15407896942781768,tvm
197,197,1,384,96,48,64,64,3,[197; 197; 1; 384; 96; 48; 64; 64; 3],0.02611064950178843,0.033110956177836735,tvm
1,1,1,768,256,128,48,1,8,[1; 1; 1; 768; 256; 128; 48; 1; 8],0.00944662862457335,0.09151927166689248,tvm
197,197,1,192,32,16,192,16,1,[197; 197; 1; 192; 32; 16; 192; 16; 1],0.024637551621708553,0.03509068533688239,tvm
1,1,1,128,64,16,192,6,1,[1; 1; 1; 128; 64; 16; 192; 6; 1],0.009731204310810426,0.08884291643821943,tvm
1,1,1,768,768,48,128,1,3,[1; 1; 1; 768; 768; 48; 128; 1; 3],0.009647954499087064,0.08960951997756407,tvm
1,1,1,384,192,32,2,1,2,[1; 1; 1; 384; 192; 32; 2; 1; 2],0.026205428250250407,0.03299120179119035,tvm
1,1,1,192,192,48,48,6,3,[1; 1; 1; 192; 192; 48; 48; 6; 3],0.02666816501005087,0.032418749887843226,tvm
197,197,1,384,64,32,48,16,2,[197; 197; 1; 384; 64; 32; 48; 16; 2],0.012562254247313831,0.06882113308711583,tvm
1,1,1,48,48,48,384,3,3,[1; 1; 1; 48; 48; 48; 384; 3; 3],0.02664285850187298,0.032449542580717985,tvm
197,1,1,768,128,32,48,1,2,[197; 1; 1; 768; 128; 32; 48; 1; 2],0.08594905099016614,0.010058849533166906,tvm
197,1,1,192,192,48,3072,2,3,[197; 1; 1; 192; 192; 48; 3072; 2; 3],0.042792337757418863,0.020203349869070554,tvm
1,1,1,768,768,192,128,1,12,[1; 1; 1; 768; 768; 192; 128; 1; 12],0.008919168874854222,0.09693151722533136,tvm
197,1,1,768,96,96,3072,24,6,[197; 1; 1; 768; 96; 96; 3072; 24; 6],0.09216926697990857,0.009380009191317852,tvm
197,197,1,384,16,16,192,16,1,[197; 197; 1; 384; 16; 16; 192; 16; 1],0.024667052748554852,0.03504871782784111,tvm
1,1,1,128,128,64,512,16,4,[1; 1; 1; 128; 128; 64; 512; 16; 4],0.009522417312837206,0.09079087200506013,tvm
1,1,1,96,96,32,3072,1,2,[1; 1; 1; 96; 96; 32; 3072; 1; 2],0.014441796876781154,0.059864335359719134,tvm
1,1,1,768,256,128,256,4,8,[1; 1; 1; 768; 256; 128; 256; 4; 8],0.017118257375841495,0.05050447323269505,tvm
1,1,1,384,96,16,3072,1,1,[1; 1; 1; 384; 96; 16; 3072; 1; 1],0.018815489253029227,0.045948769112627894,tvm
197,197,1,384,384,96,768,4,6,[197; 197; 1; 384; 384; 96; 768; 4; 6],0.029505640995921567,0.02930112826723792,tvm
1,1,1,384,128,16,128,4,1,[1; 1; 1; 384; 128; 16; 128; 4; 1],0.00987892762714182,0.0875144149303484,tvm
197,1,1,256,256,64,96,3,4,[197; 1; 1; 256; 256; 64; 96; 3; 4],0.028802191751310602,0.03001676326903946,tvm
1,1,1,768,384,16,768,32,1,[1; 1; 1; 768; 384; 16; 768; 32; 1],0.01850085762271192,0.0467301888949861,tvm
197,197,1,384,96,96,768,3,6,[197; 197; 1; 384; 96; 96; 768; 3; 6],0.010377960876212455,0.0833062083911129,tvm
197,1,1,384,96,96,48,6,6,[197; 1; 1; 384; 96; 96; 48; 6; 6],0.041511294737574644,0.020826827418755762,tvm
197,197,1,128,64,64,16,2,4,[197; 197; 1; 128; 64; 64; 16; 2; 4],0.002390252109762514,0.36169765017568356,tvm
197,1,1,768,384,192,256,32,12,[197; 1; 1; 768; 384; 192; 256; 32; 12],0.09012637502746657,0.009592625590068333,tvm
1,1,1,64,64,64,384,8,4,[1; 1; 1; 64; 64; 64; 384; 8; 4],0.009515133686363697,0.0908603704294319,tvm
197,1,1,256,64,16,128,2,1,[197; 1; 1; 256; 64; 16; 128; 2; 1],0.036768838501302525,0.023513078102751193,tvm
197,1,1,32,32,32,768,12,2,[197; 1; 1; 32; 32; 32; 768; 12; 2],0.011289817251963541,0.07657772948257492,tvm
1,1,1,768,256,32,64,16,2,[1; 1; 1; 768; 256; 32; 64; 16; 2],0.009642635250202147,0.08965895203911681,tvm
197,1,1,256,64,64,1024,64,4,[197; 1; 1; 256; 64; 64; 1024; 64; 4],0.028702183510176837,0.03012135195644719,tvm
197,1,1,64,64,32,16,4,2,[197; 1; 1; 64; 64; 32; 16; 4; 2],0.01451530587655725,0.05956116796855442,tvm
197,197,1,192,192,48,64,32,3,[197; 197; 1; 192; 192; 48; 64; 32; 3],0.010972246564051602,0.07879412537639228,tvm
197,197,1,192,192,16,48,48,1,[197; 197; 1; 192; 192; 16; 48; 48; 1],0.017198776127770543,0.050268028667028286,tvm
1,1,1,256,64,32,96,4,2,[1; 1; 1; 256; 64; 32; 96; 4; 2],0.02584661376022268,0.033449200713444746,tvm
1,1,1,192,192,48,768,12,3,[1; 1; 1; 192; 192; 48; 768; 12; 3],0.00919883174719871,0.09398460534859217,tvm
197,1,1,384,384,16,48,1,1,[197; 1; 1; 384; 384; 16; 48; 1; 1],0.05554675549501553,0.015564339694082606,tvm
197,1,1,384,192,48,192,64,3,[197; 1; 1; 384; 192; 48; 192; 64; 3],0.08552167800371535,0.010109116093243779,tvm
197,197,1,192,96,96,32,1,6,[197; 197; 1; 192; 96; 96; 32; 1; 6],0.014122435495664831,0.06121809313230442,tvm
1,1,1,384,32,32,96,1,2,[1; 1; 1; 384; 32; 32; 96; 1; 2],0.009784948186279507,0.08835494628789602,tvm
197,1,1,64,32,32,24,1,2,[197; 1; 1; 64; 32; 32; 24; 1; 2],0.05665651700110175,0.015259472646575845,tvm
197,1,1,384,384,64,48,6,4,[197; 1; 1; 384; 384; 64; 48; 6; 4],0.041003959500812925,0.02108451432382844,tvm
197,1,1,96,96,96,256,4,6,[197; 1; 1; 96; 96; 96; 256; 4; 6],0.027501977747306228,0.03143586906266232,tvm
197,1,1,192,64,16,1024,4,1,[197; 1; 1; 192; 64; 16; 1024; 4; 1],0.028581890001078136,0.03024812464801872,tvm
197,1,1,256,32,32,128,8,2,[197; 1; 1; 256; 32; 32; 128; 8; 2],0.028399499249644578,0.030442387868490014,tvm
1,1,1,256,16,16,64,4,1,[1; 1; 1; 256; 16; 16; 64; 4; 1],0.009766617877176031,0.08852077375208532,tvm
1,1,1,384,96,16,48,3,1,[1; 1; 1; 384; 96; 16; 48; 3; 1],0.018070285754220095,0.04784365799122278,tvm
197,1,1,384,128,32,3072,8,2,[197; 1; 1; 384; 128; 32; 3072; 8; 2],0.043146997239091434,0.020037282470384412,tvm
197,1,1,96,32,32,256,64,2,[197; 1; 1; 96; 32; 32; 256; 64; 2],0.021501137503946666,0.040209434094818385,tvm
197,1,1,768,96,32,96,12,2,[197; 1; 1; 768; 96; 32; 96; 12; 2],0.084777985495748,0.010197795646747615,tvm
197,197,1,384,64,16,512,32,1,[197; 197; 1; 384; 64; 16; 512; 32; 1],0.02678396599367261,0.03227858680946692,tvm
197,1,1,384,96,32,768,3,2,[197; 1; 1; 384; 96; 32; 768; 3; 2],0.04259632200410124,0.020296319746698585,tvm
197,1,1,768,32,32,16,16,2,[197; 1; 1; 768; 32; 32; 16; 16; 2],0.08513855701312423,0.010154606816924323,tvm
1,1,1,384,96,32,64,16,2,[1; 1; 1; 384; 96; 32; 64; 16; 2],0.00928695643597166,0.09309277774577143,tvm
197,1,1,768,192,48,192,8,3,[197; 1; 1; 768; 192; 48; 192; 8; 3],0.08732854502159171,0.009899953917872037,tvm
197,1,1,384,128,16,384,24,1,[197; 1; 1; 384; 128; 16; 384; 24; 1],0.05610349151538685,0.01540988890489038,tvm
197,197,1,96,48,48,8,2,3,[197; 197; 1; 96; 48; 48; 8; 2; 3],0.001457027218748408,0.5933647362958819,tvm
197,197,1,192,32,16,4,4,1,[197; 197; 1; 192; 32; 16; 4; 4; 1],0.004185232406598516,0.20657122172367487,tvm
197,197,1,768,96,32,48,4,2,[197; 197; 1; 768; 96; 32; 48; 4; 2],0.024975967877253424,0.03461521794380385,tvm
197,1,1,384,96,16,1,1,1,[197; 1; 1; 384; 96; 16; 1; 1; 1],0.03976405248977244,0.021741963338644588,tvm
1,1,1,384,384,192,256,16,12,[1; 1; 1; 384; 384; 192; 256; 16; 12],0.01064318350108806,0.08123026078994015,tvm
197,197,1,96,96,96,24,3,6,[197; 197; 1; 96; 96; 96; 24; 3; 6],0.003738164781680098,0.23127620688781,tvm
197,197,1,64,32,16,96,6,1,[197; 197; 1; 64; 32; 16; 96; 6; 1],0.021305444875906687,0.04057876174208632,tvm
197,1,1,768,384,32,384,2,2,[197; 1; 1; 768; 384; 32; 384; 2; 2],0.08482950247707777,0.010191602522509025,tvm
197,197,1,768,768,128,48,3,8,[197; 197; 1; 768; 768; 128; 48; 3; 8],0.02125565650203498,0.040673811761391655,tvm
1,1,1,384,128,128,32,2,8,[1; 1; 1; 384; 128; 128; 32; 2; 8],0.010070569063827861,0.0858490285850791,tvm
1,1,1,384,128,128,768,48,8,[1; 1; 1; 384; 128; 128; 768; 48; 8],0.017535958126245532,0.04930147330442287,tvm
1,1,1,192,192,16,3072,4,1,[1; 1; 1; 192; 192; 16; 3072; 4; 1],0.009787481623789063,0.08833207608045303,tvm
197,197,1,256,128,64,32,4,4,[197; 197; 1; 256; 128; 64; 32; 4; 4],0.004593369623762555,0.18821663446287082,tvm
1,1,1,384,96,48,384,2,3,[1; 1; 1; 384; 96; 48; 384; 2; 3],0.017278614126553293,0.0500357589501323,tvm
197,1,1,768,128,128,48,24,8,[197; 1; 1; 768; 128; 128; 48; 24; 8],0.09369971000705846,0.009226800929943588,tvm
1,1,1,192,192,96,6,1,6,[1; 1; 1; 192; 192; 96; 6; 1; 6],0.01242156962689478,0.06960058973196744,tvm
197,1,1,256,256,64,512,32,4,[197; 1; 1; 256; 256; 64; 512; 32; 4],0.028463432754506357,0.030374009308195452,tvm
1,1,1,192,192,64,48,8,4,[1; 1; 1; 192; 192; 64; 48; 8; 4],0.009586337186192395,0.09018549573593312,tvm
197,197,1,768,64,64,1024,4,4,[197; 197; 1; 768; 64; 64; 1024; 4; 4],0.02802745699591469,0.030846486413469078,tvm
197,1,1,768,256,64,512,4,4,[197; 1; 1; 768; 256; 64; 512; 4; 4],0.08507923249271698,0.010161687477641257,tvm
197,197,1,768,32,32,96,8,2,[197; 197; 1; 768; 32; 32; 96; 8; 2],0.026647980004781857,0.03244330606948189,tvm
197,197,1,768,192,192,128,16,12,[197; 197; 1; 768; 192; 192; 128; 16; 12],0.019953028626332525,0.04332919015049196,tvm
197,197,1,768,192,96,384,6,6,[197; 197; 1; 768; 192; 96; 384; 6; 6],0.0200691053760238,0.04307858049624036,tvm
197,1,1,48,48,48,512,32,3,[197; 1; 1; 48; 48; 48; 512; 32; 3],0.011354449186910642,0.0761418327914329,tvm
197,1,1,384,96,48,1536,64,3,[197; 1; 1; 384; 96; 48; 1536; 64; 3],0.04286833824880887,0.02016753172028061,tvm
1,1,1,768,256,16,16,2,1,[1; 1; 1; 768; 256; 16; 16; 2; 1],0.010025670937466202,0.08623348769584388,tvm
197,197,1,128,32,16,768,16,1,[197; 197; 1; 128; 32; 16; 768; 16; 1],0.017540212997118942,0.04928951384858196,tvm
1,1,1,256,64,64,768,16,4,[1; 1; 1; 256; 64; 64; 768; 16; 4],0.00951812400307972,0.09083182475336891,tvm
1,1,1,768,768,48,64,64,3,[1; 1; 1; 768; 768; 48; 64; 64; 3],0.00971144574941718,0.0890236730695279,tvm
1,1,1,96,96,48,12,4,3,[1; 1; 1; 96; 96; 48; 12; 4; 3],0.031233759742463008,0.027679939224646014,tvm
197,197,1,192,96,16,256,1,1,[197; 197; 1; 192; 96; 16; 256; 1; 1],0.039640277755097486,0.02180985150431737,tvm
1,1,1,384,384,64,96,8,4,[1; 1; 1; 384; 384; 64; 96; 8; 4],0.01769289787625894,0.04886415879835368,tvm
197,1,1,128,64,16,48,12,1,[197; 1; 1; 128; 64; 16; 48; 12; 1],0.029640157750691287,0.02916815013943061,tvm
1,1,1,384,128,64,64,2,4,[1; 1; 1; 384; 128; 64; 64; 2; 4],0.02657114299654495,0.032537123884395516,tvm
1,1,1,128,128,32,192,8,2,[1; 1; 1; 128; 128; 32; 192; 8; 2],0.025455464754486457,0.03396318157091188,tvm
197,197,1,256,256,64,768,24,4,[197; 197; 1; 256; 256; 64; 768; 24; 4],0.0065299939378746785,0.13239653507396004,tvm
197,1,1,96,16,16,3072,12,1,[197; 1; 1; 96; 16; 16; 3072; 12; 1],0.014650323500973172,0.05901225125650927,tvm
1,1,1,192,32,16,12,6,1,[1; 1; 1; 192; 32; 16; 12; 6; 1],0.026385241508251056,0.03276636945537202,tvm
1,1,1,32,16,16,64,16,1,[1; 1; 1; 32; 16; 16; 64; 16; 1],0.026508741997531615,0.03261371556255195,tvm
1,1,1,768,192,48,24,24,3,[1; 1; 1; 768; 192; 48; 24; 24; 3],0.023692258626397233,0.03649076202744622,tvm
1,1,1,768,192,64,16,1,4,[1; 1; 1; 768; 192; 64; 16; 1; 4],0.019560205619200133,0.04419936008136529,tvm
1,1,1,256,128,16,3072,1,1,[1; 1; 1; 256; 128; 16; 3072; 1; 1],0.027760732991737314,0.03114285821220553,tvm
197,1,1,384,96,16,1024,1,1,[197; 1; 1; 384; 96; 16; 1024; 1; 1],0.0577832545095589,0.014961922424870546,tvm
1,1,1,384,96,48,768,48,3,[1; 1; 1; 384; 96; 48; 768; 48; 3],0.009277159435441718,0.09319108693181656,tvm
197,1,1,768,256,16,1536,3,1,[197; 1; 1; 768; 256; 16; 1536; 3; 1],0.11373571498552337,0.007601381602415862,tvm
1,1,1,128,32,16,32,2,1,[1; 1; 1; 128; 32; 16; 32; 2; 1],0.009615716189728118,0.08990995099794186,tvm
1,1,1,384,32,32,16,1,2,[1; 1; 1; 384; 32; 32; 16; 1; 2],0.009633440186007647,0.08974453100194763,tvm
1,1,1,256,32,16,768,1,1,[1; 1; 1; 256; 32; 16; 768; 1; 1],0.027914635502384044,0.030971157454473472,tvm
197,197,1,384,128,64,3072,2,4,[197; 197; 1; 384; 128; 64; 3072; 2; 4],0.04301802125701215,0.020097357948272568,tvm
197,1,1,768,128,64,384,4,4,[197; 1; 1; 768; 128; 64; 384; 4; 4],0.08464922200073488,0.010213307942996403,tvm
197,1,1,768,192,64,12,3,4,[197; 1; 1; 768; 192; 64; 12; 3; 4],0.09256150049623102,0.009340260981008779,tvm
1,1,1,384,64,32,4,2,2,[1; 1; 1; 384; 64; 32; 4; 2; 2],0.009630438002204755,0.0897725078787325,tvm
197,197,1,256,64,32,3072,8,2,[197; 197; 1; 256; 64; 32; 3072; 8; 2],0.028695369750494137,0.03012850431779795,tvm
1,1,1,192,96,16,768,16,1,[1; 1; 1; 192; 96; 16; 768; 16; 1],0.009787473187316209,0.08833215221973308,tvm
197,1,1,192,192,64,24,3,4,[197; 1; 1; 192; 192; 64; 24; 3; 4],0.03883432249131147,0.022262486274145756,tvm
1,1,1,768,192,96,1536,32,6,[1; 1; 1; 768; 192; 96; 1536; 32; 6],0.035732650256250054,0.024194918799154894,tvm
1,1,1,768,128,16,24,2,1,[1; 1; 1; 768; 128; 16; 24; 2; 1],0.016997610371618066,0.05086294793956215,tvm
1,1,1,256,128,32,16,16,2,[1; 1; 1; 256; 128; 32; 16; 16; 2],0.030417886009672657,0.028422375281229324,tvm
197,197,1,192,16,16,3072,48,1,[197; 197; 1; 192; 16; 16; 3072; 48; 1],0.028855936747277156,0.029960856200939315,tvm
197,1,1,768,192,32,3072,32,2,[197; 1; 1; 768; 192; 32; 3072; 32; 2],0.0851982939930167,0.01014748689098674,tvm
197,1,1,768,128,16,3072,16,1,[197; 1; 1; 768; 128; 16; 3072; 16; 1],0.11454482399858534,0.007547687806820924,tvm
197,1,1,192,192,16,96,8,1,[197; 1; 1; 192; 192; 16; 96; 8; 1],0.02746694299275987,0.03147596627904538,tvm
197,1,1,768,128,64,48,24,4,[197; 1; 1; 768; 128; 64; 48; 24; 4],0.08566370198968798,0.010092355937788492,tvm
1,1,1,16,16,16,24,24,1,[1; 1; 1; 16; 16; 16; 24; 24; 1],0.009735663876199396,0.0888022206212478,tvm
1,1,1,128,128,128,96,6,8,[1; 1; 1; 128; 128; 128; 96; 6; 8],0.009803046439628815,0.08819182656665113,tvm
197,1,1,192,64,64,1536,6,4,[197; 1; 1; 192; 64; 64; 1536; 6; 4],0.055048309499397874,0.015705270139821967,tvm
1,1,1,384,192,16,24,3,1,[1; 1; 1; 384; 192; 16; 24; 3; 1],0.014863439500913955,0.05816611769943358,tvm
1,1,1,384,384,48,12,1,3,[1; 1; 1; 384; 384; 48; 12; 1; 3],0.012655285121581983,0.06831521875032223,tvm
197,1,1,768,768,64,96,3,4,[197; 1; 1; 768; 768; 64; 96; 3; 4],0.0847724505001679,0.010198461485159722,tvm
197,197,1,32,32,32,1024,64,2,[197; 197; 1; 32; 32; 32; 1024; 64; 2],0.004453171814020607,0.19414219965791124,tvm
1,1,1,384,384,128,3,1,8,[1; 1; 1; 384; 384; 128; 3; 1; 8],0.01576297850260744,0.05484677729437757,tvm
1,1,1,192,192,96,16,4,6,[1; 1; 1; 192; 192; 96; 16; 4; 6],0.030079874995863065,0.028741760780171932,tvm
197,1,1,256,64,64,128,16,4,[197; 1; 1; 256; 64; 64; 128; 16; 4],0.05729968647938222,0.015088190259813313,tvm
1,1,1,64,32,32,768,8,2,[1; 1; 1; 64; 32; 32; 768; 8; 2],0.017046708751877304,0.05071645113508267,tvm
1,1,1,192,192,192,3072,3,12,[1; 1; 1; 192; 192; 192; 3072; 3; 12],0.02940892025071662,0.029397494503644844,tvm
1,1,1,384,64,64,128,16,4,[1; 1; 1; 384; 64; 64; 128; 16; 4],0.009619058811949799,0.08987870729665765,tvm
197,1,1,768,768,16,6,1,1,[197; 1; 1; 768; 768; 16; 6; 1; 1],0.08617665350902826,0.010032282947004869,tvm
1,1,1,256,64,64,128,64,4,[1; 1; 1; 256; 64; 64; 128; 64; 4],0.009521314437733963,0.09080138851441301,tvm
197,1,1,384,128,16,48,3,1,[197; 1; 1; 384; 128; 16; 48; 3; 1],0.10015665797982365,0.008631963055344088,tvm
1,1,1,384,96,96,96,3,6,[1; 1; 1; 384; 96; 96; 96; 3; 6],0.01793046987586422,0.048216727024667644,tvm
197,197,1,96,48,48,24,8,3,[197; 197; 1; 96; 48; 48; 24; 8; 3],0.0020130215780227445,0.4294780447797083,tvm
197,197,1,192,32,16,512,32,1,[197; 197; 1; 192; 32; 16; 512; 32; 1],0.026750096250907518,0.03231945647295534,tvm
1,1,1,64,16,16,64,2,1,[1; 1; 1; 64; 16; 16; 64; 2; 1],0.03650762274628505,0.023681316568785523,tvm
1,1,1,384,384,192,16,16,12,[1; 1; 1; 384; 384; 192; 16; 16; 12],0.011080193562520435,0.07802648631996557,tvm
197,197,1,256,32,32,384,1,2,[197; 197; 1; 256; 32; 32; 384; 1; 2],0.009316918374679517,0.09279340406997073,tvm
1,1,1,768,32,32,4,1,2,[1; 1; 1; 768; 32; 32; 4; 1; 2],0.009657493686972884,0.08952100818815671,tvm
1,1,1,384,384,32,192,48,2,[1; 1; 1; 384; 384; 32; 192; 48; 2],0.017775407002773136,0.048637343228973236,tvm
197,197,1,384,384,16,384,48,1,[197; 197; 1; 384; 384; 16; 384; 48; 1],0.053258339496096596,0.01623311165178058,tvm
197,1,1,384,384,48,6,6,3,[197; 1; 1; 384; 384; 48; 6; 6; 3],0.029376464255619794,0.0294299737335878,tvm
197,1,1,384,64,32,384,2,2,[197; 1; 1; 384; 64; 32; 384; 2; 2],0.04273074374941643,0.020232471882504464,tvm
1,1,1,96,16,16,3072,12,1,[1; 1; 1; 96; 16; 16; 3072; 12; 1],0.03637713698844891,0.02376626208112798,tvm
197,1,1,768,256,16,384,24,1,[197; 1; 1; 768; 256; 16; 384; 24; 1],0.11248332599643618,0.007686015360676327,tvm
197,1,1,384,16,16,512,32,1,[197; 1; 1; 384; 16; 16; 512; 32; 1],0.05662896650028415,0.015266896517071934,tvm
197,197,1,384,48,48,1536,6,3,[197; 197; 1; 384; 48; 48; 1536; 6; 3],0.04284414123685565,0.020178921702481555,tvm
197,197,1,256,16,16,192,2,1,[197; 197; 1; 256; 16; 16; 192; 2; 1],0.016913403873331845,0.05111617849980781,tvm
1,1,1,384,384,16,32,4,1,[1; 1; 1; 384; 384; 16; 32; 4; 1],0.009230867624864914,0.09365843023246943,tvm
1,1,1,128,128,64,6,6,4,[1; 1; 1; 128; 128; 64; 6; 6; 4],0.01775796762376558,0.04868510798902131,tvm
197,1,1,768,384,16,384,32,1,[197; 1; 1; 768; 384; 16; 384; 32; 1],0.11257192102493718,0.00767996640331877,tvm
197,197,1,96,96,96,192,24,6,[197; 197; 1; 96; 96; 96; 192; 24; 6],0.0025874849534375244,0.33412699474058843,tvm
1,1,1,768,96,16,384,4,1,[1; 1; 1; 768; 96; 16; 384; 4; 1],0.00987516381428577,0.08754777011171036,tvm
197,1,1,96,48,48,1024,8,3,[197; 1; 1; 96; 48; 48; 1024; 8; 3],0.011317381748085609,0.07639121756892349,tvm
1,1,1,384,64,64,24,3,4,[1; 1; 1; 384; 64; 64; 24; 3; 4],0.027938131999690086,0.030945110125407158,tvm
197,1,1,768,768,96,1024,16,6,[197; 1; 1; 768; 768; 96; 1024; 16; 6],0.08925219799857587,0.009686580171867212,tvm
197,1,1,96,32,32,12,3,2,[197; 1; 1; 96; 32; 32; 12; 3; 2],0.011397719874366885,0.0758527653739687,tvm
1,1,1,768,768,64,64,8,4,[1; 1; 1; 768; 768; 64; 64; 8; 4],0.01371799924527295,0.06302293475679291,tvm
197,1,1,192,192,32,32,1,2,[197; 1; 1; 192; 192; 32; 32; 1; 2],0.01578257574874442,0.05477867397514948,tvm
1,1,1,768,768,32,3072,4,2,[1; 1; 1; 768; 768; 32; 3072; 4; 2],0.027506098995218053,0.03143115901600127,tvm
1,1,1,384,384,32,32,32,2,[1; 1; 1; 384; 384; 32; 32; 32; 2],0.009307659998739837,0.09288570613297246,tvm
1,1,1,48,48,16,128,64,1,[1; 1; 1; 48; 48; 16; 128; 64; 1],0.018703181500313804,0.046224679550592285,tvm
197,1,1,384,384,48,1024,2,3,[197; 1; 1; 384; 384; 48; 1024; 2; 3],0.04381704400293529,0.01973087393505266,tvm
1,1,1,768,32,16,1536,3,1,[1; 1; 1; 768; 32; 16; 1536; 3; 1],0.018292754000867717,0.04726180494132056,tvm
197,1,1,384,96,96,64,8,6,[197; 1; 1; 384; 96; 96; 64; 8; 6],0.04049923751153983,0.021347280209466347,tvm
197,197,1,768,192,16,1024,4,1,[197; 197; 1; 768; 192; 16; 1024; 4; 1],0.055312492011580616,0.015630258915970797,tvm
197,1,1,384,32,16,1,1,1,[197; 1; 1; 384; 32; 16; 1; 1; 1],0.0430764732445823,0.0200700871336375,tvm
1,1,1,768,192,48,3072,64,3,[1; 1; 1; 768; 192; 48; 3072; 64; 3],0.009669541439507157,0.08940946960486228,tvm
197,1,1,768,128,64,768,12,4,[197; 1; 1; 768; 128; 64; 768; 12; 4],0.0850509314914234,0.010165068815451516,tvm
1,1,1,768,192,32,1536,1,2,[1; 1; 1; 768; 192; 32; 1536; 1; 2],0.009267486126191216,0.09328835885550839,tvm
197,1,1,192,96,16,64,16,1,[197; 1; 1; 192; 96; 16; 64; 16; 1],0.026164137001615018,0.03304326725453264,tvm
197,197,1,256,256,16,1536,6,1,[197; 197; 1; 256; 256; 16; 1536; 6; 1],0.07249085648800246,0.011926311997315933,tvm
197,1,1,192,96,48,768,8,3,[197; 1; 1; 192; 96; 48; 768; 8; 3],0.041469402494840324,0.02084786660565316,tvm
1,1,1,768,384,16,48,6,1,[1; 1; 1; 768; 384; 16; 48; 6; 1],0.009720867685246048,0.08893738701337837,tvm
1,1,1,192,48,16,8,8,1,[1; 1; 1; 192; 48; 16; 8; 8; 1],0.017289518000325188,0.05000420320637687,tvm
197,1,1,128,16,16,3,3,1,[197; 1; 1; 128; 16; 16; 3; 3; 1],0.038514763495186344,0.02244719928078033,tvm
197,1,1,384,192,64,64,8,4,[197; 1; 1; 384; 192; 64; 64; 8; 4],0.042516573739703745,0.02033438951881534,tvm
197,1,1,256,256,16,128,1,1,[197; 1; 1; 256; 256; 16; 128; 1; 1],0.037617328751366585,0.02298272099921937,tvm
1,1,1,768,32,16,1024,4,1,[1; 1; 1; 768; 32; 16; 1024; 4; 1],0.01880728612013627,0.04596881048685334,tvm
197,1,1,256,64,16,1536,64,1,[197; 1; 1; 256; 64; 16; 1536; 64; 1],0.03843613824574277,0.022493117438100844,tvm
1,1,1,128,128,64,3072,48,4,[1; 1; 1; 128; 128; 64; 3072; 48; 4],0.017536444873258006,0.04930010487741187,tvm
197,1,1,768,128,64,1536,64,4,[197; 1; 1; 768; 128; 64; 1536; 64; 4],0.08655308248125948,0.009988651433826911,tvm
197,1,1,384,384,96,192,48,6,[197; 1; 1; 384; 384; 96; 192; 48; 6],0.03914675925625488,0.02208480568644858,tvm
197,1,1,192,192,16,96,24,1,[197; 1; 1; 192; 192; 16; 96; 24; 1],0.02753568625485059,0.03139738604757946,tvm
1,1,1,768,768,96,16,2,6,[1; 1; 1; 768; 768; 96; 16; 2; 6],0.008311581314046634,0.1040173390311995,tvm
197,1,1,48,48,48,768,12,3,[197; 1; 1; 48; 48; 48; 768; 12; 3],0.021380747748480644,0.04043584357287073,tvm
197,1,1,128,64,64,1536,2,4,[197; 1; 1; 128; 64; 64; 1536; 2; 4],0.014719629500177689,0.05873439758916044,tvm
1,1,1,256,128,32,1536,3,2,[1; 1; 1; 256; 128; 32; 1536; 3; 2],0.025800085757509805,0.03350952316803526,tvm
1,1,1,768,384,128,96,16,8,[1; 1; 1; 768; 384; 128; 96; 16; 8],0.021102638995216694,0.04096874194855617,tvm
197,197,1,96,16,16,4,1,1,[197; 197; 1; 96; 16; 16; 4; 1; 1],0.005760518719398533,0.15008172241801873,tvm
1,1,1,96,96,16,32,1,1,[1; 1; 1; 96; 96; 16; 32; 1; 1],0.017820536748331506,0.04851417124175662,tvm
197,1,1,64,32,16,24,2,1,[197; 1; 1; 64; 32; 16; 24; 2; 1],0.016106996496091597,0.05367534360849686,tvm
1,1,1,256,128,64,8,1,4,[1; 1; 1; 256; 128; 64; 8; 1; 4],0.009782202814676566,0.08837974307090221,tvm
1,1,1,768,768,64,12,4,4,[1; 1; 1; 768; 768; 64; 12; 4; 4],0.01280025512096472,0.06754151095102648,tvm
1,1,1,768,384,96,1536,2,6,[1; 1; 1; 768; 384; 96; 1536; 2; 6],0.026551685004960746,0.03256096821226392,tvm
197,197,1,768,192,64,512,1,4,[197; 197; 1; 768; 192; 64; 512; 1; 4],0.020791329123312607,0.041582169485219804,tvm
197,197,1,384,128,16,24,3,1,[197; 197; 1; 384; 128; 16; 24; 3; 1],0.011254710811044788,0.07681659581871694,tvm
1,1,1,384,384,128,384,2,8,[1; 1; 1; 384; 384; 128; 384; 2; 8],0.008967047440819442,0.09641396202422296,tvm
1,1,1,768,768,32,3072,32,2,[1; 1; 1; 768; 768; 32; 3072; 32; 2],0.028351228509563953,0.030494219011953084,tvm
197,197,1,768,64,32,1024,4,2,[197; 197; 1; 768; 64; 32; 1024; 4; 2],0.02861542149912566,0.03021267995143764,tvm
197,1,1,768,192,16,24,6,1,[197; 1; 1; 768; 192; 16; 24; 6; 1],0.09165193399530835,0.009432955026053541,tvm
1,1,1,768,384,96,384,16,6,[1; 1; 1; 768; 384; 96; 384; 16; 6],0.0094457114355464,0.0915281582893878,tvm
197,1,1,128,64,16,16,2,1,[197; 1; 1; 128; 64; 16; 16; 2; 1],0.02823684099712409,0.030617751168291994,tvm
1,1,1,768,192,32,2,1,2,[1; 1; 1; 768; 192; 32; 2; 1; 2],0.014782271122385282,0.058485503632750784,tvm
197,1,1,384,96,48,768,48,3,[197; 1; 1; 384; 96; 48; 768; 48; 3],0.04386581950529944,0.019708934682597802,tvm
197,197,1,384,48,16,12,1,1,[197; 197; 1; 384; 48; 16; 12; 1; 1],0.010202756751823472,0.08473676207894071,tvm
1,1,1,96,96,48,4,1,3,[1; 1; 1; 96; 96; 48; 4; 1; 3],0.017353616502077784,0.049819504270193896,tvm
1,1,1,384,384,16,1024,16,1,[1; 1; 1; 384; 384; 16; 1024; 16; 1],0.019383914877835196,0.04460133966112033,tvm
197,197,1,384,64,16,32,2,1,[197; 197; 1; 384; 64; 16; 32; 2; 1],0.014362241374328732,0.06019593661570661,tvm
1,1,1,384,64,32,768,16,2,[1; 1; 1; 384; 64; 32; 768; 16; 2],0.009622830999433063,0.08984347449097953,tvm
1,1,1,768,384,16,128,4,1,[1; 1; 1; 768; 384; 16; 128; 4; 1],0.025496553498669527,0.0339084485075085,tvm
197,197,1,256,128,16,16,16,1,[197; 197; 1; 256; 128; 16; 16; 16; 1],0.0056907670932559995,0.15192127129102306,tvm
197,197,1,768,768,96,96,6,6,[197; 197; 1; 768; 768; 96; 96; 6; 6],0.020967133619706146,0.04123351274949751,tvm
197,1,1,768,256,128,8,1,8,[197; 1; 1; 768; 256; 128; 8; 1; 8],0.09307748251012526,0.009288482542859097,tvm
197,1,1,128,128,64,48,8,4,[197; 1; 1; 128; 128; 64; 48; 8; 4],0.013780746252450626,0.06273597638261635,tvm
197,1,1,32,32,16,96,32,1,[197; 1; 1; 32; 32; 16; 96; 32; 1],0.014105075628322084,0.061293437497960915,tvm
1,1,1,192,64,32,3072,4,2,[1; 1; 1; 192; 64; 32; 3072; 4; 2],0.00953320593907847,0.09068812495538549,tvm
197,1,1,384,192,96,384,6,6,[197; 1; 1; 384; 192; 96; 384; 6; 6],0.03877317675505765,0.02229759446563269,tvm
197,1,1,192,96,48,512,1,3,[197; 1; 1; 192; 96; 48; 512; 1; 3],0.022156756873300765,0.03901963524591299,tvm
197,197,1,192,96,96,48,24,6,[197; 197; 1; 192; 96; 96; 48; 24; 6],0.005421696499979589,0.15946089410055064,tvm
197,1,1,96,32,32,768,32,2,[197; 1; 1; 96; 32; 32; 768; 32; 2],0.032126722508110106,0.026910574871443042,tvm
197,197,1,128,32,16,1536,64,1,[197; 197; 1; 128; 32; 16; 1536; 64; 1],0.03623225750925485,0.023861294626969867,tvm
197,1,1,768,96,96,12,12,6,[197; 1; 1; 768; 96; 96; 12; 12; 6],0.09291385501273908,0.009304840180294276,tvm
197,1,1,384,128,64,128,64,4,[197; 1; 1; 384; 128; 64; 128; 64; 4],0.04212329500296619,0.0205242389363817,tvm
197,197,1,128,64,32,4,2,2,[197; 197; 1; 128; 64; 32; 4; 2; 2],0.00269291773383884,0.3210452961725384,tvm
197,197,1,128,128,32,4,4,2,[197; 197; 1; 128; 128; 32; 4; 4; 2],0.004970835907442961,0.1739241824768467,tvm
1,1,1,64,16,16,1536,64,1,[1; 1; 1; 64; 16; 16; 1536; 64; 1],0.013701164374651853,0.06310037218647263,tvm
197,197,1,768,96,32,16,4,2,[197; 197; 1; 768; 96; 32; 16; 4; 2],0.019880962376191746,0.043486253586189724,tvm
1,1,1,128,64,16,16,16,1,[1; 1; 1; 128; 64; 16; 16; 16; 1],0.009479496624408057,0.09120194939491924,tvm
197,1,1,384,96,16,96,12,1,[197; 1; 1; 384; 96; 16; 96; 12; 1],0.05490653699962422,0.015745822240337035,tvm
197,1,1,768,768,96,48,2,6,[197; 1; 1; 768; 768; 96; 48; 2; 6],0.08546344251953997,0.010116004527092446,tvm
197,197,1,384,96,48,1024,32,3,[197; 197; 1; 384; 96; 48; 1024; 32; 3],0.014694154873723164,0.05883622289667037,tvm
197,1,1,96,32,16,8,2,1,[197; 1; 1; 96; 32; 16; 8; 2; 1],0.0112814673120738,0.0766344082301513,tvm
1,1,1,384,128,16,192,2,1,[1; 1; 1; 384; 128; 16; 192; 2; 1],0.009861116061074426,0.08767248717832997,tvm
197,1,1,96,96,96,64,1,6,[197; 1; 1; 96; 96; 96; 64; 1; 6],0.028381882497342303,0.030461283585030988,tvm
197,197,1,384,96,16,12,2,1,[197; 197; 1; 384; 96; 16; 12; 2; 1],0.007737635438388679,0.11173291612309522,tvm
1,1,1,48,48,16,48,3,1,[1; 1; 1; 48; 48; 16; 48; 3; 1],0.02708798600360751,0.03191631047481466,tvm
1,1,1,256,64,16,512,1,1,[1; 1; 1; 256; 64; 16; 512; 1; 1],0.02675800998986233,0.03230989792425216,tvm
1,1,1,192,32,16,16,4,1,[1; 1; 1; 192; 32; 16; 16; 4; 1],0.027712539755157195,0.031197016912449617,tvm
197,1,1,128,16,16,48,1,1,[197; 1; 1; 128; 16; 16; 48; 1; 1],0.05726714699994773,0.015096763445005573,tvm
197,197,1,192,48,48,384,8,3,[197; 197; 1; 192; 48; 48; 384; 8; 3],0.010700125563744223,0.08079798375058,tvm
197,197,1,768,768,64,32,2,4,[197; 197; 1; 768; 768; 64; 32; 2; 4],0.021701344376197085,0.03983847988592095,tvm
197,197,1,768,384,64,768,64,4,[197; 197; 1; 768; 384; 64; 768; 64; 4],0.061062236985890195,0.014158481806494328,tvm
1,1,1,384,192,32,768,8,2,[1; 1; 1; 384; 192; 32; 768; 8; 2],0.009618220938136801,0.08988653691667514,tvm
1,1,1,768,256,16,64,4,1,[1; 1; 1; 768; 256; 16; 64; 4; 1],0.009875841875327751,0.08754175920823758,tvm
1,1,1,768,96,16,128,1,1,[1; 1; 1; 768; 96; 16; 128; 1; 1],0.018482290499377996,0.046777133573226055,tvm
197,1,1,384,96,96,768,32,6,[197; 1; 1; 384; 96; 96; 768; 32; 6],0.03942094424564857,0.021931198959649564,tvm
197,197,1,768,128,64,768,4,4,[197; 197; 1; 768; 128; 64; 768; 4; 4],0.021252730381092988,0.04067941181796093,tvm
197,197,1,32,32,32,96,8,2,[197; 197; 1; 32; 32; 32; 96; 8; 2],0.003348052312503569,0.2582243318600028,tvm
197,1,1,192,192,48,768,8,3,[197; 1; 1; 192; 192; 48; 768; 8; 3],0.02198740049789194,0.03932018118792445,tvm
197,197,1,768,256,64,4,4,4,[197; 197; 1; 768; 256; 64; 4; 4; 4],0.016634884748782497,0.05197202051501123,tvm
197,1,1,384,384,16,256,64,1,[197; 1; 1; 384; 384; 16; 256; 64; 1],0.055914338008733466,0.015462019264066658,tvm
197,1,1,256,64,16,32,8,1,[197; 1; 1; 256; 64; 16; 32; 8; 1],0.03140921625890769,0.02752531499996866,tvm
197,1,1,128,16,16,96,12,1,[197; 1; 1; 128; 16; 16; 96; 12; 1],0.025037224258994684,0.03453052792455538,tvm
197,1,1,96,96,48,12,3,3,[197; 1; 1; 96; 96; 48; 12; 3; 3],0.019004657995537855,0.045491403824870755,tvm
1,1,1,96,32,32,4,2,2,[1; 1; 1; 96; 32; 32; 4; 2; 2],0.01865549699869007,0.046342832436427575,tvm
1,1,1,384,384,16,1024,64,1,[1; 1; 1; 384; 384; 16; 1024; 64; 1],0.009581039499607868,0.09023536240132979,tvm
1,1,1,192,64,16,1536,24,1,[1; 1; 1; 192; 64; 16; 1536; 24; 1],0.009769339874765137,0.08849610951316768,tvm
1,1,1,768,16,16,48,2,1,[1; 1; 1; 768; 16; 16; 48; 2; 1],0.019091114249022212,0.045285390897121205,tvm
197,1,1,128,128,128,1536,16,8,[197; 1; 1; 128; 128; 128; 1536; 16; 8],0.013486153999110684,0.06410638433207734,tvm
197,197,1,256,128,128,24,2,8,[197; 197; 1; 256; 128; 128; 24; 2; 8],0.00788758493581554,0.10960878120029792,tvm
197,197,1,384,64,32,768,24,2,[197; 197; 1; 384; 64; 32; 768; 24; 2],0.01423147974855965,0.060749028681720274,tvm
197,1,1,768,384,96,512,32,6,[197; 1; 1; 768; 384; 96; 512; 32; 6],0.08661440401920117,0.009981579636995636,tvm
1,1,1,256,128,16,1536,24,1,[1; 1; 1; 256; 128; 16; 1536; 24; 1],0.013025602369452827,0.06637302037225391,tvm
197,1,1,16,16,16,2,1,1,[197; 1; 1; 16; 16; 16; 2; 1; 1],0.014920102374162525,0.05794521711363921,tvm
197,197,1,768,96,96,24,3,6,[197; 197; 1; 768; 96; 96; 24; 3; 6],0.013386924627411645,0.06458156712545347,tvm
197,197,1,256,256,64,384,8,4,[197; 197; 1; 256; 256; 64; 384; 8; 4],0.006885365997732151,0.12556319761554138,tvm
197,197,1,256,256,16,3072,12,1,[197; 197; 1; 256; 256; 16; 3072; 12; 1],0.038215494743781164,0.022622985185067113,tvm
197,197,1,768,768,16,3072,48,1,[197; 197; 1; 768; 768; 16; 3072; 48; 1],0.11482139595318586,0.007529507582202352,tvm
197,197,1,768,192,64,64,64,4,[197; 197; 1; 768; 192; 64; 64; 64; 4],0.026456661507836543,0.03267791634150399,tvm
197,197,1,128,128,64,24,24,4,[197; 197; 1; 128; 128; 64; 24; 24; 4],0.002292891781507933,0.3770559859829042,tvm
197,1,1,768,192,64,192,3,4,[197; 1; 1; 768; 192; 64; 192; 3; 4],0.08516677102306858,0.01015124280330408,tvm
1,1,1,768,16,16,3072,6,1,[1; 1; 1; 768; 16; 16; 3072; 6; 1],0.009880166060611373,0.08750344540009423,tvm
197,197,1,96,32,16,1536,48,1,[197; 197; 1; 96; 32; 16; 1536; 48; 1],0.0271926444984274,0.031793471630851125,tvm
197,1,1,768,768,64,48,6,4,[197; 1; 1; 768; 768; 64; 48; 6; 4],0.08617908149608411,0.010032000300071144,tvm
197,1,1,384,128,64,1536,64,4,[197; 1; 1; 384; 128; 64; 1536; 64; 4],0.042842768496484496,0.020179568262483148,tvm
1,1,1,768,32,16,128,64,1,[1; 1; 1; 768; 32; 16; 128; 64; 1],0.009837913185037905,0.08787926414551302,tvm
197,197,1,768,32,32,48,3,2,[197; 197; 1; 768; 32; 32; 48; 3; 2],0.027058995750849135,0.031950504718987624,tvm
1,1,1,256,256,32,512,1,2,[1; 1; 1; 256; 256; 32; 512; 1; 2],0.009511068001302192,0.09089921040520403,tvm
197,1,1,32,32,32,384,64,2,[197; 1; 1; 32; 32; 32; 384; 64; 2],0.011291831997368718,0.07656406609928602,tvm
197,1,1,96,32,16,16,16,1,[197; 1; 1; 96; 32; 16; 16; 16; 1],0.011246956873947056,0.07686955512661826,tvm
1,1,1,256,16,16,64,16,1,[1; 1; 1; 256; 16; 16; 64; 16; 1],0.009628691936086398,0.08978878721713149,tvm
197,197,1,192,96,96,24,4,6,[197; 197; 1; 192; 96; 96; 24; 4; 6],0.0036551845623762347,0.23652665321680189,tvm
197,1,1,384,16,16,64,8,1,[197; 1; 1; 384; 16; 16; 64; 8; 1],0.05757444302435033,0.015016186453821573,tvm
197,197,1,128,128,16,48,24,1,[197; 197; 1; 128; 128; 16; 48; 24; 1],0.01657876312674489,0.05214795366934703,tvm
197,1,1,256,256,64,2,2,4,[197; 1; 1; 256; 256; 64; 2; 2; 4],0.04632507600763347,0.01866264766162738,tvm
197,197,1,256,256,32,768,8,2,[197; 197; 1; 256; 256; 32; 768; 8; 2],0.009398068934387993,0.09199215045818039,tvm
1,1,1,768,256,128,96,12,8,[1; 1; 1; 768; 256; 128; 96; 12; 8],0.017172630497952923,0.050344562618501024,tvm
197,1,1,384,96,48,768,2,3,[197; 1; 1; 384; 96; 48; 768; 2; 3],0.04403877349977847,0.01963153155100744,tvm
1,1,1,384,48,16,3072,16,1,[1; 1; 1; 384; 48; 16; 3072; 16; 1],0.009603947251889622,0.0900201290941563,tvm
197,1,1,48,48,48,16,1,3,[197; 1; 1; 48; 48; 48; 16; 1; 3],0.01726034562307177,0.050088717242888575,tvm
197,1,1,384,16,16,3072,48,1,[197; 1; 1; 384; 16; 16; 3072; 48; 1],0.05754200599039905,0.015024651236052186,tvm
197,1,1,192,96,16,24,24,1,[197; 1; 1; 192; 96; 16; 24; 24; 1],0.021303866371454205,0.040581768414911304,tvm
197,1,1,768,64,64,96,32,4,[197; 1; 1; 768; 64; 64; 96; 32; 4],0.08663225299096666,0.009979523117316593,tvm
197,197,1,768,64,64,128,32,4,[197; 197; 1; 768; 64; 64; 128; 32; 4],0.02191622762620682,0.03944787333723292,tvm
1,1,1,256,32,16,1536,4,1,[1; 1; 1; 256; 32; 16; 1536; 4; 1],0.009752385998581303,0.08864995412961903,tvm
197,1,1,384,384,96,24,2,6,[197; 1; 1; 384; 384; 96; 24; 2; 6],0.029815729256370105,0.02899639193778436,tvm
197,1,1,768,256,32,384,32,2,[197; 1; 1; 768; 256; 32; 384; 32; 2],0.08455304850940593,0.010224924904184815,tvm
1,1,1,768,384,96,12,3,6,[1; 1; 1; 768; 384; 96; 12; 3; 6],0.010493106059584534,0.0823920549853665,tvm
197,197,1,384,384,128,96,3,8,[197; 197; 1; 384; 384; 128; 96; 3; 8],0.0102130060622585,0.0846517241014332,tvm
197,197,1,384,96,16,3072,6,1,[197; 197; 1; 384; 96; 16; 3072; 6; 1],0.057220536487875506,0.015109060915773851,tvm
1,1,1,384,128,64,384,16,4,[1; 1; 1; 384; 128; 64; 384; 16; 4],0.009666007248597452,0.08944216046951736,tvm
197,197,1,192,32,32,3,3,2,[197; 197; 1; 192; 32; 32; 3; 3; 2],0.013653996255015954,0.06331835422255733,tvm
1,1,1,768,256,128,192,12,8,[1; 1; 1; 768; 256; 128; 192; 12; 8],0.02578549599274993,0.03352848328655983,tvm
197,197,1,96,96,16,1,1,1,[197; 197; 1; 96; 96; 16; 1; 1; 1],0.017151971005660016,0.05040520247750402,tvm
1,1,1,768,768,32,768,4,2,[1; 1; 1; 768; 768; 32; 768; 4; 2],0.017713699002342764,0.04880677781158123,tvm
197,1,1,48,48,16,64,1,1,[197; 1; 1; 48; 48; 16; 64; 1; 1],0.014208268868969753,0.06084826937057112,tvm
1,1,1,64,32,32,32,32,2,[1; 1; 1; 64; 32; 32; 32; 32; 2],0.01738572800240945,0.04972748747183641,tvm
197,1,1,768,384,192,1536,6,12,[197; 1; 1; 768; 384; 192; 1536; 6; 12],0.09500920100254007,0.009099629954844665,tvm
197,197,1,768,768,192,256,2,12,[197; 197; 1; 768; 768; 192; 256; 2; 12],0.020990995879401453,0.041186639090189915,tvm
197,1,1,48,48,16,256,4,1,[197; 1; 1; 48; 48; 16; 256; 4; 1],0.014552707500115503,0.05940809099761742,tvm
197,1,1,768,32,32,64,32,2,[197; 1; 1; 768; 32; 32; 64; 32; 2],0.08508675100165419,0.01016078956184099,tvm
1,1,1,384,384,128,1536,32,8,[1; 1; 1; 384; 384; 128; 1536; 32; 8],0.00989023443617043,0.0874143658583821,tvm
197,1,1,256,64,32,192,24,2,[197; 1; 1; 256; 64; 32; 192; 24; 2],0.05733300399151631,0.015079422169410495,tvm
197,1,1,32,32,32,1024,64,2,[197; 1; 1; 32; 32; 32; 1024; 64; 2],0.02713173824304249,0.031864842705029095,tvm
197,197,1,96,48,16,192,4,1,[197; 197; 1; 96; 48; 16; 192; 4; 1],0.012473015438445145,0.06931351730422806,tvm
1,1,1,96,96,32,192,1,2,[1; 1; 1; 96; 96; 32; 192; 1; 2],0.009645442438340979,0.08963285789690267,tvm
1,1,1,768,384,96,6,2,6,[1; 1; 1; 768; 384; 96; 6; 2; 6],0.02103866000106791,0.04109332872838324,tvm
197,197,1,768,96,16,1536,2,1,[197; 197; 1; 768; 96; 16; 1536; 2; 1],0.10819944704417139,0.007990323380078159,tvm
1,1,1,768,768,16,96,8,1,[1; 1; 1; 768; 768; 16; 96; 8; 1],0.03352889549569227,0.025785178982100587,tvm
1,1,1,48,16,16,96,4,1,[1; 1; 1; 48; 16; 16; 96; 4; 1],0.009739974128024187,0.08876292278241917,tvm
1,1,1,256,256,64,96,32,4,[1; 1; 1; 256; 256; 64; 96; 32; 4],0.009419547499419423,0.09178238885486359,tvm
1,1,1,768,256,64,12,2,4,[1; 1; 1; 768; 256; 64; 12; 2; 4],0.020699519249319565,0.04176660148553889,tvm
197,1,1,256,64,64,384,2,4,[197; 1; 1; 256; 64; 64; 384; 2; 4],0.02872317649598699,0.03009933708235091,tvm
197,197,1,256,32,16,768,2,1,[197; 197; 1; 256; 32; 16; 768; 2; 1],0.018215319003502373,0.04746271922343711,tvm
197,1,1,96,96,32,192,16,2,[197; 1; 1; 96; 96; 32; 192; 16; 2],0.028538757236674428,0.030293840907604837,tvm
1,1,1,384,96,16,512,16,1,[1; 1; 1; 384; 96; 16; 512; 16; 1],0.027160002253367566,0.03183168261045988,tvm
197,197,1,768,768,16,16,16,1,[197; 197; 1; 768; 768; 16; 16; 16; 1],0.02706520599895157,0.03194317351443996,tvm
1,1,1,96,96,48,48,4,3,[1; 1; 1; 96; 96; 48; 48; 4; 3],0.009503414497885387,0.09097241540090067,tvm
1,1,1,384,16,16,12,12,1,[1; 1; 1; 384; 16; 16; 12; 12; 1],0.018000372125243302,0.048029483246968464,tvm
197,197,1,384,128,16,192,64,1,[197; 197; 1; 384; 128; 16; 192; 64; 1],0.024405534873949364,0.035424282888853895,tvm
197,197,1,256,64,64,256,1,4,[197; 197; 1; 256; 64; 64; 256; 1; 4],0.007091913499607472,0.12190624878270484,tvm
197,1,1,384,128,64,96,1,4,[197; 1; 1; 384; 128; 64; 96; 1; 4],0.042284862749511376,0.02044581713673794,tvm
197,1,1,768,256,64,24,8,4,[197; 1; 1; 768; 256; 64; 24; 8; 4],0.09223610602202825,0.009373211952617514,tvm
1,1,1,128,64,32,768,3,2,[1; 1; 1; 128; 64; 32; 768; 3; 2],0.009367497375933453,0.09229237401760369,tvm
197,1,1,32,32,32,512,64,2,[197; 1; 1; 32; 32; 32; 512; 64; 2],0.011289260623016162,0.07658150522860276,tvm
197,1,1,384,48,16,512,16,1,[197; 1; 1; 384; 48; 16; 512; 16; 1],0.056895330984843895,0.015195422128027953,tvm
197,197,1,64,64,16,64,64,1,[197; 197; 1; 64; 64; 16; 64; 64; 1],0.0074452563749218825,0.11612072545153188,tvm
1,1,1,384,48,48,512,1,3,[1; 1; 1; 384; 48; 48; 512; 1; 3],0.017283382374444045,0.0500219547712449,tvm
197,1,1,768,128,16,192,24,1,[197; 1; 1; 768; 128; 16; 192; 24; 1],0.11052574595669284,0.007822146450541273,tvm
197,197,1,96,32,16,128,1,1,[197; 197; 1; 96; 32; 16; 128; 1; 1],0.006243898436878226,0.13846294589327457,tvm
197,197,1,384,384,16,12,3,1,[197; 197; 1; 384; 384; 16; 12; 3; 1],0.015709241000877228,0.055034394811327526,tvm
197,1,1,192,96,16,32,1,1,[197; 1; 1; 192; 96; 16; 32; 1; 1],0.02408001787989633,0.03590315321777051,tvm
1,1,1,384,192,32,1024,8,2,[1; 1; 1; 384; 192; 32; 1024; 8; 2],0.02611805300693959,0.033101570442439186,tvm
197,1,1,384,192,32,768,2,2,[197; 1; 1; 384; 192; 32; 768; 2; 2],0.042588106502080336,0.020300235028912123,tvm
1,1,1,384,128,16,48,8,1,[1; 1; 1; 384; 128; 16; 48; 8; 1],0.009738321001350414,0.08877799071407529,tvm
197,197,1,192,96,16,128,64,1,[197; 197; 1; 192; 96; 16; 128; 64; 1],0.011426689565269044,0.07566045848102249,tvm
197,197,1,768,64,16,192,12,1,[197; 197; 1; 768; 64; 16; 192; 12; 1],0.04962319949117955,0.01742226580094344,tvm
1,1,1,768,96,96,768,8,6,[1; 1; 1; 768; 96; 96; 768; 8; 6],0.009402200063050259,0.09195173104496723,tvm
197,197,1,768,384,16,1024,2,1,[197; 197; 1; 768; 384; 16; 1024; 2; 1],0.0947042204788886,0.009128933927726018,tvm
197,1,1,32,32,16,24,6,1,[197; 1; 1; 32; 32; 16; 24; 6; 1],0.012420605875377078,0.06960599024742217,tvm
197,197,1,384,192,96,24,8,6,[197; 197; 1; 384; 192; 96; 24; 8; 6],0.005977881248327321,0.1446245811039625,tvm
197,197,1,768,768,192,1536,8,12,[197; 197; 1; 768; 768; 192; 1536; 8; 12],0.09530191301018931,0.009071681187933103,tvm
197,1,1,256,32,16,3072,16,1,[197; 1; 1; 256; 32; 16; 3072; 16; 1],0.038063980246079154,0.022713036467530895,tvm
197,197,1,768,192,64,384,12,4,[197; 197; 1; 768; 192; 64; 384; 12; 4],0.02087140200455906,0.04142263999513416,tvm
1,1,1,48,48,48,3072,4,3,[1; 1; 1; 48; 48; 48; 3072; 4; 3],0.009496728434896795,0.09103646348901487,tvm
197,197,1,48,48,16,768,8,1,[197; 197; 1; 48; 48; 16; 768; 8; 1],0.006798621187044773,0.12716528067132588,tvm
197,197,1,128,128,128,4,4,8,[197; 197; 1; 128; 128; 128; 4; 4; 8],0.0098167248761456,0.08806894176380589,tvm
1,1,1,768,768,96,96,32,6,[1; 1; 1; 768; 768; 96; 96; 32; 6],0.02403140700334916,0.03597577833491326,tvm
197,197,1,768,768,128,96,1,8,[197; 197; 1; 768; 768; 128; 96; 1; 8],0.022185437868756708,0.038969191257031584,tvm
197,197,1,768,96,48,384,32,3,[197; 197; 1; 768; 96; 48; 384; 32; 3],0.021502481627976522,0.040206920595794005,tvm
197,1,1,64,64,64,1024,8,4,[197; 1; 1; 64; 64; 64; 1024; 8; 4],0.01473139174777316,0.05868750123757038,tvm
197,1,1,192,32,32,128,1,2,[197; 1; 1; 192; 32; 32; 128; 1; 2],0.0319614222535165,0.027049752810466714,tvm
197,197,1,192,192,16,16,4,1,[197; 197; 1; 192; 192; 16; 16; 4; 1],0.009528538685117383,0.09073254567134299,tvm
197,1,1,48,48,48,192,6,3,[197; 1; 1; 48; 48; 48; 192; 6; 3],0.011361918248439906,0.07609177891658231,tvm
1,1,1,768,96,48,768,16,3,[1; 1; 1; 768; 96; 48; 768; 16; 3],0.018667765871214215,0.046312374892257965,tvm
197,197,1,768,192,48,512,8,3,[197; 197; 1; 768; 192; 48; 512; 8; 3],0.021730215121351648,0.03978555051574636,tvm
197,1,1,768,192,16,12,6,1,[197; 1; 1; 768; 192; 16; 12; 6; 1],0.0919705124979373,0.009400280023969218,tvm
197,1,1,192,48,48,256,16,3,[197; 1; 1; 192; 48; 48; 256; 16; 3],0.0220657317477162,0.03918059828303913,tvm
197,1,1,128,128,16,1536,2,1,[197; 1; 1; 128; 128; 16; 1536; 2; 1],0.025287516502430663,0.03418874966806132,tvm
197,1,1,384,32,16,192,1,1,[197; 1; 1; 384; 32; 16; 192; 1; 1],0.05570254198391922,0.015520810013987479,tvm
197,197,1,768,128,64,8,1,4,[197; 197; 1; 768; 128; 64; 8; 1; 4],0.016655294995871373,0.05190833135305508,tvm
197,1,1,192,48,16,3072,2,1,[197; 1; 1; 192; 48; 16; 3072; 2; 1],0.028653771500103176,0.030172243518639712,tvm
197,1,1,384,96,48,384,3,3,[197; 1; 1; 384; 96; 48; 384; 3; 3],0.04302221424586605,0.020095399239281244,tvm
197,1,1,48,48,16,1024,64,1,[197; 1; 1; 48; 48; 16; 1024; 64; 1],0.0287171457457589,0.030105658099961154,tvm
197,197,1,384,384,32,48,24,2,[197; 197; 1; 384; 384; 32; 48; 24; 2],0.012444013565982459,0.06947505857691622,tvm
1,1,1,256,256,32,32,4,2,[1; 1; 1; 256; 256; 32; 32; 4; 2],0.009484697624429828,0.09115193817056912,tvm
197,1,1,64,64,16,1024,1,1,[197; 1; 1; 64; 64; 16; 1024; 1; 1],0.019289534000563435,0.044819567512793125,tvm
197,1,1,64,16,16,24,4,1,[197; 1; 1; 64; 16; 16; 24; 4; 1],0.038044554996304214,0.022724633564844082,tvm
197,197,1,768,128,16,1024,64,1,[197; 197; 1; 768; 128; 16; 1024; 64; 1],0.055943966523045674,0.015453830415696881,tvm
197,1,1,768,128,16,3072,1,1,[197; 1; 1; 768; 128; 16; 3072; 1; 1],0.11425961297936738,0.007566528092342556,tvm
197,1,1,384,384,48,768,24,3,[197; 1; 1; 384; 384; 48; 768; 24; 3],0.04272410299745388,0.02023561668410203,tvm
1,1,1,768,96,32,512,16,2,[1; 1; 1; 768; 96; 32; 512; 16; 2],0.009636804563342594,0.08971319961361722,tvm
197,197,1,128,32,32,24,3,2,[197; 197; 1; 128; 32; 32; 24; 3; 2],0.003153099438350182,0.27419007498251785,tvm
197,1,1,192,64,64,256,16,4,[197; 1; 1; 192; 64; 64; 256; 16; 4],0.02197603437525686,0.039340517796148854,tvm
197,1,1,384,128,16,192,64,1,[197; 1; 1; 384; 128; 16; 192; 64; 1],0.05564199449145235,0.015537699166434125,tvm
1,1,1,768,768,192,96,8,12,[1; 1; 1; 768; 768; 192; 96; 8; 12],0.012917866493808106,0.06692657582759302,tvm
197,1,1,384,192,32,384,24,2,[197; 1; 1; 384; 192; 32; 384; 24; 2],0.04269850574200973,0.020247747699938104,tvm
197,197,1,768,96,96,12,6,6,[197; 197; 1; 768; 96; 96; 12; 6; 6],0.015351856120105367,0.056315572831374186,tvm
1,1,1,384,128,128,768,16,8,[1; 1; 1; 384; 128; 128; 768; 16; 8],0.00943718025155249,0.09161089948306819,tvm
197,1,1,768,96,96,3,1,6,[197; 1; 1; 768; 96; 96; 3; 1; 6],0.09226832751301117,0.009369938685695344,tvm
1,1,1,768,192,16,128,2,1,[1; 1; 1; 768; 192; 16; 128; 2; 1],0.009566654687660048,0.09037104397044306,tvm
197,197,1,768,768,192,64,16,12,[197; 197; 1; 768; 768; 192; 64; 16; 12],0.020748114249727223,0.041668778233180284,tvm
197,1,1,128,32,16,384,48,1,[197; 1; 1; 128; 32; 16; 384; 48; 1],0.018982779496582225,0.04554383469418848,tvm
197,1,1,256,256,32,256,32,2,[197; 1; 1; 256; 256; 32; 256; 32; 2],0.02845727674139198,0.03038057995799222,tvm
197,197,1,384,128,128,768,8,8,[197; 197; 1; 384; 128; 128; 768; 8; 8],0.010106503938004607,0.08554378217550715,tvm
1,1,1,192,96,32,24,6,2,[1; 1; 1; 192; 96; 32; 24; 6; 2],0.02608514649909921,0.03314332819478037,tvm
1,1,1,768,256,128,32,32,8,[1; 1; 1; 768; 256; 128; 32; 32; 8],0.023977564502274618,0.03605656326548747,tvm
1,1,1,768,384,32,64,4,2,[1; 1; 1; 768; 384; 32; 64; 4; 2],0.027117901743622497,0.03188110125931455,tvm
197,197,1,768,32,32,12,3,2,[197; 197; 1; 768; 32; 32; 12; 3; 2],0.012778409000020474,0.06765698072641016,tvm
197,197,1,384,64,16,256,16,1,[197; 197; 1; 384; 64; 16; 256; 16; 1],0.025599864005926065,0.03377160797527825,tvm
197,1,1,96,96,16,12,3,1,[197; 1; 1; 96; 96; 16; 12; 3; 1],0.013146450372005347,0.06576289013113233,tvm
197,197,1,128,128,128,8,8,8,[197; 197; 1; 128; 128; 128; 8; 8; 8],0.002144039281120058,0.40323355035590874,tvm
197,197,1,384,32,32,384,6,2,[197; 197; 1; 384; 32; 32; 384; 6; 2],0.014062406873563305,0.06147941666044978,tvm
197,1,1,128,128,128,24,4,8,[197; 1; 1; 128; 128; 128; 24; 4; 8],0.02629153100133408,0.032883158131213536,tvm
197,1,1,256,128,64,4,1,4,[197; 1; 1; 256; 128; 64; 4; 1; 4],0.05643992547993548,0.01531803176699658,tvm
197,1,1,768,256,16,384,12,1,[197; 1; 1; 768; 256; 16; 384; 12; 1],0.11229364003520459,0.007698998546645485,tvm
197,197,1,192,96,16,24,8,1,[197; 197; 1; 192; 96; 16; 24; 8; 1],0.011147408564283978,0.07755601370874336,tvm
197,197,1,64,32,16,96,16,1,[197; 197; 1; 64; 32; 16; 96; 16; 1],0.007207029873825377,0.11995906587933744,tvm
1,1,1,32,32,16,768,1,1,[1; 1; 1; 32; 32; 16; 768; 1; 1],0.00973752824938856,0.08878521831069996,tvm
197,1,1,64,64,64,384,1,4,[197; 1; 1; 64; 64; 64; 384; 1; 4],0.026191696248133667,0.033008498695084564,tvm
197,1,1,128,64,16,256,4,1,[197; 1; 1; 128; 64; 16; 256; 4; 1],0.03726098750485107,0.02320251365630109,tvm
197,197,1,64,16,16,12,2,1,[197; 197; 1; 64; 16; 16; 12; 2; 1],0.007536812812759308,0.11471010265306707,tvm
197,197,1,384,384,16,24,12,1,[197; 197; 1; 384; 384; 16; 24; 12; 1],0.012216317249112763,0.07076998360462201,tvm
197,197,1,384,128,128,64,16,8,[197; 197; 1; 384; 128; 128; 64; 16; 8],0.010250396560877562,0.08434293895792021,tvm
197,197,1,192,64,16,16,8,1,[197; 197; 1; 192; 64; 16; 16; 8; 1],0.006590725122805452,0.13117654815204338,tvm
1,1,1,768,768,48,192,4,3,[1; 1; 1; 768; 768; 48; 192; 4; 3],0.00961824518526555,0.08988631031708327,tvm
197,197,1,384,384,16,1024,64,1,[197; 197; 1; 384; 384; 16; 1024; 64; 1],0.0530520619940944,0.01629622938171207,tvm
197,1,1,768,32,16,1536,12,1,[197; 1; 1; 768; 32; 16; 1536; 12; 1],0.11410336499102414,0.007576889353759028,tvm
197,1,1,768,96,96,64,64,6,[197; 1; 1; 768; 96; 96; 64; 64; 6],0.09278722197632305,0.009317539128924263,tvm
197,1,1,384,32,16,256,1,1,[197; 1; 1; 384; 32; 16; 256; 1; 1],0.05697338350000791,0.015174604671819277,tvm
197,1,1,384,384,128,768,64,8,[197; 1; 1; 384; 384; 128; 768; 64; 8],0.03847469073662069,0.02247057883705569,tvm
197,1,1,768,256,128,3072,3,8,[197; 1; 1; 768; 256; 128; 3072; 3; 8],0.09322043397696689,0.009274238861001077,tvm
197,197,1,256,256,32,2,2,2,[197; 197; 1; 256; 256; 32; 2; 2; 2],0.008233227374148555,0.10500725075845234,tvm
197,1,1,768,768,16,48,3,1,[197; 1; 1; 768; 768; 16; 48; 3; 1],0.09993816350470297,0.008650835087517761,tvm
1,1,1,192,64,32,96,6,2,[1; 1; 1; 192; 64; 32; 96; 6; 2],0.009536752499116119,0.09065439954625006,tvm
197,197,1,128,64,16,3072,32,1,[197; 197; 1; 128; 64; 16; 3072; 32; 1],0.019198111374862492,0.04503300113992405,tvm
197,197,1,384,192,192,192,32,12,[197; 197; 1; 384; 192; 192; 192; 32; 12],0.01781461024802411,0.048530310761329284,tvm
197,1,1,128,64,64,768,6,4,[197; 1; 1; 128; 64; 64; 768; 6; 4],0.028598021002835594,0.030231062888681996,tvm
197,1,1,768,192,48,128,16,3,[197; 1; 1; 768; 192; 48; 128; 16; 3],0.08681646350305527,0.009958348181254191,tvm
197,1,1,192,32,32,16,2,2,[197; 1; 1; 192; 32; 32; 16; 2; 2],0.021584458874713164,0.040054215695044165,tvm
197,197,1,384,384,192,2,2,12,[197; 197; 1; 384; 384; 192; 2; 2; 12],0.026112588748219423,0.03310849719898122,tvm
197,1,1,768,768,128,24,4,8,[197; 1; 1; 768; 768; 128; 24; 4; 8],0.0848325599799864,0.010191235200641531,tvm
197,197,1,256,64,64,3072,32,4,[197; 197; 1; 256; 64; 64; 3072; 32; 4],0.028647807252127677,0.030178525142246664,tvm
197,197,1,192,96,16,768,8,1,[197; 197; 1; 192; 96; 16; 768; 8; 1],0.025819330505328253,0.033484546442835036,tvm
197,197,1,384,384,192,64,64,12,[197; 197; 1; 384; 384; 192; 64; 64; 12],0.011493293812236516,0.0752220021129292,tvm
197,1,1,96,48,48,12,6,3,[197; 1; 1; 96; 48; 48; 12; 6; 3],0.017016512123518623,0.05080644994420881,tvm
197,1,1,192,64,64,48,2,4,[197; 1; 1; 192; 64; 64; 48; 2; 4],0.021551263125729747,0.040115911832397384,tvm
197,1,1,256,256,64,512,8,4,[197; 1; 1; 256; 256; 64; 512; 8; 4],0.028628233005292714,0.03019915938467931,tvm
1,1,1,384,384,96,64,1,6,[1; 1; 1; 384; 384; 96; 64; 1; 6],0.018004569501499645,0.04801828621098444,tvm
1,1,1,768,384,48,6,1,3,[1; 1; 1; 768; 384; 48; 6; 1; 3],0.01061697456316324,0.08143078485166741,tvm
1,1,1,384,128,128,256,8,8,[1; 1; 1; 384; 128; 128; 256; 8; 8],0.010069735937577207,0.08585613136113508,tvm
197,197,1,192,64,32,256,32,2,[197; 197; 1; 192; 64; 32; 256; 32; 2],0.013673530003870837,0.06322789880768363,tvm
1,1,1,768,64,32,512,16,2,[1; 1; 1; 768; 64; 32; 512; 16; 2],0.045362526492681354,0.01905865123204844,tvm
1,1,1,192,64,64,256,32,4,[1; 1; 1; 192; 64; 64; 256; 32; 4],0.018206809130788315,0.047484903324800126,tvm
197,1,1,768,96,48,384,12,3,[197; 1; 1; 768; 96; 48; 384; 12; 3],0.08697748399572447,0.00993991239699541,tvm
197,1,1,16,16,16,12,1,1,[197; 1; 1; 16; 16; 16; 12; 1; 1],0.014667226249002852,0.0589442445866237,tvm
1,1,1,384,192,192,1536,48,12,[1; 1; 1; 384; 192; 192; 1536; 48; 12],0.019822950125671923,0.0436135169562339,tvm
197,197,1,768,384,96,16,16,6,[197; 197; 1; 768; 384; 96; 16; 16; 6],0.0133287457501865,0.06486346034595748,tvm
197,1,1,128,128,16,24,24,1,[197; 1; 1; 128; 128; 16; 24; 24; 1],0.012649585878534708,0.06834599802161415,tvm
197,197,1,768,16,16,96,32,1,[197; 197; 1; 768; 16; 16; 96; 32; 1],0.04554521849786397,0.0189822027414166,tvm
1,1,1,768,768,48,1,1,3,[1; 1; 1; 768; 768; 48; 1; 1; 3],0.008292371188872494,0.10425830582556486,tvm
197,197,1,192,48,48,3072,3,3,[197; 197; 1; 192; 48; 48; 3072; 3; 3],0.022347913873090874,0.038685873604944146,tvm
197,1,1,384,384,32,768,24,2,[197; 1; 1; 384; 384; 32; 768; 24; 2],0.042865958748734556,0.020168651225002488,tvm
197,1,1,256,64,32,384,8,2,[197; 1; 1; 256; 64; 32; 384; 8; 2],0.02847917249891907,0.030357222333668065,tvm
197,1,1,768,256,16,24,6,1,[197; 1; 1; 768; 256; 16; 24; 6; 1],0.09035095950821415,0.009568781296118632,tvm
1,1,1,768,64,32,512,64,2,[1; 1; 1; 768; 64; 32; 512; 64; 2],0.0096196203121508,0.08987346104882506,tvm
197,197,1,384,96,96,1536,3,6,[197; 197; 1; 384; 96; 96; 1536; 3; 6],0.07614148402353749,0.011354501196237717,tvm
197,1,1,384,16,16,48,4,1,[197; 1; 1; 384; 16; 16; 48; 4; 1],0.0570910504902713,0.015143329190901755,tvm
197,1,1,192,32,32,128,8,2,[197; 1; 1; 192; 32; 32; 128; 8; 2],0.02171456975338515,0.039814216042378385,tvm
197,1,1,384,96,48,256,16,3,[197; 1; 1; 384; 96; 48; 256; 16; 3],0.04416348300583195,0.0195760957376121,tvm
197,197,1,192,48,16,384,8,1,[197; 197; 1; 192; 48; 16; 384; 8; 1],0.013257034872367512,0.06521432430042146,tvm
197,1,1,48,48,48,3072,24,3,[197; 1; 1; 48; 48; 48; 3072; 24; 3],0.029601282745716162,0.02920645631661645,tvm
197,197,1,384,384,48,1536,1,3,[197; 197; 1; 384; 384; 48; 1536; 1; 3],0.04229209400364198,0.02044232123748994,tvm
197,197,1,768,192,64,768,2,4,[197; 197; 1; 768; 192; 64; 768; 2; 4],0.019882304746715818,0.04348331757521112,tvm
1,1,1,64,16,16,768,2,1,[1; 1; 1; 64; 16; 16; 768; 2; 1],0.009739536311826669,0.08876691289489362,tvm
197,197,1,768,384,32,3072,8,2,[197; 197; 1; 768; 384; 32; 3072; 8; 2],0.08606137899914756,0.010045720641277834,tvm
1,1,1,768,256,16,48,2,1,[1; 1; 1; 768; 256; 16; 48; 2; 1],0.009852339251665398,0.08775058890531319,tvm
197,1,1,192,48,48,512,32,3,[197; 1; 1; 192; 48; 48; 512; 32; 3],0.021939356251095887,0.03940628710951291,tvm
197,1,1,192,96,16,384,32,1,[197; 1; 1; 192; 96; 16; 384; 32; 1],0.056930201972136274,0.015186114601380004,tvm
197,197,1,768,192,192,8,1,12,[197; 197; 1; 768; 192; 192; 8; 1; 12],0.015286016998288687,0.05655813228032914,tvm
197,197,1,768,384,128,6,6,8,[197; 197; 1; 768; 384; 128; 6; 6; 8],0.013921972618845757,0.062099574183780384,tvm
1,1,1,64,64,16,24,12,1,[1; 1; 1; 64; 64; 16; 24; 12; 1],0.009519965249637607,0.09081425706480198,tvm
197,1,1,256,128,128,1536,8,8,[197; 1; 1; 256; 128; 128; 1536; 8; 8],0.025373605254571885,0.03407275248253477,tvm
197,197,1,96,96,16,1024,2,1,[197; 197; 1; 96; 96; 16; 1024; 2; 1],0.006971675873501226,0.1240087157113328,tvm
1,1,1,384,96,48,1024,2,3,[1; 1; 1; 384; 96; 48; 1024; 2; 3],0.018114557497028727,0.047726728713653674,tvm
197,197,1,384,128,64,4,4,4,[197; 197; 1; 384; 128; 64; 4; 4; 4],0.014995493002061266,0.05765389449414776,tvm
197,1,1,128,128,64,384,6,4,[197; 1; 1; 128; 128; 64; 384; 6; 4],0.02853139824583195,0.03030165447832092,tvm
1,1,1,384,96,16,24,12,1,[1; 1; 1; 384; 96; 16; 24; 12; 1],0.04436305350100156,0.019488031215187947,tvm
197,197,1,16,16,16,96,2,1,[197; 197; 1; 16; 16; 16; 96; 2; 1],0.011550958497537067,0.07484647889721993,tvm
1,1,1,128,128,32,3072,48,2,[1; 1; 1; 128; 128; 32; 3072; 48; 2],0.009500705000391463,0.09099835974203482,tvm
1,1,1,128,64,32,3072,16,2,[1; 1; 1; 128; 64; 32; 3072; 16; 2],0.00949873043646221,0.09101727617302206,tvm
197,1,1,768,384,96,192,4,6,[197; 1; 1; 768; 384; 96; 192; 4; 6],0.08833391149528325,0.00978727825807573,tvm
197,1,1,768,192,32,24,8,2,[197; 1; 1; 768; 192; 32; 24; 8; 2],0.0909726959944237,0.009503385185831638,tvm
197,1,1,192,192,64,384,48,4,[197; 1; 1; 192; 192; 64; 384; 48; 4],0.021536784122872632,0.04014288143002734,tvm
197,1,1,256,32,32,3072,8,2,[197; 1; 1; 256; 32; 32; 3072; 8; 2],0.02873104574973695,0.030091093062162098,tvm
1,1,1,384,192,192,1024,8,12,[1; 1; 1; 384; 192; 192; 1024; 8; 12],0.014563831129635219,0.05936271601428723,tvm
1,1,1,768,768,32,8,8,2,[1; 1; 1; 768; 768; 32; 8; 8; 2],0.009773432626388967,0.08845905061996626,tvm
197,1,1,384,192,192,128,64,12,[197; 1; 1; 384; 192; 192; 128; 64; 12],0.050055719999363646,0.017271723819766497,tvm
197,197,1,192,16,16,24,4,1,[197; 197; 1; 192; 16; 16; 24; 4; 1],0.005435371156636393,0.15905971211790912,tvm
197,197,1,768,32,16,48,1,1,[197; 197; 1; 768; 32; 16; 48; 1; 1],0.04021529700548854,0.021498002894534855,tvm
197,1,1,192,96,48,1536,2,3,[197; 1; 1; 192; 96; 48; 1536; 2; 3],0.021742433251347393,0.03976319308120653,tvm
197,197,1,192,32,16,3,1,1,[197; 197; 1; 192; 32; 16; 3; 1; 1],0.010146332439035177,0.08520798787377225,tvm
1,1,1,192,192,16,256,64,1,[1; 1; 1; 192; 192; 16; 256; 64; 1],0.009776633312867489,0.08843009078500451,tvm
197,197,1,768,16,16,192,2,1,[197; 197; 1; 768; 16; 16; 192; 2; 1],0.050858515984145924,0.016999091591624032,tvm
197,197,1,384,96,32,4,4,2,[197; 197; 1; 384; 96; 32; 4; 4; 2],0.007819565249519655,0.11056222997585183,tvm
197,197,1,384,384,128,3072,16,8,[197; 197; 1; 384; 384; 128; 3072; 16; 8],0.039197682242956944,0.022056114595497896,tvm
197,1,1,256,256,64,6,2,4,[197; 1; 1; 256; 256; 64; 6; 2; 4],0.03175696275138762,0.027223906083109126,tvm
197,197,1,768,192,96,192,4,6,[197; 197; 1; 768; 192; 96; 192; 4; 6],0.020847998624958564,0.04146913989113378,tvm
1,1,1,48,16,16,8,8,1,[1; 1; 1; 48; 16; 16; 8; 8; 1],0.009729463748954004,0.08885881007794673,tvm
197,197,1,768,48,16,64,16,1,[197; 197; 1; 768; 48; 16; 64; 16; 1],0.047103477743803523,0.01835424076606112,tvm
197,197,1,768,32,16,1536,48,1,[197; 197; 1; 768; 32; 16; 1536; 48; 1],0.10985413496382535,0.007869968405952719,tvm
1,1,1,384,384,48,64,16,3,[1; 1; 1; 384; 384; 48; 64; 16; 3],0.009682895815785741,0.08928615859102017,tvm
1,1,1,768,256,16,3072,64,1,[1; 1; 1; 768; 256; 16; 3072; 64; 1],0.014512995752738789,0.059570648690186516,tvm
197,1,1,768,256,32,3072,32,2,[197; 1; 1; 768; 256; 32; 3072; 32; 2],0.08593397299409844,0.010060614461383564,tvm
197,1,1,768,32,32,1536,1,2,[197; 1; 1; 768; 32; 32; 1536; 1; 2],0.08590223101782613,0.010064331987479618,tvm
1,1,1,768,768,16,32,1,1,[1; 1; 1; 768; 768; 16; 32; 1; 1],0.008386504563532071,0.10308807022987619,tvm
1,1,1,192,192,32,3072,24,2,[1; 1; 1; 192; 192; 32; 3072; 24; 2],0.00953800624847645,0.09064248323035748,tvm
1,1,1,64,64,64,3,3,4,[1; 1; 1; 64; 64; 64; 3; 3; 4],0.025617579740355723,0.033748253355356445,tvm
197,1,1,192,192,48,96,48,3,[197; 1; 1; 192; 192; 48; 96; 48; 3],0.021517579378269147,0.04017870952072281,tvm
197,197,1,384,384,48,256,16,3,[197; 197; 1; 384; 384; 48; 256; 16; 3],0.010321039564587409,0.08376564841345344,tvm
197,197,1,384,96,48,1536,4,3,[197; 197; 1; 384; 96; 48; 1536; 4; 3],0.04228891248931177,0.0204438591710553,tvm
197,1,1,768,96,48,6,3,3,[197; 1; 1; 768; 96; 48; 6; 3; 3],0.09377520449925214,0.00921937281870141,tvm
1,1,1,192,64,64,96,3,4,[1; 1; 1; 192; 64; 64; 96; 3; 4],0.009555194061249495,0.09047943619844366,tvm
197,1,1,192,64,16,768,16,1,[197; 1; 1; 192; 64; 16; 768; 16; 1],0.02878100574889686,0.030038858925620013,tvm
197,197,1,192,96,96,512,4,6,[197; 197; 1; 192; 96; 96; 512; 4; 6],0.007751151937554823,0.11153807568134211,tvm
197,1,1,64,32,32,24,4,2,[197; 1; 1; 64; 32; 32; 24; 4; 2],0.028531458257930353,0.030301590742852026,tvm
1,1,1,768,768,128,96,48,8,[1; 1; 1; 768; 768; 128; 96; 48; 8],0.016628295627015177,0.05199261492705131,tvm
197,1,1,384,384,128,256,1,8,[197; 1; 1; 384; 384; 128; 256; 1; 8],0.03601534124754835,0.024005008462537426,tvm
1,1,1,64,32,32,384,16,2,[1; 1; 1; 64; 32; 32; 384; 16; 2],0.01753562812518794,0.04930240110342814,tvm
1,1,1,192,64,16,96,6,1,[1; 1; 1; 192; 64; 16; 96; 6; 1],0.009729150686325738,0.08886166935863056,tvm
197,197,1,384,16,16,48,8,1,[197; 197; 1; 384; 16; 16; 48; 8; 1],0.016908897247049026,0.05112980218621022,tvm
197,1,1,256,128,64,768,6,4,[197; 1; 1; 256; 128; 64; 768; 6; 4],0.028754736500559375,0.03006630130002245,tvm
197,197,1,32,16,16,32,2,1,[197; 197; 1; 32; 16; 16; 32; 2; 1],0.008317405750858597,0.1039444987205686,tvm
1,1,1,48,48,48,48,12,3,[1; 1; 1; 48; 48; 48; 48; 12; 3],0.025991456757765263,0.033262797829532086,tvm
1,1,1,256,256,16,24,6,1,[1; 1; 1; 256; 256; 16; 24; 6; 1],0.022298319621768314,0.03877191582564689,tvm
1,1,1,64,64,64,512,16,4,[1; 1; 1; 64; 64; 64; 512; 16; 4],0.018391992372926325,0.04700679262466518,tvm
1,1,1,768,96,32,8,8,2,[1; 1; 1; 768; 96; 32; 8; 8; 2],0.026013119510025717,0.033235097816521605,tvm
197,1,1,768,96,96,8,4,6,[197; 1; 1; 768; 96; 96; 8; 4; 6],0.0925013544911053,0.009346334182724904,tvm
197,197,1,768,192,96,12,3,6,[197; 197; 1; 768; 192; 96; 12; 3; 6],0.01402044837595895,0.061663403925870476,tvm
1,1,1,768,384,192,512,1,12,[1; 1; 1; 768; 384; 192; 512; 1; 12],0.01181071449900628,0.07320036154470688,tvm
197,1,1,32,32,16,64,8,1,[197; 1; 1; 32; 32; 16; 64; 8; 1],0.02683731450815685,0.03221442187018388,tvm
197,1,1,64,32,16,3072,6,1,[197; 1; 1; 64; 32; 16; 3072; 6; 1],0.03192482274607755,0.027080763401726146,tvm
197,197,1,128,32,32,192,48,2,[197; 197; 1; 128; 32; 32; 192; 48; 2],0.0045815325938747264,0.1887029184479509,tvm
197,1,1,384,96,48,6,6,3,[197; 1; 1; 384; 96; 48; 6; 6; 3],0.03983554625301622,0.021702942541251345,tvm
197,197,1,768,768,192,384,6,12,[197; 197; 1; 768; 768; 192; 384; 6; 12],0.05262960999971256,0.016427037392701432,tvm
197,1,1,192,192,96,384,12,6,[197; 1; 1; 192; 192; 96; 384; 12; 6],0.018988429750606883,0.045530282534338565,tvm
197,197,1,256,64,16,96,24,1,[197; 197; 1; 256; 64; 16; 96; 24; 1],0.02843693499744404,0.03040231204615682,tvm
197,1,1,192,64,32,16,16,2,[197; 1; 1; 192; 64; 32; 16; 16; 2],0.021542747999774292,0.040131768307257246,tvm
197,1,1,256,256,64,32,32,4,[197; 1; 1; 256; 256; 64; 32; 32; 4],0.05443865151028149,0.01588115332477127,tvm
197,197,1,768,192,192,64,4,12,[197; 197; 1; 768; 192; 192; 64; 4; 12],0.020758531369210687,0.041647867859808264,tvm
197,1,1,256,64,32,24,1,2,[197; 1; 1; 256; 64; 32; 24; 1; 2],0.028565202504978515,0.03026579528984234,tvm
197,1,1,64,64,16,512,4,1,[197; 1; 1; 64; 64; 16; 512; 4; 1],0.03835947274637874,0.022538072333389607,tvm
197,197,1,384,64,32,6,3,2,[197; 197; 1; 384; 64; 32; 6; 3; 2],0.007091081373800989,0.12192055426451166,tvm
197,197,1,384,48,48,96,6,3,[197; 197; 1; 384; 48; 48; 96; 6; 3],0.01111067581223324,0.07781241987788658,tvm
197,197,1,192,96,32,3,3,2,[197; 197; 1; 192; 96; 32; 3; 3; 2],0.004468711187655572,0.1934670949012798,tvm
1,1,1,96,48,48,8,8,3,[1; 1; 1; 96; 48; 48; 8; 8; 3],0.017796490879845805,0.04857972154542312,tvm
197,1,1,256,32,32,192,6,2,[197; 1; 1; 256; 32; 32; 192; 6; 2],0.02860002550005447,0.030228944076533246,tvm
1,1,1,384,32,32,768,16,2,[1; 1; 1; 384; 32; 32; 768; 16; 2],0.018358951623667963,0.04709139111810797,tvm
197,1,1,96,32,32,1024,2,2,[197; 1; 1; 96; 32; 32; 1024; 2; 2],0.028603473998373374,0.03022529960793352,tvm
197,197,1,96,32,32,192,6,2,[197; 197; 1; 96; 32; 32; 192; 6; 2],0.006928619750397047,0.12477933593902713,tvm
197,197,1,768,384,48,1536,1,3,[197; 197; 1; 768; 384; 48; 1536; 1; 3],0.08588907201192342,0.010065873936890967,tvm
1,1,1,64,64,16,1536,12,1,[1; 1; 1; 64; 64; 16; 1536; 12; 1],0.009744850063725607,0.08871850934338964,tvm
197,197,1,384,32,32,48,4,2,[197; 197; 1; 384; 32; 32; 48; 4; 2],0.025184829486534,0.03432814869327721,tvm
197,1,1,384,192,16,192,64,1,[197; 1; 1; 384; 192; 16; 192; 64; 1],0.05618853299529292,0.015386566000948934,tvm
1,1,1,384,32,32,16,4,2,[1; 1; 1; 384; 32; 32; 16; 4; 2],0.017628319998038933,0.049043163019774336,tvm
197,1,1,768,768,96,1024,4,6,[197; 1; 1; 768; 768; 96; 1024; 4; 6],0.08867741201538593,0.009749366290466036,tvm
197,197,1,256,128,128,3072,6,8,[197; 197; 1; 256; 128; 128; 3072; 6; 8],0.02728743149782531,0.03168303222300245,tvm
197,1,1,384,384,96,24,4,6,[197; 1; 1; 384; 384; 96; 24; 4; 6],0.04044373375654686,0.021376576570124955,tvm
1,1,1,384,192,32,512,16,2,[1; 1; 1; 384; 192; 32; 512; 16; 2],0.009623889625800075,0.08983359172271241,tvm
1,1,1,192,64,32,48,48,2,[1; 1; 1; 192; 64; 32; 48; 48; 2],0.009987761310185306,0.08656079621635764,tvm
197,1,1,192,96,32,1024,16,2,[197; 1; 1; 192; 96; 32; 1024; 16; 2],0.021435116745124105,0.040333280275939354,tvm
197,197,1,192,192,96,3072,24,6,[197; 197; 1; 192; 192; 96; 3072; 24; 6],0.020422705500095617,0.04233271499824172,tvm
197,1,1,96,96,96,12,1,6,[197; 1; 1; 96; 96; 96; 12; 1; 6],0.018407678748189937,0.046966735092200805,tvm
1,1,1,768,192,96,16,1,6,[1; 1; 1; 768; 192; 96; 16; 1; 6],0.025729372253408656,0.03360161930550152,tvm
197,1,1,128,16,16,24,1,1,[197; 1; 1; 128; 16; 16; 24; 1; 1],0.03774920200521592,0.022902433045051233,tvm
1,1,1,768,64,16,64,16,1,[1; 1; 1; 768; 64; 16; 64; 16; 1],0.027049939497373998,0.031961201669693254,tvm
197,197,1,64,32,32,96,48,2,[197; 197; 1; 64; 32; 32; 96; 48; 2],0.008848660749208648,0.0977038894282267,tvm
197,1,1,384,96,16,24,4,1,[197; 1; 1; 384; 96; 16; 24; 4; 1],0.04386551525385585,0.01970907138387201,tvm
197,1,1,384,192,16,24,12,1,[197; 1; 1; 384; 192; 16; 24; 12; 1],0.0324733069865033,0.026623360897240888,tvm
1,1,1,768,96,48,48,2,3,[1; 1; 1; 768; 96; 48; 48; 2; 3],0.012784195627318695,0.06762635652892447,tvm
197,197,1,384,96,48,12,6,3,[197; 197; 1; 384; 96; 48; 12; 6; 3],0.006992063248617342,0.12364713256842079,tvm
1,1,1,96,96,16,384,3,1,[1; 1; 1; 96; 96; 16; 384; 3; 1],0.019150462874677032,0.04514504829916033,tvm
197,197,1,64,16,16,32,2,1,[197; 197; 1; 64; 16; 16; 32; 2; 1],0.00814128875208553,0.1061930853646608,tvm
1,1,1,768,768,128,512,8,8,[1; 1; 1; 768; 768; 128; 512; 8; 8],0.030813278252026066,0.02805766281527428,tvm
1,1,1,192,16,16,6,1,1,[1; 1; 1; 192; 16; 16; 6; 1; 1],0.027087584501714446,0.03191678354981604,tvm
197,1,1,384,16,16,12,2,1,[197; 1; 1; 384; 16; 16; 12; 2; 1],0.057187511993106455,0.01511778605673187,tvm
197,1,1,96,48,48,64,2,3,[197; 1; 1; 96; 48; 48; 64; 2; 3],0.011267870188021334,0.07672688422943114,tvm
197,1,1,256,64,16,12,4,1,[197; 1; 1; 256; 64; 16; 12; 4; 1],0.056671900500077754,0.015255330486532478,tvm
1,1,1,96,32,32,192,64,2,[1; 1; 1; 96; 32; 32; 192; 64; 2],0.01590671962912893,0.05435115420311932,tvm
1,1,1,768,96,96,256,4,6,[1; 1; 1; 768; 96; 96; 256; 4; 6],0.026761973509564996,0.03230511274213664,tvm
1,1,1,96,96,96,768,12,6,[1; 1; 1; 96; 96; 96; 768; 12; 6],0.025555657237418927,0.0338300268858939,tvm
197,197,1,96,96,48,512,64,3,[197; 197; 1; 96; 96; 48; 512; 64; 3],0.008010873061721213,0.10792189125548506,tvm
1,1,1,128,64,32,384,24,2,[1; 1; 1; 128; 64; 32; 384; 24; 2],0.018148219998693094,0.04763820206559266,tvm
197,1,1,384,128,64,384,3,4,[197; 1; 1; 384; 128; 64; 384; 3; 4],0.04245356874889694,0.020364567618382724,tvm
197,1,1,128,128,16,8,2,1,[197; 1; 1; 128; 128; 16; 8; 2; 1],0.03384148725308478,0.025547002853716617,tvm
197,197,1,768,32,16,3072,8,1,[197; 197; 1; 768; 32; 16; 3072; 8; 1],0.11478897102642804,0.007531634474095295,tvm
197,197,1,384,48,16,768,2,1,[197; 197; 1; 384; 48; 16; 768; 2; 1],0.027228606995777227,0.031751480035781876,tvm
197,1,1,384,32,32,32,16,2,[197; 1; 1; 384; 32; 32; 32; 16; 2],0.04337165426113643,0.019933493111035382,tvm
197,1,1,128,128,128,3072,4,8,[197; 1; 1; 128; 128; 128; 3072; 4; 8],0.02562196100188885,0.033742482527580026,tvm
197,197,1,256,256,64,32,2,4,[197; 197; 1; 256; 256; 64; 32; 2; 4],0.004848706781558576,0.17830498117905771,tvm
197,197,1,256,64,16,4,2,1,[197; 197; 1; 256; 64; 16; 4; 2; 1],0.010730425874498906,0.08056982840571036,tvm
197,1,1,768,192,192,768,2,12,[197; 1; 1; 768; 192; 192; 768; 2; 12],0.09710578099475242,0.008903162742445698,tvm
197,1,1,192,96,48,768,32,3,[197; 1; 1; 192; 96; 48; 768; 32; 3],0.021857567502593156,0.03955374134500567,tvm
197,1,1,768,96,48,8,2,3,[197; 1; 1; 768; 96; 48; 8; 2; 3],0.0946895919914823,0.00913034424634907,tvm
197,197,1,128,64,16,96,24,1,[197; 197; 1; 128; 64; 16; 96; 24; 1],0.007090241502737626,0.12193499630368851,tvm
197,1,1,768,768,64,256,4,4,[197; 1; 1; 768; 768; 64; 256; 4; 4],0.08547464001458138,0.010114679292958536,tvm
197,197,1,96,16,16,384,1,1,[197; 197; 1; 96; 16; 16; 384; 1; 1],0.00660241543664597,0.13094428542469336,tvm
1,1,1,384,384,64,6,2,4,[1; 1; 1; 384; 384; 64; 6; 2; 4],0.010853503063117387,0.07965617795479317,tvm
197,197,1,64,64,32,12,12,2,[197; 197; 1; 64; 64; 32; 12; 12; 2],0.004036071686641662,0.21420545484610695,tvm
1,1,1,192,96,16,4,2,1,[1; 1; 1; 192; 96; 16; 4; 2; 1],0.009828254875174025,0.0879656238476684,tvm
1,1,1,256,64,16,3072,4,1,[1; 1; 1; 256; 64; 16; 3072; 4; 1],0.009765395687281853,0.08853185258581305,tvm
1,1,1,384,384,48,48,12,3,[1; 1; 1; 384; 384; 48; 48; 12; 3],0.01820315350050805,0.047494439433499354,tvm
197,197,1,768,384,32,32,16,2,[197; 197; 1; 768; 384; 32; 32; 16; 2],0.022693452250678092,0.0380968290711581,tvm
197,197,1,384,192,16,32,4,1,[197; 197; 1; 384; 192; 16; 32; 4; 1],0.012675161378865596,0.0682080918409535,tvm
197,197,1,768,192,32,6,6,2,[197; 197; 1; 768; 192; 32; 6; 6; 2],0.01677782963088248,0.051529225796715754,tvm
197,1,1,64,64,64,3072,64,4,[197; 1; 1; 64; 64; 64; 3072; 64; 4],0.014449029877141584,0.05983436803575929,tvm
197,197,1,96,32,32,48,4,2,[197; 197; 1; 96; 32; 32; 48; 4; 2],0.0033886140627146233,0.2551333835686146,tvm
1,1,1,192,32,32,192,24,2,[1; 1; 1; 192; 32; 32; 192; 24; 2],0.00953091106202919,0.09070996107317611,tvm
1,1,1,768,384,16,192,48,1,[1; 1; 1; 768; 384; 16; 192; 48; 1],0.013278253747557756,0.06511011070168667,tvm
1,1,1,768,768,48,1024,1,3,[1; 1; 1; 768; 768; 48; 1024; 1; 3],0.025063003748073243,0.034495010259695424,tvm
1,1,1,768,192,96,1536,48,6,[1; 1; 1; 768; 192; 96; 1536; 48; 6],0.025695903997984715,0.03364538455219853,tvm
197,197,1,64,16,16,256,64,1,[197; 197; 1; 64; 16; 16; 256; 64; 1],0.017055904754670337,0.050689106433467634,tvm
197,197,1,768,192,16,512,8,1,[197; 197; 1; 768; 192; 16; 512; 8; 1],0.05386184449889697,0.016051224748648858,tvm
1,1,1,384,32,16,96,48,1,[1; 1; 1; 384; 32; 16; 96; 48; 1],0.009846238812315278,0.08780495658374941,tvm
197,197,1,192,64,16,64,1,1,[197; 197; 1; 192; 64; 16; 64; 1; 1],0.01798872961808229,0.0480605684661315,tvm
197,1,1,384,16,16,48,24,1,[197; 1; 1; 384; 16; 16; 48; 24; 1],0.05696139301289804,0.015177798956440681,tvm
1,1,1,768,48,48,3072,48,3,[1; 1; 1; 768; 48; 48; 3072; 48; 3],0.00964427587314276,0.08964369982780705,tvm
197,197,1,768,128,32,256,32,2,[197; 197; 1; 768; 128; 32; 256; 32; 2],0.027398866499424912,0.03155417292342067,tvm
197,197,1,192,32,32,1024,1,2,[197; 197; 1; 192; 32; 32; 1024; 1; 2],0.008166200062987627,0.10586913922756307,tvm
1,1,1,192,48,48,3072,8,3,[1; 1; 1; 192; 48; 48; 3072; 8; 3],0.009545236123813083,0.09057382763656618,tvm
197,197,1,384,384,64,6,6,4,[197; 197; 1; 384; 384; 64; 6; 6; 4],0.007344642999669304,0.11771144921100972,tvm
197,1,1,768,64,16,1024,32,1,[197; 1; 1; 768; 64; 16; 1024; 32; 1],0.11375992395915091,0.007599763970825216,tvm
197,1,1,256,256,16,3072,3,1,[197; 1; 1; 256; 256; 16; 3072; 3; 1],0.0378396945015993,0.022847662562181393,tvm
197,197,1,192,64,64,384,8,4,[197; 197; 1; 192; 64; 64; 384; 8; 4],0.0050402278120600386,0.17152966168710015,tvm
197,197,1,384,384,48,1024,64,3,[197; 197; 1; 384; 384; 48; 1024; 64; 3],0.03317910298937932,0.026057020640531323,tvm
197,1,1,768,128,32,12,4,2,[197; 1; 1; 768; 128; 32; 12; 4; 2],0.09361236752010882,0.009235409746931763,tvm
197,197,1,384,384,128,768,64,8,[197; 197; 1; 384; 384; 128; 768; 64; 8],0.028698443245957606,0.030125277668165838,tvm
1,1,1,96,96,96,24,6,6,[1; 1; 1; 96; 96; 96; 24; 6; 6],0.00976121725034318,0.08856974998668082,tvm
197,197,1,96,96,32,1536,16,2,[197; 197; 1; 96; 96; 32; 1536; 16; 2],0.014414322002267,0.059978441670208306,tvm
197,197,1,64,16,16,1536,4,1,[197; 197; 1; 64; 16; 16; 1536; 4; 1],0.05595093051670119,0.015451906937821277,tvm
1,1,1,128,64,32,1,1,2,[1; 1; 1; 128; 64; 32; 1; 1; 2],0.01791189199866494,0.048266736506283665,tvm
197,197,1,768,96,16,1536,1,1,[197; 197; 1; 768; 96; 16; 1536; 1; 1],0.10884355602320284,0.007943038642032886,tvm
1,1,1,128,16,16,4,4,1,[1; 1; 1; 128; 16; 16; 4; 4; 1],0.009742435624502832,0.08874049619113498,tvm
197,197,1,768,192,192,768,16,12,[197; 197; 1; 768; 192; 192; 768; 16; 12],0.02146973950584652,0.04026823759054656,tvm
197,1,1,128,64,32,96,1,2,[197; 1; 1; 128; 64; 32; 96; 1; 2],0.014202154874510597,0.06087446440823041,tvm
1,1,1,768,192,48,192,4,3,[1; 1; 1; 768; 192; 48; 192; 4; 3],0.015171793500485364,0.05698394005961875,tvm
1,1,1,768,192,96,96,8,6,[1; 1; 1; 768; 192; 96; 96; 8; 6],0.017921868377015926,0.04823986836870871,tvm
197,1,1,768,384,16,32,1,1,[197; 1; 1; 768; 384; 16; 32; 1; 1],0.09003057348309085,0.009602833104144863,tvm
197,1,1,768,192,16,192,16,1,[197; 1; 1; 768; 192; 16; 192; 16; 1],0.11181731999386102,0.007731794783456058,tvm
197,197,1,96,32,16,1024,64,1,[197; 197; 1; 96; 32; 16; 1024; 64; 1],0.0069215161238389555,0.12490739831565363,tvm
1,1,1,64,32,32,96,24,2,[1; 1; 1; 64; 32; 32; 96; 24; 2],0.009386245626956224,0.09210802761710035,tvm
197,1,1,384,128,128,1024,1,8,[197; 1; 1; 384; 128; 128; 1024; 1; 8],0.03921941775479354,0.02204389103463687,tvm
197,1,1,768,128,128,1536,4,8,[197; 1; 1; 768; 128; 128; 1536; 4; 8],0.09290354899712838,0.00930587238874259,tvm
197,1,1,128,16,16,1024,2,1,[197; 1; 1; 128; 16; 16; 1024; 2; 1],0.01945018099650042,0.04444938438280474,tvm
1,1,1,256,256,128,3072,1,8,[1; 1; 1; 256; 256; 128; 3072; 1; 8],0.018435016623698175,0.04689708661923288,tvm
197,1,1,768,128,32,8,4,2,[197; 1; 1; 768; 128; 32; 8; 4; 2],0.09385181148536503,0.00921184746192551,tvm
197,197,1,384,192,192,512,8,12,[197; 197; 1; 384; 192; 192; 512; 8; 12],0.009860456062597223,0.08767835543712682,tvm
197,197,1,48,16,16,1536,48,1,[197; 197; 1; 48; 16; 16; 1536; 48; 1],0.014090242875681724,0.06135796089936045,tvm
197,197,1,128,128,128,24,8,8,[197; 197; 1; 128; 128; 128; 24; 8; 8],0.0017839689999163966,0.484620849055722,tvm
197,197,1,768,384,16,64,16,1,[197; 197; 1; 768; 384; 16; 64; 16; 1],0.040495070003089495,0.02134947714283769,tvm
197,1,1,768,128,32,32,1,2,[197; 1; 1; 768; 128; 32; 32; 1; 2],0.0908965730050113,0.00951134396872044,tvm
197,197,1,768,768,64,4,1,4,[197; 197; 1; 768; 768; 64; 4; 1; 4],0.01621919962053653,0.05330402187873018,tvm
197,1,1,768,96,16,16,8,1,[197; 1; 1; 768; 96; 16; 16; 8; 1],0.09692569801700301,0.008919704362375698,tvm
1,1,1,384,192,96,192,2,6,[1; 1; 1; 384; 192; 96; 192; 2; 6],0.009601449186448008,0.09004355015999468,tvm
197,1,1,96,48,16,3,1,1,[197; 1; 1; 96; 48; 16; 3; 1; 1],0.011321023186610546,0.07636664612179923,tvm
1,1,1,256,128,32,12,4,2,[1; 1; 1; 256; 128; 32; 12; 4; 2],0.00968289218872087,0.08928619203626391,tvm
1,1,1,768,384,32,1536,32,2,[1; 1; 1; 768; 384; 32; 1536; 32; 2],0.01725155787426047,0.05011423186995118,tvm
197,1,1,768,256,32,256,2,2,[197; 1; 1; 768; 256; 32; 256; 2; 2],0.0865565204876475,0.009988254686739069,tvm
197,1,1,768,768,16,384,12,1,[197; 1; 1; 768; 768; 16; 384; 12; 1],0.11267172999214381,0.007673163192655808,tvm
1,1,1,768,256,16,1536,8,1,[1; 1; 1; 768; 256; 16; 1536; 8; 1],0.009882294812996406,0.08748459621864206,tvm
197,197,1,384,96,48,64,16,3,[197; 197; 1; 384; 96; 48; 64; 16; 3],0.01449050100200111,0.05966312491950271,tvm
1,1,1,128,128,16,96,3,1,[1; 1; 1; 128; 128; 16; 96; 3; 1],0.018451696247211657,0.046854693457205505,tvm
1,1,1,768,64,16,3072,64,1,[1; 1; 1; 768; 64; 16; 3072; 64; 1],0.009606568186427467,0.08999556914091748,tvm
1,1,1,768,384,128,12,2,8,[1; 1; 1; 768; 384; 128; 12; 2; 8],0.010750230812845984,0.08042139619881271,tvm
197,1,1,768,64,64,192,4,4,[197; 1; 1; 768; 64; 64; 192; 4; 4],0.08591956150485203,0.010062301951805804,tvm
1,1,1,768,768,16,192,2,1,[1; 1; 1; 768; 768; 16; 192; 2; 1],0.00984302487631794,0.08783362658247999,tvm
1,1,1,192,48,48,256,4,3,[1; 1; 1; 192; 48; 48; 256; 4; 3],0.01605277499766089,0.05385664295142416,tvm
197,197,1,48,48,16,1024,16,1,[197; 197; 1; 48; 48; 16; 1024; 16; 1],0.006951523315365193,0.12436821862017346,tvm
1,1,1,96,48,16,256,32,1,[1; 1; 1; 96; 48; 16; 256; 32; 1],0.01801117687864462,0.04800067076425439,tvm
1,1,1,768,768,128,32,2,8,[1; 1; 1; 768; 768; 128; 32; 2; 8],0.016252973247901537,0.053193256288672934,tvm
1,1,1,192,32,16,4,1,1,[1; 1; 1; 192; 32; 16; 4; 1; 1],0.017777319248125423,0.048632111476522875,tvm
1,1,1,768,192,64,768,6,4,[1; 1; 1; 768; 192; 64; 768; 6; 4],0.00963271475120564,0.08975128961649816,tvm
1,1,1,384,384,128,3072,32,8,[1; 1; 1; 384; 384; 128; 3072; 32; 8],0.010093994624185143,0.08564979511254334,tvm
197,197,1,384,192,192,512,1,12,[197; 197; 1; 384; 192; 192; 512; 1; 12],0.010880352314416086,0.07945961182553572,tvm
197,1,1,768,192,64,512,32,4,[197; 1; 1; 768; 192; 64; 512; 32; 4],0.08647587499581277,0.009997569512542468,tvm
197,1,1,384,384,192,3072,32,12,[197; 1; 1; 384; 384; 192; 3072; 32; 12],0.03692403524473775,0.023414249436666947,tvm
197,197,1,192,96,96,768,12,6,[197; 197; 1; 192; 96; 96; 768; 12; 6],0.005276308625980164,0.16385481455190026,tvm
197,1,1,768,768,192,96,24,12,[197; 1; 1; 768; 768; 192; 96; 24; 12],0.0843247229931876,0.010252610868326436,tvm
197,197,1,128,64,32,48,1,2,[197; 197; 1; 128; 64; 32; 48; 1; 2],0.005861700938112335,0.14749107478468274,tvm
197,1,1,768,192,32,3072,24,2,[197; 1; 1; 768; 192; 32; 3072; 24; 2],0.08516367949778214,0.01015161130339708,tvm
197,1,1,96,96,48,12,2,3,[197; 1; 1; 96; 96; 48; 12; 2; 3],0.010269111189700197,0.08418923073845999,tvm
197,197,1,384,64,32,96,48,2,[197; 197; 1; 384; 64; 32; 96; 48; 2],0.01312997100467328,0.06584542883764612,tvm
1,1,1,64,64,16,48,2,1,[1; 1; 1; 64; 64; 16; 48; 2; 1],0.00966685893581598,0.08943428027333625,tvm
197,197,1,384,48,16,1024,16,1,[197; 197; 1; 384; 48; 16; 1024; 16; 1],0.05589146149577573,0.015468347906663953,tvm
197,1,1,768,128,64,384,64,4,[197; 1; 1; 768; 128; 64; 384; 64; 4],0.08578037150437012,0.010078629367844677,tvm
197,197,1,256,128,16,192,2,1,[197; 197; 1; 256; 128; 16; 192; 2; 1],0.016914485371671617,0.05111291017322451,tvm
197,1,1,384,384,32,192,16,2,[197; 1; 1; 384; 384; 32; 192; 16; 2],0.04314918648742605,0.020036265844328407,tvm
197,1,1,768,96,48,48,48,3,[197; 1; 1; 768; 96; 48; 48; 48; 3],0.10519134101923555,0.008218818802495139,tvm
197,1,1,384,96,48,768,16,3,[197; 1; 1; 384; 96; 48; 768; 16; 3],0.0431391702441033,0.020040917953139042,tvm
1,1,1,96,96,48,256,8,3,[1; 1; 1; 96; 96; 48; 256; 8; 3],0.009496594499069033,0.09103774742759886,tvm
1,1,1,192,64,32,12,2,2,[1; 1; 1; 192; 64; 32; 12; 2; 2],0.014701853004225995,0.05880541528881155,tvm
197,1,1,384,96,32,1536,2,2,[197; 1; 1; 384; 96; 32; 1536; 2; 2],0.042846096243010834,0.020178000967114917,tvm
197,1,1,768,64,32,6,6,2,[197; 1; 1; 768; 64; 32; 6; 6; 2],0.08525004299008287,0.01014132710207717,tvm
197,1,1,384,192,32,3072,1,2,[197; 1; 1; 384; 192; 32; 3072; 1; 2],0.042665386747103184,0.02026346500860609,tvm
197,197,1,768,768,64,32,4,4,[197; 197; 1; 768; 768; 64; 32; 4; 4],0.021895529127505142,0.0394851645920046,tvm
197,197,1,32,32,16,768,48,1,[197; 197; 1; 32; 32; 16; 768; 48; 1],0.006797951624321286,0.12717780578717913,tvm
197,197,1,384,64,32,256,2,2,[197; 197; 1; 384; 64; 32; 256; 2; 2],0.014000510753248818,0.06175121655672118,tvm
1,1,1,32,32,32,24,2,2,[1; 1; 1; 32; 32; 32; 24; 2; 2],0.01782731500134105,0.04849572531609703,tvm
197,197,1,384,64,64,96,8,4,[197; 197; 1; 384; 64; 64; 96; 8; 4],0.010692339812521823,0.08085681773937793,tvm
197,197,1,32,16,16,96,1,1,[197; 197; 1; 32; 16; 16; 96; 1; 1],0.0120121001273219,0.07197314060529086,tvm
197,1,1,96,96,16,384,32,1,[197; 1; 1; 96; 96; 16; 384; 32; 1],0.028362552999169566,0.03048204339905102,tvm
1,1,1,768,384,64,12,6,4,[1; 1; 1; 768; 384; 64; 12; 6; 4],0.017553599129314534,0.04925192634624851,tvm
1,1,1,384,96,16,96,6,1,[1; 1; 1; 384; 96; 16; 96; 6; 1],0.0271758252492873,0.031813148763577825,tvm
197,197,1,256,32,32,48,1,2,[197; 197; 1; 256; 32; 32; 48; 1; 2],0.011637313000392169,0.07429108174708687,tvm
197,197,1,64,64,32,24,3,2,[197; 197; 1; 64; 64; 32; 24; 3; 2],0.003950527030610829,0.2188438567131878,tvm
197,197,1,768,128,16,768,2,1,[197; 197; 1; 768; 128; 16; 768; 2; 1],0.05510999748366885,0.0156876902722554,tvm
1,1,1,16,16,16,192,6,1,[1; 1; 1; 16; 16; 16; 192; 6; 1],0.009746672189066885,0.08870192355482723,tvm
197,1,1,384,96,32,192,8,2,[197; 1; 1; 384; 96; 32; 192; 8; 2],0.04284193525381852,0.02017996073955398,tvm
1,1,1,256,32,32,16,16,2,[1; 1; 1; 256; 32; 32; 16; 16; 2],0.00938019987734151,0.09216739331076998,tvm
1,1,1,192,96,96,96,2,6,[1; 1; 1; 192; 96; 96; 96; 2; 6],0.017185077245812863,0.050308099234131654,tvm
1,1,1,768,192,192,768,6,12,[1; 1; 1; 768; 192; 192; 768; 6; 12],0.02794506050122436,0.030937437812692974,tvm
1,1,1,192,64,64,6,1,4,[1; 1; 1; 192; 64; 64; 6; 1; 4],0.009552592688123696,0.09050407566350288,tvm
197,197,1,384,128,32,384,6,2,[197; 197; 1; 384; 128; 32; 384; 6; 2],0.013921029501943849,0.06210378128340659,tvm
1,1,1,96,96,32,12,3,2,[1; 1; 1; 96; 96; 32; 12; 3; 2],0.00980666537725483,0.08815928128166473,tvm
1,1,1,192,64,64,48,48,4,[1; 1; 1; 192; 64; 64; 48; 48; 4],0.017449744504119735,0.04954505615967379,tvm
197,197,1,384,64,16,12,2,1,[197; 197; 1; 384; 64; 16; 12; 2; 1],0.00841696600036812,0.1027149891529513,tvm
197,197,1,384,384,32,192,4,2,[197; 197; 1; 384; 384; 32; 192; 4; 2],0.013780340494122356,0.0627378236261522,tvm
197,197,1,384,384,96,96,8,6,[197; 197; 1; 384; 384; 96; 96; 8; 6],0.01030114612512989,0.0839274155445174,tvm
197,1,1,192,192,16,32,2,1,[197; 1; 1; 192; 192; 16; 32; 2; 1],0.03559712224523537,0.024287035493277553,tvm
197,197,1,384,96,32,64,64,2,[197; 197; 1; 384; 96; 32; 64; 64; 2],0.0142453598746215,0.060689837184723455,tvm
1,1,1,384,64,32,1536,4,2,[1; 1; 1; 384; 64; 32; 1536; 4; 2],0.009624151811294723,0.08983114443539361,tvm
197,1,1,384,384,48,6,2,3,[197; 1; 1; 384; 384; 48; 6; 2; 3],0.029275929497089237,0.029531037486428203,tvm
197,197,1,192,192,192,384,16,12,[197; 197; 1; 192; 192; 192; 384; 16; 12],0.009664291748777032,0.08945803726775692,tvm
197,1,1,256,32,32,8,1,2,[197; 1; 1; 256; 32; 32; 8; 1; 2],0.05796027451287955,0.014916226306631055,tvm
197,197,1,384,96,48,512,16,3,[197; 197; 1; 384; 96; 48; 512; 16; 3],0.010403617437987123,0.08310076534262134,tvm
197,197,1,64,64,32,8,1,2,[197; 197; 1; 64; 64; 32; 8; 1; 2],0.005438338843305246,0.15897291366698416,tvm
1,1,1,128,128,16,512,4,1,[1; 1; 1; 128; 128; 16; 512; 4; 1],0.02686115300457459,0.032185832502474275,tvm
197,1,1,256,256,16,8,2,1,[197; 1; 1; 256; 256; 16; 8; 2; 1],0.027894484490389004,0.030993531059032478,tvm
1,1,1,768,192,64,192,16,4,[1; 1; 1; 768; 192; 64; 192; 16; 4],0.018913591251475736,0.04571043964805546,tvm
1,1,1,192,96,96,2,2,6,[1; 1; 1; 192; 96; 96; 2; 2; 6],0.009446168562135426,0.09152372898511237,tvm
197,1,1,192,96,32,12,12,2,[197; 1; 1; 192; 96; 32; 12; 12; 2],0.06584918301086873,0.013129222442833852,tvm
1,1,1,768,96,16,6,3,1,[1; 1; 1; 768; 96; 16; 6; 3; 1],0.0338990424934309,0.0255036280625362,tvm
1,1,1,768,768,16,192,3,1,[1; 1; 1; 768; 768; 16; 192; 3; 1],0.03721002725069411,0.023234290198281007,tvm
1,1,1,192,48,16,256,1,1,[1; 1; 1; 192; 48; 16; 256; 1; 1],0.02813750175118912,0.030725846916812172,tvm
197,197,1,192,48,48,768,32,3,[197; 197; 1; 192; 48; 48; 768; 32; 3],0.010988821188220754,0.07867527886933921,tvm
197,197,1,128,64,32,128,64,2,[197; 197; 1; 128; 64; 32; 128; 64; 2],0.004419214030349394,0.19563401217754958,tvm
197,197,1,768,48,16,1536,32,1,[197; 197; 1; 768; 48; 16; 1536; 32; 1],0.11375703400699422,0.007599957039803056,tvm
1,1,1,768,192,64,768,3,4,[1; 1; 1; 768; 192; 64; 768; 3; 4],0.009628754312871024,0.08978820554938298,tvm
1,1,1,768,64,16,192,1,1,[1; 1; 1; 768; 64; 16; 192; 1; 1],0.018518757249694318,0.046685021017965025,tvm
197,197,1,384,192,48,32,16,3,[197; 197; 1; 384; 192; 48; 32; 16; 3],0.008056901500822278,0.10730534205244244,tvm
1,1,1,768,192,16,8,2,1,[1; 1; 1; 768; 192; 16; 8; 2; 1],0.016981256747385487,0.05091193097717466,tvm
197,197,1,256,256,16,1024,16,1,[197; 197; 1; 256; 256; 16; 1024; 16; 1],0.037043182252091356,0.02333893901298832,tvm
197,197,1,64,64,32,1536,6,2,[197; 197; 1; 64; 64; 32; 1536; 6; 2],0.025387546498677693,0.0340540418694497,tvm
197,197,1,384,384,32,48,3,2,[197; 197; 1; 384; 384; 32; 48; 3; 2],0.012793997630069498,0.06757454522241263,tvm
1,1,1,768,384,192,48,2,12,[1; 1; 1; 768; 384; 192; 48; 2; 12],0.015608713249093853,0.055388843246176094,tvm
1,1,1,768,48,16,256,16,1,[1; 1; 1; 768; 48; 16; 256; 16; 1],0.01840078550594626,0.04698432961729761,tvm
197,1,1,192,48,16,384,1,1,[197; 1; 1; 192; 48; 16; 384; 1; 1],0.05740786899696104,0.015059757251646762,tvm
1,1,1,96,16,16,16,8,1,[1; 1; 1; 96; 16; 16; 16; 8; 1],0.01871266925445525,0.04620124257381043,tvm
197,197,1,768,192,96,3072,3,6,[197; 197; 1; 768; 192; 96; 3072; 3; 6],0.09121267750742845,0.009478381679544071,tvm
197,1,1,768,96,48,3072,64,3,[197; 1; 1; 768; 96; 48; 3072; 64; 3],0.08668111098813824,0.009973898137356354,tvm
197,1,1,768,384,16,24,1,1,[197; 1; 1; 768; 384; 16; 24; 1; 1],0.08836947550298646,0.009783339399806145,tvm
1,1,1,768,96,32,64,32,2,[1; 1; 1; 768; 96; 32; 64; 32; 2],0.009634842313971603,0.08973147076573104,tvm
197,197,1,768,128,64,96,32,4,[197; 197; 1; 768; 128; 64; 96; 32; 4],0.020808579625736456,0.04154769748720767,tvm
197,1,1,128,128,128,3072,1,8,[197; 1; 1; 128; 128; 128; 3072; 1; 8],0.012818021124985535,0.06744789722208755,tvm
197,1,1,768,64,16,16,4,1,[197; 1; 1; 768; 64; 16; 16; 4; 1],0.08674567099660635,0.009966475116232533,tvm
1,1,1,768,96,32,128,16,2,[1; 1; 1; 768; 96; 32; 128; 16; 2],0.009634452122554649,0.0897351048540298,tvm
1,1,1,768,128,128,12,6,8,[1; 1; 1; 768; 128; 128; 12; 6; 8],0.009421223439858295,0.09176606169544102,tvm
1,1,1,384,32,32,32,1,2,[1; 1; 1; 384; 32; 32; 32; 1; 2],0.0187249908776721,0.04617084072705581,tvm
1,1,1,48,48,48,768,6,3,[1; 1; 1; 48; 48; 48; 768; 6; 3],0.017371005124005023,0.04976963424147807,tvm
197,197,1,192,96,48,1024,32,3,[197; 197; 1; 192; 96; 48; 1024; 32; 3],0.007527713813033188,0.11484875659482777,tvm
1,1,1,768,768,32,96,6,2,[1; 1; 1; 768; 768; 32; 96; 6; 2],0.016006145502615254,0.05401353944254175,tvm
197,197,1,192,192,96,1536,8,6,[197; 197; 1; 192; 192; 96; 1536; 8; 6],0.019192437124729622,0.04504631516101689,tvm
197,197,1,768,96,32,3,3,2,[197; 197; 1; 768; 96; 32; 3; 3; 2],0.017888136746478267,0.048330834210487554,tvm
1,1,1,768,96,32,24,1,2,[1; 1; 1; 768; 96; 32; 24; 1; 2],0.010198547126492485,0.0847717386315505,tvm
1,1,1,384,384,16,8,8,1,[1; 1; 1; 384; 384; 16; 8; 8; 1],0.016712157375877723,0.051731715539997135,tvm
197,1,1,256,32,32,768,16,2,[197; 1; 1; 256; 32; 32; 768; 16; 2],0.028585464257048443,0.030244342497092586,tvm
1,1,1,256,128,32,3072,2,2,[1; 1; 1; 256; 128; 32; 3072; 2; 2],0.018467806628905237,0.04681381978926544,tvm
1,1,1,768,384,96,768,16,6,[1; 1; 1; 768; 384; 96; 768; 16; 6],0.009529596125503303,0.09072247764150765,tvm
1,1,1,768,128,32,128,4,2,[1; 1; 1; 768; 128; 32; 128; 4; 2],0.009620928751246538,0.08986123832551571,tvm
1,1,1,384,48,16,32,4,1,[1; 1; 1; 384; 48; 16; 32; 4; 1],0.01911365950218169,0.04523197513955343,tvm
1,1,1,384,96,48,768,6,3,[1; 1; 1; 384; 96; 48; 768; 6; 3],0.01658551262516994,0.05212673198394511,tvm
197,1,1,192,48,16,1536,4,1,[197; 1; 1; 192; 48; 16; 1536; 4; 1],0.05678606699802913,0.015224660152261949,tvm
197,197,1,192,96,96,256,32,6,[197; 197; 1; 192; 96; 96; 256; 32; 6],0.010309234439773718,0.0838615686236686,tvm
1,1,1,768,384,16,32,8,1,[1; 1; 1; 768; 384; 16; 32; 8; 1],0.02001199950609589,0.04320150873305887,tvm
197,1,1,32,32,32,3072,3,2,[197; 1; 1; 32; 32; 32; 3072; 3; 2],0.025076381745748222,0.03447660751835373,tvm
197,197,1,192,16,16,384,32,1,[197; 197; 1; 192; 16; 16; 384; 32; 1],0.013188833996537142,0.06555155456923388,tvm
1,1,1,768,384,64,48,12,4,[1; 1; 1; 768; 384; 64; 48; 12; 4],0.009666934562119422,0.08943358061162088,tvm
1,1,1,768,192,192,32,2,12,[1; 1; 1; 768; 192; 192; 32; 2; 12],0.019369930996617768,0.044633539044590935,tvm
1,1,1,256,256,128,6,3,8,[1; 1; 1; 256; 256; 128; 6; 3; 8],0.02925489775952883,0.029552267744534257,tvm
197,197,1,768,32,32,768,6,2,[197; 197; 1; 768; 32; 32; 768; 6; 2],0.02863480224914383,0.03019223125434439,tvm
197,197,1,256,16,16,256,8,1,[197; 197; 1; 256; 16; 16; 256; 8; 1],0.01710562537482474,0.05054176930011419,tvm
1,1,1,768,128,128,192,32,8,[1; 1; 1; 768; 128; 128; 192; 32; 8],0.010080796564579941,0.0857619302095892,tvm
197,1,1,768,192,16,192,12,1,[197; 1; 1; 768; 192; 16; 192; 12; 1],0.11192560795461759,0.007724314276489071,tvm
197,1,1,192,192,32,96,48,2,[197; 1; 1; 192; 192; 32; 96; 48; 2],0.02121506949333707,0.04075162571115294,tvm
1,1,1,192,32,32,128,2,2,[1; 1; 1; 192; 32; 32; 128; 2; 2],0.014800725126406178,0.058412582089381444,tvm
1,1,1,256,64,16,96,6,1,[1; 1; 1; 256; 64; 16; 96; 6; 1],0.009697927125671413,0.0891477694382774,tvm
1,1,1,48,48,16,384,24,1,[1; 1; 1; 48; 48; 16; 384; 24; 1],0.018433434124744963,0.046901112705201524,tvm
197,1,1,384,192,64,1536,3,4,[197; 1; 1; 384; 192; 64; 1536; 3; 4],0.042697554992628284,0.02024819855792294,tvm
197,197,1,96,96,32,24,3,2,[197; 197; 1; 96; 96; 32; 24; 3; 2],0.0038360371872840915,0.22537544064860082,tvm
197,197,1,768,192,64,96,6,4,[197; 197; 1; 768; 192; 64; 96; 6; 4],0.021179748502618168,0.04081958628175868,tvm
1,1,1,768,384,96,64,8,6,[1; 1; 1; 768; 384; 96; 64; 8; 6],0.009509407562291017,0.09091508232930164,tvm
1,1,1,192,32,32,128,64,2,[1; 1; 1; 192; 32; 32; 128; 64; 2],0.009512776872725226,0.09088288130749513,tvm
197,197,1,768,192,32,12,1,2,[197; 197; 1; 768; 192; 32; 12; 1; 2],0.01559830637415871,0.05542579756356405,tvm
197,1,1,768,192,96,384,24,6,[197; 1; 1; 768; 192; 96; 384; 24; 6],0.08851885050535202,0.009766830076225393,tvm
197,1,1,192,96,16,12,2,1,[197; 1; 1; 192; 96; 16; 12; 2; 1],0.019597284750489052,0.044115732482123395,tvm
197,197,1,192,48,48,1024,32,3,[197; 197; 1; 192; 48; 48; 1024; 32; 3],0.005971822030915064,0.14477132221170635,tvm
197,1,1,256,128,128,128,32,8,[197; 1; 1; 256; 128; 128; 128; 32; 8],0.025513944754493423,0.033885335245005976,tvm
197,1,1,768,384,64,24,6,4,[197; 1; 1; 768; 384; 64; 24; 6; 4],0.09039811047841795,0.009563790292220518,tvm
197,197,1,96,32,32,32,16,2,[197; 197; 1; 96; 32; 32; 32; 16; 2],0.0023652927184230066,0.3655144095674489,tvm
197,1,1,768,96,16,768,32,1,[197; 1; 1; 768; 96; 16; 768; 32; 1],0.11389641504501924,0.007590656572349936,tvm
197,1,1,96,48,48,8,2,3,[197; 1; 1; 96; 48; 48; 8; 2; 3],0.011325928375299554,0.07633357220535181,tvm
197,1,1,768,96,48,4,2,3,[197; 1; 1; 768; 96; 48; 4; 2; 3],0.09277091547846794,0.009319176888248262,tvm
197,197,1,384,384,16,96,24,1,[197; 197; 1; 384; 384; 16; 96; 24; 1],0.021073419877211563,0.04102554670604174,tvm
1,1,1,768,96,32,16,16,2,[1; 1; 1; 768; 96; 32; 16; 16; 2],0.009956952937500319,0.0868286288842915,tvm
197,197,1,64,32,16,24,4,1,[197; 197; 1; 64; 32; 16; 24; 4; 1],0.007362753251072718,0.11742191296477453,tvm
197,197,1,768,768,32,256,16,2,[197; 197; 1; 768; 768; 32; 256; 16; 2],0.0279876360000344,0.030890375000857836,tvm
197,197,1,768,128,32,384,3,2,[197; 197; 1; 768; 128; 32; 384; 3; 2],0.02797148325771559,0.03090821332079686,tvm
197,1,1,768,256,128,128,1,8,[197; 1; 1; 768; 256; 128; 128; 1; 8],0.08928725201985799,0.00968277723718377,tvm
197,1,1,256,16,16,24,24,1,[197; 1; 1; 256; 16; 16; 24; 24; 1],0.037766358742373995,0.02289202878482814,tvm
197,197,1,768,32,16,48,48,1,[197; 197; 1; 768; 32; 16; 48; 48; 1],0.03576281100686174,0.02417451388993701,tvm
197,197,1,384,192,64,768,4,4,[197; 197; 1; 384; 192; 64; 768; 4; 4],0.011861412811413174,0.07288748694394093,tvm
197,1,1,192,192,96,3072,16,6,[197; 1; 1; 192; 192; 96; 3072; 16; 6],0.01941276350407861,0.04453505917624403,tvm
197,1,1,384,192,48,96,2,3,[197; 1; 1; 384; 192; 48; 96; 2; 3],0.04269731124804821,0.020248314148073945,tvm
1,1,1,384,96,32,256,4,2,[1; 1; 1; 384; 96; 32; 256; 4; 2],0.00962744781281799,0.08980039032541011,tvm
197,197,1,768,192,192,512,16,12,[197; 197; 1; 768; 192; 192; 512; 16; 12],0.01956943637196673,0.044178511582839426,tvm
197,197,1,192,192,96,48,4,6,[197; 197; 1; 192; 192; 96; 48; 4; 6],0.005357911686587613,0.16135924255578604,tvm
1,1,1,128,64,16,768,8,1,[1; 1; 1; 128; 64; 16; 768; 8; 1],0.009734250499604968,0.08881511436999244,tvm
1,1,1,768,96,48,96,3,3,[1; 1; 1; 768; 96; 48; 96; 3; 3],0.01843589137570234,0.04689486143143622,tvm
1,1,1,768,192,64,256,2,4,[1; 1; 1; 768; 192; 64; 256; 2; 4],0.026218457496725023,0.03297480683356613,tvm
1,1,1,48,48,16,768,1,1,[1; 1; 1; 48; 48; 16; 768; 1; 1],0.018563980374892708,0.04657129311544901,tvm
1,1,1,64,32,16,192,48,1,[1; 1; 1; 64; 32; 16; 192; 48; 1],0.01908859674585983,0.0452913633693941,tvm
1,1,1,256,32,32,32,1,2,[1; 1; 1; 256; 32; 32; 32; 1; 2],0.017178541129396763,0.05032724053319717,tvm
197,197,1,64,64,32,192,4,2,[197; 197; 1; 64; 64; 32; 192; 4; 2],0.00930205225085956,0.09294170233764086,tvm
197,197,1,384,384,96,384,48,6,[197; 197; 1; 384; 384; 96; 384; 48; 6],0.010170489189476939,0.08500560349870787,tvm
1,1,1,384,192,48,192,24,3,[1; 1; 1; 384; 192; 48; 192; 24; 3],0.009644400252000196,0.08964254373923031,tvm
197,1,1,64,64,64,96,4,4,[197; 1; 1; 64; 64; 64; 96; 4; 4],0.028618236246984452,0.030209708381999614,tvm
197,1,1,128,64,32,256,2,2,[197; 1; 1; 128; 64; 32; 256; 2; 2],0.042585762494127266,0.020301352395599253,tvm
197,1,1,384,96,32,768,64,2,[197; 1; 1; 384; 96; 32; 768; 64; 2],0.04289099425659515,0.020156878767053382,tvm
197,197,1,384,384,16,768,64,1,[197; 197; 1; 384; 384; 16; 768; 64; 1],0.04566206849995069,0.01893362696500499,tvm
1,1,1,384,192,96,256,16,6,[1; 1; 1; 384; 192; 96; 256; 16; 6],0.017411653374438174,0.04965344489902401,tvm
197,1,1,192,64,64,12,3,4,[197; 1; 1; 192; 64; 64; 12; 3; 4],0.02547821075131651,0.03393286050842084,tvm
197,1,1,768,768,96,4,2,6,[197; 1; 1; 768; 768; 96; 4; 2; 6],0.08482491649920121,0.01019215352173925,tvm
197,1,1,96,96,16,64,4,1,[197; 1; 1; 96; 96; 16; 64; 4; 1],0.013670593500137329,0.06324148043900849,tvm
197,1,1,384,128,16,24,3,1,[197; 1; 1; 384; 128; 16; 24; 3; 1],0.04171119400416501,0.020727015662563943,tvm
197,197,1,768,128,32,128,64,2,[197; 197; 1; 768; 128; 32; 128; 64; 2],0.026737586755189113,0.032334577512339764,tvm
197,1,1,32,32,32,3,3,2,[197; 1; 1; 32; 32; 32; 3; 3; 2],0.011100133375293808,0.07788632282138572,tvm
1,1,1,384,128,128,48,24,8,[1; 1; 1; 384; 128; 128; 48; 24; 8],0.010075681937451009,0.08580546476115627,tvm
1,1,1,192,192,32,128,4,2,[1; 1; 1; 192; 192; 32; 128; 4; 2],0.027213021501665935,0.03176966480461,tvm
197,197,1,64,16,16,8,8,1,[197; 197; 1; 64; 16; 16; 8; 8; 1],0.012346207622613292,0.07002543597639373,tvm
1,1,1,256,256,64,48,3,4,[1; 1; 1; 256; 256; 64; 48; 3; 4],0.009511931690212805,0.09089095670421382,tvm
1,1,1,768,384,192,48,48,12,[1; 1; 1; 768; 384; 192; 48; 48; 12],0.014987150250817649,0.05768598812715609,tvm
197,1,1,192,32,16,128,2,1,[197; 1; 1; 192; 32; 16; 128; 2; 1],0.05441772349877283,0.01588726091138428,tvm
197,197,1,768,768,48,2,2,3,[197; 197; 1; 768; 768; 48; 2; 2; 3],0.02479785412288038,0.03486384616767599,tvm
1,1,1,768,16,16,12,12,1,[1; 1; 1; 768; 16; 16; 12; 12; 1],0.009898874122882262,0.087338071046896,tvm
1,1,1,768,256,64,96,8,4,[1; 1; 1; 768; 256; 64; 96; 8; 4],0.01695573537290329,0.05098856241942733,tvm
1,1,1,384,192,96,1024,16,6,[1; 1; 1; 384; 192; 96; 1024; 16; 6],0.018916816625278443,0.04570264588140478,tvm
1,1,1,192,16,16,1536,12,1,[1; 1; 1; 192; 16; 16; 1536; 12; 1],0.01880741975037381,0.04596848386985077,tvm
1,1,1,384,16,16,512,8,1,[1; 1; 1; 384; 16; 16; 512; 8; 1],0.00988769912510179,0.08743677983017825,tvm
1,1,1,384,64,64,2,1,4,[1; 1; 1; 384; 64; 64; 2; 1; 4],0.009612033438315848,0.0899443990677639,tvm
197,1,1,96,96,32,3,3,2,[197; 1; 1; 96; 96; 32; 3; 3; 2],0.029543483498855494,0.029263596199211366,tvm
197,1,1,128,64,16,96,1,1,[197; 1; 1; 128; 64; 16; 96; 1; 1],0.01835808912437642,0.0470936035646868,tvm
197,1,1,768,16,16,12,4,1,[197; 1; 1; 768; 16; 16; 12; 4; 1],0.11418892099754885,0.007571212372232938,tvm
197,1,1,768,128,16,96,1,1,[197; 1; 1; 768; 128; 16; 96; 1; 1],0.10863785800756887,0.007958078217708763,tvm
197,1,1,256,128,128,768,4,8,[197; 1; 1; 256; 128; 128; 768; 4; 8],0.026681128991185687,0.03240299807831151,tvm
1,1,1,192,192,32,1536,6,2,[1; 1; 1; 192; 192; 32; 1536; 6; 2],0.00918500337502337,0.09412610274913172,tvm
197,197,1,768,384,128,48,1,8,[197; 197; 1; 768; 384; 128; 48; 1; 8],0.023521032999269664,0.036756403150125926,tvm
1,1,1,384,192,32,1536,64,2,[1; 1; 1; 384; 192; 32; 1536; 64; 2],0.009624905564123765,0.08982410951138287,tvm
197,197,1,384,384,128,192,24,8,[197; 197; 1; 384; 384; 128; 192; 24; 8],0.010228618812107015,0.0845225134800464,tvm
1,1,1,96,96,32,96,24,2,[1; 1; 1; 96; 96; 32; 96; 24; 2],0.009489739251876017,0.09110351174903564,tvm
197,1,1,128,64,32,768,6,2,[197; 1; 1; 128; 64; 32; 768; 6; 2],0.028777109502698295,0.03004292600504254,tvm
197,197,1,192,96,16,1536,1,1,[197; 197; 1; 192; 96; 16; 1536; 1; 1],0.08182672751718201,0.010565601211988261,tvm
1,1,1,384,128,128,3,1,8,[1; 1; 1; 384; 128; 128; 3; 1; 8],0.017528863878396805,0.04932142650123901,tvm
197,197,1,192,48,48,24,4,3,[197; 197; 1; 192; 48; 48; 24; 4; 3],0.003606449594371952,0.23972290442593275,tvm
1,1,1,768,768,192,128,4,12,[1; 1; 1; 768; 768; 192; 128; 4; 12],0.008501934560626978,0.10168845281782726,tvm
197,197,1,96,96,32,256,32,2,[197; 197; 1; 96; 96; 32; 256; 32; 2],0.0034668772805162007,0.24937386053072072,tvm
1,1,1,96,96,16,1536,8,1,[1; 1; 1; 96; 96; 16; 1536; 8; 1],0.02676910774607677,0.03229650310460116,tvm
197,1,1,384,48,48,64,1,3,[197; 1; 1; 384; 48; 48; 64; 1; 3],0.043815458499011584,0.019731587915440264,tvm
197,1,1,256,128,32,768,2,2,[197; 1; 1; 256; 128; 32; 768; 2; 2],0.05758747548679821,0.015012788182158931,tvm
197,197,1,128,64,32,1536,2,2,[197; 197; 1; 128; 64; 32; 1536; 2; 2],0.04052622750168666,0.021333063172302175,tvm
1,1,1,256,256,32,256,8,2,[1; 1; 1; 256; 256; 32; 256; 8; 2],0.02788966150546912,0.030998890798980643,tvm
197,197,1,64,64,64,16,1,4,[197; 197; 1; 64; 64; 64; 16; 1; 4],0.007387671750620939,0.1170258507162159,tvm
197,197,1,768,192,32,48,1,2,[197; 197; 1; 768; 192; 32; 48; 1; 2],0.03309599850035738,0.026122450163249666,tvm
1,1,1,96,96,96,24,1,6,[1; 1; 1; 96; 96; 96; 24; 1; 6],0.010109365186508512,0.08551957076220351,tvm
1,1,1,96,96,32,384,6,2,[1; 1; 1; 96; 96; 32; 384; 6; 2],0.01861377174645895,0.04644671607693059,tvm
197,1,1,64,32,32,768,16,2,[197; 1; 1; 64; 32; 32; 768; 16; 2],0.028487814241088927,0.03034801350893408,tvm
1,1,1,192,96,32,192,3,2,[1; 1; 1; 192; 96; 32; 192; 3; 2],0.009553499810863286,0.09049548213163652,tvm
197,1,1,64,64,16,64,4,1,[197; 1; 1; 64; 64; 16; 64; 4; 1],0.03552672974183224,0.02433515771677057,tvm
197,1,1,384,64,16,48,24,1,[197; 1; 1; 384; 64; 16; 48; 24; 1],0.05086554298759438,0.016996743190953973,tvm
197,1,1,384,128,16,16,8,1,[197; 1; 1; 384; 128; 16; 16; 8; 1],0.03897888200299349,0.02217992222973907,tvm
1,1,1,192,96,48,1536,16,3,[1; 1; 1; 192; 96; 48; 1536; 16; 3],0.009535134940961143,0.0906697783284255,tvm
197,1,1,768,256,32,16,2,2,[197; 1; 1; 768; 256; 32; 16; 2; 2],0.08787299401592463,0.009838615163970572,tvm
1,1,1,768,48,48,192,1,3,[1; 1; 1; 768; 48; 48; 192; 1; 3],0.009770686312549515,0.08848391441224975,tvm
1,1,1,192,96,32,1536,32,2,[1; 1; 1; 192; 96; 32; 1536; 32; 2],0.01739418599754572,0.049703307274658166,tvm
197,1,1,192,192,96,192,1,6,[197; 1; 1; 192; 192; 96; 192; 1; 6],0.018343970623391215,0.04712984932096146,tvm
1,1,1,384,64,16,16,8,1,[1; 1; 1; 384; 64; 16; 16; 8; 1],0.016418495499237906,0.052656991103033825,tvm
197,197,1,256,256,16,64,1,1,[197; 197; 1; 256; 256; 16; 64; 1; 1],0.01580030824698042,0.05471719652012449,tvm
197,1,1,384,192,64,768,32,4,[197; 1; 1; 384; 192; 64; 768; 32; 4],0.08479857150814496,0.010195319992454483,tvm
197,197,1,768,192,16,3072,16,1,[197; 197; 1; 768; 192; 16; 3072; 16; 1],0.11438432900467888,0.007558278122112402,tvm
1,1,1,256,256,128,256,8,8,[1; 1; 1; 256; 256; 128; 256; 8; 8],0.009192890247504693,0.09404534897642702,tvm
197,1,1,192,192,192,48,24,12,[197; 1; 1; 192; 192; 192; 48; 24; 12],0.036270321244955994,0.023836253491931823,tvm
197,197,1,384,32,32,6,3,2,[197; 197; 1; 384; 32; 32; 6; 3; 2],0.007762109315081034,0.11138062301555537,tvm
197,1,1,768,128,32,512,2,2,[197; 1; 1; 768; 128; 32; 512; 2; 2],0.08502324900473468,0.010168378432355924,tvm
1,1,1,96,16,16,48,2,1,[1; 1; 1; 96; 16; 16; 48; 2; 1],0.009739392684423365,0.08876822194583874,tvm
197,1,1,96,16,16,64,32,1,[197; 1; 1; 96; 16; 16; 64; 32; 1],0.028064059748430736,0.03080625466088934,tvm
197,197,1,128,128,64,512,16,4,[197; 197; 1; 128; 128; 64; 512; 16; 4],0.008342790373717435,0.10362822661254764,tvm
1,1,1,384,192,16,384,2,1,[1; 1; 1; 384; 192; 16; 384; 2; 1],0.009874698687781347,0.08755189386166665,tvm
197,197,1,32,16,16,1536,2,1,[197; 197; 1; 32; 16; 16; 1536; 2; 1],0.014271424370235763,0.06057899681209529,tvm
1,1,1,128,128,64,512,4,4,[1; 1; 1; 128; 128; 64; 512; 4; 4],0.02751883950259071,0.03141660720638965,tvm
197,1,1,192,192,32,3072,16,2,[197; 1; 1; 192; 192; 32; 3072; 16; 2],0.04254069324815646,0.020322860428844503,tvm
1,1,1,32,32,32,64,1,2,[1; 1; 1; 32; 32; 32; 64; 1; 2],0.026280110745574348,0.03289744779991705,tvm
197,197,1,256,256,32,192,1,2,[197; 197; 1; 256; 256; 32; 192; 1; 2],0.022398850749596022,0.038597898664250174,tvm
197,1,1,384,192,32,24,4,2,[197; 1; 1; 384; 192; 32; 24; 4; 2],0.03201058751437813,0.027008206926544032,tvm
1,1,1,768,256,32,1024,32,2,[1; 1; 1; 768; 256; 32; 1024; 32; 2],0.03226065100170672,0.026798856953718423,tvm
1,1,1,384,128,16,24,12,1,[1; 1; 1; 384; 128; 16; 24; 12; 1],0.016718616003345232,0.051711730878655486,tvm
197,1,1,768,768,64,512,8,4,[197; 1; 1; 768; 768; 64; 512; 8; 4],0.08485252849641256,0.010188836876736362,tvm
1,1,1,192,96,96,96,3,6,[1; 1; 1; 192; 96; 96; 96; 3; 6],0.009805606936424738,0.08816879740682304,tvm
197,1,1,384,16,16,6,6,1,[197; 1; 1; 384; 16; 16; 6; 6; 1],0.11372107901843265,0.007602359904520777,tvm
197,1,1,768,384,96,1024,2,6,[197; 1; 1; 768; 384; 96; 1024; 2; 6],0.0883631519973278,0.00978403952197989,tvm
197,1,1,256,32,16,24,12,1,[197; 1; 1; 256; 32; 16; 24; 12; 1],0.03158361375972163,0.027373326497904568,tvm
1,1,1,192,192,32,96,24,2,[1; 1; 1; 192; 192; 32; 96; 24; 2],0.016170386130397674,0.05346493055001091,tvm
197,1,1,768,64,64,64,2,4,[197; 1; 1; 768; 64; 64; 64; 2; 4],0.08528127599856816,0.010137612990723624,tvm
197,1,1,384,96,16,3072,64,1,[197; 1; 1; 384; 96; 16; 3072; 64; 1],0.05642007550341077,0.015323421029032594,tvm
1,1,1,768,128,32,384,32,2,[1; 1; 1; 768; 128; 32; 384; 32; 2],0.009629531374230282,0.08978096003116012,tvm
1,1,1,384,384,192,64,32,12,[1; 1; 1; 384; 384; 192; 64; 32; 12],0.01732171999901766,0.049911242733262126,tvm
197,197,1,192,16,16,12,6,1,[197; 197; 1; 192; 16; 16; 12; 6; 1],0.005752765844590613,0.15028398422326117,tvm
197,197,1,768,64,64,192,64,4,[197; 197; 1; 768; 64; 64; 192; 64; 4],0.02179673187492881,0.03966413755921815,tvm
1,1,1,32,16,16,384,6,1,[1; 1; 1; 32; 16; 16; 384; 6; 1],0.009739604749483988,0.08876628915299421,tvm
197,197,1,128,16,16,96,48,1,[197; 197; 1; 128; 16; 16; 96; 48; 1],0.014659452870546374,0.05897550059085859,tvm
197,197,1,192,192,32,1536,48,2,[197; 197; 1; 192; 192; 32; 1536; 48; 2],0.020291763248678762,0.04260588697164421,tvm
1,1,1,192,192,32,4,2,2,[1; 1; 1; 192; 192; 32; 4; 2; 2],0.012254494562512264,0.07054950875520503,tvm
197,197,1,96,96,16,24,2,1,[197; 197; 1; 96; 96; 16; 24; 2; 1],0.0028794048594136257,0.30025252218426546,tvm
197,197,1,768,384,192,96,3,12,[197; 197; 1; 768; 384; 192; 96; 3; 12],0.020502079125435557,0.0421688242513894,tvm
1,1,1,384,48,48,128,4,3,[1; 1; 1; 384; 48; 48; 128; 4; 3],0.009639471689297352,0.0896883770495923,tvm
1,1,1,96,32,32,96,2,2,[1; 1; 1; 96; 32; 32; 96; 2; 2],0.01735507187549956,0.04981532647231895,tvm
197,1,1,768,64,64,96,24,4,[197; 1; 1; 768; 64; 64; 96; 24; 4],0.08476908100419678,0.010198866864980748,tvm
197,1,1,64,64,64,4,4,4,[197; 1; 1; 64; 64; 64; 4; 4; 4],0.01456286212487612,0.05936666597644697,tvm
197,197,1,256,64,16,16,4,1,[197; 197; 1; 256; 64; 16; 16; 4; 1],0.007565095875179395,0.11428124450677499,tvm
1,1,1,384,64,64,32,32,4,[1; 1; 1; 384; 64; 64; 32; 32; 4],0.009645976686442737,0.08962789352826037,tvm
1,1,1,384,384,32,96,12,2,[1; 1; 1; 384; 384; 32; 96; 12; 2],0.017642077124037314,0.049004919621999876,tvm
1,1,1,768,192,192,1536,32,12,[1; 1; 1; 768; 192; 192; 1536; 32; 12],0.017335953256406356,0.049870264336867934,tvm
1,1,1,384,128,128,64,1,8,[1; 1; 1; 384; 128; 128; 64; 1; 8],0.010101545249199262,0.08558577426528909,tvm
1,1,1,192,16,16,3,3,1,[1; 1; 1; 192; 16; 16; 3; 3; 1],0.019200096248823684,0.04502834570329505,tvm
197,197,1,384,192,192,192,8,12,[197; 197; 1; 384; 192; 192; 192; 8; 12],0.009719787187350448,0.08894727371744461,tvm
197,1,1,256,128,32,1536,16,2,[197; 1; 1; 256; 128; 32; 1536; 16; 2],0.0573404100141488,0.015077474528264502,tvm
197,197,1,384,96,16,96,3,1,[197; 197; 1; 384; 96; 16; 96; 3; 1],0.020995208877138793,0.04117837438473683,tvm
197,197,1,384,64,32,3072,64,2,[197; 197; 1; 384; 64; 32; 3072; 64; 2],0.042776107002282515,0.020211015728533673,tvm
1,1,1,192,16,16,256,8,1,[1; 1; 1; 192; 16; 16; 256; 8; 1],0.009775781440112041,0.08843779668407385,tvm
1,1,1,768,384,48,3072,2,3,[1; 1; 1; 768; 384; 48; 3072; 2; 3],0.015521020504820626,0.05570178656487529,tvm
197,1,1,128,64,32,192,64,2,[197; 1; 1; 128; 64; 32; 192; 64; 2],0.02947966250940226,0.029326949423278906,tvm
197,197,1,384,16,16,24,6,1,[197; 197; 1; 384; 16; 16; 24; 6; 1],0.010890547000599327,0.07938522935358469,tvm
1,1,1,768,192,64,64,4,4,[1; 1; 1; 768; 192; 64; 64; 4; 4],0.026016119998530485,0.0332312647496016,tvm
197,197,1,256,128,64,768,64,4,[197; 197; 1; 256; 128; 64; 768; 64; 4],0.01321247624582611,0.06543425738999431,tvm
197,197,1,96,96,48,1536,8,3,[197; 197; 1; 96; 96; 48; 1536; 8; 3],0.02134318187745521,0.04050701420212295,tvm
197,1,1,384,64,64,1536,24,4,[197; 1; 1; 384; 64; 64; 1536; 24; 4],0.04328290825651493,0.019974364160209587,tvm
197,197,1,384,192,192,384,32,12,[197; 197; 1; 384; 192; 192; 384; 32; 12],0.009864935625955695,0.08763854161945589,tvm
1,1,1,64,64,64,48,24,4,[1; 1; 1; 64; 64; 64; 48; 24; 4],0.009522529562673299,0.09078980177887346,tvm
197,197,1,256,128,32,256,2,2,[197; 197; 1; 256; 128; 32; 256; 2; 2],0.009240742252586642,0.09355834713240371,tvm
197,197,1,192,64,64,768,48,4,[197; 197; 1; 192; 64; 64; 768; 48; 4],0.014941589251975529,0.05786188850789507,tvm
197,197,1,768,192,64,3072,1,4,[197; 197; 1; 768; 192; 64; 3072; 1; 4],0.08540850950521417,0.010122510935234046,tvm
197,1,1,384,32,16,1536,12,1,[197; 1; 1; 384; 32; 16; 1536; 12; 1],0.05665763598517515,0.015259171273132298,tvm
197,197,1,384,128,16,384,64,1,[197; 197; 1; 384; 128; 16; 384; 64; 1],0.02621044024999719,0.03298489316403848,tvm
1,1,1,768,128,128,768,64,8,[1; 1; 1; 768; 128; 128; 768; 64; 8],0.010068669249449158,0.08586522707316754,tvm
197,1,1,32,32,32,4,2,2,[197; 1; 1; 32; 32; 32; 4; 2; 2],0.011326906002068426,0.07632698384454631,tvm
197,1,1,128,128,16,96,6,1,[197; 1; 1; 128; 128; 16; 96; 6; 1],0.028735244006384164,0.030086696714198526,tvm
197,197,1,384,384,128,3072,24,8,[197; 197; 1; 384; 384; 128; 3072; 24; 8],0.04009871224116068,0.02156050713621487,tvm
197,1,1,768,384,16,6,3,1,[197; 1; 1; 768; 384; 16; 6; 3; 1],0.09128129598684609,0.009471256538175744,tvm
197,197,1,192,48,16,192,2,1,[197; 197; 1; 192; 48; 16; 192; 2; 1],0.012738350502331741,0.06786974273241396,tvm
1,1,1,384,64,32,48,48,2,[1; 1; 1; 384; 64; 32; 48; 48; 2],0.012556633875647094,0.06885193754874992,tvm
197,1,1,128,128,64,12,6,4,[197; 1; 1; 128; 128; 64; 12; 6; 4],0.02647003850142937,0.032661402112501126,tvm
1,1,1,192,192,16,24,4,1,[1; 1; 1; 192; 192; 16; 24; 4; 1],0.009970957875339082,0.08670667173981725,tvm
197,1,1,768,384,16,24,12,1,[197; 1; 1; 768; 384; 16; 24; 12; 1],0.0891922595037613,0.009693089694539163,tvm
197,1,1,768,384,64,192,64,4,[197; 1; 1; 768; 384; 64; 192; 64; 4],0.0863436850195285,0.010012875536097804,tvm
1,1,1,64,16,16,1024,32,1,[1; 1; 1; 64; 16; 16; 1024; 32; 1],0.00974389200200676,0.0887272325319818,tvm
197,197,1,384,384,64,12,2,4,[197; 197; 1; 384; 384; 64; 12; 2; 4],0.013168465877242852,0.06565294541429045,tvm
197,197,1,256,128,16,24,4,1,[197; 197; 1; 256; 128; 16; 24; 4; 1],0.007459026874130359,0.11590634891355962,tvm
197,1,1,384,32,32,384,8,2,[197; 1; 1; 384; 32; 32; 384; 8; 2],0.042713896502391435,0.02024045198920608,tvm
1,1,1,768,768,64,1536,2,4,[1; 1; 1; 768; 768; 64; 1536; 2; 4],0.017493706247478258,0.04942054926486474,tvm
197,197,1,384,128,128,2,1,8,[197; 197; 1; 384; 128; 128; 2; 1; 8],0.01269528862030711,0.06809995402906067,tvm
197,197,1,768,128,16,8,4,1,[197; 197; 1; 768; 128; 16; 8; 4; 1],0.019217593253415544,0.0449873488333361,tvm
197,197,1,384,384,96,128,32,6,[197; 197; 1; 384; 384; 96; 128; 32; 6],0.010517455437366152,0.08220130587452026,tvm
197,197,1,128,16,16,48,1,1,[197; 197; 1; 128; 16; 16; 48; 1; 1],0.007682690124056535,0.11253201124453023,tvm
1,1,1,768,128,16,48,3,1,[1; 1; 1; 768; 128; 16; 48; 3; 1],0.028158756249467842,0.03070265475396876,tvm
1,1,1,256,256,32,64,4,2,[1; 1; 1; 256; 256; 32; 64; 4; 2],0.018001367126998957,0.04802682848081561,tvm
1,1,1,768,384,192,64,2,12,[1; 1; 1; 768; 384; 192; 64; 2; 12],0.027059629748691805,0.031949756129622135,tvm
197,197,1,192,32,32,16,16,2,[197; 197; 1; 192; 32; 32; 16; 16; 2],0.0035738209680857835,0.24191155045229992,tvm
197,197,1,768,192,16,48,6,1,[197; 197; 1; 768; 192; 16; 48; 6; 1],0.03528836974874139,0.02449953278046818,tvm
197,197,1,192,64,32,96,32,2,[197; 197; 1; 192; 64; 32; 96; 32; 2],0.006561330250406172,0.1317642213444526,tvm
197,1,1,768,768,48,256,4,3,[197; 1; 1; 768; 768; 48; 256; 4; 3],0.08517259650398046,0.01015054849699419,tvm
197,1,1,64,64,32,24,3,2,[197; 1; 1; 64; 64; 32; 24; 3; 2],0.014519828000629786,0.05954261795601658,tvm
197,1,1,768,768,128,32,8,8,[197; 1; 1; 768; 768; 128; 32; 8; 8],0.08487984150997363,0.010185558267412463,tvm
197,197,1,384,16,16,64,4,1,[197; 197; 1; 384; 16; 16; 64; 4; 1],0.0206484200025443,0.041869962511516215,tvm
197,1,1,256,256,32,96,1,2,[197; 1; 1; 256; 256; 32; 96; 1; 2],0.05148975449264981,0.016790691273386945,tvm
197,197,1,768,768,48,64,64,3,[197; 197; 1; 768; 768; 48; 64; 64; 3],0.025005620744195767,0.03457416955462895,tvm
1,1,1,192,64,64,1536,24,4,[1; 1; 1; 192; 64; 64; 1536; 24; 4],0.00954857774922857,0.0905421303710302,tvm
197,197,1,128,64,32,768,48,2,[197; 197; 1; 128; 64; 32; 768; 48; 2],0.004630220968465437,0.1867186420079435,tvm
197,1,1,768,96,48,6,6,3,[197; 1; 1; 768; 96; 48; 6; 6; 3],0.09307941599399783,0.009288289598683358,tvm
197,1,1,384,192,96,32,1,6,[197; 1; 1; 384; 192; 96; 32; 1; 6],0.0525328730000183,0.01645728706724778,tvm
197,1,1,768,768,96,1536,2,6,[197; 1; 1; 768; 768; 96; 1536; 2; 6],0.08987103999243118,0.009619879457291054,tvm
1,1,1,192,192,16,48,12,1,[1; 1; 1; 192; 192; 16; 48; 12; 1],0.009817850190302124,0.08805884737195879,tvm
1,1,1,192,48,16,192,64,1,[1; 1; 1; 192; 48; 16; 192; 64; 1],0.018029716877208557,0.047951311566153926,tvm
197,1,1,32,32,16,512,4,1,[197; 1; 1; 32; 32; 16; 512; 4; 1],0.03295523574342951,0.026234027823665067,tvm
197,1,1,768,32,32,1536,8,2,[197; 1; 1; 768; 32; 32; 1536; 8; 2],0.08587022201390937,0.010068083570210528,tvm
1,1,1,384,64,16,384,12,1,[1; 1; 1; 384; 64; 16; 384; 12; 1],0.009860398000455461,0.08767887172390375,tvm
197,197,1,768,64,32,48,6,2,[197; 197; 1; 768; 64; 32; 48; 6; 2],0.02528756475658156,0.03418868442852159,tvm
197,1,1,384,128,16,1536,2,1,[197; 1; 1; 384; 128; 16; 1536; 2; 1],0.057621335494332016,0.015003966222088234,tvm
197,1,1,768,192,48,3072,12,3,[197; 1; 1; 768; 192; 48; 3072; 12; 3],0.08703747601248324,0.0099330611483331,tvm
197,197,1,128,128,16,6,6,1,[197; 197; 1; 128; 128; 16; 6; 6; 1],0.0017758951880750828,0.4868240970716675,tvm
197,197,1,64,64,16,32,8,1,[197; 197; 1; 64; 64; 16; 32; 8; 1],0.0065625210008875,0.13174031310705928,tvm
1,1,1,32,32,32,512,64,2,[1; 1; 1; 32; 32; 32; 512; 64; 2],0.018609266371640842,0.04645796100517321,tvm
1,1,1,768,128,32,32,4,2,[1; 1; 1; 768; 128; 32; 32; 4; 2],0.009754635684657842,0.0886295090229089,tvm
1,1,1,768,192,192,12,4,12,[1; 1; 1; 768; 192; 192; 12; 4; 12],0.02578840299975127,0.033524703776224914,tvm
197,197,1,768,768,16,512,1,1,[197; 197; 1; 768; 768; 16; 512; 1; 1],0.11274505505571142,0.0076681728613407175,tvm
197,1,1,256,128,32,128,1,2,[197; 1; 1; 256; 128; 32; 128; 1; 2],0.028588661501999013,0.030240960087205178,tvm
197,1,1,384,384,16,3072,6,1,[197; 1; 1; 384; 384; 16; 3072; 6; 1],0.05693196749780327,0.015185643662533358,tvm
197,197,1,384,384,192,3072,8,12,[197; 197; 1; 384; 384; 192; 3072; 8; 12],0.036339550744742155,0.023790843687126757,tvm
197,197,1,768,128,128,3072,16,8,[197; 197; 1; 768; 128; 128; 3072; 16; 8],0.0925581140036229,0.009340602720089254,tvm
1,1,1,256,256,64,192,32,4,[1; 1; 1; 256; 256; 64; 192; 32; 4],0.00952690306075965,0.09074812306945364,tvm
197,1,1,384,96,16,32,16,1,[197; 1; 1; 384; 96; 16; 32; 16; 1],0.04710231949866284,0.0183546920964925,tvm
197,1,1,384,48,16,192,8,1,[197; 1; 1; 384; 48; 16; 192; 8; 1],0.05552253799396567,0.015571128458186345,tvm
1,1,1,384,384,192,3072,12,12,[1; 1; 1; 384; 384; 192; 3072; 12; 12],0.013619882505736314,0.06347694784183694,tvm
197,197,1,192,16,16,24,2,1,[197; 197; 1; 192; 16; 16; 24; 2; 1],0.00912847362269531,0.09470899595734399,tvm
197,197,1,128,128,128,96,12,8,[197; 197; 1; 128; 128; 128; 96; 12; 8],0.003384081343028811,0.2554751153395106,tvm
1,1,1,768,16,16,512,16,1,[1; 1; 1; 768; 16; 16; 512; 16; 1],0.028110118495533243,0.030755778264184477,tvm
197,197,1,384,192,96,3072,8,6,[197; 197; 1; 384; 192; 96; 3072; 8; 6],0.04377158226270694,0.01975136667986435,tvm
197,1,1,768,256,32,6,3,2,[197; 1; 1; 768; 256; 32; 6; 3; 2],0.09160171949770302,0.00943812601083597,tvm
1,1,1,64,64,32,384,4,2,[1; 1; 1; 64; 64; 32; 384; 4; 2],0.009367762500914978,0.09228976197295014,tvm
197,1,1,256,32,32,3,1,2,[197; 1; 1; 256; 32; 32; 3; 1; 2],0.05635886249365285,0.015340064245014474,tvm
197,197,1,192,96,48,3,3,3,[197; 197; 1; 192; 96; 48; 3; 3; 3],0.004457304063180345,0.19396221553970106,tvm
1,1,1,384,384,48,256,4,3,[1; 1; 1; 384; 384; 48; 256; 4; 3],0.009619190936064115,0.08987747277031584,tvm
197,197,1,768,192,64,64,32,4,[197; 197; 1; 768; 192; 64; 64; 32; 4],0.02108671725000022,0.0409996758233462,tvm
197,1,1,384,384,32,512,16,2,[197; 1; 1; 384; 384; 32; 512; 16; 2],0.042820241491426714,0.020190184392156398,tvm
197,1,1,768,384,96,384,3,6,[197; 1; 1; 768; 384; 96; 384; 3; 6],0.08775036898441613,0.009852363943701585,tvm
197,197,1,32,32,16,12,12,1,[197; 197; 1; 32; 32; 16; 12; 12; 1],0.0021167095155760762,0.40843987569701024,tvm
197,197,1,128,128,32,384,2,2,[197; 197; 1; 128; 128; 32; 384; 2; 2],0.0046304176867124625,0.1867107094700111,tvm
197,1,1,96,96,96,24,6,6,[197; 1; 1; 96; 96; 96; 24; 6; 6],0.01917417737422511,0.045089213193090664,tvm
197,197,1,192,32,32,128,2,2,[197; 197; 1; 192; 32; 32; 128; 2; 2],0.0069529277498077136,0.12434309725891814,tvm
197,1,1,384,96,96,768,12,6,[197; 1; 1; 384; 96; 96; 768; 12; 6],0.03972810649429448,0.021761635469657554,tvm
197,197,1,768,96,32,24,24,2,[197; 197; 1; 768; 96; 32; 24; 24; 2],0.017528394746477716,0.049322746545418836,tvm
197,1,1,384,96,96,768,6,6,[197; 1; 1; 384; 96; 96; 768; 6; 6],0.04019355350465048,0.021509632666057786,tvm
1,1,1,768,16,16,3,3,1,[1; 1; 1; 768; 16; 16; 3; 3; 1],0.009917421248246683,0.08717473522478601,tvm
197,197,1,768,384,32,512,4,2,[197; 197; 1; 768; 384; 32; 512; 4; 2],0.028394540247973055,0.030447704519191404,tvm
1,1,1,768,768,128,256,16,8,[1; 1; 1; 768; 768; 128; 256; 16; 8],0.00922591999915312,0.09370865686109692,tvm
197,1,1,384,384,96,48,12,6,[197; 1; 1; 384; 384; 96; 48; 12; 6],0.039488758746301755,0.021893536258835663,tvm
1,1,1,384,48,16,64,2,1,[1; 1; 1; 384; 48; 16; 64; 2; 1],0.009825174500292633,0.0879932027062544,tvm
1,1,1,256,128,64,64,8,4,[1; 1; 1; 256; 128; 64; 64; 8; 4],0.01255062749987701,0.06888488814101475,tvm
1,1,1,256,32,32,768,6,2,[1; 1; 1; 256; 32; 32; 768; 6; 2],0.03530824699555524,0.024485740442945374,tvm
197,1,1,384,48,16,48,4,1,[197; 1; 1; 384; 48; 16; 48; 4; 1],0.05328793250373565,0.01622409672899139,tvm
197,1,1,384,384,32,64,4,2,[197; 1; 1; 384; 384; 32; 64; 4; 2],0.04277582424401771,0.02021114932810395,tvm
197,1,1,768,768,16,512,2,1,[197; 1; 1; 768; 768; 16; 512; 2; 1],0.11388475797139108,0.007591433540612644,tvm
197,1,1,192,96,16,192,12,1,[197; 1; 1; 192; 96; 16; 192; 12; 1],0.027977915742667392,0.030901107122504545,tvm
197,1,1,768,768,32,3072,1,2,[197; 1; 1; 768; 768; 32; 3072; 1; 2],0.08670425802120008,0.009971235452094872,tvm
1,1,1,64,32,16,12,12,1,[1; 1; 1; 64; 32; 16; 12; 12; 1],0.009502906188572524,0.09097728150449513,tvm
1,1,1,384,48,48,512,8,3,[1; 1; 1; 384; 48; 48; 512; 8; 3],0.017809628378017806,0.04854388609790828,tvm
197,197,1,64,64,16,192,48,1,[197; 197; 1; 64; 64; 16; 192; 48; 1],0.008212739063310437,0.10526921222797066,tvm
1,1,1,384,192,64,8,8,4,[1; 1; 1; 384; 192; 64; 8; 8; 4],0.024084500000753906,0.035896471647802894,tvm
197,1,1,768,384,192,2,2,12,[197; 1; 1; 768; 384; 192; 2; 2; 12],0.0917874115111772,0.009419032056735721,tvm
1,1,1,768,384,64,48,2,4,[1; 1; 1; 768; 384; 64; 48; 2; 4],0.009615406688681105,0.08991284502259124,tvm
