kc,ku,mc,mr,nc,nr,nvr,X,time,peak,backend
40,2,300,4,640,80,5,[40; 2; 300; 4; 640; 80; 5],0.06629284197697416,0.06895810218871579,tvm
20,2,250,1,16,16,1,[20; 2; 250; 1; 16; 16; 1],0.01673121625208296,0.27322751093241354,tvm
16,8,6,6,32,16,1,[16; 8; 6; 6; 32; 16; 1],0.011742838938516797,0.3892950073967356,tvm
2,1,5,1,80,16,1,[2; 1; 5; 1; 80; 16; 1],0.03753763475106098,0.12178254175429536,tvm
40,1,3,3,128,64,4,[40; 1; 3; 3; 128; 64; 4],0.040774849243462086,0.11211392945031091,tvm
80,20,750,5,160,32,2,[80; 20; 750; 5; 160; 32; 2],0.023311438628297765,0.19610237893594917,tvm
5,1,15,5,128,32,2,[5; 1; 15; 5; 128; 32; 2],0.03254636601195671,0.14045895537920103,tvm
20,4,6,3,640,32,2,[20; 4; 6; 3; 640; 32; 2],0.05045114998938516,0.09061098849858513,tvm
2,1,750,2,640,64,4,[2; 1; 750; 2; 640; 64; 4],0.12388764799106866,0.036899793042790965,tvm
10,5,10,5,640,16,1,[10; 5; 10; 5; 640; 16; 1],0.05829913349589333,0.0784133193291902,tvm
20,5,150,25,64,16,1,[20; 5; 150; 25; 64; 16; 1],0.015982437747879885,0.28602824197047066,tvm
4,4,2,1,640,64,4,[4; 4; 2; 1; 640; 64; 4],0.12027608696371317,0.03800779262803714,tvm
10,5,20,1,16,16,1,[10; 5; 20; 1; 16; 16; 1],0.01761132287356304,0.2595732645553219,tvm
8,1,60,2,1280,32,2,[8; 1; 60; 2; 1280; 32; 2],0.10331236600177363,0.04424860980678819,tvm
40,20,30,10,640,32,2,[40; 20; 30; 10; 640; 32; 2],0.028268983252928592,0.16171181434178336,tvm
2,1,30,3,320,32,2,[2; 1; 30; 3; 320; 32; 2],0.06318329850910231,0.07235185055699493,tvm
256,32,375,5,64,32,2,[256; 32; 375; 5; 64; 32; 2],0.009819756811339175,0.465533786554653,tvm
16,1,100,4,640,32,2,[16; 1; 100; 4; 640; 32; 2],0.10270056599983945,0.04451220426025421,tvm
64,32,100,5,256,64,4,[64; 32; 100; 5; 256; 64; 4],0.010578568562777946,0.4321405627141021,tvm
4,1,750,5,1280,16,1,[4; 1; 750; 5; 1280; 16; 1],0.21275252004852518,0.021487071318289943,tvm
32,2,10,5,1280,32,2,[32; 2; 10; 5; 1280; 32; 2],0.13905583799351007,0.032874769138724884,tvm
8,4,10,10,128,16,1,[8; 4; 10; 10; 128; 16; 1],0.022011510249285493,0.207683549182045,tvm
80,2,1500,5,640,32,2,[80; 2; 1500; 5; 640; 32; 2],0.1263166239950806,0.036190237095052556,tvm
320,2,300,30,1280,16,1,[320; 2; 300; 30; 1280; 16; 1],0.23857031698571518,0.01916176592791422,tvm
20,2,10,10,16,16,1,[20; 2; 10; 10; 16; 16; 1],0.018962830748932902,0.24107310938720583,tvm
128,32,150,5,128,32,2,[128; 32; 150; 5; 128; 32; 2],0.022793732750869822,0.20055638194029995,tvm
16,4,1500,6,256,16,1,[16; 4; 1500; 6; 256; 16; 1],0.028679924755124375,0.1593947198418564,tvm
32,8,4,4,256,64,4,[32; 8; 4; 4; 256; 64; 4],0.027672556505422108,0.16519718987773518,tvm
8,2,300,10,640,16,1,[8; 2; 300; 10; 640; 16; 1],0.11332299700006843,0.040339813563400655,tvm
64,8,125,5,256,32,2,[64; 8; 125; 5; 256; 32; 2],0.01513480837456882,0.30204733738882295,tvm
20,10,150,15,128,16,1,[20; 10; 150; 15; 128; 16; 1],0.0174112731256173,0.26255567519083967,tvm
32,2,12,4,128,32,2,[32; 2; 12; 4; 128; 32; 2],0.028844363492680714,0.15848602700449868,tvm
10,5,30,1,320,32,2,[10; 5; 30; 1; 320; 32; 2],0.023426052255672403,0.19514293409473815,tvm
160,5,1500,30,80,16,1,[160; 5; 1500; 30; 80; 16; 1],0.012304749252507463,0.3715174098730216,tvm
8,2,30,3,128,16,1,[8; 2; 30; 3; 128; 16; 1],0.05288194149034098,0.08644592922639867,tvm
20,20,300,20,64,16,1,[20; 20; 300; 20; 64; 16; 1],0.031069448246853426,0.14713581442153695,tvm
20,10,750,6,80,16,1,[20; 10; 750; 6; 80; 16; 1],0.02744301276106853,0.1665789616916163,tvm
160,5,300,20,640,16,1,[160; 5; 300; 20; 640; 16; 1],0.048261682997690514,0.09472169819787118,tvm
40,2,750,2,256,128,8,[40; 2; 750; 2; 256; 128; 8],0.0297914519906044,0.1534476591765418,tvm
40,10,50,1,640,160,10,[40; 10; 50; 1; 640; 160; 10],0.059757757000625134,0.07649933332304874,tvm
64,2,20,2,128,128,8,[64; 2; 20; 2; 128; 128; 8],0.014110943498963024,0.3239633531070771,tvm
8,1,500,1,640,80,5,[8; 1; 500; 1; 640; 80; 5],0.12745079601882026,0.03586818375581996,tvm
16,16,250,5,320,64,4,[16; 16; 250; 5; 320; 64; 4],0.016929229626839515,0.2700316950147012,tvm
320,40,750,25,32,16,1,[320; 40; 750; 25; 32; 16; 1],0.029877883003791794,0.15300376438479302,tvm
32,32,300,10,320,16,1,[32; 32; 300; 10; 320; 16; 1],0.020121611370996106,0.22718998429807494,tvm
20,20,250,2,320,160,10,[20; 20; 250; 2; 320; 160; 10],0.015899497251666617,0.28752032212524115,tvm
4,2,150,30,1280,16,1,[4; 2; 150; 30; 1280; 16; 1],0.37849853798979893,0.012077797171178977,tvm
2,1,150,1,320,80,5,[2; 1; 150; 1; 320; 80; 5],0.0636415974877309,0.07183082687875443,tvm
16,1,25,1,64,64,4,[16; 1; 25; 1; 64; 64; 4],0.016141601001436356,0.2832078782657175,tvm
4,2,6,2,320,160,10,[4; 2; 6; 2; 320; 160; 10],0.04350852749485057,0.10506971471212445,tvm
16,2,4,4,128,64,4,[16; 2; 4; 4; 128; 64; 4],0.05124424651148729,0.0892086211162029,tvm
40,4,30,3,640,64,4,[40; 4; 30; 3; 640; 64; 4],0.044659882987616584,0.10236096168671445,tvm
4,4,1,1,160,160,10,[4; 4; 1; 1; 160; 160; 10],0.016669958997226786,0.27423154263241284,tvm
80,20,300,5,160,32,2,[80; 20; 300; 5; 160; 32; 2],0.01528875449730549,0.29900595056544643,tvm
16,4,5,1,320,160,10,[16; 4; 5; 1; 320; 160; 10],0.05519159248797223,0.0828283505757659,tvm
20,5,5,1,320,16,1,[20; 5; 5; 1; 320; 16; 1],0.02901123950141482,0.15757439702656043,tvm
20,20,60,5,256,64,4,[20; 20; 60; 5; 256; 64; 4],0.012983795000764076,0.3520872419165237,tvm
16,4,250,2,256,16,1,[16; 4; 250; 2; 256; 16; 1],0.03671757825941313,0.12450245326995699,tvm
5,5,4,2,640,128,8,[5; 5; 4; 2; 640; 128; 8],0.0625651239824947,0.07306672280722447,tvm
160,1,300,12,32,16,1,[160; 1; 300; 12; 32; 16; 1],0.018108792130078655,0.2524424897359908,tvm
160,20,150,25,16,16,1,[160; 20; 150; 25; 16; 16; 1],0.013099884745315649,0.3489670833221076,tvm
8,8,60,1,1280,64,4,[8; 8; 60; 1; 1280; 64; 4],0.09919624202302657,0.046084695127537184,tvm
10,1,3,1,320,80,5,[10; 1; 3; 1; 320; 80; 5],0.04384779525571503,0.10425674870922368,tvm
20,1,75,1,32,16,1,[20; 1; 75; 1; 32; 16; 1],0.01664147449628217,0.27470093304832227,tvm
8,4,15,15,256,16,1,[8; 4; 15; 15; 256; 16; 1],0.0270432944962522,0.16904111191268148,tvm
64,1,20,4,32,32,2,[64; 1; 20; 4; 32; 32; 2],0.019210171623853967,0.23796916867479015,tvm
160,40,1500,5,1280,32,2,[160; 40; 1500; 5; 1280; 32; 2],0.06886907701846212,0.066378536918726,tvm
80,20,500,10,64,16,1,[80; 20; 500; 10; 64; 16; 1],0.010513304187043104,0.4348232002135476,tvm
256,32,300,5,1280,32,2,[256; 32; 300; 5; 1280; 32; 2],0.053228286997182295,0.08588344335917791,tvm
128,128,1500,12,64,32,2,[128; 128; 1500; 12; 64; 32; 2],0.01863408536883071,0.2453261580026468,tvm
16,2,250,5,64,64,4,[16; 2; 250; 5; 64; 64; 4],0.03349011576210614,0.13650082919692724,tvm
8,1,150,6,128,32,2,[8; 1; 150; 6; 128; 32; 2],0.03066756275075022,0.14906396731239233,tvm
64,1,150,2,80,80,5,[64; 1; 150; 2; 80; 80; 5],0.01691915850096848,0.27019243132966075,tvm
32,2,1500,5,1280,32,2,[32; 2; 1500; 5; 1280; 32; 2],0.1467491919756867,0.031151303185273843,tvm
1,1,375,1,256,32,2,[1; 1; 375; 1; 256; 32; 2],0.12508964398875833,0.036545220097032184,tvm
320,160,750,25,320,16,1,[320; 160; 750; 25; 320; 16; 1],0.0458099442475941,0.09979118391240258,tvm
256,32,15,5,640,32,2,[256; 32; 15; 5; 640; 32; 2],0.025122655497398227,0.18196438556831707,tvm
160,1,30,15,64,16,1,[160; 1; 30; 15; 64; 16; 1],0.022435591243265662,0.20375788281491117,tvm
32,4,15,5,128,64,4,[32; 4; 15; 5; 128; 64; 4],0.018772905626974534,0.24351204135709006,tvm
16,1,1,1,128,16,1,[16; 1; 1; 1; 128; 16; 1],0.028200681248563342,0.1621034800945264,tvm
20,1,75,1,256,128,8,[20; 1; 75; 1; 256; 128; 8],0.01846073537308257,0.2476298196708962,tvm
80,20,250,10,128,32,2,[80; 20; 250; 10; 128; 32; 2],0.011254612436459865,0.40618267374709466,tvm
64,64,10,2,160,80,5,[64; 64; 10; 2; 160; 80; 5],0.02983660101017449,0.15321546076477285,tvm
128,128,1500,10,16,16,1,[128; 128; 1500; 10; 16; 16; 1],0.01750324387103319,0.26117607713813606,tvm
20,20,50,2,640,64,4,[20; 20; 50; 2; 640; 64; 4],0.03239320174907334,0.14112308523375108,tvm
40,4,375,3,320,64,4,[40; 4; 375; 3; 320; 64; 4],0.06809076850186102,0.06713727384797585,tvm
64,2,12,2,320,80,5,[64; 2; 12; 2; 320; 80; 5],0.07520060450769961,0.06078978488744082,tvm
128,32,150,10,256,32,2,[128; 32; 150; 10; 256; 32; 2],0.030910168745322153,0.14789400242664147,tvm
40,10,500,5,1280,80,5,[40; 10; 500; 5; 1280; 80; 5],0.084586364479037,0.05404450941453462,tvm
8,8,750,30,256,16,1,[8; 8; 750; 30; 256; 16; 1],0.034599969498231076,0.13212232952003863,tvm
16,16,30,2,160,160,10,[16; 16; 30; 2; 160; 160; 10],0.007536347126006149,0.6065841308786925,tvm
80,40,125,25,640,16,1,[80; 40; 125; 25; 640; 16; 1],0.07818915951065719,0.05846627077255493,tvm
40,10,75,25,128,16,1,[40; 10; 75; 25; 128; 16; 1],0.017196887245518155,0.26582883903131804,tvm
160,8,12,6,320,32,2,[160; 8; 12; 6; 320; 32; 2],0.01743825525045395,0.26214942411222986,tvm
64,4,20,2,1280,128,8,[64; 4; 20; 2; 1280; 128; 8],0.06348243250977248,0.07201092319083467,tvm
2,1,1500,2,1280,64,4,[2; 1; 1500; 2; 1280; 64; 4],0.28425542096374556,0.016082115711037293,tvm
320,320,750,10,640,16,1,[320; 320; 750; 10; 640; 16; 1],0.08214048048830591,0.05565378415432318,tvm
10,10,150,2,256,128,8,[10; 10; 150; 2; 256; 128; 8],0.01695311037474312,0.26965131886589516,tvm
128,8,4,4,64,64,4,[128; 8; 4; 4; 64; 64; 4],0.017397302624885924,0.2627665144416919,tvm
160,16,10,5,256,32,2,[160; 16; 10; 5; 256; 32; 2],0.013730115999351256,0.3329490130778626,tvm
32,32,500,25,1280,16,1,[32; 32; 500; 25; 1280; 16; 1],0.20694185595493764,0.02209040095022641,tvm
64,16,12,12,32,16,1,[64; 16; 12; 12; 32; 16; 1],0.008479807249386795,0.5390958116128345,tvm
1,1,12,6,640,64,4,[1; 1; 12; 6; 640; 64; 4],0.23384233901742846,0.019549191094465828,tvm
160,2,60,12,80,16,1,[160; 2; 60; 12; 80; 16; 1],0.018142066248401534,0.2519794883800158,tvm
2,1,30,2,1280,16,1,[2; 1; 30; 2; 1280; 16; 1],0.2707457610522397,0.01688458040363013,tvm
256,4,60,6,32,32,2,[256; 4; 60; 6; 32; 32; 2],0.010282641313096974,0.44457726689405713,tvm
160,40,20,4,32,32,2,[160; 40; 20; 4; 32; 32; 2],0.008274278814496938,0.5524866485547003,tvm
16,4,12,12,160,32,2,[16; 4; 12; 12; 160; 32; 2],0.01982840112032136,0.2305495306297537,tvm
5,1,300,6,640,16,1,[5; 1; 300; 6; 640; 16; 1],0.10369690897641703,0.04408452109665309,tvm
8,2,20,2,128,128,8,[8; 2; 20; 2; 128; 128; 8],0.017766051380021963,0.2573125830632896,tvm
16,4,20,4,32,16,1,[16; 4; 20; 4; 32; 16; 1],0.03366580550209619,0.13578848042545524,tvm
20,1,375,5,16,16,1,[20; 1; 375; 5; 16; 16; 1],0.03650415850279387,0.12523035070315877,tvm
40,40,30,10,64,16,1,[40; 40; 30; 10; 64; 16; 1],0.01388064162892988,0.3293384191910013,tvm
128,128,12,12,640,16,1,[128; 128; 12; 12; 640; 16; 1],0.10127482697134838,0.04513884356200256,tvm
160,32,300,12,256,32,2,[160; 32; 300; 12; 256; 32; 2],0.017488033379777335,0.26140323912663854,tvm
64,8,60,6,64,32,2,[64; 8; 60; 6; 64; 32; 2],0.011248756374698132,0.406394130973545,tvm
4,2,20,4,1280,80,5,[4; 2; 20; 4; 1280; 80; 5],0.16052633296931162,0.028477748708696335,tvm
10,5,10,10,64,32,2,[10; 5; 10; 10; 64; 32; 2],0.013875307624402922,0.3294650248610462,tvm
8,4,75,15,16,16,1,[8; 4; 75; 15; 16; 16; 1],0.03472583449911326,0.131643447518743,tvm
10,2,30,1,1280,128,8,[10; 2; 30; 1; 1280; 128; 8],0.08680268199532293,0.05266460052092501,tvm
5,1,125,5,320,32,2,[5; 1; 125; 5; 320; 32; 2],0.04561482874851208,0.10021803647739636,tvm
160,160,10,10,1280,16,1,[160; 160; 10; 10; 1280; 16; 1],0.3194381649955176,0.014310840320200057,tvm
20,1,150,2,256,128,8,[20; 1; 150; 2; 256; 128; 8],0.014451802751864307,0.3163223751333618,tvm
2,1,60,2,1280,80,5,[2; 1; 60; 2; 1280; 80; 5],0.23486944497562945,0.019463700661032826,tvm
80,80,150,25,1280,16,1,[80; 80; 150; 25; 1280; 16; 1],0.22722131200134754,0.0201188371423604,tvm
2,1,150,3,128,16,1,[2; 1; 150; 3; 128; 16; 1],0.05169587000273168,0.08842928015694505,tvm
16,1,12,6,256,32,2,[16; 1; 12; 6; 256; 32; 2],0.0321670920093311,0.14211507120701125,tvm
256,64,15,15,64,16,1,[256; 64; 15; 15; 64; 16; 1],0.01945073362730909,0.23502602313211593,tvm
16,4,60,6,640,32,2,[16; 4; 60; 6; 640; 32; 2],0.05209920898778364,0.08774468288953279,tvm
16,2,60,1,160,80,5,[16; 2; 60; 1; 160; 80; 5],0.021955526623059995,0.2082131141699502,tvm
4,2,375,1,16,16,1,[4; 2; 375; 1; 16; 16; 1],0.021920177125139162,0.20854888832927485,tvm
160,32,100,10,80,16,1,[160; 32; 100; 10; 80; 16; 1],0.01963634937419556,0.23280440189335594,tvm
16,1,125,25,320,16,1,[16; 1; 125; 25; 320; 16; 1],0.09073758849990554,0.05038075892256417,tvm
20,5,60,5,256,32,2,[20; 5; 60; 5; 256; 32; 2],0.03992089975508861,0.11451216278876239,tvm
20,20,6,1,256,128,8,[20; 20; 6; 1; 256; 128; 8],0.033694006502628326,0.13567482902551153,tvm
32,32,10,1,1280,160,10,[32; 32; 10; 1; 1280; 160; 10],0.13098540902137756,0.03490028855567026,tvm
40,20,300,4,80,80,5,[40; 20; 300; 4; 80; 80; 5],0.011984643686446361,0.3814405076221397,tvm
80,8,50,2,320,64,4,[80; 8; 50; 2; 320; 64; 4],0.027078223502030596,0.16882306075528775,tvm
40,4,300,10,640,32,2,[40; 4; 300; 10; 640; 32; 2],0.04865208324918058,0.0939616202663956,tvm
64,16,10,1,256,128,8,[64; 16; 10; 1; 256; 128; 8],0.02235613500670297,0.20448206141436945,tvm
4,2,20,1,64,16,1,[4; 2; 20; 1; 64; 16; 1],0.034968471751199104,0.1307300074179482,tvm
20,4,75,3,320,32,2,[20; 4; 75; 3; 320; 32; 2],0.026696291257394478,0.17123833896449395,tvm
8,4,30,10,1280,16,1,[8; 4; 30; 10; 1280; 16; 1],0.13184652099153027,0.03467234885721586,tvm
4,1,300,4,640,32,2,[4; 1; 300; 4; 640; 32; 2],0.08684345200890675,0.05263987630247265,tvm
2,2,100,1,128,16,1,[2; 2; 100; 1; 128; 16; 1],0.04632562775805127,0.09868033727042307,tvm
160,8,60,4,64,32,2,[160; 8; 60; 4; 64; 32; 2],0.011781135377532337,0.388029542564012,tvm
10,1,1500,5,1280,16,1,[10; 1; 1500; 5; 1280; 16; 1],0.20218025997746736,0.02261065730125211,tvm
20,10,750,5,640,32,2,[20; 10; 750; 5; 640; 32; 2],0.04382791074749548,0.10430404948494615,tvm
20,2,12,12,160,16,1,[20; 2; 12; 12; 160; 16; 1],0.017308137626969256,0.2641201884312179,tvm
10,10,750,2,1280,160,10,[10; 10; 750; 2; 1280; 160; 10],0.098068510502344,0.046614642641271756,tvm
16,2,100,2,128,64,4,[16; 2; 100; 2; 128; 64; 4],0.015179073248873465,0.30116651369133135,tvm
40,40,375,5,160,32,2,[40; 40; 375; 5; 160; 32; 2],0.007190724561951356,0.6357396298583876,tvm
16,2,250,5,160,16,1,[16; 2; 250; 5; 160; 16; 1],0.021737422874139156,0.21030223306126897,tvm
20,4,75,1,160,32,2,[20; 4; 75; 1; 160; 32; 2],0.021526235876081046,0.212365440839015,tvm
128,32,300,4,64,64,4,[128; 32; 300; 4; 64; 64; 4],0.013185107251047157,0.34671151962495494,tvm
16,4,300,4,128,16,1,[16; 4; 300; 4; 128; 16; 1],0.059746651008026674,0.07651355338417919,tvm
32,16,20,2,80,80,5,[32; 16; 20; 2; 80; 80; 5],0.016330274753272533,0.2799358027036546,tvm
2,2,1500,5,1280,64,4,[2; 2; 1500; 5; 1280; 64; 4],0.3468223729869351,0.013180892951219093,tvm
2,2,500,2,80,80,5,[2; 2; 500; 2; 80; 80; 5],0.022319764997519087,0.20481526449479645,tvm
80,40,100,10,640,16,1,[80; 40; 100; 10; 640; 16; 1],0.10097935004159808,0.04527092489251899,tvm
20,1,75,3,1280,32,2,[20; 1; 75; 3; 1280; 32; 2],0.168914380017668,0.027063584349363342,tvm
80,16,15,3,64,64,4,[80; 16; 15; 3; 64; 64; 4],0.008855497875629226,0.516224907467865,tvm
4,1,1500,1,64,32,2,[4; 1; 1500; 1; 64; 32; 2],0.018782622122671455,0.24338606939819415,tvm
128,4,5,5,640,32,2,[128; 4; 5; 5; 640; 32; 2],0.03954257775330916,0.11560775324127692,tvm
320,5,250,25,64,16,1,[320; 5; 250; 25; 64; 16; 1],0.02721394199761562,0.16798112422776174,tvm
10,10,15,1,640,80,5,[10; 10; 15; 1; 640; 80; 5],0.046176452000509016,0.0989991299326804,tvm
160,5,10,10,160,32,2,[160; 5; 10; 10; 160; 32; 2],0.01980441449995851,0.2308287665579888,tvm
256,64,250,10,160,32,2,[256; 64; 250; 10; 160; 32; 2],0.023162487748777494,0.19736345339976918,tvm
160,80,100,10,256,32,2,[160; 80; 100; 10; 256; 32; 2],0.025600303008104675,0.178569314979644,tvm
160,16,20,10,256,16,1,[160; 16; 20; 10; 256; 16; 1],0.0130955893691862,0.34908154513344014,tvm
5,5,300,10,1280,32,2,[5; 5; 300; 10; 1280; 32; 2],0.1531768499989994,0.029844121820356236,tvm
128,2,500,10,32,32,2,[128; 2; 500; 10; 32; 32; 2],0.0155986745012342,0.293065194165496,tvm
10,10,100,5,64,32,2,[10; 10; 100; 5; 64; 32; 2],0.012724366373731755,0.3592657140764079,tvm
8,4,1500,2,1280,160,10,[8; 4; 1500; 2; 1280; 160; 10],0.1192671480239369,0.0383293190720976,tvm
80,8,10,10,32,32,2,[80; 8; 10; 10; 32; 32; 2],0.009645557813200867,0.47394133755251927,tvm
80,10,75,25,80,16,1,[80; 10; 75; 25; 80; 16; 1],0.017941761878319085,0.2547926230674541,tvm
40,1,500,2,1280,64,4,[40; 1; 500; 2; 1280; 64; 4],0.08377909197588451,0.05456526758185013,tvm
40,2,30,2,1280,160,10,[40; 2; 30; 2; 1280; 160; 10],0.13173262297641486,0.03470232709362381,tvm
2,2,3,1,320,64,4,[2; 2; 3; 1; 320; 64; 4],0.0578583725146018,0.07901066643855,tvm
8,2,750,3,32,16,1,[8; 2; 750; 3; 32; 16; 1],0.02024549799534725,0.22579975916024203,tvm
32,8,5,5,64,64,4,[32; 8; 5; 5; 64; 64; 4],0.010748886565124849,0.42529321932382624,tvm
16,8,4,2,640,160,10,[16; 8; 4; 2; 640; 160; 10],0.042632355995010585,0.10722908609516167,tvm
10,10,60,5,32,32,2,[10; 10; 60; 5; 32; 32; 2],0.022013341120327823,0.2076662759387837,tvm
8,4,100,1,128,32,2,[8; 4; 100; 1; 128; 32; 2],0.020297939248848706,0.22521638849066228,tvm
80,16,300,15,640,16,1,[80; 16; 300; 15; 640; 16; 1],0.03428278450155631,0.13334472791208213,tvm
64,64,25,5,256,32,2,[64; 64; 25; 5; 256; 32; 2],0.013808328498271294,0.3310631385979036,tvm
40,2,20,4,640,80,5,[40; 2; 20; 4; 640; 80; 5],0.10818094201385975,0.042257245003864886,tvm
40,4,1500,12,1280,32,2,[40; 4; 1500; 12; 1280; 32; 2],0.10914282302837819,0.04188482984575134,tvm
16,4,300,1,256,32,2,[16; 4; 300; 1; 256; 32; 2],0.019783741256105714,0.23106997368446297,tvm
4,2,3,3,160,80,5,[4; 2; 3; 3; 160; 80; 5],0.034150895502534695,0.13385969838153375,tvm
80,2,60,10,1280,32,2,[80; 2; 60; 10; 1280; 32; 2],0.15463732101488858,0.02956225923616739,tvm
40,1,750,5,1280,64,4,[40; 1; 750; 5; 1280; 64; 4],0.136253033997491,0.03355102222173453,tvm
320,5,500,25,128,16,1,[320; 5; 500; 25; 128; 16; 1],0.02130312162626069,0.2145896104631586,tvm
16,8,15,1,640,160,10,[16; 8; 15; 1; 640; 160; 10],0.04737296274106484,0.09649868420549236,tvm
2,2,300,6,256,64,4,[2; 2; 300; 6; 256; 64; 4],0.04908777975651901,0.09312762960768198,tvm
20,20,60,3,64,64,4,[20; 20; 60; 3; 64; 64; 4],0.008838650748657528,0.5172088706099073,tvm
64,2,1500,2,64,64,4,[64; 2; 1500; 2; 64; 64; 4],0.011214987622224726,0.4076177990931865,tvm
10,2,4,1,640,32,2,[10; 2; 4; 1; 640; 32; 2],0.04697230499004945,0.09732178509010739,tvm
20,20,12,6,128,16,1,[20; 20; 12; 6; 128; 16; 1],0.015991011627193075,0.2858748825905895,tvm
16,16,375,1,128,128,8,[16; 16; 375; 1; 128; 128; 8],0.026607177511323243,0.1718118567624508,tvm
32,2,750,30,320,16,1,[32; 2; 750; 30; 320; 16; 1],0.04382020725461189,0.10432238589988524,tvm
10,10,12,2,1280,128,8,[10; 10; 12; 2; 1280; 128; 8],0.09466666952357627,0.04828973697326576,tvm
64,16,12,6,160,32,2,[64; 16; 12; 6; 160; 32; 2],0.007701964314037468,0.5935406066601431,tvm
16,16,1500,15,320,16,1,[16; 16; 1500; 15; 320; 16; 1],0.026636925002094358,0.1716199813255148,tvm
32,32,100,1,640,128,8,[32; 32; 100; 1; 640; 128; 8],0.03141421650070697,0.1455210118427016,tvm
20,5,250,2,32,32,2,[20; 5; 250; 2; 32; 32; 2],0.022304411002551205,0.20495625600271114,tvm
64,16,150,25,640,16,1,[64; 16; 150; 25; 640; 16; 1],0.05718057000194676,0.07994723681965628,tvm
8,4,100,2,1280,64,4,[8; 4; 100; 2; 1280; 64; 4],0.10619633097667247,0.043046953970874484,tvm
8,4,750,2,256,32,2,[8; 4; 750; 2; 256; 32; 2],0.02149741487664869,0.21265015340957258,tvm
160,1,375,25,32,16,1,[160; 1; 375; 25; 32; 16; 1],0.03377933525189292,0.13533210577826274,tvm
32,4,1500,10,32,32,2,[32; 4; 1500; 10; 32; 32; 2],0.02059909774834523,0.22192372827571075,tvm
80,40,30,15,1280,16,1,[80; 40; 30; 15; 1280; 16; 1],0.14178490097401664,0.032241998548677105,tvm
5,1,150,2,64,16,1,[5; 1; 150; 2; 64; 16; 1],0.01948498324782122,0.234612907452191,tvm
80,4,12,12,32,16,1,[80; 4; 12; 12; 32; 16; 1],0.025572152255335823,0.17876589055873107,tvm
8,4,125,1,320,80,5,[8; 4; 125; 1; 320; 80; 5],0.030239725005230866,0.15117295447090892,tvm
8,1,60,3,320,16,1,[8; 1; 60; 3; 320; 16; 1],0.07932287448784336,0.05763064690916069,tvm
1,1,300,2,1280,32,2,[1; 1; 300; 2; 1280; 32; 2],0.5575460609979928,0.008199194454438142,tvm
16,8,30,3,1280,80,5,[16; 8; 30; 3; 1280; 80; 5],0.0758628920011688,0.06025908650250429,tvm
20,2,300,2,80,16,1,[20; 2; 300; 2; 80; 16; 1],0.011871398750372464,0.3850791863330464,tvm
80,2,6,6,64,64,4,[80; 2; 6; 6; 64; 64; 4],0.02906582475407049,0.15727847429439865,tvm
8,8,50,1,640,16,1,[8; 8; 50; 1; 640; 16; 1],0.06345446899649687,0.07204265741599612,tvm
40,10,1500,12,1280,32,2,[40; 10; 1500; 12; 1280; 32; 2],0.09200708349817432,0.049685615472413944,tvm
8,1,250,25,80,16,1,[8; 1; 250; 25; 80; 16; 1],0.02012231412663823,0.2271820498705387,tvm
16,16,60,1,128,32,2,[16; 16; 60; 1; 128; 32; 2],0.03332636175036896,0.1371715462273034,tvm
32,16,300,2,256,64,4,[32; 16; 300; 2; 256; 64; 4],0.012785534745489713,0.3575469202053681,tvm
32,2,30,2,1280,80,5,[32; 2; 30; 2; 1280; 80; 5],0.13770385301904753,0.03319753566224644,tvm
256,2,150,30,320,16,1,[256; 2; 150; 30; 320; 16; 1],0.04054029173857998,0.11276259679893208,tvm
16,16,60,5,256,16,1,[16; 16; 60; 5; 256; 16; 1],0.02015428624872584,0.22682165545393992,tvm
80,4,1500,25,128,16,1,[80; 4; 1500; 25; 128; 16; 1],0.024890551874705125,0.18366119780872592,tvm
20,5,15,5,64,16,1,[20; 5; 15; 5; 64; 16; 1],0.03424608074419666,0.13348764215021147,tvm
16,1,1500,4,80,16,1,[16; 1; 1500; 4; 80; 16; 1],0.05109111449564807,0.08947600021169953,tvm
10,1,1500,1,1280,80,5,[10; 1; 1500; 1; 1280; 80; 5],0.14422534400364384,0.03169643035355198,tvm
4,1,12,1,1280,16,1,[4; 1; 12; 1; 1280; 16; 1],0.12805961596313864,0.03569765953963532,tvm
10,2,500,20,128,16,1,[10; 2; 500; 20; 128; 16; 1],0.038250936500844546,0.11951154637292707,tvm
160,5,50,25,16,16,1,[160; 5; 50; 25; 16; 16; 1],0.01149220012666774,0.3977853257898404,tvm
80,5,75,25,160,16,1,[80; 5; 75; 25; 160; 16; 1],0.022435958875576034,0.20375454406831997,tvm
80,2,30,30,256,16,1,[80; 2; 30; 30; 256; 16; 1],0.04769353200390469,0.09585007399020704,tvm
160,20,150,10,320,32,2,[160; 20; 150; 10; 320; 32; 2],0.028871827758848667,0.15833526750060067,tvm
320,5,30,30,64,16,1,[320; 5; 30; 30; 64; 16; 1],0.02971417549997568,0.15384672448449102,tvm
16,2,75,3,160,32,2,[16; 2; 75; 3; 160; 32; 2],0.036329617258161306,0.12583200475093412,tvm
4,4,60,5,1280,32,2,[4; 4; 60; 5; 1280; 32; 2],0.17092646600212902,0.02674500139359127,tvm
32,1,750,3,160,80,5,[32; 1; 750; 3; 160; 80; 5],0.01745642500463873,0.261876562366796,tvm
64,4,25,5,1280,32,2,[64; 4; 25; 5; 1280; 32; 2],0.09397206452558748,0.048646675951062306,tvm
80,16,20,4,256,32,2,[80; 16; 20; 4; 256; 32; 2],0.014459436381002888,0.3161553777735494,tvm
160,32,100,10,160,16,1,[160; 32; 100; 10; 160; 16; 1],0.010286949560395442,0.4443910747874651,tvm
160,20,1500,4,160,32,2,[160; 20; 1500; 4; 160; 32; 2],0.014733430500200484,0.3102759110559056,tvm
16,16,300,30,80,16,1,[16; 16; 300; 30; 80; 16; 1],0.013438945628877264,0.3401627402677784,tvm
160,5,75,25,32,16,1,[160; 5; 75; 25; 32; 16; 1],0.03286716900765896,0.13908799295623248,tvm
20,4,12,3,320,16,1,[20; 4; 12; 3; 320; 16; 1],0.03788725174672436,0.12065875355616963,tvm
256,64,25,25,32,16,1,[256; 64; 25; 25; 32; 16; 1],0.018152658631152008,0.2518324540948225,tvm
16,4,1500,4,160,32,2,[16; 4; 1500; 4; 160; 32; 2],0.027826410747366026,0.16428380264103198,tvm
40,5,60,4,640,32,2,[40; 5; 60; 4; 640; 32; 2],0.048323005248676054,0.09460149566243749,tvm
8,1,30,3,320,32,2,[8; 1; 30; 3; 320; 32; 2],0.05201329098781571,0.08788962368290529,tvm
8,8,10,5,256,16,1,[8; 8; 10; 5; 256; 16; 1],0.02272816374897957,0.20113497165532418,tvm
20,5,6,6,64,64,4,[20; 5; 6; 6; 64; 64; 4],0.012631067875190638,0.361919405120731,tvm
40,4,100,2,1280,128,8,[40; 4; 100; 2; 1280; 128; 8],0.07102965348167345,0.06435943788755859,tvm
64,16,60,5,64,64,4,[64; 16; 60; 5; 64; 64; 4],0.008192122313630534,0.5580273824552595,tvm
40,5,375,15,64,16,1,[40; 5; 375; 15; 64; 16; 1],0.02921814400178846,0.15645855435406,tvm
10,1,20,2,320,80,5,[10; 1; 20; 2; 320; 80; 5],0.037222192011540756,0.1228145986139451,tvm
32,32,300,5,640,32,2,[32; 32; 300; 5; 640; 32; 2],0.05877352098468691,0.07778041020580731,tvm
80,40,1500,10,256,16,1,[80; 40; 1500; 10; 256; 16; 1],0.02588609649683349,0.1765978339757704,tvm
16,8,60,6,16,16,1,[16; 8; 60; 6; 16; 16; 1],0.013377169372688513,0.3417336242121465,tvm
2,2,4,1,320,80,5,[2; 2; 4; 1; 320; 80; 5],0.05772923197946511,0.07918741363222494,tvm
80,10,10,5,640,32,2,[80; 10; 10; 5; 640; 32; 2],0.03437385900178924,0.13299142732826763,tvm
32,2,60,2,320,160,10,[32; 2; 60; 2; 320; 160; 10],0.03217644925462082,0.14207374266979053,tvm
10,1,30,2,1280,128,8,[10; 1; 30; 2; 1280; 128; 8],0.09008255449589342,0.050747101889045215,tvm
160,40,100,4,256,32,2,[160; 40; 100; 4; 256; 32; 2],0.011313832001178525,0.40405660707639823,tvm
16,1,20,5,320,64,4,[16; 1; 20; 5; 320; 64; 4],0.05805998051073402,0.07873630909303207,tvm
160,5,500,4,1280,32,2,[160; 5; 500; 4; 1280; 32; 2],0.09268160097417422,0.04932401386443899,tvm
8,1,100,1,64,16,1,[8; 1; 100; 1; 64; 16; 1],0.016906770499190316,0.2703904078929505,tvm
320,4,750,30,160,16,1,[320; 4; 750; 30; 160; 16; 1],0.02578462149540428,0.17729283217298186,tvm
40,5,1500,6,320,32,2,[40; 5; 1500; 6; 320; 32; 2],0.044760271994164214,0.1021313849930266,tvm
16,16,10,1,640,160,10,[16; 16; 10; 1; 640; 160; 10],0.040977586002554744,0.1115592453675423,tvm
16,8,150,30,128,16,1,[16; 8; 150; 30; 128; 16; 1],0.02052354750048835,0.22274066271046936,tvm
128,64,10,10,640,32,2,[128; 64; 10; 10; 640; 32; 2],0.05060618752031587,0.09033339193143862,tvm
32,8,60,3,64,64,4,[32; 8; 60; 3; 64; 64; 4],0.013226970753748901,0.3456141739886208,tvm
64,2,5,1,128,128,8,[64; 2; 5; 1; 128; 128; 8],0.022379817004548386,0.20426568146198393,tvm
10,10,750,5,640,16,1,[10; 10; 750; 5; 640; 16; 1],0.06588396002189256,0.06938606255467238,tvm
32,32,1500,6,640,32,2,[32; 32; 1500; 6; 640; 32; 2],0.04248470200400334,0.10760175676877304,tvm
20,4,5,1,32,32,2,[20; 4; 5; 1; 32; 32; 2],0.02696275824564509,0.16954602825795576,tvm
64,16,750,10,256,32,2,[64; 16; 750; 10; 256; 32; 2],0.012487118376157014,0.36609155400955334,tvm
20,4,12,12,1280,16,1,[20; 4; 12; 12; 1280; 16; 1],0.11512386496178806,0.03970878299600106,tvm
20,5,100,1,1280,64,4,[20; 5; 100; 1; 1280; 64; 4],0.09574935902492143,0.04774369894464495,tvm
2,2,750,15,640,16,1,[2; 2; 750; 15; 640; 16; 1],0.2071169710252434,0.022071723764593904,tvm
4,1,60,12,320,32,2,[4; 1; 60; 12; 320; 32; 2],0.049391022010240704,0.09255586107290378,tvm
10,10,60,4,128,32,2,[10; 10; 60; 4; 128; 32; 2],0.027646789254504256,0.16535115630773609,tvm
40,5,1500,30,160,16,1,[40; 5; 1500; 30; 160; 16; 1],0.013456251748721115,0.33972525609615184,tvm
8,8,250,1,1280,160,10,[8; 8; 250; 1; 1280; 160; 10],0.11686756397830322,0.0391163160744693,tvm
8,1,1500,2,1280,16,1,[8; 1; 1500; 2; 1280; 16; 1],0.15794469602406025,0.028943223080642042,tvm
10,10,75,1,160,80,5,[10; 10; 75; 1; 160; 80; 5],0.011529716623044806,0.3964909737930171,tvm
40,40,50,25,32,16,1,[40; 40; 50; 25; 32; 16; 1],0.03145778874750249,0.14531945039498392,tvm
80,8,60,3,1280,80,5,[80; 8; 60; 3; 1280; 80; 5],0.07167581148678437,0.06377923704807241,tvm
40,8,50,5,256,32,2,[40; 8; 50; 5; 256; 32; 2],0.016447371497633867,0.27794280515194913,tvm
40,1,250,25,64,16,1,[40; 1; 250; 25; 64; 16; 1],0.023768542501784395,0.19233104306186957,tvm
80,8,375,5,256,32,2,[80; 8; 375; 5; 256; 32; 2],0.01630653800384607,0.28034329361329496,tvm
160,10,30,10,64,16,1,[160; 10; 30; 10; 64; 16; 1],0.02244900187361054,0.20363616151693675,tvm
10,10,150,2,128,16,1,[10; 10; 150; 2; 128; 16; 1],0.020967875752830878,0.21802058660192997,tvm
128,32,250,5,32,32,2,[128; 32; 250; 5; 32; 32; 2],0.008305791750899516,0.550390463489948,tvm
64,32,1500,4,32,32,2,[64; 32; 1500; 4; 32; 32; 2],0.016727576505218167,0.27328696240023265,tvm
10,5,1500,10,128,16,1,[10; 5; 1500; 10; 128; 16; 1],0.05519392201676965,0.08282485470120475,tvm
8,4,50,1,640,128,8,[8; 4; 50; 1; 640; 128; 8],0.04570726024394389,0.10001537057855651,tvm
16,2,375,1,128,64,4,[16; 2; 375; 1; 128; 64; 4],0.015700163625297137,0.29117075977875706,tvm
2,1,300,1,64,32,2,[2; 1; 300; 1; 64; 32; 2],0.05123433351400308,0.08922588151125523,tvm
20,1,5,5,640,16,1,[20; 1; 5; 5; 640; 16; 1],0.08673052847734652,0.052708413654167924,tvm
1,1,12,4,320,80,5,[1; 1; 12; 4; 320; 80; 5],0.11718990904046223,0.039008721901560586,tvm
80,8,20,4,640,80,5,[80; 8; 20; 4; 640; 80; 5],0.03210700074851047,0.14238105288114314,tvm
16,1,60,5,320,80,5,[16; 1; 60; 5; 320; 80; 5],0.0351345797535032,0.13011194679147295,tvm
128,64,125,25,128,16,1,[128; 64; 125; 25; 128; 16; 1],0.0549590669979807,0.08317878779849983,tvm
4,4,10,10,256,32,2,[4; 4; 10; 10; 256; 32; 2],0.056397157517494634,0.0810577832758769,tvm
16,4,60,6,16,16,1,[16; 4; 60; 6; 16; 16; 1],0.030266173256677575,0.15104085120572636,tvm
320,320,300,15,128,16,1,[320; 320; 300; 15; 128; 16; 1],0.034195341999293305,0.1336857099286519,tvm
64,1,150,10,256,32,2,[64; 1; 150; 10; 256; 32; 2],0.06530352949630469,0.0700027794315046,tvm
20,2,3,3,80,16,1,[20; 2; 3; 3; 80; 16; 1],0.011171927184477681,0.4091888978456763,tvm
16,4,6,1,80,16,1,[16; 4; 6; 1; 80; 16; 1],0.02915637100522872,0.1567900398375628,tvm
256,4,500,20,640,16,1,[256; 4; 500; 20; 640; 16; 1],0.056340178998652846,0.08113975945191583,tvm
20,5,250,1,128,128,8,[20; 5; 250; 1; 128; 128; 8],0.014391178119694814,0.31765492257874406,tvm
20,5,10,1,64,16,1,[20; 5; 10; 1; 64; 16; 1],0.03310858199256472,0.13807382546480512,tvm
4,2,25,1,256,16,1,[4; 2; 25; 1; 256; 16; 1],0.03135485299571883,0.14579652381252597,tvm
4,4,30,1,256,64,4,[4; 4; 30; 1; 256; 64; 4],0.05177821949473582,0.08828863981878209,tvm
320,160,150,30,80,16,1,[320; 160; 150; 30; 80; 16; 1],0.04465839725162368,0.10236436712386414,tvm
160,80,100,25,1280,16,1,[160; 80; 100; 25; 1280; 16; 1],0.24442489200737327,0.018702794686273897,tvm
80,10,4,2,80,80,5,[80; 10; 4; 2; 80; 80; 5],0.011027541189832846,0.41454649705986407,tvm
128,64,250,10,640,32,2,[128; 64; 250; 10; 640; 32; 2],0.050727472495054826,0.09011741264803244,tvm
40,4,500,10,1280,16,1,[40; 4; 500; 10; 1280; 16; 1],0.13969315798021853,0.03272478507555764,tvm
64,8,25,1,1280,128,8,[64; 8; 25; 1; 1280; 128; 8],0.11325918301008642,0.04036254235580578,tvm
2,2,60,6,320,64,4,[2; 2; 60; 6; 320; 64; 4],0.0723178860207554,0.06321297293060477,tvm
40,40,60,30,32,16,1,[40; 40; 60; 30; 32; 16; 1],0.016826636499899905,0.2716780963002181,tvm
10,2,30,1,64,16,1,[10; 2; 30; 1; 64; 16; 1],0.019320126870297827,0.23661483188583748,tvm
256,128,60,20,160,16,1,[256; 128; 60; 20; 160; 16; 1],0.018957256877911277,0.24114399044490106,tvm
5,5,250,1,128,64,4,[5; 5; 250; 1; 128; 64; 4],0.034363025246420875,0.13303335601700886,tvm
1,1,30,1,1280,32,2,[1; 1; 30; 1; 1280; 32; 2],0.5117062120116316,0.008933697625942948,tvm
10,2,12,1,1280,128,8,[10; 2; 12; 1; 1280; 128; 8],0.0842727864801418,0.0542456083673677,tvm
2,1,75,1,128,32,2,[2; 1; 75; 1; 128; 32; 2],0.0381868444965221,0.11971213206278196,tvm
64,32,125,25,32,16,1,[64; 32; 125; 25; 32; 16; 1],0.014927912001439836,0.30623362269201787,tvm
10,1,12,12,160,32,2,[10; 1; 12; 12; 160; 32; 2],0.0331370760104619,0.1379550980896836,tvm
64,8,10,5,320,80,5,[64; 8; 10; 5; 320; 80; 5],0.034779257257469,0.13144123629744386,tvm
4,1,500,1,256,16,1,[4; 1; 500; 1; 256; 16; 1],0.038474164248327725,0.11881813837261633,tvm
16,4,12,1,160,160,10,[16; 4; 12; 1; 160; 160; 10],0.012316204749367898,0.3711718556532758,tvm
64,4,10,1,1280,128,8,[64; 4; 10; 1; 1280; 128; 8],0.11127238400513306,0.04108322664514574,tvm
16,8,25,25,256,16,1,[16; 8; 25; 25; 256; 16; 1],0.02009905037266435,0.2274450029562555,tvm
160,5,50,10,32,16,1,[160; 5; 50; 10; 32; 16; 1],0.025996295487857424,0.17584923104000855,tvm
128,1,20,10,128,16,1,[128; 1; 20; 10; 128; 16; 1],0.03138316250988282,0.1456650065138907,tvm
16,4,5,5,80,16,1,[16; 4; 5; 5; 80; 16; 1],0.013472416998411063,0.3393176274136798,tvm
320,1,150,25,256,16,1,[320; 1; 150; 25; 256; 16; 1],0.09427170100389048,0.04849205565135516,tvm
320,1,60,20,80,16,1,[320; 1; 60; 20; 80; 16; 1],0.017006843372655567,0.2687993574856306,tvm
8,1,20,1,1280,16,1,[8; 1; 20; 1; 1280; 16; 1],0.10993039404274896,0.04158475561955019,tvm
10,5,50,2,320,160,10,[10; 5; 50; 2; 320; 160; 10],0.02610408325563185,0.1751231225652142,tvm
256,4,30,10,128,32,2,[256; 4; 30; 10; 128; 32; 2],0.016584674995101523,0.2756417338765334,tvm
256,16,500,10,16,16,1,[256; 16; 500; 10; 16; 16; 1],0.013462491624522954,0.33956779316403557,tvm
40,40,6,6,1280,32,2,[40; 40; 6; 6; 1280; 32; 2],0.07677456448436715,0.05954352984131101,tvm
128,2,4,4,320,64,4,[128; 2; 4; 4; 320; 64; 4],0.026814737997483462,0.1704819406349447,tvm
64,16,500,25,80,16,1,[64; 16; 500; 25; 80; 16; 1],0.01382358800037764,0.33069768654156123,tvm
20,5,75,3,64,16,1,[20; 5; 75; 3; 64; 16; 1],0.015540682128630579,0.2941588106359009,tvm
8,8,150,2,64,64,4,[8; 8; 150; 2; 64; 64; 4],0.014270958628912922,0.32033086846505676,tvm
10,1,750,2,16,16,1,[10; 1; 750; 2; 16; 16; 1],0.04270379999070428,0.1070496904824319,tvm
20,2,4,1,640,160,10,[20; 2; 4; 1; 640; 160; 10],0.07789790848619305,0.05868486921235929,tvm
64,16,5,1,256,128,8,[64; 16; 5; 1; 256; 128; 8],0.02238864612445468,0.20418512785528775,tvm
16,8,12,4,256,16,1,[16; 8; 12; 4; 256; 16; 1],0.02103873374289833,0.21728629808681652,tvm
16,16,100,5,80,16,1,[16; 16; 100; 5; 80; 16; 1],0.020629705999454018,0.22159446050998297,tvm
4,1,500,2,80,80,5,[4; 1; 500; 2; 80; 80; 5],0.04363971151178703,0.10475386782045604,tvm
64,1,12,6,320,32,2,[64; 1; 12; 6; 320; 32; 2],0.035128736242768355,0.13013359034143027,tvm
80,8,75,25,256,16,1,[80; 8; 75; 25; 256; 16; 1],0.02091304112400394,0.2185922431999379,tvm
8,4,20,10,32,16,1,[8; 4; 20; 10; 32; 16; 1],0.0320540910033742,0.14261607265504292,tvm
20,20,30,10,32,32,2,[20; 20; 30; 10; 32; 32; 2],0.01601693299744511,0.2854122304287449,tvm
10,2,25,25,64,16,1,[10; 2; 25; 25; 64; 16; 1],0.044841937997261994,0.1019453836207458,tvm
20,5,12,4,320,64,4,[20; 5; 12; 4; 320; 64; 4],0.043118504763697274,0.10602010891800197,tvm
80,80,150,30,64,16,1,[80; 80; 150; 30; 64; 16; 1],0.050086504517821595,0.09127066493134858,tvm
5,1,12,1,80,16,1,[5; 1; 12; 1; 80; 16; 1],0.036530919998767786,0.12513861056832867,tvm
80,4,750,5,1280,32,2,[80; 4; 750; 5; 1280; 32; 2],0.1020867390325293,0.04477984716479106,tvm
20,20,12,3,64,32,2,[20; 20; 12; 3; 64; 32; 2],0.01093845699870144,0.41792261668819186,tvm
32,4,75,5,128,32,2,[32; 4; 75; 5; 128; 32; 2],0.019950443624111358,0.2291391939727954,tvm
10,2,4,1,128,128,8,[10; 2; 4; 1; 128; 128; 8],0.030900037250830792,0.1479424938656235,tvm
20,1,375,1,160,32,2,[20; 1; 375; 1; 160; 32; 2],0.019231941252655815,0.23769979906720468,tvm
20,2,10,1,640,128,8,[20; 2; 10; 1; 640; 128; 8],0.04222617625782732,0.1082605382859212,tvm
160,160,100,25,320,16,1,[160; 160; 100; 25; 320; 16; 1],0.039146183989942074,0.11677839588663662,tvm
1,1,300,6,32,32,2,[1; 1; 300; 6; 32; 32; 2],0.08909234701422974,0.05131112519348522,tvm
40,1,60,12,32,16,1,[40; 1; 60; 12; 32; 16; 1],0.019218980123696383,0.23786010194121318,tvm
4,4,50,10,16,16,1,[4; 4; 50; 10; 16; 16; 1],0.04478262549673673,0.1020804055305263,tvm
40,20,250,5,128,64,4,[40; 20; 250; 5; 128; 64; 4],0.012491055123973638,0.3659761746351428,tvm
1,1,30,10,64,16,1,[1; 1; 30; 10; 64; 16; 1],0.10964464000426233,0.04169313311850777,tvm
20,2,750,1,320,16,1,[20; 2; 750; 1; 320; 16; 1],0.036281646505813114,0.1259983769120326,tvm
80,1,300,4,64,32,2,[80; 1; 300; 4; 64; 32; 2],0.04760274874570314,0.09603286977921022,tvm
1,1,60,20,64,16,1,[1; 1; 60; 20; 64; 16; 1],0.10218761302530766,0.04473564296189615,tvm
20,2,4,1,1280,80,5,[20; 2; 4; 1; 1280; 80; 5],0.17109438602346927,0.026718752600108704,tvm
4,4,15,3,1280,64,4,[4; 4; 15; 3; 1280; 64; 4],0.14003690402023494,0.03264445614113272,tvm
10,2,10,5,128,32,2,[10; 2; 10; 5; 128; 32; 2],0.03090976650128141,0.14789592704425822,tvm
8,8,300,1,1280,160,10,[8; 8; 300; 1; 1280; 160; 10],0.11417485697893426,0.040038837730026845,tvm
80,2,250,5,80,80,5,[80; 2; 250; 5; 80; 80; 5],0.016075273873866536,0.28437640361824956,tvm
16,8,750,6,640,64,4,[16; 8; 750; 6; 640; 64; 4],0.06759031748515554,0.06763437044710684,tvm
5,1,75,1,64,32,2,[5; 1; 75; 1; 64; 32; 2],0.015770091878948733,0.28987964093797736,tvm
10,10,100,1,32,16,1,[10; 10; 100; 1; 32; 16; 1],0.030382563738385215,0.15046223915768656,tvm
16,16,3,1,160,32,2,[16; 16; 3; 1; 160; 32; 2],0.027024950250051916,0.1691558552053131,tvm
32,32,75,5,1280,64,4,[32; 32; 75; 5; 1280; 64; 4],0.05764326898497529,0.07930550525543778,tvm
320,40,250,10,1280,16,1,[320; 40; 250; 10; 1280; 16; 1],0.10095347795868292,0.04528252680209307,tvm
256,128,15,5,640,32,2,[256; 128; 15; 5; 640; 32; 2],0.051586585002951324,0.08861661556327165,tvm
64,2,500,10,160,16,1,[64; 2; 500; 10; 160; 16; 1],0.01905965762125561,0.23984840978100505,tvm
80,4,3,3,128,64,4,[80; 4; 3; 3; 128; 64; 4],0.015124325254873838,0.30225669538252103,tvm
16,4,20,1,80,16,1,[16; 4; 20; 1; 80; 16; 1],0.02260998075507814,0.20218630970757642,tvm
80,4,150,6,1280,32,2,[80; 4; 150; 6; 1280; 32; 2],0.10572376899654046,0.043239364381515384,tvm
8,2,1,1,128,64,4,[8; 2; 1; 1; 128; 64; 4],0.017126049249782227,0.2669283793801248,tvm
64,1,150,5,32,32,2,[64; 1; 150; 5; 32; 32; 2],0.014220135628420394,0.3214757362997372,tvm
20,4,4,4,256,32,2,[20; 4; 4; 4; 256; 32; 2],0.02209857375419233,0.20686532182020678,tvm
32,16,1500,2,256,64,4,[32; 16; 1500; 2; 256; 64; 4],0.030019308760529384,0.15228293922074826,tvm
8,2,12,6,1280,16,1,[8; 2; 12; 6; 1280; 16; 1],0.17811356199672446,0.025665808488590226,tvm
20,2,150,25,80,16,1,[20; 2; 150; 25; 80; 16; 1],0.01794315824372461,0.2547727946961272,tvm
4,2,750,5,128,64,4,[4; 2; 750; 5; 128; 64; 4],0.05709540451061912,0.08006648889891543,tvm
8,2,6,1,160,32,2,[8; 2; 6; 1; 160; 32; 2],0.011134194814076182,0.41057558698804475,tvm
16,16,750,2,256,64,4,[16; 16; 750; 2; 256; 64; 4],0.0314004932588432,0.14558461020803035,tvm
320,4,150,15,160,16,1,[320; 4; 150; 15; 160; 16; 1],0.012292484501813306,0.37188808908030146,tvm
64,8,750,2,640,64,4,[64; 8; 750; 2; 640; 64; 4],0.03493158024502918,0.13086807236781375,tvm
32,2,250,2,128,64,4,[32; 2; 250; 2; 128; 64; 4],0.014058866254345048,0.32516338719814775,tvm
64,1,250,5,64,32,2,[64; 1; 250; 5; 64; 32; 2],0.02229819249623688,0.20501341407829635,tvm
4,1,300,10,64,16,1,[4; 1; 300; 10; 64; 16; 1],0.06265263201203197,0.07296466923449701,tvm
32,32,1500,25,16,16,1,[32; 32; 1500; 25; 16; 16; 1],0.04181850924214814,0.10931591427513417,tvm
4,4,5,1,640,128,8,[4; 4; 5; 1; 640; 128; 8],0.06577416299842298,0.0695018889337775,tvm
4,1,2,2,320,64,4,[4; 1; 2; 2; 320; 64; 4],0.06455958451260813,0.07080944844890998,tvm
80,20,15,3,128,64,4,[80; 20; 15; 3; 128; 64; 4],0.012188339998829179,0.3750657244438297,tvm
160,16,60,5,1280,32,2,[160; 16; 60; 5; 1280; 32; 2],0.05796721301157959,0.07886231429679703,tvm
16,1,75,5,320,32,2,[16; 1; 75; 5; 320; 32; 2],0.03703296525054611,0.12344214243986737,tvm
40,1,12,6,320,32,2,[40; 1; 12; 6; 320; 32; 2],0.03538323949032929,0.12919757029816348,tvm
160,2,1500,30,256,16,1,[160; 2; 1500; 30; 256; 16; 1],0.04869573700125329,0.09387738748693579,tvm
10,2,750,6,64,32,2,[10; 2; 750; 6; 64; 32; 2],0.02870279324997682,0.1592677246292837,tvm
40,8,250,10,1280,16,1,[40; 8; 250; 10; 1280; 16; 1],0.09276804301771335,0.0492780533330394,tvm
8,2,500,1,160,16,1,[8; 2; 500; 1; 160; 16; 1],0.01601709875103552,0.285409276828803,tvm
20,5,100,4,16,16,1,[20; 5; 100; 4; 16; 16; 1],0.018490274000214413,0.24723422548392532,tvm
64,1,1500,4,1280,80,5,[64; 1; 1500; 4; 1280; 80; 5],0.12086491397349164,0.03782262710608628,tvm
4,2,300,3,128,16,1,[4; 2; 300; 3; 128; 16; 1],0.039712375510134734,0.1151134504724334,tvm
40,4,150,25,640,16,1,[40; 4; 150; 25; 640; 16; 1],0.06349117998615839,0.0720010019096382,tvm
16,8,750,2,256,16,1,[16; 8; 750; 2; 256; 16; 1],0.023109216497687157,0.19781841465227065,tvm
64,4,60,12,1280,32,2,[64; 4; 60; 12; 1280; 32; 2],0.10315445601008832,0.044316346072160895,tvm
40,8,500,5,80,80,5,[40; 8; 500; 5; 80; 80; 5],0.008886995252396446,0.5143952980278516,tvm
128,32,150,5,320,32,2,[128; 32; 150; 5; 320; 32; 2],0.03098071299609728,0.14755724221080535,tvm
320,16,500,20,80,16,1,[320; 16; 500; 20; 80; 16; 1],0.009507344624580583,0.4808312680292938,tvm
80,16,125,5,1280,32,2,[80; 16; 125; 5; 1280; 32; 2],0.06342820049030706,0.07207249356108039,tvm
16,4,150,3,256,16,1,[16; 4; 150; 3; 256; 16; 1],0.027545585995540023,0.16595866111429772,tvm
4,1,750,25,128,16,1,[4; 1; 750; 25; 128; 16; 1],0.05131415851064958,0.08908708052729408,tvm
20,2,375,5,32,16,1,[20; 2; 375; 5; 32; 16; 1],0.02750263125926722,0.16621786215048767,tvm
160,160,60,4,1280,32,2,[160; 160; 60; 4; 1280; 32; 2],0.1143460960010998,0.03997887755944552,tvm
8,2,750,1,320,16,1,[8; 2; 750; 1; 320; 16; 1],0.03572567024093587,0.1279592108587077,tvm
8,8,300,2,640,64,4,[8; 8; 300; 2; 640; 64; 4],0.052175077493302524,0.08761709212631999,tvm
16,1,750,30,1280,16,1,[16; 1; 750; 30; 1280; 16; 1],0.28552773501724005,0.01601045366451897,tvm
40,8,150,2,256,64,4,[40; 8; 150; 2; 256; 64; 4],0.014597911249438766,0.313156347734634,tvm
4,2,375,3,320,32,2,[4; 2; 375; 3; 320; 32; 2],0.046030882745981216,0.09931220734252996,tvm
20,4,1500,3,256,64,4,[20; 4; 1500; 3; 256; 64; 4],0.030537496000761166,0.1496988676253818,tvm
8,8,300,4,128,32,2,[8; 8; 300; 4; 128; 32; 2],0.016645627249090467,0.27463240063112426,tvm
4,4,3,1,160,32,2,[4; 4; 3; 1; 160; 32; 2],0.028644803998759016,0.15959015015870315,tvm
16,8,500,10,160,32,2,[16; 8; 500; 10; 160; 32; 2],0.01856838387902826,0.24619420845729567,tvm
8,8,100,10,32,16,1,[8; 8; 100; 10; 32; 16; 1],0.027873334489413537,0.1640072368508629,tvm
256,2,250,25,80,16,1,[256; 2; 250; 25; 80; 16; 1],0.016220643621636555,0.28182781633466064,tvm
2,2,5,1,256,16,1,[2; 2; 5; 1; 256; 16; 1],0.08665509149432182,0.05275429859453925,tvm
320,320,150,10,320,16,1,[320; 320; 150; 10; 320; 16; 1],0.03889855250599794,0.11752181705794021,tvm
16,8,150,1,160,80,5,[16; 8; 150; 1; 160; 80; 5],0.011079593376052799,0.41259894801817926,tvm
64,2,6,6,64,64,4,[64; 2; 6; 6; 64; 64; 4],0.016772467373812106,0.2725555202788009,tvm
5,5,30,2,256,32,2,[5; 5; 30; 2; 256; 32; 2],0.0617851004935801,0.07398917433020238,tvm
8,4,300,6,160,16,1,[8; 4; 300; 6; 160; 16; 1],0.03198946450720541,0.1429041917972365,tvm
10,5,100,2,128,16,1,[10; 5; 100; 2; 128; 16; 1],0.021345651875890326,0.21416205033269323,tvm
16,8,1500,5,80,80,5,[16; 8; 1500; 5; 80; 80; 5],0.008785811998677673,0.5203194163631778,tvm
20,2,250,1,256,64,4,[20; 2; 250; 1; 256; 64; 4],0.01652809949882794,0.27658525239110193,tvm
20,10,500,2,32,32,2,[20; 10; 500; 2; 32; 32; 2],0.019475236629659776,0.23473032232463473,tvm
20,20,60,5,256,16,1,[20; 20; 60; 5; 256; 16; 1],0.01849835088069085,0.24712627633203618,tvm
8,4,30,1,640,160,10,[8; 4; 30; 1; 640; 160; 10],0.06511821350432001,0.07020199611473214,tvm
64,64,750,2,256,128,8,[64; 64; 750; 2; 256; 128; 8],0.012280726063181646,0.3722441611277357,tvm
80,2,1500,3,64,64,4,[80; 2; 1500; 3; 64; 64; 4],0.015388189000077546,0.29707385134180087,tvm
80,4,30,5,1280,32,2,[80; 4; 30; 5; 1280; 32; 2],0.09414626899524592,0.04855666209841427,tvm
10,5,50,1,80,16,1,[10; 5; 50; 1; 80; 16; 1],0.0166733602527529,0.27417560120634915,tvm
160,4,30,15,1280,16,1,[160; 4; 30; 15; 1280; 16; 1],0.12525010399986058,0.036498401401995326,tvm
32,32,30,5,320,80,5,[32; 32; 30; 5; 320; 80; 5],0.02882287350075785,0.15860419230262984,tvm
20,10,750,3,256,32,2,[20; 10; 750; 3; 256; 32; 2],0.02041879550233716,0.22388336133271525,tvm
64,4,750,10,80,16,1,[64; 4; 750; 10; 80; 16; 1],0.027100940002128482,0.16868155019971764,tvm
40,5,30,15,80,16,1,[40; 5; 30; 15; 80; 16; 1],0.01869988749967888,0.24446289163542154,tvm
10,10,250,5,160,16,1,[10; 10; 250; 5; 160; 16; 1],0.026120013251784258,0.17501631899502568,tvm
128,1,20,10,32,32,2,[128; 1; 20; 10; 32; 32; 2],0.027086130998213775,0.16877377473106217,tvm
128,64,1500,5,320,64,4,[128; 64; 1500; 5; 320; 64; 4],0.01648897449922515,0.27724153322229905,tvm
16,2,3,3,32,16,1,[16; 2; 3; 3; 32; 16; 1],0.015924629624350928,0.28706655534633185,tvm
32,16,100,25,32,16,1,[32; 16; 100; 25; 32; 16; 1],0.012902248876343947,0.35431254002627466,tvm
256,4,10,10,32,16,1,[256; 4; 10; 10; 32; 16; 1],0.026138442248338833,0.17489292315111463,tvm
8,8,250,2,256,64,4,[8; 8; 250; 2; 256; 64; 4],0.03528790375276003,0.12954661754514163,tvm
8,4,50,2,80,16,1,[8; 4; 50; 2; 80; 16; 1],0.03889217025425751,0.11754110252893742,tvm
160,80,500,20,64,16,1,[160; 80; 500; 20; 64; 16; 1],0.04714151975349523,0.09697244796800661,tvm
8,8,60,3,1280,16,1,[8; 8; 60; 3; 1280; 16; 1],0.1334240579744801,0.034262400955477945,tvm
320,160,750,30,160,16,1,[320; 160; 750; 30; 160; 16; 1],0.023613983372342773,0.1935898954169135,tvm
40,5,60,20,640,16,1,[40; 5; 60; 20; 640; 16; 1],0.10846808098722249,0.042145380740782945,tvm
8,2,5,1,1280,160,10,[8; 2; 5; 1; 1280; 160; 10],0.15804943902185187,0.028924041741119545,tvm
32,8,125,5,160,32,2,[32; 8; 125; 5; 160; 32; 2],0.009742846872541122,0.46920870575442547,tvm
20,10,4,1,320,16,1,[20; 10; 4; 1; 320; 16; 1],0.028962805998162366,0.15783790326526442,tvm
8,1,6,2,1280,64,4,[8; 1; 6; 2; 1280; 64; 4],0.08926821150816977,0.05121003876066451,tvm
32,8,60,4,640,32,2,[32; 8; 60; 4; 640; 32; 2],0.04321168224851135,0.10579149742743603,tvm
32,2,20,1,640,160,10,[32; 2; 20; 1; 640; 160; 10],0.07645706599578261,0.0597907925433698,tvm
256,64,300,15,320,16,1,[256; 64; 300; 15; 320; 16; 1],0.029109129507560283,0.15704449596272782,tvm
40,10,300,10,320,16,1,[40; 10; 300; 10; 320; 16; 1],0.02743583200208377,0.16662256027378242,tvm
5,1,500,5,32,16,1,[5; 1; 500; 5; 32; 16; 1],0.02098367874714313,0.21785639336720017,tvm
256,8,25,5,32,32,2,[256; 8; 25; 5; 32; 32; 2],0.01678439837996848,0.27236177716589427,tvm
80,2,750,3,1280,64,4,[80; 2; 750; 3; 1280; 64; 4],0.13718721800250933,0.03332255466646284,tvm
8,1,100,5,128,32,2,[8; 1; 100; 5; 128; 32; 2],0.03132349200313911,0.1459424948843648,tvm
40,40,1500,12,32,32,2,[40; 40; 1500; 12; 32; 32; 2],0.011139465314045083,0.41038132823706824,tvm
20,5,300,3,640,80,5,[20; 5; 300; 3; 640; 80; 5],0.04674605249601882,0.09779282586091954,tvm
40,1,4,1,1280,128,8,[40; 1; 4; 1; 1280; 128; 8],0.1214942600345239,0.037626704093918106,tvm
16,2,375,3,64,32,2,[16; 2; 375; 3; 64; 32; 2],0.022157532250275835,0.2063148783805409,tvm
80,20,12,4,1280,64,4,[80; 20; 12; 4; 1280; 64; 4],0.057643944513984025,0.07930457587474041,tvm
16,4,60,1,256,32,2,[16; 4; 60; 1; 256; 32; 2],0.017836160121078137,0.25630116238002487,tvm
10,5,30,1,640,32,2,[10; 5; 30; 1; 640; 32; 2],0.04622753425792325,0.09888973411219837,tvm
320,4,375,25,160,16,1,[320; 4; 375; 25; 160; 16; 1],0.012632456375285983,0.361879624644663,tvm
64,1,125,5,32,32,2,[64; 1; 125; 5; 32; 32; 2],0.028246902249520645,0.1618382267565694,tvm
10,10,750,1,160,16,1,[10; 10; 750; 1; 160; 16; 1],0.016453162250400055,0.27784498212903835,tvm
2,2,1500,10,32,16,1,[2; 2; 1500; 10; 32; 16; 1],0.03617145725002047,0.1263822062746998,tvm
8,1,75,1,320,80,5,[8; 1; 75; 1; 320; 80; 5],0.052306947007309645,0.08739620323835258,tvm
10,2,300,20,80,16,1,[10; 2; 300; 20; 80; 16; 1],0.01928914875315968,0.2369948321685136,tvm
4,2,750,1,64,32,2,[4; 2; 750; 1; 64; 32; 2],0.03460016625467688,0.13212157819648207,tvm
160,4,300,20,16,16,1,[160; 4; 300; 20; 16; 16; 1],0.012780883625964634,0.3576770358930128,tvm
8,8,50,1,16,16,1,[8; 8; 50; 1; 16; 16; 1],0.037812097754795104,0.12089857063930949,tvm
10,10,4,1,1280,16,1,[10; 10; 4; 1; 1280; 16; 1],0.07810739299748093,0.05852747603003478,tvm
4,2,500,2,1280,16,1,[4; 2; 500; 2; 1280; 16; 1],0.20206561795203015,0.022623485468536347,tvm
64,32,20,4,128,64,4,[64; 32; 20; 4; 128; 64; 4],0.010415620061394293,0.43890124106702627,tvm
160,1,150,15,64,16,1,[160; 1; 150; 15; 64; 16; 1],0.021843953625648282,0.20927661035047182,tvm
1,1,60,5,320,16,1,[1; 1; 60; 5; 320; 16; 1],0.16051260399399325,0.02848018446949901,tvm
40,4,1500,3,320,80,5,[40; 4; 1500; 3; 320; 80; 5],0.06569502051570453,0.06958561753300256,tvm
160,8,12,12,640,32,2,[160; 8; 12; 12; 640; 32; 2],0.03627853500074707,0.12600918342856002,tvm
1,1,20,1,80,16,1,[1; 1; 20; 1; 80; 16; 1],0.07787543549784459,0.058701804262206635,tvm
20,1,10,5,1280,16,1,[20; 1; 10; 5; 1280; 16; 1],0.18142536998493597,0.025197295018927864,tvm
160,32,750,6,1280,32,2,[160; 32; 750; 6; 1280; 32; 2],0.06000924849649891,0.07617873387791683,tvm
64,8,5,5,160,32,2,[64; 8; 5; 5; 160; 32; 2],0.008235688437707722,0.5550754628475186,tvm
8,8,500,25,128,16,1,[8; 8; 500; 25; 128; 16; 1],0.023612114498973824,0.19360521784811965,tvm
4,4,300,2,32,16,1,[4; 4; 300; 2; 32; 16; 1],0.03797033974842634,0.1203947239270629,tvm
80,2,125,25,16,16,1,[80; 2; 125; 25; 16; 16; 1],0.016929891746258363,0.27002113421303436,tvm
80,40,500,20,256,16,1,[80; 40; 500; 20; 256; 16; 1],0.03555898823833559,0.12855901694357508,tvm
40,5,300,15,256,16,1,[40; 5; 300; 15; 256; 16; 1],0.04856199950154405,0.09413592146845644,tvm
10,2,750,6,80,16,1,[10; 2; 750; 6; 80; 16; 1],0.04405608474917244,0.10376384096442984,tvm
10,2,300,1,80,80,5,[10; 2; 300; 1; 80; 80; 5],0.034211796752060764,0.1336214114844234,tvm
160,20,60,10,32,16,1,[160; 20; 60; 10; 32; 16; 1],0.009046634375408757,0.505318152776791,tvm
10,5,375,25,1280,16,1,[10; 5; 375; 25; 1280; 16; 1],0.18925088900141418,0.024155387568057404,tvm
320,10,300,25,64,16,1,[320; 10; 300; 25; 64; 16; 1],0.01136895074887434,0.40209766691804844,tvm
40,1,300,12,640,32,2,[40; 1; 300; 12; 640; 32; 2],0.06952993597951718,0.06574763095963829,tvm
10,2,60,30,1280,16,1,[10; 2; 60; 30; 1280; 16; 1],0.30514856398804113,0.014980993230588257,tvm
4,4,300,1,256,32,2,[4; 4; 300; 1; 256; 32; 2],0.027164118000655435,0.1682892325573858,tvm
2,2,60,30,160,16,1,[2; 2; 60; 30; 160; 16; 1],0.06339409851352684,0.07211126396021128,tvm
32,8,60,20,16,16,1,[32; 8; 60; 20; 16; 16; 1],0.01072847943942179,0.426102188780906,tvm
8,2,25,1,320,64,4,[8; 2; 25; 1; 320; 64; 4],0.02199794299667701,0.2078116382117695,tvm
32,4,300,20,320,16,1,[32; 4; 300; 20; 320; 16; 1],0.02895035149413161,0.15790580547373403,tvm
128,8,100,10,320,16,1,[128; 8; 100; 10; 320; 16; 1],0.019916896751965396,0.22952514281510566,tvm
20,1,15,3,16,16,1,[20; 1; 15; 3; 16; 16; 1],0.025937177750165574,0.17625003828334365,tvm
128,32,60,5,256,64,4,[128; 32; 60; 5; 256; 64; 4],0.01847091612580698,0.24749333169465895,tvm
80,8,375,25,320,16,1,[80; 8; 375; 25; 320; 16; 1],0.03947990249434952,0.11579128322525235,tvm
16,8,500,4,160,16,1,[16; 8; 500; 4; 160; 16; 1],0.02542941051069647,0.17976934893971191,tvm
4,1,100,2,64,32,2,[4; 1; 100; 2; 64; 32; 2],0.032003768006688915,0.14284032337920724,tvm
40,4,750,2,80,80,5,[40; 4; 750; 2; 80; 80; 5],0.012319489997025812,0.3710728749755235,tvm
20,2,60,30,256,16,1,[20; 2; 60; 30; 256; 16; 1],0.051998334005475044,0.08791490456111986,tvm
10,10,4,1,32,16,1,[10; 10; 4; 1; 32; 16; 1],0.03289227923960425,0.1389818120577154,tvm
20,5,20,5,320,64,4,[20; 5; 20; 5; 320; 64; 4],0.05807806400116533,0.07871179334312602,tvm
80,16,2,2,80,80,5,[80; 16; 2; 2; 80; 80; 5],0.01875286624999717,0.24377225915687753,tvm
80,20,50,10,80,16,1,[80; 20; 50; 10; 80; 16; 1],0.01683772524847882,0.27149917842029,tvm
40,8,20,10,320,16,1,[40; 8; 20; 10; 320; 16; 1],0.021035490375652444,0.2173198004796588,tvm
160,160,300,15,640,16,1,[160; 160; 300; 15; 640; 16; 1],0.08158649399410933,0.056031683035168,tvm
16,1,300,1,32,32,2,[16; 1; 300; 1; 32; 32; 2],0.013756658496276941,0.3323066115703729,tvm
64,1,250,25,64,16,1,[64; 1; 250; 25; 64; 16; 1],0.04683833174931351,0.09760015783430573,tvm
160,5,150,6,320,32,2,[160; 5; 150; 6; 320; 32; 2],0.021881099622987676,0.20892133623055925,tvm
10,5,6,1,256,64,4,[10; 5; 6; 1; 256; 64; 4],0.016657621621561702,0.2744346507133584,tvm
80,4,1500,12,16,16,1,[80; 4; 1500; 12; 16; 16; 1],0.013475543251843192,0.3392389075522643,tvm
32,2,1500,10,64,16,1,[32; 2; 1500; 10; 64; 16; 1],0.04272760574531276,0.10699004757433805,tvm
80,2,375,25,256,16,1,[80; 2; 375; 25; 256; 16; 1],0.0687354349938687,0.06650759643605006,tvm
2,2,12,6,64,16,1,[2; 2; 12; 6; 64; 16; 1],0.028040438497555442,0.163029853182471,tvm
4,4,10,5,640,80,5,[4; 4; 10; 5; 640; 80; 5],0.0770669965131674,0.05931759090478521,tvm
40,5,500,20,32,16,1,[40; 5; 500; 20; 32; 16; 1],0.012060395998560125,0.379044649278046,tvm
40,20,30,5,256,32,2,[40; 20; 30; 5; 256; 32; 2],0.01280185787618393,0.3570910266027149,tvm
4,4,75,5,320,80,5,[4; 4; 75; 5; 320; 80; 5],0.04558090050704777,0.10029263398869735,tvm
16,2,6,1,640,128,8,[16; 2; 6; 1; 640; 128; 8],0.04570519125263672,0.1000198980934107,tvm
4,2,60,5,1280,80,5,[4; 2; 60; 5; 1280; 80; 5],0.1860268119489774,0.024574030611686247,tvm
256,64,12,12,80,16,1,[256; 64; 12; 12; 80; 16; 1],0.013903426501201466,0.3287987008838096,tvm
80,4,750,2,80,80,5,[80; 4; 750; 2; 80; 80; 5],0.012145200438681059,0.3763979519736126,tvm
40,5,125,25,64,16,1,[40; 5; 125; 25; 64; 16; 1],0.015085606246429961,0.30303247325644667,tvm
5,1,150,5,80,80,5,[5; 1; 150; 5; 80; 80; 5],0.017605499750061426,0.2596591199527081,tvm
8,8,6,2,256,128,8,[8; 8; 6; 2; 256; 128; 8],0.02065107299858937,0.22136518386917892,tvm
64,2,300,10,320,32,2,[64; 2; 300; 10; 320; 32; 2],0.032144511249498464,0.14221490368748094,tvm
40,20,500,4,320,80,5,[40; 20; 500; 4; 320; 80; 5],0.025120147998677567,0.1819825492934688,tvm
32,8,75,25,128,16,1,[32; 8; 75; 25; 128; 16; 1],0.033722661741194315,0.13555954172633677,tvm
256,32,500,10,64,16,1,[256; 32; 500; 10; 64; 16; 1],0.02331813087221235,0.1960460980548073,tvm
320,10,20,10,64,16,1,[320; 10; 20; 10; 64; 16; 1],0.011022658312867861,0.41473013511558116,tvm
80,2,15,5,320,32,2,[80; 2; 15; 5; 320; 32; 2],0.036531298741465434,0.12513731317851284,tvm
2,2,5,1,160,80,5,[2; 2; 5; 1; 160; 80; 5],0.03445658550481312,0.13267212941891776,tvm
80,5,30,10,80,16,1,[80; 5; 30; 10; 80; 16; 1],0.01278313112561591,0.35761414996893526,tvm
2,1,300,15,1280,16,1,[2; 1; 300; 15; 1280; 16; 1],0.45566889201290905,0.010032347284525765,tvm
64,16,1500,20,64,16,1,[64; 16; 1500; 20; 64; 16; 1],0.013205043243942782,0.346188080340101,tvm
80,2,60,30,256,16,1,[80; 2; 60; 30; 256; 16; 1],0.06458301199018024,0.07078376233247918,tvm
8,8,75,1,256,128,8,[8; 8; 75; 1; 256; 128; 8],0.01834799662901787,0.24915137406329851,tvm
256,32,20,5,64,32,2,[256; 32; 20; 5; 64; 32; 2],0.01713010224921163,0.2668652238569656,tvm
16,1,1500,4,256,32,2,[16; 1; 1500; 4; 256; 32; 2],0.03241369049646892,0.14103388109806794,tvm
5,1,12,6,128,32,2,[5; 1; 12; 6; 128; 32; 2],0.03169192576024216,0.1442458437525269,tvm
16,1,100,5,64,32,2,[16; 1; 100; 5; 64; 32; 2],0.03920479699445423,0.1166038067248564,tvm
10,1,1500,15,1280,16,1,[10; 1; 1500; 15; 1280; 16; 1],0.3135554710170254,0.014579329636957133,tvm
40,4,60,5,640,80,5,[40; 4; 60; 5; 640; 80; 5],0.04590183024993166,0.09959142253233742,tvm
5,1,500,20,32,16,1,[5; 1; 500; 20; 32; 16; 1],0.027163153994479217,0.16829520505452691,tvm
320,80,100,20,1280,16,1,[320; 80; 100; 20; 1280; 16; 1],0.22007890394888818,0.02077177089399834,tvm
20,10,250,5,128,16,1,[20; 10; 250; 5; 128; 16; 1],0.020512373870587908,0.22286199541162854,tvm
40,1,12,2,1280,64,4,[40; 1; 12; 2; 1280; 64; 4],0.08181515100295655,0.055875085670420314,tvm
16,2,60,4,640,64,4,[16; 2; 60; 4; 640; 64; 4],0.06962110500899144,0.06566153425513974,tvm
4,1,300,6,128,16,1,[4; 1; 300; 6; 128; 16; 1],0.0364459495031042,0.12543036012929806,tvm
8,8,150,10,80,16,1,[8; 8; 150; 10; 80; 16; 1],0.026535251003224403,0.1722775703487063,tvm
32,1,150,2,128,64,4,[32; 1; 150; 2; 128; 64; 4],0.014239550495403819,0.32103742129388974,tvm
160,8,4,4,1280,32,2,[160; 8; 4; 4; 1280; 32; 2],0.07847537199268118,0.05825303474642867,tvm
80,2,75,15,1280,16,1,[80; 2; 75; 15; 1280; 16; 1],0.2063512740423903,0.022153624166572742,tvm
80,80,100,5,1280,32,2,[80; 80; 100; 5; 1280; 32; 2],0.0832970644987654,0.05488102850846956,tvm
40,5,1500,4,128,32,2,[40; 5; 1500; 4; 128; 32; 2],0.019495431122777518,0.23448717510471137,tvm
80,8,150,10,1280,32,2,[80; 8; 150; 10; 1280; 32; 2],0.07753824448445812,0.058957081138777595,tvm
8,2,300,6,320,32,2,[8; 2; 300; 6; 320; 32; 2],0.03710602600767743,0.12319908821501714,tvm
128,32,300,5,160,32,2,[128; 32; 300; 5; 160; 32; 2],0.007965027500176802,0.5739375753978374,tvm
20,1,3,1,160,32,2,[20; 1; 3; 1; 160; 32; 2],0.0370688512630295,0.12332263924207092,tvm
64,8,1500,30,80,16,1,[64; 8; 1500; 30; 80; 16; 1],0.03076544075156562,0.1485897311968767,tvm
5,5,20,5,64,64,4,[5; 5; 20; 5; 64; 64; 4],0.03080546525598038,0.14839667355912126,tvm
80,2,20,2,1280,64,4,[80; 2; 20; 2; 1280; 64; 4],0.06502812000690028,0.07029925778176406,tvm
8,2,100,5,32,16,1,[8; 2; 100; 5; 32; 16; 1],0.019053557502047624,0.23992519879488622,tvm
320,320,300,25,32,16,1,[320; 320; 300; 25; 32; 16; 1],0.018361894122790545,0.24896279985377837,tvm
5,1,30,10,64,16,1,[5; 1; 30; 10; 64; 16; 1],0.05791601300006732,0.0789320316545833,tvm
40,5,750,2,256,128,8,[40; 5; 750; 2; 256; 128; 8],0.030513602745486423,0.14981608725651965,tvm
40,5,6,6,128,32,2,[40; 5; 6; 6; 128; 32; 2],0.030636620009317994,0.14921452072840255,tvm
16,8,10,10,256,16,1,[16; 8; 10; 10; 256; 16; 1],0.03443083999445662,0.1327713344247359,tvm
32,8,500,10,160,16,1,[32; 8; 500; 10; 160; 16; 1],0.03348909749183804,0.13650497964427738,tvm
16,1,375,1,64,32,2,[16; 1; 375; 1; 64; 32; 2],0.038599081002757885,0.11843361169925122,tvm
64,64,12,12,64,32,2,[64; 64; 12; 12; 64; 32; 2],0.015536208127741702,0.2942435202876663,tvm
256,8,150,25,256,16,1,[256; 8; 150; 25; 256; 16; 1],0.019030019000638276,0.24022196568880166,tvm
128,128,50,5,320,64,4,[128; 128; 50; 5; 320; 64; 4],0.02525906451046467,0.18098170538084093,tvm
10,1,750,5,640,32,2,[10; 1; 750; 5; 640; 32; 2],0.08350826101377606,0.05474223167782693,tvm
8,4,100,1,640,80,5,[8; 4; 100; 1; 640; 80; 5],0.06401042750803754,0.07141693548062236,tvm
8,1,750,5,160,80,5,[8; 1; 750; 5; 160; 80; 5],0.017596526246052235,0.2597915354147906,tvm
64,32,15,3,128,64,4,[64; 32; 15; 3; 128; 64; 4],0.022564354119822383,0.20259514396703485,tvm
10,5,25,1,64,64,4,[10; 5; 25; 1; 64; 64; 4],0.013435778375423979,0.3402429277778494,tvm
20,10,15,5,128,32,2,[20; 10; 15; 5; 128; 32; 2],0.015806624876859132,0.28920965778856017,tvm
80,40,1500,20,160,16,1,[80; 40; 1500; 20; 160; 16; 1],0.03225052374182269,0.14174742115894115,tvm
20,5,125,1,256,64,4,[20; 5; 125; 1; 256; 64; 4],0.015537224993749987,0.29422426290843295,tvm
10,5,300,2,80,80,5,[10; 5; 300; 2; 80; 80; 5],0.025552648250595666,0.17890234024264023,tvm
80,8,60,12,640,32,2,[80; 8; 60; 12; 640; 32; 2],0.037200220744125545,0.12288713561331398,tvm
20,10,15,5,640,16,1,[20; 10; 15; 5; 640; 16; 1],0.04854401650663931,0.09417079385681534,tvm
10,1,250,25,32,16,1,[10; 1; 250; 25; 32; 16; 1],0.04135579874855466,0.11053899839350433,tvm
64,64,15,5,160,32,2,[64; 64; 15; 5; 160; 32; 2],0.018104568000126164,0.2525013892293213,tvm
128,8,30,2,128,64,4,[128; 8; 30; 2; 128; 64; 4],0.012579037378600333,0.3634164073004157,tvm
10,2,50,5,256,64,4,[10; 2; 50; 5; 256; 64; 4],0.056970453006215394,0.08024209621309902,tvm
80,1,300,5,1280,32,2,[80; 1; 300; 5; 1280; 32; 2],0.16161777102388442,0.028285432613428325,tvm
4,2,125,1,128,32,2,[4; 2; 125; 1; 128; 32; 2],0.02539157625869848,0.18003721095741435,tvm
32,4,30,2,1280,64,4,[32; 4; 30; 2; 1280; 64; 4],0.061719479504972696,0.07406784062494005,tvm
16,4,30,1,128,16,1,[16; 4; 30; 1; 128; 16; 1],0.019989129505120218,0.22869573035972376,tvm
20,4,300,2,160,32,2,[20; 4; 300; 2; 160; 32; 2],0.017907214249134995,0.25528418367191835,tvm
20,10,60,5,640,80,5,[20; 10; 60; 5; 640; 80; 5],0.04465026424441021,0.10238301270525788,tvm
40,20,150,6,640,64,4,[40; 20; 150; 6; 640; 64; 4],0.029732627255725674,0.153751248825421,tvm
20,2,30,3,32,32,2,[20; 2; 30; 3; 32; 32; 2],0.01532877125282539,0.29822537606110916,tvm
8,8,250,1,256,16,1,[8; 8; 250; 1; 256; 16; 1],0.051814901002217084,0.0882261373274257,tvm
8,4,1500,5,16,16,1,[8; 4; 1500; 5; 16; 16; 1],0.03348032325448003,0.13654075370424823,tvm
64,8,50,10,32,16,1,[64; 8; 50; 10; 32; 16; 1],0.028301401747739874,0.16152657780612023,tvm
10,10,30,6,640,64,4,[10; 10; 30; 6; 640; 64; 4],0.042704076258814894,0.10704899793927626,tvm
20,4,300,5,160,80,5,[20; 4; 300; 5; 160; 80; 5],0.035515124996891245,0.1287177947938723,tvm
80,2,60,12,256,16,1,[80; 2; 60; 12; 256; 16; 1],0.07627972250338644,0.059929800757018,tvm
80,8,30,15,256,16,1,[80; 8; 30; 15; 256; 16; 1],0.017530088625790086,0.26077612435473563,tvm
4,1,150,10,80,16,1,[4; 1; 150; 10; 80; 16; 1],0.057412526512052864,0.07962423619293033,tvm
16,8,50,5,32,16,1,[16; 8; 50; 5; 32; 16; 1],0.014297336500021629,0.31973987402630244,tvm
80,1,20,5,160,32,2,[80; 1; 20; 5; 160; 32; 2],0.03686515199660789,0.12400406139242846,tvm
16,8,60,1,1280,80,5,[16; 8; 60; 1; 1280; 80; 5],0.11331425799289718,0.0403429246451503,tvm
128,4,300,12,320,16,1,[128; 4; 300; 12; 320; 16; 1],0.027066039008786902,0.16889906092075285,tvm
10,1,4,2,128,32,2,[10; 1; 4; 2; 128; 32; 2],0.016684682879713364,0.2739895390512275,tvm
16,16,60,10,256,32,2,[16; 16; 60; 10; 256; 32; 2],0.0283471469883807,0.16126591410777136,tvm
5,1,2,2,160,16,1,[5; 1; 2; 2; 160; 16; 1],0.011957829749007942,0.38229584024708424,tvm
8,2,30,15,1280,16,1,[8; 2; 30; 15; 1280; 16; 1],0.21797045203857124,0.020972698495021834,tvm
40,4,60,4,320,32,2,[40; 4; 60; 4; 320; 32; 2],0.02637941476132255,0.1732952991106987,tvm
16,16,20,10,1280,16,1,[16; 16; 20; 10; 1280; 16; 1],0.07407847949070856,0.06171061559115765,tvm
40,20,10,2,1280,160,10,[40; 20; 10; 2; 1280; 160; 10],0.07063015148742124,0.06472347114026383,tvm
160,1,4,4,160,32,2,[160; 1; 4; 4; 160; 32; 2],0.014417404752748553,0.3170770780058088,tvm
20,1,15,3,256,16,1,[20; 1; 15; 3; 256; 16; 1],0.052676418010378256,0.0867832085797465,tvm
128,64,125,5,256,64,4,[128; 64; 125; 5; 256; 64; 4],0.02505534300871659,0.18245324240175845,tvm
40,4,150,2,256,128,8,[40; 4; 150; 2; 256; 128; 8],0.014258952251111623,0.32060059469461966,tvm
128,1,1500,25,640,16,1,[128; 1; 1500; 25; 640; 16; 1],0.10795121802948415,0.04234716990576245,tvm
128,64,1500,4,640,64,4,[128; 64; 1500; 4; 640; 64; 4],0.027541567003936507,0.16598287856225388,tvm
32,2,375,3,160,80,5,[32; 2; 375; 3; 160; 80; 5],0.016648016375256702,0.2745929886411517,tvm
64,4,60,2,256,128,8,[64; 4; 60; 2; 256; 128; 8],0.013259678249596618,0.34476165148031723,tvm
80,4,5,5,128,64,4,[80; 4; 5; 5; 128; 64; 4],0.05052121647167951,0.09048532261671016,tvm
80,4,300,2,640,80,5,[80; 4; 300; 2; 640; 80; 5],0.05519087301217951,0.08282943033750798,tvm
2,1,1500,6,16,16,1,[2; 1; 1500; 6; 16; 16; 1],0.06673975201556459,0.06849633739068216,tvm
20,4,375,25,640,16,1,[20; 4; 375; 25; 640; 16; 1],0.07035849601379596,0.06497336967709205,tvm
128,128,30,30,32,16,1,[128; 128; 30; 30; 32; 16; 1],0.02287197074474534,0.19987034009646162,tvm
16,16,300,12,64,16,1,[16; 16; 300; 12; 64; 16; 1],0.021847901625733357,0.20923879325985958,tvm
2,2,12,1,1280,64,4,[2; 2; 12; 1; 1280; 64; 4],0.24607761000515893,0.018577182098496216,tvm
80,80,60,12,1280,32,2,[80; 80; 60; 12; 1280; 32; 2],0.14472923602443188,0.03158607546755007,tvm
320,40,75,25,256,16,1,[320; 40; 75; 25; 256; 16; 1],0.043273278992273845,0.10564091000002034,tvm
160,80,250,10,320,32,2,[160; 80; 250; 10; 320; 32; 2],0.026259995996952057,0.17408336893726747,tvm
64,64,375,15,320,16,1,[64; 64; 375; 15; 320; 16; 1],0.03246400675561745,0.14081529140384216,tvm
16,8,1500,12,160,32,2,[16; 8; 1500; 12; 160; 32; 2],0.010645012247550767,0.42944324206676027,tvm
8,8,750,2,16,16,1,[8; 8; 750; 2; 16; 16; 1],0.025080694758798927,0.18226881732711178,tvm
4,4,250,5,80,16,1,[4; 4; 250; 5; 80; 16; 1],0.0507040320080705,0.09015907395098172,tvm
8,8,375,3,1280,32,2,[8; 8; 375; 3; 1280; 32; 2],0.11804060003487393,0.038727595167069535,tvm
32,4,250,25,128,16,1,[32; 4; 250; 25; 128; 16; 1],0.02411695362388855,0.18955248837483513,tvm
256,16,60,12,1280,16,1,[256; 16; 60; 12; 1280; 16; 1],0.07498615051736124,0.06096363848375131,tvm
20,20,60,15,80,16,1,[20; 20; 60; 15; 80; 16; 1],0.010203725440078415,0.44801563882469975,tvm
2,2,500,25,320,16,1,[2; 2; 500; 25; 320; 16; 1],0.11830440501216799,0.03864123716237266,tvm
320,2,20,20,16,16,1,[320; 2; 20; 20; 16; 16; 1],0.017412880493793637,0.26253143889995323,tvm
80,20,60,10,160,16,1,[80; 20; 60; 10; 160; 16; 1],0.012617268504982349,0.36231523246282593,tvm
160,80,1500,10,128,32,2,[160; 80; 1500; 10; 128; 32; 2],0.02620903099887073,0.1744218842591144,tvm
20,10,150,2,640,64,4,[20; 10; 150; 2; 640; 64; 4],0.038012119999621063,0.1202623945066506,tvm
64,64,30,3,256,64,4,[64; 64; 30; 3; 256; 64; 4],0.013751640501141082,0.33242787077289027,tvm
8,4,750,5,64,16,1,[8; 4; 750; 5; 64; 16; 1],0.03743287699762732,0.12212335620685345,tvm
20,4,300,25,1280,16,1,[20; 4; 300; 25; 1280; 16; 1],0.17581346398219466,0.02600158411014266,tvm
64,1,300,15,160,16,1,[64; 1; 300; 15; 160; 16; 1],0.019053160373005085,0.23993019960643733,tvm
5,1,30,30,1280,16,1,[5; 1; 30; 30; 1280; 16; 1],0.27291268401313573,0.01675051706724097,tvm
80,4,50,2,640,64,4,[80; 4; 50; 2; 640; 64; 4],0.03508419850550126,0.13029878880407553,tvm
8,2,1500,10,320,16,1,[8; 2; 1500; 10; 320; 16; 1],0.09068690301501192,0.050408917048053094,tvm
160,2,60,20,128,16,1,[160; 2; 60; 20; 128; 16; 1],0.034841216256609187,0.13120749108640536,tvm
160,32,60,30,1280,16,1,[160; 32; 60; 30; 1280; 16; 1],0.2142146149999462,0.02134041401157302,tvm
160,5,125,25,16,16,1,[160; 5; 125; 25; 16; 16; 1],0.012696967249212321,0.3600409831499068,tvm
40,5,150,3,640,80,5,[40; 5; 150; 3; 640; 80; 5],0.043440005494630896,0.10523545104048368,tvm
320,1,125,25,128,16,1,[320; 1; 125; 25; 128; 16; 1],0.03807120474812109,0.12007575283401514,tvm
20,4,100,5,32,16,1,[20; 4; 100; 5; 32; 16; 1],0.01612106050015427,0.2835687249846141,tvm
10,1,150,6,80,16,1,[10; 1; 150; 6; 80; 16; 1],0.027112255251267925,0.16861115126949042,tvm
40,1,500,2,256,128,8,[40; 1; 500; 2; 256; 128; 8],0.031447689500055276,0.14536611891377701,tvm
40,1,250,1,640,160,10,[40; 1; 250; 1; 640; 160; 10],0.09090897048008628,0.05028578090024624,tvm
32,2,100,4,1280,80,5,[32; 2; 100; 4; 1280; 80; 5],0.1324128190171905,0.03452406349596021,tvm
16,16,300,12,320,32,2,[16; 16; 300; 12; 320; 32; 2],0.01951916674443055,0.23420203491693356,tvm
2,2,1500,2,160,16,1,[2; 2; 1500; 2; 160; 16; 1],0.039219434751430526,0.11656028702101141,tvm
8,1,375,3,320,32,2,[8; 1; 375; 3; 320; 32; 2],0.05086548050167039,0.08987290646509176,tvm
40,8,1500,1,640,160,10,[40; 8; 1500; 1; 640; 160; 10],0.06168104900280014,0.07411398874265324,tvm
5,5,100,10,160,32,2,[5; 5; 100; 10; 160; 32; 2],0.015445206743606832,0.29597716931311413,tvm
10,1,500,10,128,32,2,[10; 1; 500; 10; 128; 32; 2],0.029023511247942224,0.15750777128155669,tvm
4,4,1500,4,16,16,1,[4; 4; 1500; 4; 16; 16; 1],0.04277760800323449,0.10686498812843669,tvm
16,8,20,5,64,64,4,[16; 8; 20; 5; 64; 64; 4],0.010935390375379939,0.4180398151784995,tvm
64,8,300,2,160,80,5,[64; 8; 300; 2; 160; 80; 5],0.010507902938115876,0.4350467070690561,tvm
320,160,100,10,16,16,1,[320; 160; 100; 10; 16; 16; 1],0.036385833751410246,0.12563759298909544,tvm
16,8,1500,2,640,160,10,[16; 8; 1500; 2; 640; 160; 10],0.04260532125772443,0.10729712713056384,tvm
80,20,6,2,320,64,4,[80; 20; 6; 2; 320; 64; 4],0.016697592625860125,0.2737777039995961,tvm
8,8,25,25,64,16,1,[8; 8; 25; 25; 64; 16; 1],0.017705727623251732,0.25818925201499343,tvm
256,16,150,30,256,16,1,[256; 16; 150; 30; 256; 16; 1],0.03036990149121266,0.15052497199410694,tvm
1,1,1500,4,80,80,5,[1; 1; 1500; 4; 80; 80; 5],0.07339725299971178,0.062283374167239246,tvm
20,2,125,25,128,16,1,[20; 2; 125; 25; 128; 16; 1],0.038389864246710204,0.11907905019018966,tvm
128,8,500,10,640,16,1,[128; 8; 500; 10; 640; 16; 1],0.04377429299347568,0.10443180823297175,tvm
20,20,10,2,64,16,1,[20; 20; 10; 2; 64; 16; 1],0.014855592249659821,0.3077244242169647,tvm
32,2,60,4,64,64,4,[32; 2; 60; 4; 64; 64; 4],0.038663447499857284,0.11823644467931749,tvm
20,20,2,2,160,32,2,[20; 20; 2; 2; 160; 32; 2],0.010033188376837643,0.4556306928296146,tvm
40,10,100,1,1280,128,8,[40; 10; 100; 1; 1280; 128; 8],0.11628766800276935,0.03931137884130332,tvm
160,16,300,25,160,16,1,[160; 16; 300; 25; 160; 16; 1],0.011506065999128623,0.39730595772480143,tvm
5,5,150,3,1280,16,1,[5; 5; 150; 3; 1280; 16; 1],0.16901780001353472,0.027047024461698696,tvm
8,4,4,2,640,16,1,[8; 4; 4; 2; 640; 16; 1],0.04079277525306679,0.11206466201597531,tvm
20,4,12,6,320,64,4,[20; 4; 12; 6; 320; 64; 4],0.02455744699545903,0.18615243564503609,tvm
256,2,250,25,128,16,1,[256; 2; 250; 25; 128; 16; 1],0.03616971324663609,0.12638830007461369,tvm
16,4,1500,4,128,32,2,[16; 4; 1500; 4; 128; 32; 2],0.03321144399524201,0.13764618521505692,tvm
10,1,375,15,80,16,1,[10; 1; 375; 15; 80; 16; 1],0.022397740627638996,0.20410221939026257,tvm
20,2,6,2,320,160,10,[20; 2; 6; 2; 320; 160; 10],0.06562939999275841,0.06965519373837009,tvm
128,4,20,20,64,16,1,[128; 4; 20; 20; 64; 16; 1],0.014516337621898856,0.31491610973089174,tvm
16,1,500,20,1280,16,1,[16; 1; 500; 20; 1280; 16; 1],0.24935618799645454,0.018332926117291985,tvm
20,2,750,6,128,32,2,[20; 2; 750; 6; 128; 32; 2],0.0285785290034255,0.15996024745992446,tvm
40,2,250,25,160,16,1,[40; 2; 250; 25; 160; 16; 1],0.017395931121427566,0.2627872310782883,tvm
160,32,30,15,320,16,1,[160; 32; 30; 15; 320; 16; 1],0.04096717850188725,0.11158758641916183,tvm
320,16,12,12,80,16,1,[320; 16; 12; 12; 80; 16; 1],0.029984466498717666,0.15245989357936637,tvm
10,2,1500,20,320,16,1,[10; 2; 1500; 20; 320; 16; 1],0.05428435347857885,0.08421263731606389,tvm
256,8,300,20,256,16,1,[256; 8; 300; 20; 256; 16; 1],0.019739878378459252,0.23158342132528292,tvm
16,2,6,6,128,64,4,[16; 2; 6; 6; 128; 64; 4],0.02226626475021476,0.2053073841846096,tvm
10,2,100,5,256,16,1,[10; 2; 100; 5; 256; 16; 1],0.07189235600526445,0.06358712977905218,tvm
10,2,300,20,32,16,1,[10; 2; 300; 20; 32; 16; 1],0.020850777000305243,0.2192449984651243,tvm
1,1,6,1,256,64,4,[1; 1; 6; 1; 256; 64; 4],0.1797491969773546,0.025432261441504497,tvm
256,8,60,20,640,16,1,[256; 8; 60; 20; 640; 16; 1],0.040269055010867305,0.11352212189222946,tvm
20,4,60,4,1280,80,5,[20; 4; 60; 4; 1280; 80; 5],0.09391456452431157,0.04867646029754171,tvm
1,1,750,10,160,32,2,[1; 1; 750; 10; 160; 32; 2],0.04403151849692222,0.10382173332832281,tvm
32,4,10,2,320,64,4,[32; 4; 10; 2; 320; 64; 4],0.03229037050914485,0.14157250286533293,tvm
8,2,30,6,64,32,2,[8; 2; 30; 6; 64; 32; 2],0.02169781149859773,0.21068615937252522,tvm
20,4,1500,1,320,160,10,[20; 4; 1500; 1; 320; 160; 10],0.05098493900732137,0.08966233284641412,tvm
8,1,6,2,128,64,4,[8; 1; 6; 2; 128; 64; 4],0.03161967350752093,0.14457545143030115,tvm
40,40,4,4,1280,80,5,[40; 40; 4; 4; 1280; 80; 5],0.12274797400459647,0.0372423953103893,tvm
20,1,750,2,1280,128,8,[20; 1; 750; 2; 1280; 128; 8],0.07434862200170755,0.061486392731308195,tvm
40,40,500,2,320,64,4,[40; 40; 500; 2; 320; 64; 4],0.015960924625687767,0.2864137685401535,tvm
20,20,150,3,128,16,1,[20; 20; 150; 3; 128; 16; 1],0.018868044498958625,0.24228417373516797,tvm
20,1,125,1,256,128,8,[20; 1; 125; 1; 256; 128; 8],0.027922307752305642,0.16371958263553962,tvm
256,4,150,15,16,16,1,[256; 4; 150; 15; 16; 16; 1],0.023855633873608895,0.19162888714878668,tvm
16,1,1500,12,128,32,2,[16; 1; 1500; 12; 128; 32; 2],0.025668966496596113,0.1780916489970399,tvm
32,8,300,12,160,16,1,[32; 8; 300; 12; 160; 16; 1],0.02166051687527215,0.21104891437966364,tvm
16,16,750,15,64,16,1,[16; 16; 750; 15; 64; 16; 1],0.010965691813908052,0.4168846479554093,tvm
320,32,30,15,1280,16,1,[320; 32; 30; 15; 1280; 16; 1],0.14930403704056516,0.03061825160284539,tvm
40,1,375,25,16,16,1,[40; 1; 375; 25; 16; 16; 1],0.01766989200405078,0.2587128755727869,tvm
40,20,300,30,640,16,1,[40; 20; 300; 30; 640; 16; 1],0.07839811549638398,0.0583104395110036,tvm
10,5,60,3,128,64,4,[10; 5; 60; 3; 128; 64; 4],0.01871139824652346,0.24431250466693125,tvm
128,4,20,5,640,64,4,[128; 4; 20; 5; 640; 64; 4],0.07145061501068994,0.06398025504391566,tvm
64,1,60,12,64,32,2,[64; 1; 60; 12; 64; 32; 2],0.019967373125837184,0.22894491642034173,tvm
32,4,300,12,160,16,1,[32; 4; 300; 12; 160; 16; 1],0.013887550499930512,0.32917457772351183,tvm
1,1,60,1,640,128,8,[1; 1; 60; 1; 640; 128; 8],0.25619637104682624,0.01784345559911553,tvm
128,128,300,4,640,64,4,[128; 128; 300; 4; 640; 64; 4],0.04776838225370739,0.09569988255304114,tvm
80,80,60,4,128,32,2,[80; 80; 60; 4; 128; 32; 2],0.014183878753101453,0.32229749358432586,tvm
20,1,6,6,320,64,4,[20; 1; 6; 6; 320; 64; 4],0.02733684825943783,0.16722588237107117,tvm
20,2,75,3,320,16,1,[20; 2; 75; 3; 320; 16; 1],0.05895339749986306,0.0775430893773203,tvm
20,4,1500,3,640,64,4,[20; 4; 1500; 3; 640; 64; 4],0.040818325491272844,0.11199451512056675,tvm
8,4,15,15,1280,16,1,[8; 4; 15; 15; 1280; 16; 1],0.12468481995165348,0.03666387434493744,tvm
8,2,20,2,160,80,5,[8; 2; 20; 2; 160; 80; 5],0.018140784253773745,0.251997295567726,tvm
4,2,50,1,1280,16,1,[4; 2; 50; 1; 1280; 16; 1],0.1904983000131324,0.023997214521669908,tvm
20,4,500,5,640,64,4,[20; 4; 500; 5; 640; 64; 4],0.05198925849981606,0.08793025142770108,tvm
16,2,150,2,640,16,1,[16; 2; 150; 2; 640; 16; 1],0.06354874098906294,0.071935785041207,tvm
5,5,1500,1,320,32,2,[5; 5; 1500; 1; 320; 32; 2],0.03744560350605752,0.1220818505619507,tvm
10,2,12,2,640,64,4,[10; 2; 12; 2; 640; 64; 4],0.040108894754666835,0.11397543112046654,tvm
8,8,20,2,640,80,5,[8; 8; 20; 2; 640; 80; 5],0.052081633504712954,0.08777429323553947,tvm
2,1,750,5,640,16,1,[2; 1; 750; 5; 640; 16; 1],0.19758650800213218,0.02313633971090395,tvm
40,4,2,1,160,160,10,[40; 4; 2; 1; 160; 160; 10],0.01623615899734432,0.2815584998999025,tvm
32,2,300,3,256,64,4,[32; 2; 300; 3; 256; 64; 4],0.05023506851284765,0.09100074324093788,tvm
160,10,12,4,640,32,2,[160; 10; 12; 4; 640; 32; 2],0.03143035549146589,0.14544628910321508,tvm
4,4,100,4,32,16,1,[4; 4; 100; 4; 32; 16; 1],0.059643888991558924,0.07664538058669416,tvm
320,160,50,25,640,16,1,[320; 160; 50; 25; 640; 16; 1],0.10359850595705211,0.044126394769859974,tvm
16,4,300,3,16,16,1,[16; 4; 300; 3; 16; 16; 1],0.014307322751847096,0.31951670139253646,tvm
20,5,4,1,256,64,4,[20; 5; 4; 1; 256; 64; 4],0.03884341349476017,0.11768864165465891,tvm
8,1,12,4,256,32,2,[8; 1; 12; 4; 256; 32; 2],0.032706331738154404,0.13977197467533956,tvm
40,20,60,5,640,64,4,[40; 20; 60; 5; 640; 64; 4],0.030995610752142966,0.14748632017559174,tvm
320,160,750,10,256,16,1,[320; 160; 750; 10; 256; 16; 1],0.07174640448647551,0.06371648313457025,tvm
16,4,100,4,160,80,5,[16; 4; 100; 4; 160; 80; 5],0.0191684802484815,0.23848675075796444,tvm
10,5,4,2,80,80,5,[10; 5; 4; 2; 80; 80; 5],0.014724717249919195,0.3104595146948345,tvm
8,1,50,5,128,16,1,[8; 1; 50; 5; 128; 16; 1],0.04693143100303132,0.09740654554371678,tvm
160,4,500,4,160,32,2,[160; 4; 500; 4; 160; 32; 2],0.013349493499845266,0.34244209875689735,tvm
10,1,375,5,128,64,4,[10; 1; 375; 5; 128; 64; 4],0.052792689501075074,0.08659207580881968,tvm
10,1,300,12,640,32,2,[10; 1; 300; 12; 640; 32; 2],0.08136096451198682,0.05618700071770988,tvm
10,1,125,5,320,64,4,[10; 1; 125; 5; 320; 64; 4],0.03621787400334142,0.12622023509736702,tvm
10,2,300,4,320,80,5,[10; 2; 300; 4; 320; 80; 5],0.051244265981949866,0.08920858722103267,tvm
40,2,150,6,32,32,2,[40; 2; 150; 6; 32; 32; 2],0.01528468300239183,0.29908559900870757,tvm
2,2,75,1,320,64,4,[2; 2; 75; 1; 320; 64; 4],0.060874713002704084,0.07509568991685442,tvm
256,4,100,25,1280,16,1,[256; 4; 100; 25; 1280; 16; 1],0.15284570399671793,0.029908780239755607,tvm
160,16,150,25,1280,16,1,[160; 16; 150; 25; 1280; 16; 1],0.13995773304486647,0.03266292238359635,tvm
2,1,1,1,320,64,4,[2; 1; 1; 1; 320; 64; 4],0.05932833850965835,0.07705303546777004,tvm
8,1,3,1,16,16,1,[8; 1; 3; 1; 16; 16; 1],0.018024294506176375,0.25362593636394937,tvm
160,8,50,5,64,32,2,[160; 8; 50; 5; 64; 32; 2],0.02273670087015489,0.20105944998507733,tvm
20,10,12,4,160,32,2,[20; 10; 12; 4; 160; 32; 2],0.009465013437875314,0.4829817307110719,tvm
20,2,60,30,320,16,1,[20; 2; 60; 30; 320; 16; 1],0.072517691005487,0.06303880484946325,tvm
16,1,100,1,640,160,10,[16; 1; 100; 1; 640; 160; 10],0.07706015149597079,0.05932285990467585,tvm
4,1,50,25,320,16,1,[4; 1; 50; 25; 320; 16; 1],0.06225578600424342,0.07342977841637047,tvm
4,2,300,20,256,16,1,[4; 2; 300; 20; 256; 16; 1],0.0626432235003449,0.07297562794487104,tvm
8,2,500,4,16,16,1,[8; 2; 500; 4; 16; 16; 1],0.022203395252290647,0.20588871744545256,tvm
16,1,1500,20,16,16,1,[16; 1; 1500; 20; 16; 16; 1],0.017807510630518664,0.25671351073597104,tvm
5,1,30,10,320,16,1,[5; 1; 30; 10; 320; 16; 1],0.07809074252145365,0.058539955234420724,tvm
16,16,100,5,1280,16,1,[16; 16; 100; 5; 1280; 16; 1],0.11309362796600908,0.04042162811155497,tvm
8,1,100,20,80,16,1,[8; 1; 100; 20; 80; 16; 1],0.020334205502877012,0.22481471286310042,tvm
10,5,60,3,80,16,1,[10; 5; 60; 3; 80; 16; 1],0.014788263622904196,0.3091254448797019,tvm
10,5,375,5,64,16,1,[10; 5; 375; 5; 64; 16; 1],0.016394296879298054,0.2788426124697764,tvm
320,20,375,25,1280,16,1,[320; 20; 375; 25; 1280; 16; 1],0.16290572000434622,0.028061805142917076,tvm
40,20,150,2,128,128,8,[40; 20; 150; 2; 128; 128; 8],0.014209351124009117,0.32171972749018535,tvm
128,8,500,10,160,16,1,[128; 8; 500; 10; 160; 16; 1],0.011008901750756195,0.41524837580774693,tvm
80,10,75,5,64,32,2,[80; 10; 75; 5; 64; 32; 2],0.010718980498495512,0.42647979181137663,tvm
32,4,250,5,320,80,5,[32; 4; 250; 5; 320; 80; 5],0.023522049246821553,0.1943465266762968,tvm
10,1,300,2,64,32,2,[10; 1; 300; 2; 64; 32; 2],0.023922471875266638,0.19109348713060695,tvm
160,1,12,12,128,16,1,[160; 1; 12; 12; 128; 16; 1],0.0278253334981855,0.16429016283764133,tvm
128,2,12,6,1280,64,4,[128; 2; 12; 6; 1280; 64; 4],0.12728068296564743,0.03591612226548457,tvm
16,8,5,5,64,16,1,[16; 8; 5; 5; 64; 16; 1],0.014487812877632678,0.315536141309933,tvm
10,10,75,5,64,32,2,[10; 10; 75; 5; 64; 32; 2],0.01747786850319244,0.2615552674854816,tvm
2,1,250,2,128,128,8,[2; 1; 250; 2; 128; 128; 8],0.0399418900051387,0.11445198439133544,tvm
160,10,750,30,1280,16,1,[160; 10; 750; 30; 1280; 16; 1],0.11704453499987721,0.03905717230995336,tvm
10,10,75,1,256,128,8,[10; 10; 75; 1; 256; 128; 8],0.018732404998445418,0.24403852958592076,tvm
20,4,750,5,640,32,2,[20; 4; 750; 5; 640; 32; 2],0.05159934450057335,0.08859470242645769,tvm
20,20,20,1,256,64,4,[20; 20; 20; 1; 256; 64; 4],0.016243989251961466,0.28142277740528365,tvm
256,1,25,25,32,16,1,[256; 1; 25; 25; 32; 16; 1],0.015493466002226342,0.29505525560075957,tvm
20,20,15,1,320,32,2,[20; 20; 15; 1; 320; 32; 2],0.022547078871866688,0.2027503694561787,tvm
16,2,30,1,128,128,8,[16; 2; 30; 1; 128; 128; 8],0.01643899199552834,0.27808448186312584,tvm
160,4,500,20,64,16,1,[160; 4; 500; 20; 64; 16; 1],0.030586619759560563,0.14945844318085083,tvm
8,2,150,6,256,16,1,[8; 2; 150; 6; 256; 16; 1],0.08188520898693241,0.055827280994765485,tvm
8,4,3,3,80,16,1,[8; 4; 3; 3; 80; 16; 1],0.0273433252441464,0.16718627052893698,tvm
32,16,125,1,256,128,8,[32; 16; 125; 1; 256; 128; 8],0.03190556974732317,0.14327995417828598,tvm
64,8,300,5,1280,80,5,[64; 8; 300; 5; 1280; 80; 5],0.07247782350168563,0.06307348028079586,tvm
20,5,1500,3,160,16,1,[20; 5; 1500; 3; 160; 16; 1],0.01837939550023293,0.24872573047196442,tvm
80,16,12,12,320,16,1,[80; 16; 12; 12; 320; 16; 1],0.030281737752375193,0.15096321779188532,tvm
16,16,30,30,80,16,1,[16; 16; 30; 30; 80; 16; 1],0.02991453649883624,0.1528162928951419,tvm
8,8,750,2,320,32,2,[8; 8; 750; 2; 320; 32; 2],0.028027057502185926,0.16310768874228165,tvm
40,1,15,5,640,80,5,[40; 1; 15; 5; 640; 80; 5],0.06386094499612227,0.07158410467784583,tvm
8,4,1500,4,320,64,4,[8; 4; 1500; 4; 320; 64; 4],0.031186279506073333,0.14658460848266028,tvm
40,10,100,4,640,80,5,[40; 10; 100; 4; 640; 80; 5],0.05142428999533877,0.08889628951304798,tvm
128,1,25,5,128,32,2,[128; 1; 25; 5; 128; 32; 2],0.030383107499801554,0.15045954636004333,tvm
128,16,15,15,80,16,1,[128; 16; 15; 15; 80; 16; 1],0.008241139625170035,0.554708302413242,tvm
8,1,100,5,80,16,1,[8; 1; 100; 5; 80; 16; 1],0.04242320850607939,0.10775772819666553,tvm
10,5,500,25,80,16,1,[10; 5; 500; 25; 80; 16; 1],0.014722952873853501,0.3104967196863731,tvm
64,4,50,25,1280,16,1,[64; 4; 50; 25; 1280; 16; 1],0.14774748898344114,0.030940820740045987,tvm
8,4,1500,4,320,16,1,[8; 4; 1500; 4; 320; 16; 1],0.04112280024855863,0.11116530352499042,tvm
160,80,20,10,32,16,1,[160; 80; 20; 10; 32; 16; 1],0.016040510119637474,0.28499271764630696,tvm
5,5,15,5,640,16,1,[5; 5; 15; 5; 640; 16; 1],0.06846512100310065,0.06677018172832179,tvm
4,2,300,20,160,16,1,[4; 2; 300; 20; 160; 16; 1],0.05902076300117187,0.07745458274298835,tvm
4,2,250,2,1280,160,10,[4; 2; 250; 2; 1280; 160; 10],0.1868140800506808,0.02447047123101422,tvm
128,2,30,5,160,32,2,[128; 2; 30; 5; 160; 32; 2],0.017947874250239693,0.25470585026901005,tvm
40,5,100,10,128,32,2,[40; 5; 100; 10; 128; 32; 2],0.016450456496386323,0.27789068178337656,tvm
32,4,10,1,160,160,10,[32; 4; 10; 1; 160; 160; 10],0.02575988399621565,0.17746308842462777,tvm
40,4,30,5,80,80,5,[40; 4; 30; 5; 80; 80; 5],0.02215753924974706,0.20631481320655934,tvm
32,32,300,2,640,80,5,[32; 32; 300; 2; 640; 80; 5],0.043295595998642966,0.10558645668191878,tvm
128,16,125,5,32,32,2,[128; 16; 125; 5; 32; 32; 2],0.01594746299815597,0.28665553711942604,tvm
20,20,20,1,80,16,1,[20; 20; 20; 1; 80; 16; 1],0.026653352746507153,0.17151420366909167,tvm
2,2,30,5,128,16,1,[2; 2; 30; 5; 128; 16; 1],0.04292675499164034,0.10649369076043189,tvm
20,2,300,5,640,16,1,[20; 2; 300; 5; 640; 16; 1],0.09061576801468618,0.0504484889504846,tvm
2,1,250,1,160,32,2,[2; 1; 250; 1; 160; 32; 2],0.027296051252051257,0.16747582019157572,tvm
32,8,20,10,16,16,1,[32; 8; 20; 10; 16; 16; 1],0.011090240499470383,0.41220283470379937,tvm
80,5,100,25,640,16,1,[80; 5; 100; 25; 640; 16; 1],0.055014929006574675,0.08309432828464168,tvm
8,4,1500,1,16,16,1,[8; 4; 1500; 1; 16; 16; 1],0.035101672750897706,0.13023392371839773,tvm
128,32,20,4,320,32,2,[128; 32; 20; 4; 320; 32; 2],0.029495747003238648,0.15498602462675812,tvm
4,4,100,1,64,16,1,[4; 4; 100; 1; 64; 16; 1],0.08094687698758207,0.05647442794031284,tvm
10,2,30,1,256,64,4,[10; 2; 30; 1; 256; 64; 4],0.017165728997497354,0.26631135631321307,tvm
16,4,20,1,1280,64,4,[16; 4; 20; 1; 1280; 64; 4],0.07210640551056713,0.06339836993758666,tvm
160,4,1500,20,80,16,1,[160; 4; 1500; 20; 80; 16; 1],0.012981754502106924,0.35214258370751306,tvm
10,1,300,6,16,16,1,[10; 1; 300; 6; 16; 16; 1],0.022435102255258244,0.20376232385377874,tvm
20,20,1500,1,640,16,1,[20; 20; 1500; 1; 640; 16; 1],0.09630593750625849,0.047467774986682365,tvm
8,4,4,2,1280,80,5,[8; 4; 4; 2; 1280; 80; 5],0.12769060803111643,0.03580082076447297,tvm
64,2,500,1,1280,128,8,[64; 2; 500; 1; 1280; 128; 8],0.11279476404888555,0.04052873030034712,tvm
5,5,1500,1,640,80,5,[5; 5; 1500; 1; 640; 80; 5],0.09609064550022595,0.047574126988436376,tvm
160,160,12,12,32,32,2,[160; 160; 12; 12; 32; 32; 2],0.015519510125159286,0.29456010753958334,tvm
40,20,12,1,320,160,10,[40; 20; 12; 1; 320; 160; 10],0.05863213547854684,0.07796796985334487,tvm
16,2,60,12,256,32,2,[16; 2; 60; 12; 256; 32; 2],0.03358199173817411,0.13612738062322938,tvm
5,5,1500,10,640,32,2,[5; 5; 1500; 10; 640; 32; 2],0.14685349899809808,0.031129177054799197,tvm
1,1,50,1,640,80,5,[1; 1; 50; 1; 640; 80; 5],0.27869179501431063,0.01640316885250903,tvm
32,4,500,5,320,64,4,[32; 4; 500; 5; 320; 64; 4],0.02493593624967616,0.1833269272770113,tvm
16,1,500,1,640,32,2,[16; 1; 500; 1; 640; 32; 2],0.05687619399395771,0.08037507875288247,tvm
80,5,12,6,256,32,2,[80; 5; 12; 6; 256; 32; 2],0.018036879373539705,0.25344897400239347,tvm
16,4,125,1,160,80,5,[16; 4; 125; 1; 160; 80; 5],0.016083803253422957,0.2842255963592243,tvm
32,32,60,2,80,80,5,[32; 32; 60; 2; 80; 80; 5],0.010309713936294429,0.44340983655572297,tvm
20,4,20,1,1280,64,4,[20; 4; 20; 1; 1280; 64; 4],0.07947889398201369,0.057517516190689566,tvm
80,40,75,15,80,16,1,[80; 40; 75; 15; 80; 16; 1],0.013463860748743173,0.33953326291311403,tvm
16,1,300,5,64,16,1,[16; 1; 300; 5; 64; 16; 1],0.027379781007766724,0.16696366454252543,tvm
10,2,75,1,16,16,1,[10; 2; 75; 1; 16; 16; 1],0.035961326997494325,0.12712068639032967,tvm
40,40,300,2,256,128,8,[40; 40; 300; 2; 256; 128; 8],0.025058751241886057,0.18242842699150005,tvm
8,8,500,5,32,16,1,[8; 8; 500; 5; 32; 16; 1],0.029039483502856456,0.15742113908392708,tvm
64,1,150,5,640,64,4,[64; 1; 150; 5; 640; 64; 4],0.06619980800314806,0.06905501253434423,tvm
8,2,500,5,80,16,1,[8; 2; 500; 5; 80; 16; 1],0.01716199200018309,0.26636934520070876,tvm
40,20,4,2,640,160,10,[40; 20; 4; 2; 640; 160; 10],0.0518471910036169,0.0881711908193766,tvm
256,32,20,10,320,16,1,[256; 32; 20; 10; 320; 16; 1],0.01923618437285768,0.2376473672127448,tvm
8,1,1500,5,32,32,2,[8; 1; 1500; 5; 32; 32; 2],0.03466686974570621,0.13186735938265043,tvm
128,8,100,20,128,16,1,[128; 8; 100; 20; 128; 16; 1],0.015715771878603846,0.2908815810474011,tvm
80,1,150,2,80,80,5,[80; 1; 150; 2; 80; 80; 5],0.050912855978822336,0.08978927784624965,tvm
320,160,500,10,128,16,1,[320; 160; 500; 10; 128; 16; 1],0.0953910959942732,0.047923011301841185,tvm
64,4,60,4,256,32,2,[64; 4; 60; 4; 256; 32; 2],0.01921045437484281,0.237965666101845,tvm
10,1,25,1,640,160,10,[10; 1; 25; 1; 640; 160; 10],0.07971472851932049,0.05734735169198491,tvm
128,8,1500,15,640,16,1,[128; 8; 1500; 15; 640; 16; 1],0.038881440996192396,0.11757353776770375,tvm
2,1,375,15,320,16,1,[2; 1; 375; 15; 320; 16; 1],0.0996666814899072,0.04586716948021892,tvm
5,1,250,2,64,64,4,[5; 1; 250; 2; 64; 64; 4],0.014209712120646145,0.3217115542253997,tvm
256,8,500,25,640,16,1,[256; 8; 500; 25; 640; 16; 1],0.043622178010991774,0.1047959725962486,tvm
256,2,150,10,160,32,2,[256; 2; 150; 10; 160; 32; 2],0.016292982501909137,0.2805765347684448,tvm
128,1,20,2,320,64,4,[128; 1; 20; 2; 320; 64; 4],0.017403964870027266,0.26266592730840244,tvm
64,16,100,4,128,32,2,[64; 16; 100; 4; 128; 32; 2],0.013403372751781717,0.34106554044920445,tvm
64,16,30,6,1280,64,4,[64; 16; 30; 6; 1280; 64; 4],0.0572300095227547,0.07987817247542076,tvm
40,8,750,15,32,16,1,[40; 8; 750; 15; 32; 16; 1],0.010673362437955802,0.42830257081610984,tvm
10,10,30,6,320,64,4,[10; 10; 30; 6; 320; 64; 4],0.02190621487534372,0.20868181004532593,tvm
256,1,150,6,320,32,2,[256; 1; 150; 6; 320; 32; 2],0.033996548503637314,0.13446743192002186,tvm
32,16,1500,6,160,32,2,[32; 16; 1500; 6; 160; 32; 2],0.025578795743058436,0.17871946034320887,tvm
10,1,300,2,640,160,10,[10; 1; 300; 2; 640; 160; 10],0.07363414950668812,0.0620829954858561,tvm
64,4,10,2,320,80,5,[64; 4; 10; 2; 320; 80; 5],0.0506670874892734,0.0902248145286894,tvm
40,10,1500,10,64,16,1,[40; 10; 1500; 10; 64; 16; 1],0.014322129500214942,0.31918637318284027,tvm
256,2,300,10,80,16,1,[256; 2; 300; 10; 80; 16; 1],0.03711278950504493,0.12317663620534787,tvm
2,1,750,2,256,64,4,[2; 1; 750; 2; 256; 64; 4],0.050287867488805205,0.09090519840488835,tvm
20,10,150,6,640,64,4,[20; 10; 150; 6; 640; 64; 4],0.03788119074306451,0.12067805899859506,tvm
16,4,25,5,640,64,4,[16; 4; 25; 5; 640; 64; 4],0.04886607600201387,0.0935501465523889,tvm
80,16,300,3,80,80,5,[80; 16; 300; 3; 80; 80; 5],0.016537432245968375,0.27642916405858775,tvm
64,2,1500,10,256,16,1,[64; 2; 1500; 10; 256; 16; 1],0.10586789197986946,0.04318050058366912,tvm
32,16,750,25,256,16,1,[32; 16; 750; 25; 256; 16; 1],0.058187254500808194,0.07856408779976166,tvm
10,1,10,2,320,64,4,[10; 1; 10; 2; 320; 64; 4],0.019978296251792926,0.22881974087346488,tvm
16,1,300,2,1280,16,1,[16; 1; 300; 2; 1280; 16; 1],0.12155310699017718,0.03760848804792783,tvm
5,1,20,5,32,16,1,[5; 1; 20; 5; 32; 16; 1],0.018127151997759938,0.2521868063992339,tvm
20,2,4,1,320,64,4,[20; 2; 4; 1; 320; 64; 4],0.045601516001624987,0.1002472937800066,tvm
10,10,15,3,640,80,5,[10; 10; 15; 3; 640; 80; 5],0.04471361749165226,0.10223794959739117,tvm
256,4,50,5,640,32,2,[256; 4; 50; 5; 640; 32; 2],0.04911455174442381,0.09307686640848935,tvm
32,16,750,30,80,16,1,[32; 16; 750; 30; 80; 16; 1],0.01325081537652295,0.3449922470075292,tvm
128,1,250,5,32,32,2,[128; 1; 250; 5; 32; 32; 2],0.028764220245648175,0.1589276028478539,tvm
10,2,6,6,80,16,1,[10; 2; 6; 6; 80; 16; 1],0.018614970249473117,0.2455780756113732,tvm
2,1,1500,20,32,16,1,[2; 1; 1500; 20; 32; 16; 1],0.07334227600949816,0.06233006146191251,tvm
64,4,150,10,32,16,1,[64; 4; 150; 10; 32; 16; 1],0.014847811500658281,0.3078856820903132,tvm
80,20,30,10,256,32,2,[80; 20; 30; 10; 256; 32; 2],0.0371375827526208,0.1230944028285192,tvm
128,1,15,15,256,16,1,[128; 1; 15; 15; 256; 16; 1],0.07083978850278072,0.06453193421447223,tvm
5,5,375,3,64,16,1,[5; 5; 375; 3; 64; 16; 1],0.050683019508142024,0.09019645269347439,tvm
256,8,60,12,256,16,1,[256; 8; 60; 12; 256; 16; 1],0.034578065751702525,0.13220602344431276,tvm
128,1,12,3,640,64,4,[128; 1; 12; 3; 640; 64; 4],0.07243969099363312,0.06310668238259554,tvm
32,32,60,15,16,16,1,[32; 32; 60; 15; 16; 16; 1],0.013127624501066748,0.34822968702807566,tvm
32,8,30,10,16,16,1,[32; 8; 30; 10; 16; 16; 1],0.026261477745720185,0.1740735466485154,tvm
16,16,100,25,32,16,1,[16; 16; 100; 25; 32; 16; 1],0.028139197253040038,0.16245767533168326,tvm
8,1,250,10,32,16,1,[8; 1; 250; 10; 32; 16; 1],0.05178102702484466,0.08828385287211837,tvm
16,4,6,2,64,32,2,[16; 4; 6; 2; 64; 32; 2],0.028859322497737594,0.15840387700670885,tvm
10,5,50,5,160,16,1,[10; 5; 50; 5; 160; 16; 1],0.05481004749890417,0.08340493723381592,tvm
40,1,250,2,256,128,8,[40; 1; 250; 2; 256; 128; 8],0.030258786500780843,0.15107772320316296,tvm
20,5,6,1,1280,128,8,[20; 5; 6; 1; 1280; 128; 8],0.07501564599806443,0.06093966812665354,tvm
20,1,300,10,16,16,1,[20; 1; 300; 10; 16; 16; 1],0.019450020750809927,0.23503463723750584,tvm
8,4,3,1,160,16,1,[8; 4; 3; 1; 160; 16; 1],0.01561137312091887,0.2928268087643723,tvm
8,4,150,3,256,32,2,[8; 4; 150; 3; 256; 32; 2],0.026240687002427876,0.17421146675792473,tvm
2,2,4,4,160,16,1,[2; 2; 4; 4; 160; 16; 1],0.05688071751501411,0.08036868680888049,tvm
40,1,12,1,160,160,10,[40; 1; 12; 1; 160; 160; 10],0.05460461799520999,0.08371871719402167,tvm
20,20,30,1,640,32,2,[20; 20; 30; 1; 640; 32; 2],0.0463052879931638,0.09872368296475051,tvm
40,5,300,15,320,16,1,[40; 5; 300; 15; 320; 16; 1],0.025112939256359823,0.18203478791399788,tvm
16,16,4,2,1280,32,2,[16; 16; 4; 2; 1280; 32; 2],0.09090439949068241,0.05028830944422154,tvm
2,2,1500,20,320,16,1,[2; 2; 1500; 20; 320; 16; 1],0.12684286100557074,0.036040093507728445,tvm
8,4,750,2,64,32,2,[8; 4; 750; 2; 64; 32; 2],0.013172804123314563,0.3470353410431113,tvm
4,2,1,1,320,80,5,[4; 2; 1; 1; 320; 80; 5],0.06347525797900744,0.07201906249739759,tvm
40,10,750,25,256,16,1,[40; 10; 750; 25; 256; 16; 1],0.01983147137070773,0.23051383762582764,tvm
8,4,500,2,320,80,5,[8; 4; 500; 2; 320; 80; 5],0.06414568951004185,0.07126634083047663,tvm
2,2,750,6,640,64,4,[2; 2; 750; 6; 640; 64; 4],0.1253278799704276,0.03647575122556328,tvm
5,5,100,1,320,64,4,[5; 5; 100; 1; 320; 64; 4],0.028394931243383326,0.16099452864474958,tvm
4,1,75,3,80,16,1,[4; 1; 75; 3; 80; 16; 1],0.020625112003472168,0.22164381801461186,tvm
128,64,100,20,128,16,1,[128; 64; 100; 20; 128; 16; 1],0.034253503239597194,0.1334587163085842,tvm
40,10,3,3,128,64,4,[40; 10; 3; 3; 128; 64; 4],0.01148470912448829,0.3980447847548124,tvm
20,2,300,1,320,64,4,[20; 2; 300; 1; 320; 64; 4],0.021818815621372778,0.20951772317790687,tvm
32,2,60,2,128,128,8,[32; 2; 60; 2; 128; 128; 8],0.012509500626038061,0.3654365356450211,tvm
32,16,60,30,640,16,1,[32; 16; 60; 30; 640; 16; 1],0.06998631250462495,0.06531889462138007,tvm
320,5,150,30,64,16,1,[320; 5; 150; 30; 64; 16; 1],0.01487525925040245,0.3073175730570808,tvm
16,2,30,5,640,16,1,[16; 2; 30; 5; 640; 16; 1],0.08964108550571837,0.05099702380485957,tvm
32,1,30,3,64,64,4,[32; 1; 30; 3; 64; 64; 4],0.019819862623990048,0.23064885252510756,tvm
16,1,300,2,80,16,1,[16; 1; 300; 2; 80; 16; 1],0.013509468248230405,0.3383870103123696,tvm
4,2,25,1,320,64,4,[4; 2; 25; 1; 320; 64; 4],0.032551812240853906,0.14043545525527562,tvm
32,1,60,6,128,64,4,[32; 1; 60; 6; 128; 64; 4],0.025653787757619284,0.17819702161022355,tvm
20,10,300,1,128,64,4,[20; 10; 300; 1; 128; 64; 4],0.01535958062595455,0.2976271737331026,tvm
16,2,30,5,256,32,2,[16; 2; 30; 5; 256; 32; 2],0.030879319761879742,0.14804175113572163,tvm
8,2,750,3,128,16,1,[8; 2; 750; 3; 128; 16; 1],0.056635703513165936,0.08071637302723476,tvm
32,8,10,10,16,16,1,[32; 8; 10; 10; 16; 16; 1],0.022362572875863407,0.20442319391444672,tvm
128,8,50,5,128,32,2,[128; 8; 50; 5; 128; 32; 2],0.03027405850298237,0.1510015107811934,tvm
320,4,300,30,80,16,1,[320; 4; 300; 30; 80; 16; 1],0.0126519504992757,0.36132204055732575,tvm
2,2,10,1,1280,128,8,[2; 2; 10; 1; 1280; 128; 8],0.24854266794864088,0.018392932727241892,tvm
10,1,50,2,80,80,5,[10; 1; 50; 2; 80; 80; 5],0.01635408175206976,0.2795282939593973,tvm
16,16,15,1,1280,64,4,[16; 16; 15; 1; 1280; 64; 4],0.07195099501404911,0.06353530719812779,tvm
4,2,250,2,1280,128,8,[4; 2; 250; 2; 1280; 128; 8],0.13233442400814965,0.034544515576287585,tvm
80,40,25,5,128,64,4,[80; 40; 25; 5; 128; 64; 4],0.010615652874548687,0.4306309395617762,tvm
80,40,30,15,32,16,1,[80; 40; 30; 15; 32; 16; 1],0.02674106924678199,0.17095159992447556,tvm
8,4,1500,1,1280,80,5,[8; 4; 1500; 1; 1280; 80; 5],0.15642339398618788,0.02922471156604764,tvm
160,40,15,15,32,16,1,[160; 40; 15; 15; 32; 16; 1],0.014219891752873082,0.3214812497081723,tvm
256,128,150,25,256,16,1,[256; 128; 150; 25; 256; 16; 1],0.05156699151848443,0.08865028648781889,tvm
4,2,375,25,32,16,1,[4; 2; 375; 25; 32; 16; 1],0.0502739229996223,0.0909304127999503,tvm
4,1,4,2,640,64,4,[4; 1; 4; 2; 640; 64; 4],0.06288062650128268,0.07270011171621073,tvm
128,64,30,5,32,32,2,[128; 64; 30; 5; 32; 32; 2],0.016236902374657802,0.2815456092514023,tvm
20,20,75,1,64,64,4,[20; 20; 75; 1; 64; 64; 4],0.012939881620695814,0.3532821014465164,tvm
8,8,300,15,80,16,1,[8; 8; 300; 15; 80; 16; 1],0.026889408749411814,0.17000851948924198,tvm
8,8,4,2,128,16,1,[8; 8; 4; 2; 128; 16; 1],0.01625930237787543,0.28115773144418954,tvm
16,2,60,2,640,128,8,[16; 2; 60; 2; 640; 128; 8],0.03657664524507709,0.12498217211552085,tvm
2,2,4,1,32,32,2,[2; 2; 4; 1; 32; 32; 2],0.02254496312525589,0.20276939669541752,tvm
10,1,100,20,1280,16,1,[10; 1; 100; 20; 1280; 16; 1],0.2615685240016319,0.01747698270989231,tvm
20,5,60,5,640,64,4,[20; 5; 60; 5; 640; 64; 4],0.04451792074542027,0.1026873783609683,tvm
320,40,75,15,16,16,1,[320; 40; 75; 15; 16; 16; 1],0.014268797378463205,0.32037938798742194,tvm
80,8,300,20,80,16,1,[80; 8; 300; 20; 80; 16; 1],0.013381712502450682,0.34161760466691954,tvm
32,4,500,10,256,16,1,[32; 4; 500; 10; 256; 16; 1],0.061786316480720416,0.07398771818441426,tvm
8,4,75,3,64,64,4,[8; 4; 75; 3; 64; 64; 4],0.01449553287238814,0.3153680938585205,tvm
20,4,12,4,160,16,1,[20; 4; 12; 4; 160; 16; 1],0.017332848998194095,0.26374363336949785,tvm
5,5,1500,6,64,32,2,[5; 5; 1500; 6; 64; 32; 2],0.029252093750983477,0.1562769697904061,tvm
16,16,3,1,32,16,1,[16; 16; 3; 1; 32; 16; 1],0.03032820374937728,0.15073192626920529,tvm
80,2,375,3,640,64,4,[80; 2; 375; 3; 640; 64; 4],0.1179414390353486,0.038760155962303075,tvm
8,4,125,25,640,16,1,[8; 4; 125; 25; 640; 16; 1],0.09202598300180398,0.04967541146872572,tvm
80,8,60,6,640,32,2,[80; 8; 60; 6; 640; 32; 2],0.03682402550475672,0.12414255391057288,tvm
160,40,1500,4,160,32,2,[160; 40; 1500; 4; 160; 32; 2],0.008678174810484052,0.5267730451691127,tvm
10,10,300,1,640,128,8,[10; 10; 300; 1; 640; 128; 8],0.045286841501365416,0.10094385962621706,tvm
256,32,150,15,320,16,1,[256; 32; 150; 15; 320; 16; 1],0.02522396025597118,0.18123357811533158,tvm
20,4,6,2,256,64,4,[20; 4; 6; 2; 256; 64; 4],0.025908065246767364,0.17644808780149895,tvm
256,32,300,10,80,16,1,[256; 32; 300; 10; 80; 16; 1],0.009832066876697354,0.4649509232146456,tvm
20,10,60,3,160,80,5,[20; 10; 60; 3; 160; 80; 5],0.01602540074964054,0.2852614198450614,tvm
8,8,4,4,640,32,2,[8; 8; 4; 4; 640; 32; 2],0.03752693549904507,0.12181726300419332,tvm
20,5,75,5,64,64,4,[20; 5; 75; 5; 64; 64; 4],0.01165908512484748,0.3920915339820348,tvm
8,4,300,2,320,16,1,[8; 4; 300; 2; 320; 16; 1],0.06508845850476064,0.0702340887531422,tvm
40,4,15,15,64,16,1,[40; 4; 15; 15; 64; 16; 1],0.01602662512595998,0.28523962690209537,tvm
8,8,12,2,640,64,4,[8; 8; 12; 2; 640; 64; 4],0.04167921050975565,0.10968126592413645,tvm
20,10,12,2,160,160,10,[20; 10; 12; 2; 160; 160; 10],0.008587831249315059,0.5323146716224979,tvm
32,1,50,1,128,128,8,[32; 1; 50; 1; 128; 128; 8],0.01863253174815327,0.24534661382673673,tvm
320,320,750,15,64,16,1,[320; 320; 750; 15; 64; 16; 1],0.024887094121368136,0.18368671525630342,tvm
256,2,150,5,256,32,2,[256; 2; 150; 5; 256; 32; 2],0.06119577199569903,0.074701706054952,tvm
64,2,30,15,1280,16,1,[64; 2; 30; 15; 1280; 16; 1],0.20408061699708924,0.022400111478954286,tvm
40,10,50,2,128,128,8,[40; 10; 50; 2; 128; 128; 8],0.013787776493700221,0.3315566199899821,tvm
5,1,75,3,80,80,5,[5; 1; 75; 3; 80; 80; 5],0.01754728412925033,0.2605205761618836,tvm
4,2,12,6,64,64,4,[4; 2; 12; 6; 64; 64; 4],0.020688535005319864,0.220964344273438,tvm
16,2,3,1,160,160,10,[16; 2; 3; 1; 160; 160; 10],0.03168547475070227,0.14427521150925005,tvm
256,1,300,25,160,16,1,[256; 1; 300; 25; 160; 16; 1],0.032843992245034315,0.13918614209025476,tvm
80,80,750,5,256,32,2,[80; 80; 750; 5; 256; 32; 2],0.01739107237517601,0.26286064900482053,tvm
128,64,250,5,64,64,4,[128; 64; 250; 5; 64; 64; 4],0.01532644612598233,0.2982706188931044,tvm
32,8,75,5,64,32,2,[32; 8; 75; 5; 64; 32; 2],0.025386957000591792,0.18006996944620057,tvm
128,64,150,10,64,16,1,[128; 64; 150; 10; 64; 16; 1],0.028547931753564626,0.16013169048079157,tvm
40,5,50,2,256,128,8,[40; 5; 50; 2; 256; 128; 8],0.028435155501938425,0.16076678642101808,tvm
20,4,150,10,160,32,2,[20; 4; 150; 10; 160; 32; 2],0.011575384000025224,0.39492673171089704,tvm
256,2,50,5,1280,32,2,[256; 2; 50; 5; 1280; 32; 2],0.1502002389752306,0.030435561238903504,tvm
20,1,375,5,32,16,1,[20; 1; 375; 5; 32; 16; 1],0.026195195998298004,0.17451400522926394,tvm
4,1,4,2,256,128,8,[4; 1; 4; 2; 256; 128; 8],0.029064843751257285,0.15728378279105049,tvm
4,2,750,10,1280,16,1,[4; 2; 750; 10; 1280; 16; 1],0.30171603901544586,0.015151427104591364,tvm
10,10,1500,30,640,16,1,[10; 10; 1500; 30; 640; 16; 1],0.1325917590293102,0.03447747133679726,tvm
32,2,4,4,160,32,2,[32; 2; 4; 4; 160; 32; 2],0.014514158625388518,0.31496338777999283,tvm
1,1,300,4,160,32,2,[1; 1; 300; 4; 160; 32; 2],0.11352356098359451,0.04026854453666404,tvm
40,4,4,4,128,32,2,[40; 4; 4; 4; 128; 32; 2],0.02167955024924595,0.21086362580734688,tvm
160,8,10,10,32,16,1,[160; 8; 10; 10; 32; 16; 1],0.01918759775435319,0.23824913519418697,tvm
20,1,500,10,64,16,1,[20; 1; 500; 10; 64; 16; 1],0.024717187123314943,0.18494938556808865,tvm
2,2,60,1,256,128,8,[2; 2; 60; 1; 256; 128; 8],0.08999769249930978,0.050794953120199514,tvm
8,4,20,5,160,32,2,[8; 4; 20; 5; 160; 32; 2],0.02660758224374149,0.17180924330333852,tvm
160,80,10,10,80,16,1,[160; 80; 10; 10; 80; 16; 1],0.04600264500186313,0.09937316802639123,tvm
256,4,12,6,32,32,2,[256; 4; 12; 6; 32; 32; 2],0.02267257612402318,0.20162810553251703,tvm
8,2,1500,5,160,32,2,[8; 2; 1500; 5; 160; 32; 2],0.03536660624376964,0.1292583331269988,tvm
64,8,150,6,64,64,4,[64; 8; 150; 6; 64; 64; 4],0.010715287313360022,0.42662678449404046,tvm
32,2,300,5,320,64,4,[32; 2; 300; 5; 320; 64; 4],0.03250196100270841,0.1406508539914755,tvm
8,2,50,5,128,64,4,[8; 2; 50; 5; 128; 64; 4],0.052871073508867994,0.08646369873049414,tvm
160,5,50,10,128,16,1,[160; 5; 50; 10; 128; 16; 1],0.02037679761997424,0.2243447992508624,tvm
10,2,15,1,256,128,8,[10; 2; 15; 1; 256; 128; 8],0.03349169225839432,0.13649440393035958,tvm
64,16,300,4,1280,80,5,[64; 16; 300; 4; 1280; 80; 5],0.09319499548291788,0.04905229672194672,tvm
128,4,30,10,320,32,2,[128; 4; 30; 10; 320; 32; 2],0.023820235750463326,0.19191365775377153,tvm
32,2,375,5,640,64,4,[32; 2; 375; 5; 640; 64; 4],0.10989456000970677,0.04159831543094387,tvm
20,20,3,1,640,80,5,[20; 20; 3; 1; 640; 80; 5],0.05873452150262892,0.07783205608006796,tvm
160,32,20,10,640,32,2,[160; 32; 20; 10; 640; 32; 2],0.03497975425852928,0.13068784124788121,tvm
2,2,500,5,640,80,5,[2; 2; 500; 5; 640; 80; 5],0.15852968499530107,0.028836419952288885,tvm
64,16,20,20,128,16,1,[64; 16; 20; 20; 128; 16; 1],0.016488522123836447,0.27724913955871994,tvm
20,2,150,10,80,16,1,[20; 2; 150; 10; 80; 16; 1],0.04061620849824976,0.11255182944083922,tvm
160,16,30,30,1280,16,1,[160; 16; 30; 30; 1280; 16; 1],0.16878474596887827,0.027084370362896917,tvm
8,8,75,1,128,128,8,[8; 8; 75; 1; 128; 128; 8],0.018378771623247303,0.2487341735965734,tvm
320,64,30,30,1280,16,1,[320; 64; 30; 30; 1280; 16; 1],0.25392686598934233,0.0180029338511209,tvm
8,2,5,1,64,32,2,[8; 2; 5; 1; 64; 32; 2],0.01690351087745512,0.2704425491585696,tvm
10,2,30,5,640,32,2,[10; 2; 30; 5; 640; 32; 2],0.07778223950299434,0.05877213873808028,tvm
5,5,30,10,64,32,2,[5; 5; 30; 10; 64; 32; 2],0.01856893425429007,0.2461869113663544,tvm
20,5,375,15,80,16,1,[20; 5; 375; 15; 80; 16; 1],0.026250377253745683,0.17414715709566694,tvm
5,1,500,1,1280,80,5,[5; 1; 500; 1; 1280; 80; 5],0.1661425299826078,0.027515101472856587,tvm
160,2,20,10,64,32,2,[160; 2; 20; 10; 64; 32; 2],0.019457863752904814,0.23493990036527598,tvm
32,1,500,5,320,64,4,[32; 1; 500; 5; 320; 64; 4],0.03429496425087564,0.13329737094890984,tvm
256,64,150,10,1280,32,2,[256; 64; 150; 10; 1280; 32; 2],0.1185600190074183,0.038557927113207845,tvm
64,1,375,15,640,16,1,[64; 1; 375; 15; 640; 16; 1],0.08623723898199387,0.05300991341319584,tvm
160,16,6,6,160,32,2,[160; 16; 6; 6; 160; 32; 2],0.007278382876393152,0.6280830026482437,tvm
256,4,30,5,160,32,2,[256; 4; 30; 5; 160; 32; 2],0.025136116746580228,0.18186693742383717,tvm
20,10,150,3,80,16,1,[20; 10; 150; 3; 80; 16; 1],0.028696441499050707,0.1593029773945943,tvm
320,5,750,10,640,16,1,[320; 5; 750; 10; 640; 16; 1],0.051398067007539794,0.08894164387073097,tvm
20,2,5,1,320,32,2,[20; 2; 5; 1; 320; 32; 2],0.04899454275437165,0.09330485222296876,tvm
256,256,60,5,32,32,2,[256; 256; 60; 5; 32; 32; 2],0.016533590249309782,0.2764933993461833,tvm
16,16,60,4,640,32,2,[16; 16; 60; 4; 640; 32; 2],0.041570859248167835,0.10996714174557384,tvm
64,1,10,2,256,128,8,[64; 1; 10; 2; 256; 128; 8],0.014170294372888748,0.32260646470230264,tvm
16,2,50,2,80,80,5,[16; 2; 50; 2; 80; 80; 5],0.0301274434896186,0.15173635867921575,tvm
128,64,250,2,640,64,4,[128; 64; 250; 2; 640; 64; 4],0.03357457400124986,0.1361574556763816,tvm
80,2,125,25,128,16,1,[80; 2; 125; 25; 128; 16; 1],0.03620220674201846,0.12627485954116427,tvm
256,4,300,25,1280,16,1,[256; 4; 300; 25; 1280; 16; 1],0.1411509090103209,0.032386816376041266,tvm
5,1,750,2,640,32,2,[5; 1; 750; 2; 640; 32; 2],0.06570340902544558,0.0695767333725127,tvm
80,40,20,20,160,16,1,[80; 40; 20; 20; 160; 16; 1],0.014098265499342233,0.32425468024005194,tvm
80,20,100,5,1280,64,4,[80; 20; 100; 5; 1280; 64; 4],0.05608202301664278,0.08151326085494393,tvm
1,1,20,1,80,80,5,[1; 1; 20; 1; 80; 80; 5],0.03696680399298202,0.12366307274755038,tvm
16,8,20,2,160,16,1,[16; 8; 20; 2; 160; 16; 1],0.012166889562649885,0.375726971785954,tvm
160,2,100,10,64,16,1,[160; 2; 100; 10; 64; 16; 1],0.05720289799501188,0.07991603103442771,tvm
4,4,500,25,640,16,1,[4; 4; 500; 25; 640; 16; 1],0.13254320103442296,0.03449010236474763,tvm
80,5,5,5,1280,64,4,[80; 5; 5; 5; 1280; 64; 4],0.06947587549802847,0.0657987904241422,tvm
2,2,6,6,64,64,4,[2; 2; 6; 6; 64; 64; 4],0.024837949247739743,0.1840501615424056,tvm
4,1,6,1,256,32,2,[4; 1; 6; 1; 256; 32; 2],0.02471796674944926,0.1849435521038731,tvm
32,2,6,6,32,32,2,[32; 2; 6; 6; 32; 32; 2],0.03025341924512759,0.15110452588478293,tvm
16,8,10,10,160,32,2,[16; 8; 10; 10; 160; 32; 2],0.009232419437466888,0.4951495761638448,tvm
8,2,20,4,32,32,2,[8; 2; 20; 4; 32; 32; 2],0.020042269126861356,0.22808937164214516,tvm
8,8,20,1,128,16,1,[8; 8; 20; 1; 128; 16; 1],0.02527291199658066,0.18088254222730923,tvm
80,1,100,10,160,32,2,[80; 1; 100; 10; 160; 32; 2],0.03786534750543069,0.12072855189756102,tvm
160,1,150,10,640,32,2,[160; 1; 150; 10; 640; 32; 2],0.06758617601008154,0.06763851487538917,tvm
4,1,50,1,160,32,2,[4; 1; 50; 1; 160; 32; 2],0.031354234990430996,0.14579939752393023,tvm
20,1,300,1,256,16,1,[20; 1; 300; 1; 256; 16; 1],0.025257753994083032,0.18099109574428077,tvm
64,64,4,4,128,64,4,[64; 64; 4; 4; 128; 64; 4],0.02701459800300654,0.1692206773137917,tvm
16,8,2,2,640,16,1,[16; 8; 2; 2; 640; 16; 1],0.04323760623810813,0.10572806797522183,tvm
2,1,75,15,640,16,1,[2; 1; 75; 15; 640; 16; 1],0.20257909898646176,0.022566141296413197,tvm
256,128,250,10,64,16,1,[256; 128; 250; 10; 64; 16; 1],0.02071762425475754,0.22065409214952827,tvm
10,5,250,1,640,32,2,[10; 5; 250; 1; 640; 32; 2],0.11519349599257112,0.03968478022164885,tvm
40,4,20,20,256,16,1,[40; 4; 20; 20; 256; 16; 1],0.05228118851664476,0.0874392625939092,tvm
64,32,60,10,64,32,2,[64; 32; 60; 10; 64; 32; 2],0.012690490126260556,0.3602247451395805,tvm
40,40,10,1,160,160,10,[40; 40; 10; 1; 160; 160; 10],0.014838087248790544,0.3080874572833631,tvm
1,1,12,4,1280,16,1,[1; 1; 12; 4; 1280; 16; 1],0.48932411399437115,0.009342332496373066,tvm
2,1,150,2,32,16,1,[2; 1; 150; 2; 32; 16; 1],0.03020780099905096,0.15133271606139728,tvm
160,16,750,6,160,32,2,[160; 16; 750; 6; 160; 32; 2],0.014243152749259025,0.32095622731184936,tvm
64,16,750,10,160,16,1,[64; 16; 750; 10; 160; 16; 1],0.018652377126272768,0.24508557490988617,tvm
80,8,12,6,640,32,2,[80; 8; 12; 6; 640; 32; 2],0.0345520215050783,0.13230567626142176,tvm
64,64,500,10,256,32,2,[64; 64; 500; 10; 256; 32; 2],0.049235936006880365,0.09284739850969316,tvm
40,1,125,5,160,32,2,[40; 1; 125; 5; 160; 32; 2],0.03682740124349948,0.12413117453503426,tvm
2,2,300,4,1280,80,5,[2; 2; 300; 4; 1280; 80; 5],0.2497357149841264,0.018305065303611617,tvm
40,20,12,2,640,160,10,[40; 20; 12; 2; 640; 160; 10],0.03499862700118683,0.13061736882631284,tvm
20,20,375,3,80,16,1,[20; 20; 375; 3; 80; 16; 1],0.012037755437631859,0.3797575548957897,tvm
20,4,750,10,320,16,1,[20; 4; 750; 10; 320; 16; 1],0.03174943898920901,0.14398454640355401,tvm
128,128,100,10,64,16,1,[128; 128; 100; 10; 64; 16; 1],0.02116551762446761,0.21598472820451797,tvm
8,4,12,2,160,160,10,[8; 4; 12; 2; 160; 160; 10],0.0243157392469584,0.18800286205571154,tvm
16,1,750,6,320,16,1,[16; 1; 750; 6; 320; 16; 1],0.0919519905000925,0.04971538458891733,tvm
20,10,12,4,320,64,4,[20; 10; 12; 4; 320; 64; 4],0.0194279826246202,0.23530124870687336,tvm
20,1,30,3,256,64,4,[20; 1; 30; 3; 256; 64; 4],0.029691770745557733,0.1539628138248547,tvm
80,5,250,2,320,64,4,[80; 5; 250; 2; 320; 64; 4],0.016761028993641958,0.27274152280046016,tvm
16,16,15,1,640,128,8,[16; 16; 15; 1; 640; 128; 8],0.038410181005019695,0.11901606427814405,tvm
32,4,1500,10,1280,32,2,[32; 4; 1500; 10; 1280; 32; 2],0.12070217804284766,0.037873621218382454,tvm
2,1,300,20,64,16,1,[2; 1; 300; 20; 64; 16; 1],0.03902933625795413,0.11712801215001244,tvm
16,16,300,10,160,16,1,[16; 16; 300; 10; 160; 16; 1],0.009861192938842578,0.4635776421554456,tvm
256,8,500,10,640,32,2,[256; 8; 500; 10; 640; 32; 2],0.03346916174632497,0.13658628818005966,tvm
160,40,100,25,640,16,1,[160; 40; 100; 25; 640; 16; 1],0.07783876149915159,0.05872946181804805,tvm
160,2,250,25,320,16,1,[160; 2; 250; 25; 320; 16; 1],0.038919309503398836,0.11745913865787747,tvm
128,64,10,5,64,64,4,[128; 64; 10; 5; 64; 64; 4],0.018423486872052308,0.24813047623266396,tvm
128,64,150,15,16,16,1,[128; 64; 150; 15; 16; 16; 1],0.016013936627132352,0.28546563395806235,tvm
5,1,30,1,32,32,2,[5; 1; 30; 1; 32; 32; 2],0.01567975874786498,0.29154967528126263,tvm
320,2,20,10,64,16,1,[320; 2; 20; 10; 64; 16; 1],0.04447751500993036,0.10278066502609066,tvm
40,20,12,3,256,64,4,[40; 20; 12; 3; 256; 64; 4],0.01274625412770547,0.358648786194529,tvm
16,16,60,1,32,32,2,[16; 16; 60; 1; 32; 32; 2],0.0312539977603592,0.14626700259212,tvm
5,5,150,25,1280,16,1,[5; 5; 150; 25; 1280; 16; 1],0.2326700589619577,0.01964768733812895,tvm
10,1,12,2,160,32,2,[10; 1; 12; 2; 160; 32; 2],0.00970151931323926,0.4712074906855191,tvm
32,32,150,5,320,32,2,[32; 32; 150; 5; 320; 32; 2],0.014891983126290143,0.3069724517319807,tvm
8,1,750,1,80,80,5,[8; 1; 750; 1; 80; 80; 5],0.021001476496167015,0.2176717704711335,tvm
80,5,100,4,256,64,4,[80; 5; 100; 4; 256; 64; 4],0.01684835212654434,0.27132793385926157,tvm
8,8,20,5,80,16,1,[8; 8; 20; 5; 80; 16; 1],0.01238792787262355,0.3690228598707866,tvm
40,2,6,6,640,64,4,[40; 2; 6; 6; 640; 64; 4],0.0579337689850945,0.07890783996126219,tvm
320,8,75,25,80,16,1,[320; 8; 75; 25; 80; 16; 1],0.017123517500294838,0.26696784532441187,tvm
16,4,100,1,64,32,2,[16; 4; 100; 1; 64; 32; 2],0.030771164761972614,0.14856209073625967,tvm
256,256,30,10,128,16,1,[256; 256; 30; 10; 128; 16; 1],0.030947624007239938,0.1477150094094178,tvm
8,1,75,15,64,16,1,[8; 1; 75; 15; 64; 16; 1],0.05678260250715539,0.08050755635676454,tvm
8,1,125,1,640,64,4,[8; 1; 125; 1; 640; 64; 4],0.05358197700115852,0.08531653416464516,tvm
32,1,4,2,640,160,10,[32; 1; 4; 2; 640; 160; 10],0.06678393998299725,0.06845101640592674,tvm
4,1,50,5,640,64,4,[4; 1; 50; 5; 640; 64; 4],0.09530923748388886,0.04796417107209917,tvm
10,2,60,2,160,32,2,[10; 2; 60; 2; 160; 32; 2],0.010459750625159359,0.4370494799782977,tvm
20,20,50,10,32,16,1,[20; 20; 50; 10; 32; 16; 1],0.011283593812549952,0.40513941279453813,tvm
2,2,30,5,64,32,2,[2; 2; 30; 5; 64; 32; 2],0.05840216300566681,0.07827498736622139,tvm
256,64,60,5,160,32,2,[256; 64; 60; 5; 160; 32; 2],0.020497718498518225,0.22302133633843393,tvm
10,2,10,10,160,32,2,[10; 2; 10; 10; 160; 32; 2],0.031101608503377065,0.14698367034400162,tvm
128,32,150,6,32,32,2,[128; 32; 150; 6; 32; 32; 2],0.007304668437427608,0.6258228707555731,tvm
16,1,20,1,160,160,10,[16; 1; 20; 1; 160; 160; 10],0.015060213379911147,0.30354341310505006,tvm
160,8,300,25,16,16,1,[160; 8; 300; 25; 16; 16; 1],0.02733378224365879,0.16724464000912664,tvm
16,2,1500,20,160,16,1,[16; 2; 1500; 20; 160; 16; 1],0.058848688495345414,0.07768106118100057,tvm
16,8,250,2,64,16,1,[16; 8; 250; 2; 64; 16; 1],0.04106790400692262,0.11131390028227367,tvm
128,32,30,5,320,64,4,[128; 32; 30; 5; 320; 64; 4],0.013230392498371657,0.3455247886252207,tvm
20,1,15,1,160,16,1,[20; 1; 15; 1; 160; 16; 1],0.05874455001321621,0.07781876906708966,tvm
16,4,500,2,320,160,10,[16; 4; 500; 2; 320; 160; 10],0.06201729548047297,0.07371215619791018,tvm
80,10,60,3,320,64,4,[80; 10; 60; 3; 320; 64; 4],0.016591039253398776,0.27553599877669427,tvm
1,1,750,30,640,16,1,[1; 1; 750; 30; 640; 16; 1],0.40541576204122975,0.011275902417833644,tvm
16,2,25,1,160,32,2,[16; 2; 25; 1; 160; 32; 2],0.01012480181088904,0.45150795608780053,tvm
2,1,25,5,1280,32,2,[2; 1; 25; 5; 1280; 32; 2],0.2568559679784812,0.01779763424384033,tvm
80,20,300,5,64,32,2,[80; 20; 300; 5; 64; 32; 2],0.008922683562559541,0.5123378565850678,tvm
256,256,150,10,256,16,1,[256; 256; 150; 10; 256; 16; 1],0.03585652900801506,0.1274922224180348,tvm
20,2,1500,2,256,64,4,[20; 2; 1500; 2; 256; 64; 4],0.05061769799795002,0.09031285009471808,tvm
40,10,100,4,64,32,2,[40; 10; 100; 4; 64; 32; 2],0.033557978240423836,0.1362247909774804,tvm
160,2,375,25,64,16,1,[160; 2; 375; 25; 64; 16; 1],0.02212511200195877,0.20661719457166394,tvm
128,16,300,6,160,32,2,[128; 16; 300; 6; 160; 32; 2],0.007775875936204102,0.5878988565319339,tvm
4,1,250,1,1280,32,2,[4; 1; 250; 1; 1280; 32; 2],0.1532173230079934,0.029836238368360468,tvm
20,5,1500,5,32,16,1,[20; 5; 1500; 5; 32; 16; 1],0.018943008872156497,0.2413253671726837,tvm
8,4,300,1,640,64,4,[8; 4; 300; 1; 640; 64; 4],0.05564294452778995,0.08215648201625,tvm
20,20,30,3,32,16,1,[20; 20; 30; 3; 32; 16; 1],0.02376946800359292,0.19232355434869508,tvm
8,1,1500,30,16,16,1,[8; 1; 1500; 30; 16; 16; 1],0.02161062937375391,0.21153611458352842,tvm
80,10,10,2,320,80,5,[80; 10; 10; 2; 320; 80; 5],0.030689484512549825,0.14895748964304634,tvm
4,2,500,2,1280,64,4,[4; 2; 500; 2; 1280; 64; 4],0.12336896499618888,0.037054931696717995,tvm
20,2,1500,12,320,32,2,[20; 2; 1500; 12; 320; 32; 2],0.03514442550658714,0.1300754957730564,tvm
2,1,750,2,128,64,4,[2; 1; 750; 2; 128; 64; 4],0.03115334824542515,0.1467395586315472,tvm
80,20,30,10,64,16,1,[80; 20; 30; 10; 64; 16; 1],0.010599829874990974,0.4312737681021003,tvm
8,1,20,10,128,32,2,[8; 1; 20; 10; 128; 32; 2],0.05641025400836952,0.08103896448951133,tvm
256,4,150,6,32,32,2,[256; 4; 150; 6; 32; 32; 2],0.03151404774689581,0.1450600255525368,tvm
1,1,20,1,256,64,4,[1; 1; 20; 1; 256; 64; 4],0.17647847201442346,0.02590360466774073,tvm
128,32,100,5,1280,32,2,[128; 32; 100; 5; 1280; 32; 2],0.06246310600545257,0.07318605915993866,tvm
2,2,2,1,64,32,2,[2; 2; 2; 1; 64; 32; 2],0.02255717837397242,0.2026595922432972,tvm
16,16,125,5,64,32,2,[16; 16; 125; 5; 64; 32; 2],0.009377279624459334,0.48750050702387443,tvm
160,5,150,5,32,32,2,[160; 5; 150; 5; 32; 32; 2],0.018734662124188617,0.24400912816710627,tvm
80,5,25,25,16,16,1,[80; 5; 25; 25; 16; 16; 1],0.02375856387516251,0.19241182234114743,tvm
20,1,1500,5,256,32,2,[20; 1; 1500; 5; 256; 32; 2],0.05743051550234668,0.07959929545194101,tvm
20,5,500,25,16,16,1,[20; 5; 500; 25; 16; 16; 1],0.03951114576193504,0.11569972176895657,tvm
80,4,60,10,256,16,1,[80; 4; 60; 10; 256; 16; 1],0.025793058986891992,0.17723483568784018,tvm
80,16,25,25,64,16,1,[80; 16; 25; 25; 64; 16; 1],0.04337429600127507,0.10539487652535469,tvm
8,4,1500,5,128,16,1,[8; 4; 1500; 5; 128; 16; 1],0.028067412989912555,0.1628731715698752,tvm
4,4,30,10,16,16,1,[4; 4; 30; 10; 16; 16; 1],0.022920422125025652,0.19944783505698438,tvm
80,4,100,5,160,32,2,[80; 4; 100; 5; 160; 32; 2],0.02590890449937433,0.176442372217589,tvm
80,80,50,25,1280,16,1,[80; 80; 50; 25; 1280; 16; 1],0.22965237399330363,0.019905862464813313,tvm
4,1,100,2,160,80,5,[4; 1; 100; 2; 160; 80; 5],0.019425977501668967,0.23532553618142618,tvm
10,1,500,2,128,32,2,[10; 1; 500; 2; 128; 32; 2],0.016201941747567616,0.2821531297083497,tvm
64,2,12,3,80,80,5,[64; 2; 12; 3; 80; 80; 5],0.03248326924222056,0.14073178833510996,tvm
20,2,10,5,1280,64,4,[20; 2; 10; 5; 1280; 64; 4],0.1353331709979102,0.033779069371685407,tvm
80,40,750,10,32,32,2,[80; 40; 750; 10; 32; 32; 2],0.010477961437572958,0.43628988316714645,tvm
256,32,4,4,640,32,2,[256; 32; 4; 4; 640; 32; 2],0.02950373024214059,0.15494408788008562,tvm
160,40,500,10,64,32,2,[160; 40; 500; 10; 64; 32; 2],0.012368052190140588,0.3696158862486663,tvm
20,5,25,5,80,16,1,[20; 5; 25; 5; 80; 16; 1],0.029802198492689058,0.15339232682951273,tvm
32,8,12,4,128,64,4,[32; 8; 12; 4; 128; 64; 4],0.014949004376830999,0.30580154077108224,tvm
16,4,300,12,64,32,2,[16; 4; 300; 12; 64; 32; 2],0.02976830276020337,0.15356698728353504,tvm
64,4,100,2,128,64,4,[64; 4; 100; 2; 128; 64; 4],0.027399835249525495,0.16684146199410957,tvm
64,1,2,2,320,80,5,[64; 1; 2; 2; 320; 80; 5],0.1024929050472565,0.0446023904710362,tvm
20,4,150,3,1280,16,1,[20; 4; 150; 3; 1280; 16; 1],0.16506365599343553,0.02769494316550443,tvm
16,16,5,5,1280,64,4,[16; 16; 5; 5; 1280; 64; 4],0.061747312982333824,0.07403445349494767,tvm
256,1,30,15,640,16,1,[256; 1; 30; 15; 640; 16; 1],0.07784583399188705,0.058724126096523006,tvm
128,128,1500,10,64,32,2,[128; 128; 1500; 10; 64; 32; 2],0.018171521129261237,0.2515710456439055,tvm
40,1,375,5,640,32,2,[40; 1; 375; 5; 640; 32; 2],0.10612329898867756,0.04307657804641282,tvm
64,4,150,10,128,16,1,[64; 4; 150; 10; 128; 16; 1],0.0233639360012603,0.1956617485676206,tvm
32,2,750,15,80,16,1,[32; 2; 750; 15; 80; 16; 1],0.03376217825280037,0.13540087778694787,tvm
64,1,15,1,128,128,8,[64; 1; 15; 1; 128; 128; 8],0.02389593200496165,0.19130572393993167,tvm
80,4,30,10,32,16,1,[80; 4; 30; 10; 32; 16; 1],0.013528908748412505,0.3379007617273631,tvm
40,1,375,5,256,64,4,[40; 1; 375; 5; 256; 64; 4],0.027517616748809814,0.1661273435544266,tvm
256,1,100,10,256,32,2,[256; 1; 100; 10; 256; 32; 2],0.03318563925859053,0.1377532171614021,tvm
8,8,30,3,80,16,1,[8; 8; 30; 3; 80; 16; 1],0.024635538378788624,0.1855623571581697,tvm
20,2,20,20,128,16,1,[20; 2; 20; 20; 128; 16; 1],0.06821676550316624,0.06701327067781294,tvm
128,4,1500,15,256,16,1,[128; 4; 1500; 15; 256; 16; 1],0.02473081812786404,0.18484744612140327,tvm
80,16,375,15,128,16,1,[80; 16; 375; 15; 128; 16; 1],0.013784868875518441,0.33162655464552926,tvm
256,2,125,25,640,16,1,[256; 2; 125; 25; 640; 16; 1],0.09351159949437715,0.04888621942247338,tvm
40,4,60,3,80,80,5,[40; 4; 60; 3; 80; 80; 5],0.011153614497743547,0.40986072921503636,tvm
20,1,60,2,160,160,10,[20; 1; 60; 2; 160; 160; 10],0.014493883376417216,0.315403984750331,tvm
20,5,5,5,32,32,2,[20; 5; 5; 5; 32; 32; 2],0.016193027870031074,0.28230844830997004,tvm
160,160,500,25,16,16,1,[160; 160; 500; 25; 16; 16; 1],0.03352046925283503,0.13637722482187323,tvm
10,10,375,1,160,16,1,[10; 10; 375; 1; 160; 16; 1],0.029248193255625665,0.15629781065363046,tvm
160,10,100,5,1280,32,2,[160; 10; 100; 5; 1280; 32; 2],0.06586833749315701,0.06940251941083972,tvm
128,2,60,15,160,16,1,[128; 2; 60; 15; 160; 16; 1],0.016803138998511713,0.27205801081770925,tvm
10,10,750,5,64,32,2,[10; 10; 750; 5; 64; 32; 2],0.012707683505141176,0.3597373643732234,tvm
256,4,250,25,320,16,1,[256; 4; 250; 25; 320; 16; 1],0.027052684003137983,0.16898244074038302,tvm
2,2,15,3,128,16,1,[2; 2; 15; 3; 128; 16; 1],0.03316168001038022,0.13785274358831126,tvm
40,10,10,10,32,32,2,[40; 10; 10; 10; 32; 32; 2],0.017591492120118346,0.25986587949526463,tvm
8,2,4,1,1280,80,5,[8; 2; 4; 1; 1280; 80; 5],0.14347997098229825,0.031861092110149425,tvm
16,4,300,5,64,16,1,[16; 4; 300; 5; 64; 16; 1],0.019242299000325147,0.2375718499827555,tvm
20,5,750,3,320,32,2,[20; 5; 750; 3; 320; 32; 2],0.052682267007185146,0.08677357355948807,tvm
8,8,75,1,64,64,4,[8; 8; 75; 1; 64; 64; 4],0.014048014505533502,0.32541456798951124,tvm
64,16,20,2,64,64,4,[64; 16; 20; 2; 64; 64; 4],0.020588435749232303,0.2220386544713107,tvm
20,4,375,3,320,64,4,[20; 4; 375; 3; 320; 64; 4],0.022567497377167456,0.20256692600986806,tvm
320,20,60,20,160,16,1,[320; 20; 60; 20; 160; 16; 1],0.010974895874824142,0.4165350289942339,tvm
80,10,12,4,32,32,2,[80; 10; 12; 4; 32; 32; 2],0.018153001998143736,0.2518276906429047,tvm
64,1,750,15,320,16,1,[64; 1; 750; 15; 320; 16; 1],0.07099315951927565,0.0643925217920096,tvm
20,5,6,6,128,64,4,[20; 5; 6; 6; 128; 64; 4],0.016279137875244487,0.28081515166600407,tvm
8,4,12,2,128,32,2,[8; 4; 12; 2; 128; 32; 2],0.02995770249981433,0.1525961001667903,tvm
80,8,4,2,80,80,5,[80; 8; 4; 2; 80; 80; 5],0.028958857743418775,0.15785942290722707,tvm
40,5,750,30,128,16,1,[40; 5; 750; 30; 128; 16; 1],0.0484663352399366,0.0943217296871599,tvm
80,16,100,5,320,80,5,[80; 16; 100; 5; 320; 80; 5],0.024820455626468174,0.18417988131344643,tvm
16,2,100,5,128,64,4,[16; 2; 100; 5; 128; 64; 4],0.02594696324376855,0.1761835683228345,tvm
64,8,60,5,256,32,2,[64; 8; 60; 5; 256; 32; 2],0.0153079913725378,0.29863020302125426,tvm
128,2,150,10,256,32,2,[128; 2; 150; 10; 256; 32; 2],0.03187218950188253,0.14343001352820647,tvm
64,32,75,5,640,32,2,[64; 32; 75; 5; 640; 32; 2],0.030537993254256435,0.14969643006229294,tvm
40,4,300,4,128,64,4,[40; 4; 300; 4; 128; 64; 4],0.019617189129348844,0.23303178356930648,tvm
40,8,1500,6,64,32,2,[40; 8; 1500; 6; 64; 32; 2],0.012028077875584131,0.3800631005813608,tvm
64,8,20,4,320,80,5,[64; 8; 20; 4; 320; 80; 5],0.016783603248768486,0.27237468043484675,tvm
10,1,30,3,80,16,1,[10; 1; 30; 3; 80; 16; 1],0.015798571621417068,0.28935708119532727,tvm
128,1,10,10,16,16,1,[128; 1; 10; 10; 16; 16; 1],0.01766919500369113,0.25872308107265735,tvm
64,1,30,5,128,64,4,[64; 1; 30; 5; 128; 64; 4],0.0546293500228785,0.08368081570646695,tvm
320,8,150,25,640,16,1,[320; 8; 150; 25; 640; 16; 1],0.04381295274652075,0.10433965950381181,tvm
10,10,125,5,32,32,2,[10; 10; 125; 5; 32; 32; 2],0.022083180243498646,0.20700952131993824,tvm
128,16,750,6,160,32,2,[128; 16; 750; 6; 160; 32; 2],0.016096963379823137,0.28399322676963185,tvm
16,1,750,6,64,16,1,[16; 1; 750; 6; 64; 16; 1],0.05174318348872475,0.08834842124518144,tvm
80,1,300,10,16,16,1,[80; 1; 300; 10; 16; 16; 1],0.035580364245106466,0.1284817811289636,tvm
8,8,5,1,128,16,1,[8; 8; 5; 1; 128; 16; 1],0.019055784621741623,0.23989715785372692,tvm
64,2,500,4,80,80,5,[64; 2; 500; 4; 80; 80; 5],0.015898094374279026,0.28754569345270253,tvm
4,1,3,3,128,32,2,[4; 1; 3; 3; 128; 32; 2],0.05281168548390269,0.08656092926293689,tvm
2,1,150,2,160,80,5,[2; 1; 150; 2; 160; 80; 5],0.0671131445269566,0.06811524930995322,tvm
20,1,50,1,80,80,5,[20; 1; 50; 1; 80; 80; 5],0.07207841749186628,0.06342298749753263,tvm
2,1,100,20,1280,16,1,[2; 1; 100; 20; 1280; 16; 1],0.48288507194956765,0.009466908042885223,tvm
320,8,150,25,1280,16,1,[320; 8; 150; 25; 1280; 16; 1],0.10092234902549535,0.04529649394381141,tvm
80,10,500,4,256,32,2,[80; 10; 500; 4; 256; 32; 2],0.014628821380028967,0.3124946605520396,tvm
16,16,500,4,32,16,1,[16; 16; 500; 4; 32; 16; 1],0.011975245688518044,0.3817398565619152,tvm
64,32,100,10,80,16,1,[64; 32; 100; 10; 80; 16; 1],0.010001266440667678,0.45708497004339244,tvm
64,8,60,15,1280,16,1,[64; 8; 60; 15; 1280; 16; 1],0.09150265250355005,0.049959519711750576,tvm
2,1,500,1,1280,32,2,[2; 1; 500; 1; 1280; 32; 2],0.2502535289968364,0.018267189237065114,tvm
80,2,250,10,320,16,1,[80; 2; 250; 10; 320; 16; 1],0.039010757755022496,0.11718379325354214,tvm
10,10,1500,5,256,32,2,[10; 10; 1500; 5; 256; 32; 2],0.02516299624403473,0.18167266437963636,tvm
32,2,150,15,80,16,1,[32; 2; 150; 15; 80; 16; 1],0.01690223711921135,0.2704629297995479,tvm
128,16,6,6,32,32,2,[128; 16; 6; 6; 32; 32; 2],0.016276291498797946,0.280864260250327,tvm
20,2,1500,12,32,16,1,[20; 2; 1500; 12; 32; 16; 1],0.022467060123744886,0.20347248577472496,tvm
10,10,25,1,320,32,2,[10; 10; 25; 1; 320; 32; 2],0.03357254849106539,0.1361656703733754,tvm
320,80,300,30,256,16,1,[320; 80; 300; 30; 256; 16; 1],0.05434891799814068,0.08411259579417872,tvm
1,1,6,3,128,32,2,[1; 1; 6; 3; 128; 32; 2],0.1582014660234563,0.02889624657935074,tvm
20,5,12,1,640,32,2,[20; 5; 12; 1; 640; 32; 2],0.045473250502254814,0.10053005934119214,tvm
16,4,20,2,32,32,2,[16; 4; 20; 2; 32; 32; 2],0.013733582753047813,0.33286496711239183,tvm
160,32,12,6,160,32,2,[160; 32; 12; 6; 160; 32; 2],0.013320664125785697,0.34318323232693426,tvm
80,16,125,25,1280,16,1,[80; 16; 125; 25; 1280; 16; 1],0.1442520309938118,0.03169056643385964,tvm
4,2,6,1,640,16,1,[4; 2; 6; 1; 640; 16; 1],0.0599456345080398,0.07625957434507528,tvm
8,4,6,2,320,16,1,[8; 4; 6; 2; 320; 16; 1],0.026308685992262326,0.17376118947077324,tvm
160,20,300,10,32,16,1,[160; 20; 300; 10; 32; 16; 1],0.008639208313979907,0.5291490151975058,tvm
16,1,60,1,640,80,5,[16; 1; 60; 1; 640; 80; 5],0.1584735120413825,0.028846641388466394,tvm
8,2,750,1,80,80,5,[8; 2; 750; 1; 80; 80; 5],0.0501471710158512,0.09116024850102855,tvm
64,2,300,15,256,16,1,[64; 2; 300; 15; 256; 16; 1],0.04093514400301501,0.1116749111983549,tvm
32,16,1500,3,640,64,4,[32; 16; 1500; 3; 640; 64; 4],0.035029606995522045,0.1305018515341309,tvm
64,8,30,10,320,32,2,[64; 8; 30; 10; 320; 32; 2],0.018401698500383645,0.24842427297313152,tvm
16,4,500,20,256,16,1,[16; 4; 500; 20; 256; 16; 1],0.03187876100128051,0.14340044681300337,tvm
40,10,500,2,1280,64,4,[40; 10; 500; 2; 1280; 64; 4],0.07553425151854753,0.060521266571444764,tvm
10,2,150,6,256,32,2,[10; 2; 150; 6; 256; 32; 2],0.03238065449113492,0.1411777693585571,tvm
80,5,150,25,640,16,1,[80; 5; 150; 25; 640; 16; 1],0.056003210484050214,0.08162797332361009,tvm
64,64,15,15,16,16,1,[64; 64; 15; 15; 16; 16; 1],0.030116911744698882,0.15178942018293842,tvm
160,5,750,15,128,16,1,[160; 5; 750; 15; 128; 16; 1],0.03808383624709677,0.12003592657441552,tvm
4,1,1500,6,64,16,1,[4; 1; 1500; 6; 64; 16; 1],0.024881025252398103,0.1837315193025643,tvm
8,8,60,20,640,16,1,[8; 8; 60; 20; 640; 16; 1],0.14605112600838766,0.03130019395513621,tvm
256,8,250,10,16,16,1,[256; 8; 250; 10; 16; 16; 1],0.01050813262554584,0.4350371977905171,tvm
80,16,60,12,320,32,2,[80; 16; 60; 12; 320; 32; 2],0.014246006627217866,0.3208919307039053,tvm
10,1,60,6,320,64,4,[10; 1; 60; 6; 320; 64; 4],0.06853378601954319,0.06670328369316963,tvm
160,40,300,6,64,32,2,[160; 40; 300; 6; 64; 32; 2],0.01434559587505646,0.3186642514708773,tvm
20,5,500,2,320,64,4,[20; 5; 500; 2; 320; 64; 4],0.0383482885081321,0.11920815111368423,tvm
4,1,10,2,128,64,4,[4; 1; 10; 2; 128; 64; 4],0.019368877001397777,0.23601928862982965,tvm
8,1,150,2,16,16,1,[8; 1; 150; 2; 16; 16; 1],0.03384228324284777,0.13508038268649317,tvm
320,16,375,15,640,16,1,[320; 16; 375; 15; 640; 16; 1],0.033026384757249616,0.13841746848858769,tvm
16,1,100,5,80,16,1,[16; 1; 100; 5; 80; 16; 1],0.023833126128010917,0.1918098593896082,tvm
16,16,100,5,160,32,2,[16; 16; 100; 5; 160; 32; 2],0.009587115877366159,0.4768304284525314,tvm
1,1,500,4,256,32,2,[1; 1; 500; 4; 256; 32; 2],0.1269444760400802,0.0360112445537625,tvm
80,1,150,25,640,16,1,[80; 1; 150; 25; 640; 16; 1],0.09045539601356722,0.05053793110079262,tvm
16,1,60,15,256,16,1,[16; 1; 60; 15; 256; 16; 1],0.04622017274959944,0.09890548432595785,tvm
128,32,30,6,640,64,4,[128; 32; 30; 6; 640; 64; 4],0.052762529492611066,0.08664157339288975,tvm
160,10,30,15,80,16,1,[160; 10; 30; 15; 80; 16; 1],0.009366649876028532,0.488053747277128,tvm
5,5,20,5,256,32,2,[5; 5; 20; 5; 256; 32; 2],0.04727640576311387,0.09669577239721773,tvm
32,2,1500,5,32,32,2,[32; 2; 1500; 5; 32; 32; 2],0.01529424024920445,0.29889870284117975,tvm
40,40,300,5,320,80,5,[40; 40; 300; 5; 320; 80; 5],0.05694286900688894,0.08028096671552536,tvm
80,4,6,3,640,64,4,[80; 4; 6; 3; 640; 64; 4],0.045392554995487444,0.1007087742005936,tvm
8,4,10,5,256,16,1,[8; 4; 10; 5; 256; 16; 1],0.05163749598432332,0.08852924574066133,tvm
16,16,250,1,64,32,2,[16; 16; 250; 1; 64; 32; 2],0.025366808258695528,0.18021299821437034,tvm
10,2,750,25,32,16,1,[10; 2; 750; 25; 32; 16; 1],0.05667504950542934,0.08066033662644863,tvm
128,4,300,25,32,16,1,[128; 4; 300; 25; 32; 16; 1],0.023651555377000477,0.1932823655172367,tvm
10,5,60,2,16,16,1,[10; 5; 60; 2; 16; 16; 1],0.052146803005598485,0.08766459893884161,tvm
5,5,500,25,160,16,1,[5; 5; 500; 25; 160; 16; 1],0.019458606868283823,0.2349309281169395,tvm
20,10,300,1,160,160,10,[20; 10; 300; 1; 160; 160; 10],0.0132966813762323,0.343802219672644,tvm
32,8,300,15,320,16,1,[32; 8; 300; 15; 320; 16; 1],0.02218429125059629,0.20606601850783476,tvm
20,5,100,2,320,16,1,[20; 5; 100; 2; 320; 16; 1],0.05231043350067921,0.08739037827643342,tvm
20,1,25,5,256,64,4,[20; 1; 25; 5; 256; 64; 4],0.05511922651203349,0.08293709583226007,tvm
10,10,375,1,1280,32,2,[10; 10; 375; 1; 1280; 32; 2],0.10970406298292801,0.04167054935914243,tvm
40,10,20,10,640,32,2,[40; 10; 20; 10; 640; 32; 2],0.03393417174811475,0.13471460583629957,tvm
8,2,1500,1,128,128,8,[8; 2; 1500; 1; 128; 128; 8],0.019005911250133067,0.24052667147946225,tvm
320,10,30,10,320,16,1,[320; 10; 30; 10; 320; 16; 1],0.017684245874988846,0.2585028846434457,tvm
20,1,75,1,1280,16,1,[20; 1; 75; 1; 1280; 16; 1],0.1448476029909216,0.03156026387067716,tvm
20,5,12,3,320,64,4,[20; 5; 12; 3; 320; 64; 4],0.02057572537160013,0.22217581586398583,tvm
32,4,375,3,64,64,4,[32; 4; 375; 3; 64; 64; 4],0.013928692125773523,0.3282022841878774,tvm
8,8,300,1,256,64,4,[8; 8; 300; 1; 256; 64; 4],0.018832593494153116,0.24274025629278548,tvm
5,1,1,1,1280,80,5,[5; 1; 1; 1; 1280; 80; 5],0.11101262300508097,0.041179358235858825,tvm
160,32,750,30,320,16,1,[160; 32; 750; 30; 320; 16; 1],0.03656056475301739,0.1250371432255101,tvm
5,5,100,4,128,16,1,[5; 5; 100; 4; 128; 16; 1],0.029007047502091154,0.15759716913963795,tvm
256,2,150,10,16,16,1,[256; 2; 150; 10; 16; 16; 1],0.017992406123084947,0.2540754438375673,tvm
16,1,60,10,64,16,1,[16; 1; 60; 10; 64; 16; 1],0.024449611373711377,0.1869734656127846,tvm
80,1,30,5,1280,80,5,[80; 1; 30; 5; 1280; 80; 5],0.13655115995788947,0.033477771795115754,tvm
10,5,100,1,256,32,2,[10; 5; 100; 1; 256; 32; 2],0.021737766750447918,0.2102989062266194,tvm
10,1,6,3,640,32,2,[10; 1; 6; 3; 640; 32; 2],0.10284434299683198,0.04444997593663844,tvm
20,1,150,10,128,32,2,[20; 1; 150; 10; 128; 32; 2],0.029057155246846378,0.1573253999778494,tvm
16,16,125,1,256,128,8,[16; 16; 125; 1; 256; 128; 8],0.015786709620442707,0.28957450167505994,tvm
4,2,300,2,1280,80,5,[4; 2; 300; 2; 1280; 80; 5],0.21051251702010632,0.021715709052074792,tvm
10,5,150,15,320,16,1,[10; 5; 150; 15; 320; 16; 1],0.035981515247840434,0.12704936242791898,tvm
16,8,6,2,64,16,1,[16; 8; 6; 2; 64; 16; 1],0.017101077748520765,0.26731815612170984,tvm
80,4,500,5,1280,32,2,[80; 4; 500; 5; 1280; 32; 2],0.09592689349665307,0.04765533840192658,tvm
4,2,300,6,640,16,1,[4; 2; 300; 6; 640; 16; 1],0.1077527460292913,0.042425170029410514,tvm
256,2,30,15,320,16,1,[256; 2; 30; 15; 320; 16; 1],0.03148775524459779,0.145181151718107,tvm
8,4,50,5,640,80,5,[8; 4; 50; 5; 640; 80; 5],0.1170254610478878,0.039063538229154295,tvm
16,8,500,1,128,64,4,[16; 8; 500; 1; 128; 64; 4],0.018593946129840333,0.24585575001167473,tvm
20,5,750,3,64,16,1,[20; 5; 750; 3; 64; 16; 1],0.03120200874400325,0.1465107137471449,tvm
32,1,60,2,640,160,10,[32; 1; 60; 2; 640; 160; 10],0.06484369750251062,0.07049919649094,tvm
16,16,1500,1,1280,128,8,[16; 16; 1500; 1; 1280; 128; 8],0.07511384401004761,0.06086000033252291,tvm
20,5,10,10,256,32,2,[20; 5; 10; 10; 256; 32; 2],0.01812094737397274,0.25227315532048566,tvm
32,32,12,6,160,32,2,[32; 32; 12; 6; 160; 32; 2],0.015214286380796693,0.30046947040503846,tvm
16,2,10,1,256,128,8,[16; 2; 10; 1; 256; 128; 8],0.01531180312304059,0.2985558614288652,tvm
10,10,750,25,1280,16,1,[10; 10; 750; 25; 1280; 16; 1],0.1640207300079055,0.027871041490964202,tvm
80,5,100,4,64,64,4,[80; 5; 100; 4; 64; 64; 4],0.01204806893656496,0.3794324713361026,tvm
1,1,1500,5,128,16,1,[1; 1; 1500; 5; 128; 16; 1],0.12769645999651402,0.03579918011472962,tvm
40,1,500,1,1280,160,10,[40; 1; 500; 1; 1280; 160; 10],0.18100619298638776,0.025255647312422937,tvm
8,4,30,5,1280,64,4,[8; 4; 30; 5; 1280; 64; 4],0.10729390499182045,0.042606600736333294,tvm
128,16,300,25,128,16,1,[128; 16; 300; 25; 128; 16; 1],0.02190751800662838,0.20866939696434036,tvm
5,5,150,15,320,16,1,[5; 5; 150; 15; 320; 16; 1],0.05535358199267648,0.08258595752725437,tvm
20,4,300,3,1280,16,1,[20; 4; 300; 3; 1280; 16; 1],0.16538203501841053,0.02764162728388047,tvm
80,16,750,30,320,16,1,[80; 16; 750; 30; 320; 16; 1],0.030104108489467762,0.15185397611186308,tvm
8,1,30,15,80,16,1,[8; 1; 30; 15; 80; 16; 1],0.019921687875466887,0.22946994250713987,tvm
32,8,30,10,640,32,2,[32; 8; 30; 10; 640; 32; 2],0.03644092574540991,0.1254476519989174,tvm
20,20,5,5,64,16,1,[20; 20; 5; 5; 64; 16; 1],0.013519442502001766,0.3381373581604197,tvm
32,1,20,1,1280,160,10,[32; 1; 20; 1; 1280; 160; 10],0.1715969629585743,0.0266404981335956,tvm
10,5,60,3,1280,16,1,[10; 5; 60; 3; 1280; 16; 1],0.13287525798659772,0.03440391116222452,tvm
32,4,750,2,160,80,5,[32; 4; 750; 2; 160; 80; 5],0.012044711871567415,0.3795382255859374,tvm
16,4,5,1,32,16,1,[16; 4; 5; 1; 32; 16; 1],0.026965558499796316,0.16952842165175633,tvm
160,16,750,10,1280,32,2,[160; 16; 750; 10; 1280; 32; 2],0.05514788700384088,0.08289399322063212,tvm
40,40,500,2,256,128,8,[40; 40; 500; 2; 256; 128; 8],0.011670961874187924,0.3916925289199144,tvm
5,5,1500,5,80,80,5,[5; 5; 1500; 5; 80; 80; 5],0.028074805755750276,0.1628302831798668,tvm
20,10,60,3,1280,16,1,[20; 10; 60; 3; 1280; 16; 1],0.11352536402409896,0.04026790498075969,tvm
16,16,60,10,128,32,2,[16; 16; 60; 10; 128; 32; 2],0.012841201496485155,0.35599695033831885,tvm
64,64,25,25,16,16,1,[64; 64; 25; 25; 16; 16; 1],0.018061424998450093,0.2531045347651617,tvm
80,10,60,12,64,16,1,[80; 10; 60; 12; 64; 16; 1],0.017081552374293096,0.2676237189254736,tvm
8,2,6,2,1280,64,4,[8; 2; 6; 2; 1280; 64; 4],0.09016712900483981,0.050699502378335634,tvm
40,5,150,6,640,64,4,[40; 5; 150; 6; 640; 64; 4],0.04397803725441918,0.10394798987918014,tvm
160,2,150,25,128,16,1,[160; 2; 150; 25; 128; 16; 1],0.03573302050062921,0.12793288973004885,tvm
10,10,30,5,64,16,1,[10; 10; 30; 5; 64; 16; 1],0.02782355523959268,0.16430066294775544,tvm
128,128,750,30,1280,16,1,[128; 128; 750; 30; 1280; 16; 1],0.2660049179685302,0.01718550396113126,tvm
5,5,100,25,80,16,1,[5; 5; 100; 25; 80; 16; 1],0.02066351086978102,0.22123193876573874,tvm
40,10,375,25,32,16,1,[40; 10; 375; 25; 32; 16; 1],0.01004056081364979,0.4552961389580824,tvm
8,2,100,20,64,16,1,[8; 2; 100; 20; 64; 16; 1],0.10590547404717654,0.04316517736743417,tvm
10,10,10,5,128,32,2,[10; 10; 10; 5; 128; 32; 2],0.018118146748747677,0.2523121506201813,tvm
256,256,60,6,256,32,2,[256; 256; 60; 6; 256; 32; 2],0.08370771401678212,0.05461179564062722,tvm
16,1,250,10,64,16,1,[16; 1; 250; 10; 64; 16; 1],0.04697482974734157,0.09731655433380854,tvm
40,1,12,6,256,32,2,[40; 1; 12; 6; 256; 32; 2],0.059019903012085706,0.07745571134694113,tvm
20,5,25,5,256,64,4,[20; 5; 25; 5; 256; 64; 4],0.018009514002187643,0.2538340885197276,tvm
40,4,500,20,16,16,1,[40; 4; 500; 20; 16; 16; 1],0.01563879924651701,0.29231327158616066,tvm
16,1,300,10,320,32,2,[16; 1; 300; 10; 320; 32; 2],0.06702588949701749,0.06820392248031248,tvm
128,8,300,10,256,32,2,[128; 8; 300; 10; 256; 32; 2],0.02862405050836969,0.15970585889274766,tvm
16,4,150,1,1280,64,4,[16; 4; 150; 1; 1280; 64; 4],0.0876653645245824,0.05214634760512162,tvm
10,1,6,3,64,32,2,[10; 1; 6; 3; 64; 32; 2],0.02461773325194372,0.18569656778077365,tvm
128,8,1500,25,16,16,1,[128; 8; 1500; 25; 16; 16; 1],0.00965459074723185,0.4734979131807617,tvm
160,40,250,25,64,16,1,[160; 40; 250; 25; 64; 16; 1],0.040287412994075567,0.113470392653428,tvm
20,5,6,3,1280,16,1,[20; 5; 6; 3; 1280; 16; 1],0.09271528999670409,0.049306091493550634,tvm
128,64,75,15,16,16,1,[128; 64; 75; 15; 16; 16; 1],0.01589822400273988,0.28754334890744637,tvm
320,64,500,10,640,16,1,[320; 64; 500; 10; 640; 16; 1],0.06080784249934368,0.07517827279397248,tvm
40,2,500,4,320,80,5,[40; 2; 500; 4; 320; 80; 5],0.033359483248204924,0.13703535325819416,tvm
8,4,150,6,32,32,2,[8; 4; 150; 6; 32; 32; 2],0.028172159247333184,0.1622675965762656,tvm
80,10,60,30,80,16,1,[80; 10; 60; 30; 80; 16; 1],0.019998835123260505,0.22858474222388958,tvm
4,2,500,4,160,32,2,[4; 2; 500; 4; 160; 32; 2],0.03913848250522278,0.11680137498480028,tvm
16,2,750,5,1280,16,1,[16; 2; 750; 5; 1280; 16; 1],0.2034267209819518,0.022472114525378173,tvm
64,1,300,2,64,64,4,[64; 1; 300; 2; 64; 64; 4],0.011651959062874084,0.3923313278703692,tvm
2,1,1500,10,128,16,1,[2; 1; 1500; 10; 128; 16; 1],0.11539039900526404,0.03961706182522192,tvm
128,128,150,5,640,32,2,[128; 128; 150; 5; 640; 32; 2],0.052167085494147614,0.0876305150676171,tvm
8,1,5,5,80,16,1,[8; 1; 5; 5; 80; 16; 1],0.012820443749660626,0.3565733496197886,tvm
2,2,375,5,1280,64,4,[2; 2; 375; 5; 1280; 64; 4],0.23482111300108954,0.019467706770503898,tvm
20,2,25,5,320,32,2,[20; 2; 25; 5; 320; 32; 2],0.03619026699743699,0.12631651962535456,tvm
10,1,30,5,1280,32,2,[10; 1; 30; 5; 1280; 32; 2],0.15440068900352344,0.02960756587895959,tvm
80,2,1500,6,1280,32,2,[80; 2; 1500; 6; 1280; 32; 2],0.12455652799690142,0.0367016377619509,tvm
5,1,150,1,64,32,2,[5; 1; 150; 1; 64; 32; 2],0.015714137130999006,0.2909118415678449,tvm
20,2,150,3,128,32,2,[20; 2; 150; 3; 128; 32; 2],0.031249601001036353,0.1462875820807109,tvm
160,8,15,15,64,16,1,[160; 8; 15; 15; 64; 16; 1],0.017244119750102982,0.26510072057469164,tvm
80,10,1500,3,256,64,4,[80; 10; 1500; 3; 256; 64; 4],0.012215693437610753,0.37422587549173875,tvm
2,1,375,5,128,32,2,[2; 1; 375; 5; 128; 32; 2],0.07551831199089065,0.06053404069704309,tvm
80,10,25,5,1280,80,5,[80; 10; 25; 5; 1280; 80; 5],0.07831956300651655,0.058368923369097554,tvm
32,2,6,3,160,80,5,[32; 2; 6; 3; 160; 80; 5],0.01678396212082589,0.27236885656195853,tvm
5,1,60,3,640,80,5,[5; 1; 60; 3; 640; 80; 5],0.12882924498990178,0.03548440085779359,tvm
40,5,1500,5,320,32,2,[40; 5; 1500; 5; 320; 32; 2],0.02252925725042587,0.20291075380845758,tvm
4,1,500,10,640,16,1,[4; 1; 500; 10; 640; 16; 1],0.12268858699826524,0.03726042236914188,tvm
32,2,20,10,256,32,2,[32; 2; 20; 10; 256; 32; 2],0.03200371374259703,0.1428405655729881,tvm
5,5,150,2,80,16,1,[5; 5; 150; 2; 80; 16; 1],0.019439578500168864,0.2351608894909353,tvm
20,4,12,3,256,16,1,[20; 4; 12; 3; 256; 16; 1],0.06021949800197035,0.07591276452153416,tvm
1,1,1,1,640,80,5,[1; 1; 1; 1; 640; 80; 5],0.22926048299996182,0.019939888949066432,tvm
320,16,30,15,160,16,1,[320; 16; 30; 15; 160; 16; 1],0.008036949500819901,0.5688014551991661,tvm
32,2,30,15,320,16,1,[32; 2; 30; 15; 320; 16; 1],0.06445404200349003,0.07092539783899107,tvm
5,1,30,2,640,16,1,[5; 1; 30; 2; 640; 16; 1],0.06729872699361295,0.06792741520745894,tvm
8,4,500,4,64,32,2,[8; 4; 500; 4; 64; 32; 2],0.014999750375864096,0.3047669765747834,tvm
8,1,1500,10,320,16,1,[8; 1; 1500; 10; 320; 16; 1],0.054420055501395836,0.0840026444168422,tvm
16,16,1500,3,16,16,1,[16; 16; 1500; 3; 16; 16; 1],0.06221446598647162,0.07347854713440147,tvm
20,5,3,3,1280,64,4,[20; 5; 3; 3; 1280; 64; 4],0.07107943700975738,0.0643143609986814,tvm
1,1,50,25,1280,16,1,[1; 1; 50; 25; 1280; 16; 1],0.6950886339764111,0.006576756327141598,tvm
160,1,30,15,128,16,1,[160; 1; 30; 15; 128; 16; 1],0.03238641099596862,0.14115267579348673,tvm
8,1,250,5,128,16,1,[8; 1; 250; 5; 128; 16; 1],0.0722398835059721,0.06328122845118721,tvm
40,4,125,1,128,128,8,[40; 4; 125; 1; 128; 128; 8],0.02270230612339219,0.20136406172050625,tvm
16,16,3,3,32,32,2,[16; 16; 3; 3; 32; 32; 2],0.014559823626768775,0.31397554590042087,tvm
80,16,30,6,320,32,2,[80; 16; 30; 6; 320; 32; 2],0.015411693246278446,0.296620786462413,tvm
20,10,150,10,640,16,1,[20; 10; 150; 10; 640; 16; 1],0.04853497850126587,0.09418832999605309,tvm
40,2,4,1,640,160,10,[40; 2; 4; 1; 640; 160; 10],0.08859999000560492,0.05159626509144503,tvm
32,1,150,2,320,160,10,[32; 1; 150; 2; 320; 160; 10],0.03317357999912929,0.13780329320949258,tvm
10,10,300,4,256,16,1,[10; 10; 300; 4; 256; 16; 1],0.02421580150257796,0.18877874312530632,tvm
128,4,300,4,128,32,2,[128; 4; 300; 4; 128; 32; 2],0.020407063377206214,0.22401207302245432,tvm
80,20,30,30,1280,16,1,[80; 20; 30; 30; 1280; 16; 1],0.17371796700172126,0.02631523181124539,tvm
80,40,50,5,160,80,5,[80; 40; 50; 5; 160; 80; 5],0.014292736872448586,0.319842771347781,tvm
160,1,30,10,80,16,1,[160; 1; 30; 10; 80; 16; 1],0.019476918496366125,0.23471005294197225,tvm
80,8,750,5,640,32,2,[80; 8; 750; 5; 640; 32; 2],0.07473588251741603,0.061167787379285604,tvm
32,1,60,30,320,16,1,[32; 1; 60; 30; 320; 16; 1],0.08410857102717273,0.054351518704933086,tvm
40,4,50,25,64,16,1,[40; 4; 50; 25; 64; 16; 1],0.03237027350405697,0.14122304437296876,tvm
1,1,750,5,320,32,2,[1; 1; 750; 5; 320; 32; 2],0.12635933398269117,0.03617800464233826,tvm
64,4,150,6,320,32,2,[64; 4; 150; 6; 320; 32; 2],0.07218926600762643,0.06332559983288406,tvm
32,4,750,15,128,16,1,[32; 4; 750; 15; 128; 16; 1],0.021646293622325175,0.21118758948708763,tvm
16,2,50,5,64,32,2,[16; 2; 50; 5; 64; 32; 2],0.021742161254223902,0.21025640082309985,tvm
16,8,20,1,320,16,1,[16; 8; 20; 1; 320; 16; 1],0.05471874450449832,0.08354410564103429,tvm
10,5,750,2,128,32,2,[10; 5; 750; 2; 128; 32; 2],0.017435773625038564,0.262186735715804,tvm
16,16,12,2,160,32,2,[16; 16; 12; 2; 160; 32; 2],0.00957671243668301,0.47734842219110546,tvm
10,5,375,5,640,80,5,[10; 5; 375; 5; 640; 80; 5],0.055919736507348716,0.08174982317428867,tvm
40,10,300,20,64,16,1,[40; 10; 300; 20; 64; 16; 1],0.019426839127845597,0.23531509893835906,tvm
16,16,2,2,80,16,1,[16; 16; 2; 2; 80; 16; 1],0.022731641627615318,0.2011041985579702,tvm
64,1,60,30,320,16,1,[64; 1; 60; 30; 320; 16; 1],0.042074214754393324,0.10865154817776439,tvm
160,10,12,4,256,32,2,[160; 10; 12; 4; 256; 32; 2],0.01419642737164395,0.3220126058306456,tvm
128,64,60,2,128,64,4,[128; 64; 60; 2; 128; 64; 4],0.02559741825098172,0.1785894392397658,tvm
5,1,12,1,160,160,10,[5; 1; 12; 1; 160; 160; 10],0.0301505677489331,0.1516199830628508,tvm
8,1,100,20,16,16,1,[8; 1; 100; 20; 16; 16; 1],0.021362748499086592,0.21399065628769784,tvm
320,32,375,15,256,16,1,[320; 32; 375; 15; 256; 16; 1],0.10485877300379798,0.043596052485403346,tvm
10,10,3,1,128,16,1,[10; 10; 3; 1; 128; 16; 1],0.03223127576347906,0.14183207034604606,tvm
5,1,30,5,320,16,1,[5; 1; 30; 5; 320; 16; 1],0.11394974699942395,0.04011793524606669,tvm
8,2,6,3,256,16,1,[8; 2; 6; 3; 256; 16; 1],0.020252488247933798,0.22572182318856346,tvm
128,8,5,5,320,64,4,[128; 8; 5; 5; 320; 64; 4],0.034638628756511025,0.13197487127920096,tvm
2,1,30,3,1280,32,2,[2; 1; 30; 3; 1280; 32; 2],0.25205552601255476,0.018136593328252883,tvm
64,64,1500,5,320,32,2,[64; 64; 1500; 5; 320; 32; 2],0.01943334050156409,0.2352363748816443,tvm
10,5,20,1,32,32,2,[10; 5; 20; 1; 32; 32; 2],0.013112552871461958,0.3486299438591998,tvm
2,2,20,4,320,64,4,[2; 2; 20; 4; 320; 64; 4],0.10010513302404433,0.0456662753780124,tvm
80,40,60,5,640,64,4,[80; 40; 60; 5; 640; 64; 4],0.028498433748609386,0.16040981801856533,tvm
128,32,12,6,64,64,4,[128; 32; 12; 6; 64; 64; 4],0.01615291524649365,0.2830095064369822,tvm
10,1,500,5,256,64,4,[10; 1; 500; 5; 256; 64; 4],0.030639575750683434,0.14920012628851767,tvm
32,8,300,25,32,16,1,[32; 8; 300; 25; 32; 16; 1],0.010591489437501878,0.43161338151764184,tvm
20,1,15,3,160,32,2,[20; 1; 15; 3; 160; 32; 2],0.04478970475611277,0.10206427116054335,tvm
4,4,50,5,640,16,1,[4; 4; 50; 5; 640; 16; 1],0.09030007850378752,0.05062485711168933,tvm
16,1,3,3,64,64,4,[16; 1; 3; 3; 64; 64; 4],0.01647142462024931,0.27753692694004384,tvm
2,2,3,1,64,16,1,[2; 2; 3; 1; 64; 16; 1],0.035794195253401995,0.12771424358238892,tvm
5,5,375,1,32,32,2,[5; 5; 375; 1; 32; 32; 2],0.01453429974935716,0.31452692253926867,tvm
40,20,20,10,640,32,2,[40; 20; 20; 10; 640; 32; 2],0.02947910725197289,0.15507350790355529,tvm
32,32,150,1,1280,128,8,[32; 32; 150; 1; 1280; 128; 8],0.06563451900728978,0.06964976114048829,tvm
40,1,3,3,1280,80,5,[40; 1; 3; 3; 1280; 80; 5],0.11910736002027988,0.03838073961718415,tvm
20,20,1500,4,64,32,2,[20; 20; 1500; 4; 64; 32; 2],0.013665799255250022,0.3345160049583163,tvm
20,20,375,1,1280,32,2,[20; 20; 375; 1; 1280; 32; 2],0.10625665698898956,0.0430225145508038,tvm
320,20,750,25,16,16,1,[320; 20; 750; 25; 16; 16; 1],0.012467027248931117,0.36668152560751893,tvm
80,1,750,5,640,32,2,[80; 1; 750; 5; 640; 32; 2],0.0745482960192021,0.061321704392157624,tvm
10,5,300,15,640,16,1,[10; 5; 300; 15; 640; 16; 1],0.07697744201868773,0.059386600172018855,tvm
20,4,500,1,160,160,10,[20; 4; 500; 1; 160; 160; 10],0.012092766002751887,0.378030019797644,tvm
20,4,4,2,640,16,1,[20; 4; 4; 2; 640; 16; 1],0.051568833499914035,0.08864711999809327,tvm
1,1,25,5,64,32,2,[1; 1; 25; 5; 64; 32; 2],0.050365575996693224,0.09076494174768718,tvm
4,1,1500,6,32,32,2,[4; 1; 1500; 6; 32; 32; 2],0.020811826005228795,0.21965533299577072,tvm
128,4,1500,3,640,64,4,[128; 4; 1500; 3; 640; 64; 4],0.029751894253422506,0.15365168121699338,tvm
8,8,1500,1,128,128,8,[8; 8; 1500; 1; 128; 128; 8],0.038858558764331974,0.11764277206350374,tvm
8,2,250,1,160,32,2,[8; 2; 250; 1; 160; 32; 2],0.022676386499369983,0.20159422540957217,tvm
16,16,4,1,640,64,4,[16; 16; 4; 1; 640; 64; 4],0.047467826239881106,0.09630583352030114,tvm
20,2,250,1,320,16,1,[20; 2; 250; 1; 320; 16; 1],0.03497525975399185,0.1307046353217382,tvm
2,1,60,12,256,16,1,[2; 1; 60; 12; 256; 16; 1],0.07474448252469301,0.061160749489680775,tvm
5,1,150,5,160,16,1,[5; 1; 150; 5; 160; 16; 1],0.02003847587184282,0.22813254863620347,tvm
2,1,20,1,1280,160,10,[2; 1; 20; 1; 1280; 160; 10],0.25548099901061505,0.017893419037548982,tvm
40,40,150,10,1280,16,1,[40; 40; 150; 10; 1280; 16; 1],0.11675351299345493,0.039154526953590174,tvm
80,8,1500,2,128,64,4,[80; 8; 1500; 2; 128; 64; 4],0.014806904750003014,0.30873627193608044,tvm
8,4,6,3,640,16,1,[8; 4; 6; 3; 640; 16; 1],0.05101345700677484,0.08961220900636989,tvm
32,2,30,6,160,32,2,[32; 2; 30; 6; 160; 32; 2],0.017384174250764772,0.2629649533815196,tvm
16,4,5,1,128,128,8,[16; 4; 5; 1; 128; 128; 8],0.015883403124462347,0.28781165696084504,tvm
8,4,3,1,1280,64,4,[8; 4; 3; 1; 1280; 64; 4],0.10369951603934169,0.04408341278752213,tvm
256,16,12,12,16,16,1,[256; 16; 12; 12; 16; 16; 1],0.009683628311904613,0.47207807075873254,tvm
20,2,300,2,16,16,1,[20; 2; 300; 2; 16; 16; 1],0.03265514275699388,0.1399910759982665,tvm
16,1,25,1,256,128,8,[16; 1; 25; 1; 256; 128; 8],0.017654902250797022,0.2589325336662341,tvm
16,8,125,25,640,16,1,[16; 8; 125; 25; 640; 16; 1],0.05621664898353629,0.08131805531075623,tvm
20,1,75,5,160,16,1,[20; 1; 75; 5; 160; 16; 1],0.05019023400382139,0.09108203343065728,tvm
20,10,150,2,320,16,1,[20; 10; 150; 2; 320; 16; 1],0.059276054496876895,0.07712099953733305,tvm
160,4,50,25,1280,16,1,[160; 4; 50; 25; 1280; 16; 1],0.16041718400083482,0.02849712516711914,tvm
10,1,300,2,256,16,1,[10; 1; 300; 2; 256; 16; 1],0.024604502505098935,0.1857964236619378,tvm
16,16,5,5,320,80,5,[16; 16; 5; 5; 320; 80; 5],0.05728208948858082,0.07980554850988607,tvm
40,8,150,1,160,160,10,[40; 8; 150; 1; 160; 160; 10],0.01470120112207951,0.3109561275617686,tvm
128,4,60,6,640,64,4,[128; 4; 60; 6; 640; 64; 4],0.04763126350007951,0.09597537909992541,tvm
256,4,250,10,256,16,1,[256; 4; 250; 10; 256; 16; 1],0.03644537950458471,0.12543232183529607,tvm
256,4,100,5,256,32,2,[256; 4; 100; 5; 256; 32; 2],0.025383667496498674,0.1800933049591489,tvm
20,5,20,10,640,32,2,[20; 5; 20; 10; 640; 32; 2],0.08903714502230287,0.05134293749292475,tvm
16,4,20,10,160,32,2,[16; 4; 20; 10; 160; 32; 2],0.011862611689139158,0.38536442827458933,tvm
8,8,100,4,320,64,4,[8; 8; 100; 4; 320; 64; 4],0.025492828994174488,0.1793221369222386,tvm
2,2,125,5,128,16,1,[2; 2; 125; 5; 128; 16; 1],0.04961495124734938,0.09213812482931331,tvm
40,20,5,1,640,128,8,[40; 20; 5; 1; 640; 128; 8],0.05839947349159047,0.07827859222201478,tvm
32,16,1500,12,128,32,2,[32; 16; 1500; 12; 128; 32; 2],0.012264418561244383,0.3727391191519104,tvm
10,2,2,1,640,80,5,[10; 2; 2; 1; 640; 80; 5],0.16061821999028325,0.0284614570607564,tvm
8,8,300,3,1280,64,4,[8; 8; 300; 3; 1280; 64; 4],0.10376069700578228,0.044057419652585986,tvm
2,1,10,2,256,32,2,[2; 1; 10; 2; 256; 32; 2],0.04614298575324938,0.09907093129764913,tvm
16,8,12,2,64,64,4,[16; 8; 12; 2; 64; 64; 4],0.01133925981412176,0.4031505271389387,tvm
80,8,150,25,64,16,1,[80; 8; 150; 25; 64; 16; 1],0.01241523512362619,0.36821119583383033,tvm
64,16,150,10,320,32,2,[64; 16; 150; 10; 320; 32; 2],0.027390850009396672,0.166896192336503,tvm
40,1,500,4,640,64,4,[40; 1; 500; 4; 640; 64; 4],0.06729722651652992,0.06792892973539871,tvm
8,8,15,1,160,32,2,[8; 8; 15; 1; 160; 32; 2],0.02090154950565193,0.21871242465504412,tvm
8,1,1500,10,80,16,1,[8; 1; 1500; 10; 80; 16; 1],0.022550621251866687,0.20271852027358936,tvm
8,1,2,2,640,80,5,[8; 1; 2; 2; 640; 80; 5],0.07042238250141963,0.06491442647991094,tvm
10,1,100,5,640,64,4,[10; 1; 100; 5; 640; 64; 4],0.14280284399865195,0.032012167569097756,tvm
4,1,300,30,640,16,1,[4; 1; 300; 30; 640; 16; 1],0.17468804004602134,0.02616909875584061,tvm
20,20,500,25,64,16,1,[20; 20; 500; 25; 64; 16; 1],0.01872986437228974,0.2440716323708067,tvm
16,4,15,3,1280,80,5,[16; 4; 15; 3; 1280; 80; 5],0.09063525148667395,0.05043764425479314,tvm
64,8,300,25,32,16,1,[64; 8; 300; 25; 32; 16; 1],0.009686669436632656,0.47192986209899224,tvm
8,1,750,1,256,64,4,[8; 1; 750; 1; 256; 64; 4],0.040142530255252495,0.1138799308952484,tvm
16,2,60,4,320,16,1,[16; 2; 60; 4; 320; 16; 1],0.0478801832505269,0.09547642179039208,tvm
64,16,300,2,80,80,5,[64; 16; 300; 2; 80; 80; 5],0.008984963937109569,0.5087865241782132,tvm
20,1,125,25,1280,16,1,[20; 1; 125; 25; 1280; 16; 1],0.25505877198884264,0.01792303999498808,tvm
2,2,25,1,1280,32,2,[2; 2; 25; 1; 1280; 32; 2],0.24682873795973137,0.018520649618094197,tvm
40,40,4,2,1280,160,10,[40; 40; 4; 2; 1280; 160; 10],0.2349190050153993,0.019459594472268887,tvm
10,2,1500,2,1280,16,1,[10; 2; 1500; 2; 1280; 16; 1],0.2031518230214715,0.022502523006871607,tvm
80,40,1500,30,1280,16,1,[80; 40; 1500; 30; 1280; 16; 1],0.243325556977652,0.018787293156585397,tvm
5,5,250,1,64,64,4,[5; 5; 250; 1; 64; 64; 4],0.016284704121062532,0.28071916673732594,tvm
256,4,15,15,16,16,1,[256; 4; 15; 15; 16; 16; 1],0.013611579248390626,0.33584850721631565,tvm
20,2,300,20,1280,16,1,[20; 2; 300; 20; 1280; 16; 1],0.23870984598761424,0.01915056562713281,tvm
64,8,6,1,640,128,8,[64; 8; 6; 1; 640; 128; 8],0.05516928050201386,0.08286184865618647,tvm
256,8,300,6,640,32,2,[256; 8; 300; 6; 640; 32; 2],0.035229108252679,0.1297628239307175,tvm
32,16,375,15,64,16,1,[32; 16; 375; 15; 64; 16; 1],0.01151431143807713,0.3970214455300501,tvm
256,256,60,15,1280,16,1,[256; 256; 60; 15; 1280; 16; 1],0.21324258600361645,0.021437690552819706,tvm
80,2,250,5,1280,32,2,[80; 2; 250; 5; 1280; 32; 2],0.15179800597252324,0.03011520831344807,tvm
20,1,75,5,640,80,5,[20; 1; 75; 5; 640; 80; 5],0.06496144051197916,0.07037141626478528,tvm
64,2,20,5,640,64,4,[64; 2; 20; 5; 640; 64; 4],0.06339286951697432,0.07211266198013815,tvm
4,1,1500,12,320,16,1,[4; 1; 1500; 12; 320; 16; 1],0.07593706451007165,0.0602002276611872,tvm
20,2,6,1,640,32,2,[20; 2; 6; 1; 640; 32; 2],0.049768097247579135,0.09185459811106078,tvm
32,32,300,1,320,160,10,[32; 32; 300; 1; 320; 160; 10],0.015969326748745516,0.2862630744146859,tvm
160,80,60,10,64,16,1,[160; 80; 60; 10; 64; 16; 1],0.018667391246708576,0.24488845340050414,tvm
8,1,300,3,640,32,2,[8; 1; 300; 3; 640; 32; 2],0.11191087402403355,0.04084883270991905,tvm
64,4,1500,6,32,32,2,[64; 4; 1500; 6; 32; 32; 2],0.011596433563681785,0.3942098703299237,tvm
20,2,500,5,640,64,4,[20; 2; 500; 5; 640; 64; 4],0.06708563701249659,0.06814317900234017,tvm
4,2,750,2,64,64,4,[4; 2; 750; 2; 64; 64; 4],0.0308527269953629,0.14816935216506624,tvm
20,4,300,5,320,80,5,[20; 4; 300; 5; 320; 80; 5],0.02518274649628438,0.1815301826630812,tvm
16,16,15,3,80,80,5,[16; 16; 15; 3; 80; 80; 5],0.01722641162632499,0.26537323446065947,tvm
64,16,50,10,32,32,2,[64; 16; 50; 10; 32; 32; 2],0.014913205748598557,0.3065356066624484,tvm
5,1,125,1,1280,80,5,[5; 1; 125; 1; 1280; 80; 5],0.1580743319937028,0.02891948688804634,tvm
2,2,300,3,320,32,2,[2; 2; 300; 3; 320; 32; 2],0.06694411748321727,0.06828723334166917,tvm
5,1,12,12,128,32,2,[5; 1; 12; 12; 128; 32; 2],0.027517659749719314,0.16612708395288597,tvm
2,2,15,1,1280,64,4,[2; 2; 15; 1; 1280; 64; 4],0.2444458759855479,0.018701189181440078,tvm
64,4,60,3,128,64,4,[64; 4; 60; 3; 128; 64; 4],0.018681011875742115,0.2447099012535138,tvm
16,2,60,5,320,64,4,[16; 2; 60; 5; 320; 64; 4],0.03311886826122645,0.13803094161827145,tvm
8,8,1500,2,80,16,1,[8; 8; 1500; 2; 80; 16; 1],0.035684416245203465,0.12810714178470112,tvm
1,1,5,5,80,16,1,[1; 1; 5; 5; 80; 16; 1],0.08555719998548739,0.05343125502241774,tvm
20,5,500,5,1280,32,2,[20; 5; 500; 5; 1280; 32; 2],0.09886435099178925,0.04623940303626969,tvm
320,4,125,25,16,16,1,[320; 4; 125; 25; 16; 16; 1],0.011543086060555652,0.3960317498671162,tvm
20,5,30,2,320,80,5,[20; 5; 30; 2; 320; 80; 5],0.04368663948844187,0.10464134172274867,tvm
20,20,5,5,32,32,2,[20; 20; 5; 5; 32; 32; 2],0.008344723937625531,0.5478226248823469,tvm
20,5,50,5,64,64,4,[20; 5; 50; 5; 64; 64; 4],0.019303462620882783,0.2368190962010686,tvm
20,20,1500,2,1280,80,5,[20; 20; 1500; 2; 1280; 80; 5],0.08990247099427506,0.050848753330925436,tvm
8,4,300,12,1280,32,2,[8; 4; 300; 12; 1280; 32; 2],0.1438278830028139,0.031784021818211244,tvm
8,2,6,3,320,64,4,[8; 2; 6; 3; 320; 64; 4],0.03586416275356896,0.12746508549049157,tvm
40,4,25,5,64,32,2,[40; 4; 25; 5; 64; 32; 2],0.015080692748597357,0.3031312054185148,tvm
160,1,150,25,160,16,1,[160; 1; 150; 25; 160; 16; 1],0.01685486912901979,0.27122302382981645,tvm
80,16,10,10,320,16,1,[80; 16; 10; 10; 320; 16; 1],0.016476496879477054,0.27745148770808764,tvm
160,16,1500,12,80,16,1,[160; 16; 1500; 12; 80; 16; 1],0.01794492687622551,0.25474768456621955,tvm
32,32,375,25,32,16,1,[32; 32; 375; 25; 32; 16; 1],0.030416928755585104,0.15029224706288513,tvm
20,1,20,5,64,64,4,[20; 1; 20; 5; 64; 64; 4],0.040175384492613375,0.11378680326678821,tvm
2,2,750,1,160,16,1,[2; 2; 750; 1; 160; 16; 1],0.08189008251065388,0.05582395854630907,tvm
20,2,10,1,32,32,2,[20; 2; 10; 1; 32; 32; 2],0.02686948650807608,0.17013457142378033,tvm
10,2,75,3,320,32,2,[10; 2; 75; 3; 320; 32; 2],0.03927713849407155,0.11638904326287869,tvm
8,1,250,2,640,128,8,[8; 1; 250; 2; 640; 128; 8],0.054581019008765,0.08375491433559458,tvm
8,8,10,1,1280,16,1,[8; 8; 10; 1; 1280; 16; 1],0.07998221600428224,0.057155562821412924,tvm
8,1,250,1,640,64,4,[8; 1; 250; 1; 640; 64; 4],0.048470373745658435,0.09431387088980393,tvm
8,4,12,4,32,16,1,[8; 4; 12; 4; 32; 16; 1],0.01644561737339245,0.2779724511178727,tvm
16,8,375,5,160,16,1,[16; 8; 375; 5; 160; 16; 1],0.014050315498025157,0.3253612754867397,tvm
16,2,1500,3,64,64,4,[16; 2; 1500; 3; 64; 64; 4],0.025236227505956776,0.18114548104900102,tvm
320,20,750,30,320,16,1,[320; 20; 750; 30; 320; 16; 1],0.03387781701167114,0.13493869955828863,tvm
16,4,60,12,128,16,1,[16; 4; 60; 12; 128; 16; 1],0.0239932647527894,0.1905296598245184,tvm
20,1,500,2,320,80,5,[20; 1; 500; 2; 320; 80; 5],0.06409717598580755,0.07132028051346258,tvm
20,2,375,3,1280,32,2,[20; 2; 375; 3; 1280; 32; 2],0.1596541809849441,0.028633315727946217,tvm
16,2,150,1,160,32,2,[16; 2; 150; 1; 160; 32; 2],0.010405340188299306,0.43933485005796297,tvm
80,80,300,3,128,64,4,[80; 80; 300; 3; 128; 64; 4],0.011043419563065981,0.41395045667896435,tvm
80,16,50,2,320,64,4,[80; 16; 50; 2; 320; 64; 4],0.03511753749626223,0.13017508906810837,tvm
20,10,100,2,640,128,8,[20; 10; 100; 2; 640; 128; 8],0.03280301050108392,0.13936003133851135,tvm
256,4,500,5,128,32,2,[256; 4; 500; 5; 128; 32; 2],0.021123636499396525,0.21641295387558726,tvm
2,2,12,6,256,16,1,[2; 2; 12; 6; 256; 16; 1],0.04833102723932825,0.09458579369297324,tvm
64,4,125,25,128,16,1,[64; 4; 125; 25; 128; 16; 1],0.02389590349775972,0.19130595216276927,tvm
32,32,300,6,256,32,2,[32; 32; 300; 6; 256; 32; 2],0.01150879906344926,0.39721160706914677,tvm
4,4,1500,4,320,64,4,[4; 4; 1500; 4; 320; 64; 4],0.12904629699187353,0.035424717159582265,tvm
20,4,250,2,256,64,4,[20; 4; 250; 2; 256; 64; 4],0.02856757049448788,0.1600216081486744,tvm
32,32,1500,10,1280,16,1,[32; 32; 1500; 10; 1280; 16; 1],0.1102195160347037,0.04147567269293046,tvm
16,2,75,3,256,64,4,[16; 2; 75; 3; 256; 64; 4],0.027582241251366213,0.16573811133647953,tvm
256,1,750,10,256,32,2,[256; 1; 750; 10; 256; 32; 2],0.03349337974213995,0.136487526986624,tvm
16,16,25,5,1280,64,4,[16; 16; 25; 5; 1280; 64; 4],0.07107656099833548,0.06431696338734831,tvm
1,1,1500,15,64,16,1,[1; 1; 1500; 15; 64; 16; 1],0.08288247900782153,0.05515554826729026,tvm
1,1,6,1,1280,160,10,[1; 1; 6; 1; 1280; 160; 10],0.48265523300506175,0.009471416155516188,tvm
8,4,1500,1,320,16,1,[8; 4; 1500; 1; 320; 16; 1],0.037262206999002956,0.12268271097175999,tvm
64,8,20,5,32,32,2,[64; 8; 20; 5; 32; 32; 2],0.008936958936828887,0.5115194781291742,tvm
4,1,150,2,64,64,4,[4; 1; 150; 2; 64; 64; 4],0.01583828187722247,0.2886315957037541,tvm
80,40,1500,10,32,16,1,[80; 40; 1500; 10; 32; 16; 1],0.025727807253133506,0.1776843446645379,tvm
80,20,15,5,160,32,2,[80; 20; 15; 5; 160; 32; 2],0.015570383751764894,0.29359768161850236,tvm
8,1,1500,5,64,32,2,[8; 1; 1500; 5; 64; 32; 2],0.02079924099962227,0.21978823994162058,tvm
10,2,300,30,320,16,1,[10; 2; 300; 30; 320; 16; 1],0.05322761498973705,0.08588452765185892,tvm
2,1,50,2,640,32,2,[2; 1; 50; 2; 640; 32; 2],0.12630705500487238,0.03619297885816612,tvm
40,8,150,1,1280,160,10,[40; 8; 150; 1; 1280; 160; 10],0.12282172602135688,0.03722003198875147,tvm
16,8,15,1,160,16,1,[16; 8; 15; 1; 160; 16; 1],0.013373794878134504,0.34181985091625955,tvm
80,40,300,6,160,32,2,[80; 40; 300; 6; 160; 32; 2],0.007752334626275115,0.5896841134713863,tvm
80,40,750,10,64,16,1,[80; 40; 750; 10; 64; 16; 1],0.0257121807517251,0.1777923317967443,tvm
80,1,6,6,32,32,2,[80; 1; 6; 6; 32; 32; 2],0.029699343504034914,0.15392355628357587,tvm
8,8,20,2,320,160,10,[8; 8; 20; 2; 320; 160; 10],0.025505402009002864,0.17923373918258395,tvm
64,2,250,10,32,32,2,[64; 2; 250; 10; 32; 32; 2],0.031803612248040736,0.14373928771912364,tvm
40,1,300,12,64,32,2,[40; 1; 300; 12; 64; 32; 2],0.01942633387807291,0.2353212191307224,tvm
20,20,60,5,320,64,4,[20; 20; 60; 5; 320; 64; 4],0.01677636062959209,0.27249226887534567,tvm
40,1,375,3,80,80,5,[40; 1; 375; 3; 80; 80; 5],0.015355836752860341,0.29769973756572066,tvm
20,1,150,2,16,16,1,[20; 1; 150; 2; 16; 16; 1],0.05302323150681332,0.08621557837041972,tvm
10,5,60,3,320,16,1,[10; 5; 60; 3; 320; 16; 1],0.031740653997985646,0.14402439759806737,tvm
128,2,500,4,128,64,4,[128; 2; 500; 4; 128; 64; 4],0.05267608049325645,0.08678376463514217,tvm
1,1,125,5,1280,80,5,[1; 1; 125; 5; 1280; 80; 5],0.5477329230052419,0.008346090547828585,tvm
128,4,250,10,128,16,1,[128; 4; 250; 10; 128; 16; 1],0.021507945501070935,0.21254603658917345,tvm
10,2,5,1,1280,80,5,[10; 2; 5; 1; 1280; 80; 5],0.1370406859787181,0.033358185116925766,tvm
160,16,300,25,64,16,1,[160; 16; 300; 25; 64; 16; 1],0.015000506631622557,0.3047516116416726,tvm
4,4,50,1,256,128,8,[4; 4; 50; 1; 256; 128; 8],0.026388598751509562,0.1732349873699551,tvm
128,16,300,30,160,16,1,[128; 16; 300; 30; 160; 16; 1],0.03411351474642288,0.1340063785690077,tvm
40,10,10,2,640,128,8,[40; 10; 10; 2; 640; 128; 8],0.0352901370060863,0.1295384194921137,tvm
128,2,30,10,32,16,1,[128; 2; 30; 10; 32; 16; 1],0.026947534250211902,0.16964181319827526,tvm
20,2,5,5,16,16,1,[20; 2; 5; 5; 16; 16; 1],0.02423405525041744,0.188636549854768,tvm
40,1,60,12,256,32,2,[40; 1; 60; 12; 256; 32; 2],0.03273288800846785,0.13965857733805717,tvm
80,40,150,5,1280,80,5,[80; 40; 150; 5; 1280; 80; 5],0.12427765602478758,0.03678399414386111,tvm
2,1,750,10,64,16,1,[2; 1; 750; 10; 64; 16; 1],0.04683422899688594,0.09760870776227641,tvm
10,10,10,5,256,16,1,[10; 10; 10; 5; 256; 16; 1],0.03549395449226722,0.12879456901384465,tvm
5,5,4,4,320,32,2,[5; 5; 4; 4; 320; 32; 2],0.027126011249492876,0.16852564608126952,tvm
16,1,100,5,160,16,1,[16; 1; 100; 5; 160; 16; 1],0.04530208474898245,0.10090989403156005,tvm
1,1,1500,5,64,16,1,[1; 1; 1500; 5; 64; 16; 1],0.16363772097975016,0.027936276208553875,tvm
32,4,300,30,320,16,1,[32; 4; 300; 30; 320; 16; 1],0.03143907949561253,0.1454059293328399,tvm
10,10,500,10,320,32,2,[10; 10; 500; 10; 320; 32; 2],0.024904291625716724,0.1835598715326644,tvm
20,5,25,1,128,128,8,[20; 5; 25; 1; 128; 128; 8],0.029059003500151448,0.15731539353731613,tvm
16,1,1500,6,320,32,2,[16; 1; 1500; 6; 320; 32; 2],0.041392250001081266,0.1104416544476117,tvm
20,5,50,10,256,32,2,[20; 5; 50; 10; 256; 32; 2],0.03903425774478819,0.11711324450735697,tvm
2,2,75,1,128,16,1,[2; 2; 75; 1; 128; 16; 1],0.05273671998293139,0.08668397603999921,tvm
64,8,300,6,1280,32,2,[64; 8; 300; 6; 1280; 32; 2],0.0756309480057098,0.06044388827551718,tvm
160,80,60,12,64,16,1,[160; 80; 60; 12; 64; 16; 1],0.019696687995747197,0.23209123139969573,tvm
20,10,1500,10,1280,32,2,[20; 10; 1500; 10; 1280; 32; 2],0.13280987599864602,0.034420848126348505,tvm
8,1,12,12,32,16,1,[8; 1; 12; 12; 32; 16; 1],0.022749132876924705,0.20094957448094836,tvm
8,8,300,10,1280,32,2,[8; 8; 300; 10; 1280; 32; 2],0.11181137798121199,0.04088518229510348,tvm
8,4,100,20,64,16,1,[8; 4; 100; 20; 64; 16; 1],0.019536357125616632,0.2339959564638785,tvm
80,10,60,10,80,16,1,[80; 10; 60; 10; 80; 16; 1],0.009802870248677209,0.4663357216265753,tvm
256,64,750,30,1280,16,1,[256; 64; 750; 30; 1280; 16; 1],0.25202369200997055,0.018138884225407336,tvm
16,16,375,5,64,64,4,[16; 16; 375; 5; 64; 64; 4],0.008737760748772416,0.5231807900062748,tvm
80,2,150,3,80,80,5,[80; 2; 150; 3; 80; 80; 5],0.03409070875204634,0.13409602612483573,tvm
20,20,125,1,160,80,5,[20; 20; 125; 1; 160; 80; 5],0.009648276874941075,0.4738077721734629,tvm
80,5,300,30,1280,16,1,[80; 5; 300; 30; 1280; 16; 1],0.14028438500827178,0.032586866821699506,tvm
256,16,60,20,16,16,1,[256; 16; 60; 20; 16; 16; 1],0.01008949493552791,0.45308794946031483,tvm
160,20,25,5,640,32,2,[160; 20; 25; 5; 640; 32; 2],0.03006742249999661,0.15203925682120198,tvm
4,1,150,3,80,80,5,[4; 1; 150; 3; 80; 80; 5],0.018915895248937886,0.24167127758255344,tvm
80,80,60,4,640,80,5,[80; 80; 60; 4; 640; 80; 5],0.12752798502333462,0.03584647378057536,tvm
2,2,300,2,16,16,1,[2; 2; 300; 2; 16; 16; 1],0.0653680810064543,0.06993365111907138,tvm
10,5,375,5,160,16,1,[10; 5; 375; 5; 160; 16; 1],0.028183432761579752,0.16220268872500299,tvm
256,16,100,4,640,32,2,[256; 16; 100; 4; 640; 32; 2],0.03170340624637902,0.14419360922615987,tvm
2,1,1500,12,160,32,2,[2; 1; 1500; 12; 160; 32; 2],0.17956535797566175,0.025458298989096673,tvm
2,1,30,5,256,16,1,[2; 1; 30; 5; 256; 16; 1],0.10804344899952412,0.042311020369672825,tvm
64,2,100,4,160,32,2,[64; 2; 100; 4; 160; 32; 2],0.05372165850712918,0.08509470292734757,tvm
5,5,1,1,64,16,1,[5; 5; 1; 1; 64; 16; 1],0.039793076750356704,0.11487999784755507,tvm
8,8,4,4,1280,80,5,[8; 8; 4; 4; 1280; 80; 5],0.09954435101826675,0.04592353583770613,tvm
64,2,2,2,1280,64,4,[64; 2; 2; 2; 1280; 64; 4],0.0648072230105754,0.07053887451222211,tvm
20,4,150,6,640,16,1,[20; 4; 150; 6; 640; 16; 1],0.06393895897781476,0.07149676260782951,tvm
40,20,30,2,160,160,10,[40; 20; 30; 2; 160; 160; 10],0.009223632125213044,0.4956213029065253,tvm
40,1,150,5,80,80,5,[40; 1; 150; 5; 80; 80; 5],0.029341406509047374,0.1558012759210769,tvm
256,2,75,25,1280,16,1,[256; 2; 75; 25; 1280; 16; 1],0.23807371099246666,0.019201736102535172,tvm
10,10,30,1,128,32,2,[10; 10; 30; 1; 128; 32; 2],0.017149865750980098,0.26655768842781286,tvm
80,5,15,3,256,64,4,[80; 5; 15; 3; 256; 64; 4],0.017225241121195722,0.2653912673421687,tvm
4,4,60,4,32,32,2,[4; 4; 60; 4; 32; 32; 2],0.03259837575023994,0.1402348572963769,tvm
64,64,250,10,256,32,2,[64; 64; 250; 10; 256; 32; 2],0.026463971997145563,0.17274158890138078,tvm
32,1,150,6,32,32,2,[32; 1; 150; 6; 32; 32; 2],0.028428567238734104,0.16080404379999746,tvm
8,8,1500,5,160,80,5,[8; 8; 1500; 5; 160; 80; 5],0.012908172495372128,0.3541499443912399,tvm
320,16,250,10,256,16,1,[320; 16; 250; 10; 256; 16; 1],0.013964048499474302,0.327371290038177,tvm
256,32,25,25,640,16,1,[256; 32; 25; 25; 640; 16; 1],0.0766113635036163,0.05967037215324833,tvm
5,5,60,1,256,16,1,[5; 5; 60; 1; 256; 16; 1],0.03058093774598092,0.14948621292783507,tvm
20,1,100,1,640,64,4,[20; 1; 100; 1; 640; 64; 4],0.10786377097247168,0.04238150150151215,tvm
10,1,4,4,256,32,2,[10; 1; 4; 4; 256; 32; 2],0.03302852174965665,0.13840851268119786,tvm
320,32,30,10,1280,16,1,[320; 32; 30; 10; 1280; 16; 1],0.10272073600208387,0.044503463948465403,tvm
5,1,150,25,128,16,1,[5; 1; 150; 25; 128; 16; 1],0.052238222502637655,0.08751118151460356,tvm
10,10,2,2,1280,16,1,[10; 10; 2; 2; 1280; 16; 1],0.09832683252170682,0.04649217771170829,tvm
16,2,100,10,640,16,1,[16; 2; 100; 10; 640; 16; 1],0.08167793499887921,0.055968953812205235,tvm
80,40,150,6,64,64,4,[80; 40; 150; 6; 64; 64; 4],0.008578510187362554,0.5328930631991298,tvm
40,10,6,2,320,80,5,[40; 10; 6; 2; 320; 80; 5],0.04042879650660325,0.11307357543235103,tvm
320,320,150,25,256,16,1,[320; 320; 150; 25; 256; 16; 1],0.046483700003591366,0.09834476539250059,tvm
8,2,30,1,128,64,4,[8; 2; 30; 1; 128; 64; 4],0.016544543752388563,0.27631034375115887,tvm
4,2,1500,6,640,16,1,[4; 2; 1500; 6; 640; 16; 1],0.12064327497500926,0.03789211269650566,tvm
10,1,12,1,160,16,1,[10; 1; 12; 1; 160; 16; 1],0.025826479744864628,0.17700548493596233,tvm
128,4,500,25,256,16,1,[128; 4; 500; 25; 256; 16; 1],0.029332742502447218,0.15584729491445198,tvm
80,4,500,2,1280,80,5,[80; 4; 500; 2; 1280; 80; 5],0.11258722498314455,0.04060343944095754,tvm
20,10,6,1,1280,128,8,[20; 10; 6; 1; 1280; 128; 8],0.08358810600475408,0.05468994082924395,tvm
4,4,250,5,32,32,2,[4; 4; 250; 5; 32; 32; 2],0.025026149000041187,0.18266608144229654,tvm
64,8,30,6,320,32,2,[64; 8; 30; 6; 320; 32; 2],0.03137842899013776,0.1456869804688237,tvm
20,4,375,3,128,64,4,[20; 4; 375; 3; 128; 64; 4],0.017118051495344844,0.2670530914497918,tvm
20,10,750,1,128,32,2,[20; 10; 750; 1; 128; 32; 2],0.03949475125409663,0.11574774941656067,tvm
2,2,25,1,1280,16,1,[2; 2; 25; 1; 1280; 16; 1],0.25637651002034545,0.017830918172128146,tvm
40,40,60,15,256,16,1,[40; 40; 60; 15; 256; 16; 1],0.0315833142522024,0.14474188917997396,tvm
128,2,1500,15,16,16,1,[128; 2; 1500; 15; 16; 16; 1],0.017272293502173852,0.26466830075885533,tvm
20,2,60,12,64,16,1,[20; 2; 60; 12; 64; 16; 1],0.04789754874946084,0.09544180633001663,tvm
10,10,10,2,256,128,8,[10; 10; 10; 2; 256; 128; 8],0.017090990499127656,0.26747592959354244,tvm
16,1,20,2,1280,128,8,[16; 1; 20; 2; 1280; 128; 8],0.07077301098615862,0.06459282299466707,tvm
320,16,300,25,16,16,1,[320; 16; 300; 25; 16; 16; 1],0.011421568062360166,0.40024526811635763,tvm
1,1,1500,2,640,16,1,[1; 1; 1500; 2; 640; 16; 1],0.46511923702200875,0.009828508923212433,tvm
80,5,1500,15,1280,16,1,[80; 5; 1500; 15; 1280; 16; 1],0.12115583597915247,0.03773180659836466,tvm
32,2,300,2,640,80,5,[32; 2; 300; 2; 640; 80; 5],0.07297726199612953,0.06264182084100423,tvm
8,4,300,4,1280,64,4,[8; 4; 300; 4; 1280; 64; 4],0.12382218200946227,0.03691930231918568,tvm
160,2,100,4,256,32,2,[160; 2; 100; 4; 256; 32; 2],0.02973809326067567,0.1537229886044384,tvm
4,1,125,5,64,64,4,[4; 1; 125; 5; 64; 64; 4],0.02120063612528611,0.2156269530977047,tvm
32,8,4,1,160,160,10,[32; 8; 4; 1; 160; 160; 10],0.021304051493643783,0.21458024417526828,tvm
5,5,1500,2,320,64,4,[5; 5; 1500; 2; 320; 64; 4],0.0638525020040106,0.0715935699926283,tvm
32,4,100,4,160,80,5,[32; 4; 100; 4; 160; 80; 5],0.02165388762659859,0.21111352613713807,tvm
40,20,6,6,128,32,2,[40; 20; 6; 6; 128; 32; 2],0.022850244749861304,0.20006037665991824,tvm
128,64,750,30,640,16,1,[128; 64; 750; 30; 640; 16; 1],0.11005727003794163,0.04153681596729227,tvm
10,2,60,1,640,32,2,[10; 2; 60; 1; 640; 32; 2],0.05736906599486247,0.07968455633978691,tvm
320,16,300,25,32,16,1,[320; 16; 300; 25; 32; 16; 1],0.012109475690522231,0.37750838172180395,tvm
64,64,12,12,320,16,1,[64; 64; 12; 12; 320; 16; 1],0.06278775649843737,0.07280764318346591,tvm
160,10,1500,20,80,16,1,[160; 10; 1500; 20; 80; 16; 1],0.009556999124470167,0.4783330532827697,tvm
20,4,500,2,16,16,1,[20; 4; 500; 2; 16; 16; 1],0.016746717126807198,0.27297460969892945,tvm
80,20,500,10,64,32,2,[80; 20; 500; 10; 64; 32; 2],0.015594513752148487,0.29314338645530114,tvm
4,1,500,2,640,160,10,[4; 1; 500; 2; 640; 160; 10],0.2018350650323555,0.022649327908883136,tvm
80,40,1500,3,320,64,4,[80; 40; 1500; 3; 320; 64; 4],0.015128289378480986,0.3021774939029877,tvm
4,1,1500,30,1280,16,1,[4; 1; 1500; 30; 1280; 16; 1],0.6085415779962204,0.007512105559789646,tvm
4,1,1500,30,160,16,1,[4; 1; 1500; 30; 160; 16; 1],0.03332091875199694,0.1371939533076231,tvm
16,2,20,2,160,80,5,[16; 2; 20; 2; 160; 80; 5],0.01749863899749471,0.26124480721518206,tvm
8,1,125,1,256,128,8,[8; 1; 125; 1; 256; 128; 8],0.05779061699286103,0.07910330100807347,tvm
8,2,15,3,160,80,5,[8; 2; 15; 3; 160; 80; 5],0.034518914500949904,0.1324325703029501,tvm
8,4,60,30,1280,16,1,[8; 4; 60; 30; 1280; 16; 1],0.21061087300768122,0.02170556774275299,tvm
8,8,1500,1,320,160,10,[8; 8; 1500; 1; 320; 160; 10],0.02852278850332368,0.16027284887997104,tvm
40,20,10,10,64,32,2,[40; 20; 10; 10; 64; 32; 2],0.008669550687045557,0.5272970579962594,tvm
16,4,20,4,640,32,2,[16; 4; 20; 4; 640; 32; 2],0.10017615399556234,0.0456338997764985,tvm
32,16,1500,25,256,16,1,[32; 16; 1500; 25; 256; 16; 1],0.05116567749064416,0.08934560814257712,tvm
20,10,10,1,1280,160,10,[20; 10; 10; 1; 1280; 160; 10],0.0785624940181151,0.05818843493403458,tvm
20,1,150,15,160,16,1,[20; 1; 150; 15; 160; 16; 1],0.01861726750212256,0.24554777283548093,tvm
80,5,20,2,1280,64,4,[80; 5; 20; 2; 1280; 64; 4],0.07325924051110633,0.06240070931032283,tvm
4,2,50,5,128,16,1,[4; 2; 50; 5; 128; 16; 1],0.04285120975691825,0.10668143553848028,tvm
160,10,50,5,128,32,2,[160; 10; 50; 5; 128; 32; 2],0.013728991871175822,0.3329762749023356,tvm
10,10,750,3,160,16,1,[10; 10; 750; 3; 160; 16; 1],0.014394073252333328,0.3175910314814834,tvm
64,2,1500,12,80,16,1,[64; 2; 1500; 12; 80; 16; 1],0.03681569651234895,0.12417063927868904,tvm
20,4,75,5,160,16,1,[20; 4; 75; 5; 160; 16; 1],0.0331190470024012,0.13803019667495667,tvm
20,20,750,2,128,16,1,[20; 20; 750; 2; 128; 16; 1],0.02089682299993001,0.21876189368325907,tvm
320,2,75,25,640,16,1,[320; 2; 75; 25; 640; 16; 1],0.09214281049207784,0.049612428218928806,tvm
16,1,500,20,80,16,1,[16; 1; 500; 20; 80; 16; 1],0.018944462870422285,0.24130684531393481,tvm
2,2,150,2,128,64,4,[2; 2; 150; 2; 128; 64; 4],0.060687130491714925,0.07532780895041113,tvm
20,2,125,25,1280,16,1,[20; 2; 125; 25; 1280; 16; 1],0.251949377998244,0.018144234400374003,tvm
5,5,75,25,320,16,1,[5; 5; 75; 25; 320; 16; 1],0.044316117753623985,0.10315498746626423,tvm
40,2,4,1,1280,160,10,[40; 2; 4; 1; 1280; 160; 10],0.17443320603342727,0.026207329873605214,tvm
16,2,15,1,320,16,1,[16; 2; 15; 1; 320; 16; 1],0.027491242246469483,0.16628672252945026,tvm
40,8,10,2,128,128,8,[40; 8; 10; 2; 128; 128; 8],0.014298106500064023,0.319722654982889,tvm
128,8,30,5,64,32,2,[128; 8; 30; 5; 64; 32; 2],0.023796931498509366,0.19210159812894048,tvm
64,1,12,12,128,32,2,[64; 1; 12; 12; 128; 32; 2],0.02348460824578069,0.19465636912422787,tvm
128,2,500,2,64,64,4,[128; 2; 500; 2; 64; 64; 4],0.01691118025337346,0.27031990097300623,tvm
80,8,10,10,1280,16,1,[80; 8; 10; 10; 1280; 16; 1],0.08320409100269899,0.05494235339077598,tvm
20,4,15,5,640,80,5,[20; 4; 15; 5; 640; 80; 5],0.047631788489525206,0.0959743212756725,tvm
10,1,2,1,128,32,2,[10; 1; 2; 1; 128; 32; 2],0.01833679500123253,0.24930357628589386,tvm
8,4,500,4,128,32,2,[8; 4; 500; 4; 128; 32; 2],0.02391123824781971,0.19118326387155657,tvm
20,5,100,5,640,64,4,[20; 5; 100; 5; 640; 64; 4],0.04455828625941649,0.10259435349047996,tvm
20,1,50,5,640,80,5,[20; 1; 50; 5; 640; 80; 5],0.06482978098210879,0.07051433002203353,tvm
80,2,4,2,640,80,5,[80; 2; 4; 2; 640; 80; 5],0.07279862102586776,0.06279553797872342,tvm
160,8,300,12,1280,32,2,[160; 8; 300; 12; 1280; 32; 2],0.0788468930113595,0.05797855054060234,tvm
16,2,12,6,128,16,1,[16; 2; 12; 6; 128; 16; 1],0.0332995530043263,0.13728198005644848,tvm
40,4,1500,15,256,16,1,[40; 4; 1500; 15; 256; 16; 1],0.027187744257389568,0.16814298855213292,tvm
320,40,25,25,640,16,1,[320; 40; 25; 25; 640; 16; 1],0.08209767448715866,0.05568280222290113,tvm
20,10,25,1,160,80,5,[20; 10; 25; 1; 160; 80; 5],0.01253811612696154,0.36460250687887047,tvm
40,2,300,5,128,32,2,[40; 2; 300; 5; 128; 32; 2],0.05811963850283064,0.07865548873305409,tvm
2,1,75,1,160,32,2,[2; 1; 75; 1; 160; 32; 2],0.04229739350557793,0.10807825713482129,tvm
20,1,375,1,32,16,1,[20; 1; 375; 1; 32; 16; 1],0.03477702174859587,0.13144968549853306,tvm
160,8,300,6,64,32,2,[160; 8; 300; 6; 64; 32; 2],0.01847785300196847,0.24740041881172944,tvm
256,2,125,25,128,16,1,[256; 2; 125; 25; 128; 16; 1],0.05656195298070088,0.08082161825261511,tvm
1,1,20,10,64,16,1,[1; 1; 20; 10; 64; 16; 1],0.05047335950075649,0.09057111744979163,tvm
40,5,12,3,256,64,4,[40; 5; 12; 3; 256; 64; 4],0.01749811850459082,0.26125257811171,tvm
8,1,1500,3,640,16,1,[8; 1; 1500; 3; 640; 16; 1],0.12707718496676534,0.03597363738128243,tvm
20,2,1500,15,1280,16,1,[20; 2; 1500; 15; 1280; 16; 1],0.26206637697760016,0.01744378132040689,tvm
64,8,50,25,1280,16,1,[64; 8; 50; 25; 1280; 16; 1],0.10736960702342913,0.04257656051987822,tvm
2,2,30,3,1280,32,2,[2; 2; 30; 3; 1280; 32; 2],0.2558488840004429,0.017867690098740698,tvm
64,8,750,25,320,16,1,[64; 8; 750; 25; 320; 16; 1],0.02162828587461263,0.21136342463433652,tvm
64,4,100,4,256,32,2,[64; 4; 100; 4; 256; 32; 2],0.020961443879059516,0.21808748470783682,tvm
20,10,300,30,320,16,1,[20; 10; 300; 30; 320; 16; 1],0.02802806449471973,0.1631018286078867,tvm
2,1,1,1,128,128,8,[2; 1; 1; 1; 128; 128; 8],0.055184890486998484,0.08283840977279092,tvm
40,4,75,5,1280,64,4,[40; 4; 75; 5; 1280; 64; 4],0.0983733655011747,0.04647018578798123,tvm
64,64,5,5,1280,80,5,[64; 64; 5; 5; 1280; 80; 5],0.15147456096019596,0.030179513592581652,tvm
4,4,4,1,128,64,4,[4; 4; 4; 1; 128; 64; 4],0.01847599975008052,0.24742523453479964,tvm
80,20,10,2,160,80,5,[80; 20; 10; 2; 160; 80; 5],0.012528191502497066,0.36489133890692954,tvm
64,16,750,5,64,64,4,[64; 16; 750; 5; 64; 64; 4],0.008361876749404473,0.5466988701733909,tvm
20,1,250,1,80,80,5,[20; 1; 250; 1; 80; 80; 5],0.028505740003311075,0.1603687036680184,tvm
10,5,60,5,16,16,1,[10; 5; 60; 5; 16; 16; 1],0.017287319256865885,0.26443825693870776,tvm
16,16,50,5,1280,64,4,[16; 16; 50; 5; 1280; 64; 4],0.07375841800239868,0.061978397791556554,tvm
320,10,100,20,1280,16,1,[320; 10; 100; 20; 1280; 16; 1],0.0925089780066628,0.049416053121885344,tvm
8,8,15,3,320,80,5,[8; 8; 15; 3; 320; 80; 5],0.02589305699802935,0.17655036142609545,tvm
16,8,10,1,128,32,2,[16; 8; 10; 1; 128; 32; 2],0.02957292550127022,0.15458154693664714,tvm
40,2,3,3,1280,64,4,[40; 2; 3; 3; 1280; 64; 4],0.05817406150163151,0.07858190494917335,tvm
64,8,500,25,256,16,1,[64; 8; 500; 25; 256; 16; 1],0.02025895924452925,0.2256497244626742,tvm
160,1,375,15,32,16,1,[160; 1; 375; 15; 32; 16; 1],0.03413366625318304,0.13392726516748774,tvm
80,5,150,15,32,16,1,[80; 5; 150; 15; 32; 16; 1],0.012144379437813768,0.37642339774024064,tvm
20,4,150,3,320,64,4,[20; 4; 150; 3; 320; 64; 4],0.02233398712996859,0.20468483951503919,tvm
128,16,30,5,32,32,2,[128; 16; 30; 5; 32; 32; 2],0.017016606878314633,0.2686451302612062,tvm
20,10,20,2,32,32,2,[20; 10; 20; 2; 32; 32; 2],0.011498504001792753,0.39756724620140427,tvm
4,2,1500,3,160,16,1,[4; 2; 1500; 3; 160; 16; 1],0.05687756900442764,0.08037313569208115,tvm
8,4,12,1,1280,32,2,[8; 4; 12; 1; 1280; 32; 2],0.0859137935040053,0.05320948342498055,tvm
40,40,1500,4,640,80,5,[40; 40; 1500; 4; 640; 80; 5],0.059513846499612555,0.07681285684430315,tvm
5,1,150,1,320,64,4,[5; 1; 150; 1; 320; 64; 4],0.028626669241930358,0.15969124919124927,tvm
20,20,25,5,1280,64,4,[20; 20; 25; 5; 1280; 64; 4],0.06871315100579523,0.06652916515272339,tvm
80,5,6,6,1280,32,2,[80; 5; 6; 6; 1280; 32; 2],0.07739185448735952,0.05906860097499314,tvm
4,2,375,5,640,64,4,[4; 2; 375; 5; 640; 64; 4],0.10574353300035,0.04323128272452785,tvm
40,20,20,4,64,32,2,[40; 20; 20; 4; 64; 32; 2],0.010174021626880858,0.44932365381948536,tvm
16,16,50,2,64,64,4,[16; 16; 50; 2; 64; 64; 4],0.02109223837032914,0.21673510848707686,tvm
8,1,500,10,80,16,1,[8; 1; 500; 10; 80; 16; 1],0.021480108618561644,0.21282148301048417,tvm
10,1,300,1,320,160,10,[10; 1; 300; 1; 320; 160; 10],0.04243015700194519,0.10774008145242066,tvm
4,4,60,12,320,16,1,[4; 4; 60; 12; 320; 16; 1],0.051026283006649464,0.08958968402289558,tvm
160,1,1500,15,32,16,1,[160; 1; 1500; 15; 32; 16; 1],0.016988429255434312,0.26909071478555024,tvm
128,8,25,25,256,16,1,[128; 8; 25; 25; 256; 16; 1],0.018954396378831007,0.2411803826437922,tvm
4,4,30,2,1280,32,2,[4; 4; 30; 2; 1280; 32; 2],0.13280505797592923,0.03442209687719227,tvm
40,4,20,1,1280,128,8,[40; 4; 20; 1; 1280; 128; 8],0.11599328799638897,0.03941114740683001,tvm
8,4,2,1,320,32,2,[8; 4; 2; 1; 320; 32; 2],0.020777499747055117,0.22001822293736278,tvm
8,1,300,1,320,160,10,[8; 1; 300; 1; 320; 160; 10],0.052973115496570244,0.08629714391113262,tvm
80,40,4,4,128,32,2,[80; 40; 4; 4; 128; 32; 2],0.017911041126353666,0.2552296395937774,tvm
64,16,1500,2,128,64,4,[64; 16; 1500; 2; 128; 64; 4],0.014451054004894104,0.3163387646243919,tvm
64,4,5,5,640,32,2,[64; 4; 5; 5; 640; 32; 2],0.04029081074986607,0.11346082360588308,tvm
16,1,30,10,1280,32,2,[16; 1; 30; 10; 1280; 32; 2],0.16474211099557579,0.027748998381788,tvm
40,40,25,5,640,32,2,[40; 40; 25; 5; 640; 32; 2],0.028537585501908325,0.16018974594479543,tvm
4,4,250,10,128,32,2,[4; 4; 250; 10; 128; 32; 2],0.03164797625504434,0.1444461577760422,tvm
2,1,4,2,640,64,4,[2; 1; 4; 2; 640; 64; 4],0.11670761299319565,0.039169926058680485,tvm
80,5,300,12,320,16,1,[80; 5; 300; 12; 320; 16; 1],0.024674803877132945,0.18526706814740213,tvm
64,1,300,4,1280,32,2,[64; 1; 300; 4; 1280; 32; 2],0.1513834639918059,0.030197674507408644,tvm
8,1,3,1,128,64,4,[8; 1; 3; 1; 128; 64; 4],0.021632393378240522,0.21132329148687062,tvm
80,80,15,5,320,32,2,[80; 80; 15; 5; 320; 32; 2],0.020778934747795574,0.22000302839940108,tvm
16,4,500,4,32,32,2,[16; 4; 500; 4; 32; 32; 2],0.01839272399956826,0.24854548850599176,tvm
80,16,15,5,256,32,2,[80; 16; 15; 5; 256; 32; 2],0.012268299873539945,0.37262119597256904,tvm
2,1,75,3,256,32,2,[2; 1; 75; 3; 256; 32; 2],0.05394734497531317,0.08473871278596753,tvm
64,8,2,2,640,128,8,[64; 8; 2; 2; 640; 128; 8],0.0317200302524725,0.14411803945465154,tvm
128,32,60,15,160,16,1,[128; 32; 60; 15; 160; 16; 1],0.03346929400868248,0.13658574842488966,tvm
1,1,250,1,128,128,8,[1; 1; 250; 1; 128; 128; 8],0.18118373601464555,0.025230899152333692,tvm
128,16,150,30,32,16,1,[128; 16; 150; 30; 32; 16; 1],0.05418470248696394,0.0843675126301264,tvm
128,1,1500,15,64,16,1,[128; 1; 1500; 15; 64; 16; 1],0.02074040350271389,0.22041174709211414,tvm
64,64,4,1,128,128,8,[64; 64; 4; 1; 128; 128; 8],0.012295959997572936,0.3717829736214914,tvm
4,4,20,1,32,16,1,[4; 4; 20; 1; 32; 16; 1],0.026123837509658188,0.17499069842776654,tvm
8,2,10,5,32,32,2,[8; 2; 10; 5; 32; 32; 2],0.03225998400012031,0.1417058536486417,tvm
20,20,125,1,1280,128,8,[20; 20; 125; 1; 1280; 128; 8],0.06775954348267987,0.06746545706284285,tvm
40,2,1500,2,320,80,5,[40; 2; 1500; 2; 320; 80; 5],0.03660300650517456,0.12489216072407357,tvm
64,1,10,5,320,64,4,[64; 1; 10; 5; 320; 64; 4],0.032628913744702004,0.14010360894011803,tvm
8,1,1,1,160,80,5,[8; 1; 1; 1; 160; 80; 5],0.025753417998203076,0.17750764468419453,tvm
20,1,25,1,160,16,1,[20; 1; 25; 1; 160; 16; 1],0.015113770874449983,0.3024677699168133,tvm
20,2,1500,2,640,64,4,[20; 2; 1500; 2; 640; 64; 4],0.04286622500512749,0.10664406699870949,tvm
80,20,60,12,160,32,2,[80; 20; 60; 12; 160; 32; 2],0.007372274063527584,0.6200839160394932,tvm
40,2,75,1,256,128,8,[40; 2; 75; 1; 256; 128; 8],0.023590707998664584,0.19378089761813633,tvm
10,5,12,4,256,32,2,[10; 5; 12; 4; 256; 32; 2],0.03924326749984175,0.11648949903182772,tvm
4,4,10,2,320,64,4,[4; 4; 10; 2; 320; 64; 4],0.06137513249996118,0.07448340044612471,tvm
20,2,4,1,16,16,1,[20; 2; 4; 1; 16; 16; 1],0.06390093298978172,0.07153930870085387,tvm
128,32,250,5,640,64,4,[128; 32; 250; 5; 640; 64; 4],0.05198934700456448,0.08793010173848148,tvm
16,4,10,1,320,80,5,[16; 4; 10; 1; 320; 80; 5],0.03207217650196981,0.14253565145938268,tvm
10,5,150,6,320,32,2,[10; 5; 150; 6; 320; 32; 2],0.05484644050011411,0.08334959442662575,tvm
16,2,15,1,1280,16,1,[16; 2; 15; 1; 1280; 16; 1],0.10641238099196926,0.04295955535261981,tvm
40,20,150,15,160,16,1,[40; 20; 150; 15; 160; 16; 1],0.009973120875656605,0.45837492881360475,tvm
10,5,5,1,1280,32,2,[10; 5; 5; 1; 1280; 32; 2],0.08722514900728129,0.052409524356868256,tvm
32,1,150,3,160,80,5,[32; 1; 150; 3; 160; 80; 5],0.0166413717524847,0.27470262905135917,tvm
4,1,125,1,160,80,5,[4; 1; 125; 1; 160; 80; 5],0.019030283379834145,0.24021862839272198,tvm
80,2,2,2,320,80,5,[80; 2; 2; 2; 320; 80; 5],0.11042319901753217,0.041399168038074634,tvm
16,2,50,1,160,160,10,[16; 2; 50; 1; 160; 160; 10],0.017417756127542816,0.26245795026373925,tvm
80,8,125,5,640,32,2,[80; 8; 125; 5; 640; 32; 2],0.03567449074762408,0.12814278425917067,tvm
64,4,50,10,256,32,2,[64; 4; 50; 10; 256; 32; 2],0.021150308377400506,0.216140043438479,tvm
40,5,4,4,640,32,2,[40; 5; 4; 4; 640; 32; 2],0.03876829450018704,0.11791667986340015,tvm
20,2,500,10,32,16,1,[20; 2; 500; 10; 32; 16; 1],0.03140849525516387,0.14554751936665872,tvm
40,8,5,1,128,128,8,[40; 8; 5; 1; 128; 128; 8],0.022708244250679854,0.20131140571520448,tvm
4,4,500,4,64,16,1,[4; 4; 500; 4; 64; 16; 1],0.025854194493149407,0.17681574154785076,tvm
16,16,15,3,320,80,5,[16; 16; 15; 3; 320; 80; 5],0.040949332746095024,0.1116362163890084,tvm
32,8,1500,20,320,16,1,[32; 8; 1500; 20; 320; 16; 1],0.02363264450104907,0.1934370303427381,tvm
32,16,30,3,1280,64,4,[32; 16; 30; 3; 1280; 64; 4],0.06231164649943821,0.07336395085419203,tvm
160,32,250,25,320,16,1,[160; 32; 250; 25; 320; 16; 1],0.03315521949843969,0.13787960509939337,tvm
8,8,150,1,80,16,1,[8; 8; 150; 1; 80; 16; 1],0.014776182004425209,0.309378198648305,tvm
256,2,750,30,320,16,1,[256; 2; 750; 30; 320; 16; 1],0.08113035498536192,0.05634670983817807,tvm
320,40,20,20,320,16,1,[320; 40; 20; 20; 320; 16; 1],0.030386197759071365,0.15044424470856466,tvm
8,8,15,3,160,32,2,[8; 8; 15; 3; 160; 32; 2],0.021439553005620837,0.21322406163179214,tvm
10,10,300,4,320,32,2,[10; 10; 300; 4; 320; 32; 2],0.026666831254260615,0.17142751337199785,tvm
10,10,60,6,80,16,1,[10; 10; 60; 6; 80; 16; 1],0.012396909252856858,0.3687555081824197,tvm
16,1,6,6,256,16,1,[16; 1; 6; 6; 256; 16; 1],0.032438166250358336,0.14092746600243078,tvm
160,1,30,30,80,16,1,[160; 1; 30; 30; 80; 16; 1],0.02899008200620301,0.15768939772058674,tvm
32,1,75,25,640,16,1,[32; 1; 75; 25; 640; 16; 1],0.09651599448989145,0.04736446633109456,tvm
16,8,2,2,160,80,5,[16; 8; 2; 2; 160; 80; 5],0.009186689312628005,0.49761436529095365,tvm
16,1,25,5,160,32,2,[16; 1; 25; 5; 160; 32; 2],0.036774184001842514,0.12431080921332006,tvm
80,16,250,5,320,64,4,[80; 16; 250; 5; 320; 64; 4],0.01504580787877785,0.3038340385747304,tvm
320,4,300,30,16,16,1,[320; 4; 300; 30; 16; 16; 1],0.02120867637131596,0.21554520854546488,tvm
4,1,100,4,1280,16,1,[4; 1; 100; 4; 1280; 16; 1],0.23324750195024535,0.019599046220026464,tvm
10,1,1500,2,1280,32,2,[10; 1; 1500; 2; 1280; 32; 2],0.15255399805027992,0.029965970278418304,tvm
32,8,12,12,128,16,1,[32; 8; 12; 12; 128; 16; 1],0.017465526747400872,0.2617400916413167,tvm
64,1,60,6,64,32,2,[64; 1; 60; 6; 64; 32; 2],0.02113669350364944,0.21627926669983996,tvm
16,16,500,1,640,160,10,[16; 16; 500; 1; 640; 160; 10],0.03911491049802862,0.11687176356082855,tvm
16,16,375,5,160,80,5,[16; 16; 375; 5; 160; 80; 5],0.030135067252558656,0.15169797144024721,tvm
32,1,15,1,640,128,8,[32; 1; 15; 1; 640; 128; 8],0.046980696002719924,0.09730440287993841,tvm
4,4,750,10,128,16,1,[4; 4; 750; 10; 128; 16; 1],0.0304333512467565,0.15021114613251083,tvm
16,2,1500,30,64,16,1,[16; 2; 1500; 30; 64; 16; 1],0.03206732351100072,0.14255722245919086,tvm
8,8,6,3,640,32,2,[8; 8; 6; 3; 640; 32; 2],0.05029465499683283,0.09089293030673826,tvm
80,5,20,4,1280,64,4,[80; 5; 20; 4; 1280; 64; 4],0.09277563649811782,0.049274020033495694,tvm
16,4,10,2,160,32,2,[16; 4; 10; 2; 160; 32; 2],0.010415379310870776,0.43891138622836945,tvm
16,4,6,1,64,64,4,[16; 4; 6; 1; 64; 64; 4],0.025735275499755517,0.17763278156754142,tvm
128,32,150,10,640,16,1,[128; 32; 150; 10; 640; 16; 1],0.04199568250623997,0.10885472740559274,tvm
320,320,300,15,16,16,1,[320; 320; 300; 15; 16; 16; 1],0.03593369900772814,0.1272184244223065,tvm
160,1,20,4,1280,32,2,[160; 1; 20; 4; 1280; 32; 2],0.15860222600167617,0.028823230837757972,tvm
2,2,20,5,128,32,2,[2; 2; 20; 5; 128; 32; 2],0.0340796669916017,0.13413947303402687,tvm
4,1,60,4,80,16,1,[4; 1; 60; 4; 80; 16; 1],0.041140183253446594,0.11111833273240444,tvm
80,80,1500,10,64,16,1,[80; 80; 1500; 10; 64; 16; 1],0.0205417264951393,0.22254354192235443,tvm
160,32,125,25,64,16,1,[160; 32; 125; 25; 64; 16; 1],0.05389954597922042,0.08481386045795206,tvm
40,2,60,12,640,16,1,[40; 2; 60; 12; 640; 16; 1],0.08023718700860627,0.056973938666845816,tvm
160,8,300,6,160,32,2,[160; 8; 300; 6; 160; 32; 2],0.025237104258849286,0.18113918794093103,tvm
20,5,3,1,160,160,10,[20; 5; 3; 1; 160; 160; 10],0.02228923362417845,0.2050958165950431,tvm
20,4,6,6,320,16,1,[20; 4; 6; 6; 320; 16; 1],0.08112314299796708,0.05635171915791195,tvm
10,5,100,4,320,80,5,[10; 5; 100; 4; 320; 80; 5],0.027846454991959035,0.16416554899891642,tvm
40,1,50,2,256,64,4,[40; 1; 50; 2; 256; 64; 4],0.03206875649630092,0.14255085232119552,tvm
16,1,20,20,256,16,1,[16; 1; 20; 20; 256; 16; 1],0.041525256252498366,0.11008790755273261,tvm
10,2,30,10,320,16,1,[10; 2; 30; 10; 320; 16; 1],0.04357340249407571,0.10491327988559325,tvm
4,1,300,20,16,16,1,[4; 1; 300; 20; 16; 16; 1],0.06641096848761663,0.06883544504069364,tvm
20,2,3,1,64,16,1,[20; 2; 3; 1; 64; 16; 1],0.03925668525334913,0.11644968345967434,tvm
128,1,500,25,32,16,1,[128; 1; 500; 25; 32; 16; 1],0.03280588575580623,0.13934781720135345,tvm
20,5,75,3,64,32,2,[20; 5; 75; 3; 64; 32; 2],0.02766149624949321,0.1652632428194236,tvm
128,128,100,5,256,64,4,[128; 128; 100; 5; 256; 64; 4],0.02083933900576085,0.21936533448420995,tvm
8,1,1500,3,256,32,2,[8; 1; 1500; 3; 256; 32; 2],0.05188290751539171,0.08811049323078898,tvm
40,10,60,12,16,16,1,[40; 10; 60; 12; 16; 16; 1],0.02207438037294196,0.20709204490433067,tvm
32,8,125,25,320,16,1,[32; 8; 125; 25; 320; 16; 1],0.04800173900730442,0.09523464495177847,tvm
20,20,30,5,32,16,1,[20; 20; 30; 5; 32; 16; 1],0.011402062686102,0.4009299630496416,tvm
10,2,375,3,640,16,1,[10; 2; 375; 3; 640; 16; 1],0.09125385450897738,0.050095731254605175,tvm
128,16,30,5,256,32,2,[128; 16; 30; 5; 256; 32; 2],0.01271492137311725,0.35953258673654065,tvm
4,4,25,5,1280,16,1,[4; 4; 25; 5; 1280; 16; 1],0.14893494499847293,0.03069413005440358,tvm
128,8,60,30,64,16,1,[128; 8; 60; 30; 64; 16; 1],0.012253155811777106,0.3730817302620725,tvm
32,32,100,2,320,64,4,[32; 32; 100; 2; 320; 64; 4],0.015247480252583046,0.29981534625395795,tvm
40,8,30,3,80,80,5,[40; 8; 30; 3; 80; 80; 5],0.014129227376542985,0.3235441294559355,tvm
64,16,20,20,640,16,1,[64; 16; 20; 20; 640; 16; 1],0.041211148505681194,0.11092698789499579,tvm
40,20,375,5,256,32,2,[40; 20; 375; 5; 256; 32; 2],0.026398686997708865,0.17316878569852073,tvm
8,8,375,1,256,128,8,[8; 8; 375; 1; 256; 128; 8],0.0199275341219618,0.22940262169168626,tvm
16,1,5,5,320,16,1,[16; 1; 5; 5; 320; 16; 1],0.08385943749453872,0.05451298873458676,tvm
80,1,100,4,128,64,4,[80; 1; 100; 4; 128; 64; 4],0.05267660052049905,0.08678290789948764,tvm
20,5,50,1,640,32,2,[20; 5; 50; 1; 640; 32; 2],0.05226723401574418,0.08746260745406088,tvm
64,64,60,5,160,32,2,[64; 64; 60; 5; 160; 32; 2],0.007962026498717023,0.5741539006640078,tvm
32,4,30,6,256,64,4,[32; 4; 30; 6; 256; 64; 4],0.020055342625710182,0.2279406867658384,tvm
5,5,1,1,32,16,1,[5; 5; 1; 1; 32; 16; 1],0.03140097699360922,0.1455823674645205,tvm
80,80,12,2,80,80,5,[80; 80; 12; 2; 80; 80; 5],0.032424631994217634,0.140986290060094,tvm
64,16,750,2,1280,64,4,[64; 16; 750; 2; 1280; 64; 4],0.0750499485002365,0.06091181490170065,tvm
2,1,750,6,128,64,4,[2; 1; 750; 6; 128; 64; 4],0.057319653511513025,0.07975324851728859,tvm
80,40,15,5,1280,64,4,[80; 40; 15; 5; 1280; 64; 4],0.05068885697983205,0.09018606541566797,tvm
10,2,150,1,128,16,1,[10; 2; 150; 1; 128; 16; 1],0.022008287749486044,0.20771395864429879,tvm
160,8,375,25,320,16,1,[160; 8; 375; 25; 320; 16; 1],0.02044353599922033,0.22361242064987757,tvm
160,5,6,6,256,32,2,[160; 5; 6; 6; 256; 32; 2],0.015406426624394953,0.2967221850256988,tvm
4,4,500,1,160,16,1,[4; 4; 500; 1; 160; 16; 1],0.04301759375084657,0.10626881173098175,tvm
16,2,50,2,640,32,2,[16; 2; 50; 2; 640; 32; 2],0.04067038449284155,0.11240190198430987,tvm
160,40,75,15,160,16,1,[160; 40; 75; 15; 160; 16; 1],0.013480428751790896,0.3391159625261363,tvm
1,1,375,1,160,160,10,[1; 1; 375; 1; 160; 160; 10],0.1001426600269042,0.04564916260662956,tvm
8,2,12,2,160,160,10,[8; 2; 12; 2; 160; 160; 10],0.032666347760823555,0.1399430571455265,tvm
5,5,4,4,160,32,2,[5; 5; 4; 4; 160; 32; 2],0.0124321691255318,0.36770965108898673,tvm
64,64,1500,6,640,64,4,[64; 64; 1500; 6; 640; 64; 4],0.03862850750738289,0.11834339109671414,tvm
8,2,12,2,320,16,1,[8; 2; 12; 2; 320; 16; 1],0.02150381037790794,0.21258690860318666,tvm
8,2,30,30,32,16,1,[8; 2; 30; 30; 32; 16; 1],0.020554996001010295,0.2223998764681775,tvm
10,2,125,5,1280,64,4,[10; 2; 125; 5; 1280; 64; 4],0.14375773299252614,0.031799531588789294,tvm
4,1,10,1,640,80,5,[4; 1; 10; 1; 640; 80; 5],0.08082724502310157,0.05655801543306335,tvm
80,5,20,5,128,32,2,[80; 5; 20; 5; 128; 32; 2],0.017868671879114117,0.25583482658114665,tvm
16,4,750,2,640,80,5,[16; 4; 750; 2; 640; 80; 5],0.1115058179711923,0.0409972201863907,tvm
80,40,10,5,320,80,5,[80; 40; 10; 5; 320; 80; 5],0.028660482741543092,0.15950284622395178,tvm
8,1,6,3,80,80,5,[8; 1; 6; 3; 80; 80; 5],0.01634395037399372,0.27970156949953595,tvm
32,32,500,2,80,80,5,[32; 32; 500; 2; 80; 80; 5],0.01540984025632497,0.29665645427779364,tvm
320,20,750,25,80,16,1,[320; 20; 750; 25; 80; 16; 1],0.012530023872386664,0.36483797780329574,tvm
80,4,30,2,64,64,4,[80; 4; 30; 2; 64; 64; 4],0.031142081759753637,0.1467926456135775,tvm
4,2,750,30,64,16,1,[4; 2; 750; 30; 64; 16; 1],0.06493121248786338,0.07040417691696486,tvm
16,4,10,1,16,16,1,[16; 4; 10; 1; 16; 16; 1],0.033192273491295055,0.1377256840399157,tvm
4,1,6,2,320,16,1,[4; 1; 6; 2; 320; 16; 1],0.08484887398662977,0.05387730392449196,tvm
2,2,12,4,256,32,2,[2; 2; 12; 4; 256; 32; 2],0.051318138517672196,0.08908017132878523,tvm
32,2,250,1,320,160,10,[32; 2; 250; 1; 320; 160; 10],0.03795520024141297,0.12044274677388424,tvm
20,2,30,6,1280,64,4,[20; 2; 30; 6; 1280; 64; 4],0.1375149079831317,0.03324314896817825,tvm
10,5,1500,4,128,16,1,[10; 5; 1500; 4; 128; 16; 1],0.04338639150955714,0.10536549393423462,tvm
320,16,300,25,256,16,1,[320; 16; 300; 25; 256; 16; 1],0.026159786750213243,0.1747502231221861,tvm
8,1,1500,12,320,32,2,[8; 1; 1500; 12; 320; 32; 2],0.054063849500380456,0.08455610567272687,tvm
160,10,75,25,640,16,1,[160; 10; 75; 25; 640; 16; 1],0.04256810374499764,0.10739093756239446,tvm
16,2,1500,2,1280,16,1,[16; 2; 1500; 2; 1280; 16; 1],0.12920430797385052,0.03538139434448097,tvm
5,5,300,6,80,16,1,[5; 5; 300; 6; 80; 16; 1],0.017177115500089712,0.26613482172863634,tvm
20,4,75,5,640,16,1,[20; 4; 75; 5; 640; 16; 1],0.0707317820051685,0.06463047362633291,tvm
80,16,60,3,320,64,4,[80; 16; 60; 3; 320; 64; 4],0.01514430112001719,0.3018580081840966,tvm
4,4,4,1,640,16,1,[4; 4; 4; 1; 640; 16; 1],0.0626875790185295,0.07292399296641087,tvm
10,5,750,1,160,16,1,[10; 5; 750; 1; 160; 16; 1],0.016215493371419143,0.28191732849066503,tvm
64,1,6,1,128,128,8,[64; 1; 6; 1; 128; 128; 8],0.04335840574640315,0.10543350228710381,tvm
20,1,12,2,32,32,2,[20; 1; 12; 2; 32; 32; 2],0.015727498001069762,0.2906647052899088,tvm
80,8,6,2,128,64,4,[80; 8; 6; 2; 128; 64; 4],0.013790777746180538,0.3314844641517527,tvm
8,4,25,1,64,16,1,[8; 4; 25; 1; 64; 16; 1],0.015089353495568503,0.3029572189935855,tvm
20,1,150,5,640,64,4,[20; 1; 150; 5; 640; 64; 4],0.06709712601150386,0.06813151088833218,tvm
16,2,500,1,80,16,1,[16; 2; 500; 1; 80; 16; 1],0.01414343175565591,0.32321919109911024,tvm
128,32,60,6,1280,64,4,[128; 32; 60; 6; 1280; 64; 4],0.05372587050078437,0.08508803168413681,tvm
32,4,100,5,1280,80,5,[32; 4; 100; 5; 1280; 80; 5],0.09353718149941415,0.048872849257887936,tvm
320,80,500,25,160,16,1,[320; 80; 500; 25; 160; 16; 1],0.02055840362299932,0.22236301296830135,tvm
16,2,1500,10,80,16,1,[16; 2; 1500; 10; 80; 16; 1],0.019308650626044255,0.23675546572179684,tvm
2,1,20,1,128,64,4,[2; 1; 20; 1; 128; 64; 4],0.05833826548769139,0.078360721444368,tvm
