kc,ku,mc,mr,nc,nr,X,time,peak,backend
40,5,6,1,1280,16,[40; 5; 6; 1; 1280; 16],0.16031326696975157,0.028515597354092495,tvm
5,1,750,1,640,16,[5; 1; 750; 1; 640; 16],0.08306218648795038,0.055036217618612014,tvm
640,10,150,1,80,16,[640; 10; 150; 1; 80; 16],0.03596040800039191,0.12712393506154743,tvm
4,2,20,1,128,16,[4; 2; 20; 1; 128; 16],0.03884128399658948,0.11769509400950734,tvm
32,4,2,1,16,16,[32; 4; 2; 1; 16; 16],0.03306862224417273,0.13824067231086828,tvm
40,8,60,1,128,16,[40; 8; 60; 1; 128; 16],0.02967405148956459,0.1540547495860549,tvm
1280,40,2,1,64,64,[1280; 40; 2; 1; 64; 64],0.10588501900201663,0.04317351608863107,tvm
10,1,1500,1,160,16,[10; 1; 1500; 1; 160; 16],0.03549174925137777,0.12880257152304522,tvm
80,2,100,1,128,64,[80; 2; 100; 1; 128; 64],0.022375399494194426,0.20430600904420435,tvm
128,32,30,1,640,64,[128; 32; 30; 1; 640; 64],0.10366172099020332,0.04409948559372847,tvm
32,32,1500,1,640,128,[32; 32; 1500; 1; 640; 128],0.033379485248588026,0.13695323751650562,tvm
128,2,12,1,64,64,[128; 2; 12; 1; 64; 64],0.029724297259235755,0.1537943363827774,tvm
1280,64,4,1,1280,64,[1280; 64; 4; 1; 1280; 64],0.37919223302742466,0.012055702024619128,tvm
40,2,12,1,256,128,[40; 2; 12; 1; 256; 128],0.023699731755186804,0.19288946468468327,tvm
160,10,300,1,1280,128,[160; 10; 300; 1; 1280; 128],0.11147894797613844,0.04100710182883198,tvm
16,1,3,1,640,128,[16; 1; 3; 1; 640; 128],0.0491494937450625,0.0930106949858016,tvm
1,1,5,1,128,64,[1; 1; 5; 1; 128; 64],0.06366665649693459,0.07180255447604157,tvm
16,8,3,1,80,16,[16; 8; 3; 1; 80; 16],0.01597093412419781,0.2862342638119288,tvm
160,20,375,1,256,64,[160; 20; 375; 1; 256; 64],0.03390437175403349,0.13483301223196162,tvm
5,5,75,1,1280,128,[5; 5; 75; 1; 1280; 128],0.10653119604103267,0.04291164223546117,tvm
16,4,100,1,1280,128,[16; 4; 100; 1; 1280; 128],0.08463616849621758,0.05401270700992178,tvm
320,2,100,1,160,16,[320; 2; 100; 1; 160; 16],0.034487547251046635,0.13255302089625515,tvm
160,1,250,1,128,16,[160; 1; 250; 1; 128; 16],0.10969112801831216,0.04167546322128626,tvm
5,1,50,1,80,16,[5; 1; 50; 1; 80; 16],0.015983446879545227,0.28601018327772876,tvm
1280,8,5,1,64,16,[1280; 8; 5; 1; 64; 16],0.06457999598933384,0.07078706806026433,tvm
1280,1,375,1,1280,64,[1280; 1; 375; 1; 1280; 64],0.29845355602446944,0.015317051779586678,tvm
160,40,5,1,1280,16,[160; 40; 5; 1; 1280; 16],0.26183446700451896,0.01745923148975522,tvm
20,20,1,1,64,64,[20; 20; 1; 1; 64; 64],0.013231528253527358,0.3454951298017965,tvm
256,64,300,1,320,64,[256; 64; 300; 1; 320; 64],0.026619039257639088,0.17173529544709887,tvm
80,8,20,1,640,128,[80; 8; 20; 1; 640; 128],0.054440068488474935,0.08397176378270634,tvm
64,16,300,1,128,128,[64; 16; 300; 1; 128; 128],0.043489699994097464,0.10511520134765284,tvm
640,16,150,1,64,16,[640; 16; 150; 1; 64; 16],0.08577187801711261,0.05329752218456161,tvm
10,5,3,1,80,16,[10; 5; 3; 1; 80; 16],0.013285972374433186,0.344079337408949,tvm
1280,8,30,1,256,128,[1280; 8; 30; 1; 256; 128],0.12094519002130255,0.03779752275078809,tvm
1280,4,25,1,1280,16,[1280; 4; 25; 1; 1280; 16],0.4433634279994294,0.01031079309372909,tvm
40,4,25,1,1280,128,[40; 4; 25; 1; 1280; 128],0.1162367690121755,0.03932859292527072,tvm
1280,5,375,1,1280,64,[1280; 5; 375; 1; 1280; 64],0.2981849030475132,0.015330851846312802,tvm
40,5,5,1,64,64,[40; 5; 5; 1; 64; 64],0.017321261126198806,0.26392007707303605,tvm
640,4,4,1,640,128,[640; 4; 4; 1; 640; 128],0.09862434852402657,0.04635192667777059,tvm
640,10,4,1,1280,128,[640; 10; 4; 1; 1280; 128],0.2231923250365071,0.020482015099223653,tvm
40,5,1,1,80,16,[40; 5; 1; 1; 80; 16],0.02102216012281133,0.21745760401035452,tvm
1280,40,50,1,64,64,[1280; 40; 50; 1; 64; 64],0.09063426547800191,0.05043819296508908,tvm
40,4,1,1,64,16,[40; 4; 1; 1; 64; 16],0.02617892275156919,0.17462248599035865,tvm
640,8,1,1,1280,16,[640; 8; 1; 1; 1280; 16],0.5996072169509716,0.007624038607597957,tvm
80,5,2,1,160,16,[80; 5; 2; 1; 160; 16],0.027644803005387075,0.16536303660900564,tvm
2,1,500,1,320,64,[2; 1; 500; 1; 320; 64],0.12027976801618934,0.038006629434247576,tvm
40,4,100,1,32,16,[40; 4; 100; 1; 32; 16],0.032309605754562654,0.14148821889549085,tvm
16,2,1,1,1280,16,[16; 2; 1; 1; 1280; 16],0.14548877795459703,0.03142117650376572,tvm
8,4,300,1,256,16,[8; 4; 300; 1; 256; 16],0.02603276450827252,0.1756028857394647,tvm
128,4,2,1,640,64,[128; 4; 2; 1; 640; 64],0.05263067199848592,0.08685863960771929,tvm
10,10,12,1,16,16,[10; 10; 12; 1; 16; 16],0.035392219506320544,0.12916478918797902,tvm
1280,64,500,1,320,64,[1280; 64; 500; 1; 320; 64],0.07900074598728679,0.057865638030357706,tvm
256,2,75,1,16,16,[256; 2; 75; 1; 16; 16],0.034506718497141264,0.13247937707572208,tvm
4,1,60,1,160,16,[4; 1; 60; 1; 160; 16],0.035235914750956,0.12973775773210322,tvm
1280,10,4,1,640,64,[1280; 10; 4; 1; 640; 64],0.18812330899527296,0.02430017096681751,tvm
640,20,20,1,640,64,[640; 20; 20; 1; 640; 64],0.06039630851591937,0.0756905295002198,tvm
10,1,6,1,640,64,[10; 1; 6; 1; 640; 64],0.043558253993978724,0.10494976616970238,tvm
20,2,60,1,64,64,[20; 2; 60; 1; 64; 64],0.012588295743626077,0.36314912395851967,tvm
8,1,375,1,80,16,[8; 1; 375; 1; 80; 16],0.028102238255087286,0.16267133350493945,tvm
32,32,300,1,320,16,[32; 32; 300; 1; 320; 16],0.04047803700086661,0.11293602432674046,tvm
4,2,30,1,128,16,[4; 2; 30; 1; 128; 16],0.02379717124858871,0.19209966275717244,tvm
128,1,500,1,64,16,[128; 1; 500; 1; 64; 16],0.03950590100430418,0.11571508192992519,tvm
64,64,100,1,256,64,[64; 64; 100; 1; 256; 64],0.015955352006130852,0.2865138023700134,tvm
8,2,100,1,640,16,[8; 2; 100; 1; 640; 16],0.06528204749338329,0.07002581485961991,tvm
10,2,125,1,640,16,[10; 2; 125; 1; 640; 16],0.06724658200982958,0.06798008812939156,tvm
640,8,150,1,1280,64,[640; 8; 150; 1; 1280; 64],0.12788879399886355,0.03574534115529461,tvm
16,2,100,1,80,16,[16; 2; 100; 1; 80; 16],0.013259601495519746,0.34476364715585156,tvm
128,8,6,1,128,16,[128; 8; 6; 1; 128; 16],0.048820946758496575,0.09363662269890292,tvm
40,4,25,1,64,16,[40; 4; 25; 1; 64; 16],0.0566374649934005,0.08071386266954644,tvm
4,4,5,1,320,16,[4; 4; 5; 1; 320; 16],0.029765869010589086,0.15357954339590438,tvm
640,10,1500,1,1280,128,[640; 10; 1500; 1; 1280; 128],0.11237292602891102,0.040680871567342174,tvm
20,10,12,1,640,64,[20; 10; 12; 1; 640; 64],0.0408789820066886,0.11182833688668169,tvm
40,20,6,1,1280,128,[40; 20; 6; 1; 1280; 128],0.11568779201479629,0.03951522016120675,tvm
32,16,3,1,1280,16,[32; 16; 3; 1; 1280; 16],0.17324852000456303,0.026386537508708122,tvm
1280,40,250,1,128,64,[1280; 40; 250; 1; 128; 64],0.06116156399366446,0.07474348713355519,tvm
32,16,12,1,16,16,[32; 16; 12; 1; 16; 16],0.01949741099815583,0.23446336397488685,tvm
40,4,75,1,64,16,[40; 4; 75; 1; 64; 16],0.022536338372447062,0.20284699740831025,tvm
1280,64,6,1,64,64,[1280; 64; 6; 1; 64; 64],0.11370677698869258,0.04020365973334352,tvm
256,8,2,1,128,128,[256; 8; 2; 1; 128; 128],0.020758087121066637,0.2202239804066143,tvm
128,4,4,1,1280,128,[128; 4; 4; 1; 1280; 128],0.11807497101835907,0.038716321774220686,tvm
640,32,150,1,1280,128,[640; 32; 150; 1; 1280; 128],0.10593684704508632,0.04315239408138123,tvm
80,5,1,1,320,16,[80; 5; 1; 1; 320; 16],0.053748809499666095,0.08505171768422091,tvm
80,1,4,1,640,16,[80; 1; 4; 1; 640; 16],0.12021451001055539,0.03802726119357122,tvm
1280,10,5,1,640,64,[1280; 10; 5; 1; 640; 64],0.18059424200328067,0.02531325761396937,tvm
320,8,30,1,320,64,[320; 8; 30; 1; 320; 64],0.026134824758628383,0.1749171312089751,tvm
2,1,375,1,16,16,[2; 1; 375; 1; 16; 16],0.06424184649949893,0.07115966960047183,tvm
8,2,4,1,1280,64,[8; 2; 4; 1; 1280; 64],0.09497529550571926,0.04813281756152354,tvm
80,10,6,1,64,64,[80; 10; 6; 1; 64; 64],0.01674897399789188,0.2729378272366986,tvm
32,32,50,1,640,64,[32; 32; 50; 1; 640; 64],0.03931121026107576,0.11628816668498758,tvm
40,40,25,1,320,64,[40; 40; 25; 1; 320; 64],0.01978721599880373,0.23102939654092547,tvm
320,1,1,1,64,16,[320; 1; 1; 1; 64; 16],0.08551251952303573,0.05345917296001436,tvm
20,10,75,1,128,128,[20; 10; 75; 1; 128; 128],0.01491719049954554,0.3064537234117807,tvm
1280,4,250,1,32,16,[1280; 4; 250; 1; 32; 16],0.054480435501318425,0.08390954531407781,tvm
640,1,1500,1,128,64,[640; 1; 1500; 1; 128; 64],0.042290418248740025,0.10809608324374446,tvm
1280,10,10,1,320,64,[1280; 10; 10; 1; 320; 64],0.15625239501241595,0.029256694408206173,tvm
32,16,6,1,640,16,[32; 16; 6; 1; 640; 16],0.07758418400771916,0.058922171185995104,tvm
640,4,25,1,1280,64,[640; 4; 25; 1; 1280; 64],0.12853863602504134,0.03556462642514727,tvm
256,2,150,1,64,64,[256; 2; 150; 1; 64; 64],0.01733913075440796,0.26364808225847314,tvm
160,2,100,1,64,64,[160; 2; 100; 1; 64; 64],0.017309871123870835,0.26409373811711595,tvm
1280,40,4,1,640,64,[1280; 40; 4; 1; 640; 64],0.19201700598932803,0.02380741511865175,tvm
1280,64,10,1,640,64,[1280; 64; 10; 1; 640; 64],0.16900214401539415,0.027049530040353615,tvm
320,40,50,1,64,16,[320; 40; 50; 1; 64; 16],0.041132896760245785,0.11113801680621668,tvm
16,8,15,1,64,64,[16; 8; 15; 1; 64; 64],0.026029612999991514,0.17562414667594414,tvm
1280,20,15,1,32,16,[1280; 20; 15; 1; 32; 16],0.10494360502343625,0.043560811260559135,tvm
160,40,100,1,160,16,[160; 40; 100; 1; 160; 16],0.031819547759369016,0.14366730181080437,tvm
320,32,150,1,80,16,[320; 32; 150; 1; 80; 16],0.06917270499980077,0.06608717371167917,tvm
320,40,2,1,256,16,[320; 40; 2; 1; 256; 16],0.10984035901492462,0.04161884222180507,tvm
320,2,1500,1,256,128,[320; 2; 1500; 1; 256; 128],0.021934928372502327,0.20840863912550198,tvm
80,16,6,1,128,128,[80; 16; 6; 1; 128; 128],0.022264334751525894,0.20532518139196893,tvm
80,20,250,1,128,16,[80; 20; 250; 1; 128; 16],0.045787840499542654,0.09983935738297667,tvm
40,1,50,1,320,64,[40; 1; 50; 1; 320; 64],0.058283096994273365,0.0784348946295311,tvm
320,16,10,1,1280,128,[320; 16; 10; 1; 1280; 128],0.14088908699341118,0.03244700259603754,tvm
640,5,12,1,320,16,[640; 5; 12; 1; 320; 16],0.07287764898501337,0.06272744298280869,tvm
32,4,5,1,1280,128,[32; 4; 5; 1; 1280; 128],0.07508843799587339,0.06088059218490871,tvm
640,5,4,1,256,64,[640; 5; 4; 1; 256; 64],0.023036109625536483,0.19844620666160373,tvm
40,4,2,1,128,128,[40; 4; 2; 1; 128; 128],0.02268472312425729,0.20152013962825227,tvm
16,4,750,1,256,128,[16; 4; 750; 1; 256; 128],0.03186854350497015,0.14344642298182286,tvm
320,8,250,1,320,64,[320; 8; 250; 1; 320; 64],0.026577680750051513,0.17200253906352275,tvm
80,40,15,1,128,128,[80; 40; 15; 1; 128; 128],0.04475763124355581,0.10213741085966799,tvm
256,1,250,1,1280,64,[256; 1; 250; 1; 1280; 64],0.11417838296620175,0.040037601275030955,tvm
16,4,3,1,1280,128,[16; 4; 3; 1; 1280; 128],0.08860660550999455,0.05159241283555241,tvm
1280,4,125,1,64,64,[1280; 4; 125; 1; 64; 64],0.046621969508123584,0.0980530985640156,tvm
160,16,4,1,640,16,[160; 16; 4; 1; 640; 16],0.12878457800252363,0.03549670808673218,tvm
80,8,150,1,128,16,[80; 8; 150; 1; 128; 16],0.04516620525100734,0.10121347467699017,tvm
1280,2,5,1,128,64,[1280; 2; 5; 1; 128; 64],0.12606348301051185,0.03626290867314353,tvm
20,10,4,1,640,64,[20; 10; 4; 1; 640; 64],0.050751695525832474,0.09007440094492464,tvm
80,1,375,1,256,64,[80; 1; 375; 1; 256; 64],0.022996079998847563,0.19879164499591526,tvm
40,40,2,1,128,64,[40; 40; 2; 1; 128; 64],0.03124634749838151,0.1463028141662113,tvm
1,1,60,1,128,128,[1; 1; 60; 1; 128; 128],0.059738308511441574,0.07652423855544913,tvm
1280,2,1500,1,16,16,[1280; 2; 1500; 1; 16; 16],0.054465449502458796,0.08393263276422971,tvm
5,5,300,1,64,16,[5; 5; 300; 1; 64; 16],0.037525718260440044,0.12182121444555569,tvm
640,10,30,1,128,128,[640; 10; 30; 1; 128; 128],0.02326268875185633,0.19651333602027315,tvm
2,2,4,1,256,64,[2; 2; 4; 1; 256; 64],0.043612517751171254,0.104819185113563,tvm
40,40,150,1,64,16,[40; 40; 150; 1; 64; 16],0.0445594267512206,0.10259172760348288,tvm
10,5,25,1,256,128,[10; 5; 25; 1; 256; 128],0.032907461005379446,0.1389176931845721,tvm
20,2,500,1,64,64,[20; 2; 500; 1; 64; 64],0.024498808626958635,0.18659799507140704,tvm
32,8,1500,1,320,16,[32; 8; 1500; 1; 320; 16],0.04152637699735351,0.11008493641812071,tvm
1280,4,1,1,256,64,[1280; 4; 1; 1; 256; 64],0.06439074801164679,0.07099511517713238,tvm
160,32,5,1,320,16,[160; 32; 5; 1; 320; 16],0.06305128801614046,0.07250333363940693,tvm
80,8,3,1,64,64,[80; 8; 3; 1; 64; 64],0.017575359997863416,0.26010440594015183,tvm
80,8,30,1,320,64,[80; 8; 30; 1; 320; 64],0.027675040502799675,0.16518236245999765,tvm
10,2,75,1,160,16,[10; 2; 75; 1; 160; 16],0.03648660524049774,0.12529059750274016,tvm
10,1,12,1,256,16,[10; 1; 12; 1; 256; 16],0.02108274700003676,0.21683268178575593,tvm
128,64,4,1,320,16,[128; 64; 4; 1; 320; 16],0.10904718399979174,0.0419215646268986,tvm
640,20,60,1,128,16,[640; 20; 60; 1; 128; 16],0.05678647552849725,0.08050206548096975,tvm
320,4,750,1,640,16,[320; 4; 750; 1; 640; 16],0.14622809598222375,0.03126231344750805,tvm
40,1,2,1,128,16,[40; 1; 2; 1; 128; 16],0.043683384006726556,0.10464914006489615,tvm
256,8,20,1,320,64,[256; 8; 20; 1; 320; 64],0.051943359518190846,0.08800794969427483,tvm
320,8,150,1,1280,64,[320; 8; 150; 1; 1280; 64],0.12212550599360839,0.037432218063176946,tvm
1280,4,75,1,16,16,[1280; 4; 75; 1; 16; 16],0.054863979981746525,0.08332294837067061,tvm
160,32,750,1,80,16,[160; 32; 750; 1; 80; 16],0.06385004150797613,0.07159632888973941,tvm
1280,2,10,1,160,16,[1280; 2; 10; 1; 160; 16],0.11133814201457426,0.04105896226317633,tvm
256,2,20,1,128,128,[256; 2; 20; 1; 128; 128],0.020773114621988498,0.220064667942942,tvm
5,1,6,1,640,64,[5; 1; 6; 1; 640; 64],0.05493463049060665,0.08321578812130623,tvm
160,8,375,1,64,64,[160; 8; 375; 1; 64; 64],0.035168487738701515,0.12998649829341105,tvm
640,64,3,1,1280,64,[640; 64; 3; 1; 1280; 64],0.2657502410002053,0.017201973380054397,tvm
32,2,100,1,256,16,[32; 2; 100; 1; 256; 16],0.027127802750328556,0.1685145167672382,tvm
128,1,250,1,128,128,[128; 1; 250; 1; 128; 128],0.023410097375744954,0.19527593149462927,tvm
80,20,6,1,256,64,[80; 20; 6; 1; 256; 64],0.023331270371272694,0.19593569054247797,tvm
16,4,15,1,64,64,[16; 4; 15; 1; 64; 64],0.02665388675814029,0.1715107673755095,tvm
80,8,5,1,256,64,[80; 8; 5; 1; 256; 64],0.023309075004362967,0.1961222644215996,tvm
80,8,12,1,128,64,[80; 8; 12; 1; 128; 64],0.022287636245891917,0.20511051602752098,tvm
64,2,60,1,16,16,[64; 2; 60; 1; 16; 16],0.02950758374936413,0.1549238531442644,tvm
160,32,6,1,1280,64,[160; 32; 6; 1; 1280; 64],0.11594157799845561,0.03942872479697891,tvm
320,8,75,1,16,16,[320; 8; 75; 1; 16; 16],0.03531850650324486,0.12943436809845216,tvm
256,32,100,1,1280,64,[256; 32; 100; 1; 1280; 64],0.10774069500621408,0.04242991537380475,tvm
1280,8,75,1,256,64,[1280; 8; 75; 1; 256; 64],0.062280850019305944,0.07340022767851613,tvm
80,10,20,1,64,64,[80; 10; 20; 1; 64; 64],0.01675146137131378,0.272897299530951,tvm
8,8,375,1,640,64,[8; 8; 375; 1; 640; 64],0.05508293700404465,0.08299173609956381,tvm
32,2,250,1,128,16,[32; 2; 250; 1; 128; 16],0.027067938252002932,0.16888720998505685,tvm
128,32,2,1,80,16,[128; 32; 2; 1; 80; 16],0.05688448800356127,0.08036335971139225,tvm
256,8,75,1,1280,16,[256; 8; 75; 1; 1280; 16],0.2772972389939241,0.016485662057128297,tvm
1280,1,5,1,1280,64,[1280; 1; 5; 1; 1280; 64],0.3692731180344708,0.01237953251447304,tvm
64,2,75,1,32,16,[64; 2; 75; 1; 32; 16],0.028175826751976274,0.16224647502518905,tvm
2,2,125,1,64,64,[2; 2; 125; 1; 64; 64],0.04442198974720668,0.10290913571056393,tvm
128,64,12,1,128,16,[128; 64; 12; 1; 128; 16],0.04984005224832799,0.09172198593716224,tvm
256,1,3,1,256,64,[256; 1; 3; 1; 256; 64],0.02262408749811584,0.20206024096261496,tvm
80,40,15,1,640,128,[80; 40; 15; 1; 640; 128],0.05792500200914219,0.0789197826994822,tvm
80,16,500,1,128,128,[80; 16; 500; 1; 128; 128],0.022319493000395596,0.2048177604817254,tvm
256,16,6,1,256,16,[256; 16; 6; 1; 256; 16],0.1087772729806602,0.042025585365072886,tvm
320,10,150,1,320,64,[320; 10; 150; 1; 320; 64],0.05682192649692297,0.08045184057031443,tvm
1280,40,3,1,64,16,[1280; 40; 3; 1; 64; 16],0.1320028699701652,0.03463128167184387,tvm
64,1,3,1,1280,128,[64; 1; 3; 1; 1280; 128],0.11624835297698155,0.03932467389308961,tvm
32,8,30,1,128,64,[32; 8; 30; 1; 128; 64],0.01692288424965227,0.27013294566040097,tvm
4,1,25,1,320,64,[4; 1; 25; 1; 320; 64],0.033721281244652346,0.1355650913220721,tvm
640,16,5,1,640,128,[640; 16; 5; 1; 640; 128],0.08830422951723449,0.051769078292409065,tvm
16,2,1,1,128,128,[16; 2; 1; 1; 128; 128],0.015670019245590083,0.2917308842945474,tvm
40,4,100,1,640,128,[40; 4; 100; 1; 640; 128],0.057982594502391294,0.07884139388140071,tvm
80,8,10,1,80,16,[80; 8; 10; 1; 80; 16],0.028904592501930892,0.1581557868744626,tvm
160,32,125,1,1280,16,[160; 32; 125; 1; 1280; 16],0.26545781502500176,0.017220922921399085,tvm
80,20,75,1,1280,16,[80; 20; 75; 1; 1280; 16],0.23559373803436756,0.019403862808788697,tvm
32,2,60,1,320,16,[32; 2; 60; 1; 320; 16],0.03616016375599429,0.1264216777964885,tvm
320,10,25,1,32,16,[320; 10; 25; 1; 32; 16],0.034480866248486564,0.1325787043308177,tvm
256,32,150,1,16,16,[256; 32; 150; 1; 16; 16],0.03443638149474282,0.13274996887017476,tvm
32,32,30,1,640,64,[32; 32; 30; 1; 640; 64],0.07587364449864253,0.06025054683527638,tvm
1280,8,4,1,640,128,[1280; 8; 4; 1; 640; 128],0.1951890549971722,0.023420516952114966,tvm
256,8,60,1,640,64,[256; 8; 60; 1; 640; 64],0.05282805050956085,0.08653411449663909,tvm
320,8,10,1,32,16,[320; 8; 10; 1; 32; 16],0.06160171149531379,0.07420944094672326,tvm
256,1,15,1,256,64,[256; 1; 15; 1; 256; 64],0.020854401001997758,0.21920689886948322,tvm
20,4,25,1,256,128,[20; 4; 25; 1; 256; 128],0.015230031254759524,0.3001588437318511,tvm
64,64,6,1,640,64,[64; 64; 6; 1; 640; 64],0.052748470508959144,0.08666466586272166,tvm
640,16,125,1,640,16,[640; 16; 125; 1; 640; 16],0.14388668996980414,0.03177103158317093,tvm
256,32,5,1,1280,128,[256; 32; 5; 1; 1280; 128],0.15883434400893748,0.0287811090224375,tvm
10,1,750,1,16,16,[10; 1; 750; 1; 16; 16],0.017820291373936925,0.256529395367492,tvm
8,2,500,1,80,16,[8; 2; 500; 1; 80; 16],0.014726504377904348,0.3104218390270229,tvm
80,10,6,1,1280,64,[80; 10; 6; 1; 1280; 64],0.10864299401873723,0.04207752752690298,tvm
1280,16,75,1,256,16,[1280; 16; 75; 1; 256; 16],0.08346403649193235,0.05477123757213021,tvm
8,4,500,1,64,64,[8; 4; 500; 1; 64; 64],0.014295030625362415,0.3197914499964686,tvm
640,8,250,1,1280,64,[640; 8; 250; 1; 1280; 64],0.11612200096715242,0.03936746295580713,tvm
320,32,1500,1,32,16,[320; 32; 1500; 1; 32; 16],0.035059250745689496,0.13039150792435644,tvm
80,40,75,1,640,128,[80; 40; 75; 1; 640; 128],0.056529043009504676,0.08086867082925747,tvm
16,2,10,1,640,64,[16; 2; 10; 1; 640; 64],0.03986184499808587,0.11468181093093126,tvm
64,8,3,1,640,16,[64; 8; 3; 1; 640; 16],0.11315046402160078,0.0404013241214448,tvm
64,2,500,1,1280,128,[64; 2; 500; 1; 1280; 128],0.1105923629947938,0.04133584315983713,tvm
640,32,250,1,1280,128,[640; 32; 250; 1; 1280; 128],0.11210978397866711,0.04077635697075689,tvm
40,4,10,1,128,128,[40; 4; 10; 1; 128; 128],0.02270112337282626,0.2013745529836057,tvm
80,5,30,1,320,16,[80; 5; 30; 1; 320; 16],0.05566775851184502,0.08211986064529364,tvm
320,1,6,1,80,16,[320; 1; 6; 1; 80; 16],0.035556404254748486,0.1285683596877788,tvm
640,4,50,1,1280,16,[640; 4; 50; 1; 1280; 16],0.2947819789987989,0.015507829165660085,tvm
2,1,375,1,1280,128,[2; 1; 375; 1; 1280; 128],0.23367136798333377,0.019563494710034914,tvm
16,1,25,1,1280,64,[16; 1; 25; 1; 1280; 64],0.0881682020262815,0.051848948559321914,tvm
1280,16,15,1,256,64,[1280; 16; 15; 1; 256; 64],0.06530504699912854,0.07000115276679267,tvm
320,64,6,1,80,16,[320; 64; 6; 1; 80; 16],0.03438960574567318,0.13293053154596685,tvm
40,1,60,1,80,16,[40; 1; 60; 1; 80; 16],0.05574748897925019,0.08200241221860426,tvm
80,1,300,1,128,16,[80; 1; 300; 1; 128; 16],0.0496326452557696,0.09210527764278614,tvm
256,8,4,1,320,64,[256; 8; 4; 1; 320; 64],0.028210410993779078,0.16204757075097762,tvm
1280,40,2,1,320,16,[1280; 40; 2; 1; 320; 16],0.12464551196899265,0.0366754365978759,tvm
256,16,750,1,256,128,[256; 16; 750; 1; 256; 128],0.0209748541310546,0.21794805069277132,tvm
2,2,50,1,640,128,[2; 2; 50; 1; 640; 128],0.1213206069660373,0.037680561330428436,tvm
32,1,30,1,32,16,[32; 1; 30; 1; 32; 16],0.027469088745419867,0.16642083083993098,tvm
20,20,4,1,64,64,[20; 20; 4; 1; 64; 64],0.0211506816194742,0.21613622925605822,tvm
40,5,75,1,16,16,[40; 5; 75; 1; 16; 16],0.0205964445049176,0.221952316592172,tvm
320,40,12,1,16,16,[320; 40; 12; 1; 16; 16],0.034955038252519444,0.13078024799755664,tvm
128,16,20,1,640,64,[128; 16; 20; 1; 640; 64],0.11373950698180124,0.04019209061773072,tvm
16,16,75,1,16,16,[16; 16; 75; 1; 16; 16],0.016588763624895364,0.2755737965045244,tvm
16,4,10,1,256,128,[16; 4; 10; 1; 256; 128],0.02856396474817302,0.16004180833198112,tvm
20,1,500,1,80,16,[20; 1; 500; 1; 80; 16],0.028880831494461745,0.1582859057331919,tvm
2,1,300,1,320,16,[2; 1; 300; 1; 320; 16],0.1896878710249439,0.02409974104684548,tvm
320,16,150,1,32,16,[320; 16; 150; 1; 32; 16],0.03495321924856398,0.1307870539454355,tvm
10,5,20,1,256,64,[10; 5; 20; 1; 256; 64],0.031715674747829325,0.14413783114424983,tvm
10,5,125,1,1280,64,[10; 5; 125; 1; 1280; 64],0.09100767649943009,0.05023124144321165,tvm
16,2,30,1,320,64,[16; 2; 30; 1; 320; 64],0.018234562252473552,0.2507013060216704,tvm
320,40,300,1,128,128,[320; 40; 300; 1; 128; 128],0.022971414131461643,0.19900510022008372,tvm
64,32,1500,1,128,64,[64; 32; 1500; 1; 128; 64],0.03920253526302986,0.11661053400644932,tvm
32,2,375,1,32,16,[32; 2; 375; 1; 32; 16],0.03554268575680908,0.12861798353414533,tvm
128,1,1500,1,1280,64,[128; 1; 1500; 1; 1280; 64],0.11569604102987796,0.039512402764481994,tvm
320,40,500,1,128,128,[320; 40; 500; 1; 128; 128],0.020639135749661364,0.22149321690970405,tvm
10,2,250,1,256,16,[10; 2; 250; 1; 256; 16],0.026089026010595262,0.17522419463156752,tvm
8,2,1,1,1280,128,[8; 2; 1; 1; 1280; 128],0.1496427319943905,0.03054895156284594,tvm
64,2,750,1,320,64,[64; 2; 750; 1; 320; 64],0.029174724739277735,0.1566914036818345,tvm
160,40,1,1,256,16,[160; 40; 1; 1; 256; 16],0.051445680495817214,0.08885932749592555,tvm
10,5,12,1,128,64,[10; 5; 12; 1; 128; 64],0.015437039503012784,0.2961337613041921,tvm
64,4,2,1,64,64,[64; 4; 2; 1; 64; 64],0.03412275351001881,0.13397009623172265,tvm
320,64,100,1,16,16,[320; 64; 100; 1; 16; 16],0.03504589924705215,0.13044118340929983,tvm
1280,2,60,1,640,16,[1280; 2; 60; 1; 640; 16],0.22712408198276535,0.02012744985701455,tvm
1,1,15,1,640,16,[1; 1; 15; 1; 640; 16],0.24217699200380594,0.01887639504316219,tvm
80,8,375,1,256,16,[80; 8; 375; 1; 256; 16],0.048517777511733584,0.09422172254949257,tvm
1280,16,1500,1,32,16,[1280; 16; 1500; 1; 32; 16],0.05232117700506933,0.08737243374677241,tvm
32,2,375,1,1280,16,[32; 2; 375; 1; 1280; 16],0.16194098797859624,0.028228977904178144,tvm
32,8,60,1,1280,16,[32; 8; 60; 1; 1280; 16],0.166210813971702,0.027503797509871253,tvm
1280,2,50,1,1280,128,[1280; 2; 50; 1; 1280; 128],0.3041120590060018,0.015032052942492335,tvm
20,2,5,1,640,128,[20; 2; 5; 1; 640; 128],0.046005846495972946,0.09936625276156423,tvm
256,8,750,1,256,128,[256; 8; 750; 1; 256; 128],0.021969218498270493,0.208083349518712,tvm
320,2,750,1,128,128,[320; 2; 750; 1; 128; 128],0.028516989506897517,0.16030544073815584,tvm
64,64,20,1,80,16,[64; 64; 20; 1; 80; 16],0.023771814623614773,0.1923045692476225,tvm
128,2,2,1,1280,64,[128; 2; 2; 1; 1280; 64],0.12215976702282205,0.037421719792364465,tvm
160,32,10,1,64,64,[160; 32; 10; 1; 64; 64],0.01844617688038852,0.24782525946006687,tvm
320,8,20,1,80,16,[320; 8; 20; 1; 80; 16],0.03508000375586562,0.13031436949787092,tvm
320,4,10,1,640,16,[320; 4; 10; 1; 640; 16],0.1494110960047692,0.030596312413655354,tvm
8,4,3,1,32,16,[8; 4; 3; 1; 32; 16],0.02820336350123398,0.16208806340522322,tvm
20,5,300,1,256,16,[20; 5; 300; 1; 256; 16],0.025120538994087838,0.1819797167769555,tvm
128,32,6,1,320,16,[128; 32; 6; 1; 320; 16],0.06199690100038424,0.07373640452448162,tvm
160,40,1500,1,320,64,[160; 40; 1500; 1; 320; 64],0.029928998497780412,0.15274245049554855,tvm
80,2,750,1,256,128,[80; 2; 750; 1; 256; 128],0.023208979378978256,0.1969681000091363,tvm
20,5,75,1,64,64,[20; 5; 75; 1; 64; 64],0.01277029725315515,0.35797354445286006,tvm
10,1,1,1,1280,16,[10; 1; 1; 1; 1280; 16],0.14784345199586824,0.030920737507917014,tvm
4,1,3,1,256,16,[4; 1; 3; 1; 256; 16],0.0265406180114951,0.17224273260888742,tvm
128,64,10,1,640,16,[128; 64; 10; 1; 640; 16],0.12204748601652682,0.03745614695258484,tvm
80,20,15,1,16,16,[80; 20; 15; 1; 16; 16],0.029145884996978566,0.1568464492295387,tvm
640,64,60,1,16,16,[640; 64; 60; 1; 16; 16],0.0715943819959648,0.06385177780689869,tvm
1280,10,50,1,256,64,[1280; 10; 50; 1; 256; 64],0.06369370850734413,0.07177205847421286,tvm
1280,20,4,1,1280,64,[1280; 20; 4; 1; 1280; 64],0.38299932301742956,0.011935865931597312,tvm
256,32,750,1,1280,16,[256; 32; 750; 1; 1280; 16],0.27883761801058426,0.01639459052922711,tvm
640,2,6,1,640,64,[640; 2; 6; 1; 640; 64],0.08530056398012675,0.05359200875264575,tvm
8,4,20,1,64,64,[8; 4; 20; 1; 64; 64],0.014045288997294847,0.3254777151476939,tvm
10,5,10,1,1280,16,[10; 5; 10; 1; 1280; 16],0.09673156499047764,0.0472589125574324,tvm
128,8,60,1,1280,128,[128; 8; 60; 1; 1280; 128],0.11281719000544399,0.040520673943465334,tvm
10,2,75,1,1280,64,[10; 2; 75; 1; 1280; 64],0.09461987248505466,0.04831362008177125,tvm
16,1,150,1,1280,64,[16; 1; 150; 1; 1280; 64],0.11393511097412556,0.040123088768191345,tvm
160,40,30,1,256,64,[160; 40; 30; 1; 256; 64],0.0227739813781227,0.20073032007569874,tvm
256,2,3,1,640,16,[256; 2; 3; 1; 640; 16],0.13714455399895087,0.03333292090813568,tvm
40,8,375,1,1280,64,[40; 8; 375; 1; 1280; 64],0.11367023701313883,0.040216583439517006,tvm
64,2,12,1,1280,128,[64; 2; 12; 1; 1280; 128],0.10986266902182251,0.04161039060975779,tvm
80,16,750,1,32,16,[80; 16; 750; 1; 32; 16],0.030674860754515976,0.14902850278645724,tvm
320,20,2,1,256,64,[320; 20; 2; 1; 256; 64],0.022292529873084277,0.20506549043354913,tvm
10,10,1,1,128,16,[10; 10; 1; 1; 128; 16],0.018374864623183385,0.24878706130225556,tvm
32,32,15,1,64,64,[32; 32; 15; 1; 64; 64],0.012487744497775566,0.3660731985862521,tvm
64,64,250,1,160,16,[64; 64; 250; 1; 160; 16],0.023255616877577268,0.19657309438376058,tvm
640,8,12,1,640,128,[640; 8; 12; 1; 640; 128],0.0742894925060682,0.06153533181095783,tvm
640,1,125,1,128,128,[640; 1; 125; 1; 128; 128],0.022198883998498786,0.20593055811894498,tvm
4,4,25,1,640,16,[4; 4; 25; 1; 640; 16],0.07182317497790791,0.06364837773928397,tvm
64,8,750,1,128,16,[64; 8; 750; 1; 128; 16],0.040461048745783046,0.11298344242510565,tvm
8,2,15,1,1280,16,[8; 2; 15; 1; 1280; 16],0.10428597300779074,0.04383550768699315,tvm
1280,2,1500,1,32,16,[1280; 2; 1500; 1; 32; 16],0.0544277909793891,0.08399070565181849,tvm
10,10,300,1,32,16,[10; 10; 300; 1; 32; 16],0.015741143128252588,0.2904127441179072,tvm
640,2,2,1,128,128,[640; 2; 2; 1; 128; 128],0.024888561500119977,0.18367588546274702,tvm
320,2,5,1,1280,16,[320; 2; 5; 1; 1280; 16],0.33589606202440336,0.013609652175965227,tvm
160,40,60,1,256,16,[160; 40; 60; 1; 256; 16],0.05127868152339943,0.08914871513111239,tvm
640,2,3,1,320,64,[640; 2; 3; 1; 320; 64],0.03540668249479495,0.12911202771117025,tvm
40,1,12,1,80,16,[40; 1; 12; 1; 80; 16],0.027603545007877983,0.16561019862209356,tvm
320,64,75,1,256,64,[320; 64; 75; 1; 256; 64],0.042093095238669775,0.10860281349015469,tvm
1280,5,15,1,64,16,[1280; 5; 15; 1; 64; 16],0.06617163599003106,0.06908441212058396,tvm
1280,8,60,1,1280,64,[1280; 8; 60; 1; 1280; 64],0.3046859070309438,0.015003741446316056,tvm
64,8,4,1,1280,128,[64; 8; 4; 1; 1280; 128],0.11019990901695564,0.04148305213868371,tvm
16,16,300,1,80,16,[16; 16; 300; 1; 80; 16],0.013451589504256845,0.3398430029389399,tvm
256,64,375,1,160,16,[256; 64; 375; 1; 160; 16],0.06837430049199611,0.06685887151362818,tvm
4,4,10,1,640,128,[4; 4; 10; 1; 640; 128],0.06719910050742328,0.0680281214615898,tvm
128,32,75,1,256,64,[128; 32; 75; 1; 256; 64],0.022949318998144008,0.199196698246178,tvm
8,1,20,1,640,64,[8; 1; 20; 1; 640; 64],0.05961444499553181,0.07668323628226693,tvm
32,4,10,1,80,16,[32; 4; 10; 1; 80; 16],0.017016265621350612,0.26865051787230676,tvm
80,5,20,1,128,64,[80; 5; 20; 1; 128; 64],0.023557945496577304,0.19405039255620773,tvm
32,16,15,1,640,16,[32; 16; 15; 1; 640; 16],0.1338668650132604,0.03414906721671372,tvm
20,20,5,1,256,16,[20; 20; 5; 1; 256; 16],0.023261876245669555,0.19652019996794504,tvm
64,8,30,1,64,64,[64; 8; 30; 1; 64; 64],0.033687209492200054,0.13570220390285048,tvm
20,5,12,1,320,64,[20; 5; 12; 1; 320; 64],0.02065010862861527,0.22137552172940395,tvm
1280,10,100,1,32,16,[1280; 10; 100; 1; 32; 16],0.10676133201923221,0.04281914139667221,tvm
160,2,150,1,1280,128,[160; 2; 150; 1; 1280; 128],0.10725583700696006,0.04262172296629341,tvm
80,4,5,1,16,16,[80; 4; 5; 1; 16; 16],0.02880090424150694,0.15872517519225576,tvm
320,4,1500,1,640,64,[320; 4; 1500; 1; 640; 64],0.058024769998155534,0.07878408775379697,tvm
80,8,12,1,80,16,[80; 8; 12; 1; 80; 16],0.028957616494153626,0.15786618944799952,tvm
8,2,250,1,640,16,[8; 2; 250; 1; 640; 16],0.11615320999408141,0.03935688537287527,tvm
320,2,100,1,320,64,[320; 2; 100; 1; 320; 64],0.028523235247121193,0.16027033861419906,tvm
32,2,6,1,640,128,[32; 2; 6; 1; 640; 128],0.041885858998284675,0.10914014134497714,tvm
320,32,25,1,256,64,[320; 32; 25; 1; 256; 64],0.022647478501312435,0.20185154701277913,tvm
80,2,100,1,1280,16,[80; 2; 100; 1; 1280; 16],0.24271256104111671,0.01883474242873713,tvm
8,2,50,1,160,16,[8; 2; 50; 1; 160; 16],0.015004353503172752,0.30467347829827646,tvm
40,2,50,1,320,16,[40; 2; 50; 1; 320; 16],0.05649548248038627,0.08091670998677904,tvm
10,10,3,1,1280,128,[10; 10; 3; 1; 1280; 128],0.11417921399697661,0.04003730986928689,tvm
160,2,100,1,1280,16,[160; 2; 100; 1; 1280; 16],0.2766956060077064,0.01652150765018383,tvm
320,8,3,1,256,128,[320; 8; 3; 1; 256; 128],0.021746250124124344,0.21021686706147225,tvm
256,32,1,1,128,128,[256; 32; 1; 1; 128; 128],0.020723255875054747,0.22059412859594849,tvm
640,1,25,1,256,128,[640; 1; 25; 1; 256; 128],0.02203194162575528,0.2074909533204547,tvm
256,2,25,1,128,64,[256; 2; 25; 1; 128; 64],0.022608211496844888,0.20220213226802758,tvm
16,2,60,1,1280,64,[16; 2; 60; 1; 1280; 64],0.09669596049934626,0.04727631379657766,tvm
2,1,375,1,640,16,[2; 1; 375; 1; 640; 16],0.1961447030189447,0.023306408488568964,tvm
32,1,75,1,128,16,[32; 1; 75; 1; 128; 16],0.04204217251390219,0.10873435643500408,tvm
16,1,375,1,1280,128,[16; 1; 375; 1; 1280; 128],0.08604368648957461,0.0531291575005037,tvm
64,16,250,1,320,64,[64; 16; 250; 1; 320; 64],0.027962337495409884,0.16348520835137578,tvm
320,5,6,1,128,64,[320; 5; 6; 1; 128; 64],0.022833458751847502,0.20020745087770322,tvm
4,1,500,1,640,128,[4; 1; 500; 1; 640; 128],0.06986172948381864,0.0654353764959026,tvm
1280,40,2,1,1280,128,[1280; 40; 2; 1; 1280; 128],0.42079418298089877,0.010863811232001,tvm
1280,8,20,1,1280,64,[1280; 8; 20; 1; 1280; 64],0.30944759800331667,0.014772868171946757,tvm
160,1,15,1,640,128,[160; 1; 15; 1; 640; 128],0.05922476001433097,0.07718779392812053,tvm
80,16,1,1,320,64,[80; 16; 1; 1; 320; 64],0.028785035508917645,0.15881267785868586,tvm
40,5,1,1,64,16,[40; 5; 1; 1; 64; 16],0.052173939504427835,0.08761900318147547,tvm
160,16,250,1,1280,16,[160; 16; 250; 1; 1280; 16],0.26543804100947455,0.017222205807589572,tvm
320,1,4,1,64,16,[320; 1; 4; 1; 64; 16],0.042954408258083276,0.10642513206006762,tvm
1280,64,750,1,256,16,[1280; 64; 750; 1; 256; 16],0.08767968398751691,0.05213783129144732,tvm
40,2,125,1,64,16,[40; 2; 125; 1; 64; 16],0.06028279449674301,0.07583305667217467,tvm
640,2,75,1,1280,16,[640; 2; 75; 1; 1280; 16],0.29232852900167927,0.01563798301534337,tvm
160,5,500,1,128,128,[160; 5; 500; 1; 128; 128],0.02315859888039995,0.1973965953224206,tvm
5,5,15,1,320,64,[5; 5; 15; 1; 320; 64],0.027324782247887924,0.16729972557354675,tvm
1280,1,300,1,128,16,[1280; 1; 300; 1; 128; 16],0.15438574698055163,0.029610431408570677,tvm
160,8,750,1,64,64,[160; 8; 750; 1; 64; 64],0.017552040750160813,0.26044997482054544,tvm
32,2,75,1,1280,128,[32; 2; 75; 1; 1280; 128],0.07185106398537755,0.06362367260641966,tvm
40,40,12,1,640,16,[40; 40; 12; 1; 640; 16],0.07704214949626476,0.059336721539035055,tvm
40,4,12,1,256,64,[40; 4; 12; 1; 256; 64],0.02332642149849562,0.195976419774606,tvm
80,16,6,1,128,64,[80; 16; 6; 1; 128; 64],0.02787153450481128,0.16401782867891382,tvm
160,40,750,1,32,16,[160; 40; 750; 1; 32; 16],0.03252160099509638,0.14056591408638996,tvm
320,64,25,1,640,16,[320; 64; 25; 1; 640; 16],0.14227571297669783,0.03213077253865028,tvm
4,1,100,1,128,64,[4; 1; 100; 1; 128; 64],0.019962779748311732,0.22899759597934657,tvm
160,4,60,1,640,64,[160; 4; 60; 1; 640; 64],0.11334107496077195,0.04033337934205028,tvm
40,4,1500,1,16,16,[40; 4; 1500; 1; 16; 16],0.020462026623135898,0.22341035204498133,tvm
64,32,2,1,16,16,[64; 32; 2; 1; 16; 16],0.05221494799479842,0.0875501891122054,tvm
1280,5,60,1,1280,64,[1280; 5; 60; 1; 1280; 64],0.29920309799490497,0.015278680608803111,tvm
16,1,60,1,32,16,[16; 1; 60; 1; 32; 16],0.0150486281272606,0.3037770973386887,tvm
256,2,3,1,64,16,[256; 2; 3; 1; 64; 16],0.04136768524767831,0.11050723636235207,tvm
128,4,20,1,320,64,[128; 4; 20; 1; 320; 64],0.03028446124517359,0.15094964161388597,tvm
64,2,150,1,1280,128,[64; 2; 150; 1; 1280; 128],0.11108275299193338,0.04115336042995388,tvm
128,8,300,1,128,128,[128; 8; 300; 1; 128; 128],0.02315432375326054,0.19743304188639207,tvm
640,1,750,1,160,16,[640; 1; 750; 1; 160; 16],0.03661479349830188,0.12485195558021064,tvm
1,1,5,1,640,16,[1; 1; 5; 1; 640; 16],0.23291036998853087,0.019627415351466237,tvm
40,40,500,1,1280,64,[40; 40; 500; 1; 1280; 64],0.08338373599690385,0.054823983559555485,tvm
1280,20,3,1,640,128,[1280; 20; 3; 1; 640; 128],0.20268454996403307,0.022554400778153957,tvm
80,10,300,1,80,16,[80; 10; 300; 1; 80; 16],0.03106785725685768,0.14714334927039457,tvm
1,1,4,1,256,16,[1; 1; 4; 1; 256; 16],0.1535489369998686,0.029771802141700818,tvm
1280,2,300,1,640,64,[1280; 2; 300; 1; 640; 64],0.158490230969619,0.028843598393801753,tvm
20,20,1,1,128,128,[20; 20; 1; 1; 128; 128],0.013153708750905935,0.3475391357676004,tvm
8,8,4,1,160,16,[8; 8; 4; 1; 160; 16],0.020438097497390117,0.22367192308444214,tvm
640,20,1500,1,128,16,[640; 20; 1500; 1; 128; 16],0.05783119550324045,0.07904779646432213,tvm
256,8,150,1,320,64,[256; 8; 150; 1; 320; 64],0.059501645009731874,0.07682860819530091,tvm
40,2,75,1,320,16,[40; 2; 75; 1; 320; 16],0.11345893499674276,0.04029148142065507,tvm
64,16,150,1,128,128,[64; 16; 150; 1; 128; 128],0.022009964122844394,0.20769813825747374,tvm
64,64,15,1,32,16,[64; 64; 15; 1; 32; 16],0.02493937612598529,0.18330164108096614,tvm
4,4,125,1,80,16,[4; 4; 125; 1; 80; 16],0.052076833497267216,0.08778238353659622,tvm
80,8,6,1,128,64,[80; 8; 6; 1; 128; 64],0.022301192628219724,0.20498583406001022,tvm
128,4,60,1,256,128,[128; 4; 60; 1; 256; 128],0.04253547824919224,0.1074733083908698,tvm
80,1,15,1,64,16,[80; 1; 15; 1; 64; 16],0.07396145651000552,0.06180825509852078,tvm
256,8,100,1,320,64,[256; 8; 100; 1; 320; 64],0.02823856400209479,0.16188601414326362,tvm
80,1,12,1,16,16,[80; 1; 12; 1; 16; 16],0.08033207649714313,0.05690664017120417,tvm
80,1,20,1,64,16,[80; 1; 20; 1; 64; 16],0.03679354800260626,0.12424538593301077,tvm
16,2,250,1,1280,128,[16; 2; 250; 1; 1280; 128],0.0800023525080178,0.05714117682939918,tvm
1280,5,15,1,16,16,[1280; 5; 15; 1; 16; 16],0.05473118100780994,0.0835251220099973,tvm
1280,8,12,1,1280,128,[1280; 8; 12; 1; 1280; 128],0.33182147896150127,0.013776771129270267,tvm
2,1,125,1,1280,16,[2; 1; 125; 1; 1280; 16],0.41208817897131667,0.011093326148884182,tvm
32,1,375,1,640,64,[32; 1; 375; 1; 640; 64],0.04824552124773618,0.09475342898576469,tvm
128,16,750,1,16,16,[128; 16; 750; 1; 16; 16],0.03375246125506237,0.13543985835234237,tvm
128,32,6,1,1280,64,[128; 32; 6; 1; 1280; 64],0.12022560695186257,0.03802375124010759,tvm
80,5,250,1,256,16,[80; 5; 250; 1; 256; 16],0.046391759999096394,0.09853966677525519,tvm
40,2,15,1,320,64,[40; 2; 15; 1; 320; 64],0.05801587150199339,0.07879617168676852,tvm
40,10,750,1,256,16,[40; 10; 750; 1; 256; 16],0.032172897990676574,0.14208942485545853,tvm
1,1,12,1,128,16,[1; 1; 12; 1; 128; 16],0.06059444198035635,0.07544303441082184,tvm
64,32,300,1,128,16,[64; 32; 300; 1; 128; 16],0.037788004003232345,0.12097565595254876,tvm
64,1,100,1,256,16,[64; 1; 100; 1; 256; 16],0.11574809195008129,0.03949463437721369,tvm
128,32,250,1,1280,16,[128; 32; 250; 1; 1280; 16],0.259466748975683,0.01761855262562758,tvm
2,1,2,1,320,16,[2; 1; 2; 1; 320; 16],0.05890532198827714,0.07760637608157614,tvm
5,1,75,1,128,128,[5; 1; 75; 1; 128; 128],0.019209621372283436,0.23797598520210544,tvm
1280,16,5,1,80,16,[1280; 16; 5; 1; 80; 16],0.05379406549036503,0.08498016518657348,tvm
16,1,500,1,640,16,[16; 1; 500; 1; 640; 16],0.14123500400455669,0.03236753242334374,tvm
640,2,3,1,1280,128,[640; 2; 3; 1; 1280; 128],0.26688591099809855,0.017128774442728607,tvm
10,5,30,1,256,128,[10; 5; 30; 1; 256; 128],0.016945538875006605,0.26977180278232904,tvm
10,5,1500,1,1280,128,[10; 5; 1500; 1; 1280; 128],0.09904732150607742,0.04615398480157865,tvm
2,1,20,1,64,64,[2; 1; 20; 1; 64; 64],0.024116563254210632,0.1895555566206318,tvm
10,10,6,1,128,64,[10; 10; 6; 1; 128; 64],0.015168142374022864,0.3013835484071967,tvm
1280,10,5,1,1280,16,[1280; 10; 5; 1; 1280; 16],0.5119855299708433,0.008928823772986136,tvm
40,4,2,1,128,64,[40; 4; 2; 1; 128; 64],0.02274118325294694,0.20101982032250582,tvm
256,2,60,1,256,64,[256; 2; 60; 1; 256; 64],0.024480997868522536,0.1867337514581657,tvm
2,1,2,1,64,16,[2; 1; 2; 1; 64; 16],0.044128543755505234,0.10359346088456103,tvm
320,64,100,1,1280,16,[320; 64; 100; 1; 1280; 16],0.2855373090133071,0.016009916837927216,tvm
160,4,75,1,320,64,[160; 4; 75; 1; 320; 64],0.030658507006592117,0.1491079970216956,tvm
1280,10,300,1,128,16,[1280; 10; 300; 1; 128; 16],0.08446932898368686,0.05411939015534773,tvm
10,1,60,1,640,16,[10; 1; 60; 1; 640; 16],0.06669982499442995,0.06853733981776307,tvm
80,4,2,1,640,16,[80; 4; 2; 1; 640; 16],0.11074552801437676,0.04127867421278734,tvm
1,1,4,1,16,16,[1; 1; 4; 1; 16; 16],0.0673117904807441,0.06791423224340351,tvm
256,8,10,1,1280,64,[256; 8; 10; 1; 1280; 64],0.13337540405336767,0.03427489951295218,tvm
80,5,60,1,80,16,[80; 5; 60; 1; 80; 16],0.02821652749844361,0.1620124436531294,tvm
320,10,50,1,256,16,[320; 10; 50; 1; 256; 16],0.055203435505973175,0.08281058107214957,tvm
160,20,500,1,160,16,[160; 20; 500; 1; 160; 16],0.032936983508989215,0.13879317667876082,tvm
160,8,4,1,320,16,[160; 8; 4; 1; 320; 16],0.12876061798306182,0.035503313381347185,tvm
20,4,12,1,256,64,[20; 4; 12; 1; 256; 64],0.02933120274974499,0.15585547617778192,tvm
160,10,125,1,160,16,[160; 10; 125; 1; 160; 16],0.03200812201248482,0.142820893073498,tvm
20,10,1500,1,1280,64,[20; 10; 1500; 1; 1280; 64],0.09208822099026293,0.04964183825325432,tvm
128,64,150,1,80,16,[128; 64; 150; 1; 80; 16],0.031846191253862344,0.14354710536614465,tvm
80,10,20,1,32,16,[80; 10; 20; 1; 32; 16],0.029326866002520546,0.15587852350250014,tvm
320,10,10,1,1280,64,[320; 10; 10; 1; 1280; 64],0.1368260450544767,0.03341051456693407,tvm
64,4,4,1,80,16,[64; 4; 4; 1; 80; 16],0.027249375751125626,0.16776268980179238,tvm
320,5,2,1,320,16,[320; 5; 2; 1; 320; 16],0.07033204101026058,0.06499780904640115,tvm
256,32,50,1,640,128,[256; 32; 50; 1; 640; 128],0.05197281899745576,0.08795806461166476,tvm
320,2,10,1,64,64,[320; 2; 10; 1; 64; 64],0.015961892626364715,0.2863963991261169,tvm
32,2,250,1,256,128,[32; 2; 250; 1; 256; 128],0.016131229502207134,0.2833899654581873,tvm
10,1,75,1,640,16,[10; 1; 75; 1; 640; 16],0.06605835998198017,0.06920287716309632,tvm
5,1,300,1,256,16,[5; 1; 300; 1; 256; 16],0.0751833000103943,0.06080377651415353,tvm
64,1,1500,1,1280,64,[64; 1; 1500; 1; 1280; 64],0.12032283999724314,0.03799302419668048,tvm
4,2,125,1,256,64,[4; 2; 125; 1; 256; 64],0.026585683997836895,0.17195076010835453,tvm
32,8,250,1,1280,64,[32; 8; 250; 1; 1280; 64],0.0994687435158994,0.04595844292230212,tvm
1280,40,3,1,1280,16,[1280; 40; 3; 1; 1280; 16],0.5313789080246352,0.008602954506460456,tvm
40,8,25,1,1280,64,[40; 8; 25; 1; 1280; 64],0.11247115297010168,0.040645342834209224,tvm
1280,20,125,1,32,16,[1280; 20; 125; 1; 32; 16],0.05345524600124918,0.08551880149090968,tvm
160,8,100,1,32,16,[160; 8; 100; 1; 32; 16],0.032563705754000694,0.14038416284568403,tvm
256,8,750,1,1280,128,[256; 8; 750; 1; 1280; 128],0.11768176697660238,0.03884568263100153,tvm
10,2,125,1,1280,16,[10; 2; 125; 1; 1280; 16],0.14183964300900698,0.032229554971019495,tvm
32,8,2,1,640,16,[32; 8; 2; 1; 640; 16],0.08663250648532994,0.05276805158814933,tvm
64,16,75,1,1280,128,[64; 16; 75; 1; 1280; 128],0.1118036350235343,0.04088801379728218,tvm
80,16,3,1,80,16,[80; 16; 3; 1; 80; 16],0.027197124756639823,0.16808499473138303,tvm
2,1,3,1,640,16,[2; 1; 3; 1; 640; 16],0.11565228796098381,0.03952735092427033,tvm
20,1,75,1,128,16,[20; 1; 75; 1; 128; 16],0.021693297880119644,0.21072999581211482,tvm
128,64,5,1,80,16,[128; 64; 5; 1; 80; 16],0.06127479948918335,0.07460536157667153,tvm
64,4,5,1,128,16,[64; 4; 5; 1; 128; 16],0.04337794425373431,0.10538601240963666,tvm
160,4,12,1,256,128,[160; 4; 12; 1; 256; 128],0.022144536749692634,0.20643595407305249,tvm
80,1,6,1,640,64,[80; 1; 6; 1; 640; 64],0.05948422648361884,0.07685110560675244,tvm
640,40,25,1,256,128,[640; 40; 25; 1; 256; 128],0.03521378450386692,0.12981929195728936,tvm
1280,32,10,1,640,16,[1280; 32; 10; 1; 640; 16],0.2223475169739686,0.020559836393242804,tvm
320,4,10,1,32,16,[320; 4; 10; 1; 32; 16],0.035145427245879546,0.13007178827124735,tvm
640,64,150,1,32,16,[640; 64; 150; 1; 32; 16],0.03576991650334094,0.12780092933685203,tvm
256,16,500,1,256,64,[256; 16; 500; 1; 256; 64],0.06313046099967323,0.07241240597708029,tvm
640,32,20,1,640,16,[640; 32; 20; 1; 640; 16],0.1517908809473738,0.030116621913627965,tvm
256,32,500,1,256,128,[256; 32; 500; 1; 256; 128],0.06305506548960693,0.07249899014349702,tvm
40,2,20,1,16,16,[40; 2; 20; 1; 16; 16],0.057848683500196785,0.07902389985094511,tvm
640,40,25,1,256,16,[640; 40; 25; 1; 256; 16],0.11439352401066571,0.03996230215796434,tvm
8,8,4,1,64,16,[8; 8; 4; 1; 64; 16],0.03518662725400645,0.12991948726509603,tvm
320,20,5,1,1280,128,[320; 20; 5; 1; 1280; 128],0.16801162500632927,0.027209001586981606,tvm
640,2,3,1,64,16,[640; 2; 3; 1; 64; 16],0.04292037049890496,0.10650953191434366,tvm
320,20,150,1,80,16,[320; 20; 150; 1; 80; 16],0.05226852497435175,0.08746044725141525,tvm
640,1,20,1,1280,64,[640; 1; 20; 1; 1280; 64],0.1358355589909479,0.033654137439322586,tvm
8,8,250,1,320,16,[8; 8; 250; 1; 320; 16],0.03398446799837984,0.13451523124171041,tvm
256,32,125,1,320,64,[256; 32; 125; 1; 320; 64],0.02634745600516908,0.1735055016519131,tvm
1280,5,12,1,640,16,[1280; 5; 12; 1; 640; 16],0.22754833701765165,0.020089923008639484,tvm
32,2,30,1,1280,64,[32; 2; 30; 1; 1280; 64],0.080574710998917,0.05673527729426192,tvm
4,4,250,1,1280,16,[4; 4; 250; 1; 1280; 16],0.19852538598934188,0.023026921965909164,tvm
40,8,50,1,80,16,[40; 8; 50; 1; 80; 16],0.01875433737586718,0.2437531371975329,tvm
16,16,6,1,640,128,[16; 16; 6; 1; 640; 128],0.043719780747778714,0.10456201959935112,tvm
40,8,60,1,256,64,[40; 8; 60; 1; 256; 64],0.04594332074339036,0.09950148351186044,tvm
64,1,50,1,16,16,[64; 1; 50; 1; 16; 16],0.03556069574551657,0.1285528439641097,tvm
320,5,2,1,128,64,[320; 5; 2; 1; 128; 64],0.04226466624822933,0.10816194654370637,tvm
10,10,3,1,128,64,[10; 10; 3; 1; 128; 64],0.03174321400001645,0.14401278243048113,tvm
2,2,750,1,640,64,[2; 2; 750; 1; 640; 64],0.12522129097487777,0.03650679956929771,tvm
32,8,375,1,1280,128,[32; 8; 375; 1; 1280; 128],0.08007687202189118,0.05708800126681832,tvm
128,16,25,1,640,128,[128; 16; 25; 1; 640; 128],0.05269319852232002,0.0867555718693407,tvm
64,1,30,1,320,64,[64; 1; 30; 1; 320; 64],0.028528118258691393,0.160242905962991,tvm
32,16,12,1,32,16,[32; 16; 12; 1; 32; 16],0.021304387504642364,0.21457685983379846,tvm
32,16,30,1,1280,128,[32; 16; 30; 1; 1280; 128],0.07018302101641893,0.0651358192511991,tvm
32,32,1500,1,256,16,[32; 32; 1500; 1; 256; 16],0.032257669750833884,0.14171601999584602,tvm
640,32,20,1,80,16,[640; 32; 20; 1; 80; 16],0.052505257015582174,0.08706611168614778,tvm
320,20,50,1,128,64,[320; 20; 50; 1; 128; 64],0.021003021371143404,0.21765575964748463,tvm
16,4,6,1,160,16,[16; 4; 6; 1; 160; 16],0.01403068212675862,0.32581655903316137,tvm
256,32,6,1,320,16,[256; 32; 6; 1; 320; 16],0.13629725895589218,0.033540135777110194,tvm
40,40,300,1,640,16,[40; 40; 300; 1; 640; 16],0.08164979348657653,0.05598824413658962,tvm
256,8,50,1,64,16,[256; 8; 50; 1; 64; 16],0.04069971998978872,0.11232088507182635,tvm
320,40,1,1,640,16,[320; 40; 1; 1; 640; 16],0.14143067598342896,0.03232275133836024,tvm
320,16,60,1,640,64,[320; 16; 60; 1; 640; 64],0.057318295002914965,0.07975513875972913,tvm
160,10,375,1,64,64,[160; 10; 375; 1; 64; 64],0.01729338287259452,0.2643455363885506,tvm
40,5,2,1,80,16,[40; 5; 2; 1; 80; 16],0.055796077504055575,0.08193100260670286,tvm
40,5,10,1,32,16,[40; 5; 10; 1; 32; 16],0.020695864375738893,0.2208860904977476,tvm
64,8,5,1,80,16,[64; 8; 5; 1; 80; 16],0.05252777598798275,0.08702878592222177,tvm
1280,4,5,1,256,16,[1280; 4; 5; 1; 256; 16],0.08753702000831254,0.05222280323221498,tvm
64,8,150,1,160,16,[64; 8; 150; 1; 160; 16],0.023149922875745688,0.1974705745658481,tvm
1280,10,12,1,640,128,[1280; 10; 12; 1; 640; 128],0.1674792529665865,0.027295491772587555,tvm
80,20,30,1,160,16,[80; 20; 30; 1; 160; 16],0.027512696746271104,0.1661570515455979,tvm
320,64,30,1,640,128,[320; 64; 30; 1; 640; 128],0.10498185001779348,0.043544942012869424,tvm
32,16,30,1,128,128,[32; 16; 30; 1; 128; 128],0.02847432650742121,0.16054562590750404,tvm
80,40,750,1,128,128,[80; 40; 750; 1; 128; 128],0.022234834745177068,0.20559759601632097,tvm
4,4,750,1,160,16,[4; 4; 750; 1; 160; 16],0.019017934871953912,0.24037460440408487,tvm
20,1,10,1,80,16,[20; 1; 10; 1; 80; 16],0.01382186100090621,0.33073900621116453,tvm
40,10,1,1,1280,128,[40; 10; 1; 1; 1280; 128],0.11428017698926851,0.040001938147661883,tvm
40,2,4,1,640,64,[40; 2; 4; 1; 640; 64],0.05725589900976047,0.07984205384058812,tvm
160,16,250,1,1280,128,[160; 16; 250; 1; 1280; 128],0.11110914300661534,0.04114358591674488,tvm
1280,20,1,1,640,128,[1280; 20; 1; 1; 640; 128],0.22697325801709667,0.0201408245683473,tvm
128,8,375,1,256,16,[128; 8; 375; 1; 256; 16],0.05136431902064942,0.08900008135201348,tvm
32,8,250,1,128,64,[32; 8; 250; 1; 128; 64],0.017245905502932146,0.2650732703279244,tvm
20,10,750,1,256,64,[20; 10; 750; 1; 256; 64],0.018117598752724007,0.2523197822085143,tvm
160,8,1,1,256,16,[160; 8; 1; 1; 256; 16],0.10296869202284142,0.04439629640448863,tvm
20,1,4,1,128,128,[20; 1; 4; 1; 128; 128],0.016359577122784685,0.27943439718021484,tvm
160,16,500,1,640,64,[160; 16; 500; 1; 640; 64],0.05364826900768094,0.08521111036730879,tvm
320,5,500,1,640,64,[320; 5; 500; 1; 640; 64],0.0625621805083938,0.07307016050719708,tvm
64,32,300,1,640,16,[64; 32; 300; 1; 640; 16],0.10110983898630366,0.045212499765208976,tvm
320,1,125,1,640,64,[320; 1; 125; 1; 640; 64],0.061424127023201436,0.07442398928521733,tvm
5,5,3,1,80,16,[5; 5; 3; 1; 80; 16],0.011535134435689542,0.3963047502320074,tvm
40,4,250,1,256,128,[40; 4; 250; 1; 256; 128],0.023658579622860998,0.19322497987204845,tvm
64,64,250,1,640,128,[64; 64; 250; 1; 640; 128],0.030577788755181246,0.14950160745858274,tvm
16,2,3,1,256,64,[16; 2; 3; 1; 256; 64],0.018982322872034274,0.24082556187912246,tvm
40,4,750,1,320,16,[40; 4; 750; 1; 320; 16],0.04155331550282426,0.11001356970222664,tvm
40,20,30,1,640,128,[40; 20; 30; 1; 640; 128],0.11700025200843811,0.03907195491424137,tvm
5,1,15,1,640,64,[5; 1; 15; 1; 640; 64],0.05723809098708443,0.07986689445076178,tvm
320,10,250,1,1280,16,[320; 10; 250; 1; 1280; 16],0.28104703198187053,0.016265706629926126,tvm
2,2,125,1,128,64,[2; 2; 125; 1; 128; 64],0.03276796625868883,0.1395090722243527,tvm
640,20,6,1,256,16,[640; 20; 6; 1; 256; 16],0.05694501000107266,0.08027794834600013,tvm
320,4,30,1,1280,128,[320; 4; 30; 1; 1280; 128],0.1200326700345613,0.038084869478553704,tvm
40,8,15,1,16,16,[40; 8; 15; 1; 16; 16],0.021184160374104977,0.21579465462396044,tvm
32,1,10,1,1280,128,[32; 1; 10; 1; 1280; 128],0.09417953947558999,0.04853950865424885,tvm
1280,4,20,1,32,16,[1280; 4; 20; 1; 32; 16],0.05424733250401914,0.08427010804798334,tvm
10,2,4,1,128,64,[10; 2; 4; 1; 128; 64],0.031111150252399966,0.14693859064487416,tvm
80,16,375,1,128,64,[80; 16; 375; 1; 128; 64],0.023241074501129333,0.19669609385772746,tvm
32,8,500,1,1280,64,[32; 8; 500; 1; 1280; 64],0.09354935950250365,0.048866487122300684,tvm
64,32,300,1,80,16,[64; 32; 300; 1; 80; 16],0.023347368878603447,0.19580058871721642,tvm
256,16,5,1,640,16,[256; 16; 5; 1; 640; 16],0.1389309450169094,0.03290432214991541,tvm
1280,8,75,1,320,16,[1280; 8; 75; 1; 320; 16],0.10597380204126239,0.04313734605509975,tvm
16,4,2,1,16,16,[16; 4; 2; 1; 16; 16],0.016102034751384053,0.2839037824729346,tvm
80,8,150,1,1280,128,[80; 8; 150; 1; 1280; 128],0.11049745499622077,0.041371347164375176,tvm
1280,64,25,1,64,64,[1280; 64; 25; 1; 64; 64],0.048183650738792494,0.09487509770089152,tvm
20,2,60,1,256,128,[20; 2; 60; 1; 256; 128],0.015426480000314768,0.2963364663445773,tvm
40,2,1500,1,160,16,[40; 2; 1500; 1; 160; 16],0.02955081449181307,0.1546972105521852,tvm
256,2,25,1,64,16,[256; 2; 25; 1; 64; 16],0.08229933900292963,0.055546358291721415,tvm
160,40,75,1,256,16,[160; 40; 75; 1; 256; 16],0.05129252499318682,0.08912465455806269,tvm
32,4,30,1,80,16,[32; 4; 30; 1; 80; 16],0.01660601962794317,0.2752874363544752,tvm
10,2,75,1,640,16,[10; 2; 75; 1; 640; 16],0.13855929399142042,0.03299257985329829,tvm
80,1,60,1,1280,128,[80; 1; 60; 1; 1280; 128],0.11861797596793622,0.03853908763933285,tvm
128,16,300,1,256,64,[128; 16; 300; 1; 256; 64],0.023001213870884385,0.19874727469123796,tvm
160,2,150,1,16,16,[160; 2; 150; 1; 16; 16],0.034417649745591916,0.13282221782194942,tvm
640,1,6,1,1280,16,[640; 1; 6; 1; 1280; 16],0.36377885402180254,0.012566504404773868,tvm
1280,5,6,1,256,128,[1280; 5; 6; 1; 256; 128],0.06381509749917313,0.07163553376201932,tvm
320,16,50,1,1280,64,[320; 16; 50; 1; 1280; 64],0.11108021903783083,0.041154299217502174,tvm
32,1,25,1,640,64,[32; 1; 25; 1; 640; 64],0.04318297450663522,0.10586182688101199,tvm
64,16,2,1,1280,16,[64; 16; 2; 1; 1280; 16],0.2849784650024958,0.016041312354561726,tvm
160,20,1500,1,256,64,[160; 20; 1500; 1; 256; 64],0.025121686252532527,0.18197140611799992,tvm
640,5,30,1,80,16,[640; 5; 30; 1; 80; 16],0.03610439324984327,0.12661696153690152,tvm
640,20,300,1,256,128,[640; 20; 300; 1; 256; 128],0.021979773126076907,0.20798342845518306,tvm
160,5,50,1,64,16,[160; 5; 50; 1; 64; 16],0.03869604048668407,0.11813685622439003,tvm
64,4,4,1,640,16,[64; 4; 4; 1; 640; 16],0.1089025679975748,0.0419772339209703,tvm
20,5,750,1,1280,64,[20; 5; 750; 1; 1280; 64],0.10173365898663178,0.04493526151486674,tvm
160,8,3,1,320,64,[160; 8; 3; 1; 320; 64],0.030403996497625485,0.15035617346507701,tvm
320,4,500,1,1280,16,[320; 4; 500; 1; 1280; 16],0.2857458289945498,0.015998233771299476,tvm
128,32,15,1,1280,128,[128; 32; 15; 1; 1280; 128],0.11718096700496972,0.03901169864244843,tvm
5,5,60,1,1280,64,[5; 5; 60; 1; 1280; 64],0.11359767598332837,0.040242271964256345,tvm
10,10,25,1,640,16,[10; 10; 25; 1; 640; 16],0.056450990989105776,0.08098048397964867,tvm
160,16,1,1,256,64,[160; 16; 1; 1; 256; 64],0.022790328504925128,0.20058633952734198,tvm
640,2,3,1,16,16,[640; 2; 3; 1; 16; 16],0.03645104175666347,0.12541283735993325,tvm
8,8,5,1,1280,16,[8; 8; 5; 1; 1280; 16],0.07717700299690478,0.05923304085301047,tvm
80,8,15,1,1280,64,[80; 8; 15; 1; 1280; 64],0.12582671700511128,0.0363311439751136,tvm
80,5,3,1,256,128,[80; 5; 3; 1; 256; 128],0.024020037250011228,0.19031729734001288,tvm
20,20,20,1,16,16,[20; 20; 20; 1; 16; 16],0.017658600248978473,0.25887830898108827,tvm
64,64,375,1,160,16,[64; 64; 375; 1; 160; 16],0.04727093274414074,0.09670696781406758,tvm
5,5,250,1,128,128,[5; 5; 250; 1; 128; 128],0.01852659224823583,0.24674956463533546,tvm
160,4,3,1,1280,128,[160; 4; 3; 1; 1280; 128],0.11702379700727761,0.03906409370005554,tvm
256,1,12,1,32,16,[256; 1; 12; 1; 32; 16],0.03577422449598089,0.12778553933271583,tvm
40,40,300,1,320,16,[40; 40; 300; 1; 320; 16],0.04063259475515224,0.11250643969393344,tvm
10,10,30,1,256,64,[10; 10; 30; 1; 256; 64],0.016702391498256475,0.2736990431523398,tvm
16,4,100,1,1280,16,[16; 4; 100; 1; 1280; 16],0.13828072603791952,0.03305904374681247,tvm
4,2,25,1,64,64,[4; 2; 25; 1; 64; 64],0.016657002626743633,0.27444484904438443,tvm
16,8,5,1,1280,16,[16; 8; 5; 1; 1280; 16],0.1022301809862256,0.04471701534055311,tvm
10,1,50,1,32,16,[10; 1; 50; 1; 32; 16],0.014966807750170119,0.30543778257435095,tvm
64,8,3,1,128,16,[64; 8; 3; 1; 128; 16],0.04572122600802686,0.09998482041198999,tvm
80,2,500,1,32,16,[80; 2; 500; 1; 32; 16],0.05763424199540168,0.07931792651655419,tvm
320,20,375,1,64,16,[320; 20; 375; 1; 64; 16],0.04144331600400619,0.11030556944301143,tvm
32,8,75,1,320,64,[32; 8; 75; 1; 320; 64],0.0213644808754907,0.21397330448000296,tvm
40,2,75,1,128,16,[40; 2; 75; 1; 128; 16],0.04112479150353465,0.1111599209210741,tvm
16,16,50,1,16,16,[16; 16; 50; 1; 16; 16],0.016367480500775855,0.27929946647633863,tvm
10,2,15,1,64,64,[10; 2; 15; 1; 64; 64],0.026844735999475233,0.17029143335654093,tvm
1280,8,750,1,32,16,[1280; 8; 750; 1; 32; 16],0.10780534200603142,0.04240447167425908,tvm
640,5,3,1,1280,128,[640; 5; 3; 1; 1280; 128],0.2676319789607078,0.01708102517935543,tvm
128,32,1500,1,128,16,[128; 32; 1500; 1; 128; 16],0.05359891851549037,0.08528956736519609,tvm
160,2,15,1,256,64,[160; 2; 15; 1; 256; 64],0.021276360501360614,0.21485951843766846,tvm
64,16,750,1,1280,16,[64; 16; 750; 1; 1280; 16],0.20464727899525315,0.02233808626175092,tvm
640,16,125,1,256,64,[640; 16; 125; 1; 256; 64],0.021284242371621076,0.21477995277500672,tvm
4,4,750,1,32,16,[4; 4; 750; 1; 32; 16],0.01875265487615252,0.24377500687873221,tvm
256,8,4,1,16,16,[256; 8; 4; 1; 16; 16],0.0692517085117288,0.06601178035418914,tvm
2,2,3,1,640,16,[2; 2; 3; 1; 640; 16],0.23757094296161085,0.019242372465420866,tvm
40,40,25,1,80,16,[40; 40; 25; 1; 80; 16],0.018822520003595855,0.24287016672343797,tvm
128,8,15,1,160,16,[128; 8; 15; 1; 160; 16],0.031547724749543704,0.14490517486509677,tvm
128,4,30,1,256,64,[128; 4; 30; 1; 256; 64],0.06669135348056443,0.06854604581928006,tvm
2,1,3,1,1280,128,[2; 1; 3; 1; 1280; 128],0.23887632798869163,0.019137218869359807,tvm
10,1,50,1,1280,64,[10; 1; 50; 1; 1280; 64],0.0932263754948508,0.049035785711534684,tvm
32,4,15,1,80,16,[32; 4; 15; 1; 80; 16],0.016599664377281442,0.27539283129634234,tvm
640,40,60,1,1280,16,[640; 40; 60; 1; 1280; 16],0.2917388190398924,0.015669593050637098,tvm
160,1,12,1,1280,64,[160; 1; 12; 1; 1280; 64],0.11487049399875104,0.03979636904389282,tvm
160,20,75,1,256,128,[160; 20; 75; 1; 256; 128],0.022063930751755834,0.20719012504445883,tvm
160,8,4,1,1280,16,[160; 8; 4; 1; 1280; 16],0.2527512199594639,0.01808667262678983,tvm
2,2,5,1,256,16,[2; 2; 5; 1; 256; 16],0.04463785050029401,0.10241148532451091,tvm
5,5,15,1,640,16,[5; 5; 15; 1; 640; 16],0.11904409498674795,0.038401136754724924,tvm
40,40,500,1,16,16,[40; 40; 500; 1; 16; 16],0.02064199574670056,0.2214625285037797,tvm
20,10,300,1,16,16,[20; 10; 300; 1; 16; 16],0.03272718524385709,0.13968291306954456,tvm
256,8,10,1,64,64,[256; 8; 10; 1; 64; 64],0.028057083749445155,0.16293313347360894,tvm
4,2,750,1,80,16,[4; 2; 750; 1; 80; 16],0.034723094751825556,0.13165383454734345,tvm
8,2,150,1,32,16,[8; 2; 150; 1; 32; 16],0.015500110122957267,0.2949287801934912,tvm
1280,5,10,1,128,128,[1280; 5; 10; 1; 128; 128],0.1032123759505339,0.0442914769602775,tvm
1280,2,5,1,128,16,[1280; 2; 5; 1; 128; 16],0.10545760695822537,0.043348495222724326,tvm
160,20,30,1,640,64,[160; 20; 30; 1; 640; 64],0.0571825260121841,0.07994450210986692,tvm
4,1,2,1,128,64,[4; 1; 2; 1; 128; 64],0.020035613371874206,0.22816514206876728,tvm
32,2,2,1,1280,128,[32; 2; 2; 1; 1280; 128],0.08925754250958562,0.05121615992214477,tvm
2,1,30,1,1280,64,[2; 1; 30; 1; 1280; 64],0.24396176397567615,0.01873829938319498,tvm
128,4,20,1,256,128,[128; 4; 20; 1; 256; 128],0.0213160001221695,0.2144599617765109,tvm
320,64,300,1,32,16,[320; 64; 300; 1; 32; 16],0.03492070050560869,0.1309088450472047,tvm
1280,5,2,1,128,64,[1280; 5; 2; 1; 128; 64],0.12330314697464928,0.0370747112591412,tvm
80,20,12,1,320,64,[80; 20; 12; 1; 320; 64],0.027438693243311718,0.166605185272184,tvm
160,5,75,1,80,16,[160; 5; 75; 1; 80; 16],0.031736239994643256,0.1440444290880136,tvm
5,1,2,1,1280,64,[5; 1; 2; 1; 1280; 64],0.11640439700568095,0.03927195783854685,tvm
320,32,25,1,1280,64,[320; 32; 25; 1; 1280; 64],0.12575542402919382,0.036351740743741805,tvm
64,64,75,1,64,64,[64; 64; 75; 1; 64; 64],0.012558643626107369,0.3640065525806719,tvm
10,2,375,1,16,16,[10; 2; 375; 1; 16; 16],0.017368530250678305,0.2632018084115114,tvm
128,16,60,1,128,16,[128; 16; 60; 1; 128; 16],0.0494741084985435,0.09240042337626261,tvm
1280,10,12,1,128,64,[1280; 10; 12; 1; 128; 64],0.06119155100896023,0.07470685897076185,tvm
64,2,25,1,160,16,[64; 2; 25; 1; 160; 16],0.02788729725580197,0.16392512079948815,tvm
256,64,12,1,64,16,[256; 64; 12; 1; 64; 16],0.04067152850620914,0.11239874033086,tvm
4,2,1500,1,256,128,[4; 2; 1500; 1; 256; 128],0.056852785986848176,0.08040817159753764,tvm
640,5,6,1,320,64,[640; 5; 6; 1; 320; 64],0.03179475525394082,0.14377932885210568,tvm
160,8,15,1,32,16,[160; 8; 15; 1; 32; 16],0.06565344700356945,0.06962968100029891,tvm
128,64,1,1,320,16,[128; 64; 1; 1; 320; 16],0.12267680198419839,0.03726400181199216,tvm
128,4,60,1,16,16,[128; 4; 60; 1; 16; 16],0.03314440076064784,0.13792461068888,tvm
320,16,75,1,256,64,[320; 16; 75; 1; 256; 64],0.03262756625190377,0.14010939510886244,tvm
40,40,50,1,1280,16,[40; 40; 50; 1; 1280; 16],0.1651324539561756,0.027683404817818433,tvm
640,20,30,1,320,64,[640; 20; 30; 1; 320; 64],0.028828695008996874,0.15857216464366208,tvm
1280,64,100,1,640,64,[1280; 64; 100; 1; 640; 64],0.15132339898264036,0.03020966091273829,tvm
1,1,20,1,64,16,[1; 1; 20; 1; 64; 16],0.05019253247883171,0.09107786249591081,tvm
256,64,50,1,640,128,[256; 64; 50; 1; 640; 128],0.054666241514496505,0.08362434374084984,tvm
160,4,50,1,640,64,[160; 4; 50; 1; 640; 64],0.057774107524892315,0.07912590548385269,tvm
20,5,3,1,128,64,[20; 5; 3; 1; 128; 64],0.020311627500632312,0.22506461243867634,tvm
128,16,2,1,128,64,[128; 16; 2; 1; 128; 64],0.024679618749360088,0.1852309234536738,tvm
4,1,500,1,320,64,[4; 1; 500; 1; 320; 64],0.0330410452443175,0.13835605192347175,tvm
20,1,25,1,1280,16,[20; 1; 25; 1; 1280; 16],0.1195522720227018,0.03823790626547442,tvm
1280,4,5,1,320,16,[1280; 4; 5; 1; 320; 16],0.11683229601476341,0.039128124049286055,tvm
20,20,500,1,64,16,[20; 20; 500; 1; 64; 16],0.017813056248996872,0.25663358985272433,tvm
160,32,75,1,1280,64,[160; 32; 75; 1; 1280; 64],0.11708235100377351,0.03904455737552824,tvm
32,4,75,1,320,64,[32; 4; 75; 1; 320; 64],0.021197911250055768,0.21565467075991013,tvm
80,16,20,1,160,16,[80; 16; 20; 1; 160; 16],0.028744419498252682,0.15903708097867345,tvm
4,1,30,1,160,16,[4; 1; 30; 1; 160; 16],0.03045558799931314,0.15010147141246036,tvm
320,32,2,1,16,16,[320; 32; 2; 1; 16; 16],0.03487163200043142,0.13109304925482168,tvm
128,64,300,1,128,64,[128; 64; 300; 1; 128; 64],0.049231768993195146,0.09285525718282514,tvm
40,2,12,1,128,64,[40; 2; 12; 1; 128; 64],0.023669665002671536,0.193134485465367,tvm
80,1,25,1,640,128,[80; 1; 25; 1; 640; 128],0.10279927600640804,0.0444694627143445,tvm
160,16,25,1,16,16,[160; 16; 25; 1; 16; 16],0.0343859467539005,0.13294467661879983,tvm
128,8,375,1,128,64,[128; 8; 375; 1; 128; 64],0.040763607757980935,0.1121448473984384,tvm
256,1,375,1,640,16,[256; 1; 375; 1; 640; 16],0.14408393000485376,0.031727539436733676,tvm
256,1,125,1,80,16,[256; 1; 125; 1; 80; 16],0.03568003799591679,0.12812286163909703,tvm
64,64,50,1,32,16,[64; 64; 50; 1; 32; 16],0.04856528124946635,0.09412956033233728,tvm
80,16,75,1,128,128,[80; 16; 75; 1; 128; 128],0.02162217387376586,0.21142317132945992,tvm
640,1,1,1,320,16,[640; 1; 1; 1; 320; 16],0.16527714801486582,0.027659169016017844,tvm
8,4,12,1,128,128,[8; 4; 12; 1; 128; 128],0.019315783254569396,0.23666804038853262,tvm
80,4,300,1,1280,64,[80; 4; 300; 1; 1280; 64],0.12428847898263484,0.03678079101818662,tvm
10,5,12,1,640,128,[10; 5; 12; 1; 640; 128],0.04439410399936605,0.10297377713702369,tvm
320,4,20,1,80,16,[320; 4; 20; 1; 80; 16],0.03500756724679377,0.13058401171384607,tvm
160,4,250,1,256,128,[160; 4; 250; 1; 256; 128],0.023225623248436023,0.1968269493795567,tvm
20,20,30,1,320,64,[20; 20; 30; 1; 320; 64],0.019291970871563535,0.23696016347230137,tvm
40,40,750,1,32,16,[40; 40; 750; 1; 32; 16],0.04009266475623008,0.1140215697615412,tvm
256,4,250,1,640,128,[256; 4; 250; 1; 640; 128],0.0606868930044584,0.07532810373226273,tvm
20,2,2,1,64,64,[20; 2; 2; 1; 64; 64],0.032902076505706646,0.13894042738110124,tvm
320,20,375,1,320,16,[320; 20; 375; 1; 320; 16],0.1390476129599847,0.032876713768140296,tvm
1280,4,1,1,16,16,[1280; 4; 1; 1; 16; 16],0.05460482448688708,0.08371840060627544,tvm
10,2,10,1,640,64,[10; 2; 10; 1; 640; 64],0.04092166849295609,0.11171168575923192,tvm
256,8,3,1,64,64,[256; 8; 3; 1; 64; 64],0.018443944878526963,0.247855250139615,tvm
80,10,6,1,1280,128,[80; 10; 6; 1; 1280; 128],0.11111369600985199,0.04114190001404725,tvm
32,32,500,1,1280,128,[32; 32; 500; 1; 1280; 128],0.06361061299685389,0.07186581540496505,tvm
64,32,750,1,80,16,[64; 32; 750; 1; 80; 16],0.024846967120538466,0.18398336300971863,tvm
8,1,15,1,640,64,[8; 1; 15; 1; 640; 64],0.04382305474427994,0.10431560734650208,tvm
64,64,5,1,640,128,[64; 64; 5; 1; 640; 128],0.061091181996744126,0.07482959769336608,tvm
20,10,10,1,80,16,[20; 10; 10; 1; 80; 16],0.013737284374656156,0.33277527397353557,tvm
64,16,12,1,16,16,[64; 16; 12; 1; 16; 16],0.025658369762822986,0.1781651996477275,tvm
320,1,125,1,256,16,[320; 1; 125; 1; 256; 16],0.05619559850310907,0.08134851648880746,tvm
4,2,20,1,64,64,[4; 2; 20; 1; 64; 64],0.01734512286930112,0.26355700134701704,tvm
2,2,20,1,64,64,[2; 2; 20; 1; 64; 64],0.022792721370933577,0.20056528121553255,tvm
256,8,100,1,1280,16,[256; 8; 100; 1; 1280; 16],0.27766707399860024,0.016463704196528598,tvm
320,5,500,1,320,16,[320; 5; 500; 1; 320; 16],0.07172028749482706,0.0637396855353974,tvm
128,8,125,1,256,64,[128; 8; 125; 1; 256; 64],0.022997975873295218,0.1987752572928308,tvm
640,40,375,1,128,64,[640; 40; 375; 1; 128; 64],0.02276062649616506,0.2008480993349991,tvm
160,2,375,1,320,64,[160; 2; 375; 1; 320; 64],0.03088254149770364,0.14802630708902287,tvm
64,32,1,1,128,64,[64; 32; 1; 1; 128; 64],0.022193390876054764,0.20598152832791533,tvm
1280,5,4,1,16,16,[1280; 5; 4; 1; 16; 16],0.10971214098390192,0.04166748119608146,tvm
32,8,125,1,1280,16,[32; 8; 125; 1; 1280; 16],0.16000609699403867,0.028570339863979614,tvm
40,40,750,1,1280,16,[40; 40; 750; 1; 1280; 16],0.16196515399497002,0.02822476599855881,tvm
4,1,150,1,256,128,[4; 1; 150; 1; 256; 128],0.026054149260744452,0.17545875421525667,tvm
320,32,20,1,640,128,[320; 32; 20; 1; 640; 128],0.05624975101090968,0.08127020101016874,tvm
160,2,20,1,640,64,[160; 2; 20; 1; 640; 64],0.05655531649244949,0.0808311022720364,tvm
20,2,1,1,160,16,[20; 2; 1; 1; 160; 16],0.01422904174978612,0.3212745209281072,tvm
40,40,60,1,160,16,[40; 40; 60; 1; 160; 16],0.030038295255508274,0.15218668478166336,tvm
128,4,50,1,256,64,[128; 4; 50; 1; 256; 64],0.024838924000505358,0.18404293887028134,tvm
80,20,25,1,320,64,[80; 20; 25; 1; 320; 64],0.0633593994716648,0.07215075599750559,tvm
40,1,300,1,640,128,[40; 1; 300; 1; 640; 128],0.06296849399222992,0.07259866453202246,tvm
4,1,30,1,640,128,[4; 1; 30; 1; 640; 128],0.06670792351360433,0.06852901920258814,tvm
320,16,15,1,256,128,[320; 16; 15; 1; 256; 128],0.04375461950257886,0.10447876414875772,tvm
40,2,300,1,1280,16,[40; 2; 300; 1; 1280; 16],0.23454666300676763,0.019490486510552775,tvm
160,10,750,1,128,128,[160; 10; 750; 1; 128; 128],0.021027351496741176,0.21740391661484582,tvm
80,40,75,1,256,128,[80; 40; 75; 1; 256; 128],0.023184123252576683,0.1971792731441981,tvm
320,10,300,1,128,128,[320; 10; 300; 1; 128; 128],0.02185613762412686,0.2091599462835647,tvm
128,32,1500,1,1280,64,[128; 32; 1500; 1; 1280; 64],0.11836733197560534,0.038620694537329865,tvm
128,16,300,1,128,64,[128; 16; 300; 1; 128; 64],0.022949257123400457,0.1991972353112583,tvm
40,1,20,1,320,16,[40; 1; 20; 1; 320; 16],0.0611579529941082,0.07474790027502999,tvm
32,16,50,1,160,16,[32; 16; 50; 1; 160; 16],0.017706048129184637,0.258184578403667,tvm
160,1,20,1,640,128,[160; 1; 20; 1; 640; 128],0.11969641101313755,0.038191859995926065,tvm
32,16,300,1,256,128,[32; 16; 300; 1; 256; 128],0.015462456380191725,0.29564698253796395,tvm
160,4,150,1,16,16,[160; 4; 150; 1; 16; 16],0.06882014352595434,0.06642573434483663,tvm
1280,8,10,1,640,64,[1280; 8; 10; 1; 640; 64],0.1653019660152495,0.027655016341468358,tvm
40,2,6,1,320,64,[40; 2; 6; 1; 320; 64],0.028673736509517767,0.15942911974207347,tvm
80,8,1,1,128,16,[80; 8; 1; 1; 128; 16],0.04337195950211026,0.10540055427300096,tvm
1280,64,10,1,640,128,[1280; 64; 10; 1; 640; 128],0.1651870339992456,0.027674257844289698,tvm
160,20,25,1,256,64,[160; 20; 25; 1; 256; 64],0.021180023126362357,0.21583680736111213,tvm
4,2,12,1,256,64,[4; 2; 12; 1; 256; 64],0.025311423756647855,0.18060732637483184,tvm
640,4,4,1,640,64,[640; 4; 4; 1; 640; 64],0.10135562502546236,0.04510286005616508,tvm
320,4,100,1,640,128,[320; 4; 100; 1; 640; 128],0.05543653800850734,0.08246237473788562,tvm
320,64,375,1,64,64,[320; 64; 375; 1; 64; 64],0.01832710375310853,0.2494354063256282,tvm
256,1,300,1,320,16,[256; 1; 300; 1; 320; 16],0.07162273698486388,0.0638264992916238,tvm
10,10,3,1,640,64,[10; 10; 3; 1; 640; 64],0.051672473491635174,0.08846931959176683,tvm
320,16,20,1,64,64,[320; 16; 20; 1; 64; 64],0.03650273024686612,0.12523525063775315,tvm
640,2,75,1,256,16,[640; 2; 75; 1; 256; 16],0.11539323901524767,0.03961608678671823,tvm
80,10,500,1,1280,64,[80; 10; 500; 1; 1280; 64],0.11717895499896258,0.03901236848774632,tvm
2,1,15,1,640,16,[2; 1; 15; 1; 640; 16],0.11990300798788667,0.038126054117761626,tvm
4,1,15,1,1280,16,[4; 1; 15; 1; 1280; 16],0.13063257199246436,0.03499455382147936,tvm
128,8,60,1,128,16,[128; 8; 60; 1; 128; 16],0.04851399325707462,0.09422907216078193,tvm
1280,10,125,1,640,64,[1280; 10; 125; 1; 640; 64],0.15503855200950056,0.02948575378302321,tvm
256,2,20,1,128,64,[256; 2; 20; 1; 128; 64],0.025760987991816364,0.1774554831856916,tvm
20,2,500,1,80,16,[20; 2; 500; 1; 80; 16],0.015108039871847723,0.3025825064141483,tvm
40,20,30,1,256,64,[40; 20; 30; 1; 256; 64],0.04672139800095465,0.09784443032580413,tvm
128,32,100,1,80,16,[128; 32; 100; 1; 80; 16],0.064816352998605,0.07052893845364856,tvm
160,32,75,1,128,128,[160; 32; 75; 1; 128; 128],0.023090551752829924,0.1979783168614976,tvm
128,4,150,1,320,64,[128; 4; 150; 1; 320; 64],0.029031098005361855,0.1574666094470233,tvm
20,5,250,1,1280,16,[20; 5; 250; 1; 1280; 16],0.14849237399175763,0.030785611735740168,tvm
40,4,25,1,1280,16,[40; 4; 25; 1; 1280; 16],0.1491229779785499,0.030655427040131494,tvm
40,5,1500,1,32,16,[40; 5; 1500; 1; 32; 16],0.020425770999281667,0.2238069041109557,tvm
40,10,250,1,64,16,[40; 10; 250; 1; 64; 16],0.0446144279994769,0.10246525118471027,tvm
640,20,1,1,640,128,[640; 20; 1; 1; 640; 128],0.1953741409815848,0.023398329730132797,tvm
320,4,75,1,640,128,[320; 4; 75; 1; 640; 128],0.05271543501294218,0.08671897652568435,tvm
20,4,500,1,128,128,[20; 4; 500; 1; 128; 128],0.014795644623518456,0.3089712336130354,tvm
64,8,6,1,160,16,[64; 8; 6; 1; 160; 16],0.025511430503684096,0.17919138524076153,tvm
1280,10,12,1,1280,64,[1280; 10; 12; 1; 1280; 64],0.33542259997921064,0.013628862729320883,tvm
80,10,1,1,32,16,[80; 10; 1; 1; 32; 16],0.028271568997297436,0.16169702402670216,tvm
1280,8,125,1,128,64,[1280; 8; 125; 1; 128; 64],0.06228924301103689,0.07339033756789388,tvm
64,64,6,1,160,16,[64; 64; 6; 1; 160; 16],0.05889422199106775,0.0776210028230257,tvm
8,8,2,1,320,64,[8; 8; 2; 1; 320; 64],0.023995052877580747,0.19051546144746304,tvm
32,32,60,1,1280,16,[32; 32; 60; 1; 1280; 16],0.15876066201599315,0.02879446654718571,tvm
40,40,125,1,1280,128,[40; 40; 125; 1; 1280; 128],0.05904656049096957,0.07742074277345443,tvm
40,5,125,1,128,16,[40; 5; 125; 1; 128; 16],0.02938862325390801,0.15555096038126512,tvm
640,1,375,1,640,16,[640; 1; 375; 1; 640; 16],0.14588784100487828,0.031335226705258526,tvm
1280,64,250,1,160,16,[1280; 64; 250; 1; 160; 16],0.05459780999808572,0.08372915638170932,tvm
8,4,20,1,64,16,[8; 4; 20; 1; 64; 16],0.029500374497729354,0.1549617131735204,tvm
160,8,20,1,256,16,[160; 8; 20; 1; 256; 16],0.10215131699806079,0.044751538264703475,tvm
640,64,75,1,80,16,[640; 64; 75; 1; 80; 16],0.05570872098905966,0.08205947812598911,tvm
64,64,30,1,64,16,[64; 64; 30; 1; 64; 16],0.057197679474484175,0.07992332229960275,tvm
1280,5,2,1,16,16,[1280; 5; 2; 1; 16; 16],0.05430949150468223,0.0841736581355112,tvm
80,2,4,1,1280,16,[80; 2; 4; 1; 1280; 16],0.21968386904336512,0.020809122633060426,tvm
1280,20,60,1,128,16,[1280; 20; 60; 1; 128; 16],0.08290254350868054,0.05514219923722736,tvm
256,64,1,1,128,128,[256; 64; 1; 1; 128; 128],0.020688578370027244,0.22096388111671647,tvm
4,1,50,1,256,64,[4; 1; 50; 1; 256; 64],0.026341837001382373,0.1735425122852545,tvm
320,32,3,1,256,128,[320; 32; 3; 1; 256; 128],0.020582959499733988,0.2220977295071514,tvm
8,2,15,1,128,64,[8; 2; 15; 1; 128; 64],0.03212948500004131,0.1422814144522607,tvm
320,5,150,1,1280,128,[320; 5; 150; 1; 1280; 128],0.11142197798471898,0.041028068735734724,tvm
320,4,1500,1,128,128,[320; 4; 1500; 1; 128; 128],0.020658274996094406,0.22128801036353873,tvm
1280,1,4,1,1280,64,[1280; 1; 4; 1; 1280; 64],0.38642271602293476,0.011830123804515806,tvm
8,2,750,1,1280,64,[8; 2; 750; 1; 1280; 64],0.10904753400245681,0.04192143007402239,tvm
640,5,750,1,64,64,[640; 5; 750; 1; 64; 64],0.018587778125947807,0.24593733260927175,tvm
32,16,20,1,1280,16,[32; 16; 20; 1; 1280; 16],0.13922386395279318,0.032835093364300044,tvm
40,8,75,1,16,16,[40; 8; 75; 1; 16; 16],0.020481381121498998,0.22319923369962644,tvm
256,32,5,1,16,16,[256; 32; 5; 1; 16; 16],0.034953503258293495,0.13078599125379226,tvm
1280,40,125,1,1280,64,[1280; 40; 125; 1; 1280; 64],0.30840559100033715,0.014822781119501735,tvm
128,2,4,1,1280,16,[128; 2; 4; 1; 1280; 16],0.24855213600676507,0.018392232088096587,tvm
320,5,300,1,640,64,[320; 5; 300; 1; 640; 64],0.06207042600726709,0.07364906067977296,tvm
20,20,750,1,128,128,[20; 20; 750; 1; 128; 128],0.012849571750848554,0.3557650527245537,tvm
128,1,1500,1,320,16,[128; 1; 1500; 1; 320; 16],0.1264167309855111,0.03616157873875503,tvm
256,32,60,1,128,16,[256; 32; 60; 1; 128; 16],0.05366994999349117,0.0851766877364889,tvm
5,5,500,1,256,16,[5; 5; 500; 1; 256; 16],0.032250365999061614,0.1417481144729206,tvm
32,2,6,1,1280,16,[32; 2; 6; 1; 1280; 16],0.14851696300320327,0.03078051475729391,tvm
640,2,125,1,320,16,[640; 2; 125; 1; 320; 16],0.07242647049133666,0.06311820167980416,tvm
640,2,375,1,1280,128,[640; 2; 375; 1; 1280; 128],0.11359276599250734,0.04024401141644977,tvm
16,16,4,1,640,16,[16; 16; 4; 1; 640; 16],0.050261659518582746,0.090952599162358,tvm
160,16,4,1,160,16,[160; 16; 4; 1; 160; 16],0.03250534449762199,0.14063621358521539,tvm
20,20,12,1,128,16,[20; 20; 12; 1; 128; 16],0.02096241875551641,0.2180773423498931,tvm
128,4,50,1,128,16,[128; 4; 50; 1; 128; 16],0.0507041914970614,0.09015879035747,tvm
320,4,750,1,256,16,[320; 4; 750; 1; 256; 16],0.05694154798402451,0.0802828292042768,tvm
10,10,10,1,64,64,[10; 10; 10; 1; 64; 64],0.013784465627395548,0.3316362559853764,tvm
320,1,300,1,32,16,[320; 1; 300; 1; 32; 16],0.03617268000380136,0.12637793414665885,tvm
10,2,4,1,1280,64,[10; 2; 4; 1; 1280; 64],0.09172762700472958,0.049836987183728886,tvm
16,4,60,1,1280,64,[16; 4; 60; 1; 1280; 64],0.09339447799720801,0.048947525265521936,tvm
32,16,750,1,32,16,[32; 16; 750; 1; 32; 16],0.022300395998172462,0.20499315670462553,tvm
256,16,500,1,1280,64,[256; 16; 500; 1; 1280; 64],0.1157401010277681,0.039497361163800995,tvm
4,4,750,1,64,16,[4; 4; 750; 1; 64; 16],0.020405707247846294,0.22402696049219564,tvm
64,16,500,1,256,128,[64; 16; 500; 1; 256; 128],0.022860997880343348,0.199966274235091,tvm
10,2,50,1,320,64,[10; 2; 50; 1; 320; 64],0.03396487775899004,0.13459281684647242,tvm
160,20,30,1,1280,128,[160; 20; 30; 1; 1280; 128],0.10613089601974934,0.04307349455127467,tvm
640,1,15,1,16,16,[640; 1; 15; 1; 16; 16],0.036478396999882534,0.12531878995240095,tvm
320,8,1500,1,320,64,[320; 8; 1500; 1; 320; 64],0.060650768486084417,0.07537297029430766,tvm
1280,8,15,1,640,64,[1280; 8; 15; 1; 640; 64],0.1586007290170528,0.028823502891572778,tvm
40,2,10,1,64,16,[40; 2; 10; 1; 64; 16],0.031231623739586212,0.1463717868000013,tvm
80,5,2,1,640,16,[80; 5; 2; 1; 640; 16],0.12490630202228203,0.036598862486642784,tvm
320,20,30,1,128,16,[320; 20; 30; 1; 128; 16],0.05472131649730727,0.08354017892923908,tvm
80,10,100,1,160,16,[80; 10; 100; 1; 160; 16],0.027916512510273606,0.16375356949569658,tvm
32,2,4,1,256,64,[32; 2; 4; 1; 256; 64],0.03211647974967491,0.14233902990177014,tvm
1280,32,60,1,128,64,[1280; 32; 60; 1; 128; 64],0.0652954454999417,0.07001144622610245,tvm
20,10,150,1,320,16,[20; 10; 150; 1; 320; 16],0.03299297500052489,0.13855763450721992,tvm
10,5,100,1,128,128,[10; 5; 100; 1; 128; 128],0.016233541253313888,0.28160390269100205,tvm
16,8,6,1,320,64,[16; 8; 6; 1; 320; 64],0.020619172501028515,0.22170766412670256,tvm
256,8,5,1,128,128,[256; 8; 5; 1; 128; 128],0.028320956756942905,0.1614150471914365,tvm
20,4,500,1,640,16,[20; 4; 500; 1; 640; 16],0.1310437149950303,0.03488476018557577,tvm
20,4,75,1,160,16,[20; 4; 75; 1; 160; 16],0.014921466499799863,0.3063659038801506,tvm
80,5,1500,1,1280,64,[80; 5; 1500; 1; 1280; 64],0.1227806510287337,0.03723248356419567,tvm
80,4,6,1,32,16,[80; 4; 6; 1; 32; 16],0.028283824751270004,0.1616269585754418,tvm
32,2,25,1,1280,128,[32; 2; 25; 1; 1280; 128],0.07280754949897528,0.0627878372900452,tvm
4,4,375,1,80,16,[4; 4; 375; 1; 80; 16],0.017228818251169287,0.265336165532904,tvm
8,2,750,1,32,16,[8; 2; 750; 1; 32; 16],0.016713109624106437,0.2735235198143435,tvm
320,5,2,1,640,64,[320; 5; 2; 1; 640; 64],0.12407516199164093,0.03684402662102955,tvm
20,5,4,1,128,128,[20; 5; 4; 1; 128; 128],0.0278234100114787,0.16430152053765532,tvm
320,8,100,1,320,16,[320; 8; 100; 1; 320; 16],0.14072128100087866,0.03248569469318594,tvm
320,1,20,1,320,16,[320; 1; 20; 1; 320; 16],0.14044038200518116,0.03255067029979968,tvm
2,2,1,1,16,16,[2; 2; 1; 1; 16; 16],0.03349522050120868,0.13648002619548694,tvm
160,10,12,1,640,64,[160; 10; 12; 1; 640; 64],0.05707539099967107,0.08009456424845021,tvm
32,4,60,1,64,16,[32; 4; 60; 1; 64; 16],0.020342527619504835,0.22472274129029038,tvm
40,5,100,1,32,16,[40; 5; 100; 1; 32; 16],0.019460801871900912,0.23490443001884584,tvm
64,64,10,1,160,16,[64; 64; 10; 1; 160; 16],0.04511234525125474,0.10133431427623293,tvm
320,2,20,1,1280,64,[320; 2; 20; 1; 1280; 64],0.12780390097759664,0.03576908479679286,tvm
32,2,25,1,640,64,[32; 2; 25; 1; 640; 64],0.042479467738303356,0.10761501531966125,tvm
8,1,30,1,32,16,[8; 1; 30; 1; 32; 16],0.014646691874077078,0.31211338442365016,tvm
640,2,60,1,64,16,[640; 2; 60; 1; 64; 16],0.04292752225592267,0.10649178734740174,tvm
640,4,125,1,64,16,[640; 4; 125; 1; 64; 16],0.06485633651027456,0.07048545781959739,tvm
8,8,1,1,32,16,[8; 8; 1; 1; 32; 16],0.013276139368826989,0.34433418062501703,tvm
10,10,30,1,320,64,[10; 10; 30; 1; 320; 64],0.03124453325290233,0.14631130938734468,tvm
128,1,12,1,256,64,[128; 1; 12; 1; 256; 64],0.02477126887970371,0.18454559569106943,tvm
4,1,60,1,128,128,[4; 1; 60; 1; 128; 128],0.02149239075515652,0.2126998631053542,tvm
160,20,5,1,128,128,[160; 20; 5; 1; 128; 128],0.03416221799852792,0.1338153328225222,tvm
1280,1,500,1,32,16,[1280; 1; 500; 1; 32; 16],0.1081467549665831,0.04227060324501761,tvm
640,10,125,1,128,16,[640; 10; 125; 1; 128; 16],0.057160681986715645,0.07997505300043461,tvm
32,16,100,1,160,16,[32; 16; 100; 1; 160; 16],0.017617802375752944,0.2594777983047502,tvm
80,20,125,1,256,128,[80; 20; 125; 1; 256; 128],0.021883245746721514,0.20890084699219952,tvm
64,1,30,1,64,16,[64; 1; 30; 1; 64; 16],0.05809985747328028,0.07868226825738668,tvm
40,20,60,1,256,128,[40; 20; 60; 1; 256; 128],0.02353219374344917,0.19426274580546296,tvm
256,8,375,1,64,16,[256; 8; 375; 1; 64; 16],0.06839463449432515,0.06683899409986427,tvm
40,40,150,1,320,64,[40; 40; 150; 1; 320; 64],0.04062516325211618,0.11252702033610767,tvm
40,40,375,1,320,16,[40; 40; 375; 1; 320; 16],0.06945591000840068,0.06581770465430024,tvm
40,20,125,1,128,16,[40; 20; 125; 1; 128; 16],0.029522004755563103,0.15484817542979143,tvm
640,2,5,1,160,16,[640; 2; 5; 1; 160; 16],0.0715925985132344,0.06385336845377264,tvm
640,8,60,1,128,16,[640; 8; 60; 1; 128; 16],0.05759889999171719,0.07936659505799504,tvm
640,4,30,1,320,64,[640; 4; 30; 1; 320; 64],0.058261460973881185,0.07846402227156575,tvm
320,8,25,1,640,64,[320; 8; 25; 1; 640; 64],0.053376305499114096,0.08564527890572055,tvm
256,64,750,1,320,64,[256; 64; 750; 1; 320; 64],0.058805605018278584,0.07773797361676037,tvm
10,5,100,1,128,64,[10; 5; 100; 1; 128; 64],0.032615463496767916,0.1401613860824509,tvm
10,10,30,1,1280,128,[10; 10; 30; 1; 1280; 128],0.08358358050463721,0.054692901929164775,tvm
640,64,4,1,640,64,[640; 64; 4; 1; 640; 64],0.09791042748838663,0.04668990513774234,tvm
20,1,750,1,128,128,[20; 1; 750; 1; 128; 128],0.018318206755793653,0.24955655498225707,tvm
64,1,15,1,320,64,[64; 1; 15; 1; 320; 64],0.028751071251463145,0.15900028668308946,tvm
640,5,2,1,320,64,[640; 5; 2; 1; 320; 64],0.04125525525887497,0.11080839380929902,tvm
160,8,12,1,80,16,[160; 8; 12; 1; 80; 16],0.032752889004768804,0.13957329293189905,tvm
64,4,60,1,256,128,[64; 4; 60; 1; 256; 128],0.030688589002238587,0.14896183630648863,tvm
256,4,5,1,640,64,[256; 4; 5; 1; 640; 64],0.05185215300298296,0.08816275326437431,tvm
320,5,125,1,32,16,[320; 5; 125; 1; 32; 16],0.0705181629746221,0.06482625721650925,tvm
640,16,10,1,128,16,[640; 16; 10; 1; 128; 16],0.05686799599789083,0.08038666549104563,tvm
1280,20,20,1,320,16,[1280; 20; 20; 1; 320; 16],0.10693473898572847,0.04274970523880622,tvm
1280,20,10,1,128,128,[1280; 20; 10; 1; 128; 128],0.06419572047889233,0.07121079936989984,tvm
64,2,5,1,160,16,[64; 2; 5; 1; 160; 16],0.027234572247834876,0.1678538781453414,tvm
320,40,1500,1,128,64,[320; 40; 1500; 1; 128; 64],0.025273878753068857,0.18087562325088272,tvm
256,4,1500,1,64,16,[256; 4; 1500; 1; 64; 16],0.042912435499602,0.10652922674293261,tvm
5,1,100,1,640,64,[5; 1; 100; 1; 640; 64],0.11644732300192118,0.03925748101013152,tvm
20,5,2,1,1280,64,[20; 5; 2; 1; 1280; 64],0.1572599329520017,0.029069251688056148,tvm
8,8,15,1,640,16,[8; 8; 15; 1; 640; 16],0.05536977501469664,0.08256180506811145,tvm
320,40,4,1,32,16,[320; 40; 4; 1; 32; 16],0.03468566050287336,0.1317959209988195,tvm
64,64,125,1,1280,64,[64; 64; 125; 1; 1280; 64],0.08186057501006871,0.05584408087612741,tvm
640,40,50,1,640,128,[640; 40; 50; 1; 640; 128],0.05402902199421078,0.08461061116224539,tvm
20,5,1500,1,64,16,[20; 5; 1500; 1; 64; 16],0.02120457087585237,0.21558694105120918,tvm
40,1,6,1,256,64,[40; 1; 6; 1; 256; 64],0.03309851000085473,0.13811584181011533,tvm
640,4,500,1,128,128,[640; 4; 500; 1; 128; 128],0.02341675024945289,0.19522045214345568,tvm
1280,32,10,1,320,16,[1280; 32; 10; 1; 320; 16],0.17146423301892355,0.026661120461921924,tvm
640,64,15,1,256,16,[640; 64; 15; 1; 256; 16],0.05727810351527296,0.07981110216419124,tvm
160,2,75,1,640,64,[160; 2; 75; 1; 640; 64],0.057357317506102845,0.0797008781127564,tvm
1,1,15,1,128,128,[1; 1; 15; 1; 128; 128],0.05990311549976468,0.07631370310691987,tvm
8,8,75,1,128,16,[8; 8; 75; 1; 128; 16],0.04655884124804288,0.0981860469223068,tvm
320,8,100,1,64,64,[320; 8; 100; 1; 64; 64],0.0171300483707455,0.2668660632176384,tvm
64,8,25,1,256,16,[64; 8; 25; 1; 256; 16],0.03787350874335971,0.12070253649868319,tvm
8,8,1500,1,640,16,[8; 8; 1500; 1; 640; 16],0.07854758499888703,0.05819947960835901,tvm
80,8,10,1,320,64,[80; 8; 10; 1; 320; 64],0.060962946503423154,0.07498700167276003,tvm
1280,1,50,1,256,16,[1280; 1; 50; 1; 256; 16],0.08692443300969899,0.052590835662034104,tvm
8,8,20,1,128,64,[8; 8; 20; 1; 128; 64],0.0161391286237631,0.28325126331155476,tvm
40,20,300,1,256,16,[40; 20; 300; 1; 256; 16],0.06245864802622236,0.07319128280697532,tvm
64,16,125,1,1280,16,[64; 16; 125; 1; 1280; 16],0.2012889870093204,0.02271077339773635,tvm
320,16,2,1,640,128,[320; 16; 2; 1; 640; 128],0.05645457550417632,0.0809753422216485,tvm
320,2,125,1,1280,128,[320; 2; 125; 1; 1280; 128],0.10605337901506573,0.04310497802035298,tvm
256,8,60,1,64,64,[256; 8; 60; 1; 64; 64],0.01598142337752506,0.28604639670940996,tvm
320,64,375,1,320,16,[320; 64; 375; 1; 320; 16],0.13053118699463084,0.03502173447343744,tvm
32,32,100,1,320,64,[32; 32; 100; 1; 320; 64],0.0199373566210852,0.22928960234346987,tvm
20,5,4,1,128,16,[20; 5; 4; 1; 128; 16],0.03829342125391122,0.1193789539231012,tvm
160,10,2,1,256,16,[160; 10; 2; 1; 256; 16],0.05155070300679654,0.08867829738084981,tvm
20,4,125,1,160,16,[20; 4; 125; 1; 160; 16],0.03135197974916082,0.14580988530878763,tvm
640,32,750,1,160,16,[640; 32; 750; 1; 160; 16],0.07206199000938796,0.06343744560527712,tvm
256,64,1,1,160,16,[256; 64; 1; 1; 160; 16],0.06761233750148676,0.06761234325507602,tvm
160,40,500,1,320,64,[160; 40; 500; 1; 320; 64],0.02885633724508807,0.15842026424218897,tvm
64,32,4,1,32,16,[64; 32; 4; 1; 32; 16],0.05676617650897242,0.08053085221806361,tvm
80,5,20,1,160,16,[80; 5; 20; 1; 160; 16],0.027705392247298732,0.16500140227663748,tvm
1280,10,25,1,256,64,[1280; 10; 25; 1; 256; 64],0.1200790720176883,0.03807015239720686,tvm
1280,8,375,1,16,16,[1280; 8; 375; 1; 16; 16],0.05385068597388454,0.08489081408629659,tvm
640,64,1500,1,80,16,[640; 64; 1500; 1; 80; 16],0.07226162200095132,0.06326219153188105,tvm
256,4,5,1,16,16,[256; 4; 5; 1; 16; 16],0.03520459175342694,0.1298531908407537,tvm
256,32,50,1,256,128,[256; 32; 50; 1; 256; 128],0.039504875254351646,0.11571808648921142,tvm
1,1,750,1,128,16,[1; 1; 750; 1; 128; 16],0.1034251389792189,0.04420036189022771,tvm
40,40,50,1,640,128,[40; 40; 50; 1; 640; 128],0.029874239247874357,0.15302242622810364,tvm
20,10,20,1,256,128,[20; 10; 20; 1; 256; 128],0.015340517878939863,0.29799701727830386,tvm
128,32,5,1,32,16,[128; 32; 5; 1; 32; 16],0.06201453250832856,0.07371544034157847,tvm
16,2,500,1,320,64,[16; 2; 500; 1; 320; 64],0.022034638619516045,0.20746555686098997,tvm
32,8,50,1,1280,128,[32; 8; 50; 1; 1280; 128],0.07867336351773702,0.058106433575805326,tvm
32,8,50,1,640,64,[32; 8; 50; 1; 640; 64],0.04314307225286029,0.10595973658610963,tvm
256,1,60,1,32,16,[256; 1; 60; 1; 32; 16],0.03587402375706006,0.12743004805890804,tvm
80,16,250,1,256,64,[80; 16; 250; 1; 256; 64],0.023547592500108294,0.19413570926231835,tvm
1280,20,60,1,640,128,[1280; 20; 60; 1; 640; 128],0.1555646299966611,0.029386040846988735,tvm
64,1,300,1,640,64,[64; 1; 300; 1; 640; 64],0.05626058948109858,0.08125454449716348,tvm
10,10,15,1,256,64,[10; 10; 15; 1; 256; 64],0.016812508125440218,0.27190640071788064,tvm
128,16,250,1,640,16,[128; 16; 250; 1; 640; 16],0.13559238403104246,0.033714493657564064,tvm
40,40,12,1,128,16,[40; 40; 12; 1; 128; 16],0.030378470750292763,0.15048251141425598,tvm
128,2,1500,1,160,16,[128; 2; 1500; 1; 160; 16],0.06615051900735125,0.06910646567898512,tvm
160,5,10,1,16,16,[160; 5; 10; 1; 16; 16],0.03303519850305747,0.138380538897185,tvm
160,20,3,1,256,64,[160; 20; 3; 1; 256; 64],0.04162224974425044,0.10983136662525202,tvm
1280,10,30,1,1280,16,[1280; 10; 30; 1; 1280; 16],0.43384790600975975,0.010536938194478075,tvm
80,1,150,1,640,64,[80; 1; 150; 1; 640; 64],0.055586480972124264,0.08223993480934817,tvm
1280,32,300,1,16,16,[1280; 32; 300; 1; 16; 16],0.05095613148296252,0.0897130225232474,tvm
32,16,5,1,1280,16,[32; 16; 5; 1; 1280; 16],0.14606236398685724,0.031297785731031376,tvm
32,8,6,1,640,16,[32; 8; 6; 1; 640; 16],0.07709073499427177,0.05929932529205036,tvm
8,1,500,1,320,16,[8; 1; 500; 1; 320; 16],0.03465360576228704,0.13191783281621977,tvm
256,16,30,1,160,16,[256; 16; 30; 1; 160; 16],0.03447835025144741,0.13258837902885628,tvm
1280,8,30,1,640,16,[1280; 8; 30; 1; 640; 16],0.2178958269651048,0.02097988123545234,tvm
256,4,20,1,64,16,[256; 4; 20; 1; 64; 16],0.041411309997783974,0.11039082249929308,tvm
8,8,750,1,1280,64,[8; 8; 750; 1; 1280; 64],0.10787447297479957,0.04237729692080626,tvm
640,40,375,1,32,16,[640; 40; 375; 1; 32; 16],0.03604798675223719,0.12681508686875176,tvm
128,1,150,1,128,128,[128; 1; 150; 1; 128; 128],0.022828158871561754,0.20025393187198476,tvm
32,2,4,1,320,16,[32; 2; 4; 1; 320; 16],0.03972869974677451,0.11506615118456567,tvm
80,8,60,1,256,16,[80; 8; 60; 1; 256; 16],0.046491144254105166,0.09832901824146681,tvm
20,2,125,1,256,64,[20; 2; 125; 1; 256; 64],0.030840484498185106,0.1482281697519243,tvm
320,16,60,1,1280,16,[320; 16; 60; 1; 1280; 16],0.2845054499921389,0.016067982429000514,tvm
256,64,250,1,128,128,[256; 64; 250; 1; 128; 128],0.02066293762618443,0.2212380763147433,tvm
5,5,15,1,16,16,[5; 5; 15; 1; 16; 16],0.0202868973792647,0.2253389705663441,tvm
160,32,6,1,32,16,[160; 32; 6; 1; 32; 16],0.06425292749190703,0.07114739747857193,tvm
160,4,12,1,640,128,[160; 4; 12; 1; 640; 128],0.055552355508552864,0.08229045428550284,tvm
32,16,1,1,256,128,[32; 16; 1; 1; 256; 128],0.029376490507274866,0.1556152042837279,tvm
40,40,750,1,128,128,[40; 40; 750; 1; 128; 128],0.012166563563368982,0.3757370392731274,tvm
5,5,25,1,640,128,[5; 5; 25; 1; 640; 128],0.05751372899976559,0.07948412754539362,tvm
320,40,300,1,1280,128,[320; 40; 300; 1; 1280; 128],0.11753362498711795,0.03889464459153382,tvm
20,1,500,1,1280,128,[20; 1; 500; 1; 1280; 128],0.08460193951032124,0.05403455993902915,tvm
640,8,2,1,64,16,[640; 8; 2; 1; 64; 16],0.0428783365059644,0.10661394410188194,tvm
128,32,25,1,256,128,[128; 32; 25; 1; 256; 128],0.02314409549580887,0.19752029506862367,tvm
320,5,100,1,64,16,[320; 5; 100; 1; 64; 16],0.06924279101076536,0.06602028174626641,tvm
8,4,100,1,1280,64,[8; 4; 100; 1; 1280; 64],0.11408490897156298,0.04007040556580586,tvm
256,1,25,1,64,64,[256; 1; 25; 1; 64; 64],0.017377131123794243,0.26307153573635544,tvm
160,4,20,1,1280,16,[160; 4; 20; 1; 1280; 16],0.2622700370266102,0.017430235734342575,tvm
640,40,125,1,64,64,[640; 40; 125; 1; 64; 64],0.018750475996057503,0.24380333450680217,tvm
160,2,125,1,128,128,[160; 2; 125; 1; 128; 128],0.022036685375496745,0.2074462875669896,tvm
10,1,250,1,320,16,[10; 1; 250; 1; 320; 16],0.03396643549785949,0.134586644268771,tvm
640,8,500,1,1280,16,[640; 8; 500; 1; 1280; 16],0.29289760399842635,0.015607599751663153,tvm
640,1,1,1,256,16,[640; 1; 1; 1; 256; 16],0.05792619401472621,0.07891815868769847,tvm
320,16,375,1,256,16,[320; 16; 375; 1; 256; 16],0.05540026500239037,0.08251636650531052,tvm
320,64,75,1,1280,64,[320; 64; 75; 1; 1280; 64],0.12472437199903652,0.036652247657449705,tvm
640,32,3,1,128,64,[640; 32; 3; 1; 128; 64],0.025009139128087554,0.1827903210908383,tvm
160,10,60,1,256,128,[160; 10; 60; 1; 256; 128],0.021127853622601833,0.21636975781289106,tvm
1280,1,150,1,256,128,[1280; 1; 150; 1; 256; 128],0.06265876450925134,0.07295752808457653,tvm
8,4,30,1,256,128,[8; 4; 30; 1; 256; 128],0.019062913372181356,0.23980744612204397,tvm
16,4,125,1,128,16,[16; 4; 125; 1; 128; 16],0.021340512626920827,0.21421362510578887,tvm
40,20,50,1,640,64,[40; 20; 50; 1; 640; 64],0.05742824700428173,0.079602439738196,tvm
128,16,30,1,128,128,[128; 16; 30; 1; 128; 128],0.022123614748124965,0.20663117774711803,tvm
80,8,125,1,640,64,[80; 8; 125; 1; 640; 64],0.061049059993820265,0.0748812278500491,tvm
320,2,30,1,640,128,[320; 2; 30; 1; 640; 128],0.052939754008548334,0.08635152650483434,tvm
40,40,375,1,640,128,[40; 40; 375; 1; 640; 128],0.02947599299659487,0.15508989203371956,tvm
20,10,150,1,16,16,[20; 10; 150; 1; 16; 16],0.03502090550318826,0.13053427676255813,tvm
320,2,5,1,64,16,[320; 2; 5; 1; 64; 16],0.04170856850396376,0.10960406303549179,tvm
1280,2,15,1,1280,64,[1280; 2; 15; 1; 1280; 64],0.32719023496611044,0.013971775691600543,tvm
320,8,500,1,256,128,[320; 8; 500; 1; 256; 128],0.02320141724339919,0.19703229865102936,tvm
128,8,60,1,80,16,[128; 8; 60; 1; 80; 16],0.05339717250899412,0.08561180970132022,tvm
1280,20,3,1,128,16,[1280; 20; 3; 1; 128; 16],0.085636138508562,0.053382002633987465,tvm
64,4,300,1,128,64,[64; 4; 300; 1; 128; 64],0.03535323425603565,0.1293072237272922,tvm
80,2,20,1,128,16,[80; 2; 20; 1; 128; 16],0.044061761247576214,0.10375047301769039,tvm
2,2,1500,1,64,16,[2; 2; 1500; 1; 64; 16],0.05964917701203376,0.07663858581831433,tvm
10,10,6,1,16,16,[10; 10; 6; 1; 16; 16],0.017507161748653743,0.26111762929134436,tvm
32,32,25,1,640,64,[32; 32; 25; 1; 640; 64],0.03930395575298462,0.11630963051553486,tvm
1280,32,750,1,640,128,[1280; 32; 750; 1; 640; 128],0.1567073540063575,0.029171755214775132,tvm
1280,8,100,1,64,16,[1280; 8; 100; 1; 64; 16],0.06438429802074097,0.07100222743681878,tvm
1280,2,6,1,16,16,[1280; 2; 6; 1; 16; 16],0.05520611800602637,0.08280655725384546,tvm
1280,40,300,1,64,64,[1280; 40; 300; 1; 64; 64],0.06668532401090488,0.06855224352934115,tvm
64,32,60,1,256,128,[64; 32; 60; 1; 256; 128],0.022301340628473554,0.20498447369535872,tvm
320,64,750,1,160,16,[320; 64; 750; 1; 160; 16],0.07038554901373573,0.06494839687243838,tvm
80,20,1500,1,320,16,[80; 20; 1500; 1; 320; 16],0.06412099947920069,0.07129378220174863,tvm
20,10,300,1,1280,16,[20; 10; 300; 1; 1280; 16],0.14170312497299165,0.032260605207541315,tvm
160,20,50,1,640,128,[160; 20; 50; 1; 640; 128],0.05222119649988599,0.08753971333151189,tvm
20,1,375,1,160,16,[20; 1; 375; 1; 160; 16],0.015204166375042405,0.3006694651100739,tvm
160,8,6,1,128,128,[160; 8; 6; 1; 128; 128],0.0421757342555793,0.10839001743813936,tvm
16,16,100,1,80,16,[16; 16; 100; 1; 80; 16],0.0140011407493148,0.32650400801465357,tvm
320,5,3,1,64,16,[320; 5; 3; 1; 64; 16],0.062020860001211986,0.07370791974408673,tvm
128,16,60,1,64,64,[128; 16; 60; 1; 64; 64],0.034702264005318284,0.13173286246476537,tvm
128,1,3,1,640,128,[128; 1; 3; 1; 640; 128],0.06014625751413405,0.07600520398720254,tvm
1280,16,1,1,320,16,[1280; 16; 1; 1; 320; 16],0.12563965300796553,0.03638523716026774,tvm
16,16,1,1,320,64,[16; 16; 1; 1; 320; 64],0.018630199381732382,0.24537732945096827,tvm
640,40,1500,1,64,64,[640; 40; 1500; 1; 64; 64],0.03268453275086358,0.13986519575709053,tvm
160,1,375,1,256,16,[160; 1; 375; 1; 256; 16],0.05698866449529305,0.08021645377926248,tvm
640,16,6,1,640,128,[640; 16; 6; 1; 640; 128],0.08200656349072233,0.055744666973464294,tvm
32,2,15,1,320,64,[32; 2; 15; 1; 320; 64],0.021295997874403838,0.21466139311194615,tvm
320,16,125,1,256,128,[320; 16; 125; 1; 256; 128],0.021779546128527727,0.2098954929754358,tvm
640,20,300,1,80,16,[640; 20; 300; 1; 80; 16],0.03600053599802777,0.12698223636667547,tvm
320,64,6,1,320,64,[320; 64; 6; 1; 320; 64],0.02795568974397611,0.1635240844813576,tvm
8,2,300,1,128,64,[8; 2; 300; 1; 128; 64],0.01799780674627982,0.25399920311809626,tvm
80,1,2,1,640,16,[80; 1; 2; 1; 640; 16],0.11759102699579671,0.038875658187694694,tvm
1280,10,60,1,80,16,[1280; 10; 60; 1; 80; 16],0.1079596399795264,0.04234386639577071,tvm
32,4,30,1,32,16,[32; 4; 30; 1; 32; 16],0.05393198051024228,0.08476285365712477,tvm
320,10,250,1,160,16,[320; 10; 250; 1; 160; 16],0.06969307200051844,0.06559373034086609,tvm
256,1,1,1,80,16,[256; 1; 1; 1; 80; 16],0.14003227202920243,0.03264553595527781,tvm
1,1,50,1,128,64,[1; 1; 50; 1; 128; 64],0.06151383349788375,0.07431545575168619,tvm
128,8,2,1,1280,128,[128; 8; 2; 1; 1280; 128],0.10941393696703017,0.04178104451909162,tvm
80,16,5,1,256,64,[80; 16; 5; 1; 256; 64],0.023186997379525565,0.19715483193460856,tvm
640,40,500,1,64,16,[640; 40; 500; 1; 64; 16],0.04331071324122604,0.10554960261141993,tvm
1280,10,20,1,16,16,[1280; 10; 20; 1; 16; 16],0.10578974097734317,0.04321239970147604,tvm
2,1,1,1,1280,128,[2; 1; 1; 1; 1280; 128],0.248754344007466,0.018377281368366243,tvm
40,10,1,1,1280,64,[40; 10; 1; 1; 1280; 64],0.11314128001686186,0.040404603613705584,tvm
128,1,125,1,128,16,[128; 1; 125; 1; 128; 16],0.053537661995505914,0.08538715366039534,tvm
320,5,2,1,640,128,[320; 5; 2; 1; 640; 128],0.056031970016192645,0.08158607612952887,tvm
64,2,30,1,256,16,[64; 2; 30; 1; 256; 16],0.04480024325312115,0.10204026227268506,tvm
80,4,20,1,320,16,[80; 4; 20; 1; 320; 16],0.056808158522471786,0.08047133880638355,tvm
1280,4,30,1,128,16,[1280; 4; 30; 1; 128; 16],0.08802202600054443,0.0519350528400732,tvm
5,1,5,1,32,16,[5; 1; 5; 1; 32; 16],0.015023237756395247,0.30429050285665343,tvm
320,40,75,1,128,16,[320; 40; 75; 1; 128; 16],0.11022405099356547,0.041473966255290665,tvm
160,2,2,1,32,16,[160; 2; 2; 1; 32; 16],0.0662323500146158,0.0690210836610776,tvm
256,16,75,1,16,16,[256; 16; 75; 1; 16; 16],0.03465878024871927,0.13189813774815395,tvm
40,40,12,1,80,16,[40; 40; 12; 1; 80; 16],0.019210670499887783,0.23796298892614265,tvm
32,2,5,1,128,64,[32; 2; 5; 1; 128; 64],0.018032735752058215,0.2535072123433517,tvm
8,1,10,1,160,16,[8; 1; 10; 1; 160; 16],0.022921703501197044,0.1994366854623103,tvm
80,10,125,1,32,16,[80; 10; 125; 1; 32; 16],0.058547071006614715,0.07808125142438102,tvm
32,16,60,1,256,64,[32; 16; 60; 1; 256; 64],0.01736676712607732,0.2632285294229734,tvm
320,16,30,1,64,64,[320; 16; 30; 1; 64; 64],0.04483658849494532,0.10195754683574855,tvm
128,64,25,1,1280,16,[128; 64; 25; 1; 1280; 16],0.2461743539897725,0.018569881457345047,tvm
128,16,60,1,32,16,[128; 16; 60; 1; 32; 16],0.03286837649648078,0.13908288326677878,tvm
320,16,500,1,64,16,[320; 16; 500; 1; 64; 16],0.04212136575370096,0.10852992275130365,tvm
4,1,75,1,16,16,[4; 1; 75; 1; 16; 16],0.020524500127066858,0.22273032439898313,tvm
20,1,5,1,128,64,[20; 1; 5; 1; 128; 64],0.027779297248343937,0.1645624268519283,tvm
16,4,6,1,1280,64,[16; 4; 6; 1; 1280; 64],0.078491465508705,0.05824109082179874,tvm
4,2,150,1,64,64,[4; 2; 150; 1; 64; 64],0.01715467175381491,0.2664830104028055,tvm
256,16,15,1,16,16,[256; 16; 15; 1; 16; 16],0.034741109499009326,0.1315855664183359,tvm
16,2,250,1,128,64,[16; 2; 250; 1; 128; 64],0.027806484751636162,0.16440152763860538,tvm
4,4,60,1,640,64,[4; 4; 60; 1; 640; 64],0.06763040498481132,0.06759428059694807,tvm
1280,40,50,1,16,16,[1280; 40; 50; 1; 16; 16],0.05534251849167049,0.08260246725339415,tvm
20,1,100,1,64,16,[20; 1; 100; 1; 64; 16],0.03305124424514361,0.13831335781255122,tvm
1280,8,12,1,320,16,[1280; 8; 12; 1; 320; 16],0.11140759603586048,0.04103336517518155,tvm
16,2,60,1,640,64,[16; 2; 60; 1; 640; 64],0.04145961924223229,0.11026219379197642,tvm
160,5,100,1,640,128,[160; 5; 100; 1; 640; 128],0.05584730301052332,0.08185585202864991,tvm
160,10,10,1,320,16,[160; 10; 10; 1; 320; 16],0.06315590802114457,0.07238322929183537,tvm
160,2,2,1,256,16,[160; 2; 2; 1; 256; 16],0.05257859150879085,0.08694467539443794,tvm
256,64,6,1,80,16,[256; 64; 6; 1; 80; 16],0.0339285022491822,0.1347371168304006,tvm
20,4,2,1,256,64,[20; 4; 2; 1; 256; 64],0.022599042997171637,0.2022841662808777,tvm
64,2,100,1,160,16,[64; 2; 100; 1; 160; 16],0.028419558992027305,0.16085501441845104,tvm
80,8,15,1,256,128,[80; 8; 15; 1; 256; 128],0.02203198499773862,0.2074905448554811,tvm
20,5,4,1,64,16,[20; 5; 4; 1; 64; 16],0.020216461874952074,0.22612406660002712,tvm
256,4,500,1,16,16,[256; 4; 500; 1; 16; 16],0.07027538400143385,0.06505021119963285,tvm
160,8,300,1,128,16,[160; 8; 300; 1; 128; 16],0.0518770300259348,0.08812047584727162,tvm
160,32,6,1,80,16,[160; 32; 6; 1; 80; 16],0.09478986350586638,0.04822697704534255,tvm
160,8,75,1,640,128,[160; 8; 75; 1; 640; 128],0.05570428699138574,0.08206600996680039,tvm
80,5,15,1,640,64,[80; 5; 15; 1; 640; 64],0.05795808549737558,0.07887473390810282,tvm
320,5,500,1,128,16,[320; 5; 500; 1; 128; 16],0.056685209478018805,0.08064587947233863,tvm
2,2,30,1,256,16,[2; 2; 30; 1; 256; 16],0.05190273351036012,0.08807683646403874,tvm
256,16,375,1,320,64,[256; 16; 375; 1; 320; 64],0.05344496152247302,0.08553525797761752,tvm
640,40,50,1,256,64,[640; 40; 50; 1; 256; 64],0.04572580925014336,0.09997479861800893,tvm
32,4,1,1,256,128,[32; 4; 1; 1; 256; 128],0.0296541667485144,0.15415805172329075,tvm
32,4,2,1,256,128,[32; 4; 2; 1; 256; 128],0.03126877850445453,0.14619786221509512,tvm
640,5,15,1,32,16,[640; 5; 15; 1; 32; 16],0.07198719150619581,0.06350336046982909,tvm
32,1,750,1,128,128,[32; 1; 750; 1; 128; 128],0.01803290587849915,0.25350482069998165,tvm
40,4,750,1,64,64,[40; 4; 750; 1; 64; 64],0.034465446253307164,0.13263802063755134,tvm
32,4,50,1,1280,128,[32; 4; 50; 1; 1280; 128],0.0681541080120951,0.06707487933988213,tvm
160,2,300,1,256,128,[160; 2; 300; 1; 256; 128],0.022457122126070317,0.20356252888350426,tvm
4,4,750,1,128,64,[4; 4; 750; 1; 128; 64],0.020938100751664024,0.2183306225167182,tvm
40,10,500,1,640,128,[40; 10; 500; 1; 640; 128],0.12038219900568947,0.03797429029529954,tvm
1280,8,500,1,256,128,[1280; 8; 500; 1; 256; 128],0.12058946001343429,0.037909022653549417,tvm
40,20,6,1,64,64,[40; 20; 6; 1; 64; 64],0.05109959052060731,0.08946115858961762,tvm
640,20,3,1,128,128,[640; 20; 3; 1; 128; 128],0.02374504787439946,0.19252134573951404,tvm
320,10,2,1,128,16,[320; 10; 2; 1; 128; 16],0.055666722008027136,0.08212138970154147,tvm
160,20,150,1,32,16,[160; 20; 150; 1; 32; 16],0.03258787999220658,0.14028002350941002,tvm
640,5,1500,1,640,128,[640; 5; 1500; 1; 640; 128],0.05491411851835437,0.08324687156547232,tvm
32,2,60,1,1280,64,[32; 2; 60; 1; 1280; 64],0.0973382685042452,0.04696435062669312,tvm
16,16,100,1,32,16,[16; 16; 100; 1; 32; 16],0.015230936129228212,0.30014101120521325,tvm
4,4,375,1,640,64,[4; 4; 375; 1; 640; 64],0.06837469051242806,0.06685849013967603,tvm
20,4,1,1,128,64,[20; 4; 1; 1; 128; 64],0.017168237252917606,0.2662724485969981,tvm
2,1,15,1,1280,16,[2; 1; 15; 1; 1280; 16],0.2542496510432102,0.01798007805584618,tvm
20,2,750,1,640,64,[20; 2; 750; 1; 640; 64],0.04899693174229469,0.09330030287350553,tvm
320,32,500,1,128,64,[320; 32; 500; 1; 128; 64],0.02296648724586703,0.1990477917884996,tvm
160,5,150,1,256,64,[160; 5; 150; 1; 256; 64],0.04318925624829717,0.10584642961080883,tvm
160,40,4,1,640,128,[160; 40; 4; 1; 640; 128],0.05463146901456639,0.08367756997729077,tvm
80,20,750,1,80,16,[80; 20; 750; 1; 80; 16],0.030964851001044735,0.1476328296000628,tvm
8,1,100,1,128,128,[8; 1; 100; 1; 128; 128],0.03520283348916564,0.12985967657505518,tvm
640,32,5,1,32,16,[640; 32; 5; 1; 32; 16],0.07184494999819435,0.06362908696496362,tvm
640,4,15,1,128,128,[640; 4; 15; 1; 128; 128],0.020450200623599812,0.22353954641173937,tvm
256,16,125,1,640,64,[256; 16; 125; 1; 640; 64],0.05662115250015631,0.08073711624672338,tvm
1280,1,2,1,320,64,[1280; 1; 2; 1; 320; 64],0.09127384598832577,0.05008475891344901,tvm
256,8,15,1,64,16,[256; 8; 15; 1; 64; 16],0.040665376000106335,0.11241574580342299,tvm
160,1,12,1,320,16,[160; 1; 12; 1; 320; 16],0.06818817849853076,0.06704136511766584,tvm
1280,64,30,1,640,16,[1280; 64; 30; 1; 640; 16],0.2234344250173308,0.02045982203088887,tvm
160,40,6,1,32,16,[160; 40; 6; 1; 32; 16],0.032160660994122736,0.14214348928537218,tvm
64,1,2,1,640,128,[64; 1; 2; 1; 640; 128],0.05928209499688819,0.07711314135690604,tvm
20,4,100,1,256,64,[20; 4; 100; 1; 256; 64],0.015851855125220027,0.2883844531329023,tvm
40,2,300,1,32,16,[40; 2; 300; 1; 32; 16],0.051604567997856066,0.08858573472833826,tvm
128,1,125,1,256,64,[128; 1; 125; 1; 256; 64],0.02182850737881381,0.209424698267069,tvm
10,1,30,1,640,16,[10; 1; 30; 1; 640; 16],0.05715486698318273,0.07998318975659012,tvm
80,1,75,1,128,128,[80; 1; 75; 1; 128; 128],0.02324654699623352,0.19664978941471392,tvm
320,4,750,1,256,64,[320; 4; 750; 1; 256; 64],0.0492830107541522,0.0927587113992101,tvm
8,8,250,1,320,64,[8; 8; 250; 1; 320; 64],0.02393642112292582,0.19098212501994083,tvm
16,8,15,1,128,64,[16; 8; 15; 1; 128; 64],0.030438506495556794,0.15018570546803528,tvm
8,1,10,1,320,64,[8; 1; 10; 1; 320; 64],0.021206562130828388,0.21556669785636767,tvm
64,16,150,1,256,16,[64; 16; 150; 1; 256; 16],0.06128702452406287,0.07459047990874007,tvm
640,32,150,1,320,64,[640; 32; 150; 1; 320; 64],0.026813707008841448,0.17048849567578278,tvm
32,8,125,1,1280,64,[32; 8; 125; 1; 1280; 64],0.09962757749599405,0.045885172422388626,tvm
256,4,15,1,128,128,[256; 4; 15; 1; 128; 128],0.020777151628863066,0.22002190931109464,tvm
64,16,2,1,16,16,[64; 16; 2; 1; 16; 16],0.026127106248168275,0.17496880550057342,tvm
8,2,300,1,16,16,[8; 2; 300; 1; 16; 16],0.018647058750502765,0.2451554763994786,tvm
8,4,25,1,64,16,[8; 4; 25; 1; 64; 16],0.029611821242724545,0.15437850086818775,tvm
40,5,75,1,320,64,[40; 5; 75; 1; 320; 64],0.028655689500737935,0.15952952628520242,tvm
20,5,4,1,16,16,[20; 5; 4; 1; 16; 16],0.017083431499486323,0.26759428113526423,tvm
320,5,150,1,64,16,[320; 5; 150; 1; 64; 16],0.08438201600802131,0.05417538935066465,tvm
8,2,6,1,640,64,[8; 2; 6; 1; 640; 64],0.045653199005755596,0.1001338059760553,tvm
128,1,15,1,160,16,[128; 1; 15; 1; 160; 16],0.057831198995700106,0.07904779169057984,tvm
320,20,125,1,16,16,[320; 20; 125; 1; 16; 16],0.0696055080043152,0.06567624750537221,tvm
80,8,25,1,1280,16,[80; 8; 25; 1; 1280; 16],0.2245589760132134,0.02035736291903817,tvm
40,10,4,1,640,64,[40; 10; 4; 1; 640; 64],0.05705640549422242,0.08012121569578158,tvm
40,1,250,1,1280,128,[40; 1; 250; 1; 1280; 128],0.12666100001661107,0.036091840194132745,tvm
1280,5,30,1,640,64,[1280; 5; 30; 1; 640; 64],0.1609788320492953,0.02839769995367278,tvm
40,1,4,1,16,16,[40; 1; 4; 1; 16; 16],0.03088438774284441,0.148017458189299,tvm
1280,4,1,1,80,16,[1280; 4; 1; 1; 80; 16],0.05507724202470854,0.08300031743379153,tvm
1280,40,50,1,1280,128,[1280; 40; 50; 1; 1280; 128],0.30655827902955934,0.014912102801137462,tvm
8,4,5,1,64,64,[8; 4; 5; 1; 64; 64],0.01431979425251484,0.31923842555389637,tvm
4,1,1500,1,64,64,[4; 1; 1500; 1; 64; 64],0.03353660448919982,0.13631161058361654,tvm
10,5,75,1,320,64,[10; 5; 75; 1; 320; 64],0.02140385124948807,0.2135797206840479,tvm
160,2,250,1,256,128,[160; 2; 250; 1; 256; 128],0.021245246374746785,0.21517418488789153,tvm
640,1,10,1,80,16,[640; 1; 10; 1; 80; 16],0.07283757900586352,0.06276195109478537,tvm
1280,40,20,1,1280,128,[1280; 40; 20; 1; 1280; 128],0.3273817430017516,0.013963602641715159,tvm
16,1,1500,1,32,16,[16; 1; 1500; 1; 32; 16],0.01657140737370355,0.275862421841296,tvm
20,4,10,1,32,16,[20; 4; 10; 1; 32; 16],0.02666238200617954,0.17145612010093667,tvm
1280,64,250,1,256,16,[1280; 64; 250; 1; 256; 16],0.17476630199234933,0.02615737999439213,tvm
160,40,1,1,1280,64,[160; 40; 1; 1; 1280; 64],0.10520878701936454,0.043451014890868035,tvm
64,2,375,1,1280,16,[64; 2; 375; 1; 1280; 16],0.2318762430222705,0.019714950146874296,tvm
10,1,15,1,128,64,[10; 1; 15; 1; 128; 64],0.01591227225435432,0.2872894894176802,tvm
128,32,15,1,128,128,[128; 32; 15; 1; 128; 128],0.02207976362115005,0.20704155397069707,tvm
80,10,25,1,256,16,[80; 10; 25; 1; 256; 16],0.043915489746723324,0.10409603986642688,tvm
128,1,300,1,640,16,[128; 1; 300; 1; 640; 16],0.14176970400149003,0.0322454547226855,tvm
256,8,300,1,1280,64,[256; 8; 300; 1; 1280; 64],0.10679427697323263,0.04280593212475584,tvm
40,20,10,1,128,64,[40; 20; 10; 1; 128; 64],0.022861563869810198,0.1999613236199193,tvm
64,4,2,1,640,128,[64; 4; 2; 1; 640; 128],0.05776164750568569,0.07914297408117713,tvm
1,1,30,1,128,16,[1; 1; 30; 1; 128; 16],0.07390232849866152,0.06185770684493882,tvm
1280,1,125,1,64,16,[1280; 1; 125; 1; 64; 16],0.06506233499385417,0.07026228880135323,tvm
160,16,1500,1,128,128,[160; 16; 1500; 1; 128; 128],0.02221214337623678,0.20580762936724167,tvm
40,2,30,1,160,16,[40; 2; 30; 1; 160; 16],0.027784889505710453,0.1645293054157741,tvm
80,40,30,1,128,16,[80; 40; 30; 1; 128; 16],0.08360360300866887,0.05467980334477403,tvm
1280,5,500,1,32,16,[1280; 5; 500; 1; 32; 16],0.05370222398778424,0.08512549820038076,tvm
40,1,1,1,80,16,[40; 1; 1; 1; 80; 16],0.054333693493390456,0.08413616445906946,tvm
5,1,20,1,80,16,[5; 1; 20; 1; 80; 16],0.014295427376055159,0.3197825746074381,tvm
128,32,25,1,320,64,[128; 32; 25; 1; 320; 64],0.028869064248283394,0.15835042425042914,tvm
64,1,2,1,320,64,[64; 1; 2; 1; 320; 64],0.02796358324121684,0.16347792527141258,tvm
160,5,20,1,256,16,[160; 5; 20; 1; 256; 16],0.05178362849983387,0.0882794177206651,tvm
16,4,100,1,32,16,[16; 4; 100; 1; 32; 16],0.029656640501343645,0.15414519291965842,tvm
40,40,750,1,640,64,[40; 40; 750; 1; 640; 64],0.042168546744505875,0.10840849221402636,tvm
32,2,3,1,640,16,[32; 2; 3; 1; 640; 16],0.08515607449226081,0.05368294157152622,tvm
320,10,4,1,256,128,[320; 10; 4; 1; 256; 128],0.022994131497398484,0.19880849041616444,tvm
2,2,250,1,320,64,[2; 2; 250; 1; 320; 64],0.11412727303104475,0.040055531425736056,tvm
64,8,1,1,64,16,[64; 8; 1; 1; 64; 16],0.035698454739758745,0.12805676337405147,tvm
32,4,100,1,1280,128,[32; 4; 100; 1; 1280; 128],0.07201854648883455,0.06347571277542108,tvm
80,5,750,1,128,16,[80; 5; 750; 1; 128; 16],0.046056957013206556,0.09925598363169634,tvm
1280,64,750,1,64,64,[1280; 64; 750; 1; 64; 64],0.0476056379993679,0.09602704140818931,tvm
80,8,150,1,128,64,[80; 8; 150; 1; 128; 64],0.023203647127957083,0.19701336372766387,tvm
80,10,750,1,256,64,[80; 10; 750; 1; 256; 64],0.027872795748407952,0.1640104068745843,tvm
160,32,1500,1,64,16,[160; 32; 1500; 1; 64; 16],0.04055491925100796,0.11272192512909399,tvm
64,8,10,1,256,128,[64; 8; 10; 1; 256; 128],0.04466925223823637,0.10233949176152721,tvm
40,4,300,1,256,128,[40; 4; 300; 1; 256; 128],0.047469951256061904,0.09630152234135275,tvm
320,20,30,1,256,16,[320; 20; 30; 1; 256; 16],0.05472776299575344,0.08353033855564841,tvm
1280,4,15,1,256,128,[1280; 4; 15; 1; 256; 128],0.06182070149225183,0.07394656581180209,tvm
32,16,1,1,1280,128,[32; 16; 1; 1; 1280; 128],0.11467032303335145,0.03986583843579989,tvm
64,4,10,1,80,16,[64; 4; 10; 1; 80; 16],0.027809866252937354,0.1643815374676865,tvm
40,10,12,1,128,64,[40; 10; 12; 1; 128; 64],0.028583478007931262,0.15993255160061715,tvm
128,1,250,1,80,16,[128; 1; 250; 1; 80; 16],0.06923464650753886,0.06602804812372078,tvm
5,5,1,1,256,16,[5; 5; 1; 1; 256; 16],0.03279718925477937,0.1393847666614419,tvm
1280,64,4,1,160,16,[1280; 64; 4; 1; 160; 16],0.10860000603133813,0.042094183402802195,tvm
64,64,20,1,1280,16,[64; 64; 20; 1; 1280; 16],0.18977859400911257,0.024088220251063018,tvm
1,1,25,1,640,16,[1; 1; 25; 1; 640; 16],0.23724660300649703,0.01926867872288727,tvm
160,5,2,1,16,16,[160; 5; 2; 1; 16; 16],0.03342933474050369,0.13674901420906027,tvm
40,4,30,1,128,16,[40; 4; 30; 1; 128; 16],0.030024149004020728,0.1522583894323327,tvm
64,4,10,1,640,16,[64; 4; 10; 1; 640; 16],0.17157663201214746,0.026643654895294362,tvm
128,16,300,1,320,64,[128; 16; 300; 1; 320; 64],0.026996670741937123,0.16933304906842572,tvm
32,16,125,1,128,64,[32; 16; 125; 1; 128; 64],0.017036974255461246,0.26832397014177495,tvm
80,1,5,1,320,16,[80; 1; 5; 1; 320; 16],0.12057327904039994,0.03791411005664733,tvm
256,4,75,1,128,128,[256; 4; 75; 1; 128; 128],0.02072294400568353,0.22059744842117024,tvm
80,2,6,1,320,64,[80; 2; 6; 1; 320; 64],0.030576523262425326,0.1495077949900955,tvm
160,20,3,1,128,128,[160; 20; 3; 1; 128; 128],0.029156611490179785,0.15678874662675638,tvm
4,4,25,1,128,64,[4; 4; 25; 1; 128; 64],0.019217589251638856,0.23787731705415263,tvm
32,2,50,1,256,64,[32; 2; 50; 1; 256; 64],0.017219724373717327,0.2654762917347271,tvm
20,20,50,1,640,16,[20; 20; 50; 1; 640; 16],0.06228502048179507,0.07339531296718009,tvm
640,10,375,1,256,128,[640; 10; 375; 1; 256; 128],0.04162181024730671,0.10983252636697564,tvm
80,40,250,1,1280,64,[80; 40; 250; 1; 1280; 64],0.11045583605300635,0.0413869355824241,tvm
10,2,100,1,160,16,[10; 2; 100; 1; 160; 16],0.014819642623479012,0.30847090497216034,tvm
640,32,2,1,64,64,[640; 32; 2; 1; 64; 64],0.015805767994606867,0.28922533678770956,tvm
64,16,1500,1,320,64,[64; 16; 1500; 1; 320; 64],0.058888999512419105,0.07762788652003678,tvm
320,8,5,1,160,16,[320; 8; 5; 1; 160; 16],0.06434019401785918,0.07105089813934445,tvm
16,16,1500,1,128,16,[16; 16; 1500; 1; 128; 16],0.054253503010841087,0.08426052361107625,tvm
160,16,500,1,16,16,[160; 16; 500; 1; 16; 16],0.03408100450178608,0.13413420872583134,tvm
64,32,150,1,320,64,[64; 32; 150; 1; 320; 64],0.057710382010554895,0.0792132786539601,tvm
256,32,3,1,640,16,[256; 32; 3; 1; 640; 16],0.13701325003057718,0.03336486486094132,tvm
32,1,10,1,256,16,[32; 1; 10; 1; 256; 16],0.04263086224091239,0.10723284332357275,tvm
640,8,500,1,160,16,[640; 8; 500; 1; 160; 16],0.036561724002240226,0.12503317871849995,tvm
256,2,50,1,320,64,[256; 2; 50; 1; 320; 64],0.05272052649524994,0.08671060164470194,tvm
640,10,3,1,256,16,[640; 10; 3; 1; 256; 16],0.05730009899707511,0.07978046550429033,tvm
256,64,10,1,80,16,[256; 64; 10; 1; 80; 16],0.06787322950549424,0.06735245404903742,tvm
32,16,375,1,640,128,[32; 16; 375; 1; 640; 128],0.03671196923824027,0.12452147531946711,tvm
64,2,500,1,1280,64,[64; 2; 500; 1; 1280; 64],0.11561509897001088,0.039540065373419295,tvm
40,2,50,1,256,128,[40; 2; 50; 1; 256; 128],0.023615558253368363,0.19357698523923458,tvm
16,16,4,1,64,64,[16; 16; 4; 1; 64; 64],0.013315578624315094,0.34331430127120816,tvm
64,32,1,1,1280,16,[64; 32; 1; 1; 1280; 16],0.20585129904793575,0.022207431250477763,tvm
128,16,15,1,80,16,[128; 16; 15; 1; 80; 16],0.032111592998262495,0.14236069109607624,tvm
640,8,75,1,16,16,[640; 8; 75; 1; 16; 16],0.03622629525489174,0.12619089363854502,tvm
640,2,150,1,128,128,[640; 2; 150; 1; 128; 128],0.0448486572568072,0.10193011008673428,tvm
16,1,50,1,64,16,[16; 1; 50; 1; 64; 16],0.039158096740720794,0.11674286934060076,tvm
320,40,30,1,1280,64,[320; 40; 30; 1; 1280; 64],0.13012378296116367,0.03513138388232185,tvm
10,5,12,1,640,64,[10; 5; 12; 1; 640; 64],0.04100484350055922,0.11148508764254221,tvm
320,10,300,1,128,64,[320; 10; 300; 1; 128; 64],0.022752197124646045,0.20092251075289017,tvm
5,1,75,1,640,64,[5; 1; 75; 1; 640; 64],0.060144421993754804,0.0760075235556051,tvm
128,1,25,1,640,64,[128; 1; 25; 1; 640; 64],0.05336308100959286,0.08566650360024723,tvm
1280,1,25,1,1280,128,[1280; 1; 25; 1; 1280; 128],0.31592284701764584,0.014470079054375055,tvm
4,4,60,1,128,64,[4; 4; 60; 1; 128; 64],0.019982457371952478,0.228772091757096,tvm
80,8,30,1,320,16,[80; 8; 30; 1; 320; 16],0.0575903489952907,0.07937837938440673,tvm
320,10,2,1,640,64,[320; 10; 2; 1; 640; 64],0.0670327885018196,0.06819690294257237,tvm
640,20,375,1,256,64,[640; 20; 375; 1; 256; 64],0.021276726125506684,0.21485582624238003,tvm
320,4,5,1,1280,64,[320; 4; 5; 1; 1280; 64],0.16974125197157264,0.02693174769439176,tvm
4,2,20,1,128,128,[4; 2; 20; 1; 128; 128],0.020964524999726564,0.21805543276025552,tvm
8,2,6,1,16,16,[8; 2; 6; 1; 16; 16],0.01802986449911259,0.2535475833250756,tvm
640,40,1,1,64,16,[640; 40; 1; 1; 64; 16],0.052470316004473716,0.08712409071519225,tvm
128,2,30,1,320,16,[128; 2; 30; 1; 320; 16],0.06253260749508627,0.07310471695567451,tvm
40,2,500,1,640,16,[40; 2; 500; 1; 640; 16],0.11708397296024486,0.03904401649387805,tvm
160,32,1,1,640,16,[160; 32; 1; 1; 640; 16],0.12829940702067688,0.035630940762585404,tvm
640,64,20,1,64,64,[640; 64; 20; 1; 64; 64],0.03979589100345038,0.1148718738583393,tvm
8,4,50,1,128,16,[8; 4; 50; 1; 128; 16],0.022041306750907097,0.2074027925427079,tvm
160,4,20,1,1280,128,[160; 4; 20; 1; 1280; 128],0.11314454401144758,0.04040343802142196,tvm
2,1,50,1,320,16,[2; 1; 50; 1; 320; 16],0.0784096485003829,0.05830186283013688,tvm
8,2,60,1,128,128,[8; 2; 60; 1; 128; 128],0.018612843996379524,0.24560612941889928,tvm
128,4,12,1,256,128,[128; 4; 12; 1; 256; 128],0.03584663299261592,0.12752741861056363,tvm
640,1,300,1,320,16,[640; 1; 300; 1; 320; 16],0.07332949049305171,0.062340929149940494,tvm
640,64,75,1,64,16,[640; 64; 75; 1; 64; 16],0.06497442148975097,0.07035735704318147,tvm
40,8,50,1,256,64,[40; 8; 50; 1; 256; 64],0.023890951000794303,0.1913456091085108,tvm
16,2,100,1,256,16,[16; 2; 100; 1; 256; 16],0.022528915120346937,0.20291383526497006,tvm
20,10,125,1,320,64,[20; 10; 125; 1; 320; 64],0.020689534503617324,0.2209536696260281,tvm
1280,5,15,1,256,16,[1280; 5; 15; 1; 256; 16],0.08004668451030739,0.05710953051203416,tvm
20,5,150,1,1280,16,[20; 5; 150; 1; 1280; 16],0.14788935496471822,0.030911140105514504,tvm
256,32,125,1,128,16,[256; 32; 125; 1; 128; 16],0.054026817495469004,0.08461406359558302,tvm
8,4,4,1,320,64,[8; 4; 4; 1; 320; 64],0.0221230485039996,0.20663646651600068,tvm
32,32,4,1,1280,64,[32; 32; 4; 1; 1280; 64],0.10188577295048162,0.04486817382884626,tvm
16,4,375,1,16,16,[16; 4; 375; 1; 16; 16],0.01682324387365952,0.271732883726791,tvm
160,20,20,1,128,64,[160; 20; 20; 1; 128; 64],0.02453061549749691,0.18635604850171972,tvm
640,10,4,1,256,16,[640; 10; 4; 1; 256; 16],0.057796655979473144,0.0790950357586803,tvm
16,1,375,1,160,16,[16; 1; 375; 1; 160; 16],0.0306601135089295,0.14910018418872395,tvm
40,8,250,1,256,128,[40; 8; 250; 1; 256; 128],0.03558817473822273,0.12845358338984225,tvm
320,5,375,1,256,16,[320; 5; 375; 1; 256; 16],0.056509293004637584,0.08089693443967536,tvm
32,2,100,1,1280,64,[32; 2; 100; 1; 1280; 64],0.09332419800921343,0.04898438635365779,tvm
4,4,4,1,640,16,[4; 4; 4; 1; 640; 16],0.05902735551353544,0.07744593217258915,tvm
40,4,6,1,640,64,[40; 4; 6; 1; 640; 64],0.057342728512594476,0.07972115541074272,tvm
40,8,375,1,640,64,[40; 8; 375; 1; 640; 64],0.05794685849105008,0.07889001561895942,tvm
256,2,20,1,320,64,[256; 2; 20; 1; 320; 64],0.025931676253094338,0.17628743035395095,tvm
40,40,5,1,1280,128,[40; 40; 5; 1; 1280; 128],0.10511522099841386,0.04348969186391714,tvm
64,64,75,1,80,16,[64; 64; 75; 1; 80; 16],0.02341063312633196,0.19527146261955178,tvm
256,32,30,1,128,128,[256; 32; 30; 1; 128; 128],0.0230495685027563,0.19833033190542868,tvm
80,5,75,1,1280,128,[80; 5; 75; 1; 1280; 128],0.10930325399385765,0.04182335295969748,tvm
16,16,3,1,128,16,[16; 16; 3; 1; 128; 16],0.02146789499965962,0.21294256244038146,tvm
4,4,60,1,32,16,[4; 4; 60; 1; 32; 16],0.018756836747343186,0.24372065679337387,tvm
16,8,250,1,640,16,[16; 8; 250; 1; 640; 16],0.07221457149717025,0.06330340922410242,tvm
128,2,250,1,128,128,[128; 2; 250; 1; 128; 128],0.02316168200195534,0.19737031926449233,tvm
20,10,12,1,16,16,[20; 10; 12; 1; 16; 16],0.033443487001932226,0.1366911462062689,tvm
2,1,20,1,256,64,[2; 1; 20; 1; 256; 64],0.04532482226204593,0.10085927187973977,tvm
640,8,1500,1,640,16,[640; 8; 1500; 1; 640; 16],0.14568169799167663,0.031379566784633134,tvm
32,4,1,1,320,64,[32; 4; 1; 1; 320; 64],0.023447246247087605,0.1949665441841125,tvm
2,1,25,1,256,16,[2; 1; 25; 1; 256; 16],0.05165100799058564,0.08850608631416836,tvm
1280,4,3,1,640,128,[1280; 4; 3; 1; 640; 128],0.1959460949874483,0.023330031515664568,tvm
1280,5,125,1,320,64,[1280; 5; 125; 1; 320; 64],0.08012194800539874,0.05705588400222798,tvm
160,1,50,1,320,16,[160; 1; 50; 1; 320; 16],0.07306265449733473,0.06256860776383828,tvm
1280,40,5,1,640,64,[1280; 40; 5; 1; 640; 64],0.18305350100854412,0.024973182956032063,tvm
8,8,10,1,640,128,[8; 8; 10; 1; 640; 128],0.04739009449258447,0.09646379945800493,tvm
20,1,60,1,256,128,[20; 1; 60; 1; 256; 128],0.018027689249720424,0.2535781767760095,tvm
20,20,50,1,1280,128,[20; 20; 50; 1; 1280; 128],0.07254391748574562,0.06301601471035563,tvm
160,16,150,1,16,16,[160; 16; 150; 1; 16; 16],0.03299585424247198,0.13854554386848603,tvm
128,64,3,1,128,128,[128; 64; 3; 1; 128; 128],0.02105363212467637,0.2171325377187782,tvm
1280,4,30,1,128,128,[1280; 4; 30; 1; 128; 128],0.061027449497487396,0.0749077441228604,tvm
40,10,10,1,32,16,[40; 10; 10; 1; 32; 16],0.020415894119651057,0.223915178274186,tvm
20,2,125,1,128,128,[20; 2; 125; 1; 128; 128],0.015493153376155533,0.2950612093251558,tvm
320,32,15,1,128,128,[320; 32; 15; 1; 128; 128],0.020661737376940437,0.2212509281301059,tvm
32,2,6,1,64,64,[32; 2; 6; 1; 64; 64],0.026744090748252347,0.1709322861061299,tvm
32,16,500,1,128,128,[32; 16; 500; 1; 128; 128],0.01456989399594022,0.3137585333635483,tvm
16,4,100,1,1280,64,[16; 4; 100; 1; 1280; 64],0.10126596404006705,0.04514279417336938,tvm
1280,64,100,1,256,128,[1280; 64; 100; 1; 256; 128],0.062473995494656265,0.07317330251143599,tvm
320,10,4,1,1280,64,[320; 10; 4; 1; 1280; 64],0.18623563001165166,0.024546476800076142,tvm
8,1,300,1,128,128,[8; 1; 300; 1; 128; 128],0.01833113386965124,0.2493805677234709,tvm
20,1,1,1,80,16,[20; 1; 1; 1; 80; 16],0.01863480225438252,0.2453167202433536,tvm
80,40,30,1,256,64,[80; 40; 30; 1; 256; 64],0.044496216243715025,0.10273746752734901,tvm
40,20,4,1,320,64,[40; 20; 4; 1; 320; 64],0.028634738497203216,0.15964624827550172,tvm
320,10,50,1,640,64,[320; 10; 50; 1; 640; 64],0.05340608049300499,0.08559752989226249,tvm
1280,32,150,1,64,64,[1280; 32; 150; 1; 64; 64],0.08654988699709065,0.05281842333985068,tvm
10,10,125,1,16,16,[10; 10; 125; 1; 16; 16],0.033375396247720346,0.1369700164006537,tvm
80,2,60,1,1280,64,[80; 2; 60; 1; 1280; 64],0.12424586497945711,0.03679340614019158,tvm
20,10,375,1,256,64,[20; 10; 375; 1; 256; 64],0.017097145624575205,0.26737963586492836,tvm
40,10,150,1,80,16,[40; 10; 150; 1; 80; 16],0.01851039174653124,0.246965522611656,tvm
40,8,50,1,256,16,[40; 8; 50; 1; 256; 16],0.060270029003731906,0.07584911849213662,tvm
10,10,3,1,16,16,[10; 10; 3; 1; 16; 16],0.05115655148983933,0.08936154682624659,tvm
64,16,2,1,64,64,[64; 16; 2; 1; 64; 64],0.05112016148632392,0.08942515904711211,tvm
128,32,15,1,128,64,[128; 32; 15; 1; 128; 64],0.0697655690019019,0.06552556851222627,tvm
20,20,250,1,640,128,[20; 20; 250; 1; 640; 128],0.03556116826075595,0.12855113583187422,tvm
160,20,12,1,64,16,[160; 20; 12; 1; 64; 16],0.03853425174020231,0.1186328620638365,tvm
640,8,500,1,64,64,[640; 8; 500; 1; 64; 64],0.01706400287366705,0.2678989569606286,tvm
320,8,300,1,128,64,[320; 8; 300; 1; 128; 64],0.04580998599703889,0.09979109296658732,tvm
64,16,5,1,160,16,[64; 16; 5; 1; 160; 16],0.026147623255383223,0.1748315143896459,tvm
2,2,4,1,1280,64,[2; 2; 4; 1; 1280; 64],0.23925768601475284,0.019106715640251966,tvm
80,4,100,1,1280,64,[80; 4; 100; 1; 1280; 64],0.11366967199137434,0.040216783345477305,tvm
160,1,30,1,256,16,[160; 1; 30; 1; 256; 16],0.05804730550153181,0.07875350168162304,tvm
256,16,10,1,32,16,[256; 16; 10; 1; 32; 16],0.03440194249560591,0.13288286183294654,tvm
64,64,2,1,256,16,[64; 64; 2; 1; 256; 16],0.052086223498918116,0.08776655830161165,tvm
1280,4,2,1,320,16,[1280; 4; 2; 1; 320; 16],0.12383728800341487,0.03691479880682232,tvm
16,4,125,1,1280,64,[16; 4; 125; 1; 1280; 64],0.10165090404916555,0.04497184372524131,tvm
640,10,300,1,160,16,[640; 10; 300; 1; 160; 16],0.035983136753202416,0.1270436372121373,tvm
160,40,10,1,320,16,[160; 40; 10; 1; 320; 16],0.06413126148981974,0.07128237407514969,tvm
640,4,75,1,128,128,[640; 4; 75; 1; 128; 128],0.020384513496537693,0.2242598810221803,tvm
8,1,60,1,1280,64,[8; 1; 60; 1; 1280; 64],0.11051974695874378,0.04136300251515282,tvm
8,4,300,1,1280,64,[8; 4; 300; 1; 1280; 64],0.11689636699156836,0.03910667789836707,tvm
1280,64,500,1,320,16,[1280; 64; 500; 1; 320; 16],0.10777128301560879,0.0424178727719747,tvm
4,1,1,1,256,128,[4; 1; 1; 1; 256; 128],0.026589899745886214,0.17192349783627253,tvm
256,32,150,1,256,16,[256; 32; 150; 1; 256; 16],0.1087019260157831,0.04205471548650222,tvm
20,20,6,1,256,128,[20; 20; 6; 1; 256; 128],0.0168372391271987,0.2715070170883262,tvm
1280,10,30,1,640,128,[1280; 10; 30; 1; 640; 128],0.1612088429974392,0.02835718243757378,tvm
40,2,60,1,32,16,[40; 2; 60; 1; 32; 16],0.02629505450022407,0.17385126816868232,tvm
64,8,75,1,256,64,[64; 8; 75; 1; 256; 64],0.023076695499185007,0.19809719167070605,tvm
20,4,2,1,1280,16,[20; 4; 2; 1; 1280; 16],0.1188499890267849,0.03846385354228616,tvm
1,1,250,1,640,128,[1; 1; 250; 1; 640; 128],0.25470483396202326,0.01794794586470305,tvm
20,5,5,1,160,16,[20; 5; 5; 1; 160; 16],0.015025708999019116,0.3042404569213337,tvm
1280,2,15,1,32,16,[1280; 2; 15; 1; 32; 16],0.05436484300298616,0.08408795682859732,tvm
80,2,60,1,1280,16,[80; 2; 60; 1; 1280; 16],0.23497671802761033,0.01945481496975976,tvm
80,8,300,1,1280,64,[80; 8; 300; 1; 1280; 64],0.11690501502016559,0.0391037849885227,tvm
1280,1,12,1,160,16,[1280; 1; 12; 1; 160; 16],0.05592682951828465,0.08173945512026556,tvm
8,4,75,1,16,16,[8; 4; 75; 1; 16; 16],0.03571868174185511,0.1279842465762609,tvm
64,1,60,1,16,16,[64; 1; 60; 1; 16; 16],0.061930773517815396,0.07381513764095851,tvm
320,32,3,1,128,128,[320; 32; 3; 1; 128; 128],0.020585383877914865,0.2220715726527234,tvm
256,64,5,1,1280,16,[256; 64; 5; 1; 1280; 16],0.30782926897518337,0.014850532526187794,tvm
80,5,4,1,320,16,[80; 5; 4; 1; 320; 16],0.05764832001295872,0.07929855666914429,tvm
320,20,10,1,256,64,[320; 20; 10; 1; 256; 64],0.023979745878023095,0.19063707324847778,tvm
64,4,75,1,320,16,[64; 4; 75; 1; 320; 16],0.0581008360022679,0.07868094309779176,tvm
80,5,150,1,64,16,[80; 5; 150; 1; 64; 16],0.03502379074052442,0.13052352343286422,tvm
10,2,12,1,320,16,[10; 2; 12; 1; 320; 16],0.027262507253908552,0.1676818837259797,tvm
640,1,5,1,128,128,[640; 1; 5; 1; 128; 128],0.022213487376575358,0.20579517722414223,tvm
640,8,5,1,640,64,[640; 8; 5; 1; 640; 64],0.08803372748661786,0.051928149607472676,tvm
1280,20,1,1,128,64,[1280; 20; 1; 1; 128; 64],0.06294967900612392,0.07262036349675192,tvm
64,8,1500,1,256,16,[64; 8; 1500; 1; 256; 16],0.041310968750622123,0.1106589535342167,tvm
8,8,1500,1,128,16,[8; 8; 1500; 1; 128; 16],0.02914965624222532,0.15682615717459258,tvm
64,1,15,1,320,16,[64; 1; 15; 1; 320; 16],0.06510401697596535,0.07021730430422166,tvm
32,2,75,1,256,64,[32; 2; 75; 1; 256; 64],0.026343918740167283,0.17352879867710766,tvm
256,4,12,1,1280,16,[256; 4; 12; 1; 1280; 16],0.2947406259481795,0.015510004963592321,tvm
40,20,6,1,256,128,[40; 20; 6; 1; 256; 128],0.023437780000676867,0.1950452889009348,tvm
640,8,150,1,640,128,[640; 8; 150; 1; 640; 128],0.056514533498557284,0.08088943300833001,tvm
8,2,6,1,64,64,[8; 2; 6; 1; 64; 64],0.013824535999447107,0.3306750093899281,tvm
80,1,300,1,64,64,[80; 1; 300; 1; 64; 64],0.01766904587566387,0.2587252647142053,tvm
320,8,500,1,64,64,[320; 8; 500; 1; 64; 64],0.02620915749866981,0.17442104240323578,tvm
320,1,2,1,1280,64,[320; 1; 2; 1; 1280; 64],0.26489609299460426,0.017257440529791765,tvm
80,20,12,1,128,16,[80; 20; 12; 1; 128; 16],0.045506410242524,0.10045680481201189,tvm
320,10,25,1,128,64,[320; 10; 25; 1; 128; 64],0.022589149622945115,0.20237276071628235,tvm
16,16,12,1,256,128,[16; 16; 12; 1; 256; 128],0.025434018243686296,0.17973678117351263,tvm
20,4,500,1,16,16,[20; 4; 500; 1; 16; 16],0.017232732876436785,0.26527589118957007,tvm
40,1,100,1,128,16,[40; 1; 100; 1; 128; 16],0.04440040349436458,0.10295916729695463,tvm
320,4,300,1,640,64,[320; 4; 300; 1; 640; 64],0.057713259011507034,0.07920932987889502,tvm
2,1,375,1,80,16,[2; 1; 375; 1; 80; 16],0.07718257250962779,0.05922876658274547,tvm
64,16,3,1,128,128,[64; 16; 3; 1; 128; 128],0.04365132549719419,0.10472599673341908,tvm
40,2,10,1,16,16,[40; 2; 10; 1; 16; 16],0.06181324800127186,0.07395548234796707,tvm
256,8,150,1,256,64,[256; 8; 150; 1; 256; 64],0.045454769759089686,0.10057093228405174,tvm
1280,10,30,1,320,16,[1280; 10; 30; 1; 320; 16],0.11056386103155091,0.04134649901674519,tvm
32,8,500,1,256,128,[32; 8; 500; 1; 256; 128],0.016378853375499602,0.27910553117636233,tvm
256,4,750,1,128,16,[256; 4; 750; 1; 128; 16],0.11313607997726649,0.0404064607183416,tvm
320,32,5,1,1280,128,[320; 32; 5; 1; 1280; 128],0.16942841099807993,0.026981475801483957,tvm
8,2,100,1,160,16,[8; 2; 100; 1; 160; 16],0.01535397712723352,0.29773579402565203,tvm
20,2,150,1,256,64,[20; 2; 150; 1; 256; 64],0.031297776993596926,0.14606240476324628,tvm
128,1,75,1,64,64,[128; 1; 75; 1; 64; 64],0.018815064126101788,0.24296640929789412,tvm
10,5,375,1,1280,128,[10; 5; 375; 1; 1280; 128],0.09327372399275191,0.04901089369803448,tvm
640,1,6,1,32,16,[640; 1; 6; 1; 32; 16],0.03637491549307015,0.12567530424364787,tvm
320,4,250,1,320,16,[320; 4; 250; 1; 320; 16],0.0706525975256227,0.06470290876100782,tvm
640,4,100,1,16,16,[640; 4; 100; 1; 16; 16],0.036216749242157675,0.12622415504115025,tvm
40,8,300,1,320,16,[40; 8; 300; 1; 320; 16],0.04050059748988133,0.11287311434283649,tvm
4,2,250,1,128,128,[4; 2; 250; 1; 128; 128],0.025621738503105007,0.17841992146140187,tvm
40,40,25,1,640,64,[40; 40; 25; 1; 640; 64],0.07759301349869929,0.05891546629394931,tvm
4,2,1,1,32,16,[4; 2; 1; 1; 32; 16],0.015769766498124227,0.28988562208402585,tvm
160,5,750,1,1280,128,[160; 5; 750; 1; 1280; 128],0.10973815299803391,0.04165760445695194,tvm
40,40,125,1,80,16,[40; 40; 125; 1; 80; 16],0.018663958995603025,0.24493348771852413,tvm
32,4,10,1,640,128,[32; 4; 10; 1; 640; 128],0.03950047623948194,0.1157309735637893,tvm
640,1,250,1,640,16,[640; 1; 250; 1; 640; 16],0.14705931500066072,0.031085610397464675,tvm
640,2,100,1,256,64,[640; 2; 100; 1; 256; 64],0.02121522337256465,0.21547869146361687,tvm
10,1,1,1,128,128,[10; 1; 1; 1; 128; 128],0.03133629175135866,0.14588288262379887,tvm
160,40,375,1,16,16,[160; 40; 375; 1; 16; 16],0.03379929224320222,0.13525219813879347,tvm
1280,20,12,1,320,64,[1280; 20; 12; 1; 320; 64],0.08077982350368984,0.05659121762279858,tvm
640,64,150,1,1280,16,[640; 64; 150; 1; 1280; 16],0.28798279899638146,0.015873963956736223,tvm
160,1,30,1,640,64,[160; 1; 30; 1; 640; 64],0.05703521947725676,0.08015097712127617,tvm
320,4,125,1,128,128,[320; 4; 125; 1; 128; 128],0.0206691561252228,0.22117151487621728,tvm
40,1,500,1,128,128,[40; 1; 500; 1; 128; 128],0.02428189750207821,0.1882648821426463,tvm
160,1,10,1,16,16,[160; 1; 10; 1; 16; 16],0.05500196400680579,0.08311391518424534,tvm
256,4,20,1,128,16,[256; 4; 20; 1; 128; 16],0.0538465905119665,0.0848972707085818,tvm
64,2,15,1,160,16,[64; 2; 15; 1; 160; 16],0.06001779600046575,0.07616788479525467,tvm
160,16,500,1,32,16,[160; 16; 500; 1; 32; 16],0.06712838899693452,0.06809978072968995,tvm
256,1,1500,1,32,16,[256; 1; 1500; 1; 32; 16],0.07009116650442593,0.06522117977790978,tvm
32,2,75,1,80,16,[32; 2; 75; 1; 80; 16],0.05110219251946546,0.0894566034458748,tvm
256,16,25,1,64,64,[256; 16; 25; 1; 64; 64],0.017295792749791872,0.2643087042936255,tvm
32,8,300,1,1280,128,[32; 8; 300; 1; 1280; 128],0.06892891199095175,0.06632091584484404,tvm
1280,32,60,1,80,16,[1280; 32; 60; 1; 80; 16],0.051562756998464465,0.08865756676984336,tvm
1280,40,2,1,128,16,[1280; 40; 2; 1; 128; 16],0.08810084400465712,0.05188858997976138,tvm
8,1,20,1,1280,128,[8; 1; 20; 1; 1280; 128],0.08971636751084588,0.05095423163310672,tvm
640,32,60,1,320,16,[640; 32; 60; 1; 320; 16],0.07197624849504791,0.06351301529341438,tvm
1280,10,5,1,320,16,[1280; 10; 5; 1; 320; 16],0.11338682495988905,0.0403171053872064,tvm
40,1,4,1,320,16,[40; 1; 4; 1; 320; 16],0.05424451900762506,0.08427447887934952,tvm
40,40,5,1,640,16,[40; 40; 5; 1; 640; 16],0.08336583949858323,0.05483575285661535,tvm
320,40,6,1,16,16,[320; 40; 6; 1; 16; 16],0.03499254249618389,0.13064008058080115,tvm
320,2,150,1,1280,16,[320; 2; 150; 1; 1280; 16],0.2847922130022198,0.016051803254160394,tvm
40,20,20,1,256,64,[40; 20; 20; 1; 256; 64],0.023359471997537185,0.19569913960001076,tvm
40,2,100,1,32,16,[40; 2; 100; 1; 32; 16],0.052334733511088416,0.08734980126458465,tvm
32,2,6,1,128,64,[32; 2; 6; 1; 128; 64],0.03159718174720183,0.14467836429220168,tvm
160,32,300,1,320,16,[160; 32; 300; 1; 320; 16],0.06679957400774583,0.06843499587135819,tvm
40,8,15,1,320,64,[40; 8; 15; 1; 320; 64],0.05709354448481463,0.08006909735030465,tvm
320,4,30,1,640,128,[320; 4; 30; 1; 640; 128],0.056195308483438566,0.08134893632225236,tvm
40,20,5,1,80,16,[40; 20; 5; 1; 80; 16],0.020676887121226173,0.22108881983186446,tvm
4,4,100,1,64,16,[4; 4; 100; 1; 64; 16],0.031216883508022875,0.14644090177207134,tvm
8,8,20,1,320,64,[8; 8; 20; 1; 320; 64],0.022788819624111056,0.20059962063993447,tvm
10,2,750,1,16,16,[10; 2; 750; 1; 16; 16],0.03637441400496755,0.12567703690853316,tvm
1280,2,30,1,64,16,[1280; 2; 30; 1; 64; 16],0.12939518102211878,0.03532920264354461,tvm
16,2,150,1,1280,64,[16; 2; 150; 1; 1280; 64],0.09518091051722877,0.048028838415042206,tvm
160,8,15,1,1280,16,[160; 8; 15; 1; 1280; 16],0.25412836798932403,0.017988659068635022,tvm
256,2,50,1,256,16,[256; 2; 50; 1; 256; 16],0.05366407800465822,0.08518600787349326,tvm
1280,64,150,1,1280,128,[1280; 64; 150; 1; 1280; 128],0.303486293007154,0.015063047909451418,tvm
320,4,15,1,128,64,[320; 4; 15; 1; 128; 64],0.022412329250073526,0.2039693652730706,tvm
320,5,125,1,128,64,[320; 5; 125; 1; 128; 64],0.027425848500570282,0.16668321387881638,tvm
1280,4,60,1,640,16,[1280; 4; 60; 1; 640; 16],0.21909820102155209,0.020864747177814086,tvm
1280,4,15,1,256,64,[1280; 4; 15; 1; 256; 64],0.06210063851904124,0.07361322975812695,tvm
16,8,375,1,64,64,[16; 8; 375; 1; 64; 64],0.013382200879277661,0.3416051375007701,tvm
160,1,4,1,640,64,[160; 1; 4; 1; 640; 64],0.12188410200178623,0.037506356418506304,tvm
10,10,30,1,1280,64,[10; 10; 30; 1; 1280; 64],0.08164732551085763,0.055989936508338584,tvm
640,20,10,1,640,64,[640; 20; 10; 1; 640; 64],0.06785198350553401,0.06737354363495839,tvm
80,40,750,1,16,16,[80; 40; 750; 1; 16; 16],0.03003593000175897,0.15219866909933732,tvm
16,16,1500,1,256,16,[16; 16; 1500; 1; 256; 16],0.027973180505796336,0.1634218379451462,tvm
2,2,50,1,160,16,[2; 2; 50; 1; 160; 16],0.057201211515348405,0.07991838722160548,tvm
256,64,25,1,256,128,[256; 64; 25; 1; 256; 128],0.04128324850171339,0.11073325712822339,tvm
16,2,15,1,640,128,[16; 2; 15; 1; 640; 128],0.04542147098982241,0.10064466147414936,tvm
40,5,60,1,128,16,[40; 5; 60; 1; 128; 16],0.05987317650578916,0.07635186302478136,tvm
256,32,100,1,1280,16,[256; 32; 100; 1; 1280; 16],0.27668547397479415,0.016522112656499725,tvm
80,40,75,1,16,16,[80; 40; 75; 1; 16; 16],0.02959656475286465,0.15445808017250054,tvm
20,10,30,1,64,16,[20; 10; 30; 1; 64; 16],0.028689431492239237,0.15934190165689363,tvm
16,8,250,1,80,16,[16; 8; 250; 1; 80; 16],0.029648465759237297,0.154187694181251,tvm
4,1,100,1,1280,16,[4; 1; 100; 1; 1280; 16],0.1997899810085073,0.02288117025865233,tvm
128,1,3,1,1280,128,[128; 1; 3; 1; 1280; 128],0.11589693900896236,0.03944391120696519,tvm
20,2,30,1,32,16,[20; 2; 30; 1; 32; 16],0.016394680496887304,0.27883608785767455,tvm
160,16,125,1,64,16,[160; 16; 125; 1; 64; 16],0.07612774751032703,0.06004943953987919,tvm
160,2,15,1,1280,128,[160; 2; 15; 1; 1280; 128],0.10621291899587959,0.04304023102505934,tvm
256,64,375,1,128,128,[256; 64; 375; 1; 128; 128],0.023088504873157945,0.19799586835712293,tvm
1280,20,30,1,32,16,[1280; 20; 30; 1; 32; 16],0.10377676703501493,0.044050597277578936,tvm
640,10,375,1,320,16,[640; 10; 375; 1; 320; 16],0.07300622199545614,0.06261697217687959,tvm
20,10,30,1,1280,64,[20; 10; 30; 1; 1280; 64],0.08090600449941121,0.05650295796601648,tvm
16,4,150,1,640,16,[16; 4; 150; 1; 640; 16],0.073121147492202,0.06251855623458441,tvm
160,5,250,1,32,16,[160; 5; 250; 1; 32; 16],0.03309343299770262,0.1381370307440127,tvm
160,5,125,1,320,16,[160; 5; 125; 1; 320; 16],0.1316210440127179,0.034731745259419584,tvm
640,64,250,1,32,16,[640; 64; 250; 1; 32; 16],0.03617420048976783,0.1263726221875073,tvm
32,2,375,1,1280,128,[32; 2; 375; 1; 1280; 128],0.07522943499498069,0.06076648816694659,tvm
80,5,75,1,256,64,[80; 5; 75; 1; 256; 64],0.024390655125898775,0.18742541140580038,tvm
160,32,5,1,256,128,[160; 32; 5; 1; 256; 128],0.02321551737259142,0.19691262951674154,tvm
2,2,10,1,80,16,[2; 2; 10; 1; 80; 16],0.03799150725535583,0.12032764429961167,tvm
32,32,10,1,64,16,[32; 32; 10; 1; 64; 16],0.0413219125039177,0.11062964646167231,tvm
1280,32,5,1,128,128,[1280; 32; 5; 1; 128; 128],0.06433066001045518,0.07106142810730703,tvm
640,1,150,1,640,16,[640; 1; 150; 1; 640; 16],0.14546707196859643,0.03142586503985903,tvm
128,2,25,1,1280,64,[128; 2; 25; 1; 1280; 64],0.10707661497872323,0.04269306208771114,tvm
40,4,12,1,160,16,[40; 4; 12; 1; 160; 16],0.018901963623648044,0.2418494005410796,tvm
320,1,150,1,640,128,[320; 1; 150; 1; 640; 128],0.058714027516543865,0.07785922316673778,tvm
320,10,12,1,80,16,[320; 10; 12; 1; 80; 16],0.03426345625484828,0.13341994857222597,tvm
4,1,4,1,64,64,[4; 1; 4; 1; 64; 64],0.035474678996251896,0.12886455073805092,tvm
160,20,750,1,640,128,[160; 20; 750; 1; 640; 128],0.05619310500333086,0.08135212622896705,tvm
80,10,2,1,160,16,[80; 10; 2; 1; 160; 16],0.055734299996402115,0.08202181729605784,tvm
4,4,6,1,128,16,[4; 4; 6; 1; 128; 16],0.01809147812309675,0.25268408365109707,tvm
16,1,300,1,32,16,[16; 1; 300; 1; 32; 16],0.015957465999235865,0.2864758459549579,tvm
160,20,4,1,256,16,[160; 20; 4; 1; 256; 16],0.1013027069857344,0.04512642067967964,tvm
64,1,125,1,128,64,[64; 1; 125; 1; 128; 64],0.022702749127347488,0.20136013245734535,tvm
40,40,50,1,256,16,[40; 40; 50; 1; 256; 16],0.05998524199821986,0.0762092211208256,tvm
64,2,6,1,160,16,[64; 2; 6; 1; 160; 16],0.06454593999660574,0.07082441702249542,tvm
128,16,5,1,640,16,[128; 16; 5; 1; 640; 16],0.12390134198358282,0.03689571475371344,tvm
80,20,30,1,1280,16,[80; 20; 30; 1; 1280; 16],0.2203899819869548,0.020742451767608753,tvm
320,16,1,1,320,64,[320; 16; 1; 1; 320; 64],0.02571610049926676,0.17776523200159824,tvm
40,4,60,1,16,16,[40; 4; 60; 1; 16; 16],0.02055105312319938,0.2224425455972396,tvm
10,5,250,1,128,16,[10; 5; 250; 1; 128; 16],0.022723390749888495,0.20117721962119603,tvm
8,2,25,1,64,64,[8; 2; 25; 1; 64; 64],0.01444373949925648,0.3164989628664997,tvm
40,10,5,1,128,16,[40; 10; 5; 1; 128; 16],0.03294186375569552,0.1387726148505544,tvm
640,64,30,1,16,16,[640; 64; 30; 1; 16; 16],0.06379259401001036,0.07166080392829333,tvm
64,16,25,1,128,16,[64; 16; 25; 1; 128; 16],0.05362769350176677,0.08524380358215417,tvm
128,16,2,1,160,16,[128; 16; 2; 1; 160; 16],0.03060338275099639,0.14937657737459545,tvm
40,4,300,1,320,16,[40; 4; 300; 1; 320; 16],0.08000448701204732,0.05713965231400324,tvm
16,4,250,1,1280,64,[16; 4; 250; 1; 1280; 64],0.09396617399761453,0.04864972550169622,tvm
64,1,4,1,256,64,[64; 1; 4; 1; 256; 64],0.022762003252864815,0.20083595106477342,tvm
640,1,100,1,160,16,[640; 1; 100; 1; 160; 16],0.036801057009142824,0.1242200345031625,tvm
80,4,2,1,160,16,[80; 4; 2; 1; 160; 16],0.055403458478394896,0.08251161023117796,tvm
160,5,75,1,320,64,[160; 5; 75; 1; 320; 64],0.05767391651170328,0.07926336284966758,tvm
256,64,3,1,320,16,[256; 64; 3; 1; 320; 16],0.06717828050022945,0.06804920485294289,tvm
256,1,3,1,256,16,[256; 1; 3; 1; 256; 16],0.056515216012485325,0.08088845613575384,tvm
640,64,375,1,80,16,[640; 64; 375; 1; 80; 16],0.03615745400020387,0.12643115224326348,tvm
8,1,15,1,128,16,[8; 1; 15; 1; 128; 16],0.020250036373909097,0.22574915358268546,tvm
16,2,5,1,256,16,[16; 2; 5; 1; 256; 16],0.034651593246962875,0.1319254944166022,tvm
80,10,125,1,128,64,[80; 10; 125; 1; 128; 64],0.02452171374898171,0.18642369853201654,tvm
16,16,250,1,320,16,[16; 16; 250; 1; 320; 16],0.03425783874990884,0.13344182640362087,tvm
160,10,1,1,64,64,[160; 10; 1; 1; 64; 64],0.03255755250575021,0.14041069489548333,tvm
1280,8,50,1,160,16,[1280; 8; 50; 1; 160; 16],0.1627482619951479,0.02808895477829964,tvm
10,1,375,1,256,64,[10; 1; 375; 1; 256; 64],0.033165835004183464,0.1378354734880621,tvm
20,10,75,1,128,64,[20; 10; 75; 1; 128; 64],0.015379538126580883,0.2972409531289919,tvm
20,4,250,1,80,16,[20; 4; 250; 1; 80; 16],0.014003780874190852,0.32644245239896413,tvm
10,10,20,1,1280,16,[10; 10; 20; 1; 1280; 16],0.10626935900654644,0.04301737221494825,tvm
160,1,300,1,64,16,[160; 1; 300; 1; 64; 16],0.04122236100374721,0.11089681571157504,tvm
128,1,750,1,320,64,[128; 1; 750; 1; 320; 64],0.05581478250678629,0.08190354537120612,tvm
40,8,125,1,320,64,[40; 8; 125; 1; 320; 64],0.02880776701204013,0.158687362665699,tvm
320,64,25,1,64,64,[320; 64; 25; 1; 64; 64],0.025239396243705414,0.18112273872512558,tvm
128,1,12,1,1280,16,[128; 1; 12; 1; 1280; 16],0.24680698302108794,0.018522282131044787,tvm
40,40,30,1,80,16,[40; 40; 30; 1; 80; 16],0.018831858127668966,0.2427497350732447,tvm
1280,64,50,1,256,64,[1280; 64; 50; 1; 256; 64],0.06574131999514066,0.06953661063949544,tvm
640,40,12,1,320,16,[640; 40; 12; 1; 320; 16],0.07245208648964763,0.06309588574901516,tvm
320,40,250,1,64,16,[320; 40; 250; 1; 64; 16],0.04187831225863192,0.10915980909632557,tvm
128,32,4,1,64,64,[128; 32; 4; 1; 64; 64],0.03677787201013416,0.12429834358466722,tvm
640,40,4,1,1280,64,[640; 40; 4; 1; 1280; 64],0.224399562983308,0.02037182475158661,tvm
16,4,750,1,128,64,[16; 4; 750; 1; 128; 64],0.016196493750612717,0.28224803724915054,tvm
1280,8,250,1,320,16,[1280; 8; 250; 1; 320; 16],0.1234157970175147,0.037040870633277295,tvm
40,2,75,1,640,16,[40; 2; 75; 1; 640; 16],0.12534017203142866,0.03647217406309527,tvm
2,2,100,1,128,128,[2; 2; 100; 1; 128; 128],0.029613539998535998,0.1543695408132418,tvm
640,4,25,1,128,16,[640; 4; 25; 1; 128; 16],0.11423911596648395,0.04001631606436591,tvm
10,1,4,1,64,16,[10; 1; 4; 1; 64; 16],0.01699186350015225,0.2690363285573481,tvm
16,1,4,1,64,64,[16; 1; 4; 1; 64; 64],0.029187290754634887,0.15662394327238602,tvm
1280,20,75,1,320,64,[1280; 20; 75; 1; 320; 64],0.0786855399783235,0.05809744169879143,tvm
128,64,5,1,256,16,[128; 64; 5; 1; 256; 16],0.05013135574699845,0.09118900742480478,tvm
640,4,5,1,1280,64,[640; 4; 5; 1; 1280; 64],0.20086327200988308,0.022758907219253322,tvm
32,1,75,1,640,128,[32; 1; 75; 1; 640; 128],0.04601546500634868,0.09934548245460215,tvm
1,1,2,1,128,64,[1; 1; 2; 1; 128; 64],0.059938129503279924,0.07626912299921564,tvm
160,16,12,1,320,64,[160; 16; 12; 1; 320; 64],0.028546710003865883,0.1601385438395351,tvm
16,2,125,1,320,64,[16; 2; 125; 1; 320; 64],0.022092111248639412,0.20692583519875732,tvm
640,10,12,1,256,128,[640; 10; 12; 1; 256; 128],0.0349234102468472,0.13089868770307933,tvm
320,2,1,1,256,128,[320; 2; 1; 1; 256; 128],0.020615648121747654,0.22174556649548777,tvm
640,16,375,1,256,16,[640; 16; 375; 1; 256; 16],0.05786728049861267,0.0789985036801266,tvm
1,1,30,1,640,64,[1; 1; 30; 1; 640; 64],0.2369795559789054,0.019290392171363063,tvm
16,1,500,1,128,128,[16; 1; 500; 1; 128; 128],0.01697477087873267,0.26930723272123913,tvm
640,5,15,1,256,128,[640; 5; 15; 1; 256; 128],0.02228325562464306,0.20515083829909608,tvm
16,1,375,1,640,64,[16; 1; 375; 1; 640; 64],0.06250676748459227,0.0731349381097881,tvm
160,1,1500,1,320,64,[160; 1; 1500; 1; 320; 64],0.031736075499793515,0.14404517570101932,tvm
10,10,4,1,128,128,[10; 10; 4; 1; 128; 128],0.02552789601031691,0.17907580670107176,tvm
10,5,50,1,256,128,[10; 5; 50; 1; 256; 128],0.017767703997378703,0.25728864979419974,tvm
16,1,60,1,128,16,[16; 1; 60; 1; 128; 16],0.04238981375237927,0.10784261988346162,tvm
1280,40,300,1,160,16,[1280; 40; 300; 1; 160; 16],0.10886349499924108,0.04199230027899105,tvm
80,1,150,1,256,64,[80; 1; 150; 1; 256; 64],0.024130929246894084,0.18944270751682574,tvm
64,64,60,1,128,128,[64; 64; 60; 1; 128; 128],0.012514174624811858,0.36530004642613817,tvm
80,16,75,1,256,64,[80; 16; 75; 1; 256; 64],0.027429780748207122,0.16665931869423972,tvm
80,4,5,1,1280,16,[80; 4; 5; 1; 1280; 16],0.22588519001146778,0.020237841051892285,tvm
640,8,50,1,64,64,[640; 8; 50; 1; 64; 64],0.01851468825043412,0.24690821198792717,tvm
1280,20,375,1,80,16,[1280; 20; 375; 1; 80; 16],0.0526704365038313,0.08679306409575781,tvm
80,40,75,1,1280,16,[80; 40; 75; 1; 1280; 16],0.24325811601011083,0.018792501752494722,tvm
160,20,250,1,1280,64,[160; 20; 250; 1; 1280; 64],0.10820522002177313,0.042247763744750075,tvm
20,5,10,1,1280,16,[20; 5; 10; 1; 1280; 16],0.1131380739971064,0.04040574856829797,tvm
256,16,100,1,128,16,[256; 16; 100; 1; 128; 16],0.05409537398372777,0.08450682997040905,tvm
8,2,250,1,640,64,[8; 2; 250; 1; 640; 64],0.050663115485804155,0.0902318881812448,tvm
10,10,2,1,640,16,[10; 10; 2; 1; 640; 16],0.0398157892486779,0.114814465760725,tvm
64,16,4,1,128,16,[64; 16; 4; 1; 128; 16],0.043768695497419685,0.10444516382029419,tvm
80,1,150,1,1280,128,[80; 1; 150; 1; 1280; 128],0.11874576995614916,0.03849761194118093,tvm
160,40,6,1,80,16,[160; 40; 6; 1; 80; 16],0.031663068250054494,0.14437730845685506,tvm
256,64,6,1,128,64,[256; 64; 6; 1; 128; 64],0.03921471974172164,0.11657430172999302,tvm
32,16,5,1,64,16,[32; 16; 5; 1; 64; 16],0.022717844251019415,0.20122633648320037,tvm
64,16,20,1,80,16,[64; 16; 20; 1; 80; 16],0.023719845121377148,0.19272590305864357,tvm
20,10,1500,1,320,16,[20; 10; 1500; 1; 320; 16],0.03748577799706254,0.12195101224221085,tvm
40,1,375,1,1280,16,[40; 1; 375; 1; 1280; 16],0.24533505999716,0.0186334092301422,tvm
160,20,25,1,128,128,[160; 20; 25; 1; 128; 128],0.022024324745871127,0.20756271187317885,tvm
64,4,5,1,640,128,[64; 4; 5; 1; 640; 128],0.05593819750356488,0.08172284369973201,tvm
8,1,1,1,1280,16,[8; 1; 1; 1; 1280; 16],0.15195200400194153,0.030084687605503126,tvm
80,5,150,1,16,16,[80; 5; 150; 1; 16; 16],0.030164096257067285,0.15155198194799258,tvm
640,8,500,1,128,16,[640; 8; 500; 1; 128; 16],0.05825682598515414,0.07847026497107018,tvm
640,4,2,1,640,16,[640; 4; 2; 1; 640; 16],0.20987453201087192,0.021781721334305407,tvm
64,1,125,1,640,128,[64; 1; 125; 1; 640; 128],0.05944954647566192,0.07689593684789625,tvm
640,4,50,1,320,64,[640; 4; 50; 1; 320; 64],0.029153504001442343,0.15680545882931962,tvm
640,64,15,1,16,16,[640; 64; 15; 1; 16; 16],0.03598617225361522,0.1270329208455706,tvm
20,10,6,1,320,16,[20; 10; 6; 1; 320; 16],0.06196618749527261,0.07377295193087885,tvm
640,10,750,1,80,16,[640; 10; 750; 1; 80; 16],0.10840443597408012,0.042170124592702245,tvm
8,8,1,1,320,64,[8; 8; 1; 1; 320; 64],0.04349183299927972,0.10511004609771862,tvm
640,8,20,1,80,16,[640; 8; 20; 1; 80; 16],0.07244651651126333,0.06310073681345117,tvm
1280,20,300,1,640,64,[1280; 20; 300; 1; 640; 64],0.1528929200139828,0.029899543883461003,tvm
128,1,2,1,1280,128,[128; 1; 2; 1; 1280; 128],0.11849493702175096,0.03857910461262526,tvm
10,2,6,1,160,16,[10; 2; 6; 1; 160; 16],0.014330981372040696,0.3189892201204928,tvm
1280,16,4,1,64,64,[1280; 16; 4; 1; 64; 64],0.048553816246567294,0.09415178712655295,tvm
16,8,250,1,1280,16,[16; 8; 250; 1; 1280; 16],0.14444275404093787,0.031648722026810294,tvm
128,2,750,1,16,16,[128; 2; 750; 1; 16; 16],0.03213765425607562,0.14224524711738548,tvm
80,16,5,1,640,64,[80; 16; 5; 1; 640; 64],0.05682514698128216,0.08044728107671012,tvm
1280,1,2,1,128,64,[1280; 1; 2; 1; 128; 64],0.06397920948802494,0.071451782665183,tvm
80,10,25,1,256,128,[80; 10; 25; 1; 256; 128],0.021988392880302854,0.2079018960737074,tvm
1280,20,150,1,128,16,[1280; 20; 150; 1; 128; 16],0.08389363251626492,0.054490769255250496,tvm
1,1,150,1,1280,64,[1; 1; 150; 1; 1280; 64],0.48335988295730203,0.009457608569953233,tvm
5,5,125,1,256,64,[5; 5; 125; 1; 256; 64],0.024250419250165578,0.18850925933568588,tvm
4,2,4,1,64,64,[4; 2; 4; 1; 64; 64],0.03349778750271071,0.13646956746198963,tvm
64,1,25,1,256,128,[64; 1; 25; 1; 256; 128],0.02385159974801354,0.19166129818228644,tvm
128,16,50,1,128,64,[128; 16; 50; 1; 128; 64],0.040881054737837985,0.11182266702129452,tvm
640,32,300,1,16,16,[640; 32; 300; 1; 16; 16],0.07208486800664105,0.06341731209117861,tvm
640,2,2,1,32,16,[640; 2; 2; 1; 32; 16],0.035832863257382996,0.1275764244289542,tvm
1280,64,12,1,16,16,[1280; 64; 12; 1; 16; 16],0.10983877000398934,0.04161944431153533,tvm
1280,64,1500,1,128,128,[1280; 64; 1500; 1; 128; 128],0.06206617099815048,0.07365410976560478,tvm
64,8,125,1,1280,16,[64; 8; 125; 1; 1280; 16],0.1986085250391625,0.023017282719999848,tvm
128,4,500,1,64,64,[128; 4; 500; 1; 64; 64],0.017460763498093,0.2618114936341613,tvm
80,10,500,1,640,16,[80; 10; 500; 1; 640; 16],0.12008856004104018,0.038067144529556264,tvm
80,40,100,1,256,128,[80; 40; 100; 1; 256; 128],0.02340927037585061,0.1952828301793008,tvm
4,2,150,1,128,64,[4; 2; 150; 1; 128; 64],0.01968242025031941,0.23225947384973583,tvm
1280,5,125,1,128,16,[1280; 5; 125; 1; 128; 16],0.08640861447202042,0.05290477806363653,tvm
40,8,20,1,320,16,[40; 8; 20; 1; 320; 16],0.037635725500877015,0.12146513746153359,tvm
256,64,30,1,256,128,[256; 64; 30; 1; 256; 128],0.02062269037560327,0.22166984463077577,tvm
640,16,20,1,1280,16,[640; 16; 20; 1; 1280; 16],0.30602460395311937,0.014938107957257188,tvm
640,20,50,1,1280,16,[640; 20; 50; 1; 1280; 16],0.29276002099504694,0.015614934566171223,tvm
256,32,75,1,128,16,[256; 32; 75; 1; 128; 16],0.05412559400429018,0.08445964715077722,tvm
320,4,2,1,256,16,[320; 4; 2; 1; 256; 16],0.05559465050464496,0.08222784980088375,tvm
128,1,15,1,256,64,[128; 1; 15; 1; 256; 64],0.023332342876528855,0.19592668407197097,tvm
80,40,6,1,320,16,[80; 40; 6; 1; 320; 16],0.05612081949948333,0.08145691050485565,tvm
1280,32,375,1,80,16,[1280; 32; 375; 1; 80; 16],0.05026431649457663,0.09094779140032302,tvm
16,4,20,1,80,16,[16; 4; 20; 1; 80; 16],0.018558786250650883,0.24632152715634867,tvm
256,32,100,1,128,64,[256; 32; 100; 1; 128; 64],0.042307590250857174,0.10805220870115505,tvm
160,2,50,1,32,16,[160; 2; 50; 1; 32; 16],0.03359189099865034,0.13608726497749837,tvm
40,2,30,1,640,128,[40; 2; 30; 1; 640; 128],0.05909858498489484,0.07735258928106307,tvm
64,16,100,1,160,16,[64; 16; 100; 1; 160; 16],0.04636935050075408,0.09858728927752027,tvm
40,5,125,1,64,16,[40; 5; 125; 1; 64; 16],0.03763383599289227,0.12147123594554529,tvm
320,20,150,1,32,16,[320; 20; 150; 1; 32; 16],0.03480434724770021,0.13134648206139368,tvm
128,32,1,1,32,16,[128; 32; 1; 1; 32; 16],0.06237438501557335,0.07329015861698994,tvm
640,16,10,1,128,128,[640; 16; 10; 1; 128; 128],0.02155694825341925,0.212062881892546,tvm
4,4,10,1,32,16,[4; 4; 10; 1; 32; 16],0.06562908901832998,0.06965552378994301,tvm
32,32,2,1,640,128,[32; 32; 2; 1; 640; 128],0.16195018397411332,0.028227374981922126,tvm
40,10,125,1,1280,128,[40; 10; 125; 1; 1280; 128],0.11709178501041606,0.039041411581708436,tvm
160,20,6,1,32,16,[160; 20; 6; 1; 32; 16],0.03298480075318366,0.1385919716670516,tvm
128,32,75,1,128,64,[128; 32; 75; 1; 128; 64],0.023095216623914894,0.19793832835042116,tvm
80,2,20,1,64,16,[80; 2; 20; 1; 64; 16],0.03378955250082072,0.13529118420013214,tvm
10,5,750,1,256,128,[10; 5; 750; 1; 256; 128],0.038687959997332655,0.11816153066079858,tvm
40,40,3,1,256,64,[40; 40; 3; 1; 256; 64],0.025550452497554943,0.17891771473973056,tvm
1280,10,300,1,1280,64,[1280; 10; 300; 1; 1280; 64],0.2944518650183454,0.015525215203319412,tvm
32,16,1,1,32,16,[32; 16; 1; 1; 32; 16],0.02105970225238707,0.21706995268228024,tvm
8,2,30,1,16,16,[8; 2; 30; 1; 16; 16],0.03468656100449152,0.13179249943044577,tvm
4,1,6,1,640,128,[4; 1; 6; 1; 640; 128],0.06377236297703348,0.07168353747649107,tvm
64,32,125,1,640,16,[64; 32; 125; 1; 640; 16],0.10062511498108506,0.04543029413966765,tvm
1280,64,15,1,16,16,[1280; 64; 15; 1; 16; 16],0.05495953551144339,0.08317807872442322,tvm
128,32,750,1,128,128,[128; 32; 750; 1; 128; 128],0.023186322876426857,0.19716056727892226,tvm
40,20,1,1,80,16,[40; 20; 1; 1; 80; 16],0.042166056256974116,0.1084148952315756,tvm
32,8,12,1,320,16,[32; 8; 12; 1; 320; 16],0.07116681250045076,0.06423539864736273,tvm
80,5,30,1,128,64,[80; 5; 30; 1; 128; 64],0.02362051700038137,0.1935363468697473,tvm
80,1,375,1,64,64,[80; 1; 375; 1; 64; 64],0.017887327376229223,0.2555680049498966,tvm
8,1,500,1,640,64,[8; 1; 500; 1; 640; 64],0.10573603998636827,0.04323434632144282,tvm
160,16,12,1,256,64,[160; 16; 12; 1; 256; 64],0.03752042874111794,0.12183838844087697,tvm
20,10,75,1,128,16,[20; 10; 75; 1; 128; 16],0.022258451252127998,0.20537945428667345,tvm
80,8,1500,1,80,16,[80; 8; 1500; 1; 80; 16],0.03170960725401528,0.14416541128397947,tvm
160,40,500,1,256,64,[160; 40; 500; 1; 256; 64],0.04268651150050573,0.10709304674321797,tvm
1280,64,75,1,128,128,[1280; 64; 75; 1; 128; 128],0.06359122699359432,0.07188772394483066,tvm
640,4,300,1,256,64,[640; 4; 300; 1; 256; 64],0.021285918999637943,0.21476303520211312,tvm
640,5,50,1,80,16,[640; 5; 50; 1; 80; 16],0.03607331949751824,0.1267260300717009,tvm
80,40,375,1,80,16,[80; 40; 375; 1; 80; 16],0.057951285503804684,0.07888398905540142,tvm
256,64,30,1,320,64,[256; 64; 30; 1; 320; 64],0.052614772983361036,0.08688488635832842,tvm
32,32,300,1,64,16,[32; 32; 300; 1; 64; 16],0.020371035127027426,0.2244082611866588,tvm
320,32,15,1,256,128,[320; 32; 15; 1; 256; 128],0.035904626740375534,0.12732143421192849,tvm
16,2,100,1,640,64,[16; 2; 100; 1; 640; 64],0.046391627489356324,0.09853994823693993,tvm
160,16,20,1,320,16,[160; 16; 20; 1; 320; 16],0.06511716902605258,0.07020312215353833,tvm
40,1,500,1,80,16,[40; 1; 500; 1; 80; 16],0.028368508501444012,0.16114448072572715,tvm
640,8,300,1,320,16,[640; 8; 300; 1; 320; 16],0.0724644684814848,0.06308510456537199,tvm
128,1,125,1,1280,128,[128; 1; 125; 1; 1280; 128],0.12099677795777097,0.03778140747701599,tvm
1280,2,750,1,256,16,[1280; 2; 750; 1; 256; 16],0.08407375600654632,0.054374025719424526,tvm
64,64,1,1,256,64,[64; 64; 1; 1; 256; 64],0.025021557754371315,0.18269959913386824,tvm
20,2,3,1,1280,128,[20; 2; 3; 1; 1280; 128],0.08242243100539781,0.055463403780570256,tvm
20,5,375,1,640,16,[20; 5; 375; 1; 640; 16],0.073111826000968,0.0625265271225485,tvm
256,2,4,1,640,16,[256; 2; 4; 1; 640; 16],0.13901931897271425,0.032883405020318224,tvm
4,4,10,1,256,64,[4; 4; 10; 1; 256; 64],0.025377322745043784,0.18013833127142523,tvm
1280,10,2,1,32,16,[1280; 10; 2; 1; 32; 16],0.053958948992658406,0.08472048949749847,tvm
256,32,15,1,128,128,[256; 32; 15; 1; 128; 128],0.021688003500457853,0.21078143828831755,tvm
64,1,10,1,1280,16,[64; 1; 10; 1; 1280; 16],0.21250712900655344,0.021511883355628952,tvm
16,2,1,1,640,64,[16; 2; 1; 1; 640; 64],0.054232301510637626,0.08429346430248566,tvm
128,4,375,1,32,16,[128; 4; 375; 1; 32; 16],0.032531226504943334,0.1405243227067972,tvm
64,2,2,1,640,64,[64; 2; 2; 1; 640; 64],0.11186558799818158,0.04086536935293168,tvm
160,32,1,1,64,16,[160; 32; 1; 1; 64; 16],0.03795057025854476,0.12045744083118994,tvm
20,2,500,1,640,16,[20; 2; 500; 1; 640; 16],0.11719398200511932,0.03900736619077318,tvm
20,5,250,1,128,64,[20; 5; 250; 1; 128; 64],0.015274973498890176,0.2992757121156848,tvm
640,64,10,1,320,64,[640; 64; 10; 1; 320; 64],0.057923310494516045,0.07892208736690519,tvm
256,64,75,1,128,128,[256; 64; 75; 1; 128; 128],0.0218165200058138,0.2095397694137447,tvm
1280,2,20,1,160,16,[1280; 2; 20; 1; 160; 16],0.05226386000867933,0.08746825379276245,tvm
160,20,60,1,256,16,[160; 20; 60; 1; 256; 16],0.1043721719761379,0.04379930478474391,tvm
20,20,25,1,16,16,[20; 20; 25; 1; 16; 16],0.01779870700556785,0.2568404867835918,tvm
64,8,25,1,32,16,[64; 8; 25; 1; 32; 16],0.04922487273870502,0.0928682659210636,tvm
160,1,150,1,16,16,[160; 1; 150; 1; 16; 16],0.03422928199870512,0.13355315403932538,tvm
256,1,4,1,640,16,[256; 1; 4; 1; 640; 16],0.14669321599649265,0.031163190065571073,tvm
160,4,6,1,16,16,[160; 4; 6; 1; 16; 16],0.034004715489572845,0.13443513658658157,tvm
64,1,125,1,320,16,[64; 1; 125; 1; 320; 16],0.13858716300455853,0.032985945251496375,tvm
40,40,100,1,1280,64,[40; 40; 100; 1; 1280; 64],0.08359683101298288,0.05468423283555585,tvm
160,40,60,1,64,64,[160; 40; 60; 1; 64; 64],0.01637651675264351,0.2791453543190525,tvm
40,8,1,1,1280,16,[40; 8; 1; 1; 1280; 16],0.167087965994142,0.027359412416264876,tvm
20,4,25,1,128,64,[20; 4; 25; 1; 128; 64],0.015980582124029752,0.2860614548298955,tvm
10,5,25,1,1280,64,[10; 5; 25; 1; 1280; 64],0.08074030448915437,0.056618916665624415,tvm
128,8,15,1,32,16,[128; 8; 15; 1; 32; 16],0.03227979924122337,0.14161886625337386,tvm
64,32,6,1,640,64,[64; 32; 6; 1; 640; 64],0.05717651700251736,0.07995290393829518,tvm
320,40,25,1,640,64,[320; 40; 25; 1; 640; 64],0.05751711002085358,0.07947945523986064,tvm
80,5,150,1,320,64,[80; 5; 150; 1; 320; 64],0.02924997149966657,0.1562883085708539,tvm
1280,16,125,1,640,128,[1280; 16; 125; 1; 640; 128],0.15484242199454457,0.029523101696185255,tvm
320,40,150,1,1280,16,[320; 40; 150; 1; 1280; 16],0.28655019000871107,0.015953325912258516,tvm
160,2,125,1,160,16,[160; 2; 125; 1; 160; 16],0.03329203699831851,0.1373129728186792,tvm
128,16,10,1,64,16,[128; 16; 10; 1; 64; 16],0.07415311352815479,0.06164850474812324,tvm
640,8,75,1,128,16,[640; 8; 75; 1; 128; 16],0.057474441011436284,0.07953846076587238,tvm
320,2,20,1,1280,16,[320; 2; 20; 1; 1280; 16],0.2968820490059443,0.01539813062707958,tvm
320,2,1,1,128,128,[320; 2; 1; 1; 128; 128],0.021849221753655,0.2092261510716669,tvm
32,8,6,1,80,16,[32; 8; 6; 1; 80; 16],0.017477348003012594,0.26156305697183513,tvm
1280,20,60,1,320,64,[1280; 20; 60; 1; 320; 64],0.07888312250724994,0.05795192211120223,tvm
16,2,250,1,1280,64,[16; 2; 250; 1; 1280; 64],0.10079408896854147,0.045354133543042845,tvm
10,1,500,1,256,128,[10; 1; 500; 1; 256; 128],0.01939930500520859,0.23564909001642959,tvm
40,40,75,1,256,64,[40; 40; 75; 1; 256; 64],0.015819852000277024,0.2889678469399411,tvm
1280,5,250,1,320,64,[1280; 5; 250; 1; 320; 64],0.11119464499643072,0.04111194897537837,tvm
80,1,100,1,80,16,[80; 1; 100; 1; 80; 16],0.060868069500429556,0.07510388630604278,tvm
640,1,150,1,256,64,[640; 1; 150; 1; 256; 64],0.04669154250586871,0.09790699398834347,tvm
1280,40,25,1,256,16,[1280; 40; 25; 1; 256; 16],0.08987443699152209,0.050864614282477204,tvm
4,2,150,1,16,16,[4; 2; 150; 1; 16; 16],0.021943486375676002,0.20832735934322297,tvm
320,16,20,1,1280,16,[320; 16; 20; 1; 1280; 16],0.2955709539819509,0.015466433727137232,tvm
32,16,15,1,320,64,[32; 16; 15; 1; 320; 64],0.02132570600224426,0.21436235550407975,tvm
320,32,1,1,320,16,[320; 32; 1; 1; 320; 16],0.06922763350303285,0.06603473699889363,tvm
160,32,6,1,128,64,[160; 32; 6; 1; 128; 64],0.024470458243740723,0.18681417919903048,tvm
10,1,25,1,128,64,[10; 1; 25; 1; 128; 64],0.016418647748650983,0.27842905465854684,tvm
640,64,25,1,128,64,[640; 64; 25; 1; 128; 64],0.02487911775097018,0.18374560614193425,tvm
20,2,150,1,32,16,[20; 2; 150; 1; 32; 16],0.017599989630980417,0.2597404127660226,tvm
32,8,150,1,64,16,[32; 8; 150; 1; 64; 16],0.0205108816298889,0.22287820942650205,tvm
16,1,250,1,640,64,[16; 1; 250; 1; 640; 64],0.06249966047471389,0.07314325448660765,tvm
640,16,500,1,128,128,[640; 16; 500; 1; 128; 128],0.0204585517567466,0.22344829808987116,tvm
1280,4,75,1,320,16,[1280; 4; 75; 1; 320; 16],0.12011277698911726,0.03805946949209877,tvm
4,4,2,1,128,128,[4; 4; 2; 1; 128; 128],0.021568090000073425,0.21195333343903003,tvm
32,4,100,1,160,16,[32; 4; 100; 1; 160; 16],0.017136208749434445,0.26677012624390706,tvm
640,40,300,1,128,16,[640; 40; 300; 1; 128; 16],0.05759296799078584,0.07937476971424608,tvm
320,10,4,1,64,16,[320; 10; 4; 1; 64; 16],0.04145778426027391,0.11026707415738693,tvm
320,64,60,1,160,16,[320; 64; 60; 1; 160; 16],0.03462056249554735,0.13204374053762172,tvm
128,64,375,1,1280,16,[128; 64; 375; 1; 1280; 16],0.27082206401973963,0.016879823244738915,tvm
256,16,1,1,640,16,[256; 16; 1; 1; 640; 16],0.1390007139998488,0.032887806399566726,tvm
32,1,5,1,64,64,[32; 1; 5; 1; 64; 64],0.013639495497045573,0.3351611188565428,tvm
640,64,6,1,256,128,[640; 64; 6; 1; 256; 128],0.048507494502700865,0.0942416964284568,tvm
1,1,6,1,640,128,[1; 1; 6; 1; 640; 128],0.23170159000437707,0.0197298109665204,tvm
32,4,50,1,32,16,[32; 4; 50; 1; 32; 16],0.017940692996489815,0.2548078032617243,tvm
40,20,3,1,128,128,[40; 20; 3; 1; 128; 128],0.022586974373552948,0.2023922503219931,tvm
128,2,60,1,64,64,[128; 2; 60; 1; 64; 64],0.01750831062963698,0.26110049496667836,tvm
40,5,1500,1,256,64,[40; 5; 1500; 1; 256; 64],0.025017566746100783,0.18272874487847907,tvm
256,16,12,1,320,64,[256; 16; 12; 1; 320; 64],0.02820107249135617,0.16210123117940806,tvm
640,64,2,1,128,16,[640; 64; 2; 1; 128; 16],0.056930822000140324,0.08029795479533572,tvm
256,32,6,1,256,64,[256; 32; 6; 1; 256; 64],0.045316176998312585,0.10087851346327815,tvm
160,20,1,1,1280,128,[160; 20; 1; 1; 1280; 128],0.10432078898884356,0.04382087804107249,tvm
10,2,250,1,128,128,[10; 2; 250; 1; 128; 128],0.031782692996785045,0.14383389638791752,tvm
320,16,75,1,640,128,[320; 16; 75; 1; 640; 128],0.058481451007537544,0.07816886367678139,tvm
128,8,12,1,256,16,[128; 8; 12; 1; 256; 16],0.04848490600124933,0.09428560243698891,tvm
320,10,20,1,320,64,[320; 10; 20; 1; 320; 64],0.030414380991715007,0.15030483680315065,tvm
16,2,125,1,640,64,[16; 2; 125; 1; 640; 64],0.07858744051191024,0.05816996382183681,tvm
256,2,15,1,320,16,[256; 2; 15; 1; 320; 16],0.06783083500340581,0.0673945495614058,tvm
128,8,125,1,64,64,[128; 8; 125; 1; 64; 64],0.018702948626014404,0.24442288020136335,tvm
640,2,150,1,640,128,[640; 2; 150; 1; 640; 128],0.05901153400191106,0.07746669610860359,tvm
256,16,300,1,64,64,[256; 16; 300; 1; 64; 64],0.03410145876114257,0.13405375422348667,tvm
10,5,20,1,320,16,[10; 5; 20; 1; 320; 16],0.027522519245394506,0.1660977518325665,tvm
80,1,500,1,128,64,[80; 1; 500; 1; 128; 64],0.027846520752063952,0.16416516131875264,tvm
1280,64,150,1,320,64,[1280; 64; 150; 1; 320; 64],0.12430660100653768,0.036775428934688235,tvm
128,8,2,1,80,16,[128; 8; 2; 1; 80; 16],0.03110014674894046,0.14699057880118568,tvm
256,4,2,1,320,64,[256; 4; 2; 1; 320; 64],0.05548982697655447,0.08238318301767437,tvm
1280,2,100,1,64,16,[1280; 2; 100; 1; 64; 16],0.06592185099725612,0.06934618039804206,tvm
80,16,500,1,32,16,[80; 16; 500; 1; 32; 16],0.060971477505518124,0.07497650964772573,tvm
1280,5,100,1,128,128,[1280; 5; 100; 1; 128; 128],0.059723282494815066,0.07654349159099627,tvm
64,4,2,1,256,64,[64; 4; 2; 1; 256; 64],0.022614689376496244,0.20214421234455335,tvm
20,2,1500,1,128,16,[20; 2; 1500; 1; 128; 16],0.053906765999272466,0.08480250088625736,tvm
256,32,375,1,320,16,[256; 32; 375; 1; 320; 16],0.0700633619853761,0.06524706268566927,tvm
80,1,375,1,128,16,[80; 1; 375; 1; 128; 16],0.05196045449702069,0.08797899509694797,tvm
16,8,750,1,256,16,[16; 8; 750; 1; 256; 16],0.027402391249779612,0.16682589959974162,tvm
320,2,150,1,256,16,[320; 2; 150; 1; 256; 16],0.11148268904071301,0.04100572573881049,tvm
1280,5,125,1,1280,64,[1280; 5; 125; 1; 1280; 64],0.31187273701652884,0.01465799356224681,tvm
64,1,2,1,64,16,[64; 1; 2; 1; 64; 16],0.03484339399437886,0.1311992905216427,tvm
160,10,250,1,320,64,[160; 10; 250; 1; 320; 64],0.028996374996495433,0.15765517489620978,tvm
20,20,250,1,320,16,[20; 20; 250; 1; 320; 16],0.03520230925641954,0.12986161044519884,tvm
16,1,75,1,64,64,[16; 1; 75; 1; 64; 64],0.03124526700412389,0.14630787347169139,tvm
1280,1,5,1,128,128,[1280; 1; 5; 1; 128; 128],0.12063865101663396,0.03789356506314259,tvm
64,4,12,1,128,128,[64; 4; 12; 1; 128; 128],0.022081775627157185,0.20702268914490818,tvm
80,40,3,1,64,64,[80; 40; 3; 1; 64; 64],0.03542891299002804,0.129031014096178,tvm
320,4,5,1,128,128,[320; 4; 5; 1; 128; 128],0.0283356387517415,0.16133141064792877,tvm
32,1,300,1,32,16,[32; 1; 300; 1; 32; 16],0.056225122505566105,0.0813058001069898,tvm
320,64,10,1,128,16,[320; 64; 10; 1; 128; 16],0.055055581004126,0.08303297300751358,tvm
32,4,12,1,1280,128,[32; 4; 12; 1; 1280; 128],0.07536120849545114,0.06066023439239973,tvm
8,8,3,1,256,64,[8; 8; 3; 1; 256; 64],0.01988224725209875,0.2299251444499573,tvm
1280,4,375,1,64,16,[1280; 4; 375; 1; 64; 16],0.06580410100286826,0.06947026859662307,tvm
80,40,60,1,320,64,[80; 40; 60; 1; 320; 64],0.029612963247927837,0.15437254735891576,tvm
64,4,100,1,1280,64,[64; 4; 100; 1; 1280; 64],0.11271623999346048,0.04055696474344597,tvm
320,20,150,1,256,128,[320; 20; 150; 1; 256; 128],0.020665501753683202,0.2212106256076656,tvm
80,2,750,1,1280,16,[80; 2; 750; 1; 1280; 16],0.2561939849983901,0.017843621783147245,tvm
4,1,375,1,64,16,[4; 1; 375; 1; 64; 16],0.02208892937778728,0.20695564249599255,tvm
32,1,1500,1,16,16,[32; 1; 1500; 1; 16; 16],0.03476853824395221,0.13148175915114138,tvm
160,32,375,1,80,16,[160; 32; 375; 1; 80; 16],0.06571040250128135,0.0695693284079249,tvm
640,32,50,1,320,16,[640; 32; 50; 1; 320; 16],0.2185622249962762,0.0209159134040956,tvm
320,20,750,1,640,64,[320; 20; 750; 1; 640; 64],0.05782602049293928,0.07905487066997384,tvm
320,8,25,1,160,16,[320; 8; 25; 1; 160; 16],0.06933838600525633,0.06592926133414796,tvm
64,16,1500,1,640,16,[64; 16; 1500; 1; 640; 16],0.10233516799053177,0.04467113956222291,tvm
20,1,6,1,256,64,[20; 1; 6; 1; 256; 64],0.03517424598976504,0.12996521866477992,tvm
80,20,750,1,320,64,[80; 20; 750; 1; 320; 64],0.02946513875212986,0.15514702339890155,tvm
320,8,500,1,640,64,[320; 8; 500; 1; 640; 64],0.05768574200919829,0.07924711396968134,tvm
160,16,12,1,1280,16,[160; 16; 12; 1; 1280; 16],0.2534014720004052,0.01804026052153818,tvm
64,8,250,1,1280,128,[64; 8; 250; 1; 1280; 128],0.113178413012065,0.040391347163891145,tvm
80,8,60,1,256,64,[80; 8; 60; 1; 256; 64],0.023572423997393344,0.19393120418732004,tvm
16,1,100,1,640,128,[16; 1; 100; 1; 640; 128],0.04854598674864974,0.09416697192905904,tvm
160,2,20,1,320,64,[160; 2; 20; 1; 320; 64],0.028431040249415673,0.16079005661857645,tvm
20,2,500,1,640,64,[20; 2; 500; 1; 640; 64],0.04735273474943824,0.09653990620853854,tvm
640,4,25,1,128,64,[640; 4; 25; 1; 128; 64],0.024739233871514443,0.18478456508276367,tvm
256,4,6,1,256,16,[256; 4; 6; 1; 256; 16],0.055234384519280866,0.08276418052296404,tvm
20,10,2,1,256,64,[20; 10; 2; 1; 256; 64],0.022443222878791858,0.20368859660296065,tvm
1280,8,300,1,1280,128,[1280; 8; 300; 1; 1280; 128],0.3021068189991638,0.015131828492230177,tvm
160,16,30,1,128,128,[160; 16; 30; 1; 128; 128],0.023106823253328912,0.19783890331051818,tvm
320,64,10,1,256,16,[320; 64; 10; 1; 256; 16],0.05480912097846158,0.08340634715205546,tvm
16,16,15,1,640,128,[16; 16; 15; 1; 640; 128],0.04020232876064256,0.11371054146256143,tvm
128,2,75,1,256,128,[128; 2; 75; 1; 256; 128],0.04249717650236562,0.10757017166008903,tvm
1280,16,15,1,80,16,[1280; 16; 15; 1; 80; 16],0.05425392498727888,0.08425986824917187,tvm
160,40,15,1,128,128,[160; 40; 15; 1; 128; 128],0.038602753993473016,0.11842234292925091,tvm
256,16,125,1,256,16,[256; 16; 125; 1; 256; 16],0.05473395448643714,0.08352088962549478,tvm
256,32,75,1,320,16,[256; 32; 75; 1; 320; 16],0.06908245501108468,0.06617351063587795,tvm
128,8,4,1,640,16,[128; 8; 4; 1; 640; 16],0.12230157799785957,0.037378328605936526,tvm
80,5,60,1,256,64,[80; 5; 60; 1; 256; 64],0.02493739750207169,0.1833161849005614,tvm
10,10,75,1,1280,16,[10; 10; 75; 1; 1280; 16],0.13465075701242313,0.03395026268591125,tvm
64,64,750,1,1280,64,[64; 64; 750; 1; 1280; 64],0.08163680048892274,0.055997155009141576,tvm
640,16,50,1,320,64,[640; 16; 50; 1; 320; 64],0.031857825990300626,0.14349468079900934,tvm
64,16,100,1,640,64,[64; 16; 100; 1; 640; 64],0.056454202480381355,0.08097587727002624,tvm
32,2,6,1,256,16,[32; 2; 6; 1; 256; 16],0.028037847238010727,0.16304492041140434,tvm
160,16,500,1,1280,64,[160; 16; 500; 1; 1280; 64],0.11461777600925416,0.039884115104968344,tvm
32,2,300,1,256,16,[32; 2; 300; 1; 256; 16],0.029200762495747767,0.15655168498063246,tvm
80,16,10,1,320,64,[80; 16; 10; 1; 320; 64],0.030001618011738174,0.15237273435186044,tvm
320,32,1,1,256,16,[320; 32; 1; 1; 256; 16],0.11167148198001087,0.040936401043257,tvm
320,16,10,1,640,128,[320; 16; 10; 1; 640; 128],0.060157419997267425,0.07599110087560643,tvm
20,4,1500,1,1280,128,[20; 4; 1500; 1; 1280; 128],0.08362970250891522,0.05466273864768611,tvm
32,4,12,1,640,16,[32; 4; 12; 1; 640; 16],0.07323228698805906,0.06242367621502752,tvm
80,8,12,1,64,16,[80; 8; 12; 1; 64; 16],0.03322093749011401,0.13760685028196304,tvm
32,32,3,1,16,16,[32; 32; 3; 1; 16; 16],0.03957415075274184,0.11551551920825101,tvm
1,1,30,1,640,16,[1; 1; 30; 1; 640; 16],0.24702315096510574,0.018506073433069953,tvm
40,20,25,1,320,64,[40; 20; 25; 1; 320; 64],0.028720994989271276,0.1591667897695128,tvm
32,8,30,1,1280,16,[32; 8; 30; 1; 1280; 16],0.14544980402570218,0.0314295959492717,tvm
80,16,1500,1,640,128,[80; 16; 1500; 1; 640; 128],0.05585181649075821,0.08184923711809812,tvm
10,5,750,1,128,64,[10; 5; 750; 1; 128; 64],0.018123164627468213,0.252242291310422,tvm
8,1,3,1,128,128,[8; 1; 3; 1; 128; 128],0.020027169754030183,0.22826133835054935,tvm
64,8,15,1,320,16,[64; 8; 15; 1; 320; 16],0.07153940500575118,0.06390084696764066,tvm
8,2,30,1,320,16,[8; 2; 30; 1; 320; 16],0.029597138753160834,0.15445508464700375,tvm
8,4,5,1,128,64,[8; 4; 5; 1; 128; 64],0.026726165000582114,0.17104693364457652,tvm
40,10,500,1,128,64,[40; 10; 500; 1; 128; 64],0.03658361623820383,0.12495835681368983,tvm
320,32,25,1,16,16,[320; 32; 25; 1; 16; 16],0.035008190243388526,0.1305816878749369,tvm
80,8,150,1,256,16,[80; 8; 150; 1; 256; 16],0.101206048973836,0.0451695191915889,tvm
80,10,125,1,256,128,[80; 10; 125; 1; 256; 128],0.02326743337471271,0.19647326363022266,tvm
128,64,12,1,128,128,[128; 64; 12; 1; 128; 128],0.021976476869895123,0.20801462393141035,tvm
16,8,300,1,256,128,[16; 8; 300; 1; 256; 128],0.016577893620706163,0.27575448823720006,tvm
8,1,375,1,32,16,[8; 1; 375; 1; 32; 16],0.031402399501530454,0.14557577267959332,tvm
40,20,12,1,160,16,[40; 20; 12; 1; 160; 16],0.03784292699128855,0.12080007903407988,tvm
128,8,100,1,256,128,[128; 8; 100; 1; 256; 128],0.02124102762172697,0.21521692136742762,tvm
640,2,100,1,32,16,[640; 2; 100; 1; 32; 16],0.07233261250075884,0.06320010315375534,tvm
1280,32,250,1,128,128,[1280; 32; 250; 1; 128; 128],0.12516191200120375,0.036524119025799204,tvm
320,20,50,1,256,64,[320; 20; 50; 1; 256; 64],0.024350872125069145,0.1877316158513395,tvm
16,16,30,1,160,16,[16; 16; 30; 1; 160; 16],0.013711321873415727,0.3334053867039553,tvm
160,40,150,1,1280,128,[160; 40; 150; 1; 1280; 128],0.10707755701150745,0.04269268648833002,tvm
1280,16,750,1,640,16,[1280; 16; 750; 1; 640; 16],0.20891343604307622,0.02188192706995629,tvm
640,8,125,1,160,16,[640; 8; 125; 1; 160; 16],0.03606441174633801,0.1267573308441044,tvm
80,20,1,1,640,16,[80; 20; 1; 1; 640; 16],0.1081073009991087,0.04228602998299126,tvm
1280,1,10,1,128,64,[1280; 1; 10; 1; 128; 64],0.061672832001931965,0.0741238633452955,tvm
80,40,4,1,256,16,[80; 40; 4; 1; 256; 16],0.044380847248248756,0.10300453584984134,tvm
80,10,2,1,640,128,[80; 10; 2; 1; 640; 128],0.05580458100303076,0.08191851796504478,tvm
160,20,15,1,80,16,[160; 20; 15; 1; 80; 16],0.03166715749830473,0.14435866470406442,tvm
64,1,75,1,1280,128,[64; 1; 75; 1; 1280; 128],0.12139302701689303,0.03765808204776385,tvm
1280,5,500,1,128,16,[1280; 5; 500; 1; 128; 16],0.08076660451479256,0.056600479850447416,tvm
64,32,1,1,640,16,[64; 32; 1; 1; 640; 16],0.10301930899731815,0.04437448295782665,tvm
640,64,1,1,256,64,[640; 64; 1; 1; 256; 64],0.02285425099398708,0.2000253070044303,tvm
5,5,4,1,128,64,[5; 5; 4; 1; 128; 64],0.030982255746494047,0.14754989465045246,tvm
16,4,25,1,640,128,[16; 4; 25; 1; 640; 128],0.04236215499986429,0.1079130316067069,tvm
80,1,50,1,1280,16,[80; 1; 50; 1; 1280; 16],0.23744536796584725,0.019252548957224128,tvm
640,10,60,1,640,128,[640; 10; 60; 1; 640; 128],0.05713954500970431,0.08000463725520009,tvm
20,2,30,1,1280,128,[20; 2; 30; 1; 1280; 128],0.06922513048630208,0.06603712465855363,tvm
5,5,60,1,640,64,[5; 5; 60; 1; 640; 64],0.059346107504097745,0.07702996478939958,tvm
160,16,10,1,1280,64,[160; 16; 10; 1; 1280; 64],0.11377131199697033,0.040180854832282384,tvm
320,4,375,1,64,64,[320; 4; 375; 1; 64; 64],0.017006616748403758,0.26880293941225236,tvm
20,10,100,1,320,64,[20; 10; 100; 1; 320; 64],0.04057003201160114,0.1126799350348394,tvm
256,16,125,1,32,16,[256; 16; 125; 1; 32; 16],0.03470380174985621,0.13172702530919433,tvm
640,5,5,1,640,16,[640; 5; 5; 1; 640; 16],0.1736706150113605,0.026322406764837773,tvm
16,2,10,1,320,64,[16; 2; 10; 1; 320; 64],0.0198871929969755,0.2298679643790759,tvm
640,20,375,1,128,128,[640; 20; 375; 1; 128; 128],0.022427226875151973,0.20383387553337864,tvm
128,4,30,1,128,64,[128; 4; 30; 1; 128; 64],0.02313348562893225,0.19761088513661965,tvm
1280,16,50,1,160,16,[1280; 16; 50; 1; 160; 16],0.05381771147949621,0.0849428272915362,tvm
256,2,150,1,64,16,[256; 2; 150; 1; 64; 16],0.07758548550191335,0.05892118276833925,tvm
256,1,4,1,1280,64,[256; 1; 4; 1; 1280; 64],0.16964675998315215,0.02694674847832382,tvm
128,16,375,1,320,16,[128; 16; 375; 1; 320; 16],0.06627416698029265,0.06897753347526701,tvm
4,4,3,1,128,64,[4; 4; 3; 1; 128; 64],0.018746044748695567,0.2438609654842882,tvm
160,32,2,1,128,128,[160; 32; 2; 1; 128; 128],0.022011348999512848,0.20768507062105762,tvm
1280,64,75,1,256,128,[1280; 64; 75; 1; 256; 128],0.06401588302105665,0.07141084924072512,tvm
160,10,75,1,640,128,[160; 10; 75; 1; 640; 128],0.055144131009001285,0.08289963932303818,tvm
64,4,20,1,80,16,[64; 4; 20; 1; 80; 16],0.07445328700123355,0.061399956342462515,tvm
320,16,3,1,80,16,[320; 16; 3; 1; 80; 16],0.06879502648371272,0.06644998635927353,tvm
640,10,4,1,256,128,[640; 10; 4; 1; 256; 128],0.02046567274373956,0.22337054973318526,tvm
80,2,25,1,640,128,[80; 2; 25; 1; 640; 128],0.0565576630178839,0.08082774866392653,tvm
2,2,500,1,256,128,[2; 2; 500; 1; 256; 128],0.048874920248636045,0.093533218022103,tvm
80,40,10,1,256,64,[80; 40; 10; 1; 256; 64],0.023372198003926314,0.19559258271988855,tvm
320,64,750,1,64,16,[320; 64; 750; 1; 64; 16],0.12378880003234372,0.03692925830312712,tvm
640,4,5,1,640,128,[640; 4; 5; 1; 640; 128],0.08661165900412016,0.05278075289160674,tvm
256,64,100,1,256,128,[256; 64; 100; 1; 256; 128],0.028428569246898405,0.16080403244096855,tvm
16,2,4,1,256,128,[16; 2; 4; 1; 256; 128],0.016169042872206774,0.2827272218621223,tvm
20,2,1500,1,320,16,[20; 2; 1500; 1; 320; 16],0.05387094398611225,0.08485889114189406,tvm
256,4,10,1,80,16,[256; 4; 10; 1; 80; 16],0.06936681349179707,0.06590224260437108,tvm
20,10,5,1,256,128,[20; 10; 5; 1; 256; 128],0.01449062250321731,0.31547496116288937,tvm
40,10,6,1,64,64,[40; 10; 6; 1; 64; 64],0.017431822750950232,0.2622461596094061,tvm
640,5,125,1,128,16,[640; 5; 125; 1; 128; 16],0.11548485601088032,0.039584658364191734,tvm
256,8,2,1,1280,64,[256; 8; 2; 1; 1280; 64],0.23477396101225168,0.01947161666361293,tvm
40,2,5,1,80,16,[40; 2; 5; 1; 80; 16],0.025122998500592075,0.18196190121656206,tvm
16,16,125,1,320,16,[16; 16; 125; 1; 320; 16],0.06212140552815981,0.07358862106486515,tvm
32,4,4,1,1280,16,[32; 4; 4; 1; 1280; 16],0.15775382897118106,0.028978241613797494,tvm
320,2,10,1,128,64,[320; 2; 10; 1; 128; 64],0.022512960254971404,0.20305763967308965,tvm
2,2,300,1,128,128,[2; 2; 300; 1; 128; 128],0.031194756738841534,0.14654477384452716,tvm
1280,20,20,1,640,16,[1280; 20; 20; 1; 640; 16],0.21626092196675017,0.021138486462808213,tvm
16,4,250,1,256,16,[16; 4; 250; 1; 256; 16],0.02506764825375285,0.1823636794785561,tvm
128,8,500,1,640,64,[128; 8; 500; 1; 640; 64],0.12484507902991027,0.03661681026557205,tvm
32,32,12,1,640,128,[32; 32; 12; 1; 640; 128],0.03773876249033492,0.12113350491021894,tvm
128,32,60,1,256,16,[128; 32; 60; 1; 256; 16],0.050186040985863656,0.09108964328778686,tvm
640,5,2,1,1280,16,[640; 5; 2; 1; 1280; 16],0.4589245120296255,0.009961177604593644,tvm
320,20,6,1,160,16,[320; 20; 6; 1; 160; 16],0.03458433800551575,0.13218204641359593,tvm
40,40,300,1,128,64,[40; 40; 300; 1; 128; 64],0.015638571996532846,0.29231751930048866,tvm
16,16,500,1,1280,64,[16; 16; 500; 1; 1280; 64],0.10403281002072617,0.043942181034212366,tvm
640,20,125,1,128,64,[640; 20; 125; 1; 128; 64],0.02572766024968587,0.17768535992247442,tvm
1280,8,150,1,320,16,[1280; 8; 150; 1; 320; 16],0.10739731596549973,0.04256557559499062,tvm
16,8,75,1,128,128,[16; 8; 75; 1; 128; 128],0.030733008752577007,0.14874653530449572,tvm
160,32,500,1,256,64,[160; 32; 500; 1; 256; 64],0.03571135974198114,0.12801048754395497,tvm
8,1,1,1,64,16,[8; 1; 1; 1; 64; 16],0.015741438124678098,0.29040730174848967,tvm
20,2,75,1,256,128,[20; 2; 75; 1; 256; 128],0.029497542258468457,0.1549765919944113,tvm
80,20,4,1,128,16,[80; 20; 4; 1; 128; 16],0.044054631754988804,0.10376726326649859,tvm
320,40,1,1,64,16,[320; 40; 1; 1; 64; 16],0.04108290150179528,0.1112732646507162,tvm
640,64,300,1,256,16,[640; 64; 300; 1; 256; 16],0.0576525344804395,0.07929275985220698,tvm
256,4,12,1,128,16,[256; 4; 12; 1; 128; 16],0.10851089400239289,0.04212875226452159,tvm
320,5,1500,1,640,64,[320; 5; 1500; 1; 640; 64],0.054859275522176176,0.08333009373375025,tvm
640,10,150,1,1280,128,[640; 10; 150; 1; 1280; 128],0.10690304799936712,0.04276237822008251,tvm
1280,40,15,1,1280,64,[1280; 40; 15; 1; 1280; 64],0.3227425680379383,0.014164318637048217,tvm
320,32,2,1,256,64,[320; 32; 2; 1; 256; 64],0.02228596412896877,0.2051259054790601,tvm
640,10,50,1,640,16,[640; 10; 50; 1; 640; 16],0.1453412679838948,0.03145306652983879,tvm
40,8,125,1,16,16,[40; 8; 125; 1; 16; 16],0.02059149024717044,0.22200571772879577,tvm
256,2,2,1,32,16,[256; 2; 2; 1; 32; 16],0.06888101799995638,0.06636702975893106,tvm
160,1,125,1,640,64,[160; 1; 125; 1; 640; 64],0.05710734802414663,0.08004974367739227,tvm
8,4,20,1,32,16,[8; 4; 20; 1; 32; 16],0.014528676874761004,0.31464865044730866,tvm
32,8,300,1,1280,16,[32; 8; 300; 1; 1280; 16],0.16446595801971853,0.027795591418866655,tvm
128,32,12,1,256,64,[128; 32; 12; 1; 256; 64],0.02283679787797155,0.20017817716196487,tvm
256,2,60,1,1280,16,[256; 2; 60; 1; 1280; 16],0.27678300597472116,0.016516290641940944,tvm
160,4,6,1,64,16,[160; 4; 6; 1; 64; 16],0.03967770699819084,0.1152140311847409,tvm
20,2,150,1,80,16,[20; 2; 150; 1; 80; 16],0.014103239627729636,0.32414031755088946,tvm
256,1,75,1,640,64,[256; 1; 75; 1; 640; 64],0.057021307497052476,0.08017053224647429,tvm
8,8,300,1,1280,128,[8; 8; 300; 1; 1280; 128],0.10979143402073532,0.041637388309958744,tvm
128,2,6,1,128,128,[128; 2; 6; 1; 128; 128],0.022261259371589404,0.2053535469454522,tvm
160,4,500,1,1280,64,[160; 4; 500; 1; 1280; 64],0.10744446504395455,0.04254689685093078,tvm
128,1,5,1,128,16,[128; 1; 5; 1; 128; 16],0.05241110399947502,0.087222520088002,tvm
5,1,750,1,64,64,[5; 1; 750; 1; 64; 64],0.0169109295020462,0.2703239092135908,tvm
20,10,1500,1,32,16,[20; 10; 1500; 1; 32; 16],0.017287504000705667,0.2644354310050756,tvm
256,4,75,1,640,64,[256; 4; 75; 1; 640; 64],0.061589620978338644,0.07422400883155889,tvm
160,10,125,1,128,64,[160; 10; 125; 1; 128; 64],0.023192313747131266,0.19710963818752353,tvm
16,2,2,1,320,16,[16; 2; 2; 1; 320; 16],0.050116773025365546,0.09121554113459858,tvm
256,2,5,1,640,16,[256; 2; 5; 1; 640; 16],0.13742981001269072,0.03326373347242808,tvm
40,4,300,1,640,64,[40; 4; 300; 1; 640; 64],0.058304612000938505,0.07840595133974972,tvm
80,40,4,1,1280,16,[80; 40; 4; 1; 1280; 16],0.22192906501004472,0.02059860240127477,tvm
64,16,750,1,256,128,[64; 16; 750; 1; 256; 128],0.022995192630332895,0.19879931622744543,tvm
40,2,50,1,128,16,[40; 2; 50; 1; 128; 16],0.04053425999882165,0.11277937654619734,tvm
16,2,300,1,1280,16,[16; 2; 300; 1; 1280; 16],0.1469448220450431,0.03110983094067301,tvm
80,10,60,1,320,16,[80; 10; 60; 1; 320; 16],0.058259947487385944,0.0784660606228378,tvm
10,10,4,1,16,16,[10; 10; 4; 1; 16; 16],0.017271939250349533,0.2646737291723661,tvm
64,16,10,1,64,64,[64; 16; 10; 1; 64; 64],0.017264618749322835,0.2647859554736982,tvm
160,5,4,1,320,16,[160; 5; 4; 1; 320; 16],0.06463512699701823,0.0707266897091339,tvm
640,4,250,1,128,128,[640; 4; 250; 1; 128; 128],0.046161627004039474,0.0990309239106442,tvm
128,8,150,1,1280,64,[128; 8; 150; 1; 1280; 64],0.11750046798260882,0.0389056201214891,tvm
1280,8,375,1,320,64,[1280; 8; 375; 1; 320; 64],0.07846215149038471,0.05826285010791204,tvm
1280,64,15,1,256,16,[1280; 64; 15; 1; 256; 16],0.08677128350245766,0.05268365739108945,tvm
20,10,25,1,160,16,[20; 10; 25; 1; 160; 16],0.014669653377495706,0.3116248525981854,tvm
160,20,6,1,64,64,[160; 20; 6; 1; 64; 64],0.03711953524907585,0.12315425127911278,tvm
1280,2,300,1,80,16,[1280; 2; 300; 1; 80; 16],0.1135864140233025,0.04024626193842807,tvm
1280,4,100,1,256,16,[1280; 4; 100; 1; 256; 16],0.08691120950970799,0.052598837333151405,tvm
32,1,25,1,128,64,[32; 1; 25; 1; 128; 64],0.016904775249713566,0.2704223217345661,tvm
32,4,2,1,128,128,[32; 4; 2; 1; 128; 128],0.014967791881645098,0.3054177000573133,tvm
32,8,250,1,640,64,[32; 8; 250; 1; 640; 64],0.0499467247427674,0.09152609295148113,tvm
640,5,60,1,128,128,[640; 5; 60; 1; 128; 128],0.023659128877625335,0.19322049408809028,tvm
10,5,2,1,128,128,[10; 5; 2; 1; 128; 128],0.018557552750280593,0.24633789988065377,tvm
320,5,25,1,160,16,[320; 5; 25; 1; 160; 16],0.0687791430100333,0.0664653319504389,tvm
16,4,100,1,80,16,[16; 4; 100; 1; 80; 16],0.03722761225071736,0.1227967171421391,tvm
160,32,50,1,320,64,[160; 32; 50; 1; 320; 64],0.05340174099546857,0.08560448566305137,tvm
320,8,150,1,640,128,[320; 8; 150; 1; 640; 128],0.05255753800156526,0.08697950370682177,tvm
320,20,60,1,80,16,[320; 20; 60; 1; 80; 16],0.034796892243321054,0.13137462217781865,tvm
320,10,6,1,640,128,[320; 10; 6; 1; 640; 128],0.05386344899307005,0.08487069908978019,tvm
80,40,75,1,32,16,[80; 40; 75; 1; 32; 16],0.029552782245445997,0.15468691013459543,tvm
32,8,50,1,320,16,[32; 8; 50; 1; 320; 16],0.03578458099218551,0.1277485566318874,tvm
320,8,30,1,128,128,[320; 8; 30; 1; 128; 128],0.02175279650691664,0.21015360346772036,tvm
8,4,150,1,640,16,[8; 4; 150; 1; 640; 16],0.07157105501391925,0.06387258886346601,tvm
40,8,375,1,1280,16,[40; 8; 375; 1; 1280; 16],0.1619035839685239,0.028235499544700105,tvm
1280,1,6,1,1280,64,[1280; 1; 6; 1; 1280; 64],0.36280273605370894,0.012600314488123987,tvm
80,1,375,1,128,64,[80; 1; 375; 1; 128; 64],0.024721554254938383,0.18491671374243723,tvm
64,64,4,1,128,64,[64; 64; 4; 1; 128; 64],0.02495239499694435,0.18320600375187973,tvm
5,1,150,1,80,16,[5; 1; 150; 1; 80; 16],0.017098452495702077,0.26735919947010767,tvm
1280,2,1,1,1280,64,[1280; 2; 1; 1; 1280; 64],0.4499519189703278,0.010159815701841768,tvm
10,10,4,1,320,16,[10; 10; 4; 1; 320; 16],0.020806568245461676,0.21971083926469664,tvm
128,2,15,1,80,16,[128; 2; 15; 1; 80; 16],0.03128388099139556,0.1461272842933367,tvm
128,4,12,1,1280,64,[128; 4; 12; 1; 1280; 64],0.1227655200054869,0.037237072520234143,tvm
20,1,125,1,128,16,[20; 1; 125; 1; 128; 16],0.022631108251516707,0.20199755666504757,tvm
320,8,12,1,32,16,[320; 8; 12; 1; 32; 16],0.0353956597391516,0.12915223519261193,tvm
64,1,5,1,640,16,[64; 1; 5; 1; 640; 16],0.11512934596976265,0.03970689256437888,tvm
80,4,1,1,640,16,[80; 4; 1; 1; 640; 16],0.11310968297766522,0.040415890585877176,tvm
640,2,60,1,640,128,[640; 2; 60; 1; 640; 128],0.06087348048458807,0.07509721039502522,tvm
320,32,1,1,64,64,[320; 32; 1; 1; 64; 64],0.018313674001547042,0.2496183218638926,tvm
40,8,1500,1,160,16,[40; 8; 1500; 1; 160; 16],0.03458687350212131,0.13217235640417727,tvm
2,2,100,1,256,64,[2; 2; 100; 1; 256; 64],0.046094870747765526,0.0991743440705965,tvm
320,20,60,1,640,64,[320; 20; 60; 1; 640; 64],0.06198084750212729,0.07375550279901662,tvm
320,4,300,1,160,16,[320; 4; 300; 1; 160; 16],0.07071827299660072,0.0646428197086814,tvm
1280,20,750,1,256,16,[1280; 20; 750; 1; 256; 16],0.08383144249091856,0.0545311930177486,tvm
20,20,12,1,640,64,[20; 20; 12; 1; 640; 64],0.0423259622475598,0.10800530758617605,tvm
256,4,1500,1,16,16,[256; 4; 1500; 1; 16; 16],0.03476279599999543,0.13150347778208554,tvm
640,2,250,1,128,64,[640; 2; 250; 1; 128; 64],0.02740694374369923,0.16679818859698753,tvm
256,1,15,1,1280,64,[256; 1; 15; 1; 1280; 64],0.13671760098077357,0.033437015707081096,tvm
80,20,1,1,640,128,[80; 20; 1; 1; 640; 128],0.053944868996040896,0.08474260215117171,tvm
320,20,20,1,1280,64,[320; 20; 20; 1; 1280; 64],0.12766249099513516,0.03580870571922943,tvm
5,1,3,1,320,16,[5; 1; 3; 1; 320; 16],0.02690480374440085,0.1699112401955331,tvm
160,5,375,1,1280,64,[160; 5; 375; 1; 1280; 64],0.10895196400815621,0.04195820252571447,tvm
128,4,60,1,640,128,[128; 4; 60; 1; 640; 128],0.05284245900111273,0.08651051934075038,tvm
64,16,1,1,640,16,[64; 16; 1; 1; 640; 16],0.10438792104832828,0.043792696755711284,tvm
32,32,4,1,1280,16,[32; 32; 4; 1; 1280; 16],0.15377694799099118,0.029727658346401717,tvm
80,20,4,1,32,16,[80; 20; 4; 1; 32; 16],0.028581101505551487,0.1599458499015734,tvm
5,5,6,1,256,64,[5; 5; 6; 1; 256; 64],0.02223429275181843,0.20560260775799571,tvm
320,4,12,1,128,128,[320; 4; 12; 1; 128; 128],0.022996694380708504,0.19878633405953586,tvm
640,10,30,1,256,64,[640; 10; 30; 1; 256; 64],0.022691592123010196,0.20145913722787911,tvm
80,16,150,1,1280,16,[80; 16; 150; 1; 1280; 16],0.24661910196300596,0.01853639290323224,tvm
40,2,4,1,640,16,[40; 2; 4; 1; 640; 16],0.09928171851788647,0.046045018556009266,tvm
1280,8,1500,1,128,16,[1280; 8; 1500; 1; 128; 16],0.08482858599745668,0.05389018946473576,tvm
640,2,75,1,320,64,[640; 2; 75; 1; 320; 64],0.02910181826155167,0.15708395023097876,tvm
1280,64,100,1,160,16,[1280; 64; 100; 1; 160; 16],0.10844831797294319,0.04215306107900262,tvm
256,2,100,1,1280,128,[256; 2; 100; 1; 1280; 128],0.10682766803074628,0.04279255230127143,tvm
40,10,1500,1,320,16,[40; 10; 1500; 1; 320; 16],0.041003423000802286,0.11148894986984687,tvm
10,10,3,1,1280,16,[10; 10; 3; 1; 1280; 16],0.08593950100475922,0.05319356661351119,tvm
