kc,ku,mc,mr,nc,nr,nvr,X,time,peak,backend
4,2,1500,6,1024,64,4,[4; 2; 1500; 6; 1024; 64; 4],0.2143883599783294,0.08529247710819107,tvm
16,16,6,3,640,80,5,[16; 16; 6; 3; 640; 80; 5],0.053647201508283615,0.34085122376589966,tvm
40,40,12,1,1280,160,10,[40; 40; 12; 1; 1280; 160; 10],0.07343044198933057,0.2490208936556748,tvm
2,1,60,6,160,16,1,[2; 1; 60; 6; 160; 16; 1],0.12693322502309456,0.14405774597145338,tvm
256,4,375,15,1280,16,1,[256; 4; 375; 15; 1280; 16; 1],0.15738033602247015,0.11618804958647136,tvm
8,2,10,5,128,16,1,[8; 2; 10; 5; 128; 16; 1],0.07030018497607671,0.2601090493849618,tvm
20,1,375,1,32,32,2,[20; 1; 375; 1; 32; 32; 2],0.09298964601475745,0.1966424765485433,tvm
20,5,12,12,128,32,2,[20; 5; 12; 12; 128; 32; 2],0.047606326508685015,0.38410261044565897,tvm
4,2,6,1,80,16,1,[4; 2; 6; 1; 80; 16; 1],0.04970203775155824,0.3679067320562928,tvm
8,8,60,20,256,16,1,[8; 8; 60; 20; 256; 16; 1],0.07745003799209371,0.2360969053053394,tvm
2,2,750,6,1024,32,2,[2; 2; 750; 6; 1024; 32; 2],0.6590859350399114,0.027744051744340414,tvm
20,20,300,1,320,64,4,[20; 20; 300; 1; 320; 64; 4],0.044154741743113846,0.4141279863462464,tvm
20,5,30,2,160,80,5,[20; 5; 30; 2; 160; 80; 5],0.05355052649974823,0.34146656402715775,tvm
16,1,500,4,2560,16,1,[16; 1; 500; 4; 2560; 16; 1],0.5281001349794678,0.03462546792650455,tvm
5,1,60,20,80,16,1,[5; 1; 60; 20; 80; 16; 1],0.09694576897891238,0.18861797145259418,tvm
20,10,100,20,320,16,1,[20; 10; 100; 20; 320; 16; 1],0.04805499724170659,0.3805163944499043,tvm
8,8,25,25,640,16,1,[8; 8; 25; 25; 640; 16; 1],0.06884164697839878,0.26561994211806117,tvm
16,8,250,2,640,32,2,[16; 8; 250; 2; 640; 32; 2],0.06546148200868629,0.2793354767508609,tvm
40,2,100,20,32,16,1,[40; 2; 100; 20; 32; 16; 1],0.07168936749803834,0.25506870717215696,tvm
128,32,75,15,256,16,1,[128; 32; 75; 15; 256; 16; 1],0.07857280797907151,0.23272318701636363,tvm
128,32,15,15,512,16,1,[128; 32; 15; 15; 512; 16; 1],0.1339264470152557,0.1365354990984816,tvm
128,4,750,30,16,16,1,[128; 4; 750; 30; 16; 16; 1],0.053482074494240806,0.3419036089874071,tvm
256,32,50,25,64,16,1,[256; 32; 50; 25; 64; 16; 1],0.07489760898170061,0.24414283091709846,tvm
10,10,3,1,1024,64,4,[10; 10; 3; 1; 1024; 64; 4],0.09636473449063487,0.18975525001307786,tvm
256,2,30,5,32,32,2,[256; 2; 30; 5; 32; 32; 2],0.06300737400306389,0.2902154640633825,tvm
5,5,30,5,2560,16,1,[5; 5; 30; 5; 2560; 16; 1],0.35136292199604213,0.05204224219742874,tvm
16,16,75,3,32,16,1,[16; 16; 75; 3; 32; 16; 1],0.05830062250606716,0.3136452665460193,tvm
40,2,25,5,256,32,2,[40; 2; 25; 5; 256; 32; 2],0.0973571990034543,0.1878208748082974,tvm
8,1,250,10,1280,16,1,[8; 1; 250; 10; 1280; 16; 1],0.2776465310016647,0.06585968936743046,tvm
4,4,10,10,1280,32,2,[4; 4; 10; 10; 1280; 32; 2],0.1515832769800909,0.12063147498860281,tvm
16,4,750,3,5120,16,1,[16; 4; 750; 3; 5120; 16; 1],0.8072863749694079,0.02265083971769897,tvm
40,8,150,10,128,16,1,[40; 8; 150; 10; 128; 16; 1],0.048335842744563706,0.3783054819659861,tvm
256,128,375,5,1024,32,2,[256; 128; 375; 5; 1024; 32; 2],0.13612393999937922,0.13433136218212371,tvm
10,5,75,25,64,16,1,[10; 5; 75; 25; 64; 16; 1],0.0640006450121291,0.2857114062248727,tvm
32,16,300,3,256,64,4,[32; 16; 300; 3; 256; 64; 4],0.04346702450129669,0.420680147663864,tvm
10,5,12,6,1280,64,4,[10; 5; 12; 6; 1280; 64; 4],0.11626341397641227,0.15727831877897655,tvm
320,2,10,10,320,16,1,[320; 2; 10; 10; 320; 16; 1],0.08983172551961616,0.20355519366842525,tvm
20,10,750,1,640,160,10,[20; 10; 750; 1; 640; 160; 10],0.07566328000393696,0.2416722389613936,tvm
40,4,60,6,256,32,2,[40; 4; 60; 6; 256; 32; 2],0.0669059659994673,0.27330468983677597,tvm
4,1,10,1,160,80,5,[4; 1; 10; 1; 160; 80; 5],0.07220924450666644,0.2532323168680449,tvm
20,1,50,2,160,16,1,[20; 1; 50; 2; 160; 16; 1],0.09961000751354732,0.18357306401394824,tvm
5,1,50,10,512,16,1,[5; 1; 50; 10; 512; 16; 1],0.26585725299082696,0.0687801971923076,tvm
16,16,60,3,128,64,4,[16; 16; 60; 3; 128; 64; 4],0.031199643504805863,0.5860872827889085,tvm
32,1,1500,10,32,32,2,[32; 1; 1500; 10; 32; 32; 2],0.057989785505924374,0.3153264687251891,tvm
80,40,75,5,640,32,2,[80; 40; 75; 5; 640; 32; 2],0.031525750004220754,0.58002471894455,tvm
10,10,250,1,5120,16,1,[10; 10; 250; 1; 5120; 16; 1],0.6447044300148264,0.028362941891517276,tvm
2,2,30,1,80,16,1,[2; 2; 30; 1; 80; 16; 1],0.08428817547974177,0.2169428176803894,tvm
10,10,30,1,5120,16,1,[10; 10; 30; 1; 5120; 16; 1],0.50972303096205,0.035873823969071746,tvm
20,1,12,2,640,16,1,[20; 1; 12; 2; 640; 16; 1],0.10170520300744101,0.17979133559545088,tvm
128,32,1500,4,320,32,2,[128; 32; 1500; 4; 320; 32; 2],0.035949878991232254,0.5086446686002464,tvm
80,80,50,2,160,80,5,[80; 80; 50; 2; 160; 80; 5],0.06436773049063049,0.2840820104473933,tvm
40,40,75,3,64,64,4,[40; 40; 75; 3; 64; 64; 4],0.03118392775650136,0.5863826529004834,tvm
20,1,30,10,640,32,2,[20; 1; 30; 10; 640; 32; 2],0.07749003599747084,0.23597503924647945,tvm
64,8,30,10,128,16,1,[64; 8; 30; 10; 128; 16; 1],0.04386648700165097,0.4168492973924737,tvm
128,2,1500,5,256,32,2,[128; 2; 1500; 5; 256; 32; 2],0.07762884598923847,0.23555308664834718,tvm
256,8,30,10,512,32,2,[256; 8; 30; 10; 512; 32; 2],0.0793250690039713,0.2305162102638554,tvm
64,4,100,2,160,80,5,[64; 4; 100; 2; 160; 80; 5],0.05246449352125637,0.3485350388125961,tvm
20,10,20,4,2560,32,2,[20; 10; 20; 4; 2560; 32; 2],0.1662874330068007,0.1099644991510961,tvm
64,4,300,15,256,16,1,[64; 4; 300; 15; 256; 16; 1],0.07770632600295357,0.2353182195876724,tvm
32,2,100,2,128,64,4,[32; 2; 100; 2; 128; 64; 4],0.03897329499886837,0.4691857408064992,tvm
16,2,300,1,640,16,1,[16; 2; 300; 1; 640; 16; 1],0.08366229949751869,0.21856576254226215,tvm
80,8,6,3,2560,64,4,[80; 8; 6; 3; 2560; 64; 4],0.14273102401057258,0.1281131023368809,tvm
40,2,3,3,1280,64,4,[40; 2; 3; 3; 1280; 64; 4],0.06271670499700122,0.2915605066718447,tvm
10,1,6,6,1024,32,2,[10; 1; 6; 6; 1024; 32; 2],0.12727959698531777,0.1436657148421331,tvm
64,1,150,10,16,16,1,[64; 1; 150; 10; 16; 16; 1],0.07155585548025556,0.2555446254256561,tvm
80,4,1500,30,64,16,1,[80; 4; 1500; 30; 64; 16; 1],0.06195112148998305,0.2951635716339845,tvm
128,2,100,10,160,32,2,[128; 2; 100; 10; 160; 32; 2],0.06472893847967498,0.28249674280470455,tvm
4,2,500,25,64,16,1,[4; 2; 500; 25; 64; 16; 1],0.10552659898530692,0.17328061798201524,tvm
64,64,150,2,640,64,4,[64; 64; 150; 2; 640; 64; 4],0.03098407224752009,0.5901649770125954,tvm
10,10,2,2,1280,160,10,[10; 10; 2; 2; 1280; 160; 10],0.10892466199584305,0.16787487746725469,tvm
64,32,30,3,2560,64,4,[64; 32; 30; 3; 2560; 64; 4],0.12225126900011674,0.14957484233310353,tvm
64,1,60,15,32,16,1,[64; 1; 60; 15; 32; 16; 1],0.07097254649852403,0.2576448949326422,tvm
16,16,500,4,5120,64,4,[16; 16; 500; 4; 5120; 64; 4],0.3441403019824065,0.05313447503933761,tvm
256,256,100,10,64,16,1,[256; 256; 100; 10; 64; 16; 1],0.09134028499829583,0.2001933132358351,tvm
80,4,20,20,256,16,1,[80; 4; 20; 20; 256; 16; 1],0.08076364849694073,0.22641020590355,tvm
4,1,12,3,5120,64,4,[4; 1; 12; 3; 5120; 64; 4],0.8657097149989568,0.021122223730313944,tvm
1,1,300,30,512,16,1,[1; 1; 300; 30; 512; 16; 1],0.8112084280001,0.02254132680893699,tvm
32,1,30,6,160,32,2,[32; 1; 30; 6; 160; 32; 2],0.0737157684925478,0.24805702578496294,tvm
20,2,50,5,640,16,1,[20; 2; 50; 5; 640; 16; 1],0.09939055450377055,0.1839783908743621,tvm
32,16,2,1,1024,128,8,[32; 16; 2; 1; 1024; 128; 8],0.1008477890281938,0.18131993236462715,tvm
20,10,12,1,64,16,1,[20; 10; 12; 1; 64; 16; 1],0.058147672505583614,0.31447027022377216,tvm
320,10,20,10,128,16,1,[320; 10; 20; 10; 128; 16; 1],0.06157056050142273,0.2969879458104292,tvm
128,2,300,10,64,16,1,[128; 2; 300; 10; 64; 16; 1],0.07990151000558399,0.2288531754210449,tvm
40,8,50,2,320,80,5,[40; 8; 50; 2; 320; 80; 5],0.04623785149306059,0.39547067381490725,tvm
1,1,10,1,5120,128,8,[1; 1; 10; 1; 5120; 128; 8],2.2146909490111284,0.008256553490625389,tvm
16,8,4,4,160,16,1,[16; 8; 4; 4; 160; 16; 1],0.04724705200351309,0.3870233910965416,tvm
160,5,10,10,640,16,1,[160; 5; 10; 10; 640; 16; 1],0.05560703048831783,0.32883817253208353,tvm
80,20,125,5,5120,64,4,[80; 20; 125; 5; 5120; 64; 4],0.25894055800745264,0.07061742056332482,tvm
256,32,15,15,80,16,1,[256; 32; 15; 15; 80; 16; 1],0.058094604493817315,0.31475753118622807,tvm
32,1,12,6,1280,32,2,[32; 1; 12; 6; 1280; 32; 2],0.14484987896867096,0.12623907189918493,tvm
20,2,30,2,640,32,2,[20; 2; 30; 2; 640; 32; 2],0.05270888251834549,0.3469190279143157,tvm
10,2,6,3,160,80,5,[10; 2; 6; 3; 160; 80; 5],0.07205969301867299,0.25375787100530484,tvm
4,4,12,2,5120,128,8,[4; 4; 12; 2; 5120; 128; 8],0.6243824039702304,0.029286082005901822,tvm
5,1,750,6,80,16,1,[5; 1; 750; 6; 80; 16; 1],0.07601279599475674,0.2405610009001065,tvm
32,1,1500,10,1280,16,1,[32; 1; 1500; 10; 1280; 16; 1],0.17797307897126302,0.10274427116399355,tvm
16,8,60,4,1280,64,4,[16; 8; 60; 4; 1280; 64; 4],0.10588713095057756,0.1726906199229166,tvm
160,1,12,6,128,32,2,[160; 1; 12; 6; 128; 32; 2],0.07239482598379254,0.2525831651257511,tvm
32,32,375,5,320,80,5,[32; 32; 375; 5; 320; 80; 5],0.06070647248998284,0.3012152334947745,tvm
20,5,12,4,1280,80,5,[20; 5; 12; 4; 1280; 80; 5],0.09030876899487339,0.20247994175130793,tvm
80,80,20,10,1024,32,2,[80; 80; 20; 10; 1024; 32; 2],0.30908724799519405,0.05916036460358471,tvm
8,8,50,10,128,32,2,[8; 8; 50; 10; 128; 32; 2],0.045035603252472356,0.40602796376909733,tvm
1,1,300,4,320,80,5,[1; 1; 300; 4; 320; 80; 5],0.2540002929745242,0.07199091808743824,tvm
16,2,300,2,256,32,2,[16; 2; 300; 2; 256; 32; 2],0.05886302000726573,0.31064859199302375,tvm
256,4,250,10,2560,16,1,[256; 4; 250; 10; 2560; 16; 1],0.317617210035678,0.05757154747269598,tvm
10,5,1500,6,160,32,2,[10; 5; 1500; 6; 160; 32; 2],0.05646019350388087,0.323869139493073,tvm
256,128,750,6,256,32,2,[256; 128; 750; 6; 256; 32; 2],0.07146180651034229,0.2558809408640949,tvm
40,2,300,2,1280,160,10,[40; 2; 300; 2; 1280; 160; 10],0.14686505100689828,0.12450691407076421,tvm
40,40,300,12,512,16,1,[40; 40; 300; 12; 512; 16; 1],0.1309854649589397,0.13960109460577438,tvm
32,2,750,3,256,64,4,[32; 2; 750; 3; 256; 64; 4],0.08839720149990171,0.2068585201278642,tvm
20,5,750,5,128,32,2,[20; 5; 750; 5; 128; 32; 2],0.0534191494807601,0.3423063538722238,tvm
16,8,375,3,512,16,1,[16; 8; 375; 3; 512; 16; 1],0.1076828750083223,0.1698107919601986,tvm
10,5,15,15,256,16,1,[10; 5; 15; 15; 256; 16; 1],0.07365702698007226,0.2482548513757071,tvm
16,2,10,5,512,64,4,[16; 2; 10; 5; 512; 64; 4],0.12418991199228913,0.1472399327157075,tvm
8,4,150,6,1024,64,4,[8; 4; 150; 6; 1024; 64; 4],0.14624388399533927,0.12503575388012153,tvm
128,4,300,5,320,32,2,[128; 4; 300; 5; 320; 32; 2],0.049896449243533425,0.36647325737480435,tvm
16,4,10,2,320,16,1,[16; 4; 10; 2; 320; 16; 1],0.053896371013252065,0.3392754269339987,tvm
128,4,12,12,64,32,2,[128; 4; 12; 12; 64; 32; 2],0.04558234225260094,0.4011578471413654,tvm
32,1,10,5,1280,32,2,[32; 1; 10; 5; 1280; 32; 2],0.16083389200503007,0.1136931654003772,tvm
5,5,10,5,1280,16,1,[5; 5; 10; 5; 1280; 16; 1],0.12677615298889577,0.14423622940598235,tvm
256,128,30,10,128,16,1,[256; 128; 30; 10; 128; 16; 1],0.07792014550068416,0.23467248640537683,tvm
8,1,20,1,128,32,2,[8; 1; 20; 1; 128; 32; 2],0.042409330504597165,0.43117196305968847,tvm
8,1,125,1,1280,32,2,[8; 1; 125; 1; 1280; 32; 2],0.1528931130305864,0.11959802454971412,tvm
64,64,500,5,32,32,2,[64; 64; 500; 5; 32; 32; 2],0.033301900257356465,0.5490892154622597,tvm
20,20,75,5,1024,64,4,[20; 20; 75; 5; 1024; 64; 4],0.06623252699500881,0.27608359691745227,tvm
40,1,125,5,160,80,5,[40; 1; 125; 5; 160; 80; 5],0.06343173002824187,0.28827393289719344,tvm
10,2,100,5,512,64,4,[10; 2; 100; 5; 512; 64; 4],0.13722360000247136,0.1332548795206143,tvm
256,128,30,30,256,16,1,[256; 128; 30; 30; 256; 16; 1],0.19355821597855538,0.09447139297739854,tvm
16,2,30,2,5120,64,4,[16; 2; 30; 2; 5120; 64; 4],0.44405028701294214,0.04117937724738221,tvm
16,2,75,1,128,64,4,[16; 2; 75; 1; 128; 64; 4],0.0377013715042267,0.4850145646203952,tvm
40,1,300,10,5120,32,2,[40; 1; 300; 10; 5120; 32; 2],2.352409230021294,0.0077731859118529145,tvm
4,4,1500,1,256,128,8,[4; 4; 1500; 1; 256; 128; 8],0.08657866349676624,0.2112034714695875,tvm
16,2,1500,6,5120,64,4,[16; 2; 1500; 6; 5120; 64; 4],0.7569125849986449,0.02415829073016011,tvm
16,16,150,5,128,64,4,[16; 16; 150; 5; 128; 64; 4],0.029922598754637875,0.6111004741150726,tvm
1,1,1500,15,80,16,1,[1; 1; 1500; 15; 80; 16; 1],0.2669201379758306,0.0685063121290985,tvm
160,16,100,20,2560,16,1,[160; 16; 100; 20; 2560; 16; 1],0.39065646001836285,0.046807658792727413,tvm
1,1,300,12,320,16,1,[1; 1; 300; 12; 320; 16; 1],0.39017830503871664,0.0468650205548969,tvm
64,1,5,5,256,32,2,[64; 1; 5; 5; 256; 32; 2],0.06434112001443282,0.28419950230292057,tvm
5,5,500,2,80,80,5,[5; 5; 500; 2; 80; 80; 5],0.060416466993046924,0.30266109879974795,tvm
80,4,5,5,160,32,2,[80; 4; 5; 5; 160; 32; 2],0.04266864349483512,0.428551572958435,tvm
128,64,300,4,5120,32,2,[128; 64; 300; 4; 5120; 32; 2],0.2753782539512031,0.06640217236962548,tvm
160,8,150,6,2560,32,2,[160; 8; 150; 6; 2560; 32; 2],0.164905465033371,0.11088604178165902,tvm
8,4,1,1,512,32,2,[8; 4; 1; 1; 512; 32; 2],0.08605350099969655,0.21249239221282545,tvm
160,1,300,12,128,16,1,[160; 1; 300; 12; 128; 16; 1],0.08551059500314295,0.21384150449476108,tvm
4,1,60,6,640,64,4,[4; 1; 60; 6; 640; 64; 4],0.13199344603344798,0.13853501696652856,tvm
8,4,150,3,512,32,2,[8; 4; 150; 3; 512; 32; 2],0.10885591799160466,0.16798089275334158,tvm
32,1,60,4,320,32,2,[32; 1; 60; 4; 320; 32; 2],0.07894383449456654,0.23162941606254045,tvm
8,1,1500,1,640,160,10,[8; 1; 1500; 1; 640; 160; 10],0.11358538904460147,0.16098650046031934,tvm
128,64,30,6,640,64,4,[128; 64; 30; 6; 640; 64; 4],0.0366984630090883,0.49826921310535177,tvm
5,5,750,3,1280,64,4,[5; 5; 750; 3; 1280; 64; 4],0.18084794003516436,0.10111099016200452,tvm
16,8,1500,4,128,32,2,[16; 8; 1500; 4; 128; 32; 2],0.046061336746788584,0.39698618358029253,tvm
160,10,300,12,640,32,2,[160; 10; 300; 12; 640; 32; 2],0.03622996724152472,0.5047124156589423,tvm
80,1,375,25,128,16,1,[80; 1; 375; 25; 128; 16; 1],0.09185771649936214,0.1990656308753469,tvm
80,40,12,4,160,80,5,[80; 40; 12; 4; 160; 80; 5],0.05613900447497144,0.3257220974388073,tvm
10,2,60,5,320,32,2,[10; 2; 60; 5; 320; 32; 2],0.08029522199649364,0.22773103842359133,tvm
40,1,6,3,80,80,5,[40; 1; 6; 3; 80; 80; 5],0.06162621948169544,0.2967197150742893,tvm
32,4,2,2,256,128,8,[32; 4; 2; 2; 256; 128; 8],0.0448072742583463,0.408097001845815,tvm
8,1,150,3,5120,32,2,[8; 1; 150; 3; 5120; 32; 2],0.9960601459606551,0.018358042292796025,tvm
20,20,60,4,1280,32,2,[20; 20; 60; 4; 1280; 32; 2],0.10113805800210685,0.18079953923312794,tvm
40,10,300,3,640,64,4,[40; 10; 300; 3; 640; 64; 4],0.042644555505830795,0.4287936424431503,tvm
2,1,50,10,5120,16,1,[2; 1; 50; 10; 5120; 16; 1],3.975632351008244,0.004599448005064382,tvm
20,5,30,6,1024,64,4,[20; 5; 30; 6; 1024; 64; 4],0.0968082225008402,0.18888596250752962,tvm
32,2,1500,4,320,80,5,[32; 2; 1500; 4; 320; 80; 5],0.0728269235114567,0.2510845358288091,tvm
16,2,375,5,5120,16,1,[16; 2; 375; 5; 5120; 16; 1],1.1996542909764685,0.01524248645902019,tvm
2,1,1,1,256,64,4,[2; 1; 1; 1; 256; 64; 4],0.14011718495748937,0.13050300925801536,tvm
32,1,750,5,1280,64,4,[32; 1; 750; 5; 1280; 64; 4],0.1488265339867212,0.12286595539035937,tvm
128,32,125,25,1024,16,1,[128; 32; 125; 25; 1024; 16; 1],0.6454375129542314,0.028330727481299875,tvm
2,2,1500,12,32,16,1,[2; 2; 1500; 12; 32; 16; 1],0.1475276019773446,0.12394774971345615,tvm
20,1,1500,3,5120,16,1,[20; 1; 1500; 3; 5120; 16; 1],0.8168593959999271,0.022385387712080526,tvm
64,8,300,4,1024,32,2,[64; 8; 300; 4; 1024; 32; 2],0.08242302702274173,0.22185201085455145,tvm
8,2,100,5,1024,16,1,[8; 2; 100; 5; 1024; 16; 1],0.3014869960024953,0.0606517512468861,tvm
8,2,20,2,512,32,2,[8; 2; 20; 2; 512; 32; 2],0.07212801201967523,0.2535175138436683,tvm
320,160,750,25,256,16,1,[320; 160; 750; 25; 256; 16; 1],0.1765258620143868,0.10358660242216525,tvm
160,80,12,4,1024,32,2,[160; 80; 12; 4; 1024; 32; 2],0.06016741250641644,0.30391392157281555,tvm
8,1,12,6,2560,16,1,[8; 1; 12; 6; 2560; 16; 1],0.4368076420505531,0.041862166604672235,tvm
16,4,300,2,1280,128,8,[16; 4; 300; 2; 1280; 128; 8],0.1177243139827624,0.15532657330576372,tvm
256,1,20,20,256,16,1,[256; 1; 20; 20; 256; 16; 1],0.12869245500769466,0.14208847196691496,tvm
20,5,750,2,640,16,1,[20; 5; 750; 2; 640; 16; 1],0.07294615998398513,0.2506741175920542,tvm
40,5,1500,15,512,16,1,[40; 5; 1500; 15; 512; 16; 1],0.12742597702890635,0.14350067946951042,tvm
256,16,50,10,1280,16,1,[256; 16; 50; 10; 1280; 16; 1],0.09679837699513882,0.18890517437738227,tvm
16,2,30,6,512,32,2,[16; 2; 30; 6; 512; 32; 2],0.14280633896123618,0.1280455364847482,tvm
8,1,20,1,32,32,2,[8; 1; 20; 1; 32; 32; 2],0.05530725550488569,0.33062053285393955,tvm
2,1,15,3,80,16,1,[2; 1; 15; 3; 80; 16; 1],0.08664636249886826,0.2110384528369916,tvm
40,10,20,4,320,64,4,[40; 10; 20; 4; 320; 64; 4],0.03599337750347331,0.5080299642329965,tvm
1,1,12,12,320,16,1,[1; 1; 12; 12; 320; 16; 1],0.24233801802620292,0.07545540907963164,tvm
64,16,6,3,320,80,5,[64; 16; 6; 3; 320; 80; 5],0.03539852624817286,0.5165671067071085,tvm
320,32,30,30,640,16,1,[320; 32; 30; 30; 640; 16; 1],0.09762126949499361,0.18731280980372877,tvm
4,2,30,3,1280,32,2,[4; 2; 30; 3; 1280; 32; 2],0.19397248001769185,0.0942696318779163,tvm
128,1,10,5,256,32,2,[128; 1; 10; 5; 256; 32; 2],0.0989866224990692,0.1847291464650815,tvm
256,32,150,30,128,16,1,[256; 32; 150; 30; 128; 16; 1],0.0941649499873165,0.19418811657816704,tvm
128,4,150,10,160,32,2,[128; 4; 150; 10; 160; 32; 2],0.04388495275634341,0.4166738970243315,tvm
8,1,30,1,1280,160,10,[8; 1; 30; 1; 1280; 160; 10],0.22014180896803737,0.08306334163161715,tvm
16,4,750,1,640,64,4,[16; 4; 750; 1; 640; 64; 4],0.06400256499182433,0.2857028353168361,tvm
20,2,1500,2,1024,16,1,[20; 2; 1500; 2; 1024; 16; 1],0.11767887201858684,0.15538655301544818,tvm
320,20,750,10,640,16,1,[320; 20; 750; 10; 640; 16; 1],0.06547821999993175,0.27926407110231993,tvm
160,16,60,15,256,16,1,[160; 16; 60; 15; 256; 16; 1],0.04278244700981304,0.4274116036775568,tvm
20,5,12,4,640,32,2,[20; 5; 12; 4; 640; 32; 2],0.052055542008019984,0.35127315133702924,tvm
8,8,1500,3,32,16,1,[8; 8; 1500; 3; 32; 16; 1],0.08726978351478465,0.20953087711758156,tvm
20,5,500,10,64,32,2,[20; 5; 500; 10; 64; 32; 2],0.04846353150787763,0.37730874570587136,tvm
4,2,10,10,80,16,1,[4; 2; 10; 10; 80; 16; 1],0.07269788600387983,0.251530206596907,tvm
16,2,60,4,80,16,1,[16; 2; 60; 4; 80; 16; 1],0.09423426652210765,0.19404527631596097,tvm
64,4,300,5,128,64,4,[64; 4; 300; 5; 128; 64; 4],0.04617650625004899,0.39599605450217207,tvm
16,8,60,6,160,32,2,[16; 8; 60; 6; 160; 32; 2],0.043293853508657776,0.4223628252924532,tvm
10,5,6,2,1024,32,2,[10; 5; 6; 2; 1024; 32; 2],0.08191971699125133,0.22321505685459242,tvm
10,1,750,1,512,16,1,[10; 1; 750; 1; 512; 16; 1],0.1114859270164743,0.16401813910568463,tvm
128,16,375,15,160,16,1,[128; 16; 375; 15; 160; 16; 1],0.033805511993705295,0.5409092543582582,tvm
16,16,3,1,64,32,2,[16; 16; 3; 1; 64; 32; 2],0.07188090847921558,0.2543890258565891,tvm
40,2,60,2,1280,80,5,[40; 2; 60; 2; 1280; 80; 5],0.16813080798601732,0.10875885570736701,tvm
20,1,15,5,512,32,2,[20; 1; 15; 5; 512; 32; 2],0.1366699539939873,0.13379469116173665,tvm
128,1,15,5,256,32,2,[128; 1; 15; 5; 256; 32; 2],0.0994094155030325,0.18394348456013684,tvm
5,1,1500,5,160,32,2,[5; 1; 1500; 5; 160; 32; 2],0.09082052399753593,0.20133900885894912,tvm
16,2,60,5,320,16,1,[16; 2; 60; 5; 320; 16; 1],0.09757665201323107,0.18739845965646376,tvm
4,4,150,25,64,16,1,[4; 4; 150; 25; 64; 16; 1],0.0882164629874751,0.20728233332490872,tvm
320,20,30,30,512,16,1,[320; 20; 30; 30; 512; 16; 1],0.4185773720382713,0.04368538651927508,tvm
20,4,75,3,16,16,1,[20; 4; 75; 3; 16; 16; 1],0.05604496248997748,0.3262686506210852,tvm
8,4,10,1,64,32,2,[8; 4; 10; 1; 64; 32; 2],0.04594390498823486,0.39800087281211344,tvm
20,1,30,6,5120,64,4,[20; 1; 30; 6; 5120; 64; 4],0.8451460350188427,0.021636159347664222,tvm
1,1,300,3,640,64,4,[1; 1; 300; 3; 640; 64; 4],0.27760423900326714,0.06586972285210342,tvm
256,8,750,15,256,16,1,[256; 8; 750; 15; 256; 16; 1],0.07137585550663061,0.25618907340473973,tvm
40,20,250,2,512,64,4,[40; 20; 250; 2; 512; 64; 4],0.0653725104930345,0.2797156503215927,tvm
256,16,300,12,1280,32,2,[256; 16; 300; 12; 1280; 32; 2],0.07279384098364972,0.2511986459104618,tvm
5,1,5,5,2560,16,1,[5; 1; 5; 5; 2560; 16; 1],0.25087653199443594,0.07288730492384132,tvm
20,20,50,2,512,128,8,[20; 20; 50; 2; 512; 128; 8],0.05271520098904148,0.34687744602388126,tvm
20,5,150,1,640,32,2,[20; 5; 150; 1; 640; 32; 2],0.06307365649263375,0.28991048406793796,tvm
80,80,1500,10,2560,16,1,[80; 80; 1500; 10; 2560; 16; 1],0.4305293829529546,0.0424726279082151,tvm
10,10,2,1,80,16,1,[10; 10; 2; 1; 80; 16; 1],0.04930548500851728,0.3708657217864406,tvm
160,4,250,10,5120,16,1,[160; 4; 250; 10; 5120; 16; 1],1.4828301019733772,0.012331631426539917,tvm
40,8,50,2,160,80,5,[40; 8; 50; 2; 160; 80; 5],0.04680293374985922,0.39069589918109116,tvm
16,1,12,2,128,32,2,[16; 1; 12; 2; 128; 32; 2],0.06161613849690184,0.2967682612345745,tvm
40,2,300,4,1280,64,4,[40; 2; 300; 4; 1280; 64; 4],0.14317503001075238,0.12771580550282433,tvm
4,1,1500,2,1280,64,4,[4; 1; 1500; 2; 1280; 64; 4],0.19956621498567984,0.09162730418586335,tvm
5,5,30,2,640,160,10,[5; 5; 30; 2; 640; 160; 10],0.08402164949802682,0.2176309843350994,tvm
160,4,750,25,2560,16,1,[160; 4; 750; 25; 2560; 16; 1],0.7810113619780168,0.0234128659017242,tvm
1,1,10,5,1280,80,5,[1; 1; 10; 5; 1280; 80; 5],0.4995202049612999,0.03660655585919886,tvm
8,8,3,3,256,16,1,[8; 8; 3; 3; 256; 16; 1],0.05588224600069225,0.32721867130193316,tvm
16,4,30,30,5120,16,1,[16; 4; 30; 30; 5120; 16; 1],2.002892279997468,0.009129654384477133,tvm
40,1,1500,20,32,16,1,[40; 1; 1500; 20; 32; 16; 1],0.0711521310149692,0.25699461175473837,tvm
40,4,1500,20,5120,16,1,[40; 4; 1500; 20; 5120; 16; 1],2.0290646979701705,0.009011893166347477,tvm
10,1,60,1,128,32,2,[10; 1; 60; 1; 128; 32; 2],0.04474785849743057,0.4086388689810543,tvm
128,16,75,15,160,16,1,[128; 16; 75; 15; 160; 16; 1],0.032800646251416765,0.5574803052828409,tvm
320,64,250,25,512,16,1,[320; 64; 250; 25; 512; 16; 1],0.5364042739965953,0.03408942689712862,tvm
16,4,1500,6,128,64,4,[16; 4; 1500; 6; 128; 64; 4],0.05426300299586728,0.3369830874842467,tvm
20,2,150,1,160,16,1,[20; 2; 150; 1; 160; 16; 1],0.06368710999959148,0.28711797859616456,tvm
16,4,3,1,160,16,1,[16; 4; 3; 1; 160; 16; 1],0.07302174650249071,0.2504146389471878,tvm
128,2,1500,10,16,16,1,[128; 2; 1500; 10; 16; 16; 1],0.07202596848946996,0.25387668738376795,tvm
16,8,50,2,640,32,2,[16; 8; 50; 2; 640; 32; 2],0.05480340452049859,0.33366018855406554,tvm
128,16,300,5,128,32,2,[128; 16; 300; 5; 128; 32; 2],0.032036962249549106,0.5707692927712472,tvm
320,64,300,10,320,16,1,[320; 64; 300; 10; 320; 16; 1],0.07855850300984457,0.23276556432628062,tvm
20,10,20,4,320,16,1,[20; 10; 20; 4; 320; 16; 1],0.05857329649734311,0.3121851659235831,tvm
10,1,125,5,80,80,5,[10; 1; 125; 5; 80; 80; 5],0.07596331101376563,0.2407177101903925,tvm
128,16,250,5,64,32,2,[128; 16; 250; 5; 64; 32; 2],0.03064342674042564,0.5967255046444031,tvm
2,1,300,15,80,16,1,[2; 1; 300; 15; 80; 16; 1],0.1166056819492951,0.15681666604947828,tvm
160,16,15,5,32,32,2,[160; 16; 15; 5; 32; 32; 2],0.030334126509842463,0.6028099829998781,tvm
2,2,300,6,160,16,1,[2; 2; 300; 6; 160; 16; 1],0.12954089196864516,0.14115785376975998,tvm
5,1,20,1,2560,16,1,[5; 1; 20; 1; 2560; 16; 1],0.26590453798417,0.06876796621952681,tvm
128,64,3,3,640,64,4,[128; 64; 3; 3; 640; 64; 4],0.027646310001728125,0.6614160907756326,tvm
16,4,375,1,128,64,4,[16; 4; 375; 1; 128; 64; 4],0.0368947127572028,0.4956188277179213,tvm
4,2,300,5,512,32,2,[4; 2; 300; 5; 512; 32; 2],0.17804562498349696,0.1027024072476321,tvm
32,1,75,25,512,16,1,[32; 1; 75; 25; 512; 16; 1],0.6298368570278399,0.02903246147264771,tvm
20,2,1500,1,32,32,2,[20; 2; 1500; 1; 32; 32; 2],0.054194286989513785,0.3374103674295493,tvm
160,8,5,5,64,32,2,[160; 8; 5; 5; 64; 32; 2],0.033763955245376565,0.541575006625393,tvm
20,5,375,5,1280,64,4,[20; 5; 375; 5; 1280; 64; 4],0.10967905697179958,0.1667201997407387,tvm
20,20,1,1,256,128,8,[20; 20; 1; 1; 256; 128; 8],0.08036723599070683,0.22752697738452438,tvm
1,1,150,3,64,64,4,[1; 1; 150; 3; 64; 64; 4],0.1500493289786391,0.1218646855016421,tvm
10,2,75,1,2560,160,10,[10; 2; 75; 1; 2560; 160; 10],0.4334298940375447,0.04218840125533735,tvm
256,128,750,10,1280,32,2,[256; 128; 750; 10; 1280; 32; 2],0.16621057799784467,0.11001534623116109,tvm
20,2,6,2,256,128,8,[20; 2; 6; 2; 256; 128; 8],0.051097793999360874,0.35785721563523865,tvm
32,4,250,1,640,160,10,[32; 4; 250; 1; 640; 160; 10],0.07767781050642952,0.23540460482212933,tvm
80,5,10,5,128,32,2,[80; 5; 10; 5; 128; 32; 2],0.04567307276010979,0.40036093874736556,tvm
160,10,1500,10,512,32,2,[160; 10; 1500; 10; 512; 32; 2],0.057478250993881375,0.31813275403353564,tvm
64,1,75,15,16,16,1,[64; 1; 75; 15; 16; 16; 1],0.0661882029962726,0.27626848075546107,tvm
20,1,4,4,5120,16,1,[20; 1; 4; 4; 5120; 16; 1],0.7196965659968555,0.0254075330488574,tvm
20,2,60,5,2560,32,2,[20; 2; 60; 5; 2560; 32; 2],0.35485707101179287,0.051529801093090244,tvm
80,20,12,12,320,16,1,[80; 20; 12; 12; 320; 16; 1],0.031292579995351844,0.5843466498585422,tvm
40,20,60,6,256,64,4,[40; 20; 60; 6; 256; 64; 4],0.035798707001958974,0.5107925904897531,tvm
256,1,150,15,5120,16,1,[256; 1; 150; 15; 5120; 16; 1],4.279925055976491,0.004272437962477894,tvm
32,4,30,10,64,16,1,[32; 4; 30; 10; 64; 16; 1],0.05925566199584864,0.30859016117304294,tvm
320,2,100,25,80,16,1,[320; 2; 100; 25; 80; 16; 1],0.0842263524828013,0.2171020559087865,tvm
256,2,30,10,640,16,1,[256; 2; 30; 10; 640; 16; 1],0.08875622498453595,0.20602176679889458,tvm
20,10,12,4,320,32,2,[20; 10; 12; 4; 320; 32; 2],0.04470522899646312,0.4090285341600861,tvm
128,1,300,25,1024,16,1,[128; 1; 300; 25; 1024; 16; 1],0.9042682059807703,0.02022156055556723,tvm
20,1,500,5,64,16,1,[20; 1; 500; 5; 64; 16; 1],0.10677270399173722,0.17125832354240422,tvm
10,2,1500,3,5120,16,1,[10; 2; 1500; 3; 5120; 16; 1],0.7274267210159451,0.025137534486189803,tvm
64,8,60,10,2560,16,1,[64; 8; 60; 10; 2560; 16; 1],0.23583276302088052,0.07753678518406401,tvm
8,8,1,1,1280,32,2,[8; 8; 1; 1; 1280; 32; 2],0.13299107301281765,0.13749580232315228,tvm
1,1,150,15,256,16,1,[1; 1; 150; 15; 256; 16; 1],0.5124935519997962,0.03567989141397346,tvm
16,2,2,2,32,32,2,[16; 2; 2; 2; 32; 32; 2],0.05465443999855779,0.3345696028757555,tvm
20,1,30,2,5120,80,5,[20; 1; 30; 2; 5120; 80; 5],0.6643988149589859,0.027522195816744623,tvm
10,2,15,3,32,16,1,[10; 2; 15; 3; 32; 16; 1],0.07770062450435944,0.23533548671398846,tvm
40,40,60,15,320,16,1,[40; 40; 60; 15; 320; 16; 1],0.05853871998260729,0.3123695613970931,tvm
20,1,30,10,2560,16,1,[20; 1; 30; 10; 2560; 16; 1],0.533806657011155,0.03425531331530803,tvm
256,4,300,10,80,16,1,[256; 4; 300; 10; 80; 16; 1],0.061349551513558254,0.2980578314687947,tvm
256,64,50,10,512,32,2,[256; 64; 50; 10; 512; 32; 2],0.11993623903254047,0.15246196173245938,tvm
80,80,250,25,1024,16,1,[80; 80; 250; 25; 1024; 16; 1],0.8011533379903995,0.022824237781473754,tvm
64,64,1500,10,256,32,2,[64; 64; 1500; 10; 256; 32; 2],0.07628252598806284,0.23971039302730676,tvm
8,1,500,5,1280,16,1,[8; 1; 500; 5; 1280; 16; 1],0.27595784596633166,0.06626270842810261,tvm
320,160,25,25,256,16,1,[320; 160; 25; 25; 256; 16; 1],0.1710493880091235,0.10690312604181289,tvm
64,4,75,5,640,64,4,[64; 4; 75; 5; 640; 64; 4],0.05016380600864068,0.3645200741459806,tvm
80,1,100,2,1280,64,4,[80; 1; 100; 2; 1280; 64; 4],0.0839073104725685,0.21792754627372268,tvm
40,40,75,3,512,64,4,[40; 40; 75; 3; 512; 64; 4],0.04541957550100051,0.402595446655187,tvm
2,1,4,2,160,160,10,[2; 1; 4; 2; 160; 160; 10],0.09511593502247706,0.1922465912929642,tvm
32,32,300,2,160,160,10,[32; 32; 300; 2; 160; 160; 10],0.04869048974069301,0.3755500177364621,tvm
8,1,1500,6,1024,64,4,[8; 1; 1500; 6; 1024; 64; 4],0.16136170300887898,0.11332127725937616,tvm
10,1,250,5,256,64,4,[10; 1; 250; 5; 256; 64; 4],0.09743287099990994,0.18767500226623918,tvm
8,2,30,10,128,16,1,[8; 2; 30; 10; 128; 16; 1],0.09155323597951792,0.19972766762504304,tvm
16,4,125,5,320,32,2,[16; 4; 125; 5; 320; 32; 2],0.05976461750105955,0.3059622072439451,tvm
4,1,60,30,64,16,1,[4; 1; 60; 30; 64; 16; 1],0.11767379799857736,0.15539325318568672,tvm
10,2,300,1,1280,160,10,[10; 2; 300; 1; 1280; 160; 10],0.22110483597498387,0.08270155740864556,tvm
4,4,500,1,1280,32,2,[4; 4; 500; 1; 1280; 32; 2],0.20197232702048495,0.09053574098722775,tvm
128,1,30,10,640,16,1,[128; 1; 30; 10; 640; 16; 1],0.08654252148699015,0.21129167456096318,tvm
32,8,300,5,640,64,4,[32; 8; 300; 5; 640; 64; 4],0.04530274499848019,0.4036336934180861,tvm
160,20,4,4,64,32,2,[160; 20; 4; 4; 64; 32; 2],0.03333756374195218,0.5485018169670101,tvm
128,1,100,20,640,16,1,[128; 1; 100; 20; 640; 16; 1],0.09118319200933911,0.20053821195293797,tvm
20,20,375,5,1024,16,1,[20; 20; 375; 5; 1024; 16; 1],0.10695793200284243,0.17096174115659174,tvm
80,20,750,2,640,64,4,[80; 20; 750; 2; 640; 64; 4],0.04231523800990544,0.4321307204140939,tvm
256,4,10,5,320,32,2,[256; 4; 10; 5; 320; 32; 2],0.05309050148935057,0.34442534488739424,tvm
256,64,100,4,256,32,2,[256; 64; 100; 4; 256; 32; 2],0.04438544150616508,0.4119754961359216,tvm
80,4,60,10,2560,32,2,[80; 4; 60; 10; 2560; 32; 2],0.25828543602256104,0.07079653644937628,tvm
32,4,375,5,256,64,4,[32; 4; 375; 5; 256; 64; 4],0.06051654749899171,0.30216056667837754,tvm
80,16,750,5,1024,64,4,[80; 16; 750; 5; 1024; 64; 4],0.05416037849499844,0.3376216118468028,tvm
80,10,10,5,5120,32,2,[80; 10; 10; 5; 5120; 32; 2],0.45716930797789246,0.03999768568584341,tvm
40,5,10,10,2560,32,2,[40; 5; 10; 10; 2560; 32; 2],0.19300668500363827,0.09474135201777903,tvm
160,80,300,30,5120,16,1,[160; 80; 300; 30; 5120; 16; 1],3.9501589240389876,0.004629108508631186,tvm
256,128,125,5,1280,32,2,[256; 128; 125; 5; 1280; 32; 2],0.11785191699163988,0.15515839497979,tvm
20,4,60,5,256,16,1,[20; 4; 60; 5; 256; 16; 1],0.0862332895048894,0.21204936505034397,tvm
40,10,750,6,2560,32,2,[40; 10; 750; 6; 2560; 32; 2],0.17296387598617002,0.10571984572765003,tvm
40,40,750,2,1280,160,10,[40; 40; 750; 2; 1280; 160; 10],0.11115852097282186,0.1645012377430348,tvm
20,5,60,6,128,16,1,[20; 5; 60; 6; 128; 16; 1],0.06732149049639702,0.2716177872902698,tvm
10,2,25,1,320,64,4,[10; 2; 25; 1; 320; 64; 4],0.04335584650107194,0.4217589036178128,tvm
10,10,12,6,512,32,2,[10; 10; 12; 6; 512; 32; 2],0.07672621100209653,0.23832421863259523,tvm
20,1,12,3,1280,16,1,[20; 1; 12; 3; 1280; 16; 1],0.2650320800021291,0.0689943431963685,tvm
16,4,60,6,640,32,2,[16; 4; 60; 6; 640; 32; 2],0.06598574400413781,0.27711613412387426,tvm
10,1,4,4,16,16,1,[10; 1; 4; 4; 16; 16; 1],0.11201061203610152,0.16324983814766336,tvm
16,2,12,3,256,64,4,[16; 2; 12; 3; 256; 64; 4],0.09293424899806269,0.19675969282428346,tvm
8,1,1,1,640,64,4,[8; 1; 1; 1; 640; 64; 4],0.050943212991114706,0.3589430900030511,tvm
4,1,300,5,2560,32,2,[4; 1; 300; 5; 2560; 32; 2],0.543001358048059,0.03367526437032573,tvm
8,4,300,6,128,16,1,[8; 4; 300; 6; 128; 16; 1],0.07261895449482836,0.251803601592977,tvm
8,1,60,5,320,64,4,[8; 1; 60; 5; 320; 64; 4],0.07927653699880466,0.2306573291160536,tvm
320,32,375,25,160,16,1,[320; 32; 375; 25; 160; 16; 1],0.0746816759929061,0.24484874023784925,tvm
80,16,20,4,1024,32,2,[80; 16; 20; 4; 1024; 32; 2],0.05808262850041501,0.31482243069601495,tvm
20,20,300,5,160,80,5,[20; 20; 300; 5; 160; 80; 5],0.054945481999311596,0.33279741336955393,tvm
1,1,25,1,640,160,10,[1; 1; 25; 1; 640; 160; 10],0.25707654998404905,0.07112945263521263,tvm
320,40,60,12,1280,16,1,[320; 40; 60; 12; 1280; 16; 1],0.15597839001566172,0.11723235689173499,tvm
128,32,150,6,32,32,2,[128; 32; 150; 6; 32; 32; 2],0.029648458497831598,0.6167509277776331,tvm
2,1,12,6,1024,32,2,[2; 1; 12; 6; 1024; 32; 2],0.37393568095285445,0.04890069393516833,tvm
4,1,500,25,512,16,1,[4; 1; 500; 25; 512; 16; 1],0.682383245031815,0.026796839486968566,tvm
10,1,75,1,320,32,2,[10; 1; 75; 1; 320; 32; 2],0.04972101574821863,0.36776630586774395,tvm
32,32,150,5,320,80,5,[32; 32; 150; 5; 320; 80; 5],0.05985624997993,0.3054938171343101,tvm
128,8,250,10,1280,32,2,[128; 8; 250; 10; 1280; 32; 2],0.08261293999385089,0.221342011155581,tvm
4,1,50,5,1280,64,4,[4; 1; 50; 5; 1280; 64; 4],0.28640515997540206,0.06384561747171301,tvm
160,4,10,5,64,32,2,[160; 4; 10; 5; 64; 32; 2],0.04895042126008775,0.3735558104506802,tvm
8,1,750,1,640,80,5,[8; 1; 750; 1; 640; 80; 5],0.14192091795848683,0.12884439129024677,tvm
2,2,60,3,640,16,1,[2; 2; 60; 3; 640; 16; 1],0.21287800604477525,0.085897621015241,tvm
5,1,30,3,5120,80,5,[5; 1; 30; 3; 5120; 80; 5],0.7856806929921731,0.02327372232614662,tvm
8,2,20,2,1024,64,4,[8; 2; 20; 2; 1024; 64; 4],0.07909544950234704,0.23118541459419464,tvm
4,4,1500,2,320,64,4,[4; 4; 1500; 2; 320; 64; 4],0.07967774200369604,0.2294958896408744,tvm
320,40,750,10,512,16,1,[320; 40; 750; 10; 512; 16; 1],0.1353191169910133,0.13513031042708226,tvm
16,8,12,12,320,16,1,[16; 8; 12; 12; 320; 16; 1],0.04444391174183693,0.411433502791816,tvm
40,10,4,2,5120,160,10,[40; 10; 4; 2; 5120; 160; 10],0.3096548159956001,0.059051929248773935,tvm
8,8,60,12,160,32,2,[8; 8; 60; 12; 160; 32; 2],0.0462464382435428,0.3953972452844506,tvm
20,20,50,1,64,32,2,[20; 20; 50; 1; 64; 32; 2],0.053721737989690155,0.3403783081110208,tvm
8,8,300,6,160,16,1,[8; 8; 300; 6; 160; 16; 1],0.05535183000029065,0.33035428612962336,tvm
80,20,12,12,160,16,1,[80; 20; 12; 12; 160; 16; 1],0.032223622998571955,0.5674630157671796,tvm
5,5,10,2,320,32,2,[5; 5; 10; 2; 320; 32; 2],0.06096075949608348,0.2999587675230503,tvm
20,5,30,1,320,160,10,[20; 5; 30; 1; 320; 160; 10],0.0733252459904179,0.24937815125917007,tvm
40,10,20,2,1280,160,10,[40; 10; 20; 2; 1280; 160; 10],0.0844787190144416,0.21645349857386395,tvm
20,4,300,10,256,16,1,[20; 4; 300; 10; 256; 16; 1],0.08378792749135755,0.21823805449299838,tvm
20,2,6,1,320,160,10,[20; 2; 6; 1; 320; 160; 10],0.09354066749801859,0.1954841116148933,tvm
160,5,500,10,512,32,2,[160; 5; 500; 10; 512; 32; 2],0.08107558451592922,0.22553909903815278,tvm
10,5,2,2,256,64,4,[10; 5; 2; 2; 256; 64; 4],0.050602903502294794,0.3613570174858652,tvm
80,80,30,2,2560,64,4,[80; 80; 30; 2; 2560; 64; 4],0.14797789900330827,0.12357057647713651,tvm
16,8,100,10,80,16,1,[16; 8; 100; 10; 80; 16; 1],0.051571726507972926,0.35456858871861385,tvm
20,10,30,5,1024,16,1,[20; 10; 30; 5; 1024; 16; 1],0.09994792198995128,0.18295242083725086,tvm
10,2,75,15,512,16,1,[10; 2; 75; 15; 512; 16; 1],0.28163100604433566,0.06492791593705298,tvm
64,16,60,3,256,64,4,[64; 16; 60; 3; 256; 64; 4],0.03929331099789124,0.4653645575119803,tvm
80,20,150,30,128,16,1,[80; 20; 150; 30; 128; 16; 1],0.07432418401003815,0.2460264384906619,tvm
128,4,100,4,1280,64,4,[128; 4; 100; 4; 1280; 64; 4],0.1002621260122396,0.18237907984797808,tvm
80,1,750,3,5120,80,5,[80; 1; 750; 3; 5120; 80; 5],0.7284849219722673,0.02510101957389642,tvm
32,1,60,30,16,16,1,[32; 1; 60; 30; 16; 16; 1],0.07306722851353697,0.2502587638496038,tvm
16,1,25,1,256,16,1,[16; 1; 25; 1; 256; 16; 1],0.06345635000616312,0.28816208754424594,tvm
40,1,150,10,1280,16,1,[40; 1; 150; 10; 1280; 16; 1],0.20290859701344743,0.0901179868909272,tvm
20,20,10,2,128,64,4,[20; 20; 10; 2; 128; 64; 4],0.039859089243691415,0.45875895893954494,tvm
64,1,4,4,640,64,4,[64; 1; 4; 4; 640; 64; 4],0.04793155050720088,0.3814964066928562,tvm
2,1,20,5,32,32,2,[2; 1; 20; 5; 32; 32; 2],0.1241849540383555,0.14724581111546411,tvm
8,4,5,1,160,160,10,[8; 4; 5; 1; 160; 160; 10],0.051211106998380274,0.3570653976742318,tvm
80,80,50,10,64,16,1,[80; 80; 50; 10; 64; 16; 1],0.06523075100267306,0.28032352846842074,tvm
32,2,60,2,2560,80,5,[32; 2; 60; 2; 2560; 80; 5],0.3362570690223947,0.054380163185495614,tvm
1,1,15,1,512,128,8,[1; 1; 15; 1; 512; 128; 8],0.3853027740260586,0.047458039542891,tvm
8,1,6,2,64,64,4,[8; 1; 6; 2; 64; 64; 4],0.05677605851087719,0.3220673425614971,tvm
20,1,1500,2,1280,160,10,[20; 1; 1500; 2; 1280; 160; 10],0.15522262098966166,0.11780315374865481,tvm
80,1,750,6,160,32,2,[80; 1; 750; 6; 160; 32; 2],0.06933784249122255,0.26371911251823377,tvm
10,1,100,5,5120,16,1,[10; 1; 100; 5; 5120; 16; 1],1.3664092119433917,0.013382311920824373,tvm
80,8,300,6,5120,32,2,[80; 8; 300; 6; 5120; 32; 2],0.40146045602159575,0.04554798364681438,tvm
8,2,6,2,320,16,1,[8; 2; 6; 2; 320; 16; 1],0.050764382496709004,0.36020755865393866,tvm
32,1,750,5,160,32,2,[32; 1; 750; 5; 160; 32; 2],0.07486892500310205,0.24423636755779055,tvm
8,4,5,5,1280,16,1,[8; 4; 5; 5; 1280; 16; 1],0.10377063899068162,0.17621279452038746,tvm
320,20,300,25,80,16,1,[320; 20; 300; 25; 80; 16; 1],0.06937457752064802,0.2635794687221251,tvm
40,20,300,2,512,64,4,[40; 20; 300; 2; 512; 64; 4],0.064730022510048,0.2824920118462157,tvm
16,8,5,1,64,32,2,[16; 8; 5; 1; 64; 32; 2],0.051501243986422196,0.3550538369623681,tvm
40,8,60,10,320,16,1,[40; 8; 60; 10; 320; 16; 1],0.04630471524433233,0.3948996163614773,tvm
10,1,300,5,64,16,1,[10; 1; 300; 5; 64; 16; 1],0.1000377910095267,0.18278806540193315,tvm
2,2,50,2,5120,80,5,[2; 2; 50; 2; 5120; 80; 5],1.303951515990775,0.01402330842939382,tvm
20,1,250,25,256,16,1,[20; 1; 250; 25; 256; 16; 1],0.16316347097745165,0.11206990251047845,tvm
20,10,50,5,1024,16,1,[20; 10; 50; 5; 1024; 16; 1],0.13454469200223684,0.13590810617345114,tvm
80,1,150,25,5120,16,1,[80; 1; 150; 25; 5120; 16; 1],4.48245486599626,0.00407939730178413,tvm
10,2,30,30,32,16,1,[10; 2; 30; 30; 32; 16; 1],0.08326935998047702,0.21959715182152809,tvm
20,1,50,1,640,64,4,[20; 1; 50; 1; 640; 64; 4],0.08142656800919212,0.22456692861781968,tvm
256,8,100,10,32,16,1,[256; 8; 100; 10; 32; 16; 1],0.053517917986027896,0.34167461989997816,tvm
20,2,50,5,2560,80,5,[20; 2; 50; 5; 2560; 80; 5],0.3391571420361288,0.05391516798359622,tvm
4,4,375,15,16,16,1,[4; 4; 375; 15; 16; 16; 1],0.10310419200686738,0.17735180238351847,tvm
10,1,50,5,160,80,5,[10; 1; 50; 5; 160; 80; 5],0.07064612448448315,0.2588353489897467,tvm
64,32,750,2,320,64,4,[64; 32; 750; 2; 320; 64; 4],0.04170673849876039,0.4384354889380232,tvm
4,4,300,5,256,16,1,[4; 4; 300; 5; 256; 16; 1],0.11675498000113294,0.15661613993284784,tvm
2,2,25,1,128,32,2,[2; 2; 25; 1; 128; 32; 2],0.08005203551147133,0.22842285232202464,tvm
10,10,15,3,128,64,4,[10; 10; 15; 3; 128; 64; 4],0.048703865249990486,0.375446880691217,tvm
40,4,30,10,80,16,1,[40; 4; 30; 10; 80; 16; 1],0.05720108500099741,0.3196742559235623,tvm
20,5,5,1,32,32,2,[20; 5; 5; 1; 32; 32; 2],0.05563577951397747,0.3286682499185679,tvm
16,1,20,1,2560,80,5,[16; 1; 20; 1; 2560; 80; 5],0.4137284209718928,0.044197384948220786,tvm
32,16,60,10,640,32,2,[32; 16; 60; 10; 640; 32; 2],0.03940680825326126,0.4640242408924601,tvm
80,40,4,2,640,80,5,[80; 40; 4; 2; 640; 80; 5],0.05569601748720743,0.3283127790943805,tvm
20,5,6,2,128,128,8,[20; 5; 6; 2; 128; 128; 8],0.04014305924647488,0.4555137209010803,tvm
32,1,10,5,2560,64,4,[32; 1; 10; 5; 2560; 64; 4],0.3080043680383824,0.05936836026765564,tvm
1,1,100,5,2560,16,1,[1; 1; 100; 5; 2560; 16; 1],1.8811549310339615,0.009720472239712704,tvm
40,5,20,10,128,16,1,[40; 5; 20; 10; 128; 16; 1],0.05323655399843119,0.3434804267431198,tvm
80,8,300,3,2560,80,5,[80; 8; 300; 3; 2560; 80; 5],0.15582771500339732,0.11734571276563753,tvm
320,4,60,10,160,16,1,[320; 4; 60; 10; 160; 16; 1],0.07437870849389583,0.24584608493457472,tvm
2,2,4,2,640,128,8,[2; 2; 4; 2; 640; 128; 8],0.13851883000461385,0.13200887045541188,tvm
20,2,375,15,640,16,1,[20; 2; 375; 15; 640; 16; 1],0.10310358798597008,0.17735284137931778,tvm
40,4,2,2,640,128,8,[40; 4; 2; 2; 640; 128; 8],0.03755086274759378,0.4869585662685211,tvm
32,4,3,3,2560,64,4,[32; 4; 3; 3; 2560; 64; 4],0.12034646898973733,0.15194225837464015,tvm
16,1,300,1,320,32,2,[16; 1; 300; 1; 320; 32; 2],0.05253048500162549,0.3480971912813761,tvm
128,32,1500,6,1280,64,4,[128; 32; 1500; 6; 1280; 64; 4],0.05565188798937015,0.32857311667857464,tvm
80,4,1500,2,2560,64,4,[80; 4; 1500; 2; 2560; 64; 4],0.16717072599567473,0.10938347115982137,tvm
80,40,60,4,128,64,4,[80; 40; 60; 4; 128; 64; 4],0.027061985500040464,0.6756974385965488,tvm
4,2,15,5,1280,64,4,[4; 2; 15; 5; 1280; 64; 4],0.1904527570004575,0.09601181192494032,tvm
160,40,300,30,128,16,1,[160; 40; 300; 30; 128; 16; 1],0.08688215899746865,0.2104656985589763,tvm
4,2,150,5,320,32,2,[4; 2; 150; 5; 320; 32; 2],0.09919447949505411,0.18434205591679145,tvm
4,1,25,1,160,160,10,[4; 1; 25; 1; 160; 160; 10],0.07001566249527968,0.26116605390896747,tvm
16,8,1500,1,640,128,8,[16; 8; 1500; 1; 640; 128; 8],0.08377469150582328,0.21827253502262345,tvm
10,2,1,1,16,16,1,[10; 2; 1; 1; 16; 16; 1],0.07212061499012634,0.2535435157925052,tvm
10,5,3,1,64,32,2,[10; 5; 3; 1; 64; 32; 2],0.06310167201445438,0.28978177125838556,tvm
2,1,75,3,128,32,2,[2; 1; 75; 3; 128; 32; 2],0.09678493501269259,0.18893141048569448,tvm
20,20,60,3,80,80,5,[20; 20; 60; 3; 80; 80; 5],0.047915853749145754,0.3816213811287936,tvm
20,5,250,25,512,16,1,[20; 5; 250; 25; 512; 16; 1],0.25474569300422445,0.07178026866743162,tvm
10,10,250,5,1024,16,1,[10; 10; 250; 5; 1024; 16; 1],0.14845212898217142,0.12317583055956266,tvm
80,10,50,5,320,32,2,[80; 10; 50; 5; 320; 32; 2],0.035517169497325085,0.5148415412746065,tvm
40,5,100,4,640,64,4,[40; 5; 100; 4; 640; 64; 4],0.0472488980012713,0.3870082702293349,tvm
128,16,1500,25,5120,16,1,[128; 16; 1500; 25; 5120; 16; 1],2.090006701007951,0.008749117539621095,tvm
20,10,3,3,2560,32,2,[20; 10; 3; 3; 2560; 32; 2],0.1629645010107197,0.11220673319836365,tvm
16,2,500,5,1024,16,1,[16; 2; 500; 5; 1024; 16; 1],0.23851435497635975,0.07666504721498489,tvm
1,1,100,1,1024,32,2,[1; 1; 100; 1; 1024; 32; 2],0.7596521299565211,0.024071168321164155,tvm
64,2,150,25,640,16,1,[64; 2; 150; 25; 640; 16; 1],0.09578230051556602,0.1909091156433708,tvm
20,10,50,2,2560,16,1,[20; 10; 50; 2; 2560; 16; 1],0.2994918589829467,0.06105579746912416,tvm
16,2,50,25,2560,16,1,[16; 2; 50; 25; 2560; 16; 1],1.5924808600102551,0.011482533162500008,tvm
10,2,20,1,32,16,1,[10; 2; 20; 1; 32; 16; 1],0.05675191097543575,0.3222043799305542,tvm
64,16,60,6,5120,32,2,[64; 16; 60; 6; 5120; 32; 2],0.3314677190501243,0.055165897717325336,tvm
40,40,75,5,256,32,2,[40; 40; 75; 5; 256; 32; 2],0.036077421755180694,0.5068464817081467,tvm
5,5,300,12,512,16,1,[5; 5; 300; 12; 512; 16; 1],0.3251930759870447,0.05623033095096639,tvm
40,8,1500,5,32,32,2,[40; 8; 1500; 5; 32; 32; 2],0.042260239002644084,0.4326931110013412,tvm
8,2,2,1,2560,128,8,[8; 2; 2; 1; 2560; 128; 8],0.29891907796263695,0.06117279101202062,tvm
40,1,60,12,640,32,2,[40; 1; 60; 12; 640; 32; 2],0.07676749199163169,0.23819606204808133,tvm
32,32,15,3,2560,80,5,[32; 32; 15; 3; 2560; 80; 5],0.23806376301217824,0.0768101539450961,tvm
80,16,50,25,64,16,1,[80; 16; 50; 25; 64; 16; 1],0.051875881996238604,0.35248970392522944,tvm
32,4,25,1,2560,128,8,[32; 4; 25; 1; 2560; 128; 8],0.2492176319938153,0.07337247424840339,tvm
20,2,1500,5,640,80,5,[20; 2; 1500; 5; 640; 80; 5],0.08204882949939929,0.22286380436235428,tvm
8,1,100,5,640,32,2,[8; 1; 100; 5; 640; 32; 2],0.10959335201187059,0.1668505794378264,tvm
20,10,10,5,2560,16,1,[20; 10; 10; 5; 2560; 16; 1],0.19810264802072197,0.09230423958695172,tvm
4,1,30,3,80,80,5,[4; 1; 30; 3; 80; 80; 5],0.07486178798717447,0.24425965205168554,tvm
64,32,30,6,2560,64,4,[64; 32; 30; 6; 2560; 64; 4],0.11493691604118794,0.15909348289074987,tvm
80,20,20,20,1024,16,1,[80; 20; 20; 20; 1024; 16; 1],0.3579221760155633,0.05108852010588799,tvm
20,4,6,1,160,32,2,[20; 4; 6; 1; 160; 32; 2],0.05185063951648772,0.3526613067115538,tvm
128,4,125,5,5120,64,4,[128; 4; 125; 5; 5120; 64; 4],0.48812543600797653,0.03746109695749491,tvm
10,2,1500,5,1280,16,1,[10; 2; 1500; 5; 1280; 16; 1],0.25186536699766293,0.0726011460157758,tvm
40,10,3,1,2560,128,8,[40; 10; 3; 1; 2560; 128; 8],0.2429299540235661,0.07527155043194234,tvm
16,2,6,1,512,64,4,[16; 2; 6; 1; 512; 64; 4],0.07626839750446379,0.23975479863260626,tvm
160,20,1500,25,128,16,1,[160; 20; 1500; 25; 128; 16; 1],0.07001120448694564,0.2611826838248992,tvm
320,10,375,25,2560,16,1,[320; 10; 375; 25; 2560; 16; 1],0.35998021299019456,0.05079644276507045,tvm
16,1,125,1,640,128,8,[16; 1; 125; 1; 640; 128; 8],0.07528516050660983,0.2428860370711284,tvm
40,40,30,2,128,128,8,[40; 40; 30; 2; 128; 128; 8],0.029130234994227067,0.6277228552855165,tvm
80,4,750,25,2560,16,1,[80; 4; 750; 25; 2560; 16; 1],0.783341375994496,0.023343225375398485,tvm
40,40,60,6,2560,64,4,[40; 40; 60; 6; 2560; 64; 4],0.1272536790347658,0.1436949754570052,tvm
160,10,300,20,1024,16,1,[160; 10; 300; 20; 1024; 16; 1],0.16359137400286272,0.11177676327478184,tvm
64,64,20,5,5120,32,2,[64; 64; 20; 5; 5120; 32; 2],0.44118844502372667,0.04144649410464705,tvm
2,2,4,1,256,64,4,[2; 2; 4; 1; 256; 64; 4],0.14423126698238775,0.1267805148515209,tvm
80,10,500,5,320,32,2,[80; 10; 500; 5; 320; 32; 2],0.03681884224351961,0.49664012151095566,tvm
32,8,375,25,2560,16,1,[32; 8; 375; 25; 2560; 16; 1],0.4159725420176983,0.043958945455914944,tvm
2,2,4,1,2560,80,5,[2; 2; 4; 1; 2560; 80; 5],0.5021988280350342,0.0364113041785885,tvm
16,16,150,6,32,16,1,[16; 16; 150; 6; 32; 16; 1],0.053718234004918486,0.34040051063555127,tvm
4,2,60,6,512,16,1,[4; 2; 60; 6; 512; 16; 1],0.2441624499624595,0.07489159077706566,tvm
80,40,75,25,80,16,1,[80; 40; 75; 25; 80; 16; 1],0.06198706498253159,0.294992419642184,tvm
10,10,100,4,5120,64,4,[10; 10; 100; 4; 5120; 64; 4],0.5071338179986924,0.03605698069569763,tvm
160,80,150,25,256,16,1,[160; 80; 150; 25; 256; 16; 1],0.1534986650221981,0.11912621053134183,tvm
80,1,300,4,5120,32,2,[80; 1; 300; 4; 5120; 32; 2],0.9007687109988183,0.02030012151003575,tvm
320,10,150,30,64,16,1,[320; 10; 150; 30; 64; 16; 1],0.05984609152073972,0.305545672592125,tvm
16,2,10,10,32,32,2,[16; 2; 10; 10; 32; 32; 2],0.06535605448880233,0.2797860799391928,tvm
16,16,6,3,2560,64,4,[16; 16; 6; 3; 2560; 64; 4],0.16663396602962166,0.10973581630088387,tvm
80,16,100,25,80,16,1,[80; 16; 100; 25; 80; 16; 1],0.046414803990046494,0.3939629754686802,tvm
16,1,20,2,640,128,8,[16; 1; 20; 2; 640; 128; 8],0.05254418498952873,0.3480064309563153,tvm
64,8,30,6,1280,64,4,[64; 8; 30; 6; 1280; 64; 4],0.07759806149988435,0.23564653462047552,tvm
256,64,150,30,256,16,1,[256; 64; 150; 30; 256; 16; 1],0.16339895501732826,0.1119083918484981,tvm
32,4,60,4,320,80,5,[32; 4; 60; 4; 320; 80; 5],0.04528495449631009,0.4037922636579936,tvm
20,1,60,4,320,16,1,[20; 1; 60; 4; 320; 16; 1],0.1167322300025262,0.15664666292521412,tvm
40,10,60,1,5120,160,10,[40; 10; 60; 1; 5120; 160; 10],0.5211332730250433,0.03508836459351456,tvm
32,8,300,4,256,32,2,[32; 8; 300; 4; 256; 32; 2],0.05313946749083698,0.3441079700105643,tvm
4,2,1,1,128,128,8,[4; 2; 1; 1; 128; 128; 8],0.05242803049623035,0.34877744047678955,tvm
5,5,250,2,80,80,5,[5; 5; 250; 2; 80; 80; 5],0.06102619448211044,0.299637138459857,tvm
80,20,300,12,320,16,1,[80; 20; 300; 12; 320; 16; 1],0.03447440674062818,0.5304141829992545,tvm
4,1,3,1,64,64,4,[4; 1; 3; 1; 64; 64; 4],0.05702958250185475,0.3206355979393605,tvm
40,2,20,5,128,32,2,[40; 2; 20; 5; 128; 32; 2],0.07571972600999288,0.2414920820408289,tvm
8,1,750,25,80,16,1,[8; 1; 750; 25; 80; 16; 1],0.08466555550694466,0.21597583782715993,tvm
320,4,100,10,256,16,1,[320; 4; 100; 10; 256; 16; 1],0.09183532351744361,0.19911417072800985,tvm
128,2,50,25,512,16,1,[128; 2; 50; 25; 512; 16; 1],0.6442751499707811,0.02838184009819962,tvm
128,2,1500,4,640,64,4,[128; 2; 1500; 4; 640; 64; 4],0.05608224248862825,0.32605176744532044,tvm
64,1,60,2,320,64,4,[64; 1; 60; 2; 320; 64; 4],0.036529179007629864,0.5005782988414533,tvm
160,5,60,30,2560,16,1,[160; 5; 60; 30; 2560; 16; 1],0.6716380169964395,0.027225549809535607,tvm
160,1,150,10,128,32,2,[160; 1; 150; 10; 128; 32; 2],0.07007361651631072,0.26095005787888803,tvm
16,8,750,5,2560,80,5,[16; 8; 750; 5; 2560; 80; 5],0.22146542300470173,0.08256690384270993,tvm
10,10,5,5,5120,80,5,[10; 10; 5; 5; 5120; 80; 5],0.4715649990248494,0.03877665713852251,tvm
2,1,300,4,2560,80,5,[2; 1; 300; 4; 2560; 80; 5],0.6332783630350605,0.028874686635554495,tvm
160,8,1500,6,1024,32,2,[160; 8; 1500; 6; 1024; 32; 2],0.0714226959971711,0.25602105927839164,tvm
64,4,100,5,5120,32,2,[64; 4; 100; 5; 5120; 32; 2],0.5774551060167141,0.031666036190846354,tvm
40,1,1500,2,320,80,5,[40; 1; 1500; 2; 320; 80; 5],0.07304374748491682,0.2503392133527952,tvm
32,8,10,10,2560,32,2,[32; 8; 10; 10; 2560; 32; 2],0.16208566701970994,0.11281512191630558,tvm
160,2,100,10,256,32,2,[160; 2; 100; 10; 256; 32; 2],0.09774417598964646,0.187077276989385,tvm
40,8,12,4,1024,32,2,[40; 8; 12; 4; 1024; 32; 2],0.07169322299887426,0.2550549901488096,tvm
20,5,1,1,80,16,1,[20; 5; 1; 1; 80; 16; 1],0.06458784500136971,0.2831138627605009,tvm
128,8,750,5,5120,32,2,[128; 8; 750; 5; 5120; 32; 2],0.38283912203041837,0.04776344222276584,tvm
5,1,1500,4,512,32,2,[5; 1; 1500; 4; 512; 32; 2],0.18233381799655035,0.10028701469992934,tvm
2,1,12,6,512,64,4,[2; 1; 12; 6; 512; 64; 4],0.2064801639644429,0.08855918135004578,tvm
64,1,750,5,160,32,2,[64; 1; 750; 5; 160; 32; 2],0.07307198649505153,0.25024246859571286,tvm
8,8,500,10,1024,32,2,[8; 8; 500; 10; 1024; 32; 2],0.1744624809944071,0.10481172904047198,tvm
32,16,60,5,2560,32,2,[32; 16; 60; 5; 2560; 32; 2],0.18913846899522468,0.09667898012950481,tvm
160,80,30,15,1024,16,1,[160; 80; 30; 15; 1024; 16; 1],0.6681190269882791,0.027368947069419527,tvm
10,1,1500,4,2560,64,4,[10; 1; 1500; 4; 2560; 64; 4],0.34016175603028387,0.053755938054618785,tvm
64,64,60,4,64,32,2,[64; 64; 60; 4; 64; 32; 2],0.029592947001219727,0.6179078509808641,tvm
20,5,1500,20,128,16,1,[20; 5; 1500; 20; 128; 16; 1],0.06564174749655649,0.2785683651501438,tvm
40,20,300,30,128,16,1,[40; 20; 300; 30; 128; 16; 1],0.08002448049956001,0.22850150568381164,tvm
128,8,20,2,5120,64,4,[128; 8; 20; 2; 5120; 64; 4],0.36206247500376776,0.050504306709840616,tvm
10,1,100,2,2560,16,1,[10; 1; 100; 2; 2560; 16; 1],0.30431982601294294,0.06008716068645683,tvm
64,64,30,15,16,16,1,[64; 64; 30; 15; 16; 16; 1],0.062336527480510995,0.2933386735639255,tvm
128,4,75,5,512,32,2,[128; 4; 75; 5; 512; 32; 2],0.0848121615126729,0.21560250274934895,tvm
20,10,1500,6,64,16,1,[20; 10; 1500; 6; 64; 16; 1],0.06969654400018044,0.26236185090708297,tvm
320,10,300,12,5120,16,1,[320; 10; 300; 12; 5120; 16; 1],0.7623439159942791,0.023986174614990315,tvm
64,8,100,4,5120,32,2,[64; 8; 100; 4; 5120; 32; 2],0.4066523009678349,0.04496645965655224,tvm
8,1,20,4,1280,64,4,[8; 1; 20; 4; 1280; 64; 4],0.16927281697280705,0.10802510770912384,tvm
5,5,750,5,5120,80,5,[5; 5; 750; 5; 5120; 80; 5],0.8199171110172756,0.02230190593659779,tvm
10,10,500,1,5120,80,5,[10; 10; 500; 1; 5120; 80; 5],0.5643145320354961,0.032403408467538974,tvm
16,16,15,3,64,32,2,[16; 16; 15; 3; 64; 32; 2],0.04133159274351783,0.4424149439191911,tvm
8,2,300,10,5120,16,1,[8; 2; 300; 10; 5120; 16; 1],3.6189640819793567,0.005052748209568606,tvm
32,16,20,2,128,128,8,[32; 16; 20; 2; 128; 128; 8],0.03545975549786817,0.5156751373204933,tvm
1,1,20,5,64,32,2,[1; 1; 20; 5; 64; 32; 2],0.16313475300557911,0.11208963111060048,tvm
40,20,750,10,1280,32,2,[40; 20; 750; 10; 1280; 32; 2],0.07477564900182188,0.24454103080093312,tvm
160,5,1500,12,1280,16,1,[160; 5; 1500; 12; 1280; 16; 1],0.1137062509660609,0.16081538288666483,tvm
40,40,6,3,320,64,4,[40; 40; 6; 3; 320; 64; 4],0.04037109900673386,0.4529407109443379,tvm
40,1,12,1,640,160,10,[40; 1; 12; 1; 640; 160; 10],0.0927801750076469,0.19708643882388868,tvm
80,80,250,10,64,16,1,[80; 80; 250; 10; 64; 16; 1],0.06484492748859338,0.28199143701611595,tvm
20,5,60,4,160,16,1,[20; 5; 60; 4; 160; 16; 1],0.06986933952430263,0.26171299757820055,tvm
256,2,60,10,32,32,2,[256; 2; 60; 10; 32; 32; 2],0.06434270000318065,0.28419252354673286,tvm
128,32,750,6,5120,64,4,[128; 32; 750; 6; 5120; 64; 4],0.2383647220558487,0.07671317352670147,tvm
16,8,150,5,1280,32,2,[16; 8; 150; 5; 1280; 32; 2],0.12129911099327728,0.1507489555032908,tvm
4,1,20,4,64,32,2,[4; 1; 20; 4; 64; 32; 2],0.08198851198540069,0.2230277613645475,tvm
5,5,150,10,64,16,1,[5; 5; 150; 10; 64; 16; 1],0.08472453249851242,0.21582549642319176,tvm
160,4,150,25,80,16,1,[160; 4; 150; 25; 80; 16; 1],0.047928026993758976,0.3815244530740936,tvm
1,1,1500,25,2560,16,1,[1; 1; 1500; 25; 2560; 16; 1],2.752086322987452,0.006644309857935245,tvm
320,4,100,25,64,16,1,[320; 4; 100; 25; 64; 16; 1],0.07169666248955764,0.25504275444310304,tvm
4,4,125,5,64,16,1,[4; 4; 125; 5; 64; 16; 1],0.07501248698099516,0.2437689379682489,tvm
4,1,1500,6,512,64,4,[4; 1; 1500; 6; 512; 64; 4],0.1930907749920152,0.09470009267128607,tvm
80,10,75,5,640,32,2,[80; 10; 75; 5; 640; 32; 2],0.040029932497418486,0.4568010272536314,tvm
80,16,500,2,64,64,4,[80; 16; 500; 2; 64; 64; 4],0.03749449249880854,0.4876906731380709,tvm
20,4,500,5,5120,80,5,[20; 4; 500; 5; 5120; 80; 5],0.527953167038504,0.034635106724117244,tvm
2,1,50,10,2560,32,2,[2; 1; 50; 10; 2560; 32; 2],0.9623979959869757,0.019000158314920006,tvm
20,10,500,2,128,16,1,[20; 10; 500; 2; 128; 16; 1],0.049931586254388094,0.3662153690161866,tvm
2,2,750,1,160,32,2,[2; 2; 750; 1; 160; 32; 2],0.10059420397737995,0.1817770165945753,tvm
160,16,60,30,32,16,1,[160; 16; 60; 30; 32; 16; 1],0.05348051548935473,0.3419135757835777,tvm
80,8,50,10,64,32,2,[80; 8; 50; 10; 64; 32; 2],0.036887194495648146,0.49571984358614174,tvm
128,32,100,10,128,16,1,[128; 32; 100; 10; 128; 16; 1],0.0423756142554339,0.4315150259649505,tvm
8,8,10,5,1280,64,4,[8; 8; 10; 5; 1280; 64; 4],0.10375203494913876,0.17624439168521655,tvm
128,16,1500,12,1280,16,1,[128; 16; 1500; 12; 1280; 16; 1],0.07667768900864758,0.23847503129172368,tvm
40,40,1500,4,640,64,4,[40; 40; 1500; 4; 640; 64; 4],0.03500246474868618,0.5224121905986818,tvm
80,40,250,5,1280,32,2,[80; 40; 250; 5; 1280; 32; 2],0.06878635901375674,0.2658334377322877,tvm
10,2,30,3,128,16,1,[10; 2; 30; 3; 128; 16; 1],0.0709937184874434,0.2575680591931308,tvm
80,2,30,5,2560,64,4,[80; 2; 30; 5; 2560; 64; 4],0.30365680798422545,0.060218357714753444,tvm
2,1,150,15,512,16,1,[2; 1; 150; 15; 512; 16; 1],0.6722496809670702,0.02720077793032081,tvm
40,4,50,2,1280,160,10,[40; 4; 50; 2; 1280; 160; 10],0.10822619800455868,0.16895829866391554,tvm
40,20,750,2,64,64,4,[40; 20; 750; 2; 64; 64; 4],0.039774271252099425,0.45973725501630913,tvm
5,1,750,25,1024,16,1,[5; 1; 750; 25; 1024; 16; 1],0.8976985180051997,0.02036954937426818,tvm
32,4,10,5,640,64,4,[32; 4; 10; 5; 640; 64; 4],0.0512240944954101,0.35697486633663705,tvm
40,4,150,5,5120,80,5,[40; 4; 150; 5; 5120; 80; 5],0.4801077980082482,0.038086684618690865,tvm
4,4,500,1,1024,16,1,[4; 4; 500; 1; 1024; 16; 1],0.25661156699061394,0.0712583399889496,tvm
10,2,1500,10,2560,16,1,[10; 2; 1500; 10; 2560; 16; 1],0.7563193149981089,0.024177240912801504,tvm
80,2,1500,10,32,32,2,[80; 2; 1500; 10; 32; 32; 2],0.06610402700607665,0.2766202773702934,tvm
4,2,30,10,160,32,2,[4; 2; 30; 10; 160; 32; 2],0.07834470350644551,0.233400772066358,tvm
160,40,375,15,1280,16,1,[160; 40; 375; 15; 1280; 16; 1],0.15353325998876244,0.11909936835219075,tvm
40,10,1500,12,80,16,1,[40; 10; 1500; 12; 80; 16; 1],0.046657486993353814,0.3919138269988484,tvm
80,40,10,10,320,32,2,[80; 40; 10; 10; 320; 32; 2],0.03977459225279745,0.4597335447085119,tvm
4,4,100,5,128,16,1,[4; 4; 100; 5; 128; 16; 1],0.07706603949191049,0.2372733100892477,tvm
320,16,60,10,1280,16,1,[320; 16; 60; 10; 1280; 16; 1],0.11454512795899063,0.15963764335975011,tvm
40,20,150,3,2560,80,5,[40; 20; 150; 3; 2560; 80; 5],0.19131578505039215,0.09557870136485534,tvm
5,5,2,2,512,32,2,[5; 5; 2; 2; 512; 32; 2],0.08563849600614049,0.2135221324344972,tvm
128,16,20,2,1280,64,4,[128; 16; 20; 2; 1280; 64; 4],0.0732776845106855,0.24954001218539903,tvm
10,1,125,1,32,16,1,[10; 1; 125; 1; 32; 16; 1],0.07731358450837433,0.2365136010959839,tvm
64,2,300,4,1024,64,4,[64; 2; 300; 4; 1024; 64; 4],0.15103025099961087,0.12107319007078522,tvm
32,1,500,10,512,32,2,[32; 1; 500; 10; 512; 32; 2],0.16477752896025777,0.11097213558849137,tvm
80,1,300,4,2560,64,4,[80; 1; 300; 4; 2560; 64; 4],0.2944635699968785,0.062098392293172724,tvm
40,8,30,2,160,160,10,[40; 8; 30; 2; 160; 160; 10],0.0398895380058093,0.4584087758311779,tvm
80,10,300,6,512,64,4,[80; 10; 300; 6; 512; 64; 4],0.056644109019543976,0.3228175816024425,tvm
80,20,1500,5,80,80,5,[80; 20; 1500; 5; 80; 80; 5],0.05064992350526154,0.36102155778803413,tvm
40,20,250,1,1280,128,8,[40; 20; 250; 1; 1280; 128; 8],0.13536748400656506,0.13508202815402454,tvm
16,1,375,5,1024,64,4,[16; 1; 375; 5; 1024; 64; 4],0.17493728100089356,0.1045272578897627,tvm
20,4,250,5,5120,32,2,[20; 4; 250; 5; 5120; 32; 2],0.7002662390004843,0.026112517307437463,tvm
1,1,1500,5,128,32,2,[1; 1; 1500; 5; 128; 32; 2],0.45565520104719326,0.04013059489651341,tvm
20,10,3,3,128,32,2,[20; 10; 3; 3; 128; 32; 2],0.039202872998430394,0.4664381175952694,tvm
8,1,5,1,5120,128,8,[8; 1; 5; 1; 5120; 128; 8],0.4627672639908269,0.03951384574617783,tvm
20,1,125,5,1024,64,4,[20; 1; 125; 5; 1024; 64; 4],0.17470048397080973,0.1046689389181635,tvm
128,32,60,12,5120,32,2,[128; 32; 60; 12; 5120; 32; 2],1.0166605999693274,0.017986055804922473,tvm
10,1,4,1,2560,80,5,[10; 1; 4; 1; 2560; 80; 5],0.3838880099938251,0.04763293932000746,tvm
2,2,500,20,512,16,1,[2; 2; 500; 20; 512; 16; 1],0.8364243659889325,0.021861766621414088,tvm
160,4,300,10,32,32,2,[160; 4; 300; 10; 32; 32; 2],0.04430544200295117,0.41271937394273783,tvm
20,20,500,5,2560,16,1,[20; 20; 500; 5; 2560; 16; 1],0.2945393979898654,0.062082405309810094,tvm
20,1,750,3,320,80,5,[20; 1; 750; 3; 320; 80; 5],0.07330477697541937,0.24944778553580307,tvm
16,2,100,5,128,32,2,[16; 2; 100; 5; 128; 32; 2],0.08090458050719462,0.2260158098723247,tvm
80,8,375,3,320,80,5,[80; 8; 375; 3; 320; 80; 5],0.03593520323920529,0.5088523964646617,tvm
20,1,375,25,1024,16,1,[20; 1; 375; 25; 1024; 16; 1],0.9061672689858824,0.020179182046796227,tvm
32,4,6,6,2560,64,4,[32; 4; 6; 6; 2560; 64; 4],0.18162094498984516,0.10068064719483033,tvm
40,10,300,20,32,16,1,[40; 10; 300; 20; 32; 16; 1],0.0445527967531234,0.4104279780019052,tvm
160,16,100,4,32,32,2,[160; 16; 100; 4; 32; 32; 2],0.03564325225306675,0.5130203651419318,tvm
160,8,60,6,2560,32,2,[160; 8; 60; 6; 2560; 32; 2],0.17049647198291495,0.10724981035118812,tvm
4,4,4,1,5120,160,10,[4; 4; 4; 1; 5120; 160; 10],0.6889944699942134,0.026539711248869474,tvm
2,1,100,10,1024,32,2,[2; 1; 100; 10; 1024; 32; 2],0.6728745099972002,0.027175519378480204,tvm
160,160,300,10,5120,16,1,[160; 160; 300; 10; 5120; 16; 1],2.345145813014824,0.007797261127318526,tvm
256,1,300,25,5120,16,1,[256; 1; 300; 25; 5120; 16; 1],4.552242839999963,0.004016858267102999,tvm
128,2,60,5,256,32,2,[128; 2; 60; 5; 256; 32; 2],0.08969781050109304,0.20385909292057314,tvm
32,1,375,3,320,64,4,[32; 1; 375; 3; 320; 64; 4],0.07408303298871033,0.24682729024472966,tvm
4,4,20,1,64,32,2,[4; 4; 20; 1; 64; 32; 2],0.050456476979888976,0.3624056886294823,tvm
8,2,750,6,2560,64,4,[8; 2; 750; 6; 2560; 64; 4],0.40215442300541326,0.045469384991615895,tvm
20,20,150,30,32,16,1,[20; 20; 150; 30; 32; 16; 1],0.07106678251875564,0.2573032524849201,tvm
8,8,300,6,2560,64,4,[8; 8; 300; 6; 2560; 64; 4],0.2497037269640714,0.07322964101511119,tvm
10,5,750,3,320,64,4,[10; 5; 750; 3; 320; 64; 4],0.05916458400315605,0.30906520503446555,tvm
10,10,10,1,5120,32,2,[10; 10; 10; 1; 5120; 32; 2],0.3614134879899211,0.05059499684810941,tvm
320,320,500,20,32,16,1,[320; 320; 500; 20; 32; 16; 1],0.10846926597878337,0.16857968126465409,tvm
32,8,25,1,512,128,8,[32; 8; 25; 1; 512; 128; 8],0.10018054797546938,0.18252759298333845,tvm
160,1,20,20,2560,16,1,[160; 1; 20; 20; 2560; 16; 1],0.7858836859813891,0.0232677107463805,tvm
16,8,60,2,5120,16,1,[16; 8; 60; 2; 5120; 16; 1],0.6687851630267687,0.027341686533471115,tvm
16,2,100,10,80,16,1,[16; 2; 100; 10; 80; 16; 1],0.0801463444950059,0.22815406492873433,tvm
40,2,60,5,32,32,2,[40; 2; 60; 5; 32; 32; 2],0.0618470270128455,0.2956603602290597,tvm
8,1,2,2,320,160,10,[8; 1; 2; 2; 320; 160; 10],0.07037312150350772,0.25983946562328974,tvm
64,4,375,3,256,64,4,[64; 4; 375; 3; 256; 64; 4],0.05743054501363076,0.3183970181960539,tvm
5,5,300,15,32,16,1,[5; 5; 300; 15; 32; 16; 1],0.08509536797646433,0.21488495461670426,tvm
40,10,300,1,2560,128,8,[40; 10; 300; 1; 2560; 128; 8],0.26362363499356434,0.06936295482823718,tvm
16,4,375,15,160,16,1,[16; 4; 375; 15; 160; 16; 1],0.060440570989158005,0.3025403960692964,tvm
16,1,750,2,256,32,2,[16; 1; 750; 2; 256; 32; 2],0.09528660398791544,0.19190225614540046,tvm
128,128,75,25,128,16,1,[128; 128; 75; 25; 128; 16; 1],0.09545640999567695,0.19156088403641425,tvm
128,8,500,4,640,64,4,[128; 8; 500; 4; 640; 64; 4],0.03986153524601832,0.45873080835592767,tvm
4,4,750,1,1024,32,2,[4; 4; 750; 1; 1024; 32; 2],0.20750003500143066,0.08812390940362112,tvm
64,2,20,10,64,16,1,[64; 2; 20; 10; 64; 16; 1],0.0793514754914213,0.23043949935992253,tvm
5,1,15,5,640,64,4,[5; 1; 15; 5; 640; 64; 4],0.10059988294960931,0.18176675508532789,tvm
4,2,75,1,320,64,4,[4; 2; 75; 1; 320; 64; 4],0.0672106574929785,0.27206569564692323,tvm
2,2,20,5,256,32,2,[2; 2; 20; 5; 256; 32; 2],0.1484903729869984,0.12314410636786101,tvm
2,2,10,1,2560,32,2,[2; 2; 10; 1; 2560; 32; 2],0.5147571440320462,0.03552299273106525,tvm
40,10,1500,15,1024,16,1,[40; 10; 1500; 15; 1024; 16; 1],0.16786471294471994,0.10893125758798404,tvm
80,4,60,5,2560,64,4,[80; 4; 60; 5; 2560; 64; 4],0.21892079099779949,0.08352662258514354,tvm
160,16,100,10,2560,32,2,[160; 16; 100; 10; 2560; 32; 2],0.13788292201934382,0.13261768765785914,tvm
80,16,50,5,320,64,4,[80; 16; 50; 5; 320; 64; 4],0.030052387504838407,0.6084612839086513,tvm
8,8,1500,1,2560,64,4,[8; 8; 1500; 1; 2560; 64; 4],0.26572191098239273,0.06881522949353595,tvm
4,4,60,4,80,80,5,[4; 4; 60; 4; 80; 80; 5],0.06570687249768525,0.2782922636647858,tvm
5,1,300,6,1024,32,2,[5; 1; 300; 6; 1024; 32; 2],0.299956155999098,0.06096129024192881,tvm
40,20,150,2,2560,80,5,[40; 20; 150; 2; 2560; 80; 5],0.17941460199654102,0.10191876292246727,tvm
128,32,100,5,640,32,2,[128; 32; 100; 5; 640; 32; 2],0.031390763993840665,0.5825189310238583,tvm
40,4,12,4,320,32,2,[40; 4; 12; 4; 320; 32; 2],0.052416333492146805,0.3488552721539349,tvm
64,2,75,5,512,64,4,[64; 2; 75; 5; 512; 64; 4],0.11807975400006399,0.15485901406691938,tvm
80,1,300,6,320,64,4,[80; 1; 300; 6; 320; 64; 4],0.06485937547404319,0.2819286209906886,tvm
4,2,6,2,512,64,4,[4; 2; 6; 2; 512; 64; 4],0.10049151501152664,0.1819627685344068,tvm
80,10,750,30,320,16,1,[80; 10; 750; 30; 320; 16; 1],0.04814162524417043,0.379831677741884,tvm
20,5,1500,4,5120,64,4,[20; 5; 1500; 4; 5120; 64; 4],0.5014589079655707,0.03646503032501669,tvm
10,2,50,5,80,80,5,[10; 2; 50; 5; 80; 80; 5],0.06698386499192566,0.27298684971251624,tvm
160,16,150,25,640,16,1,[160; 16; 150; 25; 640; 16; 1],0.06221708151861094,0.2939018327345441,tvm
64,32,15,5,1280,32,2,[64; 32; 15; 5; 1280; 32; 2],0.05662508850218728,0.3229260168839817,tvm
32,8,500,10,64,16,1,[32; 8; 500; 10; 64; 16; 1],0.04720842975075357,0.3873400234292351,tvm
5,5,60,12,5120,32,2,[5; 5; 60; 12; 5120; 32; 2],1.485834994004108,0.012306692438597748,tvm
2,2,50,1,512,128,8,[2; 2; 50; 1; 512; 128; 8],0.1970063600456342,0.0928178881203562,tvm
16,2,30,2,512,128,8,[16; 2; 30; 2; 512; 128; 8],0.07421983350650407,0.24637234310303138,tvm
20,2,60,4,32,16,1,[20; 2; 60; 4; 32; 16; 1],0.09797801199601963,0.1866307951467432,tvm
1,1,50,5,1024,32,2,[1; 1; 50; 5; 1024; 32; 2],0.7373855769983493,0.024798036273165704,tvm
16,1,30,2,256,64,4,[16; 1; 30; 2; 256; 64; 4],0.05702490100520663,0.32066192072906397,tvm
32,4,250,1,256,128,8,[32; 4; 250; 1; 256; 128; 8],0.07566922801197506,0.24165324222444126,tvm
8,2,1500,30,1280,16,1,[8; 2; 1500; 30; 1280; 16; 1],0.4224035859806463,0.04328967578071674,tvm
64,2,150,25,2560,16,1,[64; 2; 150; 25; 2560; 16; 1],1.602703428012319,0.011409293800782797,tvm
256,1,5,5,64,32,2,[256; 1; 5; 5; 64; 32; 2],0.06078527250792831,0.30082474802312115,tvm
256,32,150,30,320,16,1,[256; 32; 150; 30; 320; 16; 1],0.07958765997318551,0.2297556466903923,tvm
64,16,750,30,80,16,1,[64; 16; 750; 30; 80; 16; 1],0.0535458380181808,0.3414964628904605,tvm
4,1,500,25,1280,16,1,[4; 1; 500; 25; 1280; 16; 1],0.42733181797666475,0.04279043477804598,tvm
40,40,100,20,1024,16,1,[40; 40; 100; 20; 1024; 16; 1],0.6022938680252992,0.03036012029421193,tvm
256,256,100,5,320,32,2,[256; 256; 100; 5; 320; 32; 2],0.07426531650708057,0.24622145499064693,tvm
16,2,150,10,640,32,2,[16; 2; 150; 10; 640; 32; 2],0.08117299500736408,0.22526844406881122,tvm
1,1,5,5,2560,16,1,[1; 1; 5; 5; 2560; 16; 1],0.9993682919885032,0.018297272819542937,tvm
4,1,300,12,5120,32,2,[4; 1; 300; 12; 5120; 32; 2],3.1733200529706664,0.005762329037248017,tvm
80,8,12,2,1280,80,5,[80; 8; 12; 2; 1280; 80; 5],0.08218761900207028,0.22248745623417654,tvm
10,5,60,10,320,16,1,[10; 5; 60; 10; 320; 16; 1],0.0682896520011127,0.2677669859178129,tvm
8,8,60,4,640,32,2,[8; 8; 60; 4; 640; 32; 2],0.07103455351898447,0.2574199932266387,tvm
2,2,30,10,1024,32,2,[2; 2; 30; 10; 1024; 32; 2],0.6080987110035494,0.03007030594677178,tvm
128,64,12,3,256,64,4,[128; 64; 12; 3; 256; 64; 4],0.03264094224141445,0.5602079177271293,tvm
4,2,1,1,2560,80,5,[4; 2; 1; 1; 2560; 80; 5],0.4096368509926833,0.0446388410647188,tvm
32,1,1500,4,1280,80,5,[32; 1; 1500; 4; 1280; 80; 5],0.13970964105101302,0.13088369670234506,tvm
160,160,150,15,5120,16,1,[160; 160; 150; 15; 5120; 16; 1],3.8881986449705437,0.004702875535787554,tvm
4,4,5,5,2560,16,1,[4; 4; 5; 5; 2560; 16; 1],0.2714574060519226,0.06736126507529036,tvm
64,16,12,2,2560,80,5,[64; 16; 12; 2; 2560; 80; 5],0.15619576000608504,0.11706921036142029,tvm
20,1,1500,5,1024,16,1,[20; 1; 1500; 5; 1024; 16; 1],0.18740579899167642,0.0975728306386423,tvm
16,8,12,4,1280,80,5,[16; 8; 12; 4; 1280; 80; 5],0.08213016900117509,0.22264308606807642,tvm
160,4,30,30,160,16,1,[160; 4; 30; 30; 160; 16; 1],0.050177050492493436,0.3644238572462496,tvm
64,4,300,12,320,16,1,[64; 4; 300; 12; 320; 16; 1],0.05533146401285194,0.330475880440594,tvm
20,2,60,1,5120,80,5,[20; 2; 60; 1; 5120; 80; 5],0.8555963319959119,0.021371894200455335,tvm
64,2,500,4,512,32,2,[64; 2; 500; 4; 512; 32; 2],0.1278571500442922,0.14301675173722986,tvm
16,16,750,2,1280,160,10,[16; 16; 750; 2; 1280; 160; 10],0.08792414498748258,0.2079714768715414,tvm
80,1,375,3,80,80,5,[80; 1; 375; 3; 80; 80; 5],0.06051200401270762,0.3021832541172204,tvm
40,1,30,15,2560,16,1,[40; 1; 30; 15; 2560; 16; 1],0.5934951459639706,0.03081021708444497,tvm
10,10,60,10,320,16,1,[10; 10; 60; 10; 320; 16; 1],0.06077692250255495,0.3008660776620532,tvm
10,2,300,1,320,64,4,[10; 2; 300; 1; 320; 64; 4],0.046258635993581265,0.3952929846061948,tvm
16,2,250,2,256,64,4,[16; 2; 250; 2; 256; 64; 4],0.05801976248039864,0.315163549521457,tvm
4,1,300,4,512,32,2,[4; 1; 300; 4; 512; 32; 2],0.17627061996608973,0.10373659710978508,tvm
160,8,100,25,16,16,1,[160; 8; 100; 25; 16; 16; 1],0.04221895399678033,0.43311623227588203,tvm
32,4,12,2,320,160,10,[32; 4; 12; 2; 320; 160; 10],0.05171952600358054,0.3535553339071276,tvm
10,2,500,5,320,80,5,[10; 2; 500; 5; 320; 80; 5],0.07473984549869783,0.2446581761536137,tvm
16,1,125,1,2560,160,10,[16; 1; 125; 1; 2560; 160; 10],0.4157565759960562,0.04398178006422619,tvm
16,4,60,20,1024,16,1,[16; 4; 60; 20; 1024; 16; 1],0.38307798601454124,0.047733659863765134,tvm
64,16,75,1,256,128,8,[64; 16; 75; 1; 256; 128; 8],0.0708016449934803,0.2582667999789851,tvm
20,4,60,4,640,80,5,[20; 4; 60; 4; 640; 80; 5],0.055151433480205014,0.33155465110942955,tvm
20,10,100,5,256,16,1,[20; 10; 100; 5; 256; 16; 1],0.0735210774873849,0.2487139050546673,tvm
20,10,125,25,5120,16,1,[20; 10; 125; 25; 5120; 16; 1],0.966648644011002,0.018916608841284595,tvm
80,40,150,6,320,64,4,[80; 40; 150; 6; 320; 64; 4],0.029206690509454347,0.6260796402041893,tvm
40,20,2,1,1024,128,8,[40; 20; 2; 1; 1024; 128; 8],0.0987803729949519,0.18511485360202845,tvm
320,8,150,15,80,16,1,[320; 8; 150; 15; 80; 16; 1],0.06169081851840019,0.2964090074483337,tvm
160,2,1500,15,2560,16,1,[160; 2; 1500; 15; 2560; 16; 1],0.5823974279919639,0.03139731291183964,tvm
128,4,300,20,512,16,1,[128; 4; 300; 20; 512; 16; 1],0.243951782991644,0.07495626414970954,tvm
4,4,150,6,640,32,2,[4; 4; 150; 6; 640; 32; 2],0.10334008501376957,0.1769469638357449,tvm
32,16,300,12,128,16,1,[32; 16; 300; 12; 128; 16; 1],0.03954144824820105,0.4624442223495494,tvm
10,2,50,1,1280,64,4,[10; 2; 50; 1; 1280; 64; 4],0.12069529999280348,0.15150311807340122,tvm
10,2,375,3,256,16,1,[10; 2; 375; 3; 256; 16; 1],0.11168865498621017,0.1637204270028318,tvm
40,40,500,10,320,16,1,[40; 40; 500; 10; 320; 16; 1],0.0523286864918191,0.34943958107133105,tvm
8,8,60,6,32,32,2,[8; 8; 60; 6; 32; 32; 2],0.0491296304971911,0.37219319788614613,tvm
8,8,100,10,32,32,2,[8; 8; 100; 10; 32; 32; 2],0.044065047506592236,0.41497094228659803,tvm
64,1,1500,2,2560,128,8,[64; 1; 1500; 2; 2560; 128; 8],0.14844529901165515,0.12318149788144243,tvm
20,5,20,10,32,32,2,[20; 5; 20; 10; 32; 32; 2],0.04711855975619983,0.388078803348998,tvm
80,40,1500,4,256,64,4,[80; 40; 1500; 4; 256; 64; 4],0.03605739350314252,0.5071280120156391,tvm
8,1,10,2,256,32,2,[8; 1; 10; 2; 256; 32; 2],0.05574028001865372,0.3280520707752974,tvm
10,1,4,2,1024,64,4,[10; 1; 4; 2; 1024; 64; 4],0.09680144148296677,0.18889919411925132,tvm
32,2,60,20,2560,16,1,[32; 2; 60; 20; 2560; 16; 1],1.2301084349746816,0.014865123891367063,tvm
1,1,12,12,640,16,1,[1; 1; 12; 12; 640; 16; 1],0.2551733839791268,0.07165995920330805,tvm
32,16,30,3,160,80,5,[32; 16; 30; 3; 160; 80; 5],0.037097301246831194,0.49291225159609775,tvm
10,1,30,10,256,16,1,[10; 1; 30; 10; 256; 16; 1],0.12518995499704033,0.146063749972165,tvm
64,4,300,10,512,32,2,[64; 4; 300; 10; 512; 32; 2],0.09649826551321894,0.18949267314249701,tvm
8,2,20,5,64,32,2,[8; 2; 20; 5; 64; 32; 2],0.07408470902009867,0.24682170622757657,tvm
320,1,750,10,5120,16,1,[320; 1; 750; 10; 5120; 16; 1],2.632075937988702,0.006947259393924362,tvm
20,10,1500,1,1280,80,5,[20; 10; 1500; 1; 1280; 80; 5],0.12859154300531372,0.1421999756621528,tvm
64,2,1500,30,64,16,1,[64; 2; 1500; 30; 64; 16; 1],0.09111031700740568,0.20069861335492858,tvm
20,2,4,4,2560,32,2,[20; 2; 4; 4; 2560; 32; 2],0.24212100298609585,0.07552304038144254,tvm
64,16,1500,30,128,16,1,[64; 16; 1500; 30; 128; 16; 1],0.07288824248826131,0.2508733049594276,tvm
128,2,30,15,80,16,1,[128; 2; 30; 15; 80; 16; 1],0.06803661500453018,0.2687628460718797,tvm
2,2,75,1,5120,80,5,[2; 2; 75; 1; 5120; 80; 5],1.569755956006702,0.011648762481673436,tvm
16,1,6,1,160,16,1,[16; 1; 6; 1; 160; 16; 1],0.06576699452125467,0.2780378580292989,tvm
128,4,20,5,256,64,4,[128; 4; 20; 5; 256; 64; 4],0.05591691250447184,0.3270158073239814,tvm
5,1,60,12,256,16,1,[5; 1; 60; 12; 256; 16; 1],0.15449636604171246,0.1183569216170258,tvm
20,2,100,2,5120,32,2,[20; 2; 100; 2; 5120; 32; 2],0.5439864129875787,0.033614284932759565,tvm
8,1,1500,4,320,16,1,[8; 1; 1500; 4; 320; 16; 1],0.08254131002468057,0.2215340934163354,tvm
10,10,500,2,640,80,5,[10; 10; 500; 2; 640; 80; 5],0.07149612400098704,0.2557581203347729,tvm
64,4,75,3,320,80,5,[64; 4; 75; 3; 320; 80; 5],0.04606967749714386,0.3969143106514677,tvm
16,8,20,2,256,64,4,[16; 8; 20; 2; 256; 64; 4],0.055549111508298665,0.32918103979003377,tvm
2,2,10,5,80,16,1,[2; 2; 10; 5; 80; 16; 1],0.08530680052354,0.2143523631585319,tvm
64,32,300,4,1280,64,4,[64; 32; 300; 4; 1280; 64; 4],0.062005393498111516,0.2949052212090423,tvm
40,10,10,5,640,80,5,[40; 10; 10; 5; 640; 80; 5],0.04430395724193659,0.41273320543036424,tvm
80,4,125,25,1024,16,1,[80; 4; 125; 25; 1024; 16; 1],0.3978109619929455,0.04596583813102303,tvm
20,20,500,1,160,16,1,[20; 20; 500; 1; 160; 16; 1],0.07108372950460762,0.25724190912815026,tvm
80,80,25,5,64,32,2,[80; 80; 25; 5; 64; 32; 2],0.04133871699741576,0.44233869877619564,tvm
10,1,60,1,80,16,1,[10; 1; 60; 1; 80; 16; 1],0.05659351698704995,0.3231061658510908,tvm
160,16,20,20,640,16,1,[160; 16; 20; 20; 640; 16; 1],0.044551201252033934,0.41044267655699795,tvm
10,10,50,2,160,160,10,[10; 10; 50; 2; 160; 160; 10],0.03969757274899166,0.46062549973357636,tvm
20,5,150,25,320,16,1,[20; 5; 150; 25; 320; 16; 1],0.06135743501363322,0.29801953555671484,tvm
320,1,100,25,256,16,1,[320; 1; 100; 25; 256; 16; 1],0.16831643000477925,0.10863891472267487,tvm
32,2,750,10,512,32,2,[32; 2; 750; 10; 512; 32; 2],0.15977259300416335,0.1144483790485756,tvm
32,8,60,5,2560,80,5,[32; 8; 60; 5; 2560; 80; 5],0.16360208101104945,0.11176944799668713,tvm
80,5,100,2,2560,64,4,[80; 5; 100; 2; 2560; 64; 4],0.16316402098163962,0.1120695247377602,tvm
20,4,375,5,2560,80,5,[20; 4; 375; 5; 2560; 80; 5],0.22715493000578135,0.08049886606136566,tvm
20,4,1500,4,2560,32,2,[20; 4; 1500; 4; 2560; 32; 2],0.26313703099731356,0.0694912237035196,tvm
16,8,50,5,5120,16,1,[16; 8; 50; 5; 5120; 16; 1],0.7223636189592071,0.02531372539505884,tvm
160,40,15,15,1280,16,1,[160; 40; 15; 15; 1280; 16; 1],0.15942015504697338,0.11470139569445517,tvm
8,4,75,5,5120,64,4,[8; 4; 75; 5; 5120; 64; 4],0.7172489420045167,0.025494236679681485,tvm
80,8,250,2,5120,80,5,[80; 8; 250; 2; 5120; 80; 5],0.36887402599677444,0.049571704693228205,tvm
256,32,12,12,5120,32,2,[256; 32; 12; 12; 5120; 32; 2],1.0526894250069745,0.017370473998627976,tvm
16,2,300,25,320,16,1,[16; 2; 300; 25; 320; 16; 1],0.09145733100012876,0.19993710822031907,tvm
64,8,1500,2,256,128,8,[64; 8; 1500; 2; 256; 128; 8],0.04211755849246401,0.43415893371374087,tvm
8,8,1500,3,80,80,5,[8; 8; 1500; 3; 80; 80; 5],0.04149708950717468,0.440650525202563,tvm
80,1,30,6,1280,32,2,[80; 1; 30; 6; 1280; 32; 2],0.14627299999119714,0.12501086520967467,tvm
1,1,250,1,1024,32,2,[1; 1; 250; 1; 1024; 32; 2],0.7969811789807864,0.022943721593399285,tvm
8,2,300,6,512,32,2,[8; 2; 300; 6; 512; 32; 2],0.1513698390335776,0.12080157052725717,tvm
128,1,125,5,5120,32,2,[128; 1; 125; 5; 5120; 32; 2],1.0070751440362073,0.018157249132798436,tvm
10,5,12,6,64,32,2,[10; 5; 12; 6; 64; 32; 2],0.05932119849603623,0.3082492388776689,tvm
64,8,150,5,160,80,5,[64; 8; 150; 5; 160; 80; 5],0.035480564503814094,0.5153726988686611,tvm
2,1,6,6,640,16,1,[2; 1; 6; 6; 640; 16; 1],0.13452078204136342,0.13593226271976075,tvm
80,8,500,4,1024,64,4,[80; 8; 500; 4; 1024; 64; 4],0.07434279649169184,0.24596484324823323,tvm
160,80,500,10,16,16,1,[160; 80; 500; 10; 16; 16; 1],0.07081710401689634,0.2582104216144094,tvm
160,80,30,10,1024,32,2,[160; 80; 30; 10; 1024; 32; 2],0.30254749400774017,0.06043915301855542,tvm
20,1,30,1,320,160,10,[20; 1; 30; 1; 320; 160; 10],0.09514643449801952,0.19218496607032506,tvm
20,4,10,2,512,16,1,[20; 4; 10; 2; 512; 16; 1],0.08108549850294366,0.22551152330956512,tvm
20,4,12,2,512,128,8,[20; 4; 12; 2; 512; 128; 8],0.06969546500477009,0.2623659126811591,tvm
2,2,1500,25,2560,16,1,[2; 2; 1500; 25; 2560; 16; 1],2.2357578150113113,0.008178754497889018,tvm
320,5,375,15,80,16,1,[320; 5; 375; 15; 80; 16; 1],0.06880823051324114,0.26574893947019124,tvm
40,5,75,15,5120,16,1,[40; 5; 75; 15; 5120; 16; 1],1.5902211309876293,0.011498850021165097,tvm
160,8,20,10,80,16,1,[160; 8; 20; 10; 80; 16; 1],0.0404376435035374,0.45219534823078134,tvm
20,2,20,4,640,32,2,[20; 2; 20; 4; 640; 32; 2],0.08255923900287598,0.2214859839621014,tvm
10,5,1500,3,1280,64,4,[10; 5; 1500; 3; 1280; 64; 4],0.13802626496180892,0.1324799616274036,tvm
5,1,60,3,640,32,2,[5; 1; 60; 3; 640; 32; 2],0.11249925597803667,0.16254075750762498,tvm
20,2,100,2,320,160,10,[20; 2; 100; 2; 320; 160; 10],0.07229365149396472,0.2529366536042357,tvm
40,8,15,3,1280,64,4,[40; 8; 15; 3; 1280; 64; 4],0.07421232451451942,0.24639727168412223,tvm
20,4,500,1,256,32,2,[20; 4; 500; 1; 256; 32; 2],0.06544715649215505,0.2793966195904346,tvm
20,5,500,5,32,32,2,[20; 5; 500; 5; 32; 32; 2],0.04727958999865223,0.3867570401146784,tvm
10,1,30,2,5120,80,5,[10; 1; 30; 2; 5120; 80; 5],0.7154206330305897,0.02555938903838189,tvm
64,16,1500,20,5120,16,1,[64; 16; 1500; 20; 5120; 16; 1],1.3792864099959843,0.013257372909059203,tvm
8,2,250,25,64,16,1,[8; 2; 250; 25; 64; 16; 1],0.1017234799801372,0.17975903192935205,tvm
8,2,75,5,640,80,5,[8; 2; 75; 5; 640; 80; 5],0.09226192301139235,0.19819350918424275,tvm
80,8,50,5,2560,80,5,[80; 8; 50; 5; 2560; 80; 5],0.15358711499720812,0.11905760640172636,tvm
16,16,150,2,2560,160,10,[16; 16; 150; 2; 2560; 160; 10],0.18163564102724195,0.10067250118038107,tvm
40,10,300,3,5120,64,4,[40; 10; 300; 3; 5120; 64; 4],0.34921765100443736,0.05236194170918909,tvm
2,2,1500,3,160,16,1,[2; 2; 1500; 3; 160; 16; 1],0.15791334898676723,0.11579587414897133,tvm
20,10,4,1,320,80,5,[20; 10; 4; 1; 320; 80; 5],0.07317009699181654,0.24990692970872228,tvm
10,2,12,3,80,80,5,[10; 2; 12; 3; 80; 80; 5],0.07098804350243881,0.2575886499123768,tvm
16,4,300,2,2560,128,8,[16; 4; 300; 2; 2560; 128; 8],0.21587948396336287,0.08470334443090281,tvm
20,10,3,3,640,64,4,[20; 10; 3; 3; 640; 64; 4],0.03904638174572028,0.46830752218721294,tvm
160,4,750,10,16,16,1,[160; 4; 750; 10; 16; 16; 1],0.053006130998255685,0.34497357081798763,tvm
80,4,20,20,512,16,1,[80; 4; 20; 20; 512; 16; 1],0.23950209497706965,0.07634886988134694,tvm
10,10,30,6,5120,64,4,[10; 10; 30; 6; 5120; 64; 4],0.5171995449927635,0.03535524047293996,tvm
10,2,60,1,640,16,1,[10; 2; 60; 1; 640; 16; 1],0.0962891775125172,0.18990414871221867,tvm
4,2,6,1,256,128,8,[4; 2; 6; 1; 256; 128; 8],0.08486697552143596,0.21546324908321524,tvm
10,1,60,10,5120,16,1,[10; 1; 60; 10; 5120; 16; 1],3.2838789770030417,0.005568327704452231,tvm
1,1,150,5,1280,80,5,[1; 1; 150; 5; 1280; 80; 5],0.5648105060099624,0.032374954238885485,tvm
5,1,60,4,256,64,4,[5; 1; 60; 4; 256; 64; 4],0.09973003299091943,0.18335213312703136,tvm
320,20,300,20,64,16,1,[320; 20; 300; 20; 64; 16; 1],0.06612122899969108,0.2765483122795512,tvm
256,64,500,10,320,32,2,[256; 64; 500; 10; 320; 32; 2],0.0530621120124124,0.34460962054124145,tvm
16,4,75,1,1024,128,8,[16; 4; 75; 1; 1024; 128; 8],0.12190984800690785,0.14999374197134716,tvm
8,2,150,15,256,16,1,[8; 2; 150; 15; 256; 16; 1],0.15960499498760328,0.11456855900490183,tvm
4,2,12,12,80,16,1,[4; 2; 12; 12; 80; 16; 1],0.0812757890089415,0.22498353456405815,tvm
64,1,1500,6,2560,64,4,[64; 1; 1500; 6; 2560; 64; 4],0.23172975302441046,0.07890965250279305,tvm
5,1,6,2,2560,32,2,[5; 1; 6; 2; 2560; 32; 2],0.2196328020072542,0.08325584392949797,tvm
5,5,2,2,1280,80,5,[5; 5; 2; 2; 1280; 80; 5],0.1298338760389015,0.14083931592888305,tvm
16,16,75,5,1280,80,5,[16; 16; 75; 5; 1280; 80; 5],0.14653240999905393,0.12478955533340609,tvm
64,8,12,4,64,64,4,[64; 8; 12; 4; 64; 64; 4],0.03810610275832005,0.47986314427606486,tvm
20,5,750,5,640,64,4,[20; 5; 750; 5; 640; 64; 4],0.05445364001207054,0.3358033417354829,tvm
10,1,300,20,256,16,1,[10; 1; 300; 20; 256; 16; 1],0.15722723299404606,0.11630118992430998,tvm
10,2,100,1,320,80,5,[10; 2; 100; 1; 320; 80; 5],0.1129888339783065,0.16183647217056055,tvm
10,10,125,1,640,80,5,[10; 10; 125; 1; 640; 80; 5],0.06203363250824623,0.29477097416927084,tvm
40,1,5,1,160,160,10,[40; 1; 5; 1; 160; 160; 10],0.07447346599656157,0.24553327874599706,tvm
10,2,50,2,64,64,4,[10; 2; 50; 2; 64; 64; 4],0.05121983450953849,0.3570045561609342,tvm
160,80,20,20,1280,16,1,[160; 80; 20; 20; 1280; 16; 1],0.2227859299746342,0.08207750950787714,tvm
80,20,60,20,160,16,1,[80; 20; 60; 20; 160; 16; 1],0.04672234249301255,0.3913698096033812,tvm
2,2,15,5,5120,80,5,[2; 2; 15; 5; 5120; 80; 5],1.4772039069794118,0.01237859864797199,tvm
256,2,750,10,160,16,1,[256; 2; 750; 10; 160; 16; 1],0.08217544251237996,0.22252042370151512,tvm
8,1,1,1,640,160,10,[8; 1; 1; 1; 640; 160; 10],0.07561520650051534,0.241825885717705,tvm
20,10,5,1,80,80,5,[20; 10; 5; 1; 80; 80; 5],0.04446774674579501,0.4112129717353721,tvm
80,20,750,3,80,80,5,[80; 20; 750; 3; 80; 80; 5],0.04229133624176029,0.43237494746401944,tvm
8,4,300,1,1024,128,8,[8; 4; 300; 1; 1024; 128; 8],0.10466736799571663,0.1747031060001681,tvm
16,2,750,1,1024,128,8,[16; 2; 750; 1; 1024; 128; 8],0.12831161601934582,0.14251020174944495,tvm
160,2,1500,12,320,16,1,[160; 2; 1500; 12; 320; 16; 1],0.07815907450276427,0.23395510248867613,tvm
64,8,10,2,80,80,5,[64; 8; 10; 2; 80; 80; 5],0.04134929500287399,0.44222553938207015,tvm
160,1,150,15,32,16,1,[160; 1; 150; 15; 32; 16; 1],0.07169708650326356,0.25504124613043994,tvm
160,5,300,10,320,16,1,[160; 5; 300; 10; 320; 16; 1],0.05041987850563601,0.36266874946297784,tvm
8,2,50,2,2560,32,2,[8; 2; 50; 2; 2560; 32; 2],0.31248644698644057,0.05851682356805619,tvm
4,1,500,1,1024,128,8,[4; 1; 500; 1; 1024; 128; 8],0.147904863988515,0.12363159528772628,tvm
80,16,15,15,128,16,1,[80; 16; 15; 15; 128; 16; 1],0.03298945199640002,0.5542897253252257,tvm
40,40,1,1,2560,128,8,[40; 40; 1; 1; 2560; 128; 8],0.24859950301470235,0.07355491086654689,tvm
10,2,1500,5,256,64,4,[10; 2; 1500; 5; 256; 64; 4],0.09886395998182707,0.1849583436580481,tvm
20,2,2,1,160,32,2,[20; 2; 2; 1; 160; 32; 2],0.08310281499871053,0.22003724285390355,tvm
64,16,20,10,1280,16,1,[64; 16; 20; 10; 1280; 16; 1],0.07093791049555875,0.25777069211615855,tvm
128,8,125,25,160,16,1,[128; 8; 125; 25; 160; 16; 1],0.03753520800091792,0.487161661266593,tvm
5,1,12,4,5120,64,4,[5; 1; 12; 4; 5120; 64; 4],0.899972146959044,0.020318089118091822,tvm
10,10,5,1,128,16,1,[10; 10; 5; 1; 128; 16; 1],0.05407963250763714,0.33812571272802144,tvm
16,16,500,1,160,32,2,[16; 16; 500; 1; 160; 32; 2],0.04516238400537986,0.4048881539011768,tvm
2,1,1500,12,64,16,1,[2; 1; 1500; 12; 64; 16; 1],0.2800209799897857,0.06530122952352103,tvm
32,16,4,2,320,64,4,[32; 16; 4; 2; 320; 64; 4],0.039415958992321976,0.46391651384852134,tvm
16,1,750,1,5120,16,1,[16; 1; 750; 1; 5120; 16; 1],0.7454916950082406,0.024528394357917236,tvm
64,16,2,2,640,64,4,[64; 16; 2; 2; 640; 64; 4],0.03805771775660105,0.48047322234772366,tvm
32,1,50,10,2560,16,1,[32; 1; 50; 10; 2560; 16; 1],0.6092534399940632,0.03001331315567536,tvm
8,8,375,1,1280,128,8,[8; 8; 375; 1; 1280; 128; 8],0.11905225599184632,0.15359401746210205,tvm
80,16,30,3,640,80,5,[80; 16; 30; 3; 640; 80; 5],0.036783547257073224,0.4971166635430483,tvm
20,20,3,1,160,16,1,[20; 20; 3; 1; 160; 16; 1],0.0659114989975933,0.27742828738247893,tvm
32,4,60,20,1280,16,1,[32; 4; 60; 20; 1280; 16; 1],0.15383258101064712,0.11886762976725125,tvm
16,1,15,1,5120,64,4,[16; 1; 15; 1; 5120; 64; 4],0.5744454630184919,0.03183194134675524,tvm
4,1,500,5,80,16,1,[4; 1; 500; 5; 80; 16; 1],0.08339763901312836,0.21925937594990874,tvm
10,2,1500,15,640,16,1,[10; 2; 1500; 15; 640; 16; 1],0.12055651895934716,0.1516775238996442,tvm
80,40,750,3,320,80,5,[80; 40; 750; 3; 320; 80; 5],0.05673911847406998,0.32227702469630254,tvm
80,40,20,10,512,16,1,[80; 40; 20; 10; 512; 16; 1],0.10328105796361342,0.17704809232450408,tvm
20,5,12,12,320,32,2,[20; 5; 12; 12; 320; 32; 2],0.05022115999599919,0.3641037818953405,tvm
10,2,4,2,512,128,8,[10; 2; 4; 2; 512; 128; 8],0.08396832601283677,0.21776918933597456,tvm
2,1,250,2,256,128,8,[2; 1; 250; 2; 256; 128; 8],0.14800798799842596,0.12354545543791023,tvm
16,4,60,3,512,64,4,[16; 4; 60; 3; 512; 64; 4],0.0986693870218005,0.18532307575473383,tvm
10,10,60,15,1024,16,1,[10; 10; 60; 15; 1024; 16; 1],0.17643765202956274,0.1036383905327104,tvm
256,2,100,10,1280,16,1,[256; 2; 100; 10; 1280; 16; 1],0.2150680559570901,0.08502292078821139,tvm
20,4,500,5,64,32,2,[20; 4; 500; 5; 64; 32; 2],0.056123937014490366,0.325809543279068,tvm
20,10,25,1,640,16,1,[20; 10; 25; 1; 640; 16; 1],0.06480931901023723,0.28214637285150135,tvm
160,2,250,25,2560,16,1,[160; 2; 250; 25; 2560; 16; 1],1.5975249119801447,0.011446278019570287,tvm
16,4,300,30,5120,16,1,[16; 4; 300; 30; 5120; 16; 1],2.1683578829979524,0.008432977982597883,tvm
80,16,150,30,320,16,1,[80; 16; 150; 30; 320; 16; 1],0.06207848549820483,0.29455799604265587,tvm
64,64,300,2,512,128,8,[64; 64; 300; 2; 512; 128; 8],0.049387304243282415,0.37025131389311416,tvm
64,4,750,10,32,32,2,[64; 4; 750; 10; 32; 32; 2],0.0453970057569677,0.4027956025030952,tvm
10,1,500,5,512,64,4,[10; 1; 500; 5; 512; 64; 4],0.14352536899968982,0.12740405694935927,tvm
5,5,750,2,160,160,10,[5; 5; 750; 2; 160; 160; 10],0.07374964299378917,0.24794308885338226,tvm
80,40,150,5,640,64,4,[80; 40; 150; 5; 640; 64; 4],0.031731137743918225,0.5762703636184313,tvm
256,16,60,5,64,32,2,[256; 16; 60; 5; 64; 32; 2],0.03917727050429676,0.4667429366655037,tvm
4,4,1500,2,256,32,2,[4; 4; 1500; 2; 256; 32; 2],0.09589665950625204,0.19068145209502466,tvm
160,40,1500,5,640,32,2,[160; 40; 1500; 5; 640; 32; 2],0.03466372824914288,0.527517240912089,tvm
16,8,3,1,640,16,1,[16; 8; 3; 1; 640; 16; 1],0.07056805302272551,0.2591217059626913,tvm
64,4,375,15,512,16,1,[64; 4; 375; 15; 512; 16; 1],0.13836314098443836,0.13215740952115906,tvm
80,80,500,25,512,16,1,[80; 80; 500; 25; 512; 16; 1],0.5430199420079589,0.03367411189006808,tvm
16,8,150,1,1280,16,1,[16; 8; 150; 1; 1280; 16; 1],0.16928009496768937,0.10802046329903404,tvm
4,1,10,2,640,16,1,[4; 1; 10; 2; 640; 16; 1],0.0729533375124447,0.2506494549696925,tvm
4,4,1500,3,320,32,2,[4; 4; 1500; 3; 320; 32; 2],0.09468326650676318,0.19312508915615145,tvm
8,4,1500,10,320,16,1,[8; 4; 1500; 10; 320; 16; 1],0.11662279802840203,0.15679365094002487,tvm
32,4,750,2,1024,128,8,[32; 4; 750; 2; 1024; 128; 8],0.06703749901498668,0.2727684438470235,tvm
80,4,1500,10,320,32,2,[80; 4; 1500; 10; 320; 32; 2],0.05030014750082046,0.36353202116188676,tvm
20,20,500,20,512,16,1,[20; 20; 500; 20; 512; 16; 1],0.22845039603998885,0.08004238382897566,tvm
4,4,375,1,512,32,2,[4; 4; 375; 1; 512; 32; 2],0.11922121897805482,0.15337634057474414,tvm
5,1,75,1,256,16,1,[5; 1; 75; 1; 256; 16; 1],0.09494794701458886,0.19258672631336268,tvm
16,2,6,6,128,16,1,[16; 2; 6; 6; 128; 16; 1],0.07815204348298721,0.23397615047257048,tvm
5,1,12,3,5120,64,4,[5; 1; 12; 3; 5120; 64; 4],0.8114743839832954,0.02253393902091518,tvm
10,1,30,10,2560,16,1,[10; 1; 30; 10; 2560; 16; 1],0.5551014809752814,0.03294120969302286,tvm
4,1,1500,5,2560,80,5,[4; 1; 1500; 5; 2560; 80; 5],0.46534185600467026,0.039295227905591125,tvm
4,4,20,10,80,16,1,[4; 4; 20; 10; 80; 16; 1],0.07698148250347003,0.23753393272063883,tvm
40,20,50,5,512,64,4,[40; 20; 50; 5; 512; 64; 4],0.04700419200526085,0.38902305317082564,tvm
4,1,50,2,1024,32,2,[4; 1; 50; 2; 1024; 32; 2],0.19433941401075572,0.09409164053927972,tvm
320,10,300,15,320,16,1,[320; 10; 300; 15; 320; 16; 1],0.05916664851247333,0.3090544207833464,tvm
256,4,60,6,64,32,2,[256; 4; 60; 6; 64; 32; 2],0.05410847699386068,0.3379454625527354,tvm
128,16,1500,10,2560,16,1,[128; 16; 1500; 10; 2560; 16; 1],0.1667068270035088,0.10968785510703417,tvm
8,2,500,2,1024,128,8,[8; 2; 500; 2; 1024; 128; 8],0.111659144051373,0.16376369746575573,tvm
16,2,750,6,160,16,1,[16; 2; 750; 6; 160; 16; 1],0.08721276299911551,0.20966787035401843,tvm
80,5,75,3,160,80,5,[80; 5; 75; 3; 160; 80; 5],0.040122367747244425,0.4557486338021548,tvm
160,40,5,5,1280,32,2,[160; 40; 5; 5; 1280; 32; 2],0.06978491350309923,0.2620296188359135,tvm
64,2,10,2,2560,128,8,[64; 2; 10; 2; 2560; 128; 8],0.13688422000268474,0.1335852612182445,tvm
8,2,300,1,320,16,1,[8; 2; 300; 1; 320; 16; 1],0.07080497249262407,0.25825466265973274,tvm
80,5,30,5,640,64,4,[80; 5; 30; 5; 640; 64; 4],0.0435197400074685,0.4201705773650358,tvm
16,2,300,2,5120,160,10,[16; 2; 300; 2; 5120; 160; 10],0.6924951679538935,0.02640554783904536,tvm
20,1,100,25,640,16,1,[20; 1; 100; 25; 640; 16; 1],0.10925721901003271,0.16736390008275034,tvm
80,16,1500,6,256,32,2,[80; 16; 1500; 6; 256; 32; 2],0.042520485003478825,0.4300448192022795,tvm
80,20,50,2,5120,80,5,[80; 20; 50; 2; 5120; 80; 5],0.33569565997458994,0.05447110721389249,tvm
8,2,15,1,64,16,1,[8; 2; 15; 1; 64; 16; 1],0.05169144700630568,0.35374738655475574,tvm
40,40,150,25,1280,16,1,[40; 40; 150; 25; 1280; 16; 1],0.24151760700624436,0.0757117235152198,tvm
16,1,4,2,128,16,1,[16; 1; 4; 2; 128; 16; 1],0.07159101701108739,0.2554191161005906,tvm
5,5,75,1,5120,64,4,[5; 5; 75; 1; 5120; 64; 4],0.5855183539679274,0.031229959166601828,tvm
64,2,4,2,160,80,5,[64; 2; 4; 2; 160; 80; 5],0.07580149150453508,0.24123158954755242,tvm
10,1,125,25,256,16,1,[10; 1; 125; 25; 256; 16; 1],0.1756334980018437,0.10411290837880104,tvm
16,8,5,1,16,16,1,[16; 8; 5; 1; 16; 16; 1],0.08010512200416997,0.22827147413572882,tvm
16,16,50,10,256,32,2,[16; 16; 50; 10; 256; 32; 2],0.04562000450096093,0.40082666553286117,tvm
20,1,1500,2,640,64,4,[20; 1; 1500; 2; 640; 64; 4],0.058512554998742417,0.31250924329158575,tvm
16,8,20,4,256,32,2,[16; 8; 20; 4; 256; 32; 2],0.057310281990794465,0.31906515987221024,tvm
16,16,10,5,1280,64,4,[16; 16; 10; 5; 1280; 64; 4],0.08069753149175085,0.2265957080432319,tvm
10,1,1500,4,5120,32,2,[10; 1; 1500; 4; 5120; 32; 2],0.9192407630034722,0.01989219258072133,tvm
160,80,150,15,1280,16,1,[160; 80; 150; 15; 1280; 16; 1],0.1930229290155694,0.09473337897716466,tvm
160,5,300,10,128,32,2,[160; 5; 300; 10; 128; 32; 2],0.04283469374058768,0.42689027722375894,tvm
160,40,50,10,80,16,1,[160; 40; 50; 10; 80; 16; 1],0.04807930074457545,0.38032404803177955,tvm
10,10,60,3,1280,64,4,[10; 10; 60; 3; 1280; 64; 4],0.12768349499674514,0.14321126067374973,tvm
16,4,75,5,5120,32,2,[16; 4; 75; 5; 5120; 32; 2],0.6823967790114693,0.026796308025080744,tvm
8,8,300,2,512,32,2,[8; 8; 300; 2; 512; 32; 2],0.08749075399828143,0.20900167674944795,tvm
20,5,1500,15,80,16,1,[20; 5; 1500; 15; 80; 16; 1],0.06130691251019016,0.2982651309128464,tvm
4,1,12,2,2560,64,4,[4; 1; 12; 2; 2560; 64; 4],0.2564370959880762,0.07130682171882237,tvm
40,5,150,5,160,32,2,[40; 5; 150; 5; 160; 32; 2],0.04799418699985836,0.3809985214619481,tvm
8,1,1500,25,128,16,1,[8; 1; 1500; 25; 128; 16; 1],0.11000708700157702,0.16622305693316058,tvm
256,16,100,10,320,16,1,[256; 16; 100; 10; 320; 16; 1],0.04474530025618151,0.4086622322573003,tvm
160,2,60,15,128,16,1,[160; 2; 60; 15; 128; 16; 1],0.07860424750833772,0.23263010416548652,tvm
10,2,6,3,80,80,5,[10; 2; 6; 3; 80; 80; 5],0.0722166505001951,0.25320634727672514,tvm
80,1,100,10,32,32,2,[80; 1; 100; 10; 32; 32; 2],0.05665092548588291,0.322778738897584,tvm
128,16,750,5,5120,32,2,[128; 16; 750; 5; 5120; 32; 2],0.3001224690233357,0.06092750851084228,tvm
128,32,50,2,640,64,4,[128; 32; 50; 2; 640; 64; 4],0.0372797372401692,0.49050008501699666,tvm
256,2,150,10,640,16,1,[256; 2; 150; 10; 640; 16; 1],0.08542143148952164,0.21406471381783546,tvm
5,5,4,1,1280,128,8,[5; 5; 4; 1; 1280; 128; 8],0.14656159799778834,0.1247647032750709,tvm
4,1,100,10,320,32,2,[4; 1; 100; 10; 320; 32; 2],0.1067967779817991,0.17121971871502192,tvm
160,32,750,10,16,16,1,[160; 32; 750; 10; 16; 16; 1],0.043297121999785304,0.4223309412067841,tvm
40,40,300,4,256,32,2,[40; 40; 300; 4; 256; 32; 2],0.03549445925455075,0.5151709497692903,tvm
80,4,50,25,1280,16,1,[80; 4; 50; 25; 1280; 16; 1],0.17406743695028126,0.10504959805283524,tvm
8,4,4,4,32,32,2,[8; 4; 4; 4; 32; 32; 2],0.07441013099742122,0.24574226708924893,tvm
32,4,10,10,320,32,2,[32; 4; 10; 10; 320; 32; 2],0.04677879350492731,0.3908975182052999,tvm
10,2,300,5,64,16,1,[10; 2; 300; 5; 64; 16; 1],0.09453714001574554,0.19342360349243407,tvm
10,5,6,1,16,16,1,[10; 5; 6; 1; 16; 16; 1],0.07078855799045414,0.25831454693822303,tvm
5,5,12,12,32,32,2,[5; 5; 12; 12; 32; 32; 2],0.06073502800427377,0.3010736124864809,tvm
20,10,375,5,32,32,2,[20; 10; 375; 5; 32; 32; 2],0.043637328752083704,0.4190383510778289,tvm
40,10,3,1,2560,160,10,[40; 10; 3; 1; 2560; 160; 10],0.2576238060137257,0.07097835626549225,tvm
64,2,500,5,64,64,4,[64; 2; 500; 5; 64; 64; 4],0.0568195995001588,0.32182054161897394,tvm
256,64,50,10,512,16,1,[256; 64; 50; 10; 512; 16; 1],0.15209084295202047,0.12022889695918651,tvm
80,40,150,2,2560,80,5,[80; 40; 150; 2; 2560; 80; 5],0.23041883000405505,0.07935859358973606,tvm
20,1,75,1,64,32,2,[20; 1; 75; 1; 64; 32; 2],0.09013367851730436,0.20287327208335001,tvm
10,10,30,10,160,16,1,[10; 10; 30; 10; 160; 16; 1],0.053151124506257474,0.3440325008281154,tvm
8,2,500,1,640,16,1,[8; 2; 500; 1; 640; 16; 1],0.09368950352654792,0.19517356371231953,tvm
128,64,750,10,1280,32,2,[128; 64; 750; 10; 1280; 32; 2],0.1216628720285371,0.15029822969677398,tvm
5,1,1500,30,32,16,1,[5; 1; 1500; 30; 32; 16; 1],0.16214373899856582,0.11277471704211796,tvm
20,5,5,1,640,32,2,[20; 5; 5; 1; 640; 32; 2],0.05927494401112199,0.3084897774392375,tvm
8,8,10,5,80,16,1,[8; 8; 10; 5; 80; 16; 1],0.051520084496587515,0.3549239964256165,tvm
5,1,60,4,64,32,2,[5; 1; 60; 4; 64; 32; 2],0.09592158149462193,0.19063190994968654,tvm
5,5,10,2,1024,32,2,[5; 5; 10; 2; 1024; 32; 2],0.11993007600540295,0.15246979652452233,tvm
40,4,150,10,1024,16,1,[40; 4; 150; 10; 1024; 16; 1],0.3171678829821758,0.05765310823335132,tvm
80,1,5,5,2560,32,2,[80; 1; 5; 5; 2560; 32; 2],0.24134458095068112,0.0757660031714198,tvm
40,2,6,1,5120,128,8,[40; 2; 6; 1; 5120; 128; 8],0.496268376999069,0.03684642248673562,tvm
2,2,1,1,64,32,2,[2; 2; 1; 1; 64; 32; 2],0.07699910749215633,0.2374795615335801,tvm
10,1,6,6,640,16,1,[10; 1; 6; 6; 640; 16; 1],0.09861290297703817,0.18542922613252832,tvm
20,1,20,1,128,64,4,[20; 1; 20; 1; 128; 64; 4],0.07115408047684468,0.2569875706800106,tvm
20,4,100,10,128,16,1,[20; 4; 100; 10; 128; 16; 1],0.06581783050205559,0.2778231088176508,tvm
16,16,500,5,1024,32,2,[16; 16; 500; 5; 1024; 32; 2],0.08261817099992186,0.22132799678815912,tvm
10,5,150,10,160,32,2,[10; 5; 150; 10; 160; 32; 2],0.06018106950796209,0.30384495382381077,tvm
16,8,100,1,2560,160,10,[16; 8; 100; 1; 2560; 160; 10],0.30372523597907275,0.060204790776668314,tvm
80,4,4,4,160,32,2,[80; 4; 4; 4; 160; 32; 2],0.04355357424356043,0.41984417130628265,tvm
8,4,2,2,512,32,2,[8; 4; 2; 2; 512; 32; 2],0.06346068499260582,0.2881424032508452,tvm
20,2,500,1,1280,16,1,[20; 2; 500; 1; 1280; 16; 1],0.163607565977145,0.11176570091060882,tvm
16,8,1500,10,512,32,2,[16; 8; 1500; 10; 512; 32; 2],0.10236259998055175,0.17863667285891974,tvm
20,5,250,10,640,32,2,[20; 5; 250; 10; 640; 32; 2],0.058307356492150575,0.3136090432804296,tvm
32,1,250,1,2560,160,10,[32; 1; 250; 1; 2560; 160; 10],0.39731947996187955,0.0460226976222477,tvm
32,32,12,4,32,32,2,[32; 32; 12; 4; 32; 32; 2],0.035995330501464196,0.5080024000604876,tvm
8,8,250,1,64,64,4,[8; 8; 250; 1; 64; 64; 4],0.04958351975074038,0.3687861284886143,tvm
40,10,250,5,80,80,5,[40; 10; 250; 5; 80; 80; 5],0.04025856824591756,0.4542067709417003,tvm
64,8,25,5,80,80,5,[64; 8; 25; 5; 80; 80; 5],0.03604584150889423,0.507290536723975,tvm
20,5,12,2,5120,80,5,[20; 5; 12; 2; 5120; 80; 5],0.4169016089872457,0.04386098276313849,tvm
80,5,60,3,1024,64,4,[80; 5; 60; 3; 1024; 64; 4],0.08077241849969141,0.22638562303026927,tvm
1,1,750,6,1280,32,2,[1; 1; 750; 6; 1280; 32; 2],0.7114034609985538,0.025703718477905268,tvm
40,4,12,4,5120,64,4,[40; 4; 12; 4; 5120; 64; 4],0.48471529001835734,0.03772464921628893,tvm
4,2,30,3,5120,64,4,[4; 2; 30; 3; 5120; 64; 4],0.8376764169661328,0.021829090464240176,tvm
320,10,750,25,16,16,1,[320; 10; 750; 25; 16; 16; 1],0.06158364549628459,0.2969248432494547,tvm
160,40,300,10,1280,16,1,[160; 40; 300; 10; 1280; 16; 1],0.12162341899238527,0.1503469844640623,tvm
256,8,100,25,256,16,1,[256; 8; 100; 25; 256; 16; 1],0.08256956699187867,0.22145827999210438,tvm
40,1,500,10,64,32,2,[40; 1; 500; 10; 64; 32; 2],0.06825684499926865,0.26789568556692317,tvm
20,2,60,3,2560,80,5,[20; 2; 60; 3; 2560; 80; 5],0.3094663330120966,0.059087895305883,tvm
10,5,60,3,5120,16,1,[10; 5; 60; 3; 5120; 16; 1],0.8548635540064424,0.021390213911934398,tvm
8,4,150,15,320,16,1,[8; 4; 150; 15; 320; 16; 1],0.08469829350360669,0.215892357795091,tvm
32,32,20,4,160,80,5,[32; 32; 20; 4; 160; 80; 5],0.055233829509234056,0.33106004867283845,tvm
5,1,60,1,128,128,8,[5; 1; 60; 1; 128; 128; 8],0.04906573450716678,0.3726778875193112,tvm
256,32,150,25,512,16,1,[256; 32; 150; 25; 512; 16; 1],0.4313907420146279,0.04238782269716452,tvm
5,1,5,5,128,16,1,[5; 1; 5; 5; 128; 16; 1],0.05631498649017885,0.3247042292890056,tvm
20,20,15,3,640,16,1,[20; 20; 15; 3; 640; 16; 1],0.05580947449197993,0.3276453407269052,tvm
160,20,20,5,32,32,2,[160; 20; 20; 5; 32; 32; 2],0.03010954450292047,0.6073062408480031,tvm
10,5,5,1,160,80,5,[10; 5; 5; 1; 160; 80; 5],0.0654026984993834,0.27958654161474206,tvm
32,4,125,25,160,16,1,[32; 4; 125; 25; 160; 16; 1],0.05333836449426599,0.3428248027305008,tvm
320,160,150,15,1024,16,1,[320; 160; 150; 15; 1024; 16; 1],0.7543593719601631,0.024240057147033013,tvm
16,4,75,25,512,16,1,[16; 4; 75; 25; 512; 16; 1],0.313780982978642,0.05827540634277041,tvm
256,64,30,10,1024,32,2,[256; 64; 30; 10; 1024; 32; 2],0.27416884899139404,0.06669508353331659,tvm
32,16,50,5,256,64,4,[32; 16; 50; 5; 256; 64; 4],0.037724136491306126,0.48472187799257904,tvm
16,16,500,2,32,16,1,[16; 16; 500; 2; 32; 16; 1],0.05334456998389214,0.3427849224623203,tvm
20,10,500,20,256,16,1,[20; 10; 500; 20; 256; 16; 1],0.07450832347967662,0.24541841007470822,tvm
256,128,50,10,640,16,1,[256; 128; 50; 10; 640; 16; 1],0.08436485298443586,0.21674564275110805,tvm
80,10,15,3,5120,80,5,[80; 10; 15; 3; 5120; 80; 5],0.3656225830200128,0.050012540622288076,tvm
8,2,150,2,512,32,2,[8; 2; 150; 2; 512; 32; 2],0.09434215948567726,0.19382335941218698,tvm
40,5,1500,25,5120,16,1,[40; 5; 1500; 25; 5120; 16; 1],1.7079776670434512,0.01070606170007321,tvm
160,2,300,5,32,32,2,[160; 2; 300; 5; 32; 32; 2],0.05993983749067411,0.30506779883344387,tvm
40,10,150,6,5120,64,4,[40; 10; 150; 6; 5120; 64; 4],0.3423492269939743,0.053412459687067246,tvm
8,2,20,1,1280,128,8,[8; 2; 20; 1; 1280; 128; 8],0.10811403102707118,0.16913359082074778,tvm
1,1,1500,20,256,16,1,[1; 1; 1500; 20; 256; 16; 1],0.6298528219922446,0.0290317255829322,tvm
10,10,25,5,128,64,4,[10; 10; 25; 5; 128; 64; 4],0.046704879991011694,0.3915161389823366,tvm
40,40,250,2,1280,80,5,[40; 40; 250; 2; 1280; 80; 5],0.12962148897349834,0.14107008359896928,tvm
40,4,1500,2,2560,64,4,[40; 4; 1500; 2; 2560; 64; 4],0.18669691297691315,0.09794331354571187,tvm
80,16,25,5,5120,64,4,[80; 16; 25; 5; 5120; 64; 4],0.3112927909824066,0.05874120704179026,tvm
16,1,300,5,1280,16,1,[16; 1; 300; 5; 1280; 16; 1],0.26211049099219963,0.06976338191002995,tvm
5,5,125,5,5120,80,5,[5; 5; 125; 5; 5120; 80; 5],0.8830394049873576,0.020707699092970922,tvm
16,4,30,3,640,80,5,[16; 4; 30; 3; 640; 80; 5],0.05862289250944741,0.3119210517080412,tvm
10,1,300,1,320,64,4,[10; 1; 300; 1; 320; 64; 4],0.04630131924932357,0.3949285804849163,tvm
20,1,500,2,512,32,2,[20; 1; 500; 2; 512; 32; 2],0.1087948820204474,0.16807513318758494,tvm
128,8,1500,12,256,32,2,[128; 8; 1500; 12; 256; 32; 2],0.04962683875055518,0.3684642170666114,tvm
32,2,30,10,512,32,2,[32; 2; 30; 10; 512; 32; 2],0.15796102001331747,0.11576092813386901,tvm
128,64,20,10,1280,16,1,[128; 64; 20; 10; 1280; 16; 1],0.14173189899884164,0.12901622298776744,tvm
40,10,100,10,512,32,2,[40; 10; 100; 10; 512; 32; 2],0.0629731249937322,0.2903733026991163,tvm
40,2,150,5,1024,32,2,[40; 2; 150; 5; 1024; 32; 2],0.19551480101654306,0.09352598468576853,tvm
40,5,100,20,80,16,1,[40; 5; 100; 20; 80; 16; 1],0.047253698750864714,0.38696895204165727,tvm
1,1,1500,5,320,16,1,[1; 1; 1500; 5; 320; 16; 1],0.47483890102012083,0.03850930125234084,tvm
2,1,1500,12,1024,16,1,[2; 1; 1500; 12; 1024; 16; 1],0.8974662969703786,0.020374820032175334,tvm
256,16,6,6,128,32,2,[256; 16; 6; 6; 128; 32; 2],0.03781554225133732,0.48355023350399334,tvm
4,2,3,1,1280,64,4,[4; 2; 3; 1; 1280; 64; 4],0.1409634099691175,0.1297195796392862,tvm
64,1,25,25,5120,16,1,[64; 1; 25; 25; 5120; 16; 1],4.1774914800189435,0.004377199659933565,tvm
64,32,10,5,320,64,4,[64; 32; 10; 5; 320; 64; 4],0.026271356997312978,0.6960323476090154,tvm
128,64,100,5,1024,32,2,[128; 64; 100; 5; 1024; 32; 2],0.06766378250904381,0.27024374942784574,tvm
8,1,50,1,256,16,1,[8; 1; 50; 1; 256; 16; 1],0.07344030748936348,0.2489874417854616,tvm
20,2,50,1,640,64,4,[20; 2; 50; 1; 640; 64; 4],0.050506847008364275,0.3620442646654631,tvm
10,1,100,2,256,128,8,[10; 1; 100; 2; 256; 128; 8],0.06098050798755139,0.2998616261026744,tvm
32,16,20,2,320,64,4,[32; 16; 20; 2; 320; 64; 4],0.039814653995563276,0.4592709580686535,tvm
40,8,10,5,5120,32,2,[40; 8; 10; 5; 5120; 32; 2],0.3908114699879661,0.04678909318162371,tvm
5,1,500,1,1024,64,4,[5; 1; 500; 1; 1024; 64; 4],0.11949004099005833,0.15303128306095126,tvm
20,2,25,5,1024,16,1,[20; 2; 25; 5; 1024; 16; 1],0.22964337898883969,0.07962656866585709,tvm
8,8,50,10,320,16,1,[8; 8; 50; 10; 320; 16; 1],0.0694861910014879,0.2631560893202901,tvm
160,40,300,12,640,16,1,[160; 40; 300; 12; 640; 16; 1],0.058621900010621175,0.31192633269138775,tvm
2,1,2,2,5120,32,2,[2; 1; 2; 2; 5120; 32; 2],1.1591065420070663,0.015775697593813434,tvm
20,5,10,2,2560,32,2,[20; 5; 10; 2; 2560; 32; 2],0.16244830703362823,0.11256328009579677,tvm
80,10,375,5,160,32,2,[80; 10; 375; 5; 160; 32; 2],0.03614676825236529,0.5058741118445007,tvm
5,5,30,3,1024,32,2,[5; 5; 30; 3; 1024; 32; 2],0.1903404370532371,0.09606846852305945,tvm
160,5,375,15,32,16,1,[160; 5; 375; 15; 32; 16; 1],0.048224357757135294,0.37918004792938326,tvm
256,64,60,15,80,16,1,[256; 64; 60; 15; 80; 16; 1],0.0719772135198582,0.254048655004814,tvm
32,8,20,2,5120,160,10,[32; 8; 20; 2; 5120; 160; 10],0.35949149704538286,0.05086549872807107,tvm
32,32,125,25,5120,16,1,[32; 32; 125; 25; 5120; 16; 1],3.196600047056563,0.00572036351640294,tvm
20,4,60,3,5120,16,1,[20; 4; 60; 3; 5120; 16; 1],0.8313248520134948,0.021995871098314593,tvm
20,2,30,6,320,16,1,[20; 2; 30; 6; 320; 16; 1],0.08926515548955649,0.20484716780506376,tvm
8,8,375,1,64,16,1,[8; 8; 375; 1; 64; 16; 1],0.056527106498833746,0.3234857649416666,tvm
8,4,15,3,32,32,2,[8; 4; 15; 3; 32; 32; 2],0.05576598449260928,0.3279008602123345,tvm
8,1,4,1,64,32,2,[8; 1; 4; 1; 64; 32; 2],0.057227821002015844,0.3195249087864131,tvm
40,4,300,5,128,32,2,[40; 4; 300; 5; 128; 32; 2],0.0520720380009152,0.3511618708949495,tvm
20,20,20,2,640,80,5,[20; 20; 20; 2; 640; 80; 5],0.043162130503333174,0.4236518001423072,tvm
80,2,375,3,256,64,4,[80; 2; 375; 3; 256; 64; 4],0.08442289050435647,0.21659663838175133,tvm
10,2,6,6,512,16,1,[10; 2; 6; 6; 512; 16; 1],0.14149286004249007,0.1292341838324783,tvm
80,20,100,5,1024,32,2,[80; 20; 100; 5; 1024; 32; 2],0.0587388924905099,0.31130505718453244,tvm
8,1,60,5,2560,16,1,[8; 1; 60; 5; 2560; 16; 1],0.5280312679824419,0.034629983856036196,tvm
40,10,150,15,128,16,1,[40; 10; 150; 15; 128; 16; 1],0.04364638125116471,0.4189514402233823,tvm
16,16,20,4,1280,16,1,[16; 16; 20; 4; 1280; 16; 1],0.0962298410013318,0.19002124596112774,tvm
40,8,100,2,512,64,4,[40; 8; 100; 2; 512; 64; 4],0.06350141350412741,0.2879575945900128,tvm
320,160,10,10,320,16,1,[320; 160; 10; 10; 320; 16; 1],0.08864130399888381,0.2062888682903914,tvm
32,1,30,5,1024,32,2,[32; 1; 30; 5; 1024; 32; 2],0.20080672501353547,0.09106126442967351,tvm
32,1,125,5,160,80,5,[32; 1; 125; 5; 160; 80; 5],0.06579156749648973,0.2779340116298325,tvm
80,4,750,6,5120,64,4,[80; 4; 750; 6; 5120; 64; 4],0.5041924099787138,0.036267333509614474,tvm
40,5,15,3,64,64,4,[40; 5; 15; 3; 64; 64; 4],0.0343928652437171,0.5316717335452221,tvm
4,2,1500,1,160,16,1,[4; 2; 1500; 1; 160; 16; 1],0.09302551849395968,0.1965666473216337,tvm
10,5,1500,2,5120,64,4,[10; 5; 1500; 2; 5120; 64; 4],0.5173675290425308,0.03534376098081542,tvm
32,1,300,12,256,32,2,[32; 1; 300; 12; 256; 32; 2],0.1021836799918674,0.17894945931845097,tvm
64,4,100,1,1024,128,8,[64; 4; 100; 1; 1024; 128; 8],0.09766914800275117,0.18722098697123077,tvm
80,8,6,6,640,64,4,[80; 8; 6; 6; 640; 64; 4],0.03856494250067044,0.4741538065406527,tvm
2,1,12,1,128,64,4,[2; 1; 12; 1; 128; 64; 4],0.07580031247925945,0.24123534175030797,tvm
16,16,12,6,512,16,1,[16; 16; 12; 6; 512; 16; 1],0.07605429200339131,0.2404297483289821,tvm
16,16,750,1,2560,16,1,[16; 16; 750; 1; 2560; 16; 1],0.3796199060161598,0.04816848114633877,tvm
320,10,750,15,2560,16,1,[320; 10; 750; 15; 2560; 16; 1],0.28696699801366776,0.06372061739602325,tvm
40,1,20,20,32,16,1,[40; 1; 20; 20; 32; 16; 1],0.07167366851354018,0.25512457594185867,tvm
2,1,30,1,256,64,4,[2; 1; 30; 1; 256; 64; 4],0.14098953502252698,0.1296955428840349,tvm
2,2,500,2,2560,64,4,[2; 2; 500; 2; 2560; 64; 4],0.5493467139895074,0.03328629046111587,tvm
160,10,12,12,256,16,1,[160; 10; 12; 12; 256; 16; 1],0.04597302951151505,0.3977487339861775,tvm
5,1,60,10,256,32,2,[5; 1; 60; 10; 256; 32; 2],0.12268241797573864,0.14904918396155528,tvm
32,32,300,4,1280,32,2,[32; 32; 300; 4; 1280; 32; 2],0.07701350099523552,0.23743517759107644,tvm
8,2,750,10,2560,32,2,[8; 2; 750; 10; 2560; 32; 2],0.49965008097933605,0.036597040572621316,tvm
160,20,750,25,16,16,1,[160; 20; 750; 25; 16; 16; 1],0.057469576509902254,0.3181807731359145,tvm
128,8,125,5,512,32,2,[128; 8; 125; 5; 512; 32; 2],0.05991516201174818,0.3051934380504357,tvm
8,1,6,2,160,32,2,[8; 1; 6; 2; 160; 32; 2],0.05480604848708026,0.33364409203894496,tvm
10,10,60,1,1280,128,8,[10; 10; 60; 1; 1280; 128; 8],0.1344892560155131,0.13596412700509744,tvm
16,4,3,3,80,80,5,[16; 4; 3; 3; 80; 80; 5],0.05396203399868682,0.3388625841301548,tvm
64,64,50,5,128,64,4,[64; 64; 50; 5; 128; 64; 4],0.03353996000078041,0.5451918930520135,tvm
10,5,1500,20,2560,16,1,[10; 5; 1500; 20; 2560; 16; 1],0.6859181760228239,0.026658739956040806,tvm
8,8,500,1,64,32,2,[8; 8; 500; 1; 64; 32; 2],0.05761553149204701,0.3173747392790842,tvm
40,1,250,2,160,160,10,[40; 1; 250; 2; 160; 160; 10],0.06007572601083666,0.30437774954922475,tvm
10,1,750,2,640,80,5,[10; 1; 750; 2; 640; 80; 5],0.09527063701534644,0.19193441818562396,tvm
128,2,100,20,5120,16,1,[128; 2; 100; 20; 5120; 16; 1],4.21663522295421,0.004336565369983122,tvm
16,1,1500,30,320,16,1,[16; 1; 1500; 30; 320; 16; 1],0.09917111348477192,0.18438548931410478,tvm
2,2,30,2,256,16,1,[2; 2; 30; 2; 256; 16; 1],0.15415984601713717,0.11861528639358888,tvm
5,5,150,2,64,16,1,[5; 5; 150; 2; 64; 16; 1],0.0694324389914982,0.2633598149699641,tvm
160,160,20,20,32,16,1,[160; 160; 20; 20; 32; 16; 1],0.08302190998801962,0.2202516695695508,tvm
32,32,300,20,320,16,1,[32; 32; 300; 20; 320; 16; 1],0.06635846651624888,0.2755596270633643,tvm
40,40,1500,20,512,16,1,[40; 40; 1500; 20; 512; 16; 1],0.3673343950067647,0.04977947759391697,tvm
20,20,500,2,1024,32,2,[20; 20; 500; 2; 1024; 32; 2],0.11530527198920026,0.15858524046868355,tvm
16,1,50,2,1024,16,1,[16; 1; 50; 2; 1024; 16; 1],0.13178076897747815,0.1387585945020505,tvm
40,2,500,1,1024,128,8,[40; 2; 500; 1; 1024; 128; 8],0.10631584195652977,0.17199425738631613,tvm
20,10,300,10,160,32,2,[20; 10; 300; 10; 160; 32; 2],0.042889272241154686,0.4263470404183755,tvm
40,10,300,6,5120,32,2,[40; 10; 300; 6; 5120; 32; 2],0.5434927850146778,0.033644815147307716,tvm
1,1,150,6,2560,32,2,[1; 1; 150; 6; 2560; 32; 2],1.663684182043653,0.010991097038172413,tvm
4,1,4,1,1280,80,5,[4; 1; 4; 1; 1280; 80; 5],0.17322724999394268,0.10555910970331568,tvm
10,10,60,4,1024,64,4,[10; 10; 60; 4; 1024; 64; 4],0.10285823099547997,0.17777589706474575,tvm
8,2,375,1,2560,64,4,[8; 2; 375; 1; 2560; 64; 4],0.27092414698563516,0.06749385202155431,tvm
16,16,6,3,1280,80,5,[16; 16; 6; 3; 1280; 80; 5],0.09450607249164023,0.19348718874474227,tvm
80,8,10,10,640,16,1,[80; 8; 10; 10; 640; 16; 1],0.039627336751436815,0.46144191824981223,tvm
2,1,500,25,160,16,1,[2; 1; 500; 25; 160; 16; 1],0.1415156860020943,0.12921333883399805,tvm
40,2,150,6,512,64,4,[40; 2; 150; 6; 512; 64; 4],0.1268637910252437,0.14413659041669144,tvm
2,1,100,5,640,16,1,[2; 1; 100; 5; 640; 16; 1],0.22689256502781063,0.08059195013055176,tvm
160,80,12,4,2560,32,2,[160; 80; 12; 4; 2560; 32; 2],0.19648449402302504,0.09306441394592428,tvm
32,8,150,1,2560,128,8,[32; 8; 150; 1; 2560; 128; 8],0.2677107400377281,0.06830399961965405,tvm
80,5,750,3,256,64,4,[80; 5; 750; 3; 256; 64; 4],0.054825491475639865,0.33352577046826876,tvm
40,40,50,2,2560,128,8,[40; 40; 50; 2; 2560; 128; 8],0.13583035505143926,0.1346217071934285,tvm
16,1,150,1,128,32,2,[16; 1; 150; 1; 128; 32; 2],0.04339405499922577,0.42138754458509436,tvm
5,5,6,6,64,64,4,[5; 5; 6; 6; 64; 64; 4],0.07196899750852026,0.25407765730722426,tvm
8,4,100,2,1280,16,1,[8; 4; 100; 2; 1280; 16; 1],0.1767858259845525,0.10343427808127609,tvm
128,128,12,6,1280,64,4,[128; 128; 12; 6; 1280; 64; 4],0.11402682797051966,0.1603632637263386,tvm
8,4,1500,1,5120,64,4,[8; 4; 1500; 1; 5120; 64; 4],0.5563349020085298,0.032868177458752944,tvm
4,4,12,6,512,16,1,[4; 4; 12; 6; 512; 16; 1],0.11580451199552044,0.15790157024643062,tvm
80,5,10,10,128,32,2,[80; 5; 10; 10; 128; 32; 2],0.040676818243809976,0.44953649462238676,tvm
20,2,15,1,2560,80,5,[20; 2; 15; 1; 2560; 80; 5],0.3997141690342687,0.045746975469730215,tvm
16,1,100,1,256,32,2,[16; 1; 100; 1; 256; 32; 2],0.06036876101279631,0.3029002745615117,tvm
20,10,500,1,1280,16,1,[20; 10; 500; 1; 1280; 16; 1],0.18131497001741081,0.100850549096737,tvm
32,16,2,2,5120,80,5,[32; 16; 2; 2; 5120; 80; 5],0.3118145260377787,0.05864291993727975,tvm
16,8,750,5,256,16,1,[16; 8; 750; 5; 256; 16; 1],0.08379337750375271,0.21822386005260805,tvm
10,1,20,1,1024,16,1,[10; 1; 20; 1; 1024; 16; 1],0.10877818998415023,0.16810092435237844,tvm
40,8,1500,4,320,32,2,[40; 8; 1500; 4; 320; 32; 2],0.047105986246606335,0.3881823891763151,tvm
128,4,3,3,256,64,4,[128; 4; 3; 3; 256; 64; 4],0.031282126510632224,0.5845419197924191,tvm
32,8,50,5,1024,32,2,[32; 8; 50; 5; 1024; 32; 2],0.08548858598805964,0.21389655793661494,tvm
128,4,250,5,128,64,4,[128; 4; 250; 5; 128; 64; 4],0.046008204750251025,0.39744463808087444,tvm
40,5,1500,6,320,64,4,[40; 5; 1500; 6; 320; 64; 4],0.04651797475526109,0.39308921727393575,tvm
80,4,375,3,320,64,4,[80; 4; 375; 3; 320; 64; 4],0.04582128250331152,0.39906596425782653,tvm
16,4,750,6,256,64,4,[16; 4; 750; 6; 256; 64; 4],0.07150841248221695,0.2557141691582325,tvm
32,2,20,10,256,16,1,[32; 2; 20; 10; 256; 16; 1],0.11210743698757142,0.1631088425270261,tvm
64,32,300,1,256,128,8,[64; 32; 300; 1; 256; 128; 8],0.07039892801549286,0.25974421487909743,tvm
2,2,125,5,80,16,1,[2; 2; 125; 5; 80; 16; 1],0.14334180898731574,0.12756720746654163,tvm
10,10,20,1,512,128,8,[10; 10; 20; 1; 512; 128; 8],0.07984095250139944,0.22902675522807392,tvm
320,10,30,30,2560,16,1,[320; 10; 30; 30; 2560; 16; 1],0.533948847965803,0.03424619110122212,tvm
20,20,250,5,160,16,1,[20; 20; 250; 5; 160; 16; 1],0.05169012400438078,0.35375644067258494,tvm
128,8,10,2,640,64,4,[128; 8; 10; 2; 640; 64; 4],0.035918880748795345,0.5090836324661245,tvm
10,1,1500,30,80,16,1,[10; 1; 1500; 30; 80; 16; 1],0.09242224899935536,0.19784970051791131,tvm
1,1,1500,6,32,16,1,[1; 1; 1500; 6; 32; 16; 1],0.6078964630141854,0.03008031037891988,tvm
160,40,250,10,128,16,1,[160; 40; 250; 10; 128; 16; 1],0.04841695349023212,0.3776717237982216,tvm
20,1,10,5,16,16,1,[20; 1; 10; 5; 16; 16; 1],0.1077015670016408,0.16978132068807977,tvm
16,16,500,2,320,16,1,[16; 16; 500; 2; 320; 16; 1],0.06412642649956979,0.285150994431866,tvm
10,10,10,2,256,32,2,[10; 10; 10; 2; 256; 32; 2],0.05404560299939476,0.338338611670575,tvm
16,2,150,2,512,32,2,[16; 2; 150; 2; 512; 32; 2],0.07740348801598884,0.23623889251524557,tvm
8,2,375,1,1280,160,10,[8; 2; 375; 1; 1280; 160; 10],0.24450772401178256,0.074785834924516,tvm
4,2,20,5,1024,32,2,[4; 2; 20; 5; 1024; 32; 2],0.38754581403918564,0.04718336161377136,tvm
64,32,300,5,1280,32,2,[64; 32; 300; 5; 1280; 32; 2],0.07121746649499983,0.2567588428183994,tvm
4,4,2,1,512,16,1,[4; 4; 2; 1; 512; 16; 1],0.10241975297685713,0.17853698875690655,tvm
4,4,500,1,1280,16,1,[4; 4; 500; 1; 1280; 16; 1],0.2603297659661621,0.07024058204735252,tvm
64,8,1500,25,32,16,1,[64; 8; 1500; 25; 32; 16; 1],0.04112624324625358,0.4446239880512314,tvm
80,5,60,2,160,80,5,[80; 5; 60; 2; 160; 80; 5],0.04755733750062063,0.3844982761172375,tvm
4,2,1,1,640,32,2,[4; 2; 1; 1; 640; 32; 2],0.0780743969953619,0.2342088442489101,tvm
80,80,15,3,128,64,4,[80; 80; 15; 3; 128; 64; 4],0.03428863675799221,0.5332878765281369,tvm
64,16,250,5,1280,80,5,[64; 16; 250; 5; 1280; 80; 5],0.10714171797735617,0.17066848125002881,tvm
2,2,12,3,128,32,2,[2; 2; 12; 3; 128; 32; 2],0.08504850452300161,0.21500336059135364,tvm
5,1,100,4,160,16,1,[5; 1; 100; 4; 160; 16; 1],0.09516328098834492,0.19215094410157865,tvm
5,5,100,1,1280,160,10,[5; 5; 100; 1; 1280; 160; 10],0.1657825790462084,0.11029937156797114,tvm
16,1,6,3,512,64,4,[16; 1; 6; 3; 512; 64; 4],0.11926808097632602,0.15331607699250135,tvm
128,64,25,5,1280,32,2,[128; 64; 25; 5; 1280; 32; 2],0.07046576347784139,0.25949785233597017,tvm
128,4,50,5,5120,64,4,[128; 4; 50; 5; 5120; 64; 4],0.4975387849844992,0.0367523393905542,tvm
40,4,60,2,1280,80,5,[40; 4; 60; 2; 1280; 80; 5],0.124110197997652,0.14733450256892047,tvm
8,4,6,2,1024,64,4,[8; 4; 6; 2; 1024; 64; 4],0.08436941049876623,0.21673393446291397,tvm
4,1,60,2,2560,160,10,[4; 1; 60; 2; 2560; 160; 10],0.4434680289705284,0.04123344433230722,tvm
40,1,750,25,160,16,1,[40; 1; 750; 25; 160; 16; 1],0.07372800397570245,0.24801585964188674,tvm
4,4,1500,5,320,80,5,[4; 4; 1500; 5; 320; 80; 5],0.14352755300933495,0.12740211828543468,tvm
32,8,20,1,2560,128,8,[32; 8; 20; 1; 2560; 128; 8],0.24958919902564958,0.07326324359026096,tvm
10,5,12,12,64,32,2,[10; 5; 12; 12; 64; 32; 2],0.05227443849435076,0.34980221332631634,tvm
32,4,500,4,160,80,5,[32; 4; 500; 4; 160; 80; 5],0.0445706789905671,0.4102633098675535,tvm
160,5,1500,10,320,16,1,[160; 5; 1500; 10; 320; 16; 1],0.0537707970070187,0.3400677561712067,tvm
40,8,150,2,1280,80,5,[40; 8; 150; 2; 1280; 80; 5],0.0993800129799638,0.18399790599142815,tvm
40,20,300,12,2560,16,1,[40; 20; 300; 12; 2560; 16; 1],0.18563720100792125,0.09850242401001308,tvm
8,8,75,3,512,32,2,[8; 8; 75; 3; 512; 32; 2],0.10432184004457667,0.175281746160735,tvm
16,8,375,3,64,32,2,[16; 8; 375; 3; 64; 32; 2],0.05596169948694296,0.3267540916976749,tvm
80,16,12,6,160,32,2,[80; 16; 12; 6; 160; 32; 2],0.029871310252929106,0.6121497226229383,tvm
80,5,30,10,1024,32,2,[80; 5; 30; 10; 1024; 32; 2],0.17909464600961655,0.10210084272833275,tvm
128,64,5,5,2560,32,2,[128; 64; 5; 5; 2560; 32; 2],0.21633673796895891,0.08452431361120927,tvm
10,2,20,1,16,16,1,[10; 2; 20; 1; 16; 16; 1],0.07169824751326814,0.25503711624653613,tvm
16,8,5,1,32,16,1,[16; 8; 5; 1; 32; 16; 1],0.06231792000471614,0.2934262614081222,tvm
20,5,12,2,320,160,10,[20; 5; 12; 2; 320; 160; 10],0.05230394849786535,0.34960485414328846,tvm
20,10,30,1,5120,32,2,[20; 10; 30; 1; 5120; 32; 2],0.4922173079685308,0.03714967757062976,tvm
160,10,60,10,2560,32,2,[160; 10; 60; 10; 2560; 32; 2],0.16746603697538376,0.1091905834518682,tvm
80,16,150,25,128,16,1,[80; 16; 150; 25; 128; 16; 1],0.06054849750944413,0.3020011236919983,tvm
4,1,30,5,1024,32,2,[4; 1; 30; 5; 1024; 32; 2],0.38901646801969036,0.04700498767776778,tvm
256,32,100,25,16,16,1,[256; 32; 100; 25; 16; 16; 1],0.07350393751403317,0.24877190126342863,tvm
256,64,375,25,2560,16,1,[256; 64; 375; 25; 2560; 16; 1],1.287193481985014,0.014205878557989137,tvm
4,1,60,4,320,32,2,[4; 1; 60; 4; 320; 32; 2],0.08743360001244582,0.20913829789819233,tvm
320,40,100,20,16,16,1,[320; 40; 100; 20; 16; 16; 1],0.10129432898247615,0.18052061225340368,tvm
20,1,500,1,128,128,8,[20; 1; 500; 1; 128; 128; 8],0.06449368750327267,0.2835271945767777,tvm
64,16,12,6,256,64,4,[64; 16; 12; 6; 256; 64; 4],0.035481261991662905,0.515362567712809,tvm
10,1,25,5,320,80,5,[10; 1; 25; 5; 320; 80; 5],0.07309898949461058,0.25015002823072474,tvm
8,4,6,3,160,32,2,[8; 4; 6; 3; 160; 32; 2],0.056318643502891064,0.32468314484129235,tvm
64,8,15,5,2560,32,2,[64; 8; 15; 5; 2560; 32; 2],0.15048772899899632,0.12150966997339858,tvm
20,1,20,2,320,80,5,[20; 1; 20; 2; 320; 80; 5],0.07994983097887598,0.22871485857857116,tvm
256,64,750,25,128,16,1,[256; 64; 750; 25; 128; 16; 1],0.10766433196840808,0.16984003849185503,tvm
20,1,500,4,2560,32,2,[20; 1; 500; 4; 2560; 32; 2],0.38529260200448334,0.04745929247170313,tvm
20,4,300,2,256,64,4,[20; 4; 300; 2; 256; 64; 4],0.05554189402027987,0.32922381579277205,tvm
80,5,150,5,64,64,4,[80; 5; 150; 5; 64; 64; 4],0.038571889002923854,0.4740684150659093,tvm
2,1,375,5,256,64,4,[2; 1; 375; 5; 256; 64; 4],0.18326123000588268,0.09977950210815084,tvm
64,8,30,5,2560,64,4,[64; 8; 30; 5; 2560; 64; 4],0.15544384100940078,0.1176355021014208,tvm
20,2,150,1,2560,160,10,[20; 2; 150; 1; 2560; 160; 10],0.4214750740211457,0.04338504318003128,tvm
4,2,150,3,1280,80,5,[4; 2; 150; 3; 1280; 80; 5],0.27657326200278476,0.0661152641918443,tvm
20,1,375,5,5120,64,4,[20; 1; 375; 5; 5120; 64; 4],0.8849516150075942,0.020662953743021722,tvm
20,4,375,1,640,32,2,[20; 4; 375; 1; 640; 32; 2],0.06422443149494939,0.28471586061687876,tvm
16,2,500,2,1280,80,5,[16; 2; 500; 2; 1280; 80; 5],0.19179083296330646,0.09534196188205055,tvm
40,40,250,10,512,32,2,[40; 40; 250; 10; 512; 32; 2],0.08673236399772577,0.21082919273587147,tvm
64,16,12,3,1280,64,4,[64; 16; 12; 3; 1280; 64; 4],0.06391162352520041,0.2861093691119302,tvm
80,80,30,15,80,16,1,[80; 80; 30; 15; 80; 16; 1],0.06055856650345959,0.3019509103583167,tvm
256,2,300,20,1024,16,1,[256; 2; 300; 20; 1024; 16; 1],0.8548863980104215,0.021389642329402665,tvm
2,2,750,1,640,80,5,[2; 2; 750; 1; 640; 80; 5],0.1517033989657648,0.12053595641479899,tvm
80,10,12,2,1280,64,4,[80; 10; 12; 2; 1280; 64; 4],0.07154827451449819,0.2555717019004974,tvm
64,64,100,2,1024,64,4,[64; 64; 100; 2; 1024; 64; 4],0.04883086174959317,0.3744704400156656,tvm
256,1,150,25,64,16,1,[256; 1; 150; 25; 64; 16; 1],0.08506520849186927,0.21496114110461598,tvm
80,8,75,5,64,32,2,[80; 8; 75; 5; 64; 32; 2],0.03862096650118474,0.4734659937926036,tvm
10,1,5,5,320,16,1,[10; 1; 5; 5; 320; 16; 1],0.08541085050092079,0.21409123288752585,tvm
8,4,20,20,16,16,1,[8; 4; 20; 20; 16; 16; 1],0.07161527147400193,0.25533261145777325,tvm
128,1,30,10,80,16,1,[128; 1; 30; 10; 80; 16; 1],0.07699160650372505,0.23750269823022302,tvm
128,2,300,15,128,16,1,[128; 2; 300; 15; 128; 16; 1],0.08390231500379741,0.21794052148485626,tvm
80,8,750,5,1280,80,5,[80; 8; 750; 5; 1280; 80; 5],0.07728980347746983,0.23658637314357536,tvm
40,8,150,15,128,16,1,[40; 8; 150; 15; 128; 16; 1],0.04596560201025568,0.3978130055086507,tvm
5,1,2,2,5120,128,8,[5; 1; 2; 2; 5120; 128; 8],0.6089691739762202,0.030027323331194317,tvm
16,8,25,1,320,80,5,[16; 8; 25; 1; 320; 80; 5],0.049319687255774625,0.37075892616438466,tvm
20,1,50,5,640,80,5,[20; 1; 50; 5; 640; 80; 5],0.07198454099125229,0.25402279481001905,tvm
80,2,12,2,5120,80,5,[80; 2; 12; 2; 5120; 80; 5],0.8580669850343838,0.02131035758820339,tvm
160,8,300,20,1024,16,1,[160; 8; 300; 20; 1024; 16; 1],0.1971963300020434,0.09272847159744203,tvm
2,1,60,10,64,16,1,[2; 1; 60; 10; 64; 16; 1],0.1545053460285999,0.11835004260842527,tvm
20,1,50,2,512,32,2,[20; 1; 50; 2; 512; 32; 2],0.12947339803213254,0.141231438763785,tvm
8,4,6,3,5120,64,4,[8; 4; 6; 3; 5120; 64; 4],0.45435448398347944,0.04024547997281164,tvm
256,16,5,5,1024,32,2,[256; 16; 5; 5; 1024; 32; 2],0.06996584052103572,0.2613520276400676,tvm
8,1,20,1,256,32,2,[8; 1; 20; 1; 256; 32; 2],0.05642728699604049,0.3240580091507394,tvm
10,5,20,4,1280,16,1,[10; 5; 20; 4; 1280; 16; 1],0.11869316099910066,0.15405870171283786,tvm
64,8,300,30,320,16,1,[64; 8; 300; 30; 320; 16; 1],0.04570985400641803,0.4000387812034321,tvm
2,2,12,6,5120,16,1,[2; 2; 12; 6; 5120; 16; 1],2.2843086720095016,0.008004922675195371,tvm
16,16,1500,3,1024,64,4,[16; 16; 1500; 3; 1024; 64; 4],0.08773472948814742,0.2084204783259132,tvm
10,10,60,3,64,64,4,[10; 10; 60; 3; 64; 64; 4],0.05216607399052009,0.35052885691641794,tvm
5,5,375,3,128,16,1,[5; 5; 375; 3; 128; 16; 1],0.07263040100224316,0.25176391749715854,tvm
20,10,20,10,5120,32,2,[20; 10; 20; 10; 5120; 32; 2],0.5549370900262147,0.032950967982425694,tvm
2,1,1500,4,640,64,4,[2; 1; 1500; 4; 640; 64; 4],0.19828912697266787,0.09221743302261241,tvm
20,10,375,1,80,80,5,[20; 10; 375; 1; 80; 80; 5],0.04409812649828382,0.4146596632949003,tvm
80,80,3,3,64,64,4,[80; 80; 3; 3; 64; 64; 4],0.028054704249370843,0.6517878115262742,tvm
4,4,500,1,640,160,10,[4; 4; 500; 1; 640; 160; 10],0.1027507099788636,0.1779619263893725,tvm
20,4,1500,6,1280,16,1,[20; 4; 1500; 6; 1280; 16; 1],0.20285053696716204,0.09014378053470189,tvm
10,5,1500,3,128,32,2,[10; 5; 1500; 3; 128; 32; 2],0.04831784250563942,0.3784464151846198,tvm
16,16,1500,1,5120,64,4,[16; 16; 1500; 1; 5120; 64; 4],0.5058420510031283,0.0361490592754243,tvm
8,8,250,1,1280,16,1,[8; 8; 250; 1; 1280; 16; 1],0.21014263801043853,0.08701572636014006,tvm
40,4,375,3,2560,64,4,[40; 4; 375; 3; 2560; 64; 4],0.2062129499972798,0.08867393772290004,tvm
40,5,60,12,5120,16,1,[40; 5; 60; 12; 5120; 16; 1],1.5136165730073117,0.01208081003591519,tvm
16,8,500,5,32,16,1,[16; 8; 500; 5; 32; 16; 1],0.05993938050232828,0.3050701247238283,tvm
40,2,150,5,5120,64,4,[40; 2; 150; 5; 5120; 64; 4],0.7955643910099752,0.02298458112548304,tvm
64,16,5,1,512,128,8,[64; 16; 5; 1; 512; 128; 8],0.0931836350064259,0.19623310771739386,tvm
20,20,250,1,5120,64,4,[20; 20; 250; 1; 5120; 64; 4],0.5173202509758994,0.035346991058670486,tvm
20,1,5,1,640,80,5,[20; 1; 5; 1; 640; 80; 5],0.10889060597401112,0.16792738108261177,tvm
20,4,100,1,640,64,4,[20; 4; 100; 1; 640; 64; 4],0.06230176650569774,0.29350234048406937,tvm
128,16,125,25,256,16,1,[128; 16; 125; 25; 256; 16; 1],0.08026304648956284,0.2278223302686636,tvm
20,10,60,4,640,16,1,[20; 10; 60; 4; 640; 16; 1],0.07436861298629083,0.24587945843611594,tvm
8,4,250,2,160,16,1,[8; 4; 250; 2; 160; 16; 1],0.06669688047259115,0.2741614623674752,tvm
5,1,3,1,64,64,4,[5; 1; 3; 1; 64; 64; 4],0.05543762099114247,0.3298430552897622,tvm
2,1,60,4,256,32,2,[2; 1; 60; 4; 256; 32; 2],0.16277829400496557,0.11233508986865583,tvm
8,1,300,3,1024,32,2,[8; 1; 300; 3; 1024; 32; 2],0.23341637599514797,0.07833946614822943,tvm
10,1,10,2,256,128,8,[10; 1; 10; 2; 256; 128; 8],0.06578289149911143,0.2779706678895573,tvm
4,4,150,10,5120,32,2,[4; 4; 150; 10; 5120; 32; 2],1.7395998740103096,0.010511448384713965,tvm
20,4,300,25,2560,16,1,[20; 4; 300; 25; 2560; 16; 1],0.7898702119709924,0.02315027710702657,tvm
16,16,75,5,320,64,4,[16; 16; 75; 5; 320; 64; 4],0.03743246525118593,0.48849879811576025,tvm
160,1,10,5,1280,32,2,[160; 1; 10; 5; 1280; 32; 2],0.17749464401276782,0.10302121727345717,tvm
4,4,1500,30,256,16,1,[4; 4; 1500; 30; 256; 16; 1],0.20717736601363868,0.08826115824114938,tvm
20,1,250,1,2560,16,1,[20; 1; 250; 1; 2560; 16; 1],0.3176229959935881,0.0575704987244797,tvm
2,1,100,4,512,64,4,[2; 1; 100; 4; 512; 64; 4],0.2071019089780748,0.08829331596190229,tvm
256,1,750,25,64,16,1,[256; 1; 750; 25; 64; 16; 1],0.08474400051636621,0.21577591539572,tvm
80,2,375,15,512,16,1,[80; 2; 375; 15; 512; 16; 1],0.23968761699507013,0.07628977464484694,tvm
16,2,75,5,80,80,5,[16; 2; 75; 5; 80; 80; 5],0.07069811798282899,0.2586449937769982,tvm
20,4,60,15,5120,16,1,[20; 4; 60; 15; 5120; 16; 1],2.01811986498069,0.00906076720368106,tvm
160,5,1500,30,256,16,1,[160; 5; 1500; 30; 256; 16; 1],0.08248232249752618,0.2216925243134699,tvm
128,16,75,5,2560,64,4,[128; 16; 75; 5; 2560; 64; 4],0.12770750804338604,0.14318433243174775,tvm
40,5,20,5,256,32,2,[40; 5; 20; 5; 256; 32; 2],0.05836021251161583,0.31332501200325064,tvm
64,1,750,25,640,16,1,[64; 1; 750; 25; 640; 16; 1],0.09625674251583405,0.18996813945481608,tvm
16,1,6,1,640,80,5,[16; 1; 6; 1; 640; 80; 5],0.11167294101323932,0.16374346479821314,tvm
8,1,750,2,640,128,8,[8; 1; 750; 2; 640; 128; 8],0.07918336198781617,0.23092874344648165,tvm
80,80,50,10,160,16,1,[80; 80; 50; 10; 160; 16; 1],0.06348723699920811,0.28802189463596234,tvm
40,2,125,1,5120,128,8,[40; 2; 125; 1; 5120; 128; 8],0.5371508249663748,0.03404204822148222,tvm
64,8,375,25,160,16,1,[64; 8; 375; 25; 160; 16; 1],0.04021197599649895,0.4547330448845968,tvm
2,1,100,1,160,16,1,[2; 1; 100; 1; 160; 16; 1],0.1240794769837521,0.14737098132762727,tvm
64,8,12,4,128,64,4,[64; 8; 12; 4; 128; 64; 4],0.03650899149943143,0.500855091710738,tvm
16,16,20,2,640,64,4,[16; 16; 20; 2; 640; 64; 4],0.045776505750836805,0.3994563146703267,tvm
10,1,500,5,640,64,4,[10; 1; 500; 5; 640; 64; 4],0.09027147898450494,0.2025635836635957,tvm
80,20,300,5,1024,32,2,[80; 20; 300; 5; 1024; 32; 2],0.06065021100221202,0.30149465242664,tvm
40,2,300,2,2560,160,10,[40; 2; 300; 2; 2560; 160; 10],0.29165556898806244,0.06269626309265751,tvm
40,5,30,6,512,64,4,[40; 5; 30; 6; 512; 64; 4],0.07381298849941231,0.24773030678550395,tvm
80,40,5,5,320,64,4,[80; 40; 5; 5; 320; 64; 4],0.025701561753521673,0.7114631578063051,tvm
128,32,50,5,1024,32,2,[128; 32; 50; 5; 1024; 32; 2],0.05852522701025009,0.31244157809950457,tvm
256,2,30,10,1280,32,2,[256; 2; 30; 10; 1280; 32; 2],0.16994554200209677,0.1075974931162871,tvm
80,10,25,5,640,32,2,[80; 10; 25; 5; 640; 32; 2],0.03542774175002705,0.5161411194293897,tvm
128,16,1500,12,2560,32,2,[128; 16; 1500; 12; 2560; 32; 2],0.14688339200802147,0.12449136717046733,tvm
160,5,20,5,320,32,2,[160; 5; 20; 5; 320; 32; 2],0.04262245348945726,0.4290159948262315,tvm
4,4,250,1,1024,32,2,[4; 4; 250; 1; 1024; 32; 2],0.2014837019960396,0.09075530231260946,tvm
64,64,15,3,5120,80,5,[64; 64; 15; 3; 5120; 80; 5],0.7885978790000081,0.023187628032808973,tvm
8,2,60,12,512,16,1,[8; 2; 60; 12; 512; 16; 1],0.2570019129780121,0.07115010963859529,tvm
1,1,500,2,1024,64,4,[1; 1; 500; 2; 1024; 64; 4],0.6958361300057732,0.026278765210944962,tvm
64,64,50,2,256,128,8,[64; 64; 50; 2; 256; 128; 8],0.03909655949973967,0.46770648158531813,tvm
20,2,100,2,128,32,2,[20; 2; 100; 2; 128; 32; 2],0.040093876246828586,0.45607249778351583,tvm
8,1,10,2,320,80,5,[8; 1; 10; 2; 320; 80; 5],0.08164419350214303,0.223968337506259,tvm
20,1,1500,12,1024,32,2,[20; 1; 1500; 12; 1024; 32; 2],0.4839585110312328,0.03778364026856467,tvm
128,16,12,6,128,32,2,[128; 16; 12; 6; 128; 32; 2],0.03045790473697707,0.6003602166210312,tvm
80,20,125,25,64,16,1,[80; 20; 125; 25; 64; 16; 1],0.057858979009324685,0.31603935290263796,tvm
40,2,300,2,80,80,5,[40; 2; 300; 2; 80; 80; 5],0.074692578491522,0.2448130009032934,tvm
80,16,300,6,256,32,2,[80; 16; 300; 6; 256; 32; 2],0.037970264253090136,0.48157985321964514,tvm
10,5,1500,12,256,16,1,[10; 5; 1500; 12; 256; 16; 1],0.15825956303160638,0.11554255512548335,tvm
80,8,1500,10,16,16,1,[80; 8; 1500; 10; 16; 16; 1],0.0416399264940992,0.43913896649902967,tvm
16,2,750,10,128,16,1,[16; 2; 750; 10; 128; 16; 1],0.09174692048691213,0.19930602780638046,tvm
64,2,750,3,80,80,5,[64; 2; 750; 3; 80; 80; 5],0.06523701851256192,0.2802965969726717,tvm
4,4,20,4,2560,64,4,[4; 4; 20; 4; 2560; 64; 4],0.27567959600128233,0.0663295889537985,tvm
64,1,12,1,1280,128,8,[64; 1; 12; 1; 1280; 128; 8],0.11842936498578638,0.15440186044997284,tvm
32,32,25,5,160,80,5,[32; 32; 25; 5; 160; 80; 5],0.05711462799808942,0.3201581613439901,tvm
16,4,10,5,1280,16,1,[16; 4; 10; 5; 1280; 16; 1],0.1252460479736328,0.14599833353275826,tvm
10,5,2,1,16,16,1,[10; 5; 2; 1; 16; 16; 1],0.06999527747393586,0.26124211440583744,tvm
16,2,20,5,320,32,2,[16; 2; 20; 5; 320; 32; 2],0.07405323599232361,0.2469266067941959,tvm
16,2,500,2,512,128,8,[16; 2; 500; 2; 512; 128; 8],0.08082062751054764,0.22625058538833887,tvm
8,1,150,1,128,64,4,[8; 1; 150; 1; 128; 64; 4],0.04494665650418028,0.40683146885494403,tvm
20,4,2,2,512,128,8,[20; 4; 2; 2; 512; 128; 8],0.06765075749717653,0.2702957803019051,tvm
64,4,500,25,80,16,1,[64; 4; 500; 25; 80; 16; 1],0.04992083275283221,0.36629425587210107,tvm
32,2,20,2,1280,64,4,[32; 2; 20; 2; 1280; 64; 4],0.08203969549504109,0.22288861721603503,tvm
20,2,1,1,5120,32,2,[20; 2; 1; 1; 5120; 32; 2],0.6203418189543299,0.02947683636182602,tvm
320,16,300,12,1280,16,1,[320; 16; 300; 12; 1280; 16; 1],0.10915052401833236,0.16752749883860488,tvm
5,1,500,1,640,32,2,[5; 1; 500; 1; 640; 32; 2],0.08606083650374785,0.21247428015550332,tvm
32,8,60,5,2560,32,2,[32; 8; 60; 5; 2560; 32; 2],0.18832145899068564,0.09709841025933585,tvm
8,2,12,1,5120,128,8,[8; 2; 12; 1; 5120; 128; 8],0.40630001202225685,0.045005448547002766,tvm
16,16,150,2,5120,16,1,[16; 16; 150; 2; 5120; 16; 1],0.6680079720099457,0.027373497101681354,tvm
40,10,1500,1,1280,160,10,[40; 10; 1500; 1; 1280; 160; 10],0.1340746299829334,0.1363845963105914,tvm
160,32,125,5,32,32,2,[160; 32; 125; 5; 32; 32; 2],0.03197652424569242,0.5718480890923462,tvm
256,2,250,10,128,32,2,[256; 2; 250; 10; 128; 32; 2],0.071555171511136,0.25554706808114513,tvm
8,8,250,1,2560,16,1,[8; 8; 250; 1; 2560; 16; 1],0.36093661800259724,0.050661843031905136,tvm
64,1,30,10,160,16,1,[64; 1; 30; 10; 160; 16; 1],0.07921988848829642,0.2308222674210875,tvm
128,16,750,10,640,32,2,[128; 16; 750; 10; 640; 32; 2],0.0323116827494232,0.565916496132988,tvm
20,5,500,2,512,128,8,[20; 5; 500; 2; 512; 128; 8],0.07443564551067539,0.24565803332882755,tvm
32,1,75,15,1024,16,1,[32; 1; 75; 15; 1024; 16; 1],0.8311190409585834,0.022001317963578588,tvm
64,1,375,25,320,16,1,[64; 1; 375; 25; 320; 16; 1],0.08096603350713849,0.22584426448533013,tvm
128,128,300,6,512,64,4,[128; 128; 300; 6; 512; 64; 4],0.10452933702617884,0.17493380141820591,tvm
16,1,25,1,1280,16,1,[16; 1; 25; 1; 1280; 16; 1],0.13048298202920705,0.1401386908955012,tvm
80,16,1500,5,1024,64,4,[80; 16; 1500; 5; 1024; 64; 4],0.055049314483767375,0.33216970015323755,tvm
80,80,250,2,640,80,5,[80; 80; 250; 2; 640; 80; 5],0.06806058849906549,0.2686681777070641,tvm
32,16,12,12,160,32,2,[32; 16; 12; 12; 160; 32; 2],0.03084427324938588,0.5928398486768808,tvm
10,1,1500,25,1024,16,1,[10; 1; 1500; 25; 1024; 16; 1],0.8656040569767356,0.021124801967287617,tvm
64,1,60,10,256,16,1,[64; 1; 60; 10; 256; 16; 1],0.1105568110360764,0.16539654241426496,tvm
20,2,60,1,1024,64,4,[20; 2; 60; 1; 1024; 64; 4],0.09904917550738901,0.18461248356731838,tvm
2,2,150,3,64,64,4,[2; 2; 150; 3; 64; 64; 4],0.13916934502776712,0.13139182542007305,tvm
10,5,60,4,640,80,5,[10; 5; 60; 4; 640; 80; 5],0.06728761200793087,0.2717545435192296,tvm
160,32,1500,12,32,16,1,[160; 32; 1500; 12; 32; 16; 1],0.05047835651203059,0.3622486061200551,tvm
16,16,30,5,640,80,5,[16; 16; 30; 5; 640; 80; 5],0.06384343749959953,0.2864149394497906,tvm
4,4,12,1,5120,128,8,[4; 4; 12; 1; 5120; 128; 8],0.6022427089628763,0.030362699313046332,tvm
160,8,75,25,640,16,1,[160; 8; 75; 25; 640; 16; 1],0.04859221949300263,0.37630950955733694,tvm
16,2,30,2,32,32,2,[16; 2; 30; 2; 32; 32; 2],0.047106906000408344,0.38817480998552056,tvm
8,8,4,1,5120,16,1,[8; 8; 4; 1; 5120; 16; 1],0.36125603097025305,0.050617049178675134,tvm
80,20,75,25,5120,16,1,[80; 20; 75; 25; 5120; 16; 1],2.556871156033594,0.007151597859189912,tvm
20,10,30,1,1280,80,5,[20; 10; 30; 1; 1280; 80; 5],0.15402701398124918,0.11871757955354727,tvm
16,4,60,10,5120,16,1,[16; 4; 60; 10; 5120; 16; 1],1.8049980500363745,0.010130600576186657,tvm
320,80,250,10,32,16,1,[320; 80; 250; 10; 32; 16; 1],0.09293076398898847,0.19676707153597697,tvm
160,1,60,20,1280,16,1,[160; 1; 60; 20; 1280; 16; 1],0.23321525397477672,0.0784070251583628,tvm
2,2,4,2,32,16,1,[2; 2; 4; 2; 32; 16; 1],0.09139897598652169,0.20006476099262668,tvm
5,1,1500,5,256,16,1,[5; 1; 1500; 5; 256; 16; 1],0.22149885795079172,0.08255444048283378,tvm
128,2,1500,20,64,16,1,[128; 2; 1500; 20; 64; 16; 1],0.07532403100049123,0.24276069725470528,tvm
80,80,6,6,256,32,2,[80; 80; 6; 6; 256; 32; 2],0.058938628499163315,0.31025008133628135,tvm
80,40,20,5,512,32,2,[80; 40; 20; 5; 512; 32; 2],0.0466376402619062,0.39208060663073746,tvm
40,2,20,10,64,32,2,[40; 2; 20; 10; 64; 32; 2],0.0667635940189939,0.27388750642321763,tvm
80,20,5,5,5120,32,2,[80; 20; 5; 5; 5120; 32; 2],0.4711910560145043,0.038807430769975,tvm
20,5,250,1,2560,128,8,[20; 5; 250; 1; 2560; 128; 8],0.3125932639813982,0.05849682764374102,tvm
20,4,150,2,64,32,2,[20; 4; 150; 2; 64; 32; 2],0.03989561724301893,0.4583389241562363,tvm
10,5,250,5,2560,16,1,[10; 5; 250; 5; 2560; 16; 1],0.32999089802615345,0.0554127837921913,tvm
128,2,1500,5,320,32,2,[128; 2; 1500; 5; 320; 32; 2],0.062118648522300646,0.2943675485655439,tvm
8,2,20,1,256,64,4,[8; 2; 20; 1; 256; 64; 4],0.05985505701391958,0.3054999059053917,tvm
4,1,1500,2,5120,32,2,[4; 1; 1500; 2; 5120; 32; 2],1.1837519179680385,0.015447252087331364,tvm
20,2,25,1,1280,32,2,[20; 2; 25; 1; 1280; 32; 2],0.0957741564780008,0.19092534936514416,tvm
10,1,75,1,1024,128,8,[10; 1; 75; 1; 1024; 128; 8],0.11055069701978937,0.1654056896849869,tvm
128,1,10,5,1024,32,2,[128; 1; 10; 5; 1024; 32; 2],0.1966897969832644,0.09296727418591089,tvm
20,5,10,5,32,16,1,[20; 5; 10; 5; 32; 16; 1],0.06108806698466651,0.29933365366273773,tvm
40,10,750,10,2560,32,2,[40; 10; 750; 10; 2560; 32; 2],0.1693308050162159,0.10798811405853273,tvm
10,2,1500,6,64,32,2,[10; 2; 1500; 6; 64; 32; 2],0.07164705797913484,0.25521933211883563,tvm
40,8,75,5,320,80,5,[40; 8; 75; 5; 320; 80; 5],0.03708033500879537,0.493137785334921,tvm
64,4,60,3,320,64,4,[64; 4; 60; 3; 320; 64; 4],0.045050588247249834,0.40589290833134817,tvm
20,1,750,1,256,64,4,[20; 1; 750; 1; 256; 64; 4],0.09273988148197532,0.19717206873149015,tvm
16,2,125,1,512,64,4,[16; 2; 125; 1; 512; 64; 4],0.08119307601009496,0.22521272975839435,tvm
4,4,20,1,1280,128,8,[4; 4; 20; 1; 1280; 128; 8],0.1543019349919632,0.1185060594779106,tvm
4,2,20,1,128,64,4,[4; 2; 20; 1; 128; 64; 4],0.059001007000915706,0.309922071083134,tvm
20,5,75,15,64,16,1,[20; 5; 75; 15; 64; 16; 1],0.05536017849226482,0.3303044676467084,tvm
80,5,60,12,512,16,1,[80; 5; 60; 12; 512; 16; 1],0.10913718701340258,0.16754797137540947,tvm
80,4,25,5,160,32,2,[80; 4; 25; 5; 160; 32; 2],0.04834155050048139,0.3782608148973665,tvm
64,16,10,2,512,64,4,[64; 16; 10; 2; 512; 64; 4],0.057727006991626695,0.31676186309757287,tvm
2,1,500,2,5120,160,10,[2; 1; 500; 2; 5120; 160; 10],1.3175811889814213,0.013878244800876651,tvm
128,4,75,3,320,64,4,[128; 4; 75; 3; 320; 64; 4],0.04435536474920809,0.41225485099952325,tvm
80,40,15,3,1280,64,4,[80; 40; 15; 3; 1280; 64; 4],0.05628888399223797,0.3248548023839986,tvm
2,1,750,2,160,160,10,[2; 1; 750; 2; 160; 160; 10],0.09195058050681837,0.1988645877483977,tvm
10,2,75,1,128,128,8,[10; 2; 75; 1; 128; 128; 8],0.041232036252040416,0.4434831734707111,tvm
32,32,6,2,2560,80,5,[32; 32; 6; 2; 2560; 80; 5],0.19937242497690022,0.09171636593091002,tvm
160,40,750,10,1280,16,1,[160; 40; 750; 10; 1280; 16; 1],0.11290865298360586,0.16195139878578962,tvm
80,80,30,5,64,64,4,[80; 80; 30; 5; 64; 64; 4],0.03738701400288846,0.489092664214948,tvm
128,4,1500,3,1024,64,4,[128; 4; 1500; 3; 1024; 64; 4],0.05025502949138172,0.3638583932947472,tvm
4,4,300,1,2560,32,2,[4; 4; 300; 1; 2560; 32; 2],0.36678267997922376,0.049854355954730666,tvm
10,2,750,2,16,16,1,[10; 2; 750; 2; 16; 16; 1],0.07396436200360768,0.2472233085012264,tvm
1,1,1500,5,1280,32,2,[1; 1; 1500; 5; 1280; 32; 2],0.8265785630210303,0.02212217338286942,tvm
1,1,125,1,256,128,8,[1; 1; 125; 1; 256; 128; 8],0.27626008400693536,0.0661902147443611,tvm
5,5,100,25,64,16,1,[5; 5; 100; 25; 64; 16; 1],0.07851816600305028,0.2328851425924024,tvm
20,10,25,1,256,64,4,[20; 10; 25; 1; 256; 64; 4],0.04896344625740312,0.3734564391073585,tvm
5,5,6,6,64,32,2,[5; 5; 6; 6; 64; 32; 2],0.059095623990288004,0.30942586017400253,tvm
64,32,75,15,5120,16,1,[64; 32; 75; 15; 5120; 16; 1],2.1155320440302603,0.008643553444304496,tvm
5,1,20,4,5120,64,4,[5; 1; 20; 4; 5120; 64; 4],0.8958841390558518,0.020410802567601107,tvm
20,4,30,5,2560,64,4,[20; 4; 30; 5; 2560; 64; 4],0.20929991197772324,0.08736608684126212,tvm
80,8,100,10,80,16,1,[80; 8; 100; 10; 80; 16; 1],0.042480799500481226,0.4304465664660371,tvm
16,4,500,5,640,80,5,[16; 4; 500; 5; 640; 80; 5],0.06335029148613103,0.2886445169667055,tvm
8,1,150,3,80,80,5,[8; 1; 150; 3; 80; 80; 5],0.06547682450036518,0.2792700230233722,tvm
32,32,15,5,2560,80,5,[32; 32; 15; 5; 2560; 80; 5],0.26257127500139177,0.06964095476787155,tvm
256,128,60,30,32,16,1,[256; 128; 60; 30; 32; 16; 1],0.11298373702447861,0.1618437729825893,tvm
5,1,300,1,128,32,2,[5; 1; 300; 1; 128; 32; 2],0.053284961002646014,0.343168390135563,tvm
4,2,2,1,64,32,2,[4; 2; 2; 1; 64; 32; 2],0.05197840751498006,0.35179443080175904,tvm
64,16,30,10,1280,16,1,[64; 16; 30; 10; 1280; 16; 1],0.0741070054937154,0.24674744531763593,tvm
2,2,30,2,320,16,1,[2; 2; 30; 2; 320; 16; 1],0.13160260202130303,0.1389464494231984,tvm
4,1,20,5,5120,32,2,[4; 1; 20; 5; 5120; 32; 2],1.6533791659749113,0.011059601246960286,tvm
2,2,20,20,1024,16,1,[2; 2; 20; 20; 1024; 16; 1],0.7293079849914648,0.025072691732462366,tvm
32,2,150,1,128,128,8,[32; 2; 150; 1; 128; 128; 8],0.06078262100345455,0.3008378708228957,tvm
160,10,30,10,32,32,2,[160; 10; 30; 10; 32; 32; 2],0.03534974575450178,0.5172799378164016,tvm
8,1,15,5,640,16,1,[8; 1; 15; 5; 640; 16; 1],0.11183290899498388,0.16350924294148933,tvm
160,10,12,4,640,32,2,[160; 10; 12; 4; 640; 32; 2],0.03799194500606973,0.4813050314426623,tvm
5,5,100,2,160,32,2,[5; 5; 100; 2; 160; 32; 2],0.04939451774407644,0.37019724295024975,tvm
80,20,150,15,80,16,1,[80; 20; 150; 15; 80; 16; 1],0.038102407241240144,0.47990968575661913,tvm
64,64,750,30,16,16,1,[64; 64; 750; 30; 16; 16; 1],0.08063097400008701,0.2267827533088532,tvm
4,4,10,1,1280,16,1,[4; 4; 10; 1; 1280; 16; 1],0.13487419800367206,0.1355760742704579,tvm
32,8,20,2,1280,64,4,[32; 8; 20; 2; 1280; 64; 4],0.08153010602109134,0.22428174300403686,tvm
4,4,5,5,640,32,2,[4; 4; 5; 5; 640; 32; 2],0.07492180849658325,0.24406397352979262,tvm
10,5,300,3,1280,32,2,[10; 5; 300; 3; 1280; 32; 2],0.15406863600946963,0.11868550770184257,tvm
80,20,4,2,320,64,4,[80; 20; 4; 2; 320; 64; 4],0.035540611745091155,0.514501956715472,tvm
64,1,750,2,2560,64,4,[64; 1; 750; 2; 2560; 64; 4],0.15967653703410178,0.11451722729814115,tvm
20,1,150,6,16,16,1,[20; 1; 150; 6; 16; 16; 1],0.08975904100225307,0.20372002732577424,tvm
64,4,60,30,1024,16,1,[64; 4; 60; 30; 1024; 16; 1],0.41688156803138554,0.04386309131407225,tvm
16,4,250,5,1024,64,4,[16; 4; 250; 5; 1024; 64; 4],0.12045693898107857,0.15180291347588218,tvm
16,2,250,5,256,32,2,[16; 2; 250; 5; 256; 32; 2],0.0925492834940087,0.1975781291369807,tvm
10,1,5,5,640,64,4,[10; 1; 5; 5; 640; 64; 4],0.06515114801004529,0.28066603343497365,tvm
16,2,60,2,256,32,2,[16; 2; 60; 2; 256; 32; 2],0.049772172249504365,0.36738831076227296,tvm
4,2,1500,3,512,64,4,[4; 2; 1500; 3; 512; 64; 4],0.14356714399764314,0.12736698506738056,tvm
32,1,250,5,1280,64,4,[32; 1; 250; 5; 1280; 64; 4],0.14788243098882958,0.12365034956110177,tvm
5,5,150,1,2560,80,5,[5; 5; 150; 1; 2560; 80; 5],0.34011082199867815,0.05376398839136426,tvm
4,1,750,5,32,32,2,[4; 1; 750; 5; 32; 32; 2],0.07963924048817717,0.22960683921174374,tvm
20,2,50,2,256,32,2,[20; 2; 50; 2; 256; 32; 2],0.05142944201361388,0.35554953679788864,tvm
160,2,12,12,1280,16,1,[160; 2; 12; 12; 1280; 16; 1],0.1960056530078873,0.09329176993164817,tvm
20,5,4,2,320,32,2,[20; 5; 4; 2; 320; 32; 2],0.05654631651123054,0.32337586979839084,tvm
20,2,250,1,160,80,5,[20; 2; 250; 1; 160; 80; 5],0.09925037951325066,0.18423823037646933,tvm
4,4,1500,6,256,64,4,[4; 4; 1500; 6; 256; 64; 4],0.10752013500314206,0.17006781367210824,tvm
16,1,375,3,1280,32,2,[16; 1; 375; 3; 1280; 32; 2],0.22851097997045144,0.0800211626070607,tvm
40,40,20,2,640,64,4,[40; 40; 20; 2; 640; 64; 4],0.03351396499783732,0.5456147694519069,tvm
2,1,2,2,256,32,2,[2; 1; 2; 2; 256; 32; 2],0.13562420901143923,0.1348263294510494,tvm
2,2,1500,10,1024,32,2,[2; 2; 1500; 10; 1024; 32; 2],0.7167315289843827,0.025512641130250494,tvm
4,4,375,1,320,16,1,[4; 4; 375; 1; 320; 16; 1],0.10148544900584966,0.180180651165669,tvm
8,4,375,1,80,16,1,[8; 4; 375; 1; 80; 16; 1],0.07110254949657246,0.2571738202804635,tvm
16,16,75,1,256,32,2,[16; 16; 75; 1; 256; 32; 2],0.056457796483300626,0.3238828899587487,tvm
4,4,1500,3,128,32,2,[4; 4; 1500; 3; 128; 32; 2],0.07245439849793911,0.25237548947748706,tvm
160,16,20,10,1024,32,2,[160; 16; 20; 10; 1024; 32; 2],0.0733837285079062,0.24917941153322873,tvm
160,16,75,5,512,32,2,[160; 16; 75; 5; 512; 32; 2],0.05588664600509219,0.32719290909044996,tvm
32,1,1500,10,1280,32,2,[32; 1; 1500; 10; 1280; 32; 2],0.15712642797734588,0.11637580336485902,tvm
20,2,15,3,128,64,4,[20; 2; 15; 3; 128; 64; 4],0.07444861298426986,0.24561524456577652,tvm
128,16,100,20,2560,16,1,[128; 16; 100; 20; 2560; 16; 1],0.38898089103167877,0.04700928685009643,tvm
80,16,300,2,80,80,5,[80; 16; 300; 2; 80; 80; 5],0.03748278849525377,0.48784295458780236,tvm
5,1,750,1,2560,160,10,[5; 1; 750; 1; 2560; 160; 10],0.5307860859902576,0.03445025174614302,tvm
40,4,750,1,2560,160,10,[40; 4; 750; 1; 2560; 160; 10],0.3234326910460368,0.05653638235076099,tvm
4,1,10,2,32,16,1,[4; 1; 10; 2; 32; 16; 1],0.09178024349967018,0.19923366498564585,tvm
16,2,20,1,512,128,8,[16; 2; 20; 1; 512; 128; 8],0.11371017899364233,0.16080982764732665,tvm
80,2,1500,10,320,16,1,[80; 2; 1500; 10; 320; 16; 1],0.07692493248032406,0.23770855165055135,tvm
10,1,300,12,2560,32,2,[10; 1; 300; 12; 2560; 32; 2],0.5093151979963295,0.03590254985056634,tvm
64,1,12,3,320,64,4,[64; 1; 12; 3; 320; 64; 4],0.07074199951603077,0.25848455529689374,tvm
160,80,300,25,128,16,1,[160; 80; 300; 25; 128; 16; 1],0.1052451379946433,0.1737440287896718,tvm
80,20,6,3,2560,80,5,[80; 20; 6; 3; 2560; 80; 5],0.17636458203196526,0.10368132918206949,tvm
80,16,12,3,1280,80,5,[80; 16; 12; 3; 1280; 80; 5],0.06887113201082684,0.26550622520390244,tvm
16,16,4,1,2560,16,1,[16; 16; 4; 1; 2560; 16; 1],0.18826515995897353,0.09712744668051744,tvm
2,1,750,1,256,32,2,[2; 1; 750; 1; 256; 32; 2],0.15796821500407532,0.11575565556173782,tvm
160,16,1500,4,1024,32,2,[160; 16; 1500; 4; 1024; 32; 2],0.06157587398774922,0.29696231821820845,tvm
320,10,150,15,16,16,1,[320; 10; 150; 15; 16; 16; 1],0.0665786135068629,0.2746484692690304,tvm
8,8,375,5,1280,80,5,[8; 8; 375; 5; 1280; 80; 5],0.13197827897965908,0.1385509375261102,tvm
8,1,750,2,2560,64,4,[8; 1; 750; 2; 2560; 64; 4],0.2527235349989496,0.07235461582867732,tvm
64,1,30,2,5120,80,5,[64; 1; 30; 2; 5120; 80; 5],0.6667091060080566,0.027426825463957773,tvm
256,256,375,5,32,32,2,[256; 256; 375; 5; 32; 32; 2],0.08535547798965126,0.21423011992190236,tvm
20,4,60,5,1280,80,5,[20; 4; 60; 5; 1280; 80; 5],0.1170788099989295,0.1561829530542844,tvm
40,20,15,15,2560,16,1,[40; 20; 15; 15; 2560; 16; 1],0.2014257000409998,0.0907814359438357,tvm
40,2,20,10,1024,32,2,[40; 2; 20; 10; 1024; 32; 2],0.44786718103569,0.040828430972389376,tvm
16,2,500,2,64,32,2,[16; 2; 500; 2; 64; 32; 2],0.04213912624982186,0.43393672135742467,tvm
4,1,500,4,320,80,5,[4; 1; 500; 4; 320; 80; 5],0.11378880601841956,0.16069870952643872,tvm
40,20,1500,5,2560,32,2,[40; 20; 1500; 5; 2560; 32; 2],0.1842499779886566,0.09924405139869298,tvm
5,5,12,2,2560,160,10,[5; 5; 12; 2; 2560; 160; 10],0.26609829597873613,0.06871789320731124,tvm
80,2,300,30,1280,16,1,[80; 2; 300; 30; 1280; 16; 1],0.258660327992402,0.07069392677121873,tvm
64,2,60,20,1280,16,1,[64; 2; 60; 20; 1280; 16; 1],0.23161854199133813,0.07894754076466866,tvm
128,32,500,10,512,16,1,[128; 32; 500; 10; 512; 16; 1],0.08291080401977524,0.2205468213931796,tvm
128,2,375,5,1024,64,4,[128; 2; 375; 5; 1024; 64; 4],0.1534435740322806,0.11916898052614078,tvm
32,4,300,4,256,64,4,[32; 4; 300; 4; 256; 64; 4],0.061855296982685104,0.2956208308373805,tvm
10,10,300,5,256,16,1,[10; 10; 300; 5; 256; 16; 1],0.07940253050765023,0.230291329115166,tvm
8,2,20,1,640,64,4,[8; 2; 20; 1; 640; 64; 4],0.05562834849115461,0.32871215453433555,tvm
128,4,12,12,32,32,2,[128; 4; 12; 12; 32; 32; 2],0.04628418374340981,0.39507479244068777,tvm
5,5,300,2,5120,80,5,[5; 5; 300; 2; 5120; 80; 5],0.7556876879534684,0.024197448995411226,tvm
40,2,750,2,64,64,4,[40; 2; 750; 2; 64; 64; 4],0.04079564500716515,0.4482271154801615,tvm
16,16,60,2,1280,160,10,[16; 16; 60; 2; 1280; 160; 10],0.08709866451681592,0.20994253341489422,tvm
20,2,125,1,128,32,2,[20; 2; 125; 1; 128; 32; 2],0.04322368299472146,0.42304850070151045,tvm
80,40,50,2,512,64,4,[80; 40; 50; 2; 512; 64; 4],0.05697155848611146,0.32096215676058754,tvm
80,5,60,30,5120,16,1,[80; 5; 60; 30; 5120; 16; 1],1.778586358006578,0.010281038198341258,tvm
8,1,3,1,128,32,2,[8; 1; 3; 1; 128; 32; 2],0.049566597008379176,0.3689120373267325,tvm
128,128,750,15,16,16,1,[128; 128; 750; 15; 16; 16; 1],0.07471572249778546,0.24473716741822668,tvm
160,32,30,30,512,16,1,[160; 32; 30; 30; 512; 16; 1],0.5164501660037786,0.03540654159762725,tvm
5,1,150,6,1280,64,4,[5; 1; 150; 6; 1280; 64; 4],0.23878324002726004,0.07657871751646703,tvm
8,8,4,1,160,32,2,[8; 8; 4; 1; 160; 32; 2],0.04440325350151397,0.41181023559660596,tvm
160,80,150,6,160,32,2,[160; 80; 150; 6; 160; 32; 2],0.045145776006393135,0.4050371021006446,tvm
128,16,100,5,160,32,2,[128; 16; 100; 5; 160; 32; 2],0.029829011255060323,0.6130177808898114,tvm
32,16,20,4,640,64,4,[32; 16; 20; 4; 640; 64; 4],0.03595230300561525,0.5086103742188175,tvm
64,1,10,2,256,128,8,[64; 1; 10; 2; 256; 128; 8],0.03989699500380084,0.4583230963628282,tvm
4,4,100,10,1024,16,1,[4; 4; 100; 10; 1024; 16; 1],0.41542527702404186,0.04401685524941237,tvm
80,2,60,2,640,64,4,[80; 2; 60; 2; 640; 64; 4],0.04047842274303548,0.45173979237766715,tvm
10,2,10,1,5120,16,1,[10; 2; 10; 1; 5120; 16; 1],0.41235391894588247,0.044344708381719326,tvm
5,1,250,10,16,16,1,[5; 1; 250; 10; 16; 16; 1],0.10895791300572455,0.16782364659236426,tvm
4,2,300,5,512,16,1,[4; 2; 300; 5; 512; 16; 1],0.23185345198726282,0.07886755245170488,tvm
64,16,60,5,5120,80,5,[64; 16; 60; 5; 5120; 80; 5],0.540923741995357,0.033804606575895575,tvm
64,8,10,5,256,64,4,[64; 8; 10; 5; 256; 64; 4],0.04505700849404093,0.40583507198736213,tvm
10,10,6,1,1280,16,1,[10; 10; 6; 1; 1280; 16; 1],0.07944467550260015,0.23016916074024135,tvm
8,1,250,10,160,32,2,[8; 1; 250; 10; 160; 32; 2],0.0700394680025056,0.2610772869528382,tvm
2,2,1,1,1024,64,4,[2; 2; 1; 1; 1024; 64; 4],0.22750665998319164,0.08037441315812578,tvm
20,2,4,2,2560,80,5,[20; 2; 4; 2; 2560; 80; 5],0.30609386099968106,0.05973891219508431,tvm
5,5,750,1,5120,64,4,[5; 5; 750; 1; 5120; 64; 4],0.7811191179789603,0.02340963607833091,tvm
128,8,250,10,80,16,1,[128; 8; 250; 10; 80; 16; 1],0.042133898998145014,0.43399055678467674,tvm
32,8,1500,6,640,32,2,[32; 8; 1500; 6; 640; 32; 2],0.04865554474235978,0.3758197422830341,tvm
128,64,6,6,5120,32,2,[128; 64; 6; 6; 5120; 32; 2],0.600017391028814,0.030475307147949268,tvm
128,8,750,5,160,32,2,[128; 8; 750; 5; 160; 32; 2],0.035513977491064,0.5148878153767859,tvm
20,2,750,1,512,32,2,[20; 2; 750; 1; 512; 32; 2],0.0939458874927368,0.1946409233414076,tvm
20,10,60,2,64,64,4,[20; 10; 60; 2; 64; 64; 4],0.044262167750275694,0.41312288157419474,tvm
80,10,10,5,512,64,4,[80; 10; 10; 5; 512; 64; 4],0.0516102135006804,0.3543041782896949,tvm
80,16,60,4,1280,64,4,[80; 16; 60; 4; 1280; 64; 4],0.06548346698400564,0.2792416945513984,tvm
4,2,75,5,5120,64,4,[4; 2; 75; 5; 5120; 64; 4],1.203757493000012,0.015190529979707554,tvm
160,2,300,30,64,16,1,[160; 2; 300; 30; 64; 16; 1],0.08451408051769249,0.21636293235050091,tvm
40,4,50,2,640,80,5,[40; 4; 50; 2; 640; 80; 5],0.05750751250889152,0.3179708787245326,tvm
40,8,20,5,320,80,5,[40; 8; 20; 5; 320; 80; 5],0.037636358247254975,0.48585238150792565,tvm
256,256,20,20,640,16,1,[256; 256; 20; 20; 640; 16; 1],0.09189631650224328,0.1989820156204837,tvm
64,4,100,5,256,32,2,[64; 4; 100; 5; 256; 32; 2],0.06370633549522609,0.28703133124153013,tvm
20,10,30,6,5120,16,1,[20; 10; 30; 6; 5120; 16; 1],0.5715176939847879,0.03199500991512784,tvm
80,80,100,2,640,80,5,[80; 80; 100; 2; 640; 80; 5],0.06708320949110202,0.27258257952222337,tvm
20,2,6,6,512,64,4,[20; 2; 6; 6; 512; 64; 4],0.10371774603845552,0.17630265778176935,tvm
32,16,60,12,5120,16,1,[32; 16; 60; 12; 5120; 16; 1],0.591780707007274,0.03089947689945479,tvm
64,1,5,5,128,64,4,[64; 1; 5; 5; 128; 64; 4],0.049418888505897485,0.37001468140126487,tvm
160,8,75,15,512,16,1,[160; 8; 75; 15; 512; 16; 1],0.09023439398151822,0.20264683430421843,tvm
4,4,1500,30,128,16,1,[4; 4; 1500; 30; 128; 16; 1],0.12650916498387232,0.14454062903699816,tvm
5,5,10,2,5120,32,2,[5; 5; 10; 2; 5120; 32; 2],0.5705171529552899,0.03205112097154999,tvm
16,8,750,1,2560,160,10,[16; 8; 750; 1; 2560; 160; 10],0.3311110109789297,0.05522532830198722,tvm
16,1,30,1,128,16,1,[16; 1; 30; 1; 128; 16; 1],0.05164236499695107,0.35408359564465847,tvm
20,10,750,2,5120,80,5,[20; 10; 750; 2; 5120; 80; 5],0.5004990370362066,0.03653496397115242,tvm
16,8,10,5,640,64,4,[16; 8; 10; 5; 640; 64; 4],0.04583319624362048,0.3989622322763378,tvm
80,4,6,3,1280,64,4,[80; 4; 6; 3; 1280; 64; 4],0.0868094165052753,0.21064205960424914,tvm
4,1,15,3,640,32,2,[4; 1; 15; 3; 640; 32; 2],0.09351336400141008,0.19554118794655445,tvm
160,40,50,10,64,16,1,[160; 40; 50; 10; 64; 16; 1],0.04905624900129624,0.3727499484363575,tvm
1,1,75,5,512,32,2,[1; 1; 75; 5; 512; 32; 2],0.6014917260035872,0.030400608179945658,tvm
16,2,1500,2,2560,64,4,[16; 2; 1500; 2; 2560; 64; 4],0.23335289099486545,0.07836077885196047,tvm
40,8,150,2,640,160,10,[40; 8; 150; 2; 640; 160; 10],0.042965544751496054,0.42559018840503776,tvm
4,1,500,1,2560,32,2,[4; 1; 500; 1; 2560; 32; 2],0.38017759198555723,0.04809782236299964,tvm
20,20,3,1,1024,64,4,[20; 20; 3; 1; 1024; 64; 4],0.09440894200815819,0.1936862536192192,tvm
10,5,375,5,64,64,4,[10; 5; 375; 5; 64; 64; 4],0.04626047950296197,0.39527723193062636,tvm
128,16,300,3,1024,64,4,[128; 16; 300; 3; 1024; 64; 4],0.052122684981441125,0.3508206511660925,tvm
80,10,750,10,160,16,1,[80; 10; 750; 10; 160; 16; 1],0.04068106475460809,0.4494895695581075,tvm
128,128,300,20,320,16,1,[128; 128; 300; 20; 320; 16; 1],0.07893412647536024,0.2316579039032285,tvm
10,1,6,3,80,80,5,[10; 1; 6; 3; 80; 80; 5],0.0667874819773715,0.27378954475196016,tvm
128,64,300,20,160,16,1,[128; 64; 300; 20; 160; 16; 1],0.07032145949779078,0.26003035796332913,tvm
10,5,10,2,128,32,2,[10; 5; 10; 2; 128; 32; 2],0.03892673175141681,0.4697469698325944,tvm
16,16,6,1,128,64,4,[16; 16; 6; 1; 128; 64; 4],0.04793854300805833,0.3814407601549449,tvm
16,2,150,10,64,32,2,[16; 2; 150; 10; 64; 32; 2],0.06744787699426524,0.271108819144434,tvm
64,4,300,15,16,16,1,[64; 4; 300; 15; 16; 16; 1],0.051405468984739855,0.355715347935889,tvm
8,4,300,6,2560,32,2,[8; 4; 300; 6; 2560; 32; 2],0.3247322919778526,0.05631011986624789,tvm
40,8,6,6,128,64,4,[40; 8; 6; 6; 128; 64; 4],0.03772270699846558,0.48474024641068525,tvm
10,1,50,2,320,16,1,[10; 1; 50; 2; 320; 16; 1],0.05841571401106194,0.3130273179961748,tvm
4,4,30,10,32,32,2,[4; 4; 30; 10; 32; 32; 2],0.09370430250419304,0.195142739415792,tvm
16,4,150,30,80,16,1,[16; 4; 150; 30; 80; 16; 1],0.057163463498000056,0.3198846460091425,tvm
40,4,100,5,2560,64,4,[40; 4; 100; 5; 2560; 64; 4],0.21837806497933343,0.08373420786306897,tvm
80,40,60,12,256,32,2,[80; 40; 60; 12; 256; 32; 2],0.06239370148978196,0.29306987482877395,tvm
20,20,100,1,640,32,2,[20; 20; 100; 1; 640; 32; 2],0.061571017518872395,0.2969857413857007,tvm
160,32,30,30,256,16,1,[160; 32; 30; 30; 256; 16; 1],0.1151663499767892,0.1587765374990144,tvm
32,16,100,2,1280,160,10,[32; 16; 100; 2; 1280; 160; 10],0.08630245301174,0.21187942691764303,tvm
16,8,4,1,2560,32,2,[16; 8; 4; 1; 2560; 32; 2],0.2075536139891483,0.08810116063153849,tvm
160,10,10,10,512,32,2,[160; 10; 10; 10; 512; 32; 2],0.05626275349641219,0.32500567692408344,tvm
40,4,750,10,256,32,2,[40; 4; 750; 10; 256; 32; 2],0.06469419100903906,0.28264847276874383,tvm
32,4,5,5,64,32,2,[32; 4; 5; 5; 64; 32; 2],0.04475439099769574,0.40857922268802094,tvm
5,1,100,4,16,16,1,[5; 1; 100; 4; 16; 16; 1],0.09579571249196306,0.19088238721799158,tvm
40,5,50,1,320,160,10,[40; 5; 50; 1; 320; 160; 10],0.06791255049756728,0.2692538293988724,tvm
32,8,60,5,1280,64,4,[32; 8; 60; 5; 1280; 64; 4],0.08785545799764805,0.20813407274257006,tvm
40,10,1,1,1024,128,8,[40; 10; 1; 1; 1024; 128; 8],0.0968367799941916,0.18883025939948736,tvm
16,1,6,6,2560,16,1,[16; 1; 6; 6; 2560; 16; 1],0.29889055201783776,0.06117862930850687,tvm
5,5,2,2,640,160,10,[5; 5; 2; 2; 640; 160; 10],0.07147637300658971,0.2558287937194078,tvm
32,1,12,2,128,64,4,[32; 1; 12; 2; 128; 64; 4],0.03967224425286986,0.46091958320183796,tvm
5,5,750,1,16,16,1,[5; 5; 750; 1; 16; 16; 1],0.10608457803027704,0.17236920413158882,tvm
160,10,1500,10,128,32,2,[160; 10; 1500; 10; 128; 32; 2],0.03389363375026733,0.5395029172866442,tvm
32,8,30,2,512,64,4,[32; 8; 30; 2; 512; 64; 4],0.06416403301409446,0.28498386754613125,tvm
4,4,6,1,640,160,10,[4; 4; 6; 1; 640; 160; 10],0.09011812601238489,0.20290828376969677,tvm
1,1,375,5,640,16,1,[1; 1; 375; 5; 640; 16; 1],0.4282611850067042,0.042697575512074565,tvm
20,2,4,2,512,64,4,[20; 2; 4; 2; 512; 64; 4],0.06864768851664849,0.2663704296653721,tvm
40,8,6,2,5120,64,4,[40; 8; 6; 2; 5120; 64; 4],0.3078598310239613,0.05939623310028737,tvm
320,20,300,25,64,16,1,[320; 20; 300; 25; 64; 16; 1],0.07309363601962104,0.250168349551057,tvm
80,10,300,5,5120,32,2,[80; 10; 300; 5; 5120; 32; 2],0.3883627639734186,0.04708410790630239,tvm
20,5,300,6,1280,64,4,[20; 5; 300; 6; 1280; 64; 4],0.10942640900611877,0.16710512984751066,tvm
10,10,60,3,1024,16,1,[10; 10; 60; 3; 1024; 16; 1],0.14630455704173073,0.12498390108586035,tvm
10,1,6,3,1024,64,4,[10; 1; 6; 3; 1024; 64; 4],0.15476129000307992,0.1181543154967911,tvm
80,16,60,3,5120,64,4,[80; 16; 60; 3; 5120; 64; 4],0.28733044100226834,0.0636400174723218,tvm
40,4,6,1,1280,160,10,[40; 4; 6; 1; 1280; 160; 10],0.14387822302524,0.12709160497837463,tvm
5,1,6,2,512,16,1,[5; 1; 6; 2; 512; 16; 1],0.0851085300091654,0.21485172266217129,tvm
20,20,20,2,128,16,1,[20; 20; 20; 2; 128; 16; 1],0.050307485507801175,0.3634789952457219,tvm
256,32,750,15,2560,16,1,[256; 32; 750; 15; 2560; 16; 1],0.3775265719741583,0.048435568892792914,tvm
128,32,300,4,1280,32,2,[128; 32; 300; 4; 1280; 32; 2],0.07672990701394156,0.23831273876549644,tvm
40,1,20,2,80,80,5,[40; 1; 20; 2; 80; 80; 5],0.06792753201443702,0.2691944450716673,tvm
10,10,375,1,256,128,8,[10; 10; 375; 1; 256; 128; 8],0.06000313351978548,0.30474598930212105,tvm
80,5,375,25,640,16,1,[80; 5; 375; 25; 640; 16; 1],0.05958213849226013,0.30689926122892763,tvm
80,1,300,4,320,64,4,[80; 1; 300; 4; 320; 64; 4],0.0668844000028912,0.2733928133454715,tvm
80,4,750,15,2560,16,1,[80; 4; 750; 15; 2560; 16; 1],0.351608153025154,0.05200594505101288,tvm
2,2,3,1,640,128,8,[2; 2; 3; 1; 640; 128; 8],0.13760200096294284,0.1328884330006128,tvm
160,4,150,5,64,32,2,[160; 4; 150; 5; 64; 32; 2],0.04950890599866398,0.36934191771896024,tvm
20,1,750,6,128,32,2,[20; 1; 750; 6; 128; 32; 2],0.07598674649489112,0.240643469146869,tvm
128,16,250,10,256,32,2,[128; 16; 250; 10; 256; 32; 2],0.03510460375400726,0.5208922001755094,tvm
128,32,12,12,256,16,1,[128; 32; 12; 12; 256; 16; 1],0.06052102750982158,0.3021381995331592,tvm
5,5,20,4,128,16,1,[5; 5; 20; 4; 128; 16; 1],0.06025633998797275,0.3034653994810196,tvm
8,8,100,5,160,80,5,[8; 8; 100; 5; 160; 80; 5],0.04798402724554762,0.38107919104291094,tvm
20,4,75,3,64,32,2,[20; 4; 75; 3; 64; 32; 2],0.0644130585133098,0.28388209949595655,tvm
64,64,250,5,2560,64,4,[64; 64; 250; 5; 2560; 64; 4],0.1453144839615561,0.12583545553898048,tvm
10,1,5,5,2560,64,4,[10; 1; 5; 5; 2560; 64; 4],0.21758444601437077,0.08403962057336843,tvm
10,5,1,1,160,80,5,[10; 5; 1; 1; 160; 80; 5],0.051878969999961555,0.35246872260046486,tvm
16,1,100,5,2560,32,2,[16; 1; 100; 5; 2560; 32; 2],0.4061436480260454,0.045022775499720856,tvm
4,4,30,5,512,16,1,[4; 4; 30; 5; 512; 16; 1],0.19384609098779038,0.09433109634831911,tvm
20,20,1500,2,160,32,2,[20; 20; 1500; 2; 160; 32; 2],0.057288911018986255,0.31918418347407884,tvm
10,1,250,2,5120,80,5,[10; 1; 250; 2; 5120; 80; 5],0.8659160060342401,0.021117191688671974,tvm
80,10,1500,5,1024,64,4,[80; 10; 1500; 5; 1024; 64; 4],0.05763988898252137,0.31724062291756355,tvm
20,5,1500,6,320,16,1,[20; 5; 1500; 6; 320; 16; 1],0.07125249749515206,0.25663260837921403,tvm
16,16,20,1,128,64,4,[16; 16; 20; 1; 128; 64; 4],0.039491112998803146,0.46303365231231824,tvm
16,2,12,4,1280,80,5,[16; 2; 12; 4; 1280; 80; 5],0.1379162670345977,0.1325856237185359,tvm
20,5,125,1,128,64,4,[20; 5; 125; 1; 128; 64; 4],0.040342408494325355,0.4532628310549776,tvm
10,2,60,1,1280,64,4,[10; 2; 60; 1; 1280; 64; 4],0.11799236998194829,0.1549737011682351,tvm
8,1,4,2,1280,160,10,[8; 1; 4; 2; 1280; 160; 10],0.1513897519907914,0.12078568096753704,tvm
10,10,60,1,80,80,5,[10; 10; 60; 1; 80; 80; 5],0.06723272550152615,0.2719763946695752,tvm
20,20,1500,1,640,160,10,[20; 20; 1500; 1; 640; 160; 10],0.04834330150333699,0.3782471142243374,tvm
256,256,300,20,640,16,1,[256; 256; 300; 20; 640; 16; 1],0.09972498400020413,0.18336141608883946,tvm
20,2,750,15,512,16,1,[20; 2; 750; 15; 512; 16; 1],0.2550992670003325,0.07168077941082619,tvm
80,5,10,10,5120,16,1,[80; 5; 10; 10; 5120; 16; 1],1.0474983250023797,0.01745655706482657,tvm
320,10,60,12,640,16,1,[320; 10; 60; 12; 640; 16; 1],0.062024294486036524,0.29481535319730134,tvm
64,1,25,25,80,16,1,[64; 1; 25; 25; 80; 16; 1],0.06384573949617334,0.2864046125867218,tvm
32,32,250,25,256,16,1,[32; 32; 250; 25; 256; 16; 1],0.11367844295455143,0.1608547215326032,tvm
16,4,4,1,80,80,5,[16; 4; 4; 1; 80; 80; 5],0.07615759849431925,0.24010360945242065,tvm
160,20,375,5,160,32,2,[160; 20; 375; 5; 160; 32; 2],0.03011199126194697,0.6072568939943288,tvm
256,4,300,5,320,32,2,[256; 4; 300; 5; 320; 32; 2],0.0523866809962783,0.34905273512199325,tvm
160,5,150,25,256,16,1,[160; 5; 150; 25; 256; 16; 1],0.07729257352184504,0.23657789425974066,tvm
8,1,15,3,16,16,1,[8; 1; 15; 3; 16; 16; 1],0.06188389300950803,0.2954842269361563,tvm
160,8,150,30,80,16,1,[160; 8; 150; 30; 80; 16; 1],0.03880833450239152,0.47118008335522493,tvm
8,2,20,4,640,80,5,[8; 2; 20; 4; 640; 80; 5],0.08410995651502162,0.21740249363282632,tvm
128,8,750,30,5120,16,1,[128; 8; 750; 30; 5120; 16; 1],1.1991783890407532,0.015248535541356275,tvm
20,2,100,4,640,32,2,[20; 2; 100; 4; 640; 32; 2],0.0891936429834459,0.20501140747337865,tvm
20,20,500,2,128,128,8,[20; 20; 500; 2; 128; 128; 8],0.02804668599856086,0.651974150766068,tvm
160,16,1500,30,64,16,1,[160; 16; 1500; 30; 64; 16; 1],0.06346259650308639,0.2881337243241378,tvm
64,32,750,6,2560,64,4,[64; 32; 750; 6; 2560; 64; 4],0.11749028199119493,0.15563597240395313,tvm
8,8,100,4,256,16,1,[8; 8; 100; 4; 256; 16; 1],0.07499725150410086,0.24381845892998388,tvm
80,40,30,2,320,80,5,[80; 40; 30; 2; 320; 80; 5],0.053501660499023274,0.34177844416713216,tvm
4,4,60,3,64,64,4,[4; 4; 60; 3; 64; 64; 4],0.08535161850159056,0.2142398071264873,tvm
32,2,30,5,160,32,2,[32; 2; 30; 5; 160; 32; 2],0.07167689499328844,0.2551130917072579,tvm
40,40,20,2,320,80,5,[40; 40; 20; 2; 320; 80; 5],0.05553287549992092,0.3292772816300558,tvm
20,2,20,2,64,32,2,[20; 2; 20; 2; 64; 32; 2],0.04827126425516326,0.3788115883821788,tvm
64,2,250,5,2560,32,2,[64; 2; 250; 5; 2560; 32; 2],0.3630576659925282,0.05036586745999356,tvm
160,160,60,15,80,16,1,[160; 160; 60; 15; 80; 16; 1],0.07121907550026663,0.256753042036411,tvm
64,8,20,4,5120,80,5,[64; 8; 20; 4; 5120; 80; 5],0.3567863979842514,0.051251153040092694,tvm
4,4,750,10,2560,32,2,[4; 4; 750; 10; 2560; 32; 2],0.691566119028721,0.02644102101386328,tvm
32,4,30,3,640,80,5,[32; 4; 30; 3; 640; 80; 5],0.05210666049970314,0.3509285398518,tvm
20,10,100,20,32,16,1,[20; 10; 100; 20; 32; 16; 1],0.04692695500853006,0.3896633455631297,tvm
16,2,150,15,640,16,1,[16; 2; 150; 15; 640; 16; 1],0.10129340196726844,0.18052226433882695,tvm
20,20,500,5,1024,16,1,[20; 20; 500; 5; 1024; 16; 1],0.1224889819859527,0.1492845641235824,tvm
1,1,750,10,5120,16,1,[1; 1; 750; 10; 5120; 16; 1],5.019074839015957,0.00364324399858907,tvm
32,8,30,2,1024,64,4,[32; 8; 30; 2; 1024; 64; 4],0.0697182230069302,0.26228026901799595,tvm
40,1,30,1,256,128,8,[40; 1; 30; 1; 256; 128; 8],0.07291280600475147,0.25078878852259057,tvm
10,5,250,2,1280,64,4,[10; 5; 250; 2; 1280; 64; 4],0.11476565897464752,0.15933088738464632,tvm
16,8,30,2,640,64,4,[16; 8; 30; 2; 640; 64; 4],0.051119066978571936,0.357708294898639,tvm
160,16,30,15,1280,16,1,[160; 16; 30; 15; 1280; 16; 1],0.08432337548583746,0.21685225692590385,tvm
64,4,50,10,32,32,2,[64; 4; 50; 10; 32; 32; 2],0.04510458324512001,0.4054070112197006,tvm
5,5,2,2,640,32,2,[5; 5; 2; 2; 640; 32; 2],0.06916551751783118,0.2643761652039999,tvm
10,5,1500,4,32,32,2,[10; 5; 1500; 4; 32; 32; 2],0.058514130010735244,0.31250083154888425,tvm
8,8,2,2,640,16,1,[8; 8; 2; 2; 640; 16; 1],0.05189080198761076,0.3523883537217273,tvm
80,10,50,5,5120,80,5,[80; 10; 50; 5; 5120; 80; 5],0.4148367689922452,0.04407929974513931,tvm
40,20,1500,5,32,32,2,[40; 20; 1500; 5; 32; 32; 2],0.03588696000224445,0.5095364523651671,tvm
40,1,150,10,32,16,1,[40; 1; 150; 10; 32; 16; 1],0.08552103699184954,0.21381539477189665,tvm
10,5,750,2,640,64,4,[10; 5; 750; 2; 640; 64; 4],0.06287319300463423,0.2908348281972333,tvm
8,2,30,3,640,32,2,[8; 2; 30; 3; 640; 32; 2],0.0810288194916211,0.22566926681691502,tvm
10,2,1500,3,1280,80,5,[10; 2; 1500; 3; 1280; 80; 5],0.18518592201871797,0.09874246425635977,tvm
40,4,125,25,256,16,1,[40; 4; 125; 25; 256; 16; 1],0.09152174650807865,0.1997963870160651,tvm
16,16,50,10,16,16,1,[16; 16; 50; 10; 16; 16; 1],0.05161513201892376,0.3542704158735884,tvm
160,160,50,10,640,16,1,[160; 160; 50; 10; 640; 16; 1],0.08383253699867055,0.21812192425960186,tvm
4,4,100,4,256,32,2,[4; 4; 100; 4; 256; 32; 2],0.08897593547590077,0.20551303212391617,tvm
320,8,100,25,640,16,1,[320; 8; 100; 25; 640; 16; 1],0.06257026450475678,0.2922428797519971,tvm
10,2,30,30,1280,16,1,[10; 2; 30; 30; 1280; 16; 1],0.27111479599261656,0.06744639007534016,tvm
128,32,1500,10,640,32,2,[128; 32; 1500; 10; 640; 32; 2],0.0381917964987224,0.47878644007557974,tvm
160,8,75,5,640,32,2,[160; 8; 75; 5; 640; 32; 2],0.04036689049098641,0.4529879330139966,tvm
8,8,100,1,2560,80,5,[8; 8; 100; 1; 2560; 80; 5],0.2824342949897982,0.06474325041289615,tvm
80,80,150,25,128,16,1,[80; 80; 150; 25; 128; 16; 1],0.0930314669967629,0.196554078700603,tvm
20,4,5,1,320,64,4,[20; 4; 5; 1; 320; 64; 4],0.053501033515203744,0.34178244950198794,tvm
40,1,12,6,1280,32,2,[40; 1; 12; 6; 1280; 32; 2],0.1491719470359385,0.12258145481810258,tvm
64,32,30,5,2560,32,2,[64; 32; 30; 5; 2560; 32; 2],0.12710340099874884,0.14386487019253155,tvm
80,20,1500,30,1024,16,1,[80; 20; 1500; 30; 1024; 16; 1],0.5942974420031533,0.030768623576907916,tvm
2,2,50,10,512,32,2,[2; 2; 50; 10; 512; 32; 2],0.425587365985848,0.04296582969129384,tvm
20,10,750,1,1280,128,8,[20; 10; 750; 1; 1280; 128; 8],0.15718337200814858,0.11633364300624835,tvm
160,16,150,6,1024,32,2,[160; 16; 150; 6; 1024; 32; 2],0.05949305201647803,0.3073588203316518,tvm
20,20,250,2,32,32,2,[20; 20; 250; 2; 32; 32; 2],0.04387728149595205,0.4167467459760755,tvm
20,1,750,5,512,64,4,[20; 1; 750; 5; 512; 64; 4],0.13973941904259846,0.13085580583485917,tvm
16,1,1500,6,32,16,1,[16; 1; 1500; 6; 32; 16; 1],0.08042974150157534,0.22735015610308948,tvm
5,1,5,1,160,80,5,[5; 1; 5; 1; 160; 80; 5],0.08269061899045482,0.22113408399839227,tvm
16,8,500,10,16,16,1,[16; 8; 500; 10; 16; 16; 1],0.06092076547793113,0.3001556881674178,tvm
40,10,25,5,2560,80,5,[40; 10; 25; 5; 2560; 80; 5],0.18020233698189259,0.10147323609655354,tvm
10,1,1500,4,128,32,2,[10; 1; 1500; 4; 128; 32; 2],0.08548682747641578,0.2139009579079183,tvm
40,10,150,6,256,32,2,[40; 10; 150; 6; 256; 32; 2],0.048386259499238804,0.37791130116189187,tvm
8,8,500,5,1280,16,1,[8; 8; 500; 5; 1280; 16; 1],0.16411015100311488,0.11142342002578022,tvm
320,20,300,20,32,16,1,[320; 20; 300; 20; 32; 16; 1],0.06600669151521288,0.2770281901116024,tvm
64,32,30,6,1024,32,2,[64; 32; 30; 6; 1024; 32; 2],0.047751327001606114,0.3829362540039829,tvm
20,4,375,3,160,80,5,[20; 4; 375; 3; 160; 80; 5],0.04981436824891716,0.36707710904497465,tvm
128,32,125,25,1280,16,1,[128; 32; 125; 25; 1280; 16; 1],0.19233522401191294,0.09507210330117014,tvm
80,8,375,25,5120,16,1,[80; 8; 375; 25; 5120; 16; 1],1.097354906029068,0.016663446060385056,tvm
16,4,15,5,640,32,2,[16; 4; 15; 5; 640; 32; 2],0.05514849748578854,0.33157230240817376,tvm
8,4,10,1,32,32,2,[8; 4; 10; 1; 32; 32; 2],0.05340432497905567,0.34240137466180226,tvm
2,2,5,5,160,80,5,[2; 2; 5; 5; 160; 80; 5],0.08921824052231386,0.20495488566758893,tvm
80,8,150,6,64,64,4,[80; 8; 150; 6; 64; 64; 4],0.03638056374620646,0.5026231702531274,tvm
40,4,1500,3,320,80,5,[40; 4; 1500; 3; 320; 80; 5],0.04912030424748082,0.3722638645230315,tvm
20,1,750,1,2560,160,10,[20; 1; 750; 1; 2560; 160; 10],0.4014443310443312,0.045549813191147065,tvm
256,64,12,6,2560,32,2,[256; 64; 12; 6; 2560; 32; 2],0.2497304530115798,0.07322180400988738,tvm
8,8,20,1,160,16,1,[8; 8; 20; 1; 160; 16; 1],0.051324176019988954,0.3562787696502453,tvm
20,4,300,4,64,16,1,[20; 4; 300; 4; 64; 16; 1],0.07487147051142529,0.2442280639182038,tvm
20,20,4,2,2560,16,1,[20; 20; 4; 2; 2560; 16; 1],0.1875171519932337,0.09751488912531106,tvm
80,1,30,2,1280,80,5,[80; 1; 30; 2; 1280; 80; 5],0.15903474198421463,0.11497936902069661,tvm
32,2,100,10,128,16,1,[32; 2; 100; 10; 128; 16; 1],0.08062105049612,0.22681066760094265,tvm
2,1,250,10,640,16,1,[2; 1; 250; 10; 640; 16; 1],0.234926467994228,0.0778359051742248,tvm
40,4,10,2,1280,160,10,[40; 4; 10; 2; 1280; 160; 10],0.10059348301729187,0.1817783194023712,tvm
16,4,150,1,5120,128,8,[16; 4; 150; 1; 5120; 128; 8],0.6601083419518545,0.02770108044937867,tvm
32,2,750,30,64,16,1,[32; 2; 750; 30; 64; 16; 1],0.08611595298862085,0.21233829100318402,tvm
128,64,100,25,16,16,1,[128; 64; 100; 25; 16; 16; 1],0.08154659200226888,0.22423640077080745,tvm
16,16,50,25,32,16,1,[16; 16; 50; 25; 32; 16; 1],0.05440636450657621,0.3360951324638509,tvm
4,1,60,1,5120,16,1,[4; 1; 60; 1; 5120; 16; 1],1.253635214001406,0.014586152400225875,tvm
16,8,2,1,2560,32,2,[16; 8; 2; 1; 2560; 32; 2],0.24390813102945685,0.07496967898747876,tvm
4,2,4,2,5120,16,1,[4; 2; 4; 2; 5120; 16; 1],0.5955892510246485,0.030701887675534174,tvm
80,20,150,10,128,16,1,[80; 20; 150; 10; 128; 16; 1],0.03595292700629216,0.5086015467534559,tvm
320,2,60,20,80,16,1,[320; 2; 60; 20; 80; 16; 1],0.08752377599012107,0.20892282215724128,tvm
160,4,125,5,1280,32,2,[160; 4; 125; 5; 1280; 32; 2],0.11469833803130314,0.15942440491791435,tvm
320,40,750,25,1024,16,1,[320; 40; 750; 25; 1024; 16; 1],0.700914456974715,0.026088367993776354,tvm
64,8,100,1,2560,128,8,[64; 8; 100; 1; 2560; 128; 8],0.2521811469923705,0.07251023521701844,tvm
16,4,1500,4,2560,64,4,[16; 4; 1500; 4; 2560; 64; 4],0.25530344794970006,0.07162345214122193,tvm
80,80,60,30,512,16,1,[80; 80; 60; 30; 512; 16; 1],0.5979154760134406,0.030582440193107227,tvm
16,4,6,3,512,16,1,[16; 4; 6; 3; 512; 16; 1],0.09148719999939203,0.19987183218893795,tvm
320,8,20,10,64,16,1,[320; 8; 20; 10; 64; 16; 1],0.06807282898807898,0.2686198672441909,tvm
2,2,60,2,1280,64,4,[2; 2; 60; 2; 1280; 64; 4],0.2950142649933696,0.061982474936001,tvm
160,2,12,12,64,16,1,[160; 2; 12; 12; 64; 16; 1],0.07067315001040697,0.25873636993712074,tvm
80,4,10,2,5120,80,5,[80; 4; 10; 2; 5120; 80; 5],0.5264195069903508,0.034736011950350205,tvm
4,2,1500,20,16,16,1,[4; 2; 1500; 20; 16; 16; 1],0.11352550197625533,0.16107142419452922,tvm
32,16,60,20,320,16,1,[32; 16; 60; 20; 320; 16; 1],0.04518033274507616,0.40472730444215466,tvm
16,2,1500,3,640,64,4,[16; 2; 1500; 3; 640; 64; 4],0.057244171475758776,0.31943364388560935,tvm
128,4,6,6,64,32,2,[128; 4; 6; 6; 64; 32; 2],0.04342830850509927,0.42105518071391645,tvm
8,4,1500,12,5120,16,1,[8; 4; 1500; 12; 5120; 16; 1],2.261525074020028,0.008085567785994112,tvm
8,8,300,2,640,128,8,[8; 8; 300; 2; 640; 128; 8],0.06195545001537539,0.2951429499935252,tvm
80,5,500,5,320,64,4,[80; 5; 500; 5; 320; 64; 4],0.04144827474374324,0.4411694913423285,tvm
64,16,50,5,160,80,5,[64; 16; 50; 5; 160; 80; 5],0.04832713949144818,0.3783736111455566,tvm
4,2,375,3,128,64,4,[4; 2; 375; 3; 128; 64; 4],0.09106392299872823,0.20080086255420448,tvm
64,8,60,10,64,32,2,[64; 8; 60; 10; 64; 32; 2],0.036861473752651364,0.49606574084409844,tvm
20,5,20,1,640,80,5,[20; 5; 20; 1; 640; 80; 5],0.08241537847789004,0.2218725997917959,tvm
160,16,60,15,1024,16,1,[160; 16; 60; 15; 1024; 16; 1],0.10888771404279396,0.16793184103881378,tvm
20,2,1500,10,128,16,1,[20; 2; 1500; 10; 128; 16; 1],0.08629603401641361,0.21189518723695136,tvm
64,2,1500,5,512,64,4,[64; 2; 1500; 5; 512; 64; 4],0.09739180401084013,0.1877541387741314,tvm
10,5,50,5,1280,64,4,[10; 5; 50; 5; 1280; 64; 4],0.14089256402803585,0.12978480739463055,tvm
20,10,20,2,128,128,8,[20; 10; 20; 2; 128; 128; 8],0.039950074497028254,0.45771414736847355,tvm
256,128,150,6,128,32,2,[256; 128; 150; 6; 128; 32; 2],0.06133347950526513,0.29813593543383693,tvm
160,5,1500,10,1024,16,1,[160; 5; 1500; 10; 1024; 16; 1],0.2171666689682752,0.08420129282539926,tvm
20,20,30,30,16,16,1,[20; 20; 30; 30; 16; 16; 1],0.07952913999906741,0.22992470792377123,tvm
20,20,20,20,160,16,1,[20; 20; 20; 20; 160; 16; 1],0.055607754504308105,0.3288338910411791,tvm
128,64,500,4,256,64,4,[128; 64; 500; 4; 256; 64; 4],0.033126723996247165,0.5519928347815445,tvm
32,32,1500,5,5120,64,4,[32; 32; 1500; 5; 5120; 64; 4],0.3161002889974043,0.057847825269987156,tvm
80,1,100,2,2560,80,5,[80; 1; 100; 2; 2560; 80; 5],0.3158091999939643,0.05790114501434335,tvm
40,2,300,10,2560,16,1,[40; 2; 300; 10; 2560; 16; 1],0.528013514005579,0.034631148257923336,tvm
40,10,20,10,1024,32,2,[40; 10; 20; 10; 1024; 32; 2],0.10549451899714768,0.17333331114774492,tvm
20,4,300,6,512,16,1,[20; 4; 300; 6; 512; 16; 1],0.11852506402647123,0.1542771939075298,tvm
256,256,30,30,1024,16,1,[256; 256; 30; 30; 1024; 16; 1],0.8304846209939569,0.0220181251084809,tvm
16,4,500,10,5120,16,1,[16; 4; 500; 10; 5120; 16; 1],1.867520670988597,0.009791438761443267,tvm
32,8,150,10,1280,16,1,[32; 8; 150; 10; 1280; 16; 1],0.11227738799061626,0.16286194943582533,tvm
40,10,150,30,512,16,1,[40; 10; 150; 30; 512; 16; 1],0.20701488899067044,0.08833043060269144,tvm
16,16,1500,3,2560,32,2,[16; 16; 1500; 3; 2560; 32; 2],0.2673989739851095,0.06838363668041807,tvm
256,4,60,30,1280,16,1,[256; 4; 60; 30; 1280; 16; 1],0.18493758502881974,0.09887505713273337,tvm
10,10,20,2,320,16,1,[10; 10; 20; 2; 320; 16; 1],0.05317518749507144,0.3438768182511647,tvm
32,16,30,5,640,80,5,[32; 16; 30; 5; 640; 80; 5],0.0537913840089459,0.33993760567070075,tvm
4,2,750,10,1024,16,1,[4; 2; 750; 10; 1024; 16; 1],0.8371831279946491,0.021841952703364993,tvm
40,40,12,1,2560,128,8,[40; 40; 12; 1; 2560; 128; 8],0.1424777779611759,0.1283408160021769,tvm
10,10,125,5,128,64,4,[10; 10; 125; 5; 128; 64; 4],0.03772072050196584,0.48476577441730767,tvm
32,1,10,2,64,64,4,[32; 1; 10; 2; 64; 64; 4],0.041226471759728156,0.44354303206651274,tvm
16,2,12,3,1024,32,2,[16; 2; 12; 3; 1024; 32; 2],0.23697071301285177,0.07716444810090345,tvm
32,4,5,1,128,128,8,[32; 4; 5; 1; 128; 128; 8],0.06076642399420962,0.3009180577658596,tvm
80,80,500,2,1280,64,4,[80; 80; 500; 2; 1280; 64; 4],0.06509965599980205,0.28088803243092236,tvm
4,2,20,1,512,32,2,[4; 2; 20; 1; 512; 32; 2],0.12359692098107189,0.1479463577293696,tvm
64,4,1500,15,1280,16,1,[64; 4; 1500; 15; 1280; 16; 1],0.14120257302420214,0.12949986600159272,tvm
4,4,500,4,5120,80,5,[4; 4; 500; 4; 5120; 80; 5],1.086043578980025,0.016836998661589258,tvm
320,16,150,30,1280,16,1,[320; 16; 150; 30; 1280; 16; 1],0.1867789929965511,0.09790027236120678,tvm
160,32,1500,10,320,16,1,[160; 32; 1500; 10; 320; 16; 1],0.04575184251007158,0.39967164779623815,tvm
32,32,12,3,640,80,5,[32; 32; 12; 3; 640; 80; 5],0.06107957899803296,0.29937525087236067,tvm
32,1,12,4,64,64,4,[32; 1; 12; 4; 64; 64; 4],0.06674890598515049,0.2739477751108352,tvm
10,1,10,2,64,16,1,[10; 1; 10; 2; 64; 16; 1],0.05604331399081275,0.3262782477266046,tvm
128,128,10,10,128,32,2,[128; 128; 10; 10; 128; 32; 2],0.06420637900009751,0.2847959123451973,tvm
40,1,750,1,320,160,10,[40; 1; 750; 1; 320; 160; 10],0.09219505547662266,0.1983372556281056,tvm
80,80,750,5,1024,64,4,[80; 80; 750; 5; 1024; 64; 4],0.09429689947864972,0.19391638947635237,tvm
10,5,150,2,128,32,2,[10; 5; 150; 2; 128; 32; 2],0.03883751075773034,0.47082611446910616,tvm
160,80,12,12,64,32,2,[160; 80; 12; 12; 64; 32; 2],0.05851592050748877,0.3124912695062895,tvm
40,1,300,4,5120,32,2,[40; 1; 300; 4; 5120; 32; 2],0.9543049620115198,0.019161290167842123,tvm
10,10,6,3,2560,16,1,[10; 10; 6; 3; 2560; 16; 1],0.18363411800237373,0.09957688954880334,tvm
40,20,50,1,320,160,10,[40; 20; 50; 1; 320; 160; 10],0.06093951250659302,0.30006335025630476,tvm
40,40,25,25,512,16,1,[40; 40; 25; 25; 512; 16; 1],0.46803072199691087,0.03906947434496614,tvm
5,1,4,2,256,128,8,[5; 1; 4; 2; 256; 128; 8],0.08241115900455043,0.22188395972813124,tvm
2,2,10,5,128,32,2,[2; 2; 10; 5; 128; 32; 2],0.08521714300150052,0.21457788470322584,tvm
64,1,500,10,32,32,2,[64; 1; 500; 10; 32; 32; 2],0.056372582010226324,0.32437248097660576,tvm
8,1,750,30,16,16,1,[8; 1; 750; 30; 16; 16; 1],0.08894207500270568,0.2055912714556977,tvm
16,4,500,2,640,64,4,[16; 4; 500; 2; 640; 64; 4],0.06004163349280134,0.3045505796891193,tvm
40,40,750,10,128,32,2,[40; 40; 750; 10; 128; 32; 2],0.042549210993456654,0.42975448565958885,tvm
4,4,1500,1,128,64,4,[4; 4; 1500; 1; 128; 64; 4],0.061065051006153226,0.2994464752657248,tvm
160,40,1500,12,1280,16,1,[160; 40; 1500; 12; 1280; 16; 1],0.13476009800797328,0.1356908651449065,tvm
8,2,1500,4,1280,64,4,[8; 2; 1500; 4; 1280; 64; 4],0.18829289701534435,0.09711313902735348,tvm
10,10,12,1,512,64,4,[10; 10; 12; 1; 512; 64; 4],0.07344122949871235,0.24898431590166792,tvm
80,1,60,15,128,16,1,[80; 1; 60; 15; 128; 16; 1],0.08396294349222444,0.21778314962728376,tvm
32,1,6,2,5120,128,8,[32; 1; 6; 2; 5120; 128; 8],0.2971903820289299,0.06152862068037677,tvm
4,4,300,12,128,32,2,[4; 4; 300; 12; 128; 32; 2],0.06916186099988408,0.2643901425056352,tvm
4,4,12,2,640,32,2,[4; 4; 12; 2; 640; 32; 2],0.07384309300687164,0.24762931157302237,tvm
128,32,12,6,64,32,2,[128; 32; 12; 6; 64; 32; 2],0.028063927005860023,0.6515736119858083,tvm
160,5,150,30,640,16,1,[160; 5; 150; 30; 640; 16; 1],0.06302760652033612,0.2901223018807532,tvm
10,5,300,25,1024,16,1,[10; 5; 300; 25; 1024; 16; 1],0.33840699901338667,0.05403468113551323,tvm
2,2,20,1,640,32,2,[2; 2; 20; 1; 640; 32; 2],0.14466200699098408,0.1264030180837594,tvm
10,1,75,15,16,16,1,[10; 1; 75; 15; 16; 16; 1],0.1086859600036405,0.1682435733658864,tvm
32,16,60,5,5120,64,4,[32; 16; 60; 5; 5120; 64; 4],0.3055210110032931,0.05985092228408864,tvm
128,128,5,5,1280,64,4,[128; 128; 5; 5; 1280; 64; 4],0.11035766499117017,0.16569500892554537,tvm
4,2,60,1,320,80,5,[4; 2; 60; 1; 320; 80; 5],0.08649285900173709,0.21141299405245748,tvm
16,8,60,3,80,80,5,[16; 8; 60; 3; 80; 80; 5],0.03890415950445458,0.4700195176718969,tvm
80,5,750,10,320,32,2,[80; 5; 750; 10; 320; 32; 2],0.04228946700459346,0.43239405887352755,tvm
320,8,150,30,640,16,1,[320; 8; 150; 30; 640; 16; 1],0.06360848050098866,0.2874728989231251,tvm
80,16,300,10,5120,32,2,[80; 16; 300; 10; 5120; 32; 2],0.39097581896930933,0.04676942511155574,tvm
1,1,300,6,320,16,1,[1; 1; 300; 6; 320; 16; 1],0.3942485160077922,0.046381187355827296,tvm
40,1,30,10,32,32,2,[40; 1; 30; 10; 32; 32; 2],0.05770744101027958,0.3168692627083742,tvm
256,32,30,30,512,16,1,[256; 32; 30; 30; 512; 16; 1],0.49504566699033603,0.03693742922119395,tvm
20,10,750,3,64,16,1,[20; 10; 750; 3; 64; 16; 1],0.05357514350907877,0.3413096650429992,tvm
20,20,10,1,512,64,4,[20; 20; 10; 1; 512; 64; 4],0.0733359330042731,0.24934181016894985,tvm
256,16,150,6,128,32,2,[256; 16; 150; 6; 128; 32; 2],0.03705315024126321,0.4934995855049029,tvm
20,4,4,4,1280,80,5,[20; 4; 4; 4; 1280; 80; 5],0.0990876670111902,0.1845407691721033,tvm
40,4,100,25,64,16,1,[40; 4; 100; 25; 64; 16; 1],0.05581641700700857,0.3276045877939146,tvm
160,4,1500,12,128,16,1,[160; 4; 1500; 12; 128; 16; 1],0.053971905494108796,0.33880060595063166,tvm
20,4,75,5,32,16,1,[20; 4; 75; 5; 32; 16; 1],0.07099289449979551,0.25757104868807623,tvm
16,4,375,3,1024,32,2,[16; 4; 375; 3; 1024; 32; 2],0.12619353702757508,0.14490214567580112,tvm
40,8,100,2,160,160,10,[40; 8; 100; 2; 160; 160; 10],0.03994222650362644,0.4578040807027642,tvm
40,1,250,10,80,16,1,[40; 1; 250; 10; 80; 16; 1],0.07937028151354752,0.23038489894474096,tvm
160,8,750,10,128,16,1,[160; 8; 750; 10; 128; 16; 1],0.04407669750798959,0.41486126047441996,tvm
10,5,150,10,5120,32,2,[10; 5; 150; 10; 5120; 32; 2],1.1727633299888112,0.015591990146800329,tvm
16,1,500,5,5120,16,1,[16; 1; 500; 5; 5120; 16; 1],1.324187746969983,0.013809004295316736,tvm
256,8,150,25,5120,16,1,[256; 8; 150; 25; 5120; 16; 1],1.1366064670146443,0.016087990713041306,tvm
10,1,30,1,256,32,2,[10; 1; 30; 1; 256; 32; 2],0.056754461489617825,0.32218990024351335,tvm
8,2,15,5,1024,64,4,[8; 2; 15; 5; 1024; 64; 4],0.17251320998184383,0.10599602365313804,tvm
8,1,250,5,2560,80,5,[8; 1; 250; 5; 2560; 80; 5],0.4236065950244665,0.04316673654398168,tvm
20,10,300,4,5120,64,4,[20; 10; 300; 4; 5120; 64; 4],0.42040513700339943,0.043495458728341915,tvm
320,10,500,10,512,16,1,[320; 10; 500; 10; 512; 16; 1],0.10659767600009218,0.171539521046392,tvm
256,1,100,10,64,16,1,[256; 1; 100; 10; 64; 16; 1],0.08762007049517706,0.2086932158622356,tvm
80,16,100,2,1024,64,4,[80; 16; 100; 2; 1024; 64; 4],0.06214601552346721,0.29423791906352137,tvm
10,10,75,3,512,32,2,[10; 10; 75; 3; 512; 32; 2],0.09629611848504283,0.189890460523126,tvm
32,8,60,5,64,64,4,[32; 8; 60; 5; 64; 64; 4],0.03773706174979452,0.48455585670534757,tvm
160,32,375,25,2560,16,1,[160; 32; 375; 25; 2560; 16; 1],1.0799937749980018,0.016931314521463903,tvm
20,2,300,2,256,64,4,[20; 2; 300; 2; 256; 64; 4],0.05693058398901485,0.321193161996066,tvm
8,2,12,1,5120,160,10,[8; 2; 12; 1; 5120; 160; 10],0.6503262809710577,0.02811775384259471,tvm
20,2,50,2,5120,128,8,[20; 2; 50; 2; 5120; 128; 8],0.4063803070457652,0.04499655610441529,tvm
160,2,300,12,128,32,2,[160; 2; 300; 12; 128; 32; 2],0.06574088899651542,0.27814826609180043,tvm
80,40,20,4,256,32,2,[80; 40; 20; 4; 256; 32; 2],0.036249472497729585,0.5044408380524593,tvm
256,8,250,10,160,16,1,[256; 8; 250; 10; 160; 16; 1],0.04705040749104228,0.38864093343284273,tvm
160,5,250,25,32,16,1,[160; 5; 250; 25; 32; 16; 1],0.04529447173990775,0.403707419102169,tvm
10,10,30,30,512,16,1,[10; 10; 30; 30; 512; 16; 1],0.19583575800061226,0.09337270410880284,tvm
10,1,1500,3,2560,16,1,[10; 1; 1500; 3; 2560; 16; 1],0.33818635501665995,0.05406993515398776,tvm
20,1,375,25,320,16,1,[20; 1; 375; 25; 320; 16; 1],0.09097710248897783,0.20099248915879311,tvm
5,1,6,6,256,32,2,[5; 1; 6; 6; 256; 32; 2],0.10088754404569045,0.18124848274067373,tvm
40,4,75,3,128,64,4,[40; 4; 75; 3; 128; 64; 4],0.04640585974266287,0.3940389077395641,tvm
20,20,20,2,320,16,1,[20; 20; 20; 2; 320; 16; 1],0.052278164512244985,0.34977728189809093,tvm
80,4,300,10,32,16,1,[80; 4; 300; 10; 32; 16; 1],0.05561268000747077,0.32880476688513954,tvm
16,1,12,3,32,16,1,[16; 1; 12; 3; 32; 16; 1],0.1256076529971324,0.1455780268908595,tvm
4,1,125,5,128,64,4,[4; 1; 125; 5; 128; 64; 4],0.07826351499534212,0.2336428958858105,tvm
20,10,60,1,640,16,1,[20; 10; 60; 1; 640; 16; 1],0.09171232450171374,0.1993812105958845,tvm
16,1,250,2,1024,16,1,[16; 1; 250; 2; 1024; 16; 1],0.13957642496097833,0.13100861618161133,tvm
16,8,60,5,1280,64,4,[16; 8; 60; 5; 1280; 64; 4],0.11262790596811101,0.16235509422408712,tvm
8,2,50,25,160,16,1,[8; 2; 50; 25; 160; 16; 1],0.09349439750076272,0.1955808559070624,tvm
40,2,500,20,160,16,1,[40; 2; 500; 20; 160; 16; 1],0.07131451251916587,0.25640944093672347,tvm
160,10,750,6,2560,32,2,[160; 10; 750; 6; 2560; 32; 2],0.14887659199303016,0.12282464315525408,tvm
20,5,75,5,512,16,1,[20; 5; 75; 5; 512; 16; 1],0.11020329495659098,0.16592711037285246,tvm
40,1,30,5,640,80,5,[40; 1; 30; 5; 640; 80; 5],0.06786070848465897,0.2694595251661434,tvm
128,64,3,3,64,64,4,[128; 64; 3; 3; 64; 64; 4],0.029687786489375867,0.6159339057581154,tvm
128,8,60,10,320,16,1,[128; 8; 60; 10; 320; 16; 1],0.041016686998773366,0.44581158605669774,tvm
160,160,300,4,160,32,2,[160; 160; 300; 4; 160; 32; 2],0.05509222450200468,0.33191098110494544,tvm
64,2,10,10,1024,16,1,[64; 2; 10; 10; 1024; 16; 1],0.45327969099162146,0.04034090794077135,tvm
32,8,5,5,80,80,5,[32; 8; 5; 5; 80; 80; 5],0.03707816399401054,0.49316665972641177,tvm
16,8,50,1,5120,16,1,[16; 8; 50; 1; 5120; 16; 1],0.7709176039788872,0.023719414618809342,tvm
128,16,60,20,640,16,1,[128; 16; 60; 20; 640; 16; 1],0.04487780549970921,0.4074556249376492,tvm
4,2,10,10,256,16,1,[4; 2; 10; 10; 256; 16; 1],0.10033938899869099,0.18223864494483655,tvm
256,1,30,30,128,16,1,[256; 1; 30; 30; 128; 16; 1],0.09957965847570449,0.18362901184457917,tvm
4,2,250,5,128,16,1,[4; 2; 250; 5; 128; 16; 1],0.092877048504306,0.1968808718643392,tvm
80,40,20,5,320,80,5,[80; 40; 20; 5; 320; 80; 5],0.056893935514381155,0.3214000599605591,tvm
16,4,60,4,256,64,4,[16; 4; 60; 4; 256; 64; 4],0.06380324749625288,0.2865953537363156,tvm
128,1,150,2,64,64,4,[128; 1; 150; 2; 64; 64; 4],0.03563824474986177,0.5130924492510315,tvm
80,16,300,4,1280,32,2,[80; 16; 300; 4; 1280; 32; 2],0.07611785049084574,0.2402289892291875,tvm
20,20,50,5,640,16,1,[20; 20; 50; 5; 640; 16; 1],0.06069111649412662,0.30129144662355795,tvm
64,64,12,2,320,64,4,[64; 64; 12; 2; 320; 64; 4],0.03218367724912241,0.5681673397409212,tvm
32,8,30,30,640,16,1,[32; 8; 30; 30; 640; 16; 1],0.047984834498493,0.38107278011532086,tvm
8,4,50,25,128,16,1,[8; 4; 50; 25; 128; 16; 1],0.07566066048457287,0.24168060612480013,tvm
16,8,30,5,5120,16,1,[16; 8; 30; 5; 5120; 16; 1],0.5887257620343007,0.03105981675157085,tvm
16,2,12,1,256,64,4,[16; 2; 12; 1; 256; 64; 4],0.051279764011269435,0.35658733300129364,tvm
64,1,15,5,320,64,4,[64; 1; 15; 5; 320; 64; 4],0.06604904751293361,0.27685053720318387,tvm
20,20,60,20,1280,16,1,[20; 20; 60; 20; 1280; 16; 1],0.16273514600470662,0.11236487467301887,tvm
80,10,1500,4,5120,80,5,[80; 10; 1500; 4; 5120; 80; 5],0.32041315402602777,0.05706917476998745,tvm
16,2,20,2,64,16,1,[16; 2; 20; 2; 64; 16; 1],0.047444492505746894,0.3854127912422998,tvm
80,20,300,15,32,16,1,[80; 20; 300; 15; 32; 16; 1],0.04008067700488027,0.4562226901378885,tvm
40,40,30,10,160,16,1,[40; 40; 30; 10; 160; 16; 1],0.04850756100495346,0.3769662689049033,tvm
4,4,30,5,160,32,2,[4; 4; 30; 5; 160; 32; 2],0.06177671899786219,0.2959968509552453,tvm
20,4,50,2,640,16,1,[20; 4; 50; 2; 640; 16; 1],0.06416624001576565,0.2849740655089263,tvm
80,2,300,5,80,80,5,[80; 2; 300; 5; 80; 80; 5],0.06178564499714412,0.2959540891182652,tvm
320,160,300,12,80,16,1,[320; 160; 300; 12; 80; 16; 1],0.09335090449894778,0.19588149021009643,tvm
2,2,1500,1,640,128,8,[2; 2; 1500; 1; 640; 128; 8],0.16767928597982973,0.10905171845682769,tvm
20,4,6,3,32,32,2,[20; 4; 6; 3; 32; 32; 2],0.04801830000360496,0.3808071981794751,tvm
256,32,300,10,640,32,2,[256; 32; 300; 10; 640; 32; 2],0.042106967011932284,0.43426814095948724,tvm
64,2,100,1,640,128,8,[64; 2; 100; 1; 640; 128; 8],0.061564962001284584,0.2970149528449761,tvm
128,64,75,25,320,16,1,[128; 64; 75; 25; 320; 16; 1],0.08647359549649991,0.21146008999307098,tvm
16,4,12,2,64,16,1,[16; 4; 12; 2; 64; 16; 1],0.051929119013948366,0.3521283363348158,tvm
4,4,500,2,512,16,1,[4; 4; 500; 2; 512; 16; 1],0.21481859002960846,0.0851216567578903,tvm
256,2,500,10,160,16,1,[256; 2; 500; 10; 160; 16; 1],0.08054827401065268,0.22701559419257034,tvm
20,5,300,6,32,16,1,[20; 5; 300; 6; 32; 16; 1],0.0699170489970129,0.26153441182129294,tvm
256,256,300,12,64,16,1,[256; 256; 300; 12; 64; 16; 1],0.08795819847728126,0.20789095959528217,tvm
128,1,750,5,512,32,2,[128; 1; 750; 5; 512; 32; 2],0.1336032149847597,0.1368658253306267,tvm
20,20,100,25,80,16,1,[20; 20; 100; 25; 80; 16; 1],0.05743939499370754,0.3183479611461346,tvm
16,8,10,5,64,64,4,[16; 8; 10; 5; 64; 64; 4],0.039506656510639004,0.46285147620097916,tvm
80,4,5,5,2560,80,5,[80; 4; 5; 5; 2560; 80; 5],0.190498674986884,0.0959886691441464,tvm
256,2,50,5,160,32,2,[256; 2; 50; 5; 160; 32; 2],0.07211107900366187,0.2535770444481315,tvm
20,2,10,1,5120,80,5,[20; 2; 10; 1; 5120; 80; 5],0.7672607310232706,0.023832464697270805,tvm
80,4,1500,5,5120,32,2,[80; 4; 1500; 5; 5120; 32; 2],0.5249517770134844,0.03483313151113418,tvm
160,20,12,6,1024,32,2,[160; 20; 12; 6; 1024; 32; 2],0.05039451102493331,0.3628513088790008,tvm
40,20,150,3,640,64,4,[40; 20; 150; 3; 640; 64; 4],0.03883015949395485,0.47091525051708943,tvm
320,40,15,15,640,16,1,[320; 40; 15; 15; 640; 16; 1],0.07608396199066192,0.24033598944227647,tvm
40,20,30,6,2560,32,2,[40; 20; 30; 6; 2560; 32; 2],0.12773582595400512,0.14315258972293782,tvm
40,2,6,6,640,64,4,[40; 2; 6; 6; 640; 64; 4],0.06055437750183046,0.30197179857329953,tvm
5,1,750,3,64,32,2,[5; 1; 750; 3; 64; 32; 2],0.08015225850977004,0.22813723063693056,tvm
20,2,750,3,64,16,1,[20; 2; 750; 3; 64; 16; 1],0.11098336597206071,0.16476085515659697,tvm
2,2,250,2,256,16,1,[2; 2; 250; 2; 256; 16; 1],0.26215806597610936,0.06975072164051087,tvm
64,16,30,30,640,16,1,[64; 16; 30; 30; 640; 16; 1],0.07028787597664632,0.2601546003721873,tvm
16,4,4,4,2560,80,5,[16; 4; 4; 4; 2560; 80; 5],0.18189097999129444,0.10053117689832375,tvm
128,1,375,25,2560,16,1,[128; 1; 375; 25; 2560; 16; 1],1.5590669160010293,0.01172862697427813,tvm
20,4,125,1,1280,64,4,[20; 4; 125; 1; 1280; 64; 4],0.10638994397595525,0.1718744610848462,tvm
256,16,250,25,80,16,1,[256; 16; 250; 25; 80; 16; 1],0.05542972352122888,0.3298900503934697,tvm
40,20,300,2,320,80,5,[40; 20; 300; 2; 320; 80; 5],0.04212688574625645,0.43406280720238677,tvm
1,1,750,3,1280,32,2,[1; 1; 750; 3; 1280; 32; 2],0.8396543739945628,0.021777668112085244,tvm
20,4,30,2,320,80,5,[20; 4; 30; 2; 320; 80; 5],0.06092112502665259,0.30015391668677177,tvm
20,10,50,2,256,32,2,[20; 10; 50; 2; 256; 32; 2],0.05187791999196634,0.3524758565598998,tvm
8,8,1500,2,512,16,1,[8; 8; 1500; 2; 512; 16; 1],0.19587627903092653,0.09335338804770327,tvm
4,2,150,6,512,16,1,[4; 2; 150; 6; 512; 16; 1],0.2391870869905688,0.07644942089384323,tvm
256,32,60,20,512,16,1,[256; 32; 60; 20; 512; 16; 1],0.30972946097608656,0.05903769769943222,tvm
160,80,30,10,128,16,1,[160; 80; 30; 10; 128; 16; 1],0.06794299851753749,0.2691331658109609,tvm
256,1,750,25,5120,16,1,[256; 1; 750; 25; 5120; 16; 1],4.5876539800083265,0.0039858529796270945,tvm
8,1,500,2,64,64,4,[8; 1; 500; 2; 64; 64; 4],0.047834230252192356,0.3822725732035002,tvm
4,1,150,25,32,16,1,[4; 1; 150; 25; 32; 16; 1],0.13457740395097062,0.13587507076876112,tvm
256,32,10,10,512,16,1,[256; 32; 10; 10; 512; 16; 1],0.09260995799559169,0.19744868350533862,tvm
64,1,750,5,80,80,5,[64; 1; 750; 5; 80; 80; 5],0.059378199017373845,0.30795333284466836,tvm
16,8,50,2,640,64,4,[16; 8; 50; 2; 640; 64; 4],0.05561857999418862,0.328769887466111,tvm
2,1,300,12,256,32,2,[2; 1; 300; 12; 256; 32; 2],0.1758493019733578,0.10398514000632587,tvm
128,32,20,10,128,32,2,[128; 32; 20; 10; 128; 32; 2],0.03318857749400195,0.5509640866354998,tvm
32,16,6,1,1280,128,8,[32; 16; 6; 1; 1280; 128; 8],0.12818951799999923,0.14264593994116115,tvm
20,20,15,1,128,64,4,[20; 20; 15; 1; 128; 64; 4],0.04234403825830668,0.43183680720690726,tvm
32,2,15,1,512,128,8,[32; 2; 15; 1; 512; 128; 8],0.09970869051176123,0.1833913793457891,tvm
256,8,500,10,1280,16,1,[256; 8; 500; 10; 1280; 16; 1],0.10369423998054117,0.17634262316928798,tvm
40,4,125,25,1024,16,1,[40; 4; 125; 25; 1024; 16; 1],0.3987307649804279,0.045859802883812736,tvm
16,4,125,1,1280,80,5,[16; 4; 125; 1; 1280; 80; 5],0.1866131099523045,0.09798729730396669,tvm
10,2,3,3,5120,32,2,[10; 2; 3; 3; 5120; 32; 2],0.3323902509873733,0.05501278762357238,tvm
128,1,300,10,32,32,2,[128; 1; 300; 10; 32; 32; 2],0.05614880201756023,0.32566526138875646,tvm
20,2,30,30,128,16,1,[20; 2; 30; 30; 128; 16; 1],0.10248117096489295,0.17842998975859123,tvm
128,8,300,4,5120,32,2,[128; 8; 300; 4; 5120; 32; 2],0.3897564000217244,0.04691575118380371,tvm
128,1,1500,5,128,32,2,[128; 1; 1500; 5; 128; 32; 2],0.05989441749989055,0.30529914220716314,tvm
8,2,300,4,64,16,1,[8; 2; 300; 4; 64; 16; 1],0.08627195400185883,0.2119543308978524,tvm
20,20,3,1,512,16,1,[20; 20; 3; 1; 512; 16; 1],0.09720906801521778,0.1881070836195211,tvm
256,16,300,5,256,32,2,[256; 16; 300; 5; 256; 32; 2],0.043501391002791934,0.4203478064538374,tvm
64,64,750,6,320,32,2,[64; 64; 750; 6; 320; 32; 2],0.04340040675015189,0.42132587353343853,tvm
256,8,100,4,160,32,2,[256; 8; 100; 4; 160; 32; 2],0.04406156949698925,0.41500369810847887,tvm
5,5,10,2,256,128,8,[5; 5; 10; 2; 256; 128; 8],0.07777580298716202,0.2351080102475136,tvm
8,4,300,30,64,16,1,[8; 4; 300; 30; 64; 16; 1],0.07176524100941606,0.2547990368110808,tvm
16,16,20,20,512,16,1,[16; 16; 20; 20; 512; 16; 1],0.14420628995867446,0.12680247367125572,tvm
10,1,375,15,1280,16,1,[10; 1; 375; 15; 1280; 16; 1],0.26477026799693704,0.06906256666978115,tvm
40,40,150,25,512,16,1,[40; 40; 150; 25; 512; 16; 1],0.46889547898899764,0.03899742075812028,tvm
8,2,500,4,640,16,1,[8; 2; 500; 4; 640; 16; 1],0.09924193500773981,0.18425390722468477,tvm
8,8,100,25,128,16,1,[8; 8; 100; 25; 128; 16; 1],0.05817291099810973,0.3143338363505389,tvm
8,4,1500,1,320,160,10,[8; 4; 1500; 1; 320; 160; 10],0.05967348150443286,0.30642948634320805,tvm
32,2,30,15,2560,16,1,[32; 2; 30; 15; 2560; 16; 1],0.6013322820072062,0.030408668938706928,tvm
8,1,60,3,320,32,2,[8; 1; 60; 3; 320; 32; 2],0.1080425109830685,0.1692455508422964,tvm
4,4,250,2,2560,80,5,[4; 4; 250; 2; 2560; 80; 5],0.4028696449822746,0.04538866234639946,tvm
5,5,60,15,80,16,1,[5; 5; 60; 15; 80; 16; 1],0.08566273099859245,0.21346172451605291,tvm
64,8,12,12,64,32,2,[64; 8; 12; 12; 64; 32; 2],0.039509622249170206,0.4628167328554585,tvm
8,2,150,2,2560,80,5,[8; 2; 150; 2; 2560; 80; 5],0.40997598198009655,0.044601915940046505,tvm
256,8,375,5,2560,32,2,[256; 8; 375; 5; 2560; 32; 2],0.17818090604851022,0.10262443205186056,tvm
32,8,25,1,160,160,10,[32; 8; 25; 1; 160; 160; 10],0.06215081250411458,0.2942152089243196,tvm
128,64,375,5,640,32,2,[128; 64; 375; 5; 640; 32; 2],0.036475600747508,0.5013135880144088,tvm
40,10,150,30,64,16,1,[40; 10; 150; 30; 64; 16; 1],0.049249548246734776,0.3712869444833257,tvm
80,16,375,15,5120,16,1,[80; 16; 375; 15; 5120; 16; 1],0.5847463459940627,0.03127119033916965,tvm
10,5,4,2,5120,64,4,[10; 5; 4; 2; 5120; 64; 4],0.4433091569808312,0.04124822146749603,tvm
2,2,375,3,1280,64,4,[2; 2; 375; 3; 1280; 64; 4],0.30301975400652736,0.06034495785816127,tvm
1,1,500,5,32,16,1,[1; 1; 500; 5; 32; 16; 1],0.24338792299386114,0.07512991631131796,tvm
16,2,75,1,1280,160,10,[16; 2; 75; 1; 1280; 160; 10],0.22885483701247722,0.07990092988385186,tvm
20,1,20,1,128,32,2,[20; 1; 20; 1; 128; 32; 2],0.08835714898305014,0.20695228961294462,tvm
16,2,125,1,2560,160,10,[16; 2; 125; 1; 2560; 160; 10],0.4124165610410273,0.04433797284851328,tvm
16,16,150,6,320,32,2,[16; 16; 150; 6; 320; 32; 2],0.038446114253019914,0.4756193087648112,tvm
16,2,125,5,2560,32,2,[16; 2; 125; 5; 2560; 32; 2],0.35884828900452703,0.05095667123407576,tvm
64,1,300,5,640,64,4,[64; 1; 300; 5; 640; 64; 4],0.07003471450298093,0.2610950071758482,tvm
160,1,12,6,640,32,2,[160; 1; 12; 6; 640; 32; 2],0.07336292447871529,0.2492500730531742,tvm
2,1,60,6,5120,32,2,[2; 1; 60; 6; 5120; 32; 2],3.090228505025152,0.005917269307424713,tvm
160,20,60,10,128,16,1,[160; 20; 60; 10; 128; 16; 1],0.03471881098812446,0.5266803143681649,tvm
64,2,500,20,16,16,1,[64; 2; 500; 20; 16; 16; 1],0.06946262501878664,0.2632453680057267,tvm
80,8,4,4,2560,80,5,[80; 8; 4; 4; 2560; 80; 5],0.14030767400981858,0.1303258315324554,tvm
16,4,100,2,2560,64,4,[16; 4; 100; 2; 2560; 64; 4],0.2455679780105129,0.07446294274138408,tvm
8,4,750,5,1024,32,2,[8; 4; 750; 5; 1024; 32; 2],0.19295446400064975,0.09476699272245244,tvm
8,4,12,4,320,32,2,[8; 4; 12; 4; 320; 32; 2],0.05475177851621993,0.3339748001116939,tvm
