kc,ku,mc,mr,nc,nr,nvr,X,time,peak,backend
20,4,50,10,128,16,1,[20; 4; 50; 10; 128; 16; 1],0.10782092902809381,0.16959336606114536,tvm
2,1,4,2,640,16,1,[2; 1; 4; 2; 640; 16; 1],0.4672614290029742,0.03913379780721831,tvm
4,2,60,6,128,16,1,[4; 2; 60; 6; 128; 16; 1],0.1623948880005628,0.11260030725629071,tvm
20,4,30,10,80,16,1,[20; 4; 30; 10; 80; 16; 1],0.06888298649573699,0.2654605326504818,tvm
5,1,75,25,32,16,1,[5; 1; 75; 25; 32; 16; 1],0.12990221101790667,0.14076522749249934,tvm
40,2,20,4,640,32,2,[40; 2; 20; 4; 640; 32; 2],0.2932375009986572,0.06235803477877143,tvm
10,5,750,5,320,32,2,[10; 5; 750; 5; 320; 32; 2],0.14338401198619977,0.1275296599140651,tvm
256,1,30,10,80,16,1,[256; 1; 30; 10; 80; 16; 1],0.08127288150717504,0.22499158325154206,tvm
40,40,12,4,64,64,4,[40; 40; 12; 4; 64; 64; 4],0.038167285500094295,0.4790939163244688,tvm
20,20,1500,1,32,16,1,[20; 20; 1500; 1; 32; 16; 1],0.0665305815055035,0.2748467527553726,tvm
128,128,1500,12,128,16,1,[128; 128; 1500; 12; 128; 16; 1],0.13505401398288086,0.13539556320060314,tvm
64,1,6,6,128,32,2,[64; 1; 6; 6; 128; 32; 2],0.09114063050947152,0.20063186071347178,tvm
80,1,125,5,256,32,2,[80; 1; 125; 5; 256; 32; 2],0.12500026100315154,0.14628540883809246,tvm
20,2,300,2,64,32,2,[20; 2; 300; 2; 64; 32; 2],0.05220053199445829,0.3502974699119069,tvm
8,1,750,2,128,64,4,[8; 1; 750; 2; 128; 64; 4],0.07261723099509254,0.25180957790789393,tvm
2,2,60,12,256,16,1,[2; 2; 60; 12; 256; 16; 1],0.30742605502018705,0.0594800407678964,tvm
8,4,300,1,256,32,2,[8; 4; 300; 1; 256; 32; 2],0.09108334052143618,0.20075805499701452,tvm
8,2,50,10,320,32,2,[8; 2; 50; 10; 320; 32; 2],0.15482409001560882,0.11810638954099964,tvm
64,32,20,5,640,80,5,[64; 32; 20; 5; 640; 80; 5],0.21650322701316327,0.08445931517040403,tvm
160,5,60,15,160,16,1,[160; 5; 60; 15; 160; 16; 1],0.059494342014659196,0.30735215596146526,tvm
32,2,1500,2,640,64,4,[32; 2; 1500; 2; 640; 64; 4],0.161456267000176,0.11325490565005045,tvm
320,40,30,30,256,16,1,[320; 40; 30; 30; 256; 16; 1],0.22429847199236974,0.08152402521197886,tvm
128,4,20,4,640,32,2,[128; 4; 20; 4; 640; 32; 2],0.19840132899116725,0.09216528124430236,tvm
128,4,300,15,32,16,1,[128; 4; 300; 15; 32; 16; 1],0.06738630900508724,0.2713565196801895,tvm
20,2,12,2,1280,128,8,[20; 2; 12; 2; 1280; 128; 8],0.26259823195869103,0.06963380579268633,tvm
40,5,20,5,640,64,4,[40; 5; 20; 5; 640; 64; 4],0.16292428999440745,0.1122344267164949,tvm
10,1,20,5,320,64,4,[10; 1; 20; 5; 320; 64; 4],0.14613043901044875,0.1251328224943388,tvm
40,40,25,5,80,80,5,[40; 40; 25; 5; 80; 80; 5],0.0664836160140112,0.27504091055848456,tvm
64,1,1500,5,64,32,2,[64; 1; 1500; 5; 64; 32; 2],0.06905840450781398,0.2647862257467193,tvm
10,1,300,1,640,16,1,[10; 1; 300; 1; 640; 16; 1],0.283273177978117,0.06455152025415857,tvm
512,32,60,10,320,16,1,[512; 32; 60; 10; 320; 16; 1],0.08852458349429071,0.20656086212361116,tvm
32,8,500,25,1280,16,1,[32; 8; 500; 25; 1280; 16; 1],0.7294823250267655,0.02506669957362348,tvm
512,512,150,15,80,16,1,[512; 512; 150; 15; 80; 16; 1],0.09486343848402612,0.19275829105428627,tvm
512,512,50,25,64,16,1,[512; 512; 50; 25; 64; 16; 1],0.16344965295866132,0.11187368070055798,tvm
64,1,6,3,64,64,4,[64; 1; 6; 3; 64; 64; 4],0.04443396700662561,0.4115255854375478,tvm
20,10,6,2,1280,160,10,[20; 10; 6; 2; 1280; 160; 10],0.29236530896741897,0.0625440629406276,tvm
320,320,750,15,32,16,1,[320; 320; 750; 15; 32; 16; 1],0.09400531250867061,0.19451788199765516,tvm
2,1,750,1,1280,128,8,[2; 1; 750; 1; 1280; 128; 8],1.0454003459890373,0.01749159004573932,tvm
20,1,500,1,320,16,1,[20; 1; 500; 1; 320; 16; 1],0.137853454973083,0.13264603552580326,tvm
2,1,100,4,32,16,1,[2; 1; 100; 4; 32; 16; 1],0.13233455701265484,0.13817792342755691,tvm
320,160,10,10,16,16,1,[320; 160; 10; 10; 16; 16; 1],0.07748971448745579,0.23597601832272103,tvm
80,8,75,25,160,16,1,[80; 8; 75; 25; 160; 16; 1],0.06843106049927883,0.26721366222151405,tvm
20,20,4,2,640,160,10,[20; 20; 4; 2; 640; 160; 10],0.2051732799736783,0.08912327320623896,tvm
20,10,25,5,1280,80,5,[20; 10; 25; 5; 1280; 80; 5],0.3721013760077767,0.04914175400773612,tvm
160,5,750,10,1280,32,2,[160; 5; 750; 10; 1280; 32; 2],0.3967568269581534,0.04608796381881265,tvm
40,2,50,25,64,16,1,[40; 2; 50; 25; 64; 16; 1],0.15103931399062276,0.12106592517263122,tvm
4,1,150,15,64,16,1,[4; 1; 150; 15; 64; 16; 1],0.13790570601122454,0.13259577732212155,tvm
64,64,20,10,640,16,1,[64; 64; 20; 10; 640; 16; 1],0.2572690880042501,0.07107621995150933,tvm
320,10,10,10,256,16,1,[320; 10; 10; 10; 256; 16; 1],0.068314846517751,0.26766823344853613,tvm
80,16,750,15,256,16,1,[80; 16; 750; 15; 256; 16; 1],0.09815742398495786,0.18628967166575686,tvm
10,2,300,5,160,16,1,[10; 2; 300; 5; 160; 16; 1],0.11173403798602521,0.16365392869808676,tvm
20,10,12,4,640,32,2,[20; 10; 12; 4; 640; 32; 2],0.16348868398927152,0.11184697215444118,tvm
160,160,1500,10,640,16,1,[160; 160; 1500; 10; 640; 16; 1],0.33414326899219304,0.05472417367815216,tvm
160,1,60,12,256,32,2,[160; 1; 60; 12; 256; 32; 2],0.1420795790036209,0.12870051005182298,tvm
256,8,30,5,1280,32,2,[256; 8; 30; 5; 1280; 32; 2],0.323643326992169,0.05649958692383834,tvm
16,4,20,20,640,16,1,[16; 4; 20; 20; 640; 16; 1],0.3393121529952623,0.05389053744258198,tvm
128,8,25,5,256,64,4,[128; 8; 25; 5; 256; 64; 4],0.05759271347778849,0.317500481944933,tvm
80,16,60,3,80,80,5,[80; 16; 60; 3; 80; 80; 5],0.03839305826113559,0.4762765748261449,tvm
40,1,750,15,320,16,1,[40; 1; 750; 15; 320; 16; 1],0.20758816896704957,0.08808649537545069,tvm
320,5,30,10,320,16,1,[320; 5; 30; 10; 320; 16; 1],0.10624499595724046,0.17210894612931782,tvm
4,2,300,1,640,128,8,[4; 2; 300; 1; 640; 128; 8],0.2855657269828953,0.06403329446747494,tvm
320,8,60,20,64,16,1,[320; 8; 60; 20; 64; 16; 1],0.07139702700078487,0.2561131051789211,tvm
128,64,100,10,1280,16,1,[128; 64; 100; 10; 1280; 16; 1],0.6005351869971491,0.030449030600768267,tvm
4,4,6,2,1280,160,10,[4; 4; 6; 2; 1280; 160; 10],0.6542965190019459,0.02794713674101009,tvm
160,10,150,10,320,32,2,[160; 10; 150; 10; 320; 32; 2],0.06805839948356152,0.26867681909168206,tvm
256,256,30,6,64,32,2,[256; 256; 30; 6; 64; 32; 2],0.07782422500895336,0.23496172668099927,tvm
20,1,750,3,640,32,2,[20; 1; 750; 3; 640; 32; 2],0.35512223601108417,0.05149132448339154,tvm
160,4,1500,6,160,32,2,[160; 4; 1500; 6; 160; 32; 2],0.042834099745959975,0.4268961970524187,tvm
5,5,100,20,256,16,1,[5; 5; 100; 20; 256; 16; 1],0.19996014202479273,0.09144679584918014,tvm
256,2,4,4,320,32,2,[256; 2; 4; 4; 320; 32; 2],0.11852513800840825,0.15427709760959812,tvm
10,5,300,10,256,32,2,[10; 5; 300; 10; 256; 32; 2],0.1074171100044623,0.1702309276888446,tvm
4,4,100,4,16,16,1,[4; 4; 100; 4; 16; 16; 1],0.09810057352297008,0.18639762877056695,tvm
16,16,1500,25,256,16,1,[16; 16; 1500; 25; 256; 16; 1],0.193842971988488,0.09433261416772049,tvm
4,1,25,1,320,64,4,[4; 1; 25; 1; 320; 64; 4],0.1327453280100599,0.13775034164915043,tvm
320,32,75,15,1280,16,1,[320; 32; 75; 15; 1280; 16; 1],0.6712664309889078,0.02724062077523499,tvm
8,1,12,1,80,80,5,[8; 1; 12; 1; 80; 80; 5],0.06560727849137038,0.27871472047296536,tvm
320,1,300,20,256,16,1,[320; 1; 300; 20; 256; 16; 1],0.22026220499537885,0.08301793894280649,tvm
20,1,250,10,32,32,2,[20; 1; 250; 10; 32; 32; 2],0.06277119650621898,0.2913074037692216,tvm
80,5,500,10,32,16,1,[80; 5; 500; 10; 32; 16; 1],0.059014166006818414,0.3098529645170548,tvm
20,20,300,10,320,32,2,[20; 20; 300; 10; 320; 32; 2],0.0831043110229075,0.22003328179537973,tvm
16,4,60,1,64,32,2,[16; 4; 60; 1; 64; 32; 2],0.060004578495863825,0.30473865068437633,tvm
256,1,250,25,256,16,1,[256; 1; 250; 25; 256; 16; 1],0.23795115301618353,0.07684650422547286,tvm
80,2,1500,15,64,16,1,[80; 2; 1500; 15; 64; 16; 1],0.11141012498410419,0.16412973496191,tvm
20,1,50,1,128,32,2,[20; 1; 50; 1; 128; 32; 2],0.11634057899937034,0.15717400104922336,tvm
40,5,500,5,640,32,2,[40; 5; 500; 5; 640; 32; 2],0.1992128539714031,0.09178983143496952,tvm
64,1,75,3,320,64,4,[64; 1; 75; 3; 320; 64; 4],0.14184846600983292,0.128910201146953,tvm
320,160,150,30,640,16,1,[320; 160; 150; 30; 640; 16; 1],0.5987905039801262,0.030537749286553794,tvm
10,1,50,5,256,16,1,[10; 1; 50; 5; 256; 16; 1],0.18042963003972545,0.10134540696940017,tvm
128,64,100,4,640,64,4,[128; 64; 100; 4; 640; 64; 4],0.11158010398503393,0.16387970285604792,tvm
10,1,50,1,320,160,10,[10; 1; 50; 1; 320; 160; 10],0.16253755998332053,0.11250146912252622,tvm
20,1,1500,5,256,16,1,[20; 1; 1500; 5; 256; 16; 1],0.1609867149963975,0.11358523767705601,tvm
8,4,25,1,64,32,2,[8; 4; 25; 1; 64; 32; 2],0.053417928487760946,0.3423141780929204,tvm
80,5,125,5,256,64,4,[80; 5; 125; 5; 256; 64; 4],0.0657701019954402,0.278024721430142,tvm
256,32,125,25,80,16,1,[256; 32; 125; 25; 80; 16; 1],0.10182560503017157,0.17957874426865536,tvm
20,2,12,2,128,16,1,[20; 2; 12; 2; 128; 16; 1],0.07968768000137061,0.2294672687848332,tvm
80,4,10,5,640,80,5,[80; 4; 10; 5; 640; 80; 5],0.1778711429797113,0.10280315277335363,tvm
40,40,100,10,320,16,1,[40; 40; 100; 10; 320; 16; 1],0.1108519840054214,0.16495613001225123,tvm
16,2,10,10,320,16,1,[16; 2; 10; 10; 320; 16; 1],0.15948465099791065,0.11465501019250963,tvm
256,8,100,20,256,16,1,[256; 8; 100; 20; 256; 16; 1],0.11111446301219985,0.16456646407683762,tvm
16,2,6,1,1280,64,4,[16; 2; 6; 1; 1280; 64; 4],0.33069486601743847,0.055294823611655435,tvm
8,8,5,1,128,128,8,[8; 8; 5; 1; 128; 128; 8],0.06789838950498961,0.2693099853917822,tvm
80,2,6,2,1280,64,4,[80; 2; 6; 2; 1280; 64; 4],0.2607917470159009,0.07011615396172555,tvm
16,1,12,6,320,16,1,[16; 1; 12; 6; 320; 16; 1],0.1730457370285876,0.10566983388150983,tvm
40,1,300,20,1280,16,1,[40; 1; 300; 20; 1280; 16; 1],1.181298803014215,0.015479330241473415,tvm
16,2,100,4,64,64,4,[16; 2; 100; 4; 64; 64; 4],0.0789812174916733,0.2315197823791724,tvm
16,4,30,1,1280,80,5,[16; 4; 30; 1; 1280; 80; 5],0.509431587997824,0.035894347183261816,tvm
20,20,100,5,160,80,5,[20; 20; 100; 5; 160; 80; 5],0.053963158978149295,0.33885551980228806,tvm
2,1,5,1,128,128,8,[2; 1; 5; 1; 128; 128; 8],0.11989510402781889,0.1525142701529456,tvm
10,10,375,3,80,16,1,[10; 10; 375; 3; 80; 16; 1],0.06699695999850519,0.2729334925961159,tvm
64,64,30,2,256,64,4,[64; 64; 30; 2; 256; 64; 4],0.04641245550010353,0.3939829101624131,tvm
40,5,300,6,64,32,2,[40; 5; 300; 6; 64; 32; 2],0.0519071345042903,0.3522774751552296,tvm
32,4,12,4,80,80,5,[32; 4; 12; 4; 80; 80; 5],0.04237770350300707,0.4314937520013739,tvm
128,16,300,10,1280,16,1,[128; 16; 300; 10; 1280; 16; 1],0.37574036204023287,0.0486658238854742,tvm
10,10,5,1,320,32,2,[10; 10; 5; 1; 320; 32; 2],0.08870114749879576,0.2061496925500602,tvm
10,5,500,2,320,64,4,[10; 5; 500; 2; 320; 64; 4],0.09968896597274579,0.1834276653116601,tvm
320,2,300,25,640,16,1,[320; 2; 300; 25; 640; 16; 1],0.5263980239978991,0.034737429572469794,tvm
20,1,30,2,256,64,4,[20; 1; 30; 2; 256; 64; 4],0.06475574098294601,0.2823798169575419,tvm
32,16,1500,20,256,16,1,[32; 16; 1500; 20; 256; 16; 1],0.12986369797727093,0.14080697354633084,tvm
512,256,50,10,64,16,1,[512; 256; 50; 10; 64; 16; 1],0.0966031989955809,0.18928684014440106,tvm
5,1,4,1,160,160,10,[5; 1; 4; 1; 160; 160; 10],0.06226013650302775,0.29369858970394386,tvm
80,40,300,5,64,64,4,[80; 40; 300; 5; 64; 64; 4],0.039682173999608494,0.4608042464078378,tvm
128,32,375,25,128,16,1,[128; 32; 375; 25; 128; 16; 1],0.1866182399680838,0.09798460369598161,tvm
256,4,10,10,256,16,1,[256; 4; 10; 10; 256; 16; 1],0.09537464697496034,0.19172510583986768,tvm
4,2,100,20,32,16,1,[4; 2; 100; 20; 32; 16; 1],0.12602814397541806,0.1450923080266971,tvm
80,2,750,3,64,64,4,[80; 2; 750; 3; 64; 64; 4],0.04084148973925039,0.4477239787886813,tvm
8,8,10,2,128,128,8,[8; 8; 10; 2; 128; 128; 8],0.05753925850149244,0.3177954454390474,tvm
128,32,500,20,320,16,1,[128; 32; 500; 20; 320; 16; 1],0.17992815299658105,0.10162786635208637,tvm
16,8,1,1,640,64,4,[16; 8; 1; 1; 640; 64; 4],0.2159241019980982,0.08468584153646425,tvm
8,8,125,1,160,80,5,[8; 8; 125; 1; 160; 80; 5],0.0445640217512846,0.4103245974469794,tvm
160,80,100,4,64,32,2,[160; 80; 100; 4; 64; 32; 2],0.040453782756230794,0.4520149424814389,tvm
8,2,60,6,640,32,2,[8; 2; 60; 6; 640; 32; 2],0.3010817890171893,0.0607333786125149,tvm
80,8,15,15,32,16,1,[80; 8; 15; 15; 32; 16; 1],0.05624776048352942,0.3250923081829853,tvm
32,2,300,6,64,32,2,[32; 2; 300; 6; 64; 32; 2],0.08387539751129225,0.21801046347652134,tvm
10,2,150,5,80,80,5,[10; 2; 150; 5; 80; 80; 5],0.061934693017974496,0.29524186517574996,tvm
32,8,30,3,256,64,4,[32; 8; 30; 3; 256; 64; 4],0.057147630519466475,0.3199732713237434,tvm
256,16,500,4,320,32,2,[256; 16; 500; 4; 320; 32; 2],0.06445155802066438,0.2837125253023603,tvm
40,1,2,1,1280,160,10,[40; 1; 2; 1; 1280; 160; 10],0.7039342069765553,0.02597645362945588,tvm
64,64,375,25,320,16,1,[64; 64; 375; 25; 320; 16; 1],0.2576620139880106,0.0709678310849699,tvm
64,16,60,20,16,16,1,[64; 16; 60; 20; 16; 16; 1],0.07040911552030593,0.2597066324521674,tvm
2,1,300,1,1280,128,8,[2; 1; 300; 1; 1280; 128; 8],1.0117175999912433,0.018073931189763384,tvm
512,512,375,15,80,16,1,[512; 512; 375; 15; 80; 16; 1],0.09586298651993275,0.1907484311675617,tvm
20,5,6,1,1280,128,8,[20; 5; 6; 1; 1280; 128; 8],0.3058973650331609,0.05977728603099284,tvm
2,1,1,1,1280,80,5,[2; 1; 1; 1; 1280; 80; 5],0.9696655389852822,0.018857754092044546,tvm
20,4,75,3,1280,80,5,[20; 4; 75; 3; 1280; 80; 5],0.3868967180023901,0.04726252106796451,tvm
16,1,300,10,256,32,2,[16; 1; 300; 10; 256; 32; 2],0.14986353600397706,0.12201576696568152,tvm
20,10,500,4,64,64,4,[20; 10; 500; 4; 64; 64; 4],0.044132233248092234,0.414339201529185,tvm
20,5,1500,2,320,160,10,[20; 5; 1500; 2; 320; 160; 10],0.09354725648881868,0.19547034271282884,tvm
40,2,12,4,128,64,4,[40; 2; 12; 4; 128; 64; 4],0.10391984501620755,0.175959791730467,tvm
10,5,20,1,160,16,1,[10; 5; 20; 1; 160; 16; 1],0.06416568651911803,0.2849765237104741,tvm
160,32,300,5,320,32,2,[160; 32; 300; 5; 320; 32; 2],0.061559593508718535,0.29704085494204124,tvm
2,1,10,10,128,32,2,[2; 1; 10; 10; 128; 32; 2],0.13206307002110407,0.13846198095192075,tvm
20,5,6,3,320,16,1,[20; 5; 6; 3; 320; 16; 1],0.10084268398350105,0.1813291114772989,tvm
64,4,500,25,16,16,1,[64; 4; 500; 25; 16; 16; 1],0.08851708497968502,0.20657836043641656,tvm
16,4,6,6,640,16,1,[16; 4; 6; 6; 640; 16; 1],0.21575611497974023,0.08475177766076915,tvm
256,4,750,10,32,16,1,[256; 4; 750; 10; 32; 16; 1],0.060228169488254935,0.30360733924148525,tvm
160,40,60,12,640,32,2,[160; 40; 60; 12; 640; 32; 2],0.20217581401811913,0.09044461808906336,tvm
16,4,150,2,1280,160,10,[16; 4; 150; 2; 1280; 160; 10],0.3992816570098512,0.0457965297545916,tvm
256,1,300,30,640,16,1,[256; 1; 300; 30; 640; 16; 1],0.5727314250543714,0.03192720616644767,tvm
8,4,3,3,64,32,2,[8; 4; 3; 3; 64; 32; 2],0.05184813649975695,0.3526783317622227,tvm
16,4,500,1,32,16,1,[16; 4; 500; 1; 32; 16; 1],0.06811667050351389,0.2684469770842806,tvm
4,2,20,4,256,16,1,[4; 2; 20; 4; 256; 16; 1],0.18294676404912025,0.0999510124202288,tvm
8,4,25,5,16,16,1,[8; 4; 25; 5; 16; 16; 1],0.0748000335006509,0.24446131144520367,tvm
4,1,60,5,320,32,2,[4; 1; 60; 5; 320; 32; 2],0.16561470099259168,0.11041117833212312,tvm
10,2,2,2,32,32,2,[10; 2; 2; 2; 32; 32; 2],0.04811099625658244,0.38007349064638163,tvm
5,1,25,5,640,16,1,[5; 1; 25; 5; 640; 16; 1],0.35320517502259463,0.05177079946392219,tvm
40,2,150,5,32,32,2,[40; 2; 150; 5; 32; 32; 2],0.06132793900906108,0.29816286966716116,tvm
2,1,300,25,64,16,1,[2; 1; 300; 25; 64; 16; 1],0.21277354803169146,0.08593979117644233,tvm
80,80,1500,30,256,16,1,[80; 80; 1500; 30; 256; 16; 1],0.2799497490050271,0.06531784490146454,tvm
32,8,50,10,80,16,1,[32; 8; 50; 10; 80; 16; 1],0.05073618798633106,0.3604077289101948,tvm
80,80,20,5,32,32,2,[80; 80; 20; 5; 32; 32; 2],0.052383075497346,0.34907676023414735,tvm
20,4,1500,6,256,64,4,[20; 4; 1500; 6; 256; 64; 4],0.07962042948929593,0.22966108576659455,tvm
5,1,375,5,128,16,1,[5; 1; 375; 5; 128; 16; 1],0.15386143396608531,0.11884533904542245,tvm
16,4,4,2,32,32,2,[16; 4; 4; 2; 32; 32; 2],0.049329916495480575,0.37068204417880085,tvm
10,10,60,1,256,16,1,[10; 10; 60; 1; 256; 16; 1],0.093800413509598,0.1949427897121501,tvm
10,10,1500,1,128,32,2,[10; 10; 1500; 1; 128; 32; 2],0.08442220950382762,0.21659838558105057,tvm
64,1,12,12,32,32,2,[64; 1; 12; 12; 32; 32; 2],0.06264147200272419,0.291910673569725,tvm
160,2,100,25,1280,16,1,[160; 2; 100; 25; 1280; 16; 1],1.1827099910005927,0.015460860587001775,tvm
4,1,250,5,1280,64,4,[4; 1; 250; 5; 1280; 64; 4],0.8159308810136281,0.02241086188942623,tvm
16,2,10,2,320,32,2,[16; 2; 10; 2; 320; 32; 2],0.08490765999886207,0.2153600074005025,tvm
16,2,75,3,160,80,5,[16; 2; 75; 3; 160; 80; 5],0.06611706348485313,0.2765657354081279,tvm
10,2,10,2,1280,80,5,[10; 2; 10; 2; 1280; 80; 5],0.5656989900162444,0.032324106297572146,tvm
512,256,300,12,1280,16,1,[512; 256; 300; 12; 1280; 16; 1],0.8802858119597659,0.020772474163823114,tvm
20,5,500,2,256,32,2,[20; 5; 500; 2; 256; 32; 2],0.07701377850025892,0.23743432203696913,tvm
128,64,60,20,160,16,1,[128; 64; 60; 20; 160; 16; 1],0.10323290899395943,0.17713066951144676,tvm
32,32,50,5,320,32,2,[32; 32; 50; 5; 320; 32; 2],0.0631851050129626,0.28939912787931465,tvm
8,8,6,1,256,128,8,[8; 8; 6; 1; 256; 128; 8],0.07375013749697246,0.24794142636635683,tvm
4,4,300,20,640,16,1,[4; 4; 300; 20; 640; 16; 1],0.6484997909865342,0.028196947076724627,tvm
256,256,12,12,1280,32,2,[256; 256; 12; 12; 1280; 32; 2],0.9193329199915752,0.01989019852120803,tvm
320,8,300,25,1280,16,1,[320; 8; 300; 25; 1280; 16; 1],0.6577455770457163,0.027800588744123694,tvm
40,40,100,20,64,16,1,[40; 40; 100; 20; 64; 16; 1],0.1147344820201397,0.15937418258012914,tvm
40,10,500,25,128,16,1,[40; 10; 500; 25; 128; 16; 1],0.13466149201849476,0.1357902248937126,tvm
16,1,60,3,128,16,1,[16; 1; 60; 3; 128; 16; 1],0.20357221498852596,0.0898242144034486,tvm
40,40,4,4,160,80,5,[40; 40; 4; 4; 160; 80; 5],0.05769587997929193,0.31693275658985276,tvm
10,10,50,1,128,16,1,[10; 10; 50; 1; 128; 16; 1],0.09140849151299335,0.20004393446439322,tvm
20,4,4,1,128,32,2,[20; 4; 4; 1; 128; 32; 2],0.07930660399142653,0.2305698815156815,tvm
32,4,12,4,256,64,4,[32; 4; 12; 4; 256; 64; 4],0.07842601099400781,0.23315879583766436,tvm
512,8,125,25,32,16,1,[512; 8; 125; 25; 32; 16; 1],0.0681901374773588,0.2681577565639269,tvm
320,80,500,10,128,16,1,[320; 80; 500; 10; 128; 16; 1],0.11785942100686952,0.1551485161686692,tvm
40,40,250,10,128,32,2,[40; 40; 250; 10; 128; 32; 2],0.07067502400605008,0.2587295093688112,tvm
2,2,50,5,256,16,1,[2; 2; 50; 5; 256; 16; 1],0.25713213300332427,0.07111407692276983,tvm
64,8,30,2,320,80,5,[64; 8; 30; 2; 320; 80; 5],0.07935383799485862,0.23043263877040238,tvm
128,2,500,20,64,16,1,[128; 2; 500; 20; 64; 16; 1],0.13511760596884415,0.13533184039636306,tvm
512,256,30,10,1280,16,1,[512; 256; 30; 10; 1280; 16; 1],0.8228091920027509,0.02222351726675065,tvm
20,1,15,1,80,16,1,[20; 1; 15; 1; 80; 16; 1],0.05730758100980893,0.31908019782905256,tvm
2,1,500,4,320,16,1,[2; 1; 500; 4; 320; 16; 1],0.47706029197433963,0.03832998594378475,tvm
4,4,15,15,160,16,1,[4; 4; 15; 15; 160; 16; 1],0.07825223848340102,0.23367656491504815,tvm
64,1,300,30,128,16,1,[64; 1; 300; 30; 128; 16; 1],0.2355182459577918,0.07764032978146138,tvm
256,128,250,25,640,16,1,[256; 128; 250; 25; 640; 16; 1],0.5569720750208944,0.0328305764432235,tvm
40,8,500,1,1280,128,8,[40; 8; 500; 1; 1280; 128; 8],0.505377377034165,0.03618229686699672,tvm
10,5,250,25,1280,16,1,[10; 5; 250; 25; 1280; 16; 1],0.912216057011392,0.0200453764710326,tvm
20,1,2,1,640,64,4,[20; 1; 2; 1; 640; 64; 4],0.20618128904607147,0.08868755438631641,tvm
64,4,30,15,128,16,1,[64; 4; 30; 15; 128; 16; 1],0.11150333896512166,0.16399252664024774,tvm
20,2,500,10,160,16,1,[20; 2; 500; 10; 160; 16; 1],0.08914001699304208,0.20513474085540725,tvm
128,8,500,4,320,32,2,[128; 8; 500; 4; 320; 32; 2],0.07848081149859354,0.23299598891178624,tvm
80,5,100,5,320,32,2,[80; 5; 100; 5; 320; 32; 2],0.08614584201131947,0.21226461845148095,tvm
8,8,60,1,256,16,1,[8; 8; 60; 1; 256; 16; 1],0.09743442450417206,0.1876720099571308,tvm
512,16,150,10,16,16,1,[512; 16; 150; 10; 16; 16; 1],0.03912930324440822,0.46731510069317195,tvm
16,4,150,6,160,16,1,[16; 4; 150; 6; 160; 16; 1],0.06150026299292222,0.29732741610907754,tvm
2,1,10,2,320,16,1,[2; 1; 10; 2; 320; 16; 1],0.24061702599283308,0.07599509723081249,tvm
2,1,10,1,80,16,1,[2; 1; 10; 1; 80; 16; 1],0.08112463747966103,0.22540272417610183,tvm
2,2,1,1,160,32,2,[2; 2; 1; 1; 160; 32; 2],0.07915605400921777,0.23100841135391748,tvm
10,1,10,5,640,32,2,[10; 1; 10; 5; 640; 32; 2],0.2962029720074497,0.06173372995479055,tvm
128,16,300,6,640,32,2,[128; 16; 300; 6; 640; 32; 2],0.12397334800334647,0.14749714015322626,tvm
160,1,60,10,16,16,1,[160; 1; 60; 10; 16; 16; 1],0.07550977548817173,0.24216353667451526,tvm
80,2,60,5,320,64,4,[80; 2; 60; 5; 320; 64; 4],0.12800092698307708,0.1428561082853082,tvm
64,4,500,20,1280,16,1,[64; 4; 500; 20; 1280; 16; 1],0.8127839450025931,0.02249763224057772,tvm
1,1,1500,1,640,32,2,[1; 1; 1500; 1; 640; 32; 2],1.2654688020120375,0.014449755107862665,tvm
32,16,300,6,640,32,2,[32; 16; 300; 6; 640; 32; 2],0.14573895395733416,0.1254689552051233,tvm
160,4,250,10,128,16,1,[160; 4; 250; 10; 128; 16; 1],0.10273048502858728,0.177996962446209,tvm
512,4,20,10,320,16,1,[512; 4; 20; 10; 320; 16; 1],0.12269310199189931,0.14903620487907773,tvm
1,1,375,3,320,64,4,[1; 1; 375; 3; 320; 64; 4],0.52259679796407,0.03499010012489874,tvm
512,128,250,10,160,16,1,[512; 128; 250; 10; 160; 16; 1],0.0741894505044911,0.246473240620745,tvm
80,5,250,10,640,16,1,[80; 5; 250; 10; 640; 16; 1],0.22678267600713298,0.08063100148416605,tvm
320,16,30,30,64,16,1,[320; 16; 30; 30; 64; 16; 1],0.12600206001661718,0.14512234389900264,tvm
16,8,750,3,256,16,1,[16; 8; 750; 3; 256; 16; 1],0.10936781100463122,0.167194662833107,tvm
64,2,75,3,640,80,5,[64; 2; 75; 3; 640; 80; 5],0.2613528090296313,0.06996563133798617,tvm
320,40,500,25,80,16,1,[320; 40; 500; 25; 80; 16; 1],0.10775426804320887,0.16969828311934537,tvm
80,5,15,5,64,64,4,[80; 5; 15; 5; 64; 64; 4],0.04431635075889062,0.4126177804034521,tvm
20,10,300,5,256,32,2,[20; 10; 300; 5; 256; 32; 2],0.07593057450139895,0.24082149260410757,tvm
80,20,4,4,256,64,4,[80; 20; 4; 4; 256; 64; 4],0.04518196375283878,0.40471269433403934,tvm
32,32,1500,20,16,16,1,[32; 32; 1500; 20; 16; 16; 1],0.09440517699113116,0.1936939781113077,tvm
160,5,12,12,32,32,2,[160; 5; 12; 12; 32; 32; 2],0.04500442949938588,0.40630921198465164,tvm
8,4,300,30,32,16,1,[8; 4; 300; 30; 32; 16; 1],0.11438994796480983,0.15985420582007417,tvm
320,8,375,25,16,16,1,[320; 8; 375; 25; 16; 16; 1],0.0693447639932856,0.2636927899485652,tvm
160,16,75,25,1280,16,1,[160; 16; 75; 25; 1280; 16; 1],0.7995540439733304,0.022869891564608506,tvm
16,4,20,1,256,64,4,[16; 4; 20; 1; 256; 64; 4],0.06081320499652065,0.30068657435108836,tvm
32,32,300,30,128,16,1,[32; 32; 300; 30; 128; 16; 1],0.2144326720153913,0.085274851606577,tvm
40,2,1500,2,64,64,4,[40; 2; 1500; 2; 64; 64; 4],0.053385036502731964,0.3425250872457214,tvm
2,2,25,5,320,32,2,[2; 2; 25; 5; 320; 32; 2],0.26161575701553375,0.06989530941987011,tvm
160,80,20,10,32,16,1,[160; 80; 20; 10; 32; 16; 1],0.06841478199930862,0.26727724259793856,tvm
128,2,1500,12,128,16,1,[128; 2; 1500; 12; 128; 16; 1],0.13992225303081796,0.1306848188163955,tvm
160,2,75,15,320,16,1,[160; 2; 75; 15; 320; 16; 1],0.17653122096089646,0.10358345785057911,tvm
40,4,20,10,128,32,2,[40; 4; 20; 10; 128; 32; 2],0.07628877900424413,0.2396907451448005,tvm
2,2,3,3,640,16,1,[2; 2; 3; 3; 640; 16; 1],0.46580106898909435,0.03925648845203145,tvm
256,16,300,12,160,32,2,[256; 16; 300; 12; 160; 32; 2],0.03251976225874387,0.5622954479255964,tvm
80,20,100,5,1280,80,5,[80; 20; 100; 5; 1280; 80; 5],0.4179969079559669,0.043746051556057354,tvm
512,512,500,10,32,16,1,[512; 512; 500; 10; 32; 16; 1],0.08524069751729257,0.21451859051252728,tvm
10,5,300,30,16,16,1,[10; 5; 300; 30; 16; 16; 1],0.1259918890427798,0.1451340592211097,tvm
32,4,60,20,640,16,1,[32; 4; 60; 20; 640; 16; 1],0.3410564850200899,0.05361491450495999,tvm
64,16,75,25,64,16,1,[64; 16; 75; 25; 64; 16; 1],0.10266992799006402,0.17810194906812346,tvm
320,8,125,25,320,16,1,[320; 8; 125; 25; 320; 16; 1],0.1408611320075579,0.1298137678230015,tvm
80,16,500,25,320,16,1,[80; 16; 500; 25; 320; 16; 1],0.1818611070048064,0.10054769041536195,tvm
20,10,12,1,32,16,1,[20; 10; 12; 1; 32; 16; 1],0.06747108299168758,0.2710155740047493,tvm
5,1,4,1,160,16,1,[5; 1; 4; 1; 160; 16; 1],0.04810556124721188,0.380116431689571,tvm
256,64,300,6,128,32,2,[256; 64; 300; 6; 128; 32; 2],0.0622101524786558,0.2939345678663637,tvm
8,8,500,5,64,64,4,[8; 8; 500; 5; 64; 64; 4],0.04642563000379596,0.39387110706347267,tvm
10,10,60,2,256,32,2,[10; 10; 60; 2; 256; 32; 2],0.07142619549995288,0.2560085156114237,tvm
80,2,3,3,160,80,5,[80; 2; 3; 3; 160; 80; 5],0.06406235048780218,0.28543620623467425,tvm
80,4,375,25,256,16,1,[80; 4; 375; 25; 256; 16; 1],0.1728938469896093,0.10576266653846413,tvm
16,8,500,1,64,32,2,[16; 8; 500; 1; 64; 32; 2],0.06998849750380032,0.2612674216176935,tvm
10,1,6,1,640,16,1,[10; 1; 6; 1; 640; 16; 1],0.20905326696811244,0.08746916300764372,tvm
2,2,100,1,1280,80,5,[2; 2; 100; 1; 1280; 80; 5],0.9644714850001037,0.018959310430740544,tvm
32,8,1500,4,1280,64,4,[32; 8; 1500; 4; 1280; 64; 4],0.31598602404119447,0.05786874385093189,tvm
20,2,500,5,80,16,1,[20; 2; 500; 5; 80; 16; 1],0.09946612449130043,0.18383861218312172,tvm
80,80,20,5,128,32,2,[80; 80; 20; 5; 128; 32; 2],0.0642175390094053,0.2847464192459347,tvm
32,16,1500,6,1280,32,2,[32; 16; 1500; 6; 1280; 32; 2],0.3321302210097201,0.05505585800088676,tvm
320,4,150,15,32,16,1,[320; 4; 150; 15; 32; 16; 1],0.06423823401564732,0.28465468526516785,tvm
256,4,50,25,640,16,1,[256; 4; 50; 25; 640; 16; 1],0.37285666103707626,0.049042208968062356,tvm
16,2,20,1,64,64,4,[16; 2; 20; 1; 64; 64; 4],0.051126379024935886,0.3576571357966851,tvm
16,8,300,30,320,16,1,[16; 8; 300; 30; 320; 16; 1],0.20325644500553608,0.08996376122398599,tvm
8,8,150,5,320,32,2,[8; 8; 150; 5; 320; 32; 2],0.10084995295619592,0.18131604179980798,tvm
32,1,750,10,160,16,1,[32; 1; 750; 10; 160; 16; 1],0.09021204352029599,0.20269704101759262,tvm
10,10,6,3,256,16,1,[10; 10; 6; 3; 256; 16; 1],0.07686977297998965,0.23787912435326602,tvm
32,4,20,20,640,16,1,[32; 4; 20; 20; 640; 16; 1],0.3263133029686287,0.05603729335997144,tvm
128,64,100,25,160,16,1,[128; 64; 100; 25; 160; 16; 1],0.12642137095099315,0.14464100609067662,tvm
32,32,1500,10,64,32,2,[32; 32; 1500; 10; 64; 32; 2],0.049655268754577264,0.3682532537703503,tvm
4,2,10,2,32,32,2,[4; 2; 10; 2; 32; 32; 2],0.059761905984487385,0.30597608935800635,tvm
256,16,50,10,64,32,2,[256; 16; 50; 10; 64; 32; 2],0.03437020949786529,0.5320221945941296,tvm
64,16,6,3,128,64,4,[64; 16; 6; 3; 128; 64; 4],0.047181600239127874,0.38756028182676766,tvm
8,4,125,5,160,16,1,[8; 4; 125; 5; 160; 16; 1],0.0630559874989558,0.2899917202314387,tvm
20,10,30,5,1280,32,2,[20; 10; 30; 5; 1280; 32; 2],0.30061101604951546,0.06082849033949686,tvm
8,4,30,3,80,80,5,[8; 4; 30; 3; 80; 80; 5],0.047143952251644805,0.38786977782662074,tvm
256,8,100,5,64,32,2,[256; 8; 100; 5; 64; 32; 2],0.041413865255890414,0.4415360453009987,tvm
16,2,300,25,128,16,1,[16; 2; 300; 25; 128; 16; 1],0.22606110898777843,0.08088836849288777,tvm
80,1,100,5,640,64,4,[80; 1; 100; 5; 640; 64; 4],0.2604475039988756,0.07020882905367842,tvm
8,1,75,1,1280,64,4,[8; 1; 75; 1; 1280; 64; 4],0.4158092500292696,0.04397620852452686,tvm
8,4,20,2,640,160,10,[8; 4; 20; 2; 640; 160; 10],0.21778420801274478,0.08396253544997258,tvm
16,8,1500,30,80,16,1,[16; 8; 1500; 30; 80; 16; 1],0.08960595849202946,0.20406806191734247,tvm
20,10,6,1,1280,160,10,[20; 10; 6; 1; 1280; 160; 10],0.32965182897169143,0.055469779563348205,tvm
32,4,150,3,1280,64,4,[32; 4; 150; 3; 1280; 64; 4],0.3498090829816647,0.05227341191329996,tvm
8,1,30,2,320,80,5,[8; 1; 30; 2; 320; 80; 5],0.15712134301429614,0.11637956966833277,tvm
128,64,20,10,80,16,1,[128; 64; 20; 10; 80; 16; 1],0.06279385849484242,0.29120227238809004,tvm
80,4,750,30,64,16,1,[80; 4; 750; 30; 64; 16; 1],0.12854002101812512,0.14225697289356956,tvm
80,8,150,25,256,16,1,[80; 8; 150; 25; 256; 16; 1],0.12905984098324552,0.14168399826316327,tvm
8,1,30,6,256,32,2,[8; 1; 30; 6; 256; 32; 2],0.13820510602090508,0.13230852905643276,tvm
16,16,1,1,256,16,1,[16; 16; 1; 1; 256; 16; 1],0.08125176001340151,0.22505007008707598,tvm
512,64,150,10,128,16,1,[512; 64; 150; 10; 128; 16; 1],0.10363622399745509,0.17644134049271532,tvm
10,10,20,1,160,16,1,[10; 10; 20; 1; 160; 16; 1],0.06428331849747337,0.2844550454630465,tvm
64,4,20,4,640,32,2,[64; 4; 20; 4; 640; 32; 2],0.19092822103993967,0.09577271597732614,tvm
32,16,1500,6,64,32,2,[32; 16; 1500; 6; 64; 32; 2],0.03991534351371229,0.4581124118205952,tvm
128,4,375,15,32,16,1,[128; 4; 375; 15; 32; 16; 1],0.06740772700868547,0.2712702993732184,tvm
320,320,125,25,64,16,1,[320; 320; 125; 25; 64; 16; 1],0.1623813830083236,0.1126096720384317,tvm
16,16,6,2,640,80,5,[16; 16; 6; 2; 640; 80; 5],0.1679334919899702,0.10888664356962456,tvm
160,4,1500,10,64,32,2,[160; 4; 1500; 10; 64; 32; 2],0.05458617047406733,0.3349880405038016,tvm
16,4,25,25,128,16,1,[16; 4; 25; 25; 128; 16; 1],0.15216151997447014,0.12017305221965638,tvm
20,5,375,1,32,16,1,[20; 5; 375; 1; 32; 16; 1],0.07388656001421623,0.24748363277700305,tvm
160,32,10,10,320,16,1,[160; 32; 10; 10; 320; 16; 1],0.0838798450131435,0.21799890406150632,tvm
16,1,10,5,1280,32,2,[16; 1; 10; 5; 1280; 32; 2],0.588470337970648,0.03107329818657122,tvm
2,2,20,5,128,32,2,[2; 2; 20; 5; 128; 32; 2],0.15325106703676283,0.11931867516020489,tvm
5,5,12,2,256,32,2,[5; 5; 12; 2; 256; 32; 2],0.10457503702491522,0.17485735416338105,tvm
10,1,3,3,64,32,2,[10; 1; 3; 3; 64; 32; 2],0.06950994749786332,0.26306615015464335,tvm
20,4,250,2,640,16,1,[20; 4; 250; 2; 640; 16; 1],0.2439428279758431,0.07495901575563052,tvm
20,2,15,3,320,80,5,[20; 2; 15; 3; 320; 80; 5],0.13472580298548564,0.1357254058280451,tvm
80,10,1500,6,640,64,4,[80; 10; 1500; 6; 640; 64; 4],0.13234254403505474,0.1381695842334026,tvm
16,1,500,5,16,16,1,[16; 1; 500; 5; 16; 16; 1],0.08825225601322018,0.20719826451773754,tvm
320,40,60,20,128,16,1,[320; 40; 60; 20; 128; 16; 1],0.1592118829721585,0.11485144164089765,tvm
160,20,300,10,160,32,2,[160; 20; 300; 10; 160; 32; 2],0.030625020997831598,0.5970841387181092,tvm
80,16,300,6,160,32,2,[80; 16; 300; 6; 160; 32; 2],0.03779917350038886,0.48375963261541083,tvm
80,80,20,20,16,16,1,[80; 80; 20; 20; 16; 16; 1],0.10850905597908422,0.1685178635158246,tvm
8,4,750,30,80,16,1,[8; 4; 750; 30; 80; 16; 1],0.11307272495469078,0.16171640236884297,tvm
16,2,150,3,320,32,2,[16; 2; 150; 3; 320; 32; 2],0.1501920180162415,0.1217489086786017,tvm
64,4,150,6,256,32,2,[64; 4; 150; 6; 256; 32; 2],0.08352959051262587,0.21891301242462477,tvm
20,2,75,5,16,16,1,[20; 2; 75; 5; 16; 16; 1],0.08550937648396939,0.2138445517626052,tvm
2,1,10,2,128,16,1,[2; 1; 10; 2; 128; 16; 1],0.12856064701918513,0.14223414948266017,tvm
80,10,60,3,640,64,4,[80; 10; 60; 3; 640; 64; 4],0.13223923003533855,0.13827753141656798,tvm
128,128,1500,10,160,32,2,[128; 128; 1500; 10; 160; 32; 2],0.06358575401827693,0.2875756459608592,tvm
128,4,50,5,64,32,2,[128; 4; 50; 5; 64; 32; 2],0.05657389899715781,0.32321820857058015,tvm
80,10,20,5,1280,64,4,[80; 10; 20; 5; 1280; 64; 4],0.26512743503553793,0.06896952887302385,tvm
16,2,15,5,1280,16,1,[16; 2; 15; 5; 1280; 16; 1],0.7145413020043634,0.025590843012742493,tvm
256,32,300,10,128,32,2,[256; 32; 300; 10; 128; 32; 2],0.05535678699379787,0.33032470413723625,tvm
16,4,1500,6,1280,32,2,[16; 4; 1500; 6; 1280; 32; 2],0.5890390269923955,0.031043298402620708,tvm
64,32,300,2,1280,64,4,[64; 32; 300; 2; 1280; 64; 4],0.3101341750007123,0.05896065561195341,tvm
80,80,50,5,128,32,2,[80; 80; 50; 5; 128; 32; 2],0.06392343700281344,0.28605649419178575,tvm
32,1,60,30,16,16,1,[32; 1; 60; 30; 16; 16; 1],0.12454933696426451,0.1468150271322664,tvm
40,1,150,5,640,64,4,[40; 1; 150; 5; 640; 64; 4],0.2658324799849652,0.06878660683882,tvm
80,10,300,20,160,16,1,[80; 10; 300; 20; 160; 16; 1],0.06367948150727898,0.2871523739342022,tvm
80,5,20,10,128,16,1,[80; 5; 20; 10; 128; 16; 1],0.09111942449817434,0.20067855329881565,tvm
16,16,250,25,1280,16,1,[16; 16; 250; 25; 1280; 16; 1],0.8498272600118071,0.021516977797888283,tvm
64,16,125,5,64,32,2,[64; 16; 125; 5; 64; 32; 2],0.04437494699959643,0.412072926777368,tvm
320,8,300,12,80,16,1,[320; 8; 300; 12; 80; 16; 1],0.05084340300527401,0.35964772625108316,tvm
8,2,100,1,1280,80,5,[8; 2; 100; 1; 1280; 80; 5],0.6675336179905571,0.02739294889860207,tvm
4,4,1500,3,32,16,1,[4; 4; 1500; 3; 32; 16; 1],0.0958609574881848,0.19075246862590609,tvm
1,1,20,1,320,80,5,[1; 1; 20; 1; 320; 80; 5],0.48378310102270916,0.037797339855523276,tvm
256,128,50,10,128,16,1,[256; 128; 50; 10; 128; 16; 1],0.1262689550057985,0.1448155984570758,tvm
32,2,150,10,320,16,1,[32; 2; 150; 10; 320; 16; 1],0.1702756939921528,0.10738886952683328,tvm
32,4,12,4,640,80,5,[32; 4; 12; 4; 640; 80; 5],0.16951991303358227,0.10786764786796373,tvm
80,40,150,25,256,16,1,[80; 40; 150; 25; 256; 16; 1],0.20486641197931021,0.08925677034633178,tvm
10,1,10,1,640,160,10,[10; 1; 10; 1; 640; 160; 10],0.32100526097929105,0.056963908410504055,tvm
512,32,100,25,1280,16,1,[512; 32; 100; 25; 1280; 16; 1],0.9994331240304746,0.018296085897145754,tvm
16,2,300,2,256,32,2,[16; 2; 300; 2; 256; 32; 2],0.0805216254957486,0.22709072467345734,tvm
64,64,60,10,640,32,2,[64; 64; 60; 10; 640; 32; 2],0.21507851197384298,0.08501878740884225,tvm
20,4,30,2,1280,32,2,[20; 4; 30; 2; 1280; 32; 2],0.3247472519869916,0.05630752584920028,tvm
80,20,300,15,256,16,1,[80; 20; 300; 15; 256; 16; 1],0.09965522852144204,0.18348976322682248,tvm
64,2,12,6,640,64,4,[64; 2; 12; 6; 640; 64; 4],0.24849183397600427,0.07358678147741489,tvm
320,8,75,15,128,16,1,[320; 8; 75; 15; 128; 16; 1],0.08958980851457454,0.20410484840738946,tvm
160,160,50,25,1280,16,1,[160; 160; 50; 25; 1280; 16; 1],1.2277095610043034,0.014894169489692678,tvm
20,10,1500,1,1280,64,4,[20; 10; 1500; 1; 1280; 64; 4],0.44513431802624837,0.04107909353472052,tvm
16,1,750,5,160,16,1,[16; 1; 750; 5; 160; 16; 1],0.10784870100906119,0.16954969429050393,tvm
32,2,250,25,16,16,1,[32; 2; 250; 25; 16; 16; 1],0.12407653802074492,0.14737447205898843,tvm
16,1,150,5,80,16,1,[16; 1; 150; 5; 80; 16; 1],0.09015448149875738,0.20282645944745767,tvm
20,5,4,2,1280,80,5,[20; 5; 4; 2; 1280; 80; 5],0.3426296159741469,0.053368749907171005,tvm
4,2,60,4,320,16,1,[4; 2; 60; 4; 320; 16; 1],0.20227697596419603,0.09039938529114132,tvm
40,2,20,5,640,32,2,[40; 2; 20; 5; 640; 32; 2],0.27898610394913703,0.0655434590715243,tvm
16,16,5,1,1280,16,1,[16; 16; 5; 1; 1280; 16; 1],0.40539616101887077,0.045105790443987714,tvm
160,8,750,6,1280,32,2,[160; 8; 750; 6; 1280; 32; 2],0.29469033697387204,0.06205060699813698,tvm
160,10,500,5,128,32,2,[160; 10; 500; 5; 128; 32; 2],0.056966948992339894,0.32098812748727495,tvm
20,1,150,3,128,16,1,[20; 1; 150; 3; 128; 16; 1],0.2137273750267923,0.08555625728066907,tvm
5,1,750,2,256,32,2,[5; 1; 750; 2; 256; 32; 2],0.11384141899179667,0.1606244409781289,tvm
16,4,30,1,320,64,4,[16; 4; 30; 1; 320; 64; 4],0.07422946649603546,0.24634037059515865,tvm
10,1,500,10,32,32,2,[10; 1; 500; 10; 32; 32; 2],0.06689304698375054,0.27335747301444047,tvm
128,64,100,5,64,64,4,[128; 64; 100; 5; 64; 64; 4],0.036609529255656525,0.49947963433288256,tvm
64,2,750,6,320,32,2,[64; 2; 750; 6; 320; 32; 2],0.1427984350011684,0.12805262386499314,tvm
16,16,30,15,32,16,1,[16; 16; 30; 15; 32; 16; 1],0.054589775478234515,0.3349659185355137,tvm
32,8,5,1,1280,128,8,[32; 8; 5; 1; 1280; 128; 8],0.3093131920322776,0.059117149726372255,tvm
4,1,500,4,80,16,1,[4; 1; 500; 4; 80; 16; 1],0.10495609202189371,0.1742225147054819,tvm
10,10,50,2,640,160,10,[10; 10; 50; 2; 640; 160; 10],0.17936530598672107,0.1019467738486061,tvm
160,160,1500,12,256,16,1,[160; 160; 1500; 12; 256; 16; 1],0.16932483995333314,0.10799191831956806,tvm
10,10,30,30,128,16,1,[10; 10; 30; 30; 128; 16; 1],0.17172492598183453,0.10648258650377053,tvm
20,5,150,10,256,16,1,[20; 5; 150; 10; 256; 16; 1],0.10553763102507219,0.17326250464509874,tvm
64,8,60,2,640,80,5,[64; 8; 60; 2; 640; 80; 5],0.1651275489712134,0.11073690852700797,tvm
1,1,12,2,320,80,5,[1; 1; 12; 2; 320; 80; 5],0.47205664502689615,0.038736271331743316,tvm
80,10,150,30,1280,16,1,[80; 10; 150; 30; 1280; 16; 1],0.8175647929892875,0.02236607354244752,tvm
8,8,300,4,160,32,2,[8; 8; 300; 4; 160; 32; 2],0.04901411649188958,0.3730703641009227,tvm
5,5,25,5,640,32,2,[5; 5; 25; 5; 640; 32; 2],0.2549140240298584,0.07173286897535483,tvm
128,1,300,30,640,16,1,[128; 1; 300; 30; 640; 16; 1],0.5754177439957857,0.031778155047384515,tvm
16,2,75,3,64,16,1,[16; 2; 75; 3; 64; 16; 1],0.13020813604816794,0.14043449849362596,tvm
128,128,15,5,128,32,2,[128; 128; 15; 5; 128; 32; 2],0.08216998100397177,0.2225352137398015,tvm
4,1,30,3,64,64,4,[4; 1; 30; 3; 64; 64; 4],0.060030317516066134,0.3046079888019985,tvm
40,2,750,2,320,64,4,[40; 2; 750; 2; 320; 64; 4],0.08781344600720331,0.20823364891310966,tvm
8,1,125,5,256,16,1,[8; 1; 125; 5; 256; 16; 1],0.1957207809900865,0.09342755630348973,tvm
20,4,1500,2,1280,160,10,[20; 4; 1500; 2; 1280; 160; 10],0.39455069100949913,0.04634566534132377,tvm
40,5,10,5,320,80,5,[40; 5; 10; 5; 320; 80; 5],0.0826972379873041,0.2211163846671827,tvm
16,2,15,1,80,80,5,[16; 2; 15; 1; 80; 80; 5],0.07778876600787044,0.2350688309397297,tvm
2,1,1500,20,80,16,1,[2; 1; 1500; 20; 80; 16; 1],0.15124645899049938,0.12090011500277778,tvm
20,1,50,10,1280,16,1,[20; 1; 50; 10; 1280; 16; 1],0.8326608900097199,0.021960577835595033,tvm
4,1,5,5,80,16,1,[4; 1; 5; 5; 80; 16; 1],0.04922693475964479,0.37145750339719574,tvm
16,16,30,6,32,32,2,[16; 16; 30; 6; 32; 32; 2],0.03309029575029854,0.5526005093366176,tvm
8,1,6,3,32,16,1,[8; 1; 6; 3; 32; 16; 1],0.11638013494666666,0.1571205798489068,tvm
128,128,500,25,16,16,1,[128; 128; 500; 25; 16; 16; 1],0.12825388903729618,0.14257434548746362,tvm
20,20,12,6,640,32,2,[20; 20; 12; 6; 640; 32; 2],0.150130164984148,0.12179906874574505,tvm
128,64,30,6,320,64,4,[128; 64; 30; 6; 320; 64; 4],0.06938071400509216,0.2635561560287808,tvm
4,2,1500,1,160,16,1,[4; 2; 1500; 1; 160; 16; 1],0.09389801599900238,0.19474015602106612,tvm
4,4,75,15,32,16,1,[4; 4; 75; 15; 32; 16; 1],0.10206177999498323,0.17916319200598999,tvm
16,4,375,5,160,16,1,[16; 4; 375; 5; 160; 16; 1],0.07240099951741286,0.2525616277067621,tvm
320,320,300,12,128,16,1,[320; 320; 300; 12; 128; 16; 1],0.15086124202935025,0.12120882766003463,tvm
16,16,6,6,1280,64,4,[16; 16; 6; 6; 1280; 64; 4],0.2519178680377081,0.07258601554605569,tvm
80,2,12,6,32,32,2,[80; 2; 12; 6; 32; 32; 2],0.06184999999823049,0.2956461485244533,tvm
8,2,150,3,64,16,1,[8; 2; 150; 3; 64; 16; 1],0.09180005700909533,0.19919066372586874,tvm
20,2,30,2,160,16,1,[20; 2; 30; 2; 160; 16; 1],0.0487372867501108,0.37518941871897943,tvm
80,5,300,30,16,16,1,[80; 5; 300; 30; 16; 16; 1],0.09670687600737438,0.18908391047933254,tvm
16,4,125,25,64,16,1,[16; 4; 125; 25; 64; 16; 1],0.10718201898271218,0.1706043089994756,tvm
32,2,250,1,1280,160,10,[32; 2; 250; 1; 1280; 160; 10],0.6120766529929824,0.029874876285999975,tvm
4,4,500,2,80,16,1,[4; 4; 500; 2; 80; 16; 1],0.09035047251381911,0.20238648207310134,tvm
256,64,20,20,256,16,1,[256; 64; 20; 20; 256; 16; 1],0.19589083298342302,0.09334645224190602,tvm
160,160,1500,25,640,16,1,[160; 160; 1500; 25; 640; 16; 1],0.5632813729462214,0.03246284213176013,tvm
20,5,300,1,32,16,1,[20; 5; 300; 1; 32; 16; 1],0.07481278650811873,0.2444196391980388,tvm
4,2,300,2,64,16,1,[4; 2; 300; 2; 64; 16; 1],0.10313866497017443,0.17729252449604752,tvm
80,2,300,2,64,64,4,[80; 2; 300; 2; 64; 64; 4],0.05140730700804852,0.3557026296446808,tvm
2,1,75,5,640,16,1,[2; 1; 75; 5; 640; 16; 1],0.7732683820067905,0.023647306305553447,tvm
40,5,60,3,320,80,5,[40; 5; 60; 3; 320; 80; 5],0.08503293700050563,0.21504272262882743,tvm
64,64,60,2,128,128,8,[64; 64; 60; 2; 128; 128; 8],0.05219468800351024,0.35033669105339843,tvm
128,64,500,2,256,64,4,[128; 64; 500; 2; 256; 64; 4],0.06439949350897223,0.28394189595864905,tvm
80,5,750,10,128,16,1,[80; 5; 750; 10; 128; 16; 1],0.09539802299696021,0.19167812614205798,tvm
16,16,5,1,64,32,2,[16; 16; 5; 1; 64; 32; 2],0.05852722350391559,0.3124309200229007,tvm
64,16,20,10,160,16,1,[64; 16; 20; 10; 160; 16; 1],0.04074671650596429,0.4487653448846049,tvm
40,4,2,2,1280,64,4,[40; 4; 2; 2; 1280; 64; 4],0.2804742640000768,0.06519569398249417,tvm
64,8,30,30,640,16,1,[64; 8; 30; 30; 640; 16; 1],0.3586996289668605,0.05097778979694363,tvm
2,2,100,2,320,80,5,[2; 2; 100; 2; 320; 80; 5],0.2545809770235792,0.07182671109012466,tvm
16,1,300,2,1280,16,1,[16; 1; 300; 2; 1280; 16; 1],0.5128919569542632,0.03565217593643198,tvm
40,2,300,4,64,64,4,[40; 2; 300; 4; 64; 64; 4],0.07770773451193236,0.23531395427448007,tvm
20,5,150,30,1280,16,1,[20; 5; 150; 30; 1280; 16; 1],0.9469448460149579,0.019310221036279284,tvm
5,5,60,15,32,16,1,[5; 5; 60; 15; 32; 16; 1],0.09267262049252167,0.1973151745200717,tvm
1,1,50,5,640,32,2,[1; 1; 50; 5; 640; 32; 2],1.0018129310337827,0.018252623538054197,tvm
32,32,750,3,1280,80,5,[32; 32; 750; 3; 1280; 80; 5],0.46137681003892794,0.0396329288508702,tvm
160,10,60,6,160,32,2,[160; 10; 60; 6; 160; 32; 2],0.031845314748352394,0.574204225337743,tvm
10,2,50,1,640,80,5,[10; 2; 50; 1; 640; 80; 5],0.38752939202822745,0.047185361063870904,tvm
160,8,30,10,32,32,2,[160; 8; 30; 10; 32; 32; 2],0.03693601049599238,0.49506468186915636,tvm
160,4,75,25,320,16,1,[160; 4; 75; 25; 320; 16; 1],0.16887524700723588,0.10827942288623738,tvm
160,32,300,5,640,32,2,[160; 32; 300; 5; 640; 32; 2],0.12263606599299237,0.14910551914441844,tvm
20,2,100,1,640,64,4,[20; 2; 100; 1; 640; 64; 4],0.1868585729971528,0.09785857824137889,tvm
16,16,1500,2,1280,160,10,[16; 16; 1500; 2; 1280; 160; 10],0.33867222600383684,0.053992364539237794,tvm
80,4,1500,20,128,16,1,[80; 4; 1500; 20; 128; 16; 1],0.1380112809711136,0.13249434507851263,tvm
20,20,20,5,160,32,2,[20; 20; 20; 5; 160; 32; 2],0.0360250657540746,0.507583092576204,tvm
512,16,125,25,16,16,1,[512; 16; 125; 25; 16; 16; 1],0.08189420151757076,0.22328460314483933,tvm
320,40,100,25,256,16,1,[320; 40; 100; 25; 256; 16; 1],0.20314111601328477,0.090014836211289,tvm
128,1,50,10,320,32,2,[128; 1; 50; 10; 320; 32; 2],0.1375147130456753,0.1329727843713764,tvm
20,5,375,25,64,16,1,[20; 5; 375; 25; 64; 16; 1],0.11050780100049451,0.16546989552015845,tvm
80,8,12,2,256,64,4,[80; 8; 12; 2; 256; 64; 4],0.05336843300028704,0.3426316505417339,tvm
40,10,12,3,128,64,4,[40; 10; 12; 3; 128; 64; 4],0.0559294149861671,0.32694270609189907,tvm
40,8,12,4,80,80,5,[40; 8; 12; 4; 80; 80; 5],0.03558869550761301,0.5138068149140974,tvm
4,4,1500,15,320,16,1,[4; 4; 1500; 15; 320; 16; 1],0.31838161300402135,0.05743332384424891,tvm
256,128,15,5,32,32,2,[256; 128; 15; 5; 32; 32; 2],0.051643323502503335,0.3540770238156325,tvm
160,1,1500,15,80,16,1,[160; 1; 1500; 15; 80; 16; 1],0.08354372100438923,0.21887598572193823,tvm
128,1,250,5,320,64,4,[128; 1; 250; 5; 320; 64; 4],0.12994927604449913,0.140714245144795,tvm
16,4,100,25,128,16,1,[16; 4; 100; 25; 128; 16; 1],0.16094231302849948,0.11361657442114849,tvm
512,8,150,10,160,16,1,[512; 8; 150; 10; 160; 16; 1],0.04612315274425782,0.3964541276504737,tvm
20,10,500,10,160,16,1,[20; 10; 500; 10; 160; 16; 1],0.059317916980944574,0.3082662914746051,tvm
8,1,100,1,80,16,1,[8; 1; 100; 1; 80; 16; 1],0.05871801549801603,0.31141574064832156,tvm
80,40,20,10,1280,16,1,[80; 40; 20; 10; 1280; 16; 1],0.45927365496754646,0.03981442020010141,tvm
40,4,100,4,160,80,5,[40; 4; 100; 4; 160; 80; 5],0.04261341200617608,0.42910702111964394,tvm
40,5,60,15,160,16,1,[40; 5; 60; 15; 160; 16; 1],0.06308740499662235,0.28984730449276347,tvm
256,16,300,12,16,16,1,[256; 16; 300; 12; 16; 16; 1],0.04498425374913495,0.4064914444883044,tvm
320,64,20,20,160,16,1,[320; 64; 20; 20; 160; 16; 1],0.10051890998147428,0.18191317722291617,tvm
160,8,100,4,640,32,2,[160; 8; 100; 4; 640; 32; 2],0.14113915397319943,0.129558055089281,tvm
20,10,50,2,256,64,4,[20; 10; 50; 2; 256; 64; 4],0.05766434100223705,0.31710610002470857,tvm
5,1,25,5,80,80,5,[5; 1; 25; 5; 80; 80; 5],0.06915603851666674,0.2644124024152626,tvm
64,16,75,5,320,64,4,[64; 16; 75; 5; 320; 64; 4],0.0604746354802046,0.3023699794221963,tvm
256,32,500,25,64,16,1,[256; 32; 500; 25; 64; 16; 1],0.12779769604094326,0.1430832859448107,tvm
20,5,100,2,256,128,8,[20; 5; 100; 2; 256; 128; 8],0.04947274074947927,0.36961191170527086,tvm
20,5,60,10,256,32,2,[20; 5; 60; 10; 256; 32; 2],0.08331391448155046,0.21947971595745375,tvm
8,8,6,3,160,32,2,[8; 8; 6; 3; 160; 32; 2],0.04441571324423421,0.41169471230067506,tvm
4,1,30,30,80,16,1,[4; 1; 30; 30; 80; 16; 1],0.13657427398720756,0.13388842387276426,tvm
40,8,150,30,320,16,1,[40; 8; 150; 30; 320; 16; 1],0.1794470869936049,0.10190031274436877,tvm
160,16,10,5,32,32,2,[160; 16; 10; 5; 32; 32; 2],0.030340562749188393,0.6026821070154155,tvm
40,20,2,2,1280,128,8,[40; 20; 2; 2; 1280; 128; 8],0.2682579969987273,0.06816465674945392,tvm
64,16,250,5,1280,32,2,[64; 16; 250; 5; 1280; 32; 2],0.257550309994258,0.07099861105242686,tvm
16,8,1500,25,16,16,1,[16; 8; 1500; 25; 16; 16; 1],0.08112996150157414,0.22538793248853561,tvm
2,2,300,10,16,16,1,[2; 2; 300; 10; 16; 16; 1],0.16613854398019612,0.110063046464967,tvm
80,5,4,4,320,64,4,[80; 5; 4; 4; 320; 64; 4],0.06947582997963764,0.2631953341338069,tvm
16,2,60,12,64,16,1,[16; 2; 60; 12; 64; 16; 1],0.10666929197032005,0.17142435229439934,tvm
2,2,20,2,64,32,2,[2; 2; 20; 2; 64; 32; 2],0.10671481100143865,0.17135123151244464,tvm
40,4,60,15,256,16,1,[40; 4; 60; 15; 256; 16; 1],0.13141356798587367,0.1391463192573838,tvm
128,128,1500,10,640,32,2,[128; 128; 1500; 10; 640; 32; 2],0.2677888899925165,0.0682840661769997,tvm
20,10,20,2,320,64,4,[20; 10; 20; 2; 320; 64; 4],0.07436094747390598,0.24590480496675934,tvm
80,2,300,3,640,80,5,[80; 2; 300; 3; 640; 80; 5],0.2650471869856119,0.06899041070263057,tvm
64,1,1500,10,256,32,2,[64; 1; 1500; 10; 256; 32; 2],0.10774264601059258,0.16971658821073088,tvm
10,1,10,1,256,16,1,[10; 1; 10; 1; 256; 16; 1],0.07823063500109129,0.23374109497461204,tvm
256,32,300,15,1280,16,1,[256; 32; 300; 15; 1280; 16; 1],0.6812777500017546,0.02684032215299442,tvm
256,32,300,30,256,16,1,[256; 32; 300; 30; 256; 16; 1],0.22281027195276693,0.08206854255620062,tvm
20,1,30,1,64,16,1,[20; 1; 30; 1; 64; 16; 1],0.06632842248654924,0.27568444416754295,tvm
16,16,250,1,640,128,8,[16; 16; 250; 1; 640; 128; 8],0.1530168199678883,0.11950133514440882,tvm
40,40,20,5,1280,64,4,[40; 40; 20; 5; 1280; 64; 4],0.28462804603623226,0.06424424627285877,tvm
1,1,25,1,80,16,1,[1; 1; 25; 1; 80; 16; 1],0.16002276702784002,0.11426945443664915,tvm
8,1,150,25,160,16,1,[8; 1; 150; 25; 160; 16; 1],0.1263295789831318,0.14474610327131615,tvm
10,10,300,12,160,16,1,[10; 10; 300; 12; 160; 16; 1],0.0644616240169853,0.28366822221072335,tvm
4,4,3,1,320,32,2,[4; 4; 3; 1; 320; 32; 2],0.11814581498038024,0.15477242497968197,tvm
40,20,15,3,256,64,4,[40; 20; 15; 3; 256; 64; 4],0.05138281552353874,0.3558721743719455,tvm
40,8,12,12,128,16,1,[40; 8; 12; 12; 128; 16; 1],0.0830525319906883,0.2201704613625079,tvm
8,8,300,3,128,64,4,[8; 8; 300; 3; 128; 64; 4],0.06567430650466122,0.27843026076592775,tvm
40,4,500,25,64,16,1,[40; 4; 500; 25; 64; 16; 1],0.11806200002320111,0.15488230152056418,tvm
5,1,300,1,160,32,2,[5; 1; 300; 1; 160; 32; 2],0.06307070850743912,0.28992403476104134,tvm
256,64,60,10,320,16,1,[256; 64; 60; 10; 320; 16; 1],0.12715866399230435,0.14380234670302086,tvm
320,2,30,30,128,16,1,[320; 2; 30; 30; 128; 16; 1],0.22347389796050265,0.08182483257595548,tvm
4,4,375,1,80,16,1,[4; 4; 375; 1; 80; 16; 1],0.0871995759953279,0.20969957797379685,tvm
10,2,50,5,128,64,4,[10; 2; 50; 5; 128; 64; 4],0.10448770102811977,0.17500350860234956,tvm
8,8,1500,5,80,16,1,[8; 8; 1500; 5; 80; 16; 1],0.0728531165223103,0.25099426295805105,tvm
64,16,3,1,640,128,8,[64; 16; 3; 1; 640; 128; 8],0.2201395930023864,0.08306417776249847,tvm
256,256,50,25,160,16,1,[256; 256; 50; 25; 160; 16; 1],0.13104714400833473,0.13953538952784272,tvm
32,1,50,2,320,80,5,[32; 1; 50; 2; 320; 80; 5],0.15030511800432578,0.12165729636157849,tvm
5,5,100,1,16,16,1,[5; 5; 100; 1; 16; 16; 1],0.08638648051419295,0.21167333333726934,tvm
10,5,750,5,16,16,1,[10; 5; 750; 5; 16; 16; 1],0.06957599750603549,0.2628164157348669,tvm
40,10,12,2,320,80,5,[40; 10; 12; 2; 320; 80; 5],0.08311067000613548,0.2200164465569148,tvm
8,8,100,10,128,32,2,[8; 8; 100; 10; 128; 32; 2],0.068720574490726,0.26608791357211353,tvm
8,4,100,2,128,128,8,[8; 4; 100; 2; 128; 128; 8],0.06423662399174646,0.28466181983760164,tvm
20,5,20,2,128,64,4,[20; 5; 20; 2; 128; 64; 4],0.05097209749510512,0.3587396866976148,tvm
512,1,100,10,160,16,1,[512; 1; 100; 10; 160; 16; 1],0.0834135765035171,0.21921748295906335,tvm
64,8,750,2,640,80,5,[64; 8; 750; 2; 640; 80; 5],0.17753519502002746,0.10299768608501264,tvm
10,10,100,5,1280,80,5,[10; 10; 100; 5; 1280; 80; 5],0.46103459101868793,0.03966234777592443,tvm
160,40,15,15,1280,16,1,[160; 40; 15; 15; 1280; 16; 1],0.7050042710034177,0.025937026253314205,tvm
16,16,60,5,80,16,1,[16; 16; 60; 5; 80; 16; 1],0.041111265993095,0.4447859691011591,tvm
20,10,15,1,256,64,4,[20; 10; 15; 1; 256; 64; 4],0.06338298501214013,0.28849563147289314,tvm
32,32,15,5,128,32,2,[32; 32; 15; 5; 128; 32; 2],0.04895160500018392,0.37354677718219015,tvm
40,1,20,4,160,80,5,[40; 1; 20; 4; 160; 80; 5],0.06469668250065297,0.2826375878783233,tvm
10,5,150,2,64,16,1,[10; 5; 150; 2; 64; 16; 1],0.06849058897932991,0.2669814139170685,tvm
160,10,750,6,320,32,2,[160; 10; 750; 6; 320; 32; 2],0.06820442699245177,0.26810157481035624,tvm
5,5,1500,4,128,64,4,[5; 5; 1500; 4; 128; 64; 4],0.07967183698201552,0.22951289914203882,tvm
8,8,30,5,32,32,2,[8; 8; 30; 5; 32; 32; 2],0.046096520993160084,0.39668317460286356,tvm
320,10,125,25,32,16,1,[320; 10; 125; 25; 32; 16; 1],0.06678958798875101,0.27378091161146323,tvm
16,4,75,3,320,80,5,[16; 4; 75; 3; 320; 80; 5],0.09489068551920354,0.19270294218723616,tvm
512,16,50,10,16,16,1,[512; 16; 50; 10; 16; 16; 1],0.038812489743577316,0.4711296391064478,tvm
20,1,30,5,320,16,1,[20; 1; 30; 5; 320; 16; 1],0.20354706997750327,0.08983531075998927,tvm
16,1,2,2,160,16,1,[16; 1; 2; 2; 160; 16; 1],0.04235469574632589,0.43172814639568047,tvm
64,16,750,10,320,16,1,[64; 16; 750; 10; 320; 16; 1],0.09334586397744715,0.19589206748498478,tvm
20,10,5,5,16,16,1,[20; 10; 5; 5; 16; 16; 1],0.05928480249713175,0.30843847858983703,tvm
32,2,150,6,320,64,4,[32; 2; 150; 6; 320; 64; 4],0.12632037501316518,0.14475664977885427,tvm
10,1,300,1,320,32,2,[10; 1; 300; 1; 320; 32; 2],0.11813129897927865,0.1547914434507469,tvm
20,2,750,3,32,32,2,[20; 2; 750; 3; 32; 32; 2],0.047751986494404264,0.38293096535066806,tvm
64,2,30,5,1280,32,2,[64; 2; 30; 5; 1280; 32; 2],0.5620371919940226,0.032534705080351264,tvm
20,4,250,1,128,128,8,[20; 4; 250; 1; 128; 128; 8],0.057108507986413315,0.3201924709723574,tvm
256,4,750,6,320,32,2,[256; 4; 750; 6; 320; 32; 2],0.09428338601719588,0.1939441831499268,tvm
5,5,750,6,640,32,2,[5; 5; 750; 6; 640; 32; 2],0.3221049680141732,0.056769426434024085,tvm
8,2,30,1,320,16,1,[8; 2; 30; 1; 320; 16; 1],0.12698859500233084,0.1439949334456268,tvm
4,2,375,25,1280,16,1,[4; 2; 375; 25; 1280; 16; 1],1.9121233099722303,0.009563041353216832,tvm
128,128,60,6,64,64,4,[128; 128; 60; 6; 64; 64; 4],0.06081718349014409,0.3006669042586892,tvm
8,2,30,1,320,160,10,[8; 2; 30; 1; 320; 160; 10],0.16229158401256427,0.11267198109483388,tvm
160,40,750,25,256,16,1,[160; 40; 750; 25; 256; 16; 1],0.20885796495713294,0.08755095497299967,tvm
256,4,100,10,64,32,2,[256; 4; 100; 10; 64; 32; 2],0.055062540515791625,0.3320899129321875,tvm
10,2,150,5,1280,80,5,[10; 2; 150; 5; 1280; 80; 5],0.571499090990983,0.031996051391799674,tvm
20,20,100,1,1280,160,10,[20; 20; 100; 1; 1280; 160; 10],0.38278418098343536,0.047770297713806475,tvm
4,2,500,2,640,80,5,[4; 2; 500; 2; 640; 80; 5],0.3973680750350468,0.04601706939869676,tvm
64,16,20,10,1280,32,2,[64; 16; 20; 10; 1280; 32; 2],0.23844426003051922,0.07668758427388372,tvm
10,2,300,30,640,16,1,[10; 2; 300; 30; 640; 16; 1],0.6754281529574655,0.027072774810536826,tvm
512,128,500,25,1280,16,1,[512; 128; 500; 25; 1280; 16; 1],1.2315646929782815,0.014847546694030432,tvm
256,64,150,25,320,16,1,[256; 64; 150; 25; 320; 16; 1],0.25777391699375585,0.07093702302765267,tvm
16,8,12,3,64,64,4,[16; 8; 12; 3; 64; 64; 4],0.037991589997545816,0.48130952894826223,tvm
20,20,3,3,64,32,2,[20; 20; 3; 3; 64; 32; 2],0.05387640150729567,0.33940118074214976,tvm
20,5,150,6,256,16,1,[20; 5; 150; 6; 256; 16; 1],0.10595765401376411,0.17257568087850395,tvm
320,32,20,10,320,16,1,[320; 32; 20; 10; 320; 16; 1],0.08616191000328399,0.21222503406687876,tvm
10,5,12,1,320,80,5,[10; 5; 12; 1; 320; 80; 5],0.10099838400492445,0.18104957288051973,tvm
32,2,50,1,1280,160,10,[32; 2; 50; 1; 1280; 160; 10],0.607631171005778,0.030093443454270067,tvm
8,1,50,1,1280,32,2,[8; 1; 50; 1; 1280; 32; 2],0.4289285429986194,0.04263114354171843,tvm
64,64,30,3,640,80,5,[64; 64; 30; 3; 640; 80; 5],0.21743714599870145,0.08409655214028375,tvm
40,20,60,3,256,64,4,[40; 20; 60; 3; 256; 64; 4],0.051107905979733914,0.35778641161634006,tvm
10,10,150,2,64,32,2,[10; 10; 150; 2; 64; 32; 2],0.05167661650921218,0.3538489073187399,tvm
16,4,4,4,640,64,4,[16; 4; 4; 4; 640; 64; 4],0.1771475609857589,0.10322306547130106,tvm
80,8,150,6,320,32,2,[80; 8; 150; 6; 320; 32; 2],0.07206205200054683,0.25374956413363764,tvm
40,2,300,12,640,16,1,[40; 2; 300; 12; 640; 16; 1],0.38969920901581645,0.04692263638895951,tvm
256,64,750,5,64,32,2,[256; 64; 750; 5; 64; 32; 2],0.0410351762548089,0.445610716331976,tvm
320,1,15,15,64,16,1,[320; 1; 15; 15; 64; 16; 1],0.09670952300075442,0.18907873514764045,tvm
16,2,30,6,32,16,1,[16; 2; 30; 6; 32; 16; 1],0.08499735352233984,0.2151327485850281,tvm
2,1,10,1,128,128,8,[2; 1; 10; 1; 128; 128; 8],0.11680028197588399,0.1565553950416813,tvm
80,20,500,2,640,80,5,[80; 20; 500; 2; 640; 80; 5],0.15932341100415215,0.11477104444642941,tvm
16,8,30,10,32,32,2,[16; 8; 30; 10; 32; 32; 2],0.042629042494809255,0.42894968349197277,tvm
64,16,50,10,320,32,2,[64; 16; 50; 10; 320; 32; 2],0.05980818052194081,0.30573935080680337,tvm
128,32,500,5,160,32,2,[128; 32; 500; 5; 160; 32; 2],0.03247560250747483,0.5630600473541795,tvm
80,80,500,5,64,64,4,[80; 80; 500; 5; 64; 64; 4],0.0548415330122225,0.3334282118196616,tvm
20,1,5,5,1280,80,5,[20; 1; 5; 5; 1280; 80; 5],0.4693797090440057,0.0389571895277645,tvm
1,1,6,3,160,80,5,[1; 1; 6; 3; 160; 80; 5],0.15708729199832305,0.11640479667769364,tvm
128,16,500,10,32,32,2,[128; 16; 500; 10; 32; 32; 2],0.030127997742965817,0.6069342689719092,tvm
80,16,15,5,64,32,2,[80; 16; 15; 5; 64; 32; 2],0.03790145799575839,0.4824541126560532,tvm
32,16,1500,15,128,16,1,[32; 16; 1500; 15; 128; 16; 1],0.08992597850738093,0.20334184391681026,tvm
256,16,375,15,320,16,1,[256; 16; 375; 15; 320; 16; 1],0.10249022796051577,0.17841422201498894,tvm
40,8,30,10,16,16,1,[40; 8; 30; 10; 16; 16; 1],0.05356570999720134,0.3413697734365822,tvm
32,32,150,10,32,32,2,[32; 32; 150; 10; 32; 32; 2],0.043787112255813554,0.4176049377014242,tvm
80,1,375,5,128,64,4,[80; 1; 375; 5; 128; 64; 4],0.10498503397684544,0.17417448557236473,tvm
512,16,30,30,640,16,1,[512; 16; 30; 30; 640; 16; 1],0.46573667495977134,0.03926191616173182,tvm
20,2,10,2,256,64,4,[20; 2; 10; 2; 256; 64; 4],0.06429545351420529,0.28440135789188087,tvm
10,5,125,5,320,80,5,[10; 5; 125; 5; 320; 80; 5],0.10912462999112904,0.16756725119893437,tvm
80,2,300,20,320,16,1,[80; 2; 300; 20; 320; 16; 1],0.22638113202992827,0.08077402088128467,tvm
5,1,500,1,1280,16,1,[5; 1; 500; 1; 1280; 16; 1],0.9617382409633137,0.019013192474699372,tvm
8,1,1500,20,160,16,1,[8; 1; 1500; 20; 160; 16; 1],0.1176691009895876,0.1553994560333419,tvm
256,8,50,25,640,16,1,[256; 8; 50; 25; 640; 16; 1],0.29963633697479963,0.06102635771859731,tvm
160,32,150,30,1280,16,1,[160; 32; 150; 30; 1280; 16; 1],1.1174691269989125,0.01636350736133767,tvm
10,1,50,2,256,16,1,[10; 1; 50; 2; 256; 16; 1],0.09135049299220555,0.20017094256157447,tvm
32,4,1500,4,256,32,2,[32; 4; 1500; 4; 256; 32; 2],0.08000396998249926,0.22856008632714425,tvm
8,2,10,5,256,32,2,[8; 2; 10; 5; 256; 32; 2],0.12356234301114455,0.14798775937799294,tvm
10,2,750,10,64,16,1,[10; 2; 750; 10; 64; 16; 1],0.11800477496581152,0.15495740990999768,tvm
512,1,500,20,128,16,1,[512; 1; 500; 20; 128; 16; 1],0.18986389896599576,0.09630959010796056,tvm
4,2,300,2,16,16,1,[4; 2; 300; 2; 16; 16; 1],0.090472009498626,0.2021146030363346,tvm
64,16,250,5,64,32,2,[64; 16; 250; 5; 64; 32; 2],0.04379198850074317,0.41755843732476244,tvm
20,2,250,2,160,16,1,[20; 2; 250; 2; 160; 16; 1],0.05026700999587774,0.36377167226007373,tvm
20,20,150,5,256,32,2,[20; 20; 150; 5; 256; 32; 2],0.057537551008863375,0.3178048763823379,tvm
10,5,60,12,1280,16,1,[10; 5; 60; 12; 1280; 16; 1],0.6321038559544832,0.028928338458088784,tvm
320,320,300,12,256,16,1,[320; 320; 300; 12; 256; 16; 1],0.1774262050166726,0.10306095587174392,tvm
40,2,15,15,640,16,1,[40; 2; 15; 15; 640; 16; 1],0.38200230902293697,0.04786807266292293,tvm
40,20,300,2,1280,80,5,[40; 20; 300; 2; 1280; 80; 5],0.34247739502461627,0.05339247071883376,tvm
80,4,100,4,80,80,5,[80; 4; 100; 4; 80; 80; 5],0.04195064150553662,0.4358864043426117,tvm
16,8,300,5,256,16,1,[16; 8; 300; 5; 256; 16; 1],0.10500991600565612,0.17413321504541884,tvm
64,4,300,5,160,32,2,[64; 4; 300; 5; 160; 32; 2],0.0496399154944811,0.3683671517883077,tvm
10,2,60,12,160,16,1,[10; 2; 60; 12; 160; 16; 1],0.09437531701405533,0.19375526211997776,tvm
4,4,100,10,32,32,2,[4; 4; 100; 10; 32; 32; 2],0.06722395602264442,0.2720118744507499,tvm
10,5,250,1,32,16,1,[10; 5; 250; 1; 32; 16; 1],0.06551299098646268,0.27911585183910725,tvm
10,1,250,2,320,32,2,[10; 1; 250; 2; 320; 32; 2],0.10490087198559195,0.17431422579810218,tvm
20,5,15,1,320,160,10,[20; 5; 15; 1; 320; 160; 10],0.10370175301795825,0.17632984740911478,tvm
40,4,500,4,160,32,2,[40; 4; 500; 4; 160; 32; 2],0.05389388449839316,0.33929108016438253,tvm
128,1,1500,30,320,16,1,[128; 1; 1500; 30; 320; 16; 1],0.24667058297200128,0.07413009717413217,tvm
80,4,125,5,160,80,5,[80; 4; 125; 5; 160; 80; 5],0.04369816975668073,0.4184549235707682,tvm
64,32,300,2,128,64,4,[64; 32; 300; 2; 128; 64; 4],0.07002289951196872,0.2611390618377462,tvm
8,8,300,3,80,16,1,[8; 8; 300; 3; 80; 16; 1],0.06481014998280443,0.28214275527160315,tvm
5,5,50,2,320,64,4,[5; 5; 50; 2; 320; 64; 4],0.11233666399493814,0.1627760130614012,tvm
160,5,150,10,32,16,1,[160; 5; 150; 10; 32; 16; 1],0.05376110450015403,0.34012906646406227,tvm
5,5,25,1,320,80,5,[5; 5; 25; 1; 320; 80; 5],0.12353365699527785,0.1480221239335064,tvm
80,5,10,2,640,64,4,[80; 5; 10; 2; 640; 64; 4],0.1318341860314831,0.13870237179108844,tvm
10,10,1,1,640,160,10,[10; 10; 1; 1; 640; 160; 10],0.16698316700058058,0.10950633296858425,tvm
160,5,15,5,1280,32,2,[160; 5; 15; 5; 1280; 32; 2],0.33604191697668284,0.05441498028051985,tvm
1,1,3,3,1280,16,1,[1; 1; 3; 3; 1280; 16; 1],1.8355822979938239,0.00996180574725493,tvm
32,4,20,5,32,32,2,[32; 4; 20; 5; 32; 32; 2],0.04432080099650193,0.4125763495826149,tvm
8,8,150,30,16,16,1,[8; 8; 150; 30; 16; 16; 1],0.10514088498894125,0.1739163056087799,tvm
20,1,20,1,320,32,2,[20; 1; 20; 1; 320; 32; 2],0.15563142503378913,0.11749371492129097,tvm
40,5,500,5,1280,80,5,[40; 5; 500; 5; 1280; 80; 5],0.35253109800396487,0.051869790748243806,tvm
32,8,300,25,1280,16,1,[32; 8; 300; 25; 1280; 16; 1],0.7044466439983808,0.025957557526182663,tvm
128,4,12,3,256,64,4,[128; 4; 12; 3; 256; 64; 4],0.06692551702144556,0.273224849049053,tvm
512,32,15,15,256,16,1,[512; 32; 15; 15; 256; 16; 1],0.12836817797506228,0.14244740849454607,tvm
20,4,100,2,640,64,4,[20; 4; 100; 2; 640; 64; 4],0.14986121596302837,0.12201765592390147,tvm
320,5,300,25,16,16,1,[320; 5; 300; 25; 16; 16; 1],0.07715675051440485,0.23699435452897177,tvm
20,1,25,1,64,16,1,[20; 1; 25; 1; 64; 16; 1],0.06831551599316299,0.26766561036506437,tvm
64,4,1500,25,160,16,1,[64; 4; 1500; 25; 160; 16; 1],0.0895773269876372,0.2041332879718318,tvm
2,2,30,5,1280,16,1,[2; 2; 30; 5; 1280; 16; 1],1.2575684890034609,0.014540531546082628,tvm
20,2,30,10,64,32,2,[20; 2; 30; 10; 64; 32; 2],0.0852162564988248,0.214580116951822,tvm
40,2,300,20,320,16,1,[40; 2; 300; 20; 320; 16; 1],0.22559117997298017,0.0810568670632621,tvm
160,1,60,12,64,32,2,[160; 1; 60; 12; 64; 32; 2],0.08232630899874493,0.2221126454969948,tvm
160,40,50,10,128,16,1,[160; 40; 50; 10; 128; 16; 1],0.08348126948112622,0.2190397247115222,tvm
20,4,60,2,80,80,5,[20; 4; 60; 2; 80; 80; 5],0.044238993257749826,0.4133392950236493,tvm
320,1,300,15,64,16,1,[320; 1; 300; 15; 64; 16; 1],0.10849065700313076,0.16854644253086795,tvm
40,20,750,6,256,32,2,[40; 20; 750; 6; 256; 32; 2],0.06522279352066107,0.2803577292334435,tvm
8,4,20,4,1280,80,5,[8; 4; 20; 4; 1280; 80; 5],0.3935470879659988,0.04646385361462543,tvm
8,4,12,2,1280,32,2,[8; 4; 12; 2; 1280; 32; 2],0.3834020340000279,0.04769331579944867,tvm
256,8,25,5,320,32,2,[256; 8; 25; 5; 320; 32; 2],0.06843968099565245,0.2671800046361389,tvm
64,64,6,6,256,32,2,[64; 64; 6; 6; 256; 32; 2],0.06037514249328524,0.3028682588657737,tvm
8,4,250,5,16,16,1,[8; 4; 250; 5; 16; 16; 1],0.07502014448982663,0.24374405581415515,tvm
80,10,150,15,1280,16,1,[80; 10; 150; 15; 1280; 16; 1],0.48474235902540386,0.03772254259454142,tvm
20,10,1,1,1280,64,4,[20; 10; 1; 1; 1280; 64; 4],0.4903230360359885,0.037293198446364986,tvm
8,2,15,3,64,32,2,[8; 2; 15; 3; 64; 32; 2],0.0864734445058275,0.21146045922204476,tvm
128,2,30,10,640,16,1,[128; 2; 30; 10; 640; 16; 1],0.3270404329523444,0.055912702049225944,tvm
16,16,375,5,160,32,2,[16; 16; 375; 5; 160; 32; 2],0.03551827999763191,0.5148254444453234,tvm
256,32,300,20,80,16,1,[256; 32; 300; 20; 80; 16; 1],0.08872523749596439,0.20609372036390436,tvm
4,1,1500,3,160,16,1,[4; 1; 1500; 3; 160; 16; 1],0.09626295900670812,0.18995587164986316,tvm
160,20,375,25,64,16,1,[160; 20; 375; 25; 64; 16; 1],0.11547893297392875,0.15834675481321417,tvm
8,8,1500,20,320,16,1,[8; 8; 1500; 20; 320; 16; 1],0.19841083802748471,0.09216086413173293,tvm
40,1,375,3,320,80,5,[40; 1; 375; 3; 320; 80; 5],0.13742783502675593,0.13305684603235018,tvm
16,2,1500,1,128,32,2,[16; 2; 1500; 1; 128; 32; 2],0.08278738049557433,0.22087562350993592,tvm
2,2,750,5,256,32,2,[2; 2; 750; 5; 256; 32; 2],0.24777405004715547,0.07379995718774511,tvm
8,1,60,5,320,16,1,[8; 1; 60; 5; 320; 16; 1],0.20414834102848545,0.08957072192500856,tvm
20,2,500,10,128,32,2,[20; 2; 500; 10; 128; 32; 2],0.1148271220154129,0.1592456029966496,tvm
16,2,300,2,1280,80,5,[16; 2; 300; 2; 1280; 80; 5],0.5772591220447794,0.03167678705698447,tvm
80,1,30,15,64,16,1,[80; 1; 30; 15; 64; 16; 1],0.10789485101122409,0.16947717258363015,tvm
160,8,50,10,640,32,2,[160; 8; 50; 10; 640; 32; 2],0.13789989199722186,0.13260136770870476,tvm
160,16,100,10,16,16,1,[160; 16; 100; 10; 16; 16; 1],0.04176022775936872,0.4378739117775039,tvm
10,10,300,4,640,16,1,[10; 10; 300; 4; 640; 16; 1],0.27108131599379703,0.06745472006684779,tvm
1,1,30,2,64,64,4,[1; 1; 30; 2; 64; 64; 4],0.17397039500065148,0.10510819548145425,tvm
5,5,150,3,320,32,2,[5; 5; 150; 3; 320; 32; 2],0.14004353201016784,0.1305716445682522,tvm
16,1,1500,5,16,16,1,[16; 1; 1500; 5; 16; 16; 1],0.08982810599263757,0.20356339570616136,tvm
320,160,60,15,640,16,1,[320; 160; 60; 15; 640; 16; 1],0.41589233599370345,0.04396742306400936,tvm
64,32,300,4,160,32,2,[64; 32; 300; 4; 160; 32; 2],0.041180215499480255,0.4440412480586721,tvm
10,10,750,25,256,16,1,[10; 10; 750; 25; 256; 16; 1],0.16796033695572987,0.10886924030483425,tvm
64,1,15,15,320,16,1,[64; 1; 15; 15; 320; 16; 1],0.16360782296396792,0.11176552535474683,tvm
32,2,150,10,256,32,2,[32; 2; 150; 10; 256; 32; 2],0.13924655300797895,0.13131897264750603,tvm
512,512,300,25,1280,16,1,[512; 512; 300; 25; 1280; 16; 1],1.2511628450010903,0.014614975467640547,tvm
32,32,60,4,256,32,2,[32; 32; 60; 4; 256; 32; 2],0.05081516350037418,0.3598475932401484,tvm
16,4,30,30,32,16,1,[16; 4; 30; 30; 32; 16; 1],0.09971458450309001,0.1833805393347213,tvm
5,5,60,10,320,16,1,[5; 5; 60; 10; 320; 16; 1],0.16140704898862168,0.11328944058077246,tvm
10,5,75,1,640,80,5,[10; 5; 75; 1; 640; 80; 5],0.23427709401585162,0.07805165230740417,tvm
5,5,12,4,64,32,2,[5; 5; 12; 4; 64; 32; 2],0.06583502900321037,0.2777505313291896,tvm
4,2,150,25,640,16,1,[4; 2; 150; 25; 640; 16; 1],0.7524059090064839,0.024302991333307978,tvm
16,4,30,15,128,16,1,[16; 4; 30; 15; 128; 16; 1],0.12289361603325233,0.1487930364158751,tvm
64,2,300,25,160,16,1,[64; 2; 300; 25; 160; 16; 1],0.12043630599509925,0.15182892014687302,tvm
64,2,125,5,1280,32,2,[64; 2; 125; 5; 1280; 32; 2],0.5681096659973264,0.032186944493566044,tvm
32,32,20,1,256,128,8,[32; 32; 20; 1; 256; 128; 8],0.05299373500747606,0.34505426505858927,tvm
8,4,300,5,640,16,1,[8; 4; 300; 5; 640; 16; 1],0.31289396103238687,0.058440611079168696,tvm
40,5,300,10,256,16,1,[40; 5; 300; 10; 256; 16; 1],0.10558115999447182,0.17319107203095438,tvm
10,1,60,5,64,16,1,[10; 1; 60; 5; 64; 16; 1],0.11763881199294701,0.15543946743367826,tvm
16,8,50,2,320,16,1,[16; 8; 50; 2; 320; 16; 1],0.10064543999033049,0.18168447857618872,tvm
320,5,12,12,1280,16,1,[320; 5; 12; 12; 1280; 16; 1],0.5947525139781646,0.030745081115177292,tvm
20,4,1500,3,80,16,1,[20; 4; 1500; 3; 80; 16; 1],0.056118727021384984,0.3258397910335031,tvm
320,160,60,12,1280,16,1,[320; 160; 60; 12; 1280; 16; 1],0.8443964620237239,0.02165536582411751,tvm
16,2,1500,4,1280,16,1,[16; 2; 1500; 4; 1280; 16; 1],0.7515445039607584,0.024330846928353116,tvm
64,64,4,2,1280,80,5,[64; 64; 4; 2; 1280; 80; 5],0.8912849660264328,0.020516125574558373,tvm
64,8,300,15,64,16,1,[64; 8; 300; 15; 64; 16; 1],0.07382328147650696,0.2476957664301798,tvm
80,8,20,4,128,32,2,[80; 8; 20; 4; 128; 32; 2],0.06089743602205999,0.3002706760772378,tvm
160,160,250,10,128,16,1,[160; 160; 250; 10; 128; 16; 1],0.13076056900899857,0.13984119543297427,tvm
320,32,15,15,160,16,1,[320; 32; 15; 15; 160; 16; 1],0.06378529698122293,0.2866760076557647,tvm
16,2,750,3,160,16,1,[16; 2; 750; 3; 160; 16; 1],0.12377329700393602,0.1477355352756968,tvm
10,5,25,5,80,16,1,[10; 5; 25; 5; 80; 16; 1],0.064500649983529,0.2834965894201649,tvm
4,1,150,2,32,16,1,[4; 1; 150; 2; 32; 16; 1],0.08105356749729253,0.22560036344267131,tvm
16,2,150,25,80,16,1,[16; 2; 150; 25; 80; 16; 1],0.11978704098146409,0.1526518572951796,tvm
256,256,30,6,256,32,2,[256; 256; 30; 6; 256; 32; 2],0.10539990803226829,0.1734889017181694,tvm
16,8,250,5,640,80,5,[16; 8; 250; 5; 640; 80; 5],0.17221042001619935,0.1061823917739368,tvm
160,5,12,6,160,32,2,[160; 5; 12; 6; 160; 32; 2],0.04064052749890834,0.449937916928009,tvm
64,8,15,3,320,80,5,[64; 8; 15; 3; 320; 80; 5],0.06829927049693651,0.26772927664775675,tvm
64,1,60,5,320,32,2,[64; 1; 60; 5; 320; 32; 2],0.14825543999904767,0.1233392466801336,tvm
64,16,75,15,80,16,1,[64; 16; 75; 15; 80; 16; 1],0.0505877010000404,0.36146561168493674,tvm
10,5,30,6,640,32,2,[10; 5; 30; 6; 640; 32; 2],0.20975334604736418,0.08717722329723984,tvm
320,16,300,30,256,16,1,[320; 16; 300; 30; 256; 16; 1],0.21951492904918268,0.08330054983010901,tvm
16,1,500,5,640,16,1,[16; 1; 500; 5; 640; 16; 1],0.40392244199756533,0.04527035981284869,tvm
80,10,15,15,640,16,1,[80; 10; 15; 15; 640; 16; 1],0.2109009720152244,0.08670284499397322,tvm
40,4,300,2,1280,128,8,[40; 4; 300; 2; 1280; 128; 8],0.3056671100202948,0.059822315474177795,tvm
256,8,150,15,16,16,1,[256; 8; 150; 15; 16; 16; 1],0.05471207000664435,0.3342171897991363,tvm
4,1,300,6,128,32,2,[4; 1; 300; 6; 128; 32; 2],0.15594906400656328,0.117254402276789,tvm
10,2,20,1,64,64,4,[10; 2; 20; 1; 64; 64; 4],0.053522140020504594,0.34164766727767126,tvm
32,16,30,1,640,128,8,[32; 16; 30; 1; 640; 128; 8],0.14656505803577602,0.12476175788946099,tvm
5,5,1500,5,1280,16,1,[5; 5; 1500; 5; 1280; 16; 1],1.006940429972019,0.018159678310088724,tvm
80,1,250,25,64,16,1,[80; 1; 250; 25; 64; 16; 1],0.14704629499465227,0.12435345131531057,tvm
10,5,150,5,256,64,4,[10; 5; 150; 5; 256; 64; 4],0.08210499750566669,0.22271134329493464,tvm
4,4,300,3,80,80,5,[4; 4; 300; 3; 80; 80; 5],0.057554503000574186,0.3177112707502984,tvm
40,20,125,5,160,32,2,[40; 20; 125; 5; 160; 32; 2],0.035506343745510094,0.514998514540844,tvm
256,4,150,30,320,16,1,[256; 4; 150; 30; 320; 16; 1],0.20080271700862795,0.09106308200465534,tvm
32,32,25,5,32,32,2,[32; 32; 25; 5; 32; 32; 2],0.03620332524587866,0.5050838330878434,tvm
10,2,30,30,320,16,1,[10; 2; 30; 30; 320; 16; 1],0.2805177890113555,0.06518557824856545,tvm
64,64,60,15,80,16,1,[64; 64; 60; 15; 80; 16; 1],0.07689128248603083,0.2378125802367301,tvm
10,10,250,1,160,80,5,[10; 10; 250; 1; 160; 80; 5],0.04901048775354866,0.3730979862445929,tvm
256,256,750,10,256,16,1,[256; 256; 750; 10; 256; 16; 1],0.15897619997849688,0.11502170946460925,tvm
80,20,250,25,80,16,1,[80; 20; 250; 25; 80; 16; 1],0.09186766349012032,0.1990440770019233,tvm
256,128,60,10,1280,32,2,[256; 128; 60; 10; 1280; 32; 2],0.6305848040501587,0.028998025591907197,tvm
512,512,100,20,160,16,1,[512; 512; 100; 20; 160; 16; 1],0.11852397595066577,0.1542786102056305,tvm
4,2,375,5,128,64,4,[4; 2; 375; 5; 128; 64; 4],0.12095833302009851,0.15117366310492988,tvm
16,1,15,5,320,32,2,[16; 1; 15; 5; 320; 32; 2],0.14882696099812165,0.12286560286576753,tvm
64,16,12,4,128,32,2,[64; 16; 12; 4; 128; 32; 2],0.05288642199593596,0.34575442231882214,tvm
32,1,1500,6,64,64,4,[32; 1; 1500; 6; 64; 64; 4],0.0668537089950405,0.2735183217294765,tvm
4,4,750,1,80,80,5,[4; 4; 750; 1; 80; 80; 5],0.06442433802294545,0.28383239699260276,tvm
10,5,750,30,640,16,1,[10; 5; 750; 30; 640; 16; 1],0.5227950550033711,0.03497683099851887,tvm
16,16,300,2,128,128,8,[16; 16; 300; 2; 128; 128; 8],0.0504630469949916,0.3623585053738258,tvm
16,2,500,2,320,160,10,[16; 2; 500; 2; 320; 160; 10],0.13233992498135194,0.1381723186581142,tvm
256,16,375,25,32,16,1,[256; 16; 375; 25; 32; 16; 1],0.08330821301206015,0.21949473676823614,tvm
256,32,300,10,320,32,2,[256; 32; 300; 10; 320; 32; 2],0.0689935314876493,0.2650351981038636,tvm
40,40,60,30,160,16,1,[40; 40; 60; 30; 160; 16; 1],0.1179119409644045,0.15507941041556103,tvm
10,5,250,1,64,32,2,[10; 5; 250; 1; 64; 32; 2],0.05852196051273495,0.31245901752958427,tvm
20,4,30,6,128,64,4,[20; 4; 30; 6; 128; 64; 4],0.07728141552070156,0.23661205171398614,tvm
8,2,3,1,1280,32,2,[8; 2; 3; 1; 1280; 32; 2],0.3739765390055254,0.04889535138845734,tvm
320,320,60,30,320,16,1,[320; 320; 60; 30; 320; 16; 1],0.281594917003531,0.06493623706100134,tvm
16,8,20,4,64,64,4,[16; 8; 20; 4; 64; 64; 4],0.04466112224326935,0.40943248550969935,tvm
64,16,20,10,16,16,1,[64; 16; 20; 10; 16; 16; 1],0.0443063407583395,0.412711001918444,tvm
2,2,30,1,320,16,1,[2; 2; 30; 1; 320; 16; 1],0.29466704902006313,0.062055510945403534,tvm
8,8,3,1,320,32,2,[8; 8; 3; 1; 320; 32; 2],0.08870388299692422,0.20614333519478892,tvm
80,20,250,10,320,32,2,[80; 20; 250; 10; 320; 32; 2],0.06399575649993494,0.2857332311671771,tvm
16,4,60,6,128,64,4,[16; 4; 60; 6; 128; 64; 4],0.07378204600536264,0.24783419918153585,tvm
16,8,15,3,640,80,5,[16; 8; 15; 3; 640; 80; 5],0.14987110102083534,0.12200960799755635,tvm
160,32,25,25,80,16,1,[160; 32; 25; 25; 80; 16; 1],0.10151904402300715,0.18012102518981774,tvm
40,5,60,30,160,16,1,[40; 5; 60; 30; 160; 16; 1],0.09297772700665519,0.19666768455638228,tvm
40,5,4,4,1280,32,2,[40; 5; 4; 4; 1280; 32; 2],0.2875319859595038,0.06359540913228923,tvm
80,16,1500,30,32,16,1,[80; 16; 1500; 30; 32; 16; 1],0.1060957100125961,0.17235111847164541,tvm
40,1,20,2,640,64,4,[40; 1; 20; 2; 640; 64; 4],0.16021834401180968,0.11412996681807203,tvm
80,5,60,4,640,32,2,[80; 5; 60; 4; 640; 32; 2],0.17872562998672947,0.10231165103221075,tvm
320,4,750,25,32,16,1,[320; 4; 750; 25; 32; 16; 1],0.08234707498922944,0.22205663392544253,tvm
256,128,6,6,160,32,2,[256; 128; 6; 6; 160; 32; 2],0.052375091006979346,0.3491299763713554,tvm
256,8,25,25,128,16,1,[256; 8; 25; 25; 128; 16; 1],0.11816598399309441,0.15474600784251835,tvm
32,1,60,4,160,80,5,[32; 1; 60; 4; 160; 80; 5],0.06421653748839162,0.2847508601506237,tvm
256,128,10,10,256,32,2,[256; 128; 10; 10; 256; 32; 2],0.12271938199410215,0.14900428920505068,tvm
64,1,300,15,160,16,1,[64; 1; 300; 15; 160; 16; 1],0.0935401514871046,0.19548518999603232,tvm
40,5,4,1,640,128,8,[40; 5; 4; 1; 640; 128; 8],0.23438678600359708,0.07801512447648674,tvm
20,2,375,15,16,16,1,[20; 2; 375; 15; 16; 16; 1],0.09565289551392198,0.19116738900029281,tvm
10,10,300,20,128,16,1,[10; 10; 300; 20; 128; 16; 1],0.11925415298901498,0.15333398315611418,tvm
20,20,1500,1,320,160,10,[20; 20; 1500; 1; 320; 160; 10],0.0743658434948884,0.2458886153422192,tvm
8,8,5,5,1280,64,4,[8; 8; 5; 5; 1280; 64; 4],0.3401970569975674,0.05375036000339368,tvm
32,16,1500,4,320,80,5,[32; 16; 1500; 4; 320; 80; 5],0.09879362801439129,0.1850900169700277,tvm
128,8,12,12,128,32,2,[128; 8; 12; 12; 128; 32; 2],0.06144737149588764,0.29758334393421626,tvm
10,1,125,1,64,64,4,[10; 1; 125; 1; 64; 64; 4],0.053781112510478124,0.3400025293666378,tvm
4,2,75,5,64,64,4,[4; 2; 75; 5; 64; 64; 4],0.07974827499128878,0.22929291307820399,tvm
40,20,1500,25,16,16,1,[40; 20; 1500; 25; 16; 16; 1],0.10015871998621151,0.18256737194955783,tvm
160,4,1500,15,64,16,1,[160; 4; 1500; 15; 64; 16; 1],0.08135221301927231,0.22477218021570486,tvm
8,8,12,4,32,16,1,[8; 8; 12; 4; 32; 16; 1],0.06199677349650301,0.29494622468934956,tvm
80,8,6,3,1280,80,5,[80; 8; 6; 3; 1280; 80; 5],0.2664159960113466,0.06863594738859263,tvm
20,4,30,6,160,16,1,[20; 4; 30; 6; 160; 16; 1],0.0662469030066859,0.2760236849693762,tvm
5,5,75,5,64,16,1,[5; 5; 75; 5; 64; 16; 1],0.08470180901349522,0.21588339728140746,tvm
5,5,60,2,640,32,2,[5; 5; 60; 2; 640; 32; 2],0.2488149679847993,0.07349121491288822,tvm
4,4,1,1,160,80,5,[4; 4; 1; 1; 160; 80; 5],0.059595213999273255,0.30683192589823194,tvm
80,20,125,5,64,64,4,[80; 20; 125; 5; 64; 64; 4],0.03456785574962851,0.5289802878765716,tvm
10,10,375,1,1280,80,5,[10; 10; 375; 1; 1280; 80; 5],0.4616574219544418,0.039608838537245034,tvm
128,128,500,2,640,64,4,[128; 128; 500; 2; 640; 64; 4],0.13255368202226236,0.1379495009625097,tvm
16,8,300,2,80,80,5,[16; 8; 300; 2; 80; 80; 5],0.037462297987076454,0.48810978685884127,tvm
128,1,20,2,320,64,4,[128; 1; 20; 2; 320; 64; 4],0.06933292798930779,0.26373780562872273,tvm
16,16,250,5,640,32,2,[16; 16; 250; 5; 640; 32; 2],0.15007077797781676,0.12184726788327341,tvm
64,8,375,3,64,64,4,[64; 8; 375; 3; 64; 64; 4],0.0413159162417287,0.44258280946087025,tvm
10,1,75,3,64,64,4,[10; 1; 75; 3; 64; 64; 4],0.05117127901758067,0.35734331126317853,tvm
80,40,150,2,640,80,5,[80; 40; 150; 2; 640; 80; 5],0.21423840505303815,0.08535217708135646,tvm
8,4,30,10,640,16,1,[8; 4; 30; 10; 640; 16; 1],0.29708905902225524,0.0615496051786427,tvm
64,64,300,6,640,64,4,[64; 64; 300; 6; 640; 64; 4],0.1595811920124106,0.11458564793959058,tvm
160,8,750,10,128,16,1,[160; 8; 750; 10; 128; 16; 1],0.07996909250505269,0.228659769829937,tvm
20,10,30,6,640,64,4,[20; 10; 30; 6; 640; 64; 4],0.14226361300097778,0.12853402145486498,tvm
256,8,75,5,640,32,2,[256; 8; 75; 5; 640; 32; 2],0.14171726402128115,0.1290295463435449,tvm
20,4,100,5,640,32,2,[20; 4; 100; 5; 640; 32; 2],0.20728011603932828,0.08821740664331183,tvm
64,8,500,5,80,80,5,[64; 8; 500; 5; 80; 80; 5],0.035021471994696185,0.5221286611962959,tvm
512,16,300,30,16,16,1,[512; 16; 300; 30; 16; 16; 1],0.10100257903104648,0.18104205319443942,tvm
4,2,300,4,160,80,5,[4; 2; 300; 4; 160; 80; 5],0.08063693452277221,0.2267659899763467,tvm
4,2,1,1,320,16,1,[4; 2; 1; 1; 320; 16; 1],0.13761270500253886,0.13287809643286155,tvm
8,2,50,5,160,80,5,[8; 2; 50; 5; 160; 80; 5],0.0649632274871692,0.2814779220956328,tvm
32,16,300,5,80,80,5,[32; 16; 300; 5; 80; 80; 5],0.05342630497762002,0.3422605080657191,tvm
40,1,500,2,320,80,5,[40; 1; 500; 2; 320; 80; 5],0.16042922099586576,0.11397994811796479,tvm
8,4,12,1,160,160,10,[8; 4; 12; 1; 160; 160; 10],0.04776941199088469,0.38279127842736577,tvm
512,256,10,10,256,16,1,[512; 256; 10; 10; 256; 16; 1],0.15125183400232345,0.12089581859505513,tvm
16,2,125,5,160,80,5,[16; 2; 125; 5; 160; 80; 5],0.06044164500781335,0.3025350200735019,tvm
20,5,50,2,128,32,2,[20; 5; 50; 2; 128; 32; 2],0.06064567549037747,0.3015172003256134,tvm
512,16,100,20,640,16,1,[512; 16; 100; 20; 640; 16; 1],0.277002718008589,0.06601276123632586,tvm
16,8,100,5,1280,16,1,[16; 8; 100; 5; 1280; 16; 1],0.4931490599992685,0.03707948725633059,tvm
16,16,500,4,640,32,2,[16; 16; 500; 4; 640; 32; 2],0.1762627629796043,0.10374122121205011,tvm
256,32,100,20,128,16,1,[256; 32; 100; 20; 128; 16; 1],0.15054703498026356,0.12146180287185006,tvm
80,80,750,2,640,80,5,[80; 80; 750; 2; 640; 80; 5],0.27019864099565893,0.06767507866928194,tvm
32,8,750,10,128,16,1,[32; 8; 750; 10; 128; 16; 1],0.08556480047991499,0.21370603546263833,tvm
20,10,250,5,320,64,4,[20; 10; 250; 5; 320; 64; 4],0.07912272302201018,0.23110572522418887,tvm
80,16,300,12,256,32,2,[80; 16; 300; 12; 256; 32; 2],0.06023594451835379,0.3035681507433267,tvm
8,2,4,4,256,16,1,[8; 2; 4; 4; 256; 16; 1],0.11117817502235994,0.1644721572560145,tvm
80,5,300,4,128,64,4,[80; 5; 300; 4; 128; 64; 4],0.06359673850238323,0.2875259756446322,tvm
32,2,15,5,640,32,2,[32; 2; 15; 5; 640; 32; 2],0.2811593629885465,0.06503683210599388,tvm
16,1,6,6,1280,32,2,[16; 1; 6; 6; 1280; 32; 2],0.43951150600332767,0.04160463158745118,tvm
40,8,50,5,640,80,5,[40; 8; 50; 5; 640; 80; 5],0.14317749097244814,0.12771361029949208,tvm
4,2,20,5,320,16,1,[4; 2; 20; 5; 320; 16; 1],0.2136721580172889,0.0855783666687858,tvm
40,4,10,2,80,80,5,[40; 4; 10; 2; 80; 80; 5],0.051031078008236364,0.35832506385154145,tvm
256,256,12,6,128,32,2,[256; 256; 12; 6; 128; 32; 2],0.10932547599077225,0.16725940701376607,tvm
2,2,750,3,320,64,4,[2; 2; 750; 3; 320; 64; 4],0.274281213991344,0.066667760506162,tvm
80,10,6,3,256,64,4,[80; 10; 6; 3; 256; 64; 4],0.05285128499963321,0.34598428942344905,tvm
320,4,150,15,16,16,1,[320; 4; 150; 15; 16; 16; 1],0.0646036580146756,0.28304456508577946,tvm
80,2,750,3,640,64,4,[80; 2; 750; 3; 640; 64; 4],0.2638787670293823,0.06929589103195338,tvm
8,2,12,2,320,64,4,[8; 2; 12; 2; 320; 64; 4],0.08965336650726385,0.20396015228533276,tvm
2,1,12,2,160,160,10,[2; 1; 12; 2; 160; 160; 10],0.08611481849220581,0.21234108839664237,tvm
128,64,12,3,1280,64,4,[128; 64; 12; 3; 1280; 64; 4],0.20808792096795514,0.0878749434405192,tvm
20,4,50,5,640,80,5,[20; 4; 50; 5; 640; 80; 5],0.1899905820027925,0.09624537223348008,tvm
10,1,60,1,160,16,1,[10; 1; 60; 1; 160; 16; 1],0.05802173801930621,0.3151528187526868,tvm
80,16,6,2,80,80,5,[80; 16; 6; 2; 80; 80; 5],0.04007481499866117,0.45628942482517215,tvm
256,16,60,10,256,32,2,[256; 16; 60; 10; 256; 32; 2],0.04667091151350178,0.3918010960729635,tvm
320,32,300,20,320,16,1,[320; 32; 300; 20; 320; 16; 1],0.17874101403867826,0.10230284517551966,tvm
10,10,1500,1,256,64,4,[10; 10; 1500; 1; 256; 64; 4],0.08158826699946076,0.22412186161320405,tvm
2,2,300,1,320,32,2,[2; 2; 300; 1; 320; 32; 2],0.3039926479686983,0.06015183067057971,tvm
20,4,12,4,32,32,2,[20; 4; 12; 4; 32; 32; 2],0.05106940749101341,0.35805612761283734,tvm
8,1,300,6,640,32,2,[8; 1; 300; 6; 640; 32; 2],0.3392954769660719,0.05389318610793854,tvm
80,10,375,3,320,64,4,[80; 10; 375; 3; 320; 64; 4],0.07254480599658564,0.2520609716231775,tvm
16,8,75,1,320,16,1,[16; 8; 75; 1; 320; 16; 1],0.10865929798455909,0.1682848557360711,tvm
5,1,100,4,64,64,4,[5; 1; 100; 4; 64; 64; 4],0.08731243599322625,0.20942852043588503,tvm
64,4,300,10,32,16,1,[64; 4; 300; 10; 32; 16; 1],0.0638339739816729,0.28645740105361794,tvm
80,16,100,25,32,16,1,[80; 16; 100; 25; 32; 16; 1],0.08372466848231852,0.2184029464335947,tvm
5,5,25,5,80,16,1,[5; 5; 25; 5; 80; 16; 1],0.07809076100238599,0.2341597655215011,tvm
2,1,60,5,1280,16,1,[2; 1; 60; 5; 1280; 16; 1],1.5142101619858295,0.012076074210024627,tvm
8,8,150,30,32,16,1,[8; 8; 150; 30; 32; 16; 1],0.09931157249957323,0.18412470798197125,tvm
10,10,25,1,1280,80,5,[10; 10; 25; 1; 1280; 80; 5],0.39929243799997494,0.04579529323747282,tvm
4,2,3,3,128,16,1,[4; 2; 3; 3; 128; 16; 1],0.07607752599869855,0.24035632134024837,tvm
64,32,150,3,64,64,4,[64; 32; 150; 3; 64; 64; 4],0.04336451900599059,0.4216745557165804,tvm
32,1,750,10,160,32,2,[32; 1; 750; 10; 160; 32; 2],0.07138587947702035,0.2561530994599653,tvm
32,2,100,4,160,80,5,[32; 2; 100; 4; 160; 80; 5],0.06355455800076015,0.28771680365546054,tvm
40,8,375,1,1280,128,8,[40; 8; 375; 1; 1280; 128; 8],0.49864860001252964,0.03667054171064517,tvm
64,1,375,5,128,64,4,[64; 1; 375; 5; 128; 64; 4],0.10486788296839222,0.1743690610329733,tvm
10,5,4,1,640,160,10,[10; 5; 4; 1; 640; 160; 10],0.22383074997924268,0.08169437973741339,tvm
320,8,250,10,32,16,1,[320; 8; 250; 10; 32; 16; 1],0.04671268399397377,0.39145073077096704,tvm
20,1,3,3,64,64,4,[20; 1; 3; 3; 64; 64; 4],0.04250327075715177,0.43021899162048516,tvm
4,4,300,6,160,16,1,[4; 4; 300; 6; 160; 16; 1],0.09199051299947314,0.1987782619042359,tvm
20,5,150,5,1280,64,4,[20; 5; 150; 5; 1280; 64; 4],0.36857367801712826,0.049612100310821756,tvm
16,1,750,2,1280,32,2,[16; 1; 750; 2; 1280; 32; 2],0.5112925110151991,0.03576370451702296,tvm
40,4,150,2,1280,64,4,[40; 4; 150; 2; 1280; 64; 4],0.30592745397007093,0.0597714067450226,tvm
16,2,25,5,1280,80,5,[16; 2; 25; 5; 1280; 80; 5],0.521671628986951,0.035052154017315144,tvm
1,1,50,25,256,16,1,[1; 1; 50; 25; 256; 16; 1],0.5176315580029041,0.035325733145527616,tvm
128,1,150,5,64,32,2,[128; 1; 150; 5; 64; 32; 2],0.08830305500305258,0.20707906748053237,tvm
20,1,1500,1,1280,16,1,[20; 1; 1500; 1; 1280; 16; 1],0.7877806799951941,0.02321168156323133,tvm
512,8,50,25,256,16,1,[512; 8; 50; 25; 256; 16; 1],0.12612108897883445,0.14498538217334123,tvm
40,10,300,12,640,32,2,[40; 10; 300; 12; 640; 32; 2],0.1657216299790889,0.1103399374482475,tvm
64,8,12,3,80,80,5,[64; 8; 12; 3; 80; 80; 5],0.03741256825742312,0.48875859470262845,tvm
160,160,20,5,64,32,2,[160; 160; 20; 5; 64; 32; 2],0.06944593350635841,0.26330863972100055,tvm
1,1,300,12,320,16,1,[1; 1; 300; 12; 320; 16; 1],0.8689238929655403,0.02104409193227175,tvm
40,4,50,2,160,160,10,[40; 4; 50; 2; 160; 160; 10],0.04615448850381654,0.39618496225350286,tvm
32,32,250,5,1280,80,5,[32; 32; 250; 5; 1280; 80; 5],0.5035479320213199,0.036313751130528094,tvm
10,2,500,10,640,16,1,[10; 2; 500; 10; 640; 16; 1],0.4466459680115804,0.04094006348500203,tvm
4,4,750,3,16,16,1,[4; 4; 750; 3; 16; 16; 1],0.09532535300240852,0.19182424937101752,tvm
10,2,60,3,160,16,1,[10; 2; 60; 3; 160; 16; 1],0.07134437299100682,0.2563021233366121,tvm
128,4,150,5,64,64,4,[128; 4; 150; 5; 64; 64; 4],0.04984383500413969,0.36686009983372264,tvm
8,2,10,2,320,80,5,[8; 2; 10; 2; 320; 80; 5],0.1550876889959909,0.11790564682530656,tvm
5,1,150,6,256,16,1,[5; 1; 150; 6; 256; 16; 1],0.1550499610020779,0.1179343365682577,tvm
40,8,1,1,640,128,8,[40; 8; 1; 1; 640; 128; 8],0.22823930298909545,0.08011641310781571,tvm
256,8,100,10,160,32,2,[256; 8; 100; 10; 160; 32; 2],0.03506621999258641,0.5214623728927781,tvm
8,1,4,2,1280,32,2,[8; 1; 4; 2; 1280; 32; 2],0.32196409796597436,0.05679426495449424,tvm
2,1,100,10,16,16,1,[2; 1; 100; 10; 16; 16; 1],0.14121011400129646,0.12949295038134737,tvm
16,16,150,1,640,160,10,[16; 16; 150; 1; 640; 160; 10],0.1462184269912541,0.12505752292635475,tvm
10,2,60,4,256,64,4,[10; 2; 60; 4; 256; 64; 4],0.11344229301903397,0.16118956871443182,tvm
16,1,30,2,64,16,1,[16; 1; 30; 2; 64; 16; 1],0.05759270649286918,0.3175005204518097,tvm
40,40,300,10,320,32,2,[40; 40; 300; 10; 320; 32; 2],0.09398295101709664,0.19456416390232195,tvm
80,2,300,10,64,16,1,[80; 2; 300; 10; 64; 16; 1],0.10240842797793448,0.17855673255383075,tvm
256,1,5,5,256,32,2,[256; 1; 5; 5; 256; 32; 2],0.0861325874866452,0.21229728282050592,tvm
32,2,60,6,64,32,2,[32; 2; 60; 6; 64; 32; 2],0.08260756600066088,0.22135641044753693,tvm
2,2,1500,4,32,16,1,[2; 2; 1500; 4; 32; 16; 1],0.1422154029714875,0.12857759359146462,tvm
16,4,4,1,128,64,4,[16; 4; 4; 1; 128; 64; 4],0.06965982599649578,0.26250014300400554,tvm
20,4,150,3,160,16,1,[20; 4; 150; 3; 160; 16; 1],0.07495749500230886,0.24394777713891114,tvm
20,1,75,1,1280,64,4,[20; 1; 75; 1; 1280; 64; 4],0.42959981702733785,0.04256452996708484,tvm
10,1,15,5,640,80,5,[10; 1; 15; 5; 640; 80; 5],0.27277544897515327,0.06703577742944127,tvm
64,1,750,5,640,64,4,[64; 1; 750; 5; 640; 64; 4],0.2589354509836994,0.0706188133615795,tvm
128,2,300,12,64,16,1,[128; 2; 300; 12; 64; 16; 1],0.10321453999495134,0.1771621932976567,tvm
320,32,12,12,256,16,1,[320; 32; 12; 12; 256; 16; 1],0.09879552049096674,0.18508647148011353,tvm
4,4,60,3,640,80,5,[4; 4; 60; 3; 640; 80; 5],0.30776248301845044,0.059415020656101394,tvm
40,4,50,10,128,16,1,[40; 4; 50; 10; 128; 16; 1],0.10378449299605563,0.17618927219126312,tvm
2,2,100,25,16,16,1,[2; 2; 100; 25; 16; 16; 1],0.20329537201905623,0.08994653495604536,tvm
20,1,50,2,320,16,1,[20; 1; 50; 2; 320; 16; 1],0.19769548799376935,0.09249434304889441,tvm
128,2,12,4,640,32,2,[128; 2; 12; 4; 640; 32; 2],0.2767582410015166,0.06607107423266968,tvm
64,8,30,10,320,16,1,[64; 8; 30; 10; 320; 16; 1],0.09484381452784874,0.19279817431156884,tvm
160,16,50,5,64,32,2,[160; 16; 50; 5; 64; 32; 2],0.03629792200808879,0.503767523706713,tvm
4,4,1500,5,640,64,4,[4; 4; 1500; 5; 640; 64; 4],0.3509021700010635,0.05211057624881279,tvm
16,4,250,10,64,16,1,[16; 4; 250; 10; 64; 16; 1],0.07864891801727936,0.23249797640823072,tvm
20,1,5,5,640,32,2,[20; 1; 5; 5; 640; 32; 2],0.2583168530254625,0.07078792603559571,tvm
128,32,150,6,256,64,4,[128; 32; 150; 6; 256; 64; 4],0.04227742001239676,0.43251726998365736,tvm
4,2,75,15,80,16,1,[4; 2; 75; 15; 80; 16; 1],0.10606765997363254,0.17239669745009883,tvm
160,40,375,15,640,16,1,[160; 40; 375; 15; 640; 16; 1],0.31221226596971974,0.058568212331182874,tvm
4,4,500,2,80,80,5,[4; 4; 500; 2; 80; 80; 5],0.06360958048026077,0.28746792775010804,tvm
20,4,1500,1,640,128,8,[20; 4; 1500; 1; 640; 128; 8],0.18196011800318956,0.10049297882623795,tvm
16,8,1,1,1280,80,5,[16; 8; 1; 1; 1280; 80; 5],0.5259235620032996,0.0347687679480684,tvm
320,16,20,20,64,16,1,[320; 16; 20; 20; 64; 16; 1],0.07571377698332071,0.2415110566963595,tvm
10,5,150,2,1280,16,1,[10; 5; 150; 2; 1280; 16; 1],0.5037292760098353,0.03630067807565201,tvm
256,16,100,10,256,16,1,[256; 16; 100; 10; 256; 16; 1],0.06427627749508247,0.2844862054606889,tvm
160,160,30,15,256,16,1,[160; 160; 30; 15; 256; 16; 1],0.18536052200943232,0.09864945398019431,tvm
8,1,60,2,320,64,4,[8; 1; 60; 2; 320; 64; 4],0.08897207150585018,0.20552195735390905,tvm
80,20,6,6,64,32,2,[80; 20; 6; 6; 64; 32; 2],0.03344896450289525,0.5466750483152184,tvm
128,2,300,25,80,16,1,[128; 2; 300; 25; 80; 16; 1],0.11904884100658819,0.15359842339584265,tvm
40,5,1500,12,256,32,2,[40; 5; 1500; 12; 256; 32; 2],0.08765890850918368,0.20860075258407496,tvm
2,1,20,4,640,16,1,[2; 1; 20; 4; 640; 16; 1],0.5991843729862012,0.030517675543810276,tvm
2,2,15,15,640,16,1,[2; 2; 15; 15; 640; 16; 1],0.5455762529745698,0.03351633100967577,tvm
4,4,500,5,1280,64,4,[4; 4; 500; 5; 1280; 64; 4],0.651110187987797,0.028083901347366103,tvm
512,16,10,10,32,16,1,[512; 16; 10; 10; 32; 16; 1],0.037518686236580834,0.4873761882388531,tvm
4,4,20,1,32,16,1,[4; 4; 20; 1; 32; 16; 1],0.07899381098104641,0.23148287262785333,tvm
2,2,1500,4,128,16,1,[2; 2; 1500; 4; 128; 16; 1],0.23597634304314852,0.07748960785603294,tvm
16,1,30,1,80,80,5,[16; 1; 30; 1; 80; 80; 5],0.08119199401699007,0.22521573102254216,tvm
5,5,12,4,640,64,4,[5; 5; 12; 4; 640; 64; 4],0.25275493698427454,0.07234562657366395,tvm
160,32,1500,10,128,16,1,[160; 32; 1500; 10; 128; 16; 1],0.07784588049980812,0.23489636405049538,tvm
64,4,500,25,128,16,1,[64; 4; 500; 25; 128; 16; 1],0.16175269801169634,0.1130473525974327,tvm
128,16,125,5,256,32,2,[128; 16; 125; 5; 256; 32; 2],0.050358291511656716,0.363112284726371,tvm
256,16,500,10,32,16,1,[256; 16; 500; 10; 32; 16; 1],0.041226423243642785,0.44354355403688794,tvm
64,2,1500,10,32,32,2,[64; 2; 1500; 10; 32; 32; 2],0.06663780051167123,0.27440452934084536,tvm
20,5,100,1,64,64,4,[20; 5; 100; 1; 64; 64; 4],0.05164617148693651,0.3540574985377089,tvm
40,20,60,5,32,32,2,[40; 20; 60; 5; 32; 32; 2],0.0414164734975202,0.4415082391505191,tvm
32,8,12,3,640,80,5,[32; 8; 12; 3; 640; 80; 5],0.13992999598849565,0.13067758743606087,tvm
32,32,2,2,1280,64,4,[32; 32; 2; 2; 1280; 64; 4],0.2932417159900069,0.062357138458217956,tvm
2,1,30,30,16,16,1,[2; 1; 30; 30; 16; 16; 1],0.19466824200935662,0.09393270364477527,tvm
20,2,50,2,256,128,8,[20; 2; 50; 2; 256; 128; 8],0.05461066451971419,0.33483779123605484,tvm
2,1,500,25,640,16,1,[2; 1; 500; 25; 640; 16; 1],1.0489255220163614,0.01743280519151012,tvm
10,2,250,10,128,32,2,[10; 2; 250; 10; 128; 32; 2],0.12161332799587399,0.15035945966658087,tvm
10,2,100,25,16,16,1,[10; 2; 100; 25; 16; 16; 1],0.12798767298227176,0.14287090201450212,tvm
20,2,75,1,320,80,5,[20; 2; 75; 1; 320; 80; 5],0.18045014998642728,0.10133388244393071,tvm
16,4,750,1,1280,80,5,[16; 4; 750; 1; 1280; 80; 5],0.576180654054042,0.03173607818494928,tvm
16,8,6,3,160,80,5,[16; 8; 6; 3; 160; 80; 5],0.03550191048998386,0.5150628243196441,tvm
40,8,150,5,64,32,2,[40; 8; 150; 5; 64; 32; 2],0.04662010699394159,0.3922280634853662,tvm
80,8,1500,2,320,80,5,[80; 8; 1500; 2; 320; 80; 5],0.08328916801838204,0.21954492667856404,tvm
20,4,30,1,640,32,2,[20; 4; 30; 1; 640; 32; 2],0.18498564301989973,0.09884937007650486,tvm
40,4,12,2,1280,80,5,[40; 4; 12; 2; 1280; 80; 5],0.40915923699503765,0.04469094824794597,tvm
10,1,15,1,256,64,4,[10; 1; 15; 1; 256; 64; 4],0.06686708549386822,0.27346360545938714,tvm
20,5,75,1,128,64,4,[20; 5; 75; 1; 128; 64; 4],0.06085245902067982,0.3004926108162721,tvm
256,256,12,6,640,32,2,[256; 256; 12; 6; 640; 32; 2],0.24820910400012508,0.07367060269354614,tvm
10,2,300,2,320,64,4,[10; 2; 300; 2; 320; 64; 4],0.09715544249047525,0.1882109104439203,tvm
20,10,100,2,80,80,5,[20; 10; 100; 2; 80; 80; 5],0.03876967725227587,0.47164989707622273,tvm
32,32,30,10,16,16,1,[32; 32; 30; 10; 16; 16; 1],0.05230963398935273,0.34956685587661,tvm
128,1,750,6,128,32,2,[128; 1; 750; 6; 128; 32; 2],0.11790543794631958,0.15508796374633266,tvm
64,32,15,5,256,64,4,[64; 32; 15; 5; 256; 64; 4],0.0419234617438633,0.4361689976231728,tvm
20,1,12,3,80,16,1,[20; 1; 12; 3; 80; 16; 1],0.13666543696308509,0.13379911330948635,tvm
16,2,300,10,64,32,2,[16; 2; 300; 10; 64; 32; 2],0.08406442849081941,0.2175202355382842,tvm
80,10,4,2,160,80,5,[80; 10; 4; 2; 160; 80; 5],0.03793646450503729,0.4820089200269642,tvm
80,16,750,10,64,16,1,[80; 16; 750; 10; 64; 16; 1],0.055647106521064416,0.3286013492685822,tvm
256,128,20,10,1280,16,1,[256; 128; 20; 10; 1280; 16; 1],0.7480716839781962,0.024443799541338147,tvm
320,32,50,25,128,16,1,[320; 32; 50; 25; 128; 16; 1],0.18030022899620235,0.10141814232581722,tvm
10,10,150,5,320,80,5,[10; 10; 150; 5; 320; 80; 5],0.11049952800385654,0.165482284096961,tvm
20,1,6,3,32,32,2,[20; 1; 6; 3; 32; 32; 2],0.0751764339802321,0.24323731943074844,tvm
40,40,300,10,256,16,1,[40; 40; 300; 10; 256; 16; 1],0.10709782899357378,0.17073842166129707,tvm
8,4,4,2,160,16,1,[8; 4; 4; 2; 160; 16; 1],0.04007462825393304,0.4562915510992837,tvm
80,80,6,3,640,64,4,[80; 80; 6; 3; 640; 64; 4],0.18237794999731705,0.10026274714669886,tvm
40,2,500,10,256,16,1,[40; 2; 500; 10; 256; 16; 1],0.16774420603178442,0.10900951346271527,tvm
64,16,750,15,16,16,1,[64; 16; 750; 15; 16; 16; 1],0.05911171899060719,0.30934160937901123,tvm
256,2,30,5,320,32,2,[256; 2; 30; 5; 320; 32; 2],0.13895199599210173,0.13159734881932664,tvm
2,1,30,2,256,32,2,[2; 1; 30; 2; 256; 32; 2],0.20493907399941236,0.0892251239788793,tvm
256,32,60,10,1280,32,2,[256; 32; 60; 10; 1280; 32; 2],0.319166294997558,0.05729212191987313,tvm
80,8,250,10,320,16,1,[80; 8; 250; 10; 320; 16; 1],0.09630241550621577,0.18987804396800462,tvm
160,40,375,5,640,32,2,[160; 40; 375; 5; 640; 32; 2],0.13318836002144963,0.13729213485900285,tvm
256,128,300,25,320,16,1,[256; 128; 300; 25; 320; 16; 1],0.26961580803617835,0.06782137300814581,tvm
20,1,60,6,640,64,4,[20; 1; 60; 6; 640; 64; 4],0.2594433129997924,0.07048057656328541,tvm
16,8,6,2,640,32,2,[16; 8; 6; 2; 640; 32; 2],0.18747808696934953,0.09753520841453746,tvm
256,32,500,10,16,16,1,[256; 32; 500; 10; 16; 16; 1],0.044704180501867086,0.40903812754045626,tvm
40,20,12,6,32,32,2,[40; 20; 12; 6; 32; 32; 2],0.03959137624769937,0.46186104194286143,tvm
2,2,150,10,160,16,1,[2; 2; 150; 10; 160; 16; 1],0.1326426420127973,0.13785698179888553,tvm
160,4,100,5,640,32,2,[160; 4; 100; 5; 640; 32; 2],0.1864515200140886,0.09807221890351223,tvm
320,2,500,25,32,16,1,[320; 2; 500; 25; 32; 16; 1],0.11864711402449757,0.1541184919334722,tvm
64,32,750,15,64,16,1,[64; 32; 750; 15; 64; 16; 1],0.08597016049316153,0.21269838489098575,tvm
20,10,10,1,640,16,1,[20; 10; 10; 1; 640; 16; 1],0.2604121270123869,0.07021836692284494,tvm
80,20,1500,3,160,80,5,[80; 20; 1500; 3; 160; 80; 5],0.04175439549726434,0.4379350740908781,tvm
256,16,300,12,640,16,1,[256; 16; 300; 12; 640; 16; 1],0.18489187699742615,0.09889950052250722,tvm
80,5,60,3,320,64,4,[80; 5; 60; 3; 320; 64; 4],0.07781921001151204,0.234976868603642,tvm
40,5,100,4,128,64,4,[40; 5; 100; 4; 128; 64; 4],0.06473355350317433,0.2824766028767077,tvm
32,2,4,2,1280,80,5,[32; 2; 4; 2; 1280; 80; 5],0.5462601440376602,0.033474370197606136,tvm
16,8,750,6,1280,16,1,[16; 8; 750; 6; 1280; 16; 1],0.49720184603938833,0.036777245360962905,tvm
160,20,60,30,640,16,1,[160; 20; 60; 30; 640; 16; 1],0.4719992699683644,0.03874098001664257,tvm
32,32,750,1,256,128,8,[32; 32; 750; 1; 256; 128; 8],0.05686831098864786,0.32154488093315287,tvm
8,1,150,1,160,16,1,[8; 1; 150; 1; 160; 16; 1],0.05802236401359551,0.315149418617788,tvm
160,10,75,5,160,32,2,[160; 10; 75; 5; 160; 32; 2],0.03267195574881043,0.5596761463041605,tvm
4,4,125,5,256,16,1,[4; 4; 125; 5; 256; 16; 1],0.15435526601504534,0.11846511465266069,tvm
20,2,300,1,32,32,2,[20; 2; 300; 1; 32; 32; 2],0.05512480399920605,0.33171481727132585,tvm
256,8,750,10,32,16,1,[256; 8; 750; 10; 32; 16; 1],0.04700001049786806,0.3890576638603886,tvm
128,128,150,2,320,64,4,[128; 128; 150; 2; 320; 64; 4],0.06543090599006973,0.27946601088619283,tvm
128,128,60,10,320,32,2,[128; 128; 60; 10; 320; 32; 2],0.12476964999223128,0.1465557872996585,tvm
32,8,10,10,128,32,2,[32; 8; 10; 10; 128; 32; 2],0.06196355348220095,0.29510435180201317,tvm
40,40,4,1,256,128,8,[40; 40; 4; 1; 256; 128; 8],0.09641476749675348,0.18965677935519587,tvm
8,1,25,1,320,16,1,[8; 1; 25; 1; 320; 16; 1],0.13107891799882054,0.13950156565893246,tvm
40,20,1500,6,32,32,2,[40; 20; 1500; 6; 32; 32; 2],0.038720416006981395,0.4722499438646869,tvm
128,16,12,12,1280,32,2,[128; 16; 12; 12; 1280; 32; 2],0.24640445195836946,0.07421016195277062,tvm
320,40,10,10,64,16,1,[320; 40; 10; 10; 64; 16; 1],0.06023357450612821,0.30358009524827195,tvm
10,2,1500,3,256,64,4,[10; 2; 1500; 3; 256; 64; 4],0.09233013849006966,0.1980470795858382,tvm
80,4,30,15,32,16,1,[80; 4; 30; 15; 32; 16; 1],0.06774681402021088,0.2699125346360807,tvm
128,2,375,5,32,32,2,[128; 2; 375; 5; 32; 32; 2],0.05965309348539449,0.3065342167073259,tvm
40,5,20,20,32,16,1,[40; 5; 20; 20; 32; 16; 1],0.07430291749187745,0.2460968546452193,tvm
32,8,500,10,32,16,1,[32; 8; 500; 10; 32; 16; 1],0.05162875252426602,0.3541769535709743,tvm
10,5,4,1,320,16,1,[10; 5; 4; 1; 320; 16; 1],0.10833481198642403,0.1687889049736456,tvm
64,4,750,3,320,80,5,[64; 4; 750; 3; 320; 80; 5],0.09402468550251797,0.19447780322779806,tvm
160,16,1500,30,256,16,1,[160; 16; 1500; 30; 256; 16; 1],0.19625625596381724,0.09317264408165175,tvm
80,5,500,20,320,16,1,[80; 5; 500; 20; 320; 16; 1],0.15323635702952743,0.11933012922116633,tvm
20,1,300,5,640,16,1,[20; 1; 300; 5; 640; 16; 1],0.4168614450027235,0.04386520870404511,tvm
8,2,4,2,320,16,1,[8; 2; 4; 2; 320; 16; 1],0.08656922751106322,0.2112264925013619,tvm
320,80,150,25,128,16,1,[320; 80; 150; 25; 128; 16; 1],0.2186180850258097,0.08364227636316321,tvm
16,16,1500,1,256,64,4,[16; 16; 1500; 1; 256; 64; 4],0.07712523400550708,0.2370912000657088,tvm
80,2,500,4,1280,32,2,[80; 2; 500; 4; 1280; 32; 2],0.5847669500508346,0.03127008850983231,tvm
160,1,150,10,64,16,1,[160; 1; 150; 10; 64; 16; 1],0.10170967900194228,0.17978342341799247,tvm
256,8,50,10,160,16,1,[256; 8; 50; 10; 160; 16; 1],0.044723406492266804,0.408862287555759,tvm
160,5,12,12,1280,16,1,[160; 5; 12; 12; 1280; 16; 1],0.49251892400207,0.037126927300843035,tvm
64,32,30,2,1280,80,5,[64; 32; 30; 2; 1280; 80; 5],0.3654700010083616,0.05003342062347801,tvm
80,80,4,4,640,32,2,[80; 80; 4; 4; 640; 32; 2],0.13141702400753275,0.13914265996973238,tvm
80,8,1500,10,1280,32,2,[80; 8; 1500; 10; 1280; 32; 2],0.35090001701610163,0.05211089597888283,tvm
10,5,100,4,256,32,2,[10; 5; 100; 4; 256; 32; 2],0.09188163100043312,0.19901381904755358,tvm
32,16,25,25,256,16,1,[32; 16; 25; 25; 256; 16; 1],0.1575178779894486,0.11608659613189534,tvm
5,5,300,2,1280,80,5,[5; 5; 300; 2; 1280; 80; 5],0.6032132530235685,0.030313847041752304,tvm
256,4,30,6,320,32,2,[256; 4; 30; 6; 320; 32; 2],0.09215402600239031,0.19842556075889717,tvm
80,4,100,10,1280,32,2,[80; 4; 100; 10; 1280; 32; 2],0.4244348490028642,0.04308249977275285,tvm
32,4,150,10,1280,16,1,[32; 4; 150; 10; 1280; 16; 1],0.5420035269926302,0.03373726069122595,tvm
8,4,375,3,256,16,1,[8; 4; 375; 3; 256; 16; 1],0.1397096220171079,0.1308837145338146,tvm
8,1,750,2,256,64,4,[8; 1; 750; 2; 256; 64; 4],0.08753482298925519,0.20889645584773547,tvm
64,32,75,15,1280,16,1,[64; 32; 75; 15; 1280; 16; 1],0.6672812590259127,0.027403308632416114,tvm
256,32,375,5,64,32,2,[256; 32; 375; 5; 64; 32; 2],0.036326752247987315,0.5033677153654001,tvm
10,5,75,3,320,16,1,[10; 5; 75; 3; 320; 16; 1],0.1307661739992909,0.13983520146282968,tvm
20,4,500,5,80,16,1,[20; 4; 500; 5; 80; 16; 1],0.07051445299293846,0.2593186716990555,tvm
320,32,500,10,16,16,1,[320; 32; 500; 10; 16; 16; 1],0.04439736175118014,0.4118648848594754,tvm
64,4,75,3,128,64,4,[64; 4; 75; 3; 128; 64; 4],0.07254857799853198,0.2520478662736063,tvm
320,80,750,30,80,16,1,[320; 80; 750; 30; 80; 16; 1],0.13980260799871758,0.13079666071667292,tvm
64,8,1500,2,1280,64,4,[64; 8; 1500; 2; 1280; 64; 4],0.31305501697352156,0.05841054541304766,tvm
10,1,250,5,32,16,1,[10; 1; 250; 5; 32; 16; 1],0.10305155301466584,0.1774423941297803,tvm
320,5,500,10,1280,16,1,[320; 5; 500; 10; 1280; 16; 1],0.5026320510078222,0.03637992095619409,tvm
20,20,15,1,256,32,2,[20; 20; 15; 1; 256; 32; 2],0.07141177149605937,0.25606022512301524,tvm
5,1,500,10,1280,16,1,[5; 1; 500; 10; 1280; 16; 1],1.3467968699987978,0.01357718798806728,tvm
8,2,3,1,640,128,8,[8; 2; 3; 1; 640; 128; 8],0.21656508999876678,0.08443518891164968,tvm
32,8,25,5,640,64,4,[32; 8; 25; 5; 640; 64; 4],0.1490412100101821,0.1226889816881187,tvm
16,8,4,2,1280,80,5,[16; 8; 4; 2; 1280; 80; 5],0.3227612519985996,0.05665399477937837,tvm
16,4,150,1,160,32,2,[16; 4; 150; 1; 160; 32; 2],0.041547922999598086,0.44011139343574823,tvm
160,10,10,5,64,32,2,[160; 10; 10; 5; 64; 32; 2],0.03880967723671347,0.47116378150180105,tvm
16,4,100,1,80,80,5,[16; 4; 100; 1; 80; 80; 5],0.05928292547469027,0.3084482444025308,tvm
16,2,5,1,640,64,4,[16; 2; 5; 1; 640; 64; 4],0.18088036600966007,0.1010928642456292,tvm
16,8,4,1,640,128,8,[16; 8; 4; 1; 640; 128; 8],0.19162431498989463,0.09542481227749511,tvm
64,32,375,15,64,16,1,[64; 32; 375; 15; 64; 16; 1],0.08791096499771811,0.2080026568493353,tvm
256,4,250,10,320,32,2,[256; 4; 250; 10; 320; 32; 2],0.09418948800885119,0.19413752715160676,tvm
8,2,1500,12,128,32,2,[8; 2; 1500; 12; 128; 32; 2],0.12910405703587458,0.14163547378401264,tvm
16,16,100,1,640,160,10,[16; 16; 100; 1; 640; 160; 10],0.14134821097832173,0.12936643597504555,tvm
1,1,500,4,640,32,2,[1; 1; 500; 4; 640; 32; 2],1.3165713410126045,0.013888889812572051,tvm
40,10,4,1,640,160,10,[40; 10; 4; 1; 640; 160; 10],0.23878955200780183,0.07657669329316741,tvm
5,1,3,3,256,16,1,[5; 1; 3; 3; 256; 16; 1],0.08314369150321,0.21992906443188556,tvm
8,2,50,1,640,64,4,[8; 2; 50; 1; 640; 64; 4],0.18359661794966087,0.09959722836903197,tvm
40,4,750,6,256,64,4,[40; 4; 750; 6; 256; 64; 4],0.07857086349395104,0.2327289464894586,tvm
320,160,12,12,160,16,1,[320; 160; 12; 12; 160; 16; 1],0.08042470802320167,0.2273643850897047,tvm
128,32,1500,12,256,32,2,[128; 32; 1500; 12; 256; 32; 2],0.07800401499844156,0.23442016780904953,tvm
10,10,5,1,320,16,1,[10; 10; 5; 1; 320; 16; 1],0.08696501149097458,0.2102651856443671,tvm
160,40,500,5,640,32,2,[160; 40; 500; 5; 640; 32; 2],0.13567899796180427,0.13477188481935867,tvm
128,64,750,10,256,16,1,[128; 64; 750; 10; 256; 16; 1],0.13149294001050293,0.1390623274850629,tvm
32,2,75,15,160,16,1,[32; 2; 75; 15; 160; 16; 1],0.08956586351268925,0.20415941485478625,tvm
5,5,60,5,320,32,2,[5; 5; 60; 5; 320; 32; 2],0.12604506796924397,0.14507282657165255,tvm
64,2,300,1,640,128,8,[64; 2; 300; 1; 640; 128; 8],0.23191848397254944,0.07884543729545351,tvm
10,10,300,3,128,16,1,[10; 10; 300; 3; 128; 16; 1],0.09903502551605925,0.18463886075082725,tvm
10,10,250,1,640,64,4,[10; 10; 250; 1; 640; 64; 4],0.1923092450015247,0.09508494656910182,tvm
160,40,500,25,64,16,1,[160; 40; 500; 25; 64; 16; 1],0.13421622395981103,0.1362407147677591,tvm
64,4,125,25,320,16,1,[64; 4; 125; 25; 320; 16; 1],0.17401305900420994,0.10508242536712085,tvm
16,4,20,1,160,32,2,[16; 4; 20; 1; 160; 32; 2],0.041201460247975774,0.4438122866437158,tvm
160,1,30,10,32,16,1,[160; 1; 30; 10; 32; 16; 1],0.08327871499932371,0.21957248362757256,tvm
8,8,100,1,256,128,8,[8; 8; 100; 1; 256; 128; 8],0.07092961150920019,0.25780085209323994,tvm
512,4,75,25,1280,16,1,[512; 4; 75; 25; 1280; 16; 1],0.8429924250231124,0.02169143368662292,tvm
16,2,12,2,128,16,1,[16; 2; 12; 2; 128; 16; 1],0.07913971849484369,0.2310560946322507,tvm
2,1,500,10,128,16,1,[2; 1; 500; 10; 128; 16; 1],0.2644758750102483,0.06913944148972274,tvm
20,10,15,5,256,16,1,[20; 10; 15; 5; 256; 16; 1],0.08443224200163968,0.21657264869691814,tvm
80,2,30,3,1280,80,5,[80; 2; 30; 3; 1280; 80; 5],0.48955564602511004,0.03735165641369477,tvm
128,8,250,10,640,16,1,[128; 8; 250; 10; 640; 16; 1],0.18812342203455046,0.0972006254614907,tvm
10,1,12,6,160,16,1,[10; 1; 12; 6; 160; 16; 1],0.09309004849637859,0.19643038736225005,tvm
80,8,300,25,256,16,1,[80; 8; 300; 25; 256; 16; 1],0.13334302901057526,0.13713288517140307,tvm
32,8,300,1,640,160,10,[32; 8; 300; 1; 640; 160; 10],0.1791972960345447,0.10204235605312517,tvm
5,5,1500,1,64,32,2,[5; 5; 1500; 1; 64; 32; 2],0.06874834300833754,0.2659804365538914,tvm
64,8,1500,25,32,16,1,[64; 8; 1500; 25; 32; 16; 1],0.07707631902303547,0.23724166537129665,tvm
10,5,500,2,640,128,8,[10; 5; 500; 2; 640; 128; 8],0.1964790640049614,0.09306698593216295,tvm
128,128,125,5,256,32,2,[128; 128; 125; 5; 256; 32; 2],0.08785893200547434,0.2081258429658004,tvm
256,256,60,10,1280,32,2,[256; 256; 60; 10; 1280; 32; 2],0.7248008850147016,0.025228603694852532,tvm
20,20,50,25,32,16,1,[20; 20; 50; 25; 32; 16; 1],0.10015135904541239,0.18258079031581445,tvm
2,1,1500,3,64,32,2,[2; 1; 1500; 3; 64; 32; 2],0.10985450999578461,0.16645392425323235,tvm
256,1,500,10,160,32,2,[256; 1; 500; 10; 160; 32; 2],0.06822072700015269,0.26803751718555213,tvm
4,4,1500,10,80,16,1,[4; 4; 1500; 10; 80; 16; 1],0.10092954395804554,0.18117305962776672,tvm
10,2,3,1,256,32,2,[10; 2; 3; 1; 256; 32; 2],0.0742041174962651,0.24642452336468604,tvm
2,2,150,1,256,32,2,[2; 2; 150; 1; 256; 32; 2],0.20092094701249152,0.09100949680760484,tvm
80,5,20,10,32,32,2,[80; 5; 20; 10; 32; 32; 2],0.042241510993335396,0.43288494790348037,tvm
160,40,20,10,640,16,1,[160; 40; 20; 10; 640; 16; 1],0.20556880894582719,0.08895179370588782,tvm
20,4,750,30,16,16,1,[20; 4; 750; 30; 16; 16; 1],0.1113248270121403,0.16425549247626656,tvm
256,2,75,15,160,16,1,[256; 2; 75; 15; 160; 16; 1],0.08736778100137599,0.2092958534156464,tvm
20,2,4,2,640,64,4,[20; 2; 4; 2; 640; 64; 4],0.14779616199666634,0.12372252458170555,tvm
128,1,20,5,640,64,4,[128; 1; 20; 5; 640; 64; 4],0.25438281998503953,0.07188266207124241,tvm
10,2,250,2,256,32,2,[10; 2; 250; 2; 256; 32; 2],0.07727151401923038,0.23664237096692015,tvm
160,32,750,30,320,16,1,[160; 32; 750; 30; 320; 16; 1],0.24678996001603082,0.07409423902222965,tvm
40,5,60,12,256,16,1,[40; 5; 60; 12; 256; 16; 1],0.10819689295021817,0.16900406090337194,tvm
20,2,15,5,256,16,1,[20; 2; 15; 5; 256; 16; 1],0.14645980298519135,0.12485141938613128,tvm
512,8,375,15,128,16,1,[512; 8; 375; 15; 128; 16; 1],0.09140842949273065,0.20004407019342213,tvm
20,1,250,1,160,160,10,[20; 1; 250; 1; 160; 160; 10],0.062657886010129,0.2918342039621046,tvm
40,40,60,10,128,32,2,[40; 40; 60; 10; 128; 32; 2],0.06977512949379161,0.26206636115725584,tvm
20,10,1500,1,160,80,5,[20; 10; 1500; 1; 160; 80; 5],0.043663812248269096,0.4187841909392408,tvm
64,32,20,2,256,64,4,[64; 32; 20; 2; 256; 64; 4],0.05592940200585872,0.3269427819700061,tvm
16,16,60,4,160,80,5,[16; 16; 60; 4; 160; 80; 5],0.046340237255208194,0.3945969068956191,tvm
160,2,750,15,256,16,1,[160; 2; 750; 15; 256; 16; 1],0.19632417400134727,0.0931404111527743,tvm
40,10,375,15,320,16,1,[40; 10; 375; 15; 320; 16; 1],0.13238602603087202,0.1381242026363879,tvm
2,2,750,3,640,32,2,[2; 2; 750; 3; 640; 32; 2],0.6337919760262594,0.028851287137400854,tvm
4,2,12,3,640,32,2,[4; 2; 12; 3; 640; 32; 2],0.35046020901063457,0.05217629224537561,tvm
10,1,150,2,80,16,1,[10; 1; 150; 2; 80; 16; 1],0.05593509698519483,0.3269094945978951,tvm
256,4,750,5,320,32,2,[256; 4; 750; 5; 320; 32; 2],0.09799051698064432,0.1866069784010446,tvm
320,64,60,10,128,16,1,[320; 64; 60; 10; 128; 16; 1],0.10732296697096899,0.17038025319091857,tvm
4,4,1500,4,80,80,5,[4; 4; 1500; 4; 80; 80; 5],0.06499749451177195,0.28132952543889966,tvm
20,5,75,1,256,32,2,[20; 5; 75; 1; 256; 32; 2],0.07115672351210378,0.25697802517008644,tvm
80,40,500,2,160,80,5,[80; 40; 500; 2; 160; 80; 5],0.05560445299488492,0.328853415524048,tvm
40,4,20,4,160,32,2,[40; 4; 20; 4; 160; 32; 2],0.05225703099858947,0.3499187369869493,tvm
10,2,500,1,128,64,4,[10; 2; 500; 1; 128; 64; 4],0.07535674099926837,0.24265532244675792,tvm
32,1,300,10,32,16,1,[32; 1; 300; 10; 32; 16; 1],0.08683039099560119,0.21059117753645307,tvm
20,5,1500,30,128,16,1,[20; 5; 1500; 30; 128; 16; 1],0.17950083198957145,0.10186980240167712,tvm
160,4,12,6,320,32,2,[160; 4; 12; 6; 320; 32; 2],0.0933406260155607,0.19590306028873106,tvm
80,4,1500,30,32,16,1,[80; 4; 1500; 30; 32; 16; 1],0.10086028900695965,0.18129746073256364,tvm
64,2,1500,1,1280,128,8,[64; 2; 1500; 1; 1280; 128; 8],0.46413701598066837,0.03939723326543707,tvm
256,16,75,15,1280,16,1,[256; 16; 75; 15; 1280; 16; 1],0.43157745501957834,0.042369484487749166,tvm
80,2,60,10,1280,32,2,[80; 2; 60; 10; 1280; 32; 2],0.6696517169475555,0.027306305386724412,tvm
5,5,30,10,32,32,2,[5; 5; 30; 10; 32; 32; 2],0.061405556014506146,0.297785989941929,tvm
320,16,150,30,256,16,1,[320; 16; 150; 30; 256; 16; 1],0.19000405102269724,0.09623854958508193,tvm
512,2,300,20,128,16,1,[512; 2; 300; 20; 128; 16; 1],0.193184386997018,0.09465420353041545,tvm
8,8,2,2,128,64,4,[8; 8; 2; 2; 128; 64; 4],0.0683164199872408,0.26766206849143204,tvm
320,80,150,25,1280,16,1,[320; 80; 150; 25; 1280; 16; 1],1.1953095780336298,0.015297889870334347,tvm
10,1,50,2,320,32,2,[10; 1; 50; 2; 320; 32; 2],0.08890939998673275,0.20566682812439316,tvm
80,8,150,2,640,80,5,[80; 8; 150; 2; 640; 80; 5],0.16386492102174088,0.11159016934007626,tvm
32,1,750,5,640,64,4,[32; 1; 750; 5; 640; 64; 4],0.2662064199685119,0.06868998233730503,tvm
40,20,30,3,256,64,4,[40; 20; 30; 3; 256; 64; 4],0.05085276247700676,0.3595815329399702,tvm
256,256,10,10,32,32,2,[256; 256; 10; 10; 32; 32; 2],0.06593271400197409,0.27733901997674165,tvm
20,2,1500,12,128,16,1,[20; 2; 1500; 12; 128; 16; 1],0.15294990898109972,0.11955361338576463,tvm
20,2,30,1,128,128,8,[20; 2; 30; 1; 128; 128; 8],0.05990261700935662,0.30525735266053755,tvm
64,1,30,2,80,80,5,[64; 1; 30; 2; 80; 80; 5],0.06779733349685557,0.2697114081420676,tvm
256,2,375,5,320,32,2,[256; 2; 375; 5; 320; 32; 2],0.1406830630148761,0.12997807905121259,tvm
80,2,60,5,64,64,4,[80; 2; 60; 5; 64; 64; 4],0.06688530600513332,0.2733891100731586,tvm
16,8,75,1,32,32,2,[16; 8; 75; 1; 32; 32; 2],0.05175769698689692,0.3532945890220644,tvm
80,10,500,10,128,32,2,[80; 10; 500; 10; 128; 32; 2],0.057623986998805776,0.3173281690156783,tvm
4,4,5,1,160,160,10,[4; 4; 5; 1; 160; 160; 10],0.06686457901378162,0.27347385649351613,tvm
40,8,1500,4,128,32,2,[40; 8; 1500; 4; 128; 32; 2],0.07045045698760077,0.2595542324009702,tvm
64,32,10,10,160,32,2,[64; 32; 10; 10; 160; 32; 2],0.033889732003444806,0.5395650306073707,tvm
8,4,150,2,128,64,4,[8; 4; 150; 2; 128; 64; 4],0.061262144008651376,0.2984830939500256,tvm
4,2,500,2,128,16,1,[4; 2; 500; 2; 128; 16; 1],0.15063407499110326,0.12139161930522212,tvm
64,32,75,3,320,80,5,[64; 32; 75; 3; 320; 80; 5],0.10202938399743289,0.17922007924868355,tvm
20,1,75,3,128,16,1,[20; 1; 75; 3; 128; 16; 1],0.21477452298859134,0.08513912186263177,tvm
128,32,50,10,80,16,1,[128; 32; 50; 10; 80; 16; 1],0.04393044450262096,0.4162424144063312,tvm
20,10,300,1,160,160,10,[20; 10; 300; 1; 160; 160; 10],0.04040775424800813,0.45252983309795464,tvm
160,20,500,4,1280,32,2,[160; 20; 500; 4; 1280; 32; 2],0.2871318419929594,0.06368403503698716,tvm
20,10,1500,4,256,32,2,[20; 10; 1500; 4; 256; 32; 2],0.0837322574807331,0.21838315167749842,tvm
80,16,500,5,128,64,4,[80; 16; 500; 5; 128; 64; 4],0.05071078799664974,0.3605882497215849,tvm
80,20,750,25,128,16,1,[80; 20; 750; 25; 128; 16; 1],0.1696004859986715,0.10781640263611934,tvm
4,2,12,2,320,16,1,[4; 2; 12; 2; 320; 16; 1],0.1257883890066296,0.14536885661800272,tvm
4,1,12,4,640,32,2,[4; 1; 12; 4; 640; 32; 2],0.3516838289797306,0.05199475431885209,tvm
40,5,20,10,80,16,1,[40; 5; 20; 10; 80; 16; 1],0.058538672514259815,0.3123698146940375,tvm
5,5,150,3,160,32,2,[5; 5; 150; 3; 160; 32; 2],0.05461347452364862,0.3348205629692402,tvm
256,4,50,5,256,32,2,[256; 4; 50; 5; 256; 32; 2],0.08069639949826524,0.2265988866840011,tvm
64,4,15,5,320,32,2,[64; 4; 15; 5; 320; 32; 2],0.09554232200025581,0.19138863179047844,tvm
4,2,50,25,128,16,1,[4; 2; 50; 25; 128; 16; 1],0.24926867801696062,0.07335744880257318,tvm
20,10,50,10,32,32,2,[20; 10; 50; 10; 32; 32; 2],0.04200566525105387,0.43531543129781813,tvm
32,16,75,25,128,16,1,[32; 16; 75; 25; 128; 16; 1],0.15016550401924178,0.12177040529475536,tvm
320,8,150,10,256,16,1,[320; 8; 150; 10; 256; 16; 1],0.07828188949497417,0.2335880547043804,tvm
5,5,500,2,640,80,5,[5; 5; 500; 2; 640; 80; 5],0.28403767803683877,0.06437777696289536,tvm
20,20,60,4,1280,16,1,[20; 20; 60; 4; 1280; 16; 1],0.4346419569919817,0.0420707527001394,tvm
40,1,1500,20,80,16,1,[40; 1; 1500; 20; 80; 16; 1],0.10838232998503372,0.16871490295733005,tvm
20,5,375,5,320,80,5,[20; 5; 375; 5; 320; 80; 5],0.0959964859939646,0.19048316296561033,tvm
20,5,6,2,80,16,1,[20; 5; 6; 2; 80; 16; 1],0.05045146000338718,0.36244172684966164,tvm
1,1,300,3,1280,80,5,[1; 1; 300; 3; 1280; 80; 5],2.1242635140079074,0.008608025400395885,tvm
5,5,1500,1,160,16,1,[5; 5; 1500; 1; 160; 16; 1],0.09229251349461265,0.19812781766726584,tvm
10,10,750,2,160,80,5,[10; 10; 750; 2; 160; 80; 5],0.04300328226236161,0.4252167119280279,tvm
256,8,500,10,256,16,1,[256; 8; 500; 10; 256; 16; 1],0.08014298300258815,0.2281636345520576,tvm
20,1,150,25,1280,16,1,[20; 1; 150; 25; 1280; 16; 1],1.2530053990194574,0.014593484034485262,tvm
160,8,500,10,16,16,1,[160; 8; 500; 10; 16; 16; 1],0.047505946989986114,0.3849142148364872,tvm
8,8,300,4,16,16,1,[8; 8; 300; 4; 16; 16; 1],0.0714978959877044,0.2557517816868193,tvm
40,40,12,1,1280,160,10,[40; 40; 12; 1; 1280; 160; 10],0.5074154789908789,0.03603696584518854,tvm
128,1,300,12,32,16,1,[128; 1; 300; 12; 32; 16; 1],0.08602013150812127,0.21257482365029762,tvm
80,10,10,10,128,16,1,[80; 10; 10; 10; 128; 16; 1],0.06746505500632338,0.2710397891767879,tvm
32,32,60,2,1280,80,5,[32; 32; 60; 2; 1280; 80; 5],0.38929363898932934,0.04697152086324098,tvm
16,2,500,4,1280,16,1,[16; 2; 500; 4; 1280; 16; 1],0.8752477879752405,0.020892042844250596,tvm
1,1,300,6,256,64,4,[1; 1; 300; 6; 256; 64; 4],0.3977781590074301,0.045969628728088935,tvm
20,10,75,1,128,128,8,[20; 10; 75; 1; 128; 128; 8],0.06414146750466898,0.28508412727512406,tvm
32,8,30,30,160,16,1,[32; 8; 30; 30; 160; 16; 1],0.08541982699534856,0.21406873472958468,tvm
20,1,30,30,320,16,1,[20; 1; 30; 30; 320; 16; 1],0.2534501579939388,0.07214718045727786,tvm
32,4,750,2,256,64,4,[32; 4; 750; 2; 256; 64; 4],0.056695180013775826,0.32252678766115944,tvm
40,8,60,15,1280,16,1,[40; 8; 60; 15; 1280; 16; 1],0.5266119450097904,0.034723318487153446,tvm
4,2,375,1,1280,80,5,[4; 2; 375; 1; 1280; 80; 5],0.7903020230005495,0.023137628088422055,tvm
40,20,500,2,640,128,8,[40; 20; 500; 2; 640; 128; 8],0.1582619390101172,0.11554082049092888,tvm
40,10,30,3,320,64,4,[40; 10; 30; 3; 320; 64; 4],0.07005263949395157,0.2610281984777047,tvm
20,4,750,5,256,64,4,[20; 4; 750; 5; 256; 64; 4],0.08242801501182839,0.22183858586295319,tvm
5,5,10,5,128,64,4,[5; 5; 10; 5; 128; 64; 4],0.0837840024905745,0.21824827821720963,tvm
80,80,1500,5,160,32,2,[80; 80; 1500; 5; 160; 32; 2],0.048514697002246976,0.37691082116554037,tvm
10,2,1500,3,160,80,5,[10; 2; 1500; 3; 160; 80; 5],0.06723206050810404,0.27197908479259175,tvm
40,8,10,2,1280,128,8,[40; 8; 10; 2; 1280; 128; 8],0.2754053350072354,0.06639564293565296,tvm
8,2,1500,4,80,80,5,[8; 2; 1500; 4; 80; 80; 5],0.06460699750459753,0.28302993471276927,tvm
64,8,1500,25,1280,16,1,[64; 8; 1500; 25; 1280; 16; 1],0.7327197460108437,0.024955945824126424,tvm
40,1,500,2,640,160,10,[40; 1; 500; 2; 640; 160; 10],0.275336229999084,0.06641230718447448,tvm
320,160,250,25,256,16,1,[320; 160; 250; 25; 256; 16; 1],0.25460581498919055,0.07181970406485264,tvm
64,8,100,10,64,32,2,[64; 8; 100; 10; 64; 32; 2],0.04427538299933076,0.4129995732841133,tvm
40,1,500,2,256,64,4,[40; 1; 500; 2; 256; 64; 4],0.07290575848310255,0.2508130313184025,tvm
20,2,150,3,16,16,1,[20; 2; 150; 3; 16; 16; 1],0.056930489488877356,0.3211936951514673,tvm
8,2,25,5,64,32,2,[8; 2; 25; 5; 64; 32; 2],0.08927438399405219,0.20482599226820264,tvm
16,4,15,1,640,80,5,[16; 4; 15; 1; 640; 80; 5],0.24509972496889532,0.07460520116060863,tvm
128,2,500,25,32,16,1,[128; 2; 500; 25; 32; 16; 1],0.11955837899586186,0.15294381238095567,tvm
2,2,30,3,1280,32,2,[2; 2; 30; 3; 1280; 32; 2],1.0595286270254292,0.01725834849507603,tvm
5,1,150,3,640,64,4,[5; 1; 150; 3; 640; 64; 4],0.3113918430171907,0.05872252178649653,tvm
16,16,750,3,256,64,4,[16; 16; 750; 3; 256; 64; 4],0.06052314501721412,0.30212762870325766,tvm
160,4,500,5,640,32,2,[160; 4; 500; 5; 640; 32; 2],0.18891110498225316,0.09679533814294347,tvm
4,1,60,6,160,32,2,[4; 1; 60; 6; 160; 32; 2],0.08966941150720231,0.203923656666862,tvm
16,1,25,5,256,32,2,[16; 1; 25; 5; 256; 32; 2],0.12182860402390361,0.15009376847268566,tvm
10,2,150,3,32,16,1,[10; 2; 150; 3; 32; 16; 1],0.08071522801765241,0.22654602774231405,tvm
64,8,30,10,64,16,1,[64; 8; 30; 10; 64; 16; 1],0.05802460599807091,0.3151372417129763,tvm
16,16,500,1,1280,32,2,[16; 16; 500; 1; 1280; 32; 2],0.44279168895445764,0.04129642615671367,tvm
80,20,15,15,32,16,1,[80; 20; 15; 15; 32; 16; 1],0.054916270513786,0.3329744375325688,tvm
20,5,15,1,256,128,8,[20; 5; 15; 1; 256; 128; 8],0.05892658999073319,0.3103134644069834,tvm
512,32,125,25,64,16,1,[512; 32; 125; 25; 64; 16; 1],0.12622266594553366,0.1448687060183371,tvm
16,2,500,2,32,16,1,[16; 2; 500; 2; 32; 16; 1],0.06336355602252297,0.2885840920799097,tvm
160,10,125,5,1280,32,2,[160; 10; 125; 5; 1280; 32; 2],0.26205010898411274,0.06977945690082843,tvm
20,10,12,12,32,16,1,[20; 10; 12; 12; 32; 16; 1],0.061435628012986854,0.2976402272936622,tvm
320,320,250,10,64,16,1,[320; 320; 250; 10; 64; 16; 1],0.10297375201480463,0.1775764593202871,tvm
16,1,1,1,320,32,2,[16; 1; 1; 1; 320; 32; 2],0.09121167749981396,0.20047558368556026,tvm
512,1,75,25,640,16,1,[512; 1; 75; 25; 640; 16; 1],0.5397691879770719,0.033876913860616704,tvm
40,1,375,1,1280,160,10,[40; 1; 375; 1; 1280; 160; 10],0.7576124090119265,0.024135975161180906,tvm
80,2,60,5,80,80,5,[80; 2; 60; 5; 80; 80; 5],0.06131103198276833,0.29824509055488657,tvm
32,2,100,2,256,64,4,[32; 2; 100; 2; 256; 64; 4],0.05647008348023519,0.32381241816499845,tvm
160,32,100,10,64,16,1,[160; 32; 100; 10; 64; 16; 1],0.05370289398706518,0.34049774468613486,tvm
10,5,4,1,640,64,4,[10; 5; 4; 1; 640; 64; 4],0.18095880100736395,0.10104904643444321,tvm
64,64,750,6,128,64,4,[64; 64; 750; 6; 128; 64; 4],0.0652681209903676,0.28016302611826266,tvm
80,5,12,4,320,80,5,[80; 5; 12; 4; 320; 80; 5],0.07592549800756387,0.24083759429398305,tvm
16,8,150,10,1280,32,2,[16; 8; 150; 10; 1280; 32; 2],0.4159121250268072,0.04396533110097644,tvm
4,4,300,30,128,16,1,[4; 4; 300; 30; 128; 16; 1],0.22220703901257366,0.082291336795499,tvm
40,4,1500,25,32,16,1,[40; 4; 1500; 25; 32; 16; 1],0.09425648098113015,0.19399954353669355,tvm
80,4,750,3,160,80,5,[80; 4; 750; 3; 160; 80; 5],0.045765621747705154,0.39955131357154994,tvm
8,8,125,1,80,16,1,[8; 8; 125; 1; 80; 16; 1],0.05782535401522182,0.31622312733097657,tvm
20,5,125,1,1280,128,8,[20; 5; 125; 1; 1280; 128; 8],0.3062156509840861,0.05971515246509914,tvm
16,16,150,1,640,64,4,[16; 16; 150; 1; 640; 64; 4],0.19093040697043762,0.09577161949141776,tvm
16,16,300,2,1280,32,2,[16; 16; 300; 2; 1280; 32; 2],0.4021462920354679,0.04547030433417884,tvm
128,128,60,6,640,32,2,[128; 128; 60; 6; 640; 32; 2],0.2200514799915254,0.08309743831951734,tvm
4,1,60,4,1280,80,5,[4; 1; 60; 4; 1280; 80; 5],0.8008350710151717,0.022833308564439565,tvm
160,80,20,5,1280,32,2,[160; 80; 20; 5; 1280; 32; 2],0.31764916103566065,0.057565756591629894,tvm
40,10,125,1,320,160,10,[40; 10; 125; 1; 320; 160; 10],0.12251507403561845,0.14925277097247752,tvm
40,20,30,10,160,32,2,[40; 20; 30; 10; 160; 32; 2],0.0313546637626132,0.5831896149215888,tvm
128,8,3,3,640,64,4,[128; 8; 3; 3; 640; 64; 4],0.1128124039969407,0.1620895720492772,tvm
32,16,1500,20,64,16,1,[32; 16; 1500; 20; 64; 16; 1],0.08493291601189412,0.21529596703301146,tvm
128,32,12,4,64,64,4,[128; 32; 12; 4; 64; 64; 4],0.030093704248429276,0.607625905231281,tvm
10,10,30,2,160,32,2,[10; 10; 30; 2; 160; 32; 2],0.04413711749657523,0.4142933504240087,tvm
16,1,6,6,64,32,2,[16; 1; 6; 6; 64; 32; 2],0.0646145564969629,0.2829968241997262,tvm
160,80,60,4,1280,32,2,[160; 80; 60; 4; 1280; 32; 2],0.26344701898051426,0.06940945605107333,tvm
10,5,1500,1,256,16,1,[10; 5; 1500; 1; 256; 16; 1],0.12390364898601547,0.14758011112149025,tvm
16,2,500,4,640,64,4,[16; 2; 500; 4; 640; 64; 4],0.2843238370260224,0.06431298366320481,tvm
40,20,6,2,160,80,5,[40; 20; 6; 2; 160; 80; 5],0.03707037674030289,0.49327025764575166,tvm
4,4,30,5,32,16,1,[4; 4; 30; 5; 32; 16; 1],0.08385613598511554,0.21806053988655047,tvm
64,16,20,1,256,128,8,[64; 16; 20; 1; 256; 128; 8],0.08903969300445169,0.2053658730022807,tvm
80,40,250,10,16,16,1,[80; 40; 250; 10; 16; 16; 1],0.057110230991384014,0.320182810825489,tvm
16,4,20,1,320,64,4,[16; 4; 20; 1; 320; 64; 4],0.07726485549937934,0.23666276429988503,tvm
320,5,300,12,640,16,1,[320; 5; 300; 12; 640; 16; 1],0.23328073095763102,0.07838501795947896,tvm
160,10,375,15,16,16,1,[160; 10; 375; 15; 16; 16; 1],0.05535170002258383,0.3303550618726002,tvm
40,1,150,25,256,16,1,[40; 1; 150; 25; 256; 16; 1],0.24125377798918635,0.0757945199371506,tvm
160,20,25,25,64,16,1,[160; 20; 25; 25; 64; 16; 1],0.11107272101799026,0.16462830943659498,tvm
40,10,30,6,640,64,4,[40; 10; 30; 6; 640; 64; 4],0.13376928004436195,0.1366959161299978,tvm
5,1,20,1,256,128,8,[5; 1; 20; 1; 256; 128; 8],0.08848092751577497,0.20666277805975972,tvm
80,5,50,2,160,80,5,[80; 5; 50; 2; 160; 80; 5],0.045877893004217185,0.3985735413793617,tvm
32,8,12,4,32,32,2,[32; 8; 12; 4; 32; 32; 2],0.039015163492877036,0.46868224168925227,tvm
4,2,750,1,640,16,1,[4; 2; 750; 1; 640; 16; 1],0.4693151759565808,0.03896254632815456,tvm
32,16,60,6,128,64,4,[32; 16; 60; 6; 128; 64; 4],0.0519526349962689,0.3519689480048032,tvm
10,1,1500,12,320,32,2,[10; 1; 1500; 12; 320; 32; 2],0.16720613598590717,0.1093603065335801,tvm
2,2,750,1,320,160,10,[2; 2; 750; 1; 320; 160; 10],0.2646613899851218,0.06909097804837433,tvm
32,1,300,30,128,16,1,[32; 1; 300; 30; 128; 16; 1],0.23891719098901376,0.07653578300506274,tvm
80,8,1500,2,1280,80,5,[80; 8; 1500; 2; 1280; 80; 5],0.32159076497191563,0.05686019711203825,tvm
64,32,750,5,640,32,2,[64; 32; 750; 5; 640; 32; 2],0.14875651395414025,0.12292378867759392,tvm
40,2,4,4,256,64,4,[40; 2; 4; 4; 256; 64; 4],0.10456833202624694,0.1748685661460539,tvm
8,1,60,3,640,80,5,[8; 1; 60; 3; 640; 80; 5],0.2874185589607805,0.06362050645521973,tvm
80,20,300,6,128,64,4,[80; 20; 300; 6; 128; 64; 4],0.04560763300105464,0.4009353935401876,tvm
32,32,300,5,160,32,2,[32; 32; 300; 5; 160; 32; 2],0.03223481499298941,0.5672659914347625,tvm
128,16,60,3,256,64,4,[128; 16; 60; 3; 256; 64; 4],0.04576798299967777,0.3995307000057885,tvm
16,8,30,30,128,16,1,[16; 8; 30; 30; 128; 16; 1],0.14636245596921071,0.12493445921378178,tvm
80,4,15,15,32,16,1,[80; 4; 15; 15; 32; 16; 1],0.06655996799236163,0.2747254068363245,tvm
64,1,12,2,1280,128,8,[64; 1; 12; 2; 1280; 128; 8],0.2707166040199809,0.06754559570481561,tvm
32,8,750,10,1280,16,1,[32; 8; 750; 10; 1280; 16; 1],0.501303143973928,0.036476360672226905,tvm
128,1,250,2,320,64,4,[128; 1; 250; 2; 320; 64; 4],0.07409830950200558,0.24677640297879344,tvm
10,2,2,2,80,80,5,[10; 2; 2; 2; 80; 80; 5],0.06666488500195555,0.27429304475928956,tvm
256,64,375,5,160,32,2,[256; 64; 375; 5; 160; 32; 2],0.03344191350333858,0.5467903110235837,tvm
32,2,250,2,320,80,5,[32; 2; 250; 2; 320; 80; 5],0.14080004597781226,0.12987008746144735,tvm
128,32,750,2,320,64,4,[128; 32; 750; 2; 320; 64; 4],0.07287878199713305,0.25090587115511376,tvm
160,4,15,5,320,32,2,[160; 4; 15; 5; 320; 32; 2],0.09564997800043784,0.19117321998370543,tvm
5,1,10,10,640,32,2,[5; 1; 10; 10; 640; 32; 2],0.3108303010230884,0.05882860913343203,tvm
40,20,250,2,1280,64,4,[40; 20; 250; 2; 1280; 64; 4],0.32095218397444114,0.056973328734757765,tvm
32,16,300,12,16,16,1,[32; 16; 300; 12; 16; 16; 1],0.048603936505969614,0.3762187921438916,tvm
160,16,15,15,64,16,1,[160; 16; 15; 15; 64; 16; 1],0.05801560348481871,0.31518614281930585,tvm
80,10,100,10,16,16,1,[80; 10; 100; 10; 16; 16; 1],0.05089920948375948,0.3592534043490155,tvm
40,4,1500,2,160,160,10,[40; 4; 1500; 2; 160; 160; 10],0.04618284123716876,0.39594173497921614,tvm
20,20,2,2,256,16,1,[20; 20; 2; 2; 256; 16; 1],0.06667654251214117,0.27424508825400823,tvm
128,64,1500,12,1280,32,2,[128; 64; 1500; 12; 1280; 32; 2],0.623864934023004,0.029310373589678355,tvm
10,5,15,1,256,16,1,[10; 5; 15; 1; 256; 16; 1],0.09960057999705896,0.18359043979718023,tvm
20,10,300,2,128,32,2,[20; 10; 300; 2; 128; 32; 2],0.06855419700150378,0.26673369517132817,tvm
20,1,20,1,640,32,2,[20; 1; 20; 1; 640; 32; 2],0.3073275540373288,0.05949910460515771,tvm
8,8,30,5,320,80,5,[8; 8; 30; 5; 320; 80; 5],0.111681534035597,0.16373086601663225,tvm
4,1,75,1,128,64,4,[4; 1; 75; 1; 128; 64; 4],0.07495868450496346,0.24394390598601662,tvm
40,40,250,25,32,16,1,[40; 40; 250; 25; 32; 16; 1],0.11189635097980499,0.16341653794424882,tvm
10,2,20,1,256,64,4,[10; 2; 20; 1; 256; 64; 4],0.06381153099937364,0.2865581502172981,tvm
160,4,15,15,640,16,1,[160; 4; 15; 15; 640; 16; 1],0.26536581898108125,0.06890757202990763,tvm
4,4,750,2,32,32,2,[4; 4; 750; 2; 32; 32; 2],0.06437742998241447,0.28403920893874246,tvm
64,64,500,5,640,64,4,[64; 64; 500; 5; 640; 64; 4],0.13279391796095297,0.13769993811833356,tvm
32,16,300,30,160,16,1,[32; 16; 300; 30; 160; 16; 1],0.10829618200659752,0.16884911311647444,tvm
160,80,750,25,640,16,1,[160; 80; 750; 25; 640; 16; 1],0.573051679006312,0.03190936342324699,tvm
10,1,100,2,160,32,2,[10; 1; 100; 2; 160; 32; 2],0.039426308241672814,0.46379473760585715,tvm
5,1,3,1,320,32,2,[5; 1; 3; 1; 320; 32; 2],0.10483040905091912,0.1744313930591685,tvm
10,1,500,25,64,16,1,[10; 1; 500; 25; 64; 16; 1],0.15910558600444347,0.11492817282482846,tvm
40,20,30,2,80,80,5,[40; 20; 30; 2; 80; 80; 5],0.0490615347516723,0.372709789415852,tvm
128,8,750,2,64,64,4,[128; 8; 750; 2; 64; 64; 4],0.03958183850045316,0.4619723332332059,tvm
1,1,30,30,80,16,1,[1; 1; 30; 30; 80; 16; 1],0.1623875789809972,0.11260537536466446,tvm
40,10,100,10,16,16,1,[40; 10; 100; 10; 16; 16; 1],0.0507608609914314,0.3602325478443121,tvm
10,5,50,5,128,16,1,[10; 5; 50; 5; 128; 16; 1],0.09425738549907692,0.1939976818675218,tvm
10,1,50,1,32,16,1,[10; 1; 50; 1; 32; 16; 1],0.06100497848819941,0.29974134470437375,tvm
32,8,1500,12,16,16,1,[32; 8; 1500; 12; 16; 16; 1],0.057314156991196796,0.3190435879310393,tvm
128,128,20,5,640,64,4,[128; 128; 20; 5; 640; 64; 4],0.19299858895828947,0.09474532629700295,tvm
20,1,30,3,80,16,1,[20; 1; 30; 3; 80; 16; 1],0.14406409504590556,0.1269276309262735,tvm
256,256,250,10,640,32,2,[256; 256; 250; 10; 640; 32; 2],0.2902785899932496,0.06299367199675153,tvm
5,5,60,5,256,64,4,[5; 5; 60; 5; 256; 64; 4],0.10643365699797869,0.17180387108244863,tvm
40,8,20,5,1280,64,4,[40; 8; 20; 5; 1280; 64; 4],0.29252114199334756,0.06251074421872091,tvm
16,4,30,5,64,64,4,[16; 4; 30; 5; 64; 64; 4],0.05308612302178517,0.3444537525976479,tvm
10,10,25,1,160,80,5,[10; 10; 25; 1; 160; 80; 5],0.044847079741884954,0.407734782085183,tvm
10,5,100,10,128,32,2,[10; 5; 100; 10; 128; 32; 2],0.08072554998216219,0.2265170604567557,tvm
16,16,250,5,640,16,1,[16; 16; 250; 5; 640; 16; 1],0.22019045299384743,0.08304499144758663,tvm
8,2,20,1,80,16,1,[8; 2; 20; 1; 80; 16; 1],0.07376879101502709,0.2478787307492865,tvm
32,16,5,5,320,32,2,[32; 16; 5; 5; 320; 32; 2],0.061813972977688536,0.2958184598863178,tvm
80,8,5,5,160,32,2,[80; 8; 5; 5; 160; 32; 2],0.03268465325527359,0.5594587203633232,tvm
1,1,30,2,1280,32,2,[1; 1; 30; 2; 1280; 32; 2],2.0281273479922675,0.009016058239052948,tvm
64,8,10,5,640,80,5,[64; 8; 10; 5; 640; 80; 5],0.1388380490243435,0.13170535320982593,tvm
20,1,30,2,256,32,2,[20; 1; 30; 2; 256; 32; 2],0.12904755998170003,0.1416974818300117,tvm
16,8,375,25,320,16,1,[16; 8; 375; 25; 320; 16; 1],0.1728051660466008,0.10581694230589804,tvm
10,5,50,2,1280,64,4,[10; 5; 50; 2; 1280; 64; 4],0.3874209339846857,0.04719857055126789,tvm
2,1,100,25,1280,16,1,[2; 1; 100; 25; 1280; 16; 1],2.255378103000112,0.008107604778724492,tvm
128,64,12,6,320,32,2,[128; 64; 12; 6; 320; 32; 2],0.07593357149744406,0.24081198770335446,tvm
160,5,150,30,64,16,1,[160; 5; 150; 30; 64; 16; 1],0.1137475129798986,0.16075704696018916,tvm
40,20,1500,1,1280,160,10,[40; 20; 1500; 1; 1280; 160; 10],0.5004720549914055,0.03653693368759282,tvm
80,16,1500,30,320,16,1,[80; 16; 1500; 30; 320; 16; 1],0.222994648036547,0.08200068677306285,tvm
40,1,6,6,64,32,2,[40; 1; 6; 6; 64; 32; 2],0.06792994547868147,0.2691848809366837,tvm
5,1,50,2,128,128,8,[5; 1; 50; 2; 128; 128; 8],0.07397844648221508,0.24717624058394222,tvm
16,16,300,4,160,16,1,[16; 16; 300; 4; 160; 16; 1],0.05279792950022966,0.34633392746271896,tvm
20,4,150,2,64,32,2,[20; 4; 150; 2; 64; 32; 2],0.049118480004835874,0.3722776902687949,tvm
20,2,6,1,320,80,5,[20; 2; 6; 1; 320; 80; 5],0.1798545609926805,0.10166944994215886,tvm
80,80,1500,12,640,16,1,[80; 80; 1500; 12; 640; 16; 1],0.3184822460170835,0.05741517624418359,tvm
320,1,50,25,640,16,1,[320; 1; 50; 25; 640; 16; 1],0.5354037380311638,0.03415313152828594,tvm
1,1,30,1,32,32,2,[1; 1; 30; 1; 32; 32; 2],0.17820264905458316,0.10261191055646655,tvm
8,4,5,1,640,16,1,[8; 4; 5; 1; 640; 16; 1],0.2024237000150606,0.09033386053290106,tvm
10,1,3,1,640,160,10,[10; 1; 3; 1; 640; 160; 10],0.32621039799414575,0.0560549706513109,tvm
128,32,12,12,32,32,2,[128; 32; 12; 12; 32; 32; 2],0.04269971125177108,0.4282397643837894,tvm
320,160,300,10,640,16,1,[320; 160; 300; 10; 640; 16; 1],0.31668775499565527,0.05774051568860045,tvm
20,2,15,3,320,64,4,[20; 2; 15; 3; 320; 64; 4],0.13442170002963394,0.1360324581647391,tvm
10,5,300,4,256,32,2,[10; 5; 300; 4; 256; 32; 2],0.10534036299213767,0.1735869686254934,tvm
64,2,300,6,256,32,2,[64; 2; 300; 6; 256; 32; 2],0.11317127099027857,0.16157558473726988,tvm
20,5,3,1,320,16,1,[20; 5; 3; 1; 320; 16; 1],0.14211842900840566,0.1286653280176125,tvm
5,1,30,2,320,64,4,[5; 1; 30; 2; 320; 64; 4],0.11651860398706049,0.1569338600018323,tvm
160,16,750,25,160,16,1,[160; 16; 750; 25; 160; 16; 1],0.08515858749160543,0.2147254296287713,tvm
512,4,75,25,640,16,1,[512; 4; 75; 25; 640; 16; 1],0.38434766000136733,0.04757597401698565,tvm
20,5,750,30,1280,16,1,[20; 5; 750; 30; 1280; 16; 1],1.062301368045155,0.017213302021217975,tvm
1,1,50,1,1280,128,8,[1; 1; 50; 1; 1280; 128; 8],1.8858698710100725,0.009696169691666187,tvm
160,4,4,4,64,32,2,[160; 4; 4; 4; 64; 32; 2],0.059602849010843784,0.30679262131223783,tvm
2,2,60,3,256,32,2,[2; 2; 60; 3; 256; 32; 2],0.21172289899550378,0.08636625689742992,tvm
2,2,20,4,320,64,4,[2; 2; 20; 4; 320; 64; 4],0.24806664802599698,0.07371290913641068,tvm
20,20,750,5,160,80,5,[20; 20; 750; 5; 160; 80; 5],0.05625896350829862,0.32502757152674894,tvm
20,5,750,2,160,32,2,[20; 5; 750; 2; 160; 32; 2],0.04468541199457832,0.4092099293597851,tvm
128,4,300,15,160,16,1,[128; 4; 300; 15; 160; 16; 1],0.06799461602349766,0.26892885576991993,tvm
40,2,12,3,320,64,4,[40; 2; 12; 3; 320; 64; 4],0.13521657697856426,0.13523278502023536,tvm
80,16,12,3,64,64,4,[80; 16; 12; 3; 64; 64; 4],0.041900234995409846,0.4364107811738402,tvm
20,20,750,10,64,16,1,[20; 20; 750; 10; 64; 16; 1],0.057828570483252406,0.3162055387658246,tvm
64,8,4,4,1280,80,5,[64; 8; 4; 4; 1280; 80; 5],0.266665507981088,0.06857172652044341,tvm
160,1,300,4,256,32,2,[160; 1; 300; 4; 256; 32; 2],0.12114284402923658,0.15094341256592272,tvm
20,4,60,3,160,16,1,[20; 4; 60; 3; 160; 16; 1],0.0766066504875198,0.23869617284328679,tvm
80,4,750,30,80,16,1,[80; 4; 750; 30; 80; 16; 1],0.10199345095315948,0.1792832198031225,tvm
5,1,300,2,256,128,8,[5; 1; 300; 2; 256; 128; 8],0.09525242800009437,0.19197110949965676,tvm
20,5,25,25,80,16,1,[20; 5; 25; 25; 80; 16; 1],0.08314310249988921,0.21993062245588746,tvm
20,10,1500,10,32,16,1,[20; 10; 1500; 10; 32; 16; 1],0.05381035548634827,0.339817756646365,tvm
160,4,10,10,256,32,2,[160; 4; 10; 10; 256; 32; 2],0.07612514149514027,0.2402059809226315,tvm
64,8,1500,12,80,16,1,[64; 8; 1500; 12; 80; 16; 1],0.060639542003627867,0.3015476977814297,tvm
20,4,15,3,320,16,1,[20; 4; 15; 3; 320; 16; 1],0.1593901629676111,0.11472297879154586,tvm
128,128,5,5,256,32,2,[128; 128; 5; 5; 256; 32; 2],0.08123678198899142,0.2250915636736106,tvm
160,10,20,10,1280,16,1,[160; 10; 20; 10; 1280; 16; 1],0.3768447329639457,0.04852320514577487,tvm
40,40,6,6,128,32,2,[40; 40; 6; 6; 128; 32; 2],0.05361510650254786,0.34105526368478495,tvm
128,64,1500,4,128,32,2,[128; 64; 1500; 4; 128; 32; 2],0.058878188516246155,0.31056856106686676,tvm
160,80,1500,25,1280,16,1,[160; 80; 1500; 25; 1280; 16; 1],1.2201558069791645,0.014986376478415216,tvm
8,4,750,25,1280,16,1,[8; 4; 750; 25; 1280; 16; 1],1.1724829050363041,0.015595719312554154,tvm
10,2,12,2,1280,160,10,[10; 2; 12; 2; 1280; 160; 10],0.5332015859894454,0.03429418585052042,tvm
80,2,250,25,128,16,1,[80; 2; 250; 25; 128; 16; 1],0.21239399403566495,0.08609336798216513,tvm
10,1,300,15,256,16,1,[10; 1; 300; 15; 256; 16; 1],0.2349587709759362,0.07782520401243952,tvm
80,1,10,2,1280,80,5,[80; 1; 10; 2; 1280; 80; 5],0.593861625995487,0.030791203683285723,tvm
4,2,12,2,640,64,4,[4; 2; 12; 2; 640; 64; 4],0.2841424029902555,0.06435404956556726,tvm
5,1,150,25,160,16,1,[5; 1; 150; 25; 160; 16; 1],0.13204467797186226,0.13848126684523276,tvm
5,1,100,2,640,16,1,[5; 1; 100; 2; 640; 16; 1],0.3310722490423359,0.05523179408303714,tvm
80,8,60,15,1280,16,1,[80; 8; 60; 15; 1280; 16; 1],0.5090166360023431,0.03592360837029718,tvm
160,1,60,12,32,16,1,[160; 1; 60; 12; 32; 16; 1],0.08389215701026842,0.217966910583502,tvm
160,32,750,10,256,16,1,[160; 32; 750; 10; 256; 16; 1],0.08258406451204792,0.22141940329234636,tvm
80,4,750,30,32,16,1,[80; 4; 750; 30; 32; 16; 1],0.10145372099941596,0.18023699974315927,tvm
40,8,1500,3,128,64,4,[40; 8; 1500; 3; 128; 64; 4],0.05474513449007645,0.33401533224891256,tvm
20,5,100,4,160,32,2,[20; 5; 100; 4; 160; 32; 2],0.04893800799618475,0.3736505639367229,tvm
80,20,12,12,160,32,2,[80; 20; 12; 12; 160; 32; 2],0.03075086099852342,0.5946407252334275,tvm
320,20,125,25,256,16,1,[320; 20; 125; 25; 256; 16; 1],0.17161362996557727,0.10655164330118817,tvm
10,1,100,5,64,64,4,[10; 1; 100; 5; 64; 64; 4],0.064338233001763,0.2842122550243682,tvm
40,10,50,10,80,16,1,[40; 10; 50; 10; 80; 16; 1],0.04901121625152882,0.3730924405521949,tvm
160,16,60,10,32,32,2,[160; 16; 60; 10; 32; 32; 2],0.030181337002431974,0.6058616384105465,tvm
8,1,12,2,128,16,1,[8; 1; 12; 2; 128; 16; 1],0.09865216401522048,0.18535543004300534,tvm
2,1,25,1,320,64,4,[2; 1; 25; 1; 320; 64; 4],0.24544779700227082,0.0744994027611709,tvm
20,5,6,1,320,80,5,[20; 5; 6; 1; 320; 80; 5],0.11616248299833387,0.15741497438528892,tvm
32,16,100,5,160,32,2,[32; 16; 100; 5; 160; 32; 2],0.03296656874590553,0.5546744772455393,tvm
512,16,30,15,256,16,1,[512; 16; 30; 15; 256; 16; 1],0.08308437801315449,0.22008607060666888,tvm
128,16,300,6,64,64,4,[128; 16; 300; 6; 64; 64; 4],0.03321568098908756,0.5505145082445169,tvm
40,4,150,6,1280,32,2,[40; 4; 150; 6; 1280; 32; 2],0.4135591249796562,0.04421547774242389,tvm
128,16,20,5,320,64,4,[128; 16; 20; 5; 320; 64; 4],0.056803024985129014,0.3219144454102836,tvm
4,4,300,5,16,16,1,[4; 4; 300; 5; 16; 16; 1],0.096885012491839,0.18873625357951584,tvm
32,2,12,3,160,80,5,[32; 2; 12; 3; 160; 80; 5],0.06635311598074622,0.2755818474451189,tvm
20,20,75,5,32,32,2,[20; 20; 75; 5; 32; 32; 2],0.03598358300223481,0.5081682467412605,tvm
40,40,60,12,1280,32,2,[40; 40; 60; 12; 1280; 32; 2],0.47682181000709534,0.03834915664919394,tvm
128,1,60,20,16,16,1,[128; 1; 60; 20; 16; 16; 1],0.10354823496891186,0.17659126967450658,tvm
256,32,250,10,160,32,2,[256; 32; 250; 10; 160; 32; 2],0.03469053473963868,0.527109611395536,tvm
32,4,150,10,80,16,1,[32; 4; 150; 10; 80; 16; 1],0.059288883494446054,0.30841724802301634,tvm
20,20,75,3,256,16,1,[20; 20; 75; 3; 256; 16; 1],0.07932995399460196,0.23050201550549929,tvm
320,2,75,25,160,16,1,[320; 2; 75; 25; 160; 16; 1],0.11828922503627837,0.15458478386434776,tvm
80,16,500,25,80,16,1,[80; 16; 500; 25; 80; 16; 1],0.08792048750910908,0.20798012845208325,tvm
80,1,375,5,160,32,2,[80; 1; 375; 5; 160; 32; 2],0.07408061399473809,0.24683535002845836,tvm
128,16,15,3,1280,64,4,[128; 16; 15; 3; 1280; 64; 4],0.21171142702223733,0.08637093681199186,tvm
16,4,6,1,320,160,10,[16; 4; 6; 1; 320; 160; 10],0.11148831399623305,0.16401462745532347,tvm
32,16,150,25,32,16,1,[32; 16; 150; 25; 32; 16; 1],0.08700258401222527,0.21017438152348267,tvm
8,1,60,30,128,16,1,[8; 1; 60; 30; 128; 16; 1],0.2520788940018974,0.07253964818481252,tvm
80,20,12,6,128,64,4,[80; 20; 12; 6; 128; 64; 4],0.04273764275421854,0.4278596831106073,tvm
80,5,25,5,256,64,4,[80; 5; 25; 5; 256; 64; 4],0.06516304350225255,0.2806147979426742,tvm
40,40,750,25,80,16,1,[40; 40; 750; 25; 80; 16; 1],0.11577932996442541,0.1579359138745473,tvm
16,1,10,2,160,160,10,[16; 1; 10; 2; 160; 160; 10],0.05936249697697349,0.30803478992481154,tvm
128,16,750,10,32,16,1,[128; 16; 750; 10; 32; 16; 1],0.044388772497768514,0.4119445809553201,tvm
8,2,10,2,640,80,5,[8; 2; 10; 2; 640; 80; 5],0.3010267229983583,0.060744488408140465,tvm
16,1,60,10,32,32,2,[16; 1; 60; 10; 32; 32; 2],0.06540245399810374,0.2795875868242568,tvm
16,2,375,15,64,16,1,[16; 2; 375; 15; 64; 16; 1],0.11550131300464272,0.15831607286558957,tvm
20,4,1500,5,256,64,4,[20; 4; 1500; 5; 256; 64; 4],0.07994493201840669,0.22872887403924674,tvm
1,1,1500,12,1280,16,1,[1; 1; 1500; 12; 1280; 16; 1],5.553993112989701,0.003292354512098257,tvm
20,10,4,4,16,16,1,[20; 10; 4; 4; 16; 16; 1],0.0650115069875028,0.2812688881251339,tvm
10,1,1500,10,256,32,2,[10; 1; 1500; 10; 256; 32; 2],0.13370108703384176,0.1367656366255713,tvm
160,20,375,5,128,32,2,[160; 20; 375; 5; 128; 32; 2],0.04892176325665787,0.3737746366536726,tvm
16,4,20,2,128,32,2,[16; 4; 20; 2; 128; 32; 2],0.05842535349074751,0.3129756722586213,tvm
16,1,50,1,1280,160,10,[16; 1; 50; 1; 1280; 160; 10],0.7151328379986808,0.02556967505070438,tvm
5,1,500,5,640,80,5,[5; 1; 500; 5; 640; 80; 5],0.37459797703195363,0.04881423661333466,tvm
20,5,375,25,128,16,1,[20; 5; 375; 25; 128; 16; 1],0.15716533502563834,0.11634699396486728,tvm
20,2,150,6,64,16,1,[20; 2; 150; 6; 64; 16; 1],0.10214123199693859,0.17902382738307243,tvm
160,80,1500,20,640,16,1,[160; 80; 1500; 20; 640; 16; 1],0.47956268198322505,0.038129977524718896,tvm
2,2,1500,4,128,32,2,[2; 2; 1500; 4; 128; 32; 2],0.16851828899234533,0.10850878201442507,tvm
128,8,100,2,320,64,4,[128; 8; 100; 2; 320; 64; 4],0.06634458850021474,0.27561726885464216,tvm
8,1,30,2,640,16,1,[8; 1; 30; 2; 640; 16; 1],0.24590354599058628,0.07436132818684243,tvm
40,4,100,10,1280,32,2,[40; 4; 100; 10; 1280; 32; 2],0.43845379998674616,0.04170499670949833,tvm
20,4,750,2,256,128,8,[20; 4; 750; 2; 256; 128; 8],0.05373576801503077,0.3402894377651674,tvm
40,40,75,5,80,80,5,[40; 40; 75; 5; 80; 80; 5],0.06604110650368966,0.27688382666169714,tvm
80,4,20,4,640,80,5,[80; 4; 20; 4; 640; 80; 5],0.16601960000116378,0.1101419006285168,tvm
512,128,300,30,128,16,1,[512; 128; 300; 30; 128; 16; 1],0.2450317069888115,0.07462591070530003,tvm
160,20,60,5,128,32,2,[160; 20; 60; 5; 128; 32; 2],0.045013678740360774,0.40622572509983956,tvm
20,1,50,25,160,16,1,[20; 1; 50; 25; 160; 16; 1],0.1231894819648005,0.14843567806331995,tvm
32,4,1500,5,64,64,4,[32; 4; 1500; 5; 64; 64; 4],0.05083950349944644,0.35967531205164877,tvm
8,8,30,2,16,16,1,[8; 8; 30; 2; 16; 16; 1],0.07297636551083997,0.25057036148228173,tvm
8,1,30,5,640,64,4,[8; 1; 30; 5; 640; 64; 4],0.27896798198344186,0.06554771682292786,tvm
8,2,150,2,320,64,4,[8; 2; 150; 2; 320; 64; 4],0.08986860001459718,0.20347167178240425,tvm
8,4,100,5,64,32,2,[8; 4; 100; 5; 64; 32; 2],0.06699156248942018,0.2729554828431134,tvm
320,64,12,12,1280,16,1,[320; 64; 12; 12; 1280; 16; 1],0.7749313180102035,0.023596561218698246,tvm
160,40,100,4,640,32,2,[160; 40; 100; 4; 640; 32; 2],0.11315839499002323,0.16159397000396192,tvm
320,2,60,15,32,16,1,[320; 2; 60; 15; 32; 16; 1],0.08762711551389657,0.20867643740725894,tvm
160,80,750,15,64,16,1,[160; 80; 750; 15; 64; 16; 1],0.10327945096651092,0.1770508471394136,tvm
8,4,100,1,1280,16,1,[8; 4; 100; 1; 1280; 16; 1],0.5413835340295918,0.03377589663581234,tvm
4,4,150,2,1280,16,1,[4; 4; 150; 2; 1280; 16; 1],0.8010923709953204,0.022825974816106574,tvm
8,2,150,10,256,16,1,[8; 2; 150; 10; 256; 16; 1],0.1834247579681687,0.09969054607605134,tvm
5,5,250,2,1280,32,2,[5; 5; 250; 2; 1280; 32; 2],0.5097487410530448,0.035872014608490155,tvm
4,2,30,1,1280,128,8,[4; 2; 30; 1; 1280; 128; 8],0.516796659969259,0.03538280275805573,tvm
40,5,300,10,64,16,1,[40; 5; 300; 10; 64; 16; 1],0.07190245899255387,0.2543127807020888,tvm
64,2,500,25,64,16,1,[64; 2; 500; 25; 64; 16; 1],0.15362517500761896,0.11902811036542296,tvm
8,8,150,25,16,16,1,[8; 8; 150; 25; 16; 16; 1],0.09210851899115369,0.1985235946250584,tvm
16,8,750,5,640,80,5,[16; 8; 750; 5; 640; 80; 5],0.17517517501255497,0.1043853062193529,tvm
10,10,125,1,128,32,2,[10; 10; 125; 1; 128; 32; 2],0.06737313049961813,0.2714095983088975,tvm
80,16,2,2,320,80,5,[80; 16; 2; 2; 320; 80; 5],0.06907302452600561,0.26473018101053064,tvm
4,1,750,2,256,128,8,[4; 1; 750; 2; 256; 128; 8],0.1152964950306341,0.1585973127878328,tvm
20,5,1500,25,1280,16,1,[20; 5; 1500; 25; 1280; 16; 1],0.9613451780169271,0.01902096635407716,tvm
80,20,300,12,32,32,2,[80; 20; 300; 12; 32; 32; 2],0.03518603849806823,0.5196866446536231,tvm
10,5,5,5,320,32,2,[10; 5; 5; 5; 320; 32; 2],0.08945877451333217,0.20440380929865232,tvm
10,10,6,2,640,16,1,[10; 10; 6; 2; 640; 16; 1],0.16209862800315022,0.11280610151344972,tvm
1,1,20,10,160,16,1,[1; 1; 20; 10; 160; 16; 1],0.1729522979585454,0.10572692298137118,tvm
20,5,12,4,320,64,4,[20; 5; 12; 4; 320; 64; 4],0.08993964199908078,0.2033109525374937,tvm
160,10,150,30,160,16,1,[160; 10; 150; 30; 160; 16; 1],0.08615180652122945,0.21224992282905106,tvm
8,2,150,3,80,80,5,[8; 2; 150; 3; 80; 80; 5],0.06707532200380228,0.2726146329148853,tvm
5,5,375,3,320,64,4,[5; 5; 375; 3; 320; 64; 4],0.1355310630169697,0.13491899110556485,tvm
2,1,2,1,320,80,5,[2; 1; 2; 1; 320; 80; 5],0.236271625966765,0.07739276441211962,tvm
16,1,500,4,256,32,2,[16; 1; 500; 4; 256; 32; 2],0.12300137401325628,0.14866268309932515,tvm
8,8,1,1,32,16,1,[8; 8; 1; 1; 32; 16; 1],0.05197398248128593,0.351824382368589,tvm
10,2,125,1,256,32,2,[10; 2; 125; 1; 256; 32; 2],0.07446904448443092,0.24554785699630188,tvm
160,8,60,5,320,32,2,[160; 8; 60; 5; 320; 32; 2],0.07104461497510783,0.25738353698054556,tvm
20,2,125,1,1280,160,10,[20; 2; 125; 1; 1280; 160; 10],0.5799362329998985,0.031530560163702495,tvm
40,20,300,10,160,32,2,[40; 20; 300; 10; 160; 32; 2],0.03342054574750364,0.5471399068065831,tvm
64,64,10,5,128,32,2,[64; 64; 10; 5; 128; 32; 2],0.06726815749425441,0.27183313720575936,tvm
5,5,3,3,1280,80,5,[5; 5; 3; 3; 1280; 80; 5],0.505392299965024,0.03618122849710959,tvm
4,1,60,6,640,32,2,[4; 1; 60; 6; 640; 32; 2],0.3878063730080612,0.04715166010264145,tvm
5,1,15,5,160,80,5,[5; 1; 15; 5; 160; 80; 5],0.07279692799784243,0.2511879936232507,tvm
80,5,4,4,320,32,2,[80; 5; 4; 4; 320; 32; 2],0.0767316079873126,0.23830745588881427,tvm
16,4,30,5,1280,16,1,[16; 4; 30; 5; 1280; 16; 1],0.529987521993462,0.03450216000734421,tvm
16,1,300,25,256,16,1,[16; 1; 300; 25; 256; 16; 1],0.2617627780418843,0.0698560521954287,tvm
40,8,50,25,128,16,1,[40; 8; 50; 25; 128; 16; 1],0.12295209802687168,0.14872226321601986,tvm
10,1,500,2,64,16,1,[10; 1; 500; 2; 64; 16; 1],0.08349419699516147,0.21900581050889026,tvm
4,4,500,10,128,16,1,[4; 4; 500; 10; 128; 16; 1],0.16566446505021304,0.11037801184564155,tvm
64,4,10,2,320,80,5,[64; 4; 10; 2; 320; 80; 5],0.10258026898372918,0.17825761685821553,tvm
4,1,1500,3,320,64,4,[4; 1; 1500; 3; 320; 64; 4],0.15570519998436794,0.11743804502065497,tvm
64,4,300,25,128,16,1,[64; 4; 300; 25; 128; 16; 1],0.15798791602719575,0.11574122088278332,tvm
4,2,150,3,640,32,2,[4; 2; 150; 3; 640; 32; 2],0.35180992900859565,0.05197611772141746,tvm
8,4,75,3,128,64,4,[8; 4; 75; 3; 128; 64; 4],0.08388931350782514,0.21797429876462882,tvm
160,1,150,15,32,16,1,[160; 1; 150; 15; 32; 16; 1],0.08944361199974082,0.20443845990664233,tvm
2,2,60,4,256,16,1,[2; 2; 60; 4; 256; 16; 1],0.29526129696751013,0.06193061696036106,tvm
160,16,50,5,1280,32,2,[160; 16; 50; 5; 1280; 32; 2],0.26065169100183994,0.07015382948574543,tvm
80,16,4,4,1280,80,5,[80; 16; 4; 4; 1280; 80; 5],0.33503698999993503,0.0545781953381262,tvm
10,2,12,3,320,80,5,[10; 2; 12; 3; 320; 80; 5],0.1383369829854928,0.13218239903086426,tvm
8,8,20,1,1280,128,8,[8; 8; 20; 1; 1280; 128; 8],0.35693892202107236,0.051229252842968934,tvm
4,4,75,5,64,64,4,[4; 4; 75; 5; 64; 64; 4],0.062481592496624216,0.29265762211009966,tvm
5,1,1500,2,320,80,5,[5; 1; 1500; 2; 320; 80; 5],0.18164174002595246,0.10066912089204649,tvm
2,1,10,2,320,80,5,[2; 1; 10; 2; 320; 80; 5],0.2470527600380592,0.0740154219807029,tvm
16,16,750,5,1280,80,5,[16; 16; 750; 5; 1280; 80; 5],0.5483172840322368,0.033348783301602486,tvm
256,8,300,12,640,32,2,[256; 8; 300; 12; 640; 32; 2],0.15126415103441104,0.12088597437442052,tvm
128,64,300,15,1280,16,1,[128; 64; 300; 15; 1280; 16; 1],0.8526357879745774,0.021446102243903822,tvm
512,256,60,12,256,16,1,[512; 256; 60; 12; 256; 16; 1],0.17193918500561267,0.10634989508131831,tvm
8,4,375,5,32,16,1,[8; 4; 375; 5; 32; 16; 1],0.07694231902132742,0.23765483700388237,tvm
128,128,250,10,256,32,2,[128; 128; 250; 10; 256; 32; 2],0.12846425001043826,0.14234087914909008,tvm
512,512,100,10,64,16,1,[512; 512; 100; 10; 64; 16; 1],0.10413197200978175,0.1756013444554435,tvm
16,8,300,3,160,16,1,[16; 8; 300; 3; 160; 16; 1],0.06123669899534434,0.2986071193534534,tvm
64,2,30,30,64,16,1,[64; 2; 30; 30; 64; 16; 1],0.15804416901664808,0.11570002486955468,tvm
20,10,150,2,1280,16,1,[20; 10; 150; 2; 1280; 16; 1],0.47206532198470086,0.03873555932648429,tvm
4,2,20,20,320,16,1,[4; 2; 20; 20; 320; 16; 1],0.2465336329769343,0.0741712766120844,tvm
32,4,12,12,64,16,1,[32; 4; 12; 12; 64; 16; 1],0.07603808949352242,0.24048098009185281,tvm
80,10,60,12,64,16,1,[80; 10; 60; 12; 64; 16; 1],0.05864175598253496,0.3118207151088765,tvm
64,8,15,5,640,32,2,[64; 8; 15; 5; 640; 32; 2],0.14053775096544996,0.13011247269930823,tvm
80,10,1500,10,320,16,1,[80; 10; 1500; 10; 320; 16; 1],0.10124056198401377,0.18061648342688638,tvm
20,4,1500,6,256,32,2,[20; 4; 1500; 6; 256; 32; 2],0.08426484401570633,0.21700288535876205,tvm
8,2,60,12,16,16,1,[8; 2; 60; 12; 16; 16; 1],0.09570388999418356,0.19106552812874805,tvm
10,2,25,5,1280,16,1,[10; 2; 25; 5; 1280; 16; 1],0.7681470849784091,0.023804964756493553,tvm
80,10,50,2,128,64,4,[80; 10; 50; 2; 128; 64; 4],0.054734894016291946,0.33407782392474367,tvm
80,16,60,4,32,32,2,[80; 16; 60; 4; 32; 32; 2],0.04121441474126186,0.44367278779789443,tvm
16,4,125,1,256,64,4,[16; 4; 125; 1; 256; 64; 4],0.06168950299615972,0.29641532833961404,tvm
160,20,30,5,32,32,2,[160; 20; 30; 5; 32; 32; 2],0.02941136050503701,0.6217228299446624,tvm
64,32,100,5,256,64,4,[64; 32; 100; 5; 256; 64; 4],0.04433616749884095,0.4124333544660196,tvm
8,8,300,6,320,32,2,[8; 8; 300; 6; 320; 32; 2],0.13312772195786238,0.13735466976218585,tvm
32,2,15,1,1280,128,8,[32; 2; 15; 1; 1280; 128; 8],0.30261417699512094,0.060425834861032,tvm
32,1,150,10,160,16,1,[32; 1; 150; 10; 160; 16; 1],0.08426392049295828,0.21700526368509496,tvm
40,40,750,6,640,32,2,[40; 40; 750; 6; 640; 32; 2],0.14120476797688752,0.12949785299535568,tvm
16,2,5,1,32,16,1,[16; 2; 5; 1; 32; 16; 1],0.05835458799265325,0.31335521189895865,tvm
20,2,150,6,64,64,4,[20; 2; 150; 6; 64; 64; 4],0.06783619648194872,0.2695568919548745,tvm
1,1,10,1,64,16,1,[1; 1; 10; 1; 64; 16; 1],0.17721767298644409,0.10318222769527628,tvm
16,1,10,10,32,32,2,[16; 1; 10; 10; 32; 32; 2],0.06516832899069414,0.28059203863160953,tvm
40,5,50,25,80,16,1,[40; 5; 50; 25; 80; 16; 1],0.07889339450048283,0.23177750686849174,tvm
4,2,500,4,64,32,2,[4; 2; 500; 4; 64; 32; 2],0.10314718500012532,0.1772778800089607,tvm
10,1,300,1,80,80,5,[10; 1; 300; 1; 80; 80; 5],0.08165275151259266,0.22394486342440312,tvm
320,10,50,25,320,16,1,[320; 10; 50; 25; 320; 16; 1],0.13473201799206436,0.13571914499782306,tvm
5,1,300,1,80,16,1,[5; 1; 300; 1; 80; 16; 1],0.080726747517474,0.22651370020520384,tvm
320,20,15,15,128,16,1,[320; 20; 15; 15; 128; 16; 1],0.08539896248839796,0.2141210355828214,tvm
40,40,300,5,1280,32,2,[40; 40; 300; 5; 1280; 32; 2],0.28213384601986036,0.06481219656441749,tvm
80,80,30,5,1280,32,2,[80; 80; 30; 5; 1280; 32; 2],0.35429123596986756,0.051612098830662256,tvm
64,32,500,4,256,32,2,[64; 32; 500; 4; 256; 32; 2],0.06469518548692577,0.2826441279685278,tvm
64,64,500,4,1280,80,5,[64; 64; 500; 4; 1280; 80; 5],0.5147082120529376,0.03552636981015101,tvm
256,128,150,6,256,32,2,[256; 128; 150; 6; 256; 32; 2],0.08728768449509516,0.2094879064725539,tvm
80,80,1500,10,640,32,2,[80; 80; 1500; 10; 640; 32; 2],0.2516807630308904,0.07265439783917838,tvm
16,2,125,5,1280,16,1,[16; 2; 125; 5; 1280; 16; 1],0.7486498529906385,0.02442492202819272,tvm
5,1,150,5,80,16,1,[5; 1; 150; 5; 80; 16; 1],0.07985508002457209,0.22898623706954668,tvm
4,4,500,5,320,32,2,[4; 4; 500; 5; 320; 32; 2],0.18222773697925732,0.1003453952116835,tvm
20,4,50,1,64,32,2,[20; 4; 50; 1; 64; 32; 2],0.0556795985030476,0.328409593052533,tvm
4,1,20,4,160,32,2,[4; 1; 20; 4; 160; 32; 2],0.08165918901795521,0.22392720899657265,tvm
20,1,75,3,1280,80,5,[20; 1; 75; 3; 1280; 80; 5],0.5545954959816299,0.03297126359338477,tvm
80,10,60,20,256,16,1,[80; 10; 60; 20; 256; 16; 1],0.10622404201421887,0.17214289664543747,tvm
10,5,30,2,80,80,5,[10; 5; 30; 2; 80; 80; 5],0.04671082775166724,0.39146628663761196,tvm
10,1,300,2,320,160,10,[10; 1; 300; 2; 320; 160; 10],0.13693630299530923,0.1335344527764903,tvm
80,80,20,20,320,16,1,[80; 80; 20; 20; 320; 16; 1],0.22184646897949278,0.08242508600578446,tvm
20,2,150,1,320,160,10,[20; 2; 150; 1; 320; 160; 10],0.14694767398759723,0.1244369086594569,tvm
32,1,375,25,640,16,1,[32; 1; 375; 25; 640; 16; 1],0.5632213859935291,0.03246629964779848,tvm
16,16,30,10,256,16,1,[16; 16; 30; 10; 256; 16; 1],0.07714312348980457,0.23703621863497626,tvm
40,8,1500,5,1280,80,5,[40; 8; 1500; 5; 1280; 80; 5],0.3115536579862237,0.058692022439752085,tvm
80,40,250,2,320,80,5,[80; 40; 250; 2; 320; 80; 5],0.11295519099803641,0.16188467412739058,tvm
64,1,1500,5,160,80,5,[64; 1; 1500; 5; 160; 80; 5],0.05822339799487963,0.31406126944570284,tvm
4,4,375,1,128,32,2,[4; 4; 375; 1; 128; 32; 2],0.09430618700571358,0.19389729206850914,tvm
64,16,375,5,1280,64,4,[64; 16; 375; 5; 1280; 64; 4],0.2534486099611968,0.07214762112332693,tvm
1,1,750,15,256,16,1,[1; 1; 750; 15; 256; 16; 1],0.8662422390189022,0.021109238804176204,tvm
160,16,6,6,256,32,2,[160; 16; 6; 6; 256; 32; 2],0.042279228509869426,0.4324987690219033,tvm
5,5,12,3,32,32,2,[5; 5; 12; 3; 32; 32; 2],0.06947704547201283,0.2631907295637701,tvm
320,10,50,10,1280,16,1,[320; 10; 50; 10; 1280; 16; 1],0.39113704703049734,0.04675014659066169,tvm
20,2,300,1,256,64,4,[20; 2; 300; 1; 256; 64; 4],0.071532762987772,0.25562712136311716,tvm
40,8,500,20,256,16,1,[40; 8; 500; 20; 256; 16; 1],0.12443966296268627,0.1469444215000593,tvm
5,1,1500,25,256,16,1,[5; 1; 1500; 25; 256; 16; 1],0.3174859079881571,0.05759535722888331,tvm
160,5,300,12,160,32,2,[160; 5; 300; 12; 160; 32; 2],0.044679336744593456,0.40926557147084325,tvm
16,16,100,20,64,16,1,[16; 16; 100; 20; 64; 16; 1],0.07972398400306702,0.22936277601243343,tvm
8,1,60,10,1280,32,2,[8; 1; 60; 10; 1280; 32; 2],0.7759677669964731,0.02356504363124841,tvm
320,2,300,25,128,16,1,[320; 2; 300; 25; 128; 16; 1],0.21050991798983887,0.086863908647748,tvm
256,2,10,5,320,32,2,[256; 2; 10; 5; 320; 32; 2],0.13920096401125193,0.13136198025350035,tvm
320,8,750,15,1280,16,1,[320; 8; 750; 15; 1280; 16; 1],0.5279613389866427,0.03463457063127289,tvm
160,8,500,4,640,32,2,[160; 8; 500; 4; 640; 32; 2],0.15363499999511987,0.11902049849510282,tvm
80,20,750,30,1280,16,1,[80; 20; 750; 30; 1280; 16; 1],1.1403558250167407,0.016035095261118036,tvm
160,1,60,12,1280,32,2,[160; 1; 60; 12; 1280; 32; 2],0.7033944239956327,0.025996387889801954,tvm
10,10,2,1,1280,80,5,[10; 10; 2; 1; 1280; 80; 5],0.6387227929662913,0.02862856075762325,tvm
10,2,30,5,256,64,4,[10; 2; 30; 5; 256; 64; 4],0.11711671302327886,0.1561324068417093,tvm
80,16,20,10,256,16,1,[80; 16; 20; 10; 256; 16; 1],0.0667727569816634,0.27384992191854174,tvm
1,1,60,2,256,64,4,[1; 1; 60; 2; 256; 64; 4],0.36563195404596627,0.050011258817426706,tvm
128,1,100,4,320,32,2,[128; 1; 100; 4; 320; 32; 2],0.15557624702341855,0.11753538625315842,tvm
4,2,500,1,1280,128,8,[4; 2; 500; 1; 1280; 128; 8],0.54746063798666,0.03340096623742994,tvm
16,16,750,10,32,16,1,[16; 16; 750; 10; 32; 16; 1],0.0468279002525378,0.3904875979298967,tvm
16,8,300,3,640,80,5,[16; 8; 300; 3; 640; 80; 5],0.1701814790139906,0.10744832158974843,tvm
80,10,100,5,320,32,2,[80; 10; 100; 5; 320; 32; 2],0.07136556398472749,0.25622601805021117,tvm
160,8,75,25,64,16,1,[160; 8; 75; 25; 64; 16; 1],0.0841817574982997,0.2172170649452599,tvm
8,2,750,10,160,32,2,[8; 2; 750; 10; 160; 32; 2],0.07513855647994205,0.24335993586189786,tvm
16,4,100,4,1280,64,4,[16; 4; 100; 4; 1280; 64; 4],0.4248318600002676,0.043042238606357745,tvm
32,32,150,2,256,128,8,[32; 32; 150; 2; 256; 128; 8],0.049070535009377636,0.37264142895975744,tvm
160,160,150,10,160,32,2,[160; 160; 150; 10; 160; 32; 2],0.06378866051090881,0.2866608914383326,tvm
64,16,60,15,80,16,1,[64; 16; 60; 15; 80; 16; 1],0.05048979297862388,0.36216655301906275,tvm
20,4,500,1,128,16,1,[20; 4; 500; 1; 128; 16; 1],0.10609194595599547,0.1723572333501997,tvm
80,5,60,10,320,32,2,[80; 5; 60; 10; 320; 32; 2],0.08395329900668003,0.21780816837536454,tvm
16,16,750,25,128,16,1,[16; 16; 750; 25; 128; 16; 1],0.1599591609556228,0.11431489247925765,tvm
40,20,750,2,640,128,8,[40; 20; 750; 2; 640; 128; 8],0.16021018102765083,0.11413578193609517,tvm
128,8,1500,30,1280,16,1,[128; 8; 1500; 30; 1280; 16; 1],0.8170243030181155,0.02238086947740262,tvm
16,2,60,2,160,32,2,[16; 2; 60; 2; 160; 32; 2],0.03732234450581018,0.48994012910597423,tvm
8,4,60,6,32,16,1,[8; 4; 60; 6; 32; 16; 1],0.0652789045125246,0.28011674555914057,tvm
40,40,1500,2,1280,160,10,[40; 40; 1500; 2; 1280; 160; 10],0.4477326720370911,0.040840696754422826,tvm
4,1,12,1,64,32,2,[4; 1; 12; 1; 64; 32; 2],0.06117180499131791,0.2989238962020096,tvm
40,4,15,5,1280,32,2,[40; 4; 15; 5; 1280; 32; 2],0.3973051610519178,0.04602435628397186,tvm
20,1,15,3,80,80,5,[20; 1; 15; 3; 80; 80; 5],0.06125239250832237,0.2985306130406221,tvm
128,1,15,3,128,64,4,[128; 1; 15; 3; 128; 64; 4],0.11323231598362327,0.16148847726791124,tvm
64,64,100,2,64,64,4,[64; 64; 100; 2; 64; 64; 4],0.04274180300126318,0.4278180376521289,tvm
64,1,60,10,640,16,1,[64; 1; 60; 10; 640; 16; 1],0.33947205799631774,0.053865152830671656,tvm
512,64,60,30,128,16,1,[512; 64; 60; 30; 128; 16; 1],0.22929905698401853,0.07974613819274777,tvm
5,1,150,30,16,16,1,[5; 1; 150; 30; 16; 16; 1],0.14933870499953628,0.1224445751405911,tvm
64,1,30,2,320,80,5,[64; 1; 30; 2; 320; 80; 5],0.151459751999937,0.12072985756454885,tvm
512,2,75,15,64,16,1,[512; 2; 75; 15; 64; 16; 1],0.10297963698394597,0.1775663113724604,tvm
128,8,10,10,256,32,2,[128; 8; 10; 10; 256; 32; 2],0.056670902005862445,0.32266495923821154,tvm
20,20,75,25,128,16,1,[20; 20; 75; 25; 128; 16; 1],0.16771575796883553,0.10902800373183828,tvm
256,1,20,5,320,32,2,[256; 1; 20; 5; 320; 32; 2],0.14660394296515733,0.12472866633648569,tvm
32,2,1500,12,256,16,1,[32; 2; 1500; 12; 256; 16; 1],0.18798685702495277,0.09727123786790637,tvm
5,5,300,5,16,16,1,[5; 5; 300; 5; 16; 16; 1],0.08881559650762938,0.2058840451985651,tvm
5,1,125,5,320,32,2,[5; 1; 125; 5; 320; 32; 2],0.18657701701158658,0.0980062527453675,tvm
160,4,25,5,1280,32,2,[160; 4; 25; 5; 1280; 32; 2],0.3914229530491866,0.046715999006365076,tvm
256,4,300,12,640,16,1,[256; 4; 300; 12; 640; 16; 1],0.25849526503589004,0.07073906859831827,tvm
5,1,750,6,640,64,4,[5; 1; 750; 6; 640; 64; 4],0.37933567096479237,0.04820457364108913,tvm
16,2,4,4,640,64,4,[16; 2; 4; 4; 640; 64; 4],0.2140343770151958,0.08543353895162391,tvm
8,2,12,3,128,32,2,[8; 2; 12; 3; 128; 32; 2],0.11151115398388356,0.16398103357765517,tvm
80,40,10,5,1280,32,2,[80; 40; 10; 5; 1280; 32; 2],0.23692305601434782,0.0771799697054681,tvm
64,16,500,25,32,16,1,[64; 16; 500; 25; 32; 16; 1],0.0887337394815404,0.20607397358158597,tvm
16,4,50,2,640,16,1,[16; 4; 50; 2; 640; 16; 1],0.2247743100160733,0.0813514421839698,tvm
1,1,500,25,80,16,1,[1; 1; 500; 25; 80; 16; 1],0.2743558580405079,0.06664962219620058,tvm
10,1,125,5,640,32,2,[10; 1; 125; 5; 640; 32; 2],0.3082940499880351,0.05931257605011824,tvm
8,1,5,5,640,16,1,[8; 1; 5; 5; 640; 16; 1],0.22154508798848838,0.08253721376419966,tvm
8,1,12,2,320,64,4,[8; 1; 12; 2; 320; 64; 4],0.08862426000996493,0.20632854123304656,tvm
20,20,6,1,640,128,8,[20; 20; 6; 1; 640; 128; 8],0.1757113760104403,0.1040667639221481,tvm
16,8,100,10,128,32,2,[16; 8; 100; 10; 128; 32; 2],0.06334113149205223,0.2886862589123262,tvm
40,10,300,3,80,80,5,[40; 10; 300; 3; 80; 80; 5],0.03614147799089551,0.5059481599042709,tvm
20,2,60,30,320,16,1,[20; 2; 60; 30; 320; 16; 1],0.27204737201100215,0.0672151844384469,tvm
32,1,5,1,640,128,8,[32; 1; 5; 1; 640; 128; 8],0.1927698470535688,0.09485775169304808,tvm
4,4,300,15,1280,16,1,[4; 4; 300; 15; 1280; 16; 1],1.3639937559491955,0.013406010259181401,tvm
20,20,75,1,160,32,2,[20; 20; 75; 1; 160; 32; 2],0.04273927399481181,0.4278433528827378,tvm
40,20,20,20,640,16,1,[40; 20; 20; 20; 640; 16; 1],0.31687428802251816,0.05770652582709659,tvm
20,10,500,5,640,32,2,[20; 10; 500; 5; 640; 32; 2],0.19817703100852668,0.09226959447650386,tvm
160,80,150,10,320,32,2,[160; 80; 150; 10; 320; 32; 2],0.1109090190147981,0.16487130125345806,tvm
4,2,10,1,32,16,1,[4; 2; 10; 1; 32; 16; 1],0.0685648224898614,0.2666923594590823,tvm
20,1,60,2,320,160,10,[20; 1; 60; 2; 320; 160; 10],0.12832362402696162,0.1424968662190552,tvm
40,4,30,5,320,80,5,[40; 4; 30; 5; 320; 80; 5],0.09111721400404349,0.20068342173963777,tvm
32,16,750,5,160,80,5,[32; 16; 750; 5; 160; 80; 5],0.05164089548634365,0.3540936715659765,tvm
5,1,4,2,80,16,1,[5; 1; 4; 2; 80; 16; 1],0.04824569300399162,0.37901236664175214,tvm
16,1,2,2,128,64,4,[16; 1; 2; 2; 128; 64; 4],0.05485112199676223,0.33336992243829877,tvm
64,16,300,2,320,64,4,[64; 16; 300; 2; 320; 64; 4],0.08006976498290896,0.22837227372426291,tvm
16,8,12,3,1280,64,4,[16; 8; 12; 3; 1280; 64; 4],0.2868997029727325,0.06373556366997075,tvm
4,1,20,2,128,64,4,[4; 1; 20; 2; 128; 64; 4],0.07429917648551054,0.24610924576371687,tvm
64,1,125,25,640,16,1,[64; 1; 125; 25; 640; 16; 1],0.5391803749953397,0.03391390921057232,tvm
8,4,15,1,320,160,10,[8; 4; 15; 1; 320; 160; 10],0.1295879110111855,0.14110663674589166,tvm
32,8,20,4,256,64,4,[32; 8; 20; 4; 256; 64; 4],0.06064316400443204,0.30152968740842573,tvm
4,1,1500,5,32,16,1,[4; 1; 1500; 5; 32; 16; 1],0.08790671249153093,0.2080127190227477,tvm
20,10,6,2,640,128,8,[20; 10; 6; 2; 640; 128; 8],0.14186183601850644,0.1288980517870137,tvm
16,8,25,1,128,32,2,[16; 8; 25; 1; 128; 32; 2],0.06684740498894826,0.27354411571754245,tvm
128,8,15,5,1280,32,2,[128; 8; 15; 5; 1280; 32; 2],0.2668621450429782,0.06852119952333205,tvm
8,8,250,10,320,32,2,[8; 8; 250; 10; 320; 32; 2],0.11584899603622034,0.157840938733705,tvm
128,1,50,10,640,16,1,[128; 1; 50; 10; 640; 16; 1],0.32988390600075945,0.055430755951071435,tvm
80,2,15,5,320,32,2,[80; 2; 15; 5; 320; 32; 2],0.1413587830029428,0.12935676084119666,tvm
8,2,20,4,256,64,4,[8; 2; 20; 4; 256; 64; 4],0.10933723498601466,0.16724141860778916,tvm
512,1,100,25,80,16,1,[512; 1; 100; 25; 80; 16; 1],0.12097517697839066,0.15115261446553283,tvm
10,1,750,10,16,16,1,[10; 1; 750; 10; 16; 16; 1],0.09107129799667746,0.20078460160281675,tvm
1,1,4,4,320,16,1,[1; 1; 4; 4; 320; 16; 1],0.4596514150034636,0.03978169910686884,tvm
20,2,500,10,640,16,1,[20; 2; 500; 10; 640; 16; 1],0.3842855529510416,0.04758366309972602,tvm
20,4,1500,6,160,32,2,[20; 4; 1500; 6; 160; 32; 2],0.04783210525056347,0.38228955614490495,tvm
20,10,300,10,80,16,1,[20; 10; 300; 10; 80; 16; 1],0.05378892700537108,0.33995313354899925,tvm
32,8,100,20,64,16,1,[32; 8; 100; 20; 64; 16; 1],0.07536750650615431,0.2426206615210379,tvm
40,2,300,30,320,16,1,[40; 2; 300; 30; 320; 16; 1],0.2765488660079427,0.06612109660644606,tvm
20,4,20,10,320,16,1,[20; 4; 20; 10; 320; 16; 1],0.13155866402667016,0.13899285479219617,tvm
5,5,750,5,320,80,5,[5; 5; 750; 5; 320; 80; 5],0.17259099503280595,0.10594825229577333,tvm
320,4,60,15,64,16,1,[320; 4; 60; 15; 64; 16; 1],0.07704317348543555,0.23734373155294633,tvm
4,1,15,5,64,32,2,[4; 1; 15; 5; 64; 32; 2],0.09137934949831106,0.20010773097101395,tvm
40,5,750,10,64,16,1,[40; 5; 750; 10; 64; 16; 1],0.0730867859965656,0.2501917964565243,tvm
512,128,60,10,16,16,1,[512; 128; 60; 10; 16; 16; 1],0.07314067651168443,0.25000745355141873,tvm
20,5,6,3,160,80,5,[20; 5; 6; 3; 160; 80; 5],0.04070525275892578,0.4492224724413393,tvm
64,4,30,2,320,80,5,[64; 4; 30; 2; 320; 80; 5],0.10159927501808852,0.17997878707755283,tvm
40,1,150,25,320,16,1,[40; 1; 150; 25; 320; 16; 1],0.25080361898289993,0.0729084945419429,tvm
80,4,300,15,1280,16,1,[80; 4; 300; 15; 1280; 16; 1],0.6868523710290901,0.026622481128393508,tvm
16,16,750,6,320,32,2,[16; 16; 750; 6; 320; 32; 2],0.0859336364956107,0.21278878715493765,tvm
10,5,750,25,80,16,1,[10; 5; 750; 25; 80; 16; 1],0.09549473400693387,0.19148400669283566,tvm
5,5,20,1,32,16,1,[5; 5; 20; 1; 32; 16; 1],0.07424745397293009,0.24628069121913707,tvm
256,8,60,12,320,32,2,[256; 8; 60; 12; 320; 32; 2],0.07161866550450213,0.25532051116708954,tvm
64,4,300,12,1280,16,1,[64; 4; 300; 12; 1280; 16; 1],0.6496446779929101,0.02814725480736386,tvm
16,4,10,2,1280,64,4,[16; 4; 10; 2; 1280; 64; 4],0.2890036609605886,0.06327156626644916,tvm
256,2,500,10,64,16,1,[256; 2; 500; 10; 64; 16; 1],0.09762964499532245,0.18729674051964829,tvm
128,8,12,3,320,64,4,[128; 8; 12; 3; 320; 64; 4],0.06485820151283406,0.2819337240194046,tvm
40,40,6,6,32,32,2,[40; 40; 6; 6; 32; 32; 2],0.03441608049615752,0.5313130961486404,tvm
128,32,100,4,1280,32,2,[128; 32; 100; 4; 1280; 32; 2],0.2328718529897742,0.0785226469019304,tvm
20,10,6,2,320,160,10,[20; 10; 6; 2; 320; 160; 10],0.07200391200603917,0.2539544557548569,tvm
1,1,75,1,320,64,4,[1; 1; 75; 1; 320; 64; 4],0.4832131830044091,0.03784191932020911,tvm
80,20,60,10,160,16,1,[80; 20; 60; 10; 160; 16; 1],0.03932721300225239,0.4649633902271948,tvm
160,16,300,25,1280,16,1,[160; 16; 300; 25; 1280; 16; 1],0.8155757400090806,0.022420620659352488,tvm
5,5,750,3,320,80,5,[5; 5; 750; 3; 320; 80; 5],0.13896122499136254,0.1315886088860463,tvm
64,4,300,10,320,16,1,[64; 4; 300; 10; 320; 16; 1],0.13008554198313504,0.14056684553065044,tvm
10,10,250,5,320,16,1,[10; 10; 250; 5; 320; 16; 1],0.12536694895243272,0.1458575361250303,tvm
320,32,750,10,1280,16,1,[320; 32; 750; 10; 1280; 16; 1],0.4177118869847618,0.04377590117846312,tvm
64,8,1,1,640,128,8,[64; 8; 1; 1; 640; 128; 8],0.21858821000205353,0.08365370797236732,tvm
64,32,6,2,64,64,4,[64; 32; 6; 2; 64; 64; 4],0.053846814000280574,0.3395876733880487,tvm
128,64,150,10,1280,32,2,[128; 64; 150; 10; 1280; 32; 2],0.5042306820396334,0.03626458075051649,tvm
128,128,250,25,128,16,1,[128; 128; 250; 25; 128; 16; 1],0.22089272795710713,0.08278096999764067,tvm
40,2,250,10,640,32,2,[40; 2; 250; 10; 640; 32; 2],0.2912412930163555,0.06278544534784565,tvm
8,2,125,1,32,16,1,[8; 2; 125; 1; 32; 16; 1],0.0637192125141155,0.2869733250652386,tvm
40,10,12,4,64,32,2,[40; 10; 12; 4; 64; 32; 2],0.04606464150128886,0.3969577031268693,tvm
16,2,75,5,320,16,1,[16; 2; 75; 5; 320; 16; 1],0.1780748360324651,0.10268556014495271,tvm
80,10,750,6,128,32,2,[80; 10; 750; 6; 128; 32; 2],0.05652626499067992,0.32349058068367414,tvm
32,2,100,10,640,16,1,[32; 2; 100; 10; 640; 16; 1],0.3346599749638699,0.0546396810305398,tvm
5,1,6,3,32,32,2,[5; 1; 6; 3; 32; 32; 2],0.05476897049811669,0.33386996540939307,tvm
20,2,15,3,16,16,1,[20; 2; 15; 3; 16; 16; 1],0.056592762004584074,0.32311047628728784,tvm
4,1,750,6,160,16,1,[4; 1; 750; 6; 160; 16; 1],0.10569762397790328,0.1730002397171863,tvm
512,256,30,30,80,16,1,[512; 256; 30; 30; 80; 16; 1],0.14021794899599627,0.13040922661218224,tvm
8,2,10,10,128,32,2,[8; 2; 10; 10; 128; 32; 2],0.11099678598111495,0.16474093483054028,tvm
64,32,375,15,16,16,1,[64; 32; 375; 15; 16; 16; 1],0.07343504749587737,0.24900527621692958,tvm
160,16,15,5,64,32,2,[160; 16; 15; 5; 64; 32; 2],0.03776339899923187,0.4842179139141111,tvm
320,40,500,20,160,16,1,[320; 40; 500; 20; 160; 16; 1],0.09484858749783598,0.19278847232312749,tvm
8,2,60,4,1280,32,2,[8; 2; 60; 4; 1280; 32; 2],0.6683589539607055,0.027359122186293546,tvm
40,4,12,4,128,64,4,[40; 4; 12; 4; 128; 64; 4],0.07511650750529952,0.24343136938873544,tvm
64,2,1500,20,128,16,1,[64; 2; 1500; 20; 128; 16; 1],0.19712206296389922,0.09276340766108519,tvm
5,5,150,1,160,160,10,[5; 5; 150; 1; 160; 160; 10],0.05700953002087772,0.32074837801711037,tvm
128,4,5,5,640,32,2,[128; 4; 5; 5; 640; 32; 2],0.15793621400371194,0.1157791099467822,tvm
20,5,250,2,256,128,8,[20; 5; 250; 2; 256; 128; 8],0.05336206400534138,0.3426725451227663,tvm
5,5,750,3,160,80,5,[5; 5; 750; 3; 160; 80; 5],0.05404851748608053,0.3383203672593523,tvm
128,16,25,5,32,32,2,[128; 16; 25; 5; 32; 32; 2],0.031235046742949635,0.5854229845147176,tvm
16,8,250,10,64,16,1,[16; 8; 250; 10; 64; 16; 1],0.06271355648641475,0.29157514435775,tvm
16,4,4,4,640,32,2,[16; 4; 4; 4; 640; 32; 2],0.17664596100803465,0.10351617541304876,tvm
16,2,10,1,256,64,4,[16; 2; 10; 1; 256; 64; 4],0.06201477849390358,0.2948605917783272,tvm
8,1,60,6,256,64,4,[8; 1; 60; 6; 256; 64; 4],0.12235010898439214,0.1494540089706577,tvm
10,2,1500,2,80,16,1,[10; 2; 1500; 2; 80; 16; 1],0.07032317400444299,0.2600240183208881,tvm
20,2,500,1,640,128,8,[20; 2; 500; 1; 640; 128; 8],0.17021774302702397,0.10742543027850643,tvm
128,128,15,5,256,32,2,[128; 128; 15; 5; 256; 32; 2],0.08687448501586914,0.2104842898622545,tvm
20,4,50,2,64,64,4,[20; 4; 50; 2; 64; 64; 4],0.04096395800297614,0.44638543678776793,tvm
64,16,6,2,128,64,4,[64; 16; 6; 2; 128; 64; 4],0.05514893101644702,0.3315696958887735,tvm
160,32,750,10,640,32,2,[160; 32; 750; 10; 640; 32; 2],0.15139803296187893,0.12077907439073872,tvm
20,20,1500,12,64,16,1,[20; 20; 1500; 12; 64; 16; 1],0.0638229355099611,0.2865069451852518,tvm
64,1,50,2,128,128,8,[64; 1; 50; 2; 128; 128; 8],0.0564796584949363,0.3237575221414219,tvm
160,16,60,12,16,16,1,[160; 16; 60; 12; 16; 16; 1],0.04719394123821985,0.3874589365913281,tvm
20,1,60,1,128,16,1,[20; 1; 60; 1; 128; 16; 1],0.08479508050368167,0.21564593343266358,tvm
40,5,500,25,320,16,1,[40; 5; 500; 25; 320; 16; 1],0.1802274170331657,0.1014591153040235,tvm
20,5,6,1,640,64,4,[20; 5; 6; 1; 640; 64; 4],0.1838049470097758,0.09948434241403606,tvm
80,40,4,2,256,64,4,[80; 40; 4; 2; 256; 64; 4],0.051186076016165316,0.357240009567043,tvm
20,1,30,3,1280,64,4,[20; 1; 30; 3; 1280; 64; 4],0.5284168620128185,0.03460471381640109,tvm
2,1,2,2,640,160,10,[2; 1; 2; 2; 640; 160; 10],0.4750986220315099,0.03848824946602671,tvm
64,16,60,2,320,64,4,[64; 16; 60; 2; 320; 64; 4],0.06860940699698403,0.2665190545447813,tvm
10,10,3,1,1280,16,1,[10; 10; 3; 1; 1280; 16; 1],0.32643186196219176,0.05601694079676631,tvm
80,40,20,20,16,16,1,[80; 40; 20; 20; 16; 16; 1],0.09435720747569576,0.19379244866296266,tvm
4,2,4,4,640,32,2,[4; 2; 4; 4; 640; 32; 2],0.24924066197127104,0.07336569459048382,tvm
4,1,60,3,160,80,5,[4; 1; 60; 3; 160; 80; 5],0.07488520402694121,0.2441832738966124,tvm
2,1,300,12,160,32,2,[2; 1; 300; 12; 160; 32; 2],0.11589694896247238,0.15777563127770716,tvm
128,1,20,5,64,64,4,[128; 1; 20; 5; 64; 64; 4],0.057007290510227904,0.3207609785003477,tvm
16,2,150,1,320,16,1,[16; 2; 150; 1; 320; 16; 1],0.12269449897576123,0.14903450797192383,tvm
128,1,60,6,64,64,4,[128; 1; 60; 6; 64; 64; 4],0.06065171302179806,0.30148718601142316,tvm
4,2,100,10,160,16,1,[4; 2; 100; 10; 160; 16; 1],0.10063517303206027,0.18170301431179375,tvm
16,4,375,3,320,80,5,[16; 4; 375; 3; 320; 80; 5],0.0988907924911473,0.1849081580304984,tvm
32,16,300,10,64,16,1,[32; 16; 300; 10; 64; 16; 1],0.057193440006813034,0.31971698648544383,tvm
40,4,30,2,64,64,4,[40; 4; 30; 2; 64; 64; 4],0.05084674750105478,0.3596240700614127,tvm
5,5,12,3,256,64,4,[5; 5; 12; 3; 256; 64; 4],0.09835512647987343,0.18591521296509259,tvm
40,10,500,2,320,64,4,[40; 10; 500; 2; 320; 64; 4],0.08266085898503661,0.2212136978763358,tvm
40,1,100,4,1280,64,4,[40; 1; 100; 4; 1280; 64; 4],0.5309515650151297,0.03443951480808466,tvm
160,5,150,15,256,16,1,[160; 5; 150; 15; 256; 16; 1],0.11586056201485917,0.15782518199220488,tvm
80,1,300,12,256,32,2,[80; 1; 300; 12; 256; 32; 2],0.14668786397669464,0.12465730831433655,tvm
20,10,375,1,128,32,2,[20; 10; 375; 1; 128; 32; 2],0.086137106991373,0.21228614385140285,tvm
20,10,10,2,1280,80,5,[20; 10; 10; 2; 1280; 80; 5],0.27694687398616225,0.06602607215789676,tvm
40,20,5,5,160,80,5,[40; 20; 5; 5; 160; 80; 5],0.05053692898945883,0.3618287587187656,tvm
1,1,50,25,320,16,1,[1; 1; 50; 25; 320; 16; 1],0.5214547989889979,0.03506672931415498,tvm
20,4,50,10,320,32,2,[20; 4; 50; 10; 320; 32; 2],0.10339602798921987,0.17685122573200554,tvm
4,1,500,20,16,16,1,[4; 1; 500; 20; 16; 16; 1],0.13220576901221648,0.13831252919095077,tvm
16,16,250,5,64,64,4,[16; 16; 250; 5; 64; 64; 4],0.037195061246166006,0.4916167274116034,tvm
16,2,15,1,256,128,8,[16; 2; 15; 1; 256; 128; 8],0.06254077900666744,0.29238066068484464,tvm
128,16,30,3,64,64,4,[128; 16; 30; 3; 64; 64; 4],0.03386439925816376,0.5399686598989679,tvm
4,2,100,2,320,160,10,[4; 2; 100; 2; 320; 160; 10],0.18383099901257083,0.09947024377789442,tvm
20,5,75,5,64,32,2,[20; 5; 75; 5; 64; 32; 2],0.05321959999855608,0.34358984821776944,tvm
2,1,3,3,1280,80,5,[2; 1; 3; 3; 1280; 80; 5],0.9519933750270866,0.019207816740525126,tvm
2,2,5,1,128,32,2,[2; 2; 5; 1; 128; 32; 2],0.11637465900275856,0.157127973069127,tvm
128,16,12,12,160,32,2,[128; 16; 12; 12; 160; 32; 2],0.03101326026080642,0.5896095454634673,tvm
40,2,100,10,1280,16,1,[40; 2; 100; 10; 1280; 16; 1],0.7919085359899327,0.02309068971311953,tvm
10,5,2,1,320,160,10,[10; 5; 2; 1; 320; 160; 10],0.10352181998314336,0.17663632931387588,tvm
32,2,1500,20,320,16,1,[32; 2; 1500; 20; 320; 16; 1],0.22776443604379892,0.08028344812443836,tvm
8,2,3,3,64,64,4,[8; 2; 3; 3; 64; 64; 4],0.04743364101159386,0.38550096293988567,tvm
80,80,750,15,640,16,1,[80; 80; 750; 15; 640; 16; 1],0.377587310038507,0.04842777762803914,tvm
16,4,15,15,256,16,1,[16; 4; 15; 15; 256; 16; 1],0.12739150202833116,0.1435395139751759,tvm
256,64,50,25,320,16,1,[256; 64; 50; 25; 320; 16; 1],0.25586146902060136,0.07146724497326311,tvm
40,10,100,1,1280,160,10,[40; 10; 100; 1; 1280; 160; 10],0.4802760729799047,0.03807334013593341,tvm
160,32,50,25,160,16,1,[160; 32; 50; 25; 160; 16; 1],0.10152244195342064,0.1801149965847347,tvm
40,8,20,10,128,16,1,[40; 8; 20; 10; 128; 16; 1],0.08119382802397013,0.22521064384741116,tvm
5,1,12,3,256,16,1,[5; 1; 12; 3; 256; 16; 1],0.15272332000313327,0.11973098990605455,tvm
320,80,300,25,1280,16,1,[320; 80; 300; 25; 1280; 16; 1],1.2253236650140025,0.014923170757095698,tvm
80,40,500,10,160,16,1,[80; 40; 500; 10; 160; 16; 1],0.059417406999273226,0.3077501225514259,tvm
8,4,300,1,640,16,1,[8; 4; 300; 1; 640; 16; 1],0.2915530609898269,0.06271830665620186,tvm
16,8,30,3,160,80,5,[16; 8; 30; 3; 160; 80; 5],0.03553297549660783,0.5146125262563486,tvm
256,128,300,12,320,32,2,[256; 128; 300; 12; 320; 32; 2],0.1336492039845325,0.13681872948401944,tvm
128,1,300,2,256,64,4,[128; 1; 300; 2; 256; 64; 4],0.06905258950428106,0.2648085237206148,tvm
160,8,25,5,640,32,2,[160; 8; 25; 5; 640; 32; 2],0.13904263300355524,0.13151156512727094,tvm
5,1,6,6,128,32,2,[5; 1; 6; 6; 128; 32; 2],0.10176166397286579,0.1796915810121784,tvm
32,16,50,25,1280,16,1,[32; 16; 50; 25; 1280; 16; 1],0.8085332550108433,0.022615908711719045,tvm
10,1,150,2,128,64,4,[10; 1; 150; 2; 128; 64; 4],0.058079367998288944,0.31484010442835736,tvm
80,8,12,3,1280,80,5,[80; 8; 12; 3; 1280; 80; 5],0.25708430097438395,0.07112730811025403,tvm
128,8,500,10,160,32,2,[128; 8; 500; 10; 160; 32; 2],0.0371981920034159,0.49157535086745924,tvm
160,8,20,5,64,32,2,[160; 8; 20; 5; 64; 32; 2],0.04265559399209451,0.4286826785040957,tvm
4,1,15,3,160,80,5,[4; 1; 15; 3; 160; 80; 5],0.07783317498979159,0.23493470860096094,tvm
512,2,100,20,32,16,1,[512; 2; 100; 20; 32; 16; 1],0.11114703601924703,0.16451823584884262,tvm
40,10,300,12,32,32,2,[40; 10; 300; 12; 32; 32; 2],0.044591698751901276,0.4100699187858285,tvm
32,1,60,6,1280,64,4,[32; 1; 60; 6; 1280; 64; 4],0.5408975990139879,0.033806240440053065,tvm
20,20,30,2,128,16,1,[20; 20; 30; 2; 128; 16; 1],0.07772319699870422,0.23526714020807893,tvm
80,8,6,3,1280,64,4,[80; 8; 6; 3; 1280; 64; 4],0.24816335696959868,0.07368418330976391,tvm
80,10,300,5,160,80,5,[80; 10; 300; 5; 160; 80; 5],0.03953121550148353,0.46256392710788413,tvm
10,10,12,1,128,64,4,[10; 10; 12; 1; 128; 64; 4],0.06297172949416563,0.29037973758380686,tvm
8,1,300,30,1280,16,1,[8; 1; 300; 30; 1280; 16; 1],1.6207572490093298,0.011282204227000206,tvm
64,4,500,4,320,32,2,[64; 4; 500; 4; 320; 32; 2],0.10335126996506006,0.17692781416131736,tvm
40,4,250,10,160,32,2,[40; 4; 250; 10; 160; 32; 2],0.04853973624994978,0.37671639152619424,tvm
1,1,60,15,64,16,1,[1; 1; 60; 15; 64; 16; 1],0.2546120659681037,0.07181794081983928,tvm
16,2,30,3,320,16,1,[16; 2; 30; 3; 320; 16; 1],0.21964751603081822,0.0832502666824999,tvm
64,32,50,5,256,64,4,[64; 32; 50; 5; 256; 64; 4],0.04147527474560775,0.4408822942794551,tvm
256,4,20,4,128,32,2,[256; 4; 20; 4; 128; 32; 2],0.08277222598553635,0.22091606294253266,tvm
5,5,30,1,1280,64,4,[5; 5; 30; 1; 1280; 64; 4],0.45736227597808465,0.039980810062678805,tvm
256,16,300,20,320,16,1,[256; 16; 300; 20; 320; 16; 1],0.13103486702311784,0.13954846294832526,tvm
512,2,500,25,64,16,1,[512; 2; 500; 25; 64; 16; 1],0.1499683139845729,0.12193051852003432,tvm
64,8,75,5,1280,64,4,[64; 8; 75; 5; 1280; 64; 4],0.3060153879923746,0.05975423133352346,tvm
10,10,500,5,128,16,1,[10; 10; 500; 5; 128; 16; 1],0.10853240004507825,0.16848161726930788,tvm
4,4,30,10,64,16,1,[4; 4; 30; 10; 64; 16; 1],0.09913257200969383,0.18445717603217426,tvm
40,5,300,1,256,128,8,[40; 5; 300; 1; 256; 128; 8],0.09514290202059783,0.19219210153749092,tvm
20,5,1500,5,640,64,4,[20; 5; 1500; 5; 640; 64; 4],0.19007163896458223,0.09620432793301492,tvm
16,4,60,5,64,64,4,[16; 4; 60; 5; 64; 64; 4],0.0523098090197891,0.3495656862137787,tvm
20,1,5,5,320,16,1,[20; 1; 5; 5; 320; 16; 1],0.1742793809971772,0.10492184549364712,tvm
16,2,500,1,64,64,4,[16; 2; 500; 1; 64; 64; 4],0.051095121016260237,0.35787593652816946,tvm
2,1,150,5,32,32,2,[2; 1; 150; 5; 32; 32; 2],0.09199290900141932,0.19877308462364382,tvm
4,4,500,2,160,32,2,[4; 4; 500; 2; 160; 32; 2],0.0681567114952486,0.2682892687243139,tvm
40,5,6,2,640,64,4,[40; 5; 6; 2; 640; 64; 4],0.14412711298791692,0.126872133262305,tvm
20,20,20,1,160,16,1,[20; 20; 20; 1; 160; 16; 1],0.05397557601099834,0.33877756639388706,tvm
32,2,125,1,256,128,8,[32; 2; 125; 1; 256; 128; 8],0.05773492401931435,0.3167184264345282,tvm
256,2,60,10,64,16,1,[256; 2; 60; 10; 64; 16; 1],0.09914820300764404,0.1844280958304863,tvm
16,2,100,1,128,16,1,[16; 2; 100; 1; 128; 16; 1],0.0833592819981277,0.2193602661563831,tvm
10,5,125,1,128,64,4,[10; 5; 125; 1; 128; 64; 4],0.06590830947970971,0.27744171304141335,tvm
256,256,25,25,160,16,1,[256; 256; 25; 25; 160; 16; 1],0.1306787829962559,0.13992871579036814,tvm
16,16,250,10,80,16,1,[16; 16; 250; 10; 80; 16; 1],0.041457891507889144,0.4410671556278892,tvm
10,5,15,1,320,160,10,[10; 5; 15; 1; 320; 160; 10],0.10746609297348186,0.17015333655264117,tvm
16,1,50,1,160,160,10,[16; 1; 50; 1; 160; 160; 10],0.06020208398695104,0.3037388919904793,tvm
16,2,500,2,640,128,8,[16; 2; 500; 2; 640; 128; 8],0.15232984395697713,0.12004026138751094,tvm
16,1,4,2,320,32,2,[16; 1; 4; 2; 320; 32; 2],0.1073983900132589,0.17026059965570078,tvm
40,10,150,30,160,16,1,[40; 10; 150; 30; 160; 16; 1],0.08866265302640386,0.20623919611641642,tvm
10,2,50,10,64,16,1,[10; 2; 50; 10; 64; 16; 1],0.10952923697186634,0.16694824862526114,tvm
80,2,30,6,160,32,2,[80; 2; 30; 6; 160; 32; 2],0.06802263951976784,0.2688180643210756,tvm
10,5,30,2,160,160,10,[10; 5; 30; 2; 160; 160; 10],0.04651042299519759,0.39315304200958073,tvm
20,1,60,6,640,32,2,[20; 1; 60; 6; 640; 32; 2],0.2730817589908838,0.06696058482003814,tvm
32,16,4,4,640,32,2,[32; 16; 4; 4; 640; 32; 2],0.1300760990125127,0.14057705008477603,tvm
256,2,15,15,32,16,1,[256; 2; 15; 15; 32; 16; 1],0.08622833350091241,0.21206155266262683,tvm
10,10,300,3,640,32,2,[10; 10; 300; 3; 640; 32; 2],0.24033340503228828,0.076084780154709,tvm
512,128,300,15,160,16,1,[512; 128; 300; 15; 160; 16; 1],0.0955829365120735,0.19130730811356206,tvm
16,2,75,5,1280,16,1,[16; 2; 75; 5; 1280; 16; 1],0.7453524710144848,0.024532976003723388,tvm
4,4,250,2,128,128,8,[4; 4; 250; 2; 128; 128; 8],0.07946676400024444,0.23010518316384496,tvm
8,2,500,1,640,160,10,[8; 2; 500; 1; 640; 160; 10],0.3742421770002693,0.04886064535078078,tvm
16,4,3,3,128,64,4,[16; 4; 3; 3; 128; 64; 4],0.046143258005031385,0.39628138706028176,tvm
256,8,20,20,128,16,1,[256; 8; 20; 20; 128; 16; 1],0.10142190899932757,0.18029353288780556,tvm
10,10,125,1,320,160,10,[10; 10; 125; 1; 320; 160; 10],0.08813079650280997,0.20748381963314338,tvm
10,2,300,4,32,32,2,[10; 2; 300; 4; 32; 32; 2],0.07566503252019174,0.2416666414679015,tvm
160,4,60,30,16,16,1,[160; 4; 60; 30; 16; 16; 1],0.09736724750837311,0.18780149129861973,tvm
320,320,12,12,80,16,1,[320; 320; 12; 12; 80; 16; 1],0.08379451200016774,0.2182209055132117,tvm
80,5,30,30,320,16,1,[80; 5; 30; 30; 320; 16; 1],0.18882994598243386,0.09683694072239654,tvm
40,1,10,10,1280,32,2,[40; 1; 10; 10; 1280; 32; 2],0.5149025809951127,0.03551295907349093,tvm
128,128,60,5,160,32,2,[128; 128; 60; 5; 160; 32; 2],0.05212249650503509,0.35082191974338506,tvm
80,80,15,3,160,80,5,[80; 80; 15; 3; 160; 80; 5],0.058129084995016456,0.3145708260723864,tvm
16,1,30,1,1280,16,1,[16; 1; 30; 1; 1280; 16; 1],0.46192174195311964,0.03958617364144358,tvm
64,2,20,4,80,80,5,[64; 2; 20; 4; 80; 80; 5],0.06365998749970458,0.2872403059425537,tvm
32,1,125,5,320,32,2,[32; 1; 125; 5; 320; 32; 2],0.15090512100141495,0.1211735835362594,tvm
10,2,60,4,320,16,1,[10; 2; 60; 4; 320; 16; 1],0.1450976729975082,0.126023484098386,tvm
64,4,15,15,640,16,1,[64; 4; 15; 15; 640; 16; 1],0.26687313901493326,0.06851837675837089,tvm
20,10,2,1,128,32,2,[20; 10; 2; 1; 128; 32; 2],0.08171293250052258,0.22377992964084778,tvm
8,2,2,2,640,16,1,[8; 2; 2; 2; 640; 16; 1],0.16353994695236906,0.11181191278629919,tvm
5,1,1500,6,1280,64,4,[5; 1; 1500; 6; 1280; 64; 4],0.8112552589736879,0.02254002557573234,tvm
4,1,12,1,1280,80,5,[4; 1; 12; 1; 1280; 80; 5],0.667151303961873,0.027408646550077485,tvm
320,64,500,20,1280,16,1,[320; 64; 500; 20; 1280; 16; 1],1.034520457033068,0.017675546347489766,tvm
20,1,500,2,1280,80,5,[20; 1; 500; 2; 1280; 80; 5],0.5979334280127659,0.030581522004024645,tvm
16,2,15,5,16,16,1,[16; 2; 15; 5; 16; 16; 1],0.0830211114953272,0.22025378793854727,tvm
5,5,4,1,128,32,2,[5; 5; 4; 1; 128; 32; 2],0.06131615600315854,0.2982201670432887,tvm
128,8,300,25,1280,16,1,[128; 8; 300; 25; 1280; 16; 1],0.6716423809994012,0.027225372911258542,tvm
2,1,25,1,1280,128,8,[2; 1; 25; 1; 1280; 128; 8],0.9851905180257745,0.018560586963785514,tvm
128,128,60,10,1280,32,2,[128; 128; 60; 10; 1280; 32; 2],0.6627138999756426,0.027592169541617223,tvm
40,20,300,5,1280,32,2,[40; 20; 300; 5; 1280; 32; 2],0.3126004160149023,0.05849548928572945,tvm
40,20,375,25,1280,16,1,[40; 20; 375; 25; 1280; 16; 1],0.9996095649548806,0.01829285645795081,tvm
8,1,12,3,128,64,4,[8; 1; 12; 3; 128; 64; 4],0.10929309000493959,0.1673089697151746,tvm
32,32,12,6,64,64,4,[32; 32; 12; 6; 64; 64; 4],0.03653438625042327,0.5005069514614452,tvm
64,1,150,5,256,64,4,[64; 1; 150; 5; 256; 64; 4],0.10638170799938962,0.17188776745170517,tvm
80,2,2,2,160,80,5,[80; 2; 2; 2; 160; 80; 5],0.0696204825071618,0.262648485434344,tvm
320,10,60,15,640,16,1,[320; 10; 60; 15; 640; 16; 1],0.22131968097528443,0.08262127527536206,tvm
80,10,500,4,1280,32,2,[80; 10; 500; 4; 1280; 32; 2],0.31302833498921245,0.05841552422512948,tvm
16,2,20,20,320,16,1,[16; 2; 20; 20; 320; 16; 1],0.22430099494522437,0.08152310822419565,tvm
4,4,150,3,1280,64,4,[4; 4; 150; 3; 1280; 64; 4],0.5848370929597877,0.0312663381065188,tvm
80,5,60,3,640,64,4,[80; 5; 60; 3; 640; 64; 4],0.15453043900197372,0.11833082468290106,tvm
2,2,10,10,160,16,1,[2; 2; 10; 10; 160; 16; 1],0.09620700700907037,0.19006634604057807,tvm
20,20,250,1,1280,128,8,[20; 20; 250; 1; 1280; 128; 8],0.30879910400835797,0.05921556781854965,tvm
20,5,250,5,80,80,5,[20; 5; 250; 5; 80; 80; 5],0.042022541994811036,0.4351406035354124,tvm
320,8,75,25,64,16,1,[320; 8; 75; 25; 64; 16; 1],0.08346228901064023,0.21908953735240982,tvm
20,2,60,5,1280,80,5,[20; 2; 60; 5; 1280; 80; 5],0.5337260909727775,0.03426048416030489,tvm
20,10,15,5,128,16,1,[20; 10; 15; 5; 128; 16; 1],0.08438857199507765,0.21668472227235797,tvm
16,8,750,6,640,64,4,[16; 8; 750; 6; 640; 64; 4],0.18165651900926605,0.10066093077992735,tvm
5,5,375,3,640,80,5,[5; 5; 375; 3; 640; 80; 5],0.30621023499406874,0.05971620865667171,tvm
20,20,3,1,1280,128,8,[20; 20; 3; 1; 1280; 128; 8],0.43005744100082666,0.042519237065541525,tvm
20,4,300,5,320,64,4,[20; 4; 300; 5; 320; 64; 4],0.09982005401980132,0.18318678010419576,tvm
8,1,30,5,320,80,5,[8; 1; 30; 5; 320; 80; 5],0.14393262198427692,0.12704357103778602,tvm
40,1,250,5,64,32,2,[40; 1; 250; 5; 64; 32; 2],0.09045924950623885,0.20214311289917508,tvm
16,1,300,5,16,16,1,[16; 1; 300; 5; 16; 16; 1],0.09667243500007316,0.18915127446309227,tvm
64,4,1500,5,32,32,2,[64; 4; 1500; 5; 32; 32; 2],0.04546568549994845,0.40218714585827636,tvm
64,4,375,3,640,64,4,[64; 4; 375; 3; 640; 64; 4],0.18125798599794507,0.10088225456682275,tvm
20,10,750,5,1280,80,5,[20; 10; 750; 5; 1280; 80; 5],0.38947532401653007,0.046949609277270175,tvm
5,1,150,3,256,32,2,[5; 1; 150; 3; 256; 32; 2],0.14243858499685302,0.12837612986760774,tvm
64,8,150,30,320,16,1,[64; 8; 150; 30; 320; 16; 1],0.17529640899738297,0.10431311394397862,tvm
80,8,10,10,16,16,1,[80; 8; 10; 10; 16; 16; 1],0.051389791507972404,0.35582386596912957,tvm
320,10,60,30,80,16,1,[320; 10; 60; 30; 80; 16; 1],0.08543655549874529,0.2140268200066051,tvm
2,2,1,1,160,80,5,[2; 2; 1; 1; 160; 80; 5],0.08149002102436498,0.22439206734585304,tvm
160,10,5,5,32,32,2,[160; 10; 5; 5; 32; 32; 2],0.033310031751170754,0.5489551742943504,tvm
160,8,1500,12,32,16,1,[160; 8; 1500; 12; 32; 16; 1],0.051893008494516835,0.35237337005902075,tvm
64,32,60,10,1280,16,1,[64; 32; 60; 10; 1280; 16; 1],0.3929020499926992,0.046540134585844155,tvm
4,1,50,5,256,64,4,[4; 1; 50; 5; 256; 64; 4],0.15669315197737888,0.11669759689532647,tvm
1,1,6,3,160,16,1,[1; 1; 6; 3; 160; 16; 1],0.15239684598054737,0.11998748509564534,tvm
80,10,100,25,256,16,1,[80; 10; 100; 25; 256; 16; 1],0.12171809800202027,0.1502300363370021,tvm
32,8,100,4,256,32,2,[32; 8; 100; 4; 256; 32; 2],0.07101573148975149,0.2574882198932663,tvm
16,1,1500,2,128,64,4,[16; 1; 1500; 2; 128; 64; 4],0.060618163988692686,0.30165404364812476,tvm
320,5,150,30,1280,16,1,[320; 5; 150; 30; 1280; 16; 1],0.8633042530273087,0.021181077495671573,tvm
160,80,60,5,640,32,2,[160; 80; 60; 5; 640; 32; 2],0.16408624197356403,0.11143965554808856,tvm
160,1,300,25,320,16,1,[160; 1; 300; 25; 320; 16; 1],0.2439774060039781,0.07494839208765149,tvm
64,64,75,15,128,16,1,[64; 64; 75; 15; 128; 16; 1],0.13793919800082222,0.13256358272871277,tvm
320,160,20,20,640,16,1,[320; 160; 20; 20; 640; 16; 1],0.5019362199818715,0.03643035421188515,tvm
80,20,500,4,640,64,4,[80; 20; 500; 4; 640; 64; 4],0.12818816798971966,0.14264744221308126,tvm
80,10,60,5,1280,80,5,[80; 10; 60; 5; 1280; 80; 5],0.3211152830044739,0.056944391168885986,tvm
40,4,1500,4,320,64,4,[40; 4; 1500; 4; 320; 64; 4],0.08783357351785526,0.20818593111206019,tvm
4,4,10,1,160,32,2,[4; 4; 10; 1; 160; 32; 2],0.0488847105007153,0.37405794364777356,tvm
2,2,150,10,32,32,2,[2; 2; 150; 10; 32; 32; 2],0.10103494400391355,0.1809840591885318,tvm
16,2,75,3,128,16,1,[16; 2; 75; 3; 128; 16; 1],0.18449760996736586,0.09911084641664834,tvm
4,1,12,6,1280,16,1,[4; 1; 12; 6; 1280; 16; 1],0.8855380899622105,0.02064926906362053,tvm
64,4,100,4,64,32,2,[64; 4; 100; 4; 64; 32; 2],0.060255066491663456,0.30347181324983175,tvm
8,2,60,3,640,64,4,[8; 2; 60; 3; 640; 64; 4],0.27668723301030695,0.06608803046952702,tvm
128,64,500,10,1280,16,1,[128; 64; 500; 10; 1280; 16; 1],0.6486570589477196,0.02819011068094778,tvm
160,10,50,10,64,32,2,[160; 10; 50; 10; 64; 32; 2],0.040222917989012785,0.45460934213448106,tvm
80,5,150,15,128,16,1,[80; 5; 150; 15; 128; 16; 1],0.1039632559986785,0.17588631781546665,tvm
10,10,250,25,1280,16,1,[10; 10; 250; 25; 1280; 16; 1],0.7638504690257832,0.023938866345183937,tvm
40,20,10,5,128,64,4,[40; 20; 10; 5; 128; 64; 4],0.04543363174889237,0.40247089175652523,tvm
80,16,1500,2,1280,64,4,[80; 16; 1500; 2; 1280; 64; 4],0.3042604220099747,0.06009889214284603,tvm
20,2,300,5,320,16,1,[20; 2; 300; 5; 320; 16; 1],0.20519195002270862,0.08911516403879687,tvm
128,64,150,5,320,64,4,[128; 64; 150; 5; 320; 64; 4],0.0592475424928125,0.30863245151362323,tvm
40,8,6,2,160,80,5,[40; 8; 6; 2; 160; 80; 5],0.04123079925193451,0.44349647878476034,tvm
20,2,15,3,640,64,4,[20; 2; 15; 3; 640; 64; 4],0.2668707699631341,0.06851898500626465,tvm
8,4,10,10,64,16,1,[8; 4; 10; 10; 64; 16; 1],0.07188563799718395,0.25437228902984227,tvm
10,10,100,25,1280,16,1,[10; 10; 100; 25; 1280; 16; 1],0.7498571810428984,0.024385596014807227,tvm
64,32,750,30,320,16,1,[64; 32; 750; 30; 320; 16; 1],0.2505097660468891,0.07299401765554984,tvm
10,5,20,2,160,16,1,[10; 5; 20; 2; 160; 16; 1],0.06188454947550781,0.29548109246478826,tvm
64,64,300,25,640,16,1,[64; 64; 300; 25; 640; 16; 1],0.5386346069863066,0.033948272258301354,tvm
2,2,75,1,640,80,5,[2; 2; 75; 1; 640; 80; 5],0.4735040109953843,0.038617865659204595,tvm
4,4,1500,4,320,16,1,[4; 4; 1500; 4; 320; 16; 1],0.2417713970062323,0.07563224811594618,tvm
256,4,150,10,640,32,2,[256; 4; 150; 10; 640; 32; 2],0.1853352920152247,0.09866288329052933,tvm
512,8,60,20,64,16,1,[512; 8; 60; 20; 64; 16; 1],0.07186910501332022,0.25443080559198855,tvm
160,16,250,10,640,32,2,[160; 16; 250; 10; 640; 32; 2],0.12492079701041803,0.146378463180869,tvm
20,1,50,2,640,160,10,[20; 1; 50; 2; 640; 160; 10],0.263216020015534,0.06947036994418171,tvm
80,80,30,5,256,64,4,[80; 80; 30; 5; 256; 64; 4],0.060825649998150766,0.3006250535139405,tvm
4,1,150,3,320,80,5,[4; 1; 150; 3; 320; 80; 5],0.1776978790294379,0.10290339077533406,tvm
10,10,750,15,160,16,1,[10; 10; 750; 15; 160; 16; 1],0.07217864147969522,0.2533396848548098,tvm
32,8,125,1,128,128,8,[32; 8; 125; 1; 128; 128; 8],0.05674009650829248,0.32227146957781183,tvm
320,16,500,10,16,16,1,[320; 16; 500; 10; 16; 16; 1],0.040136215757229365,0.45559138899188945,tvm
2,2,125,1,256,64,4,[2; 2; 125; 1; 256; 64; 4],0.18050369597040117,0.10130382199327798,tvm
20,5,1500,1,128,16,1,[20; 5; 1500; 1; 128; 16; 1],0.10667431598994881,0.17141627875483378,tvm
160,160,60,10,64,32,2,[160; 160; 60; 10; 64; 32; 2],0.07675193101749755,0.23824435481037726,tvm
32,8,30,5,160,32,2,[32; 8; 30; 5; 160; 32; 2],0.03909178949834313,0.46776355138434655,tvm
4,1,60,1,64,16,1,[4; 1; 60; 1; 64; 16; 1],0.08860754399211146,0.20636746558895963,tvm
20,4,4,1,160,80,5,[20; 4; 4; 1; 160; 80; 5],0.05989148249500431,0.30531410350778243,tvm
16,2,20,2,128,64,4,[16; 2; 20; 2; 128; 64; 4],0.058289409993449226,0.3137055991434688,tvm
8,8,4,1,80,16,1,[8; 8; 4; 1; 80; 16; 1],0.04537297949718777,0.4030088940235375,tvm
10,2,12,4,32,32,2,[10; 2; 12; 4; 32; 32; 2],0.07642334399861284,0.23926870153766358,tvm
16,16,375,3,640,16,1,[16; 16; 375; 3; 640; 16; 1],0.24955081200459972,0.07327451326977548,tvm
20,10,60,4,1280,32,2,[20; 10; 60; 4; 1280; 32; 2],0.32818482600850984,0.05571773231599726,tvm
64,2,60,2,64,64,4,[64; 2; 60; 2; 64; 64; 4],0.055111082998337224,0.3317974042764863,tvm
16,16,300,6,256,32,2,[16; 16; 300; 6; 256; 32; 2],0.0665740380063653,0.274667345309082,tvm
64,16,4,1,128,128,8,[64; 16; 4; 1; 128; 128; 8],0.09163841250119731,0.1995420237716948,tvm
20,10,30,6,256,16,1,[20; 10; 30; 6; 256; 16; 1],0.08163864599191584,0.2239835566053485,tvm
8,2,10,1,1280,160,10,[8; 2; 10; 1; 1280; 160; 10],0.6271846230374649,0.029155233744660843,tvm
4,4,300,3,160,16,1,[4; 4; 300; 3; 160; 16; 1],0.08853916698717512,0.2065268390018055,tvm
16,1,6,1,256,64,4,[16; 1; 6; 1; 256; 64; 4],0.0731541640125215,0.24996135944611977,tvm
16,16,100,2,640,16,1,[16; 16; 100; 2; 640; 16; 1],0.24854556302307174,0.07357087394079483,tvm
40,5,1500,6,32,32,2,[40; 5; 1500; 6; 32; 32; 2],0.04174479574430734,0.43803578289655126,tvm
16,16,60,1,32,16,1,[16; 16; 60; 1; 32; 16; 1],0.058006189501611516,0.31523729524081695,tvm
128,8,30,3,256,64,4,[128; 8; 30; 3; 256; 64; 4],0.054985807510092854,0.33255334628590977,tvm
256,128,20,5,128,32,2,[256; 128; 20; 5; 128; 32; 2],0.08581627448438667,0.21307979629249896,tvm
128,1,100,25,640,16,1,[128; 1; 100; 25; 640; 16; 1],0.5347114930045791,0.03419734665317488,tvm
128,16,1500,25,320,16,1,[128; 16; 1500; 25; 320; 16; 1],0.17274557199561968,0.10585344720834847,tvm
16,2,75,5,64,16,1,[16; 2; 75; 5; 64; 16; 1],0.11108868400333449,0.16460465302807453,tvm
80,10,375,5,128,64,4,[80; 10; 375; 5; 128; 64; 4],0.05607783698360436,0.3260773822474739,tvm
256,64,300,25,64,16,1,[256; 64; 300; 25; 64; 16; 1],0.1561027319985442,0.117138976695711,tvm
32,16,750,15,1280,16,1,[32; 16; 750; 15; 1280; 16; 1],0.5218585170223378,0.035039601135668695,tvm
64,1,30,6,320,64,4,[64; 1; 30; 6; 320; 64; 4],0.12910547497449443,0.141633918231018,tvm
64,4,300,30,256,16,1,[64; 4; 300; 30; 256; 16; 1],0.22417821001727134,0.081567759347822,tvm
16,16,300,2,320,16,1,[16; 16; 300; 2; 320; 16; 1],0.1253714789636433,0.1458522658970705,tvm
20,2,750,6,80,16,1,[20; 2; 750; 6; 80; 16; 1],0.08707873048842885,0.2099905933762335,tvm
20,5,150,30,80,16,1,[20; 5; 150; 30; 80; 16; 1],0.09502036598860286,0.19243994795713112,tvm
32,8,300,5,256,64,4,[32; 8; 300; 5; 256; 64; 4],0.0639135924866423,0.28610055505072624,tvm
8,2,375,5,640,32,2,[8; 2; 375; 5; 640; 32; 2],0.3303397360141389,0.05535426802221467,tvm
80,5,500,25,256,16,1,[80; 5; 500; 25; 256; 16; 1],0.16143950703553855,0.11326666329381788,tvm
40,5,12,2,640,128,8,[40; 5; 12; 2; 640; 128; 8],0.1423299599555321,0.12847410546189475,tvm
4,1,375,1,640,80,5,[4; 1; 375; 1; 640; 80; 5],0.3759080800227821,0.04864411077465021,tvm
32,32,10,5,320,64,4,[32; 32; 10; 5; 320; 64; 4],0.07010291799088009,0.2608409865063411,tvm
160,16,20,20,32,16,1,[160; 16; 20; 20; 32; 16; 1],0.06291482999222353,0.29064235392473375,tvm
80,10,1500,30,128,16,1,[80; 10; 1500; 30; 128; 16; 1],0.16253461496671662,0.11250350757257944,tvm
20,1,250,25,160,16,1,[20; 1; 250; 25; 160; 16; 1],0.12392588297370821,0.14755363324378118,tvm
16,16,1500,6,32,16,1,[16; 16; 1500; 6; 32; 16; 1],0.05077747648465447,0.3601146719301901,tvm
40,10,250,25,128,16,1,[40; 10; 250; 25; 128; 16; 1],0.1190525860292837,0.15359359166894954,tvm
5,1,500,4,128,64,4,[5; 1; 500; 4; 128; 64; 4],0.12138911103829741,0.15063718754761515,tvm
8,2,300,30,160,16,1,[8; 2; 300; 30; 160; 16; 1],0.13690548698650673,0.13356451000036623,tvm
160,2,100,10,128,16,1,[160; 2; 100; 10; 128; 16; 1],0.1315195219940506,0.13903422099223764,tvm
80,16,1500,4,128,32,2,[80; 16; 1500; 4; 128; 32; 2],0.061502150987507775,0.2973182887445425,tvm
10,1,750,2,1280,80,5,[10; 1; 750; 2; 1280; 80; 5],0.6297902269870974,0.02903461105325934,tvm
160,160,1500,12,64,32,2,[160; 160; 1500; 12; 64; 32; 2],0.08160703600151464,0.22407031527740942,tvm
2,2,15,3,16,16,1,[2; 2; 15; 3; 16; 16; 1],0.1395399869652465,0.13104282638544665,tvm
10,10,15,5,1280,64,4,[10; 10; 15; 5; 1280; 64; 4],0.356949477980379,0.05122773785571813,tvm
1,1,375,15,160,16,1,[1; 1; 375; 15; 160; 16; 1],0.30930458597140387,0.05911879459622644,tvm
16,1,250,1,32,16,1,[16; 1; 250; 1; 32; 16; 1],0.06307163447490893,0.28991977832742993,tvm
320,8,25,25,160,16,1,[320; 8; 25; 25; 160; 16; 1],0.06647103899740614,0.27509295117875077,tvm
