i1,i2,i3,j1,j2,j3,k1,ku,nvr,X,time,peak,backend
60,10,1,1280,320,32,1280,64,2,[60; 10; 1; 1280; 320; 32; 1280; 64; 2],0.0560453390062321,0.08156661468173546,tvm
125,1,1,32,32,16,1,1,1,[125; 1; 1; 32; 32; 16; 1; 1; 1],0.03649980924092233,0.12524527296168012,tvm
1500,60,30,1280,64,16,320,10,1,[1500; 60; 30; 1280; 64; 16; 320; 10; 1],0.10293553798692301,0.04441059580423361,tvm
30,10,5,640,64,64,640,64,4,[30; 10; 5; 640; 64; 64; 640; 64; 4],0.011375608311936958,0.4018623396721174,tvm
500,100,4,160,160,80,1280,32,5,[500; 100; 4; 160; 160; 80; 1280; 32; 5],0.016353184255422093,0.2795436350515564,tvm
300,30,10,1280,256,32,40,2,2,[300; 30; 10; 1280; 256; 32; 40; 2; 2],0.1132885700208135,0.040352072328114864,tvm
300,2,1,320,80,16,40,40,1,[300; 2; 1; 320; 80; 16; 40; 40; 1],0.10504570201737806,0.04351847323246319,tvm
100,2,2,1280,64,64,160,1,4,[100; 2; 2; 1280; 64; 64; 160; 1; 4],0.07455312201636843,0.061317734895460135,tvm
375,15,3,640,32,16,1280,20,1,[375; 15; 3; 640; 32; 16; 1280; 20; 1],0.018504792999010533,0.24704024366406097,tvm
1500,125,1,320,160,80,1280,16,5,[1500; 125; 1; 320; 160; 80; 1280; 16; 5],0.1052252349909395,0.04344422297391114,tvm
20,10,1,640,640,80,256,2,5,[20; 10; 1; 640; 640; 80; 256; 2; 5],0.02831073924608063,0.16147330282311315,tvm
300,300,3,1280,160,32,160,10,2,[300; 300; 3; 1280; 160; 32; 160; 10; 2],0.024559907498769462,0.18613378619840554,tvm
750,250,5,1280,16,16,40,20,1,[750; 250; 5; 1280; 16; 16; 40; 20; 1],0.044926850008778274,0.10175270624438078,tvm
300,20,2,1280,320,16,64,1,1,[300; 20; 2; 1280; 320; 16; 64; 1; 1],0.03436460749071557,0.1330272307828237,tvm
75,75,3,128,32,16,1280,32,1,[75; 75; 3; 128; 32; 16; 1280; 32; 1],0.016832797999086324,0.27157865089789035,tvm
150,30,30,1280,32,16,10,1,1,[150; 30; 30; 1280; 32; 16; 10; 1; 1],0.034570792005979456,0.13223383978700531,tvm
100,1,1,1280,160,80,1280,8,5,[100; 1; 1; 1280; 160; 80; 1280; 8; 5],0.05327000899706036,0.08581617794884999,tvm
50,2,1,1280,128,64,2,2,4,[50; 2; 1; 1280; 128; 64; 2; 2; 4],0.027572723498451523,0.1657953220212469,tvm
1500,4,1,160,80,16,640,8,1,[1500; 4; 1; 160; 80; 16; 640; 8; 1],0.10016875597648323,0.04563727009349915,tvm
1500,75,5,320,80,16,128,64,1,[1500; 75; 5; 320; 80; 16; 128; 64; 1],0.019362662875209935,0.23609503511427568,tvm
500,500,10,256,128,16,640,1,1,[500; 500; 10; 256; 128; 16; 640; 1; 1],0.01887221624929225,0.24223061621604777,tvm
250,250,2,1280,1280,32,256,8,2,[250; 250; 2; 1280; 1280; 32; 256; 8; 2],0.026198723251582123,0.17449050961491058,tvm
150,150,2,640,64,32,40,8,2,[150; 150; 2; 640; 64; 32; 40; 8; 2],0.027142603503307328,0.16842262647617953,tvm
1500,20,2,64,64,32,128,4,2,[1500; 20; 2; 64; 64; 32; 128; 4; 2],0.023426981628290378,0.1951351925724876,tvm
300,12,2,128,64,32,128,16,2,[300; 12; 2; 128; 64; 32; 128; 16; 2],0.014282393873145338,0.3200743945329824,tvm
60,60,30,256,64,16,640,8,1,[60; 60; 30; 256; 64; 16; 640; 8; 1],0.025564082752680406,0.17882231941019888,tvm
375,5,5,320,320,32,256,16,2,[375; 5; 5; 320; 320; 32; 256; 16; 2],0.01384656313166488,0.3301489711172041,tvm
500,50,10,1280,160,16,40,40,1,[500; 50; 10; 1280; 160; 16; 40; 40; 1],0.06258006850839593,0.07304927400031938,tvm
1500,500,10,1280,640,16,640,20,1,[1500; 500; 10; 1280; 640; 16; 640; 20; 1],0.11002637696219608,0.04154847862525971,tvm
300,4,2,1280,16,16,80,8,1,[300; 4; 2; 1280; 16; 16; 80; 8; 1],0.03500238475680817,0.13060334612027832,tvm
20,4,2,640,320,16,80,40,1,[20; 4; 2; 640; 320; 16; 80; 40; 1],0.021685632622393314,0.21080448290486858,tvm
100,100,10,320,320,16,1280,1,1,[100; 100; 10; 320; 320; 16; 1280; 1; 1],0.027253002001089044,0.16774036751055518,tvm
100,2,2,640,32,16,320,16,1,[100; 2; 2; 640; 32; 16; 320; 16; 1],0.028410326747689396,0.16090728600298004,tvm
150,30,10,64,32,32,128,1,2,[150; 30; 10; 64; 32; 32; 128; 1; 2],0.015531690121861175,0.2943291126439737,tvm
300,150,5,320,80,16,1280,40,1,[300; 150; 5; 320; 80; 16; 1280; 40; 1],0.03327143524074927,0.13739799736170394,tvm
4,1,1,640,128,128,640,32,8,[4; 1; 1; 640; 128; 128; 640; 32; 8],0.09251967899035662,0.04941033757699326,tvm
50,25,1,256,32,32,320,2,2,[50; 25; 1; 256; 32; 32; 320; 2; 2],0.01954271487920778,0.23391983149139042,tvm
250,50,5,640,160,16,20,20,1,[250; 50; 5; 640; 160; 16; 20; 20; 1],0.01228686287504388,0.3720582395945593,tvm
30,3,3,32,32,32,4,2,2,[30; 3; 3; 32; 32; 32; 4; 2; 2],0.02784783550305292,0.16415741075917417,tvm
150,10,1,128,32,16,40,40,1,[150; 10; 1; 128; 32; 16; 40; 40; 1],0.053272782010026276,0.08581171095153618,tvm
10,5,5,1280,640,64,640,10,4,[10; 5; 5; 1280; 640; 64; 640; 10; 4],0.01457554024818819,0.31363699002490303,tvm
500,100,4,640,160,80,160,8,5,[500; 100; 4; 640; 160; 80; 160; 8; 5],0.02081080987409223,0.2196660581248993,tvm
375,25,5,160,32,16,1280,10,1,[375; 25; 5; 160; 32; 16; 1280; 10; 1],0.015153323627600912,0.30167827756954757,tvm
300,75,15,256,64,16,160,2,1,[300; 75; 15; 256; 64; 16; 160; 2; 1],0.04329951576073654,0.10557689828886922,tvm
12,12,6,1280,256,16,256,16,1,[12; 12; 6; 1280; 256; 16; 256; 16; 1],0.01140554674930172,0.40080749059298254,tvm
30,15,3,1280,256,32,1280,32,2,[30; 15; 3; 1280; 256; 32; 1280; 32; 2],0.03633534150139894,0.12581218126854726,tvm
1500,3,1,1280,1280,128,1280,64,8,[1500; 3; 1; 1280; 1280; 128; 1280; 64; 8],0.453425197978504,0.010081990572666176,tvm
1500,300,2,64,64,64,640,20,4,[1500; 300; 2; 64; 64; 64; 640; 20; 4],0.010240175812214147,0.4464209067559095,tvm
300,150,30,1280,80,16,256,2,1,[300; 150; 30; 1280; 80; 16; 256; 2; 1],0.027793029003078118,0.16448112118050462,tvm
150,2,1,1280,128,128,1280,16,8,[150; 2; 1; 1280; 128; 128; 1280; 16; 8],0.13949089898960665,0.03277223535400102,tvm
1500,375,1,640,64,32,640,40,2,[1500; 375; 1; 640; 64; 32; 640; 40; 2],0.07361638252041303,0.06209797894050233,tvm
20,20,1,1280,640,160,32,4,10,[20; 20; 1; 1280; 640; 160; 32; 4; 10],0.020192881747789215,0.22638812174141848,tvm
25,25,25,1280,640,16,32,4,1,[25; 25; 25; 1280; 640; 16; 32; 4; 1],0.01878635325556388,0.24333773081130952,tvm
250,2,2,640,160,80,80,1,5,[250; 2; 2; 640; 160; 80; 80; 1; 5],0.06969244449282996,0.06559432094391358,tvm
150,150,1,160,32,16,40,4,1,[150; 150; 1; 160; 32; 16; 40; 4; 1],0.04560936850612052,0.10023003433636912,tvm
1500,500,10,16,16,16,10,2,1,[1500; 500; 10; 16; 16; 16; 10; 2; 1],0.03600996625027619,0.12694898239160413,tvm
20,10,1,80,80,16,128,64,1,[20; 10; 1; 80; 80; 16; 128; 64; 1],0.032542005501454696,0.14047777636889094,tvm
100,10,1,320,160,160,256,2,10,[100; 10; 1; 320; 160; 160; 256; 2; 10],0.023955988501256797,0.1908261298083668,tvm
300,150,6,320,160,32,16,4,2,[300; 150; 6; 320; 160; 32; 16; 4; 2],0.011585686188482214,0.394575556169751,tvm
60,3,3,640,320,16,160,4,1,[60; 3; 3; 640; 320; 16; 160; 4; 1],0.020977686377591453,0.2179186250163322,tvm
50,10,1,640,320,80,640,1,5,[50; 10; 1; 640; 320; 80; 640; 1; 5],0.06923101501888596,0.06603151160186664,tvm
75,25,1,640,32,32,80,10,2,[75; 25; 1; 640; 32; 32; 80; 10; 2],0.054671569989295676,0.08361619343149697,tvm
1500,10,10,80,16,16,128,8,1,[1500; 10; 10; 80; 16; 16; 128; 8; 1],0.034852207245421596,0.13116611350430618,tvm
250,2,1,128,32,16,80,10,1,[250; 2; 1; 128; 32; 16; 80; 10; 1],0.1115460759610869,0.04098242391801685,tvm
12,3,1,256,256,16,160,16,1,[12; 3; 1; 256; 256; 16; 160; 16; 1],0.03779791000124533,0.12094395090305143,tvm
150,6,2,1280,1280,64,32,2,4,[150; 6; 2; 1280; 1280; 64; 32; 2; 4],0.030861264254781418,0.14812836355919243,tvm
75,5,1,160,80,16,20,2,1,[75; 5; 1; 160; 80; 16; 20; 2; 1],0.038977427495410666,0.11728399910350233,tvm
300,12,6,640,640,64,256,16,4,[300; 12; 6; 640; 640; 64; 256; 16; 4],0.015950215121847577,0.2866060762507788,tvm
60,1,1,1280,640,16,4,4,1,[60; 1; 1; 1280; 640; 16; 4; 4; 1],0.09790675601107068,0.04669165599676965,tvm
300,30,1,160,160,16,160,10,1,[300; 30; 1; 160; 160; 16; 160; 10; 1],0.06537592699169181,0.06992525814600722,tvm
250,25,1,1280,256,16,40,2,1,[250; 25; 1; 1280; 256; 16; 40; 2; 1],0.05329679400892928,0.08577304988856703,tvm
1500,150,2,1280,320,80,160,10,5,[1500; 150; 2; 1280; 320; 80; 160; 10; 5],0.0713559029973112,0.06406517722298084,tvm
10,2,1,1280,80,16,320,8,1,[10; 2; 1; 1280; 80; 16; 320; 8; 1],0.04381191324500833,0.1043421351143439,tvm
10,10,2,64,32,32,64,32,2,[10; 10; 2; 64; 32; 32; 64; 32; 2],0.012957079750776757,0.35281318471120177,tvm
750,150,6,1280,160,32,640,32,2,[750; 150; 6; 1280; 160; 32; 640; 32; 2],0.02403059087373549,0.19023371482825113,tvm
20,10,5,640,640,16,16,8,1,[20; 10; 5; 640; 640; 16; 16; 8; 1],0.02270061737362994,0.2013790416439929,tvm
750,2,1,64,64,16,320,40,1,[750; 2; 1; 64; 64; 16; 320; 40; 1],0.03965978874475695,0.11526608477038137,tvm
1500,300,25,1280,128,16,80,5,1,[1500; 300; 25; 1280; 128; 16; 80; 5; 1],0.10452272597467527,0.04373621649071973,tvm
20,4,1,1280,256,64,1280,20,4,[20; 4; 1; 1280; 256; 64; 1280; 20; 4],0.04653203549969476,0.0982426090399282,tvm
150,3,3,640,64,64,160,2,4,[150; 3; 3; 640; 64; 64; 160; 2; 4],0.019675252624438144,0.2323440851656722,tvm
60,30,5,256,64,64,640,4,4,[60; 30; 5; 256; 64; 64; 640; 4; 4],0.011549501625268022,0.39581176052022815,tvm
50,2,1,1280,1280,80,256,64,5,[50; 2; 1; 1280; 1280; 80; 256; 64; 5],0.048593066254397854,0.09407573803834288,tvm
125,5,1,320,320,16,1280,2,1,[125; 5; 1; 320; 320; 16; 1280; 2; 1],0.11061032401630655,0.04132913100186413,tvm
500,25,1,160,16,16,160,40,1,[500; 25; 1; 160; 16; 16; 160; 40; 1],0.09508108801674098,0.04807926230948975,tvm
150,75,5,128,64,64,20,1,4,[150; 75; 5; 128; 64; 64; 20; 1; 4],0.02534703875426203,0.18035355592218438,tvm
12,6,3,64,32,32,20,4,2,[12; 6; 3; 64; 32; 32; 20; 4; 2],0.03377002649358474,0.1353694102756183,tvm
1500,150,3,640,320,64,640,32,4,[1500; 150; 3; 640; 320; 64; 640; 32; 4],0.03688493525260128,0.12393755174359905,tvm
20,4,4,320,64,64,4,4,4,[20; 4; 4; 320; 64; 64; 4; 4; 4],0.026796070495038293,0.17060070700571722,tvm
1500,1500,5,1280,256,32,80,16,2,[1500; 1500; 5; 1280; 256; 32; 80; 16; 2],0.059494780987733975,0.07683747205273454,tvm
750,6,1,1280,640,16,256,32,1,[750; 6; 1; 1280; 640; 16; 256; 32; 1],0.1471329500200227,0.03107005311051308,tvm
60,30,5,128,128,64,128,1,4,[60; 30; 5; 128; 128; 64; 128; 1; 4],0.014940099623345304,0.3059838077843394,tvm
1500,12,1,160,160,160,64,16,10,[1500; 12; 1; 160; 160; 160; 64; 16; 10],0.03480165801011026,0.13135663163233552,tvm
75,1,1,80,80,80,1280,20,5,[75; 1; 1; 80; 80; 80; 1280; 20; 5],0.03589350575930439,0.1273608825530662,tvm
25,25,5,1280,80,80,320,1,5,[25; 25; 5; 1280; 80; 80; 320; 1; 5],0.032219417742453516,0.14188427016187463,tvm
60,15,1,1280,160,16,128,4,1,[60; 15; 1; 1280; 160; 16; 128; 4; 1],0.04164960475463886,0.10975923057035528,tvm
75,25,1,64,64,64,320,8,4,[75; 25; 1; 64; 64; 64; 320; 8; 4],0.03087920675170608,0.14804229293150478,tvm
750,250,2,1280,64,16,64,64,1,[750; 250; 2; 1280; 64; 16; 64; 64; 1],0.0760191174922511,0.0601352491614304,tvm
15,15,1,32,16,16,256,2,1,[15; 15; 1; 32; 16; 16; 256; 2; 1],0.03501844574930146,0.1305434457073173,tvm
1500,100,5,1280,1280,16,128,64,1,[1500; 100; 5; 1280; 1280; 16; 128; 64; 1],0.08525353099685162,0.053621574590234776,tvm
750,15,15,160,80,16,320,16,1,[750; 15; 15; 160; 80; 16; 320; 16; 1],0.013026145752519369,0.35094253191082386,tvm
100,5,1,320,320,160,160,20,10,[100; 5; 1; 320; 320; 160; 160; 20; 10],0.023296841500268783,0.19622525102279764,tvm
750,10,1,1280,128,64,160,8,4,[750; 10; 1; 1280; 128; 64; 160; 8; 4],0.06907822299399413,0.066177564698299,tvm
500,25,5,1280,640,16,640,2,1,[500; 25; 5; 1280; 640; 16; 640; 2; 1],0.03632106400618795,0.12586163694570582,tvm
6,2,2,160,160,80,1280,4,5,[6; 2; 2; 160; 160; 80; 1280; 4; 5],0.06664921500487253,0.06858938355229492,tvm
15,15,1,320,160,32,10,5,2,[15; 15; 1; 320; 160; 32; 10; 5; 2],0.011401628060411895,0.4009452463461104,tvm
1500,20,5,128,128,64,16,2,4,[1500; 20; 5; 128; 128; 64; 16; 2; 4],0.04565053524856921,0.10013964888991855,tvm
750,375,3,32,32,16,160,16,1,[750; 375; 3; 32; 32; 16; 160; 16; 1],0.012177993623481598,0.3753843788039063,tvm
1500,1500,25,320,16,16,320,1,1,[1500; 1500; 25; 320; 16; 16; 320; 1; 1],0.03115742400404997,0.1467203633661871,tvm
300,300,10,1280,1280,32,1280,5,2,[300; 300; 10; 1280; 1280; 32; 1280; 5; 2],0.045564272251795046,0.10032923484800037,tvm
4,2,2,1280,128,16,32,2,1,[4; 2; 2; 1280; 128; 16; 32; 2; 1],0.05881188451894559,0.07772967332743669,tvm
150,150,3,640,640,80,1,1,5,[150; 150; 3; 640; 640; 80; 1; 1; 5],0.06414401551592164,0.07126820069900154,tvm
20,10,10,1280,32,32,320,5,2,[20; 10; 10; 1280; 32; 32; 320; 5; 2],0.025519797243759967,0.17913263682164893,tvm
30,10,10,64,64,16,320,20,1,[30; 10; 10; 64; 64; 16; 320; 20; 1],0.013571612245868891,0.3368375465354224,tvm
500,1,1,640,640,64,640,16,4,[500; 1; 1; 640; 640; 64; 640; 16; 4],0.12069238297408447,0.037876694939482355,tvm
750,75,5,640,32,16,1280,64,1,[750; 75; 5; 640; 32; 16; 1280; 64; 1],0.05572707499959506,0.08203245139749017,tvm
500,50,2,1280,1280,64,8,2,4,[500; 50; 2; 1280; 1280; 64; 8; 2; 4],0.033768535751733,0.13537538627785975,tvm
1500,30,10,256,128,16,10,10,1,[1500; 30; 10; 256; 128; 16; 10; 10; 1],0.01742051387554966,0.2624164019549815,tvm
3,1,1,128,64,16,256,32,1,[3; 1; 1; 128; 64; 16; 256; 32; 1],0.06856294098543003,0.06667491950790184,tvm
4,4,1,640,160,160,1280,8,10,[4; 4; 1; 640; 160; 160; 1280; 8; 10],0.08408656399114989,0.05436574352009097,tvm
300,6,1,256,128,64,64,4,4,[300; 6; 1; 256; 128; 64; 64; 4; 4],0.02784277274622582,0.16418726012294318,tvm
375,5,1,160,80,80,80,10,5,[375; 5; 1; 160; 80; 80; 80; 10; 5],0.025335936501505785,0.1804325871734356,tvm
150,30,5,640,320,80,32,2,5,[150; 30; 5; 640; 320; 80; 32; 2; 5],0.03725201824272517,0.1227162657776619,tvm
100,100,2,640,160,80,8,2,5,[100; 100; 2; 640; 160; 80; 8; 2; 5],0.016986685375741217,0.2691183400592711,tvm
500,1,1,256,16,16,10,5,1,[500; 1; 1; 256; 16; 16; 10; 5; 1],0.1009227879694663,0.04529629693555073,tvm
1500,10,2,640,80,16,320,1,1,[1500; 10; 2; 640; 80; 16; 320; 1; 1],0.09044222149532288,0.05054529284936879,tvm
60,12,4,1280,320,32,64,8,2,[60; 12; 4; 1280; 320; 32; 64; 8; 2],0.01628988174343249,0.2806299421585189,tvm
750,15,5,256,256,16,40,20,1,[750; 15; 5; 256; 256; 16; 40; 20; 1],0.034690459244302474,0.1317776896303089,tvm
300,60,1,256,256,16,1280,16,1,[300; 60; 1; 256; 256; 16; 1280; 16; 1],0.1210085769998841,0.03777772356940409,tvm
300,150,2,640,640,32,640,64,2,[300; 150; 2; 640; 640; 32; 640; 64; 2],0.03687443400849588,0.12397284715950659,tvm
1500,150,5,1280,32,16,1280,10,1,[1500; 150; 5; 1280; 32; 16; 1280; 10; 1],0.12899775803089142,0.03543804668553883,tvm
20,10,2,80,80,16,40,20,1,[20; 10; 2; 80; 80; 16; 40; 20; 1],0.018330017999687698,0.24939574917528498,tvm
750,750,5,320,160,32,320,1,2,[750; 750; 5; 320; 160; 32; 320; 1; 2],0.012976197504031006,0.35229338718129677,tvm
300,300,10,320,160,32,20,2,2,[300; 300; 10; 320; 160; 32; 20; 2; 2],0.05467760100145824,0.0836069704540741,tvm
300,100,5,1280,160,32,640,8,2,[300; 100; 5; 1280; 160; 32; 640; 8; 2],0.02464178499940317,0.18551531764193596,tvm
60,30,15,1280,1280,16,20,5,1,[60; 30; 15; 1280; 1280; 16; 20; 5; 1],0.03751513124734629,0.12185559318153635,tvm
15,15,5,32,32,16,80,1,1,[15; 15; 5; 32; 32; 16; 80; 1; 1],0.042043423251016065,0.10873112172943943,tvm
300,100,4,128,64,32,4,4,2,[300; 100; 4; 128; 64; 32; 4; 4; 2],0.011476403564302018,0.39833285278048697,tvm
500,250,5,320,320,32,8,2,2,[500; 250; 5; 320; 320; 32; 8; 2; 2],0.0370111484953668,0.12351490719075744,tvm
375,3,3,640,32,32,320,2,2,[375; 3; 3; 640; 32; 32; 320; 2; 2],0.02830652450211346,0.16149734564154117,tvm
10,2,1,1280,320,64,640,16,4,[10; 2; 1; 1280; 320; 64; 640; 16; 4],0.0716695349838119,0.06378482255342004,tvm
500,4,2,64,32,16,640,2,1,[500; 4; 2; 64; 32; 16; 640; 2; 1],0.04506446899904404,0.10144197131282177,tvm
60,10,10,256,64,32,2,1,2,[60; 10; 10; 256; 64; 32; 2; 1; 2],0.03732222449616529,0.12248542612721992,tvm
1500,1500,5,640,80,16,640,8,1,[1500; 1500; 5; 640; 80; 16; 640; 8; 1],0.04327662325522397,0.10563274644762746,tvm
60,6,3,80,80,16,128,2,1,[60; 6; 3; 80; 80; 16; 128; 2; 1],0.033684886497212574,0.13571156227012543,tvm
750,150,30,640,320,16,160,4,1,[750; 150; 30; 640; 320; 16; 160; 4; 1],0.0282624490064336,0.16174920193179093,tvm
60,60,5,160,160,32,32,4,2,[60; 60; 5; 160; 160; 32; 32; 4; 2],0.014661670502391644,0.31179452373335426,tvm
1500,2,2,640,128,32,1280,1,2,[1500; 2; 2; 640; 128; 32; 1280; 1; 2],0.11248932703165337,0.04063877606932627,tvm
1500,60,1,128,128,64,320,4,4,[1500; 60; 1; 128; 128; 64; 320; 4; 4],0.046366304013645276,0.09859376693219353,tvm
60,12,2,128,32,16,8,8,1,[60; 12; 2; 128; 32; 16; 8; 8; 1],0.012738794132019393,0.3588588153676281,tvm
100,100,2,128,16,16,2,1,1,[100; 100; 2; 128; 16; 16; 2; 1; 1],0.05735801550326869,0.07969990822238363,tvm
60,30,3,160,32,16,320,2,1,[60; 30; 3; 160; 32; 16; 320; 2; 1],0.03015103175130207,0.15161764974199116,tvm
750,150,6,1280,320,32,320,5,2,[750; 150; 6; 1280; 320; 32; 320; 5; 2],0.03637917400919832,0.1256605927961065,tvm
150,50,5,1280,256,32,1280,4,2,[150; 50; 5; 1280; 256; 32; 1280; 4; 2],0.027213388748350553,0.1679845392906333,tvm
300,4,1,80,80,16,320,8,1,[300; 4; 1; 80; 80; 16; 320; 8; 1],0.037082325492519885,0.1232778287421781,tvm
300,100,2,1280,80,80,80,1,5,[300; 100; 2; 1280; 80; 80; 80; 1; 5],0.05507233800017275,0.08300770836012504,tvm
500,50,10,256,32,32,5,5,2,[500; 50; 10; 256; 32; 32; 5; 5; 2],0.022291297747869976,0.2050768251868777,tvm
150,10,10,160,32,16,128,8,1,[150; 10; 10; 160; 32; 16; 128; 8; 1],0.02881835425796453,0.1586290643285144,tvm
300,4,2,128,64,64,160,10,4,[300; 4; 2; 128; 64; 64; 160; 10; 4],0.033703140245052055,0.13563806037627907,tvm
30,3,1,1280,1280,160,160,20,10,[30; 3; 1; 1280; 1280; 160; 160; 20; 10],0.06340006351820193,0.07210447936090995,tvm
15,3,3,640,128,16,10,10,1,[15; 3; 3; 640; 128; 16; 10; 10; 1],0.05826984450686723,0.0784527333154256,tvm
100,20,2,128,128,128,80,1,8,[100; 20; 2; 128; 128; 128; 80; 1; 8],0.011501426746690413,0.3974662163321625,tvm
20,10,2,1280,256,64,256,8,4,[20; 10; 2; 1280; 256; 64; 256; 8; 4],0.017479697249655146,0.26152790326610265,tvm
1500,750,2,640,64,64,16,8,4,[1500; 750; 2; 640; 64; 64; 16; 8; 4],0.03183000074932352,0.14362012138896127,tvm
300,300,12,640,128,32,256,2,2,[300; 300; 12; 640; 128; 32; 256; 2; 2],0.05232516548130661,0.08736577379887568,tvm
150,10,2,1280,320,160,160,10,10,[150; 10; 2; 1280; 320; 160; 160; 10; 10],0.01877914887154475,0.24343108426790655,tvm
1500,500,1,1280,1280,64,256,2,4,[1500; 500; 1; 1280; 1280; 64; 256; 2; 4],0.3158096239785664,0.01447526682004735,tvm
150,10,2,320,320,16,5,5,1,[150; 10; 2; 320; 320; 16; 5; 5; 1],0.013124633005645592,0.34830905896280384,tvm
750,50,2,128,128,64,10,5,4,[750; 50; 2; 128; 128; 64; 10; 5; 4],0.009287796874559717,0.4921973028878582,tvm
1500,12,1,256,128,16,160,20,1,[1500; 12; 1; 256; 128; 16; 160; 20; 1],0.053511054487898946,0.08542961104349682,tvm
30,2,1,640,128,128,320,1,8,[30; 2; 1; 640; 128; 128; 320; 1; 8],0.03413276275387034,0.1339308102421394,tvm
500,20,4,640,160,32,1,1,2,[500; 20; 4; 640; 160; 32; 1; 1; 2],0.017673393005679827,0.2586616259797662,tvm
1500,750,1,1280,128,16,20,20,1,[1500; 750; 1; 1280; 128; 16; 20; 20; 1],0.11159925599349663,0.040962894696134615,tvm
30,30,2,1280,160,160,32,1,10,[30; 30; 2; 1280; 160; 160; 32; 1; 10],0.017609516995435115,0.2595998841202524,tvm
150,30,6,160,16,16,640,16,1,[150; 30; 6; 160; 16; 16; 640; 16; 1],0.00985203037635074,0.46400877756142894,tvm
4,1,1,1280,1280,128,10,5,8,[4; 1; 1; 1280; 1280; 128; 10; 5; 8],0.05196768950554542,0.08796674654817507,tvm
100,100,25,640,80,16,8,2,1,[100; 100; 25; 640; 80; 16; 8; 2; 1],0.017870953626697883,0.25580216181632276,tvm
60,60,2,1280,320,160,640,5,10,[60; 60; 2; 1280; 320; 160; 640; 5; 10],0.01847939399885945,0.2473797880877869,tvm
1500,3,3,320,320,80,64,32,5,[1500; 3; 3; 320; 320; 80; 64; 32; 5],0.06571101301233284,0.06956868204985049,tvm
10,2,1,160,160,32,640,1,2,[10; 2; 1; 160; 160; 32; 640; 1; 2],0.032750868747825734,0.1395819025940208,tvm
750,250,5,160,80,80,40,20,5,[750; 250; 5; 160; 80; 80; 40; 20; 5],0.025035597500391304,0.18259714278267658,tvm
375,25,5,128,16,16,256,2,1,[375; 25; 5; 128; 16; 16; 256; 2; 1],0.05699912749696523,0.08020172890667433,tvm
100,25,25,160,16,16,128,1,1,[100; 25; 25; 160; 16; 16; 128; 1; 1],0.017476233377237804,0.2615797393380373,tvm
2,2,2,1280,1280,160,640,32,10,[2; 2; 2; 1280; 1280; 160; 640; 32; 10],0.06955160098732449,0.06572715087121714,tvm
100,10,5,320,160,80,160,32,5,[100; 10; 5; 320; 160; 80; 160; 32; 5],0.03903941574390046,0.11709777117099437,tvm
1500,30,5,128,64,16,640,4,1,[1500; 30; 5; 128; 64; 16; 640; 4; 1],0.021921797248069197,0.2085334755949907,tvm
60,20,4,128,128,32,128,4,2,[60; 20; 4; 128; 128; 32; 128; 4; 2],0.01477634662296623,0.3093747519649681,tvm
300,1,1,320,160,160,4,4,10,[300; 1; 1; 320; 160; 160; 4; 4; 10],0.08066682599019259,0.05667049019611063,tvm
150,30,30,320,32,16,80,10,1,[150; 30; 30; 320; 32; 16; 80; 10; 1],0.04208830799325369,0.10861516628706773,tvm
250,5,1,640,320,32,8,8,2,[250; 5; 1; 640; 320; 32; 8; 8; 2],0.04917083025793545,0.09297033520581667,tvm
1500,150,30,1280,640,16,640,40,1,[1500; 150; 30; 1280; 640; 16; 640; 40; 1],0.20601096097379923,0.02219022012139428,tvm
6,6,2,1280,64,16,160,8,1,[6; 6; 2; 1280; 64; 16; 160; 8; 1],0.021234564628684893,0.2152824252046693,tvm
150,2,2,640,160,16,128,32,1,[150; 2; 2; 640; 160; 16; 128; 32; 1],0.05977085101767443,0.07648257459270215,tvm
250,25,5,320,320,64,2,2,4,[250; 25; 5; 320; 320; 64; 2; 2; 4],0.015574922748783138,0.29351211849739256,tvm
75,75,5,128,32,16,1280,20,1,[75; 75; 5; 128; 32; 16; 1280; 20; 1],0.015021289123978931,0.3043299768547204,tvm
375,375,15,1280,16,16,1280,16,1,[375; 375; 15; 1280; 16; 16; 1280; 16; 1],0.025908586743753403,0.1764445361934205,tvm
375,375,25,640,32,16,1280,40,1,[375; 375; 25; 640; 32; 16; 1280; 40; 1],0.018758118501864374,0.2437040032012921,tvm
300,6,3,1280,256,64,32,16,4,[300; 6; 3; 1280; 256; 64; 32; 16; 4],0.022619924377067946,0.20209742947076698,tvm
20,5,5,320,64,32,80,8,2,[20; 5; 5; 320; 64; 32; 80; 8; 2],0.031032968749059364,0.14730877372365916,tvm
6,6,1,128,64,64,640,5,4,[6; 6; 1; 128; 64; 64; 640; 5; 4],0.042092538002179936,0.10860425121411832,tvm
300,6,1,1280,640,128,64,64,8,[300; 6; 1; 1280; 640; 128; 64; 64; 8],0.06580728950211778,0.06946690261846229,tvm
300,25,1,320,320,160,10,2,10,[300; 25; 1; 320; 320; 160; 10; 2; 10],0.020591045125911478,0.22201051687638482,tvm
75,15,5,64,16,16,640,5,1,[75; 15; 5; 64; 16; 16; 640; 5; 1],0.017488387871708255,0.26139794044847187,tvm
125,25,1,128,128,32,320,2,2,[125; 25; 1; 128; 128; 32; 320; 2; 2],0.02962572551041376,0.15430604627122688,tvm
750,150,5,256,256,64,80,40,4,[750; 150; 5; 256; 256; 64; 80; 40; 4],0.009986368375393795,0.4577668677526935,tvm
300,30,15,256,32,16,20,4,1,[300; 30; 15; 256; 32; 16; 20; 4; 1],0.03675358626060188,0.12438047647962258,tvm
300,100,4,1280,80,16,16,4,1,[300; 100; 4; 1280; 80; 16; 16; 4; 1],0.054164547502296045,0.0843989063369317,tvm
150,15,3,128,64,16,16,1,1,[150; 15; 3; 128; 64; 16; 16; 1; 1],0.05263233499135822,0.08685589518646972,tvm
300,60,2,640,640,128,32,4,8,[300; 60; 2; 640; 640; 128; 32; 4; 8],0.027773099747719243,0.1645991485629537,tvm
60,12,6,64,64,64,1280,8,4,[60; 12; 6; 64; 64; 64; 1280; 8; 4],0.012578426001709886,0.3634340712269676,tvm
500,100,2,1280,640,80,320,10,5,[500; 100; 2; 1280; 640; 80; 320; 10; 5],0.029449905254296027,0.15522727601175257,tvm
20,4,4,128,16,16,160,8,1,[20; 4; 4; 128; 16; 16; 160; 8; 1],0.027607010008068755,0.16558941261992774,tvm
300,100,20,160,32,16,640,1,1,[300; 100; 20; 160; 32; 16; 640; 1; 1],0.017360360754537396,0.26332566679144376,tvm
150,6,3,1280,160,16,64,32,1,[150; 6; 3; 1280; 160; 16; 64; 32; 1],0.02394949061999796,0.19087790400065557,tvm
50,50,1,640,64,32,320,2,2,[50; 50; 1; 640; 64; 32; 320; 2; 2],0.029760656994767487,0.1536064399462794,tvm
1500,4,4,640,320,32,16,4,2,[1500; 4; 4; 640; 320; 32; 16; 4; 2],0.062304728518938646,0.07337209679100044,tvm
60,60,4,640,160,80,80,20,5,[60; 60; 4; 640; 160; 80; 80; 20; 5],0.026264055995852686,0.17405645845982198,tvm
750,750,1,64,32,16,1280,64,1,[750; 750; 1; 64; 32; 16; 1280; 64; 1],0.0406249710067641,0.11252755283609739,tvm
750,750,3,320,32,16,16,16,1,[750; 750; 3; 320; 32; 16; 16; 16; 1],0.012558426373288967,0.3640128496633727,tvm
75,3,3,32,32,32,80,2,2,[75; 3; 3; 32; 32; 32; 80; 2; 2],0.03169777798757423,0.14421921224953393,tvm
1500,750,5,320,320,32,320,10,2,[1500; 750; 5; 320; 320; 32; 320; 10; 2],0.03267763275653124,0.139894728773304,tvm
150,50,10,16,16,16,320,8,1,[150; 50; 10; 16; 16; 16; 320; 8; 1],0.02343413325434085,0.1950756412372016,tvm
500,4,1,1280,1280,64,4,2,4,[500; 4; 1; 1280; 1280; 64; 4; 2; 4],0.08932478851056658,0.051177603078095164,tvm
12,6,1,1280,320,80,640,2,5,[12; 6; 1; 1280; 320; 80; 640; 2; 5],0.0680253604950849,0.06720182793825658,tvm
150,25,5,128,128,16,320,10,1,[150; 25; 5; 128; 128; 16; 320; 10; 1],0.03704386325262021,0.12340582676957221,tvm
250,10,10,640,16,16,640,64,1,[250; 10; 10; 640; 16; 16; 640; 64; 1],0.016132203250890598,0.28337285988361205,tvm
12,6,1,640,160,80,128,32,5,[12; 6; 1; 640; 160; 80; 128; 32; 5],0.020893304994388018,0.218798728715082,tvm
1,1,1,80,80,80,2,2,5,[1; 1; 1; 80; 80; 80; 2; 2; 5],0.09417213450069539,0.04854332542918856,tvm
300,15,5,640,128,32,160,8,2,[300; 15; 5; 640; 128; 32; 160; 8; 2],0.01780641937511973,0.25672924326471075,tvm
100,10,2,256,256,16,1,1,1,[100; 10; 2; 256; 256; 16; 1; 1; 1],0.017800821748096496,0.2568099740629901,tvm
12,4,2,640,160,32,40,40,2,[12; 4; 2; 640; 160; 32; 40; 40; 2],0.03729379350261297,0.12257880312197998,tvm
300,25,5,640,640,16,128,1,1,[300; 25; 5; 640; 640; 16; 128; 1; 1],0.06688384150038473,0.06834877406678676,tvm
6,6,6,256,256,16,256,16,1,[6; 6; 6; 256; 256; 16; 256; 16; 1],0.029820047246175818,0.15330051403640282,tvm
60,60,10,1280,1280,16,8,1,1,[60; 60; 10; 1280; 1280; 16; 8; 1; 1],0.026009597000665963,0.17575930035792262,tvm
1500,375,5,128,128,32,80,20,2,[1500; 375; 5; 128; 128; 32; 80; 20; 2],0.013314472627826035,0.34334281944255923,tvm
750,10,2,1280,1280,32,640,16,2,[750; 10; 2; 1280; 1280; 32; 640; 16; 2],0.09897938300855458,0.04618566445330815,tvm
30,10,5,640,160,32,1,1,2,[30; 10; 5; 640; 160; 32; 1; 1; 2],0.016230340996116865,0.2816594286295213,tvm
300,100,4,320,160,32,160,2,2,[300; 100; 4; 320; 160; 32; 160; 2; 2],0.017103278121794574,0.2672837650697638,tvm
250,250,10,128,128,16,32,2,1,[250; 250; 10; 128; 128; 16; 32; 2; 1],0.03464996274851728,0.13193170233997406,tvm
750,50,10,128,32,32,256,16,2,[750; 50; 10; 128; 32; 32; 256; 16; 2],0.01978104874433484,0.23110142594122055,tvm
150,50,2,1280,16,16,32,1,1,[150; 50; 2; 1280; 16; 16; 32; 1; 1],0.06587967101950198,0.06939057983570254,tvm
60,6,6,256,128,16,4,2,1,[60; 6; 6; 256; 128; 16; 4; 2; 1],0.019674648872751277,0.2323512150582695,tvm
500,500,5,256,256,32,256,2,2,[500; 500; 5; 256; 256; 32; 256; 2; 2],0.015855785124585964,0.28831297444489956,tvm
1500,125,1,128,64,64,320,32,4,[1500; 125; 1; 128; 64; 64; 320; 32; 4],0.05731377750635147,0.07976142509402681,tvm
60,12,2,1280,320,64,16,16,4,[60; 12; 2; 1280; 320; 64; 16; 16; 4],0.034931227753986605,0.13086939295761935,tvm
100,100,20,640,32,16,40,1,1,[100; 100; 20; 640; 32; 16; 40; 1; 1],0.03672495674982201,0.12447743921306938,tvm
750,10,2,1280,320,16,64,4,1,[750; 10; 2; 1280; 320; 16; 64; 4; 1],0.06918653252068907,0.06607396562418506,tvm
50,50,2,256,64,16,10,2,1,[50; 50; 2; 256; 64; 16; 10; 2; 1],0.01904908099822933,0.23998158083602564,tvm
1500,20,1,160,160,80,640,20,5,[1500; 20; 1; 160; 160; 80; 640; 20; 5],0.03079154875013046,0.14846374271476692,tvm
750,375,1,640,80,80,256,4,5,[750; 375; 1; 640; 80; 80; 256; 4; 5],0.0367209454998374,0.12449103663327009,tvm
30,30,2,320,64,16,640,20,1,[30; 30; 2; 320; 64; 16; 640; 20; 1],0.01890502950118389,0.241810179198202,tvm
6,2,1,640,128,64,160,5,4,[6; 2; 1; 640; 128; 64; 160; 5; 4],0.0616828250058461,0.07411185481526351,tvm
300,50,1,640,160,32,64,8,2,[300; 50; 1; 640; 160; 32; 64; 8; 2],0.05403133449726738,0.08460698988768768,tvm
1500,100,4,320,320,16,10,5,1,[1500; 100; 4; 320; 320; 16; 10; 5; 1],0.03414487274130806,0.13388330968643827,tvm
60,5,1,1280,64,16,160,1,1,[60; 5; 1; 1280; 64; 16; 160; 1; 1],0.04525707599532325,0.101010250240227,tvm
1500,12,6,256,32,16,10,1,1,[1500; 12; 6; 256; 32; 16; 10; 1; 1],0.03050389574491419,0.1498637619816397,tvm
2,2,1,640,160,16,16,8,1,[2; 2; 1; 640; 160; 16; 16; 8; 1],0.06758918199921027,0.06763550669220979,tvm
1500,15,1,640,128,16,128,4,1,[1500; 15; 1; 640; 128; 16; 128; 4; 1],0.13063936901744455,0.03499273309271832,tvm
20,20,20,640,64,16,40,20,1,[20; 20; 20; 640; 64; 16; 40; 20; 1],0.015361689249402843,0.2975863199163645,tvm
1500,6,2,640,320,64,1,1,4,[1500; 6; 2; 640; 320; 64; 1; 1; 4],0.11673377396073192,0.03916114776659542,tvm
150,150,6,160,16,16,320,16,1,[150; 150; 6; 160; 16; 16; 320; 16; 1],0.008765924998442642,0.5214998499577322,tvm
60,30,3,256,16,16,80,10,1,[60; 30; 3; 256; 16; 16; 80; 10; 1],0.025731245492352173,0.17766060227388875,tvm
25,5,1,320,32,16,320,20,1,[25; 5; 1; 320; 32; 16; 320; 20; 1],0.07344812850351445,0.062240232182496406,tvm
500,2,2,256,32,32,256,64,2,[500; 2; 2; 256; 32; 32; 256; 64; 2],0.02100859700294677,0.21759799432524504,tvm
300,60,4,1280,320,16,10,1,1,[300; 60; 4; 1280; 320; 16; 10; 1; 1],0.016634730753139593,0.2748122971912709,tvm
100,5,1,640,64,64,40,1,4,[100; 5; 1; 640; 64; 64; 40; 1; 4],0.02686302349320613,0.17017550435395787,tvm
1500,30,1,640,32,32,640,4,2,[1500; 30; 1; 640; 32; 32; 640; 4; 2],0.1108504009898752,0.041239621423165757,tvm
500,500,1,256,128,32,1280,32,2,[500; 500; 1; 256; 128; 32; 1280; 32; 2],0.03896207350771874,0.1173302178212597,tvm
375,125,1,320,16,16,320,32,1,[375; 125; 1; 320; 16; 16; 320; 32; 1],0.06803180699353106,0.06719546008623958,tvm
750,125,1,640,64,32,160,2,2,[750; 125; 1; 640; 64; 32; 160; 2; 2],0.03715734799334314,0.12302892478353294,tvm
15,5,1,64,64,32,160,20,2,[15; 5; 1; 64; 64; 32; 160; 20; 2],0.04713636550877709,0.09698305166479887,tvm
300,6,3,80,16,16,128,8,1,[300; 6; 3; 80; 16; 16; 128; 8; 1],0.028861065991804935,0.15839430784457592,tvm
1500,6,1,320,160,80,20,20,5,[1500; 6; 1; 320; 160; 80; 20; 20; 5],0.029400618499494158,0.1554874966833512,tvm
5,5,1,64,64,64,128,1,4,[5; 5; 1; 64; 64; 64; 128; 1; 4],0.022621897631324828,0.20207980099328435,tvm
1500,10,2,640,640,32,32,32,2,[1500; 10; 2; 640; 640; 32; 32; 32; 2],0.04798202773963567,0.0952737678414606,tvm
300,150,5,64,32,16,320,16,1,[300; 150; 5; 64; 32; 16; 320; 16; 1],0.010106291811098345,0.4523349074888579,tvm
1500,6,3,1280,1280,32,160,8,2,[1500; 6; 3; 1280; 1280; 32; 160; 8; 2],0.12264784600120038,0.03727279948629371,tvm
1500,4,2,1280,640,16,128,2,1,[1500; 4; 2; 1280; 640; 16; 128; 2; 1],0.21911941503640264,0.02086272716029802,tvm
750,10,5,320,80,80,2,2,5,[750; 10; 5; 320; 80; 80; 2; 2; 5],0.016665647126501426,0.2743024940303197,tvm
1500,75,1,640,640,64,1280,32,4,[1500; 75; 1; 640; 640; 64; 1280; 32; 4],0.22609162103617564,0.02021936306386659,tvm
50,25,5,1280,80,16,10,2,1,[50; 25; 5; 1280; 80; 16; 10; 2; 1],0.014504014499834739,0.31518367356021737,tvm
4,1,1,1280,32,16,16,4,1,[4; 1; 1; 1280; 32; 16; 16; 4; 1],0.049980107505689375,0.09146496075279936,tvm
300,4,1,320,160,32,8,2,2,[300; 4; 1; 320; 160; 32; 8; 2; 2],0.03096209825889673,0.14764595516762194,tvm
50,1,1,160,16,16,80,10,1,[50; 1; 1; 160; 16; 16; 80; 10; 1],0.04002889950061217,0.1142032038966912,tvm
300,4,2,1280,64,32,10,10,2,[300; 4; 2; 1280; 64; 32; 10; 10; 2],0.06806850651628338,0.06715923127143965,tvm
300,20,4,32,16,16,320,5,1,[300; 20; 4; 32; 16; 16; 320; 5; 1],0.050454370997613296,0.09060520389095367,tvm
20,4,4,256,128,16,256,16,1,[20; 4; 4; 256; 128; 16; 256; 16; 1],0.0304480657359818,0.15013855431960382,tvm
750,15,1,320,80,80,16,8,5,[750; 15; 1; 320; 80; 80; 16; 8; 5],0.034887889501987956,0.13103196085186197,tvm
250,25,25,320,64,16,20,2,1,[250; 25; 25; 320; 64; 16; 20; 2; 1],0.040739522490184754,0.11221114760316477,tvm
750,125,5,256,256,16,1280,4,1,[750; 125; 5; 256; 256; 16; 1280; 4; 1],0.02295688662707107,0.19913103399822002,tvm
1500,12,6,64,16,16,160,10,1,[1500; 12; 6; 64; 16; 16; 160; 10; 1],0.01611753099859925,0.28363082235274545,tvm
60,60,1,640,64,64,320,20,4,[60; 60; 1; 640; 64; 64; 320; 20; 4],0.017389353379257955,0.2628866336618001,tvm
20,4,2,256,32,32,8,8,2,[20; 4; 2; 256; 32; 32; 8; 8; 2],0.029847051759134047,0.15316181337842136,tvm
750,15,3,1280,160,32,10,10,2,[750; 15; 3; 1280; 160; 32; 10; 10; 2],0.03851743724953849,0.11868465032634917,tvm
750,10,1,320,32,32,256,64,2,[750; 10; 1; 320; 32; 32; 256; 64; 2],0.04253177349164616,0.10748266992267473,tvm
750,375,3,128,128,16,256,1,1,[750; 375; 3; 128; 128; 16; 256; 1; 1],0.038080833008280024,0.1200453931886047,tvm
250,125,1,1280,640,64,20,4,4,[250; 125; 1; 1280; 640; 64; 20; 4; 4],0.04068524298781995,0.11236085213494074,tvm
1500,5,5,128,128,16,40,10,1,[1500; 5; 5; 128; 128; 16; 40; 10; 1],0.025688470996101387,0.1779564292527319,tvm
500,20,5,1280,640,64,160,4,4,[500; 20; 5; 1280; 640; 64; 160; 4; 4],0.033794042756198905,0.13527320789667954,tvm
60,6,6,320,64,32,640,4,2,[60; 6; 6; 320; 64; 32; 640; 4; 2],0.01869241925305687,0.24456056273620025,tvm
125,125,1,640,320,16,40,1,1,[125; 125; 1; 640; 320; 16; 40; 1; 1],0.04946468799607828,0.09241802094841899,tvm
15,5,1,1280,32,16,20,10,1,[15; 5; 1; 1280; 32; 16; 20; 10; 1],0.02349110887007555,0.19460250244942437,tvm
60,60,1,1280,640,80,128,4,5,[60; 60; 1; 1280; 640; 80; 128; 4; 5],0.051273938006488606,0.08915696256546683,tvm
60,30,6,320,160,32,640,16,2,[60; 30; 6; 320; 160; 32; 640; 16; 2],0.025643057000706904,0.1782715910705401,tvm
1500,150,3,1280,640,80,10,5,5,[1500; 150; 3; 1280; 640; 80; 10; 5; 5],0.07395372947212309,0.061814713119394134,tvm
60,2,2,1280,160,32,1280,1,2,[60; 2; 2; 1280; 160; 32; 1280; 1; 2],0.03178595475037582,0.14381913670139235,tvm
300,6,1,1280,256,32,40,8,2,[300; 6; 1; 1280; 256; 32; 40; 8; 2],0.06223031849367544,0.07345982926141015,tvm
1500,15,3,1280,32,16,80,2,1,[1500; 15; 3; 1280; 32; 16; 80; 2; 1],0.14589212299324572,0.03133430700463666,tvm
10,1,1,1280,1280,128,640,4,8,[10; 1; 1; 1280; 1280; 128; 640; 4; 8],0.04877315975318197,0.09372836606367975,tvm
150,15,1,128,64,16,320,64,1,[150; 15; 1; 128; 64; 16; 320; 64; 1],0.07307806148310192,0.06255541647729172,tvm
750,75,1,320,160,160,4,2,10,[750; 75; 1; 320; 160; 160; 4; 2; 10],0.012012919687549584,0.38054267324924235,tvm
60,12,6,160,160,32,640,20,2,[60; 12; 6; 160; 160; 32; 640; 20; 2],0.02391061450180132,0.19118825118794755,tvm
750,10,10,160,160,16,160,20,1,[750; 10; 10; 160; 160; 16; 160; 20; 1],0.034597065998241305,0.13213341766209175,tvm
1500,1500,30,16,16,16,1280,32,1,[1500; 1500; 30; 16; 16; 16; 1280; 32; 1],0.020179015373287257,0.2265436884239741,tvm
50,2,1,128,128,16,80,2,1,[50; 2; 1; 128; 128; 16; 80; 2; 1],0.06990769901312888,0.06539234785241671,tvm
60,4,4,320,80,16,256,2,1,[60; 4; 4; 320; 80; 16; 256; 2; 1],0.02719360776245594,0.16810673344123103,tvm
50,50,25,128,128,16,320,16,1,[50; 50; 25; 128; 128; 16; 320; 16; 1],0.015929389752272982,0.2869807721778086,tvm
100,5,1,128,128,64,256,64,4,[100; 5; 1; 128; 128; 64; 256; 64; 4],0.030866864748531953,0.1481014871018279,tvm
500,250,2,1280,160,16,256,4,1,[500; 250; 2; 1280; 160; 16; 256; 4; 1],0.04825585374783259,0.09473314046658841,tvm
750,3,1,1280,640,64,40,10,4,[750; 3; 1; 1280; 640; 64; 40; 10; 4],0.09872246949817054,0.046305857163685384,tvm
750,750,15,320,160,16,10,2,1,[750; 750; 15; 320; 160; 16; 10; 2; 1],0.016820709381136112,0.2717738275982155,tvm
750,250,25,1280,640,16,20,5,1,[750; 250; 25; 1280; 640; 16; 20; 5; 1],0.05310097101028077,0.08608935928014398,tvm
1500,750,6,1280,256,64,32,1,4,[1500; 750; 6; 1280; 256; 64; 32; 1; 4],0.10646199504844844,0.04293953508337147,tvm
10,1,1,640,640,128,20,5,8,[10; 1; 1; 640; 640; 128; 20; 5; 8],0.055336983990855515,0.08261072869789948,tvm
250,10,1,1280,320,16,20,4,1,[250; 10; 1; 1280; 320; 16; 20; 4; 1],0.02249319775000913,0.20323604594756725,tvm
60,60,4,640,160,80,256,1,5,[60; 60; 4; 640; 160; 80; 256; 1; 5],0.03414559749944601,0.13388046794327554,tvm
250,10,2,1280,320,64,10,10,4,[250; 10; 2; 1280; 320; 64; 10; 10; 4],0.026130652244319208,0.17494506178744154,tvm
750,75,5,80,80,80,256,8,5,[750; 75; 5; 80; 80; 80; 256; 8; 5],0.018957747000968084,0.24113775604216736,tvm
300,150,30,1280,640,16,640,10,1,[300; 150; 30; 1280; 640; 16; 640; 10; 1],0.025339144995086826,0.18040974043579436,tvm
750,10,5,160,16,16,256,32,1,[750; 10; 5; 160; 16; 16; 256; 32; 1],0.012368250248982804,0.3696099674086508,tvm
60,15,1,64,32,16,640,4,1,[60; 15; 1; 64; 32; 16; 640; 4; 1],0.07325939350994304,0.062400578989343126,tvm
1500,300,6,32,16,16,80,16,1,[1500; 300; 6; 32; 16; 16; 80; 16; 1],0.013640944125654642,0.3351255257201037,tvm
10,2,2,640,128,32,10,1,2,[10; 2; 2; 640; 128; 32; 10; 1; 2],0.04648472926055547,0.09834258785944246,tvm
100,100,5,640,16,16,128,1,1,[100; 100; 5; 640; 16; 16; 128; 1; 1],0.022177913124323823,0.20612528085046997,tvm
125,25,5,320,16,16,160,32,1,[125; 25; 5; 320; 16; 16; 160; 32; 1],0.022186335125297774,0.20604703506060543,tvm
12,6,1,320,80,16,64,64,1,[12; 6; 1; 320; 80; 16; 64; 64; 1],0.091531585494522,0.04994372758573228,tvm
1500,50,5,1280,64,32,160,4,2,[1500; 50; 5; 1280; 64; 32; 160; 4; 2],0.08597940599429421,0.053168878274548005,tvm
750,750,2,320,32,32,320,8,2,[750; 750; 2; 320; 32; 32; 320; 8; 2],0.01047317118718638,0.4364894347398409,tvm
150,3,3,1280,32,32,80,1,2,[150; 3; 3; 1280; 32; 32; 80; 1; 2],0.03775165799015667,0.12109212720195021,tvm
300,5,5,80,80,16,10,1,1,[300; 5; 5; 80; 80; 16; 10; 1; 1],0.025637500759330578,0.17831022666142035,tvm
150,15,3,320,160,32,20,10,2,[150; 15; 3; 320; 160; 32; 20; 10; 2],0.01369068025087472,0.33390806648460697,tvm
150,6,2,320,320,32,80,20,2,[150; 6; 2; 320; 320; 32; 80; 20; 2],0.029173212504247203,0.15669952600396808,tvm
25,5,1,64,16,16,80,5,1,[25; 5; 1; 64; 16; 16; 80; 5; 1],0.06222388250171207,0.0734674274190909,tvm
20,4,1,640,160,80,320,1,5,[20; 4; 1; 640; 160; 80; 320; 1; 5],0.1333694169879891,0.034276438142038686,tvm
750,3,1,320,160,160,320,20,10,[750; 3; 1; 320; 160; 160; 320; 20; 10],0.07184534301632084,0.06362873889251384,tvm
100,4,2,80,80,16,320,5,1,[100; 4; 2; 80; 80; 16; 320; 5; 1],0.02145807212946238,0.21304004124172485,tvm
1500,150,30,640,64,16,64,2,1,[1500; 150; 30; 640; 64; 16; 64; 2; 1],0.12583247502334416,0.03632948148385773,tvm
300,300,4,1280,80,80,32,8,5,[300; 300; 4; 1280; 80; 80; 32; 8; 5],0.01343784312484786,0.3401906488233638,tvm
300,12,12,1280,1280,32,16,1,2,[300; 12; 12; 1280; 1280; 32; 16; 1; 2],0.05506450802204199,0.08301951176243427,tvm
300,4,4,16,16,16,320,32,1,[300; 4; 4; 16; 16; 16; 320; 32; 1],0.028926064260303974,0.1580383881571496,tvm
150,25,1,640,320,32,256,64,2,[150; 25; 1; 640; 320; 32; 256; 64; 2],0.038115538758574985,0.11993608696925795,tvm
20,20,2,1280,160,160,1280,64,10,[20; 20; 2; 1280; 160; 160; 1280; 64; 10],0.07613189649418928,0.06004616700672212,tvm
750,750,5,128,128,32,640,1,2,[750; 750; 5; 128; 128; 32; 640; 1; 2],0.009041429377248278,0.5056090559012769,tvm
1500,150,5,1280,1280,32,160,5,2,[1500; 150; 5; 1280; 1280; 32; 160; 5; 2],0.09878124101669528,0.0462783067349391,tvm
20,20,5,256,256,64,4,2,4,[20; 20; 5; 256; 256; 64; 4; 2; 4],0.014671507247840054,0.3115854761344701,tvm
300,60,2,1280,320,80,16,8,5,[300; 60; 2; 1280; 320; 80; 16; 8; 5],0.02753536798991263,0.16602024614682032,tvm
500,500,5,640,128,32,320,64,2,[500; 500; 5; 640; 128; 32; 320; 64; 2],0.010504130124900257,0.435202964650248,tvm
20,20,4,16,16,16,320,5,1,[20; 20; 4; 16; 16; 16; 320; 5; 1],0.03319648875913117,0.13770819572510165,tvm
375,15,3,256,64,32,80,8,2,[375; 15; 3; 256; 64; 32; 80; 8; 2],0.019418585368839558,0.2354151182796359,tvm
60,12,12,1280,64,32,80,10,2,[60; 12; 12; 1280; 64; 32; 80; 10; 2],0.03079785250884015,0.14843335489435175,tvm
25,25,25,1280,640,16,80,8,1,[25; 25; 25; 1280; 640; 16; 80; 8; 1],0.03204269851266872,0.14266677850559828,tvm
300,30,15,160,80,16,256,4,1,[300; 30; 15; 160; 80; 16; 256; 4; 1],0.014486029002000578,0.3155749978684455,tvm
150,5,1,256,32,32,80,40,2,[150; 5; 1; 256; 32; 32; 80; 40; 2],0.025925396752427332,0.17633012968260783,tvm
60,6,6,1280,256,16,20,5,1,[60; 6; 6; 1280; 256; 16; 20; 5; 1],0.02723950550716836,0.16782347866871344,tvm
12,1,1,1280,16,16,640,5,1,[12; 1; 1; 1280; 16; 16; 640; 5; 1],0.05083809597999789,0.08992131753374848,tvm
150,30,10,128,32,32,640,10,2,[150; 30; 10; 128; 32; 32; 640; 10; 2],0.017436068745155353,0.2621822979849602,tvm
60,20,5,320,320,80,40,40,5,[60; 20; 5; 320; 320; 80; 40; 40; 5],0.015123375371331349,0.3022756798124847,tvm
60,60,4,640,128,32,40,8,2,[60; 60; 4; 640; 128; 32; 40; 8; 2],0.02981371249188669,0.1533330870039285,tvm
750,3,1,1280,160,160,320,16,10,[750; 3; 1; 1280; 160; 160; 320; 16; 10],0.10383865295443684,0.04402434393514773,tvm
30,15,3,1280,256,16,128,1,1,[30; 15; 3; 1280; 256; 16; 128; 1; 1],0.03571741124324035,0.1279887990844726,tvm
1500,30,3,1280,1280,80,80,2,5,[1500; 30; 3; 1280; 1280; 80; 80; 2; 5],0.13393006596015766,0.034132952437942565,tvm
1500,30,2,64,32,16,1280,5,1,[1500; 30; 2; 64; 32; 16; 1280; 5; 1],0.03393162399879657,0.13472472085599863,tvm
15,15,5,64,64,16,16,1,1,[15; 15; 5; 64; 64; 16; 16; 1; 1],0.020322247248259373,0.22494700096811984,tvm
300,15,3,1280,640,16,256,32,1,[300; 15; 3; 1280; 640; 16; 256; 32; 1],0.022623653494520113,0.20206411720970976,tvm
15,3,1,320,320,80,160,4,5,[15; 3; 1; 320; 320; 80; 160; 4; 5],0.02850344724720344,0.1603816033822747,tvm
15,1,1,128,128,128,320,40,8,[15; 1; 1; 128; 128; 128; 320; 40; 8],0.07100140099646524,0.06438504743950274,tvm
375,75,5,640,640,64,128,16,4,[375; 75; 5; 640; 640; 64; 128; 16; 4],0.014912882004864514,0.30654226124349354,tvm
1500,300,25,640,128,16,128,4,1,[1500; 300; 25; 640; 128; 16; 128; 4; 1],0.05814105350873433,0.07862651767639232,tvm
375,375,3,1280,640,80,20,20,5,[375; 375; 3; 1280; 640; 80; 20; 20; 5],0.021952072871499695,0.20824587264210673,tvm
1500,4,1,1280,256,64,640,2,4,[1500; 4; 1; 1280; 256; 64; 640; 2; 4],0.22696939401794225,0.02014116745215081,tvm
75,15,5,1280,1280,80,10,1,5,[75; 15; 5; 1280; 1280; 80; 10; 1; 5],0.01811811962397769,0.2523125283585555,tvm
250,250,2,160,16,16,20,2,1,[250; 250; 2; 160; 16; 16; 20; 2; 1],0.01267974112124648,0.36053011869213764,tvm
300,150,1,256,256,128,1280,8,8,[300; 150; 1; 256; 256; 128; 1280; 8; 8],0.046006988995941356,0.09936378518124396,tvm
500,25,1,640,320,32,160,1,2,[500; 25; 1; 640; 320; 32; 160; 1; 2],0.05220254699815996,0.08757098713190577,tvm
1500,12,6,256,16,16,640,64,1,[1500; 12; 6; 256; 16; 16; 640; 64; 1],0.03827926950179972,0.11942308802976619,tvm
100,10,10,320,160,16,4,1,1,[100; 10; 10; 320; 160; 16; 4; 1; 1],0.02246995300083654,0.2034462898635516,tvm
60,15,15,320,32,16,4,2,1,[60; 15; 15; 320; 32; 16; 4; 2; 1],0.023957371253345627,0.1908151158608512,tvm
300,75,3,1280,160,32,80,8,2,[300; 75; 3; 1280; 160; 32; 80; 8; 2],0.02601581349154003,0.17571730259040852,tvm
100,50,1,320,320,80,64,8,5,[100; 50; 1; 320; 320; 80; 64; 8; 5],0.03385695398901589,0.13502185025007465,tvm
1500,75,15,640,32,16,128,32,1,[1500; 75; 15; 640; 32; 16; 128; 32; 1],0.04969697349588387,0.09198605568621193,tvm
300,4,4,256,64,32,40,8,2,[300; 4; 4; 256; 64; 32; 40; 8; 2],0.03465057576249819,0.13192936829569687,tvm
300,300,12,128,32,16,160,32,1,[300; 300; 12; 128; 32; 16; 160; 32; 1],0.02501973025209736,0.18271294395931215,tvm
250,10,10,128,64,32,1280,2,2,[250; 10; 10; 128; 64; 32; 1280; 2; 2],0.0566792925237678,0.08065429838439844,tvm
50,50,5,160,160,16,2,2,1,[50; 50; 5; 160; 160; 16; 2; 2; 1],0.009842218001722358,0.46447137938100796,tvm
75,75,15,32,16,16,160,32,1,[75; 75; 15; 32; 16; 16; 160; 32; 1],0.02566840499639511,0.1780955447785161,tvm
300,30,30,640,320,16,80,16,1,[300; 30; 30; 640; 320; 16; 80; 16; 1],0.055955343501409516,0.08169780195011075,tvm
1500,1500,4,128,128,16,80,4,1,[1500; 1500; 4; 128; 128; 16; 80; 4; 1],0.02889996924204752,0.158181087776988,tvm
75,15,1,320,32,16,320,2,1,[75; 15; 1; 320; 32; 16; 320; 2; 1],0.03581006125023123,0.12765765854139816,tvm
300,150,5,1280,320,32,256,1,2,[300; 150; 5; 1280; 320; 32; 256; 1; 2],0.02210165062570013,0.20683652315600565,tvm
250,2,1,160,32,32,16,16,2,[250; 2; 1; 160; 32; 32; 16; 16; 2],0.0389021915034391,0.11751082380601721,tvm
375,75,3,1280,320,16,256,32,1,[375; 75; 3; 1280; 320; 16; 256; 32; 1],0.025391011004103348,0.18004121894515346,tvm
100,1,1,640,16,16,8,1,1,[100; 1; 1; 640; 16; 16; 8; 1; 1],0.05455713949049823,0.08379157364408264,tvm
300,20,20,1280,160,16,5,5,1,[300; 20; 20; 1280; 160; 16; 5; 5; 1],0.05042390100425109,0.0906599545133005,tvm
10,2,2,1280,1280,16,40,2,1,[10; 2; 2; 1280; 1280; 16; 40; 2; 1],0.05122351448517293,0.08924472710188228,tvm
20,20,5,256,256,16,1280,5,1,[20; 20; 5; 256; 256; 16; 1280; 5; 1],0.02614758200070355,0.17483179023228873,tvm
60,30,2,256,128,128,320,2,8,[60; 30; 2; 256; 128; 128; 320; 2; 8],0.017343157123832498,0.26358687399231584,tvm
300,12,2,1280,320,16,1280,20,1,[300; 12; 2; 1280; 320; 16; 1280; 20; 1],0.0387655387603445,0.11792506224897226,tvm
60,12,4,256,256,32,40,1,2,[60; 12; 4; 256; 256; 32; 40; 1; 2],0.04171666374895722,0.10958279403498183,tvm
300,30,10,256,128,32,1280,64,2,[300; 30; 10; 256; 128; 32; 1280; 64; 2],0.03951227373909205,0.11569641882961955,tvm
750,150,1,640,640,80,320,40,5,[750; 150; 1; 640; 640; 80; 320; 40; 5],0.03552169074828271,0.12869400287905994,tvm
500,500,2,1280,160,32,1,1,2,[500; 500; 2; 1280; 160; 32; 1; 1; 2],0.08837376750307158,0.051728343156465344,tvm
100,50,10,320,32,32,20,5,2,[100; 50; 10; 320; 32; 32; 20; 5; 2],0.010826987938344246,0.42222533150135505,tvm
20,20,2,320,160,32,1280,4,2,[20; 20; 2; 320; 160; 32; 1280; 4; 2],0.0209188200024073,0.2185318565245315,tvm
300,150,3,256,128,64,10,5,4,[300; 150; 3; 256; 128; 64; 10; 5; 4],0.011029811499611242,0.41446116931279353,tvm
75,15,5,256,256,16,128,64,1,[75; 15; 5; 256; 256; 16; 128; 64; 1],0.012291320937947603,0.3719232940468566,tvm
250,1,1,1280,256,128,256,32,8,[250; 1; 1; 1280; 256; 128; 256; 32; 8],0.12906176899559796,0.03542047042284454,tvm
300,12,4,640,320,80,40,1,5,[300; 12; 4; 640; 320; 80; 40; 1; 5],0.0261277457466349,0.17496452299247228,tvm
30,2,2,1280,160,32,40,1,2,[30; 2; 2; 1280; 160; 32; 40; 1; 2],0.028321288991719484,0.16141315364442474,tvm
1500,6,2,128,128,32,64,16,2,[1500; 6; 2; 128; 128; 32; 64; 16; 2],0.029111144511261955,0.15703362571883994,tvm
150,2,1,640,640,160,320,32,10,[150; 2; 1; 640; 640; 160; 320; 32; 10],0.041177633742336184,0.11101727214423504,tvm
1500,750,1,1280,640,32,256,2,2,[1500; 750; 1; 1280; 640; 32; 256; 2; 2],0.1541153389844112,0.02966238533784734,tvm
10,10,10,64,16,16,320,8,1,[10; 10; 10; 64; 16; 16; 320; 8; 1],0.012962750253791455,0.3526588480011394,tvm
750,250,5,320,320,64,32,4,4,[750; 250; 5; 320; 320; 64; 32; 4; 4],0.010173625250899931,0.44934115997875934,tvm
60,60,2,1280,320,160,32,16,10,[60; 60; 2; 1280; 320; 160; 32; 16; 10],0.02116357849445194,0.2160045179801222,tvm
60,10,5,320,320,64,16,1,4,[60; 10; 5; 320; 320; 64; 16; 1; 4],0.026490822987398133,0.17256649873064464,tvm
1500,250,1,1280,320,16,256,32,1,[1500; 250; 1; 1280; 320; 16; 256; 32; 1],0.2711614849977195,0.01685869426281914,tvm
750,150,1,1280,256,16,640,64,1,[750; 150; 1; 1280; 256; 16; 640; 64; 1],0.1429746089852415,0.03197370920525095,tvm
500,2,2,1280,160,16,8,1,1,[500; 2; 2; 1280; 160; 16; 8; 1; 1],0.07787018598173745,0.05870576156708665,tvm
1500,20,1,640,128,32,40,10,2,[1500; 20; 1; 640; 128; 32; 40; 10; 2],0.06801972902030684,0.06720739169754414,tvm
1500,6,2,160,16,16,2,2,1,[1500; 6; 2; 160; 16; 16; 2; 2; 1],0.015106297498277854,0.3026174065451659,tvm
30,30,3,128,64,32,80,20,2,[30; 30; 3; 128; 64; 32; 80; 20; 2],0.017030169372446835,0.2684311865285791,tvm
10,10,2,64,32,16,320,40,1,[10; 10; 2; 64; 32; 16; 320; 40; 1],0.0195997457485646,0.23323917718490625,tvm
60,20,4,160,160,32,256,64,2,[60; 20; 4; 160; 160; 32; 256; 64; 2],0.01480007962527452,0.30887864708658813,tvm
250,5,1,160,16,16,20,10,1,[250; 5; 1; 160; 16; 16; 20; 10; 1],0.019319079125125427,0.23662766438402338,tvm
15,3,3,1280,320,80,320,16,5,[15; 3; 3; 1280; 320; 80; 320; 16; 5],0.03113434274564497,0.14682913362826702,tvm
1500,125,1,32,16,16,5,1,1,[1500; 125; 1; 32; 16; 16; 5; 1; 1],0.027372539261705242,0.16700783685874904,tvm
60,20,2,320,160,160,640,20,10,[60; 20; 2; 320; 160; 160; 640; 20; 10],0.011463961502158782,0.39876517123402105,tvm
750,10,1,1280,64,64,32,8,4,[750; 10; 1; 1280; 64; 64; 32; 8; 4],0.05081426401739009,0.0899634907604703,tvm
1500,10,2,1280,1280,160,1280,64,10,[1500; 10; 2; 1280; 1280; 160; 1280; 64; 10],0.25033460301347077,0.01826127317757417,tvm
500,250,2,320,16,16,40,10,1,[500; 250; 2; 320; 16; 16; 40; 10; 1],0.018222218997834716,0.2508711245305404,tvm
100,10,2,320,160,80,640,8,5,[100; 10; 2; 320; 160; 80; 640; 8; 5],0.013753826249740086,0.33237504156452174,tvm
300,15,1,640,640,160,128,32,10,[300; 15; 1; 640; 640; 160; 128; 32; 10],0.026168835509452038,0.17468979732695394,tvm
50,10,2,256,128,64,160,10,4,[50; 10; 2; 256; 128; 64; 160; 10; 4],0.016861981748661492,0.27110861816651255,tvm
1500,60,10,64,16,16,40,4,1,[1500; 60; 10; 64; 16; 16; 40; 4; 1],0.03254990324785467,0.14044369154092246,tvm
30,30,3,320,32,32,256,1,2,[30; 30; 3; 320; 32; 32; 256; 1; 2],0.01181267799984198,0.3869934126274943,tvm
1500,60,3,128,32,32,10,1,2,[1500; 60; 3; 128; 32; 32; 10; 1; 2],0.026862781989621,0.17017703427719585,tvm
60,12,1,1280,640,80,1280,64,5,[60; 12; 1; 1280; 640; 80; 1280; 64; 5],0.06302708250586875,0.07253117849779743,tvm
30,15,1,64,32,16,256,4,1,[30; 15; 1; 64; 32; 16; 256; 4; 1],0.06936225199024193,0.06590657656374382,tvm
300,150,5,160,160,80,320,10,5,[300; 150; 5; 160; 160; 80; 320; 10; 5],0.019799078501819167,0.2308909766183584,tvm
25,5,1,1280,320,32,640,64,2,[25; 5; 1; 1280; 320; 32; 640; 64; 2],0.0348411562590627,0.13120771702975487,tvm
60,20,4,640,320,64,8,8,4,[60; 20; 4; 640; 320; 64; 8; 8; 4],0.011165634499775479,0.40941950692730406,tvm
150,3,3,256,128,64,640,20,4,[150; 3; 3; 256; 128; 64; 640; 20; 4],0.026256917990394868,0.17410377612105357,tvm
150,150,30,1280,160,16,80,40,1,[150; 150; 30; 1280; 160; 16; 80; 40; 1],0.026694471001974307,0.17125001544666205,tvm
1500,250,5,1280,640,80,40,8,5,[1500; 250; 5; 1280; 640; 80; 40; 8; 5],0.07018583448370919,0.06513320821867045,tvm
1500,150,2,640,16,16,640,10,1,[1500; 150; 2; 640; 16; 16; 640; 10; 1],0.07396711001638323,0.06180353092632699,tvm
300,4,2,256,32,16,320,4,1,[300; 4; 2; 256; 32; 16; 320; 4; 1],0.026157476007938385,0.17476566049573034,tvm
375,125,1,1280,80,16,20,20,1,[375; 125; 1; 1280; 80; 16; 20; 20; 1],0.025992384005803615,0.1758756938343115,tvm
1500,750,2,320,32,16,64,2,1,[1500; 750; 2; 320; 32; 16; 64; 2; 1],0.03446798874938395,0.13262823672908033,tvm
250,25,5,1280,160,16,64,2,1,[250; 25; 5; 1280; 160; 16; 64; 2; 1],0.05285358350374736,0.08649231080243507,tvm
12,6,3,640,64,16,16,16,1,[12; 6; 3; 640; 64; 16; 16; 16; 1],0.01587822312285425,0.2879055506436804,tvm
5,5,5,640,64,16,32,16,1,[5; 5; 5; 640; 64; 16; 32; 16; 1],0.01513330025045434,0.3020774382171745,tvm
500,10,2,320,320,32,256,64,2,[500; 10; 2; 320; 320; 32; 256; 64; 2],0.02661890524905175,0.17173616002075895,tvm
750,150,6,640,640,32,320,4,2,[750; 150; 6; 640; 640; 32; 320; 4; 2],0.02713083974958863,0.16849565341956974,tvm
1500,150,2,1280,256,128,320,2,8,[1500; 150; 2; 1280; 256; 128; 320; 2; 8],0.0644694245129358,0.07090847492381934,tvm
2,1,1,64,16,16,256,64,1,[2; 1; 1; 64; 16; 16; 256; 64; 1],0.048337052008719184,0.09457400444288501,tvm
6,6,1,640,320,16,4,1,1,[6; 6; 1; 640; 320; 16; 4; 1; 1],0.01987443750113016,0.23001549458537468,tvm
250,2,1,256,256,128,1280,20,8,[250; 2; 1; 256; 256; 128; 1280; 20; 8],0.03827718424145132,0.11942959394798056,tvm
1500,12,2,1280,640,32,20,2,2,[1500; 12; 2; 1280; 640; 32; 20; 2; 2],0.11522711301222444,0.03967320235597319,tvm
100,100,4,1280,64,64,160,40,4,[100; 100; 4; 1280; 64; 64; 160; 40; 4],0.007611327437189175,0.6006085809805572,tvm
500,20,1,1280,320,32,320,32,2,[500; 20; 1; 1280; 320; 32; 320; 32; 2],0.054828191990964115,0.08337733573600165,tvm
30,1,1,320,32,16,32,16,1,[30; 1; 1; 320; 32; 16; 32; 16; 1],0.04357524449005723,0.10490884503176238,tvm
1500,75,5,256,32,32,16,2,2,[1500; 75; 5; 256; 32; 32; 16; 2; 2],0.02336952562473016,0.19561494935057575,tvm
750,250,5,640,128,16,320,20,1,[750; 250; 5; 640; 128; 16; 320; 20; 1],0.052068904507905245,0.08779575093104801,tvm
20,4,1,640,128,16,80,8,1,[20; 4; 1; 640; 128; 16; 80; 8; 1],0.03574902225227561,0.1278756252176261,tvm
30,30,1,128,32,16,160,32,1,[30; 30; 1; 128; 32; 16; 160; 32; 1],0.033365730501827784,0.13700969535728125,tvm
300,12,2,1280,16,16,1280,16,1,[300; 12; 2; 1280; 16; 16; 1280; 16; 1],0.03709276449808385,0.123243134699888,tvm
300,6,1,128,128,64,640,40,4,[300; 6; 1; 128; 128; 64; 640; 40; 4],0.03612603124929592,0.12654112321063962,tvm
1500,25,1,256,32,16,40,20,1,[1500; 25; 1; 256; 32; 16; 40; 20; 1],0.039381215756293386,0.11608144856975439,tvm
750,75,1,160,32,16,5,1,1,[750; 75; 1; 160; 32; 16; 5; 1; 1],0.010146150125365239,0.4505579470975954,tvm
12,12,6,160,32,16,16,4,1,[12; 12; 6; 160; 32; 16; 16; 4; 1],0.02869638049742207,0.15930331603455164,tvm
750,250,10,640,80,16,1280,64,1,[750; 250; 10; 640; 80; 16; 1280; 64; 1],0.06661694450303912,0.06862260954073057,tvm
100,10,10,64,64,32,40,1,2,[100; 10; 10; 64; 64; 32; 40; 1; 2],0.019544464877981227,0.23389888646062335,tvm
300,100,2,128,128,64,16,1,4,[300; 100; 2; 128; 128; 64; 16; 1; 4],0.02183520912512904,0.2093604208336867,tvm
500,10,10,320,16,16,128,64,1,[500; 10; 10; 320; 16; 16; 128; 64; 1],0.01600836649595294,0.28556496208306265,tvm
750,15,15,1280,32,16,1280,64,1,[750; 15; 15; 1280; 32; 16; 1280; 64; 1],0.07562327501364052,0.06045002111590647,tvm
500,10,1,640,320,160,64,32,10,[500; 10; 1; 640; 320; 160; 64; 32; 10],0.04503244724764954,0.10151410484730376,tvm
375,375,15,128,16,16,160,20,1,[375; 375; 15; 128; 16; 16; 160; 20; 1],0.009293981376686133,0.4918697796076887,tvm
750,6,6,128,128,64,160,40,4,[750; 6; 6; 128; 128; 64; 160; 40; 4],0.017816539999330416,0.2565834091019006,tvm
60,60,30,320,32,16,128,32,1,[60; 60; 30; 320; 32; 16; 128; 32; 1],0.02835024225350935,0.1612483071767295,tvm
125,25,5,1280,64,32,32,32,2,[125; 25; 5; 1280; 64; 32; 32; 32; 2],0.015659441371099092,0.29192794705087977,tvm
500,500,5,640,64,16,32,4,1,[500; 500; 5; 640; 64; 16; 32; 4; 1],0.03361332725035027,0.13600047794676248,tvm
15,15,1,320,64,16,1280,40,1,[15; 15; 1; 320; 64; 16; 1280; 40; 1],0.041425762508879416,0.11035230963941117,tvm
750,3,3,1280,256,32,1280,8,2,[750; 3; 3; 1280; 256; 32; 1280; 8; 2],0.06761952952365391,0.06760515199724135,tvm
250,25,25,640,640,16,32,16,1,[250; 25; 25; 640; 640; 16; 32; 16; 1],0.030498240754241124,0.14989154975415633,tvm
60,30,5,1280,640,32,640,8,2,[60; 30; 5; 1280; 640; 32; 640; 8; 2],0.01837042038096115,0.24884724881779718,tvm
750,125,1,640,320,64,20,2,4,[750; 125; 1; 640; 320; 64; 20; 2; 4],0.02102024187479401,0.21747744857828236,tvm
1500,10,1,640,320,16,128,2,1,[1500; 10; 1; 640; 320; 16; 128; 2; 1],0.13693870505085215,0.033383027608819386,tvm
1500,125,1,1280,640,16,1280,64,1,[1500; 125; 1; 1280; 640; 16; 1280; 64; 1],0.6056186730274931,0.007548361328715246,tvm
12,12,1,640,160,32,1280,2,2,[12; 12; 1; 640; 160; 32; 1280; 2; 2],0.04005805375345517,0.11412008680112841,tvm
100,100,10,64,64,32,640,4,2,[100; 100; 10; 64; 64; 32; 640; 4; 2],0.011559699938516133,0.39546256353911774,tvm
1500,1500,3,640,640,32,8,8,2,[1500; 1500; 3; 640; 640; 32; 8; 8; 2],0.039052884007105604,0.11705738737750605,tvm
60,10,1,320,320,160,160,2,10,[60; 10; 1; 320; 320; 160; 160; 2; 10],0.02387371625081869,0.19148374402212334,tvm
20,1,1,1280,32,16,80,5,1,[20; 1; 1; 1280; 32; 16; 80; 5; 1],0.12708426197059453,0.03597163409963647,tvm
1500,1500,20,160,16,16,256,1,1,[1500; 1500; 20; 160; 16; 16; 256; 1; 1],0.05061868697521277,0.09031108558124262,tvm
300,30,5,256,256,32,256,4,2,[300; 30; 5; 256; 256; 32; 256; 4; 2],0.02987758899689652,0.1530052700003143,tvm
1500,75,15,640,32,16,640,4,1,[1500; 75; 15; 640; 32; 16; 640; 4; 1],0.06185884898877703,0.07390096398751228,tvm
4,2,1,160,160,32,8,4,2,[4; 2; 1; 160; 160; 32; 8; 4; 2],0.030903228500392288,0.14792721645152843,tvm
500,50,10,320,320,32,80,1,2,[500; 50; 10; 320; 320; 32; 80; 1; 2],0.025685999004053883,0.17797355558205416,tvm
300,60,12,32,16,16,320,32,1,[300; 60; 12; 32; 16; 16; 320; 32; 1],0.012719485501293093,0.35940357579430626,tvm
1500,375,15,256,16,16,80,10,1,[1500; 375; 15; 256; 16; 16; 80; 10; 1],0.015156205001403578,0.30162092496144144,tvm
60,10,5,1280,320,80,1280,1,5,[60; 10; 5; 1280; 320; 80; 1280; 1; 5],0.06175613551749848,0.07402387686861116,tvm
60,60,2,256,64,64,32,16,4,[60; 60; 2; 256; 64; 64; 32; 16; 4],0.018857490875234362,0.24241976844502955,tvm
500,250,25,32,16,16,256,64,1,[500; 250; 25; 32; 16; 16; 256; 64; 1],0.07892548199743032,0.057920819179506686,tvm
750,2,1,256,128,64,40,10,4,[750; 2; 1; 256; 128; 64; 40; 10; 4],0.05004128150176257,0.09135314752615908,tvm
20,10,2,1280,256,64,2,1,4,[20; 10; 2; 1280; 256; 64; 2; 1; 4],0.016353832754248288,0.27953254996086696,tvm
6,1,1,640,128,128,40,10,8,[6; 1; 1; 640; 128; 128; 40; 10; 8],0.08391212249989621,0.05447876224837747,tvm
60,30,2,320,320,16,128,8,1,[60; 30; 2; 320; 320; 16; 128; 8; 1],0.018007022379606497,0.2538692114142011,tvm
300,300,12,640,64,32,640,64,2,[300; 300; 12; 640; 64; 32; 640; 64; 2],0.02175069799704943,0.21017387911177401,tvm
750,750,3,256,32,16,5,5,1,[750; 750; 3; 256; 32; 16; 5; 5; 1],0.01838057225540979,0.2487098066320054,tvm
500,100,20,320,320,16,16,4,1,[500; 100; 20; 320; 320; 16; 16; 4; 1],0.03382081699965056,0.13516611888695074,tvm
300,50,5,320,64,32,8,8,2,[300; 50; 5; 320; 64; 32; 8; 8; 2],0.02316936937131686,0.1973048337296523,tvm
3,3,3,256,128,16,256,4,1,[3; 3; 3; 256; 128; 16; 256; 4; 1],0.02391732624528231,0.19113459943417735,tvm
750,3,1,64,64,64,64,32,4,[750; 3; 1; 64; 64; 64; 64; 32; 4],0.048753474999102764,0.093766209926835,tvm
300,30,5,640,64,32,1280,10,2,[300; 30; 5; 640; 64; 32; 1280; 10; 2],0.021515865868423134,0.2124677946676382,tvm
1500,100,25,640,640,16,80,20,1,[1500; 100; 25; 640; 640; 16; 80; 20; 1],0.1082557940389961,0.042228026795331094,tvm
125,25,1,256,256,64,128,2,4,[125; 25; 1; 256; 256; 64; 128; 2; 4],0.03254504250071477,0.14046466743216487,tvm
250,50,2,320,160,80,5,1,5,[250; 50; 2; 320; 160; 80; 5; 1; 5],0.03272756125079468,0.13968130825261446,tvm
375,375,5,128,128,64,320,40,4,[375; 375; 5; 128; 128; 64; 320; 40; 4],0.012854349006374832,0.35563283439413945,tvm
1500,500,1,256,256,32,320,4,2,[1500; 500; 1; 256; 256; 32; 320; 4; 2],0.030178509754478,0.1514795995103849,tvm
250,250,5,640,16,16,5,5,1,[250; 250; 5; 640; 16; 16; 5; 5; 1],0.020068345496838447,0.22779299729261446,tvm
100,25,25,1280,64,16,1280,32,1,[100; 25; 25; 1280; 64; 16; 1280; 32; 1],0.02028608062391868,0.22534804313251838,tvm
250,250,1,1280,32,16,80,1,1,[250; 250; 1; 1280; 32; 16; 80; 1; 1],0.037386668744147755,0.1222742952230573,tvm
300,3,1,160,80,80,80,2,5,[300; 3; 1; 160; 80; 80; 80; 2; 5],0.05085969000356272,0.08988313871178419,tvm
60,60,2,640,128,32,160,8,2,[60; 60; 2; 640; 128; 32; 160; 8; 2],0.021398041251813993,0.21363771186491354,tvm
1500,300,4,640,320,32,1280,40,2,[1500; 300; 4; 640; 320; 32; 1280; 40; 2],0.05962429050123319,0.07667057390534521,tvm
60,15,3,1280,1280,32,128,32,2,[60; 15; 3; 1280; 1280; 32; 128; 32; 2],0.01302817012037849,0.35088800109218743,tvm
60,12,12,64,64,32,64,64,2,[60; 12; 12; 64; 64; 32; 64; 64; 2],0.03006613151228521,0.15204578512405753,tvm
300,30,3,640,128,32,20,20,2,[300; 30; 3; 640; 128; 32; 20; 20; 2],0.014135991128569003,0.3233893209079384,tvm
1500,250,25,640,16,16,5,5,1,[1500; 250; 25; 640; 16; 16; 5; 5; 1],0.10868895502062514,0.042059734317632214,tvm
150,10,10,1280,640,16,80,8,1,[150; 10; 10; 1280; 640; 16; 80; 8; 1],0.024238656500529032,0.18860074077656885,tvm
500,20,2,1280,256,16,160,1,1,[500; 20; 2; 1280; 256; 16; 160; 1; 1],0.05144902199390344,0.08885355628276613,tvm
12,12,2,1280,256,16,128,1,1,[12; 12; 2; 1280; 256; 16; 128; 1; 1],0.022669140751531813,0.2016586610641459,tvm
1,1,1,640,320,64,256,64,4,[1; 1; 1; 640; 320; 64; 256; 64; 4],0.05189318649354391,0.08809304034542778,tvm
12,12,2,1280,1280,32,1,1,2,[12; 12; 2; 1280; 1280; 32; 1; 1; 2],0.03286916024808306,0.13907956689265216,tvm
300,12,6,1280,256,32,2,2,2,[300; 12; 6; 1280; 256; 32; 2; 2; 2],0.02719210549548734,0.16811602073944668,tvm
1500,150,6,128,128,64,256,4,4,[1500; 150; 6; 128; 128; 64; 256; 4; 4],0.01721112474479014,0.2656089383590318,tvm
20,20,1,1280,80,16,128,4,1,[20; 20; 1; 1280; 80; 16; 128; 4; 1],0.033713588753016666,0.13559602345862762,tvm
1500,250,25,320,32,16,320,64,1,[1500; 250; 25; 320; 32; 16; 320; 64; 1],0.07235399598721415,0.0631814250070777,tvm
750,150,10,1280,64,32,1280,10,2,[750; 150; 10; 1280; 64; 32; 1280; 10; 2],0.04951067775255069,0.0923321751779708,tvm
30,10,1,64,64,64,40,5,4,[30; 10; 1; 64; 64; 64; 40; 5; 4],0.04108319875376765,0.11127245954793957,tvm
10,2,2,640,16,16,1280,5,1,[10; 2; 2; 640; 16; 16; 1280; 5; 1],0.026863516759476624,0.1701723796016362,tvm
300,6,1,320,64,32,1280,4,2,[300; 6; 1; 320; 64; 32; 1280; 4; 2],0.08635645397589542,0.05293673328347398,tvm
10,2,2,640,640,160,5,1,10,[10; 2; 2; 640; 640; 160; 5; 1; 10],0.07027052249759436,0.06505471154828926,tvm
125,25,5,1280,128,64,1280,16,4,[125; 25; 5; 1280; 128; 64; 1280; 16; 4],0.015495215251576155,0.29502194691768296,tvm
1500,60,20,320,320,16,128,64,1,[1500; 60; 20; 320; 320; 16; 128; 64; 1],0.073668667988386,0.06205390563257185,tvm
100,10,1,256,32,16,640,2,1,[100; 10; 1; 256; 32; 16; 640; 2; 1],0.03919947351096198,0.11661964210183051,tvm
300,12,1,320,64,32,20,10,2,[300; 12; 1; 320; 64; 32; 20; 10; 2],0.03096180025022477,0.14764737626635213,tvm
1500,6,1,160,160,160,20,4,10,[1500; 6; 1; 160; 160; 160; 20; 4; 10],0.032507485753740184,0.1406269499296051,tvm
375,15,15,64,16,16,160,1,1,[375; 15; 15; 64; 16; 16; 160; 1; 1],0.03817829549370799,0.11973893837617686,tvm
250,1,1,1280,16,16,32,4,1,[250; 1; 1; 1280; 16; 16; 32; 4; 1],0.06637093299650587,0.06887696714568163,tvm
300,60,2,320,160,160,20,4,10,[300; 60; 2; 320; 160; 160; 20; 4; 10],0.027837110246764496,0.1642206583551505,tvm
150,50,10,640,160,16,320,5,1,[150; 50; 10; 640; 160; 16; 320; 5; 1],0.015589600130624603,0.2932357811056579,tvm
60,4,1,160,160,80,64,1,5,[60; 4; 1; 160; 160; 80; 64; 1; 5],0.03243130900955293,0.14095726355300725,tvm
60,60,2,128,32,16,320,4,1,[60; 60; 2; 128; 32; 16; 320; 4; 1],0.031396416496136226,0.1456035140822887,tvm
500,500,2,640,640,160,320,32,10,[500; 500; 2; 640; 640; 160; 320; 32; 10],0.05555762650328688,0.08228264703061276,tvm
375,125,25,320,80,16,8,8,1,[375; 125; 25; 320; 80; 16; 8; 8; 1],0.03917209000792354,0.11670116581739409,tvm
250,50,2,1280,64,16,640,64,1,[250; 50; 2; 1280; 64; 16; 640; 64; 1],0.07549604002269916,0.06055189874931313,tvm
750,3,3,128,32,16,64,1,1,[750; 3; 3; 128; 32; 16; 64; 1; 1],0.05399918698822148,0.08465735923812538,tvm
500,100,5,320,320,64,320,16,4,[500; 100; 5; 320; 320; 64; 320; 16; 4],0.02103057837666711,0.21737055869563984,tvm
60,30,15,1280,160,16,160,32,1,[60; 30; 15; 1280; 160; 16; 160; 32; 1],0.01759764274902409,0.2597750526377795,tvm
750,25,25,128,16,16,640,16,1,[750; 25; 25; 128; 16; 16; 640; 16; 1],0.03414591476030182,0.13387922401608443,tvm
300,300,12,128,32,32,1280,40,2,[300; 300; 12; 128; 32; 32; 1280; 40; 2],0.028073789493646473,0.16283617758347713,tvm
12,12,4,1280,320,32,320,64,2,[12; 12; 4; 1280; 320; 32; 320; 64; 2],0.012984481996682007,0.3520686133337266,tvm
250,1,1,640,640,64,160,10,4,[250; 1; 1; 640; 640; 64; 160; 10; 4],0.12285448994953185,0.037210105819547146,tvm
1500,5,5,1280,1280,80,40,8,5,[1500; 5; 5; 1280; 1280; 80; 40; 8; 5],0.10997994104400277,0.04156602129473366,tvm
750,75,1,1280,1280,32,160,16,2,[750; 75; 1; 1280; 1280; 32; 160; 16; 2],0.08480142848566175,0.053907447705335655,tvm
1500,5,1,640,320,160,1280,32,10,[1500; 5; 1; 640; 320; 160; 1280; 32; 10],0.1985282599925995,0.023026588615640817,tvm
30,15,5,1280,128,64,64,16,4,[30; 15; 5; 1280; 128; 64; 64; 16; 4],0.009847709312452935,0.46421237938530185,tvm
1500,150,1,320,64,32,128,8,2,[1500; 150; 1; 320; 64; 32; 128; 8; 2],0.03703145275358111,0.1234471842584273,tvm
300,12,6,640,320,16,80,1,1,[300; 12; 6; 640; 320; 16; 80; 1; 1],0.052429828501772135,0.08719136991405678,tvm
150,10,5,64,64,16,10,5,1,[150; 10; 5; 64; 64; 16; 10; 5; 1],0.014566841498890426,0.3138242817962139,tvm
100,50,1,320,320,64,1280,32,4,[100; 50; 1; 320; 320; 64; 1280; 32; 4],0.12482294498477131,0.03662330328759906,tvm
75,15,1,256,64,32,1280,20,2,[75; 15; 1; 256; 64; 32; 1280; 20; 2],0.0387763937615091,0.11789205049713372,tvm
1500,750,2,1280,80,80,80,1,5,[1500; 750; 2; 1280; 80; 80; 80; 1; 5],0.1327559769852087,0.034434823013188384,tvm
500,20,2,1280,256,64,2,2,4,[500; 20; 2; 1280; 256; 64; 2; 2; 4],0.0342609235085547,0.1334298116712213,tvm
300,300,2,640,320,32,64,64,2,[300; 300; 2; 640; 320; 32; 64; 64; 2],0.0172480922556133,0.2650396637309743,tvm
60,60,30,64,16,16,1,1,1,[60; 60; 30; 64; 16; 16; 1; 1; 1],0.02731714874971658,0.16734647577287878,tvm
150,75,25,64,32,16,320,64,1,[150; 75; 25; 64; 32; 16; 320; 64; 1],0.030821585503872484,0.1483190594090044,tvm
300,4,2,640,640,64,256,1,4,[300; 4; 2; 640; 640; 64; 256; 1; 4],0.030680431751534343,0.14900144197612059,tvm
250,25,1,640,160,16,320,32,1,[250; 25; 1; 640; 160; 16; 320; 32; 1],0.09314173550228588,0.0490803456342767,tvm
750,1,1,1280,128,16,1,1,1,[750; 1; 1; 1280; 128; 16; 1; 1; 1],0.1835289190057665,0.02490849178534603,tvm
1500,1500,5,1280,256,64,64,32,4,[1500; 1500; 5; 1280; 256; 64; 64; 32; 4],0.05065201150137,0.09025166890568456,tvm
150,150,3,64,64,64,20,5,4,[150; 150; 3; 64; 64; 64; 20; 5; 4],0.006087980686061201,0.750894066056276,tvm
750,375,15,160,160,16,256,16,1,[750; 375; 15; 160; 160; 16; 256; 16; 1],0.007682659750571474,0.5950320227429734,tvm
12,12,6,16,16,16,64,1,1,[12; 12; 6; 16; 16; 16; 64; 1; 1],0.016408158495323732,0.2786070461673937,tvm
1500,20,10,1280,80,16,80,20,1,[1500; 20; 10; 1280; 80; 16; 80; 20; 1],0.07834322948474437,0.05835129087088192,tvm
150,6,1,1280,128,32,128,1,2,[150; 6; 1; 1280; 128; 32; 128; 1; 2],0.036987145998864435,0.12359506114824112,tvm
15,5,5,320,32,32,40,4,2,[15; 5; 5; 320; 32; 32; 40; 4; 2],0.014479600249615032,0.3157151090238221,tvm
500,500,4,1280,640,32,1280,4,2,[500; 500; 4; 1280; 640; 32; 1280; 4; 2],0.03539540299971122,0.1291531719942804,tvm
375,75,1,640,640,16,10,10,1,[375; 75; 1; 640; 640; 16; 10; 10; 1],0.021935941622359678,0.20839901245765702,tvm
100,50,2,1280,256,128,160,1,8,[100; 50; 2; 1280; 256; 128; 160; 1; 8],0.01866654912737431,0.24489950125407042,tvm
1500,5,5,160,32,32,640,8,2,[1500; 5; 5; 160; 32; 32; 640; 8; 2],0.012946896502398886,0.35309068629547996,tvm
1500,30,1,640,160,16,16,16,1,[1500; 30; 1; 640; 160; 16; 16; 16; 1],0.10777281899936497,0.04241726823027157,tvm
60,4,1,128,128,128,20,20,8,[60; 4; 1; 128; 128; 128; 20; 20; 8],0.01748707162187202,0.26141761584088447,tvm
300,20,5,1280,640,16,320,10,1,[300; 20; 5; 1280; 640; 16; 320; 10; 1],0.022966878255829215,0.1990444030097255,tvm
500,50,5,320,16,16,160,2,1,[500; 50; 5; 320; 16; 16; 160; 2; 1],0.02717259299242869,0.16823674401270222,tvm
750,375,5,640,64,64,1280,64,4,[750; 375; 5; 640; 64; 64; 1280; 64; 4],0.04715000851138029,0.09695498931511742,tvm
1500,500,10,1280,1280,16,8,1,1,[1500; 500; 10; 1280; 1280; 16; 8; 1; 1],0.1535432559903711,0.02977290368074031,tvm
3,3,3,32,32,16,1280,1,1,[3; 3; 3; 32; 32; 16; 1280; 1; 1],0.017993031375226565,0.2540666147963636,tvm
50,50,2,160,32,32,20,5,2,[50; 50; 2; 160; 32; 32; 20; 5; 2],0.009518536877294537,0.4802658885876916,tvm
12,3,3,320,80,80,80,8,5,[12; 3; 3; 320; 80; 80; 80; 8; 5],0.03176075650844723,0.1439332394432335,tvm
30,30,2,640,320,160,640,5,10,[30; 30; 2; 640; 320; 160; 640; 5; 10],0.03015586649416946,0.15159334162433843,tvm
500,500,25,160,16,16,1280,10,1,[500; 500; 25; 160; 16; 16; 1280; 10; 1],0.026695000255131163,0.17124662025616116,tvm
100,100,1,1280,1280,160,128,16,10,[100; 100; 1; 1280; 1280; 160; 128; 16; 10],0.01662561437842669,0.2749629858707919,tvm
150,10,1,640,640,16,16,8,1,[150; 10; 1; 640; 640; 16; 16; 8; 1],0.043977711742627434,0.10394875927565606,tvm
150,25,1,640,128,32,128,2,2,[150; 25; 1; 640; 128; 32; 128; 2; 2],0.03926833700097632,0.11641513037119229,tvm
100,20,4,1280,160,16,80,1,1,[100; 20; 4; 1280; 160; 16; 80; 1; 1],0.02678726900194306,0.17065676128077764,tvm
500,250,1,1280,128,32,40,2,2,[500; 250; 1; 1280; 128; 32; 40; 2; 2],0.039328557511908,0.1162368736774651,tvm
30,6,2,256,256,32,80,10,2,[30; 6; 2; 256; 256; 32; 80; 10; 2],0.015540526001132093,0.29416176589489657,tvm
1500,60,1,64,64,32,320,20,2,[1500; 60; 1; 64; 64; 32; 320; 20; 2],0.036674189497716725,0.1246497505204084,tvm
250,250,2,256,256,16,160,5,1,[250; 250; 2; 256; 256; 16; 160; 5; 1],0.036991418252000585,0.12358078677292504,tvm
25,25,1,80,16,16,640,4,1,[25; 25; 1; 80; 16; 16; 640; 4; 1],0.07273073599208146,0.06285414974937535,tvm
300,50,25,320,64,16,80,10,1,[300; 50; 25; 320; 64; 16; 80; 10; 1],0.013411909123533405,0.34084846007547476,tvm
100,10,10,640,80,16,64,8,1,[100; 10; 10; 640; 80; 16; 64; 8; 1],0.023324069123191293,0.195996185197512,tvm
1500,750,5,640,320,16,8,4,1,[1500; 750; 5; 640; 320; 16; 8; 4; 1],0.03985331875446718,0.11470634602836326,tvm
15,15,3,320,64,64,8,1,4,[15; 15; 3; 320; 64; 64; 8; 1; 4],0.01148656774967094,0.397980377694593,tvm
250,25,25,256,128,16,16,1,1,[250; 25; 25; 256; 128; 16; 16; 1; 1],0.027380636252928525,0.1669584493654573,tvm
1500,30,30,1280,80,16,8,2,1,[1500; 30; 30; 1280; 80; 16; 8; 2; 1],0.15131005900911987,0.030212324292022377,tvm
150,3,3,1280,640,32,1280,1,2,[150; 3; 3; 1280; 640; 32; 1280; 1; 2],0.027872159509570338,0.16401415074633527,tvm
12,12,4,1280,256,64,320,16,4,[12; 12; 4; 1280; 256; 64; 320; 16; 4],0.01258749925182201,0.3631721027325478,tvm
1500,300,10,160,16,16,16,16,1,[1500; 300; 10; 160; 16; 16; 16; 16; 1],0.013387384751695208,0.3414728609222727,tvm
20,10,1,1280,320,160,1280,32,10,[20; 10; 1; 1280; 320; 160; 1280; 32; 10],0.070879736013012,0.06449556429766266,tvm
500,10,5,64,16,16,10,1,1,[500; 10; 5; 64; 16; 16; 10; 1; 1],0.013520658627385274,0.33810694415207115,tvm
375,15,5,256,32,16,10,10,1,[375; 15; 5; 256; 32; 16; 10; 10; 1],0.015695387875894085,0.29125935641575607,tvm
1500,250,1,80,16,16,2,2,1,[1500; 250; 1; 80; 16; 16; 2; 2; 1],0.01877376525226282,0.24350089127046975,tvm
500,500,1,1280,640,16,32,16,1,[500; 500; 1; 1280; 640; 16; 32; 16; 1],0.10527461796300486,0.043423843846529496,tvm
250,5,5,64,32,16,256,2,1,[250; 5; 5; 64; 32; 16; 256; 2; 1],0.03537070273887366,0.1292433629373275,tvm
250,50,1,640,64,64,80,5,4,[250; 50; 1; 640; 64; 64; 80; 5; 4],0.038264793998678215,0.11946826557034342,tvm
25,5,5,640,640,64,10,5,4,[25; 5; 5; 640; 640; 64; 10; 5; 4],0.015494730752834585,0.29503117184480804,tvm
75,75,1,1280,80,16,320,2,1,[75; 75; 1; 1280; 80; 16; 320; 2; 1],0.07647971951519139,0.059773082333552954,tvm
1500,300,5,320,320,64,20,1,4,[1500; 300; 5; 320; 320; 64; 20; 1; 4],0.03276059949712362,0.139540443142072,tvm
300,25,25,320,16,16,1280,5,1,[300; 25; 25; 320; 16; 16; 1280; 5; 1],0.01534383312537102,0.2979326309193051,tvm
300,150,2,640,640,32,64,4,2,[300; 150; 2; 640; 640; 32; 64; 4; 2],0.015854665376537014,0.2883333367725145,tvm
60,1,1,128,16,16,80,20,1,[60; 1; 1; 128; 16; 16; 80; 20; 1],0.04019064750173129,0.11374359099916588,tvm
250,5,1,320,160,80,160,1,5,[250; 5; 1; 320; 160; 80; 160; 1; 5],0.06463437300408259,0.07072751477205202,tvm
1500,750,2,160,160,80,320,4,5,[1500; 750; 2; 160; 160; 80; 320; 4; 5],0.039080943999579176,0.11697334054872874,tvm
10,5,5,640,16,16,64,4,1,[10; 5; 5; 640; 16; 16; 64; 4; 1],0.03114960325183347,0.14675720054827654,tvm
15,15,3,160,80,80,80,1,5,[15; 15; 3; 160; 80; 80; 80; 1; 5],0.036446924990741536,0.12542700303495655,tvm
750,50,1,128,64,64,10,2,4,[750; 50; 1; 128; 64; 64; 10; 2; 4],0.02534843550529331,0.18034361806960264,tvm
300,60,1,256,64,32,32,8,2,[300; 60; 1; 256; 64; 32; 32; 8; 2],0.019494704247335903,0.23449591814419507,tvm
30,10,5,320,64,32,1280,10,2,[30; 10; 5; 320; 64; 32; 1280; 10; 2],0.02936566599237267,0.1556725657989823,tvm
500,500,2,1280,64,32,80,5,2,[500; 500; 2; 1280; 64; 32; 80; 5; 2],0.027377059988793917,0.1669802591403082,tvm
150,10,1,640,320,80,640,40,5,[150; 10; 1; 640; 320; 80; 640; 40; 5],0.06086643351591192,0.07510590496868019,tvm
100,5,5,640,128,64,10,1,4,[100; 5; 5; 640; 128; 64; 10; 1; 4],0.04288845325936563,0.10658879544531721,tvm
60,12,3,160,160,32,320,16,2,[60; 12; 3; 160; 160; 32; 320; 16; 2],0.029436811746563762,0.15529632117724865,tvm
500,2,2,640,32,16,64,32,1,[500; 2; 2; 640; 32; 16; 64; 32; 1],0.0552657975058537,0.08271713750162332,tvm
300,60,10,64,32,16,640,64,1,[300; 60; 10; 64; 32; 16; 640; 64; 1],0.034096228002454154,0.13407431963147162,tvm
20,20,2,320,320,160,4,1,10,[20; 20; 2; 320; 320; 160; 4; 1; 10],0.016112788376631215,0.2837143059644866,tvm
150,2,1,320,320,80,4,4,5,[150; 2; 1; 320; 320; 80; 4; 4; 5],0.036539124746923335,0.12511051107795063,tvm
250,10,2,1280,64,16,640,5,1,[250; 10; 2; 1280; 64; 16; 640; 5; 1],0.05329590800101869,0.08577447580668283,tvm
1500,12,3,640,64,16,8,8,1,[1500; 12; 3; 640; 64; 16; 8; 8; 1],0.046844749740557745,0.09758678606987352,tvm
1500,250,2,64,16,16,128,2,1,[1500; 250; 2; 64; 16; 16; 128; 2; 1],0.021179632749408484,0.21584078560362407,tvm
500,2,1,256,64,64,128,8,4,[500; 2; 1; 256; 64; 64; 128; 8; 4],0.028611328249098733,0.15977687339882843,tvm
100,5,5,64,16,16,256,64,1,[100; 5; 5; 64; 16; 16; 256; 64; 1],0.027259905997198075,0.16769788464782118,tvm
1500,500,4,1280,1280,16,256,1,1,[1500; 500; 4; 1280; 1280; 16; 256; 1; 1],0.21006357099395245,0.02176211967547757,tvm
300,6,1,160,32,32,16,2,2,[300; 6; 1; 160; 32; 32; 16; 2; 2],0.014280699251685292,0.32011237621218647,tvm
10,10,1,640,128,64,64,64,4,[10; 10; 1; 640; 128; 64; 64; 64; 4],0.025939220999134704,0.17623615495550418,tvm
300,150,1,80,80,16,128,4,1,[300; 150; 1; 80; 80; 16; 128; 4; 1],0.06171214100322686,0.07407664840520663,tvm
1500,15,1,1280,256,128,1280,16,8,[1500; 15; 1; 1280; 256; 128; 1280; 16; 8],0.32355316897155717,0.014128832630381177,tvm
15,3,1,64,64,32,5,1,2,[15; 3; 1; 64; 64; 32; 5; 1; 2],0.015952056877722498,0.28657298594595043,tvm
750,375,1,1280,1280,160,640,64,10,[750; 375; 1; 1280; 1280; 160; 640; 64; 10],0.17655237001599744,0.02589276241952659,tvm
150,150,10,1280,160,16,80,10,1,[150; 150; 10; 1280; 160; 16; 80; 10; 1],0.014217276504496112,0.3215403857400459,tvm
500,100,1,640,640,80,320,10,5,[500; 100; 1; 640; 640; 80; 320; 10; 5],0.02302612888161093,0.19853222375904422,tvm
1500,375,5,640,64,32,1280,20,2,[1500; 375; 5; 640; 64; 32; 1280; 20; 2],0.05001263099256903,0.09140548058964951,tvm
4,2,2,256,128,16,16,1,1,[4; 2; 2; 256; 128; 16; 16; 1; 1],0.025027231240528636,0.18265818250105448,tvm
500,25,1,1280,320,16,40,40,1,[500; 25; 1; 1280; 320; 16; 40; 40; 1],0.10930927499430254,0.04182104923545459,tvm
150,150,30,128,64,16,4,1,1,[150; 150; 30; 128; 64; 16; 4; 1; 1],0.022141406501759775,0.20646513901748922,tvm
300,6,3,320,16,16,1280,8,1,[300; 6; 3; 320; 16; 16; 1280; 8; 1],0.03960654775437433,0.11542103088052358,tvm
60,12,12,640,32,16,32,2,1,[60; 12; 12; 640; 32; 16; 32; 2; 1],0.028332028246950358,0.16135196998896956,tvm
60,60,4,256,64,32,1280,5,2,[60; 60; 4; 256; 64; 32; 1280; 5; 2],0.01810570825182367,0.2524854873306666,tvm
750,250,5,640,320,32,1280,20,2,[750; 250; 5; 640; 320; 32; 1280; 20; 2],0.02570141125761438,0.17786683095365924,tvm
12,12,12,128,64,16,160,8,1,[12; 12; 12; 128; 64; 16; 160; 8; 1],0.014847960250335746,0.3078825976332474,tvm
375,3,1,64,64,32,64,8,2,[375; 3; 1; 64; 64; 32; 64; 8; 2],0.027695948752807453,0.16505766284555173,tvm
500,10,5,64,32,32,640,5,2,[500; 10; 5; 64; 32; 32; 640; 5; 2],0.028054366499418393,0.16294891461988079,tvm
750,250,5,1280,1280,64,10,2,4,[750; 250; 5; 1280; 1280; 64; 10; 2; 4],0.060706699499860406,0.07530352677860676,tvm
75,1,1,1280,256,32,160,4,2,[75; 1; 1; 1280; 256; 32; 160; 4; 2],0.11014629696728662,0.04150324338898368,tvm
150,150,2,1280,1280,80,1280,8,5,[150; 150; 2; 1280; 1280; 80; 1280; 8; 5],0.07947924599284306,0.05751726144760129,tvm
300,150,3,640,128,64,40,40,4,[300; 150; 3; 640; 128; 64; 40; 40; 4],0.02852307325520087,0.16027124884219907,tvm
500,4,1,1280,256,128,64,2,8,[500; 4; 1; 1280; 256; 128; 64; 2; 8],0.11821741901803762,0.038669669913289705,tvm
250,50,25,128,64,16,1280,4,1,[250; 50; 25; 128; 64; 16; 1280; 4; 1],0.01876221074780915,0.2436508486593124,tvm
375,125,1,160,80,16,80,2,1,[375; 125; 1; 160; 80; 16; 80; 2; 1],0.027356625738320872,0.16710498638086652,tvm
15,3,3,128,16,16,4,4,1,[15; 3; 3; 128; 16; 16; 4; 4; 1],0.02837890350201633,0.16108545459142812,tvm
150,50,1,1280,1280,160,1280,20,10,[150; 50; 1; 1280; 1280; 160; 1280; 20; 10],0.0823348959966097,0.05552237014566472,tvm
1500,125,5,80,80,16,40,8,1,[1500; 125; 5; 80; 80; 16; 40; 8; 1],0.016737186873797327,0.27313004305313154,tvm
100,10,10,1280,640,16,40,40,1,[100; 10; 10; 1280; 640; 16; 40; 40; 1],0.03301266999915242,0.13847497253466443,tvm
60,10,2,256,256,16,160,20,1,[60; 10; 2; 256; 256; 16; 160; 20; 1],0.031407360249431804,0.14555277919325532,tvm
250,2,1,64,16,16,1280,8,1,[250; 2; 1; 64; 16; 16; 1280; 8; 1],0.039718514250125736,0.11509565898261413,tvm
300,300,3,320,64,16,160,40,1,[300; 300; 3; 320; 64; 16; 160; 40; 1],0.014683506000437774,0.31133086139592814,tvm
500,125,5,64,64,16,128,8,1,[500; 125; 5; 64; 64; 16; 128; 8; 1],0.01177767981425859,0.38814339016876603,tvm
100,25,25,1280,320,16,128,8,1,[100; 25; 25; 1280; 320; 16; 128; 8; 1],0.026725433999672532,0.17105161216407508,tvm
250,25,1,256,256,64,160,16,4,[250; 25; 1; 256; 256; 64; 160; 16; 4],0.020992324745748192,0.21776666599798453,tvm
100,2,2,256,256,16,80,1,1,[100; 2; 2; 256; 256; 16; 80; 1; 1],0.053511718491790816,0.08542855098420864,tvm
500,10,5,128,128,64,640,2,4,[500; 10; 5; 128; 128; 64; 640; 2; 4],0.033532600005855784,0.13632788899847506,tvm
75,75,1,64,32,32,8,8,2,[75; 75; 1; 64; 32; 32; 8; 8; 2],0.01835086512437556,0.2491124282394903,tvm
750,25,1,1280,160,16,320,4,1,[750; 25; 1; 1280; 160; 16; 320; 4; 1],0.1417449649889022,0.0322510825819209,tvm
300,75,5,256,16,16,40,10,1,[300; 75; 5; 256; 16; 16; 40; 10; 1],0.01440317587548634,0.3173903180068064,tvm
300,5,5,1280,640,80,40,40,5,[300; 5; 5; 1280; 640; 80; 40; 40; 5],0.027065917747677304,0.1688998176247275,tvm
150,30,10,256,128,32,20,10,2,[150; 30; 10; 256; 128; 32; 20; 10; 2],0.01313790374842938,0.34795722810612617,tvm
750,750,3,640,640,80,640,64,5,[750; 750; 3; 640; 640; 80; 640; 64; 5],0.042062894004629925,0.1086807905068393,tvm
50,50,5,1280,64,16,40,2,1,[50; 50; 5; 1280; 64; 16; 40; 2; 1],0.03260365000460297,0.14021217166738018,tvm
30,5,5,1280,80,16,64,16,1,[30; 5; 5; 1280; 80; 16; 64; 16; 1],0.028739953253534622,0.15906179565084533,tvm
500,10,10,128,128,16,8,2,1,[500; 10; 10; 128; 128; 16; 8; 2; 1],0.04798064574424643,0.09527651202936867,tvm
250,10,1,128,128,128,160,40,8,[250; 10; 1; 128; 128; 128; 160; 40; 8],0.01829945649660658,0.24981225930268963,tvm
1500,15,15,1280,32,16,20,4,1,[1500; 15; 15; 1280; 32; 16; 20; 4; 1],0.15771148703061044,0.028986021611357306,tvm
750,125,1,256,16,16,16,4,1,[750; 125; 1; 256; 16; 16; 16; 4; 1],0.022773742624849547,0.2007324244738088,tvm
750,750,10,640,640,16,256,32,1,[750; 750; 10; 640; 640; 16; 256; 32; 1],0.019357619996299036,0.23615654054075752,tvm
3,3,1,64,64,64,64,16,4,[3; 3; 1; 64; 64; 64; 64; 16; 4],0.0525539229856804,0.08698548674804293,tvm
10,10,2,320,320,32,64,32,2,[10; 10; 2; 320; 320; 32; 64; 32; 2],0.035937021995778196,0.12720666091824787,tvm
1500,4,1,1280,1280,80,128,1,5,[1500; 4; 1; 1280; 1280; 80; 128; 1; 5],0.2672515209997073,0.0171053416434385,tvm
50,10,5,160,80,16,32,1,1,[50; 10; 5; 160; 80; 16; 32; 1; 1],0.021616278747387696,0.21148083001941415,tvm
300,50,1,640,32,32,320,5,2,[300; 50; 1; 640; 32; 32; 320; 5; 2],0.029951470249216072,0.15262785210179194,tvm
100,1,1,320,320,16,16,1,1,[100; 1; 1; 320; 320; 16; 16; 1; 1],0.052139560983050615,0.08767677527846157,tvm
125,1,1,80,80,16,32,1,1,[125; 1; 1; 80; 80; 16; 32; 1; 1],0.07333564848522656,0.06233569438401414,tvm
300,30,2,1280,160,80,16,4,5,[300; 30; 2; 1280; 160; 80; 16; 4; 5],0.017680627373920288,0.25855578960798825,tvm
1500,300,30,64,32,16,40,2,1,[1500; 300; 30; 64; 32; 16; 40; 2; 1],0.020886809499643277,0.21886677194554996,tvm
300,100,4,320,320,32,1280,40,2,[300; 100; 4; 320; 320; 32; 1280; 40; 2],0.031091430748347193,0.14703178533112654,tvm
300,300,12,1280,320,16,32,1,1,[300; 300; 12; 1280; 320; 16; 32; 1; 1],0.051662516489159316,0.08848637043044205,tvm
300,30,2,640,640,64,160,32,4,[300; 30; 2; 640; 640; 64; 160; 32; 4],0.02973271900555119,0.15375077437670845,tvm
750,2,1,640,640,80,40,5,5,[750; 2; 1; 640; 640; 80; 40; 5; 5],0.12024612497771159,0.03801726311160477,tvm
500,20,2,128,64,64,20,10,4,[500; 20; 2; 128; 64; 64; 20; 10; 4],0.009248767812096048,0.4942743362472356,tvm
300,12,4,320,32,16,5,5,1,[300; 12; 4; 320; 32; 16; 5; 5; 1],0.029964691246277653,0.1525605097631852,tvm
300,3,1,640,80,80,80,16,5,[300; 3; 1; 640; 80; 80; 80; 16; 5],0.05268406099639833,0.08677061875964898,tvm
150,10,1,64,16,16,80,4,1,[150; 10; 1; 64; 16; 16; 80; 4; 1],0.02941936074057594,0.15538844000520854,tvm
60,60,4,320,160,16,640,64,1,[60; 60; 4; 320; 160; 16; 640; 64; 1],0.01584700812236406,0.28847265907418523,tvm
50,5,1,256,128,16,160,40,1,[50; 5; 1; 256; 128; 16; 160; 40; 1],0.035507418258930556,0.1287457324577182,tvm
150,30,2,320,160,32,32,16,2,[150; 30; 2; 320; 160; 32; 32; 16; 2],0.019161649499437772,0.23857176656752352,tvm
300,300,2,1280,64,64,32,1,4,[300; 300; 2; 1280; 64; 64; 32; 1; 4],0.03517477525747381,0.12996326310449563,tvm
1500,150,3,80,80,16,1280,4,1,[1500; 150; 3; 80; 80; 16; 1280; 4; 1],0.02011060775112128,0.22731429243721832,tvm
300,30,1,320,16,16,1280,4,1,[300; 30; 1; 320; 16; 16; 1280; 4; 1],0.051172894483897835,0.08933300759188102,tvm
750,25,1,160,32,16,40,5,1,[750; 25; 1; 160; 32; 16; 40; 5; 1],0.034224328759592026,0.13357248300004543,tvm
30,6,3,640,80,16,16,2,1,[30; 6; 3; 640; 80; 16; 16; 2; 1],0.016367586998967454,0.27929764917192496,tvm
100,20,20,160,160,16,160,20,1,[100; 20; 20; 160; 160; 16; 160; 20; 1],0.03171064950583968,0.14416067291799617,tvm
50,5,1,640,320,16,640,1,1,[50; 5; 1; 640; 320; 16; 640; 1; 1],0.10651853401213884,0.042916743211163726,tvm
1500,12,12,160,32,16,32,2,1,[1500; 12; 12; 160; 32; 16; 32; 2; 1],0.04441348649561405,0.1029288383356261,tvm
125,125,1,320,160,80,640,8,5,[125; 125; 1; 320; 160; 80; 640; 8; 5],0.06341621300089173,0.07208611733665475,tvm
125,5,5,640,128,16,320,5,1,[125; 5; 5; 640; 128; 16; 320; 5; 1],0.018629454374604393,0.24538714229120565,tvm
300,60,5,128,16,16,10,5,1,[300; 60; 5; 128; 16; 16; 10; 5; 1],0.012357627623714507,0.3699276843927486,tvm
100,2,2,1280,1280,64,20,2,4,[100; 2; 2; 1280; 1280; 64; 20; 2; 4],0.029009450256126,0.15758411590247945,tvm
250,125,1,128,128,32,160,40,2,[250; 125; 1; 128; 128; 32; 160; 40; 2],0.028976464993320405,0.15776350125808541,tvm
30,6,2,640,64,64,1280,8,4,[30; 6; 2; 640; 64; 64; 1280; 8; 4],0.05077526200329885,0.09003259443804677,tvm
20,20,4,256,64,16,10,2,1,[20; 20; 4; 256; 64; 16; 10; 2; 1],0.038341575753293,0.11922902180242163,tvm
150,50,5,640,80,16,160,8,1,[150; 50; 5; 640; 80; 16; 160; 8; 1],0.04119286949571688,0.11097621086833721,tvm
10,2,1,16,16,16,1280,40,1,[10; 2; 1; 16; 16; 16; 1280; 40; 1],0.0825419629982207,0.055383085225718644,tvm
60,6,2,640,160,160,640,5,10,[60; 6; 2; 640; 160; 160; 640; 5; 10],0.019581096130423248,0.2334613211119433,tvm
300,6,2,640,32,32,256,64,2,[300; 6; 2; 640; 32; 32; 256; 64; 2],0.02447204362397315,0.18680207675628438,tvm
1500,50,25,256,16,16,128,32,1,[1500; 50; 25; 256; 16; 16; 128; 32; 1],0.02494952150300378,0.1832271040099185,tvm
6,1,1,640,320,16,256,32,1,[6; 1; 1; 640; 320; 16; 256; 32; 1],0.051824873487930745,0.08820916026921302,tvm
50,5,5,640,160,32,320,32,2,[50; 5; 5; 640; 160; 32; 320; 32; 2],0.027612328995019197,0.16555751498735152,tvm
1500,10,10,1280,256,16,20,20,1,[1500; 10; 10; 1280; 256; 16; 20; 20; 1],0.10880968597484753,0.04201306648826562,tvm
375,75,15,320,64,16,160,2,1,[375; 75; 15; 320; 64; 16; 160; 2; 1],0.01757225962501252,0.26015029762715075,tvm
60,12,4,160,16,16,20,20,1,[60; 12; 4; 160; 16; 16; 20; 20; 1],0.01267813037702581,0.3605759236955405,tvm
50,2,1,320,320,16,160,4,1,[50; 2; 1; 320; 320; 16; 160; 4; 1],0.04048872225394007,0.11290621973094529,tvm
750,25,25,640,16,16,128,4,1,[750; 25; 25; 640; 16; 16; 128; 4; 1],0.05529734550509602,0.08266994608280581,tvm
1500,500,5,1280,160,16,40,40,1,[1500; 500; 5; 1280; 160; 16; 40; 40; 1],0.12414958100998774,0.03682194119576452,tvm
750,25,1,1280,160,16,80,1,1,[750; 25; 1; 1280; 160; 16; 80; 1; 1],0.11410587298450992,0.04006304366164529,tvm
50,1,1,80,80,80,160,10,5,[50; 1; 1; 80; 80; 80; 160; 10; 5],0.03629376024764497,0.12595632252585906,tvm
750,30,1,1280,320,16,64,64,1,[750; 30; 1; 1280; 320; 16; 64; 64; 1],0.11014501901809126,0.041503724927204534,tvm
500,500,25,256,128,16,10,2,1,[500; 500; 25; 256; 128; 16; 10; 2; 1],0.024799350248940755,0.1843366267881889,tvm
100,50,1,320,16,16,256,8,1,[100; 50; 1; 320; 16; 16; 256; 8; 1],0.07259318299475126,0.06297324876578428,tvm
1500,1500,6,256,64,32,20,10,2,[1500; 1500; 6; 256; 64; 32; 20; 10; 2],0.013589714748377446,0.33638885407615937,tvm
500,4,1,320,320,64,160,20,4,[500; 4; 1; 320; 320; 64; 160; 20; 4],0.05825158252264373,0.07847732839964566,tvm
150,150,5,256,128,32,1280,64,2,[150; 150; 5; 256; 128; 32; 1280; 64; 2],0.014525929873343557,0.3147081537146597,tvm
4,4,2,640,160,80,8,1,5,[4; 4; 2; 640; 160; 80; 8; 1; 5],0.03397815249627456,0.1345402335200477,tvm
500,100,10,320,320,16,20,4,1,[500; 100; 10; 320; 320; 16; 20; 4; 1],0.017005908004648518,0.2688141421310161,tvm
300,2,1,256,32,16,5,5,1,[300; 2; 1; 256; 32; 16; 5; 5; 1],0.028554571501445025,0.16009445532030595,tvm
1500,300,2,16,16,16,160,2,1,[1500; 300; 2; 16; 16; 16; 160; 2; 1],0.03795389176229946,0.12044689909690591,tvm
750,125,1,320,160,160,1280,5,10,[750; 125; 1; 320; 160; 160; 1280; 5; 10],0.039025979494908825,0.11713808674616207,tvm
60,20,4,256,32,16,160,2,1,[60; 20; 4; 256; 32; 16; 160; 2; 1],0.026263330000801943,0.17406126988805246,tvm
20,2,2,320,64,16,128,1,1,[20; 2; 2; 320; 64; 16; 128; 1; 1],0.052880911011015996,0.0864476137802593,tvm
100,5,1,256,64,16,1280,20,1,[100; 5; 1; 256; 64; 16; 1280; 20; 1],0.06941143149742857,0.06585988032242104,tvm
150,6,6,1280,32,16,128,32,1,[150; 6; 6; 1280; 32; 16; 128; 32; 1],0.02231750237115193,0.2048360293819301,tvm
375,15,1,256,256,32,4,1,2,[375; 15; 1; 256; 256; 32; 4; 1; 2],0.026896188006503507,0.16996566838108057,tvm
150,50,2,1280,1280,64,20,5,4,[150; 50; 2; 1280; 1280; 64; 20; 5; 4],0.015538604624453,0.2941981395314316,tvm
1500,5,5,80,80,80,320,8,5,[1500; 5; 5; 80; 80; 80; 320; 8; 5],0.030526025002473034,0.14975512111577652,tvm
12,6,3,1280,1280,64,40,8,4,[12; 6; 3; 1280; 1280; 64; 40; 8; 4],0.028670666753896512,0.15944618974748076,tvm
300,100,2,1280,160,32,40,10,2,[300; 100; 2; 1280; 160; 32; 40; 10; 2],0.015110191750864033,0.30253941490631103,tvm
1500,20,10,1280,128,16,64,64,1,[1500; 20; 10; 1280; 128; 16; 64; 64; 1],0.3244058510172181,0.014091695809721815,tvm
300,100,25,256,64,16,5,1,1,[300; 100; 25; 256; 64; 16; 5; 1; 1],0.023452378998626955,0.1949238741065975,tvm
150,75,1,1280,128,128,40,5,8,[150; 75; 1; 1280; 128; 128; 40; 5; 8],0.023063157124852296,0.19821347730846925,tvm
60,30,3,32,32,32,640,32,2,[60; 30; 3; 32; 32; 32; 640; 32; 2],0.016232277994276956,0.2816258182024931,tvm
20,2,1,256,32,16,256,2,1,[20; 2; 1; 256; 32; 16; 256; 2; 1],0.07466496352571994,0.06122588635369581,tvm
20,5,5,1280,128,16,256,64,1,[20; 5; 5; 1280; 128; 16; 256; 64; 1],0.03163796925218776,0.14449184569937146,tvm
125,25,1,1280,1280,64,8,8,4,[125; 25; 1; 1280; 1280; 64; 8; 8; 4],0.05809992350987159,0.07868217882682503,tvm
750,5,1,160,160,80,640,5,5,[750; 5; 1; 160; 160; 80; 640; 5; 5],0.02155694212706294,0.2120629421595712,tvm
30,30,3,128,32,16,10,1,1,[30; 30; 3; 128; 32; 16; 10; 1; 1],0.026088397004059516,0.1752284193895558,tvm
2,2,2,640,320,160,10,1,10,[2; 2; 2; 640; 320; 160; 10; 1; 10],0.057860703993355855,0.07900748272875334,tvm
125,125,1,640,320,160,320,16,10,[125; 125; 1; 640; 320; 160; 320; 16; 10],0.032081074750749394,0.14249611669639548,tvm
750,3,1,256,256,128,160,16,8,[750; 3; 1; 256; 256; 128; 160; 16; 8],0.08187612899928354,0.05583347218905005,tvm
5,1,1,1280,160,32,640,40,2,[5; 1; 1; 1280; 160; 32; 640; 40; 2],0.05060276499716565,0.09033950163957692,tvm
750,150,1,80,80,80,320,64,5,[750; 150; 1; 80; 80; 80; 320; 64; 5],0.029177793505368754,0.15667492370824485,tvm
4,4,4,320,320,80,20,4,5,[4; 4; 4; 320; 320; 80; 20; 4; 5],0.018242813748656772,0.25058791008953696,tvm
75,15,1,640,640,160,80,1,10,[75; 15; 1; 640; 640; 160; 80; 1; 10],0.02056573637673864,0.2222837289988407,tvm
12,2,1,640,320,64,160,4,4,[12; 2; 1; 640; 320; 64; 160; 4; 4],0.05448663650895469,0.0838999957480817,tvm
1500,30,10,640,320,16,80,16,1,[1500; 30; 10; 640; 320; 16; 80; 16; 1],0.0379575164988637,0.12043539707255144,tvm
300,50,1,256,128,64,80,40,4,[300; 50; 1; 256; 128; 64; 80; 40; 4],0.01790515513130231,0.2553135417093744,tvm
300,20,1,640,160,16,1280,8,1,[300; 20; 1; 640; 160; 16; 1280; 8; 1],0.06374317550216801,0.07171636077768183,tvm
75,3,3,1280,128,32,2,1,2,[75; 3; 3; 1280; 128; 32; 2; 1; 2],0.0625791109923739,0.07305039171914189,tvm
1500,60,4,1280,320,64,128,16,4,[1500; 60; 4; 1280; 320; 64; 128; 16; 4],0.05664667900418863,0.08070073394930259,tvm
6,3,1,640,64,16,80,1,1,[6; 3; 1; 640; 64; 16; 80; 1; 1],0.03500871824508067,0.13057971844116104,tvm
100,20,5,256,64,32,80,4,2,[100; 20; 5; 256; 64; 32; 80; 4; 2],0.012604554125573486,0.3626807045997416,tvm
20,4,1,1280,160,80,10,1,5,[20; 4; 1; 1280; 160; 80; 10; 1; 5],0.029613335253088735,0.15437060811823827,tvm
100,20,20,128,128,16,320,5,1,[100; 20; 20; 128; 128; 16; 320; 5; 1],0.05122984651825391,0.08923369641171398,tvm
500,50,1,64,64,64,40,4,4,[500; 50; 1; 64; 64; 64; 40; 4; 4],0.03184897149913013,0.14353457446980442,tvm
300,12,12,1280,128,32,1280,5,2,[300; 12; 12; 1280; 128; 32; 1280; 5; 2],0.04816000700520817,0.09492167579905467,tvm
300,300,6,640,16,16,1280,4,1,[300; 300; 6; 640; 16; 16; 1280; 4; 1],0.046886399752111174,0.09750009801558142,tvm
4,1,1,256,64,64,320,1,4,[4; 1; 1; 256; 64; 64; 320; 1; 4],0.07953330251621082,0.05747816860109391,tvm
30,2,2,640,128,32,256,8,2,[30; 2; 2; 640; 128; 32; 256; 8; 2],0.04948319726099726,0.09238345184763919,tvm
300,5,1,320,160,16,640,8,1,[300; 5; 1; 320; 160; 16; 640; 8; 1],0.045753569749649614,0.09991413995546392,tvm
20,10,1,64,16,16,10,1,1,[20; 10; 1; 64; 16; 16; 10; 1; 1],0.015453933003300335,0.2958100420425208,tvm
30,3,1,640,128,128,40,4,8,[30; 3; 1; 640; 128; 128; 40; 4; 8],0.06944615297834389,0.06582695189543657,tvm
50,50,2,640,160,16,10,5,1,[50; 50; 2; 640; 160; 16; 10; 5; 1],0.018248755499371327,0.25050631927125433,tvm
100,4,2,640,64,64,32,4,4,[100; 4; 2; 640; 64; 64; 32; 4; 4],0.032402512995759025,0.1410825318402588,tvm
60,12,12,64,32,16,640,1,1,[60; 12; 12; 64; 32; 16; 640; 1; 1],0.0377821852453053,0.12099428716862277,tvm
750,250,25,1280,320,16,1280,2,1,[750; 250; 25; 1280; 320; 16; 1280; 2; 1],0.0818991164851468,0.055817800821546644,tvm
375,15,3,640,80,16,64,4,1,[375; 15; 3; 640; 80; 16; 64; 4; 1],0.03875500876165461,0.11795710328807055,tvm
300,20,10,128,16,16,128,16,1,[300; 20; 10; 128; 16; 16; 128; 16; 1],0.012368897874694085,0.3695906149230483,tvm
500,20,5,640,320,80,256,32,5,[500; 20; 5; 640; 320; 80; 256; 32; 5],0.03711251249478664,0.12317755560394195,tvm
250,5,1,256,16,16,1280,20,1,[250; 5; 1; 256; 16; 16; 1280; 20; 1],0.07088599549024366,0.06448986911748678,tvm
1500,150,3,320,320,80,640,16,5,[1500; 150; 3; 320; 320; 80; 640; 16; 5],0.025329608499305323,0.18047766397786785,tvm
1500,300,20,1280,320,16,20,4,1,[1500; 300; 20; 1280; 320; 16; 20; 4; 1],0.09525743199628778,0.047990256252202164,tvm
20,20,2,128,64,64,256,64,4,[20; 20; 2; 128; 64; 64; 256; 64; 4],0.01021765818586573,0.44740472701976963,tvm
30,6,3,80,80,16,256,8,1,[30; 6; 3; 80; 80; 16; 256; 8; 1],0.015682338002079632,0.29150172447643685,tvm
750,150,3,640,128,64,160,2,4,[750; 150; 3; 640; 128; 64; 160; 2; 4],0.013226166876847856,0.34563518016930267,tvm
300,50,1,1280,160,80,20,5,5,[300; 50; 1; 1280; 160; 80; 20; 5; 5],0.018677412248507608,0.24475706327003868,tvm
1500,20,1,640,320,16,640,10,1,[1500; 20; 1; 640; 320; 16; 640; 10; 1],0.18020716903265566,0.0253676288017164,tvm
60,4,2,1280,80,80,4,4,5,[60; 4; 2; 1280; 80; 80; 4; 4; 5],0.025159860495477915,0.1816953067863875,tvm
12,12,6,320,64,16,64,64,1,[12; 12; 6; 320; 64; 16; 64; 64; 1],0.013749510377238039,0.3324793717015883,tvm
6,6,2,640,32,16,128,1,1,[6; 6; 2; 640; 32; 16; 128; 1; 1],0.04668174775724765,0.09792753680090796,tvm
50,2,1,64,32,16,128,32,1,[50; 2; 1; 64; 32; 16; 128; 32; 1],0.03692869551014155,0.12379068657253658,tvm
50,10,2,640,32,16,320,4,1,[50; 10; 2; 640; 32; 16; 320; 4; 1],0.03237806149991229,0.14118907555478438,tvm
300,20,1,256,32,16,40,40,1,[300; 20; 1; 256; 32; 16; 40; 40; 1],0.12299808603711426,0.03716666428491545,tvm
250,250,2,640,640,32,80,1,2,[250; 250; 2; 640; 640; 32; 80; 1; 2],0.01838183349900646,0.2486927417591753,tvm
25,25,5,640,16,16,160,20,1,[25; 25; 5; 640; 16; 16; 160; 20; 1],0.020268225627660286,0.22554656018777933,tvm
1500,60,4,640,640,16,320,16,1,[1500; 60; 4; 640; 640; 16; 320; 16; 1],0.06007994248648174,0.07608909699700801,tvm
15,1,1,1280,128,32,640,20,2,[15; 1; 1; 1280; 128; 32; 640; 20; 2],0.051915900490712374,0.0880544982985779,tvm
20,2,1,256,256,16,64,8,1,[20; 2; 1; 256; 256; 16; 64; 8; 1],0.03772491849667858,0.12117795753040671,tvm
500,500,1,256,256,64,16,2,4,[500; 500; 1; 256; 256; 64; 16; 2; 4],0.019455294248473365,0.23497092940587555,tvm
100,5,5,1280,320,64,20,4,4,[100; 5; 5; 1280; 320; 64; 20; 4; 4],0.035362410999368876,0.12927366777989655,tvm
12,12,1,1280,160,80,160,32,5,[12; 12; 1; 1280; 160; 80; 160; 32; 5],0.02820321050239727,0.16208894271239088,tvm
1500,12,1,640,640,80,640,32,5,[1500; 12; 1; 640; 640; 80; 640; 32; 5],0.20044902904191986,0.022805940209730573,tvm
150,10,5,640,32,32,128,4,2,[150; 10; 5; 640; 32; 32; 128; 4; 2],0.01672447650344111,0.27333761810051194,tvm
60,5,1,320,80,16,640,8,1,[60; 5; 1; 320; 80; 16; 640; 8; 1],0.0790033939993009,0.05786369850729482,tvm
300,30,1,640,64,16,4,4,1,[300; 30; 1; 640; 64; 16; 4; 4; 1],0.013546702124585863,0.33745693449122954,tvm
60,60,1,80,16,16,640,40,1,[60; 60; 1; 80; 16; 16; 640; 40; 1],0.07252956798765808,0.06302848201448634,tvm
1500,75,5,64,32,32,1280,64,2,[1500; 75; 5; 64; 32; 32; 1280; 64; 2],0.033915498497663066,0.13478877722359187,tvm
12,6,2,128,16,16,80,2,1,[12; 6; 2; 128; 16; 16; 80; 2; 1],0.03722840148839168,0.12279411386637175,tvm
30,10,5,640,32,32,160,20,2,[30; 10; 5; 640; 32; 32; 160; 20; 2],0.027777716488344595,0.16457179168585448,tvm
300,300,3,640,160,32,80,1,2,[300; 300; 3; 640; 160; 32; 80; 1; 2],0.030967962244176306,0.14761799744470605,tvm
60,6,6,640,128,16,40,40,1,[60; 6; 6; 640; 128; 16; 40; 40; 1],0.01579718224820681,0.28938253035268297,tvm
1500,5,5,160,16,16,256,8,1,[1500; 5; 5; 160; 16; 16; 256; 8; 1],0.029362340254010633,0.15569019812050422,tvm
1500,125,5,128,128,32,640,64,2,[1500; 125; 5; 128; 128; 32; 640; 64; 2],0.024927087251853663,0.18339200746724327,tvm
1500,50,2,1280,128,64,32,16,4,[1500; 50; 2; 1280; 128; 64; 32; 16; 4],0.060275304509559646,0.07584247991154561,tvm
60,2,1,640,320,80,64,64,5,[60; 2; 1; 640; 320; 80; 64; 64; 5],0.03991431625036057,0.11453105053220786,tvm
60,5,5,256,256,64,5,5,4,[60; 5; 5; 256; 256; 64; 5; 5; 4],0.02586874300322961,0.17671630085999335,tvm
15,5,1,640,640,80,160,5,5,[15; 5; 1; 640; 640; 80; 160; 5; 5],0.02998789574485272,0.15244245912830465,tvm
250,250,1,256,128,32,80,4,2,[250; 250; 1; 256; 128; 32; 80; 4; 2],0.01952541912032757,0.23412703938679288,tvm
1500,150,6,640,320,32,80,40,2,[1500; 150; 6; 640; 320; 32; 80; 40; 2],0.02664611625368707,0.17156078311397502,tvm
100,2,1,1280,320,64,640,40,4,[100; 2; 1; 1280; 320; 64; 640; 40; 4],0.04294829850550741,0.10644027192002406,tvm
500,20,2,640,160,80,32,1,5,[500; 20; 2; 640; 160; 80; 32; 1; 5],0.044356395505019464,0.10306131775092633,tvm
500,2,1,640,64,64,64,8,4,[500; 2; 1; 640; 64; 64; 64; 8; 4],0.07370123651344329,0.06202648405491449,tvm
1500,1500,6,640,320,64,1,1,4,[1500; 1500; 6; 640; 320; 64; 1; 1; 4],0.2244537069927901,0.02036691054327481,tvm
300,10,5,16,16,16,640,40,1,[300; 10; 5; 16; 16; 16; 640; 40; 1],0.013940536751761101,0.3279234259650056,tvm
60,12,3,1280,320,80,128,64,5,[60; 12; 3; 1280; 320; 80; 128; 64; 5],0.021254743871395476,0.21507803618282018,tvm
60,30,10,1280,128,16,2,1,1,[60; 30; 10; 1280; 128; 16; 2; 1; 1],0.017728782127960585,0.2578535027636691,tvm
150,30,2,640,128,64,320,5,4,[150; 30; 2; 640; 128; 64; 320; 5; 4],0.022186463997059036,0.20604583822075231,tvm
1500,750,1,1280,320,80,160,16,5,[1500; 750; 1; 1280; 320; 80; 160; 16; 5],0.13012459903256968,0.035131163557202284,tvm
30,3,1,128,128,32,320,8,2,[30; 3; 1; 128; 128; 32; 320; 8; 2],0.026011704496340826,0.175745060154426,tvm
750,75,1,1280,1280,80,1280,2,5,[750; 75; 1; 1280; 1280; 80; 1280; 2; 5],0.198568855994381,0.023021880992042033,tvm
1500,10,1,320,32,16,20,2,1,[1500; 10; 1; 320; 32; 16; 20; 2; 1],0.034708506005699746,0.13170917154077053,tvm
30,6,1,128,128,16,256,1,1,[30; 6; 1; 128; 128; 16; 256; 1; 1],0.03656358949956484,0.1250267994471106,tvm
12,12,6,1280,320,32,320,1,2,[12; 12; 6; 1280; 320; 32; 320; 1; 2],0.03602461176342331,0.12689737231450354,tvm
150,150,10,1280,32,16,16,4,1,[150; 150; 10; 1280; 32; 16; 16; 4; 1],0.019556843748432584,0.23375083578069475,tvm
1500,50,5,1280,1280,80,40,10,5,[1500; 50; 5; 1280; 1280; 80; 40; 10; 5],0.07918216200778261,0.05773306077420894,tvm
750,250,2,1280,1280,160,80,20,10,[750; 250; 2; 1280; 1280; 160; 80; 20; 10],0.03608250475372188,0.1266937703640719,tvm
125,1,1,1280,160,16,4,4,1,[125; 1; 1; 1280; 160; 16; 4; 4; 1],0.06814968399703503,0.06707923358276262,tvm
750,15,3,640,16,16,4,4,1,[750; 15; 3; 640; 16; 16; 4; 4; 1],0.022888084626174532,0.1997296255275438,tvm
750,15,15,640,160,16,64,8,1,[750; 15; 15; 640; 160; 16; 64; 8; 1],0.05584529001498595,0.08185880259914202,tvm
1500,4,4,640,80,80,40,8,5,[1500; 4; 4; 640; 80; 80; 40; 8; 5],0.060437640495365486,0.07563876640384597,tvm
75,15,1,640,640,160,64,8,10,[75; 15; 1; 640; 640; 160; 64; 8; 10],0.017688319749140646,0.2584433477154135,tvm
300,300,1,256,256,32,40,20,2,[300; 300; 1; 256; 256; 32; 40; 20; 2],0.018989288371813018,0.2407372241612923,tvm
12,4,1,80,80,16,320,5,1,[12; 4; 1; 80; 80; 16; 320; 5; 1],0.03775748774933163,0.12107343056767578,tvm
750,6,1,1280,1280,64,64,16,4,[750; 6; 1; 1280; 1280; 64; 64; 16; 4],0.08154587299213745,0.05605959447965372,tvm
6,2,1,320,32,32,80,8,2,[6; 2; 1; 320; 32; 32; 80; 8; 2],0.03266803074802738,0.13993584757797536,tvm
25,1,1,64,64,64,160,5,4,[25; 1; 1; 64; 64; 64; 160; 5; 4],0.06768564248341136,0.06753911765776552,tvm
60,60,12,320,64,32,256,32,2,[60; 60; 12; 320; 64; 32; 256; 32; 2],0.013569724498665892,0.33688440556608296,tvm
150,150,3,1280,1280,32,16,4,2,[150; 150; 3; 1280; 1280; 32; 16; 4; 2],0.028616262250579894,0.15974932475103154,tvm
150,75,3,160,160,32,320,1,2,[150; 75; 3; 160; 160; 32; 320; 1; 2],0.03179042624833528,0.1437989077503469,tvm
100,10,1,160,160,16,8,2,1,[100; 10; 1; 160; 160; 16; 8; 2; 1],0.012607382253918331,0.36259934690310414,tvm
60,12,2,1280,32,32,20,4,2,[60; 12; 2; 1280; 32; 32; 20; 4; 2],0.030933750749682076,0.14778125706193437,tvm
60,12,1,1280,64,16,320,8,1,[60; 12; 1; 1280; 64; 16; 320; 8; 1],0.046088920746115036,0.09918714731053689,tvm
1500,125,5,1280,128,64,8,2,4,[1500; 125; 5; 1280; 128; 64; 8; 2; 4],0.1076836540014483,0.04245239088345839,tvm
1500,1500,3,64,64,16,16,2,1,[1500; 1500; 3; 64; 64; 16; 16; 2; 1],0.013863635125744622,0.3297424182016647,tvm
15,5,5,128,16,16,320,2,1,[15; 5; 5; 128; 16; 16; 320; 2; 1],0.026994351006578654,0.16934760055222267,tvm
750,10,5,1280,320,80,64,8,5,[750; 10; 5; 1280; 320; 80; 64; 8; 5],0.04761851276271045,0.09600107828248698,tvm
300,150,5,1280,1280,64,128,1,4,[300; 150; 5; 1280; 1280; 64; 128; 1; 4],0.019872201628459152,0.23004137422205848,tvm
300,300,1,640,16,16,20,4,1,[300; 300; 1; 640; 16; 16; 20; 4; 1],0.024339265248272568,0.18782114105737108,tvm
1500,12,2,640,640,80,640,5,5,[1500; 12; 2; 640; 640; 80; 640; 5; 5],0.10405157698551193,0.04393425552853557,tvm
50,50,5,1280,640,16,10,1,1,[50; 50; 5; 1280; 640; 16; 10; 1; 1],0.02312176150007872,0.19771108578440308,tvm
500,50,1,640,64,32,640,2,2,[500; 50; 1; 640; 64; 32; 640; 2; 2],0.050627873511984944,0.09029469844010721,tvm
20,4,4,1280,160,32,40,1,2,[20; 4; 4; 1280; 160; 32; 40; 1; 2],0.030913337745005265,0.14787884146114852,tvm
750,25,1,640,160,32,4,2,2,[750; 25; 1; 640; 160; 32; 4; 2; 2],0.018400119624857325,0.24844558973697534,tvm
750,25,25,640,160,16,160,10,1,[750; 25; 25; 640; 160; 16; 160; 10; 1],0.027200321754207835,0.16806523881363208,tvm
1500,30,2,64,64,16,160,8,1,[1500; 30; 2; 64; 64; 16; 160; 8; 1],0.05674161697970703,0.08056570846515511,tvm
250,5,5,640,16,16,640,2,1,[250; 5; 5; 640; 16; 16; 640; 2; 1],0.018941340618766844,0.24134662183833266,tvm
75,3,3,320,64,32,64,4,2,[75; 3; 3; 320; 64; 32; 64; 4; 2],0.016000115254428238,0.2857122276143211,tvm
30,30,2,320,160,32,1280,1,2,[30; 30; 2; 320; 160; 32; 1280; 1; 2],0.03863121599715669,0.11833509387240193,tvm
300,25,1,1280,160,160,1280,10,10,[300; 25; 1; 1280; 160; 160; 1280; 10; 10],0.0666351179825142,0.06860389401018492,tvm
10,10,5,640,128,16,256,8,1,[10; 10; 5; 640; 128; 16; 256; 8; 1],0.027819658746011555,0.16432367532488037,tvm
300,100,10,640,32,16,20,5,1,[300; 100; 10; 640; 32; 16; 20; 5; 1],0.018392627498542424,0.24854679255537837,tvm
100,2,1,256,256,128,160,16,8,[100; 2; 1; 256; 256; 128; 160; 16; 8],0.06731379748089239,0.06791220734094243,tvm
300,10,10,1280,1280,16,640,20,1,[300; 10; 10; 1280; 1280; 16; 640; 20; 1],0.041056332003790885,0.11134527485325466,tvm
150,6,2,128,128,128,80,10,8,[150; 6; 2; 128; 128; 128; 80; 10; 8],0.01737019587744726,0.2631765700100092,tvm
10,2,1,320,80,16,20,2,1,[10; 2; 1; 320; 80; 16; 20; 2; 1],0.030413230750127696,0.1503105213973158,tvm
500,25,1,1280,320,64,32,16,4,[500; 25; 1; 1280; 320; 64; 32; 16; 4],0.0635716820252128,0.07190982566129875,tvm
1500,300,2,320,160,32,640,8,2,[1500; 300; 2; 320; 160; 32; 640; 8; 2],0.019226579752285033,0.23776608374067512,tvm
300,60,3,1280,80,16,128,64,1,[300; 60; 3; 1280; 80; 16; 128; 64; 1],0.03936384450935293,0.1161326752609845,tvm
750,375,1,128,32,16,640,32,1,[750; 375; 1; 128; 32; 16; 640; 32; 1],0.06936794449575245,0.06590116810666763,tvm
1500,750,3,1280,16,16,256,8,1,[1500; 750; 3; 1280; 16; 16; 256; 8; 1],0.10417754499940202,0.043881131691621375,tvm
750,25,1,128,64,32,16,4,2,[750; 25; 1; 128; 64; 32; 16; 4; 2],0.013843644373991992,0.3302185788604119,tvm
300,300,25,32,16,16,160,32,1,[300; 300; 25; 32; 16; 16; 160; 32; 1],0.015710821375250816,0.29097323826938304,tvm
10,10,2,320,320,160,80,4,10,[10; 10; 2; 320; 320; 160; 80; 4; 10],0.02772074924723711,0.16490999325655673,tvm
750,5,1,256,256,16,1280,1,1,[750; 5; 1; 256; 256; 16; 1280; 1; 1],0.06095928649301641,0.0749915039106024,tvm
15,15,3,256,128,32,2,2,2,[15; 15; 3; 256; 128; 32; 2; 2; 2],0.010808405437273905,0.42295124826309044,tvm
50,50,10,256,64,32,320,20,2,[50; 50; 10; 256; 64; 32; 320; 20; 2],0.015609370253514498,0.2928643819182456,tvm
2,2,2,1280,640,64,640,1,4,[2; 2; 2; 1280; 640; 64; 640; 1; 4],0.03407100799086038,0.13417356400652622,tvm
60,60,6,16,16,16,160,10,1,[60; 60; 6; 16; 16; 16; 160; 10; 1],0.017321937128144782,0.26390977738863214,tvm
30,15,1,640,32,32,20,1,2,[30; 15; 1; 640; 32; 32; 20; 1; 2],0.020557559881126508,0.22237213939118866,tvm
500,500,5,320,32,16,80,8,1,[500; 500; 5; 320; 32; 16; 80; 8; 1],0.014565294499334414,0.31385761349607255,tvm
20,10,1,1280,1280,160,20,20,10,[20; 10; 1; 1280; 1280; 160; 20; 20; 10],0.02331626962404698,0.1960617476611215,tvm
750,6,6,320,64,16,8,4,1,[750; 6; 6; 320; 64; 16; 8; 4; 1],0.01923381324741058,0.23767666414479804,tvm
300,300,5,640,160,80,10,5,5,[300; 300; 5; 640; 160; 80; 10; 5; 5],0.016179476122488268,0.28254490669661586,tvm
60,20,2,320,320,160,640,10,10,[60; 20; 2; 320; 320; 160; 640; 10; 10],0.029760721750790253,0.1536061057157387,tvm
12,12,6,320,64,16,160,10,1,[12; 12; 6; 320; 64; 16; 160; 10; 1],0.036456321002333425,0.1253946763069146,tvm
100,50,5,64,32,16,320,32,1,[100; 50; 5; 64; 32; 16; 320; 32; 1],0.02020776462450158,0.22622138847984158,tvm
150,50,10,256,256,32,64,1,2,[150; 50; 10; 256; 256; 32; 64; 1; 2],0.021187767750234343,0.21575791396797855,tvm
20,5,5,160,16,16,320,32,1,[20; 5; 5; 160; 16; 16; 320; 32; 1],0.013949639251222834,0.3277094474703235,tvm
100,4,1,80,80,80,320,2,5,[100; 4; 1; 80; 80; 80; 320; 2; 5],0.05255178100196645,0.08698903223199063,tvm
750,50,5,128,32,32,160,5,2,[750; 50; 5; 128; 32; 32; 160; 5; 2],0.012435770062438678,0.367603176037826,tvm
150,5,5,320,160,32,640,10,2,[150; 5; 5; 320; 160; 32; 640; 10; 2],0.013155715627362952,0.34748611941111934,tvm
1500,6,2,256,256,64,16,8,4,[1500; 6; 2; 256; 256; 64; 16; 8; 4],0.03748906274267938,0.12194032704435244,tvm
1500,12,2,128,128,32,5,1,2,[1500; 12; 2; 128; 128; 32; 5; 1; 2],0.01652915612066863,0.2765675717535452,tvm
60,4,1,640,640,128,320,16,8,[60; 4; 1; 640; 640; 128; 320; 16; 8],0.03295810024428647,0.138704249867104,tvm
60,30,3,1280,160,16,40,1,1,[60; 30; 3; 1280; 160; 16; 40; 1; 1],0.04528546474466566,0.10094692849469006,tvm
300,20,20,320,160,16,64,1,1,[300; 20; 20; 320; 160; 16; 64; 1; 1],0.023903010245703626,0.1912490738378966,tvm
150,75,3,128,32,32,64,4,2,[150; 75; 3; 128; 32; 32; 64; 4; 2],0.009791277188924141,0.46688787205409277,tvm
30,30,3,320,320,64,640,1,4,[30; 30; 3; 320; 320; 64; 640; 1; 4],0.027530551757081412,0.1660492899584807,tvm
300,12,2,160,160,160,1280,16,10,[300; 12; 2; 160; 160; 160; 1280; 16; 10],0.06214742799056694,0.073557807929275,tvm
1500,150,1,160,16,16,80,2,1,[1500; 150; 1; 160; 16; 16; 80; 2; 1],0.0559632295044139,0.08168628958534312,tvm
60,60,3,128,64,16,80,20,1,[60; 60; 3; 128; 64; 16; 80; 20; 1],0.025360746993101202,0.1802560694553722,tvm
1500,1500,4,256,64,16,40,20,1,[1500; 1500; 4; 256; 64; 16; 40; 20; 1],0.019238593624322675,0.2376176066034825,tvm
1500,60,2,1280,80,80,80,40,5,[1500; 60; 2; 1280; 80; 80; 80; 40; 5],0.11920370598090813,0.03834971852436148,tvm
1500,60,3,256,64,64,1280,5,4,[1500; 60; 3; 256; 64; 64; 1280; 5; 4],0.023972676623088773,0.1906932898358833,tvm
60,30,1,160,16,16,64,8,1,[60; 30; 1; 160; 16; 16; 64; 8; 1],0.02386379462404875,0.19156335542804714,tvm
75,75,3,640,64,16,64,8,1,[75; 75; 3; 640; 64; 16; 64; 8; 1],0.024162913498003036,0.18919194375323908,tvm
300,5,5,1280,32,32,128,32,2,[300; 5; 5; 1280; 32; 32; 128; 32; 2],0.01882293587550521,0.24286480077624312,tvm
250,2,1,64,32,32,16,16,2,[250; 2; 1; 64; 32; 32; 16; 16; 2],0.03950720799912233,0.11571125379272887,tvm
30,30,2,640,128,128,320,16,8,[30; 30; 2; 640; 128; 128; 320; 16; 8],0.008894300626707263,0.5139727971080452,tvm
300,300,5,256,64,16,256,64,1,[300; 300; 5; 256; 64; 16; 256; 64; 1],0.025337195504107513,0.18042362149699953,tvm
1500,100,25,64,16,16,1280,32,1,[1500; 100; 25; 64; 16; 16; 1280; 32; 1],0.03861913800938055,0.11837210272062977,tvm
60,10,2,64,16,16,640,4,1,[60; 10; 2; 64; 16; 16; 640; 4; 1],0.01999034025357105,0.22868187901963988,tvm
4,4,2,1280,128,64,2,1,4,[4; 4; 2; 1280; 128; 64; 2; 1; 4],0.031583618503645994,0.14474049485181215,tvm
30,10,2,64,64,64,640,40,4,[30; 10; 2; 64; 64; 64; 640; 40; 4],0.012282108127692482,0.37220227373844456,tvm
20,10,1,1280,160,16,20,20,1,[20; 10; 1; 1280; 160; 16; 20; 20; 1],0.05175133250304498,0.08833450947682546,tvm
1500,30,3,32,16,16,32,8,1,[1500; 30; 3; 32; 16; 16; 32; 8; 1],0.034908334258943796,0.13095521939026164,tvm
150,50,25,16,16,16,160,4,1,[150; 50; 25; 16; 16; 16; 160; 4; 1],0.04492523150111083,0.10175637205821716,tvm
20,5,5,640,320,80,320,16,5,[20; 5; 5; 640; 320; 80; 320; 16; 5],0.047390267747687176,0.09646344679391845,tvm
750,2,1,128,128,128,16,4,8,[750; 2; 1; 128; 128; 128; 16; 4; 8],0.07986778300255537,0.0572374541970485,tvm
30,15,15,1280,64,16,8,4,1,[30; 15; 15; 1280; 64; 16; 8; 4; 1],0.020162820248515345,0.2267256522194697,tvm
250,10,10,256,256,16,1280,8,1,[250; 10; 10; 256; 256; 16; 1280; 8; 1],0.0168486103793839,0.2713237749875331,tvm
50,10,1,640,160,80,160,16,5,[50; 10; 1; 640; 160; 80; 160; 16; 5],0.02942036349850241,0.15538314377595205,tvm
750,3,3,128,32,16,2,2,1,[750; 3; 3; 128; 32; 16; 2; 2; 1],0.017230608129466418,0.2653086029860361,tvm
150,30,15,256,256,16,40,40,1,[150; 30; 15; 256; 256; 16; 40; 40; 1],0.025993663992267102,0.17586703331967873,tvm
300,2,2,256,64,32,160,2,2,[300; 2; 2; 256; 64; 32; 160; 2; 2],0.05039263001526706,0.09071621326459052,tvm
1500,5,5,32,32,16,16,4,1,[1500; 5; 5; 32; 32; 16; 16; 4; 1],0.028269939502933994,0.16170634432925216,tvm
75,5,5,1280,256,32,160,4,2,[75; 5; 5; 1280; 256; 32; 160; 4; 2],0.04321164125576615,0.10579159778659324,tvm
10,2,2,128,32,32,16,2,2,[10; 2; 2; 128; 32; 32; 16; 2; 2],0.022337758375215344,0.20465028292636375,tvm
125,125,25,80,80,16,64,8,1,[125; 125; 25; 80; 80; 16; 64; 8; 1],0.009462977624934865,0.48308563674322724,tvm
100,50,10,640,128,16,2,2,1,[100; 50; 10; 640; 128; 16; 2; 2; 1],0.033200633246451616,0.13769100539421647,tvm
60,20,5,256,256,64,40,2,4,[60; 20; 5; 256; 256; 64; 40; 2; 4],0.030367235754965805,0.15053818557327953,tvm
300,150,1,320,320,16,320,1,1,[300; 150; 1; 320; 320; 16; 320; 1; 1],0.08430947450688109,0.054222002902597446,tvm
150,75,3,256,64,64,160,20,4,[150; 75; 3; 256; 64; 64; 160; 20; 4],0.015257714498147834,0.2996142424858918,tvm
1500,750,1,1280,128,16,16,8,1,[1500; 750; 1; 1280; 128; 16; 16; 8; 1],0.10993133496958762,0.041584399686342866,tvm
4,4,1,640,16,16,64,1,1,[4; 4; 1; 640; 16; 16; 64; 1; 1],0.0319953264988726,0.1428780097490067,tvm
1500,6,1,80,80,80,20,2,5,[1500; 6; 1; 80; 80; 80; 20; 2; 5],0.02200226487184409,0.20777081805239733,tvm
1500,100,2,128,64,64,64,4,4,[1500; 100; 2; 128; 64; 64; 64; 4; 4],0.014325405878480524,0.31911337174018395,tvm
50,50,5,256,16,16,320,5,1,[50; 50; 5; 256; 16; 16; 320; 5; 1],0.027583339251577854,0.16573151385820958,tvm
500,500,2,640,160,160,32,8,10,[500; 500; 2; 640; 160; 160; 32; 8; 10],0.011742663875338621,0.3893008111242345,tvm
60,20,1,1280,64,64,40,40,4,[60; 20; 1; 1280; 64; 64; 40; 40; 4],0.027032912490540184,0.16910603224969872,tvm
750,3,3,160,80,16,320,2,1,[750; 3; 3; 160; 80; 16; 320; 2; 1],0.05191222799476236,0.08806072765533782,tvm
750,75,1,640,320,64,40,5,4,[750; 75; 1; 640; 320; 64; 40; 5; 4],0.028322018260951154,0.16140899738531017,tvm
60,12,12,320,32,16,1280,5,1,[60; 12; 12; 320; 32; 16; 1280; 5; 1],0.06475521251559258,0.0705955303648769,tvm
10,10,5,256,64,32,160,5,2,[10; 10; 5; 256; 64; 32; 160; 5; 2],0.012675548372499179,0.36064937287815696,tvm
10,5,1,64,64,32,640,8,2,[10; 5; 1; 64; 64; 32; 640; 8; 2],0.0250151832588017,0.1827461555701414,tvm
10,2,2,640,320,160,64,16,10,[10; 2; 2; 640; 320; 160; 64; 16; 10],0.0406875004991889,0.11235461788859953,tvm
1500,30,1,16,16,16,20,2,1,[1500; 30; 1; 16; 16; 16; 20; 2; 1],0.015134284876694437,0.30205778526530835,tvm
25,25,5,640,640,64,1280,2,4,[25; 25; 5; 640; 640; 64; 1280; 2; 4],0.06356678600423038,0.07191536427725546,tvm
300,30,3,320,320,64,10,2,4,[300; 30; 3; 320; 320; 64; 10; 2; 4],0.027909085256396793,0.16379714811257726,tvm
500,50,25,1280,32,16,10,2,1,[500; 50; 25; 1280; 32; 16; 10; 2; 1],0.09342482348438352,0.048931626530637345,tvm
250,5,1,1280,256,64,32,8,4,[250; 5; 1; 1280; 256; 64; 32; 8; 4],0.05544572998769581,0.08244870384866491,tvm
500,10,1,640,320,16,160,1,1,[500; 10; 1; 640; 320; 16; 160; 1; 1],0.04598907924082596,0.09940248091269395,tvm
12,3,1,320,64,32,320,32,2,[12; 3; 1; 320; 64; 32; 320; 32; 2],0.027900677756406367,0.16384650621538793,tvm
500,20,10,64,16,16,256,16,1,[500; 20; 10; 64; 16; 16; 256; 16; 1],0.02056348200130742,0.2223080979737732,tvm
300,12,1,1280,320,64,640,64,4,[300; 12; 1; 1280; 320; 64; 640; 64; 4],0.04228825650352519,0.10810160903766494,tvm
20,4,2,256,256,16,5,1,1,[20; 4; 2; 256; 256; 16; 5; 1; 1],0.0336259062460158,0.1359496020116996,tvm
750,150,10,160,32,16,256,2,1,[750; 150; 10; 160; 32; 16; 256; 2; 1],0.035587536011007614,0.12845588888240475,tvm
500,25,25,128,16,16,40,4,1,[500; 25; 25; 128; 16; 16; 40; 4; 1],0.030116069261566736,0.15179366642188255,tvm
250,25,5,320,64,16,32,8,1,[250; 25; 5; 320; 64; 16; 32; 8; 1],0.021929341754002962,0.20846173235428314,tvm
300,150,15,128,64,16,1280,4,1,[300; 150; 15; 128; 64; 16; 1280; 4; 1],0.019837590007227845,0.23044273874815274,tvm
4,2,2,1280,256,128,320,2,8,[4; 2; 2; 1280; 256; 128; 320; 2; 8],0.03592069099249784,0.127264494226554,tvm
300,50,5,64,64,32,40,10,2,[300; 50; 5; 64; 64; 32; 40; 10; 2],0.008274354062450584,0.5524816241758295,tvm
750,125,5,128,16,16,40,4,1,[750; 125; 5; 128; 16; 16; 40; 4; 1],0.05023423148668371,0.09100225953770955,tvm
500,250,25,640,64,16,10,10,1,[500; 250; 25; 640; 64; 16; 10; 10; 1],0.03372208024666179,0.1355618792788178,tvm
1500,30,2,1280,1280,80,32,1,5,[1500; 30; 2; 1280; 1280; 80; 32; 1; 5],0.13619712699437514,0.033564794443992706,tvm
60,6,6,640,16,16,1280,32,1,[60; 6; 6; 640; 16; 16; 1280; 32; 1],0.026855611009523273,0.17022247491622874,tvm
25,1,1,1280,160,160,40,5,10,[25; 1; 1; 1280; 160; 160; 40; 5; 10],0.052243780985008925,0.08750187075357962,tvm
300,300,6,640,32,16,80,10,1,[300; 300; 6; 640; 32; 16; 80; 10; 1],0.01559729187283665,0.2930911730510032,tvm
2,2,1,1280,80,16,16,2,1,[2; 2; 1; 1280; 80; 16; 16; 2; 1],0.06078240950591862,0.07520972940342936,tvm
1500,150,15,640,64,16,64,8,1,[1500; 150; 15; 640; 64; 16; 64; 8; 1],0.040989954490214586,0.11152558299424059,tvm
1500,1500,1,32,16,16,320,4,1,[1500; 1500; 1; 32; 16; 16; 320; 4; 1],0.03563827600737568,0.12827299980735518,tvm
30,30,10,256,256,32,16,2,2,[30; 30; 10; 256; 256; 32; 16; 2; 2],0.05453531950479373,0.08382509927399868,tvm
500,20,1,256,128,64,80,20,4,[500; 20; 1; 256; 128; 64; 80; 20; 4],0.03537370974663645,0.1292323763657062,tvm
10,10,5,128,128,64,10,1,4,[10; 10; 5; 128; 128; 64; 10; 1; 4],0.04079046699916944,0.11207100353917629,tvm
75,15,5,1280,80,16,32,8,1,[75; 15; 5; 1280; 80; 16; 32; 8; 1],0.02924463225645013,0.1563168423983279,tvm
60,12,12,256,256,16,80,16,1,[60; 12; 12; 256; 256; 16; 80; 16; 1],0.01392431875137845,0.3283053665355096,tvm
30,10,5,256,256,32,32,4,2,[30; 10; 5; 256; 256; 32; 32; 4; 2],0.027068070747191086,0.16888638330099529,tvm
300,60,4,640,640,16,16,4,1,[300; 60; 4; 640; 640; 16; 16; 4; 1],0.031819392504985444,0.14366800279773798,tvm
60,60,6,320,64,32,1280,8,2,[60; 60; 6; 320; 64; 32; 1280; 8; 2],0.013557395002862904,0.3371907782035728,tvm
375,125,25,1280,160,16,160,40,1,[375; 125; 25; 1280; 160; 16; 160; 40; 1],0.03007124450232368,0.15201993289886376,tvm
12,6,2,1280,256,64,32,2,4,[12; 6; 2; 1280; 256; 64; 32; 2; 4],0.027380636995076202,0.1669584448400759,tvm
1500,300,4,640,128,32,8,2,2,[1500; 300; 4; 640; 128; 32; 8; 2; 2],0.06674166599987075,0.06849437308678247,tvm
100,2,2,320,32,32,128,32,2,[100; 2; 2; 320; 32; 32; 128; 32; 2],0.04650720473728143,0.0982950619641088,tvm
300,50,25,640,320,16,4,4,1,[300; 50; 25; 640; 320; 16; 4; 4; 1],0.02685779525199905,0.1702086313688878,tvm
150,50,10,128,128,16,20,2,1,[150; 50; 10; 128; 128; 16; 20; 2; 1],0.020209645001159515,0.2262003400438894,tvm
20,20,20,320,64,16,256,8,1,[20; 20; 20; 320; 64; 16; 256; 8; 1],0.02917246299330145,0.15670355199279054,tvm
300,300,1,1280,128,16,10,2,1,[300; 300; 1; 1280; 128; 16; 10; 2; 1],0.015277039128704928,0.2992352466283238,tvm
75,25,5,256,32,32,2,2,2,[75; 25; 5; 256; 32; 32; 2; 2; 2],0.03285925800446421,0.13912147896971697,tvm
50,50,5,128,128,32,320,64,2,[50; 50; 5; 128; 128; 32; 320; 64; 2],0.017736213747411966,0.2577454600250082,tvm
30,10,2,1280,128,32,1280,32,2,[30; 10; 2; 1280; 128; 32; 1280; 32; 2],0.04510946400114335,0.1013407867429483,tvm
1500,375,15,256,64,16,128,16,1,[1500; 375; 15; 256; 64; 16; 128; 16; 1],0.026788819493958727,0.1706468839531916,tvm
12,2,2,1280,640,16,1,1,1,[12; 2; 2; 1280; 640; 16; 1; 1; 1],0.032574221753748134,0.14033884235169986,tvm
300,60,30,256,16,16,160,4,1,[300; 60; 30; 256; 16; 16; 160; 4; 1],0.032515641243662685,0.14059167823791713,tvm
50,10,1,1280,80,80,256,32,5,[50; 10; 1; 1280; 80; 80; 256; 32; 5],0.02038666849693982,0.22423617532775278,tvm
100,20,5,128,64,32,320,40,2,[100; 20; 5; 128; 64; 32; 320; 40; 2],0.017158640876004938,0.2664213677798554,tvm
30,30,10,640,64,32,640,1,2,[30; 30; 10; 640; 64; 32; 640; 1; 2],0.017720988995279185,0.257966898610816,tvm
15,3,1,1280,128,128,5,5,8,[15; 3; 1; 1280; 128; 128; 5; 5; 8],0.04058159225678537,0.11264783654870551,tvm
100,20,1,128,64,16,1280,8,1,[100; 20; 1; 128; 64; 16; 1280; 8; 1],0.0799331029993482,0.057190680705412486,tvm
20,5,1,64,32,16,320,8,1,[20; 5; 1; 64; 32; 16; 320; 8; 1],0.07334431097842753,0.0623283320879945,tvm
300,300,1,320,32,16,1280,8,1,[300; 300; 1; 320; 32; 16; 1280; 8; 1],0.04618941474473104,0.09897134650206946,tvm
10,5,1,1280,80,16,1280,8,1,[10; 5; 1; 1280; 80; 16; 1280; 8; 1],0.0439762307505589,0.10395225996876672,tvm
1500,5,1,160,32,16,640,32,1,[1500; 5; 1; 160; 32; 16; 640; 32; 1],0.03867917149909772,0.11818837876440065,tvm
100,10,1,128,128,16,40,20,1,[100; 10; 1; 128; 128; 16; 40; 20; 1],0.04484362625225913,0.10194154562150898,tvm
750,30,5,320,320,64,20,5,4,[750; 30; 5; 320; 320; 64; 20; 5; 4],0.019290379379526712,0.2369797131247883,tvm
150,25,5,640,640,64,32,1,4,[150; 25; 5; 640; 640; 64; 32; 1; 4],0.030076515744440258,0.1519932897238476,tvm
750,150,1,1280,160,80,640,32,5,[750; 150; 1; 1280; 160; 80; 640; 32; 5],0.059293617989169434,0.07709815535735377,tvm
30,1,1,64,16,16,256,64,1,[30; 1; 1; 64; 16; 16; 256; 64; 1],0.11579052300658077,0.03948016169828304,tvm
300,10,2,64,64,32,64,32,2,[300; 10; 2; 64; 64; 32; 64; 32; 2],0.014279613496910315,0.3201367160545132,tvm
150,50,10,64,64,16,160,1,1,[150; 50; 10; 64; 64; 16; 160; 1; 1],0.01851691987394588,0.2468784550858684,tvm
750,5,1,1280,1280,160,128,64,10,[750; 5; 1; 1280; 1280; 160; 128; 64; 10],0.08766274299705401,0.05214790702570417,tvm
500,250,1,320,32,16,640,16,1,[500; 250; 1; 320; 32; 16; 640; 16; 1],0.04808497799967881,0.0950697860662244,tvm
100,10,1,128,128,64,16,2,4,[100; 10; 1; 128; 128; 64; 16; 2; 4],0.013100174626742955,0.3489593613581583,tvm
750,5,5,320,320,16,160,8,1,[750; 5; 5; 320; 320; 16; 160; 8; 1],0.029958422252093442,0.15259243403945041,tvm
30,15,5,1280,320,16,320,1,1,[30; 15; 5; 1280; 320; 16; 320; 1; 1],0.024627505874377675,0.18562288015469164,tvm
150,5,5,160,160,16,1280,20,1,[150; 5; 5; 160; 160; 16; 1280; 20; 1],0.028158853747299872,0.16234427056061976,tvm
375,75,3,1280,128,16,160,2,1,[375; 75; 3; 1280; 128; 16; 160; 2; 1],0.038228216508287005,0.11958257509705142,tvm
750,30,6,1280,32,16,10,1,1,[750; 30; 6; 1280; 32; 16; 10; 1; 1],0.07659905499895103,0.05967996043151151,tvm
60,20,5,320,64,64,64,4,4,[60; 20; 5; 320; 64; 64; 64; 4; 4],0.011861468625284033,0.3854015650038534,tvm
20,4,2,256,128,16,80,1,1,[20; 4; 2; 256; 128; 16; 80; 1; 1],0.025312280748039484,0.18060121159894466,tvm
500,500,2,640,320,64,640,20,4,[500; 500; 2; 640; 320; 64; 640; 20; 4],0.033507530752103776,0.1364298851278844,tvm
300,5,1,1280,128,16,80,20,1,[300; 5; 1; 1280; 128; 16; 80; 20; 1],0.1542470310232602,0.029637060377124585,tvm
60,15,15,32,16,16,80,2,1,[60; 15; 15; 32; 16; 16; 80; 2; 1],0.027548111000214703,0.1659434496758396,tvm
300,12,1,80,80,16,320,4,1,[300; 12; 1; 80; 80; 16; 320; 4; 1],0.10823237098520622,0.04223716555237822,tvm
250,25,25,1280,256,16,160,16,1,[250; 25; 25; 1280; 256; 16; 160; 16; 1],0.028334390750387684,0.16133851656457526,tvm
50,50,5,1280,160,32,1280,40,2,[50; 50; 5; 1280; 160; 32; 1280; 40; 2],0.014850728373858146,0.30782520940021324,tvm
250,50,1,256,32,16,128,32,1,[250; 50; 1; 256; 32; 16; 128; 32; 1],0.03390383825171739,0.13483513393050733,tvm
1500,5,5,1280,1280,16,640,10,1,[1500; 5; 5; 1280; 1280; 16; 640; 10; 1],0.13496297696838155,0.03387172300222411,tvm
12,3,3,256,128,16,320,2,1,[12; 3; 3; 256; 128; 16; 320; 2; 1],0.03480641299393028,0.13133868670195234,tvm
1500,250,1,128,64,16,320,64,1,[1500; 250; 1; 128; 64; 16; 320; 64; 1],0.05464339200989343,0.0836593118267785,tvm
1500,1500,10,128,64,16,320,64,1,[1500; 1500; 10; 128; 64; 16; 320; 64; 1],0.026171880745096132,0.17466947125246732,tvm
1500,12,1,1280,128,32,64,2,2,[1500; 12; 1; 1280; 128; 32; 64; 2; 2],0.1704794869874604,0.02681512393197677,tvm
2,2,2,1280,1280,128,64,1,8,[2; 2; 2; 1280; 1280; 128; 64; 1; 8],0.025655024248408154,0.17818843307903792,tvm
300,20,4,640,80,80,320,2,5,[300; 20; 4; 640; 80; 80; 320; 2; 5],0.05172784402384423,0.08837462023975612,tvm
250,10,5,320,160,80,1280,16,5,[250; 10; 5; 320; 160; 80; 1280; 16; 5],0.015138608119741548,0.30197152441426806,tvm
75,15,5,160,32,32,640,8,2,[75; 15; 5; 160; 32; 32; 640; 8; 2],0.019874118370353244,0.23001918808372876,tvm
150,5,1,128,64,32,40,1,2,[150; 5; 1; 128; 64; 32; 40; 1; 2],0.023425075625709724,0.1951510699248839,tvm
12,2,2,32,32,16,16,1,1,[12; 2; 2; 32; 32; 16; 16; 1; 1],0.04306107549928129,0.1061615047563053,tvm
125,25,5,128,32,16,320,8,1,[125; 25; 5; 128; 32; 16; 320; 8; 1],0.02405568012909498,0.19003530754050468,tvm
20,10,2,256,256,64,320,1,4,[20; 10; 2; 256; 256; 64; 320; 1; 4],0.012979034501768183,0.3522163817967961,tvm
12,6,3,1280,80,80,80,40,5,[12; 6; 3; 1280; 80; 80; 80; 40; 5],0.017329145877738483,0.2637999935877486,tvm
1500,75,3,1280,320,32,8,4,2,[1500; 75; 3; 1280; 320; 32; 8; 4; 2],0.05751963899820112,0.07947596075092786,tvm
100,50,1,1280,256,128,20,20,8,[100; 50; 1; 1280; 256; 128; 20; 20; 8],0.008794952434982406,0.519778657727069,tvm
1500,1500,1,16,16,16,16,1,1,[1500; 1500; 1; 16; 16; 16; 16; 1; 1],0.020120843248150777,0.22719865738473524,tvm
750,10,2,256,256,32,256,2,2,[750; 10; 2; 256; 256; 32; 256; 2; 2],0.048032183505711146,0.09517428186218138,tvm
1500,15,5,256,128,16,40,10,1,[1500; 15; 5; 256; 128; 16; 40; 10; 1],0.055968989501707256,0.08167788291566577,tvm
5,5,1,256,128,128,160,40,8,[5; 5; 1; 256; 128; 128; 160; 40; 8],0.04463994925026782,0.10240667044219691,tvm
300,10,10,320,320,32,80,1,2,[300; 10; 10; 320; 320; 32; 80; 1; 2],0.044916169747011736,0.1017769012179118,tvm
750,150,10,640,32,32,1280,16,2,[750; 150; 10; 640; 32; 32; 1280; 16; 2],0.02193656600138638,0.2083930808103538,tvm
20,5,5,1280,128,64,1280,40,4,[20; 5; 5; 1280; 128; 64; 1280; 40; 4],0.013054843002464622,0.3501710875087148,tvm
60,60,4,160,160,16,64,32,1,[60; 60; 4; 160; 160; 16; 64; 32; 1],0.01017469825092121,0.44929377350475014,tvm
1500,150,15,256,128,16,1280,2,1,[1500; 150; 15; 256; 128; 16; 1280; 2; 1],0.03655478575092275,0.1250569105390852,tvm
1500,10,1,1280,1280,16,128,32,1,[1500; 10; 1; 1280; 1280; 16; 128; 32; 1],0.2887129790033214,0.015833817333774876,tvm
1500,10,10,640,128,16,640,4,1,[1500; 10; 10; 640; 128; 16; 640; 4; 1],0.07907069398788735,0.05781444857596492,tvm
750,5,1,1280,128,16,128,4,1,[750; 5; 1; 1280; 128; 16; 128; 4; 1],0.13994174601975828,0.03266665381453176,tvm
300,12,3,256,64,16,256,64,1,[300; 12; 3; 256; 64; 16; 256; 64; 1],0.01760857499903068,0.2596137717947205,tvm
75,15,5,640,320,16,16,4,1,[75; 15; 5; 640; 320; 16; 16; 4; 1],0.013207837124355137,0.3461148504775924,tvm
3,1,1,640,640,80,20,20,5,[3; 1; 1; 640; 640; 80; 20; 20; 5],0.0705744014994707,0.06477459920737488,tvm
25,5,1,1280,256,64,32,8,4,[25; 5; 1; 1280; 256; 64; 32; 8; 4],0.028048008505720645,0.16298585229308482,tvm
1500,100,4,1280,256,64,4,4,4,[1500; 100; 4; 1280; 256; 64; 4; 4; 4],0.08418905650614761,0.054299558174698864,tvm
25,5,1,32,32,32,1280,64,2,[25; 5; 1; 32; 32; 32; 1280; 64; 2],0.0371950190019561,0.1229043214412166,tvm
60,30,5,320,320,80,16,1,5,[60; 30; 5; 320; 320; 80; 16; 1; 5],0.016261036129435524,0.2811277544087999,tvm
75,3,3,320,160,16,256,64,1,[75; 3; 3; 320; 160; 16; 256; 64; 1],0.03380284474405926,0.13523798384548644,tvm
1500,300,1,1280,256,32,640,64,2,[1500; 300; 1; 1280; 256; 32; 640; 64; 2],0.14769890304887667,0.030950998802718187,tvm
500,500,2,640,160,32,80,10,2,[500; 500; 2; 640; 160; 32; 80; 10; 2],0.013557125625084154,0.3371974781269459,tvm
125,25,5,1280,64,64,160,20,4,[125; 25; 5; 1280; 64; 64; 160; 20; 4],0.010206273251242237,0.4479037998391988,tvm
150,6,2,16,16,16,20,10,1,[150; 6; 2; 16; 16; 16; 20; 10; 1],0.033947782751056366,0.13466059344586565,tvm
375,375,1,256,256,16,40,2,1,[375; 375; 1; 256; 256; 16; 40; 2; 1],0.028449841745896265,0.16068379614406733,tvm
150,30,1,160,32,16,8,1,1,[150; 30; 1; 160; 32; 16; 8; 1; 1],0.01009012368740514,0.45305971592150013,tvm
1500,500,5,64,32,16,160,20,1,[1500; 500; 5; 64; 32; 16; 160; 20; 1],0.031133892247453332,0.1468312582023053,tvm
6,1,1,1280,160,32,320,10,2,[6; 1; 1; 1280; 160; 32; 320; 10; 2],0.08875339600490406,0.05150708341544449,tvm
1500,10,2,640,64,16,40,1,1,[1500; 10; 2; 640; 64; 16; 40; 1; 1],0.08994929600157775,0.05082228293758282,tvm
30,1,1,1280,160,32,256,8,2,[30; 1; 1; 1280; 160; 32; 256; 8; 2],0.055969498003832996,0.08167714084402729,tvm
300,75,5,640,160,80,1280,8,5,[300; 75; 5; 640; 160; 80; 1280; 8; 5],0.019556566374376416,0.2337541511079466,tvm
150,6,3,640,160,80,256,8,5,[150; 6; 3; 640; 160; 80; 256; 8; 5],0.015781324247654993,0.2896733188983084,tvm
100,20,4,1280,320,16,20,1,1,[100; 20; 4; 1280; 320; 16; 20; 1; 1],0.0503128620039206,0.09086003835505016,tvm
300,75,1,640,64,64,640,64,4,[300; 75; 1; 640; 64; 64; 640; 64; 4],0.0538274125137832,0.08492751848805659,tvm
1500,12,12,160,32,16,640,4,1,[1500; 12; 12; 160; 32; 16; 640; 4; 1],0.03770502375846263,0.12124189605907744,tvm
500,10,5,64,32,16,320,64,1,[500; 10; 5; 64; 32; 16; 320; 64; 1],0.05256797050242312,0.08696224198379224,tvm
150,150,10,1280,320,16,128,1,1,[150; 150; 10; 1280; 320; 16; 128; 1; 1],0.05621234900900163,0.08132427575116138,tvm
750,5,5,160,160,32,32,4,2,[750; 5; 5; 160; 160; 32; 32; 4; 2],0.01589540912391385,0.28759426925042686,tvm
1500,25,25,320,160,16,40,4,1,[1500; 25; 25; 320; 160; 16; 40; 4; 1],0.06365837651537731,0.07181189376270533,tvm
500,5,1,128,128,32,64,4,2,[500; 5; 1; 128; 128; 32; 64; 4; 2],0.025869974502711557,0.17670788855819777,tvm
1500,100,5,1280,256,32,160,8,2,[1500; 100; 5; 1280; 256; 32; 160; 8; 2],0.06070239350083284,0.07530886852700218,tvm
6,6,2,160,32,16,160,4,1,[6; 6; 2; 160; 32; 16; 160; 4; 1],0.02045667999482248,0.2234687433437677,tvm
30,10,1,640,320,80,160,5,5,[30; 10; 1; 640; 320; 80; 160; 5; 5],0.026518364000367,0.172387277411431,tvm
1500,2,2,128,32,32,20,10,2,[1500; 2; 2; 128; 32; 32; 20; 10; 2],0.033838546500192024,0.13509529942140483,tvm
300,300,10,160,32,16,640,32,1,[300; 300; 10; 160; 32; 16; 640; 32; 1],0.013594625001132954,0.33626735353476805,tvm
100,10,2,80,80,16,80,10,1,[100; 10; 2; 80; 80; 16; 80; 10; 1],0.018202918879978824,0.2511371171607336,tvm
60,30,5,640,640,80,320,4,5,[60; 30; 5; 640; 640; 80; 320; 4; 5],0.02620695724908728,0.17443568621793293,tvm
150,150,5,160,32,32,256,2,2,[150; 150; 5; 160; 32; 32; 256; 2; 2],0.02932040324958507,0.15591288197897704,tvm
1500,500,10,256,32,32,64,32,2,[1500; 500; 10; 256; 32; 32; 64; 32; 2],0.026729519755463116,0.17102546597359797,tvm
1500,100,2,320,320,32,5,5,2,[1500; 100; 2; 320; 320; 32; 5; 5; 2],0.017220893249032088,0.2654582724206546,tvm
250,50,5,64,64,32,640,16,2,[250; 50; 5; 64; 64; 32; 640; 16; 2],0.014370431497809477,0.31811352165210954,tvm
750,75,3,1280,256,32,640,10,2,[750; 75; 3; 1280; 256; 32; 640; 10; 2],0.031023531759274192,0.1473535833025196,tvm
750,10,2,640,160,32,1280,20,2,[750; 10; 2; 640; 160; 32; 1280; 20; 2],0.04381238800124265,0.10434100445058854,tvm
300,6,6,640,640,16,320,64,1,[300; 6; 6; 640; 640; 16; 320; 64; 1],0.02591972849040758,0.17636869047916048,tvm
1500,10,5,640,80,16,80,20,1,[1500; 10; 5; 640; 80; 16; 80; 20; 1],0.05047983449185267,0.09055949999531773,tvm
5,5,1,16,16,16,64,64,1,[5; 5; 1; 16; 16; 16; 64; 64; 1],0.030357397001353092,0.15058697460868642,tvm
100,20,5,128,32,16,80,10,1,[100; 20; 5; 128; 32; 16; 80; 10; 1],0.022750939751858823,0.20093361510726482,tvm
150,75,3,160,80,80,640,40,5,[150; 75; 3; 160; 80; 80; 640; 40; 5],0.027036468745791353,0.16908378880434174,tvm
250,25,1,64,32,32,1280,20,2,[250; 25; 1; 64; 32; 32; 1280; 20; 2],0.06936355598736554,0.06590533755595301,tvm
60,4,2,1280,16,16,32,32,1,[60; 4; 2; 1280; 16; 16; 32; 32; 1],0.051869085524231195,0.08813397277445696,tvm
60,12,12,160,160,32,20,1,2,[60; 12; 12; 160; 160; 32; 20; 1; 2],0.03795363275276031,0.12044772107081365,tvm
750,30,10,256,64,32,16,4,2,[750; 30; 10; 256; 64; 32; 16; 4; 2],0.01890292162715923,0.24183714356940786,tvm
1500,750,2,320,320,64,80,40,4,[1500; 750; 2; 320; 320; 64; 80; 40; 4],0.01779788349813316,0.25685237078375495,tvm
250,25,1,256,128,128,4,4,8,[250; 25; 1; 256; 128; 128; 4; 4; 8],0.018169061630032957,0.2516051001705078,tvm
100,100,1,1280,256,32,5,1,2,[100; 100; 1; 1280; 256; 32; 5; 1; 2],0.018980426124471705,0.24084962800358684,tvm
150,50,2,80,80,80,128,16,5,[150; 50; 2; 80; 80; 80; 128; 16; 5],0.017642640123085584,0.2591124990101004,tvm
500,50,2,128,16,16,80,10,1,[500; 50; 2; 128; 16; 16; 80; 10; 1],0.017528337499243207,0.26080217656842497,tvm
30,2,2,1280,1280,128,2,2,8,[30; 2; 2; 1280; 1280; 128; 2; 2; 8],0.041414649749640375,0.11038192038478528,tvm
300,75,1,160,160,32,80,40,2,[300; 75; 1; 160; 160; 32; 80; 40; 2],0.052115605503786355,0.08771707681869768,tvm
6,6,1,160,80,80,320,8,5,[6; 6; 1; 160; 80; 80; 320; 8; 5],0.023063533124513924,0.19821024587814176,tvm
150,15,5,256,64,64,160,4,4,[150; 15; 5; 256; 64; 64; 160; 4; 4],0.013531175623938907,0.3378441532708327,tvm
30,6,6,1280,32,32,8,4,2,[30; 6; 6; 1280; 32; 32; 8; 4; 2],0.031770781250088476,0.14388782370329156,tvm
60,30,15,64,16,16,160,10,1,[60; 30; 15; 64; 16; 16; 160; 10; 1],0.02301481237373082,0.19862984312861115,tvm
375,75,3,256,64,64,256,4,4,[375; 75; 3; 256; 64; 64; 256; 4; 4],0.016536464005184826,0.2764453495012749,tvm
300,60,10,320,160,16,64,2,1,[300; 60; 10; 320; 160; 16; 64; 2; 1],0.05435139700421132,0.08410875935855637,tvm
75,3,3,1280,640,16,128,2,1,[75; 3; 3; 1280; 640; 16; 128; 2; 1],0.04518615275446791,0.10116879381762721,tvm
50,2,2,1280,256,16,160,32,1,[50; 2; 2; 1280; 256; 16; 160; 32; 1],0.06770859050448053,0.06751622707499816,tvm
150,5,5,80,80,16,10,1,1,[150; 5; 5; 80; 80; 16; 10; 1; 1],0.020968535500287544,0.2180137268702377,tvm
375,125,5,640,80,16,640,10,1,[375; 125; 5; 640; 80; 16; 640; 10; 1],0.016030486374802422,0.2851709214895805,tvm
50,10,1,1280,256,128,640,40,8,[50; 10; 1; 1280; 256; 128; 640; 40; 8],0.019366655498743057,0.23604636183698668,tvm
20,20,10,320,64,16,640,10,1,[20; 20; 10; 320; 64; 16; 640; 10; 1],0.06069672750891186,0.07531589855082989,tvm
15,3,1,640,32,32,40,8,2,[15; 3; 1; 640; 32; 32; 40; 8; 2],0.053565979993436486,0.08534201319547809,tvm
750,150,6,256,64,32,1280,4,2,[750; 150; 6; 256; 64; 32; 1280; 4; 2],0.06887949901283719,0.06636849333902076,tvm
300,60,4,1280,640,64,5,1,4,[300; 60; 4; 1280; 640; 64; 5; 1; 4],0.03735103075450752,0.12239096161695329,tvm
1500,4,1,320,64,32,640,8,2,[1500; 4; 1; 320; 64; 32; 640; 8; 2],0.1083021149970591,0.042209965812327,tvm
300,60,1,256,32,32,320,4,2,[300; 60; 1; 256; 32; 32; 320; 4; 2],0.024160962879250292,0.18920721803494703,tvm
1500,50,2,640,128,128,4,2,8,[1500; 50; 2; 640; 128; 128; 4; 2; 8],0.05170847848057747,0.0884077177622945,tvm
100,20,5,1280,256,32,160,1,2,[100; 20; 5; 1280; 256; 32; 160; 1; 2],0.016697468250640668,0.27377974330049526,tvm
12,1,1,160,32,32,2,1,2,[12; 1; 1; 160; 32; 32; 2; 1; 2],0.038481132505694404,0.11879662249420793,tvm
300,75,1,1280,640,160,160,2,10,[300; 75; 1; 1280; 640; 160; 160; 2; 10],0.10183452401543036,0.04489075405052113,tvm
100,50,5,1280,1280,80,64,16,5,[100; 50; 5; 1280; 1280; 80; 64; 16; 5],0.026119168251170777,0.17502198107796407,tvm
20,4,2,1280,256,128,64,16,8,[20; 4; 2; 1280; 256; 128; 64; 16; 8],0.039237416247488,0.11650687044719049,tvm
100,4,2,640,64,64,4,1,4,[100; 4; 2; 640; 64; 64; 4; 1; 4],0.026926181992166676,0.16977633786915966,tvm
750,30,30,640,160,16,16,4,1,[750; 30; 30; 640; 160; 16; 16; 4; 1],0.03217894450062886,0.14206272587154728,tvm
3,1,1,640,80,16,160,5,1,[3; 1; 1; 640; 80; 16; 160; 5; 1],0.051768329518381506,0.08830550674433842,tvm
12,4,2,1280,320,160,80,1,10,[12; 4; 2; 1280; 320; 160; 80; 1; 10],0.0415353762509767,0.11006108488835648,tvm
1500,75,1,1280,640,160,128,8,10,[1500; 75; 1; 1280; 640; 160; 128; 8; 10],0.12519180797971785,0.036515397015187946,tvm
100,100,20,128,128,16,80,1,1,[100; 100; 20; 128; 128; 16; 80; 1; 1],0.020275676746678073,0.22546367396479358,tvm
300,300,12,32,32,16,640,1,1,[300; 300; 12; 32; 32; 16; 640; 1; 1],0.01804352474573534,0.2533556295595209,tvm
1500,500,2,320,160,80,256,2,5,[1500; 500; 2; 320; 160; 80; 256; 2; 5],0.10675843601347879,0.04282030293935185,tvm
300,30,1,1280,320,16,40,40,1,[300; 30; 1; 1280; 320; 16; 40; 40; 1],0.06559330699383281,0.06969352180792447,tvm
30,10,10,32,32,16,32,8,1,[30; 10; 10; 32; 32; 16; 32; 8; 1],0.015524541871855035,0.29446463600425266,tvm
75,3,3,64,64,32,80,10,2,[75; 3; 3; 64; 64; 32; 80; 10; 2],0.02901475125690922,0.15755532525339114,tvm
250,25,1,32,16,16,20,4,1,[250; 25; 1; 32; 16; 16; 20; 4; 1],0.02824742150551174,0.1618352517781695,tvm
30,10,5,160,16,16,32,4,1,[30; 10; 5; 160; 16; 16; 32; 4; 1],0.01117891962712747,0.4089329491496884,tvm
100,4,4,128,32,32,20,5,2,[100; 4; 4; 128; 32; 32; 20; 5; 2],0.02648080774815753,0.1726317646691363,tvm
20,4,1,80,80,16,64,32,1,[20; 4; 1; 80; 80; 16; 64; 32; 1],0.035092174002784304,0.13026917543113353,tvm
375,125,5,1280,80,80,256,32,5,[375; 125; 5; 1280; 80; 80; 256; 32; 5],0.05336468599853106,0.08566392710629661,tvm
300,30,30,1280,32,16,128,64,1,[300; 30; 30; 1280; 32; 16; 128; 64; 1],0.07766319499933161,0.05886222645704847,tvm
750,375,1,1280,640,64,32,16,4,[750; 375; 1; 1280; 640; 64; 32; 16; 4],0.057697072479641065,0.07923155153221408,tvm
100,20,20,1280,64,16,160,16,1,[100; 20; 20; 1280; 64; 16; 160; 16; 1],0.015319919250032399,0.2983976936705397,tvm
300,10,1,256,128,32,1280,8,2,[300; 10; 1; 256; 128; 32; 1280; 8; 2],0.06780290251481347,0.06742231382247704,tvm
300,150,2,128,64,32,1280,2,2,[300; 150; 2; 128; 64; 32; 1280; 2; 2],0.03498118800052907,0.13068248486470588,tvm
500,500,2,640,160,32,128,64,2,[500; 500; 2; 640; 160; 32; 128; 64; 2],0.02645488499547355,0.17280092399610683,tvm
300,20,4,160,80,80,80,10,5,[300; 20; 4; 160; 80; 80; 80; 10; 5],0.01763931062305346,0.259161407671681,tvm
300,150,3,640,80,80,640,8,5,[300; 150; 3; 640; 80; 80; 640; 8; 5],0.03629584875307046,0.12594907485230938,tvm
250,1,1,64,16,16,40,20,1,[250; 1; 1; 64; 16; 16; 40; 20; 1],0.07633000650093891,0.059890320740013825,tvm
750,30,5,1280,256,64,128,32,4,[750; 30; 5; 1280; 256; 64; 128; 32; 4],0.02903641101147514,0.15743779662100635,tvm
125,125,1,1280,64,16,80,16,1,[125; 125; 1; 1280; 64; 16; 80; 16; 1],0.03740682049829047,0.12220842377227678,tvm
500,100,1,640,128,16,640,20,1,[500; 100; 1; 640; 128; 16; 640; 20; 1],0.04743737250100821,0.09636765972507041,tvm
60,12,1,1280,80,16,2,2,1,[60; 12; 1; 1280; 80; 16; 2; 2; 1],0.03264004625089001,0.1400558239498181,tvm
3,3,1,1280,640,32,8,8,2,[3; 3; 1; 1280; 640; 32; 8; 8; 2],0.0398887992487289,0.11460431643788438,tvm
750,150,5,1280,320,80,320,20,5,[750; 150; 5; 1280; 320; 80; 320; 20; 5],0.05024264351231977,0.09098702321082354,tvm
75,15,3,256,64,32,20,5,2,[75; 15; 3; 256; 64; 32; 20; 5; 2],0.01460883787513012,0.3129221236146995,tvm
150,5,5,640,320,64,10,1,4,[150; 5; 5; 640; 320; 64; 10; 1; 4],0.02202615499845706,0.20754546455106676,tvm
75,5,1,1280,32,32,40,2,2,[75; 5; 1; 1280; 32; 32; 40; 2; 2],0.024821907121804543,0.1841691111402495,tvm
30,5,1,1280,32,32,32,2,2,[30; 5; 1; 1280; 32; 32; 32; 2; 2],0.02259396036970429,0.20232967114336858,tvm
1500,60,4,1280,160,32,1280,8,2,[1500; 60; 4; 1280; 160; 32; 1280; 8; 2],0.11489889997756109,0.03978653035252155,tvm
750,150,2,160,32,16,8,4,1,[750; 150; 2; 160; 32; 16; 8; 4; 1],0.010306216063327156,0.4435603274120354,tvm
1500,2,2,1280,160,160,1280,40,10,[1500; 2; 2; 1280; 160; 160; 1280; 40; 10],0.25227472896222025,0.018120834338952643,tvm
1500,750,10,1280,64,16,256,32,1,[1500; 750; 10; 1280; 64; 16; 256; 32; 1],0.07835117599461228,0.05834537278346557,tvm
300,75,1,1280,64,64,64,64,4,[300; 75; 1; 1280; 64; 64; 64; 64; 4],0.016006315003323834,0.2856015622883393,tvm
750,250,5,640,32,16,32,1,1,[750; 250; 5; 640; 32; 16; 32; 1; 1],0.055916493001859635,0.08175456517411667,tvm
60,2,2,1280,16,16,256,2,1,[60; 2; 2; 1280; 16; 16; 256; 2; 1],0.033837652241345495,0.13509886970949014,tvm
150,15,1,256,64,16,80,40,1,[150; 15; 1; 256; 64; 16; 80; 40; 1],0.05156473850365728,0.08865415987912628,tvm
750,30,2,320,32,16,4,1,1,[750; 30; 2; 320; 32; 16; 4; 1; 1],0.020914312124659773,0.21857895895311155,tvm
1500,300,2,32,32,16,16,4,1,[1500; 300; 2; 32; 32; 16; 16; 4; 1],0.02227107837825315,0.2052630094415363,tvm
1500,3,1,64,64,16,80,10,1,[1500; 3; 1; 64; 64; 16; 80; 10; 1],0.1032835179939866,0.04426096883817155,tvm
750,50,10,320,32,32,320,64,2,[750; 50; 10; 320; 32; 32; 320; 64; 2],0.024570825124101248,0.18605108083832758,tvm
300,12,1,128,128,128,128,16,8,[300; 12; 1; 128; 128; 128; 128; 16; 8],0.019993455505755264,0.22864624727389682,tvm
750,5,1,320,80,80,128,32,5,[750; 5; 1; 320; 80; 80; 128; 32; 5],0.04433372724452056,0.10311401399244136,tvm
500,5,5,640,128,16,320,40,1,[500; 5; 5; 640; 128; 16; 320; 40; 1],0.018439872619637754,0.2479099864583759,tvm
2,1,1,1280,160,16,40,8,1,[2; 1; 1; 1280; 160; 16; 40; 8; 1],0.057872123492415994,0.07899189273791977,tvm
375,75,3,80,80,16,8,2,1,[375; 75; 3; 80; 80; 16; 8; 2; 1],0.015093254754901864,0.30287891151800117,tvm
150,75,3,320,160,32,320,32,2,[150; 75; 3; 320; 160; 32; 320; 32; 2],0.013966445003461558,0.3273151163589268,tvm
5,5,1,640,128,128,8,1,8,[5; 5; 1; 640; 128; 128; 8; 1; 8],0.016843921250256244,0.2713993080060872,tvm
300,50,2,128,128,32,128,16,2,[300; 50; 2; 128; 128; 32; 128; 16; 2],0.011850956125272205,0.3857434390192353,tvm
1500,60,5,640,64,64,64,1,4,[1500; 60; 5; 640; 64; 64; 64; 1; 4],0.04830461775418371,0.09463750639104553,tvm
500,100,2,64,64,16,320,4,1,[500; 100; 2; 64; 64; 16; 320; 4; 1],0.029286602992215194,0.1560928241709605,tvm
750,375,25,32,16,16,10,2,1,[750; 375; 25; 32; 16; 16; 10; 2; 1],0.017345645872410387,0.26354905461893396,tvm
1500,1500,4,1280,16,16,1280,8,1,[1500; 1500; 4; 1280; 16; 16; 1280; 8; 1],0.14464227901771665,0.031605064594347525,tvm
100,20,5,320,160,32,256,2,2,[100; 20; 5; 320; 160; 32; 256; 2; 2],0.017151212246972136,0.26653676169365864,tvm
50,2,2,640,128,32,80,4,2,[50; 2; 2; 640; 128; 32; 80; 4; 2],0.02741158074059058,0.16676997268746643,tvm
1500,150,2,1280,256,16,1280,8,1,[1500; 150; 2; 1280; 256; 16; 1280; 8; 1],0.22776893101399764,0.02007046593702296,tvm
1500,60,12,128,32,32,160,1,2,[1500; 60; 12; 128; 32; 32; 160; 1; 2],0.023768177001329605,0.19233400067547643,tvm
250,25,1,640,128,32,160,2,2,[250; 25; 1; 640; 128; 32; 160; 2; 2],0.05098461950547062,0.08966289472726299,tvm
300,3,3,32,16,16,64,8,1,[300; 3; 3; 32; 16; 16; 64; 8; 1],0.020035399873449933,0.2281675734102236,tvm
1500,20,5,640,320,32,320,5,2,[1500; 20; 5; 640; 320; 32; 320; 5; 2],0.047618037249776535,0.09600203694766997,tvm
500,5,5,80,80,16,10,1,1,[500; 5; 5; 80; 80; 16; 10; 1; 1],0.021163801626244094,0.21600224062579515,tvm
20,2,1,1280,320,32,640,10,2,[20; 2; 1; 1280; 320; 32; 640; 10; 2],0.07179556152550504,0.06367285768500597,tvm
1500,3,1,160,16,16,640,2,1,[1500; 3; 1; 160; 16; 16; 640; 2; 1],0.04301022175059188,0.1062870263245193,tvm
150,10,2,1280,128,64,20,4,4,[150; 10; 2; 1280; 128; 64; 20; 4; 4],0.03128907675272785,0.14610301887638869,tvm
300,30,3,1280,1280,64,64,64,4,[300; 30; 3; 1280; 1280; 64; 64; 64; 4],0.028081449258024804,0.16279176083200905,tvm
1500,750,1,640,160,80,320,5,5,[1500; 750; 1; 640; 160; 80; 320; 5; 5],0.1497432289761491,0.030528449284052118,tvm
750,150,1,640,64,16,8,1,1,[750; 150; 1; 640; 64; 16; 8; 1; 1],0.01977248075127136,0.2312015689348759,tvm
150,25,5,320,160,32,10,5,2,[150; 25; 5; 320; 160; 32; 10; 5; 2],0.009946490314177936,0.45960217393590197,tvm
15,15,5,256,64,64,128,64,4,[15; 15; 5; 256; 64; 64; 128; 64; 4],0.009277733937778976,0.4927311563455914,tvm
150,30,3,32,32,16,32,16,1,[150; 30; 3; 32; 32; 16; 32; 16; 1],0.012181778125523124,0.3752677584769473,tvm
750,150,6,256,128,16,64,16,1,[750; 150; 6; 256; 128; 16; 64; 16; 1],0.013592982249974739,0.336307992415503,tvm
300,60,30,160,80,16,80,20,1,[300; 60; 30; 160; 80; 16; 80; 20; 1],0.029367857248871587,0.1556609504292051,tvm
250,10,1,320,320,64,320,20,4,[250; 10; 1; 320; 320; 64; 320; 20; 4],0.05243153401534073,0.08718853371886919,tvm
375,375,3,640,640,64,256,8,4,[375; 375; 3; 640; 640; 64; 256; 8; 4],0.020106769748963416,0.22735768243749085,tvm
150,30,3,640,160,80,40,4,5,[150; 30; 3; 640; 160; 80; 40; 4; 5],0.0448456112499116,0.10193703339114556,tvm
300,100,10,160,160,16,160,8,1,[300; 100; 10; 160; 160; 16; 160; 8; 1],0.009374999935971573,0.48761905094933894,tvm
1500,4,1,1280,32,32,160,20,2,[1500; 4; 1; 1280; 32; 32; 160; 20; 2],0.2179717270191759,0.02097257581955298,tvm
1500,6,3,1280,256,64,128,16,4,[1500; 6; 3; 1280; 256; 64; 128; 16; 4],0.10428883403073996,0.04383430511919528,tvm
150,30,6,64,64,32,128,1,2,[150; 30; 6; 64; 64; 32; 128; 1; 2],0.01630522625055164,0.2803658471941725,tvm
300,1,1,640,64,64,64,4,4,[300; 1; 1; 640; 64; 64; 64; 4; 4],0.10579822398722172,0.04320893488704222,tvm
125,5,5,256,16,16,40,10,1,[125; 5; 5; 256; 16; 16; 40; 10; 1],0.015283578875823878,0.29910720575138483,tvm
125,125,5,1280,64,32,1280,64,2,[125; 125; 5; 1280; 64; 32; 1280; 64; 2],0.0331045232451288,0.13809075387005426,tvm
60,4,2,640,320,16,10,10,1,[60; 4; 2; 640; 320; 16; 10; 10; 1],0.02001666337309871,0.22838114855707267,tvm
750,3,3,1280,64,16,128,2,1,[750; 3; 3; 1280; 64; 16; 128; 2; 1],0.0729393785004504,0.06267435595712326,tvm
1500,3,3,320,160,80,1280,16,5,[1500; 3; 3; 320; 160; 80; 1280; 16; 5],0.0345275945001049,0.1323992776680311,tvm
60,6,3,320,32,16,80,20,1,[60; 6; 3; 320; 32; 16; 80; 20; 1],0.015546106871624943,0.2940561652623418,tvm
30,5,1,640,320,64,64,1,4,[30; 5; 1; 640; 320; 64; 64; 1; 4],0.02289303387806285,0.19968644591965257,tvm
1500,60,4,160,160,80,64,32,5,[1500; 60; 4; 160; 160; 80; 64; 32; 5],0.02674763899995014,0.17090961080479264,tvm
300,12,2,1280,1280,16,2,2,1,[300; 12; 2; 1280; 1280; 16; 2; 2; 1],0.0543547370180022,0.08410359100651195,tvm
75,5,1,320,320,160,160,20,10,[75; 5; 1; 320; 320; 160; 160; 20; 10],0.07348124848795123,0.062212178827883574,tvm
12,12,12,160,16,16,4,4,1,[12; 12; 12; 160; 16; 16; 4; 4; 1],0.027605317503912374,0.16559956503962267,tvm
500,2,1,640,80,16,80,40,1,[500; 2; 1; 640; 80; 16; 80; 40; 1],0.05217378001543693,0.08761927102226442,tvm
300,150,1,1280,1280,64,2,1,4,[300; 150; 1; 1280; 1280; 64; 2; 1; 4],0.03094812124618329,0.14771263609393892,tvm
150,3,1,256,128,128,40,10,8,[150; 3; 1; 256; 128; 128; 40; 10; 8],0.05147236702032387,0.08881325721087477,tvm
750,150,2,640,32,16,1280,5,1,[750; 150; 2; 640; 32; 16; 1280; 5; 1],0.04196281224722043,0.10893999535818476,tvm
500,50,2,1280,320,64,80,1,4,[500; 50; 2; 1280; 320; 64; 80; 1; 4],0.02854966749146115,0.16012195493330453,tvm
150,150,3,128,64,32,320,40,2,[150; 150; 3; 128; 64; 32; 320; 40; 2],0.012880666130513418,0.35490622341333494,tvm
150,10,2,1280,256,64,160,8,4,[150; 10; 2; 1280; 256; 64; 160; 8; 4],0.018907126876001712,0.2417833551025121,tvm
500,100,20,320,32,16,32,16,1,[500; 100; 20; 320; 32; 16; 32; 16; 1],0.027621030749287456,0.16550535759953497,tvm
150,15,5,256,128,32,16,4,2,[150; 15; 5; 256; 128; 32; 16; 4; 2],0.013481367503118236,0.33909234878221384,tvm
300,100,10,640,16,16,32,32,1,[300; 100; 10; 640; 16; 16; 32; 32; 1],0.014916850122972392,0.30646071615269743,tvm
100,5,1,1280,1280,64,640,16,4,[100; 5; 1; 1280; 1280; 64; 640; 16; 4],0.05347909199190326,0.08548066919536866,tvm
1500,750,15,640,64,16,2,2,1,[1500; 750; 15; 640; 64; 16; 2; 2; 1],0.0911830629920587,0.05013462392491362,tvm
100,10,1,1280,640,64,640,20,4,[100; 10; 1; 1280; 640; 64; 640; 20; 4],0.04857700700813439,0.0941068388726187,tvm
60,60,2,64,32,32,160,20,2,[60; 60; 2; 64; 32; 32; 160; 20; 2],0.014696641002956312,0.3110526119886172,tvm
1500,150,30,640,640,16,320,10,1,[1500; 150; 30; 640; 640; 16; 320; 10; 1],0.05878035750356503,0.07777136386336736,tvm
20,20,5,640,64,16,10,5,1,[20; 20; 5; 640; 64; 16; 10; 5; 1],0.023742336124996655,0.1925433347148865,tvm
150,30,5,128,128,32,8,8,2,[150; 30; 5; 128; 128; 32; 8; 8; 2],0.009641211247071624,0.47415500545297934,tvm
125,5,5,320,80,80,16,2,5,[125; 5; 5; 320; 80; 80; 16; 2; 5],0.015340571248088963,0.29799598056024496,tvm
750,50,25,32,32,16,128,1,1,[750; 50; 25; 32; 32; 16; 128; 1; 1],0.03469402999326121,0.1317641269208709,tvm
1500,60,10,64,32,32,20,2,2,[1500; 60; 10; 64; 32; 32; 20; 2; 2],0.03237438900396228,0.1412050918047929,tvm
30,30,30,256,64,16,1280,40,1,[30; 30; 30; 256; 64; 16; 1280; 40; 1],0.03679209324764088,0.12425029858070642,tvm
750,25,25,128,64,16,1280,64,1,[750; 25; 25; 128; 64; 16; 1280; 64; 1],0.053839472006075084,0.08490849559060953,tvm
300,6,6,320,64,64,4,4,4,[300; 6; 6; 320; 64; 64; 4; 4; 4],0.02512818000104744,0.18192438016752574,tvm
60,10,1,1280,80,16,320,16,1,[60; 10; 1; 1280; 80; 16; 320; 16; 1],0.05729430899373256,0.07978852789600172,tvm
12,4,2,160,160,80,4,1,5,[12; 4; 2; 160; 160; 80; 4; 1; 5],0.020411326746398117,0.22396528301303434,tvm
150,30,3,640,160,80,20,10,5,[150; 30; 3; 640; 160; 80; 20; 10; 5],0.01686397474986734,0.27107657828202886,tvm
1500,12,12,1280,640,32,64,1,2,[1500; 12; 12; 1280; 640; 32; 64; 1; 2],0.14259638998191804,0.0320585154505542,tvm
300,50,2,256,64,16,128,4,1,[300; 50; 2; 256; 64; 16; 128; 4; 1],0.02253865637612762,0.20282613546877243,tvm
150,150,30,1280,16,16,320,16,1,[150; 150; 30; 1280; 16; 16; 320; 16; 1],0.020866559498244897,0.2190791717155422,tvm
375,125,25,64,16,16,1280,4,1,[375; 125; 25; 64; 16; 16; 1280; 4; 1],0.03348869275941979,0.13650662939486366,tvm
750,6,6,320,320,64,256,4,4,[750; 6; 6; 320; 320; 64; 256; 4; 4],0.028376964502967894,0.16109646156657997,tvm
60,15,15,1280,128,16,10,10,1,[60; 15; 15; 1280; 128; 16; 10; 10; 1],0.032214473496424034,0.14190604642152613,tvm
750,50,25,320,16,16,20,20,1,[750; 50; 25; 320; 16; 16; 20; 20; 1],0.0140553277451545,0.32524524894160134,tvm
50,50,5,32,32,32,640,8,2,[50; 50; 5; 32; 32; 32; 640; 8; 2],0.009138338689808734,0.5002472250811545,tvm
750,1,1,64,16,16,256,8,1,[750; 1; 1; 64; 16; 16; 256; 8; 1],0.039672163999057375,0.11523012890189682,tvm
1500,4,4,640,320,64,640,4,4,[1500; 4; 4; 640; 320; 64; 640; 4; 4],0.06683794851414859,0.06839570443220394,tvm
300,12,4,640,320,16,80,10,1,[300; 12; 4; 640; 320; 16; 80; 10; 1],0.03853632774553262,0.1186264711473065,tvm
750,75,3,320,64,32,40,20,2,[750; 75; 3; 320; 64; 32; 40; 20; 2],0.016004800374503247,0.2856285904515981,tvm
1500,25,5,640,640,32,20,5,2,[1500; 25; 5; 640; 640; 32; 20; 5; 2],0.039958346998901106,0.11440484691607214,tvm
125,1,1,640,160,32,320,5,2,[125; 1; 1; 640; 160; 32; 320; 5; 2],0.050049167999532074,0.09133875255371501,tvm
150,150,2,1280,128,16,1280,16,1,[150; 150; 2; 1280; 128; 16; 1280; 16; 1],0.034472678496968,0.13261019365903481,tvm
375,375,5,32,16,16,256,1,1,[375; 375; 5; 32; 16; 16; 256; 1; 1],0.02084286512399558,0.21932822307455532,tvm
1500,12,2,1280,320,160,8,8,10,[1500; 12; 2; 1280; 320; 160; 8; 8; 10],0.09727693450986408,0.04699396207808152,tvm
1500,125,5,1280,640,16,40,40,1,[1500; 125; 5; 1280; 640; 16; 40; 40; 1],0.1091776869725436,0.04187145467350129,tvm
60,30,30,1280,128,16,160,32,1,[60; 30; 30; 1280; 128; 16; 160; 32; 1],0.02966325949819293,0.15411079728804114,tvm
1500,50,1,1280,320,64,4,1,4,[1500; 50; 1; 1280; 320; 64; 4; 1; 4],0.10112263000337407,0.04520678082913825,tvm
1500,6,6,1280,320,32,160,16,2,[1500; 6; 6; 1280; 320; 32; 160; 16; 2],0.0962611340219155,0.04748986824098507,tvm
60,60,5,1280,320,32,128,8,2,[60; 60; 5; 1280; 320; 32; 128; 8; 2],0.010198050436883932,0.448264950219779,tvm
30,30,3,1280,320,16,32,2,1,[30; 30; 3; 1280; 320; 16; 32; 2; 1],0.01846228149952367,0.24760908187574301,tvm
60,1,1,1280,80,80,640,16,5,[60; 1; 1; 1280; 80; 80; 640; 16; 5],0.1161000799620524,0.03937489597701185,tvm
300,50,5,320,32,32,80,8,2,[300; 50; 5; 320; 32; 32; 80; 8; 2],0.009697871373646194,0.47138473952658866,tvm
750,30,2,320,160,32,2,2,2,[750; 30; 2; 320; 160; 32; 2; 2; 2],0.018812531627190765,0.24299911686639983,tvm
500,4,1,1280,320,16,160,1,1,[500; 4; 1; 1280; 320; 16; 160; 1; 1],0.09885914949700236,0.04624183593211256,tvm
300,150,10,64,64,16,5,1,1,[300; 150; 10; 64; 64; 16; 5; 1; 1],0.0339109417545842,0.1348068893076551,tvm
250,2,2,320,320,80,160,16,5,[250; 2; 2; 320; 320; 80; 160; 16; 5],0.04219443874899298,0.10834196891735345,tvm
300,60,3,320,160,16,640,32,1,[300; 60; 3; 320; 160; 16; 640; 32; 1],0.016796706877357792,0.2721621925540014,tvm
500,500,4,32,32,16,160,32,1,[500; 500; 4; 32; 32; 16; 160; 32; 1],0.01082553249943885,0.4222820975934011,tvm
50,2,2,256,256,128,128,16,8,[50; 2; 2; 256; 256; 128; 128; 16; 8],0.019845403876388445,0.23035200492278923,tvm
1500,300,2,1280,1280,80,80,20,5,[1500; 300; 2; 1280; 1280; 80; 80; 20; 5],0.07454859651625156,0.06132145721123002,tvm
150,150,10,1280,256,32,80,8,2,[150; 150; 10; 1280; 256; 32; 80; 8; 2],0.015499027002078947,0.29494939074661836,tvm
1500,60,2,640,64,64,64,1,4,[1500; 60; 2; 640; 64; 64; 64; 1; 4],0.03885747474851087,0.11764605397070385,tvm
1500,500,20,160,16,16,128,64,1,[1500; 500; 20; 160; 16; 16; 128; 64; 1],0.03579940374766011,0.12769566229793328,tvm
750,75,25,320,16,16,320,2,1,[750; 75; 25; 320; 16; 16; 320; 2; 1],0.017164745499030687,0.26632661531082563,tvm
300,60,3,640,320,80,80,20,5,[300; 60; 3; 640; 320; 80; 80; 20; 5],0.032446317505673505,0.14089206180729816,tvm
4,4,1,1280,640,80,80,20,5,[4; 4; 1; 1280; 640; 80; 80; 20; 5],0.023786112629750278,0.1921889735656467,tvm
500,10,5,1280,640,32,1280,64,2,[500; 10; 5; 1280; 640; 32; 1280; 64; 2],0.058022247976623476,0.0787875122189397,tvm
75,5,1,320,160,160,80,8,10,[75; 5; 1; 320; 160; 160; 80; 8; 10],0.031039788489579223,0.1472764085671301,tvm
100,2,2,256,128,32,32,32,2,[100; 2; 2; 256; 128; 32; 32; 32; 2],0.0424815722508356,0.10760968413401067,tvm
1500,125,1,80,16,16,8,2,1,[1500; 125; 1; 80; 16; 16; 8; 2; 1],0.013325645122677088,0.34305495376348305,tvm
1500,750,30,640,16,16,10,5,1,[1500; 750; 30; 640; 16; 16; 10; 5; 1],0.056867564999265596,0.0803872747406647,tvm
300,150,2,640,64,64,64,4,4,[300; 150; 2; 640; 64; 64; 64; 4; 4],0.027890565499546938,0.16390591189349787,tvm
300,5,1,1280,128,128,1280,2,8,[300; 5; 1; 1280; 128; 128; 1280; 2; 8],0.12511220201849937,0.036538630906301446,tvm
1500,2,2,640,160,160,2,1,10,[1500; 2; 2; 640; 160; 160; 2; 1; 10],0.10321148100774735,0.044291861009972594,tvm
300,50,1,320,16,16,16,1,1,[300; 50; 1; 320; 16; 16; 16; 1; 1],0.016198356373934075,0.2822155819947746,tvm
1500,100,1,320,32,16,320,64,1,[1500; 100; 1; 320; 32; 16; 320; 64; 1],0.108337995945476,0.04219598610379747,tvm
300,75,5,1280,32,16,2,2,1,[300; 75; 5; 1280; 32; 16; 2; 2; 1],0.018051238381303847,0.25324736590722347,tvm
300,75,25,320,320,16,160,1,1,[300; 75; 25; 320; 320; 16; 160; 1; 1],0.03293882649450097,0.13878541095541932,tvm
1500,20,4,1280,640,32,1280,4,2,[1500; 20; 4; 1280; 640; 32; 1280; 4; 2],0.11698344099568203,0.03907756971858357,tvm
300,30,2,1280,1280,128,64,64,8,[300; 30; 2; 1280; 1280; 128; 64; 64; 8],0.016583400247327518,0.2756629221540544,tvm
4,2,2,1280,320,80,640,64,5,[4; 2; 2; 1280; 320; 80; 640; 64; 5],0.026869006993365474,0.1701376077112695,tvm
60,60,5,320,320,64,4,2,4,[60; 60; 5; 320; 320; 64; 4; 2; 4],0.014690046627947595,0.3111922437830454,tvm
500,125,5,64,16,16,8,1,1,[500; 125; 5; 64; 16; 16; 8; 1; 1],0.013685055004316382,0.334045319509984,tvm
5,1,1,64,32,16,1280,4,1,[5; 1; 1; 64; 32; 16; 1280; 4; 1],0.10408419201849028,0.04392048862344504,tvm
500,4,2,1280,160,160,4,2,10,[500; 4; 2; 1280; 160; 160; 4; 2; 10],0.10767448303522542,0.04245600668389595,tvm
750,30,30,640,320,16,32,16,1,[750; 30; 30; 640; 320; 16; 32; 16; 1],0.03453877349966206,0.1323564246273337,tvm
60,12,2,1280,32,32,160,2,2,[60; 12; 2; 1280; 32; 32; 160; 2; 2],0.038953554510953836,0.1173558775013221,tvm
300,4,4,256,16,16,40,20,1,[300; 4; 4; 256; 16; 16; 40; 20; 1],0.0389179482444888,0.11746324710414136,tvm
500,100,10,320,320,16,20,5,1,[500; 100; 10; 320; 320; 16; 20; 5; 1],0.029150047499570064,0.15682405222482043,tvm
375,375,1,320,16,16,32,32,1,[375; 375; 1; 320; 16; 16; 32; 32; 1],0.01806069911981467,0.253114707304613,tvm
300,100,1,128,32,16,640,5,1,[300; 100; 1; 128; 32; 16; 640; 5; 1],0.07973151898477226,0.05733527505354135,tvm
500,250,1,1280,1280,16,20,4,1,[500; 250; 1; 1280; 1280; 16; 20; 4; 1],0.05133665498578921,0.08904804126201862,tvm
1500,30,1,256,32,32,10,10,2,[1500; 30; 1; 256; 32; 32; 10; 10; 2],0.015405851750983857,0.29673325729209543,tvm
750,6,6,640,160,32,10,10,2,[750; 6; 6; 640; 160; 32; 10; 10; 2],0.027238217502599582,0.16783141448196015,tvm
150,6,2,1280,1280,80,64,8,5,[150; 6; 2; 1280; 1280; 80; 64; 8; 5],0.024221979874710087,0.18873059077229076,tvm
150,25,1,320,160,160,128,32,10,[150; 25; 1; 320; 160; 160; 128; 32; 10],0.03081019398814533,0.14837389771669388,tvm
1500,6,6,80,80,16,128,32,1,[1500; 6; 6; 80; 80; 16; 128; 32; 1],0.02729360925150104,0.16749080450681553,tvm
60,6,3,320,32,16,1280,4,1,[60; 6; 3; 320; 32; 16; 1280; 4; 1],0.018291223743290175,0.24992469807305936,tvm
500,2,2,128,32,32,4,4,2,[500; 2; 2; 128; 32; 32; 4; 4; 2],0.02108039250015281,0.21685690014526218,tvm
750,125,1,1280,256,128,256,2,8,[750; 125; 1; 1280; 256; 128; 256; 2; 8],0.05761430601705797,0.0793453724857,tvm
300,100,1,128,64,16,160,1,1,[300; 100; 1; 128; 64; 16; 160; 1; 1],0.07189321250189096,0.06358637223657702,tvm
750,30,10,128,64,16,160,20,1,[750; 30; 10; 128; 64; 16; 160; 20; 1],0.015393645626318175,0.2969685467887413,tvm
125,1,1,32,32,32,640,5,2,[125; 1; 1; 32; 32; 32; 640; 5; 2],0.03646400524303317,0.1253682512647727,tvm
75,1,1,320,320,16,160,1,1,[75; 1; 1; 320; 320; 16; 160; 1; 1],0.11111150297801942,0.04114271204065085,tvm
300,300,4,640,160,16,1280,8,1,[300; 300; 4; 640; 160; 16; 1280; 8; 1],0.06817103148205206,0.06705822798987762,tvm
300,100,4,640,32,16,8,2,1,[300; 100; 4; 640; 32; 16; 8; 2; 1],0.0318178149900632,0.1436751258015751,tvm
150,2,1,640,320,160,80,2,10,[150; 2; 1; 640; 320; 160; 80; 2; 10],0.0446215205010958,0.10244896453755555,tvm
150,1,1,1280,160,160,64,32,10,[150; 1; 1; 1280; 160; 160; 64; 32; 10],0.07793119348934852,0.05865980446011501,tvm
300,300,10,1280,1280,32,32,2,2,[300; 300; 10; 1280; 1280; 32; 32; 2; 2],0.056493584997951984,0.08091942778271721,tvm
6,3,3,320,32,32,16,8,2,[6; 3; 3; 320; 32; 32; 16; 8; 2],0.03216801775852218,0.14211098134007577,tvm
1500,12,12,160,16,16,1280,10,1,[1500; 12; 12; 160; 16; 16; 1280; 10; 1],0.026532651492743753,0.17229444907452174,tvm
750,375,5,640,160,32,640,32,2,[750; 375; 5; 640; 160; 32; 640; 32; 2],0.016043389245169237,0.28494157322805447,tvm
300,3,1,160,160,32,1280,2,2,[300; 3; 1; 160; 160; 32; 1280; 2; 2],0.07145979249617085,0.06397203814541626,tvm
100,10,1,256,256,32,256,64,2,[100; 10; 1; 256; 256; 32; 256; 64; 2],0.02203085637302138,0.20750117444488755,tvm
500,100,4,320,32,16,2,1,1,[500; 100; 4; 320; 32; 16; 2; 1; 1],0.023724026628769934,0.1926919339183694,tvm
500,10,2,128,32,16,320,8,1,[500; 10; 2; 128; 32; 16; 320; 8; 1],0.03663786800461821,0.12477332389680376,tvm
375,125,5,128,32,32,40,2,2,[375; 125; 5; 128; 32; 32; 40; 2; 2],0.029967593000037596,0.15254573737112742,tvm
1500,15,5,640,128,16,64,2,1,[1500; 15; 5; 640; 128; 16; 64; 2; 1],0.08377984800608829,0.054564775184318376,tvm
150,2,2,1280,256,128,80,20,8,[150; 2; 2; 1280; 256; 128; 80; 20; 8],0.040966221000417136,0.1115901945503351,tvm
150,6,6,64,32,16,16,4,1,[150; 6; 6; 64; 32; 16; 16; 4; 1],0.016628548873995896,0.2749144622341325,tvm
750,750,1,640,640,80,640,5,5,[750; 750; 1; 640; 640; 80; 640; 5; 5],0.16316991299390793,0.02801636948595572,tvm
60,30,5,64,32,32,5,1,2,[60; 30; 5; 64; 32; 32; 5; 1; 2],0.010997839250194374,0.4156660656180965,tvm
500,20,4,640,160,80,4,2,5,[500; 20; 4; 640; 160; 80; 4; 2; 5],0.021571809746092185,0.21191678515784718,tvm
150,30,2,1280,32,32,320,1,2,[150; 30; 2; 1280; 32; 32; 320; 1; 2],0.016724808876460884,0.27333218604743337,tvm
60,15,3,128,32,32,32,1,2,[60; 15; 3; 128; 32; 32; 32; 1; 2],0.03999457275494933,0.11430122280435805,tvm
300,20,2,1280,320,16,40,4,1,[300; 20; 2; 1280; 320; 16; 40; 4; 1],0.03205039924068842,0.1426325000540112,tvm
750,150,6,1280,80,16,640,20,1,[750; 150; 6; 1280; 80; 16; 640; 20; 1],0.03933581500314176,0.11621542787567642,tvm
300,300,6,640,128,32,320,16,2,[300; 300; 6; 640; 128; 32; 320; 16; 2],0.01418593250127742,0.32225083342366967,tvm
1500,125,1,1280,16,16,16,16,1,[1500; 125; 1; 1280; 16; 16; 16; 16; 1],0.10220630397088826,0.044727461945308834,tvm
300,100,1,256,32,16,1280,5,1,[300; 100; 1; 256; 32; 16; 1280; 5; 1],0.050349017983535305,0.09079479113025561,tvm
1500,100,2,1280,64,16,64,2,1,[1500; 100; 2; 1280; 64; 16; 64; 2; 1],0.12289025000063702,0.03719927798507103,tvm
300,15,1,1280,160,160,1,1,10,[300; 15; 1; 1280; 160; 160; 1; 1; 10],0.023092678253306076,0.1979600859321764,tvm
300,10,10,160,32,16,10,2,1,[300; 10; 10; 160; 32; 16; 10; 2; 1],0.02330221275042277,0.19618002034358875,tvm
750,375,5,128,64,16,40,10,1,[750; 375; 5; 128; 64; 16; 40; 10; 1],0.02984004125755746,0.15319779661064595,tvm
60,5,5,1280,32,32,160,32,2,[60; 5; 5; 1280; 32; 32; 160; 32; 2],0.04151251800067257,0.11012168838697058,tvm
300,150,30,128,128,16,320,8,1,[300; 150; 30; 128; 128; 16; 320; 8; 1],0.014531749875459354,0.3145821123131647,tvm
100,100,25,1280,80,16,640,10,1,[100; 100; 25; 1280; 80; 16; 640; 10; 1],0.020091029626200907,0.2275358036139137,tvm
100,2,1,1280,64,32,160,40,2,[100; 2; 1; 1280; 64; 32; 160; 40; 2],0.03492160724999849,0.1309054459808338,tvm
4,4,4,320,160,32,16,4,2,[4; 4; 4; 320; 160; 32; 16; 4; 2],0.018050713624688797,0.25325472812199606,tvm
300,300,30,320,64,16,128,8,1,[300; 300; 30; 320; 64; 16; 128; 8; 1],0.026884188497206196,0.17004153098776384,tvm
1500,20,2,128,128,64,32,16,4,[1500; 20; 2; 128; 128; 64; 32; 16; 4],0.030246028502006084,0.15114144890544454,tvm
60,30,10,640,160,16,320,10,1,[60; 30; 10; 640; 160; 16; 320; 10; 1],0.030364160251338035,0.1505534331787465,tvm
100,50,1,640,640,16,32,1,1,[100; 50; 1; 640; 640; 16; 32; 1; 1],0.05193466952187009,0.08802267567147044,tvm
20,20,20,128,64,16,160,4,1,[20; 20; 20; 128; 64; 16; 160; 4; 1],0.03647277025447693,0.1253381231952745,tvm
150,25,5,32,16,16,160,40,1,[150; 25; 5; 32; 16; 16; 160; 40; 1],0.032232977740932256,0.14182458127731004,tvm
1500,4,4,160,80,16,10,10,1,[1500; 4; 4; 160; 80; 16; 10; 10; 1],0.01532124112418387,0.29837194874590045,tvm
300,75,1,1280,16,16,256,64,1,[300; 75; 1; 1280; 16; 16; 256; 64; 1],0.05495333450380713,0.08318746464988155,tvm
750,375,1,1280,320,160,40,1,10,[750; 375; 1; 1280; 320; 160; 40; 1; 10],0.07917204301338643,0.0577404396480666,tvm
300,30,1,1280,160,80,20,4,5,[300; 30; 1; 1280; 160; 80; 20; 4; 5],0.02152304187620757,0.21239695567762712,tvm
750,3,1,80,80,16,640,64,1,[750; 3; 1; 80; 80; 16; 640; 64; 1],0.03745977576181758,0.12203566301344998,tvm
1500,20,1,160,80,80,80,16,5,[1500; 20; 1; 160; 80; 80; 80; 16; 5],0.032321643506293185,0.14143552355369837,tvm
250,50,5,256,128,32,64,32,2,[250; 50; 5; 256; 128; 32; 64; 32; 2],0.013136923626007047,0.34798318857381166,tvm
60,60,30,1280,320,16,160,8,1,[60; 60; 30; 1280; 320; 16; 160; 8; 1],0.018813893875631038,0.24298152214783028,tvm
500,5,5,320,320,80,16,1,5,[500; 5; 5; 320; 320; 80; 16; 1; 5],0.023323194873228204,0.1960035319464718,tvm
300,150,2,640,640,32,160,32,2,[300; 150; 2; 640; 640; 32; 160; 32; 2],0.01592399937362643,0.287077917058942,tvm
1500,30,2,160,160,16,10,10,1,[1500; 30; 2; 160; 160; 16; 10; 10; 1],0.02785013901302591,0.16414383315251851,tvm
300,12,12,128,128,16,80,1,1,[300; 12; 12; 128; 128; 16; 80; 1; 1],0.029456551259499975,0.15519225353831093,tvm
75,75,1,640,640,64,160,40,4,[75; 75; 1; 640; 640; 64; 160; 40; 4],0.02866356349841226,0.15948570287437547,tvm
300,50,2,32,32,32,4,4,2,[300; 50; 2; 32; 32; 32; 4; 4; 2],0.02853192550537642,0.16022152344983354,tvm
12,3,3,320,320,32,640,8,2,[12; 3; 3; 320; 320; 32; 640; 8; 2],0.048077729501528665,0.09508411937970615,tvm
1500,250,2,320,320,64,160,20,4,[1500; 250; 2; 320; 320; 64; 160; 20; 4],0.0341067914996529,0.13403279436223411,tvm
300,300,5,1280,320,80,10,5,5,[300; 300; 5; 1280; 320; 80; 10; 5; 5],0.01624888124933932,0.2813380503728185,tvm
250,250,2,1280,160,160,64,4,10,[250; 250; 2; 1280; 160; 160; 64; 4; 10],0.0268124004942365,0.17049680323890545,tvm
375,3,3,64,32,32,160,40,2,[375; 3; 3; 64; 32; 32; 160; 40; 2],0.02827523175801616,0.16167607786742721,tvm
60,60,4,640,320,16,16,16,1,[60; 60; 4; 640; 320; 16; 16; 16; 1],0.014374222620972432,0.3180296209381589,tvm
500,50,10,1280,64,32,320,4,2,[500; 50; 10; 1280; 64; 32; 320; 4; 2],0.03154165325395297,0.1449330678586309,tvm
1500,50,2,640,320,64,5,1,4,[1500; 50; 2; 640; 320; 64; 5; 1; 4],0.06496212800266221,0.07037067152789746,tvm
60,4,4,640,640,64,40,2,4,[60; 4; 4; 640; 640; 64; 40; 2; 4],0.02014981250249548,0.22687201535311644,tvm
75,5,5,64,64,16,20,20,1,[75; 5; 5; 64; 64; 16; 20; 20; 1],0.030536613761796616,0.1497031926030954,tvm
12,4,1,1280,256,128,320,2,8,[12; 4; 1; 1280; 256; 128; 320; 2; 8],0.023720088502159342,0.19272392558790052,tvm
100,2,1,128,128,16,160,20,1,[100; 2; 1; 128; 128; 16; 160; 20; 1],0.039508076253696345,0.11570871084873115,tvm
150,10,10,1280,128,32,320,32,2,[150; 10; 10; 1280; 128; 32; 320; 32; 2],0.02151764749578433,0.212450202668493,tvm
375,15,5,160,80,80,320,20,5,[375; 15; 5; 160; 80; 80; 320; 20; 5],0.013156084372894838,0.34747637989058316,tvm
60,60,2,1280,1280,80,20,2,5,[60; 60; 2; 1280; 1280; 80; 20; 2; 5],0.025376474746735767,0.18014435090187636,tvm
100,5,1,1280,640,128,256,16,8,[100; 5; 1; 1280; 640; 128; 256; 16; 8],0.05011789902346209,0.09121349179638422,tvm
6,6,6,1280,640,64,80,4,4,[6; 6; 6; 1280; 640; 64; 80; 4; 4],0.030731758510228246,0.1487525866737204,tvm
750,750,1,1280,64,64,64,8,4,[750; 750; 1; 1280; 64; 64; 64; 8; 4],0.057168982486473396,0.07996344123336821,tvm
150,150,30,128,64,16,80,40,1,[150; 150; 30; 128; 64; 16; 80; 40; 1],0.019889621129550505,0.22983990200983198,tvm
300,300,5,1280,160,32,640,5,2,[300; 300; 5; 1280; 160; 32; 640; 5; 2],0.0302402907400392,0.15117012633003032,tvm
500,500,10,640,640,16,32,4,1,[500; 500; 10; 640; 640; 16; 32; 4; 1],0.01806234875402879,0.25309159033976236,tvm
1500,10,5,1280,256,32,1280,8,2,[1500; 10; 5; 1280; 256; 32; 1280; 8; 2],0.1233893379685469,0.03704881350926668,tvm
20,5,5,320,80,16,160,2,1,[20; 5; 5; 320; 80; 16; 160; 2; 1],0.02386166799988132,0.1915804281348357,tvm
300,30,2,160,16,16,32,2,1,[300; 30; 2; 160; 16; 16; 32; 2; 1],0.014795596747717354,0.30897223338652063,tvm
60,12,12,128,128,16,1280,5,1,[60; 12; 12; 128; 128; 16; 1280; 5; 1],0.03484029350511264,0.13121096614061925,tvm
100,4,1,256,128,32,1,1,2,[100; 4; 1; 256; 128; 32; 1; 1; 2],0.03005893550289329,0.15208218438036683,tvm
30,30,1,128,64,64,320,32,4,[30; 30; 1; 128; 64; 64; 320; 32; 4],0.014365976749104448,0.31821216553991344,tvm
750,50,1,640,128,64,256,8,4,[750; 50; 1; 640; 128; 64; 256; 8; 4],0.03330407850444317,0.13726332559595328,tvm
500,25,1,1280,1280,32,64,2,2,[500; 25; 1; 1280; 1280; 32; 64; 2; 2],0.0481630754948128,0.0949156282995449,tvm
60,60,2,320,32,32,320,16,2,[60; 60; 2; 320; 32; 32; 320; 16; 2],0.02096027950028656,0.2180995998343473,tvm
1500,100,1,128,64,16,160,40,1,[1500; 100; 1; 128; 64; 16; 160; 40; 1],0.10152678901795298,0.04502682115377653,tvm
125,5,5,640,160,32,320,2,2,[125; 5; 5; 640; 160; 32; 320; 2; 2],0.019648887995572295,0.23265584151422225,tvm
25,25,5,1280,1280,64,20,4,4,[25; 25; 5; 1280; 1280; 64; 20; 4; 4],0.019724662372027524,0.231762069494864,tvm
1500,2,1,1280,1280,80,640,1,5,[1500; 2; 1; 1280; 1280; 80; 640; 1; 5],0.457983480009716,0.009981645126875733,tvm
125,5,5,320,64,16,40,20,1,[125; 5; 5; 320; 64; 16; 40; 20; 1],0.01475178974942537,0.3098897590786666,tvm
30,30,5,640,640,16,640,5,1,[30; 30; 5; 640; 640; 16; 640; 5; 1],0.017120381249696948,0.26701675066432834,tvm
50,50,2,640,640,80,16,8,5,[50; 50; 2; 640; 640; 80; 16; 8; 5],0.01836120500229299,0.24897214375950166,tvm
1500,250,2,1280,640,80,4,1,5,[1500; 250; 2; 1280; 640; 80; 4; 1; 5],0.12226419401122257,0.03738975755247659,tvm
100,50,1,1280,256,64,320,32,4,[100; 50; 1; 1280; 256; 64; 320; 32; 4],0.016607065619609784,0.2752700974475939,tvm
300,20,2,128,64,16,128,64,1,[300; 20; 2; 128; 64; 16; 128; 64; 1],0.02022165725065861,0.22606597049703642,tvm
25,5,5,128,32,32,160,10,2,[25; 5; 5; 128; 32; 32; 160; 10; 2],0.026896605995716527,0.16996302701376537,tvm
750,3,3,320,32,16,640,1,1,[750; 3; 3; 320; 32; 16; 640; 1; 1],0.05131413449998945,0.08908712221248731,tvm
100,4,4,160,32,16,160,1,1,[100; 4; 4; 160; 32; 16; 160; 1; 1],0.017794489627704024,0.25690135918882273,tvm
300,150,25,1280,80,16,640,4,1,[300; 150; 25; 1280; 80; 16; 640; 4; 1],0.020514542375167366,0.22283843762277813,tvm
60,30,2,320,16,16,160,2,1,[60; 30; 2; 320; 16; 16; 160; 2; 1],0.027227412749198265,0.16789801563364412,tvm
750,750,1,1280,32,32,10,1,2,[750; 750; 1; 1280; 32; 32; 10; 1; 2],0.04412593075539917,0.1035995953664778,tvm
3,1,1,160,80,16,20,5,1,[3; 1; 1; 160; 80; 16; 20; 5; 1],0.046070369993685745,0.09922708613052417,tvm
375,375,1,640,32,32,1280,1,2,[375; 375; 1; 640; 32; 32; 1280; 1; 2],0.05398912949021906,0.08467312984286503,tvm
20,2,2,640,16,16,64,8,1,[20; 2; 2; 640; 16; 16; 64; 8; 1],0.027170236498932354,0.16825133530244407,tvm
150,1,1,1280,1280,16,160,2,1,[150; 1; 1; 1280; 1280; 16; 160; 2; 1],0.1672490460332483,0.027333062160006544,tvm
750,50,1,80,80,16,32,1,1,[750; 50; 1; 80; 80; 16; 32; 1; 1],0.02220932736963732,0.20583372451334275,tvm
150,3,1,1280,320,160,128,8,10,[150; 3; 1; 1280; 320; 160; 128; 8; 10],0.0686752415203955,0.06656588998046592,tvm
300,75,5,256,128,64,640,5,4,[300; 75; 5; 256; 128; 64; 640; 5; 4],0.01248869543633191,0.3660453243282278,tvm
750,1,1,640,640,64,1,1,4,[750; 1; 1; 640; 640; 64; 1; 1; 4],0.11280811100732535,0.04052393511962735,tvm
125,125,5,80,80,16,128,32,1,[125; 125; 5; 80; 80; 16; 128; 32; 1],0.014753571755136363,0.3098523291376583,tvm
150,2,2,160,160,16,320,2,1,[150; 2; 2; 160; 160; 16; 320; 2; 1],0.02219466424867278,0.20596971056689622,tvm
150,50,1,1280,64,32,20,20,2,[150; 50; 1; 1280; 64; 32; 20; 20; 2],0.05583176849177107,0.08187862743596139,tvm
375,125,25,160,16,16,40,40,1,[375; 125; 25; 160; 16; 16; 40; 40; 1],0.030164177500410005,0.15155157376216988,tvm
100,10,5,160,32,32,80,40,2,[100; 10; 5; 160; 32; 32; 80; 40; 2],0.009663535249273991,0.47305964675526146,tvm
750,30,10,640,128,32,160,4,2,[750; 30; 10; 640; 128; 32; 160; 4; 2],0.02481942237500334,0.18418754886224287,tvm
150,50,25,320,16,16,320,40,1,[150; 50; 25; 320; 16; 16; 320; 40; 1],0.01623122725141002,0.28164404949918054,tvm
30,1,1,160,32,32,5,5,2,[30; 1; 1; 160; 32; 32; 5; 5; 2],0.07044438101002015,0.06489415487628918,tvm
300,12,6,320,160,32,640,10,2,[300; 12; 6; 320; 160; 32; 640; 10; 2],0.013706089252082165,0.33353267203729187,tvm
60,20,1,32,32,16,640,16,1,[60; 20; 1; 32; 32; 16; 640; 16; 1],0.07303892701747827,0.06258893384803729,tvm
12,6,2,1280,128,16,32,2,1,[12; 6; 2; 1280; 128; 16; 32; 2; 1],0.035490369991748594,0.12880757716787442,tvm
125,25,25,320,320,16,20,1,1,[125; 25; 25; 320; 320; 16; 20; 1; 1],0.03891231774468906,0.1174802436961623,tvm
375,5,1,1280,128,64,256,8,4,[375; 5; 1; 1280; 128; 64; 256; 8; 4],0.04311045425129123,0.10603990727589352,tvm
6,3,3,320,64,32,32,16,2,[6; 3; 3; 320; 64; 32; 32; 16; 2],0.01736326949321665,0.2632815538118845,tvm
2,1,1,320,32,16,32,2,1,[2; 1; 1; 320; 32; 16; 32; 2; 1],0.09251103099086322,0.04941495649183788,tvm
750,75,25,320,320,16,320,40,1,[750; 75; 25; 320; 320; 16; 320; 40; 1],0.01811274811916519,0.25238735399801204,tvm
50,5,1,640,320,160,80,20,10,[50; 5; 1; 640; 320; 160; 80; 20; 10],0.024089260754408315,0.1897703967769955,tvm
1500,2,1,1280,80,16,128,2,1,[1500; 2; 1; 1280; 80; 16; 128; 2; 1],0.41875003901077434,0.010916843332666413,tvm
12,4,2,640,128,16,64,4,1,[12; 4; 2; 640; 128; 16; 64; 4; 1],0.021765480494650546,0.21003113496860884,tvm
12,12,12,640,64,16,4,1,1,[12; 12; 12; 640; 64; 16; 4; 1; 1],0.0237189399995259,0.19273325753680165,tvm
500,100,1,64,32,32,40,8,2,[500; 100; 1; 64; 32; 32; 40; 8; 2],0.015087244995811488,0.3029995584149186,tvm
20,20,2,64,64,64,20,1,4,[20; 20; 2; 64; 64; 64; 20; 1; 4],0.012501170502218883,0.36568004337011245,tvm
1500,100,10,32,32,32,1280,20,2,[1500; 100; 10; 32; 32; 32; 1280; 20; 2],0.025845208248938434,0.17687721945967833,tvm
1500,3,1,320,160,32,80,40,2,[1500; 3; 1; 320; 160; 32; 80; 40; 2],0.057347574504092336,0.07971441880427486,tvm
100,100,2,320,160,160,64,8,10,[100; 100; 2; 320; 160; 160; 64; 8; 10],0.02002461212396156,0.22829049287593317,tvm
30,30,5,256,32,16,64,8,1,[30; 30; 5; 256; 32; 16; 64; 8; 1],0.02300750999711454,0.1986928864532447,tvm
750,30,6,640,64,64,32,16,4,[750; 30; 6; 640; 64; 64; 32; 16; 4],0.03034710699284915,0.15063803520071162,tvm
300,12,2,320,320,32,128,32,2,[300; 12; 2; 320; 320; 32; 128; 32; 2],0.05112796698813327,0.08941150686647865,tvm
60,20,10,640,160,32,10,1,2,[60; 20; 10; 640; 160; 32; 10; 1; 2],0.01804906975303311,0.25327779403480627,tvm
500,20,2,320,160,32,10,10,2,[500; 20; 2; 320; 160; 32; 10; 10; 2],0.012540137002361007,0.36454375024514335,tvm
1500,30,6,256,64,16,32,2,1,[1500; 30; 6; 256; 64; 16; 32; 2; 1],0.05839481999282725,0.07828483026388453,tvm
150,15,5,320,160,32,128,2,2,[150; 15; 5; 320; 160; 32; 128; 2; 2],0.03200494800694287,0.14283505695547097,tvm
75,75,25,64,16,16,160,1,1,[75; 75; 25; 64; 16; 16; 160; 1; 1],0.033606761004193686,0.13602705035626958,tvm
30,15,1,1280,64,64,1280,32,4,[30; 15; 1; 1280; 64; 64; 1280; 32; 4],0.07789838500320911,0.058684510227525855,tvm
1500,25,1,128,64,32,32,8,2,[1500; 25; 1; 128; 64; 32; 32; 8; 2],0.05041233851807192,0.09068074812260091,tvm
375,375,5,80,16,16,32,8,1,[375; 375; 5; 80; 16; 16; 32; 8; 1],0.020888310122245457,0.21885104848956308,tvm
12,1,1,128,64,64,80,10,4,[12; 1; 1; 128; 64; 64; 80; 10; 4],0.03888049675151706,0.11757639313726623,tvm
150,75,15,320,80,16,160,32,1,[150; 75; 15; 320; 80; 16; 160; 32; 1],0.015563558124995325,0.29372644318954183,tvm
500,4,2,640,160,80,80,4,5,[500; 4; 2; 640; 160; 80; 80; 4; 5],0.037147757757338695,0.12306068649662891,tvm
300,15,1,320,160,16,20,5,1,[300; 15; 1; 320; 160; 16; 20; 5; 1],0.018368943623499945,0.24886725470593773,tvm
100,50,10,256,32,16,20,4,1,[100; 50; 10; 256; 32; 16; 20; 4; 1],0.02760843775467947,0.16558084930588804,tvm
60,4,1,256,16,16,2,2,1,[60; 4; 1; 256; 16; 16; 2; 2; 1],0.03163711899833288,0.1444957289464146,tvm
60,30,2,640,64,64,16,2,4,[60; 30; 2; 640; 64; 64; 16; 2; 4],0.018663948751054704,0.24493362216129314,tvm
500,125,5,320,80,16,320,4,1,[500; 125; 5; 320; 80; 16; 320; 4; 1],0.03807278475142084,0.12007076974473138,tvm
1500,60,3,128,32,16,80,8,1,[1500; 60; 3; 128; 32; 16; 80; 8; 1],0.019584834000852425,0.23341676376882242,tvm
5,1,1,1280,1280,80,160,32,5,[5; 1; 1; 1280; 1280; 80; 160; 32; 5],0.05080033399281092,0.08998815976437288,tvm
250,25,25,320,64,16,8,8,1,[250; 25; 25; 320; 64; 16; 8; 8; 1],0.031209696506266482,0.14647462433704508,tvm
500,100,1,1280,320,160,80,5,10,[500; 100; 1; 1280; 320; 160; 80; 5; 10],0.08181503450032324,0.05587516523519294,tvm
60,20,4,160,32,16,1280,4,1,[60; 20; 4; 160; 32; 16; 1280; 4; 1],0.019823871123662684,0.2306022140131805,tvm
150,30,3,640,32,32,160,16,2,[150; 30; 3; 640; 32; 32; 160; 16; 2],0.019389466251595877,0.2357686649085719,tvm
125,125,1,64,64,64,64,32,4,[125; 125; 1; 64; 64; 64; 64; 32; 4],0.014239454249036498,0.3210395912285679,tvm
300,6,6,128,128,64,128,8,4,[300; 6; 6; 128; 128; 64; 128; 8; 4],0.02738217775186058,0.16694905032226479,tvm
1500,100,5,320,160,16,128,8,1,[1500; 100; 5; 320; 160; 16; 128; 8; 1],0.022332120999635663,0.2047019435145973,tvm
12,6,6,640,32,16,64,8,1,[12; 6; 6; 640; 32; 16; 64; 8; 1],0.01513175175205106,0.30210835112391593,tvm
500,100,4,256,256,64,1280,40,4,[500; 100; 4; 256; 256; 64; 1280; 40; 4],0.013225601753219962,0.34564994899499313,tvm
250,1,1,640,160,160,16,4,10,[250; 1; 1; 640; 160; 160; 16; 4; 10],0.12204594700597227,0.0374566192780238,tvm
750,375,15,160,80,16,640,2,1,[750; 375; 15; 160; 80; 16; 640; 2; 1],0.03348403224663343,0.13652562922400704,tvm
300,50,10,128,16,16,16,1,1,[300; 50; 10; 128; 16; 16; 16; 1; 1],0.038843391244881786,0.11768870906787593,tvm
300,12,3,640,16,16,40,2,1,[300; 12; 3; 640; 16; 16; 40; 2; 1],0.04049916825897526,0.11287709767756701,tvm
30,6,1,640,80,80,160,8,5,[30; 6; 1; 640; 80; 80; 160; 8; 5],0.0718360194878187,0.0636369972058899,tvm
1500,30,3,256,64,16,80,2,1,[1500; 30; 3; 256; 64; 16; 80; 2; 1],0.022741774875612464,0.20101459083261008,tvm
100,10,2,32,16,16,640,4,1,[100; 10; 2; 32; 16; 16; 640; 4; 1],0.02900279700406827,0.15762026575531077,tvm
300,30,1,256,128,32,64,1,2,[300; 30; 1; 256; 128; 32; 64; 1; 2],0.02639818799798377,0.173172059073817,tvm
500,100,5,320,320,80,640,16,5,[500; 100; 5; 320; 320; 80; 640; 16; 5],0.01691768699674867,0.2702159327281048,tvm
150,30,6,320,32,32,80,5,2,[150; 30; 6; 320; 32; 32; 80; 5; 2],0.020587739250913728,0.2220461662018418,tvm
750,375,1,256,32,16,640,4,1,[750; 375; 1; 256; 32; 16; 640; 4; 1],0.11465070804115385,0.039872658874358265,tvm
300,20,5,64,64,16,1280,5,1,[300; 20; 5; 64; 64; 16; 1280; 5; 1],0.029069410491501912,0.15725907385583113,tvm
1500,375,5,256,16,16,10,5,1,[1500; 375; 5; 256; 16; 16; 10; 5; 1],0.05583477151230909,0.08187422367118982,tvm
150,150,10,128,128,16,1280,16,1,[150; 150; 10; 128; 128; 16; 1280; 16; 1],0.01422544862725772,0.3213556697726319,tvm
1500,1500,15,1280,160,16,32,2,1,[1500; 1500; 15; 1280; 160; 16; 32; 2; 1],0.13048867194447666,0.03503314504858881,tvm
750,5,5,64,64,32,320,2,2,[750; 5; 5; 64; 64; 32; 320; 2; 2],0.017277323619055096,0.26459124527752437,tvm
20,1,1,640,64,64,16,8,4,[20; 1; 1; 640; 64; 64; 16; 8; 4],0.05058337000082247,0.09037414018390316,tvm
150,2,2,256,128,16,1280,8,1,[150; 2; 2; 256; 128; 16; 1280; 8; 1],0.03770362674549688,0.12124638837229522,tvm
375,5,1,640,160,160,16,2,10,[375; 5; 1; 640; 160; 160; 16; 2; 10],0.04285433374752756,0.10667365868667404,tvm
1500,150,2,320,80,16,1280,40,1,[1500; 150; 2; 320; 80; 16; 1280; 40; 1],0.05588088801596314,0.08180665579478051,tvm
6,3,3,320,80,16,40,4,1,[6; 3; 3; 320; 80; 16; 40; 4; 1],0.05217863549478352,0.08761111761701,tvm
30,15,5,1280,320,32,80,20,2,[30; 15; 5; 1280; 320; 32; 80; 20; 2],0.010739089622802567,0.4256812012930731,tvm
300,30,3,1280,320,32,80,20,2,[300; 30; 3; 1280; 320; 32; 80; 20; 2],0.027505891004693694,0.16619816353698516,tvm
1500,750,1,1280,1280,64,160,1,4,[1500; 750; 1; 1280; 1280; 64; 160; 1; 4],0.10540555795887485,0.04336990060061316,tvm
20,4,4,320,320,80,1,1,5,[20; 4; 4; 320; 320; 80; 1; 1; 5],0.022756134625524282,0.20088774506989673,tvm
500,250,1,640,128,16,16,16,1,[500; 250; 1; 640; 128; 16; 16; 16; 1],0.014500152501568664,0.3152676201808238,tvm
30,15,5,128,128,16,640,2,1,[30; 15; 5; 128; 128; 16; 640; 2; 1],0.01864823087817058,0.24514006724250917,tvm
100,20,4,1280,320,16,8,2,1,[100; 20; 4; 1280; 320; 16; 8; 2; 1],0.012674853125645313,0.3606691553828816,tvm
375,3,1,80,80,16,1280,5,1,[375; 3; 1; 80; 80; 16; 1280; 5; 1],0.06299391348147765,0.07256936930538102,tvm
300,2,2,1280,128,64,128,64,4,[300; 2; 2; 1280; 128; 64; 128; 64; 4],0.039467231996241026,0.11582845667676842,tvm
30,30,3,1280,320,64,64,8,4,[30; 30; 3; 1280; 320; 64; 64; 8; 4],0.0084042308772041,0.543943715757293,tvm
1500,150,1,320,160,32,256,16,2,[1500; 150; 1; 320; 160; 32; 256; 16; 2],0.03663077850069385,0.12479747246818632,tvm
500,50,10,128,64,16,640,2,1,[500; 50; 10; 128; 64; 16; 640; 2; 1],0.05862957952194847,0.07797136886709582,tvm
300,75,1,1280,160,16,32,4,1,[300; 75; 1; 1280; 160; 16; 32; 4; 1],0.05441650448483415,0.08400812611369822,tvm
60,6,2,160,160,80,640,32,5,[60; 6; 2; 160; 160; 80; 640; 32; 5],0.03431477076082956,0.13322043161211716,tvm
60,1,1,1280,640,16,1280,4,1,[60; 1; 1; 1280; 640; 16; 1280; 4; 1],0.12830568198114634,0.03562919818391451,tvm
375,25,1,160,16,16,20,20,1,[375; 25; 1; 160; 16; 16; 20; 20; 1],0.028651357250055298,0.15955364807088673,tvm
300,4,4,1280,160,16,64,32,1,[300; 4; 4; 1280; 160; 16; 64; 32; 1],0.02349278087785933,0.1945886523692431,tvm
250,10,5,1280,256,32,640,40,2,[250; 10; 5; 1280; 256; 32; 640; 40; 2],0.014725410626851954,0.3104448960555653,tvm
750,30,1,160,160,160,1280,40,10,[750; 30; 1; 160; 160; 160; 1280; 40; 10],0.07250969798769802,0.06304575385494171,tvm
1500,300,6,320,160,32,40,4,2,[1500; 300; 6; 320; 160; 32; 40; 4; 2],0.02009012187772896,0.22754608455094835,tvm
1500,12,1,256,128,64,1280,10,4,[1500; 12; 1; 256; 128; 64; 1280; 10; 4],0.062847868015524,0.07273800553265207,tvm
2,2,2,32,32,16,1280,1,1,[2; 2; 2; 32; 32; 16; 1280; 1; 1],0.052373025013366714,0.08728593718353762,tvm
300,30,3,1280,640,80,40,10,5,[300; 30; 3; 1280; 640; 80; 40; 10; 5],0.013759912748355418,0.3322280202666945,tvm
1500,1500,2,320,320,16,80,40,1,[1500; 1500; 2; 320; 320; 16; 80; 40; 1],0.06611956949927844,0.06913881330516618,tvm
1500,20,1,64,32,32,320,2,2,[1500; 20; 1; 64; 32; 32; 320; 2; 2],0.02398174562404165,0.19062117675227627,tvm
75,25,1,640,160,16,640,1,1,[75; 25; 1; 640; 160; 16; 640; 1; 1],0.07317111449083313,0.06247586364153685,tvm
750,50,2,1280,128,32,80,20,2,[750; 50; 2; 1280; 128; 32; 80; 20; 2],0.039802707004128024,0.114852202664368,tvm
300,3,3,128,16,16,256,8,1,[300; 3; 3; 128; 16; 16; 256; 8; 1],0.02124175774952164,0.21520952386962983,tvm
375,1,1,32,32,16,320,4,1,[375; 1; 1; 32; 32; 16; 320; 4; 1],0.07899712151265703,0.057868292969334725,tvm
300,60,10,64,64,16,640,8,1,[300; 60; 10; 64; 64; 16; 640; 8; 1],0.020283030498831067,0.22538193055973701,tvm
60,10,1,1280,256,32,320,1,2,[60; 10; 1; 1280; 256; 32; 320; 1; 2],0.0735936695127748,0.06211714406542859,tvm
300,50,25,256,128,16,128,32,1,[300; 50; 25; 256; 128; 16; 128; 32; 1],0.04877269499411341,0.0937292592090783,tvm
1500,250,25,1280,160,16,10,5,1,[1500; 250; 25; 1280; 160; 16; 10; 5; 1],0.09016679102205671,0.0506996924212408,tvm
150,10,1,640,128,128,20,5,8,[150; 10; 1; 640; 128; 128; 20; 5; 8],0.01287165450048633,0.3551546983533352,tvm
500,20,4,1280,640,64,16,8,4,[500; 20; 4; 1280; 640; 64; 16; 8; 4],0.02436795362882549,0.1876000193147491,tvm
1500,100,1,256,16,16,640,20,1,[1500; 100; 1; 256; 16; 16; 640; 20; 1],0.05713977850973606,0.08000431031859259,tvm
375,375,15,640,80,16,20,2,1,[375; 375; 15; 640; 80; 16; 20; 2; 1],0.03193222025583964,0.14316037327822725,tvm
1500,750,5,128,128,32,40,40,2,[1500; 750; 5; 128; 128; 32; 40; 40; 2],0.02671897150867153,0.17109298424697725,tvm
100,10,2,1280,320,32,320,1,2,[100; 10; 2; 1280; 320; 32; 320; 1; 2],0.031635146762710065,0.14450473726953414,tvm
300,60,6,128,128,16,32,2,1,[300; 60; 6; 128; 128; 16; 32; 2; 1],0.02699137850140687,0.1693662504562446,tvm
25,5,5,640,32,16,5,5,1,[25; 5; 5; 640; 32; 16; 5; 5; 1],0.01273792300344212,0.3588833572155564,tvm
100,100,1,640,16,16,20,2,1,[100; 100; 1; 640; 16; 16; 20; 2; 1],0.03198097099084407,0.1429421443375606,tvm
150,10,10,160,32,16,2,2,1,[150; 10; 10; 160; 32; 16; 2; 2; 1],0.03535823775746394,0.12928892561857291,tvm
1500,12,6,160,80,16,80,40,1,[1500; 12; 6; 160; 80; 16; 80; 40; 1],0.01724986261979211,0.2650124625446823,tvm
75,5,5,128,32,16,16,2,1,[75; 5; 5; 128; 32; 16; 16; 2; 1],0.026560039244941436,0.1721167852678996,tvm
1500,75,3,1280,128,32,256,1,2,[1500; 75; 3; 1280; 128; 32; 256; 1; 2],0.1368670419906266,0.03340050683452082,tvm
1500,6,3,1280,640,64,64,2,4,[1500; 6; 3; 1280; 640; 64; 64; 2; 4],0.10397500003455207,0.043966612838753874,tvm
500,20,1,1280,640,80,10,1,5,[500; 20; 1; 1280; 640; 80; 10; 1; 5],0.03326514350192156,0.13742398469330228,tvm
50,1,1,1280,160,160,4,1,10,[50; 1; 1; 1280; 160; 160; 4; 1; 10],0.0521226194978226,0.08770527297883679,tvm
3,3,1,640,640,32,16,4,2,[3; 3; 1; 640; 640; 32; 16; 4; 2],0.02663992800808046,0.17160063533362252,tvm
1500,75,5,80,80,16,320,1,1,[1500; 75; 5; 80; 80; 16; 320; 1; 1],0.03648876574879978,0.1252831790173374,tvm
60,20,1,1280,256,16,320,4,1,[60; 20; 1; 1280; 256; 16; 320; 4; 1],0.0456170557445148,0.1002131438958171,tvm
750,250,1,64,64,32,16,4,2,[750; 250; 1; 64; 64; 32; 16; 4; 2],0.03216805749980267,0.14211080577236018,tvm
750,2,1,640,80,16,8,2,1,[750; 2; 1; 640; 80; 16; 8; 2; 1],0.13393588701728731,0.034131468967973685,tvm
1500,4,1,128,128,128,64,1,8,[1500; 4; 1; 128; 128; 128; 64; 1; 8],0.04728840698953718,0.09667123217832281,tvm
30,30,10,160,80,16,80,1,1,[30; 30; 10; 160; 80; 16; 80; 1; 1],0.01808760537096532,0.25273818604903575,tvm
250,250,1,640,640,128,20,20,8,[250; 250; 1; 640; 640; 128; 20; 20; 8],0.020226995249686297,0.2260063106258687,tvm
10,10,1,64,32,32,256,2,2,[10; 10; 1; 64; 32; 32; 256; 2; 2],0.030748117496841587,0.1486734455173766,tvm
300,60,1,256,16,16,320,32,1,[300; 60; 1; 256; 16; 16; 320; 32; 1],0.04457277750771027,0.10256099859690813,tvm
100,50,5,640,128,16,1,1,1,[100; 50; 5; 640; 128; 16; 1; 1; 1],0.02998372699948959,0.15246365375146295,tvm
1500,20,5,256,32,32,80,1,2,[1500; 20; 5; 256; 32; 32; 80; 1; 2],0.04770835749513935,0.09582028834034624,tvm
100,10,1,80,16,16,80,4,1,[100; 10; 1; 80; 16; 16; 80; 4; 1],0.06069201300852001,0.07532174902135524,tvm
150,2,1,64,32,16,1280,8,1,[150; 2; 1; 64; 32; 16; 1280; 8; 1],0.07829941701493226,0.058383941358806896,tvm
1500,750,2,1280,640,64,1280,32,4,[1500; 750; 2; 1280; 640; 64; 1280; 32; 4],0.22554201603634283,0.020268633985660357,tvm
1500,15,1,160,160,32,128,16,2,[1500; 15; 1; 160; 160; 32; 128; 16; 2],0.020387025746458676,0.22423224595292673,tvm
50,50,1,128,32,16,256,64,1,[50; 50; 1; 128; 32; 16; 256; 64; 1],0.034721014497336,0.1316617223779368,tvm
300,100,4,320,320,32,128,8,2,[300; 100; 4; 320; 320; 32; 128; 8; 2],0.01877592612436274,0.24347286739144683,tvm
20,20,1,640,64,64,256,16,4,[20; 20; 1; 640; 64; 64; 256; 16; 4],0.036084623003262095,0.1266863331512514,tvm
75,15,5,128,32,16,20,10,1,[75; 15; 5; 128; 32; 16; 20; 10; 1],0.023314003250561655,0.19608080698532296,tvm
300,75,5,256,32,16,320,2,1,[300; 75; 5; 256; 32; 16; 320; 2; 1],0.05216520850080997,0.08763366816328533,tvm
1500,10,1,1280,320,160,40,20,10,[1500; 10; 1; 1280; 320; 160; 40; 20; 10],0.16504050296498463,0.02769882840455507,tvm
750,250,2,1280,640,32,1280,32,2,[750; 250; 2; 1280; 640; 32; 1280; 32; 2],0.09986792449490167,0.045774742937227525,tvm
12,12,3,320,64,16,160,10,1,[12; 12; 3; 320; 64; 16; 160; 10; 1],0.013912780123064294,0.3285776481042894,tvm
30,3,1,640,160,80,16,2,5,[30; 3; 1; 640; 160; 80; 16; 2; 5],0.03491388000838924,0.1309344183553971,tvm
300,5,1,1280,1280,160,320,64,10,[300; 5; 1; 1280; 1280; 160; 320; 64; 10],0.1381746269762516,0.03308442853414957,tvm
150,50,5,1280,80,80,320,1,5,[150; 50; 5; 1280; 80; 80; 320; 1; 5],0.05928078948636539,0.07711483958019827,tvm
15,15,1,256,128,32,32,4,2,[15; 15; 1; 256; 128; 32; 32; 4; 2],0.03210766150732525,0.14237812275383607,tvm
1500,300,3,320,32,32,32,8,2,[1500; 300; 3; 320; 32; 32; 32; 8; 2],0.015582786378217861,0.2933640018205388,tvm
375,5,5,320,160,80,5,1,5,[375; 5; 5; 320; 160; 80; 5; 1; 5],0.034046548753394745,0.13426995507063721,tvm
300,25,5,80,16,16,8,4,1,[300; 25; 5; 80; 16; 16; 8; 4; 1],0.03044226400379557,0.15016716794974913,tvm
1500,75,5,1280,1280,80,10,5,5,[1500; 75; 5; 1280; 1280; 80; 10; 5; 5],0.08339311397867277,0.05481781832247785,tvm
30,5,5,1280,128,64,8,8,4,[30; 5; 5; 1280; 128; 64; 8; 8; 4],0.016503517748788,0.27699722210825584,tvm
1500,100,25,640,80,16,640,20,1,[1500; 100; 25; 640; 80; 16; 640; 20; 1],0.05196226149564609,0.08797593560879968,tvm
10,10,1,640,640,128,128,8,8,[10; 10; 1; 640; 640; 128; 128; 8; 8],0.01792229137936374,0.2550694258152867,tvm
300,10,10,640,640,16,160,5,1,[300; 10; 10; 640; 640; 16; 160; 5; 1],0.026143575247260742,0.17485858487957015,tvm
12,6,2,320,64,16,2,1,1,[12; 6; 2; 320; 64; 16; 2; 1; 1],0.012429934628016781,0.36777575331125867,tvm
150,75,5,320,160,80,2,2,5,[150; 75; 5; 320; 160; 80; 2; 2; 5],0.01716522800415987,0.26631912901598037,tvm
125,125,1,320,16,16,80,4,1,[125; 125; 1; 320; 16; 16; 80; 4; 1],0.05754683798295446,0.07943839716758447,tvm
3,1,1,256,256,32,16,2,2,[3; 1; 1; 256; 256; 32; 16; 2; 2],0.05140142800519243,0.08893582822186923,tvm
1500,100,1,64,64,32,1280,1,2,[1500; 100; 1; 64; 64; 32; 1280; 1; 2],0.049952897999901325,0.09151478201400051,tvm
750,50,1,256,64,16,40,2,1,[750; 50; 1; 256; 64; 16; 40; 2; 1],0.03717589474399574,0.12296754665647693,tvm
15,15,5,256,128,64,128,16,4,[15; 15; 5; 256; 128; 64; 128; 16; 4],0.017901910869113635,0.2553598107404114,tvm
60,60,2,1280,64,32,40,20,2,[60; 60; 2; 1280; 64; 32; 40; 20; 2],0.016295156499836594,0.2805391020009175,tvm
300,300,15,1280,320,16,8,4,1,[300; 300; 15; 1280; 320; 16; 8; 4; 1],0.03657404849946033,0.12499104580932639,tvm
150,3,1,640,160,32,160,16,2,[150; 3; 1; 640; 160; 32; 160; 16; 2],0.06672900100238621,0.06850737314747299,tvm
750,30,2,256,256,16,20,5,1,[750; 30; 2; 256; 256; 16; 20; 5; 1],0.03312590676068794,0.1380016131921768,tvm
1500,750,30,80,80,16,640,4,1,[1500; 750; 30; 80; 80; 16; 640; 4; 1],0.013742398376052734,0.33265143727711055,tvm
300,300,20,256,256,16,40,5,1,[300; 300; 20; 256; 256; 16; 40; 5; 1],0.018784542873618193,0.243361182765266,tvm
300,15,3,1280,1280,32,160,4,2,[300; 15; 3; 1280; 1280; 32; 160; 4; 2],0.01670469175587641,0.2736613544407621,tvm
100,10,10,1280,160,16,640,1,1,[100; 10; 10; 1280; 160; 16; 640; 1; 1],0.040392584254732355,0.11317494673277775,tvm
1500,4,2,1280,1280,32,640,2,2,[1500; 4; 2; 1280; 1280; 32; 640; 2; 2],0.22987531701801345,0.01988655689845268,tvm
12,4,1,128,128,128,160,40,8,[12; 4; 1; 128; 128; 128; 160; 40; 8],0.024676245004229713,0.18525624829243634,tvm
150,150,3,256,256,64,40,40,4,[150; 150; 3; 256; 256; 64; 40; 40; 4],0.01823018024879275,0.25076156730437726,tvm
30,30,3,1280,256,32,80,4,2,[30; 30; 3; 1280; 256; 32; 80; 4; 2],0.010700009373977082,0.4272359407970705,tvm
375,15,5,640,640,32,320,8,2,[375; 15; 5; 640; 640; 32; 320; 8; 2],0.011363122626789846,0.4023039019794535,tvm
60,12,4,320,80,16,2,2,1,[60; 12; 4; 320; 80; 16; 2; 2; 1],0.017754074251570273,0.2574861694646933,tvm
12,6,6,640,160,16,256,2,1,[12; 6; 6; 640; 160; 16; 256; 2; 1],0.02704434550832957,0.16903454254496883,tvm
1500,5,1,640,640,80,20,5,5,[1500; 5; 1; 640; 640; 80; 20; 5; 5],0.08944584749406204,0.051108337608764355,tvm
150,50,1,1280,640,16,20,2,1,[150; 50; 1; 1280; 640; 16; 20; 2; 1],0.029390750249149278,0.15553970322893995,tvm
1500,100,20,1280,256,16,32,1,1,[1500; 100; 20; 1280; 256; 16; 32; 1; 1],0.20090071205049753,0.022754665848469056,tvm
50,50,10,256,128,16,160,1,1,[50; 50; 10; 256; 128; 16; 160; 1; 1],0.01866421887098113,0.24493007733295313,tvm
60,30,1,320,320,80,320,5,5,[60; 30; 1; 320; 320; 80; 320; 5; 5],0.01838707237766357,0.24862188376339328,tvm
300,50,10,128,128,16,128,2,1,[300; 50; 10; 128; 128; 16; 128; 2; 1],0.022400275629479438,0.20407912148243543,tvm
100,50,2,128,64,32,32,16,2,[100; 50; 2; 128; 64; 32; 32; 16; 2],0.009748964872414945,0.4689142520518868,tvm
500,250,5,64,64,64,10,2,4,[500; 250; 5; 64; 64; 64; 10; 2; 4],0.02882898300595116,0.15857058053296202,tvm
25,5,5,160,160,32,1280,16,2,[25; 5; 5; 160; 160; 32; 1280; 16; 2],0.025835178996203467,0.1769458834444442,tvm
500,125,25,80,16,16,1280,20,1,[500; 125; 25; 80; 16; 16; 1280; 20; 1],0.03222944300796371,0.14184013575099633,tvm
1500,50,10,640,80,16,256,8,1,[1500; 50; 10; 640; 80; 16; 256; 8; 1],0.04039554126211442,0.11316666217605448,tvm
1,1,1,640,128,32,40,40,2,[1; 1; 1; 640; 128; 32; 40; 40; 2],0.1390800049994141,0.03286905670910661,tvm
500,20,5,160,160,16,8,8,1,[500; 20; 5; 160; 160; 16; 8; 8; 1],0.03177885249897372,0.14385127882059945,tvm
300,4,1,128,128,32,128,64,2,[300; 4; 1; 128; 128; 32; 128; 64; 2],0.027997512501315214,0.16327981177662923,tvm
1500,375,5,256,128,16,128,2,1,[1500; 375; 5; 256; 128; 16; 128; 2; 1],0.06666305550606921,0.06857514310924999,tvm
250,5,1,160,32,32,80,4,2,[250; 5; 1; 160; 32; 32; 80; 4; 2],0.02344892437395174,0.1949525913652034,tvm
750,30,1,640,128,64,32,4,4,[750; 30; 1; 640; 128; 64; 32; 4; 4],0.020539858625852503,0.22256377975624142,tvm
1500,375,3,640,320,80,8,1,5,[1500; 375; 3; 640; 320; 80; 8; 1; 5],0.05865915952017531,0.07793205031954589,tvm
750,15,3,640,64,64,8,2,4,[750; 15; 3; 640; 64; 64; 8; 2; 4],0.020082247370737605,0.22763530829172665,tvm
75,5,5,64,16,16,1280,20,1,[75; 5; 5; 64; 16; 16; 1280; 20; 1],0.013806580878735986,0.3311050441510247,tvm
3,1,1,128,64,64,256,16,4,[3; 1; 1; 128; 64; 64; 256; 16; 4],0.08462679749936797,0.054018688010292644,tvm
250,50,2,256,16,16,1280,32,1,[250; 50; 2; 256; 16; 16; 1280; 32; 1],0.023487403625040315,0.19463320188166286,tvm
100,100,2,160,80,80,1280,2,5,[100; 100; 2; 160; 80; 80; 1280; 2; 5],0.03679964224284049,0.12422481015608135,tvm
300,25,1,256,256,64,80,16,4,[300; 25; 1; 256; 256; 64; 80; 16; 4],0.037224345753202215,0.12280749275587512,tvm
12,6,3,256,128,16,1280,10,1,[12; 6; 3; 256; 128; 16; 1280; 10; 1],0.018135932252334896,0.25206471373094297,tvm
100,5,5,1280,640,80,2,2,5,[100; 5; 5; 1280; 640; 80; 2; 2; 5],0.05567037349101156,0.0821160032663813,tvm
750,30,10,256,128,16,32,2,1,[750; 30; 10; 256; 128; 16; 32; 2; 1],0.054680126515449956,0.0836031088943605,tvm
375,75,3,256,256,64,1280,16,4,[375; 75; 3; 256; 256; 64; 1280; 16; 4],0.02678967925021425,0.17064140741408884,tvm
30,30,5,1280,64,64,8,8,4,[30; 30; 5; 1280; 64; 64; 8; 8; 4],0.015284976121620275,0.29907986345901993,tvm
500,20,10,320,64,16,1280,5,1,[500; 20; 10; 320; 64; 16; 1280; 5; 1],0.02085393174638739,0.21921183146772785,tvm
1500,50,2,640,320,80,160,2,5,[1500; 50; 2; 640; 320; 80; 160; 2; 5],0.0726146854867693,0.06295460127361573,tvm
150,75,5,640,16,16,1280,4,1,[150; 75; 5; 640; 16; 16; 1280; 4; 1],0.016543746874958742,0.2763236530382403,tvm
500,10,10,256,64,32,8,4,2,[500; 10; 10; 256; 64; 32; 8; 4; 2],0.017163414624519646,0.2663472666387626,tvm
30,3,1,128,64,32,1280,64,2,[30; 3; 1; 128; 64; 32; 1280; 64; 2],0.07129013698431663,0.0641242781232733,tvm
150,10,5,256,128,64,320,20,4,[150; 10; 5; 256; 128; 64; 320; 20; 4],0.020235345502442215,0.22591304758680023,tvm
300,4,2,640,32,16,20,4,1,[300; 4; 2; 640; 32; 16; 20; 4; 1],0.0696537210023962,0.06563078763977746,tvm
250,2,1,128,64,32,4,2,2,[250; 2; 1; 128; 64; 32; 4; 2; 2],0.03837588749593124,0.11912241956393198,tvm
300,15,1,1280,640,160,320,20,10,[300; 15; 1; 1280; 640; 160; 320; 20; 10],0.033356175757944584,0.13704894123960762,tvm
500,50,5,32,32,32,320,1,2,[500; 50; 5; 32; 32; 32; 320; 1; 2],0.01362215550034307,0.33558775417836345,tvm
3,3,3,1280,640,80,128,16,5,[3; 3; 3; 1280; 640; 80; 128; 16; 5],0.03549220925197005,0.12880090216347484,tvm
100,25,25,1280,256,16,256,2,1,[100; 25; 25; 1280; 256; 16; 256; 2; 1],0.04875631374306977,0.09376075056696336,tvm
10,5,1,32,32,16,80,10,1,[10; 5; 1; 32; 32; 16; 80; 10; 1],0.06148797899368219,0.07434670396140813,tvm
750,750,2,256,256,128,160,10,8,[750; 750; 2; 256; 256; 128; 160; 10; 8],0.03013109574385453,0.151717966392276,tvm
60,60,4,320,320,32,1280,2,2,[60; 60; 4; 320; 320; 32; 1280; 2; 2],0.026012212998466566,0.1757416245860381,tvm
750,375,5,1280,256,32,320,16,2,[750; 375; 5; 1280; 256; 32; 320; 16; 2],0.0298055152525194,0.15337525732061144,tvm
10,10,5,1280,320,16,1280,8,1,[10; 10; 5; 1280; 320; 16; 1280; 8; 1],0.015510753750277217,0.2947263972485456,tvm
15,15,3,640,160,16,256,2,1,[15; 15; 3; 640; 160; 16; 256; 2; 1],0.017461230876506306,0.26180448582117577,tvm
500,25,5,160,80,80,64,2,5,[500; 25; 5; 160; 80; 80; 64; 2; 5],0.030914105751435272,0.1478751676721663,tvm
100,10,10,640,640,32,32,1,2,[100; 10; 10; 640; 640; 32; 32; 1; 2],0.0344321174925426,0.13276640835169848,tvm
500,500,25,1280,320,16,1280,5,1,[500; 500; 25; 1280; 320; 16; 1280; 5; 1],0.0827937345020473,0.05521466810167297,tvm
1500,500,1,320,160,80,32,16,5,[1500; 500; 1; 320; 160; 80; 32; 16; 5],0.01979679862415651,0.23091756693682833,tvm
100,20,5,64,32,16,5,5,1,[100; 20; 5; 64; 32; 16; 5; 5; 1],0.011877553810336394,0.38487963468120046,tvm
60,60,20,256,64,16,1280,5,1,[60; 60; 20; 256; 64; 16; 1280; 5; 1],0.028846182001871057,0.15847603579330027,tvm
750,25,1,1280,256,32,1280,32,2,[750; 25; 1; 1280; 256; 32; 1280; 32; 2],0.14566941699013114,0.031382212312542436,tvm
150,50,10,320,16,16,256,4,1,[150; 50; 10; 320; 16; 16; 256; 4; 1],0.013269138369651046,0.3445158565747018,tvm
375,5,1,160,32,16,64,4,1,[375; 5; 1; 160; 32; 16; 64; 4; 1],0.02975194074679166,0.1536514411054525,tvm
125,1,1,160,80,80,160,40,5,[125; 1; 1; 160; 80; 80; 160; 40; 5],0.036334085001726635,0.12581653208581783,tvm
50,50,2,32,32,32,20,10,2,[50; 50; 2; 32; 32; 32; 20; 10; 2],0.009315352250268916,0.49074135347878056,tvm
25,25,5,1280,16,16,320,1,1,[25; 25; 5; 1280; 16; 16; 320; 1; 1],0.04515565650945064,0.1012371189968596,tvm
1500,10,1,16,16,16,5,5,1,[1500; 10; 1; 16; 16; 16; 5; 5; 1],0.0283634444931522,0.1611732514551346,tvm
750,5,1,64,64,16,128,16,1,[750; 5; 1; 64; 64; 16; 128; 16; 1],0.10259478399530053,0.04455809928541758,tvm
250,25,1,640,64,64,160,16,4,[250; 25; 1; 640; 64; 64; 160; 16; 4],0.02110817037464585,0.21657152137257515,tvm
125,5,1,1280,160,80,160,32,5,[125; 5; 1; 1280; 160; 80; 160; 32; 5],0.054478914506034926,0.08391188798231598,tvm
60,3,1,256,128,64,4,4,4,[60; 3; 1; 256; 128; 64; 4; 4; 4],0.03033571774722077,0.1506945907633053,tvm
1500,300,2,640,128,64,320,16,4,[1500; 300; 2; 640; 128; 64; 320; 16; 4],0.033879341252031736,0.1349326286311551,tvm
250,2,2,1280,320,80,2,2,5,[250; 2; 2; 1280; 320; 80; 2; 2; 5],0.05157923849765211,0.0886292373555818,tvm
750,75,1,1280,256,64,320,40,4,[750; 75; 1; 1280; 256; 64; 320; 40; 4],0.05703952498151921,0.08014492709940543,tvm
50,25,5,640,64,32,80,8,2,[50; 25; 5; 640; 64; 32; 80; 8; 2],0.009702725561510306,0.47114890990660907,tvm
20,10,2,640,128,128,32,32,8,[20; 10; 2; 640; 128; 128; 32; 32; 8],0.016090887125756126,0.2841004685261414,tvm
1500,1500,6,640,80,16,256,1,1,[1500; 1500; 6; 640; 80; 16; 256; 1; 1],0.07226927849114873,0.06325548928772637,tvm
20,10,2,256,128,16,64,32,1,[20; 10; 2; 256; 128; 16; 64; 32; 1],0.017670501372776926,0.2587039538375119,tvm
125,125,25,256,128,16,320,5,1,[125; 125; 25; 256; 128; 16; 320; 5; 1],0.015460443501069676,0.2956854744246039,tvm
3,3,1,640,320,64,1,1,4,[3; 3; 1; 640; 320; 64; 1; 1; 4],0.054739486979087815,0.08351244821083179,tvm
75,15,3,1280,160,16,256,2,1,[75; 15; 3; 1280; 160; 16; 256; 2; 1],0.04083415349305142,0.11195110417083762,tvm
150,6,6,640,320,16,32,32,1,[150; 6; 6; 640; 320; 16; 32; 32; 1],0.030863921754644252,0.14811560914940064,tvm
4,4,1,80,80,16,1280,64,1,[4; 4; 1; 80; 80; 16; 1280; 64; 1],0.08875331198214553,0.051507132177199245,tvm
15,5,1,640,64,64,128,64,4,[15; 5; 1; 640; 64; 64; 128; 64; 4],0.055222802999196574,0.08278153811741647,tvm
500,125,5,320,32,32,640,16,2,[500; 125; 5; 320; 32; 32; 640; 16; 2],0.012118608250602847,0.3772238921248373,tvm
30,30,5,640,32,32,1280,10,2,[30; 30; 5; 640; 32; 32; 1280; 10; 2],0.026177488252869807,0.17463205511809987,tvm
1500,60,30,320,32,16,16,1,1,[1500; 60; 30; 320; 32; 16; 16; 1; 1],0.03593999973963946,0.12719612143977246,tvm
150,3,1,1280,160,16,640,10,1,[150; 3; 1; 1280; 160; 16; 640; 10; 1],0.13153206900460646,0.034755239585476855,tvm
50,10,1,640,160,16,640,32,1,[50; 10; 1; 640; 160; 16; 640; 32; 1],0.07976574101485312,0.05731067640401322,tvm
500,125,25,32,32,16,320,64,1,[500; 125; 25; 32; 32; 16; 320; 64; 1],0.038855583261465654,0.11765178097229095,tvm
5,1,1,256,64,64,1280,1,4,[5; 1; 1; 256; 64; 64; 1280; 1; 4],0.043206668487982824,0.10580377361656648,tvm
750,150,30,32,32,16,256,64,1,[750; 150; 30; 32; 32; 16; 256; 64; 1],0.044563869741978124,0.10258149927052661,tvm
150,6,6,64,64,32,640,20,2,[150; 6; 6; 64; 64; 32; 640; 20; 2],0.013340135628823191,0.3426823158792609,tvm
750,10,1,160,32,16,128,64,1,[750; 10; 1; 160; 32; 16; 128; 64; 1],0.06449122048798017,0.07088451012150702,tvm
250,5,5,640,320,64,320,20,4,[250; 5; 5; 640; 320; 64; 320; 20; 4],0.02806910075014457,0.16286337820797578,tvm
25,5,5,320,64,64,32,16,4,[25; 5; 5; 320; 64; 64; 32; 16; 4],0.011678770748403622,0.3914306282665445,tvm
1500,125,1,1280,320,64,1280,5,4,[1500; 125; 1; 1280; 320; 64; 1280; 5; 4],0.3648932999931276,0.012528124170859455,tvm
60,60,15,160,16,16,40,2,1,[60; 60; 15; 160; 16; 16; 40; 2; 1],0.0181021872558631,0.25253459743920925,tvm
20,20,1,640,160,16,16,16,1,[20; 20; 1; 640; 160; 16; 16; 16; 1],0.028023875507642515,0.16312620894215282,tvm
750,50,10,1280,160,32,160,4,2,[750; 50; 10; 1280; 160; 32; 160; 4; 2],0.04925957899831701,0.09280283478640282,tvm
150,75,1,160,160,160,128,16,10,[150; 75; 1; 160; 160; 160; 128; 16; 10],0.016115929996885825,0.2836589990346158,tvm
300,150,2,64,16,16,320,40,1,[300; 150; 2; 64; 16; 16; 320; 40; 1],0.03595740950549953,0.12713453594952084,tvm
30,6,2,1280,128,16,1280,64,1,[30; 6; 2; 1280; 128; 16; 1280; 64; 1],0.027829230501083657,0.1642671568389418,tvm
60,20,4,1280,640,32,128,2,2,[60; 20; 4; 1280; 640; 32; 128; 2; 2],0.05241304700030014,0.087219286667352,tvm
1500,75,1,1280,256,64,20,4,4,[1500; 75; 1; 1280; 256; 64; 20; 4; 4],0.08070260850945488,0.056645363215155516,tvm
1500,5,1,640,64,64,40,1,4,[1500; 5; 1; 640; 64; 64; 40; 1; 4],0.08890980199794285,0.05141647454725344,tvm
500,20,4,640,320,80,20,2,5,[500; 20; 4; 640; 320; 80; 20; 2; 5],0.021699796627217438,0.21066688549950552,tvm
300,3,1,1280,320,80,320,40,5,[300; 3; 1; 1280; 320; 80; 320; 40; 5],0.0807455645117443,0.05661522832952224,tvm
30,3,1,32,16,16,160,4,1,[30; 3; 1; 32; 16; 16; 160; 4; 1],0.03590612250263803,0.1273161303087714,tvm
375,75,1,160,160,160,8,8,10,[375; 75; 1; 160; 160; 160; 8; 8; 10],0.009196111939672846,0.4971044938793124,tvm
75,1,1,1280,640,32,640,8,2,[75; 1; 1; 1280; 640; 32; 640; 8; 2],0.11460508895106614,0.03988853037215888,tvm
1,1,1,1280,256,16,40,4,1,[1; 1; 1; 1280; 256; 16; 40; 4; 1],0.19390309898881242,0.023575840691913482,tvm
150,150,3,640,64,16,1280,1,1,[150; 150; 3; 640; 64; 16; 1280; 1; 1],0.04002341399609577,0.11421885628933376,tvm
100,4,4,320,80,16,160,32,1,[100; 4; 4; 320; 80; 16; 160; 32; 1],0.04422425149823539,0.10336926949709885,tvm
60,15,3,64,64,32,64,64,2,[60; 15; 3; 64; 64; 32; 64; 64; 2],0.014143992244498804,0.32320638278111286,tvm
1500,300,10,640,160,32,256,64,2,[1500; 300; 10; 640; 160; 32; 256; 64; 2],0.04718014900572598,0.09689305073779576,tvm
6,3,3,1280,128,64,80,2,4,[6; 3; 3; 1280; 128; 64; 80; 2; 4],0.01777219162613619,0.25722368223318753,tvm
300,10,10,160,16,16,1280,10,1,[300; 10; 10; 160; 16; 16; 1280; 10; 1],0.013011309500143398,0.35134269701125703,tvm
750,50,10,1280,256,16,64,64,1,[750; 50; 10; 1280; 256; 16; 64; 64; 1],0.06576330401003361,0.06951336524592959,tvm
300,30,2,640,320,80,160,5,5,[300; 30; 2; 640; 320; 80; 160; 5; 5],0.04223401125636883,0.10824045444509386,tvm
60,10,10,80,80,16,1280,16,1,[60; 10; 10; 80; 80; 16; 1280; 16; 1],0.026879898490733467,0.1700686694558954,tvm
50,5,1,1280,64,64,4,2,4,[50; 5; 1; 1280; 64; 64; 4; 2; 4],0.017705860496789683,0.25818731443509535,tvm
12,6,1,640,160,16,8,8,1,[12; 6; 1; 640; 160; 16; 8; 8; 1],0.034091636989614926,0.1340923749956956,tvm
500,125,1,640,128,16,64,4,1,[500; 125; 1; 640; 128; 16; 64; 4; 1],0.10921376501210034,0.04185762271744849,tvm
1,1,1,1280,640,160,2,1,10,[1; 1; 1; 1280; 640; 160; 2; 1; 10],0.057001847511855885,0.08019790183954573,tvm
60,6,3,320,64,64,4,2,4,[60; 6; 3; 320; 64; 64; 4; 2; 4],0.031071664241608232,0.14712532086733054,tvm
300,12,2,320,320,80,1280,1,5,[300; 12; 2; 320; 320; 80; 1280; 1; 5],0.025356869256938808,0.1802836353773295,tvm
1500,10,1,640,640,64,640,1,4,[1500; 10; 1; 640; 640; 64; 640; 1; 4],0.20488648500759155,0.022312006432533553,tvm
750,375,3,640,160,80,64,32,5,[750; 375; 3; 640; 160; 80; 64; 32; 5],0.0441923782491358,0.1034438234045023,tvm
25,5,1,640,640,32,1280,64,2,[25; 5; 1; 640; 640; 32; 1280; 64; 2],0.05007640950498171,0.09128906438417467,tvm
30,3,1,1280,320,80,320,1,5,[30; 3; 1; 1280; 320; 80; 320; 1; 5],0.07668324248516001,0.05961444017333056,tvm
150,30,10,640,320,16,2,1,1,[150; 30; 10; 640; 320; 16; 2; 1; 1],0.057903840992366895,0.07894862401323592,tvm
4,2,1,640,320,16,80,8,1,[4; 2; 1; 640; 320; 16; 80; 8; 1],0.04168784098874312,0.10965855901875525,tvm
250,2,1,256,64,16,1280,20,1,[250; 2; 1; 256; 64; 16; 1280; 20; 1],0.04175061624846421,0.10949367894891206,tvm
750,30,5,16,16,16,10,1,1,[750; 30; 5; 16; 16; 16; 10; 1; 1],0.03798820576048456,0.1203381017848383,tvm
250,10,1,640,16,16,128,1,1,[250; 10; 1; 640; 16; 16; 128; 1; 1],0.04342103649105411,0.1052814244167204,tvm
500,20,4,256,256,32,256,8,2,[500; 20; 4; 256; 256; 32; 256; 8; 2],0.013668092753505334,0.3344598733613494,tvm
1500,500,10,128,64,32,40,10,2,[1500; 500; 10; 128; 64; 32; 40; 10; 2],0.025533260995871387,0.1790381797361391,tvm
1500,100,1,320,320,80,640,8,5,[1500; 100; 1; 320; 320; 80; 640; 8; 5],0.04964332000236027,0.09208547234977889,tvm
100,5,5,64,64,16,320,40,1,[100; 5; 5; 64; 64; 16; 320; 40; 1],0.028165278752567247,0.1623072369206319,tvm
500,50,10,320,320,16,20,2,1,[500; 50; 10; 320; 320; 16; 20; 2; 1],0.024050841755524743,0.19007353746271538,tvm
300,6,2,1280,128,64,16,1,4,[300; 6; 2; 1280; 128; 64; 16; 1; 4],0.05009025248000398,0.09126383567847826,tvm
1500,300,3,320,80,80,8,2,5,[1500; 300; 3; 320; 80; 80; 8; 2; 5],0.03178491225116886,0.14382385376132228,tvm
15,3,1,320,160,160,128,4,10,[15; 3; 1; 320; 160; 160; 128; 4; 10],0.05587192199891433,0.08181978367447966,tvm
60,30,10,64,64,32,64,16,2,[60; 30; 10; 64; 64; 32; 64; 16; 2],0.016386743503971957,0.27897114337089063,tvm
60,30,3,64,64,16,16,1,1,[60; 30; 3; 64; 64; 16; 16; 1; 1],0.04377339450002182,0.10443395180207678,tvm
1500,3,1,160,160,32,128,8,2,[1500; 3; 1; 160; 160; 32; 128; 8; 2],0.05568874001619406,0.08208892085005369,tvm
60,3,1,80,16,16,10,2,1,[60; 3; 1; 80; 16; 16; 10; 2; 1],0.05451632250333205,0.0838543093428425,tvm
300,75,3,160,16,16,20,5,1,[300; 75; 3; 160; 16; 16; 20; 5; 1],0.009995136875659227,0.457365279565225,tvm
60,20,1,1280,128,128,640,2,8,[60; 20; 1; 1280; 128; 128; 640; 2; 8],0.018997732251591515,0.24063022422297825,tvm
1500,20,4,1280,160,80,80,40,5,[1500; 20; 4; 1280; 160; 80; 80; 40; 5],0.13107986602699384,0.0348751391803159,tvm
4,4,4,1280,32,32,256,16,2,[4; 4; 4; 1280; 32; 32; 256; 16; 2],0.01444939362409059,0.31637511513333744,tvm
60,4,1,640,32,16,320,10,1,[60; 4; 1; 640; 32; 16; 320; 10; 1],0.06802912801504135,0.0671981062349913,tvm
20,10,10,320,160,32,4,4,2,[20; 10; 10; 320; 160; 32; 4; 4; 2],0.015615626747603528,0.29274704405509255,tvm
300,30,15,320,80,16,640,10,1,[300; 30; 15; 320; 80; 16; 640; 10; 1],0.0272528505010996,0.16774129998783516,tvm
300,300,30,1280,640,16,32,2,1,[300; 300; 30; 1280; 640; 16; 32; 2; 1],0.07776232899050228,0.05878718694223929,tvm
6,2,1,640,64,16,32,1,1,[6; 2; 1; 640; 64; 16; 32; 1; 1],0.03553437750088051,0.12864805557140535,tvm
25,1,1,160,160,80,320,32,5,[25; 1; 1; 160; 160; 80; 320; 32; 5],0.05154440950718708,0.0886891248757279,tvm
125,125,5,80,80,16,40,20,1,[125; 125; 5; 80; 80; 16; 40; 20; 1],0.009735717438161373,0.4695523057715101,tvm
500,2,1,320,320,32,256,2,2,[500; 2; 1; 320; 320; 32; 256; 2; 2],0.05319689100724645,0.08593413045145541,tvm
300,12,6,256,256,16,20,1,1,[300; 12; 6; 256; 256; 16; 20; 1; 1],0.05631775749498047,0.08117206321356132,tvm
12,3,1,1280,160,160,160,40,10,[12; 3; 1; 1280; 160; 160; 160; 40; 10],0.03047782949579414,0.1499919333842135,tvm
25,5,5,640,640,64,40,20,4,[25; 5; 5; 640; 640; 64; 40; 20; 4],0.023293440630368423,0.19625390014168412,tvm
750,30,5,640,640,80,40,5,5,[750; 30; 5; 640; 640; 80; 40; 5; 5],0.02174472874321509,0.21023157499055828,tvm
300,100,2,1280,32,32,320,40,2,[300; 100; 2; 1280; 32; 32; 320; 40; 2],0.015585030749207363,0.2933217550219508,tvm
150,50,2,160,160,80,160,8,5,[150; 50; 2; 160; 160; 80; 160; 8; 5],0.020257112875697203,0.22567029168865377,tvm
500,100,4,320,320,80,20,1,5,[500; 100; 4; 320; 320; 80; 20; 1; 5],0.020283908626879565,0.2253721733576864,tvm
750,375,1,128,32,32,256,2,2,[750; 375; 1; 128; 32; 32; 256; 2; 2],0.04406012551044114,0.1037543247657172,tvm
300,75,3,64,32,16,320,64,1,[300; 75; 3; 64; 32; 16; 320; 64; 1],0.025382996260304935,0.18009806740497283,tvm
750,75,5,256,256,16,20,1,1,[750; 75; 5; 256; 256; 16; 20; 1; 1],0.03113935150031466,0.14680551620936544,tvm
75,3,1,320,320,64,640,32,4,[75; 3; 1; 320; 320; 64; 640; 32; 4],0.060892222507391125,0.0750740962176851,tvm
300,150,1,128,64,64,640,2,4,[300; 150; 1; 128; 64; 64; 640; 2; 4],0.044327703246381134,0.10312802686888088,tvm
500,125,5,160,80,80,40,10,5,[500; 125; 5; 160; 80; 80; 40; 10; 5],0.009737626500282204,0.46946025002048375,tvm
60,4,2,320,160,16,10,1,1,[60; 4; 2; 320; 160; 16; 10; 1; 1],0.018705324502661824,0.2443918345697795,tvm
30,15,5,1280,160,32,80,5,2,[30; 15; 5; 1280; 160; 32; 80; 5; 2],0.015911793627310544,0.28729813109078434,tvm
6,3,1,1280,320,80,1280,16,5,[6; 3; 1; 1280; 320; 80; 1280; 16; 5],0.04874544174526818,0.09378166260791615,tvm
500,1,1,1280,160,16,10,2,1,[500; 1; 1; 1280; 160; 16; 10; 2; 1],0.18276208901079372,0.02501300240203858,tvm
60,30,6,160,32,32,2,1,2,[60; 30; 6; 160; 32; 32; 2; 1; 2],0.028203035006299615,0.16208995132642523,tvm
100,10,1,1280,1280,32,80,5,2,[100; 10; 1; 1280; 1280; 32; 80; 5; 2],0.028382602497003973,0.1610644609461421,tvm
1500,10,5,256,256,16,1280,16,1,[1500; 10; 5; 256; 256; 16; 1280; 16; 1],0.050910924503114074,0.08979268430195077,tvm
500,100,1,256,256,64,20,2,4,[500; 100; 1; 256; 256; 64; 20; 2; 4],0.010300861937139416,0.4437908787949519,tvm
300,4,4,320,80,80,8,1,5,[300; 4; 4; 320; 80; 80; 8; 1; 5],0.04721907401108183,0.0968131770300219,tvm
500,10,2,640,640,160,32,4,10,[500; 10; 2; 640; 640; 160; 32; 4; 10],0.019479654380120337,0.2346770883211292,tvm
1500,60,10,128,128,32,80,16,2,[1500; 60; 10; 128; 128; 32; 80; 16; 2],0.012026033313304652,0.38012771562599157,tvm
500,10,10,640,320,32,320,10,2,[500; 10; 10; 640; 320; 32; 320; 10; 2],0.01693019650701899,0.2700162735579194,tvm
12,2,2,1280,640,128,80,16,8,[12; 2; 2; 1280; 640; 128; 80; 16; 8],0.060673781496006995,0.07534438201662809,tvm
15,15,1,320,64,64,10,2,4,[15; 15; 1; 320; 64; 64; 10; 2; 4],0.025574983505066484,0.1787461004822528,tvm
750,75,25,80,80,16,1280,4,1,[750; 75; 25; 80; 80; 16; 1280; 4; 1],0.04922261675528716,0.09287252228291051,tvm
60,6,1,1280,128,64,64,16,4,[60; 6; 1; 1280; 128; 64; 64; 16; 4],0.028145856500486843,0.1624192382047247,tvm
60,3,3,320,16,16,8,1,1,[60; 3; 3; 320; 16; 16; 8; 1; 1],0.029615841252962127,0.1543575457601207,tvm
250,125,5,128,64,64,10,10,4,[250; 125; 5; 128; 64; 64; 10; 10; 4],0.009042940062499838,0.5055245904355626,tvm
150,2,2,1280,1280,32,160,5,2,[150; 2; 2; 1280; 1280; 32; 160; 5; 2],0.06440699848462828,0.07097720246223885,tvm
30,10,2,1280,64,64,40,1,4,[30; 10; 2; 1280; 64; 64; 40; 1; 4],0.03618212750006933,0.12634493567078975,tvm
300,15,5,64,32,16,8,4,1,[300; 15; 5; 64; 32; 16; 8; 4; 1],0.02314786436909344,0.1974881353431572,tvm
12,2,1,1280,1280,128,256,8,8,[12; 2; 1; 1280; 1280; 128; 256; 8; 8],0.08746050350600854,0.05226849135523802,tvm
375,125,1,160,160,32,10,1,2,[375; 125; 1; 160; 160; 32; 10; 1; 2],0.018868446997657884,0.24227900536785127,tvm
1500,250,25,640,320,16,1280,64,1,[1500; 250; 25; 640; 320; 16; 1280; 64; 1],0.09296816599089652,0.049171977554942924,tvm
60,60,3,1280,64,16,40,2,1,[60; 60; 3; 1280; 64; 16; 40; 2; 1],0.02143837662151782,0.2132357618365657,tvm
750,50,2,1280,640,160,1280,32,10,[750; 50; 2; 1280; 640; 160; 1280; 32; 10],0.09575561201199889,0.04774058120850126,tvm
1500,500,2,160,160,16,640,2,1,[1500; 500; 2; 160; 160; 16; 640; 2; 1],0.018990157870575786,0.24072620157159152,tvm
300,10,5,64,64,16,640,20,1,[300; 10; 5; 64; 64; 16; 640; 20; 1],0.02829616224335041,0.16155648713467693,tvm
20,4,4,320,32,16,256,1,1,[20; 4; 4; 320; 32; 16; 256; 1; 1],0.0309759204974398,0.14758007181114782,tvm
20,5,1,1280,160,160,4,2,10,[20; 5; 1; 1280; 160; 160; 4; 2; 10],0.020532426999125164,0.22264433579251733,tvm
1500,3,1,160,160,160,32,32,10,[1500; 3; 1; 160; 160; 160; 32; 32; 10],0.0657015154720284,0.06957873861181786,tvm
60,3,3,640,32,16,640,32,1,[60; 3; 3; 640; 32; 16; 640; 32; 1],0.020587423750839662,0.22204956903566553,tvm
60,20,4,1280,1280,80,640,10,5,[60; 20; 4; 1280; 1280; 80; 640; 10; 5],0.01962066274427343,0.2329905279454848,tvm
60,10,2,1280,640,128,40,4,8,[60; 10; 2; 1280; 640; 128; 40; 4; 8],0.016374294631532393,0.2791832365484163,tvm
50,50,1,32,32,16,256,32,1,[50; 50; 1; 32; 32; 16; 256; 32; 1],0.03376899650902487,0.13537353916355918,tvm
1500,150,6,64,32,16,40,20,1,[1500; 150; 6; 64; 32; 16; 40; 20; 1],0.02162466375011718,0.2113988279426449,tvm
300,6,3,256,64,16,32,4,1,[300; 6; 3; 256; 64; 16; 32; 4; 1],0.03762683273816947,0.12149384465175078,tvm
750,10,10,128,128,16,1280,8,1,[750; 10; 10; 128; 128; 16; 1280; 8; 1],0.035099302491289563,0.13024271842903554,tvm
60,12,6,1280,256,32,20,10,2,[60; 12; 6; 1280; 256; 32; 20; 10; 2],0.033687482005916536,0.13570110614458186,tvm
1500,250,10,1280,320,16,256,16,1,[1500; 250; 10; 1280; 320; 16; 256; 16; 1],0.06410751299699768,0.0713087804801079,tvm
250,50,10,160,32,32,5,5,2,[250; 50; 10; 160; 32; 32; 5; 5; 2],0.010625424187310273,0.4302349243513624,tvm
300,20,1,640,320,32,160,4,2,[300; 20; 1; 640; 320; 32; 160; 4; 2],0.03119224174588453,0.14655658957348652,tvm
750,6,6,320,320,64,320,16,4,[750; 6; 6; 320; 320; 64; 320; 16; 4],0.022612133630900644,0.20216705977632643,tvm
12,4,2,1280,1280,64,1280,5,4,[12; 4; 2; 1280; 1280; 64; 1280; 5; 4],0.026271854250808246,0.1740047934107252,tvm
1500,60,5,640,128,32,64,64,2,[1500; 60; 5; 640; 128; 32; 64; 64; 2],0.07645940099610016,0.05978896658714001,tvm
125,25,25,128,64,16,64,2,1,[125; 25; 25; 128; 64; 16; 64; 2; 1],0.03968163074750919,0.1152026387351916,tvm
1500,30,2,320,320,160,640,16,10,[1500; 30; 2; 320; 320; 160; 640; 16; 10],0.0570127115061041,0.08018261981697063,tvm
375,15,3,160,32,16,320,4,1,[375; 15; 3; 160; 32; 16; 320; 4; 1],0.013334535622561816,0.3428262296359079,tvm
1500,2,1,640,320,160,1280,8,10,[1500; 2; 1; 640; 320; 160; 1280; 8; 10],0.1963116090046242,0.023286593159760054,tvm
750,250,5,64,32,32,640,1,2,[750; 250; 5; 64; 32; 32; 640; 1; 2],0.007773694502247963,0.5880638311817664,tvm
150,50,1,1280,64,16,40,1,1,[150; 50; 1; 1280; 64; 16; 40; 1; 1],0.07726991601521149,0.05916181623037654,tvm
60,6,1,256,128,16,320,32,1,[60; 6; 1; 256; 128; 16; 320; 32; 1],0.037589778745314106,0.12161360678395694,tvm
60,30,15,320,320,16,1280,1,1,[60; 30; 15; 320; 320; 16; 1280; 1; 1],0.03787131074932404,0.12070954189274177,tvm
6,6,2,64,32,32,40,40,2,[6; 6; 2; 64; 32; 32; 40; 40; 2],0.03141671475896146,0.14550944000675928,tvm
1500,500,2,256,256,128,32,32,8,[1500; 500; 2; 256; 256; 128; 32; 32; 8],0.01331299712182954,0.3433808728113315,tvm
300,60,5,640,160,16,80,16,1,[300; 60; 5; 640; 160; 16; 80; 16; 1],0.015741601622721646,0.2904042854718232,tvm
4,2,2,64,64,64,640,2,4,[4; 2; 2; 64; 64; 64; 640; 2; 4],0.024196697377192322,0.188927790440425,tvm
300,300,6,1280,320,32,1280,16,2,[300; 300; 6; 1280; 320; 32; 1280; 16; 2],0.019097001502814237,0.23937939004481418,tvm
6,6,3,1280,256,16,128,1,1,[6; 6; 3; 1280; 256; 16; 128; 1; 1],0.033145917506772093,0.1379182993047206,tvm
1500,250,2,1280,32,16,16,1,1,[1500; 250; 2; 1280; 32; 16; 16; 1; 1],0.0833971714891959,0.05481515127909105,tvm
1500,60,10,160,160,32,640,20,2,[1500; 60; 10; 160; 160; 32; 640; 20; 2],0.007407851124298759,0.6171058914013086,tvm
150,2,1,256,128,64,1280,4,4,[150; 2; 1; 256; 128; 64; 1280; 4; 4],0.06037325048237108,0.07571943758044672,tvm
20,4,1,640,640,64,320,1,4,[20; 4; 1; 640; 640; 64; 320; 1; 4],0.051581495004938915,0.0886253601410905,tvm
750,30,1,640,128,64,5,5,4,[750; 30; 1; 640; 128; 64; 5; 5; 4],0.0160827834988595,0.2842436181369196,tvm
60,3,1,256,32,32,40,2,2,[60; 3; 1; 256; 32; 32; 40; 2; 2],0.04077596450224519,0.11211086303493475,tvm
300,150,30,16,16,16,640,16,1,[300; 150; 30; 16; 16; 16; 640; 16; 1],0.013614631629025098,0.33577321046885483,tvm
300,20,4,128,128,16,80,16,1,[300; 20; 4; 128; 128; 16; 80; 16; 1],0.014719750746735372,0.3105642649854277,tvm
12,12,2,128,32,16,80,1,1,[12; 12; 2; 128; 32; 16; 80; 1; 1],0.02417339587555034,0.18910990391930182,tvm
250,10,10,640,16,16,160,1,1,[250; 10; 10; 640; 16; 16; 160; 1; 1],0.052775669493712485,0.08662000151363682,tvm
1500,300,12,320,64,16,320,1,1,[1500; 300; 12; 320; 64; 16; 320; 1; 1],0.03236769225622993,0.14123430658077551,tvm
300,4,4,160,160,16,4,2,1,[300; 4; 4; 160; 160; 16; 4; 2; 1],0.03107276849914342,0.14712009235850973,tvm
60,4,1,1280,640,16,1280,1,1,[60; 4; 1; 1280; 640; 16; 1280; 1; 1],0.06459484799415804,0.07077079230594384,tvm
1500,75,25,1280,1280,16,8,4,1,[1500; 75; 25; 1280; 1280; 16; 8; 4; 1],0.13785121199907735,0.03316204845162456,tvm
20,4,1,256,256,128,1280,40,8,[20; 4; 1; 256; 256; 128; 1280; 40; 8],0.03778978675836697,0.12096994885572937,tvm
1500,500,10,128,32,32,256,2,2,[1500; 500; 10; 128; 32; 32; 256; 2; 2],0.02493472799687879,0.18333581068142396,tvm
300,60,6,1280,32,32,40,4,2,[300; 60; 6; 1280; 32; 32; 40; 4; 2],0.05048380952212028,0.09055236945669735,tvm
1500,60,6,320,32,32,256,8,2,[1500; 60; 6; 320; 32; 32; 256; 8; 2],0.035354808991542086,0.12930146426536182,tvm
1500,15,3,1280,256,64,40,5,4,[1500; 15; 3; 1280; 256; 64; 40; 5; 4],0.08019813700229861,0.05700168036693355,tvm
375,375,3,128,32,16,640,64,1,[375; 375; 3; 128; 32; 16; 640; 64; 1],0.012742270497255959,0.3587609109705391,tvm
250,50,1,1280,32,16,64,2,1,[250; 50; 1; 1280; 32; 16; 64; 2; 1],0.036175682485918514,0.12636744512582487,tvm
150,150,1,640,128,32,64,32,2,[150; 150; 1; 640; 128; 32; 64; 32; 2],0.03922805924958084,0.11653466061993416,tvm
60,15,3,1280,16,16,640,8,1,[60; 15; 3; 1280; 16; 16; 640; 8; 1],0.01821895311877597,0.2509160949932616,tvm
375,375,25,128,32,16,80,20,1,[375; 375; 25; 128; 32; 16; 80; 20; 1],0.020225845750246663,0.2260191552866372,tvm
3,1,1,256,32,16,8,4,1,[3; 1; 1; 256; 32; 16; 8; 4; 1],0.08440764050465077,0.05415894276983955,tvm
500,500,2,640,16,16,40,2,1,[500; 500; 2; 640; 16; 16; 40; 2; 1],0.02118622950365534,0.21577357927892954,tvm
300,3,1,320,160,160,1280,1,10,[300; 3; 1; 320; 160; 160; 1280; 1; 10],0.053378426004201174,0.08564187657142186,tvm
100,100,5,1280,640,32,80,20,2,[100; 100; 5; 1280; 640; 32; 80; 20; 2],0.008078789247520035,0.5658556537827588,tvm
150,150,1,1280,128,32,40,10,2,[150; 150; 1; 1280; 128; 32; 40; 10; 2],0.02409988012368558,0.18968677636432435,tvm
750,30,1,80,80,80,10,1,5,[750; 30; 1; 80; 80; 80; 10; 1; 5],0.014543376877554692,0.31433061316617733,tvm
150,30,15,1280,160,16,4,2,1,[150; 30; 15; 1280; 160; 16; 4; 2; 1],0.03075285225349944,0.14865055552394746,tvm
100,10,5,1280,1280,64,64,2,4,[100; 10; 5; 1280; 1280; 64; 64; 2; 4],0.03413471575186122,0.13392314746840425,tvm
1500,1500,5,64,64,16,20,1,1,[1500; 1500; 5; 64; 64; 16; 20; 1; 1],0.043189082251046784,0.10584685603773794,tvm
750,3,1,640,160,80,16,4,5,[750; 3; 1; 640; 160; 80; 16; 4; 5],0.09366879050503485,0.0488041806324258,tvm
30,5,1,32,32,32,1,1,2,[30; 5; 1; 32; 32; 32; 1; 1; 2],0.01338021987612592,0.34165571371403897,tvm
1500,300,3,256,256,32,640,8,2,[1500; 300; 3; 256; 256; 32; 640; 8; 2],0.016040494752814993,0.28499299066983697,tvm
750,750,15,256,16,16,80,2,1,[750; 750; 15; 256; 16; 16; 80; 2; 1],0.027793269749963656,0.16447969643566496,tvm
125,1,1,640,320,32,640,64,2,[125; 1; 1; 640; 320; 32; 640; 64; 2],0.05033316649496555,0.09082338525007794,tvm
300,50,2,1280,128,16,160,4,1,[300; 50; 2; 1280; 128; 16; 160; 4; 1],0.0589729034982156,0.07751744106624993,tvm
750,15,5,320,320,80,640,1,5,[750; 15; 5; 320; 320; 80; 640; 1; 5],0.033817254996392876,0.135180356061312,tvm
1500,500,10,128,64,32,640,4,2,[1500; 500; 10; 128; 64; 32; 640; 4; 2],0.027099550003185868,0.16869020226871467,tvm
100,10,2,640,160,32,16,8,2,[100; 10; 2; 640; 160; 32; 16; 8; 2],0.01902702424558811,0.24025977538177426,tvm
300,12,4,1280,64,64,320,40,4,[300; 12; 4; 1280; 64; 64; 320; 40; 4],0.01466634212556528,0.31169520881829127,tvm
1500,250,25,16,16,16,160,8,1,[1500; 250; 25; 16; 16; 16; 160; 8; 1],0.026829227499547414,0.17038986946253626,tvm
50,50,2,128,64,64,10,2,4,[50; 50; 2; 128; 64; 64; 10; 2; 4],0.008816994377411902,0.5184792431239417,tvm
1500,15,1,128,128,16,320,20,1,[1500; 15; 1; 128; 128; 16; 320; 20; 1],0.11437232798198238,0.039969708163575465,tvm
75,15,1,320,64,64,320,2,4,[75; 15; 1; 320; 64; 64; 320; 2; 4],0.015581385370751377,0.29339037978033944,tvm
60,60,10,640,80,16,32,2,1,[60; 60; 10; 640; 80; 16; 32; 2; 1],0.022978952751145698,0.19893981335596972,tvm
250,250,2,160,80,80,320,2,5,[250; 250; 2; 160; 80; 80; 320; 2; 5],0.05436172598274425,0.08409277830655443,tvm
1500,1500,25,256,128,16,64,8,1,[1500; 1500; 25; 256; 128; 16; 64; 8; 1],0.062237236998043954,0.07345166321525884,tvm
500,100,2,32,16,16,640,16,1,[500; 100; 2; 32; 16; 16; 640; 16; 1],0.037696832994697616,0.12126823948504063,tvm
300,20,10,128,128,32,640,64,2,[300; 20; 10; 128; 128; 32; 640; 64; 2],0.05342128549818881,0.08557316674050386,tvm
150,50,2,1280,256,16,320,10,1,[150; 50; 2; 1280; 256; 16; 320; 10; 1],0.02941212475707289,0.15542666873562938,tvm
300,25,5,256,256,32,20,2,2,[300; 25; 5; 256; 256; 32; 20; 2; 2],0.03908021499228198,0.11697552258428955,tvm
300,50,2,1280,80,16,32,2,1,[300; 50; 2; 1280; 80; 16; 32; 2; 1],0.022335744251904543,0.2046687372433883,tvm
12,4,2,640,64,64,128,4,4,[12; 4; 2; 640; 64; 64; 128; 4; 4],0.017026198249368463,0.26849379435589127,tvm
500,2,1,640,640,32,160,1,2,[500; 2; 1; 640; 640; 32; 160; 1; 2],0.04624962275556754,0.09884250506407129,tvm
20,20,2,640,64,32,1280,10,2,[20; 20; 2; 640; 64; 32; 1280; 10; 2],0.03893083249568008,0.11742437236439358,tvm
2,1,1,256,256,16,80,40,1,[2; 1; 1; 256; 256; 16; 80; 40; 1],0.04921228725288529,0.09289201592963049,tvm
50,50,10,640,128,16,10,2,1,[50; 50; 10; 640; 128; 16; 10; 2; 1],0.03904606000287458,0.11707784527022756,tvm
6,2,1,160,80,16,64,4,1,[6; 2; 1; 160; 80; 16; 64; 4; 1],0.036652543989475816,0.1247233636153928,tvm
60,30,10,1280,320,16,10,1,1,[60; 30; 10; 1280; 320; 16; 10; 1; 1],0.022251866750593763,0.20544022767467762,tvm
50,10,2,1280,16,16,640,64,1,[50; 10; 2; 1280; 16; 16; 640; 64; 1],0.05920298252021894,0.07721618703698488,tvm
12,6,3,160,160,16,2,1,1,[12; 6; 3; 160; 160; 16; 2; 1; 1],0.015778110624523833,0.28973231841353836,tvm
150,30,3,640,160,16,128,8,1,[150; 30; 3; 640; 160; 16; 128; 8; 1],0.030097625247435644,0.1518866865357779,tvm
500,250,5,640,640,64,64,16,4,[500; 250; 5; 640; 640; 64; 64; 16; 4],0.018982326495461166,0.24082551590931905,tvm
6,1,1,640,320,32,1280,20,2,[6; 1; 1; 640; 320; 32; 1280; 20; 2],0.13681264902697876,0.0334137859616117,tvm
300,300,12,320,32,16,20,2,1,[300; 300; 12; 320; 32; 16; 20; 2; 1],0.04058054524648469,0.11265074295236518,tvm
150,150,2,1280,32,32,320,10,2,[150; 150; 2; 1280; 32; 32; 320; 10; 2],0.017179528753331397,0.26609743707562966,tvm
375,375,1,320,80,16,1,1,1,[375; 375; 1; 320; 80; 16; 1; 1; 1],0.03362625448789913,0.13594819408369324,tvm
300,6,1,320,64,32,128,16,2,[300; 6; 1; 320; 64; 32; 128; 16; 2],0.04570877199876122,0.10001206270762349,tvm
500,20,1,64,32,32,320,16,2,[500; 20; 1; 64; 32; 32; 320; 16; 2],0.020856231873040088,0.2191876557211589,tvm
50,10,1,160,160,160,256,2,10,[50; 10; 1; 160; 160; 160; 256; 2; 10],0.04633720625133719,0.09865567955549004,tvm
250,125,5,640,64,32,8,4,2,[250; 125; 5; 640; 64; 32; 8; 4; 2],0.02691273350501433,0.16986117633040998,tvm
500,20,20,256,128,16,160,20,1,[500; 20; 20; 256; 128; 16; 160; 20; 1],0.03349837675341405,0.1364671669042192,tvm
60,1,1,1280,256,64,1280,64,4,[60; 1; 1; 1280; 256; 64; 1280; 64; 4],0.11747046798700467,0.03891555596709032,tvm
750,10,1,160,80,16,10,10,1,[750; 10; 1; 160; 80; 16; 10; 10; 1],0.01165593981204438,0.3921973384509757,tvm
75,15,1,128,128,32,160,1,2,[75; 15; 1; 128; 128; 32; 160; 1; 2],0.020357419620268047,0.22455835055230736,tvm
300,75,3,1280,64,16,40,5,1,[300; 75; 3; 1280; 64; 16; 40; 5; 1],0.029931186509202234,0.15273128480967846,tvm
300,100,4,1280,160,32,40,4,2,[300; 100; 4; 1280; 160; 32; 40; 4; 2],0.016944740127655677,0.2697845193841302,tvm
500,10,5,320,320,32,16,4,2,[500; 10; 5; 320; 320; 32; 16; 4; 2],0.03131917149585206,0.1459626277800489,tvm
1500,1500,4,64,32,32,128,1,2,[1500; 1500; 4; 64; 32; 32; 128; 1; 2],0.0447278752544662,0.10220535953073474,tvm
5,5,5,1280,64,32,64,8,2,[5; 5; 5; 1280; 64; 32; 64; 8; 2],0.0268243480095407,0.17042086427609116,tvm
50,1,1,160,32,16,160,4,1,[50; 1; 1; 160; 32; 16; 160; 4; 1],0.0773630364856217,0.05909060423550198,tvm
60,6,2,640,32,16,10,5,1,[60; 6; 2; 640; 32; 16; 10; 5; 1],0.019125249498756602,0.2390258266552693,tvm
60,3,3,160,160,32,1280,10,2,[60; 3; 3; 160; 160; 32; 1280; 10; 2],0.014807622123043984,0.30872131483652615,tvm
1500,20,4,256,64,32,80,1,2,[1500; 20; 4; 256; 64; 32; 80; 1; 2],0.0314371222484624,0.145414982176117,tvm
375,5,1,640,64,16,128,1,1,[375; 5; 1; 640; 64; 16; 128; 1; 1],0.06869452400133014,0.06654720500487135,tvm
300,1,1,1280,16,16,64,64,1,[300; 1; 1; 1280; 16; 16; 64; 64; 1],0.14874719799263403,0.030732871833020675,tvm
100,25,1,160,160,32,640,4,2,[100; 25; 1; 160; 160; 32; 640; 4; 2],0.034611666487762704,0.1320776788671775,tvm
500,10,1,256,256,128,640,32,8,[500; 10; 1; 256; 256; 128; 640; 32; 8],0.01680314312397968,0.27205794402266975,tvm
50,10,5,640,32,32,64,1,2,[50; 10; 5; 640; 32; 32; 64; 1; 2],0.03659791224345099,0.12490954514069598,tvm
750,5,1,640,128,16,256,1,1,[750; 5; 1; 640; 128; 16; 256; 1; 1],0.07553120149532333,0.06052371047892865,tvm
6,3,3,640,320,64,80,16,4,[6; 3; 3; 640; 320; 64; 80; 16; 4],0.017787078249966726,0.2570084027958399,tvm
500,500,2,640,160,32,320,20,2,[500; 500; 2; 640; 160; 32; 320; 20; 2],0.013682084252650384,0.33411784981100606,tvm
750,750,25,1280,160,16,160,40,1,[750; 750; 25; 1280; 160; 16; 160; 40; 1],0.05946679200860672,0.07687363681509744,tvm
60,10,1,1280,64,64,64,2,4,[60; 10; 1; 1280; 64; 64; 64; 2; 4],0.02658152225194499,0.17197768164289678,tvm
5,5,5,1280,256,16,2,1,1,[5; 5; 5; 1280; 256; 16; 2; 1; 1],0.02033556975220563,0.2247996307520593,tvm
10,2,1,1280,160,80,640,8,5,[10; 2; 1; 1280; 160; 80; 640; 8; 5],0.05809686248539947,0.07868632445646155,tvm
1500,30,10,160,32,16,128,8,1,[1500; 30; 10; 160; 32; 16; 128; 8; 1],0.04442995775025338,0.10289068013805396,tvm
12,4,1,128,64,32,320,40,2,[12; 4; 1; 128; 64; 32; 320; 40; 2],0.025434019495151006,0.17973677232967894,tvm
20,5,1,160,160,80,80,1,5,[20; 5; 1; 160; 160; 80; 80; 1; 5],0.030470380501355976,0.150028601422458,tvm
50,5,1,128,128,128,32,4,8,[50; 5; 1; 128; 128; 128; 32; 4; 8],0.04214760950708296,0.10846234519327454,tvm
100,5,5,640,128,32,40,5,2,[100; 5; 5; 640; 128; 32; 40; 5; 2],0.017862145745311864,0.2559282986831746,tvm
150,10,5,640,128,64,80,8,4,[150; 10; 5; 640; 128; 64; 80; 8; 4],0.025707214750582352,0.17782667689913836,tvm
750,3,3,256,32,16,64,2,1,[750; 3; 3; 256; 32; 16; 64; 2; 1],0.057357540499651805,0.0797005682532068,tvm
25,5,5,320,64,32,4,1,2,[25; 5; 5; 320; 64; 32; 4; 1; 2],0.03484969900455326,0.13117555393609842,tvm
750,2,2,160,32,32,64,64,2,[750; 2; 2; 160; 32; 32; 64; 64; 2],0.05668355501256883,0.0806482333441316,tvm
30,3,3,640,80,80,640,64,5,[30; 3; 3; 640; 80; 80; 640; 64; 5],0.018049056125164498,0.2532779852712053,tvm
60,60,1,160,80,80,128,4,5,[60; 60; 1; 160; 80; 80; 128; 4; 5],0.017632508373935707,0.2592613866661216,tvm
300,12,2,128,16,16,32,8,1,[300; 12; 2; 128; 16; 16; 32; 8; 1],0.02646558976266533,0.17273102970399049,tvm
500,4,1,160,80,16,32,8,1,[500; 4; 1; 160; 80; 16; 32; 8; 1],0.047098192750127055,0.09706165575570284,tvm
75,5,1,640,160,32,256,2,2,[75; 5; 1; 640; 160; 32; 256; 2; 2],0.024456981002003886,0.1869171248509377,tvm
500,500,2,128,64,16,1280,20,1,[500; 500; 2; 128; 64; 16; 1280; 20; 1],0.04827718199521769,0.0946912885652981,tvm
150,50,10,1280,64,32,160,5,2,[150; 50; 10; 1280; 64; 32; 160; 5; 2],0.017007338123221416,0.268791538000109,tvm
1500,60,1,1280,160,32,80,5,2,[1500; 60; 1; 1280; 160; 32; 80; 5; 2],0.15003098000306636,0.030469897426085867,tvm
150,30,10,256,128,32,4,4,2,[150; 30; 10; 256; 128; 32; 4; 4; 2],0.014196853873727378,0.32200293192341956,tvm
60,6,1,128,64,32,32,1,2,[60; 6; 1; 128; 64; 32; 32; 1; 2],0.020597157868905924,0.22194462947384283,tvm
1500,750,6,256,256,32,1280,8,2,[1500; 750; 6; 256; 256; 32; 1280; 8; 2],0.044093691496527754,0.1036753425779413,tvm
1500,6,2,1280,1280,16,320,10,1,[1500; 6; 2; 1280; 1280; 16; 320; 10; 1],0.29691680904943496,0.015396327968307968,tvm
150,6,3,640,80,80,640,64,5,[150; 6; 3; 640; 80; 80; 640; 64; 5],0.022332095250021666,0.20470217954242947,tvm
60,30,2,1280,1280,160,160,4,10,[60; 30; 2; 1280; 1280; 160; 160; 4; 10],0.016809655498946086,0.27195254368628713,tvm
4,4,1,1280,640,128,8,1,8,[4; 4; 1; 1280; 640; 128; 8; 1; 8],0.05030923098092899,0.09086659609568451,tvm
2,1,1,1280,640,64,640,8,4,[2; 1; 1; 1280; 640; 64; 640; 8; 4],0.1373311440111138,0.03328763190859766,tvm
50,50,2,256,128,32,320,32,2,[50; 50; 2; 256; 128; 32; 320; 32; 2],0.010368116189056309,0.44091216649884557,tvm
1500,250,1,320,32,32,256,8,2,[1500; 250; 1; 320; 32; 32; 256; 8; 2],0.07242411348852329,0.06312025582685227,tvm
50,25,5,32,16,16,320,5,1,[50; 25; 5; 32; 16; 16; 320; 5; 1],0.014017383124155458,0.32612567773444506,tvm
500,500,2,320,160,160,5,5,10,[500; 500; 2; 320; 160; 160; 5; 5; 10],0.029249296509078704,0.1562919152605822,tvm
750,150,5,640,320,64,80,40,4,[750; 150; 5; 640; 320; 64; 80; 40; 4],0.012302066686970647,0.3715984222610546,tvm
300,6,2,640,640,32,256,16,2,[300; 6; 2; 640; 640; 32; 256; 16; 2],0.05143912497442216,0.08887065193472267,tvm
6,6,6,128,32,16,128,2,1,[6; 6; 6; 128; 32; 16; 128; 2; 1],0.015019188998849131,0.30437253115190605,tvm
750,25,1,128,128,16,160,40,1,[750; 25; 1; 128; 128; 16; 160; 40; 1],0.11736150400247425,0.038951687014271694,tvm
30,10,10,256,16,16,1280,40,1,[30; 10; 10; 256; 16; 16; 1280; 40; 1],0.012753164999594446,0.35845443633591695,tvm
750,750,1,640,160,160,8,2,10,[750; 750; 1; 640; 160; 160; 8; 2; 10],0.03253605299687479,0.14050347692351237,tvm
60,2,2,128,32,32,40,4,2,[60; 2; 2; 128; 32; 32; 40; 4; 2],0.035283652498037554,0.12956222635065434,tvm
300,100,1,640,128,64,320,1,4,[300; 100; 1; 640; 128; 64; 320; 1; 4],0.023106063999875914,0.19784540419576097,tvm
1500,75,1,128,128,128,40,8,8,[1500; 75; 1; 128; 128; 128; 40; 8; 8],0.03081334024318494,0.14835874771608526,tvm
300,50,1,640,64,64,1,1,4,[300; 50; 1; 640; 64; 64; 1; 1; 4],0.02776783324952703,0.16463036673941556,tvm
150,150,2,64,64,32,1280,16,2,[150; 150; 2; 64; 64; 32; 1280; 16; 2],0.019960706871643197,0.22902137688935686,tvm
75,75,1,640,320,64,16,4,4,[75; 75; 1; 640; 320; 64; 16; 4; 4],0.01796724287851248,0.2544312782066117,tvm
