kc,ku,mc,mr,nc,nr,X,time,peak,backend
1024,64,2,1,16,16,[1024; 64; 2; 1; 16; 16],0.14776336698560044,0.12374998390160014,tvm
320,32,50,1,256,64,[320; 32; 50; 1; 256; 64],0.08442431699950248,0.2165929786061763,tvm
128,4,30,1,128,64,[128; 4; 30; 1; 128; 64],0.08753734698984772,0.2088904326496781,tvm
256,2,2,1,64,16,[256; 2; 2; 1; 64; 16],0.16451098897960037,0.11115193215440304,tvm
40,2,2,1,16,16,[40; 2; 2; 1; 16; 16],0.11475437495391816,0.15934655470048326,tvm
512,32,150,1,256,128,[512; 32; 150; 1; 256; 128],0.08328553999308497,0.21955449033808885,tvm
32,32,20,1,320,64,[32; 32; 20; 1; 320; 64],0.07693138849572279,0.2376886033550653,tvm
640,1,20,1,320,16,[640; 1; 20; 1; 320; 16],0.2964101429679431,0.0616905821866288,tvm
5120,64,100,1,320,16,[5120; 64; 100; 1; 320; 16],0.6231627329834737,0.029343401519165018,tvm
5120,32,5,1,1280,64,[5120; 32; 5; 1; 1280; 64],1.8491772300330922,0.009888567730950835,tvm
1280,8,150,1,320,64,[1280; 8; 150; 1; 320; 64],0.3209893250023015,0.05696673646571636,tvm
128,4,500,1,32,16,[128; 4; 500; 1; 32; 16],0.13362347899237648,0.1368450696210172,tvm
80,10,500,1,320,16,[80; 10; 500; 1; 320; 16],0.23970544699113816,0.07628409998705747,tvm
40,10,12,1,64,16,[40; 10; 12; 1; 64; 16],0.09416858150507323,0.1941806279064442,tvm
5120,10,125,1,160,16,[5120; 10; 125; 1; 160; 16],0.3159853990073316,0.05786885831800734,tvm
640,40,300,1,320,64,[640; 40; 300; 1; 320; 64],0.10754284198628739,0.17003190494115702,tvm
320,10,75,1,256,64,[320; 10; 75; 1; 256; 64],0.08491612548823468,0.21533853765204836,tvm
256,32,1,1,128,128,[256; 32; 1; 1; 128; 128],0.08426981250522658,0.21699009101960645,tvm
20,4,50,1,1280,16,[20; 4; 50; 1; 1280; 16],0.5689784020069055,0.03213780034745916,tvm
5120,2,20,1,320,64,[5120; 2; 20; 1; 320; 64],0.4583103570039384,0.03989810399496853,tvm
2,1,10,1,1280,64,[2; 1; 10; 1; 1280; 64],0.9840500190039165,0.018582098402095057,tvm
2560,40,500,1,640,16,[2560; 40; 500; 1; 640; 16],1.220198066032026,0.014985857456058573,tvm
80,2,5,1,256,128,[80; 2; 5; 1; 256; 128],0.08824911448755302,0.20720564044065704,tvm
1024,8,6,1,640,16,[1024; 8; 6; 1; 640; 16],0.7143624629825354,0.025597249622229007,tvm
4,2,3,1,128,64,[4; 2; 3; 1; 128; 64],0.07454922300530598,0.24528376753722594,tvm
160,32,150,1,64,64,[160; 32; 150; 1; 64; 64],0.0674035394913517,0.2712871523321184,tvm
20,4,10,1,64,64,[20; 4; 10; 1; 64; 64],0.05088006998994388,0.35938854426356615,tvm
5,1,50,1,64,16,[5; 1; 50; 1; 64; 16],0.08235065700137056,0.22204697511289992,tvm
80,2,125,1,64,16,[80; 2; 125; 1; 64; 16],0.13586305198259652,0.13458930900548746,tvm
1280,1,1,1,64,16,[1280; 1; 1; 1; 64; 16],0.27333953499328345,0.06689743686789987,tvm
1024,2,12,1,128,64,[1024; 2; 12; 1; 128; 64],0.1063696090131998,0.17190731878543564,tvm
5120,1,250,1,320,64,[5120; 1; 250; 1; 320; 64],0.4591498440131545,0.03982515626247367,tvm
640,64,50,1,640,64,[640; 64; 50; 1; 640; 64],0.22465281502809376,0.08139543803814603,tvm
40,2,15,1,256,64,[40; 2; 15; 1; 256; 64],0.09502617400721647,0.1924281859893216,tvm
10,5,5,1,128,16,[10; 5; 5; 1; 128; 16],0.08479601252474822,0.2156435631967658,tvm
256,1,100,1,160,16,[256; 1; 100; 1; 160; 16],0.1455314650083892,0.12564784038049917,tvm
40,40,60,1,1280,16,[40; 40; 60; 1; 1280; 16],0.6515161750139669,0.028066401091764587,tvm
1280,4,375,1,1280,128,[1280; 4; 375; 1; 1280; 128],1.2379691139794886,0.014770735456342941,tvm
2560,1,75,1,640,128,[2560; 1; 75; 1; 640; 128],0.8890993460081518,0.02056655914528885,tvm
128,32,12,1,640,16,[128; 32; 12; 1; 640; 16],0.5013922689831816,0.03646987681480915,tvm
320,5,300,1,64,16,[320; 5; 300; 1; 64; 16],0.16965858201729134,0.10777948317315676,tvm
512,64,4,1,1280,64,[512; 64; 4; 1; 1280; 64],0.7900419270154089,0.023145245410953544,tvm
128,1,15,1,1280,128,[128; 1; 15; 1; 1280; 128],0.4554904710385017,0.04014510829177946,tvm
80,5,10,1,64,16,[80; 5; 10; 1; 64; 16],0.13324994500726461,0.13722868166825414,tvm
20,20,10,1,128,128,[20; 20; 10; 1; 128; 128],0.056406438001431525,0.3241777877420698,tvm
2560,2,375,1,1280,16,[2560; 2; 375; 1; 1280; 16],2.52410461101681,0.007244435989658952,tvm
5120,32,50,1,640,128,[5120; 32; 50; 1; 640; 128],0.913591151998844,0.020015205100998423,tvm
2560,40,60,1,64,16,[2560; 40; 60; 1; 64; 16],0.3749349690042436,0.04877036232250539,tvm
160,5,60,1,128,64,[160; 5; 60; 1; 128; 64],0.08814515150152147,0.20745002957308048,tvm
512,1,3,1,80,16,[512; 1; 3; 1; 80; 16],0.14409058401361108,0.12690429711900525,tvm
40,2,1500,1,64,16,[40; 2; 1500; 1; 64; 16],0.13550438097445294,0.13494555787950316,tvm
320,5,3,1,256,128,[320; 5; 3; 1; 256; 128],0.08376500851591118,0.21829776668906936,tvm
64,1,15,1,640,128,[64; 1; 15; 1; 640; 128],0.23674448096426204,0.07723818612892869,tvm
160,5,125,1,256,64,[160; 5; 125; 1; 256; 64],0.0887371644785162,0.20606601972436664,tvm
80,1,125,1,128,64,[80; 1; 125; 1; 128; 64],0.09819716500351205,0.18621427904828303,tvm
5120,1,75,1,80,16,[5120; 1; 75; 1; 80; 16],0.31656653102254495,0.057762626474281424,tvm
20,2,12,1,32,16,[20; 2; 12; 1; 32; 16],0.06664211649331264,0.2743867579228101,tvm
5120,16,15,1,640,64,[5120; 16; 15; 1; 640; 64],0.9159299550228752,0.019964096801766466,tvm
64,2,125,1,16,16,[64; 2; 125; 1; 16; 16],0.13273064297391102,0.13776558205408868,tvm
8,1,3,1,16,16,[8; 1; 3; 1; 16; 16],0.07248624149360694,0.25226462165688407,tvm
40,20,100,1,256,64,[40; 20; 100; 1; 256; 64],0.0970254905114416,0.18846299244998888,tvm
2,2,15,1,640,128,[2; 2; 15; 1; 640; 128],0.49057980300858617,0.037273679376063205,tvm
1024,1,100,1,256,128,[1024; 1; 100; 1; 256; 128],0.13446991698583588,0.13598368092723948,tvm
128,32,150,1,128,128,[128; 32; 150; 1; 128; 128],0.08643967498210259,0.21154307081210522,tvm
640,32,125,1,128,128,[640; 32; 125; 1; 128; 128],0.08336845648591407,0.21933612611388387,tvm
256,64,2,1,640,64,[256; 64; 2; 1; 640; 64],0.213443576998543,0.08567001426254728,tvm
5120,20,15,1,128,128,[5120; 20; 15; 1; 128; 128],0.3660218549775891,0.04995798484993168,tvm
5120,32,1500,1,256,64,[5120; 32; 1500; 1; 256; 64],0.3794389310060069,0.04819145530806064,tvm
1280,32,150,1,128,128,[1280; 32; 150; 1; 128; 128],0.2574623660184443,0.07102286275270352,tvm
8,4,6,1,320,64,[8; 4; 6; 1; 320; 64],0.08366536948597059,0.21855774256492735,tvm
160,32,30,1,256,64,[160; 32; 30; 1; 256; 64],0.08617162998416461,0.2122010955238351,tvm
8,2,5,1,640,64,[8; 2; 5; 1; 640; 64],0.17738415801431984,0.1030853853602762,tvm
40,1,1500,1,640,128,[40; 1; 1500; 1; 640; 128],0.2603535240050405,0.07023417238385554,tvm
32,2,1500,1,320,16,[32; 2; 1500; 1; 320; 16],0.1602955239941366,0.11407501488552578,tvm
64,32,6,1,128,64,[64; 32; 6; 1; 128; 64],0.09009082650300115,0.20296976945932607,tvm
320,10,150,1,80,16,[320; 10; 150; 1; 80; 16],0.13769297004910186,0.13280063810950937,tvm
160,5,100,1,128,128,[160; 5; 100; 1; 128; 128],0.0864617659826763,0.21148902151013269,tvm
5120,2,5,1,1280,64,[5120; 2; 5; 1; 1280; 64],1.8531837000045925,0.009867189251485954,tvm
160,1,375,1,256,16,[160; 1; 375; 1; 256; 16],0.2293722370523028,0.07972069558507497,tvm
32,2,1,1,128,64,[32; 2; 1; 1; 128; 64],0.0651370559935458,0.28072675386996543,tvm
256,16,150,1,1280,64,[256; 16; 150; 1; 1280; 64],0.4304334089974873,0.042482098051596716,tvm
80,8,60,1,160,16,[80; 8; 60; 1; 160; 16],0.11481276497943327,0.15926551624281376,tvm
5120,5,10,1,320,64,[5120; 5; 10; 1; 320; 64],0.45607265195576474,0.04009386269336722,tvm
512,8,125,1,128,128,[512; 8; 125; 1; 128; 128],0.08364490899839438,0.2186112042523149,tvm
160,16,5,1,64,64,[160; 16; 5; 1; 64; 64],0.06741581950336695,0.2712377364900392,tvm
1280,8,300,1,160,16,[1280; 8; 300; 1; 160; 16],0.22051105101127177,0.08292425346419298,tvm
320,40,150,1,160,16,[320; 40; 150; 1; 160; 16],0.13901803200133145,0.13153483776506888,tvm
128,4,2,1,256,16,[128; 4; 2; 1; 256; 16],0.19334503100253642,0.09457555847646483,tvm
1280,20,30,1,16,16,[1280; 20; 30; 1; 16; 16],0.2254159819567576,0.08111986615581722,tvm
1024,32,25,1,256,16,[1024; 32; 25; 1; 256; 16],0.24039767897920683,0.07606443774066515,tvm
128,4,30,1,320,16,[128; 4; 30; 1; 320; 16],0.2554664449999109,0.07157775372699403,tvm
5120,2,1,1,64,16,[5120; 2; 1; 1; 64; 16],0.36987975699594244,0.04943691548363075,tvm
20,2,375,1,1280,16,[20; 2; 375; 1; 1280; 16],0.6034445560071617,0.030302227609287226,tvm
40,5,250,1,128,16,[40; 5; 250; 1; 128; 16],0.12437233800301328,0.14702396513018243,tvm
5120,20,1500,1,16,16,[5120; 20; 1500; 1; 16; 16],0.3162317379610613,0.05782377949668629,tvm
128,32,5,1,128,128,[128; 32; 5; 1; 128; 128],0.08674441900802776,0.2107998934665991,tvm
1280,2,1500,1,128,64,[1280; 2; 1500; 1; 128; 64],0.25296562496805564,0.07228537192760241,tvm
1024,64,100,1,640,64,[1024; 64; 100; 1; 640; 64],0.2771175150410272,0.06598541518751382,tvm
1280,64,750,1,32,16,[1280; 64; 750; 1; 32; 16],0.227437587978784,0.08039882258784783,tvm
2560,1,6,1,64,64,[2560; 1; 6; 1; 64; 64],0.2784190360107459,0.06567695423314564,tvm
80,10,50,1,1280,128,[80; 10; 50; 1; 1280; 128],0.441959842981305,0.04137415327683465,tvm
10,1,1500,1,1280,128,[10; 1; 1500; 1; 1280; 128],0.43953817698638886,0.041602107036724,tvm
40,40,20,1,640,128,[40; 40; 20; 1; 640; 128],0.13492985698394477,0.13552014872357046,tvm
5120,5,125,1,320,16,[5120; 5; 125; 1; 320; 16],0.6175529519678093,0.0296099536524723,tvm
320,4,375,1,64,64,[320; 4; 375; 1; 64; 64],0.06478405100642703,0.2822564196224811,tvm
2560,20,100,1,160,16,[2560; 20; 100; 1; 160; 16],0.3140850650379434,0.058218986896130386,tvm
1280,5,10,1,1280,16,[1280; 5; 10; 1; 1280; 16],1.9024472669698298,0.00961167996779186,tvm
64,1,60,1,640,16,[64; 1; 60; 1; 640; 16],0.5471815799828619,0.033418000449296936,tvm
10,1,75,1,128,16,[10; 1; 75; 1; 128; 16],0.08969369847909547,0.203868438873396,tvm
512,32,300,1,640,64,[512; 32; 300; 1; 640; 64],0.2180585379828699,0.08385690583301428,tvm
32,8,1500,1,320,64,[32; 8; 1500; 1; 320; 64],0.09982546351966448,0.18317685328966402,tvm
1280,5,2,1,128,128,[1280; 5; 2; 1; 128; 128],0.25433854199945927,0.07189517617724318,tvm
160,16,100,1,256,128,[160; 16; 100; 1; 256; 128],0.08563600148772821,0.21352835218882402,tvm
128,8,5,1,640,64,[128; 8; 5; 1; 640; 64],0.21526820602593943,0.08494386896832731,tvm
64,32,750,1,160,16,[64; 32; 750; 1; 160; 16],0.10431073303334415,0.1753004101684248,tvm
2560,32,3,1,320,16,[2560; 32; 3; 1; 320; 16],0.6046761079924181,0.03024051065358707,tvm
64,1,12,1,16,16,[64; 1; 12; 1; 16; 16],0.12968286802060902,0.1410033149699338,tvm
20,10,30,1,1280,64,[20; 10; 30; 1; 1280; 64],0.32143188401823863,0.05688830260745609,tvm
640,16,750,1,320,64,[640; 16; 750; 1; 320; 64],0.1066519750165753,0.17145218626164602,tvm
256,64,50,1,256,128,[256; 64; 50; 1; 256; 128],0.08371339048608206,0.21843237001318702,tvm
160,2,250,1,16,16,[160; 2; 250; 1; 16; 16],0.13740011397749186,0.13308369080909027,tvm
160,4,30,1,128,64,[160; 4; 30; 1; 128; 64],0.08841568749630824,0.20681527004444544,tvm
320,5,4,1,640,128,[320; 5; 4; 1; 640; 128],0.2251730830175802,0.08120737186107917,tvm
80,2,75,1,640,64,[80; 2; 75; 1; 640; 64],0.22916875698138028,0.07979147998433304,tvm
80,5,125,1,32,16,[80; 5; 125; 1; 32; 16],0.11483078001765534,0.15924053013401843,tvm
2,1,150,1,640,64,[2; 1; 150; 1; 640; 64],0.47484418598469347,0.03850887264797157,tvm
1280,2,500,1,320,64,[1280; 2; 500; 1; 320; 64],0.3085255639743991,0.059268068584526115,tvm
20,1,25,1,256,16,[20; 1; 25; 1; 256; 16],0.08884627651423216,0.2058129502229069,tvm
5120,5,100,1,640,128,[5120; 5; 100; 1; 640; 128],0.9107386789983138,0.020077893590536897,tvm
5120,1,6,1,16,16,[5120; 1; 6; 1; 16; 16],0.3184220339753665,0.0574260331718404,tvm
1024,4,250,1,256,16,[1024; 4; 250; 1; 256; 16],0.2370888349832967,0.07712600336916982,tvm
2,1,15,1,640,64,[2; 1; 15; 1; 640; 64],0.499310708953999,0.03662191488746726,tvm
256,2,5,1,32,16,[256; 2; 5; 1; 32; 16],0.13850433798506856,0.13202268283962035,tvm
160,4,25,1,1280,128,[160; 4; 25; 1; 1280; 128],0.43160899297799915,0.04236638852111773,tvm
80,8,2,1,1280,128,[80; 8; 2; 1; 1280; 128],0.4328987519838847,0.0422401640150605,tvm
20,20,150,1,1280,128,[20; 20; 150; 1; 1280; 128],0.2898255130276084,0.06309214842646518,tvm
2560,64,125,1,1280,128,[2560; 64; 125; 1; 1280; 128],1.8272618650225922,0.010007166808293349,tvm
256,1,20,1,256,128,[256; 1; 20; 1; 256; 128],0.0904524700017646,0.20215826373074786,tvm
1024,2,500,1,320,16,[1024; 2; 500; 1; 320; 16],0.2967218019766733,0.06162578605245803,tvm
128,16,20,1,256,128,[128; 16; 20; 1; 256; 128],0.08600184001261368,0.21262003560659126,tvm
20,10,150,1,256,16,[20; 10; 150; 1; 256; 16],0.09645244249259122,0.18958269809620285,tvm
160,5,1500,1,1280,16,[160; 5; 1500; 1; 1280; 16],1.101902101014275,0.01659468138674272,tvm
320,40,10,1,256,16,[320; 40; 10; 1; 256; 16],0.21930145204532892,0.08338163799268729,tvm
320,2,2,1,320,64,[320; 2; 2; 1; 320; 64],0.10501842701341957,0.17411910276829498,tvm
40,2,150,1,1280,64,[40; 2; 150; 1; 1280; 64],0.4691709689795971,0.0389745220713123,tvm
5120,64,30,1,1280,16,[5120; 64; 30; 1; 1280; 16],2.435523311025463,0.007507920044507886,tvm
320,32,250,1,1280,16,[320; 32; 250; 1; 1280; 16],1.131959350022953,0.016154037939033326,tvm
320,32,3,1,64,64,[320; 32; 3; 1; 64; 64],0.06540130148641765,0.2795925137592531,tvm
64,8,20,1,128,16,[64; 8; 20; 1; 128; 16],0.1521852109581232,0.12015434463435455,tvm
4,1,500,1,256,128,[4; 1; 500; 1; 256; 128],0.11270870099542663,0.1622387102700817,tvm
2560,16,150,1,64,16,[2560; 16; 150; 1; 64; 16],0.37604308500885963,0.048626646825013345,tvm
64,64,300,1,16,16,[64; 64; 300; 1; 16; 16],0.10603813698980957,0.1724446958877783,tvm
640,40,60,1,320,64,[640; 40; 60; 1; 320; 64],0.10938388900831342,0.16717008740038977,tvm
512,1,100,1,16,16,[512; 1; 100; 1; 16; 16],0.148406527005136,0.1232136797128974,tvm
512,1,125,1,320,64,[512; 1; 125; 1; 320; 64],0.10977815103251487,0.1665697054808137,tvm
320,10,250,1,128,64,[320; 10; 250; 1; 128; 64],0.08821601350791752,0.20728338947296815,tvm
80,16,10,1,1280,16,[80; 16; 10; 1; 1280; 16],0.8819711420219392,0.02073278071637794,tvm
1280,2,2,1,64,64,[1280; 2; 2; 1; 64; 64],0.19634854298783466,0.09312885141626558,tvm
640,2,750,1,80,16,[640; 2; 750; 1; 80; 16],0.14535324496682733,0.1258018992963485,tvm
160,10,375,1,640,128,[160; 10; 375; 1; 640; 128],0.21846957301022485,0.08369913500429864,tvm
640,4,75,1,256,16,[640; 4; 75; 1; 256; 16],0.23020231403643265,0.07943323403265322,tvm
640,10,20,1,128,16,[640; 10; 20; 1; 128; 16],0.22968136298004538,0.07961340027097863,tvm
1280,32,50,1,64,64,[1280; 32; 50; 1; 64; 64],0.19556934101274237,0.09349990234166038,tvm
10,2,750,1,32,16,[10; 2; 750; 1; 32; 16],0.07142972949077375,0.2559958495723572,tvm
640,20,250,1,16,16,[640; 20; 250; 1; 16; 16],0.14469615201232955,0.12637318982854612,tvm
320,40,5,1,640,64,[320; 40; 5; 1; 640; 64],0.22551142302108929,0.08108553456293986,tvm
40,20,5,1,256,128,[40; 20; 5; 1; 256; 128],0.09349202149314806,0.1955858264018222,tvm
1280,1,10,1,256,128,[1280; 1; 10; 1; 256; 128],0.24185695505002514,0.07560549284982154,tvm
64,32,2,1,16,16,[64; 32; 2; 1; 16; 16],0.11401120200753212,0.1603852425352576,tvm
640,2,100,1,640,16,[640; 2; 100; 1; 640; 16],0.5861772010102868,0.031194857551945954,tvm
80,1,500,1,320,16,[80; 1; 500; 1; 320; 16],0.2660068579716608,0.06874151450509733,tvm
1024,8,4,1,32,16,[1024; 8; 4; 1; 32; 16],0.14789736398961395,0.1236378647492216,tvm
20,10,500,1,128,16,[20; 10; 500; 1; 128; 16],0.10797188902506605,0.16935625050951175,tvm
1024,32,100,1,1280,16,[1024; 32; 100; 1; 1280; 16],1.1962093409965746,0.01528638312628479,tvm
320,4,4,1,128,64,[320; 4; 4; 1; 128; 64],0.08533601599629037,0.21427897789966177,tvm
640,32,150,1,640,64,[640; 32; 150; 1; 640; 64],0.21929736400488764,0.08338319235477332,tvm
320,20,12,1,320,64,[320; 20; 12; 1; 320; 64],0.10614553996128961,0.17227020836092533,tvm
64,64,1,1,32,16,[64; 64; 1; 1; 32; 16],0.10926750203361735,0.16734814968213044,tvm
320,8,20,1,32,16,[320; 8; 20; 1; 32; 16],0.1400154889561236,0.1305977961584268,tvm
160,1,30,1,16,16,[160; 1; 30; 1; 16; 16],0.14970224699936807,0.12214722659300815,tvm
80,4,25,1,256,128,[80; 4; 25; 1; 256; 128],0.08874910598387942,0.20603829281430447,tvm
256,8,5,1,256,16,[256; 8; 5; 1; 256; 16],0.21465165202971548,0.08518785722265436,tvm
64,64,2,1,128,16,[64; 64; 2; 1; 128; 16],0.20674537296872586,0.08844557932854123,tvm
40,1,25,1,256,128,[40; 1; 25; 1; 256; 128],0.09917715200572275,0.18437426278039482,tvm
16,4,1500,1,64,16,[16; 4; 1500; 1; 64; 16],0.07888912950875238,0.23179003748147042,tvm
2560,1,300,1,256,16,[2560; 1; 300; 1; 256; 16],0.4909560180385597,0.03724511690226012,tvm
512,64,3,1,1280,128,[512; 64; 3; 1; 1280; 128],0.9308086860110052,0.01964497598757699,tvm
128,8,20,1,640,128,[128; 8; 20; 1; 640; 128],0.2137431919691153,0.08554992613919826,tvm
1280,32,20,1,320,64,[1280; 32; 20; 1; 320; 64],0.3220508759841323,0.05677896149121246,tvm
80,16,60,1,128,64,[80; 16; 60; 1; 128; 64],0.09371009698952548,0.19513067292800035,tvm
80,8,3,1,80,16,[80; 8; 3; 1; 80; 16],0.11022324598161504,0.165897076636305,tvm
640,32,5,1,1280,64,[640; 32; 5; 1; 1280; 64],0.7981309400056489,0.022910669627197847,tvm
320,32,150,1,64,64,[320; 32; 150; 1; 64; 64],0.06535377001273446,0.27979586001161433,tvm
40,1,4,1,1280,64,[40; 1; 4; 1; 1280; 64],0.4602192749734968,0.03973261286539406,tvm
320,5,5,1,32,16,[320; 5; 5; 1; 32; 16],0.1403252090094611,0.1303095460522807,tvm
160,5,12,1,32,16,[160; 5; 12; 1; 32; 16],0.13059030199656263,0.14002352399947432,tvm
320,2,12,1,320,64,[320; 2; 12; 1; 320; 64],0.10659246402792633,0.17154790868633626,tvm
4,2,2,1,32,16,[4; 2; 2; 1; 32; 16],0.05973163151065819,0.3061311707591895,tvm
320,8,30,1,1280,128,[320; 8; 30; 1; 1280; 128],0.464599282015115,0.039358033887618854,tvm
128,64,125,1,16,16,[128; 64; 125; 1; 16; 16],0.1424867549794726,0.1283327302130547,tvm
4,4,125,1,1280,64,[4; 4; 125; 1; 1280; 64],0.5266404940048233,0.03472143614833161,tvm
40,20,6,1,320,64,[40; 20; 6; 1; 320; 64],0.11598173301899806,0.15766029537357446,tvm
160,10,1500,1,128,64,[160; 10; 1500; 1; 128; 64],0.08988607401261106,0.2034321165606676,tvm
20,1,60,1,64,16,[20; 1; 60; 1; 64; 16],0.06480275801732205,0.2821749389250754,tvm
160,4,750,1,256,128,[160; 4; 750; 1; 256; 128],0.08661641500657424,0.21111141905753533,tvm
512,16,250,1,320,16,[512; 16; 250; 1; 320; 16],0.28826346003916115,0.06343403455724196,tvm
5,5,1500,1,64,64,[5; 5; 1500; 1; 64; 64],0.06105490800109692,0.29949622207907944,tvm
256,2,10,1,128,128,[256; 2; 10; 1; 128; 128],0.08463758500874974,0.21604721216731232,tvm
1024,8,10,1,320,16,[1024; 8; 10; 1; 320; 16],0.3140462469891645,0.05822618312119233,tvm
512,32,3,1,128,128,[512; 32; 3; 1; 128; 128],0.08344346800004132,0.21913895388079066,tvm
10,5,375,1,640,64,[10; 5; 375; 1; 640; 64],0.2030622210004367,0.0900498093423048,tvm
1280,32,3,1,320,64,[1280; 32; 3; 1; 320; 64],0.3523993670241907,0.05188918027897323,tvm
160,4,60,1,256,16,[160; 4; 60; 1; 256; 16],0.2096094749867916,0.08723705971243212,tvm
640,2,1,1,1280,128,[640; 2; 1; 1; 1280; 128],1.8120263599557802,0.010091306997410635,tvm
4,4,12,1,256,16,[4; 4; 12; 1; 256; 16],0.09822548148804344,0.18616059711491592,tvm
1280,32,5,1,320,16,[1280; 32; 5; 1; 320; 16],0.47310338501119986,0.038650567434180175,tvm
320,16,6,1,256,16,[320; 16; 6; 1; 256; 16],0.21940512902801856,0.08334223710594822,tvm
1024,2,250,1,80,16,[1024; 2; 250; 1; 80; 16],0.1482510369969532,0.12334290981108004,tvm
1280,64,25,1,320,16,[1280; 64; 25; 1; 320; 16],0.44953530200291425,0.04067692615961837,tvm
16,16,100,1,128,16,[16; 16; 100; 1; 128; 16],0.08323161699809134,0.21969673238636722,tvm
4,1,25,1,1280,16,[4; 1; 25; 1; 1280; 16],0.687058862997219,0.026614479880144277,tvm
320,32,2,1,1280,16,[320; 32; 2; 1; 1280; 16],1.7138904239982367,0.010669126817954087,tvm
80,16,3,1,1280,128,[80; 16; 3; 1; 1280; 128],0.43112267198739573,0.04241417924374176,tvm
8,1,1500,1,1280,128,[8; 1; 1500; 1; 1280; 128],0.48847511695930734,0.0374342799681188,tvm
320,1,150,1,64,16,[320; 1; 150; 1; 64; 16],0.17152782098855823,0.10660494711778584,tvm
20,1,30,1,64,16,[20; 1; 30; 1; 64; 16],0.06662152000353672,0.27447158642948344,tvm
512,8,500,1,640,64,[512; 8; 500; 1; 640; 64],0.21793119597714394,0.08390590527311219,tvm
80,5,75,1,1280,64,[80; 5; 75; 1; 1280; 64],0.4541634829947725,0.040262405434134736,tvm
20,20,300,1,256,64,[20; 20; 300; 1; 256; 64],0.07076696050353348,0.2583933823864211,tvm
16,4,500,1,320,64,[16; 4; 500; 1; 320; 64],0.09922749851830304,0.18428071410407862,tvm
160,5,4,1,1280,16,[160; 5; 4; 1; 1280; 16],1.013648613996338,0.01803950011199872,tvm
256,1,1500,1,1280,64,[256; 1; 1500; 1; 1280; 64],0.45754705101717263,0.039964664278926774,tvm
160,4,2,1,128,64,[160; 4; 2; 1; 128; 64],0.08595321749453433,0.2127403117501338,tvm
80,2,10,1,128,128,[80; 2; 10; 1; 128; 128],0.08850518800318241,0.20660612895434763,tvm
20,1,75,1,640,128,[20; 1; 75; 1; 640; 128],0.19128292199457064,0.09559512211044803,tvm
1024,2,375,1,640,16,[1024; 2; 375; 1; 640; 16],0.5936176319955848,0.030803859757740977,tvm
160,32,5,1,128,128,[160; 32; 5; 1; 128; 128],0.08614172399393283,0.21227476579180368,tvm
320,10,500,1,320,64,[320; 10; 500; 1; 320; 64],0.1105525009916164,0.16540299063067745,tvm
512,4,500,1,128,64,[512; 4; 500; 1; 128; 64],0.08616558200446889,0.21221598996181465,tvm
128,32,15,1,32,16,[128; 32; 15; 1; 32; 16],0.12509573402348906,0.14617376386536732,tvm
40,5,125,1,256,16,[40; 5; 125; 1; 256; 16],0.12099950498668477,0.15112222391096983,tvm
2560,5,5,1,640,16,[2560; 5; 5; 1; 640; 16],1.2127657849923708,0.015077696379626441,tvm
5120,10,300,1,128,128,[5120; 10; 300; 1; 128; 128],0.3676527420175262,0.049736374017965566,tvm
64,1,6,1,320,64,[64; 1; 6; 1; 320; 64],0.11258543300209567,0.16241634284405085,tvm
5120,5,4,1,256,64,[5120; 5; 4; 1; 256; 64],0.3667494760011323,0.049858869561569145,tvm
2560,40,3,1,16,16,[2560; 40; 3; 1; 16; 16],0.317458103003446,0.05760040179385749,tvm
160,16,3,1,32,16,[160; 16; 3; 1; 32; 16],0.12954260903643444,0.1411559827436496,tvm
256,32,300,1,256,16,[256; 32; 300; 1; 256; 16],0.2206269419984892,0.08288069498710408,tvm
1024,4,300,1,1280,16,[1024; 4; 300; 1; 1280; 16],1.1993950590258464,0.015245780902721093,tvm
1280,1,300,1,128,16,[1280; 1; 300; 1; 128; 16],0.35646616300800815,0.051297195030832396,tvm
10,1,250,1,160,16,[10; 1; 250; 1; 160; 16],0.05766941301408224,0.317078210614856,tvm
64,4,75,1,1280,64,[64; 4; 75; 1; 1280; 64],0.4548791039851494,0.04019906415905899,tvm
128,64,12,1,16,16,[128; 64; 12; 1; 16; 16],0.1414462069515139,0.12927680904149247,tvm
640,4,20,1,128,64,[640; 4; 20; 1; 128; 64],0.08485143751022406,0.21550270475395275,tvm
1280,10,1500,1,16,16,[1280; 10; 1500; 1; 16; 16],0.22606087801977992,0.08088845113710617,tvm
160,5,30,1,640,16,[160; 5; 30; 1; 640; 16],0.5143510340130888,0.035551040197284736,tvm
80,40,25,1,640,16,[80; 40; 25; 1; 640; 16],0.4477517179911956,0.04083895951924376,tvm
10,1,12,1,80,16,[10; 1; 12; 1; 80; 16],0.06547660499927588,0.2792709592367612,tvm
320,5,250,1,640,64,[320; 5; 250; 1; 640; 64],0.22288182197371498,0.08204219672912925,tvm
640,32,20,1,160,16,[640; 32; 20; 1; 160; 16],0.14364106702851132,0.12730143728384274,tvm
20,1,1,1,128,16,[20; 1; 1; 1; 128; 16],0.11832640500506386,0.15453621095757736,tvm
8,4,30,1,256,64,[8; 4; 30; 1; 256; 64],0.0714821940055117,0.25580796085112256,tvm
640,2,100,1,256,16,[640; 2; 100; 1; 256; 16],0.23092099599307403,0.07918601860812487,tvm
320,10,5,1,16,16,[320; 10; 5; 1; 16; 16],0.13937462400645018,0.1311983039672131,tvm
256,32,5,1,16,16,[256; 32; 5; 1; 16; 16],0.13835702603682876,0.13216325046511826,tvm
64,1,25,1,256,64,[64; 1; 25; 1; 256; 64],0.09211694149416871,0.19850544307174842,tvm
160,40,1,1,64,16,[160; 40; 1; 1; 64; 16],0.15242516197031364,0.11996519504618022,tvm
5120,5,100,1,256,16,[5120; 5; 100; 1; 256; 16],0.4908937669824809,0.037249840017558974,tvm
256,32,30,1,128,128,[256; 32; 30; 1; 128; 128],0.08324034450924955,0.21967369781467452,tvm
80,5,300,1,320,16,[80; 5; 300; 1; 320; 16],0.23751130403252319,0.07698881684894612,tvm
640,4,375,1,160,16,[640; 4; 375; 1; 160; 16],0.1452424850431271,0.12589783409644004,tvm
256,32,25,1,640,16,[256; 32; 25; 1; 640; 16],0.5498214939725585,0.03325754719699431,tvm
20,2,375,1,1280,128,[20; 2; 375; 1; 1280; 128],0.31022631499217823,0.058943143769655156,tvm
80,5,2,1,16,16,[80; 5; 2; 1; 16; 16],0.12565693497890607,0.14552093196275953,tvm
2560,20,6,1,256,64,[2560; 20; 6; 1; 256; 64],0.3659244190203026,0.04997128733488469,tvm
2560,4,2,1,16,16,[2560; 4; 2; 1; 16; 16],0.3165929240058176,0.0577578110538512,tvm
160,16,100,1,256,16,[160; 16; 100; 1; 256; 16],0.20354732900159433,0.08983519644009212,tvm
1024,4,25,1,16,16,[1024; 4; 25; 1; 16; 16],0.15184741700068116,0.12042163539490607,tvm
80,4,15,1,32,16,[80; 4; 15; 1; 32; 16],0.1147213049698621,0.1593924885226684,tvm
128,2,4,1,1280,64,[128; 2; 4; 1; 1280; 64],0.4274784770095721,0.04277575426400902,tvm
40,40,5,1,640,64,[40; 40; 5; 1; 640; 64],0.20728742697974667,0.08821429525246083,tvm
128,16,50,1,128,128,[128; 16; 50; 1; 128; 128],0.08643618848873302,0.21155160362141412,tvm
16,2,4,1,256,128,[16; 2; 4; 1; 256; 128],0.06359912248444743,0.2875151978737739,tvm
256,8,300,1,16,16,[256; 8; 300; 1; 16; 16],0.1410193259944208,0.1296681441126568,tvm
640,32,3,1,80,16,[640; 32; 3; 1; 80; 16],0.14327765099005774,0.12762433051741728,tvm
160,10,1,1,1280,64,[160; 10; 1; 1; 1280; 64],0.43070559203624725,0.04245525162388744,tvm
640,32,6,1,64,16,[640; 32; 6; 1; 64; 16],0.17128245200728998,0.10675766297960299,tvm
80,4,12,1,1280,16,[80; 4; 12; 1; 1280; 16],0.8759177590254694,0.020876062960589643,tvm
1024,4,20,1,320,64,[1024; 4; 20; 1; 320; 64],0.15177281602518633,0.12048082630739235,tvm
256,8,20,1,128,64,[256; 8; 20; 1; 128; 64],0.0863436340005137,0.21177837251563325,tvm
2560,5,500,1,32,16,[2560; 5; 500; 1; 32; 16],0.3167394080082886,0.05773109952025855,tvm
160,1,5,1,256,16,[160; 1; 5; 1; 256; 16],0.21838256804039702,0.08373248125890591,tvm
16,2,10,1,640,16,[16; 2; 10; 1; 640; 16],0.23915404797298834,0.0764599823448508,tvm
32,4,20,1,160,16,[32; 4; 20; 1; 160; 16],0.06698594699264504,0.27297836496544614,tvm
8,8,5,1,64,16,[8; 8; 5; 1; 64; 16],0.060221291496418417,0.3036420148312795,tvm
80,2,5,1,256,16,[80; 2; 5; 1; 256; 16],0.17479581595398486,0.10461185346981083,tvm
16,1,50,1,16,16,[16; 1; 50; 1; 16; 16],0.06683071149745956,0.2736124436803188,tvm
64,2,30,1,640,16,[64; 2; 30; 1; 640; 16],0.44867120700655505,0.04075526577181748,tvm
40,1,25,1,320,16,[40; 1; 25; 1; 320; 16],0.2452843110077083,0.07454905782840567,tvm
16,2,150,1,128,128,[16; 2; 150; 1; 128; 128],0.062390844512265176,0.2930832949715814,tvm
64,1,5,1,640,64,[64; 1; 5; 1; 640; 64],0.2203667070134543,0.08297857028193406,tvm
5120,5,125,1,80,16,[5120; 5; 125; 1; 80; 16],0.31687696202425286,0.05770603886411518,tvm
640,4,15,1,64,64,[640; 4; 15; 1; 64; 64],0.06460373851587065,0.28304421239062183,tvm
5120,4,75,1,640,128,[5120; 4; 75; 1; 640; 128],0.9099743880215101,0.02009475709033038,tvm
256,32,2,1,128,64,[256; 32; 2; 1; 128; 64],0.08399917802307755,0.217689205014489,tvm
5120,40,10,1,128,16,[5120; 40; 10; 1; 128; 16],0.4957654940080829,0.03688379789783466,tvm
16,4,12,1,128,128,[16; 4; 12; 1; 128; 128],0.06007930199848488,0.30435963264312604,tvm
20,20,150,1,320,64,[20; 20; 150; 1; 320; 64],0.08147437599836849,0.22443515598180777,tvm
256,32,75,1,1280,64,[256; 32; 75; 1; 1280; 64],0.4443150900187902,0.0411548351530014,tvm
1280,1,15,1,16,16,[1280; 1; 15; 1; 16; 16],0.2329192059696652,0.07850668307746066,tvm
2560,64,5,1,1280,64,[2560; 64; 5; 1; 1280; 64],1.8413612869917415,0.009930541287520996,tvm
2,1,375,1,128,16,[2; 1; 375; 1; 128; 16],0.2313713770126924,0.07903187732988763,tvm
640,1,125,1,640,128,[640; 1; 125; 1; 640; 128],0.23741671303287148,0.07701949054943973,tvm
1280,2,750,1,64,64,[1280; 2; 750; 1; 64; 64],0.19397320097777992,0.09426928149630813,tvm
512,4,30,1,640,128,[512; 4; 30; 1; 640; 128],0.2293833420262672,0.07971683612326282,tvm
1024,8,500,1,128,64,[1024; 8; 500; 1; 128; 64],0.12210254202364013,0.1497570319393843,tvm
640,40,25,1,640,128,[640; 40; 25; 1; 640; 128],0.2393926619552076,0.07638377106619793,tvm
10,10,4,1,640,64,[10; 10; 4; 1; 640; 64],0.18187634099740535,0.10053926852407456,tvm
32,2,250,1,160,16,[32; 2; 250; 1; 160; 16],0.06945451549836434,0.2632761045773175,tvm
64,64,15,1,128,128,[64; 64; 15; 1; 128; 128],0.05696753950905986,0.3209848001738992,tvm
2560,40,20,1,256,64,[2560; 40; 20; 1; 256; 64],0.36801196198211983,0.04968782587181966,tvm
1280,10,4,1,64,64,[1280; 10; 4; 1; 64; 64],0.19527007098076865,0.09364319987119364,tvm
640,32,60,1,320,64,[640; 32; 60; 1; 320; 64],0.11221252498216927,0.16295608969337347,tvm
40,5,75,1,640,64,[40; 5; 75; 1; 640; 64],0.23492101399460807,0.07783771223690522,tvm
2560,64,30,1,32,16,[2560; 64; 30; 1; 32; 16],0.314819734019693,0.058083126023384724,tvm
32,4,250,1,640,64,[32; 4; 250; 1; 640; 64],0.18992835300741717,0.09627690650800402,tvm
1024,64,5,1,640,128,[1024; 64; 5; 1; 640; 128],0.42912181798601523,0.04261194262164084,tvm
5120,20,75,1,1280,128,[5120; 20; 75; 1; 1280; 128],1.8129253910155967,0.010086302710709276,tvm
160,20,15,1,64,64,[160; 20; 15; 1; 64; 64],0.06980607999139465,0.2619501666325979,tvm
640,10,750,1,16,16,[640; 10; 750; 1; 16; 16],0.14481141901342198,0.12627259929011164,tvm
2560,20,1,1,1280,128,[2560; 20; 1; 1; 1280; 128],1.806714156002272,0.010120978033500996,tvm
40,20,3,1,640,128,[40; 20; 3; 1; 640; 128],0.23608202702598646,0.07745491902143617,tvm
160,16,6,1,256,64,[160; 16; 6; 1; 256; 64],0.08815929800039157,0.2074167410638078,tvm
128,16,375,1,128,128,[128; 16; 375; 1; 128; 128],0.08735961248748936,0.20931542351258664,tvm
1024,8,60,1,16,16,[1024; 8; 60; 1; 16; 16],0.151939446979668,0.12034869580748979,tvm
10,10,30,1,640,128,[10; 10; 30; 1; 640; 128],0.17754166503436863,0.10299393261956018,tvm
10,5,150,1,1280,16,[10; 5; 150; 1; 1280; 16],0.5400199549621902,0.03386118256869706,tvm
320,2,50,1,256,16,[320; 2; 50; 1; 256; 16],0.22389338299399242,0.08167152615763074,tvm
640,64,25,1,32,16,[640; 64; 25; 1; 32; 16],0.14335964596830308,0.12755133539990235,tvm
5120,4,500,1,32,16,[5120; 4; 500; 1; 32; 16],0.3174298590165563,0.057605526910310456,tvm
20,1,5,1,128,64,[20; 1; 5; 1; 128; 64],0.0717129849945195,0.25498470447314014,tvm
5120,32,15,1,640,64,[5120; 32; 15; 1; 640; 64],0.91958959097974,0.01988464687408271,tvm
32,16,125,1,256,16,[32; 16; 125; 1; 256; 16],0.10963796800933778,0.16678268138056795,tvm
128,64,20,1,128,128,[128; 64; 20; 1; 128; 128],0.08673400350380689,0.21082520749675412,tvm
2560,2,2,1,128,128,[2560; 2; 2; 1; 128; 128],0.3646381919970736,0.0501475563642029,tvm
1280,1,2,1,128,16,[1280; 1; 2; 1; 128; 16],0.34935126901837066,0.0523419145924234,tvm
256,16,15,1,1280,64,[256; 16; 15; 1; 1280; 64],0.514120367995929,0.03556699058042198,tvm
5,1,12,1,1280,16,[5; 1; 12; 1; 1280; 16],0.42622288898564875,0.04290176515210562,tvm
64,32,375,1,256,64,[64; 32; 375; 1; 256; 64],0.10409932397305965,0.17565641723520253,tvm
512,1,60,1,320,64,[512; 1; 60; 1; 320; 64],0.10901878401637077,0.1677299416857229,tvm
256,1,6,1,32,16,[256; 1; 6; 1; 32; 16],0.1417634190293029,0.12898753720051417,tvm
320,4,125,1,32,16,[320; 4; 125; 1; 32; 16],0.14053643797524273,0.13011368830150333,tvm
160,10,60,1,160,16,[160; 10; 60; 1; 160; 16],0.12715983798261732,0.14380101906243334,tvm
80,40,125,1,1280,128,[80; 40; 125; 1; 1280; 128],0.4482667059637606,0.04079204197510168,tvm
320,1,150,1,256,16,[320; 1; 150; 1; 256; 16],0.2336014360189438,0.07827740529913274,tvm
320,16,60,1,1280,16,[320; 16; 60; 1; 1280; 16],1.1367368240025826,0.016086145798750638,tvm
256,4,100,1,64,16,[256; 4; 100; 1; 64; 16],0.16570665105246007,0.1103499115429309,tvm
320,10,375,1,128,16,[320; 10; 375; 1; 128; 16],0.22367072600172833,0.0817528275272509,tvm
640,10,2,1,320,64,[640; 10; 2; 1; 320; 64],0.1688015140243806,0.10832671964703597,tvm
4,2,3,1,64,16,[4; 2; 3; 1; 64; 16],0.06366162351332605,0.2872329242732336,tvm
80,2,1500,1,1280,128,[80; 2; 1500; 1; 1280; 128],0.46780730003956705,0.039088133691303414,tvm
2560,4,60,1,320,64,[2560; 4; 60; 1; 320; 64],0.45901801000582054,0.039836594397423354,tvm
5120,5,125,1,1280,16,[5120; 5; 125; 1; 1280; 16],2.502184559998568,0.007307899895971203,tvm
5120,10,1,1,256,16,[5120; 10; 1; 1; 256; 16],0.49279973801458254,0.03710577111786774,tvm
80,2,60,1,128,16,[80; 2; 60; 1; 128; 16],0.17885912902420387,0.10223528642611135,tvm
5120,40,30,1,640,128,[5120; 40; 30; 1; 640; 128],0.9009951209882274,0.020295020316711807,tvm
8,8,25,1,128,128,[8; 8; 25; 1; 128; 128],0.06951485402532853,0.26304758230595837,tvm
128,32,1,1,1280,128,[128; 32; 1; 1; 1280; 128],0.4241610440076329,0.04311031044469334,tvm
40,10,250,1,32,16,[40; 10; 250; 1; 32; 16],0.08376867498736829,0.2182882120132811,tvm
16,8,30,1,640,16,[16; 8; 30; 1; 640; 16],0.23551275598583743,0.07764213963346384,tvm
8,8,75,1,1280,16,[8; 8; 75; 1; 1280; 16],0.5282296829973347,0.03461697605093985,tvm
256,4,375,1,640,128,[256; 4; 375; 1; 640; 128],0.21850038797128946,0.08368733097223148,tvm
128,32,3,1,640,128,[128; 32; 3; 1; 640; 128],0.21573227795306593,0.08476114218611493,tvm
1024,16,5,1,1280,16,[1024; 16; 5; 1; 1280; 16],1.480671652010642,0.012349607869431178,tvm
8,2,375,1,128,64,[8; 2; 375; 1; 128; 64],0.0786128909967374,0.23260452648247196,tvm
80,8,375,1,640,128,[80; 8; 375; 1; 640; 128],0.2311703500454314,0.0791006038712172,tvm
320,32,30,1,1280,64,[320; 32; 30; 1; 1280; 64],0.4775174080277793,0.03829329356020153,tvm
64,8,300,1,320,64,[64; 8; 300; 1; 320; 64],0.1218108480097726,0.15011564720612788,tvm
320,10,2,1,256,64,[320; 10; 2; 1; 256; 64],0.08628998848143965,0.21191003275713047,tvm
160,8,375,1,320,64,[160; 8; 375; 1; 320; 64],0.11571819003438577,0.15801935962082253,tvm
32,2,25,1,320,16,[32; 2; 25; 1; 320; 16],0.13650065497495234,0.13396063402823735,tvm
5120,32,20,1,128,16,[5120; 32; 20; 1; 128; 16],0.4951406879699789,0.03693034066879791,tvm
80,4,50,1,128,128,[80; 4; 50; 1; 128; 128],0.0888430209888611,0.2058204919439525,tvm
1024,1,500,1,256,16,[1024; 1; 500; 1; 256; 16],0.2420964220073074,0.07553070852555745,tvm
10,2,20,1,16,16,[10; 2; 20; 1; 16; 16],0.07165059499675408,0.25520673326638343,tvm
320,2,250,1,640,64,[320; 2; 250; 1; 640; 64],0.22563316696323454,0.08104178358092995,tvm
640,4,100,1,16,16,[640; 4; 100; 1; 16; 16],0.14472095103701577,0.12635153483089873,tvm
1024,64,100,1,256,128,[1024; 64; 100; 1; 256; 128],0.10145982797257602,0.18022615108963919,tvm
32,8,100,1,128,64,[32; 8; 100; 1; 128; 64],0.0657309929956682,0.27819014215895616,tvm
256,16,4,1,640,128,[256; 16; 4; 1; 640; 128],0.2152215869864449,0.08496226861697642,tvm
2560,4,750,1,16,16,[2560; 4; 750; 1; 16; 16],0.3165690789464861,0.057762161568550935,tvm
40,2,25,1,320,64,[40; 2; 25; 1; 320; 64],0.11918591696303338,0.1534217695483752,tvm
40,1,6,1,64,64,[40; 1; 6; 1; 64; 64],0.07464088549022563,0.2449825476428577,tvm
1280,40,3,1,1280,16,[1280; 40; 3; 1; 1280; 16],2.2024057150119916,0.008302609351708264,tvm
160,8,125,1,320,64,[160; 8; 125; 1; 320; 64],0.11205057299230248,0.16319161783287317,tvm
640,10,4,1,128,16,[640; 10; 4; 1; 128; 16],0.22999193001305684,0.07950589520543695,tvm
640,10,12,1,128,16,[640; 10; 12; 1; 128; 16],0.23022387496894225,0.07942579494929043,tvm
320,20,100,1,256,128,[320; 20; 100; 1; 256; 128],0.08314501598943025,0.2199255609986153,tvm
160,20,2,1,128,128,[160; 20; 2; 1; 128; 128],0.08716224497766234,0.20978939092723564,tvm
1280,10,15,1,16,16,[1280; 10; 15; 1; 16; 16],0.22468347800895572,0.08138432984816726,tvm
64,8,125,1,256,64,[64; 8; 125; 1; 256; 64],0.09506611051619984,0.19234734845492907,tvm
64,64,2,1,64,64,[64; 64; 2; 1; 64; 64],0.062057804490905255,0.29465615865276235,tvm
5120,5,300,1,640,16,[5120; 5; 300; 1; 640; 16],1.2235433759633452,0.014944884378387651,tvm
64,8,1,1,128,16,[64; 8; 1; 1; 128; 16],0.18145243905019015,0.100774144351162,tvm
64,16,12,1,256,16,[64; 16; 12; 1; 256; 16],0.1576662019942887,0.11597738801608647,tvm
320,40,150,1,320,16,[320; 40; 150; 1; 320; 16],0.2788677529897541,0.06557127559451496,tvm
640,16,75,1,1280,128,[640; 16; 75; 1; 1280; 128],0.4458411249797791,0.041013969463996006,tvm
2,1,3,1,16,16,[2; 1; 3; 1; 16; 16],0.13949225202668458,0.1310876698887639,tvm
256,32,2,1,640,128,[256; 32; 2; 1; 640; 128],0.21664909698301926,0.08440244866170618,tvm
512,64,25,1,16,16,[512; 64; 25; 1; 16; 16],0.14278867398388684,0.1280613775275885,tvm
64,8,4,1,256,16,[64; 8; 4; 1; 256; 16],0.17857342801289633,0.10239885345312248,tvm
80,1,10,1,160,16,[80; 1; 10; 1; 160; 16],0.12071269901935011,0.15148128104387018,tvm
1024,32,50,1,64,64,[1024; 32; 50; 1; 64; 64],0.09639683848945424,0.1896920539330212,tvm
2560,20,1500,1,640,64,[2560; 20; 1500; 1; 640; 64],0.9251020909869112,0.01976615820444946,tvm
20,5,6,1,1280,64,[20; 5; 6; 1; 1280; 64],0.3533351689693518,0.051751752702829265,tvm
640,8,4,1,32,16,[640; 8; 4; 1; 32; 16],0.1442738039768301,0.12674313549430577,tvm
2,1,300,1,128,16,[2; 1; 300; 1; 128; 16],0.2133314199745655,0.0857150544813999,tvm
512,32,250,1,32,16,[512; 32; 250; 1; 32; 16],0.1436922299908474,0.12725611041654103,tvm
80,20,150,1,1280,16,[80; 20; 150; 1; 1280; 16],1.0148454820155166,0.018018225049786157,tvm
512,32,12,1,1280,64,[512; 32; 12; 1; 1280; 64],0.5575320749776438,0.032797600544233294,tvm
20,4,30,1,640,128,[20; 4; 30; 1; 640; 128],0.15910575399175286,0.1149280514811684,tvm
320,64,750,1,320,64,[320; 64; 750; 1; 320; 64],0.11297544895205647,0.1618556461189565,tvm
16,1,750,1,320,64,[16; 1; 750; 1; 320; 64],0.11926539603155106,0.1533195284982485,tvm
20,10,75,1,256,16,[20; 10; 75; 1; 256; 16],0.08752289897529408,0.20892491564837185,tvm
640,8,10,1,128,64,[640; 8; 10; 1; 128; 64],0.08834836547612213,0.2069728646044545,tvm
2560,20,60,1,640,128,[2560; 20; 60; 1; 640; 128],0.916327724000439,0.01995543058097577,tvm
160,16,2,1,640,128,[160; 16; 2; 1; 640; 128],0.21436797501519322,0.08530058785328497,tvm
1280,10,10,1,640,64,[1280; 10; 10; 1; 640; 64],0.6816366050043143,0.0268261917735456,tvm
20,5,500,1,1280,16,[20; 5; 500; 1; 1280; 16],0.621075090020895,0.02944203459375435,tvm
40,2,30,1,128,128,[40; 2; 30; 1; 128; 128],0.09801111850538291,0.18656775439931347,tvm
256,8,12,1,160,16,[256; 8; 12; 1; 160; 16],0.13748620898695663,0.13300035269318583,tvm
64,4,100,1,16,16,[64; 4; 100; 1; 16; 16],0.11749420402338728,0.15563077717497031,tvm
256,8,30,1,256,128,[256; 8; 30; 1; 256; 128],0.0852014499832876,0.21461740720728412,tvm
10,5,30,1,1280,128,[10; 5; 30; 1; 1280; 128],0.34893316897796467,0.05240463192213475,tvm
640,10,500,1,256,16,[640; 10; 500; 1; 256; 16],0.23353434499586,0.07829989325997616,tvm
160,32,25,1,1280,128,[160; 32; 25; 1; 1280; 128],0.43961186899105087,0.04159513328810175,tvm
160,2,375,1,32,16,[160; 2; 375; 1; 32; 16],0.13710310403257608,0.13337199339680558,tvm
2,1,20,1,640,128,[2; 1; 20; 1; 640; 128],0.5025428319931962,0.03638637967074188,tvm
20,5,500,1,256,16,[20; 5; 500; 1; 256; 16],0.1102784060058184,0.16581409677565992,tvm
32,16,12,1,256,16,[32; 16; 12; 1; 256; 16],0.11058777797734365,0.16535022784760645,tvm
80,16,30,1,64,64,[80; 16; 30; 1; 64; 64],0.07875660600257106,0.23218006988667514,tvm
640,32,250,1,64,16,[640; 32; 250; 1; 64; 16],0.17284283199114725,0.10579388265664876,tvm
64,4,30,1,80,16,[64; 4; 30; 1; 80; 16],0.11020381900016218,0.1659263213526872,tvm
16,4,250,1,640,16,[16; 4; 250; 1; 640; 16],0.28414475498721004,0.06435351687747101,tvm
1280,16,60,1,640,64,[1280; 16; 60; 1; 640; 64],0.6425509590189904,0.028457998589920177,tvm
256,4,25,1,1280,128,[256; 4; 25; 1; 1280; 128],0.4686897469800897,0.039014538729585393,tvm
128,8,375,1,640,128,[128; 8; 375; 1; 640; 128],0.22011845000088215,0.08307215631239001,tvm
640,8,750,1,64,16,[640; 8; 750; 1; 64; 16],0.1746608809917234,0.10469267177566102,tvm
160,40,250,1,64,16,[160; 40; 250; 1; 64; 16],0.15661103499587625,0.11675878577902107,tvm
80,20,30,1,640,16,[80; 20; 30; 1; 640; 16],0.4505057630012743,0.04058930159715307,tvm
128,8,20,1,128,128,[128; 8; 20; 1; 128; 128],0.08722691048751585,0.20963386394765623,tvm
16,4,15,1,128,128,[16; 4; 15; 1; 128; 128],0.06151408498408273,0.29726060772009966,tvm
2560,10,10,1,256,64,[2560; 10; 10; 1; 256; 64],0.36718653998104855,0.04979952229909642,tvm
5120,32,30,1,80,16,[5120; 32; 30; 1; 80; 16],0.31169561098795384,0.058665292808441176,tvm
256,1,5,1,640,128,[256; 1; 5; 1; 640; 128],0.23204397002700716,0.07880279881259594,tvm
8,4,1,1,640,64,[8; 4; 1; 1; 640; 64],0.16722842899616808,0.10934572784949916,tvm
320,10,750,1,640,16,[320; 10; 750; 1; 640; 16],0.5622037450084463,0.0325250666650034,tvm
5120,10,125,1,32,16,[5120; 10; 125; 1; 32; 16],0.3162004670011811,0.05782949803690829,tvm
16,4,500,1,256,64,[16; 4; 500; 1; 256; 64],0.07662369450554252,0.2386430777543832,tvm
1024,1,30,1,64,64,[1024; 1; 30; 1; 64; 64],0.09588102149427868,0.1907125518766549,tvm
2560,10,12,1,1280,16,[2560; 10; 12; 1; 1280; 16],2.4460499769775197,0.007475609434730017,tvm
5120,8,125,1,160,16,[5120; 8; 125; 1; 160; 16],0.31632472900673747,0.05780678084553047,tvm
256,16,6,1,1280,64,[256; 16; 6; 1; 1280; 64],0.6128359580179676,0.029837861252224648,tvm
160,16,250,1,640,16,[160; 16; 250; 1; 640; 16],0.5503719809930772,0.03322428269825802,tvm
320,10,60,1,16,16,[320; 10; 60; 1; 16; 16],0.14015473698964342,0.13046804323899155,tvm
640,4,375,1,320,16,[640; 4; 375; 1; 320; 16],0.29162086301948875,0.06270372461140501,tvm
4,2,300,1,16,16,[4; 2; 300; 1; 16; 16],0.08912321401294321,0.20517341624437696,tvm
1024,4,100,1,32,16,[1024; 4; 100; 1; 32; 16],0.15194937901105732,0.12034082932569037,tvm
128,32,1500,1,1280,128,[128; 32; 1500; 1; 1280; 128],0.4522451109951362,0.040433193949798045,tvm
640,40,3,1,256,128,[640; 40; 3; 1; 256; 128],0.08687386749079451,0.21048578604667176,tvm
1024,1,60,1,64,64,[1024; 1; 60; 1; 64; 64],0.075691685982747,0.24158154291717446,tvm
5120,8,3,1,640,16,[5120; 8; 3; 1; 640; 16],1.2364581930451095,0.014788784925012967,tvm
8,4,12,1,64,16,[8; 4; 12; 1; 64; 16],0.06925269297789782,0.26404336783769866,tvm
640,1,20,1,256,16,[640; 1; 20; 1; 256; 16],0.235992027039174,0.07748445790788903,tvm
5120,64,75,1,320,64,[5120; 64; 75; 1; 320; 64],0.4578969180001877,0.03993412833083709,tvm
640,8,10,1,64,64,[640; 8; 10; 1; 64; 64],0.0660928525030613,0.27666704633254147,tvm
5120,40,12,1,160,16,[5120; 40; 12; 1; 160; 16],0.31231358204968274,0.0585492125116909,tvm
5120,5,15,1,1280,16,[5120; 5; 15; 1; 1280; 16],2.4389444250264205,0.0074973886645720526,tvm
4,1,6,1,1280,16,[4; 1; 6; 1; 1280; 16],0.5240189309697598,0.034895140623783155,tvm
128,64,150,1,128,128,[128; 64; 150; 1; 128; 128],0.08453871350502595,0.2162998882710366,tvm
10,2,100,1,640,64,[10; 2; 100; 1; 640; 64],0.18595151003682986,0.09833592790987601,tvm
5,1,375,1,16,16,[5; 1; 375; 1; 16; 16],0.08669310799450614,0.21092465951126216,tvm
40,2,250,1,256,64,[40; 2; 250; 1; 256; 64],0.09973418549634516,0.18334449912747702,tvm
5120,8,2,1,64,64,[5120; 8; 2; 1; 64; 64],0.28270087303826585,0.06468219956023682,tvm
640,10,15,1,160,16,[640; 10; 15; 1; 160; 16],0.1433777289930731,0.12753524842479344,tvm
320,8,5,1,640,16,[320; 8; 5; 1; 640; 16],0.5558915010187775,0.03289439441366205,tvm
256,1,6,1,640,16,[256; 1; 6; 1; 640; 16],0.5585425419849344,0.032738265953262895,tvm
2,1,30,1,128,16,[2; 1; 30; 1; 128; 16],0.18513240100583062,0.09877101029515839,tvm
64,16,10,1,128,128,[64; 16; 10; 1; 128; 128],0.09152320199063979,0.19979320967796116,tvm
32,8,300,1,1280,128,[32; 8; 300; 1; 1280; 128],0.3234319789917208,0.056536506818895486,tvm
640,20,375,1,160,16,[640; 20; 375; 1; 160; 16],0.14393303997348994,0.12704320209649023,tvm
5120,40,375,1,128,16,[5120; 40; 375; 1; 128; 16],0.4956946970196441,0.036889065781128653,tvm
5120,2,25,1,1280,128,[5120; 2; 25; 1; 1280; 128],1.8467545390012674,0.009901540188228414,tvm
256,2,100,1,128,64,[256; 2; 100; 1; 128; 64],0.08574904600391164,0.21324685390529174,tvm
20,4,150,1,256,64,[20; 4; 150; 1; 256; 64],0.06345589348347858,0.2881641606776078,tvm
2560,1,375,1,640,64,[2560; 1; 375; 1; 640; 64],0.9143207109882496,0.01999923447643448,tvm
256,1,125,1,1280,64,[256; 1; 125; 1; 1280; 64],0.43516168399946764,0.04202050630389751,tvm
160,40,250,1,128,64,[160; 40; 250; 1; 128; 64],0.08983344500302337,0.20355129746052683,tvm
80,10,60,1,128,16,[80; 10; 60; 1; 128; 16],0.17765206104377285,0.10292993043975297,tvm
5,1,125,1,80,16,[5; 1; 125; 1; 80; 16],0.06717723500332795,0.272201055682158,tvm
1024,8,15,1,128,128,[1024; 8; 15; 1; 128; 128],0.0938872474944219,0.1947624919646376,tvm
16,4,3,1,640,128,[16; 4; 3; 1; 640; 128],0.1956777300219983,0.0934481112575181,tvm
2560,20,75,1,16,16,[2560; 20; 75; 1; 16; 16],0.31592011800967157,0.05788081620415984,tvm
160,1,75,1,256,64,[160; 1; 75; 1; 256; 64],0.08733015300822444,0.20938603284013718,tvm
640,10,6,1,640,128,[640; 10; 6; 1; 640; 128],0.32498750399099663,0.056265899645854905,tvm
2560,32,20,1,640,16,[2560; 32; 20; 1; 640; 16],1.2287687379866838,0.014881330978256422,tvm
1024,1,750,1,640,16,[1024; 1; 750; 1; 640; 16],0.5969308110070415,0.03063288734395482,tvm
512,16,3,1,1280,128,[512; 16; 3; 1; 1280; 128],0.9160229279659688,0.019962070519695136,tvm
10,10,100,1,1280,64,[10; 10; 100; 1; 1280; 64],0.4016939249704592,0.0455215106553056,tvm
512,64,500,1,16,16,[512; 64; 500; 1; 16; 16],0.1425640340312384,0.12826316546084512,tvm
2560,4,15,1,64,64,[2560; 4; 15; 1; 64; 64],0.2825216109631583,0.06472324089960962,tvm
256,2,2,1,640,64,[256; 2; 2; 1; 640; 64],0.20702527195680887,0.0883260005547979,tvm
2560,16,12,1,128,16,[2560; 16; 12; 1; 128; 16],0.4931998399551958,0.03707566954477405,tvm
512,2,6,1,128,128,[512; 2; 6; 1; 128; 128],0.08270914200693369,0.2210845602071577,tvm
5120,1,25,1,160,16,[5120; 1; 25; 1; 160; 16],0.31225184304639697,0.05856078896865709,tvm
10,10,5,1,256,128,[10; 10; 5; 1; 256; 128],0.07602191698970273,0.24053213875402682,tvm
64,1,750,1,32,16,[64; 1; 750; 1; 32; 16],0.12546610902063549,0.1457422600290157,tvm
160,2,150,1,64,16,[160; 2; 150; 1; 64; 16],0.158733015996404,0.1151979263477772,tvm
4,1,2,1,320,16,[4; 1; 2; 1; 320; 16],0.1355061719659716,0.13494377429764756,tvm
256,1,75,1,1280,128,[256; 1; 75; 1; 1280; 128],0.46382112900028005,0.03942406488709842,tvm
640,5,1500,1,256,64,[640; 5; 1500; 1; 256; 64],0.08580635901307687,0.2131044190201282,tvm
640,4,100,1,320,64,[640; 4; 100; 1; 320; 64],0.10848240798804909,0.1685592588222113,tvm
2560,8,125,1,128,128,[2560; 8; 125; 1; 128; 128],0.3655815690290183,0.05001815144642274,tvm
1280,10,150,1,640,128,[1280; 10; 150; 1; 640; 128],0.6178513640188612,0.029595652531659827,tvm
1024,16,12,1,640,128,[1024; 16; 12; 1; 640; 128],0.31973141396883875,0.05719085922378721,tvm
2560,1,30,1,640,64,[2560; 1; 30; 1; 640; 64],0.9168191129574552,0.01994473503800398,tvm
128,2,50,1,256,64,[128; 2; 50; 1; 256; 64],0.08726062049390748,0.20955287943421158,tvm
5120,4,150,1,64,16,[5120; 4; 150; 1; 64; 16],0.3776686899946071,0.04841734242246927,tvm
16,2,750,1,16,16,[16; 2; 750; 1; 16; 16],0.06653159801498987,0.27484255348254877,tvm
80,4,300,1,640,64,[80; 4; 300; 1; 640; 64],0.23937314003705978,0.07639000049413769,tvm
16,2,2,1,640,16,[16; 2; 2; 1; 640; 16],0.22852239303756505,0.08001716611950777,tvm
80,10,15,1,1280,128,[80; 10; 15; 1; 1280; 128],0.43311185302445665,0.04221938087822718,tvm
640,2,5,1,640,128,[640; 2; 5; 1; 640; 128],0.34944459301186725,0.05232793596292187,tvm
10,2,75,1,256,64,[10; 2; 75; 1; 256; 64],0.0641900850168895,0.284868204815479,tvm
160,1,150,1,16,16,[160; 1; 150; 1; 16; 16],0.1492832720396109,0.12249004215865758,tvm
2560,10,750,1,16,16,[2560; 10; 750; 1; 16; 16],0.31728978402679786,0.05763095821632221,tvm
640,32,6,1,256,128,[640; 32; 6; 1; 256; 128],0.08223063600598834,0.22237106720641991,tvm
640,1,2,1,128,128,[640; 1; 2; 1; 128; 128],0.09373970801243559,0.1950690339603841,tvm
320,10,60,1,64,16,[320; 10; 60; 1; 64; 16],0.16472631599754095,0.11100663652301468,tvm
1280,8,500,1,256,128,[1280; 8; 500; 1; 256; 128],0.2545047490275465,0.07184822426922619,tvm
256,32,250,1,256,64,[256; 32; 250; 1; 256; 64],0.08733019401552156,0.20938593451955795,tvm
80,20,60,1,80,16,[80; 20; 60; 1; 80; 16],0.11150955897755921,0.16398337912352612,tvm
320,64,5,1,1280,64,[320; 64; 5; 1; 1280; 64],0.6897200350067578,0.026511792260080026,tvm
512,4,500,1,16,16,[512; 4; 500; 1; 16; 16],0.1440898700384423,0.12690492593848388,tvm
20,5,4,1,256,128,[20; 5; 4; 1; 256; 128],0.0570058940211311,0.32076883627044056,tvm
1280,64,750,1,80,16,[1280; 64; 750; 1; 80; 16],0.22573783597908914,0.08100420652304009,tvm
128,64,60,1,160,16,[128; 64; 60; 1; 160; 16],0.12224466499174014,0.14958292279626126,tvm
32,32,1,1,640,16,[32; 32; 1; 1; 640; 16],0.3169135930365883,0.05769936881061194,tvm
8,8,150,1,320,16,[8; 8; 150; 1; 320; 16],0.12599121098173782,0.14513484030536675,tvm
320,40,12,1,640,128,[320; 40; 12; 1; 640; 128],0.21345871000085026,0.08566394074826673,tvm
4,4,3,1,64,16,[4; 4; 3; 1; 64; 16],0.06283347352291457,0.29101867620044464,tvm
320,8,5,1,320,64,[320; 8; 5; 1; 320; 64],0.10348468599840999,0.1766997127091369,tvm
1280,32,125,1,16,16,[1280; 32; 125; 1; 16; 16],0.2314253579825163,0.07901344280126699,tvm
5120,10,15,1,256,64,[5120; 10; 15; 1; 256; 64],0.3672927119769156,0.04978512692858318,tvm
40,40,10,1,256,16,[40; 40; 10; 1; 256; 16],0.12748602201463655,0.1434330916970248,tvm
80,1,75,1,16,16,[80; 1; 75; 1; 16; 16],0.15339237003354356,0.11920876039476802,tvm
256,8,300,1,1280,16,[256; 8; 300; 1; 1280; 16],1.123842039029114,0.016270715679501807,tvm
40,10,300,1,160,16,[40; 10; 300; 1; 160; 16],0.08245041948975995,0.22177830505744495,tvm
2560,64,12,1,32,16,[2560; 64; 12; 1; 32; 16],0.3146970890229568,0.058105762409452616,tvm
16,1,20,1,128,64,[16; 1; 20; 1; 128; 64],0.07109347300138324,0.25720665363131867,tvm
2560,8,10,1,1280,128,[2560; 8; 10; 1; 1280; 128],1.8277232040418312,0.0100046408806745,tvm
2560,2,2,1,1280,16,[2560; 2; 2; 1; 1280; 16],2.419262830982916,0.007558382682333458,tvm
1024,1,300,1,256,16,[1024; 1; 300; 1; 256; 16],0.23745543899713084,0.07700692964937826,tvm
256,2,2,1,16,16,[256; 2; 2; 1; 16; 16],0.1407198709785007,0.12994408080794784,tvm
5120,16,750,1,640,16,[5120; 16; 750; 1; 640; 16],1.2240685939905234,0.014938471892414106,tvm
1280,8,15,1,1280,64,[1280; 8; 15; 1; 1280; 64],1.2955690980306827,0.014114040164673047,tvm
40,40,6,1,32,16,[40; 40; 6; 1; 32; 16],0.09147102499264292,0.19990717593013765,tvm
256,4,10,1,16,16,[256; 4; 10; 1; 16; 16],0.14174737903522328,0.12900213330343419,tvm
10,10,4,1,256,128,[10; 10; 4; 1; 256; 128],0.07898131050751545,0.2315195097196357,tvm
20,4,100,1,640,16,[20; 4; 100; 1; 640; 16],0.27641956496518105,0.06615202613468273,tvm
2560,20,1,1,64,16,[2560; 20; 1; 1; 64; 16],0.372929289995227,0.049032657869132024,tvm
1280,10,100,1,128,16,[1280; 10; 100; 1; 128; 16],0.3574692969559692,0.05115324432455134,tvm
1280,8,15,1,16,16,[1280; 8; 15; 1; 16; 16],0.23150857200380415,0.07898504201137665,tvm
1280,8,25,1,640,16,[1280; 8; 25; 1; 640; 16],0.8966529870522209,0.020393301031460604,tvm
32,4,12,1,1280,128,[32; 4; 12; 1; 1280; 128],0.271120544988662,0.06744495990327468,tvm
640,5,6,1,640,128,[640; 5; 6; 1; 640; 128],0.3254320530104451,0.05618903889939627,tvm
512,8,125,1,1280,16,[512; 8; 125; 1; 1280; 16],1.1640977950301021,0.015708056800538345,tvm
512,32,15,1,640,64,[512; 32; 15; 1; 640; 64],0.2490278710029088,0.07342838459033647,tvm
512,8,750,1,1280,128,[512; 8; 750; 1; 1280; 128],0.42026518599595875,0.043509942995587844,tvm
40,40,375,1,64,16,[40; 40; 375; 1; 64; 16],0.10097102297004312,0.18109863352715994,tvm
2,2,10,1,320,16,[2; 2; 10; 1; 320; 16],0.2334921559668146,0.07831404104347373,tvm
640,16,6,1,640,16,[640; 16; 6; 1; 640; 16],0.7068502830225043,0.025869289048770342,tvm
5120,10,25,1,256,128,[5120; 10; 25; 1; 256; 128],0.3652211020234972,0.05006751850975424,tvm
160,32,15,1,128,64,[160; 32; 15; 1; 128; 64],0.08647638399270363,0.21145327130303146,tvm
640,4,75,1,640,128,[640; 4; 75; 1; 640; 128],0.21598997403634712,0.08466001427750132,tvm
2560,5,125,1,256,16,[2560; 5; 125; 1; 256; 16],0.4992097790236585,0.03662931908400715,tvm
64,8,4,1,320,64,[64; 8; 4; 1; 320; 64],0.11201525200158358,0.1632430759112677,tvm
128,2,5,1,128,128,[128; 2; 5; 1; 128; 128],0.08554548199754208,0.21375429606252822,tvm
20,1,25,1,640,16,[20; 1; 25; 1; 640; 16],0.24230473703937605,0.07546577301434575,tvm
1280,10,4,1,1280,128,[1280; 10; 4; 1; 1280; 128],1.530870966031216,0.011944647649252904,tvm
640,2,3,1,128,16,[640; 2; 3; 1; 128; 16],0.22954735602252185,0.07965987760678106,tvm
320,8,100,1,80,16,[320; 8; 100; 1; 80; 16],0.13975381798809394,0.1308423236585358,tvm
640,2,4,1,640,16,[640; 2; 4; 1; 640; 16],0.7594936279929243,0.02407619183591708,tvm
5120,32,100,1,320,16,[5120; 32; 100; 1; 320; 16],0.6185394439962693,0.02956272952873249,tvm
320,8,6,1,64,16,[320; 8; 6; 1; 64; 16],0.16756628901930526,0.10912525659387012,tvm
2,1,75,1,256,16,[2; 1; 75; 1; 256; 16],0.29992042400408536,0.06096855306347929,tvm
320,10,60,1,320,64,[320; 10; 60; 1; 320; 64],0.10555895697325468,0.17322750063120945,tvm
2560,2,5,1,128,128,[2560; 2; 5; 1; 128; 128],0.36309907701797783,0.05036012329166268,tvm
320,32,2,1,128,128,[320; 32; 2; 1; 128; 128],0.08306931599508971,0.22012597632072917,tvm
4,4,15,1,256,16,[4; 4; 15; 1; 256; 16],0.09872126000118442,0.18522569794484897,tvm
640,10,30,1,1280,64,[640; 10; 30; 1; 1280; 64],0.4681729730218649,0.03905760336331994,tvm
512,2,150,1,640,64,[512; 2; 150; 1; 640; 64],0.2160943750059232,0.0846191127613251,tvm
40,40,125,1,256,64,[40; 40; 125; 1; 256; 64],0.06609346548793837,0.27666448037970276,tvm
512,64,15,1,128,128,[512; 64; 15; 1; 128; 128],0.0823601724987384,0.2220213208756258,tvm
64,4,125,1,320,16,[64; 4; 125; 1; 320; 16],0.23059089004527777,0.07929937857529319,tvm
1280,20,75,1,640,128,[1280; 20; 75; 1; 640; 128],0.6420089449966326,0.028482024165271087,tvm
40,8,300,1,160,16,[40; 8; 300; 1; 160; 16],0.08208312050555833,0.2227707008833327,tvm
320,20,2,1,320,16,[320; 20; 2; 1; 320; 16],0.27301995700690895,0.06697574230901938,tvm
10,5,20,1,16,16,[10; 5; 20; 1; 16; 16],0.07163815698004328,0.2552510429715307,tvm
1280,10,30,1,640,64,[1280; 10; 30; 1; 640; 64],0.6541007179766893,0.02795550254443529,tvm
512,2,300,1,80,16,[512; 2; 300; 1; 80; 16],0.14394228399032727,0.1270350433437826,tvm
640,8,10,1,640,128,[640; 8; 10; 1; 640; 128],0.27667608100455254,0.06609069428525484,tvm
2560,8,100,1,64,64,[2560; 8; 100; 1; 64; 64],0.2777984020067379,0.06582368420272905,tvm
20,1,75,1,1280,64,[20; 1; 75; 1; 1280; 64],0.4140645659645088,0.044161504723593356,tvm
2560,4,150,1,320,16,[2560; 4; 150; 1; 320; 16],0.6219042069860734,0.029402782744198042,tvm
1024,2,2,1,1280,128,[1024; 2; 2; 1; 1280; 128],1.3514480239828117,0.013530460632755235,tvm
1280,64,375,1,256,16,[1280; 64; 375; 1; 256; 16],0.35426115803420544,0.051616480867340025,tvm
64,4,20,1,1280,128,[64; 4; 20; 1; 1280; 128],0.4388548969873227,0.04166687989867072,tvm
32,1,15,1,640,128,[32; 1; 15; 1; 640; 128],0.18782659998396412,0.09735423144152877,tvm
20,2,4,1,32,16,[20; 2; 4; 1; 32; 16],0.06524470201111399,0.2802635880320128,tvm
128,8,150,1,1280,64,[128; 8; 150; 1; 1280; 64],0.4540980029851198,0.040268211191216104,tvm
80,5,750,1,1280,128,[80; 5; 750; 1; 1280; 128],0.46613166597671807,0.039228646368400996,tvm
8,8,150,1,128,16,[8; 8; 150; 1; 128; 16],0.09251996400416829,0.1976407414608426,tvm
512,16,25,1,64,16,[512; 16; 25; 1; 64; 16],0.17103795998264104,0.10691026885242398,tvm
16,4,250,1,256,64,[16; 4; 250; 1; 256; 64],0.06563262551208027,0.27860708211876484,tvm
512,64,300,1,256,64,[512; 64; 300; 1; 256; 64],0.08604977448703721,0.2125015945099182,tvm
2,1,1500,1,256,16,[2; 1; 1500; 1; 256; 16],0.40177554701222107,0.045512262808662364,tvm
32,16,4,1,640,128,[32; 16; 4; 1; 640; 128],0.16369887901237234,0.11170335677333658,tvm
1280,20,50,1,1280,16,[1280; 20; 50; 1; 1280; 16],1.7806683809612878,0.010269017230396828,tvm
2,1,10,1,16,16,[2; 1; 10; 1; 16; 16],0.14373717398848385,0.1272163197474533,tvm
40,2,150,1,256,64,[40; 2; 150; 1; 256; 64],0.0975623709964566,0.1874258907297201,tvm
32,16,60,1,128,16,[32; 16; 60; 1; 128; 16],0.10585675103357062,0.17274018054753346,tvm
160,32,15,1,640,16,[160; 32; 15; 1; 640; 16],0.5177365849958733,0.0353185670389896,tvm
80,40,1,1,640,128,[80; 40; 1; 1; 640; 128],0.21672375401249155,0.08437337369423904,tvm
320,20,1,1,320,16,[320; 20; 1; 1; 320; 16],0.27314329700311646,0.06694549888773457,tvm
256,2,75,1,640,128,[256; 2; 75; 1; 640; 128],0.2104647199739702,0.08688256296815838,tvm
2,2,20,1,640,16,[2; 2; 20; 1; 640; 16],0.4921289330231957,0.037156348791328675,tvm
512,2,2,1,640,64,[512; 2; 2; 1; 640; 64],0.4093501569586806,0.04467010449335196,tvm
2560,16,300,1,256,16,[2560; 16; 300; 1; 256; 16],0.4989344659843482,0.03664953121576475,tvm
5120,16,60,1,640,64,[5120; 16; 60; 1; 640; 64],0.9146516640321352,0.019991998052136972,tvm
10,1,125,1,320,64,[10; 1; 125; 1; 320; 64],0.08549767298973165,0.2138738242374201,tvm
1024,32,15,1,16,16,[1024; 32; 15; 1; 16; 16],0.1491694269934669,0.12258352568797583,tvm
80,40,500,1,128,128,[80; 40; 500; 1; 128; 128],0.08775524699012749,0.20837174884564383,tvm
128,16,1,1,128,128,[128; 16; 1; 1; 128; 128],0.08531949599273503,0.21432046770730243,tvm
160,1,60,1,320,16,[160; 1; 60; 1; 320; 16],0.2867753960308619,0.06376319077159058,tvm
80,2,4,1,128,64,[80; 2; 4; 1; 128; 64],0.08895848400425166,0.20555334873782632,tvm
128,16,1500,1,128,64,[128; 16; 1500; 1; 128; 64],0.09133241651579738,0.20021056031679055,tvm
5120,10,3,1,320,16,[5120; 10; 3; 1; 320; 16],0.6373348980559967,0.028690903858378847,tvm
5120,1,10,1,256,64,[5120; 1; 10; 1; 256; 64],0.36370863200863823,0.0502757225879643,tvm
512,4,1,1,256,64,[512; 4; 1; 1; 256; 64],0.08223487649229355,0.22235960052092849,tvm
64,4,750,1,160,16,[64; 4; 750; 1; 160; 16],0.11971634899964556,0.15274199755096463,tvm
1,1,60,1,256,128,[1; 1; 60; 1; 256; 128],0.36600870004622266,0.04995978041889445,tvm
512,2,125,1,128,128,[512; 2; 125; 1; 128; 128],0.08284242951776832,0.2207288510508049,tvm
32,16,300,1,128,128,[32; 16; 300; 1; 128; 128],0.056390365498373285,0.32427018559122095,tvm
160,4,50,1,64,64,[160; 4; 50; 1; 64; 64],0.0669844375224784,0.2729845164345529,tvm
1280,64,10,1,256,64,[1280; 64; 10; 1; 256; 64],0.2642184050055221,0.0692068150412615,tvm
1024,4,25,1,256,64,[1024; 4; 25; 1; 256; 64],0.10477572598028928,0.17452242983412256,tvm
2560,8,4,1,128,16,[2560; 8; 4; 1; 128; 16],0.48941808100789785,0.0373621551701912,tvm
256,64,1500,1,320,64,[256; 64; 1500; 1; 320; 64],0.10901610797736794,0.16773405898429666,tvm
320,5,2,1,1280,128,[320; 5; 2; 1; 1280; 128],1.0661505309981294,0.017151156196109768,tvm
320,32,100,1,1280,16,[320; 32; 100; 1; 1280; 16],1.1327354380046017,0.016142970081280357,tvm
256,8,50,1,256,64,[256; 8; 50; 1; 256; 64],0.08467042399570346,0.21596341937111574,tvm
512,4,10,1,80,16,[512; 4; 10; 1; 80; 16],0.14254083397099748,0.1282840416763301,tvm
1280,16,3,1,128,64,[1280; 16; 3; 1; 128; 64],0.25440819503273815,0.07187549238876215,tvm
160,5,6,1,160,16,[160; 5; 6; 1; 160; 16],0.12668012402718887,0.14434556664776943,tvm
5120,32,5,1,32,16,[5120; 32; 5; 1; 32; 16],0.31330200599040836,0.05836449794794515,tvm
1280,40,500,1,320,16,[1280; 40; 500; 1; 320; 16],0.4400881180190481,0.04155012038957806,tvm
1,1,1500,1,640,128,[1; 1; 1500; 1; 640; 128],1.1112705770065077,0.01645478127835576,tvm
320,64,10,1,320,16,[320; 64; 10; 1; 320; 16],0.27394888701383024,0.06674863506487302,tvm
1280,64,300,1,64,16,[1280; 64; 300; 1; 64; 16],0.270357878995128,0.06763521874664435,tvm
320,16,500,1,64,64,[320; 16; 500; 1; 64; 64],0.06465562348603271,0.28281707452197835,tvm
16,8,750,1,256,16,[16; 8; 750; 1; 256; 16],0.11207234696485102,0.16315991215432646,tvm
1280,32,60,1,1280,16,[1280; 32; 60; 1; 1280; 16],1.7746514959726483,0.010303833923004855,tvm
320,2,20,1,320,64,[320; 2; 20; 1; 320; 64],0.1050490090274252,0.17406841297227685,tvm
1280,1,2,1,80,16,[1280; 1; 2; 1; 80; 16],0.22855799499666318,0.08000470202751493,tvm
2560,5,125,1,256,128,[2560; 5; 125; 1; 256; 128],0.36603762896265835,0.04995583196606194,tvm
512,64,500,1,160,16,[512; 64; 500; 1; 160; 16],0.14328905002912506,0.12761417764998453,tvm
64,64,125,1,128,64,[64; 64; 125; 1; 128; 64],0.07197410901426338,0.25405961304905544,tvm
320,4,30,1,1280,16,[320; 4; 30; 1; 1280; 16],1.1791231940151192,0.015507891269145724,tvm
2560,10,60,1,128,16,[2560; 10; 60; 1; 128; 16],0.48850142396986485,0.03743226403950527,tvm
1280,5,20,1,32,16,[1280; 5; 20; 1; 32; 16],0.2331510529620573,0.07842861549799683,tvm
64,2,4,1,64,16,[64; 2; 4; 1; 64; 16],0.1318848100490868,0.13864913085069042,tvm
320,40,15,1,1280,64,[320; 40; 15; 1; 1280; 64],0.5111233849893324,0.035775538397829175,tvm
128,8,3,1,640,64,[128; 8; 3; 1; 640; 64],0.2115460520144552,0.08643845683522755,tvm
160,1,12,1,128,64,[160; 1; 12; 1; 128; 64],0.08762939798180014,0.2086710020478752,tvm
80,5,50,1,16,16,[80; 5; 50; 1; 16; 16],0.12049555004341528,0.15175427042015935,tvm
5120,1,300,1,64,64,[5120; 1; 300; 1; 64; 64],0.2799597730045207,0.06531550618673711,tvm
256,4,15,1,320,64,[256; 4; 15; 1; 320; 64],0.10561264696298167,0.17313943747782043,tvm
2560,2,250,1,16,16,[2560; 2; 250; 1; 16; 16],0.31743895303225145,0.05760387662271706,tvm
640,1,500,1,640,128,[640; 1; 500; 1; 640; 128],0.2334696039906703,0.07832160578147468,tvm
5120,2,12,1,640,128,[5120; 2; 12; 1; 640; 128],0.905867574037984,0.020185858076588518,tvm
20,10,6,1,320,16,[20; 10; 6; 1; 320; 16],0.11633756302762777,0.1571780756776881,tvm
5120,10,6,1,256,128,[5120; 10; 6; 1; 256; 128],0.3583613879745826,0.05102590541091227,tvm
640,4,5,1,640,128,[640; 4; 5; 1; 640; 128],0.3558020099881105,0.05139294824760918,tvm
80,20,10,1,1280,64,[80; 20; 10; 1; 1280; 64],0.43522596498951316,0.04201430005710915,tvm
640,4,6,1,1280,64,[640; 4; 6; 1; 1280; 64],0.7237571110017598,0.02526498739391291,tvm
40,8,375,1,256,64,[40; 8; 375; 1; 256; 64],0.09748566799680702,0.1875733598739171,tvm
1280,20,375,1,256,128,[1280; 20; 375; 1; 256; 128],0.25972622499102727,0.07040380418398644,tvm
5120,1,12,1,1280,128,[5120; 1; 12; 1; 1280; 128],1.80026148899924,0.010157254597430321,tvm
2560,16,60,1,1280,64,[2560; 16; 60; 1; 1280; 64],1.8430876919883303,0.009921239431634197,tvm
2560,4,250,1,320,16,[2560; 4; 250; 1; 320; 16],0.6112168940017,0.029916899328478685,tvm
5120,16,75,1,128,128,[5120; 16; 75; 1; 128; 128],0.3757604929851368,0.04866321666880924,tvm
2560,20,300,1,1280,64,[2560; 20; 300; 1; 1280; 64],1.8567299909773283,0.009848343256463058,tvm
512,8,300,1,640,128,[512; 8; 300; 1; 640; 128],0.21030143601819873,0.08695002103614694,tvm
2560,20,60,1,256,128,[2560; 20; 60; 1; 256; 128],0.36505592096364126,0.050090173136886344,tvm
2560,8,4,1,640,128,[2560; 8; 4; 1; 640; 128],0.9107726329821162,0.020077145078285792,tvm
32,32,12,1,320,16,[32; 32; 12; 1; 320; 16],0.14081929996609688,0.12985233054074752,tvm
128,64,250,1,1280,16,[128; 64; 250; 1; 1280; 16],1.0905739139998332,0.016767056364523573,tvm
512,32,750,1,16,16,[512; 32; 750; 1; 16; 16],0.14378598000621423,0.12717313805507327,tvm
160,5,375,1,64,64,[160; 5; 375; 1; 64; 64],0.06681127852061763,0.2736920276128439,tvm
8,4,75,1,32,16,[8; 4; 75; 1; 32; 16],0.06310753649449907,0.2897548423128228,tvm
5120,10,125,1,128,64,[5120; 10; 125; 1; 128; 64],0.368921876011882,0.04956527512921287,tvm
512,1,300,1,320,16,[512; 1; 300; 1; 320; 16],0.2930302290478721,0.062402143100147404,tvm
2560,20,12,1,128,64,[2560; 20; 12; 1; 128; 64],0.3727096259826794,0.049061556265155494,tvm
320,8,250,1,256,64,[320; 8; 250; 1; 256; 64],0.08742782700574026,0.20915210765233477,tvm
160,16,250,1,64,16,[160; 16; 250; 1; 64; 16],0.15629274700768292,0.11699656340940384,tvm
40,1,2,1,64,64,[40; 1; 2; 1; 64; 64],0.07742418648558669,0.23617573675273115,tvm
16,4,250,1,32,16,[16; 4; 250; 1; 32; 16],0.06393831799505278,0.28598991745652647,tvm
5120,32,5,1,128,128,[5120; 32; 5; 1; 128; 128],0.36455219000345096,0.05015938674114449,tvm
32,32,6,1,128,16,[32; 32; 6; 1; 128; 16],0.11092378600733355,0.1648493523697916,tvm
2560,40,25,1,80,16,[2560; 40; 25; 1; 80; 16],0.3129080960061401,0.05843797114586473,tvm
1280,1,750,1,256,64,[1280; 1; 750; 1; 256; 64],0.2574870779644698,0.07101604643724102,tvm
5120,20,100,1,256,16,[5120; 20; 100; 1; 256; 16],0.49956449697492644,0.0366033102761345,tvm
40,2,750,1,32,16,[40; 2; 750; 1; 32; 16],0.1119423529598862,0.1633493829834616,tvm
256,1,500,1,1280,16,[256; 1; 500; 1; 1280; 16],1.1382855270057917,0.01606425967113368,tvm
2,2,10,1,256,16,[2; 2; 10; 1; 256; 16],0.18716710497392341,0.09769726516986998,tvm
1024,16,4,1,1280,16,[1024; 16; 4; 1; 1280; 16],1.5578930280171335,0.011737464612052415,tvm
1024,1,60,1,256,128,[1024; 1; 60; 1; 256; 128],0.12881596700754017,0.14195223395438195,tvm
128,2,15,1,256,64,[128; 2; 15; 1; 256; 64],0.08713957050349563,0.209843979951459,tvm
320,5,75,1,64,64,[320; 5; 75; 1; 64; 64],0.06532703249831684,0.2799103768594635,tvm
1280,4,12,1,80,16,[1280; 4; 12; 1; 80; 16],0.22931466600857675,0.07974071002083387,tvm
256,32,125,1,640,64,[256; 32; 125; 1; 640; 64],0.2122505140141584,0.08615156656108036,tvm
160,2,750,1,640,64,[160; 2; 750; 1; 640; 64],0.22606822603847831,0.08088582197571603,tvm
256,4,3,1,16,16,[256; 4; 3; 1; 16; 16],0.14062551001552492,0.13003127443730203,tvm
64,32,50,1,64,64,[64; 32; 50; 1; 64; 64],0.08551153901498765,0.21383914377344257,tvm
80,5,10,1,16,16,[80; 5; 10; 1; 16; 16],0.12076415400952101,0.1514167381512286,tvm
640,64,375,1,320,16,[640; 64; 375; 1; 320; 16],0.2890759839792736,0.06325573655065497,tvm
40,4,4,1,320,16,[40; 4; 4; 1; 320; 16],0.1741154239862226,0.10502064588580733,tvm
2,2,750,1,256,64,[2; 2; 750; 1; 256; 64],0.21524776198202744,0.0849519368626053,tvm
5120,5,5,1,640,128,[5120; 5; 5; 1; 640; 128],0.9059251209837385,0.02018457581334972,tvm
1280,2,25,1,64,16,[1280; 2; 25; 1; 64; 16],0.2745977999875322,0.06659089871275199,tvm
512,4,50,1,256,16,[512; 4; 50; 1; 256; 16],0.22780562099069357,0.08026893369089126,tvm
256,16,15,1,128,16,[256; 16; 15; 1; 128; 16],0.2147742899833247,0.08513921422873291,tvm
80,20,3,1,16,16,[80; 20; 3; 1; 16; 16],0.1256744639831595,0.14550063478420397,tvm
80,1,3,1,256,16,[80; 1; 3; 1; 256; 16],0.19090192602016032,0.09578590780578722,tvm
10,5,6,1,128,128,[10; 5; 6; 1; 128; 128],0.06417261049500667,0.28494577584836006,tvm
5120,64,500,1,1280,16,[5120; 64; 500; 1; 1280; 16],2.480899710964877,0.007370597934651121,tvm
160,10,150,1,160,16,[160; 10; 150; 1; 160; 16],0.12697706604376435,0.14400800755163037,tvm
32,4,12,1,160,16,[32; 4; 12; 1; 160; 16],0.06832841600407846,0.26761507664136147,tvm
512,8,100,1,64,64,[512; 8; 100; 1; 64; 64],0.0635958795028273,0.28752985930324865,tvm
320,20,20,1,128,64,[320; 20; 20; 1; 128; 64],0.0848219754989259,0.21557755732706133,tvm
64,16,60,1,320,16,[64; 16; 60; 1; 320; 16],0.18790045601781458,0.09731596544917721,tvm
64,4,250,1,160,16,[64; 4; 250; 1; 160; 16],0.11387008102610707,0.16058401048754772,tvm
320,8,125,1,160,16,[320; 8; 125; 1; 160; 16],0.13972741505131125,0.13086704766562335,tvm
5120,32,30,1,256,128,[5120; 32; 30; 1; 256; 128],0.3622385449707508,0.05047975854472025,tvm
512,32,4,1,320,64,[512; 32; 4; 1; 320; 64],0.10739896999439225,0.1702596802061422,tvm
2560,32,1500,1,256,64,[2560; 32; 1500; 1; 256; 64],0.36968305899063125,0.04946321948222598,tvm
160,10,750,1,1280,64,[160; 10; 750; 1; 1280; 64],0.46153005596715957,0.03961976917710299,tvm
80,16,50,1,16,16,[80; 16; 50; 1; 16; 16],0.12255328497849405,0.14920623538506625,tvm
128,4,10,1,128,16,[128; 4; 10; 1; 128; 16],0.20006428397027776,0.09139919391324679,tvm
20,10,50,1,128,16,[20; 10; 50; 1; 128; 16],0.08444179547950625,0.21654814635191136,tvm
1024,2,10,1,320,16,[1024; 2; 10; 1; 320; 16],0.31169450300512835,0.05866550134640466,tvm
5120,10,250,1,640,128,[5120; 10; 250; 1; 640; 128],0.9214551570476033,0.019844388677906798,tvm
5,1,375,1,128,128,[5; 1; 375; 1; 128; 128],0.0695576419821009,0.26288577019933634,tvm
256,64,375,1,640,16,[256; 64; 375; 1; 640; 16],0.5572053140494972,0.03281683398319124,tvm
1280,2,6,1,16,16,[1280; 2; 6; 1; 16; 16],0.22876001300755888,0.07993404985997302,tvm
8,8,500,1,1280,128,[8; 8; 500; 1; 1280; 128],0.42204982799012214,0.043325960758695665,tvm
512,32,15,1,64,64,[512; 32; 15; 1; 64; 64],0.06346205249428749,0.28813619426129133,tvm
40,4,75,1,256,16,[40; 4; 75; 1; 256; 16],0.11960605304921046,0.15288285015300063,tvm
2560,40,10,1,256,16,[2560; 40; 10; 1; 256; 16],0.4892871099873446,0.03737215616856787,tvm
64,1,6,1,128,16,[64; 1; 6; 1; 128; 16],0.18262295797467232,0.10012823408681346,tvm
320,4,2,1,256,16,[320; 4; 2; 1; 256; 16],0.22136202699039131,0.08260547002719675,tvm
10,10,12,1,1280,64,[10; 10; 12; 1; 1280; 64],0.3393476989585906,0.05388489252124155,tvm
80,2,150,1,16,16,[80; 2; 150; 1; 16; 16],0.12260342697845772,0.14914521344437798,tvm
80,4,100,1,16,16,[80; 4; 100; 1; 16; 16],0.12046391901094466,0.15179411757351968,tvm
1280,1,125,1,64,16,[1280; 1; 125; 1; 64; 16],0.27351911197183654,0.06685351584351851,tvm
40,8,375,1,256,128,[40; 8; 375; 1; 256; 128],0.09551951300818473,0.19143433325657186,tvm
320,16,100,1,128,16,[320; 16; 100; 1; 128; 16],0.21973656298359856,0.08321653000042217,tvm
320,5,500,1,32,16,[320; 5; 500; 1; 32; 16],0.14257562696002424,0.12825273628879982,tvm
16,8,1500,1,1280,128,[16; 8; 1500; 1; 1280; 128],0.4361120769754052,0.04192893352674918,tvm
640,5,5,1,256,16,[640; 5; 5; 1; 256; 16],0.22929197899065912,0.0797485998690744,tvm
2,2,1500,1,160,16,[2; 2; 1500; 1; 160; 16],0.1691510800155811,0.10810285269257475,tvm
2560,16,750,1,256,128,[2560; 16; 750; 1; 256; 128],0.36615653295302764,0.04993960953868893,tvm
2560,1,375,1,80,16,[2560; 1; 375; 1; 80; 16],0.3172100849915296,0.05764543799483099,tvm
32,8,30,1,16,16,[32; 8; 30; 1; 16; 16],0.08256455900846049,0.2214717126247901,tvm
1280,8,375,1,128,64,[1280; 8; 375; 1; 128; 64],0.2522398100118153,0.07249337162463672,tvm
64,1,500,1,80,16,[64; 1; 500; 1; 80; 16],0.12476458703167737,0.14656173454949678,tvm
20,2,375,1,640,64,[20; 2; 375; 1; 640; 64],0.18760238902177662,0.09747058329620582,tvm
1024,1,250,1,128,64,[1024; 1; 250; 1; 128; 64],0.1006364090135321,0.18170078269839193,tvm
32,16,2,1,640,16,[32; 16; 2; 1; 640; 16],0.34593677904922515,0.052858543506044256,tvm
320,4,20,1,64,64,[320; 4; 20; 1; 64; 64],0.06467623947537504,0.2827269246641408,tvm
256,8,500,1,640,128,[256; 8; 500; 1; 640; 128],0.21223376697162166,0.08615836464967103,tvm
160,8,30,1,64,64,[160; 8; 30; 1; 64; 64],0.0677119885222055,0.2700513555249919,tvm
640,1,5,1,128,64,[640; 1; 5; 1; 128; 64],0.08362833299906924,0.21865453525084377,tvm
5120,2,60,1,128,64,[5120; 2; 60; 1; 128; 64],0.3691603459883481,0.049533256982838135,tvm
256,4,300,1,1280,128,[256; 4; 300; 1; 1280; 128],0.43294804100878537,0.0422353551782054,tvm
16,2,2,1,1280,16,[16; 2; 2; 1; 1280; 16],0.43933989596553147,0.04162088272345041,tvm
64,4,150,1,128,16,[64; 4; 150; 1; 128; 16],0.17955785198137164,0.10183745285397684,tvm
1280,40,250,1,128,16,[1280; 40; 250; 1; 128; 16],0.3562426089774817,0.05132938571890522,tvm
1280,16,150,1,32,16,[1280; 16; 150; 1; 32; 16],0.22781092301011086,0.08026706553005239,tvm
160,2,500,1,256,128,[160; 2; 500; 1; 256; 128],0.08586547899176367,0.21295769266562034,tvm
1024,4,12,1,160,16,[1024; 4; 12; 1; 160; 16],0.14895432099001482,0.12276054943676372,tvm
512,16,50,1,16,16,[512; 16; 50; 1; 16; 16],0.1437663640244864,0.1271904899994539,tvm
320,32,4,1,32,16,[320; 32; 4; 1; 32; 16],0.13828491896856576,0.13223216546029076,tvm
160,2,15,1,128,64,[160; 2; 15; 1; 128; 64],0.08690246200421825,0.21041652749523596,tvm
16,8,50,1,1280,16,[16; 8; 50; 1; 1280; 16],0.5404652410070412,0.03383328454507597,tvm
160,32,150,1,640,64,[160; 32; 150; 1; 640; 64],0.21811544703086838,0.08383502651752324,tvm
80,10,15,1,64,16,[80; 10; 15; 1; 64; 16],0.13354544300818816,0.13692503371000928,tvm
8,8,2,1,128,16,[8; 8; 2; 1; 128; 16],0.06449618400074542,0.28351621989764464,tvm
5120,32,1500,1,64,16,[5120; 32; 1500; 1; 64; 16],0.3765310120070353,0.048563634076899426,tvm
128,16,4,1,640,64,[128; 16; 4; 1; 640; 64],0.20925772900227457,0.08738369843206856,tvm
32,1,1500,1,256,16,[32; 1; 1500; 1; 256; 16],0.2250150220352225,0.08126441568355357,tvm
10,10,20,1,1280,16,[10; 10; 20; 1; 1280; 16],0.46455889800563455,0.03936145527341186,tvm
256,16,750,1,16,16,[256; 16; 750; 1; 16; 16],0.14134339697193354,0.12937084205882832,tvm
320,5,150,1,160,16,[320; 5; 150; 1; 160; 16],0.13926338002784178,0.13130310554044125,tvm
32,4,75,1,640,64,[32; 4; 75; 1; 640; 64],0.18247667799005285,0.1002085005444426,tvm
1280,4,30,1,16,16,[1280; 4; 30; 1; 16; 16],0.22595279302913696,0.08092714429671297,tvm
128,64,4,1,64,64,[128; 64; 4; 1; 64; 64],0.07485904998611659,0.24426858595060408,tvm
32,32,60,1,1280,16,[32; 32; 60; 1; 1280; 16],0.6335977870039642,0.028860129660774652,tvm
1280,4,125,1,32,16,[1280; 4; 125; 1; 32; 16],0.2302968050353229,0.07940064250092234,tvm
4,2,20,1,1280,16,[4; 2; 20; 1; 1280; 16],0.6803291029646061,0.026877748145761146,tvm
256,16,12,1,640,128,[256; 16; 12; 1; 640; 128],0.20705934200668707,0.08831146717892951,tvm
64,16,60,1,640,64,[64; 16; 60; 1; 640; 64],0.23131799401016906,0.07905011611379624,tvm
1024,32,50,1,32,16,[1024; 32; 50; 1; 32; 16],0.1495994990109466,0.1222311198005835,tvm
8,4,5,1,640,64,[8; 4; 5; 1; 640; 64],0.17629172501619905,0.10372417811462253,tvm
20,10,20,1,16,16,[20; 10; 20; 1; 16; 16],0.06637565101846121,0.27548828531457176,tvm
8,4,50,1,256,64,[8; 4; 50; 1; 256; 64],0.06725814950186759,0.27187358589469574,tvm
160,1,1500,1,32,16,[160; 1; 1500; 1; 32; 16],0.14129054197110236,0.1294192380510098,tvm
32,4,750,1,640,64,[32; 4; 750; 1; 640; 64],0.20485739602008834,0.08926069861749676,tvm
2560,2,50,1,320,16,[2560; 2; 50; 1; 320; 16],0.6162482170038857,0.02967264453050578,tvm
128,2,100,1,80,16,[128; 2; 100; 1; 80; 16],0.12408627005061135,0.14736291354600353,tvm
5120,4,1,1,32,16,[5120; 4; 1; 1; 32; 16],0.313696272962261,0.058291142935938345,tvm
320,16,125,1,64,64,[320; 16; 125; 1; 64; 64],0.06471766100730747,0.2825459696951902,tvm
320,2,150,1,128,16,[320; 2; 150; 1; 128; 16],0.22385635098908097,0.08168503687709182,tvm
256,8,750,1,32,16,[256; 8; 750; 1; 32; 16],0.1410191690083593,0.12966828846247386,tvm
2560,40,12,1,16,16,[2560; 40; 12; 1; 16; 16],0.31698056700406596,0.05768717766688749,tvm
128,32,6,1,64,16,[128; 32; 6; 1; 64; 16],0.14609922101953998,0.12515956045562127,tvm
2560,16,15,1,640,16,[2560; 16; 15; 1; 640; 16],1.2194436420104466,0.014995128643720984,tvm
256,16,30,1,64,16,[256; 16; 30; 1; 64; 16],0.16181291500106454,0.11300528320371701,tvm
80,10,150,1,640,128,[80; 10; 150; 1; 640; 128],0.2231458240421489,0.0819451332517896,tvm
16,2,1500,1,640,16,[16; 2; 1500; 1; 640; 16],0.2952929429593496,0.061923979972090024,tvm
80,1,125,1,256,64,[80; 1; 125; 1; 256; 64],0.09464814947568811,0.19319674380333515,tvm
160,40,10,1,128,128,[160; 40; 10; 1; 128; 128],0.08509811299154535,0.21487802305946554,tvm
8,1,30,1,640,128,[8; 1; 30; 1; 640; 128],0.1840320960036479,0.0993615498752556,tvm
640,2,15,1,80,16,[640; 2; 15; 1; 80; 16],0.1435734030092135,0.1273614325665934,tvm
2560,1,50,1,256,128,[2560; 1; 50; 1; 256; 128],0.36320349999004975,0.05034564448364413,tvm
5120,64,375,1,16,16,[5120; 64; 375; 1; 16; 16],0.31742746697273105,0.05760596100930718,tvm
5120,8,150,1,160,16,[5120; 8; 150; 1; 160; 16],0.3158632139675319,0.05789124366851375,tvm
5120,5,25,1,160,16,[5120; 5; 25; 1; 160; 16],0.3116336950333789,0.058676948536504424,tvm
8,4,2,1,64,64,[8; 4; 2; 1; 64; 64],0.055308154493104666,0.3306151588911539,tvm
640,40,10,1,64,64,[640; 40; 10; 1; 64; 64],0.06326233199797571,0.2890458462122357,tvm
1280,8,6,1,32,16,[1280; 8; 6; 1; 32; 16],0.2321375189931132,0.07877104211774043,tvm
320,64,4,1,128,16,[320; 64; 4; 1; 128; 16],0.219310051004868,0.08337836866997218,tvm
16,8,1500,1,256,64,[16; 8; 1500; 1; 256; 64],0.07719946550787427,0.23686322392800976,tvm
1280,8,750,1,16,16,[1280; 8; 750; 1; 16; 16],0.23198502900777385,0.07882282043769959,tvm
20,10,4,1,1280,128,[20; 10; 4; 1; 1280; 128],0.33824913995340466,0.05405989883147442,tvm
80,16,75,1,256,64,[80; 16; 75; 1; 256; 64],0.09247860900359228,0.19772912333709505,tvm
256,64,75,1,16,16,[256; 64; 75; 1; 16; 16],0.13779851398430765,0.13269892219444868,tvm
160,10,1500,1,1280,128,[160; 10; 1500; 1; 1280; 128],0.4367116770008579,0.04187136559134957,tvm
32,4,4,1,640,16,[32; 4; 4; 1; 640; 16],0.32694602996343747,0.055928846384093386,tvm
160,20,30,1,16,16,[160; 20; 30; 1; 16; 16],0.13176859798841178,0.13877141113182673,tvm
1280,32,250,1,160,16,[1280; 32; 250; 1; 160; 16],0.2225857469602488,0.08215132610885413,tvm
640,40,6,1,16,16,[640; 40; 6; 1; 16; 16],0.14374001999385655,0.1272138009059399,tvm
1280,8,150,1,640,64,[1280; 8; 150; 1; 640; 64],0.6399911410408095,0.028571824066152638,tvm
640,2,750,1,320,64,[640; 2; 750; 1; 320; 64],0.10678079898934811,0.17124534053672302,tvm
8,1,12,1,32,16,[8; 1; 12; 1; 32; 16],0.06233305248315446,0.29335502686405435,tvm
1280,4,25,1,64,16,[1280; 4; 25; 1; 64; 16],0.27418229199247435,0.06669181351148741,tvm
128,64,300,1,320,16,[128; 64; 300; 1; 320; 16],0.25994631403591484,0.07034419531406738,tvm
80,4,5,1,64,64,[80; 4; 5; 1; 64; 64],0.07568456052104011,0.24160428705443704,tvm
32,1,15,1,80,16,[32; 1; 15; 1; 80; 16],0.10527742700651288,0.17369074079463453,tvm
80,8,375,1,256,16,[80; 8; 375; 1; 256; 16],0.20178593398304656,0.09061937036330092,tvm
8,1,25,1,1280,128,[8; 1; 25; 1; 1280; 128],0.35672789003001526,0.05125955888723956,tvm
16,16,50,1,128,128,[16; 16; 50; 1; 128; 128],0.05304049199912697,0.3447500880273747,tvm
512,64,20,1,320,64,[512; 64; 20; 1; 320; 64],0.1072397050447762,0.17051253803877384,tvm
2560,20,12,1,320,64,[2560; 20; 12; 1; 320; 64],0.45862802100600675,0.039870468981821755,tvm
640,1,25,1,1280,64,[640; 1; 25; 1; 1280; 64],0.48227936204057187,0.03791519132882986,tvm
640,64,25,1,1280,64,[640; 64; 25; 1; 1280; 64],0.480905115022324,0.03802353876994103,tvm
40,40,2,1,128,128,[40; 40; 2; 1; 128; 128],0.05663115848437883,0.3228914042215511,tvm
1024,2,5,1,64,16,[1024; 2; 5; 1; 64; 16],0.17676392901921645,0.10344709119769793,tvm
10,10,25,1,32,16,[10; 10; 25; 1; 32; 16],0.060887910483870655,0.300317651573184,tvm
64,4,1500,1,128,16,[64; 4; 1500; 1; 128; 16],0.18976733001181856,0.09635860021098187,tvm
64,2,25,1,64,16,[64; 2; 25; 1; 64; 16],0.13209036202169955,0.13843337247202295,tvm
32,16,20,1,256,128,[32; 16; 20; 1; 256; 128],0.060346140002366155,0.30301381803371863,tvm
320,20,4,1,80,16,[320; 20; 4; 1; 80; 16],0.13889307097997516,0.13165317864093176,tvm
128,4,75,1,1280,64,[128; 4; 75; 1; 1280; 64],0.4385905709932558,0.04169199133557175,tvm
64,4,15,1,640,16,[64; 4; 15; 1; 640; 16],0.45012812002096325,0.04062335471257092,tvm
32,2,10,1,256,128,[32; 2; 10; 1; 256; 128],0.06148664798820391,0.29739325339742645,tvm
1024,2,75,1,256,16,[1024; 2; 75; 1; 256; 16],0.23637472797418013,0.07735900721041417,tvm
512,16,12,1,256,64,[512; 16; 12; 1; 256; 64],0.08345621399348602,0.21910548550814365,tvm
1280,5,150,1,640,64,[1280; 5; 150; 1; 640; 64],0.6393496950040571,0.028600489573391053,tvm
640,32,50,1,320,16,[640; 32; 50; 1; 320; 16],0.2893283890443854,0.0632005533439344,tvm
2560,4,500,1,256,64,[2560; 4; 500; 1; 256; 64],0.37390796799445525,0.04890431831071717,tvm
640,2,2,1,32,16,[640; 2; 2; 1; 32; 16],0.14383446599822491,0.1271302685264598,tvm
16,16,1,1,64,16,[16; 16; 1; 1; 64; 16],0.06110772199463099,0.2992373744077859,tvm
160,4,25,1,256,16,[160; 4; 25; 1; 256; 16],0.20889756799442694,0.08753435696389783,tvm
80,4,5,1,256,128,[80; 4; 5; 1; 256; 128],0.08832635649014264,0.20702443769154003,tvm
16,4,500,1,640,16,[16; 4; 500; 1; 640; 16],0.29451045900350437,0.062088505608884695,tvm
1280,8,100,1,128,16,[1280; 8; 100; 1; 128; 16],0.35568449698621407,0.05140992773273169,tvm
80,16,30,1,16,16,[80; 16; 30; 1; 16; 16],0.13951583002926782,0.1310655162348121,tvm
20,5,1500,1,80,16,[20; 5; 1500; 1; 80; 16],0.06656982950516976,0.2746847095994775,tvm
1280,40,1500,1,256,64,[1280; 40; 1500; 1; 256; 64],0.2599823950440623,0.07033443277040044,tvm
1024,2,1,1,256,64,[1024; 2; 1; 1; 256; 64],0.10006059298757464,0.1827464113468224,tvm
512,1,10,1,128,64,[512; 1; 10; 1; 128; 64],0.08469135299674235,0.21591005030251018,tvm
320,5,250,1,80,16,[320; 5; 250; 1; 80; 16],0.14016093499958515,0.13046227385518233,tvm
2560,40,1500,1,320,16,[2560; 40; 1500; 1; 320; 16],0.6248835870064795,0.029262593330883373,tvm
160,32,6,1,320,64,[160; 32; 6; 1; 320; 64],0.10545938200084493,0.17339106240512375,tvm
1280,64,4,1,128,16,[1280; 64; 4; 1; 128; 16],0.3571673820260912,0.051196484354157815,tvm
16,1,500,1,80,16,[16; 1; 500; 1; 80; 16],0.06613400648348033,0.27649488149915563,tvm
2,2,15,1,16,16,[2; 2; 15; 1; 16; 16],0.13926333602285013,0.1313031470301271,tvm
512,8,75,1,160,16,[512; 8; 75; 1; 160; 16],0.1426438469788991,0.12819139887905043,tvm
256,2,3,1,128,16,[256; 2; 3; 1; 128; 16],0.21842617902439088,0.08371576322667983,tvm
5,5,15,1,256,128,[5; 5; 15; 1; 256; 128],0.08712223201291636,0.20988574171289973,tvm
2560,64,100,1,1280,64,[2560; 64; 100; 1; 1280; 64],1.8350203710142523,0.009964856289637487,tvm
10,1,10,1,160,16,[10; 1; 10; 1; 160; 16],0.04713404274662025,0.3879513239297825,tvm
80,2,500,1,1280,16,[80; 2; 500; 1; 1280; 16],1.052266853977926,0.017377449661735593,tvm
320,40,75,1,32,16,[320; 40; 75; 1; 32; 16],0.1381818070076406,0.1323308377687028,tvm
20,4,300,1,128,16,[20; 4; 300; 1; 128; 16],0.10253691504476592,0.17833298649302104,tvm
20,2,4,1,640,128,[20; 2; 4; 1; 640; 128],0.18011305900290608,0.10152353408988102,tvm
2560,64,250,1,64,16,[2560; 64; 250; 1; 64; 16],0.3785852189757861,0.04830012734037517,tvm
5120,10,20,1,256,128,[5120; 10; 20; 1; 256; 128],0.3623709460371174,0.05046131453331607,tvm
320,10,150,1,640,64,[320; 10; 150; 1; 640; 64],0.21393015998182818,0.08547515828187818,tvm
80,10,300,1,1280,64,[80; 10; 300; 1; 1280; 64],0.4810072040418163,0.03801546865007997,tvm
16,1,100,1,1280,16,[16; 1; 100; 1; 1280; 16],0.5514296899782494,0.03316055449686713,tvm
1280,2,15,1,128,16,[1280; 2; 15; 1; 128; 16],0.3631755990209058,0.05034951228830131,tvm
5120,5,50,1,16,16,[5120; 5; 50; 1; 16; 16],0.316968564002309,0.057689362171515164,tvm
640,2,25,1,1280,64,[640; 2; 25; 1; 1280; 64],0.4811639660038054,0.03800308330979563,tvm
320,40,3,1,160,16,[320; 40; 3; 1; 160; 16],0.13675495696952567,0.13371152820287938,tvm
40,40,3,1,16,16,[40; 40; 3; 1; 16; 16],0.08526885649189353,0.21444774842797032,tvm
80,5,3,1,1280,128,[80; 5; 3; 1; 1280; 128],0.4315395629964769,0.04237320480825433,tvm
80,2,6,1,160,16,[80; 2; 6; 1; 160; 16],0.10926960699725896,0.16734492589666755,tvm
160,20,2,1,64,64,[160; 20; 2; 1; 64; 64],0.06741888049873523,0.2712254215798989,tvm
80,16,20,1,320,16,[80; 16; 20; 1; 320; 16],0.2281315490254201,0.08015425470011059,tvm
5120,20,30,1,640,64,[5120; 20; 30; 1; 640; 64],0.9151435749954544,0.019981251888049494,tvm
64,16,500,1,1280,64,[64; 16; 500; 1; 1280; 64],0.4911899450235069,0.03722737908415285,tvm
2560,2,3,1,1280,64,[2560; 2; 3; 1; 1280; 64],1.8247372879995964,0.010021012014151558,tvm
160,5,300,1,256,128,[160; 5; 300; 1; 256; 128],0.08582681400002912,0.21305363013600953,tvm
8,4,25,1,1280,16,[8; 4; 25; 1; 1280; 16],0.49505595001392066,0.03693666197770192,tvm
16,2,5,1,16,16,[16; 2; 5; 1; 16; 16],0.06646738850395195,0.27510805971603763,tvm
1280,20,60,1,80,16,[1280; 20; 60; 1; 80; 16],0.2268661049893126,0.08060134979870927,tvm
1024,16,375,1,256,64,[1024; 16; 375; 1; 256; 64],0.09684908299823292,0.18880627177490078,tvm
64,4,25,1,1280,128,[64; 4; 25; 1; 1280; 128],0.4396967699867673,0.04158710168888572,tvm
20,2,2,1,64,64,[20; 2; 2; 1; 64; 64],0.053867969021666795,0.3394543105636561,tvm
64,64,300,1,256,16,[64; 64; 300; 1; 256; 16],0.16276946099242195,0.11234118595849878,tvm
80,1,6,1,1280,64,[80; 1; 6; 1; 1280; 64],0.4298964309855364,0.04253516188490873,tvm
320,16,250,1,256,64,[320; 16; 250; 1; 256; 64],0.08759157449821942,0.20876110962117714,tvm
320,10,30,1,256,16,[320; 10; 30; 1; 256; 16],0.21905983501346782,0.0834736056684699,tvm
128,1,250,1,64,16,[128; 1; 250; 1; 64; 16],0.15897554100956768,0.11502218624067329,tvm
2,1,5,1,640,64,[2; 1; 5; 1; 640; 64],0.46951017901301384,0.03894636389812423,tvm
80,10,5,1,16,16,[80; 10; 5; 1; 16; 16],0.1193290349910967,0.1532377621848581,tvm
80,16,500,1,160,16,[80; 16; 500; 1; 160; 16],0.12304162903456017,0.14861404574364145,tvm
640,5,6,1,128,128,[640; 5; 6; 1; 128; 128],0.08249572702334262,0.2216565020457392,tvm
80,1,10,1,80,16,[80; 1; 10; 1; 80; 16],0.12043103098403662,0.1518355704198704,tvm
5120,2,6,1,128,16,[5120; 2; 6; 1; 128; 16],0.4960118749877438,0.03686547683191278,tvm
128,1,25,1,128,128,[128; 1; 25; 1; 128; 128],0.09184158049174584,0.1991006054970678,tvm
5120,40,300,1,640,16,[5120; 40; 300; 1; 640; 16],1.2541048109997064,0.014580690645096782,tvm
320,16,25,1,1280,64,[320; 16; 25; 1; 1280; 64],0.47430278797401115,0.03855282901418709,tvm
512,16,30,1,1280,64,[512; 16; 30; 1; 1280; 64],0.47459286195226014,0.03852926529593205,tvm
5120,1,50,1,640,128,[5120; 1; 50; 1; 640; 128],0.9266228739870712,0.0197337177821162,tvm
256,4,20,1,128,128,[256; 4; 20; 1; 128; 128],0.08355273999040946,0.21885235945360018,tvm
5120,1,12,1,64,64,[5120; 1; 12; 1; 64; 64],0.28282097302144393,0.064654732251161,tvm
1280,4,50,1,256,16,[1280; 4; 50; 1; 256; 16],0.35623025498352945,0.05133116581172966,tvm
128,4,250,1,640,64,[128; 4; 250; 1; 640; 64],0.22460551996482536,0.0814125774316586,tvm
160,5,125,1,256,16,[160; 5; 125; 1; 256; 16],0.20597047300543636,0.08877832836375366,tvm
1280,32,5,1,320,64,[1280; 32; 5; 1; 320; 64],0.3361890690284781,0.054391162504350575,tvm
1280,5,300,1,320,64,[1280; 5; 300; 1; 320; 64],0.3213247289531864,0.056907273664512516,tvm
80,10,375,1,1280,16,[80; 10; 375; 1; 1280; 16],0.980636153020896,0.018646787831943866,tvm
16,2,500,1,640,64,[16; 2; 500; 1; 640; 64],0.19774568604771048,0.09247086321419147,tvm
256,32,375,1,320,64,[256; 32; 375; 1; 320; 64],0.1092924770200625,0.16730990809511648,tvm
640,8,4,1,320,16,[640; 8; 4; 1; 320; 16],0.3067593179875985,0.059609319794007146,tvm
128,2,75,1,1280,128,[128; 2; 75; 1; 1280; 128],0.4372605430544354,0.04181880706176103,tvm
1280,20,375,1,1280,64,[1280; 20; 375; 1; 1280; 64],1.2296606890158728,0.014870536603352578,tvm
64,16,25,1,1280,64,[64; 16; 25; 1; 1280; 64],0.44148162100464106,0.04141897061105984,tvm
1024,64,20,1,640,128,[1024; 64; 20; 1; 640; 128],0.29010702099185437,0.06303092639122207,tvm
16,4,30,1,320,16,[16; 4; 30; 1; 320; 16],0.10838252201210707,0.1687146040361715,tvm
64,32,10,1,256,64,[64; 32; 10; 1; 256; 64],0.09161882300395519,0.19958468889002093,tvm
160,4,750,1,64,16,[160; 4; 750; 1; 64; 16],0.1635585650219582,0.11179918510081925,tvm
1280,20,10,1,320,64,[1280; 20; 10; 1; 320; 64],0.32470043504144996,0.056315644552123886,tvm
80,1,500,1,256,64,[80; 1; 500; 1; 256; 64],0.10007814300479367,0.18271436436264024,tvm
320,64,150,1,1280,16,[320; 64; 150; 1; 1280; 16],1.146312955999747,0.01595176447235263,tvm
32,1,50,1,32,16,[32; 1; 50; 1; 32; 16],0.10988802195060998,0.16640316170158148,tvm
160,1,300,1,128,64,[160; 1; 300; 1; 128; 64],0.09044250848819502,0.20218052983460785,tvm
40,1,25,1,640,64,[40; 1; 25; 1; 640; 64],0.23419196798931807,0.07808002316521945,tvm
80,10,4,1,32,16,[80; 10; 4; 1; 32; 16],0.12092521204613149,0.15121506901917617,tvm
256,4,2,1,1280,16,[256; 4; 2; 1; 1280; 16],1.5032379199983552,0.01216421834657703,tvm
1024,4,75,1,320,16,[1024; 4; 75; 1; 320; 16],0.29551888699643314,0.06187663493039276,tvm
128,8,60,1,160,16,[128; 8; 60; 1; 160; 16],0.12660002801567316,0.14443688972525745,tvm
64,4,100,1,80,16,[64; 4; 100; 1; 80; 16],0.11205219000112265,0.1631892628384245,tvm
80,5,125,1,1280,16,[80; 5; 125; 1; 1280; 16],0.9439185969531536,0.01937213054678464,tvm
5120,8,3,1,1280,64,[5120; 8; 3; 1; 1280; 64],1.8383085770183243,0.009947032024064812,tvm
256,64,20,1,128,128,[256; 64; 20; 1; 128; 128],0.08319019398186356,0.219806126304992,tvm
160,20,1500,1,320,16,[160; 20; 1500; 1; 320; 16],0.26697899895953014,0.06849120851069682,tvm
512,32,25,1,32,16,[512; 32; 25; 1; 32; 16],0.1426486870041117,0.12818704938508982,tvm
1280,5,25,1,256,128,[1280; 5; 25; 1; 256; 128],0.24855639599263668,0.07356766746109397,tvm
16,16,75,1,1280,128,[16; 16; 75; 1; 1280; 128],0.31942605099175125,0.057245532194199436,tvm
64,16,750,1,128,128,[64; 16; 750; 1; 128; 128],0.09183965949341655,0.19910477005879015,tvm
320,8,375,1,32,16,[320; 8; 375; 1; 32; 16],0.14231501199537888,0.1284875996518768,tvm
640,40,75,1,64,64,[640; 40; 75; 1; 64; 64],0.06330915100988932,0.28883208815828115,tvm
8,2,4,1,320,16,[8; 2; 4; 1; 320; 16],0.09076519851805642,0.2014617340596309,tvm
4,4,75,1,64,16,[4; 4; 75; 1; 64; 16],0.0880305415194016,0.20772011588369232,tvm
80,4,1,1,256,16,[80; 4; 1; 1; 256; 16],0.17432470701169223,0.10489456485641956,tvm
1,1,1500,1,320,16,[1; 1; 1500; 1; 320; 16],0.926275038975291,0.01974112819227343,tvm
256,16,5,1,80,16,[256; 16; 5; 1; 80; 16],0.1375733109889552,0.13291614597530707,tvm
40,5,100,1,160,16,[40; 5; 100; 1; 160; 16],0.07503092751721852,0.24370902627477156,tvm
160,10,500,1,1280,16,[160; 10; 500; 1; 1280; 16],1.0865415229927748,0.01682928254352216,tvm
640,2,375,1,1280,128,[640; 2; 375; 1; 1280; 128],0.4231012749951333,0.04321829161570033,tvm
80,5,25,1,128,16,[80; 5; 25; 1; 128; 16],0.17566331301350147,0.10409523748597893,tvm
32,2,60,1,256,64,[32; 2; 60; 1; 256; 64],0.06596177650499158,0.2772168254796858,tvm
5120,4,500,1,640,64,[5120; 4; 500; 1; 640; 64],0.9063162850216031,0.02017586419654638,tvm
32,4,1,1,16,16,[32; 4; 1; 1; 16; 16],0.0866141109727323,0.21111703486133987,tvm
640,2,375,1,16,16,[640; 2; 375; 1; 16; 16],0.14493671600939706,0.1261634373206629,tvm
80,40,30,1,16,16,[80; 40; 30; 1; 16; 16],0.12681896099820733,0.14418754216077176,tvm
10,1,75,1,32,16,[10; 1; 75; 1; 32; 16],0.06086204299936071,0.30044529208305343,tvm
512,32,60,1,64,64,[512; 32; 60; 1; 64; 64],0.06363587398664095,0.28734914978229104,tvm
80,8,100,1,1280,16,[80; 8; 100; 1; 1280; 16],0.9287754750112072,0.019687981409601325,tvm
1024,4,1500,1,128,128,[1024; 4; 1500; 1; 128; 128],0.09530635850387625,0.19186247982573565,tvm
512,4,300,1,256,16,[512; 4; 300; 1; 256; 16],0.23029668000526726,0.0794006856082166,tvm
128,16,6,1,64,64,[128; 16; 6; 1; 64; 64],0.07016838600975461,0.2605976184655617,tvm
640,10,2,1,256,128,[640; 10; 2; 1; 256; 128],0.08223882099264301,0.2223489352717022,tvm
512,32,5,1,256,64,[512; 32; 5; 1; 256; 64],0.08241363801062107,0.22187728544828603,tvm
2560,64,75,1,64,16,[2560; 64; 75; 1; 64; 16],0.375163565040566,0.04874064538686499,tvm
16,2,125,1,640,64,[16; 2; 125; 1; 640; 64],0.1892157020047307,0.09663951824282065,tvm
1280,16,300,1,1280,16,[1280; 16; 300; 1; 1280; 16],1.7863414220046252,0.010236405012203171,tvm
1280,16,3,1,256,16,[1280; 16; 3; 1; 256; 16],0.354771684971638,0.05154220322621329,tvm
64,64,75,1,256,128,[64; 64; 75; 1; 256; 128],0.05261859149322845,0.3475143246292995,tvm
20,4,12,1,64,16,[20; 4; 12; 1; 64; 16],0.0696720024861861,0.26245426617872514,tvm
256,1,125,1,1280,128,[256; 1; 125; 1; 1280; 128],0.4658061600057408,0.039256059399233635,tvm
160,8,150,1,640,64,[160; 8; 150; 1; 640; 64],0.22228232503402978,0.08226346509068987,tvm
80,20,500,1,64,16,[80; 20; 500; 1; 64; 16],0.14415263797855005,0.1268496681166196,tvm
64,2,30,1,64,16,[64; 2; 30; 1; 64; 16],0.1325401909998618,0.13796354258862772,tvm
320,8,3,1,128,64,[320; 8; 3; 1; 128; 64],0.08436458400683478,0.21674633379609712,tvm
1280,40,50,1,128,128,[1280; 40; 50; 1; 128; 128],0.2541051440057345,0.07196121258096856,tvm
5120,20,60,1,320,64,[5120; 20; 60; 1; 320; 64],0.45937370898900554,0.039805748408975515,tvm
20,10,125,1,1280,16,[20; 10; 125; 1; 1280; 16],0.5703997520031407,0.03205771780492219,tvm
64,16,125,1,640,16,[64; 16; 125; 1; 640; 16],0.3999403460184112,0.045721104329075384,tvm
40,40,60,1,256,128,[40; 40; 60; 1; 256; 128],0.05071548352134414,0.3605548644334339,tvm
16,1,30,1,320,64,[16; 1; 30; 1; 320; 64],0.09522815552190877,0.19202004055940539,tvm
5120,1,375,1,640,64,[5120; 1; 375; 1; 640; 64],0.9137679129489698,0.0200113333228144,tvm
1024,1,15,1,1280,16,[1024; 1; 15; 1; 1280; 16],1.2715870959800668,0.014380229512804784,tvm
32,2,2,1,128,16,[32; 2; 2; 1; 128; 16],0.15991569397738203,0.11434596461996131,tvm
16,1,150,1,16,16,[16; 1; 150; 1; 16; 16],0.06652817150461487,0.2748567091528415,tvm
1280,1,12,1,1280,16,[1280; 1; 12; 1; 1280; 16],1.8716192109859549,0.009769997111795787,tvm
5120,2,75,1,640,128,[5120; 2; 75; 1; 640; 128],0.9170681750401855,0.019939318344476424,tvm
640,4,10,1,128,64,[640; 4; 10; 1; 128; 64],0.08506786747602746,0.2149544220191871,tvm
20,5,20,1,640,128,[20; 5; 20; 1; 640; 128],0.1543321989593096,0.11848282088260402,tvm
4,2,750,1,160,16,[4; 2; 750; 1; 160; 16],0.09463409151067026,0.193225443324011,tvm
5120,8,2,1,256,16,[5120; 8; 2; 1; 256; 16],0.4920654819579795,0.03716114004370625,tvm
1280,16,12,1,1280,128,[1280; 16; 12; 1; 1280; 128],1.3141139470390044,0.013914862045955857,tvm
40,5,10,1,128,64,[40; 5; 10; 1; 128; 64],0.09196431550662965,0.19883488704263863,tvm
2560,32,20,1,256,128,[2560; 32; 20; 1; 256; 128],0.3655854249955155,0.05001762388623286,tvm
40,2,10,1,64,64,[40; 2; 10; 1; 64; 64],0.07489315999555402,0.24415733408497928,tvm
16,16,4,1,128,128,[16; 16; 4; 1; 128; 128],0.053060106496559456,0.34462264577060314,tvm
5120,32,20,1,640,64,[5120; 32; 20; 1; 640; 64],0.9160837029921822,0.019960746191628666,tvm
5120,16,15,1,64,16,[5120; 16; 15; 1; 64; 16],0.37000723398523405,0.04941988319732154,tvm
160,8,75,1,128,64,[160; 8; 75; 1; 128; 64],0.08759054751135409,0.20876355731586183,tvm
80,40,3,1,320,64,[80; 40; 3; 1; 320; 64],0.1098817540332675,0.1664126537348335,tvm
40,40,12,1,64,16,[40; 40; 12; 1; 64; 16],0.09380535598029383,0.1949325184540173,tvm
160,10,2,1,128,16,[160; 10; 2; 1; 128; 16],0.20189915102673694,0.090568554611172,tvm
2560,10,150,1,640,16,[2560; 10; 150; 1; 640; 16],1.2186607890180312,0.015004761333503225,tvm
40,5,10,1,320,16,[40; 5; 10; 1; 320; 16],0.15999462903710082,0.11428955081657179,tvm
20,1,1500,1,64,16,[20; 1; 1500; 1; 64; 16],0.07958654098911211,0.2297588770470107,tvm
160,5,4,1,640,128,[160; 5; 4; 1; 640; 128],0.20930876396596432,0.08736239199562483,tvm
1024,64,150,1,64,16,[1024; 64; 150; 1; 64; 16],0.17671850498300046,0.10347368142047882,tvm
5,1,75,1,16,16,[5; 1; 75; 1; 16; 16],0.08710141002666205,0.20993591584931823,tvm
16,4,75,1,16,16,[16; 4; 75; 1; 16; 16],0.06640080449869856,0.2753839268027646,tvm
128,16,6,1,128,128,[128; 16; 6; 1; 128; 128],0.08534827950643376,0.21424818861563422,tvm
512,2,125,1,1280,16,[512; 2; 125; 1; 1280; 16],1.1659048000001349,0.015683711299337794,tvm
1280,8,3,1,256,128,[1280; 8; 3; 1; 256; 128],0.25189918401883915,0.0725913994399709,tvm
5120,5,30,1,256,128,[5120; 5; 30; 1; 256; 128],0.3629292729892768,0.05038368532552777,tvm
128,16,30,1,80,16,[128; 16; 30; 1; 80; 16],0.12791692098835483,0.14294992518916996,tvm
10,1,15,1,320,64,[10; 1; 15; 1; 320; 64],0.08490405799238943,0.21536914392658793,tvm
128,64,6,1,640,64,[128; 64; 6; 1; 640; 64],0.21249175199773163,0.08605376026976091,tvm
80,5,125,1,128,128,[80; 5; 125; 1; 128; 128],0.08753650001017377,0.20889245381742547,tvm
160,5,50,1,256,128,[160; 5; 50; 1; 256; 128],0.08421887649456039,0.21712132774527504,tvm
320,4,100,1,640,16,[320; 4; 100; 1; 640; 16],0.5664873259956948,0.03227912337416222,tvm
40,8,300,1,256,64,[40; 8; 300; 1; 256; 64],0.09907722249045037,0.18456022308736772,tvm
512,32,30,1,80,16,[512; 32; 30; 1; 80; 16],0.14256518700858578,0.12826212814923083,tvm
64,2,3,1,1280,16,[64; 2; 3; 1; 1280; 16],0.8390062529942952,0.021794491066610227,tvm
16,16,6,1,64,16,[16; 16; 6; 1; 64; 16],0.07429128550575115,0.24613538669079466,tvm
640,1,20,1,1280,64,[640; 1; 20; 1; 1280; 64],0.5001783830230124,0.03655838578068455,tvm
32,8,75,1,256,16,[32; 8; 75; 1; 256; 16],0.10759669600520283,0.16994680101357465,tvm
4,1,500,1,1280,64,[4; 1; 500; 1; 1280; 64],0.5950946449884214,0.030727405194630963,tvm
10,10,10,1,160,16,[10; 10; 10; 1; 160; 16],0.046521053242031485,0.3930632049661605,tvm
640,2,10,1,16,16,[640; 2; 10; 1; 16; 16],0.1447562800021842,0.1263206976957295,tvm
5120,20,20,1,256,128,[5120; 20; 20; 1; 256; 128],0.36290802800795063,0.05038663483441508,tvm
640,40,300,1,1280,64,[640; 40; 300; 1; 1280; 64],0.43945276900194585,0.041610192438298915,tvm
512,32,15,1,64,16,[512; 32; 15; 1; 64; 16],0.1693905770080164,0.10795000884168968,tvm
640,10,2,1,64,16,[640; 10; 2; 1; 64; 16],0.17269321100320667,0.1058855422253672,tvm
2560,10,60,1,320,16,[2560; 10; 60; 1; 320; 16],0.6151100940187462,0.029727547090386407,tvm
320,2,300,1,32,16,[320; 2; 300; 1; 32; 16],0.14218097098637372,0.1286087312448214,tvm
32,4,12,1,16,16,[32; 4; 12; 1; 16; 16],0.0914351825194899,0.19998553928425297,tvm
10,10,375,1,128,64,[10; 10; 375; 1; 128; 64],0.07461349150980823,0.24507249179339852,tvm
640,32,375,1,80,16,[640; 32; 375; 1; 80; 16],0.14490757300518453,0.12618881060867715,tvm
320,40,4,1,640,64,[320; 40; 4; 1; 640; 64],0.22397597297094762,0.08164141020646962,tvm
640,4,15,1,640,16,[640; 4; 15; 1; 640; 16],0.6262551739928313,0.029198504132316522,tvm
40,5,12,1,64,16,[40; 5; 12; 1; 64; 16],0.09442716601188295,0.19364887307338197,tvm
1024,16,10,1,1280,128,[1024; 16; 10; 1; 1280; 128],0.6829840990249068,0.026773265017180806,tvm
20,5,500,1,640,128,[20; 5; 500; 1; 640; 128],0.17599000601330772,0.103902003869081,tvm
64,8,15,1,1280,128,[64; 8; 15; 1; 1280; 128],0.44019477895926684,0.04154005263067044,tvm
32,1,1,1,16,16,[32; 1; 1; 1; 16; 16],0.1372968300129287,0.1331838053652979,tvm
5120,4,2,1,64,16,[5120; 4; 2; 1; 64; 16],0.3741444000042975,0.04887341434351083,tvm
32,32,250,1,320,16,[32; 32; 250; 1; 320; 16],0.1535530739929527,0.11908400014547092,tvm
128,64,4,1,128,128,[128; 64; 4; 1; 128; 128],0.08447970048291609,0.21645098385986958,tvm
1024,2,30,1,80,16,[1024; 2; 30; 1; 80; 16],0.14973337296396494,0.12212183512432433,tvm
2560,5,1,1,320,16,[2560; 5; 1; 1; 320; 16],0.6076720270211808,0.03009142016187776,tvm
80,16,750,1,1280,16,[80; 16; 750; 1; 1280; 16],1.0710741989896633,0.017072313293479642,tvm
64,8,30,1,320,64,[64; 8; 30; 1; 320; 64],0.11343466700054705,0.16120040521321496,tvm
1024,4,1,1,32,16,[1024; 4; 1; 1; 32; 16],0.1474634630139917,0.12400166056034702,tvm
1,1,750,1,64,64,[1; 1; 750; 1; 64; 64],0.17388812801800668,0.10515792247657495,tvm
5120,64,500,1,256,64,[5120; 64; 500; 1; 256; 64],0.36873657500837,0.04959018314171633,tvm
1280,20,30,1,256,128,[1280; 20; 30; 1; 256; 128],0.25798903399845585,0.07087787415733234,tvm
2560,1,3,1,320,16,[2560; 1; 3; 1; 320; 16],0.6085674869827926,0.0300471429658077,tvm
64,16,25,1,64,16,[64; 16; 25; 1; 64; 16],0.11403400800190866,0.16035316662208546,tvm
2560,10,750,1,128,128,[2560; 10; 750; 1; 128; 128],0.36704131902661175,0.049819225623446796,tvm
1280,8,10,1,64,16,[1280; 8; 10; 1; 64; 16],0.27372432802803814,0.0668033945592196,tvm
80,10,1500,1,16,16,[80; 10; 1500; 1; 16; 16],0.12082678196020424,0.15133825455797464,tvm
8,8,300,1,1280,128,[8; 8; 300; 1; 1280; 128],0.4101983300060965,0.04457773946920388,tvm
5,5,60,1,256,16,[5; 5; 60; 1; 256; 16],0.1250593820004724,0.1462162533766976,tvm
64,8,750,1,32,16,[64; 8; 750; 1; 32; 16],0.10498537897365168,0.1741739132103669,tvm
128,1,60,1,320,16,[128; 1; 60; 1; 320; 16],0.2862076489836909,0.0638896771300346,tvm
1024,4,60,1,1280,128,[1024; 4; 60; 1; 1280; 128],0.5089662719983608,0.035927163137782894,tvm
2560,64,20,1,256,64,[2560; 64; 20; 1; 256; 64],0.36929997097468004,0.04951452944188829,tvm
2560,64,375,1,320,16,[2560; 64; 375; 1; 320; 16],0.6183722610003315,0.029570722102142427,tvm
160,40,20,1,64,16,[160; 40; 20; 1; 64; 16],0.15229986200574785,0.1200638926713156,tvm
16,2,60,1,1280,16,[16; 2; 60; 1; 1280; 16],0.5544036880019121,0.03298267071710248,tvm
1280,20,1,1,64,64,[1280; 20; 1; 1; 64; 64],0.1952408580109477,0.09365721126204514,tvm
2560,2,4,1,1280,16,[2560; 2; 4; 1; 1280; 16],2.4435285090003163,0.0074833234882924465,tvm
2560,5,75,1,1280,64,[2560; 5; 75; 1; 1280; 64],1.8024073879932985,0.010145161636333836,tvm
160,16,20,1,256,16,[160; 16; 20; 1; 256; 16],0.20191588503075764,0.09056104864126388,tvm
4,1,25,1,80,16,[4; 1; 25; 1; 80; 16],0.07169834050000645,0.255036785484772,tvm
32,1,150,1,256,128,[32; 1; 150; 1; 256; 128],0.07401222898624837,0.24706341825094622,tvm
40,2,30,1,320,64,[40; 2; 30; 1; 320; 64],0.11918906500795856,0.15341771734255405,tvm
8,1,60,1,32,16,[8; 1; 60; 1; 32; 16],0.06330670550232753,0.2888432456028216,tvm
20,4,250,1,1280,16,[20; 4; 250; 1; 1280; 16],0.5736921349889599,0.03187374058399141,tvm
2560,2,125,1,160,16,[2560; 2; 125; 1; 160; 16],0.3148715819697827,0.058073561835342485,tvm
512,1,1,1,64,64,[512; 1; 1; 1; 64; 64],0.0637191894929856,0.28697342874593895,tvm
40,5,75,1,32,16,[40; 5; 75; 1; 32; 16],0.0815852049854584,0.2241302732397804,tvm
640,2,12,1,16,16,[640; 2; 12; 1; 16; 16],0.14497393899364397,0.12613104405279338,tvm
5120,32,10,1,128,64,[5120; 32; 10; 1; 128; 64],0.37307466904167086,0.04901355091377659,tvm
1024,4,300,1,256,128,[1024; 4; 300; 1; 256; 128],0.09591529649333097,0.19064440140666927,tvm
40,10,3,1,320,16,[40; 10; 3; 1; 320; 16],0.18667784001445398,0.09795332045998857,tvm
640,16,12,1,1280,16,[640; 16; 12; 1; 1280; 16],1.3031809820095077,0.014031600014234154,tvm
16,2,375,1,1280,64,[16; 2; 375; 1; 1280; 64],0.37535728100920096,0.04871549110903235,tvm
2,1,500,1,1280,64,[2; 1; 500; 1; 1280; 64],1.152142333041411,0.015871054956763796,tvm
20,1,75,1,1280,16,[20; 1; 75; 1; 1280; 16],0.5613361910218373,0.032575334671416066,tvm
4,1,25,1,256,128,[4; 1; 25; 1; 256; 128],0.10566384001867846,0.1730555531815035,tvm
1024,16,300,1,256,64,[1024; 16; 300; 1; 256; 64],0.09881741349818185,0.18504546555502313,tvm
32,2,60,1,256,16,[32; 2; 60; 1; 256; 16],0.10746787796961144,0.1701505103774815,tvm
1280,16,60,1,32,16,[1280; 16; 60; 1; 32; 16],0.22732585796620697,0.08043833838046063,tvm
128,4,2,1,256,64,[128; 4; 2; 1; 256; 64],0.08576041349442676,0.21321858816483674,tvm
16,16,250,1,256,64,[16; 16; 250; 1; 256; 64],0.0670900174882263,0.2725549190522013,tvm
80,8,15,1,128,16,[80; 8; 15; 1; 128; 16],0.17697218601824716,0.10332535692263468,tvm
160,32,50,1,1280,64,[160; 32; 50; 1; 1280; 64],0.43829150701640174,0.041720439463204105,tvm
5120,4,5,1,128,16,[5120; 4; 5; 1; 128; 16],0.49388078902848065,0.03702455064446697,tvm
640,10,30,1,160,16,[640; 10; 30; 1; 160; 16],0.14355987904127687,0.12737343057008782,tvm
512,1,6,1,1280,128,[512; 1; 6; 1; 1280; 128],0.7007052960107103,0.026096155387749186,tvm
80,40,5,1,80,16,[80; 40; 5; 1; 80; 16],0.11060672899475321,0.165321897247153,tvm
1280,32,15,1,160,16,[1280; 32; 15; 1; 160; 16],0.2269764689845033,0.08056215856879302,tvm
2560,64,75,1,128,16,[2560; 64; 75; 1; 128; 16],0.4949531829915941,0.036944331128838985,tvm
20,20,30,1,1280,128,[20; 20; 30; 1; 1280; 128],0.2799038939992897,0.0653285455391367,tvm
128,64,250,1,32,16,[128; 64; 250; 1; 32; 16],0.13317399902734905,0.13730693993772067,tvm
4,2,1,1,1280,16,[4; 2; 1; 1; 1280; 16],0.5233409389620647,0.034940347533254534,tvm
4,4,6,1,256,64,[4; 4; 6; 1; 256; 64],0.09969630648265593,0.18341415977025624,tvm
2560,64,5,1,640,64,[2560; 64; 5; 1; 640; 64],0.9104368829866871,0.020084549107597688,tvm
16,4,750,1,64,64,[16; 4; 750; 1; 64; 64],0.05127521598478779,0.35661896170538315,tvm
16,16,3,1,16,16,[16; 16; 3; 1; 16; 16],0.06641283250064589,0.27533405212820056,tvm
160,20,1,1,640,128,[160; 20; 1; 1; 640; 128],0.20786660502199084,0.08796850404989193,tvm
80,2,50,1,64,16,[80; 2; 50; 1; 64; 16],0.1330453030532226,0.13743975823332438,tvm
1024,32,2,1,256,64,[1024; 32; 2; 1; 256; 64],0.10350332304369658,0.1766678957543663,tvm
8,2,50,1,128,64,[8; 2; 50; 1; 128; 64],0.06688219201168977,0.27340183890082853,tvm
320,2,250,1,640,128,[320; 2; 250; 1; 640; 128],0.21262590197147802,0.08599946721527447,tvm
64,1,12,1,32,16,[64; 1; 12; 1; 32; 16],0.1214551439625211,0.15055528888391037,tvm
20,2,60,1,32,16,[20; 2; 60; 1; 32; 16],0.06496550951851532,0.2814680346731186,tvm
80,5,125,1,64,64,[80; 5; 125; 1; 64; 64],0.0782209399912972,0.2337700657617863,tvm
512,1,75,1,128,128,[512; 1; 75; 1; 128; 128],0.0916775405057706,0.1994568591700309,tvm
16,4,500,1,1280,64,[16; 4; 500; 1; 1280; 64],0.3995502929901704,0.04576573864798579,tvm
80,1,50,1,1280,16,[80; 1; 50; 1; 1280; 16],0.9221746239927597,0.019828906380596582,tvm
640,8,1,1,64,64,[640; 8; 1; 1; 64; 64],0.06343041852233,0.28827989333346427,tvm
32,2,300,1,64,16,[32; 2; 300; 1; 64; 16],0.09457318001659587,0.1933498935163804,tvm
1280,64,1500,1,1280,128,[1280; 64; 1500; 1; 1280; 128],1.268503182043787,0.014415189921914668,tvm
1280,8,25,1,1280,64,[1280; 8; 25; 1; 1280; 64],1.2723671440035105,0.014371413449248763,tvm
64,4,100,1,64,64,[64; 4; 100; 1; 64; 64],0.07550752500537783,0.24217075429782572,tvm
128,1,30,1,160,16,[128; 1; 30; 1; 160; 16],0.1427201139740646,0.12812289576112032,tvm
1280,32,4,1,128,128,[1280; 32; 4; 1; 128; 128],0.24981855496298522,0.07319598133302636,tvm
1280,4,50,1,1280,128,[1280; 4; 50; 1; 1280; 128],1.2464572900207713,0.014670149095449206,tvm
160,8,60,1,1280,16,[160; 8; 60; 1; 1280; 16],1.051444309996441,0.017391044025694694,tvm
1280,8,5,1,640,16,[1280; 8; 5; 1; 640; 16],1.0179378350148909,0.01796348819812439,tvm
4,4,60,1,64,64,[4; 4; 60; 1; 64; 64],0.0656565995013807,0.27850535094084117,tvm
256,64,375,1,16,16,[256; 64; 375; 1; 16; 16],0.13727461401140317,0.13320535932590802,tvm
32,8,25,1,256,64,[32; 8; 25; 1; 256; 64],0.06756868000957184,0.2706241158347909,tvm
160,20,1,1,1280,16,[160; 20; 1; 1; 1280; 16],1.007726615993306,0.01814551089105674,tvm
20,5,25,1,32,16,[20; 5; 25; 1; 32; 16],0.06606087950058281,0.276800951243057,tvm
4,2,25,1,160,16,[4; 2; 25; 1; 160; 16],0.0850286465138197,0.21505357353585902,tvm
1024,64,1,1,640,128,[1024; 64; 1; 1; 640; 128],0.9063034349819645,0.020176150260401666,tvm
2560,40,50,1,1280,64,[2560; 40; 50; 1; 1280; 64],1.8130480909603648,0.010085620109518668,tvm
80,2,1,1,128,16,[80; 2; 1; 1; 128; 16],0.17248630605172366,0.10601255661554332,tvm
2560,16,100,1,640,16,[2560; 16; 100; 1; 640; 16],1.2130950519931503,0.01507360388262266,tvm
40,2,100,1,16,16,[40; 2; 100; 1; 16; 16],0.11521422798978165,0.15871055688830418,tvm
1280,40,12,1,256,64,[1280; 40; 12; 1; 256; 64],0.2638388419873081,0.06930637713530412,tvm
512,32,15,1,128,16,[512; 32; 15; 1; 128; 16],0.22545633499976248,0.08110534700980371,tvm
2560,40,150,1,128,64,[2560; 40; 150; 1; 128; 64],0.3736757329897955,0.048934711760406556,tvm
2,1,12,1,16,16,[2; 1; 12; 1; 16; 16],0.14156863105017692,0.12916501452382614,tvm
40,5,300,1,1280,128,[40; 5; 300; 1; 1280; 128],0.4948927810182795,0.03694884020754968,tvm
640,8,2,1,256,64,[640; 8; 2; 1; 256; 64],0.08425194647861645,0.21703610480210436,tvm
5120,20,10,1,1280,16,[5120; 20; 10; 1; 1280; 16],2.4286268199793994,0.007529240036091421,tvm
64,64,6,1,16,16,[64; 64; 6; 1; 16; 16],0.11237676802556962,0.16271792299235419,tvm
40,40,2,1,64,64,[40; 40; 2; 1; 64; 64],0.06050898099783808,0.30219835112357313,tvm
320,5,3,1,64,16,[320; 5; 3; 1; 64; 16],0.16704231197945774,0.10946755985970189,tvm
512,32,15,1,80,16,[512; 32; 15; 1; 80; 16],0.14259030297398567,0.12823953595954105,tvm
5120,10,750,1,320,64,[5120; 10; 750; 1; 320; 64],0.4597609639749862,0.03977222017202213,tvm
80,10,250,1,320,64,[80; 10; 250; 1; 320; 64],0.12121808400843292,0.15084972209626893,tvm
2560,64,1,1,1280,16,[2560; 64; 1; 1; 1280; 16],2.4247846059734,0.0075411705603326,tvm
128,64,12,1,640,128,[128; 64; 12; 1; 640; 128],0.20945298398146406,0.08730223813537322,tvm
80,5,50,1,1280,64,[80; 5; 50; 1; 1280; 64],0.45464652602095157,0.040219628302783125,tvm
512,1,1,1,128,16,[512; 1; 1; 1; 128; 16],0.22983189596561715,0.07956125588612745,tvm
640,64,5,1,128,64,[640; 64; 5; 1; 128; 64],0.08355835650581867,0.21883764892432925,tvm
16,16,375,1,1280,128,[16; 16; 375; 1; 1280; 128],0.30543194396886975,0.05986837541648232,tvm
64,16,50,1,256,64,[64; 16; 50; 1; 256; 64],0.09065462250146084,0.20170746710041867,tvm
40,4,20,1,640,16,[40; 4; 20; 1; 640; 16],0.30653206701390445,0.059653511829432314,tvm
64,8,30,1,128,64,[64; 8; 30; 1; 128; 64],0.09095572048681788,0.20103973876348347,tvm
80,40,1,1,320,64,[80; 40; 1; 1; 320; 64],0.10906643397174776,0.1676566622729314,tvm
2,2,3,1,640,128,[2; 2; 3; 1; 640; 128],0.47566701198229566,0.03844225860757164,tvm
1280,8,4,1,80,16,[1280; 8; 4; 1; 80; 16],0.22707507899031043,0.0805271735102845,tvm
160,20,100,1,16,16,[160; 20; 100; 1; 16; 16],0.13166326499776915,0.13888243076779322,tvm
1280,2,60,1,128,16,[1280; 2; 60; 1; 128; 16],0.36060025001643226,0.05070910040933422,tvm
16,1,50,1,640,16,[16; 1; 50; 1; 640; 16],0.2430245600407943,0.07524224828406162,tvm
40,40,150,1,1280,64,[40; 40; 150; 1; 1280; 64],0.3419942940236069,0.05346789290131278,tvm
160,32,1,1,640,64,[160; 32; 1; 1; 640; 64],0.20828818198060617,0.0877904550888868,tvm
128,32,50,1,1280,128,[128; 32; 50; 1; 1280; 128],0.42938391701318324,0.04258593198578713,tvm
2560,4,20,1,320,64,[2560; 4; 20; 1; 320; 64],0.4608870550291613,0.039675044213505435,tvm
40,2,1,1,1280,16,[40; 2; 1; 1; 1280; 16],0.7928330620052293,0.02306376356135572,tvm
640,32,100,1,640,64,[640; 32; 100; 1; 640; 64],0.21749972103862092,0.0840723574191037,tvm
20,5,50,1,1280,64,[20; 5; 50; 1; 1280; 64],0.3673917750129476,0.04977170293229853,tvm
160,5,12,1,64,16,[160; 5; 12; 1; 64; 16],0.15482032200088724,0.11810926401257256,tvm
5120,10,750,1,32,16,[5120; 10; 750; 1; 32; 16],0.3166078720241785,0.057755084132329645,tvm
640,16,10,1,80,16,[640; 16; 10; 1; 80; 16],0.14358623803127557,0.12735004786274393,tvm
5,5,500,1,320,64,[5; 5; 500; 1; 320; 64],0.1312934830202721,0.13927358666302514,tvm
320,20,20,1,1280,128,[320; 20; 20; 1; 1280; 128],0.47885146795306355,0.03818661006487012,tvm
1,1,125,1,256,128,[1; 1; 125; 1; 256; 128],0.37186256900895387,0.049173312426812166,tvm
1280,4,12,1,640,128,[1280; 4; 12; 1; 640; 128],0.655495596001856,0.02789601394310895,tvm
64,1,5,1,1280,16,[64; 1; 5; 1; 1280; 16],0.8416947709629312,0.021724875710935836,tvm
32,32,30,1,32,16,[32; 32; 30; 1; 32; 16],0.09158264150028117,0.19966353870299916,tvm
160,10,3,1,160,16,[160; 10; 3; 1; 160; 16],0.12586908100638539,0.1452756637254438,tvm
40,5,375,1,320,64,[40; 5; 375; 1; 320; 64],0.12230165401706472,0.14951322149055224,tvm
2560,10,1,1,640,128,[2560; 10; 1; 1; 640; 128],0.9116016430198215,0.020058886933485585,tvm
256,2,1,1,640,16,[256; 2; 1; 1; 640; 16],0.5466425030026585,0.03345095594519726,tvm
256,4,2,1,640,128,[256; 4; 2; 1; 640; 128],0.206677668960765,0.08847455256129091,tvm
64,32,12,1,256,128,[64; 32; 12; 1; 256; 128],0.08862831350415945,0.20631910461498415,tvm
2560,32,100,1,128,64,[2560; 32; 100; 1; 128; 64],0.37457287398865446,0.048817508035213855,tvm
320,40,100,1,640,64,[320; 40; 100; 1; 640; 64],0.21419679402606562,0.08536875805661731,tvm
1024,64,250,1,128,64,[1024; 64; 250; 1; 128; 64],0.1000333140254952,0.18279624606912312,tvm
320,4,25,1,640,128,[320; 4; 25; 1; 640; 128],0.2126107459771447,0.08600559770238506,tvm
320,1,750,1,160,16,[320; 1; 750; 1; 160; 16],0.14529768301872537,0.1258500060414432,tvm
10,2,150,1,640,16,[10; 2; 150; 1; 640; 16],0.2734253369853832,0.06687644417785543,tvm
2560,2,1,1,160,16,[2560; 2; 1; 1; 160; 16],0.31101686996407807,0.058793319757305305,tvm
160,8,750,1,128,16,[160; 8; 750; 1; 128; 16],0.21455046796472743,0.08522803263575496,tvm
160,4,1,1,256,16,[160; 4; 1; 1; 256; 16],0.2085996459936723,0.08765937352678425,tvm
160,32,25,1,64,16,[160; 32; 25; 1; 64; 16],0.15218535799067467,0.12015422854828625,tvm
20,2,2,1,320,16,[20; 2; 2; 1; 320; 16],0.12913693801965564,0.14159941040983223,tvm
640,2,300,1,64,64,[640; 2; 300; 1; 64; 64],0.06366535447887145,0.2872160916308531,tvm
320,16,20,1,320,64,[320; 16; 20; 1; 320; 64],0.10485831199912354,0.174384976613653,tvm
512,16,4,1,256,64,[512; 16; 4; 1; 256; 64],0.08223019749857485,0.22237225304038946,tvm
16,16,1,1,128,128,[16; 16; 1; 1; 128; 128],0.052594380016671494,0.3476743005605929,tvm
80,4,1500,1,640,64,[80; 4; 1500; 1; 640; 64],0.24172367999562994,0.07564717815832056,tvm
20,20,10,1,1280,64,[20; 20; 10; 1; 1280; 64],0.3269812029902823,0.05592283017644206,tvm
320,64,125,1,640,128,[320; 64; 125; 1; 640; 128],0.21126594801899046,0.08655306005145043,tvm
256,1,150,1,640,128,[256; 1; 150; 1; 640; 128],0.2297321129590273,0.07959581292396654,tvm
160,1,125,1,1280,128,[160; 1; 125; 1; 1280; 128],0.4657073779962957,0.03926438607090252,tvm
40,8,50,1,256,64,[40; 8; 50; 1; 256; 64],0.09117176951258443,0.20056333647434924,tvm
1280,5,1,1,64,16,[1280; 5; 1; 1; 64; 16],0.2711414200020954,0.06743976735672835,tvm
512,64,375,1,320,64,[512; 64; 375; 1; 320; 64],0.10751348902704194,0.17007832646111073,tvm
512,16,1,1,128,128,[512; 16; 1; 1; 128; 128],0.08247039149864577,0.2217245965906995,tvm
64,64,3,1,1280,128,[64; 64; 3; 1; 1280; 128],0.6708167850156315,0.027258880061100724,tvm
512,1,250,1,256,16,[512; 1; 250; 1; 256; 16],0.23177138599567115,0.07889547800372482,tvm
320,40,3,1,80,16,[320; 40; 3; 1; 80; 16],0.13701907399808988,0.1334537867769359,tvm
128,1,4,1,320,16,[128; 1; 4; 1; 320; 16],0.25761584797874093,0.07098054886445987,tvm
20,5,750,1,256,16,[20; 5; 750; 1; 256; 16],0.11099131498485804,0.16474905525904357,tvm
32,1,300,1,320,64,[32; 1; 300; 1; 320; 64],0.0969845964864362,0.1885424587838713,tvm
1024,8,4,1,80,16,[1024; 8; 4; 1; 80; 16],0.1471141759539023,0.12429607253786372,tvm
1280,2,6,1,1280,64,[1280; 2; 6; 1; 1280; 64],1.4200628030230291,0.012876694077746186,tvm
80,8,750,1,320,64,[80; 8; 750; 1; 320; 64],0.12237177899805829,0.14942754314296952,tvm
128,64,5,1,640,128,[128; 64; 5; 1; 640; 128],0.20883460994809866,0.08756074623003729,tvm
320,20,2,1,128,128,[320; 20; 2; 1; 128; 128],0.083098154515028,0.22004958344059714,tvm
1280,8,250,1,320,16,[1280; 8; 250; 1; 320; 16],0.43790484295459464,0.04175727804775681,tvm
1024,2,500,1,160,16,[1024; 2; 500; 1; 160; 16],0.14710203296272084,0.1243063329406761,tvm
40,10,4,1,256,128,[40; 10; 4; 1; 256; 128],0.09422907000407577,0.19405597746983347,tvm
40,8,50,1,256,16,[40; 8; 50; 1; 256; 16],0.11892396595794708,0.15375970804892541,tvm
2560,8,250,1,1280,128,[2560; 8; 250; 1; 1280; 128],1.8278600689955056,0.010003891761672512,tvm
5120,16,2,1,1280,64,[5120; 16; 2; 1; 1280; 64],1.8387858400237747,0.009944450238684599,tvm
640,20,10,1,320,64,[640; 20; 10; 1; 320; 64],0.11668105598073453,0.1567153650780593,tvm
5120,4,750,1,640,128,[5120; 4; 750; 1; 640; 128],0.9178766089607961,0.01992175648360519,tvm
1280,8,10,1,640,128,[1280; 8; 10; 1; 640; 128],0.6762705930159427,0.027039049863407577,tvm
160,32,30,1,320,64,[160; 32; 30; 1; 320; 64],0.10678885300876573,0.17123242520652704,tvm
160,1,6,1,1280,16,[160; 1; 6; 1; 1280; 16],1.0307039089966565,0.01774099634832529,tvm
640,32,100,1,320,16,[640; 32; 100; 1; 320; 16],0.28909975197166204,0.06325053605548121,tvm
1024,8,4,1,256,64,[1024; 8; 4; 1; 256; 64],0.10575928702019155,0.17289937178021236,tvm
128,1,2,1,16,16,[128; 1; 2; 1; 16; 16],0.1385723359999247,0.13195789876649136,tvm
16,4,2,1,1280,16,[16; 4; 2; 1; 1280; 16],0.43924720003269613,0.041629666129580696,tvm
320,10,750,1,32,16,[320; 10; 750; 1; 32; 16],0.13960276200668886,0.13098390048212766,tvm
1280,16,15,1,320,64,[1280; 16; 15; 1; 320; 64],0.3205630320007913,0.05704249230357027,tvm
512,8,2,1,256,16,[512; 8; 2; 1; 256; 16],0.22752967401174828,0.08036628349746645,tvm
20,10,15,1,128,64,[20; 10; 15; 1; 128; 64],0.06276828350382857,0.29132092300403506,tvm
256,16,1500,1,32,16,[256; 16; 1500; 1; 32; 16],0.1402630730299279,0.13036727265923131,tvm
2560,2,5,1,64,16,[2560; 2; 5; 1; 64; 16],0.374281783006154,0.048855474981569245,tvm
320,1,375,1,256,64,[320; 1; 375; 1; 256; 64],0.08805907500209287,0.20765280904074562,tvm
8,1,50,1,640,64,[8; 1; 50; 1; 640; 64],0.18162941897753626,0.10067594990201365,tvm
5120,2,3,1,640,64,[5120; 2; 3; 1; 640; 64],0.9203363569686189,0.019868512362092614,tvm
640,5,12,1,1280,64,[640; 5; 12; 1; 1280; 64],0.5691310309921391,0.03212918166461187,tvm
1024,64,100,1,64,16,[1024; 64; 100; 1; 64; 16],0.17731861502397805,0.10312348922442005,tvm
80,40,375,1,160,16,[80; 40; 375; 1; 160; 16],0.12084944802336395,0.15130987013013986,tvm
32,4,12,1,320,16,[32; 4; 12; 1; 320; 16],0.14124786300817505,0.1294583429177683,tvm
1024,1,125,1,128,16,[1024; 1; 125; 1; 128; 16],0.23734448599861935,0.077042928588704,tvm
40,4,3,1,640,64,[40; 4; 3; 1; 640; 64],0.23118286597309634,0.0790963214715154,tvm
1024,64,1,1,32,16,[1024; 64; 1; 1; 32; 16],0.14756644400767982,0.12391512453036167,tvm
5120,1,50,1,640,16,[5120; 1; 50; 1; 640; 16],1.2119774380116723,0.015087503869472347,tvm
1280,40,150,1,320,64,[1280; 40; 150; 1; 320; 64],0.321256959985476,0.0569192782205901,tvm
512,16,500,1,64,16,[512; 16; 500; 1; 64; 16],0.17285798297962174,0.10578460983123929,tvm
40,5,1500,1,320,16,[40; 5; 1500; 1; 320; 16],0.16400938702281564,0.11149187627395088,tvm
256,16,1500,1,256,16,[256; 16; 1500; 1; 256; 16],0.22675767296459526,0.08063989212205984,tvm
320,64,30,1,80,16,[320; 64; 30; 1; 80; 16],0.13692919601453468,0.1335413835612772,tvm
160,8,150,1,640,128,[160; 8; 150; 1; 640; 128],0.21272357500856742,0.08595998015254225,tvm
640,40,50,1,320,64,[640; 40; 50; 1; 320; 64],0.10756254603620619,0.1700007573227135,tvm
20,10,1,1,128,128,[20; 10; 1; 1; 128; 128],0.06292229201062582,0.29060788635331875,tvm
1280,16,100,1,128,16,[1280; 16; 100; 1; 128; 16],0.3566560369799845,0.051269885799635234,tvm
5,1,75,1,1280,64,[5; 1; 75; 1; 1280; 64],0.4722346769995056,0.038721667798515845,tvm
128,2,750,1,64,16,[128; 2; 750; 1; 64; 16],0.15404854499502108,0.1187009866682304,tvm
64,16,2,1,1280,16,[64; 16; 2; 1; 1280; 16],1.1422602660022676,0.016008360642457982,tvm
256,32,12,1,64,64,[256; 32; 12; 1; 64; 64],0.064797542989254,0.2821976488946006,tvm
1280,8,300,1,256,128,[1280; 8; 300; 1; 256; 128],0.2589287949958816,0.0706206286790356,tvm
40,10,6,1,128,128,[40; 10; 6; 1; 128; 128],0.09636348451022059,0.18975771142620784,tvm
32,32,15,1,640,128,[32; 32; 15; 1; 640; 128],0.14697579498169944,0.12441310004814818,tvm
64,4,150,1,320,16,[64; 4; 150; 1; 320; 16],0.2311804550117813,0.07909714636032886,tvm
20,5,1,1,80,16,[20; 5; 1; 1; 80; 16],0.06330606350093149,0.28884617482881764,tvm
256,16,15,1,64,64,[256; 16; 15; 1; 64; 64],0.06438121449900791,0.28402251228106395,tvm
20,5,1500,1,1280,64,[20; 5; 1500; 1; 1280; 64],0.4411675980081782,0.04144845262497114,tvm
8,8,20,1,64,16,[8; 8; 20; 1; 64; 16],0.06953087449073792,0.2629869740549588,tvm
640,10,6,1,320,64,[640; 10; 6; 1; 320; 64],0.12567917699925601,0.1454951784560344,tvm
40,4,3,1,256,64,[40; 4; 3; 1; 256; 64],0.09299241699045524,0.1966366170221292,tvm
4,1,20,1,640,64,[4; 1; 20; 1; 640; 64],0.2758962090010755,0.06627751193798755,tvm
640,20,1500,1,128,64,[640; 20; 1500; 1; 128; 64],0.08486831199843436,0.21545985604204804,tvm
40,8,25,1,1280,16,[40; 8; 25; 1; 1280; 16],0.5988084960263222,0.030536831736786996,tvm
160,16,1500,1,256,128,[160; 16; 1500; 1; 256; 128],0.08550709250266664,0.21385026376781582,tvm
1280,1,750,1,160,16,[1280; 1; 750; 1; 160; 16],0.2237224790151231,0.08173391590425841,tvm
640,1,60,1,64,64,[640; 1; 60; 1; 64; 64],0.06385735402000137,0.2863525206507436,tvm
256,4,300,1,64,64,[256; 4; 300; 1; 64; 64],0.06470725749386474,0.28259139691475965,tvm
640,40,250,1,160,16,[640; 40; 250; 1; 160; 16],0.14434897300088778,0.12667713462430955,tvm
20,2,20,1,256,64,[20; 2; 20; 1; 256; 64],0.06540882249828428,0.2795603649063387,tvm
40,20,750,1,128,64,[40; 20; 750; 1; 128; 64],0.10763326298911124,0.16988906382559607,tvm
64,16,5,1,1280,64,[64; 16; 5; 1; 1280; 64],0.43498674797592685,0.04203740544005322,tvm
16,8,30,1,256,64,[16; 8; 30; 1; 256; 64],0.0597673894953914,0.3059480168047875,tvm
1024,64,4,1,128,128,[1024; 64; 4; 1; 128; 128],0.09647204249631613,0.18954418101402323,tvm
2560,20,30,1,128,16,[2560; 20; 30; 1; 128; 16],0.4882372819702141,0.03745251532600053,tvm
256,1,250,1,32,16,[256; 1; 250; 1; 32; 16],0.14317897096043453,0.12771229017121016,tvm
5120,5,1500,1,64,16,[5120; 5; 1500; 1; 64; 16],0.378319128009025,0.04833409926150515,tvm
2,2,4,1,64,16,[2; 2; 4; 1; 64; 16],0.08842677850043401,0.2067893300627766,tvm
80,5,30,1,256,128,[80; 5; 30; 1; 256; 128],0.08749457349767908,0.2089925529632914,tvm
160,10,6,1,128,128,[160; 10; 6; 1; 128; 128],0.08512357849394903,0.2148137403200703,tvm
5120,32,1,1,256,16,[5120; 32; 1; 1; 256; 16],0.4910769109847024,0.037235947927276726,tvm
1280,20,5,1,320,64,[1280; 20; 5; 1; 320; 64],0.3395863090408966,0.05384703033923587,tvm
320,32,5,1,256,128,[320; 32; 5; 1; 256; 128],0.08249243750469759,0.22166534095532084,tvm
1280,10,1,1,256,16,[1280; 10; 1; 1; 256; 16],0.35348728398093954,0.05172948254257507,tvm
128,16,5,1,1280,128,[128; 16; 5; 1; 1280; 128],0.41836286801844835,0.04370778499612913,tvm
16,2,1500,1,640,64,[16; 2; 1500; 1; 640; 64],0.2051100169774145,0.08915076189442178,tvm
2,2,100,1,128,128,[2; 2; 100; 1; 128; 128],0.11605936201522127,0.1575548406281615,tvm
40,4,1,1,1280,128,[40; 4; 1; 1; 1280; 128],0.458622217993252,0.039870973468588776,tvm
5120,32,60,1,1280,64,[5120; 32; 60; 1; 1280; 64],1.81916179304244,0.010051725116286945,tvm
1280,8,6,1,1280,128,[1280; 8; 6; 1; 1280; 128],1.450042492011562,0.012610467890735774,tvm
64,64,150,1,64,64,[64; 64; 150; 1; 64; 64],0.0580516335030552,0.314990521063493,tvm
80,2,15,1,640,64,[80; 2; 15; 1; 640; 64],0.22171447501750663,0.08247415638636332,tvm
512,8,3,1,16,16,[512; 8; 3; 1; 16; 16],0.14394778199493885,0.1270301913117161,tvm
64,1,4,1,80,16,[64; 1; 4; 1; 80; 16],0.1149323339923285,0.1590998255280783,tvm
10,1,125,1,128,64,[10; 1; 125; 1; 128; 64],0.06365871749585494,0.287246036442769,tvm
256,8,25,1,128,64,[256; 8; 25; 1; 128; 64],0.08534716200665571,0.21425099389114186,tvm
256,32,60,1,640,64,[256; 32; 60; 1; 640; 64],0.21254392596893013,0.08603263632378425,tvm
512,16,25,1,1280,64,[512; 16; 25; 1; 1280; 64],0.48095950501738116,0.03801923882355432,tvm
256,32,25,1,640,128,[256; 32; 25; 1; 640; 128],0.20793696702457964,0.08793873714409225,tvm
5120,2,300,1,16,16,[5120; 2; 300; 1; 16; 16],0.32593341602478176,0.05610260681072347,tvm
640,20,20,1,1280,16,[640; 20; 20; 1; 1280; 16],1.2343889459734783,0.014813575854969759,tvm
20,1,25,1,256,128,[20; 1; 25; 1; 256; 128],0.07295088752289303,0.25065787280485063,tvm
16,16,300,1,64,64,[16; 16; 300; 1; 64; 64],0.050245773018104956,0.3639254247143423,tvm
40,40,30,1,128,16,[40; 40; 30; 1; 128; 16],0.1194258009782061,0.15311359970741356,tvm
160,32,750,1,128,128,[160; 32; 750; 1; 128; 128],0.08495145299821161,0.21524898798492872,tvm
1,1,20,1,1280,64,[1; 1; 20; 1; 1280; 64],1.96217497397447,0.009319104834303224,tvm
5120,5,1500,1,128,16,[5120; 5; 1500; 1; 128; 16],0.503939017013181,0.03628556961930179,tvm
1280,40,150,1,256,64,[1280; 40; 150; 1; 256; 64],0.24945261899847537,0.07330335660186453,tvm
640,8,25,1,128,16,[640; 8; 25; 1; 128; 16],0.2296433409792371,0.07962658184531275,tvm
40,10,4,1,64,64,[40; 10; 4; 1; 64; 64],0.07447434149798937,0.24553039231918497,tvm
512,64,150,1,320,64,[512; 64; 150; 1; 320; 64],0.10779621003894135,0.16963225589386285,tvm
2560,5,1,1,640,16,[2560; 5; 1; 1; 640; 16],1.2159477429813705,0.01503824024614719,tvm
80,4,60,1,256,16,[80; 4; 60; 1; 256; 16],0.17905137204797938,0.10212551893103823,tvm
128,8,60,1,320,16,[128; 8; 60; 1; 320; 16],0.25439433695282787,0.07187940779163253,tvm
256,16,60,1,128,16,[256; 16; 60; 1; 128; 16],0.21524298103759065,0.08495382380213744,tvm
640,8,375,1,64,16,[640; 8; 375; 1; 64; 16],0.17406426597153768,0.10505151177154474,tvm
256,16,15,1,32,16,[256; 16; 15; 1; 32; 16],0.13819618400884792,0.13231707095865655,tvm
5120,40,12,1,320,64,[5120; 40; 12; 1; 320; 64],0.4607090770150535,0.039690371208199154,tvm
2560,1,1,1,1280,64,[2560; 1; 1; 1; 1280; 64],1.8215408959658816,0.010038596622349339,tvm
1280,2,20,1,32,16,[1280; 2; 20; 1; 32; 16],0.22944829001789913,0.0796942713510213,tvm
1280,2,300,1,256,16,[1280; 2; 300; 1; 256; 16],0.35372486198320985,0.05169473862592743,tvm
5120,8,50,1,80,16,[5120; 8; 50; 1; 80; 16],0.31322235299739987,0.05837934014200475,tvm
80,2,30,1,128,128,[80; 2; 30; 1; 128; 128],0.08781154398457147,0.20823815931225506,tvm
512,32,6,1,320,64,[512; 32; 6; 1; 320; 64],0.10760642401874065,0.16993143720238915,tvm
640,32,375,1,256,64,[640; 32; 375; 1; 256; 64],0.0864621659857221,0.21148804309082303,tvm
8,1,2,1,320,64,[8; 1; 2; 1; 320; 64],0.09480041201459244,0.19288644318233136,tvm
10,10,50,1,16,16,[10; 10; 50; 1; 16; 16],0.07198427952243946,0.25402371749812586,tvm
40,20,250,1,640,128,[40; 20; 250; 1; 640; 128],0.24088546098209918,0.07591041074526762,tvm
2560,8,1500,1,128,64,[2560; 8; 1500; 1; 128; 64],0.36959336401196197,0.04947522349216872,tvm
1024,2,12,1,640,64,[1024; 2; 12; 1; 640; 64],0.32540008099749684,0.056194559723711165,tvm
1024,2,15,1,256,64,[1024; 2; 15; 1; 256; 64],0.106885809043888,0.17107710040540605,tvm
4,4,4,1,320,64,[4; 4; 4; 1; 320; 64],0.12075023504439741,0.15143419206588707,tvm
640,10,5,1,16,16,[640; 10; 5; 1; 16; 16],0.14513212098972872,0.1259935716574307,tvm
40,20,1500,1,64,64,[40; 20; 1500; 1; 64; 64],0.08519616699777544,0.2146307155601466,tvm
160,2,100,1,1280,16,[160; 2; 100; 1; 1280; 16],1.113920016970951,0.01641564385873779,tvm
5120,16,15,1,320,64,[5120; 16; 15; 1; 320; 64],0.4590399850276299,0.03983468735215661,tvm
320,4,2,1,256,64,[320; 4; 2; 1; 256; 64],0.08300903550116345,0.22028583003422555,tvm
40,8,15,1,128,64,[40; 8; 15; 1; 128; 64],0.09371774300234392,0.19511475308637077,tvm
5120,8,6,1,64,64,[5120; 8; 6; 1; 64; 64],0.2766221330384724,0.06610358355949458,tvm
1024,8,50,1,128,16,[1024; 8; 50; 1; 128; 16],0.23819613899104297,0.07676746719392415,tvm
8,8,20,1,160,16,[8; 8; 20; 1; 160; 16],0.06676337600219995,0.27388840080692967,tvm
128,64,4,1,32,16,[128; 64; 4; 1; 32; 16],0.12629008997464553,0.1447913631971075,tvm
40,4,100,1,1280,64,[40; 4; 100; 1; 1280; 64],0.4636766820331104,0.03943634647646252,tvm
80,1,30,1,32,16,[80; 1; 30; 1; 32; 16],0.12370015296619385,0.14782289146167515,tvm
2560,2,50,1,320,64,[2560; 2; 50; 1; 320; 64],0.45863574801478535,0.03986979725166299,tvm
5,1,60,1,320,16,[5; 1; 60; 1; 320; 16],0.15854855300858617,0.11533195313819122,tvm
320,2,500,1,640,128,[320; 2; 500; 1; 640; 128],0.21127890498610213,0.08654775206695205,tvm
4,4,50,1,640,128,[4; 4; 50; 1; 640; 128],0.26976288005243987,0.0677843974758858,tvm
5120,16,25,1,128,16,[5120; 16; 25; 1; 128; 16],0.49521653400734067,0.03692468451677996,tvm
10,2,10,1,640,64,[10; 2; 10; 1; 640; 64],0.17998697696020827,0.10159465198283159,tvm
320,4,6,1,80,16,[320; 4; 6; 1; 80; 16],0.13899230200331658,0.13155918725108934,tvm
8,8,375,1,256,128,[8; 8; 375; 1; 256; 128],0.08357904548756778,0.21878347831136993,tvm
64,16,125,1,640,64,[64; 16; 125; 1; 640; 64],0.23135672695934772,0.0790368818146676,tvm
64,16,2,1,64,64,[64; 16; 2; 1; 64; 64],0.08051485152100213,0.22710983055026188,tvm
5120,64,50,1,256,128,[5120; 64; 50; 1; 256; 128],0.3633143720217049,0.05033028058857488,tvm
2560,1,4,1,256,128,[2560; 1; 4; 1; 256; 128],0.33949758403468877,0.05386110283437514,tvm
32,1,20,1,640,16,[32; 1; 20; 1; 640; 16],0.49877721403026953,0.03666108589436199,tvm
5120,40,75,1,80,16,[5120; 40; 75; 1; 80; 16],0.31667152902809903,0.057743474261280216,tvm
5,5,6,1,256,16,[5; 5; 6; 1; 256; 16],0.08014260599156842,0.2281647078913066,tvm
256,16,5,1,16,16,[256; 16; 5; 1; 16; 16],0.1384157040156424,0.13210722306226041,tvm
2560,4,125,1,128,16,[2560; 4; 125; 1; 128; 16],0.49721288203727454,0.03677642906352427,tvm
10,5,125,1,640,16,[10; 5; 125; 1; 640; 16],0.2649867730215192,0.06900613972996053,tvm
160,5,5,1,128,64,[160; 5; 5; 1; 128; 64],0.08678696150309406,0.21069656050883148,tvm
1280,16,4,1,640,128,[1280; 16; 4; 1; 640; 128],0.7735074040247127,0.023639999036298917,tvm
512,4,2,1,64,64,[512; 4; 2; 1; 64; 64],0.06371235550614074,0.28700421041491503,tvm
40,4,1500,1,1280,16,[40; 4; 1500; 1; 1280; 16],0.8412050000042655,0.0217375244864469,tvm
256,1,375,1,64,64,[256; 1; 375; 1; 64; 64],0.0648333365097642,0.28204185177112356,tvm
640,16,500,1,256,128,[640; 16; 500; 1; 256; 128],0.08350410201819614,0.21897983265216958,tvm
160,10,150,1,320,64,[160; 10; 150; 1; 320; 64],0.10815260896924883,0.16907326101503004,tvm
80,8,150,1,160,16,[80; 8; 150; 1; 160; 16],0.11641203099861741,0.15707752994990234,tvm
1280,10,150,1,128,128,[1280; 10; 150; 1; 128; 128],0.24955015303567052,0.07327470676045043,tvm
32,2,125,1,64,16,[32; 2; 125; 1; 64; 16],0.08386961749056354,0.2180254880472261,tvm
80,20,20,1,16,16,[80; 20; 20; 1; 16; 16],0.13395786000182852,0.13650348165807283,tvm
40,10,3,1,320,64,[40; 10; 3; 1; 320; 64],0.11604083597194403,0.15757999442657708,tvm
512,16,30,1,256,16,[512; 16; 30; 1; 256; 16],0.22690498101292178,0.08058754022977112,tvm
1280,64,50,1,1280,64,[1280; 64; 50; 1; 1280; 64],1.2651336790295318,0.014453582723164108,tvm
8,8,75,1,1280,64,[8; 8; 75; 1; 1280; 64],0.4228495429852046,0.043244020453757706,tvm
8,4,4,1,256,16,[8; 4; 4; 1; 256; 16],0.07632716148509644,0.23957021235860756,tvm
20,5,12,1,1280,128,[20; 5; 12; 1; 1280; 128],0.27607551001710817,0.06623446710134172,tvm
512,1,15,1,320,64,[512; 1; 15; 1; 320; 64],0.10841114399954677,0.16867006113126834,tvm
64,8,300,1,640,16,[64; 8; 300; 1; 640; 16],0.4077807019930333,0.04484202954269937,tvm
5120,10,4,1,1280,128,[5120; 10; 4; 1; 1280; 128],1.8084643979673274,0.010111182894320182,tvm
10,10,1500,1,640,128,[10; 10; 1500; 1; 640; 128],0.2050602540257387,0.08917239653579628,tvm
640,10,250,1,640,128,[640; 10; 250; 1; 640; 128],0.21047418902162462,0.08687865419847547,tvm
640,20,375,1,256,16,[640; 20; 375; 1; 256; 16],0.23075312096625566,0.07924362716805165,tvm
160,40,4,1,128,16,[160; 40; 4; 1; 128; 16],0.20198716298909858,0.0905290911319012,tvm
16,16,75,1,1280,16,[16; 16; 75; 1; 1280; 16],0.5419123059837148,0.03374293974099898,tvm
20,10,1500,1,256,128,[20; 10; 1500; 1; 256; 128],0.06740686550620012,0.2712737663796629,tvm
32,32,12,1,320,64,[32; 32; 12; 1; 320; 64],0.08279051701538265,0.2208672556340814,tvm
2560,2,5,1,64,64,[2560; 2; 5; 1; 64; 64],0.2780899580102414,0.06575467311567168,tvm
40,1,500,1,320,16,[40; 1; 500; 1; 320; 16],0.2509144250070676,0.07287629750740407,tvm
512,4,50,1,64,16,[512; 4; 50; 1; 64; 16],0.17080748500302434,0.10705452565729492,tvm
10,5,25,1,640,64,[10; 5; 25; 1; 640; 64],0.16841130098327994,0.1085777152658521,tvm
160,10,4,1,16,16,[160; 10; 4; 1; 16; 16],0.13107921602204442,0.13950124848655687,tvm
5,5,150,1,1280,128,[5; 5; 150; 1; 1280; 128],0.4435495419893414,0.04122586668380259,tvm
8,8,10,1,256,128,[8; 8; 10; 1; 256; 128],0.0745142494852189,0.2453988923198046,tvm
320,10,50,1,320,16,[320; 10; 50; 1; 320; 16],0.27418551995651796,0.06669102835413829,tvm
1280,16,10,1,128,64,[1280; 16; 10; 1; 128; 64],0.2550659850239754,0.07169013259057451,tvm
1024,2,25,1,320,16,[1024; 2; 25; 1; 320; 16],0.30283013300504535,0.060382743633407295,tvm
320,10,300,1,1280,16,[320; 10; 300; 1; 1280; 16],1.1467296840273775,0.0159459675112742,tvm
2560,1,30,1,320,64,[2560; 1; 30; 1; 320; 64],0.4581766370101832,0.03990974835608625,tvm
2560,20,375,1,1280,16,[2560; 20; 375; 1; 1280; 16],2.4672712960164063,0.007411310752586445,tvm
80,4,125,1,1280,128,[80; 4; 125; 1; 1280; 128],0.4404488970176317,0.04151608599665148,tvm
320,64,50,1,16,16,[320; 64; 50; 1; 16; 16],0.1396598569699563,0.13093035237496997,tvm
16,4,25,1,320,16,[16; 4; 25; 1; 320; 16],0.1079291730420664,0.16942327797311355,tvm
1024,4,60,1,80,16,[1024; 4; 60; 1; 80; 16],0.14883160596946254,0.12286176828237796,tvm
5120,10,125,1,1280,64,[5120; 10; 125; 1; 1280; 64],1.855943311995361,0.009852517675259681,tvm
40,4,1500,1,256,64,[40; 4; 1500; 1; 256; 64],0.10038309899391606,0.18215929244047877,tvm
320,64,3,1,256,64,[320; 64; 3; 1; 256; 64],0.0829505380243063,0.22044117761305151,tvm
512,16,50,1,1280,128,[512; 16; 50; 1; 1280; 128],0.4447967960149981,0.04111026529313784,tvm
1024,16,1,1,1280,64,[1024; 16; 1; 1; 1280; 64],1.8016627700417303,0.010149354579431506,tvm
5120,40,250,1,32,16,[5120; 40; 250; 1; 32; 16],0.317182648985181,0.05765042427200552,tvm
20,1,10,1,256,64,[20; 1; 10; 1; 256; 64],0.0692060409928672,0.26422136020754206,tvm
16,1,20,1,128,128,[16; 1; 20; 1; 128; 128],0.0663880314968992,0.2754369104402254,tvm
40,1,10,1,80,16,[40; 1; 10; 1; 80; 16],0.11110887100221589,0.16457474655961185,tvm
64,16,500,1,640,128,[64; 16; 500; 1; 640; 128],0.23859550297493115,0.07663897289646544,tvm
40,4,750,1,256,64,[40; 4; 750; 1; 256; 64],0.0979745710210409,0.1866373498260816,tvm
40,20,3,1,32,16,[40; 20; 3; 1; 32; 16],0.10036608198424801,0.18219017744046384,tvm
80,2,3,1,640,64,[80; 2; 3; 1; 640; 64],0.21810949500650167,0.0838373143047679,tvm
20,10,3,1,256,64,[20; 10; 3; 1; 256; 64],0.07820589348557405,0.23381504220122862,tvm
640,5,15,1,32,16,[640; 5; 15; 1; 32; 16],0.14403989899437875,0.12694895243176962,tvm
32,2,125,1,256,16,[32; 2; 125; 1; 256; 16],0.10894756100606173,0.1678395928909036,tvm
512,8,20,1,80,16,[512; 8; 20; 1; 80; 16],0.14283137198071927,0.1280230948715011,tvm
10,1,150,1,64,16,[10; 1; 150; 1; 64; 16],0.07744527701288462,0.23611141945650324,tvm
64,2,100,1,1280,16,[64; 2; 100; 1; 1280; 16],0.9179846110055223,0.019919412663884282,tvm
20,4,15,1,32,16,[20; 4; 15; 1; 32; 16],0.06767802499234676,0.27018687805653446,tvm
320,64,750,1,128,128,[320; 64; 750; 1; 128; 128],0.08356100949458778,0.21883070102089477,tvm
256,4,4,1,1280,128,[256; 4; 4; 1; 1280; 128],0.6977872459683567,0.02620528591109203,tvm
1280,20,6,1,640,128,[1280; 20; 6; 1; 640; 128],0.7341056409641169,0.024908832278824695,tvm
512,64,100,1,256,128,[512; 64; 100; 1; 256; 128],0.08271124350721948,0.22107894296279335,tvm
640,40,75,1,1280,16,[640; 40; 75; 1; 1280; 16],1.1655067329993472,0.015689067911823493,tvm
5,5,5,1,640,64,[5; 5; 5; 1; 640; 64],0.2027023949776776,0.09020966075772308,tvm
640,5,50,1,1280,64,[640; 5; 50; 1; 1280; 64],0.44909878697944805,0.0407164633169029,tvm
8,2,4,1,640,16,[8; 2; 4; 1; 640; 16],0.1805525979725644,0.10127638422844996,tvm
5120,8,150,1,80,16,[5120; 8; 150; 1; 80; 16],0.3165582019719295,0.05776414628276084,tvm
1280,2,25,1,640,16,[1280; 2; 25; 1; 640; 16],0.9002437419840135,0.020311959342716547,tvm
32,16,3,1,80,16,[32; 16; 3; 1; 80; 16],0.09623588601243682,0.19000930986753917,tvm
5120,4,500,1,160,16,[5120; 4; 500; 1; 160; 16],0.31745858100475743,0.05760031506422016,tvm
32,2,3,1,256,64,[32; 2; 3; 1; 256; 64],0.06696941651171073,0.2730457459266757,tvm
4,2,150,1,128,128,[4; 2; 150; 1; 128; 128],0.07961264401092194,0.22968354477971736,tvm
1280,2,4,1,64,64,[1280; 2; 4; 1; 64; 64],0.19634263298939914,0.09313165463509682,tvm
1280,32,100,1,32,16,[1280; 32; 100; 1; 32; 16],0.22823117900406942,0.08011926488531283,tvm
8,2,50,1,64,16,[8; 2; 50; 1; 64; 16],0.07012628848315217,0.2607540578752778,tvm
160,40,1500,1,160,16,[160; 40; 1500; 1; 160; 16],0.13614614203106612,0.134309456095655,tvm
256,4,60,1,640,16,[256; 4; 60; 1; 640; 16],0.5573353639920242,0.032809176426091574,tvm
640,1,15,1,32,16,[640; 1; 15; 1; 32; 16],0.14542896597413346,0.12573639758235408,tvm
10,2,2,1,256,64,[10; 2; 2; 1; 256; 64],0.07815238551120274,0.23397512649301186,tvm
20,20,125,1,64,64,[20; 20; 125; 1; 64; 64],0.05009262851672247,0.3650380270943448,tvm
4,2,500,1,16,16,[4; 2; 500; 1; 16; 16],0.08885340701090172,0.20579643370873502,tvm
5120,4,375,1,320,64,[5120; 4; 375; 1; 320; 64],0.45919295999919996,0.039821416873956746,tvm
80,20,125,1,128,64,[80; 20; 125; 1; 128; 64],0.10004294299869798,0.1827786522228986,tvm
32,16,75,1,1280,16,[32; 16; 75; 1; 1280; 16],0.640328097040765,0.028556788887166652,tvm
5120,40,375,1,80,16,[5120; 40; 375; 1; 80; 16],0.3173655190039426,0.0576172053697085,tvm
1280,16,250,1,1280,64,[1280; 16; 250; 1; 1280; 64],1.2808320840122178,0.014276433666803635,tvm
20,5,3,1,128,128,[20; 5; 3; 1; 128; 128],0.056542428996181116,0.32339810316513473,tvm
640,20,25,1,80,16,[640; 20; 25; 1; 80; 16],0.14239208999788389,0.12841804826367836,tvm
40,4,150,1,256,16,[40; 4; 150; 1; 256; 16],0.12344300898257643,0.14813082114917706,tvm
640,4,25,1,320,64,[640; 4; 25; 1; 320; 64],0.10995755501789972,0.1662979345324439,tvm
128,1,1,1,1280,64,[128; 1; 1; 1; 1280; 64],0.42119706101948395,0.043413679671588254,tvm
1280,16,100,1,320,16,[1280; 16; 100; 1; 320; 16],0.44065515900729224,0.041496653135545576,tvm
64,8,3,1,256,64,[64; 8; 3; 1; 256; 64],0.0903940620191861,0.20228888797842887,tvm
2560,64,500,1,80,16,[2560; 64; 500; 1; 80; 16],0.3172636469826102,0.05763570601177814,tvm
80,4,250,1,256,64,[80; 4; 250; 1; 256; 64],0.09639626351417974,0.18969318539016283,tvm
128,4,100,1,160,16,[128; 4; 100; 1; 160; 16],0.1275594950420782,0.14335047563242828,tvm
512,4,300,1,128,16,[512; 4; 300; 1; 128; 16],0.23004254896659404,0.07948840059309929,tvm
1024,1,250,1,256,64,[1024; 1; 250; 1; 256; 64],0.10036057000979781,0.18220018363715076,tvm
64,32,15,1,80,16,[64; 32; 15; 1; 80; 16],0.09696118449210189,0.18858798375347585,tvm
160,16,1500,1,640,128,[160; 16; 1500; 1; 640; 128],0.21515060198726133,0.08499030036084654,tvm
256,8,2,1,16,16,[256; 8; 2; 1; 16; 16],0.13824812398524955,0.1322673592855791,tvm
640,2,300,1,32,16,[640; 2; 300; 1; 32; 16],0.14505351899424568,0.1260618453967993,tvm
1024,1,5,1,640,16,[1024; 1; 5; 1; 640; 16],0.738235859957058,0.024769474469552237,tvm
512,8,20,1,1280,16,[512; 8; 20; 1; 1280; 16],1.228592147002928,0.014883469937782948,tvm
8,8,5,1,128,64,[8; 8; 5; 1; 128; 64],0.062029324006289244,0.2947914487002997,tvm
1280,40,50,1,256,64,[1280; 40; 50; 1; 256; 64],0.2630833540461026,0.06950540201228356,tvm
5,5,12,1,1280,128,[5; 5; 12; 1; 1280; 128],0.4936680560349487,0.03704050538044084,tvm
320,5,25,1,1280,64,[320; 5; 25; 1; 1280; 64],0.47975963697535917,0.03811432408319389,tvm
160,5,6,1,320,64,[160; 5; 6; 1; 320; 64],0.1069330419995822,0.17100153464058127,tvm
2560,32,100,1,32,16,[2560; 32; 100; 1; 32; 16],0.3159463449846953,0.05787601146833986,tvm
320,8,30,1,64,16,[320; 8; 30; 1; 64; 16],0.16781974799232557,0.10896044419367437,tvm
5120,10,60,1,128,128,[5120; 10; 60; 1; 128; 128],0.3683469590032473,0.04964263675529104,tvm
80,10,150,1,320,16,[80; 10; 150; 1; 320; 16],0.241319662949536,0.07577382655941359,tvm
5,5,2,1,128,64,[5; 5; 2; 1; 128; 64],0.07027768349507824,0.2601923309978607,tvm
80,5,125,1,16,16,[80; 5; 125; 1; 16; 16],0.12041554995812476,0.15185509090871782,tvm
40,20,1,1,80,16,[40; 20; 1; 1; 80; 16],0.09057964102248661,0.2018744397670423,tvm
10,10,75,1,1280,16,[10; 10; 75; 1; 1280; 16],0.5349672520533204,0.03418099746391905,tvm
5120,32,125,1,256,128,[5120; 32; 125; 1; 256; 128],0.36410481098573655,0.05022101805304246,tvm
256,4,150,1,128,64,[256; 4; 150; 1; 128; 64],0.08624447300098836,0.21202186817820468,tvm
64,1,1500,1,64,16,[64; 1; 1500; 1; 64; 16],0.16158919496228918,0.11316173887729132,tvm
320,32,250,1,1280,64,[320; 32; 250; 1; 1280; 64],0.4432037849910557,0.04125802825912985,tvm
160,5,150,1,640,16,[160; 5; 150; 1; 640; 16],0.5408761579892598,0.0338075805627901,tvm
1,1,1,1,80,16,[1; 1; 1; 1; 80; 16],0.14194900001166388,0.12881890174789368,tvm
32,4,6,1,640,128,[32; 4; 6; 1; 640; 128],0.16333145200042054,0.1119546423040873,tvm
8,8,125,1,640,64,[8; 8; 125; 1; 640; 64],0.21153042500372976,0.0864448425581893,tvm
640,8,60,1,64,64,[640; 8; 60; 1; 64; 64],0.0637458105047699,0.28685358521476517,tvm
20,1,1500,1,640,128,[20; 1; 1500; 1; 640; 128],0.20681242999853566,0.08841690166226353,tvm
32,32,30,1,256,64,[32; 32; 30; 1; 256; 64],0.06025348001276143,0.30347980368671573,tvm
40,5,15,1,256,128,[40; 5; 15; 1; 256; 128],0.09361336848814972,0.1953322968826726,tvm
2560,20,300,1,320,16,[2560; 20; 300; 1; 320; 16],0.6232414070400409,0.029339697393596792,tvm
32,8,100,1,256,128,[32; 8; 100; 1; 256; 128],0.06139881000854075,0.29781870826438966,tvm
160,2,375,1,640,64,[160; 2; 375; 1; 640; 64],0.22603699198225513,0.0808969988733074,tvm
640,4,75,1,1280,128,[640; 4; 75; 1; 1280; 128],0.4322285609669052,0.042305659405775325,tvm
128,4,1500,1,80,16,[128; 4; 1500; 1; 80; 16],0.13276535598561168,0.13772956167643602,tvm
512,32,30,1,16,16,[512; 32; 30; 1; 16; 16],0.14261589595116675,0.12821652287607208,tvm
20,4,1500,1,64,16,[20; 4; 1500; 1; 64; 16],0.07834363551228307,0.23340395382656667,tvm
640,16,125,1,64,16,[640; 16; 125; 1; 64; 16],0.17244162800488994,0.10604002349824579,tvm
5120,16,250,1,640,16,[5120; 16; 250; 1; 640; 16],1.248573467019014,0.014645285014242435,tvm
5120,8,12,1,256,16,[5120; 8; 12; 1; 256; 16],0.48504523403244093,0.03769898764635897,tvm
2560,10,20,1,128,16,[2560; 10; 20; 1; 128; 16],0.4893306320300326,0.03736883221443616,tvm
320,5,100,1,64,16,[320; 5; 100; 1; 64; 16],0.1673545659868978,0.1092633127628312,tvm
1280,64,375,1,16,16,[1280; 64; 375; 1; 16; 16],0.23489642003551126,0.07784586194608621,tvm
512,2,15,1,256,16,[512; 2; 15; 1; 256; 16],0.227944701036904,0.08021995774647926,tvm
80,1,12,1,160,16,[80; 1; 12; 1; 160; 16],0.1197627279907465,0.15268284709686253,tvm
512,32,4,1,64,64,[512; 32; 4; 1; 64; 64],0.06344665450160392,0.28820612259787515,tvm
256,2,250,1,64,64,[256; 2; 250; 1; 64; 64],0.06478771701222286,0.28224044817421956,tvm
1280,64,25,1,640,16,[1280; 64; 25; 1; 640; 16],0.898772718035616,0.0203452039862537,tvm
5120,4,60,1,1280,16,[5120; 4; 60; 1; 1280; 16],2.451161372999195,0.007460020579281661,tvm
5120,4,750,1,256,16,[5120; 4; 750; 1; 256; 16],0.5021616829908453,0.036413997533236014,tvm
20,1,500,1,16,16,[20; 1; 500; 1; 16; 16],0.06664934050058946,0.27435701761448883,tvm
64,32,1500,1,32,16,[64; 32; 1500; 1; 32; 16],0.10495912499027327,0.17421748025632697,tvm
512,8,12,1,256,64,[512; 8; 12; 1; 256; 64],0.08372804100508802,0.21839414927435236,tvm
32,8,125,1,128,128,[32; 8; 125; 1; 128; 128],0.05674563249340281,0.322240029447908,tvm
32,1,20,1,64,64,[32; 1; 20; 1; 64; 64],0.05420486399088986,0.3373445285055515,tvm
64,4,12,1,1280,128,[64; 4; 12; 1; 1280; 128],0.4392904780106619,0.04162556486205121,tvm
128,64,100,1,640,16,[128; 64; 100; 1; 640; 16],0.505604577017948,0.03616603788194184,tvm
640,64,75,1,1280,16,[640; 64; 75; 1; 1280; 16],1.173417719954159,0.015583294827377107,tvm
80,1,150,1,128,16,[80; 1; 150; 1; 128; 16],0.19368415500503033,0.09440996495164704,tvm
40,4,300,1,1280,128,[40; 4; 300; 1; 1280; 128],0.4893598729977384,0.03736659929572688,tvm
64,64,100,1,16,16,[64; 64; 100; 1; 16; 16],0.11492189299315214,0.15911428022512542,tvm
40,40,20,1,64,64,[40; 40; 20; 1; 64; 64],0.05638845052453689,0.32428119793356325,tvm
2,2,500,1,64,16,[2; 2; 500; 1; 64; 16],0.17423107201466337,0.10495093713350598,tvm
20,2,150,1,256,16,[20; 2; 150; 1; 256; 16],0.09719913199660368,0.18812631255136336,tvm
640,16,150,1,640,16,[640; 16; 150; 1; 640; 16],0.5839914089883678,0.031311615212610965,tvm
40,4,1,1,16,16,[40; 4; 1; 1; 16; 16],0.0926981664961204,0.1972607978872978,tvm
160,1,25,1,128,16,[160; 1; 25; 1; 128; 16],0.21933704399270937,0.08336810760667539,tvm
1280,2,100,1,64,64,[1280; 2; 100; 1; 64; 64],0.19634327798848972,0.09313134869219335,tvm
320,32,50,1,320,16,[320; 32; 50; 1; 320; 16],0.27857128001051024,0.06564106064711475,tvm
320,4,2,1,1280,64,[320; 4; 2; 1; 1280; 64],1.0907649649889208,0.016764119560715832,tvm
256,64,50,1,160,16,[256; 64; 50; 1; 160; 16],0.1341323379892856,0.1363259193109341,tvm
1024,16,75,1,640,16,[1024; 16; 75; 1; 640; 16],0.5951903770328499,0.03072246291492891,tvm
5120,4,150,1,32,16,[5120; 4; 150; 1; 32; 16],0.3165992120048031,0.05775666392194582,tvm
40,2,15,1,1280,128,[40; 2; 15; 1; 1280; 128],0.4616709629772231,0.039607676791699,tvm
320,20,10,1,320,16,[320; 20; 10; 1; 320; 16],0.2741409440059215,0.06670187246936493,tvm
160,1,10,1,128,16,[160; 1; 10; 1; 128; 16],0.2185618529911153,0.08366379601685393,tvm
160,40,15,1,128,128,[160; 40; 15; 1; 128; 128],0.0848964829929173,0.215388360519479,tvm
20,4,6,1,640,128,[20; 4; 6; 1; 640; 128],0.16888004000065848,0.10827634980216128,tvm
640,5,60,1,128,128,[640; 5; 60; 1; 128; 128],0.08246973599307239,0.2217263589548816,tvm
128,8,3,1,64,64,[128; 8; 3; 1; 64; 64],0.06761607297812589,0.2704344319379477,tvm
160,16,1,1,128,128,[160; 16; 1; 1; 128; 128],0.08510743148508482,0.21485449586055105,tvm
128,2,2,1,640,64,[128; 2; 2; 1; 640; 64],0.21102417795918882,0.0866522237525345,tvm
320,1,1,1,256,128,[320; 1; 1; 1; 256; 128],0.09009046899154782,0.2029705749165301,tvm
1280,2,30,1,320,64,[1280; 2; 30; 1; 320; 64],0.31549331202404574,0.05795911858924165,tvm
40,20,300,1,16,16,[40; 20; 300; 1; 16; 16],0.08319119899533689,0.21980347087844299,tvm
640,10,60,1,640,64,[640; 10; 60; 1; 640; 64],0.21973910799715668,0.08321556618838598,tvm
256,1,250,1,320,64,[256; 1; 250; 1; 320; 64],0.10929146397393197,0.16731145892670782,tvm
8,4,15,1,16,16,[8; 4; 15; 1; 16; 16],0.07581420298083685,0.24119114317321608,tvm
8,4,100,1,1280,64,[8; 4; 100; 1; 1280; 64],0.42211407504510134,0.04331936641477905,tvm
256,1,10,1,80,16,[256; 1; 10; 1; 80; 16],0.14064872701419517,0.13000981007008172,tvm
64,8,750,1,640,64,[64; 8; 750; 1; 640; 64],0.24023833399405703,0.07611488966688654,tvm
2560,16,300,1,128,16,[2560; 16; 300; 1; 128; 16],0.5007238689577207,0.03651855926855819,tvm
256,8,30,1,320,64,[256; 8; 30; 1; 320; 64],0.10527866898337379,0.17368869175770138,tvm
64,64,2,1,128,128,[64; 64; 2; 1; 128; 128],0.05732573047862388,0.31897917624499916,tvm
1280,2,150,1,16,16,[1280; 2; 150; 1; 16; 16],0.22662096697604284,0.08068853703041236,tvm
8,4,12,1,320,64,[8; 4; 12; 1; 320; 64],0.08969260248704813,0.20387093002853604,tvm
80,10,750,1,64,16,[80; 10; 750; 1; 64; 16],0.1509464160189964,0.12114043359209706,tvm
1280,10,20,1,640,64,[1280; 10; 20; 1; 640; 64],0.6364870790275745,0.028729120964484017,tvm
80,20,375,1,640,16,[80; 20; 375; 1; 640; 16],0.525378221005667,0.03480485782359267,tvm
1024,64,125,1,128,64,[1024; 64; 125; 1; 128; 64],0.10231927898712456,0.1787123058990211,tvm
20,10,60,1,320,16,[20; 10; 60; 1; 320; 16],0.11106618301710114,0.1646380004154711,tvm
640,2,60,1,256,16,[640; 2; 60; 1; 256; 16],0.23063876398373395,0.07928291831725176,tvm
64,1,20,1,64,64,[64; 1; 20; 1; 64; 64],0.07734733200049959,0.23641040760909734,tvm
8,2,250,1,128,16,[8; 2; 250; 1; 128; 16],0.09201537250191905,0.19872455860930113,tvm
320,32,60,1,320,16,[320; 32; 60; 1; 320; 16],0.2788163310033269,0.06558336887912099,tvm
128,2,250,1,1280,64,[128; 2; 250; 1; 1280; 64],0.4565067460061982,0.04005573728250231,tvm
64,32,10,1,64,64,[64; 32; 10; 1; 64; 64],0.08423294400563464,0.2170850669126689,tvm
16,16,250,1,16,16,[16; 16; 250; 1; 16; 16],0.06648950549424626,0.27501654809715287,tvm
320,5,75,1,256,64,[320; 5; 75; 1; 256; 64],0.08594446201459505,0.2127619843918392,tvm
2560,1,1500,1,640,16,[2560; 1; 1500; 1; 640; 16],1.2568259760155343,0.014549121863063941,tvm
1024,64,12,1,128,16,[1024; 64; 12; 1; 128; 16],0.23870306403841823,0.07660443890561572,tvm
2560,16,150,1,1280,16,[2560; 16; 150; 1; 1280; 16],2.459558134956751,0.0074345525831760115,tvm
5120,4,1,1,256,64,[5120; 4; 1; 1; 256; 64],0.363874536997173,0.05025279987056735,tvm
256,32,25,1,256,16,[256; 32; 25; 1; 256; 16],0.21460335102165118,0.0852070305457134,tvm
5120,2,750,1,256,16,[5120; 2; 750; 1; 256; 16],0.49681323097320274,0.036806013096500216,tvm
4,1,25,1,1280,64,[4; 1; 25; 1; 1280; 64],0.5469396090484224,0.033432784869115946,tvm
160,32,75,1,320,16,[160; 32; 75; 1; 320; 16],0.2623779939603992,0.06969225585463604,tvm
160,20,750,1,256,16,[160; 20; 750; 1; 256; 16],0.2137121349805966,0.08556235839099398,tvm
1024,1,12,1,128,128,[1024; 1; 12; 1; 128; 128],0.09409443449112587,0.1943336434785506,tvm
8,8,20,1,1280,64,[8; 8; 20; 1; 1280; 64],0.35236936202272773,0.05189359875315966,tvm
1024,1,60,1,640,128,[1024; 1; 60; 1; 640; 128],0.336137360020075,0.05439952965841767,tvm
40,1,1500,1,1280,16,[40; 1; 1500; 1; 1280; 16],1.005396430962719,0.018187566339582857,tvm
128,32,60,1,128,64,[128; 32; 60; 1; 128; 64],0.08773268200457096,0.20842534239135174,tvm
32,4,50,1,16,16,[32; 4; 50; 1; 16; 16],0.08722787699662149,0.20963154114621554,tvm
640,32,375,1,32,16,[640; 32; 375; 1; 32; 16],0.14369911001995206,0.12725001764572785,tvm
16,2,4,1,128,64,[16; 2; 4; 1; 128; 64],0.06940920898341574,0.2634479567413508,tvm
2,2,30,1,64,16,[2; 2; 30; 1; 64; 16],0.1373634790070355,0.133119184355965,tvm
5120,16,10,1,32,16,[5120; 16; 10; 1; 32; 16],0.31383796298177913,0.05826482593750432,tvm
160,16,6,1,80,16,[160; 16; 6; 1; 80; 16],0.1289654250140302,0.141787725537484,tvm
640,2,300,1,80,16,[640; 2; 300; 1; 80; 16],0.14493325003422797,0.1261664544291656,tvm
5120,10,250,1,256,64,[5120; 10; 250; 1; 256; 64],0.367541796003934,0.04975138741912924,tvm
320,32,125,1,640,64,[320; 32; 125; 1; 640; 64],0.21357225603424013,0.08561839737640221,tvm
320,8,3,1,256,64,[320; 8; 3; 1; 256; 64],0.0835871449962724,0.2187622784164927,tvm
8,1,6,1,1280,64,[8; 1; 6; 1; 1280; 64],0.3673196140443906,0.049781480722955504,tvm
2560,2,500,1,16,16,[2560; 2; 500; 1; 16; 16],0.3182494079810567,0.05745718240834156,tvm
160,32,300,1,320,16,[160; 32; 300; 1; 320; 16],0.27472807094454765,0.06655932254336383,tvm
512,64,500,1,1280,128,[512; 64; 500; 1; 1280; 128],0.42137197603005916,0.04339565829221127,tvm
2560,40,60,1,80,16,[2560; 40; 60; 1; 80; 16],0.31351526896469295,0.058324796575612924,tvm
320,64,4,1,128,64,[320; 64; 4; 1; 128; 64],0.08570218150271103,0.21336346362590378,tvm
320,8,10,1,640,64,[320; 8; 10; 1; 640; 64],0.22062620701035485,0.082880971093593,tvm
20,2,15,1,1280,64,[20; 2; 15; 1; 1280; 64],0.31583346001571044,0.057896697470890844,tvm
16,2,3,1,320,16,[16; 2; 3; 1; 320; 16],0.11800893500912935,0.1549519473614407,tvm
80,1,150,1,640,128,[80; 1; 150; 1; 640; 128],0.23557608400005847,0.07762126772473961,tvm
160,8,15,1,256,128,[160; 8; 15; 1; 256; 128],0.08452532949740998,0.21633413787845213,tvm
160,16,250,1,128,128,[160; 16; 250; 1; 128; 128],0.08501328798593022,0.2150924251834677,tvm
640,8,12,1,128,64,[640; 8; 12; 1; 128; 64],0.08460128249134868,0.21613991829951493,tvm
64,32,150,1,128,16,[64; 32; 150; 1; 128; 16],0.15213789202971384,0.12019171582936702,tvm
2560,4,1500,1,128,64,[2560; 4; 1500; 1; 128; 64],0.36902725702384487,0.04955112105589736,tvm
128,1,12,1,16,16,[128; 1; 12; 1; 16; 16],0.1376069910475053,0.13288361402656942,tvm
2560,10,2,1,320,16,[2560; 10; 2; 1; 320; 16],0.6039059199974872,0.030279077717586162,tvm
2560,40,500,1,320,16,[2560; 40; 500; 1; 320; 16],0.6271395519725047,0.029157329063684977,tvm
10,10,75,1,80,16,[10; 10; 75; 1; 80; 16],0.06552520749391988,0.2790638135317775,tvm
64,4,300,1,160,16,[64; 4; 300; 1; 160; 16],0.11728662101086229,0.1559062246666718,tvm
1,1,250,1,640,64,[1; 1; 250; 1; 640; 64],0.9739033670048229,0.018775696753108907,tvm
5,5,250,1,1280,128,[5; 5; 250; 1; 1280; 128],0.4606538210064173,0.039695132118440744,tvm
16,1,1500,1,160,16,[16; 1; 1500; 1; 160; 16],0.06733109799097292,0.2715790300666989,tvm
40,10,20,1,128,16,[40; 10; 20; 1; 128; 16],0.12124869204126298,0.1508116415762353,tvm
512,8,100,1,64,16,[512; 8; 100; 1; 64; 16],0.17108155594905838,0.10688302537509702,tvm
5120,5,25,1,80,16,[5120; 5; 25; 1; 80; 16],0.31306392297847196,0.058408883756854074,tvm
5120,8,375,1,1280,64,[5120; 8; 375; 1; 1280; 64],1.817683039989788,0.010059902570151625,tvm
64,32,50,1,1280,16,[64; 32; 50; 1; 1280; 16],0.78878593002446,0.02318209997121431,tvm
1280,10,3,1,128,16,[1280; 10; 3; 1; 128; 16],0.3578226410318166,0.05110273132238262,tvm
2560,4,750,1,256,64,[2560; 4; 750; 1; 256; 64],0.37322908197529614,0.048993272948983674,tvm
10,10,60,1,320,64,[10; 10; 60; 1; 320; 64],0.0817720204940997,0.22361822754561508,tvm
256,4,50,1,1280,16,[256; 4; 50; 1; 1280; 16],1.1184992319904268,0.016348437050934687,tvm
5120,20,375,1,256,16,[5120; 20; 375; 1; 256; 16],0.49125063099199906,0.037222780251272805,tvm
256,8,60,1,160,16,[256; 8; 60; 1; 160; 16],0.13706905097933486,0.13340512796335857,tvm
320,32,10,1,160,16,[320; 32; 10; 1; 160; 16],0.13871352700516582,0.1318235840476705,tvm
320,16,10,1,32,16,[320; 16; 10; 1; 32; 16],0.13875412999186665,0.13178500911494412,tvm
512,2,5,1,128,128,[512; 2; 5; 1; 128; 128],0.08265062799910083,0.22124108102255702,tvm
64,1,250,1,16,16,[64; 1; 250; 1; 16; 16],0.12401337898336351,0.14744952871711794,tvm
2560,4,1,1,128,64,[2560; 4; 1; 1; 128; 64],0.36828975001117215,0.0496503480891325,tvm
32,2,100,1,1280,128,[32; 2; 100; 1; 1280; 128],0.2699122859630734,0.067746876436058,tvm
2560,64,5,1,16,16,[2560; 64; 5; 1; 16; 16],0.32032677601091564,0.057084563811459745,tvm
320,32,1500,1,1280,16,[320; 32; 1500; 1; 1280; 16],1.1293164449743927,0.01619184274442131,tvm
640,64,1,1,640,64,[640; 64; 1; 1; 640; 64],0.7873270540148951,0.023225055194620998,tvm
32,32,50,1,640,16,[32; 32; 50; 1; 640; 16],0.28583017096389085,0.06397405222846239,tvm
16,4,125,1,320,16,[16; 4; 125; 1; 320; 16],0.12270046002231538,0.1490272675619039,tvm
40,2,3,1,1280,64,[40; 2; 3; 1; 1280; 64],0.44808619597461075,0.04080847490948011,tvm
320,8,4,1,160,16,[320; 8; 4; 1; 160; 16],0.1389581020339392,0.13159156622078916,tvm
5,5,20,1,64,16,[5; 5; 20; 1; 64; 16],0.08199271498597227,0.22301632881461114,tvm
40,10,15,1,1280,64,[40; 10; 15; 1; 1280; 64],0.45036563999019563,0.040601930214108614,tvm
40,8,30,1,320,64,[40; 8; 30; 1; 320; 64],0.11789062299067155,0.15510745317853822,tvm
10,5,125,1,256,64,[10; 5; 125; 1; 256; 64],0.0653052979905624,0.2800035349100903,tvm
640,64,50,1,128,64,[640; 64; 50; 1; 128; 64],0.08583510600146838,0.21303304833574127,tvm
320,4,250,1,128,128,[320; 4; 250; 1; 128; 128],0.08329478098312393,0.21953013225905585,tvm
2560,2,2,1,320,64,[2560; 2; 2; 1; 320; 64],0.46018746198387817,0.03973535960081175,tvm
5,5,500,1,640,128,[5; 5; 500; 1; 640; 128],0.24277785699814558,0.07531870703452975,tvm
4,2,6,1,640,16,[4; 2; 6; 1; 640; 16],0.24378374399384484,0.07500793115301393,tvm
2560,16,375,1,256,128,[2560; 16; 375; 1; 256; 128],0.36689582298276946,0.04983898191332922,tvm
160,20,1500,1,640,128,[160; 20; 1500; 1; 640; 128],0.21508322400040925,0.08501692482385095,tvm
16,4,5,1,64,64,[16; 4; 5; 1; 64; 64],0.051529657503124326,0.35485805983875585,tvm
1280,32,4,1,320,64,[1280; 32; 4; 1; 320; 64],0.34385332599049434,0.05317882045503258,tvm
320,32,25,1,32,16,[320; 32; 25; 1; 32; 16],0.13817514799302444,0.13233721513102642,tvm
80,4,60,1,320,64,[80; 4; 60; 1; 320; 64],0.112955410964787,0.1618843588769264,tvm
160,10,12,1,32,16,[160; 10; 12; 1; 32; 16],0.12945748603669927,0.1412487979299286,tvm
64,2,100,1,64,64,[64; 2; 100; 1; 64; 64],0.07598915550624952,0.24063584025763293,tvm
160,10,750,1,80,16,[160; 10; 750; 1; 80; 16],0.1313866979908198,0.13917477617857432,tvm
640,4,5,1,320,16,[640; 4; 5; 1; 320; 16],0.3018965770024806,0.0605694654350587,tvm
1280,32,4,1,256,16,[1280; 32; 4; 1; 256; 16],0.35545807098969817,0.05144267574175926,tvm
256,4,1500,1,256,64,[256; 4; 1500; 1; 256; 64],0.0873775589861907,0.20927243216538233,tvm
320,20,125,1,64,64,[320; 20; 125; 1; 64; 64],0.0643365554860793,0.28421966559386014,tvm
512,2,30,1,64,64,[512; 2; 30; 1; 64; 64],0.0635275200183969,0.2878392589608242,tvm
512,4,50,1,640,64,[512; 4; 50; 1; 640; 64],0.22141994500998408,0.08258386246500858,tvm
640,4,25,1,16,16,[640; 4; 25; 1; 16; 16],0.14473751303739846,0.12633707669821212,tvm
2560,32,3,1,1280,128,[2560; 32; 3; 1; 1280; 128],1.8257289719767869,0.010015568885843797,tvm
32,32,250,1,128,16,[32; 32; 250; 1; 128; 16],0.10935145104303956,0.16721967665995785,tvm
320,10,500,1,256,128,[320; 10; 500; 1; 256; 128],0.08404017149587162,0.21758301964689056,tvm
40,5,20,1,640,16,[40; 5; 20; 1; 640; 16],0.3070137470494956,0.059559920236295916,tvm
256,8,300,1,320,64,[256; 8; 300; 1; 320; 64],0.10909712599823251,0.1676094958359447,tvm
2560,1,15,1,640,128,[2560; 1; 15; 1; 640; 128],0.8693546029971913,0.021033665920295777,tvm
64,8,1500,1,256,16,[64; 8; 1500; 1; 256; 16],0.16503287001978606,0.11080043801893516,tvm
256,8,60,1,1280,64,[256; 8; 60; 1; 1280; 64],0.441677238966804,0.04140062623215371,tvm
1280,1,300,1,320,64,[1280; 1; 300; 1; 320; 64],0.3205701749539003,0.057041221281249485,tvm
10,1,4,1,160,16,[10; 1; 4; 1; 160; 16],0.04848986274737399,0.3771038573769641,tvm
16,8,50,1,640,16,[16; 8; 50; 1; 640; 16],0.23894979595206678,0.07652533961310598,tvm
320,5,60,1,80,16,[320; 5; 60; 1; 80; 16],0.1391331939958036,0.13142596500922565,tvm
20,4,1,1,80,16,[20; 4; 1; 1; 80; 16],0.06292628249502741,0.29058945738863995,tvm
16,2,150,1,640,64,[16; 2; 150; 1; 640; 64],0.1945197619497776,0.09400440398665208,tvm
512,4,750,1,128,128,[512; 4; 750; 1; 128; 128],0.08257857349235564,0.2214341264614726,tvm
128,64,75,1,16,16,[128; 64; 75; 1; 16; 16],0.13937010802328587,0.13120255516096122,tvm
64,64,2,1,16,16,[64; 64; 2; 1; 16; 16],0.11089992895722389,0.1648848151450793,tvm
64,8,6,1,128,16,[64; 8; 6; 1; 128; 16],0.1642306040157564,0.11134169782362818,tvm
5120,32,60,1,320,64,[5120; 32; 60; 1; 320; 64],0.4576359960483387,0.03995689684292846,tvm
128,64,1500,1,160,16,[128; 64; 1500; 1; 160; 16],0.1300161550170742,0.14064186318471686,tvm
2560,16,15,1,16,16,[2560; 16; 15; 1; 16; 16],0.3159106060047634,0.057882558983912584,tvm
5120,5,750,1,128,128,[5120; 5; 750; 1; 128; 128],0.3621080259908922,0.05049795357525219,tvm
1024,4,6,1,640,64,[1024; 4; 6; 1; 640; 64],0.38675874297041446,0.047279381831875154,tvm
512,1,1,1,640,16,[512; 1; 1; 1; 640; 16],0.9506572429672815,0.01923481298963145,tvm
512,64,1500,1,1280,128,[512; 64; 1500; 1; 1280; 128],0.418134277977515,0.043731679627322,tvm
2560,5,375,1,1280,16,[2560; 5; 375; 1; 1280; 16],2.4785363060072996,0.00737762615838819,tvm
1024,1,60,1,160,16,[1024; 1; 60; 1; 160; 16],0.14884615200571716,0.12284976157806173,tvm
640,2,125,1,1280,128,[640; 2; 125; 1; 1280; 128],0.43053646304178983,0.042471929454066686,tvm
320,40,500,1,640,128,[320; 40; 500; 1; 640; 128],0.2113007620209828,0.08653879953304883,tvm
5120,5,250,1,80,16,[5120; 5; 250; 1; 80; 16],0.3165673930197954,0.05776246918952532,tvm
80,8,750,1,16,16,[80; 8; 750; 1; 16; 16],0.1291803770000115,0.14155179532966264,tvm
5120,16,5,1,64,64,[5120; 16; 5; 1; 64; 64],0.2807537390035577,0.0651307952321966,tvm
640,2,6,1,256,16,[640; 2; 6; 1; 256; 16],0.2297083479934372,0.07960404767804395,tvm
80,5,750,1,32,16,[80; 5; 750; 1; 32; 16],0.12087031797273085,0.15128374436674905,tvm
320,32,4,1,64,64,[320; 32; 4; 1; 64; 64],0.06443964448408224,0.2837649777883426,tvm
16,2,12,1,128,64,[16; 2; 12; 1; 128; 64],0.06080049750744365,0.3007494187605227,tvm
512,8,15,1,16,16,[512; 8; 15; 1; 16; 16],0.14442740700906143,0.12660834023397674,tvm
640,10,10,1,640,128,[640; 10; 10; 1; 640; 128],0.27851815504254773,0.06565358112084606,tvm
160,5,3,1,160,16,[160; 5; 3; 1; 160; 16],0.12662941101007164,0.14440337469673542,tvm
10,5,125,1,128,128,[10; 5; 125; 1; 128; 128],0.06383134899078868,0.2864691812850931,tvm
320,40,250,1,16,16,[320; 40; 250; 1; 16; 16],0.13936613698024303,0.1312062935941643,tvm
4,1,2,1,160,16,[4; 1; 2; 1; 160; 16],0.05200791047536768,0.35159486544599566,tvm
320,8,75,1,256,128,[320; 8; 75; 1; 256; 128],0.08314340049400926,0.21992983420291826,tvm
1280,2,30,1,640,16,[1280; 2; 30; 1; 640; 16],0.8948570200009272,0.020434230136223707,tvm
640,10,2,1,1280,16,[640; 10; 2; 1; 1280; 16],1.8496282700216398,0.009886156360218452,tvm
640,8,500,1,640,128,[640; 8; 500; 1; 640; 128],0.2085201219888404,0.08769280447041415,tvm
320,64,30,1,64,64,[320; 64; 30; 1; 64; 64],0.06455332049517892,0.28326527815218944,tvm
16,2,375,1,128,64,[16; 2; 375; 1; 128; 64],0.06600460500339977,0.2770369474186297,tvm
5120,64,50,1,256,16,[5120; 64; 50; 1; 256; 16],0.4954294870258309,0.03690881298868046,tvm
2560,32,30,1,128,64,[2560; 32; 30; 1; 128; 64],0.3735163669916801,0.048955590441694334,tvm
160,5,5,1,160,16,[160; 5; 5; 1; 160; 16],0.12631408899324015,0.1447638535927126,tvm
16,8,300,1,160,16,[16; 8; 300; 1; 160; 16],0.06364364002365619,0.2873140863551728,tvm
160,10,125,1,640,64,[160; 10; 125; 1; 640; 64],0.21846625104080886,0.08370040772246588,tvm
1280,1,25,1,64,16,[1280; 1; 25; 1; 64; 16],0.2760306299896911,0.06624523621308695,tvm
160,5,75,1,1280,16,[160; 5; 75; 1; 1280; 16],1.0667984099709429,0.017140740101227136,tvm
160,32,4,1,1280,16,[160; 32; 4; 1; 1280; 16],1.0108178799855523,0.01809001863518248,tvm
2560,20,1,1,256,128,[2560; 20; 1; 1; 256; 128],0.3641178999678232,0.05021921275314996,tvm
512,16,10,1,128,16,[512; 16; 10; 1; 128; 16],0.22757179901236668,0.08035140718257716,tvm
64,8,25,1,640,128,[64; 8; 25; 1; 640; 128],0.222966653003823,0.08201098253648162,tvm
64,1,15,1,1280,64,[64; 1; 15; 1; 1280; 64],0.4424097280134447,0.04133208003319174,tvm
160,10,300,1,1280,16,[160; 10; 300; 1; 1280; 16],1.105194209027104,0.016545249817958324,tvm
64,16,5,1,64,64,[64; 16; 5; 1; 64; 64],0.07940663897898048,0.23027941392349635,tvm
10,5,100,1,256,64,[10; 5; 100; 1; 256; 64],0.06524231701041572,0.2802738333587238,tvm
1280,4,5,1,128,16,[1280; 4; 5; 1; 128; 16],0.3595453359885141,0.05085788203993956,tvm
320,16,5,1,256,16,[320; 16; 5; 1; 256; 16],0.21956510801101103,0.08328151249240053,tvm
16,1,60,1,256,64,[16; 1; 60; 1; 256; 64],0.07417099951999262,0.24653455399081436,tvm
64,16,6,1,640,16,[64; 16; 6; 1; 640; 16],0.41957723698578775,0.043581282952996986,tvm
256,4,4,1,64,64,[256; 4; 4; 1; 64; 64],0.0645562719728332,0.28325232741768835,tvm
256,32,150,1,64,64,[256; 32; 150; 1; 64; 64],0.06473404099233449,0.28247447564535016,tvm
2560,10,5,1,640,128,[2560; 10; 5; 1; 640; 128],0.9152235850342549,0.019979505100963815,tvm
80,20,6,1,64,64,[80; 20; 6; 1; 64; 64],0.0789763335196767,0.23153409978393666,tvm
640,5,5,1,64,16,[640; 5; 5; 1; 64; 16],0.17226407903945073,0.1061493167216052,tvm
1280,2,30,1,640,64,[1280; 2; 30; 1; 640; 64],0.6255924049764872,0.029229437794088237,tvm
5120,5,1500,1,256,128,[5120; 5; 1500; 1; 256; 128],0.3646555030136369,0.05014517574695825,tvm
640,20,5,1,64,16,[640; 20; 5; 1; 64; 16],0.17107534600654617,0.10688690517109688,tvm
64,1,75,1,16,16,[64; 1; 75; 1; 16; 16],0.14343101700069383,0.12748786607032028,tvm
32,16,25,1,80,16,[32; 16; 25; 1; 80; 16],0.06749626150121912,0.2709144755429752,tvm
5120,4,3,1,320,64,[5120; 4; 3; 1; 320; 64],0.45815028599463403,0.039912043808979426,tvm
128,16,6,1,640,128,[128; 16; 6; 1; 640; 128],0.2106945090345107,0.08678780652380066,tvm
80,10,150,1,1280,64,[80; 10; 150; 1; 1280; 64],0.44752871099626645,0.04085930988652667,tvm
1024,2,5,1,80,16,[1024; 2; 5; 1; 80; 16],0.14709834603127092,0.12430944860404491,tvm
40,4,4,1,80,16,[40; 4; 4; 1; 80; 16],0.08691402149270289,0.21038854228197823,tvm
1024,32,12,1,128,16,[1024; 32; 12; 1; 128; 16],0.23848584503866732,0.07667421218542132,tvm
320,2,25,1,640,64,[320; 2; 25; 1; 640; 64],0.21714593702927232,0.08420933191694618,tvm
256,8,15,1,160,16,[256; 8; 15; 1; 160; 16],0.13704801897983998,0.13342560090857022,tvm
32,32,375,1,128,128,[32; 32; 375; 1; 128; 128],0.05700023952522315,0.32080065694500604,tvm
1280,1,10,1,16,16,[1280; 1; 10; 1; 16; 16],0.23615443700691685,0.07743116969332534,tvm
1280,5,375,1,80,16,[1280; 5; 375; 1; 80; 16],0.22595466300845146,0.08092647455135873,tvm
1024,32,1500,1,160,16,[1024; 32; 1500; 1; 160; 16],0.14674394798930734,0.12460966558598174,tvm
128,2,75,1,160,16,[128; 2; 75; 1; 160; 16],0.12474656599806622,0.14658290702765917,tvm
640,40,375,1,640,128,[640; 40; 375; 1; 640; 128],0.20921252900734544,0.08740257752475368,tvm
160,5,5,1,32,16,[160; 5; 5; 1; 32; 16],0.13001947599695995,0.14063827088598507,tvm
4,1,20,1,640,16,[4; 1; 20; 1; 640; 16],0.3519547080504708,0.05195473698022556,tvm
2560,40,12,1,320,64,[2560; 40; 12; 1; 320; 64],0.4599566049873829,0.03975530319043007,tvm
10,2,300,1,128,16,[10; 2; 300; 1; 128; 16],0.10389420198043808,0.17600322190411788,tvm
1024,64,375,1,640,128,[1024; 64; 375; 1; 640; 128],0.24653894803486764,0.0741696775761701,tvm
32,16,5,1,64,16,[32; 16; 5; 1; 64; 16],0.09396738850045949,0.19459638686909844,tvm
1280,4,1,1,128,128,[1280; 4; 1; 1; 128; 128],0.2542391309980303,0.07192328818122004,tvm
1024,64,750,1,640,16,[1024; 64; 750; 1; 640; 16],0.5886814669938758,0.03106215383183537,tvm
5,5,4,1,1280,64,[5; 5; 4; 1; 1280; 64],0.46957866102457047,0.03894068407158199,tvm
80,1,1,1,160,16,[80; 1; 1; 1; 160; 16],0.11762424901826307,0.1554587122836817,tvm
1024,1,50,1,1280,16,[1024; 1; 50; 1; 1280; 16],1.2061580099980347,0.015160297518352576,tvm
10,5,25,1,128,128,[10; 5; 25; 1; 128; 128],0.06339138600742444,0.2884573983533449,tvm
1280,8,4,1,640,128,[1280; 8; 4; 1; 640; 128],0.7540295720100403,0.024250659343465118,tvm
512,2,60,1,64,64,[512; 2; 60; 1; 64; 64],0.06351696050842293,0.2878871114005752,tvm
640,1,25,1,256,64,[640; 1; 25; 1; 256; 64],0.0853506445128005,0.21424225194892207,tvm
640,16,20,1,128,16,[640; 16; 20; 1; 128; 16],0.2291841059923172,0.07978613615696051,tvm
512,1,25,1,1280,64,[512; 1; 25; 1; 1280; 64],0.4830579399713315,0.03785408078956223,tvm
4,4,1500,1,256,64,[4; 4; 1500; 1; 256; 64],0.12163238698849455,0.15033589933118693,tvm
2560,32,30,1,16,16,[2560; 32; 30; 1; 16; 16],0.3171732799964957,0.05765212720919088,tvm
5120,2,1,1,128,64,[5120; 2; 1; 1; 128; 64],0.3668316339608282,0.04984770285014981,tvm
40,8,375,1,1280,128,[40; 8; 375; 1; 1280; 128],0.49226566799916327,0.03714602799751895,tvm
1280,40,250,1,256,128,[1280; 40; 250; 1; 256; 128],0.255846265994478,0.07147149173601365,tvm
128,8,25,1,1280,64,[128; 8; 25; 1; 1280; 64],0.4278369910316542,0.04273990951932763,tvm
320,40,50,1,80,16,[320; 40; 50; 1; 80; 16],0.13734469003975391,0.1331373952674949,tvm
2560,16,6,1,1280,64,[2560; 16; 6; 1; 1280; 64],1.8265917419921607,0.010010838144801361,tvm
40,20,100,1,256,16,[40; 20; 100; 1; 256; 16],0.1201601120410487,0.1521779064209559,tvm
256,4,150,1,640,128,[256; 4; 150; 1; 640; 128],0.21228419902035967,0.08613789613215889,tvm
5120,16,10,1,128,128,[5120; 16; 10; 1; 128; 128],0.3753467649803497,0.04871685596296957,tvm
320,10,50,1,1280,128,[320; 10; 50; 1; 1280; 128],0.44152124400716275,0.041415253589513895,tvm
2560,1,50,1,64,64,[2560; 1; 50; 1; 64; 64],0.2844216369558126,0.06429086929330603,tvm
32,32,4,1,64,64,[32; 32; 4; 1; 64; 64],0.05931369599420577,0.30828822886876883,tvm
5120,1,100,1,256,16,[5120; 1; 100; 1; 256; 16],0.5017127679893747,0.03644657950204198,tvm
1280,32,4,1,80,16,[1280; 32; 4; 1; 80; 16],0.22701869701268151,0.08054717310219091,tvm
1280,64,100,1,32,16,[1280; 64; 100; 1; 32; 16],0.23176279198378325,0.07889840353232266,tvm
640,1,1500,1,16,16,[640; 1; 1500; 1; 16; 16],0.145191629009787,0.12594193212393598,tvm
10,2,375,1,1280,64,[10; 2; 375; 1; 1280; 64],0.4216466340003535,0.04336739063283725,tvm
64,64,6,1,640,128,[64; 64; 6; 1; 640; 128],0.22368014004314318,0.08174938679038452,tvm
5120,4,4,1,256,16,[5120; 4; 4; 1; 256; 16],0.49229717400157824,0.03714365072844327,tvm
10,10,75,1,640,16,[10; 10; 75; 1; 640; 16],0.26067592902109027,0.07014730648273575,tvm
128,4,100,1,16,16,[128; 4; 100; 1; 16; 16],0.13294166198465973,0.137546906009226,tvm
2560,40,75,1,256,16,[2560; 40; 75; 1; 256; 16],0.4945234330371022,0.036976436431764355,tvm
320,64,1500,1,640,16,[320; 64; 1500; 1; 640; 16],0.5657556089572608,0.03232087140844529,tvm
5120,20,20,1,128,64,[5120; 20; 20; 1; 128; 64],0.3695283929700963,0.049483922300915154,tvm
5120,40,500,1,640,128,[5120; 40; 500; 1; 640; 128],0.9069740969571285,0.020161231006555008,tvm
5120,2,150,1,256,16,[5120; 2; 150; 1; 256; 16],0.4997687879949808,0.03658834790198609,tvm
80,20,250,1,256,16,[80; 20; 250; 1; 256; 16],0.18402877397602424,0.09936334351766425,tvm
4,2,5,1,32,16,[4; 2; 5; 1; 32; 16],0.07282135749119334,0.25110372719879154,tvm
5120,5,150,1,320,16,[5120; 5; 150; 1; 320; 16],0.6111996360123158,0.02991774406970659,tvm
16,1,1,1,640,128,[16; 1; 1; 1; 640; 128],0.23066538199782372,0.07927376933347896,tvm
1280,40,10,1,64,16,[1280; 40; 10; 1; 64; 16],0.27476489800028503,0.06655040152070414,tvm
2560,5,6,1,256,64,[2560; 5; 6; 1; 256; 64],0.37038918799953535,0.049368920255137755,tvm
1280,32,2,1,80,16,[1280; 32; 2; 1; 80; 16],0.22661373403389007,0.08069111240618655,tvm
64,16,1,1,64,64,[64; 16; 1; 1; 64; 64],0.08055006200447679,0.22701055505951082,tvm
320,8,250,1,64,64,[320; 8; 250; 1; 64; 64],0.06484488400747068,0.28199162610280276,tvm
32,1,10,1,160,16,[32; 1; 10; 1; 160; 16],0.10381936602061614,0.176130090045851,tvm
4,4,5,1,320,16,[4; 4; 5; 1; 320; 16],0.12010336696403101,0.15224980571269545,tvm
2560,1,750,1,1280,64,[2560; 1; 750; 1; 1280; 64],1.8580889459699392,0.009841140449909398,tvm
1024,8,3,1,128,16,[1024; 8; 3; 1; 128; 16],0.23480075999395922,0.07787757708358665,tvm
10,5,100,1,32,16,[10; 5; 100; 1; 32; 16],0.06125234448700212,0.29853084708609895,tvm
16,16,750,1,320,16,[16; 16; 750; 1; 320; 16],0.14009558595716953,0.1305231293390261,tvm
1280,8,60,1,32,16,[1280; 8; 60; 1; 32; 16],0.22930152696790174,0.07974527918548913,tvm
16,2,12,1,640,16,[16; 2; 12; 1; 640; 16],0.24119462096132338,0.07581310981494269,tvm
320,8,1500,1,64,16,[320; 8; 1500; 1; 64; 16],0.17011106596328318,0.10749279702744959,tvm
640,8,1500,1,256,64,[640; 8; 1500; 1; 256; 64],0.08491116951336153,0.21535110622680645,tvm
1280,64,15,1,640,128,[1280; 64; 15; 1; 640; 128],0.649602657998912,0.028149075531869072,tvm
256,16,60,1,640,128,[256; 16; 60; 1; 640; 128],0.2109948909492232,0.08666425145865177,tvm
256,32,6,1,128,16,[256; 32; 6; 1; 128; 16],0.21535375399980694,0.0849101255310863,tvm
40,40,6,1,1280,128,[40; 40; 6; 1; 1280; 128],0.3889939959626645,0.04700770314066581,tvm
5120,16,75,1,256,128,[5120; 16; 75; 1; 256; 128],0.3658371060155332,0.049983213799362075,tvm
10,5,375,1,1280,16,[10; 5; 375; 1; 1280; 16],0.6313412219751626,0.02896328268967943,tvm
1280,10,4,1,320,16,[1280; 10; 4; 1; 320; 16],0.4749662820249796,0.03849897345924147,tvm
20,4,250,1,160,16,[20; 4; 250; 1; 160; 16],0.0561698685050942,0.32554312075798975,tvm
32,2,15,1,256,16,[32; 2; 15; 1; 256; 16],0.1101050209836103,0.16607520821812666,tvm
1280,32,125,1,640,128,[1280; 32; 125; 1; 640; 128],0.6134819489670917,0.029806442253927125,tvm
8,2,75,1,128,16,[8; 2; 75; 1; 128; 16],0.09340463299304247,0.19576881466978577,tvm
320,32,6,1,320,16,[320; 32; 6; 1; 320; 16],0.27668836299562827,0.06608776056838793,tvm
2560,64,6,1,1280,64,[2560; 64; 6; 1; 1280; 64],1.8131302839610726,0.010085162907193974,tvm
16,8,1,1,160,16,[16; 8; 1; 1; 160; 16],0.05522075551562011,0.33113843001553767,tvm
64,2,300,1,64,64,[64; 2; 300; 1; 64; 64],0.07572450599400327,0.24147683825315888,tvm
2560,32,1500,1,16,16,[2560; 32; 1500; 1; 16; 16],0.3171543190255761,0.05765557392343026,tvm
256,64,6,1,640,128,[256; 64; 6; 1; 640; 128],0.2060749139636755,0.08873333456267987,tvm
64,16,750,1,1280,16,[64; 16; 750; 1; 1280; 16],0.8135350390220992,0.022476861362596537,tvm
512,4,12,1,128,128,[512; 4; 12; 1; 128; 128],0.08253782248357311,0.22154345408559278,tvm
2,2,1500,1,640,128,[2; 2; 1500; 1; 640; 128],0.5713173690019175,0.03200622854799451,tvm
80,1,3,1,640,128,[80; 1; 3; 1; 640; 128],0.232812948001083,0.07854251424894644,tvm
1280,2,30,1,1280,64,[1280; 2; 30; 1; 1280; 64],1.252164043020457,0.01460328971083188,tvm
512,4,50,1,32,16,[512; 4; 50; 1; 32; 16],0.14287626999430358,0.12798286437939155,tvm
8,8,250,1,256,64,[8; 8; 250; 1; 256; 64],0.07329183249385096,0.24949184190814744,tvm
1024,32,100,1,640,64,[1024; 32; 100; 1; 640; 64],0.24577386799501255,0.07440056355415847,tvm
5120,2,375,1,16,16,[5120; 2; 375; 1; 16; 16],0.31705335003789514,0.05767393494983959,tvm
80,20,30,1,640,64,[80; 20; 30; 1; 640; 64],0.22166679200017825,0.08249189750397788,tvm
2560,1,20,1,128,128,[2560; 1; 20; 1; 128; 128],0.3631564640090801,0.05035216524538328,tvm
16,4,75,1,1280,16,[16; 4; 75; 1; 1280; 16],0.5505284940009005,0.033214837170052774,tvm
5120,1,4,1,256,64,[5120; 1; 4; 1; 256; 64],0.36995512997964397,0.0494268434302301,tvm
1024,32,2,1,64,64,[1024; 32; 2; 1; 64; 64],0.07488823551102541,0.24417338933058683,tvm
16,8,15,1,16,16,[16; 8; 15; 1; 16; 16],0.06707759652636014,0.2726053888726972,tvm
160,32,300,1,16,16,[160; 32; 300; 1; 16; 16],0.13127531297504902,0.13929286376327116,tvm
1280,64,30,1,128,64,[1280; 64; 30; 1; 128; 64],0.2592086269869469,0.07054438927541987,tvm
256,2,375,1,1280,16,[256; 2; 375; 1; 1280; 16],1.1353877549991012,0.016105259375224425,tvm
2560,10,125,1,80,16,[2560; 10; 125; 1; 80; 16],0.31486025295453146,0.05807565138542559,tvm
2560,20,150,1,160,16,[2560; 20; 150; 1; 160; 16],0.31487823702627793,0.05807233443125594,tvm
1280,20,12,1,1280,128,[1280; 20; 12; 1; 1280; 128],1.3655185339739546,0.013391040715133246,tvm
40,5,300,1,256,128,[40; 5; 300; 1; 256; 128],0.09500638148165308,0.1924682742416149,tvm
40,5,250,1,64,16,[40; 5; 250; 1; 64; 16],0.09711012951447628,0.18829873234787953,tvm
640,2,75,1,256,128,[640; 2; 75; 1; 256; 128],0.08316951949382201,0.2198607662639266,tvm
160,16,10,1,256,128,[160; 16; 10; 1; 256; 128],0.0843131364963483,0.2168785914696254,tvm
256,8,500,1,128,64,[256; 8; 500; 1; 128; 64],0.08755355849280022,0.20885175429183697,tvm
2560,32,250,1,640,64,[2560; 32; 250; 1; 640; 64],0.9068336160271429,0.020164354256985297,tvm
80,16,100,1,1280,16,[80; 16; 100; 1; 1280; 16],0.9553206179989502,0.01914091870435731,tvm
40,1,75,1,80,16,[40; 1; 75; 1; 80; 16],0.11153774400008842,0.1639419413548457,tvm
80,5,500,1,128,16,[80; 5; 500; 1; 128; 16],0.18753816903335974,0.09750396082016552,tvm
320,16,2,1,128,128,[320; 16; 2; 1; 128; 128],0.0829628520004917,0.2204084580603125,tvm
320,4,12,1,64,64,[320; 4; 12; 1; 64; 64],0.06470178600284271,0.2826152941884926,tvm
320,2,50,1,32,16,[320; 2; 50; 1; 32; 16],0.14073381602065638,0.12993120489982576,tvm
1280,32,150,1,64,64,[1280; 32; 150; 1; 64; 64],0.19420228101080284,0.09415808192642759,tvm
5120,5,1500,1,64,64,[5120; 5; 1500; 1; 64; 64],0.2778950349893421,0.06580079520461957,tvm
640,16,6,1,64,16,[640; 16; 6; 1; 64; 16],0.17202341795200482,0.10629781981669537,tvm
5120,8,20,1,16,16,[5120; 8; 20; 1; 16; 16],0.3165273380000144,0.05776977875356047,tvm
256,8,500,1,256,128,[256; 8; 500; 1; 256; 128],0.08439180150162429,0.21667643017861565,tvm
320,16,150,1,256,64,[320; 16; 150; 1; 256; 64],0.08578265100368299,0.21316331532968374,tvm
80,10,1,1,1280,16,[80; 10; 1; 1; 1280; 16],0.8501150999800302,0.021509692377119086,tvm
2560,5,60,1,32,16,[2560; 5; 60; 1; 32; 16],0.31462608103174716,0.05811887630469255,tvm
1280,2,4,1,256,64,[1280; 2; 4; 1; 256; 64],0.26244735601358116,0.06967383693043581,tvm
32,1,50,1,640,16,[32; 1; 50; 1; 640; 16],0.498517771018669,0.03668016537976036,tvm
128,2,20,1,128,16,[128; 2; 20; 1; 128; 16],0.19567754596937448,0.0934481991540112,tvm
640,40,10,1,1280,64,[640; 40; 10; 1; 1280; 64],0.6028046759893186,0.030334393567375544,tvm
640,8,4,1,128,16,[640; 8; 4; 1; 128; 16],0.2302309590158984,0.07942335107265736,tvm
320,4,750,1,128,128,[320; 4; 750; 1; 128; 128],0.08319740649312735,0.2197870709734781,tvm
64,8,20,1,320,64,[64; 8; 20; 1; 320; 64],0.11374876700574532,0.16075527469050013,tvm
80,5,300,1,1280,128,[80; 5; 300; 1; 1280; 128],0.4541278639808297,0.04026556337112622,tvm
64,1,30,1,64,64,[64; 1; 30; 1; 64; 64],0.07894389951252379,0.23162922529325286,tvm
640,40,6,1,256,16,[640; 40; 6; 1; 256; 16],0.2278846800327301,0.08024108633844096,tvm
640,20,30,1,320,16,[640; 20; 30; 1; 320; 16],0.28707697900244966,0.06369620562838044,tvm
1024,2,6,1,16,16,[1024; 2; 6; 1; 16; 16],0.14756794698769227,0.12391386245442167,tvm
5120,16,5,1,256,64,[5120; 16; 5; 1; 256; 64],0.3645279499469325,0.05016272219558555,tvm
160,4,750,1,256,16,[160; 4; 750; 1; 256; 16],0.21962905203690752,0.08325726544884175,tvm
640,20,750,1,640,16,[640; 20; 750; 1; 640; 16],0.5779233400244266,0.03164038033996243,tvm
40,5,5,1,640,128,[40; 5; 5; 1; 640; 128],0.23243870900478214,0.07866897197978363,tvm
512,4,300,1,128,64,[512; 4; 300; 1; 128; 64],0.08637958898907527,0.21169022103157895,tvm
512,2,4,1,160,16,[512; 2; 4; 1; 160; 16],0.14201552397571504,0.12875855944341116,tvm
20,2,1500,1,64,64,[20; 2; 1500; 1; 64; 64],0.05016134848119691,0.36453793287811487,tvm
320,16,100,1,256,16,[320; 16; 100; 1; 256; 16],0.21964930201647803,0.0832495897680681,tvm
10,10,750,1,160,16,[10; 10; 750; 1; 160; 16],0.07316671698936261,0.24991847438464085,tvm
512,8,60,1,64,16,[512; 8; 60; 1; 64; 16],0.17109953903127462,0.10687179164387996,tvm
160,1,3,1,640,16,[160; 1; 3; 1; 640; 16],0.5431114060338587,0.033668440917579104,tvm
512,1,2,1,64,16,[512; 1; 2; 1; 64; 16],0.1725747809978202,0.10595820652349694,tvm
40,10,1,1,1280,128,[40; 10; 1; 1; 1280; 128],0.45662343403091654,0.04004550122251548,tvm
32,1,375,1,16,16,[32; 1; 375; 1; 16; 16],0.12051500397501513,0.15172977374257263,tvm
512,32,6,1,32,16,[512; 32; 6; 1; 32; 16],0.14206622302299365,0.12871260949025662,tvm
64,16,30,1,64,16,[64; 16; 30; 1; 64; 16],0.11347689700778574,0.16114041507902432,tvm
1280,10,10,1,320,16,[1280; 10; 10; 1; 320; 16],0.46072982100304216,0.039688584181299495,tvm
256,4,6,1,640,128,[256; 4; 6; 1; 640; 128],0.20772350596962497,0.0880291048447265,tvm
20,20,3,1,160,16,[20; 20; 3; 1; 160; 16],0.060272137518040836,0.3033858601786099,tvm
8,8,75,1,128,128,[8; 8; 75; 1; 128; 128],0.06851663501583971,0.2668799231235887,tvm
5120,4,15,1,256,64,[5120; 4; 15; 1; 256; 64],0.36639003100572154,0.049907783340941224,tvm
640,10,1500,1,32,16,[640; 10; 1500; 1; 32; 16],0.14478913397761062,0.126292034376985,tvm
5120,40,6,1,80,16,[5120; 40; 6; 1; 80; 16],0.3129753989633173,0.058425404508734215,tvm
2560,40,125,1,640,64,[2560; 40; 125; 1; 640; 64],0.9225508609670214,0.01982081970694508,tvm
32,16,3,1,1280,64,[32; 16; 3; 1; 1280; 64],0.3828518479713239,0.04776185457274824,tvm
512,8,12,1,32,16,[512; 8; 12; 1; 32; 16],0.14290452597197145,0.12795755880608534,tvm
640,10,12,1,1280,16,[640; 10; 12; 1; 1280; 16],1.3087049649911933,0.013972373281121721,tvm
128,8,6,1,128,16,[128; 8; 6; 1; 128; 16],0.1957020160043612,0.09343651465147293,tvm
1024,4,5,1,32,16,[1024; 4; 5; 1; 32; 16],0.1480260569951497,0.1235303746982428,tvm
10,1,20,1,1280,128,[10; 1; 20; 1; 1280; 128],0.3368441369966604,0.054285386852066776,tvm
32,8,25,1,640,16,[32; 8; 25; 1; 640; 16],0.28595372097333893,0.06394641141046445,tvm
80,16,1500,1,320,16,[80; 16; 1500; 1; 320; 16],0.2589300890103914,0.07062027574933728,tvm
4,2,1500,1,256,64,[4; 2; 1500; 1; 256; 64],0.11929608299396932,0.15328008956202419,tvm
40,20,60,1,16,16,[40; 20; 60; 1; 16; 16],0.08459998900070786,0.21614322296851937,tvm
1280,1,75,1,640,64,[1280; 1; 75; 1; 640; 64],0.6128084540250711,0.02983920043140623,tvm
160,4,5,1,640,128,[160; 4; 5; 1; 640; 128],0.20999135699821636,0.08707841383143024,tvm
64,16,60,1,640,16,[64; 16; 60; 1; 640; 16],0.39171897200867534,0.04668069609176172,tvm
1280,2,5,1,1280,64,[1280; 2; 5; 1; 1280; 64],1.4783448310336098,0.012369045368751701,tvm
32,8,15,1,320,64,[32; 8; 15; 1; 320; 64],0.08559274900471792,0.21363625421945928,tvm
2560,4,20,1,1280,64,[2560; 4; 20; 1; 1280; 64],1.827181325003039,0.010007607912522788,tvm
8,8,150,1,128,64,[8; 8; 150; 1; 128; 64],0.06824152948684059,0.267955809654595,tvm
5120,4,5,1,80,16,[5120; 4; 5; 1; 80; 16],0.31298182101454586,0.0584242056821072,tvm
40,20,75,1,320,64,[40; 20; 75; 1; 320; 64],0.11966444202698767,0.15280825261016426,tvm
640,40,25,1,640,64,[640; 40; 25; 1; 640; 64],0.23638993996428326,0.07735402906095379,tvm
128,32,50,1,640,64,[128; 32; 50; 1; 640; 64],0.21666674100561067,0.0843955754392446,tvm
2560,8,75,1,128,16,[2560; 8; 75; 1; 128; 16],0.49413363297935575,0.03700560549878264,tvm
5120,4,125,1,128,16,[5120; 4; 125; 1; 128; 16],0.49629274499602616,0.036844613325670725,tvm
80,8,100,1,80,16,[80; 8; 100; 1; 80; 16],0.11478165996959433,0.15930867605990517,tvm
80,1,300,1,256,128,[80; 1; 300; 1; 256; 128],0.09406967199174687,0.19438479903829758,tvm
64,1,15,1,80,16,[64; 1; 15; 1; 80; 16],0.11557449895190075,0.15821582140991455,tvm
1280,32,300,1,128,128,[1280; 32; 300; 1; 128; 128],0.254214548971504,0.07193024301596528,tvm
160,5,150,1,128,16,[160; 5; 150; 1; 128; 16],0.20756522996816784,0.08809623022371608,tvm
1280,4,750,1,256,16,[1280; 4; 750; 1; 256; 16],0.35498782398644835,0.05151082107653457,tvm
64,8,750,1,256,128,[64; 8; 750; 1; 256; 128],0.0902962299878709,0.2025080591755661,tvm
1024,64,50,1,256,128,[1024; 64; 50; 1; 256; 128],0.10233341803541407,0.17868761384854975,tvm
20,4,1500,1,80,16,[20; 4; 1500; 1; 80; 16],0.06657239998457953,0.27467410353164207,tvm
5,5,12,1,64,64,[5; 5; 12; 1; 64; 64],0.060300634999293834,0.3032424830340249,tvm
1280,40,100,1,640,16,[1280; 40; 100; 1; 640; 16],0.8812776459963061,0.02074909578018609,tvm
160,1,100,1,1280,64,[160; 1; 100; 1; 1280; 64],0.4411565220216289,0.041449493259033764,tvm
5,5,20,1,80,16,[5; 5; 20; 1; 80; 16],0.07412412101984955,0.24669047044507403,tvm
4,4,1500,1,1280,128,[4; 4; 1500; 1; 1280; 128],0.6007476969971322,0.030438259484166744,tvm
160,1,25,1,320,16,[160; 1; 25; 1; 320; 16],0.28698407602496445,0.06371682547335356,tvm
256,8,5,1,256,128,[256; 8; 5; 1; 256; 128],0.08308847199077718,0.22007522641340668,tvm
80,16,3,1,640,64,[80; 16; 3; 1; 640; 64],0.21995101700304076,0.0831353932110325,tvm
640,16,10,1,64,64,[640; 16; 10; 1; 64; 64],0.06397234901669435,0.28583778095974577,tvm
1280,16,25,1,64,64,[1280; 16; 25; 1; 64; 64],0.19640825601527467,0.0931005379137026,tvm
640,16,375,1,640,64,[640; 16; 375; 1; 640; 64],0.21448911697370932,0.08525241067571569,tvm
80,20,375,1,1280,128,[80; 20; 375; 1; 1280; 128],0.47019487497163936,0.03888965035362672,tvm
320,10,6,1,256,64,[320; 10; 6; 1; 256; 64],0.08313164950232022,0.21996092216603894,tvm
10,10,3,1,1280,64,[10; 10; 3; 1; 1280; 64],0.418377252004575,0.0437062823040731,tvm
40,1,3,1,64,64,[40; 1; 3; 1; 64; 64],0.07477853700402193,0.24453158644613224,tvm
64,8,2,1,1280,64,[64; 8; 2; 1; 1280; 64],0.43775140203069896,0.04177191483770949,tvm
64,1,3,1,160,16,[64; 1; 3; 1; 160; 16],0.11370195099152625,0.16082146459454374,tvm
160,10,60,1,320,64,[160; 10; 60; 1; 320; 64],0.10729174502193928,0.17042983392594815,tvm
16,8,25,1,256,128,[16; 8; 25; 1; 256; 128],0.06205680250423029,0.29466091625439106,tvm
