kc,ku,mc,mr,nc,nr,nvr,X,time,peak,backend
28,4,8,2,256,16,1,[28; 4; 8; 2; 256; 16; 1],0.19814503903035074,0.2822379687475658,tvm
8,4,64,1,1024,32,2,[8; 4; 64; 1; 1024; 32; 2],0.1613318109884858,0.34663996511713746,tvm
28,1,8,1,2048,16,1,[28; 1; 8; 1; 2048; 16; 1],0.368549655075185,0.1517408917990296,tvm
16,4,16,1,256,32,2,[16; 4; 16; 1; 256; 32; 2],0.13668914802838117,0.4091330887637229,tvm
56,7,64,2,128,128,8,[56; 7; 64; 2; 128; 128; 8],0.1313099090475589,0.4258936262995834,tvm
448,7,8,8,512,16,1,[448; 7; 8; 8; 512; 16; 1],0.29451407701708376,0.1898858414502522,tvm
28,7,64,2,512,16,1,[28; 7; 64; 2; 512; 16; 1],0.1644798459019512,0.3400055066118585,tvm
32,1,64,8,512,32,2,[32; 1; 64; 8; 512; 32; 2],0.3365597469964996,0.1661638203392011,tvm
112,112,32,16,1024,16,1,[112; 112; 32; 16; 1024; 16; 1],1.418332514935173,0.039429437557447114,tvm
14,1,32,2,1024,16,1,[14; 1; 32; 2; 1024; 16; 1],0.17010865197516978,0.32875490272826563,tvm
16,8,64,1,4096,32,2,[16; 8; 64; 1; 4096; 32; 2],0.19549325795378536,0.28606640412404294,tvm
8,4,64,16,32,16,1,[8; 4; 64; 16; 32; 16; 1],0.2950629380065948,0.18953262551762232,tvm
224,16,8,4,4096,32,2,[224; 16; 8; 4; 4096; 32; 2],0.22256376000586897,0.25127205494667515,tvm
112,4,8,8,32,16,1,[112; 4; 8; 8; 32; 16; 1],0.3709359149215743,0.15076473073565055,tvm
112,8,32,4,2048,64,4,[112; 8; 32; 4; 2048; 64; 4],0.24515581293962896,0.22811636674144437,tvm
4,2,32,2,128,32,2,[4; 2; 32; 2; 128; 32; 2],0.1477080259937793,0.3786121502679114,tvm
16,16,8,2,2048,128,8,[16; 16; 8; 2; 2048; 128; 8],0.15906440000981092,0.3515812044045305,tvm
8,1,32,2,32,32,2,[8; 1; 32; 2; 32; 32; 2],0.13607821497134864,0.41096992156391954,tvm
28,7,4,1,256,64,4,[28; 7; 4; 1; 256; 64; 4],0.23078219301532954,0.2423239531726723,tvm
112,112,64,16,1024,16,1,[112; 112; 64; 16; 1024; 16; 1],1.4533336809836328,0.038479844006287185,tvm
56,7,8,4,32,32,2,[56; 7; 8; 4; 32; 32; 2],0.1489772170316428,0.3753866158035094,tvm
56,28,32,2,2048,128,8,[56; 28; 32; 2; 2048; 128; 8],0.12069182400591671,0.4633624008415993,tvm
28,14,16,2,4096,16,1,[28; 14; 16; 2; 4096; 16; 1],0.20571387303061783,0.271853582402825,tvm
56,1,32,8,64,32,2,[56; 1; 32; 8; 64; 32; 2],0.2705028740456328,0.2067410689466433,tvm
32,16,8,8,2048,32,2,[32; 16; 8; 8; 2048; 32; 2],0.13997311901766807,0.3995342371864582,tvm
224,14,32,8,32,16,1,[224; 14; 32; 8; 32; 16; 1],0.2568282060092315,0.21774887658298397,tvm
32,4,8,4,512,64,4,[32; 4; 8; 4; 512; 64; 4],0.1691564100328833,0.33060558167711135,tvm
28,1,16,1,64,16,1,[28; 1; 16; 1; 64; 16; 1],0.4073705010814592,0.13728056691603835,tvm
2,2,8,2,64,64,4,[2; 2; 8; 2; 64; 64; 4],0.19968123803846538,0.280066639623701,tvm
28,1,16,4,1024,32,2,[28; 1; 16; 4; 1024; 32; 2],0.34530987800098956,0.16195323938336068,tvm
32,16,4,4,512,64,4,[32; 16; 4; 4; 512; 64; 4],0.10958788299467415,0.5103123794813262,tvm
56,7,64,16,2048,16,1,[56; 7; 64; 16; 2048; 16; 1],0.4806337070185691,0.116354830126745,tvm
128,16,64,16,1024,16,1,[128; 16; 64; 16; 1024; 16; 1],0.3293227560352534,0.16981533255280654,tvm
14,7,4,4,2048,32,2,[14; 7; 4; 4; 2048; 32; 2],0.15382398397196084,0.3635587370011637,tvm
7,7,64,8,32,32,2,[7; 7; 64; 8; 32; 32; 2],0.16518882906530052,0.33854621798442613,tvm
64,64,8,2,2048,128,8,[64; 64; 8; 2; 2048; 128; 8],0.2154081630287692,0.25961900675910926,tvm
14,14,32,2,32,16,1,[14; 14; 32; 2; 32; 16; 1],0.1847789459861815,0.30265381715899364,tvm
64,16,64,1,2048,128,8,[64; 16; 64; 1; 2048; 128; 8],0.20103732403367758,0.2781774658120946,tvm
256,8,64,8,512,16,1,[256; 8; 64; 8; 512; 16; 1],0.2557659490266815,0.2186532395971887,tvm
14,7,8,8,512,16,1,[14; 7; 8; 8; 512; 16; 1],0.16582858399488032,0.3372401306584147,tvm
112,28,64,8,256,16,1,[112; 28; 64; 8; 256; 16; 1],0.22244719706941396,0.2514037221870789,tvm
224,1,64,8,1024,32,2,[224; 1; 64; 8; 1024; 32; 2],0.4910898560192436,0.11387743535704782,tvm
16,2,16,1,1024,16,1,[16; 2; 16; 1; 1024; 16; 1],0.17161334690172225,0.32587240062021133,tvm
112,2,32,8,512,16,1,[112; 2; 32; 8; 512; 16; 1],0.4526961059309542,0.12353552990770135,tvm
112,2,32,16,128,16,1,[112; 2; 32; 16; 128; 16; 1],0.5110385630978271,0.10943215908077743,tvm
128,4,16,4,256,64,4,[128; 4; 16; 4; 256; 64; 4],0.2651511760195717,0.210913842332743,tvm
7,7,4,2,16,16,1,[7; 7; 4; 2; 16; 16; 1],0.21010581497102976,0.2661708974644246,tvm
1,1,64,1,2048,32,2,[1; 1; 64; 1; 2048; 32; 2],1.1607255090493709,0.04818025700075713,tvm
64,4,32,4,256,64,4,[64; 4; 32; 4; 256; 64; 4],0.17300306702964008,0.32325469307288085,tvm
28,14,16,4,2048,32,2,[28; 14; 16; 4; 2048; 32; 2],0.14207518997136503,0.3936229354654019,tvm
256,16,16,8,4096,16,1,[256; 16; 16; 8; 4096; 16; 1],0.237904564011842,0.23506927479772788,tvm
128,64,64,8,1024,32,2,[128; 64; 64; 8; 1024; 32; 2],0.3268289789557457,0.1711110609347335,tvm
8,2,16,1,512,64,4,[8; 2; 16; 1; 512; 64; 4],0.1213515269337222,0.46084342526548533,tvm
8,1,4,2,128,32,2,[8; 1; 4; 2; 128; 32; 2],0.14406880899332464,0.38817599537401987,tvm
16,2,1,1,512,16,1,[16; 2; 1; 1; 512; 16; 1],0.23567435203585774,0.23729376086212606,tvm
56,4,64,1,2048,128,8,[56; 4; 64; 1; 2048; 128; 8],0.1962377621093765,0.2849811001318039,tvm
28,2,4,2,4096,64,4,[28; 2; 4; 2; 4096; 64; 4],0.13412702595815063,0.41694843327684283,tvm
7,7,4,4,4096,16,1,[7; 7; 4; 4; 4096; 16; 1],0.24481082207057625,0.22843783154819458,tvm
28,14,64,1,4096,32,2,[28; 14; 64; 1; 4096; 32; 2],0.20132007205393165,0.2777867738809066,tvm
8,4,64,1,128,32,2,[8; 4; 64; 1; 128; 32; 2],0.13960322900675237,0.4005928353607665,tvm
56,2,32,16,4096,16,1,[56; 2; 32; 16; 4096; 16; 1],1.6024032509885728,0.0349001122525382,tvm
32,4,8,8,512,16,1,[32; 4; 8; 8; 512; 16; 1],0.24436223099473864,0.2288571892050594,tvm
7,7,8,2,512,64,4,[7; 7; 8; 2; 512; 64; 4],0.1320999599993229,0.42334648196426394,tvm
56,8,32,8,2048,32,2,[56; 8; 32; 8; 2048; 32; 2],0.20701819902751595,0.2701407586194881,tvm
8,2,4,1,256,16,1,[8; 2; 4; 1; 256; 16; 1],0.15002516494132578,0.3727644849129478,tvm
28,2,64,2,128,32,2,[28; 2; 64; 2; 128; 32; 2],0.19691253907512873,0.2840045311283932,tvm
16,8,8,4,2048,16,1,[16; 8; 8; 4; 2048; 16; 1],0.18629088602028787,0.3001974735749712,tvm
56,8,8,8,64,16,1,[56; 8; 8; 8; 64; 16; 1],0.16549753106664866,0.33791472883551216,tvm
8,4,2,2,1024,64,4,[8; 4; 2; 2; 1024; 64; 4],0.10559255408588797,0.5296211822648522,tvm
16,2,16,2,256,128,8,[16; 2; 16; 2; 256; 128; 8],0.1427473770454526,0.3917693935316682,tvm
224,56,64,8,32,16,1,[224; 56; 64; 8; 32; 16; 1],0.3553434079512954,0.15738030334025074,tvm
112,8,8,4,4096,32,2,[112; 8; 8; 4; 4096; 32; 2],0.2515889130299911,0.22228345700856386,tvm
512,512,16,16,256,16,1,[512; 512; 16; 16; 256; 16; 1],0.6079232019837946,0.09199197061543327,tvm
224,28,8,4,64,32,2,[224; 28; 8; 4; 64; 32; 2],0.3386586479609832,0.1651339886639373,tvm
112,7,8,8,32,16,1,[112; 7; 8; 8; 32; 16; 1],0.32218773395288736,0.17357598517860073,tvm
64,16,8,8,32,32,2,[64; 16; 8; 8; 32; 32; 2],0.14595768903382123,0.3831524992175962,tvm
128,4,32,8,128,16,1,[128; 4; 32; 8; 128; 16; 1],0.31598923192359507,0.17698088315508026,tvm
112,1,8,4,256,64,4,[112; 1; 8; 4; 256; 64; 4],0.44727665302343667,0.1250323551549269,tvm
56,1,4,1,2048,128,8,[56; 1; 4; 1; 2048; 128; 8],0.19352371094282717,0.28897778500049026,tvm
256,2,32,8,1024,32,2,[256; 2; 32; 8; 1024; 32; 2],0.4791805170243606,0.11670769437917332,tvm
14,14,8,8,128,16,1,[14; 14; 8; 8; 128; 16; 1],0.203520166920498,0.274783841717166,tvm
28,2,16,1,64,32,2,[28; 2; 16; 1; 64; 32; 2],0.33649010094814,0.16619821259452852,tvm
16,2,32,4,512,16,1,[16; 2; 32; 4; 512; 16; 1],0.328565382049419,0.17020677280274735,tvm
28,28,16,4,256,32,2,[28; 28; 16; 4; 256; 32; 2],0.12621591601055115,0.4430824186123904,tvm
4,4,16,2,32,16,1,[4; 4; 16; 2; 32; 16; 1],0.22319553699344397,0.25056080460504915,tvm
4,4,8,8,1024,32,2,[4; 4; 8; 8; 1024; 32; 2],0.24487307795789093,0.2283797541147018,tvm
4,4,16,4,1024,16,1,[4; 4; 16; 4; 1024; 16; 1],0.45380166405811906,0.12323457087669705,tvm
16,2,8,8,16,16,1,[16; 2; 8; 8; 16; 16; 1],0.3200291390530765,0.17474675430745196,tvm
8,1,64,16,32,16,1,[8; 1; 64; 16; 32; 16; 1],0.3884600839810446,0.1439634485999396,tvm
224,16,16,4,2048,32,2,[224; 16; 16; 4; 2048; 32; 2],0.22671378392260522,0.24667248883475254,tvm
28,4,32,2,1024,32,2,[28; 4; 32; 2; 1024; 32; 2],0.1644958039978519,0.33997252193778527,tvm
1,1,4,2,128,32,2,[1; 1; 4; 2; 128; 32; 2],0.21261528902687132,0.26302931265806284,tvm
224,28,16,4,512,32,2,[224; 28; 16; 4; 512; 32; 2],0.21703504398465157,0.2576729191129531,tvm
112,14,4,4,32,32,2,[112; 14; 4; 4; 32; 32; 2],0.30941615102346987,0.18074057591483444,tvm
448,1,16,16,2048,16,1,[448; 1; 16; 16; 2048; 16; 1],1.520571127999574,0.03677832118705664,tvm
16,16,32,1,256,64,4,[16; 16; 32; 1; 256; 64; 4],0.13882165995892137,0.4028481819759379,tvm
8,2,16,4,2048,32,2,[8; 2; 16; 4; 2048; 32; 2],0.497546972008422,0.11239954512754366,tvm
32,16,8,4,128,32,2,[32; 16; 8; 4; 128; 32; 2],0.13876029604580253,0.40302633337474075,tvm
128,16,16,2,2048,64,4,[128; 16; 16; 2; 2048; 64; 4],0.3895745020126924,0.1435516263112911,tvm
224,14,32,4,32,32,2,[224; 14; 32; 4; 32; 32; 2],0.29023352602962404,0.19268640014946165,tvm
256,16,8,8,1024,32,2,[256; 16; 8; 8; 1024; 32; 2],0.2232801199425012,0.2504658871902023,tvm
14,2,16,1,128,32,2,[14; 2; 16; 1; 128; 32; 2],0.1474351310171187,0.37931294222433315,tvm
56,56,64,8,128,32,2,[56; 56; 64; 8; 128; 32; 2],0.17577012698166072,0.3181658584064644,tvm
8,2,64,4,1024,32,2,[8; 2; 64; 4; 1024; 32; 2],0.35728351201396435,0.15652570424561757,tvm
32,32,4,1,512,128,8,[32; 32; 4; 1; 512; 128; 8],0.2714095760602504,0.20605040597727,tvm
56,2,4,2,1024,64,4,[56; 2; 4; 2; 1024; 64; 4],0.12986152805387974,0.43064373391733357,tvm
14,2,64,1,4096,32,2,[14; 2; 64; 1; 4096; 32; 2],0.18151458608917892,0.30809674604253345,tvm
14,14,4,2,16,16,1,[14; 14; 4; 2; 16; 16; 1],0.19054281699936837,0.293498617339738,tvm
8,8,64,16,32,16,1,[8; 8; 64; 16; 32; 16; 1],0.22398836794309318,0.24967391765424837,tvm
28,28,4,4,128,32,2,[28; 28; 4; 4; 128; 32; 2],0.1859421880217269,0.30076043488742177,tvm
16,1,4,4,512,64,4,[16; 1; 4; 4; 512; 64; 4],0.22643704898655415,0.24697395405755404,tvm
32,16,16,8,4096,32,2,[32; 16; 16; 8; 4096; 32; 2],0.19472731999121606,0.2871916140778603,tvm
64,32,8,8,4096,32,2,[64; 32; 8; 8; 4096; 32; 2],0.19565530610270798,0.28582947453505997,tvm
16,8,64,1,1024,32,2,[16; 8; 64; 1; 1024; 32; 2],0.12326298502739519,0.453697055291207,tvm
16,2,4,4,512,64,4,[16; 2; 4; 4; 512; 64; 4],0.21982866094913334,0.25439837140378035,tvm
112,7,2,2,2048,64,4,[112; 7; 2; 2; 2048; 64; 4],0.37695892597548664,0.14835582733215352,tvm
16,8,8,2,16,16,1,[16; 8; 8; 2; 16; 16; 1],0.18819031899329275,0.29716753567608606,tvm
128,16,4,2,128,64,4,[128; 16; 4; 2; 128; 64; 4],0.5161807989934459,0.10834198684334133,tvm
56,4,2,2,256,128,8,[56; 4; 2; 2; 256; 128; 8],0.12487048504408449,0.4478564595435808,tvm
112,112,8,8,32,32,2,[112; 112; 8; 8; 32; 32; 2],0.40204468998126686,0.13909909700819353,tvm
28,4,64,4,2048,64,4,[28; 4; 64; 4; 2048; 64; 4],0.18758604198228568,0.2981248111126222,tvm
512,16,32,8,32,16,1,[512; 16; 32; 8; 32; 16; 1],0.28429101104848087,0.19671411040075573,tvm
32,16,32,16,128,16,1,[32; 16; 32; 16; 128; 16; 1],0.22091099410317838,0.2531519699160537,tvm
2,2,32,8,512,32,2,[2; 2; 32; 8; 512; 32; 2],0.5895420970628038,0.09486015267095635,tvm
16,2,16,1,512,16,1,[16; 2; 16; 1; 512; 16; 1],0.1647685159696266,0.33940982598667313,tvm
112,28,4,2,4096,64,4,[112; 28; 4; 2; 4096; 64; 4],0.37759676296263933,0.1481052244583639,tvm
128,64,4,4,2048,64,4,[128; 64; 4; 4; 2048; 64; 4],0.21134582499507815,0.26460921730834147,tvm
16,16,1,1,64,16,1,[16; 16; 1; 1; 64; 16; 1],0.1891209059394896,0.2957052952740538,tvm
28,1,64,2,1024,128,8,[28; 1; 64; 2; 1024; 128; 8],0.1191629470558837,0.46930740397941567,tvm
16,8,4,1,512,64,4,[16; 8; 4; 1; 512; 64; 4],0.19479075400158763,0.2870980895370297,tvm
28,1,64,2,4096,128,8,[28; 1; 64; 2; 4096; 128; 8],0.1439137989655137,0.38859410101969794,tvm
8,1,8,4,64,64,4,[8; 1; 8; 4; 64; 64; 4],0.22718869394157082,0.246156850339199,tvm
448,8,8,8,128,16,1,[448; 8; 8; 8; 128; 16; 1],0.2806432150537148,0.19927099724334876,tvm
64,2,8,2,128,64,4,[64; 2; 8; 2; 128; 64; 4],0.16717617004178464,0.3345216804485679,tvm
7,1,8,4,32,32,2,[7; 1; 8; 4; 32; 32; 2],0.26481205597519875,0.2111839399735296,tvm
56,2,32,4,1024,32,2,[56; 2; 32; 4; 1024; 32; 2],0.3240824699169025,0.17256117971352397,tvm
56,28,1,1,512,128,8,[56; 28; 1; 1; 512; 128; 8],0.19972395803779364,0.2800067347090671,tvm
28,4,1,1,128,16,1,[28; 4; 1; 1; 128; 16; 1],0.32749311497900635,0.1707640581601793,tvm
7,7,32,1,512,16,1,[7; 7; 32; 1; 512; 16; 1],0.18114277999848127,0.30872913253181944,tvm
16,4,8,2,256,16,1,[16; 4; 8; 2; 256; 16; 1],0.17196592991240323,0.32520426204085995,tvm
8,8,16,1,512,64,4,[8; 8; 16; 1; 512; 64; 4],0.12068434699904174,0.46339110849046056,tvm
32,4,2,2,256,128,8,[32; 4; 2; 2; 256; 128; 8],0.14288471499457955,0.39139283257453295,tvm
7,1,4,2,256,64,4,[7; 1; 4; 2; 256; 64; 4],0.14369790290948004,0.3891779364975264,tvm
112,4,8,8,1024,16,1,[112; 4; 8; 8; 1024; 16; 1],0.3738371040672064,0.14959471043644618,tvm
16,8,16,2,256,128,8,[16; 8; 16; 2; 256; 128; 8],0.14243859401904047,0.3926186839913464,tvm
8,2,16,4,32,16,1,[8; 2; 16; 4; 32; 16; 1],0.24258429801557213,0.23053451435567945,tvm
224,1,64,8,2048,16,1,[224; 1; 64; 8; 2048; 16; 1],0.6259573859861121,0.08934163025368329,tvm
4,4,1,1,128,64,4,[4; 4; 1; 1; 128; 64; 4],0.12757271900773048,0.43837000393434056,tvm
28,14,64,4,256,32,2,[28; 14; 64; 4; 256; 32; 2],0.13173682801425457,0.4245134346735757,tvm
32,2,32,2,128,64,4,[32; 2; 32; 2; 128; 64; 4],0.1554687999887392,0.35971238819225454,tvm
2,1,8,8,128,16,1,[2; 1; 8; 8; 128; 16; 1],0.2603333620354533,0.21481708259011903,tvm
224,14,32,4,256,32,2,[224; 14; 32; 4; 256; 32; 2],0.2693510539829731,0.20762515128999104,tvm
16,4,16,4,32,16,1,[16; 4; 16; 4; 32; 16; 1],0.2340716499602422,0.23891852491676036,tvm
224,16,4,4,256,32,2,[224; 16; 4; 4; 256; 32; 2],0.35335263796150684,0.15826697560816153,tvm
8,4,8,2,512,128,8,[8; 4; 8; 2; 512; 128; 8],0.1384298229822889,0.40398847682185085,tvm
256,16,32,8,32,32,2,[256; 16; 32; 8; 32; 32; 2],0.23177685297559947,0.2412840308053574,tvm
8,4,2,1,512,128,8,[8; 4; 2; 1; 512; 128; 8],0.25516901002265513,0.21916475409129083,tvm
56,8,16,16,16,16,1,[56; 8; 16; 16; 16; 16; 1],0.24454944301396608,0.22868199021062396,tvm
8,4,16,2,32,32,2,[8; 4; 16; 2; 32; 32; 2],0.13520141399931163,0.41363512169789934,tvm
28,1,16,2,256,128,8,[28; 1; 16; 2; 256; 128; 8],0.1355210189940408,0.41265962836209535,tvm
512,256,64,8,512,16,1,[512; 256; 64; 8; 512; 16; 1],0.4555806330172345,0.12275335973559205,tvm
32,32,16,8,256,32,2,[32; 32; 16; 8; 256; 32; 2],0.13143793889321387,0.4254787757952334,tvm
14,2,4,2,256,128,8,[14; 2; 4; 2; 256; 128; 8],0.1443436350673437,0.38743691959289994,tvm
1,1,4,4,64,16,1,[1; 1; 4; 4; 64; 16; 1],0.2565581420203671,0.21797808829194654,tvm
7,7,16,4,1024,32,2,[7; 7; 16; 4; 1024; 32; 2],0.22251896804664284,0.251322634758988,tvm
14,7,64,2,32,16,1,[14; 7; 64; 2; 32; 16; 1],0.17080957698635757,0.3274058417567532,tvm
16,4,2,1,4096,64,4,[16; 4; 2; 1; 4096; 64; 4],0.26990570209454745,0.2071984878398132,tvm
56,2,64,2,64,64,4,[56; 2; 64; 2; 64; 64; 4],0.14934053202159703,0.37447337689439747,tvm
28,2,64,2,1024,128,8,[28; 2; 64; 2; 1024; 128; 8],0.12075875408481807,0.463105583998106,tvm
128,64,64,8,4096,32,2,[128; 64; 64; 8; 4096; 32; 2],0.3885388190392405,0.143934275271695,tvm
28,28,32,4,512,16,1,[28; 28; 32; 4; 512; 16; 1],0.14811368100345135,0.37757520408955464,tvm
112,112,64,4,2048,32,2,[112; 112; 64; 4; 2048; 32; 2],0.3076751629123464,0.18176330128170123,tvm
128,16,64,8,1024,16,1,[128; 16; 64; 8; 1024; 16; 1],0.24333949596621096,0.22981905634052394,tvm
32,16,64,4,512,32,2,[32; 16; 64; 4; 512; 32; 2],0.1292064560111612,0.43282708201904757,tvm
28,4,4,2,128,16,1,[28; 4; 4; 2; 128; 16; 1],0.23113733006175607,0.24195162814414856,tvm
14,7,32,1,2048,16,1,[14; 7; 32; 1; 2048; 16; 1],0.1792868550401181,0.3119250059956682,tvm
28,4,4,2,64,32,2,[28; 4; 4; 2; 64; 32; 2],0.19738951593171805,0.2833182556295384,tvm
4,1,64,2,32,16,1,[4; 1; 64; 2; 32; 16; 1],0.26327243295963854,0.21241894832911304,tvm
28,28,64,8,16,16,1,[28; 28; 64; 8; 16; 16; 1],0.16444052895531058,0.3400868003077977,tvm
128,8,64,4,2048,64,4,[128; 8; 64; 4; 2048; 64; 4],0.245262629003264,0.22801701816785583,tvm
32,2,16,16,128,16,1,[32; 2; 16; 16; 128; 16; 1],0.3756664349930361,0.14886624974725257,tvm
128,1,32,8,1024,16,1,[128; 1; 32; 8; 1024; 16; 1],0.6185349359875545,0.09041373426069273,tvm
56,56,8,8,128,16,1,[56; 56; 8; 8; 128; 16; 1],0.19823059299960732,0.282116158192818,tvm
14,14,4,1,2048,64,4,[14; 14; 4; 1; 2048; 64; 4],0.18667998700402677,0.29957176573044775,tvm
8,1,4,1,32,32,2,[8; 1; 4; 1; 32; 32; 2],0.1379788579652086,0.4053088578790426,tvm
56,14,16,1,1024,128,8,[56; 14; 16; 1; 1024; 128; 8],0.19118948210962117,0.2925059094059813,tvm
128,1,16,4,1024,64,4,[128; 1; 16; 4; 1024; 64; 4],0.3647624369477853,0.15331637161240563,tvm
128,16,64,4,64,32,2,[128; 16; 64; 4; 64; 32; 2],0.2579569349763915,0.21679608396049352,tvm
8,8,8,4,128,16,1,[8; 8; 8; 4; 128; 16; 1],0.19880344904959202,0.28130323493222165,tvm
56,56,32,8,256,32,2,[56; 56; 32; 8; 256; 32; 2],0.18325038196053356,0.3051783725360946,tvm
448,32,64,16,32,16,1,[448; 32; 64; 16; 32; 16; 1],0.4526437158929184,0.12354982819768837,tvm
224,7,32,16,64,16,1,[224; 7; 32; 16; 64; 16; 1],0.30538357596378773,0.18312724630601873,tvm
224,8,64,16,2048,16,1,[224; 8; 64; 16; 2048; 16; 1],0.443244602996856,0.1261697332696683,tvm
14,1,4,1,2048,32,2,[14; 1; 4; 1; 2048; 32; 2],0.1664554850431159,0.3359700241710129,tvm
16,2,32,8,256,32,2,[16; 2; 32; 8; 256; 32; 2],0.25371865602210164,0.22041758461964162,tvm
16,16,16,4,1024,16,1,[16; 16; 16; 4; 1024; 16; 1],0.16263673407956958,0.34385868389347174,tvm
8,1,16,8,512,16,1,[8; 1; 16; 8; 512; 16; 1],0.3893727670656517,0.14362600074674467,tvm
56,7,64,2,2048,64,4,[56; 7; 64; 2; 2048; 64; 4],0.13059098296798766,0.4282382448031825,tvm
16,2,16,8,32,16,1,[16; 2; 16; 8; 32; 16; 1],0.31518012599553913,0.1774352147258322,tvm
224,112,16,8,64,32,2,[224; 112; 16; 8; 64; 32; 2],0.4293835700955242,0.13024264836423996,tvm
16,8,64,16,16,16,1,[16; 8; 64; 16; 16; 16; 1],0.2484831690089777,0.2250617357963299,tvm
56,4,16,16,16,16,1,[56; 4; 16; 16; 16; 16; 1],0.3018945639487356,0.18524365792432665,tvm
256,64,8,8,32,16,1,[256; 64; 8; 8; 32; 16; 1],0.4357644759584218,0.1283355032792285,tvm
16,16,16,2,256,32,2,[16; 16; 16; 2; 256; 32; 2],0.13100969803053886,0.42686956900165685,tvm
16,8,2,2,2048,32,2,[16; 8; 2; 2; 2048; 32; 2],0.146215331973508,0.38247735431374547,tvm
128,16,64,8,2048,32,2,[128; 16; 64; 8; 2048; 32; 2],0.20872042095288634,0.26793762238509883,tvm
14,14,32,1,256,32,2,[14; 14; 32; 1; 256; 32; 2],0.1283543270546943,0.43570056901551124,tvm
16,8,32,1,256,16,1,[16; 8; 32; 1; 256; 16; 1],0.16976206691469997,0.3294260864615497,tvm
2,2,4,2,128,128,8,[2; 2; 4; 2; 128; 128; 8],0.21222396194934845,0.2635143214727126,tvm
14,7,16,16,512,16,1,[14; 7; 16; 16; 512; 16; 1],0.23410894407425076,0.2388804646250349,tvm
28,2,32,2,2048,128,8,[28; 2; 32; 2; 2048; 128; 8],0.12025145592633635,0.46505926188196256,tvm
14,2,8,2,4096,64,4,[14; 2; 8; 2; 4096; 64; 4],0.14428598002996296,0.38759173498159655,tvm
14,14,2,1,16,16,1,[14; 14; 2; 1; 16; 16; 1],0.19186919403728098,0.29146968388509026,tvm
64,2,8,4,512,32,2,[64; 2; 8; 4; 512; 32; 2],0.3045126950601116,0.1836509749529286,tvm
28,4,64,1,256,128,8,[28; 4; 64; 1; 256; 128; 8],0.2115534939803183,0.26434946679980703,tvm
448,4,32,16,64,16,1,[448; 4; 32; 16; 64; 16; 1],0.3835839650128037,0.14579351181029332,tvm
112,112,32,8,2048,16,1,[112; 112; 32; 8; 2048; 16; 1],0.5007223960710689,0.11168674253866583,tvm
56,4,16,16,256,16,1,[56; 4; 16; 16; 256; 16; 1],0.316521626082249,0.17668319863490567,tvm
16,2,32,1,32,32,2,[16; 2; 32; 1; 32; 32; 2],0.15068460907787085,0.371133148073755,tvm
16,1,32,2,64,16,1,[16; 1; 32; 2; 64; 16; 1],0.16948772594332695,0.32995931134289413,tvm
8,1,8,1,256,128,8,[8; 1; 8; 1; 256; 128; 8],0.16566892701666802,0.33756513270413585,tvm
2,2,8,8,16,16,1,[2; 2; 8; 8; 16; 16; 1],0.40227854205295444,0.13901823609068292,tvm
8,8,32,4,1024,16,1,[8; 8; 32; 4; 1024; 16; 1],0.2809933880344033,0.19902266642119812,tvm
128,4,32,2,4096,64,4,[128; 4; 32; 2; 4096; 64; 4],0.3819626090116799,0.14641237653611078,tvm
8,2,64,1,128,128,8,[8; 2; 64; 1; 128; 128; 8],0.1477411480154842,0.3785272693797678,tvm
56,4,32,4,256,64,4,[56; 4; 32; 4; 256; 64; 4],0.15805371990427375,0.35382940285875014,tvm
64,32,8,8,16,16,1,[64; 32; 8; 8; 16; 16; 1],0.16633841302245855,0.3362064860254656,tvm
1,1,64,8,64,16,1,[1; 1; 64; 8; 64; 16; 1],0.590263162041083,0.0947442715888832,tvm
8,2,32,2,1024,128,8,[8; 2; 32; 2; 1024; 128; 8],0.16163337300531566,0.345993233287869,tvm
8,4,16,16,256,16,1,[8; 4; 16; 16; 256; 16; 1],0.2514000730589032,0.22245042594013203,tvm
56,14,8,4,4096,32,2,[56; 14; 8; 4; 4096; 32; 2],0.20174231205601245,0.2772053753295262,tvm
56,14,32,2,64,64,4,[56; 14; 32; 2; 64; 64; 4],0.14990398299414665,0.3730658266466277,tvm
256,256,8,8,4096,16,1,[256; 256; 8; 8; 4096; 16; 1],0.7377438170369714,0.07580416404971475,tvm
8,1,2,1,4096,128,8,[8; 1; 2; 1; 4096; 128; 8],0.2712277270620689,0.20618855579074127,tvm
4,4,2,1,128,128,8,[4; 4; 2; 1; 128; 128; 8],0.13276434794533998,0.4212279440890085,tvm
2,1,4,1,256,32,2,[2; 1; 4; 1; 256; 32; 2],0.2212207120610401,0.2527975469037571,tvm
28,14,32,1,64,32,2,[28; 14; 32; 1; 64; 32; 2],0.1845136620104313,0.3030889567959023,tvm
8,8,4,4,64,16,1,[8; 8; 4; 4; 64; 16; 1],0.1520392680540681,0.3678263783369811,tvm
256,8,8,8,64,32,2,[256; 8; 8; 8; 64; 32; 2],0.26883464702405035,0.2080239803626587,tvm
56,7,32,2,128,64,4,[56; 7; 32; 2; 128; 64; 4],0.14469598606228828,0.3864934671322487,tvm
2,2,32,1,32,16,1,[2; 2; 32; 1; 32; 16; 1],0.3567079500062391,0.1567782644943999,tvm
28,4,2,1,128,16,1,[28; 4; 2; 1; 128; 16; 1],0.3683636640198529,0.15181750752245562,tvm
8,8,4,1,2048,128,8,[8; 8; 4; 1; 2048; 128; 8],0.2018399729859084,0.2770712486036535,tvm
28,14,32,4,64,16,1,[28; 14; 32; 4; 64; 16; 1],0.20546346006449312,0.27218490974394804,tvm
64,2,2,2,128,64,4,[64; 2; 2; 2; 128; 64; 4],0.16556882800068706,0.3377692166372118,tvm
8,8,4,1,256,128,8,[8; 8; 4; 1; 256; 128; 8],0.19451634399592876,0.28750310737129536,tvm
256,128,16,8,16,16,1,[256; 128; 16; 8; 16; 16; 1],0.41568698501214385,0.13453404929600954,tvm
16,1,8,1,16,16,1,[16; 1; 8; 1; 16; 16; 1],0.21032736205961555,0.26589052791658235,tvm
2,2,32,2,64,32,2,[2; 2; 32; 2; 64; 32; 2],0.20343878504354507,0.274893763848241,tvm
128,4,4,2,128,64,4,[128; 4; 4; 2; 128; 64; 4],0.5157177940709516,0.10843925491087358,tvm
16,2,4,4,1024,32,2,[16; 2; 4; 4; 1024; 32; 2],0.30337551003322005,0.18433937969221567,tvm
28,28,4,4,512,16,1,[28; 28; 4; 4; 512; 16; 1],0.1735466899117455,0.32224212032953586,tvm
14,7,1,1,1024,32,2,[14; 7; 1; 1; 1024; 32; 2],0.18178590398747474,0.3076369075194442,tvm
112,4,16,16,64,16,1,[112; 4; 16; 16; 64; 16; 1],0.3760937179904431,0.14869712164337298,tvm
32,32,8,4,512,32,2,[32; 32; 8; 4; 512; 32; 2],0.14739969198126346,0.3794041397348514,tvm
28,28,32,1,2048,16,1,[28; 28; 32; 1; 2048; 16; 1],0.20644770399667323,0.2708872622494001,tvm
16,1,64,8,256,16,1,[16; 1; 64; 8; 256; 16; 1],0.3030050960369408,0.18456472866223794,tvm
4,1,16,1,2048,64,4,[4; 1; 16; 1; 2048; 64; 4],0.21241584105882794,0.2632762841724471,tvm
8,2,64,8,64,16,1,[8; 2; 64; 8; 64; 16; 1],0.31001723592635244,0.18039014239394943,tvm
7,1,64,1,64,64,4,[7; 1; 64; 1; 64; 64; 4],0.11942181189078838,0.468290109217871,tvm
32,8,32,16,2048,16,1,[32; 8; 32; 16; 2048; 16; 1],0.390662482008338,0.14315184055002175,tvm
112,28,8,2,128,64,4,[112; 28; 8; 2; 128; 64; 4],0.5257475200342014,0.10637055088666002,tvm
4,1,16,1,256,16,1,[4; 1; 16; 1; 256; 16; 1],0.2186771029373631,0.25573803833203324,tvm
112,4,32,8,1024,32,2,[112; 4; 32; 8; 1024; 32; 2],0.31687785498797894,0.1764845742705967,tvm
16,2,4,2,2048,64,4,[16; 2; 4; 2; 2048; 64; 4],0.1317159429891035,0.42458074599184836,tvm
128,8,32,8,128,32,2,[128; 8; 32; 8; 128; 32; 2],0.23942615499254316,0.23357537247789437,tvm
128,32,8,8,2048,16,1,[128; 32; 8; 8; 2048; 16; 1],0.2232541519915685,0.250495020291696,tvm
8,4,16,16,16,16,1,[8; 4; 16; 16; 16; 16; 1],0.3004093960626051,0.18615946793381524,tvm
32,1,8,2,1024,128,8,[32; 1; 8; 2; 1024; 128; 8],0.12131651991512626,0.46097640595409534,tvm
7,1,8,8,128,32,2,[7; 1; 8; 8; 128; 32; 2],0.25509614299517125,0.21922735748455408,tvm
4,2,64,8,64,16,1,[4; 2; 64; 8; 64; 16; 1],0.3210619209567085,0.17418463443652682,tvm
2,1,32,8,64,16,1,[2; 1; 32; 8; 64; 16; 1],0.36080839193891734,0.15499654271567204,tvm
28,14,64,2,512,64,4,[28; 14; 64; 2; 512; 64; 4],0.13074461196083575,0.42773505152231633,tvm
14,7,8,2,4096,16,1,[14; 7; 8; 2; 4096; 16; 1],0.17964204400777817,0.31130826662666966,tvm
14,1,32,2,512,128,8,[14; 1; 32; 2; 512; 128; 8],0.14488195988815278,0.38599735520216644,tvm
28,4,32,4,32,32,2,[28; 4; 32; 4; 32; 32; 2],0.19071357103530318,0.29323583544550785,tvm
56,28,8,4,64,32,2,[56; 28; 8; 4; 64; 32; 2],0.12857370101846755,0.4349571715704189,tvm
4,4,2,2,4096,16,1,[4; 4; 2; 2; 4096; 16; 1],0.2466638709884137,0.22672170476056544,tvm
224,1,32,4,32,32,2,[224; 1; 32; 4; 32; 32; 2],0.4764599190093577,0.11737409822343312,tvm
8,2,4,4,4096,64,4,[8; 2; 4; 4; 4096; 64; 4],0.2909217750420794,0.1922305517531109,tvm
14,7,2,2,128,32,2,[14; 7; 2; 2; 128; 32; 2],0.15714480204042047,0.3558759348524214,tvm
4,2,16,2,1024,16,1,[4; 2; 16; 2; 1024; 16; 1],0.275100379018113,0.20328599158218977,tvm
112,8,16,8,1024,32,2,[112; 8; 16; 8; 1024; 32; 2],0.2372121000662446,0.23575548345854114,tvm
16,16,8,2,2048,64,4,[16; 16; 8; 2; 2048; 64; 4],0.13924215908627957,0.4016316157427632,tvm
32,4,4,4,4096,32,2,[32; 4; 4; 4; 4096; 32; 2],0.21530119108501822,0.25974799791632375,tvm
128,16,32,2,64,64,4,[128; 16; 32; 2; 64; 64; 4],0.5645764920627698,0.09905487408624813,tvm
28,7,1,1,4096,64,4,[28; 7; 1; 1; 4096; 64; 4],0.22397964308038354,0.2496836434071059,tvm
28,28,16,1,256,32,2,[28; 28; 16; 1; 256; 32; 2],0.17544187291059643,0.3187611509473096,tvm
256,128,32,4,32,32,2,[256; 128; 32; 4; 32; 32; 2],0.41232251503970474,0.13563182046449274,tvm
2,1,16,2,16,16,1,[2; 1; 16; 2; 16; 16; 1],0.36355934699531645,0.15382372588003845,tvm
7,7,64,8,128,16,1,[7; 7; 64; 8; 128; 16; 1],0.16983334301039577,0.32928783207140977,tvm
8,1,4,1,512,64,4,[8; 1; 4; 1; 512; 64; 4],0.13526536105200648,0.41343957461387176,tvm
1,1,16,1,1024,32,2,[1; 1; 16; 1; 1024; 32; 2],0.7428822400979698,0.07527983617693995,tvm
16,1,4,2,2048,32,2,[16; 1; 4; 2; 2048; 32; 2],0.18908660300076008,0.2957589403259232,tvm
64,64,4,1,512,128,8,[64; 64; 4; 1; 512; 128; 8],0.3478320149006322,0.16077891320414994,tvm
32,8,4,2,512,128,8,[32; 8; 4; 2; 512; 128; 8],0.12850439199246466,0.43519176633754786,tvm
14,1,16,2,64,32,2,[14; 1; 16; 2; 64; 32; 2],0.23748599307145923,0.23548358625304633,tvm
56,28,8,8,2048,32,2,[56; 28; 8; 8; 2048; 32; 2],0.14920271199662238,0.37481928166694,tvm
16,8,16,1,4096,32,2,[16; 8; 16; 1; 4096; 32; 2],0.14763392705935985,0.37880217946683553,tvm
16,16,32,1,512,32,2,[16; 16; 32; 1; 512; 32; 2],0.1277646819362417,0.43771136503310887,tvm
28,28,16,1,1024,64,4,[28; 28; 16; 1; 1024; 64; 4],0.15424744493793696,0.36256064634221297,tvm
4,1,2,2,256,32,2,[4; 1; 2; 2; 256; 32; 2],0.1373083519283682,0.407288067680749,tvm
256,128,16,4,4096,32,2,[256; 128; 16; 4; 4096; 32; 2],0.2971694340230897,0.1881891168153859,tvm
28,4,4,4,2048,16,1,[28; 4; 4; 4; 2048; 16; 1],0.23582619801163673,0.23714096993826694,tvm
1,1,16,4,2048,32,2,[1; 1; 16; 4; 2048; 32; 2],0.7415908249095082,0.07541092938974454,tvm
64,4,32,2,512,64,4,[64; 4; 32; 2; 512; 64; 4],0.14161620300728828,0.3948986919982257,tvm
224,2,32,16,128,16,1,[224; 2; 32; 16; 128; 16; 1],0.4682953789597377,0.11942046803357732,tvm
32,2,8,8,64,32,2,[32; 2; 8; 8; 64; 32; 2],0.2669849059311673,0.20946522477848015,tvm
64,1,16,2,128,64,4,[64; 1; 16; 2; 128; 64; 4],0.1718592409742996,0.32540614642710075,tvm
16,4,4,1,512,32,2,[16; 4; 4; 1; 512; 32; 2],0.16523844504263252,0.33844456306100307,tvm
14,7,8,4,32,16,1,[14; 7; 8; 4; 32; 16; 1],0.20656514505390078,0.2707332513369601,tvm
32,1,32,8,64,16,1,[32; 1; 32; 8; 64; 16; 1],0.31922843295615166,0.1751850636093399,tvm
128,2,2,2,2048,64,4,[128; 2; 2; 2; 2048; 64; 4],0.38058789807837456,0.14694122859843767,tvm
8,1,32,2,4096,64,4,[8; 1; 32; 2; 4096; 64; 4],0.15456547099165618,0.36181465999189594,tvm
16,1,16,1,512,32,2,[16; 1; 16; 1; 512; 32; 2],0.1328343580244109,0.42100593675512926,tvm
224,224,32,4,64,32,2,[224; 224; 32; 4; 64; 32; 2],0.5094106000615284,0.10978187993453342,tvm
112,28,32,2,512,64,4,[112; 28; 32; 2; 512; 64; 4],0.3907688020262867,0.1431128919282849,tvm
224,224,32,8,4096,32,2,[224; 224; 32; 8; 4096; 32; 2],0.4491009640041739,0.12452445622631436,tvm
16,16,2,1,1024,128,8,[16; 16; 2; 1; 1024; 128; 8],0.3451359139289707,0.16203487112280804,tvm
16,16,8,4,1024,32,2,[16; 16; 8; 4; 1024; 32; 2],0.1406141030602157,0.3977129755568313,tvm
1,1,4,1,128,32,2,[1; 1; 4; 1; 128; 32; 2],0.20818868291098624,0.26862196614810413,tvm
112,2,16,4,256,32,2,[112; 2; 16; 4; 256; 32; 2],0.3237820330541581,0.17272129897330984,tvm
28,14,16,1,256,16,1,[28; 14; 16; 1; 256; 16; 1],0.1944935959763825,0.2875367338065169,tvm
4,4,32,1,512,16,1,[4; 4; 32; 1; 512; 16; 1],0.24821576394606382,0.22530419681759367,tvm
448,2,64,16,16,16,1,[448; 2; 64; 16; 16; 16; 1],0.5623940289951861,0.09943927291200318,tvm
224,8,16,8,1024,16,1,[224; 8; 16; 8; 1024; 16; 1],0.2838157049845904,0.19704354745404132,tvm
56,2,64,1,4096,128,8,[56; 2; 64; 1; 4096; 128; 8],0.21132681495510042,0.26463302040119824,tvm
4,4,4,2,2048,64,4,[4; 4; 4; 2; 2048; 64; 4],0.16065338090993464,0.34810380594906637,tvm
8,2,16,4,256,32,2,[8; 2; 16; 4; 256; 32; 2],0.23627326602581888,0.2366922600850754,tvm
32,1,32,2,2048,128,8,[32; 1; 32; 2; 2048; 128; 8],0.12061163294129074,0.46367047663267347,tvm
112,8,2,2,2048,64,4,[112; 8; 2; 2; 2048; 64; 4],0.3764798230258748,0.14854462288006806,tvm
28,1,2,1,32,16,1,[28; 1; 2; 1; 32; 16; 1],0.4258566809585318,0.13132130088333402,tvm
128,1,4,4,512,32,2,[128; 1; 4; 4; 512; 32; 2],0.34705087600741535,0.161140792890949,tvm
16,16,8,4,64,16,1,[16; 16; 8; 4; 64; 16; 1],0.1687086740275845,0.33148297593868553,tvm
16,8,64,4,1024,16,1,[16; 8; 64; 4; 1024; 16; 1],0.21340604196302593,0.26205468607595733,tvm
512,256,32,16,1024,16,1,[512; 256; 32; 16; 1024; 16; 1],1.4290353750111535,0.03913412803577158,tvm
28,2,1,1,2048,64,4,[28; 2; 1; 1; 2048; 64; 4],0.21297691110521555,0.2625827045904781,tvm
64,4,1,1,512,128,8,[64; 4; 1; 1; 512; 128; 8],0.23525256803259254,0.2377192045171871,tvm
14,14,1,1,128,64,4,[14; 14; 1; 1; 128; 64; 4],0.1717451079748571,0.32562239467991383,tvm
16,4,64,2,64,16,1,[16; 4; 64; 2; 64; 16; 1],0.16539053805172443,0.33813332970622284,tvm
448,8,64,16,4096,16,1,[448; 8; 64; 16; 4096; 16; 1],0.45417803805321455,0.12313244729543901,tvm
64,1,8,2,2048,128,8,[64; 1; 8; 2; 2048; 128; 8],0.15157037694007158,0.3689642690236548,tvm
56,56,8,1,1024,128,8,[56; 56; 8; 1; 1024; 128; 8],0.22708712390158325,0.24626694976140578,tvm
128,16,4,4,1024,32,2,[128; 16; 4; 4; 1024; 32; 2],0.22285491495858878,0.2509437736373246,tvm
8,1,16,4,512,32,2,[8; 1; 16; 4; 512; 32; 2],0.2702512521063909,0.20693355866975777,tvm
112,7,16,8,4096,32,2,[112; 7; 16; 8; 4096; 32; 2],0.2924198410473764,0.1912457551889333,tvm
512,128,32,8,32,16,1,[512; 128; 32; 8; 32; 16; 1],0.4074836429208517,0.13724244961704105,tvm
28,4,32,1,4096,32,2,[28; 4; 32; 1; 4096; 32; 2],0.2028799110557884,0.2756510146436096,tvm
128,4,64,16,4096,16,1,[128; 4; 64; 16; 4096; 16; 1],0.8097862011054531,0.06906026955879274,tvm
512,256,16,16,64,16,1,[512; 256; 16; 16; 64; 16; 1],0.5211737219942734,0.10730405423999452,tvm
14,7,16,2,4096,16,1,[14; 7; 16; 2; 4096; 16; 1],0.18744054599665105,0.29835622296113307,tvm
56,14,2,2,128,64,4,[56; 14; 2; 2; 128; 64; 4],0.13930841605179012,0.4014405943180251,tvm
16,8,64,1,4096,128,8,[16; 8; 64; 1; 4096; 128; 8],0.22558018506970257,0.2479120819767624,tvm
32,4,16,16,32,16,1,[32; 4; 16; 16; 32; 16; 1],0.28166841506026685,0.19854570247561343,tvm
2,1,64,8,2048,16,1,[2; 1; 64; 8; 2048; 16; 1],1.4289447109913453,0.03913661102712325,tvm
32,2,64,4,128,64,4,[32; 2; 64; 4; 128; 64; 4],0.22391059598885477,0.24976063810806423,tvm
2,1,4,2,256,16,1,[2; 1; 4; 2; 256; 16; 1],0.21994201699271798,0.25426725687972984,tvm
8,2,16,1,2048,16,1,[8; 2; 16; 1; 2048; 16; 1],0.19365828100126237,0.2887769789352245,tvm
7,7,8,2,128,16,1,[7; 7; 8; 2; 128; 16; 1],0.1709046650212258,0.327223679508033,tvm
56,2,16,8,64,32,2,[56; 2; 16; 8; 64; 32; 2],0.27271013299468905,0.2050677498456665,tvm
448,16,32,8,4096,16,1,[448; 16; 32; 8; 4096; 16; 1],0.24979327095206827,0.22388134444207808,tvm
28,4,1,1,512,32,2,[28; 4; 1; 1; 512; 32; 2],0.2599897440522909,0.21510099768429905,tvm
224,32,16,8,128,32,2,[224; 32; 16; 8; 128; 32; 2],0.2096651819301769,0.2667302831042174,tvm
14,14,1,1,512,16,1,[14; 14; 1; 1; 512; 16; 1],0.1750333469826728,0.31950513600628033,tvm
16,8,8,4,128,32,2,[16; 8; 8; 4; 128; 32; 2],0.15586723701562732,0.3587928701637687,tvm
14,2,1,1,2048,128,8,[14; 2; 1; 1; 2048; 128; 8],0.21708537894301116,0.257613173239154,tvm
16,2,16,8,64,16,1,[16; 2; 16; 8; 64; 16; 1],0.30983134789858013,0.1804983702024866,tvm
448,448,32,16,128,16,1,[448; 448; 32; 16; 128; 16; 1],0.5068778089480475,0.11033044324705342,tvm
8,2,16,2,4096,16,1,[8; 2; 16; 2; 4096; 16; 1],0.202859906014055,0.27567819798486287,tvm
224,7,32,8,4096,16,1,[224; 7; 32; 8; 4096; 16; 1],0.3009811299853027,0.18580584548959658,tvm
32,16,64,4,256,64,4,[32; 16; 64; 4; 256; 64; 4],0.11918108898680657,0.46923596527570044,tvm
112,4,64,8,16,16,1,[112; 4; 64; 8; 16; 16; 1],0.37015946907922626,0.15108097456602887,tvm
56,2,32,4,64,64,4,[56; 2; 32; 4; 64; 64; 4],0.23037869692780077,0.24274837074393027,tvm
8,1,16,8,16,16,1,[8; 1; 16; 8; 16; 16; 1],0.31657780695240945,0.1766518438916986,tvm
14,7,32,2,1024,32,2,[14; 7; 32; 2; 1024; 32; 2],0.11333355703391135,0.49344655543282645,tvm
8,4,2,1,4096,128,8,[8; 4; 2; 1; 4096; 128; 8],0.2692991910735145,0.20766513672173242,tvm
256,4,32,8,4096,16,1,[256; 4; 32; 8; 4096; 16; 1],0.36728596698958427,0.15226297315878465,tvm
56,1,16,8,1024,16,1,[56; 1; 16; 8; 1024; 16; 1],0.578660974977538,0.09664389988542799,tvm
256,32,64,8,32,16,1,[256; 32; 64; 8; 32; 16; 1],0.262236031005159,0.21325846459380376,tvm
256,128,64,4,4096,32,2,[256; 128; 64; 4; 4096; 32; 2],0.30086326494347304,0.1858786360768919,tvm
64,1,8,1,2048,128,8,[64; 1; 8; 1; 2048; 128; 8],0.22508012305479497,0.24846286990752542,tvm
16,8,8,4,2048,32,2,[16; 8; 8; 4; 2048; 32; 2],0.14630908297840506,0.3822322729039838,tvm
14,7,32,2,1024,16,1,[14; 7; 32; 2; 1024; 16; 1],0.1615466970251873,0.34617887188751384,tvm
56,4,16,4,64,64,4,[56; 4; 16; 4; 64; 64; 4],0.16636999999172986,0.33614265394069415,tvm
32,32,16,1,4096,128,8,[32; 32; 16; 1; 4096; 128; 8],0.18477288889698684,0.30266373853423745,tvm
8,8,2,1,512,64,4,[8; 8; 2; 1; 512; 64; 4],0.18794949201401323,0.29754830797395143,tvm
64,16,16,4,128,64,4,[64; 16; 16; 4; 128; 64; 4],0.14384598401375115,0.38877730036583574,tvm
32,32,4,2,512,128,8,[32; 32; 4; 2; 512; 128; 8],0.2379975930089131,0.23497739042780552,tvm
128,1,64,2,1024,64,4,[128; 1; 64; 2; 1024; 64; 4],0.403577952994965,0.1385706352845073,tvm
4,4,32,2,32,32,2,[4; 4; 32; 2; 32; 32; 2],0.15576608595438302,0.3590258623415049,tvm
64,4,16,4,2048,64,4,[64; 4; 16; 4; 2048; 64; 4],0.2059549749828875,0.271535336002347,tvm
14,14,16,16,64,16,1,[14; 14; 16; 16; 64; 16; 1],0.26089647598564625,0.2143534255189024,tvm
56,7,2,2,512,128,8,[56; 7; 2; 2; 512; 128; 8],0.12016482092440128,0.4653945547717045,tvm
2,2,32,4,32,16,1,[2; 2; 32; 4; 32; 16; 1],0.35059425910003483,0.1595121764882538,tvm
16,2,2,1,64,64,4,[16; 2; 2; 1; 64; 64; 4],0.15004476497415453,0.37271579147040784,tvm
2,1,1,1,256,32,2,[2; 1; 1; 1; 256; 32; 2],0.22509690700098872,0.24844434372031463,tvm
16,16,4,2,64,16,1,[16; 16; 4; 2; 64; 16; 1],0.24506502598524094,0.22820087488412716,tvm
128,32,8,4,128,64,4,[128; 32; 8; 4; 128; 64; 4],0.2851054380880669,0.19615218042967958,tvm
448,8,64,16,256,16,1,[448; 8; 64; 16; 256; 16; 1],0.3152814459754154,0.17737819350680759,tvm
128,2,32,16,32,16,1,[128; 2; 32; 16; 32; 16; 1],0.5454063930083066,0.10253648297899876,tvm
7,7,2,1,256,128,8,[7; 7; 2; 1; 256; 128; 8],0.2818489789497107,0.19841850604437228,tvm
28,14,2,2,2048,16,1,[28; 14; 2; 2; 2048; 16; 1],0.19785957597196102,0.28264516922475574,tvm
64,1,16,1,4096,128,8,[64; 1; 16; 1; 4096; 128; 8],0.307946759974584,0.18160299312111275,tvm
64,8,16,4,128,64,4,[64; 8; 16; 4; 128; 64; 4],0.15287632902618498,0.3658123771650387,tvm
56,4,64,2,256,64,4,[56; 4; 64; 2; 256; 64; 4],0.13660166098270565,0.40939511958360125,tvm
14,1,16,1,256,16,1,[14; 1; 16; 1; 256; 16; 1],0.16649372002575547,0.33589286926066797,tvm
112,16,4,4,4096,64,4,[112; 16; 4; 4; 4096; 64; 4],0.22481750696897507,0.2487531068523542,tvm
112,4,32,16,256,16,1,[112; 4; 32; 16; 256; 16; 1],0.394758943002671,0.141666336696405,tvm
128,2,64,8,1024,16,1,[128; 2; 64; 8; 1024; 16; 1],0.614850920974277,0.09095546810715924,tvm
4,2,4,2,1024,128,8,[4; 2; 4; 2; 1024; 128; 8],0.19638937211129814,0.2847610984857162,tvm
32,2,32,1,512,128,8,[32; 2; 32; 1; 512; 128; 8],0.20393309101928025,0.27422745888771016,tvm
64,32,32,2,2048,128,8,[64; 32; 32; 2; 2048; 128; 8],0.1326356140198186,0.4216367809401258,tvm
1,1,32,4,32,16,1,[1; 1; 32; 4; 32; 16; 1],0.39208557398524135,0.14263226459700962,tvm
512,1,64,8,1024,16,1,[512; 1; 64; 8; 1024; 16; 1],0.6285618069814518,0.08897144674108969,tvm
16,4,16,4,512,16,1,[16; 4; 16; 4; 512; 16; 1],0.23060039395932108,0.24251499476275215,tvm
56,2,64,8,256,32,2,[56; 2; 64; 8; 256; 32; 2],0.26376195705961436,0.21202471333154999,tvm
32,4,32,2,2048,128,8,[32; 4; 32; 2; 2048; 128; 8],0.11644399096257985,0.48026568714314294,tvm
28,28,16,2,4096,32,2,[28; 28; 16; 2; 4096; 32; 2],0.16560875298455358,0.33768778718205433,tvm
56,28,32,8,512,16,1,[56; 28; 32; 8; 512; 16; 1],0.15600368299055845,0.3584790580663274,tvm
7,7,8,4,512,16,1,[7; 7; 8; 4; 512; 16; 1],0.1734229769790545,0.3224719948158177,tvm
8,8,4,2,32,16,1,[8; 8; 4; 2; 32; 16; 1],0.1593628830742091,0.3509227007852994,tvm
56,28,64,1,2048,128,8,[56; 28; 64; 1; 2048; 128; 8],0.1958769770571962,0.2855060057262548,tvm
2,1,4,2,4096,128,8,[2; 1; 4; 2; 4096; 128; 8],0.2889106459915638,0.1935686832909796,tvm
56,4,32,8,512,16,1,[56; 4; 32; 8; 512; 16; 1],0.26253585692029446,0.21301491533140102,tvm
28,28,8,8,1024,16,1,[28; 28; 8; 8; 1024; 16; 1],0.17317317007109523,0.3229371692530318,tvm
224,2,32,8,128,16,1,[224; 2; 32; 8; 128; 16; 1],0.46521447598934174,0.12021133524360618,tvm
4,2,32,2,256,128,8,[4; 2; 32; 2; 256; 128; 8],0.16130437795072794,0.34669891818073223,tvm
224,2,64,4,256,32,2,[224; 2; 64; 4; 256; 32; 2],0.3386746379546821,0.165126192120759,tvm
32,1,32,2,1024,64,4,[32; 1; 32; 2; 1024; 64; 4],0.12412325700279325,0.4505525772021502,tvm
224,16,8,4,128,32,2,[224; 16; 8; 4; 128; 32; 2],0.28227930795401335,0.19811602110929089,tvm
14,1,16,8,128,16,1,[14; 1; 16; 8; 128; 16; 1],0.2914680379908532,0.1918702775056534,tvm
14,7,2,2,4096,64,4,[14; 7; 2; 2; 4096; 64; 4],0.14951944397762418,0.3740252895917835,tvm
14,7,8,2,1024,32,2,[14; 7; 8; 2; 1024; 32; 2],0.1362649070797488,0.4104068650676427,tvm
14,7,64,4,512,64,4,[14; 7; 64; 4; 512; 64; 4],0.13313611398916692,0.42005171743170894,tvm
56,28,32,4,256,32,2,[56; 28; 32; 4; 256; 32; 2],0.1285890620201826,0.43490521242433366,tvm
8,4,2,2,4096,16,1,[8; 4; 2; 2; 4096; 16; 1],0.16908933594822884,0.33073672576522484,tvm
8,8,64,8,2048,32,2,[8; 8; 64; 8; 2048; 32; 2],0.2889043469913304,0.19357290368154806,tvm
16,1,64,8,4096,32,2,[16; 1; 64; 8; 4096; 32; 2],0.49423315399326384,0.11315318060207583,tvm
128,4,16,16,512,16,1,[128; 4; 16; 16; 512; 16; 1],0.4336015379521996,0.12897568029267098,tvm
112,56,64,4,256,64,4,[112; 56; 64; 4; 256; 64; 4],0.23726591293234378,0.23570201316393916,tvm
112,112,64,4,1024,32,2,[112; 112; 64; 4; 1024; 32; 2],0.3080887730466202,0.1815192834854481,tvm
16,2,32,2,128,128,8,[16; 2; 32; 2; 128; 128; 8],0.1458823470165953,0.38335038116004205,tvm
112,7,32,2,4096,64,4,[112; 7; 32; 2; 4096; 64; 4],0.38035929994657636,0.1470295411238484,tvm
8,4,16,8,128,32,2,[8; 4; 16; 8; 128; 32; 2],0.16844070493243635,0.3320103258637226,tvm
28,2,4,2,512,32,2,[28; 2; 4; 2; 512; 32; 2],0.16916139610111713,0.33059583700707007,tvm
64,1,4,2,128,64,4,[64; 1; 4; 2; 128; 64; 4],0.1628199409460649,0.3434717701553431,tvm
32,2,4,4,64,32,2,[32; 2; 4; 4; 64; 32; 2],0.2529634659877047,0.22107561309288642,tvm
14,2,32,2,2048,128,8,[14; 2; 32; 2; 2048; 128; 8],0.133177695912309,0.41992056515346676,tvm
128,1,32,8,128,32,2,[128; 1; 32; 8; 128; 32; 2],0.3753374690422788,0.14899672413742931,tvm
56,14,64,8,128,16,1,[56; 14; 64; 8; 128; 16; 1],0.156307531055063,0.35778220637131536,tvm
28,2,32,16,256,16,1,[28; 2; 32; 16; 256; 16; 1],0.3986969320103526,0.14026707717901676,tvm
4,1,2,2,64,64,4,[4; 1; 2; 2; 64; 64; 4],0.12170627596788108,0.45950016043619624,tvm
56,4,64,16,4096,16,1,[56; 4; 64; 16; 4096; 16; 1],0.7959943390451372,0.07025684805801381,tvm
56,7,64,2,1024,128,8,[56; 7; 64; 2; 1024; 128; 8],0.11531662300694734,0.4849609004762839,tvm
4,1,64,2,4096,32,2,[4; 1; 64; 2; 4096; 32; 2],0.3302803289843723,0.16932299148817748,tvm
8,2,32,1,2048,64,4,[8; 2; 32; 1; 2048; 64; 4],0.11048307991586626,0.5061775375552523,tvm
224,14,32,8,4096,32,2,[224; 14; 32; 8; 4096; 32; 2],0.20977409498300403,0.2665917988484914,tvm
56,14,32,4,512,32,2,[56; 14; 32; 4; 512; 32; 2],0.14158576296176761,0.39498359272488787,tvm
16,1,16,4,512,16,1,[16; 1; 16; 4; 512; 16; 1],0.34312706300988793,0.16298351066444958,tvm
56,8,16,8,512,16,1,[56; 8; 16; 8; 512; 16; 1],0.20111976598855108,0.27806343677088835,tvm
2,1,8,8,512,32,2,[2; 1; 8; 8; 512; 32; 2],0.31183417001739144,0.179339080544683,tvm
16,8,8,2,256,64,4,[16; 8; 8; 2; 256; 64; 4],0.1456421660259366,0.3839825708399182,tvm
16,4,4,4,32,32,2,[16; 4; 4; 4; 32; 32; 2],0.20173460303340107,0.27721596836847084,tvm
56,1,4,4,1024,64,4,[56; 1; 4; 4; 1024; 64; 4],0.3566749739693478,0.15679275927595465,tvm
112,1,32,8,1024,32,2,[112; 1; 32; 8; 1024; 32; 2],0.4896899900631979,0.11420297426564906,tvm
14,14,32,4,128,32,2,[14; 14; 32; 4; 128; 32; 2],0.1314847950125113,0.42532715153879147,tvm
4,2,4,1,64,32,2,[4; 2; 4; 1; 64; 32; 2],0.13526848203036934,0.413430035540561,tvm
448,1,32,16,256,16,1,[448; 1; 32; 16; 256; 16; 1],0.5769520450849086,0.09693015877099999,tvm
28,2,8,1,256,16,1,[28; 2; 8; 1; 256; 16; 1],0.21606404206249863,0.258830913276892,tvm
28,28,16,1,64,64,4,[28; 28; 16; 1; 64; 64; 4],0.1582438920158893,0.3534041827517614,tvm
512,512,8,8,128,16,1,[512; 512; 8; 8; 128; 16; 1],0.49089317803736776,0.11392306072967322,tvm
28,2,16,1,4096,16,1,[28; 2; 16; 1; 4096; 16; 1],0.23320850997697562,0.23980279852932745,tvm
112,16,64,2,4096,64,4,[112; 16; 64; 2; 4096; 64; 4],0.3863233469892293,0.14475970393498505,tvm
14,2,4,1,2048,32,2,[14; 2; 4; 1; 2048; 32; 2],0.16528442699927837,0.3383504081335957,tvm
448,56,32,16,256,16,1,[448; 56; 32; 16; 256; 16; 1],0.49297900195233524,0.11344104538298463,tvm
28,7,64,2,64,16,1,[28; 7; 64; 2; 64; 16; 1],0.17534965206868947,0.3189287955440384,tvm
14,14,64,16,16,16,1,[14; 14; 64; 16; 16; 16; 1],0.20355335797648877,0.2747390359425698,tvm
14,7,4,1,256,16,1,[14; 7; 4; 1; 256; 16; 1],0.22813398099970073,0.24513688442322276,tvm
2,2,64,2,32,32,2,[2; 2; 64; 2; 32; 32; 2],0.2197966710664332,0.25443539732424053,tvm
256,1,8,8,32,32,2,[256; 1; 8; 8; 32; 32; 2],0.4383180009899661,0.1275878544961094,tvm
7,7,64,1,2048,32,2,[7; 7; 64; 1; 2048; 32; 2],0.1824178019305691,0.3065712487568447,tvm
16,16,16,8,2048,16,1,[16; 16; 16; 8; 2048; 16; 1],0.17912138102110475,0.31221316525437104,tvm
8,2,4,4,4096,16,1,[8; 2; 4; 4; 4096; 16; 1],0.21675945597235113,0.2580005245098362,tvm
112,56,16,8,1024,32,2,[112; 56; 16; 8; 1024; 32; 2],0.2927570620086044,0.1910254630567705,tvm
7,7,8,2,128,64,4,[7; 7; 8; 2; 128; 64; 4],0.13378587004262954,0.41801165784932065,tvm
448,14,64,8,2048,16,1,[448; 14; 64; 8; 2048; 16; 1],0.25504710199311376,0.2192695109895555,tvm
28,28,4,2,512,64,4,[28; 28; 4; 2; 512; 64; 4],0.21366994397249073,0.26173102446516,tvm
32,8,32,4,256,32,2,[32; 8; 32; 4; 256; 32; 2],0.14566543605178595,0.38392122969687614,tvm
224,16,64,16,32,16,1,[224; 16; 64; 16; 32; 16; 1],0.2697600709507242,0.20731034484176392,tvm
16,2,4,4,128,64,4,[16; 2; 4; 4; 128; 64; 4],0.2256265120813623,0.24786117915596184,tvm
56,14,16,2,2048,64,4,[56; 14; 16; 2; 2048; 64; 4],0.12617897801101208,0.4432121278431392,tvm
56,28,32,8,128,16,1,[56; 28; 32; 8; 128; 16; 1],0.15068721096031368,0.3711267398005129,tvm
224,2,32,16,64,16,1,[224; 2; 32; 16; 64; 16; 1],0.5281046970048919,0.1058957696276943,tvm
224,8,8,4,2048,32,2,[224; 8; 8; 4; 2048; 32; 2],0.2279187150998041,0.24536841263274303,tvm
7,1,64,16,1024,16,1,[7; 1; 64; 16; 1024; 16; 1],1.528619631077163,0.03658467560954041,tvm
256,128,8,8,64,16,1,[256; 128; 8; 8; 64; 16; 1],0.4676900979829952,0.11957502109733929,tvm
14,2,4,4,2048,64,4,[14; 2; 4; 4; 2048; 64; 4],0.2807662980630994,0.19918364034120994,tvm
448,14,16,16,64,16,1,[448; 14; 16; 16; 64; 16; 1],0.28374643705319613,0.197091649552057,tvm
28,1,32,1,4096,128,8,[28; 1; 32; 1; 4096; 128; 8],0.20532544399611652,0.27236786754198405,tvm
4,2,2,2,1024,64,4,[4; 2; 2; 2; 1024; 64; 4],0.11801222001668066,0.4738835802379503,tvm
28,28,1,1,128,16,1,[28; 28; 1; 1; 128; 16; 1],0.3260191490408033,0.17153609994342417,tvm
1,1,16,16,16,16,1,[1; 1; 16; 16; 16; 16; 1],0.664595047943294,0.08414756249899864,tvm
256,2,64,16,256,16,1,[256; 2; 64; 16; 256; 16; 1],0.5302684271009639,0.10546366797487136,tvm
4,2,4,4,64,32,2,[4; 2; 4; 4; 64; 32; 2],0.22546182409860194,0.2480422286873537,tvm
16,4,32,1,32,32,2,[16; 4; 32; 1; 32; 32; 2],0.1507896160474047,0.37087469813406865,tvm
16,16,64,4,128,64,4,[16; 16; 64; 4; 128; 64; 4],0.11539938906207681,0.48461307973866397,tvm
256,1,16,16,4096,16,1,[256; 1; 16; 16; 4096; 16; 1],1.524408875964582,0.036685730590453915,tvm
128,32,64,4,4096,64,4,[128; 32; 64; 4; 4096; 64; 4],0.21142141695600003,0.2645146084938593,tvm
512,32,16,8,64,16,1,[512; 32; 16; 8; 64; 16; 1],0.2603510100161657,0.21480252114198023,tvm
2,2,2,2,4096,16,1,[2; 2; 2; 2; 4096; 16; 1],0.33818869199603796,0.16536346322894946,tvm
2,1,8,2,1024,128,8,[2; 1; 8; 2; 1024; 128; 8],0.2428276459686458,0.23030348587472743,tvm
8,4,8,4,512,32,2,[8; 4; 8; 4; 512; 32; 2],0.1873163899872452,0.2985539777760042,tvm
56,4,32,1,128,128,8,[56; 4; 32; 1; 128; 128; 8],0.21049107692670077,0.2656837246968324,tvm
64,2,16,2,512,128,8,[64; 2; 16; 2; 512; 128; 8],0.14408151200041175,0.3881417716741723,tvm
112,1,32,16,64,16,1,[112; 1; 32; 16; 64; 16; 1],0.49477185495197773,0.1130299809368932,tvm
112,28,16,4,2048,64,4,[112; 28; 16; 4; 2048; 64; 4],0.20359498297329992,0.2746828655432408,tvm
16,1,8,4,256,64,4,[16; 1; 8; 4; 256; 64; 4],0.22410872497130185,0.24953983090348072,tvm
512,128,16,8,4096,16,1,[512; 128; 16; 8; 4096; 16; 1],0.5190508869709447,0.10774291064156073,tvm
64,16,64,8,16,16,1,[64; 16; 64; 8; 16; 16; 1],0.16924847196787596,0.33042575027766247,tvm
56,28,8,4,512,64,4,[56; 28; 8; 4; 512; 64; 4],0.10300009499769658,0.5429514733416895,tvm
28,14,32,2,1024,32,2,[28; 14; 32; 2; 1024; 32; 2],0.16146026703063399,0.34636418211003467,tvm
7,1,1,1,64,32,2,[7; 1; 1; 1; 64; 32; 2],0.12798695405945182,0.43695120134944215,tvm
16,1,16,2,64,32,2,[16; 1; 16; 2; 64; 32; 2],0.23452880105469376,0.2384528172311402,tvm
16,8,8,2,32,16,1,[16; 8; 8; 2; 32; 16; 1],0.16888701904099435,0.33113292928545773,tvm
224,7,32,8,512,32,2,[224; 7; 32; 8; 512; 32; 2],0.23241122695617378,0.24062543821895074,tvm
64,32,64,1,128,128,8,[64; 32; 64; 1; 128; 128; 8],0.24316565599292517,0.22998335478329401,tvm
4,1,16,8,1024,16,1,[4; 1; 16; 8; 1024; 16; 1],1.0152145440224558,0.05508594578615132,tvm
112,14,16,16,512,16,1,[112; 14; 16; 16; 512; 16; 1],0.2943964380538091,0.18996171863707015,tvm
4,1,1,1,4096,64,4,[4; 1; 1; 1; 4096; 64; 4],0.2876057019457221,0.1944469562146842,tvm
128,16,16,8,64,32,2,[128; 16; 16; 8; 64; 32; 2],0.2337613720446825,0.23923564806354614,tvm
2,1,32,8,256,32,2,[2; 1; 32; 8; 256; 32; 2],0.32161326601635665,0.173886027855857,tvm
16,8,16,2,2048,16,1,[16; 8; 16; 2; 2048; 16; 1],0.15841648099012673,0.3530191617930131,tvm
224,4,32,4,32,32,2,[224; 4; 32; 4; 32; 32; 2],0.3566607309039682,0.1567990207152663,tvm
8,1,1,1,512,16,1,[8; 1; 1; 1; 512; 16; 1],0.1928991909371689,0.28991336387485894,tvm
8,4,1,1,2048,32,2,[8; 4; 1; 1; 2048; 32; 2],0.2503133669961244,0.2234161683191262,tvm
56,4,4,2,64,64,4,[56; 4; 4; 2; 64; 64; 4],0.14994689403101802,0.3729590645723204,tvm
28,14,4,4,64,64,4,[28; 14; 4; 4; 64; 64; 4],0.1316658720606938,0.42474220888123626,tvm
448,224,64,8,4096,16,1,[448; 224; 64; 8; 4096; 16; 1],0.5777928070165217,0.09678911307688573,tvm
7,7,4,4,4096,32,2,[7; 7; 4; 4; 4096; 32; 2],0.15221373899839818,0.36740476714734566,tvm
448,112,16,16,1024,16,1,[448; 112; 16; 16; 1024; 16; 1],1.4610716219758615,0.038276051969105496,tvm
16,1,32,2,2048,64,4,[16; 1; 32; 2; 2048; 64; 4],0.13315803604200482,0.4199825635434578,tvm
128,32,64,4,32,32,2,[128; 32; 64; 4; 32; 32; 2],0.3182469729799777,0.17572532681041952,tvm
28,2,16,8,32,16,1,[28; 2; 16; 8; 32; 16; 1],0.31774270394816995,0.17600420918698936,tvm
4,4,4,4,2048,16,1,[4; 4; 4; 4; 2048; 16; 1],0.17510157893411815,0.31938063422246304,tvm
32,1,64,2,4096,128,8,[32; 1; 64; 2; 4096; 128; 8],0.13981166400481015,0.39999562076172196,tvm
4,4,32,1,256,16,1,[4; 4; 32; 1; 256; 16; 1],0.21875754895154387,0.2556439930935634,tvm
112,7,8,4,64,32,2,[112; 7; 8; 4; 64; 32; 2],0.33501956600230187,0.1669277230600588,tvm
8,1,16,8,256,32,2,[8; 1; 16; 8; 256; 32; 2],0.27415049297269434,0.2039903438689181,tvm
8,1,16,8,4096,32,2,[8; 1; 16; 8; 4096; 32; 2],0.5055376859381795,0.11062291672588005,tvm
2,1,8,1,128,32,2,[2; 1; 8; 1; 128; 32; 2],0.18013156298547983,0.31046226661477033,tvm
14,2,1,1,256,128,8,[14; 2; 1; 1; 256; 128; 8],0.21898483100812882,0.2553786628776009,tvm
32,32,16,1,512,128,8,[32; 32; 16; 1; 512; 128; 8],0.17380245798267424,0.32176790813227857,tvm
224,56,8,8,2048,32,2,[224; 56; 8; 8; 2048; 32; 2],0.3143198969773948,0.17792081847543767,tvm
56,14,8,4,1024,32,2,[56; 14; 8; 4; 1024; 32; 2],0.13831791700795293,0.4043153233005804,tvm
64,16,1,1,1024,128,8,[64; 16; 1; 1; 1024; 128; 8],0.2507509000133723,0.22302633143231373,tvm
112,28,64,16,4096,16,1,[112; 28; 64; 16; 4096; 16; 1],0.8006762800505385,0.06984602232727992,tvm
224,28,64,8,128,32,2,[224; 28; 64; 8; 128; 32; 2],0.1981945059960708,0.2821675255440331,tvm
14,1,16,4,256,64,4,[14; 1; 16; 4; 256; 64; 4],0.22177691606339067,0.2521635449081117,tvm
64,1,1,1,512,128,8,[64; 1; 1; 1; 512; 128; 8],0.23438162298407406,0.23860255177571368,tvm
28,14,8,4,512,64,4,[28; 14; 8; 4; 512; 64; 4],0.1090422299457714,0.5128660094455638,tvm
112,8,16,8,256,32,2,[112; 8; 16; 8; 256; 32; 2],0.22849139000754803,0.24475343833080943,tvm
16,16,32,16,4096,16,1,[16; 16; 32; 16; 4096; 16; 1],0.309922267915681,0.18044541848973664,tvm
64,16,16,2,2048,128,8,[64; 16; 16; 2; 2048; 128; 8],0.138216091087088,0.40461318861995876,tvm
14,1,8,8,4096,32,2,[14; 1; 8; 8; 4096; 32; 2],0.42335537797771394,0.1320971841682315,tvm
28,1,8,8,2048,16,1,[28; 1; 8; 8; 2048; 16; 1],0.5238243059720844,0.10676108896770749,tvm
128,4,4,4,1024,32,2,[128; 4; 4; 4; 1024; 32; 2],0.2802493899362162,0.1995510261273413,tvm
32,2,8,4,1024,32,2,[32; 2; 8; 4; 1024; 32; 2],0.3180933230323717,0.17581020814964438,tvm
28,4,32,2,2048,64,4,[28; 4; 32; 2; 2048; 64; 4],0.1354211049620062,0.41296408967437837,tvm
4,2,16,4,16,16,1,[4; 2; 16; 4; 16; 16; 1],0.33229976694565266,0.1682939890309332,tvm
256,64,64,16,2048,16,1,[256; 64; 64; 16; 2048; 16; 1],1.273707365966402,0.04390651638486992,tvm
16,2,16,16,16,16,1,[16; 2; 16; 16; 16; 16; 1],0.4008066540118307,0.1395287547588534,tvm
4,1,8,2,16,16,1,[4; 1; 8; 2; 16; 16; 1],0.24700246809516102,0.22641090902698122,tvm
56,4,8,2,128,64,4,[56; 4; 8; 2; 128; 64; 4],0.1410885261138901,0.3963756293562105,tvm
28,28,64,4,512,64,4,[28; 28; 64; 4; 512; 64; 4],0.1042883429909125,0.5362445286737988,tvm
64,2,8,8,256,32,2,[64; 2; 8; 8; 256; 32; 2],0.33861067600082606,0.16515738367681268,tvm
56,14,64,16,32,16,1,[56; 14; 64; 16; 32; 16; 1],0.2261969599639997,0.24723609610948755,tvm
224,8,16,4,4096,32,2,[224; 8; 16; 4; 4096; 32; 2],0.25617682293523103,0.21830254857783354,tvm
64,32,16,8,4096,32,2,[64; 32; 16; 8; 4096; 32; 2],0.1791607440682128,0.3121445695271341,tvm
1,1,32,1,256,64,4,[1; 1; 32; 1; 256; 64; 4],0.4445960680022836,0.12578620765725282,tvm
56,28,2,1,512,128,8,[56; 28; 2; 1; 512; 128; 8],0.19408825493883342,0.2881372360782867,tvm
128,1,16,4,64,32,2,[128; 1; 16; 4; 64; 32; 2],0.41956774704158306,0.13328968617740472,tvm
16,4,8,4,512,16,1,[16; 4; 8; 4; 512; 16; 1],0.21768740704283118,0.25690072794302693,tvm
256,128,8,8,512,16,1,[256; 128; 8; 8; 512; 16; 1],0.4245440309168771,0.13172733394120642,tvm
16,16,8,1,2048,32,2,[16; 16; 8; 1; 2048; 32; 2],0.1443476740969345,0.38742607862027884,tvm
32,4,16,8,64,32,2,[32; 4; 16; 8; 64; 32; 2],0.18778714397922158,0.29780554807053916,tvm
28,1,64,4,256,64,4,[28; 1; 64; 4; 256; 64; 4],0.21558221499435604,0.25940940134972373,tvm
8,8,8,1,1024,16,1,[8; 8; 8; 1; 1024; 16; 1],0.15684937802143395,0.3565462231268213,tvm
128,16,16,4,128,32,2,[128; 16; 16; 4; 128; 32; 2],0.2555929709924385,0.21880121787460188,tvm
112,2,32,2,1024,64,4,[112; 2; 32; 2; 1024; 64; 4],0.41021453798748553,0.13632879421508806,tvm
28,28,32,2,2048,32,2,[28; 28; 32; 2; 2048; 32; 2],0.14879864896647632,0.37583710417917016,tvm
56,2,16,8,256,32,2,[56; 2; 16; 8; 256; 32; 2],0.2752960609504953,0.20314149479744933,tvm
16,16,2,2,32,16,1,[16; 16; 2; 2; 32; 16; 1],0.224699770915322,0.24888344614471497,tvm
64,1,16,2,512,128,8,[64; 1; 16; 2; 512; 128; 8],0.16089398798067123,0.34758323810117564,tvm
448,7,8,8,16,16,1,[448; 7; 8; 8; 16; 16; 1],0.30024144100025296,0.1862636055403365,tvm
32,2,16,16,512,16,1,[32; 2; 16; 16; 512; 16; 1],0.528786645969376,0.10575920129528404,tvm
4,4,16,8,4096,16,1,[4; 4; 16; 8; 4096; 16; 1],0.5969883659854531,0.09367695673770642,tvm
8,1,4,2,4096,64,4,[8; 1; 4; 2; 4096; 64; 4],0.17454886494670063,0.32039196216148425,tvm
112,14,64,8,64,32,2,[112; 14; 64; 8; 64; 32; 2],0.20306947990320623,0.2753936896868487,tvm
8,2,2,2,4096,128,8,[8; 2; 2; 2; 4096; 128; 8],0.18575897603295743,0.3010570715216005,tvm
112,56,8,2,1024,64,4,[112; 56; 8; 2; 1024; 64; 4],0.3764507710002363,0.14855608658933583,tvm
256,2,4,4,64,32,2,[256; 2; 4; 4; 64; 32; 2],0.43282482004724443,0.12920713125284503,tvm
8,2,16,8,64,32,2,[8; 2; 16; 8; 64; 32; 2],0.2585353320464492,0.21631106623092375,tvm
28,28,32,4,256,32,2,[28; 28; 32; 4; 256; 32; 2],0.12048239994328469,0.46416782334730017,tvm
8,4,4,2,4096,16,1,[8; 4; 4; 2; 4096; 16; 1],0.20528623007703573,0.27241989544231615,tvm
28,2,64,2,4096,64,4,[28; 2; 64; 2; 4096; 64; 4],0.1576329090166837,0.3547739725301548,tvm
56,1,16,2,128,128,8,[56; 1; 16; 2; 128; 128; 8],0.13071185897570103,0.42784223077822997,tvm
28,2,64,1,1024,128,8,[28; 2; 64; 1; 1024; 128; 8],0.19585449807345867,0.2855387743627825,tvm
112,4,8,8,4096,32,2,[112; 4; 8; 8; 4096; 32; 2],0.4003089499892667,0.13970223082654734,tvm
32,32,4,4,1024,32,2,[32; 32; 4; 4; 1024; 32; 2],0.13514799100812525,0.4137986285713349,tvm
128,8,64,4,128,32,2,[128; 8; 64; 4; 128; 32; 2],0.2563083400018513,0.21819053306236308,tvm
28,1,8,1,4096,16,1,[28; 1; 8; 1; 4096; 16; 1],0.33406039292458445,0.1674070153714943,tvm
128,32,64,8,256,16,1,[128; 32; 64; 8; 256; 16; 1],0.21754455391783267,0.2570694247508308,tvm
2,2,8,2,2048,128,8,[2; 2; 8; 2; 2048; 128; 8],0.27294189506210387,0.20489362148162946,tvm
224,16,64,8,4096,32,2,[224; 16; 64; 8; 4096; 32; 2],0.2240561560029164,0.24959837895552134,tvm
8,2,2,2,32,16,1,[8; 2; 2; 2; 32; 16; 1],0.1511812190292403,0.36991402564704107,tvm
64,1,32,4,64,32,2,[64; 1; 32; 4; 64; 32; 2],0.2871776430401951,0.19473679337045702,tvm
8,2,16,8,512,32,2,[8; 2; 16; 8; 512; 32; 2],0.32837771298363805,0.17030404659685244,tvm
224,8,16,16,256,16,1,[224; 8; 16; 16; 256; 16; 1],0.31969654303975403,0.17492855193738902,tvm
16,1,4,2,256,128,8,[16; 1; 4; 2; 256; 128; 8],0.1412034759996459,0.39605295080323366,tvm
14,1,32,4,1024,32,2,[14; 1; 32; 4; 1024; 32; 2],0.35865310300141573,0.1559279784988019,tvm
4,4,8,4,128,16,1,[4; 4; 8; 4; 128; 16; 1],0.1658052649581805,0.3372875604851181,tvm
7,7,64,2,64,32,2,[7; 7; 64; 2; 64; 32; 2],0.1371874070027843,0.40764713434811345,tvm
16,1,32,1,1024,64,4,[16; 1; 32; 1; 1024; 64; 4],0.2133943949593231,0.2620689889441261,tvm
32,2,64,16,128,16,1,[32; 2; 64; 16; 128; 16; 1],0.40579323994461447,0.1378141571332392,tvm
32,4,4,2,128,64,4,[32; 4; 4; 2; 128; 64; 4],0.1517660180106759,0.3684886384078377,tvm
224,1,8,8,64,16,1,[224; 1; 8; 8; 64; 16; 1],0.5037471289979294,0.11101612319772289,tvm
4,1,64,1,32,16,1,[4; 1; 64; 1; 32; 16; 1],0.2550997950602323,0.2192242189772397,tvm
64,2,4,4,4096,32,2,[64; 2; 4; 4; 4096; 32; 2],0.36264601396396756,0.15421113477036574,tvm
16,8,16,4,512,64,4,[16; 8; 16; 4; 512; 64; 4],0.12905941298231483,0.433320220827261,tvm
28,2,32,8,16,16,1,[28; 2; 32; 8; 16; 16; 1],0.32125422405079007,0.1740803673432533,tvm
14,14,2,1,256,16,1,[14; 14; 2; 1; 256; 16; 1],0.19188392092473805,0.2914473138959268,tvm
56,1,32,8,4096,32,2,[56; 1; 32; 8; 4096; 32; 2],0.4746478460729122,0.11782219975510572,tvm
128,32,16,16,256,16,1,[128; 32; 16; 16; 256; 16; 1],0.4301684210076928,0.13000501803997655,tvm
4,2,32,4,128,16,1,[4; 2; 32; 4; 128; 16; 1],0.2742901280289516,0.20388649688271135,tvm
8,2,16,1,4096,32,2,[8; 2; 16; 1; 4096; 32; 2],0.17820429301355034,0.3138198995524814,tvm
28,14,4,1,512,128,8,[28; 14; 4; 1; 512; 128; 8],0.19935043598525226,0.2805313821208324,tvm
128,32,32,8,512,32,2,[128; 32; 32; 8; 512; 32; 2],0.18476194189861417,0.3026816711204571,tvm
56,14,8,4,2048,32,2,[56; 14; 8; 4; 2048; 32; 2],0.14181181997992098,0.39435396387446103,tvm
16,1,2,2,4096,16,1,[16; 1; 2; 2; 4096; 16; 1],0.21152539702598006,0.26438458038428647,tvm
4,4,16,1,4096,32,2,[4; 4; 16; 1; 4096; 32; 2],0.28989265707787126,0.19291296956966716,tvm
64,8,16,8,512,16,1,[64; 8; 16; 8; 512; 16; 1],0.2291424940340221,0.24405797610385602,tvm
256,8,32,4,128,32,2,[256; 8; 32; 4; 128; 32; 2],0.24748480902053416,0.22596964053940474,tvm
14,2,16,1,256,16,1,[14; 2; 16; 1; 256; 16; 1],0.16354598198086023,0.3419469720746678,tvm
224,2,32,4,128,32,2,[224; 2; 32; 4; 128; 32; 2],0.36950264300685376,0.1513495353598757,tvm
8,8,64,1,512,128,8,[8; 8; 64; 1; 512; 128; 8],0.13012887095101178,0.42975899909549253,tvm
16,4,4,4,4096,64,4,[16; 4; 4; 4; 4096; 64; 4],0.18580472096800804,0.30098295157399346,tvm
112,1,32,2,64,64,4,[112; 1; 32; 2; 64; 64; 4],0.527431613067165,0.1060309089326653,tvm
16,8,8,2,128,64,4,[16; 8; 8; 2; 128; 64; 4],0.15204397996421903,0.36781497923491685,tvm
128,8,4,2,64,64,4,[128; 8; 4; 2; 64; 64; 4],0.557880174019374,0.10024384435534936,tvm
4,4,2,1,1024,64,4,[4; 4; 2; 1; 1024; 64; 4],0.11815236299298704,0.47332149706267596,tvm
28,1,8,1,64,16,1,[28; 1; 8; 1; 64; 16; 1],0.41455657104961574,0.13490089710009717,tvm
112,56,64,4,64,32,2,[112; 56; 64; 4; 64; 32; 2],0.2725981540279463,0.20515198840121307,tvm
16,2,64,1,1024,64,4,[16; 2; 64; 1; 1024; 64; 4],0.12358836503699422,0.45250257430457436,tvm
8,2,4,4,2048,64,4,[8; 2; 4; 4; 2048; 64; 4],0.28360652492847294,0.1971888811353606,tvm
128,4,8,4,128,64,4,[128; 4; 8; 4; 128; 64; 4],0.30456626997329295,0.18361866971755358,tvm
224,32,32,4,64,32,2,[224; 32; 32; 4; 64; 32; 2],0.2877302939305082,0.19436275746077664,tvm
2,2,8,8,256,32,2,[2; 2; 8; 8; 256; 32; 2],0.25628972705453634,0.2182063790697048,tvm
14,1,4,4,512,16,1,[14; 1; 4; 4; 512; 16; 1],0.3169399070320651,0.17645002125805334,tvm
32,2,32,4,128,32,2,[32; 2; 32; 4; 128; 32; 2],0.2552532550180331,0.21909241991598666,tvm
28,1,8,2,2048,128,8,[28; 1; 8; 2; 2048; 128; 8],0.1172727569937706,0.47687165175373136,tvm
16,4,2,1,64,64,4,[16; 4; 2; 1; 64; 64; 4],0.14999736100435257,0.37283358159688257,tvm
4,4,32,8,1024,16,1,[4; 4; 32; 8; 1024; 16; 1],0.9493248010985553,0.05890929349851412,tvm
448,7,64,8,1024,16,1,[448; 7; 64; 8; 1024; 16; 1],0.31230534007772803,0.17906851454866154,tvm
28,2,2,2,64,16,1,[28; 2; 2; 2; 64; 16; 1],0.2444663910428062,0.22875967978576245,tvm
16,4,64,4,4096,64,4,[16; 4; 64; 4; 4096; 64; 4],0.2590322899632156,0.21589606971885608,tvm
32,4,32,2,4096,128,8,[32; 4; 32; 2; 4096; 128; 8],0.13020915305241942,0.429494025745022,tvm
112,1,32,4,256,32,2,[112; 1; 32; 4; 256; 32; 2],0.351453596027568,0.15912215429130694,tvm
256,1,64,16,256,16,1,[256; 1; 64; 16; 256; 16; 1],0.5780476280488074,0.09674644548253625,tvm
28,1,2,2,4096,64,4,[28; 1; 2; 2; 4096; 64; 4],0.15077965403907,0.3708992018169925,tvm
8,4,4,1,128,32,2,[8; 4; 4; 1; 128; 32; 2],0.15900802507530898,0.351705854511725,tvm
256,256,64,4,4096,32,2,[256; 256; 64; 4; 4096; 32; 2],0.3323230129899457,0.16828221684131545,tvm
56,14,32,1,2048,128,8,[56; 14; 32; 1; 2048; 128; 8],0.2008932699682191,0.2783769378744266,tvm
16,1,16,16,512,16,1,[16; 1; 16; 16; 512; 16; 1],0.4693506360054016,0.11915197092156432,tvm
56,28,16,2,2048,64,4,[56; 28; 16; 2; 2048; 64; 4],0.13030410395003855,0.4291810590614693,tvm
4,4,2,2,256,64,4,[4; 4; 2; 2; 256; 64; 4],0.13765962491743267,0.4062487702322029,tvm
16,2,8,2,2048,32,2,[16; 2; 8; 2; 2048; 32; 2],0.13117595599032938,0.4263285364389202,tvm
256,2,16,4,64,32,2,[256; 2; 16; 4; 64; 32; 2],0.3640884399646893,0.15360018939013023,tvm
7,7,32,16,4096,16,1,[7; 7; 32; 16; 4096; 16; 1],0.4804059839807451,0.11640998488389936,tvm
16,8,64,1,1024,64,4,[16; 8; 64; 1; 1024; 64; 4],0.12559282395523041,0.4452806424136809,tvm
64,4,8,2,64,64,4,[64; 4; 8; 2; 64; 64; 4],0.16863690700847656,0.3316240455627089,tvm
64,2,16,16,32,16,1,[64; 2; 16; 16; 32; 16; 1],0.41791924904100597,0.1338154522952976,tvm
28,2,32,4,1024,32,2,[28; 2; 32; 4; 1024; 32; 2],0.32486222800798714,0.1721469857430097,tvm
112,28,8,4,1024,64,4,[112; 28; 8; 4; 1024; 64; 4],0.20160575199406594,0.27739314369849627,tvm
7,7,64,1,4096,32,2,[7; 7; 64; 1; 4096; 32; 2],0.21528627001680434,0.25976600053950555,tvm
16,4,32,8,4096,32,2,[16; 4; 32; 8; 4096; 32; 2],0.4889809319283813,0.11436857693568359,tvm
16,8,8,2,2048,128,8,[16; 8; 8; 2; 2048; 128; 8],0.13045410497579724,0.4286875705728751,tvm
128,1,2,2,1024,64,4,[128; 1; 2; 2; 1024; 64; 4],0.3785041749943048,0.14775016242337302,tvm
1,1,32,2,1024,64,4,[1; 1; 32; 2; 1024; 64; 4],0.8296430699992925,0.06740736511350721,tvm
14,1,8,1,256,32,2,[14; 1; 8; 1; 256; 32; 2],0.139848429011181,0.39989046518972454,tvm
256,256,8,8,32,32,2,[256; 256; 8; 8; 32; 32; 2],0.43220643897075206,0.12939199486826197,tvm
16,4,8,4,64,16,1,[16; 4; 8; 4; 64; 16; 1],0.24086330097634345,0.23218171098147472,tvm
7,1,16,4,64,16,1,[7; 1; 16; 4; 64; 16; 1],0.30827952502295375,0.1814069660616266,tvm
28,4,32,1,4096,64,4,[28; 4; 32; 1; 4096; 64; 4],0.2379545799922198,0.23501986528337399,tvm
16,4,4,1,128,16,1,[16; 4; 4; 1; 128; 16; 1],0.28308902692515403,0.19754935025481968,tvm
32,2,16,8,256,32,2,[32; 2; 16; 8; 256; 32; 2],0.2716736299917102,0.20585013471877928,tvm
128,1,64,4,4096,64,4,[128; 1; 64; 4; 4096; 64; 4],0.41577897605020553,0.13450428365714306,tvm
56,1,32,8,256,32,2,[56; 1; 32; 8; 256; 32; 2],0.2817744209896773,0.1984710078967107,tvm
14,1,16,1,1024,64,4,[14; 1; 16; 1; 1024; 64; 4],0.19986574398353696,0.2798080962685623,tvm
28,14,32,8,64,32,2,[28; 14; 32; 8; 64; 32; 2],0.13809060293715447,0.40498087591655,tvm
256,8,4,4,32,32,2,[256; 8; 4; 4; 32; 32; 2],0.31665350508410484,0.1766096140905802,tvm
16,16,16,2,128,32,2,[16; 16; 16; 2; 128; 32; 2],0.14063482906203717,0.39765436276574123,tvm
512,32,64,16,32,16,1,[512; 32; 64; 16; 32; 16; 1],0.4250436390284449,0.13157249797023965,tvm
8,2,4,1,16,16,1,[8; 2; 4; 1; 16; 16; 1],0.1991326310671866,0.28083821839558165,tvm
4,2,4,1,2048,128,8,[4; 2; 4; 1; 2048; 128; 8],0.1745372039731592,0.32041336781087365,tvm
14,2,64,2,512,16,1,[14; 2; 64; 2; 512; 16; 1],0.1550783619750291,0.3606180296277458,tvm
224,8,64,8,128,16,1,[224; 8; 64; 8; 128; 16; 1],0.27177973894868046,0.2057697661704405,tvm
16,1,16,2,1024,16,1,[16; 1; 16; 2; 1024; 16; 1],0.1673209749860689,0.33423217464510685,tvm
112,28,32,8,64,16,1,[112; 28; 32; 8; 64; 16; 1],0.23644064203836024,0.23652470595245714,tvm
28,2,4,1,1024,16,1,[28; 2; 4; 1; 1024; 16; 1],0.24959895096253604,0.22405564253243734,tvm
112,8,32,4,512,64,4,[112; 8; 32; 4; 512; 64; 4],0.23741797194816172,0.23555105316771846,tvm
8,1,4,1,4096,16,1,[8; 1; 4; 1; 4096; 16; 1],0.1636234309989959,0.3417851159329162,tvm
28,28,16,2,2048,32,2,[28; 28; 16; 2; 2048; 32; 2],0.13891147496178746,0.40258771529650256,tvm
16,2,16,16,4096,16,1,[16; 2; 16; 16; 4096; 16; 1],1.5227341409772635,0.03672607832739751,tvm
56,1,32,8,32,16,1,[56; 1; 32; 8; 32; 16; 1],0.32209703198168427,0.17362486387801737,tvm
28,2,16,8,32,32,2,[28; 2; 16; 8; 32; 32; 2],0.2700743969762698,0.20706906674403175,tvm
28,2,32,4,16,16,1,[28; 2; 32; 4; 16; 16; 1],0.32024416397325695,0.17462942224921688,tvm
7,7,32,2,128,64,4,[7; 7; 32; 2; 128; 64; 4],0.12719731498509645,0.4396637880279618,tvm
56,1,4,1,4096,128,8,[56; 1; 4; 1; 4096; 128; 8],0.18984433903824538,0.29457846157881523,tvm
14,2,8,1,256,64,4,[14; 2; 8; 1; 256; 64; 4],0.15689443005248904,0.3564438413436598,tvm
16,16,8,8,32,16,1,[16; 16; 8; 8; 32; 16; 1],0.3138797900173813,0.17817029038485244,tvm
14,14,16,8,16,16,1,[14; 14; 16; 8; 16; 16; 1],0.18141008098609746,0.30827423167083606,tvm
14,2,2,2,512,32,2,[14; 2; 2; 2; 512; 32; 2],0.12641296698711812,0.44239174719340435,tvm
8,2,8,1,128,16,1,[8; 2; 8; 1; 128; 16; 1],0.21277470793575048,0.26283224108675635,tvm
224,224,16,8,64,32,2,[224; 224; 16; 8; 64; 32; 2],0.46543153608217835,0.1201552731129486,tvm
112,56,16,2,2048,64,4,[112; 56; 16; 2; 2048; 64; 4],0.3791683360468596,0.1474913594220113,tvm
128,128,16,4,256,64,4,[128; 128; 16; 4; 256; 64; 4],0.2782218710053712,0.2010052377667092,tvm
56,4,64,4,64,32,2,[56; 4; 64; 4; 64; 32; 2],0.1840271019609645,0.3038903114672525,tvm
4,1,32,1,4096,16,1,[4; 1; 32; 1; 4096; 16; 1],0.3704931860556826,0.15094489031959776,tvm
112,14,64,8,128,16,1,[112; 14; 64; 8; 128; 16; 1],0.23997712996788323,0.23303909560389274,tvm
28,4,2,2,256,128,8,[28; 4; 2; 2; 256; 128; 8],0.1325692490208894,0.42184785496160715,tvm
224,7,64,16,32,16,1,[224; 7; 64; 16; 32; 16; 1],0.3705256169196218,0.15093167861984816,tvm
56,8,64,2,512,128,8,[56; 8; 64; 2; 512; 128; 8],0.11889231891836971,0.47037566297054256,tvm
16,4,32,1,2048,16,1,[16; 4; 32; 1; 2048; 16; 1],0.16958779492415488,0.32976461164757975,tvm
1,1,64,8,16,16,1,[1; 1; 64; 8; 16; 16; 1],0.6623855551006272,0.08442825013724455,tvm
7,7,16,4,4096,64,4,[7; 7; 16; 4; 4096; 64; 4],0.18865467293653637,0.29643608855713977,tvm
7,1,64,1,128,128,8,[7; 1; 64; 1; 128; 128; 8],0.15024690609425306,0.37221434229235306,tvm
28,4,8,2,256,32,2,[28; 4; 8; 2; 256; 32; 2],0.1708209440112114,0.32738405502350404,tvm
56,1,16,2,256,64,4,[56; 1; 16; 2; 256; 64; 4],0.1389953560428694,0.4023447611881728,tvm
16,2,32,2,4096,128,8,[16; 2; 32; 2; 4096; 128; 8],0.1521907189162448,0.367460340102014,tvm
16,8,16,2,4096,16,1,[16; 8; 16; 2; 4096; 16; 1],0.1657260590000078,0.3374487613521945,tvm
64,4,64,16,1024,16,1,[64; 4; 64; 16; 1024; 16; 1],0.799996281042695,0.06990539163562527,tvm
112,16,16,2,128,64,4,[112; 16; 16; 2; 128; 64; 4],0.4872845009667799,0.11476673939429463,tvm
32,32,32,8,128,32,2,[32; 32; 32; 8; 128; 32; 2],0.12526967795565724,0.44642928956143113,tvm
2,1,4,1,2048,64,4,[2; 1; 4; 1; 2048; 64; 4],0.23908424796536565,0.23390940143172725,tvm
112,14,8,4,1024,64,4,[112; 14; 8; 4; 1024; 64; 4],0.2121670749038458,0.26358497593784586,tvm
128,2,16,4,64,32,2,[128; 2; 16; 4; 64; 32; 2],0.3745231470093131,0.14932068626439982,tvm
64,2,32,8,256,32,2,[64; 2; 32; 8; 256; 32; 2],0.30225665599573404,0.18502174302531366,tvm
32,16,2,2,128,64,4,[32; 16; 2; 2; 128; 64; 4],0.1544563809875399,0.3620702037415001,tvm
28,28,64,8,512,32,2,[28; 28; 64; 8; 512; 32; 2],0.11981196189299226,0.4667651914696199,tvm
224,28,32,4,2048,32,2,[224; 28; 32; 4; 2048; 32; 2],0.2200715719955042,0.25411757105309263,tvm
56,14,4,4,64,32,2,[56; 14; 4; 4; 64; 32; 2],0.13187034602742642,0.42408361711360215,tvm
224,1,64,8,2048,32,2,[224; 1; 64; 8; 2048; 32; 2],0.49231922102626413,0.11359307324373165,tvm
28,4,8,2,512,64,4,[28; 4; 8; 2; 512; 64; 4],0.13022135698702186,0.4294537749203984,tvm
14,1,64,8,512,32,2,[14; 1; 64; 8; 512; 32; 2],0.3449954770039767,0.1621008304775216,tvm
14,1,8,2,64,32,2,[14; 1; 8; 2; 64; 32; 2],0.22010128805413842,0.25408326242769497,tvm
128,128,16,8,1024,32,2,[128; 128; 16; 8; 1024; 32; 2],0.40237804409116507,0.13898385897184504,tvm
224,28,4,4,1024,32,2,[224; 28; 4; 4; 1024; 32; 2],0.2308869919506833,0.24221396303382275,tvm
112,56,32,4,1024,64,4,[112; 56; 32; 4; 1024; 64; 4],0.2103625510353595,0.26584605034540176,tvm
14,2,64,2,32,32,2,[14; 2; 64; 2; 32; 32; 2],0.13448980799876153,0.41582372795006384,tvm
16,1,2,2,256,16,1,[16; 1; 2; 2; 256; 16; 1],0.1575321169802919,0.35500096364685896,tvm
128,4,32,4,1024,32,2,[128; 4; 32; 4; 1024; 32; 2],0.2734267460182309,0.20453029613132492,tvm
16,8,4,1,32,16,1,[16; 8; 4; 1; 32; 16; 1],0.3750779021065682,0.14909983504558483,tvm
56,14,32,8,256,16,1,[56; 14; 32; 8; 256; 16; 1],0.1620289220008999,0.3451485860840494,tvm
56,14,16,1,256,128,8,[56; 14; 16; 1; 256; 128; 8],0.20751922100316733,0.2694885469547892,tvm
256,32,8,8,64,32,2,[256; 32; 8; 8; 64; 32; 2],0.23855118791107088,0.23443208907507587,tvm
112,1,4,4,512,32,2,[112; 1; 4; 4; 512; 32; 2],0.3544769349973649,0.15776499910706196,tvm
14,7,16,1,128,16,1,[14; 7; 16; 1; 128; 16; 1],0.17372288892511278,0.32191528519561213,tvm
28,14,8,4,1024,64,4,[28; 14; 8; 4; 1024; 64; 4],0.11404661100823432,0.49036137802723084,tvm
2,2,64,2,512,16,1,[2; 2; 64; 2; 512; 16; 1],0.6096734340535477,0.09172788284624768,tvm
1,1,2,1,1024,64,4,[1; 1; 2; 1; 1024; 64; 4],0.3992526299552992,0.14007184708988557,tvm
16,4,64,4,256,16,1,[16; 4; 64; 4; 256; 16; 1],0.22098582901526242,0.2530662422225768,tvm
14,14,1,1,256,16,1,[14; 14; 1; 1; 256; 16; 1],0.1839913340518251,0.303949387733561,tvm
224,28,64,16,2048,16,1,[224; 28; 64; 16; 2048; 16; 1],0.8370467950589955,0.06681114325202306,tvm
28,4,32,8,32,32,2,[28; 4; 32; 8; 32; 32; 2],0.1867505330592394,0.29945860082548514,tvm
14,7,64,1,64,32,2,[14; 7; 64; 1; 64; 32; 2],0.14115075091831386,0.39620089138383296,tvm
224,8,16,4,512,32,2,[224; 8; 16; 4; 512; 32; 2],0.2258311560144648,0.2476365720315018,tvm
128,8,16,2,256,64,4,[128; 8; 16; 2; 256; 64; 4],0.4697213650215417,0.11905792986607842,tvm
2,2,8,4,64,64,4,[2; 2; 8; 4; 64; 64; 4],0.23322552896570414,0.23978529958252115,tvm
224,28,16,8,1024,16,1,[224; 28; 16; 8; 1024; 16; 1],0.2193921610014513,0.25490451927752966,tvm
64,8,16,8,16,16,1,[64; 8; 16; 8; 16; 16; 1],0.19269414397422224,0.29022186237696257,tvm
4,2,16,1,2048,64,4,[4; 2; 16; 1; 2048; 64; 4],0.2132064689649269,0.2622999836957715,tvm
7,1,4,4,512,64,4,[7; 1; 4; 4; 512; 64; 4],0.22819501906633377,0.24507131471207455,tvm
64,32,16,8,256,16,1,[64; 32; 16; 8; 256; 16; 1],0.19546477508265525,0.2861080893459448,tvm
448,112,64,16,16,16,1,[448; 112; 64; 16; 16; 16; 1],0.6121646229876205,0.09135459847450912,tvm
112,56,64,8,1024,32,2,[112; 56; 64; 8; 1024; 32; 2],0.3668638300150633,0.15243817666908485,tvm
4,1,32,4,128,32,2,[4; 1; 32; 4; 128; 32; 2],0.22995446191634983,0.24319620879405565,tvm
28,7,1,1,256,64,4,[28; 7; 1; 1; 256; 64; 4],0.23301224200986326,0.24000478623336066,tvm
56,14,32,2,512,128,8,[56; 14; 32; 2; 512; 128; 8],0.11882193200290203,0.47065430085724813,tvm
16,1,64,4,128,64,4,[16; 1; 64; 4; 128; 64; 4],0.22809569106902927,0.24517803502219107,tvm
4,4,2,1,4096,16,1,[4; 4; 2; 1; 4096; 16; 1],0.22035396203864366,0.2537919119581153,tvm
16,1,8,8,512,32,2,[16; 1; 8; 8; 512; 32; 2],0.316326203988865,0.17679235114932784,tvm
128,16,32,8,128,32,2,[128; 16; 32; 8; 128; 32; 2],0.20216843707021326,0.2766210895418401,tvm
56,8,2,1,1024,128,8,[56; 8; 2; 1; 1024; 128; 8],0.19051878002937883,0.2935356468517676,tvm
56,56,8,8,512,32,2,[56; 56; 8; 8; 512; 32; 2],0.20872226601932198,0.267935253865806,tvm
7,7,8,8,4096,32,2,[7; 7; 8; 8; 4096; 32; 2],0.31139949103817344,0.1795894179110196,tvm
2,1,2,2,32,16,1,[2; 1; 2; 2; 32; 16; 1],0.25403250998351723,0.22014526147445435,tvm
56,28,32,2,64,64,4,[56; 28; 32; 2; 64; 64; 4],0.1515310009708628,0.3690601459439096,tvm
112,2,32,4,64,32,2,[112; 2; 32; 4; 64; 32; 2],0.4580495139816776,0.12209172071203278,tvm
1,1,16,1,256,16,1,[1; 1; 16; 1; 256; 16; 1],0.446340917958878,0.12529448025754542,tvm
8,4,64,1,32,32,2,[8; 4; 64; 1; 32; 32; 2],0.13823284197133034,0.404564158095889,tvm
8,4,16,2,1024,32,2,[8; 4; 16; 2; 1024; 32; 2],0.14097330800723284,0.3966995889070296,tvm
8,2,1,1,4096,64,4,[8; 2; 1; 1; 4096; 64; 4],0.24525618401821703,0.228023010132048,tvm
14,7,32,8,2048,32,2,[14; 7; 32; 8; 2048; 32; 2],0.22853939794003963,0.24470202440983832,tvm
14,2,8,1,512,16,1,[14; 2; 8; 1; 512; 16; 1],0.1701524459058419,0.3286702876095023,tvm
14,7,32,1,2048,64,4,[14; 7; 32; 1; 2048; 64; 4],0.12655180296860635,0.4419064131959178,tvm
56,28,32,2,256,128,8,[56; 28; 32; 2; 256; 128; 8],0.1295649429084733,0.43162951395609345,tvm
7,1,64,2,4096,128,8,[7; 1; 64; 2; 4096; 128; 8],0.16155614098533988,0.34615863558172055,tvm
4,1,4,4,1024,32,2,[4; 1; 4; 4; 1024; 32; 2],0.3554514959687367,0.1573324461075051,tvm
8,2,64,1,16,16,1,[8; 2; 64; 1; 16; 16; 1],0.1987177439732477,0.2814245583467478,tvm
28,4,16,4,256,32,2,[28; 4; 16; 4; 256; 32; 2],0.1789376720553264,0.312533703445309,tvm
2,1,16,2,1024,128,8,[2; 1; 16; 2; 1024; 128; 8],0.3384917809162289,0.16521539513295777,tvm
32,16,16,2,2048,128,8,[32; 16; 16; 2; 2048; 128; 8],0.1188184799393639,0.470667974896437,tvm
56,4,1,1,1024,128,8,[56; 4; 1; 1; 1024; 128; 8],0.19960086198989302,0.280179417943421,tvm
8,8,4,4,32,32,2,[8; 8; 4; 4; 32; 32; 2],0.13796397496480495,0.40535258097340077,tvm
28,4,64,8,1024,32,2,[28; 4; 64; 8; 1024; 32; 2],0.28207179298624396,0.19826177137839737,tvm
56,56,16,8,2048,32,2,[56; 56; 16; 8; 2048; 32; 2],0.2621771569829434,0.21330635352404714,tvm
7,7,16,8,512,16,1,[7; 7; 16; 8; 512; 16; 1],0.20627911598421633,0.27110865327546013,tvm
256,256,16,16,2048,16,1,[256; 256; 16; 16; 2048; 16; 1],1.496973304077983,0.037358083261062644,tvm
14,2,2,1,1024,32,2,[14; 2; 2; 1; 1024; 32; 2],0.16514274897053838,0.3386406831783467,tvm
128,2,16,8,32,32,2,[128; 2; 16; 8; 32; 32; 2],0.46529683691915125,0.12019005696153175,tvm
128,64,8,8,32,16,1,[128; 64; 8; 8; 32; 16; 1],0.4071377129293978,0.13735905949599708,tvm
64,8,4,1,256,128,8,[64; 8; 4; 1; 256; 128; 8],0.2425116120139137,0.23060361056082043,tvm
28,7,8,2,1024,16,1,[28; 7; 8; 2; 1024; 16; 1],0.1855628420598805,0.30137527919133095,tvm
56,8,16,16,128,16,1,[56; 8; 16; 16; 128; 16; 1],0.23793898103758693,0.23503527286476478,tvm
16,2,32,4,4096,16,1,[16; 2; 32; 4; 4096; 16; 1],0.4177178640384227,0.1338799657564784,tvm
2,1,4,1,256,64,4,[2; 1; 4; 1; 256; 64; 4],0.21835380897391587,0.2561166832679979,tvm
16,8,8,4,4096,16,1,[16; 8; 8; 4; 4096; 16; 1],0.18653595994692296,0.29980306933443823,tvm
112,28,64,8,2048,32,2,[112; 28; 64; 8; 2048; 32; 2],0.19162943703122437,0.29183435593050866,tvm
112,7,64,8,1024,16,1,[112; 7; 64; 8; 1024; 16; 1],0.29892069997731596,0.1870865863005714,tvm
32,8,8,8,4096,32,2,[32; 8; 8; 8; 4096; 32; 2],0.18516623100731522,0.30202080060226527,tvm
28,1,32,1,2048,32,2,[28; 1; 32; 1; 2048; 32; 2],0.2933423899812624,0.19064429568773048,tvm
16,8,8,4,512,32,2,[16; 8; 8; 4; 512; 32; 2],0.1436141210142523,0.3894049759061187,tvm
56,7,16,1,1024,128,8,[56; 7; 16; 1; 1024; 128; 8],0.191544697037898,0.2919634643932142,tvm
224,32,64,8,2048,32,2,[224; 32; 64; 8; 2048; 32; 2],0.1929603930329904,0.2898214107792163,tvm
112,2,32,16,1024,16,1,[112; 2; 32; 16; 1024; 16; 1],1.6015668279724196,0.03491833893945785,tvm
56,8,2,2,4096,128,8,[56; 8; 2; 2; 4096; 128; 8],0.13832878204993904,0.40428356633071344,tvm
64,8,32,1,256,128,8,[64; 8; 32; 1; 256; 128; 8],0.24080553196836263,0.2322374111433649,tvm
16,2,8,2,128,128,8,[16; 2; 8; 2; 128; 128; 8],0.14896826003678143,0.37540918662489076,tvm
128,128,64,8,256,32,2,[128; 128; 64; 8; 256; 32; 2],0.31496365100611,0.1775571662148673,tvm
16,8,4,2,2048,32,2,[16; 8; 4; 2; 2048; 32; 2],0.16300396400038153,0.3430840082711267,tvm
64,64,4,1,1024,128,8,[64; 64; 4; 1; 1024; 128; 8],0.33564407599624246,0.16661713205377535,tvm
28,7,32,1,64,16,1,[28; 7; 32; 1; 64; 16; 1],0.20569371397141367,0.2718802254749768,tvm
32,2,64,8,256,16,1,[32; 2; 64; 8; 256; 16; 1],0.31290662195533514,0.17872441619760937,tvm
7,7,64,8,1024,32,2,[7; 7; 64; 8; 1024; 32; 2],0.3311410479946062,0.16888287837466848,tvm
4,1,64,16,4096,16,1,[4; 1; 64; 16; 4096; 16; 1],1.5163818040164188,0.03687992904241405,tvm
8,1,32,1,4096,32,2,[8; 1; 32; 1; 4096; 32; 2],0.19657468900550157,0.2844926456008188,tvm
112,7,32,8,64,16,1,[112; 7; 32; 8; 64; 16; 1],0.2872219639830291,0.1947067437246466,tvm
14,2,16,4,256,16,1,[14; 2; 16; 4; 256; 16; 1],0.29664675204548985,0.18852069994940499,tvm
128,64,32,8,64,32,2,[128; 64; 32; 8; 64; 32; 2],0.36910310201346874,0.1515133658543261,tvm
16,4,64,8,256,32,2,[16; 4; 64; 8; 256; 32; 2],0.19343088997993618,0.2891164556970922,tvm
8,4,4,4,512,32,2,[8; 4; 4; 4; 512; 32; 2],0.16043615096714348,0.3485751371882906,tvm
14,1,64,8,64,32,2,[14; 1; 64; 8; 64; 32; 2],0.26496985903941095,0.21105816916714037,tvm
4,2,64,8,128,16,1,[4; 2; 64; 8; 128; 16; 1],0.3005000250414014,0.18610332337119906,tvm
14,1,4,1,64,16,1,[14; 1; 4; 1; 64; 16; 1],0.3290199500042945,0.16997161823349433,tvm
256,256,16,4,128,32,2,[256; 256; 16; 4; 128; 32; 2],0.36273988091852516,0.15417122923380572,tvm
16,4,32,8,512,32,2,[16; 4; 32; 8; 512; 32; 2],0.21850772202014923,0.2559362791223297,tvm
64,8,1,1,4096,128,8,[64; 8; 1; 1; 4096; 128; 8],0.2795993809122592,0.2000149397715684,tvm
56,28,64,16,1024,16,1,[56; 28; 64; 16; 1024; 16; 1],0.8142858559731394,0.06867865003807469,tvm
28,1,4,2,64,32,2,[28; 1; 4; 2; 64; 32; 2],0.22066485800314695,0.25343434310023116,tvm
16,2,64,2,128,16,1,[16; 2; 64; 2; 128; 16; 1],0.16350619704462588,0.3420301758842201,tvm
56,1,2,2,1024,128,8,[56; 1; 2; 2; 1024; 128; 8],0.11993112496566027,0.46630141549448484,tvm
32,4,8,4,2048,32,2,[32; 4; 8; 4; 2048; 32; 2],0.20341759105212986,0.2749224049113907,tvm
28,1,32,2,4096,16,1,[28; 1; 32; 2; 4096; 16; 1],0.3205613639438525,0.17445662398394537,tvm
4,2,32,8,64,16,1,[4; 2; 32; 8; 64; 16; 1],0.3082379719708115,0.18143142123524303,tvm
14,1,32,2,256,128,8,[14; 1; 32; 2; 256; 128; 8],0.15096737898420542,0.3704379960069668,tvm
224,4,16,8,16,16,1,[224; 4; 16; 8; 16; 16; 1],0.4127462770557031,0.1354925687816343,tvm
112,2,32,4,4096,32,2,[112; 2; 32; 4; 4096; 32; 2],0.4322527759941295,0.12937812418836345,tvm
64,16,32,4,512,64,4,[64; 16; 32; 4; 512; 64; 4],0.12060988903976977,0.46367718085614856,tvm
112,16,64,8,32,16,1,[112; 16; 64; 8; 32; 16; 1],0.25583800591994077,0.21859165581064455,tvm
256,64,32,8,512,32,2,[256; 64; 32; 8; 512; 32; 2],0.2920869489898905,0.19146371834391318,tvm
7,7,2,1,64,64,4,[7; 7; 2; 1; 64; 64; 4],0.1164105290081352,0.4804037384747659,tvm
56,8,64,2,128,64,4,[56; 8; 64; 2; 128; 64; 4],0.1425911720143631,0.3921985670171793,tvm
32,2,4,4,128,32,2,[32; 2; 4; 4; 128; 32; 2],0.25981438101734966,0.2152461811942538,tvm
16,2,8,1,64,64,4,[16; 2; 8; 1; 64; 64; 4],0.14659885095898062,0.38147675078968574,tvm
256,1,32,8,64,16,1,[256; 1; 32; 8; 64; 16; 1],0.4236891909968108,0.13199310844291584,tvm
32,1,16,8,256,16,1,[32; 1; 16; 8; 256; 16; 1],0.34227565897163004,0.16338892897425894,tvm
32,16,2,1,256,128,8,[32; 16; 2; 1; 256; 128; 8],0.21686042100191116,0.25788040563123543,tvm
16,8,2,2,1024,128,8,[16; 8; 2; 2; 1024; 128; 8],0.12861810496542603,0.43480700752329027,tvm
28,2,4,1,16,16,1,[28; 2; 4; 1; 16; 16; 1],0.21228548104409128,0.2634379565586872,tvm
32,1,2,1,256,128,8,[32; 1; 2; 1; 256; 128; 8],0.21324613492470235,0.2622511932189544,tvm
14,7,64,2,2048,32,2,[14; 7; 64; 2; 2048; 32; 2],0.11752991389948875,0.4758282506797327,tvm
224,112,16,16,64,16,1,[224; 112; 16; 16; 64; 16; 1],0.5101121360203251,0.10963090149085392,tvm
16,1,16,2,1024,32,2,[16; 1; 16; 2; 1024; 32; 2],0.18892678699921817,0.2960091272476082,tvm
1,1,1,1,512,128,8,[1; 1; 1; 1; 512; 128; 8],0.40858537098392844,0.13687238287230086,tvm
1,1,64,2,512,128,8,[1; 1; 64; 2; 512; 128; 8],0.4163068700581789,0.1343337267663105,tvm
8,8,32,4,4096,32,2,[8; 8; 32; 4; 4096; 32; 2],0.23332372109871358,0.23968438815388698,tvm
32,16,64,2,1024,128,8,[32; 16; 64; 2; 1024; 128; 8],0.1203940719133243,0.46450836361440556,tvm
64,64,32,2,1024,128,8,[64; 64; 32; 2; 1024; 128; 8],0.14578354195691645,0.3836101975753931,tvm
8,2,8,1,256,32,2,[8; 2; 8; 1; 256; 32; 2],0.1295983139425516,0.43151837112729236,tvm
28,14,16,8,1024,32,2,[28; 14; 16; 8; 1024; 32; 2],0.14964059100020677,0.3737224837160397,tvm
64,16,16,4,2048,32,2,[64; 16; 16; 4; 2048; 32; 2],0.16231238597538322,0.3445458151407801,tvm
4,4,8,8,256,32,2,[4; 4; 8; 8; 256; 32; 2],0.17360646498855203,0.3221311679667061,tvm
56,8,64,4,512,64,4,[56; 8; 64; 4; 512; 64; 4],0.12389969907235354,0.45136552995722323,tvm
16,16,4,1,256,64,4,[16; 16; 4; 1; 256; 64; 4],0.2006379459053278,0.2787311895613277,tvm
28,14,4,4,2048,16,1,[28; 14; 4; 4; 2048; 16; 1],0.15328626101836562,0.3648340885986705,tvm
224,32,8,4,128,32,2,[224; 32; 8; 4; 128; 32; 2],0.2738774969475344,0.20419367767205235,tvm
4,1,16,8,32,16,1,[4; 1; 16; 8; 32; 16; 1],0.317860423005186,0.17593902633301697,tvm
56,1,4,2,512,64,4,[56; 1; 4; 2; 512; 64; 4],0.13064647803548723,0.4280563408540014,tvm
224,16,64,16,2048,16,1,[224; 16; 64; 16; 2048; 16; 1],0.3236339889699593,0.17280030911254002,tvm
14,7,16,4,64,16,1,[14; 7; 16; 4; 64; 16; 1],0.1859332009917125,0.30077497206013254,tvm
56,8,32,1,512,128,8,[56; 8; 32; 1; 512; 128; 8],0.1949947269167751,0.28679777252234134,tvm
16,8,64,1,1024,16,1,[16; 8; 64; 1; 1024; 16; 1],0.1716447341023013,0.32581281112884164,tvm
8,8,64,2,32,16,1,[8; 8; 64; 2; 32; 16; 1],0.19104462198447436,0.2927277028393823,tvm
64,16,16,4,1024,64,4,[64; 16; 16; 4; 1024; 64; 4],0.13699475198518485,0.4082204064238985,tvm
14,7,32,8,512,16,1,[14; 7; 32; 8; 512; 16; 1],0.19802245090249926,0.2824126914824864,tvm
56,28,8,8,4096,32,2,[56; 28; 8; 8; 4096; 32; 2],0.18952840694691986,0.29506950559129463,tvm
128,16,32,2,128,64,4,[128; 16; 32; 2; 128; 64; 4],0.4433710080338642,0.12613376228935094,tvm
8,2,64,2,4096,16,1,[8; 2; 64; 2; 4096; 16; 1],0.2651965010445565,0.2108777948165212,tvm
14,14,16,1,16,16,1,[14; 14; 16; 1; 16; 16; 1],0.1875000559957698,0.2982615287037303,tvm
1,1,2,2,64,16,1,[1; 1; 2; 2; 64; 16; 1],0.25978173804469407,0.21527322803465077,tvm
7,7,64,2,256,64,4,[7; 7; 64; 2; 256; 64; 4],0.11791007907595485,0.4742940872536299,tvm
14,7,16,2,2048,64,4,[14; 7; 16; 2; 2048; 64; 4],0.15741344902198762,0.35526858524980176,tvm
56,56,8,2,4096,128,8,[56; 56; 8; 2; 4096; 128; 8],0.2116459229728207,0.2642340213683919,tvm
14,7,64,8,64,32,2,[14; 7; 64; 8; 64; 32; 2],0.17263842595275491,0.3239374607634443,tvm
1,1,1,1,256,16,1,[1; 1; 1; 1; 256; 16; 1],0.41529022494796664,0.1346625804648792,tvm
4,1,64,1,64,16,1,[4; 1; 64; 1; 64; 16; 1],0.24549544206820428,0.22780078058555706,tvm
16,1,16,2,256,128,8,[16; 1; 16; 2; 256; 128; 8],0.1420474200276658,0.3936998878433787,tvm
4,2,32,2,4096,128,8,[4; 2; 32; 2; 4096; 128; 8],0.1890338419470936,0.29584148931906723,tvm
128,16,32,4,512,32,2,[128; 16; 32; 4; 512; 32; 2],0.22642800898756832,0.24698381434075922,tvm
256,128,32,8,256,32,2,[256; 128; 32; 8; 256; 32; 2],0.34690192295238376,0.16120998366737088,tvm
8,1,16,1,128,32,2,[8; 1; 16; 1; 128; 32; 2],0.1403599550249055,0.398433109524794,tvm
16,4,32,1,4096,16,1,[16; 4; 32; 1; 4096; 16; 1],0.2299211409408599,0.24323145363878507,tvm
256,64,4,4,4096,32,2,[256; 64; 4; 4; 4096; 32; 2],0.23160624993033707,0.2414617625826344,tvm
16,4,64,1,2048,128,8,[16; 4; 64; 1; 2048; 128; 8],0.201957335928455,0.2769102349079554,tvm
2,1,32,4,1024,64,4,[2; 1; 32; 4; 1024; 64; 4],0.7067795789334923,0.07912516858186669,tvm
7,1,64,1,256,128,8,[7; 1; 64; 1; 256; 128; 8],0.14747538708616048,0.3792094019096249,tvm
16,8,2,2,512,64,4,[16; 8; 2; 2; 512; 64; 4],0.13168926304206252,0.4246667650913255,tvm
256,64,8,8,4096,16,1,[256; 64; 8; 8; 4096; 16; 1],0.4233119450509548,0.13211073768920378,tvm
2,2,2,1,4096,32,2,[2; 2; 2; 1; 4096; 32; 2],0.32874427596107125,0.1701141507934747,tvm
64,32,8,8,1024,32,2,[64; 32; 8; 8; 1024; 32; 2],0.1866342140128836,0.29964523723111575,tvm
8,2,8,2,4096,64,4,[8; 2; 8; 2; 4096; 64; 4],0.1485418830998242,0.3764867670066553,tvm
4,4,32,4,128,64,4,[4; 4; 32; 4; 128; 64; 4],0.1701862389454618,0.3286050251763003,tvm
28,7,16,8,128,16,1,[28; 7; 16; 8; 128; 16; 1],0.1753091609571129,0.31900245844547975,tvm
56,1,64,2,256,64,4,[56; 1; 64; 2; 256; 64; 4],0.1345734769711271,0.41556519599573033,tvm
112,16,64,16,2048,16,1,[112; 16; 64; 16; 2048; 16; 1],0.32032025896478444,0.17458793744132664,tvm
56,7,32,16,2048,16,1,[56; 7; 32; 16; 2048; 16; 1],0.4880125729832798,0.1145955174709185,tvm
28,28,2,2,256,128,8,[28; 28; 2; 2; 256; 128; 8],0.1575079100439325,0.35505552272095325,tvm
28,2,32,4,256,16,1,[28; 2; 32; 4; 256; 16; 1],0.3111729020019993,0.17972019084416938,tvm
28,7,4,2,1024,128,8,[28; 7; 4; 2; 1024; 128; 8],0.12118772999383509,0.4614662997333,tvm
32,4,16,8,2048,16,1,[32; 4; 16; 8; 2048; 16; 1],0.3391806969884783,0.1648798231440424,tvm
112,56,16,4,128,32,2,[112; 56; 16; 4; 128; 32; 2],0.2618689549854025,0.2135574006336518,tvm
7,1,8,1,4096,128,8,[7; 1; 8; 1; 4096; 128; 8],0.17902507295366377,0.3123811229939166,tvm
128,32,4,2,64,64,4,[128; 32; 4; 2; 64; 64; 4],0.5848696640459821,0.09561797571524691,tvm
32,2,64,16,4096,16,1,[32; 2; 64; 16; 4096; 16; 1],1.6029346090508625,0.03488854318670389,tvm
14,2,16,4,2048,32,2,[14; 2; 16; 4; 2048; 32; 2],0.3276726300828159,0.17067050525153446,tvm
224,224,4,4,512,32,2,[224; 224; 4; 4; 512; 32; 2],0.31396207003854215,0.17812359730736924,tvm
112,112,4,2,1024,64,4,[112; 112; 4; 2; 1024; 64; 4],0.3224364100024104,0.17344211633207077,tvm
14,1,16,4,4096,16,1,[14; 1; 16; 4; 4096; 16; 1],0.44658999296370894,0.12522460022492682,tvm
28,14,16,1,512,32,2,[28; 14; 16; 1; 512; 32; 2],0.1709969750372693,0.3270470329732121,tvm
224,7,16,16,32,16,1,[224; 7; 16; 16; 32; 16; 1],0.3357649319805205,0.16655715950877736,tvm
28,28,64,2,128,32,2,[28; 28; 64; 2; 128; 32; 2],0.14181254000868648,0.39435196161007907,tvm
224,56,8,8,2048,16,1,[224; 56; 8; 8; 2048; 16; 1],0.3855720739811659,0.1450417628950614,tvm
32,16,32,8,512,16,1,[32; 16; 32; 8; 512; 16; 1],0.15804100793320686,0.35385786299824545,tvm
32,32,4,2,128,64,4,[32; 32; 4; 2; 128; 64; 4],0.22162076202221215,0.25234121940131354,tvm
7,1,32,4,4096,16,1,[7; 1; 32; 4; 4096; 16; 1],0.4871941669844091,0.11478801907561217,tvm
256,128,16,16,1024,16,1,[256; 128; 16; 16; 1024; 16; 1],1.4664561530807987,0.03813551002929443,tvm
64,1,64,4,4096,64,4,[64; 1; 64; 4; 4096; 64; 4],0.31868660205509514,0.17548291322163923,tvm
2,1,16,2,256,32,2,[2; 1; 16; 2; 256; 32; 2],0.23262747388798743,0.24040175650216342,tvm
28,2,2,1,2048,128,8,[28; 2; 2; 1; 2048; 128; 8],0.20274332200642675,0.27583672191955405,tvm
8,4,64,8,256,32,2,[8; 4; 64; 8; 256; 32; 2],0.1973017769632861,0.2834442456326163,tvm
4,1,16,2,2048,128,8,[4; 1; 16; 2; 2048; 128; 8],0.17482619895599782,0.31988371117883146,tvm
8,8,32,2,32,32,2,[8; 8; 32; 2; 32; 32; 2],0.13409987790510058,0.4170328430344247,tvm
112,4,32,8,2048,32,2,[112; 4; 32; 8; 2048; 32; 2],0.4841519589535892,0.11550929888666259,tvm
16,1,8,1,64,64,4,[16; 1; 8; 1; 64; 64; 4],0.2601831469219178,0.21494110588998452,tvm
16,8,4,1,256,64,4,[16; 8; 4; 1; 256; 64; 4],0.19937820604536682,0.2804923087762576,tvm
7,1,8,2,2048,16,1,[7; 1; 8; 2; 2048; 16; 1],0.2137589940102771,0.2616219897191536,tvm
7,7,8,2,1024,32,2,[7; 7; 8; 2; 1024; 32; 2],0.13731562800239772,0.40726648631980056,tvm
4,4,16,4,32,32,2,[4; 4; 16; 4; 32; 32; 2],0.17291420593392104,0.32342081456687627,tvm
16,16,8,1,4096,32,2,[16; 16; 8; 1; 4096; 32; 2],0.14546952792443335,0.3844382678026153,tvm
128,16,64,8,512,32,2,[128; 16; 64; 8; 512; 32; 2],0.19533508003223687,0.2862980542158837,tvm
14,2,8,8,512,32,2,[14; 2; 8; 8; 512; 32; 2],0.3076796850655228,0.18176062979726423,tvm
28,4,32,4,64,64,4,[28; 4; 32; 4; 64; 64; 4],0.1756380629958585,0.3184050904424516,tvm
56,14,2,2,512,64,4,[56; 14; 2; 2; 512; 64; 4],0.13195640605408698,0.4238070360177201,tvm
7,7,64,1,128,64,4,[7; 7; 64; 1; 128; 64; 4],0.12124755303375423,0.46123861417446155,tvm
64,4,64,2,256,64,4,[64; 4; 64; 2; 256; 64; 4],0.1476448579924181,0.3787741347294679,tvm
7,7,32,2,128,128,8,[7; 7; 32; 2; 128; 128; 8],0.14023682405240834,0.39878294243481854,tvm
112,1,16,4,512,64,4,[112; 1; 16; 4; 512; 64; 4],0.32442801096476614,0.17237738864480126,tvm
56,14,8,4,4096,64,4,[56; 14; 8; 4; 4096; 64; 4],0.17584701895248145,0.3180267352069557,tvm
224,8,64,4,1024,32,2,[224; 8; 64; 4; 1024; 32; 2],0.23518441698979586,0.23778809008319526,tvm
8,8,64,8,512,32,2,[8; 8; 64; 8; 512; 32; 2],0.17079699004534632,0.32742997003920027,tvm
28,4,64,8,128,32,2,[28; 4; 64; 8; 128; 32; 2],0.1799335030373186,0.31080400475354814,tvm
4,4,8,2,64,32,2,[4; 4; 8; 2; 64; 32; 2],0.16976262000389397,0.3294250131863573,tvm
56,56,32,4,1024,32,2,[56; 56; 32; 4; 1024; 32; 2],0.13109452603384852,0.4265933523333673,tvm
224,28,8,8,256,16,1,[224; 28; 8; 8; 256; 16; 1],0.2729625920765102,0.20487808570361932,tvm
4,4,2,2,512,128,8,[4; 4; 2; 2; 512; 128; 8],0.12429813202470541,0.449918694853901,tvm
16,1,64,16,512,16,1,[16; 1; 64; 16; 512; 16; 1],0.5196702950634062,0.1076144891570335,tvm
4,2,8,2,64,32,2,[4; 2; 8; 2; 64; 32; 2],0.17100355005823076,0.32703445814013726,tvm
14,1,16,2,64,16,1,[14; 1; 16; 2; 64; 16; 1],0.17625548597425222,0.3172897173907134,tvm
28,14,64,8,2048,16,1,[28; 14; 64; 8; 2048; 16; 1],0.19853741500992328,0.2816801726291145,tvm
8,2,4,1,4096,32,2,[8; 2; 4; 1; 4096; 32; 2],0.14404616900719702,0.3882370056682256,tvm
16,2,32,4,4096,64,4,[16; 2; 32; 4; 4096; 64; 4],0.303816206054762,0.184071988981566,tvm
16,16,16,4,64,32,2,[16; 16; 16; 4; 64; 32; 2],0.1397229990689084,0.40024944859473555,tvm
7,7,32,1,2048,16,1,[7; 7; 32; 1; 2048; 16; 1],0.2385474449256435,0.2344357674875334,tvm
448,7,8,8,256,16,1,[448; 7; 8; 8; 256; 16; 1],0.3054666300304234,0.18307745539263484,tvm
4,1,32,4,128,16,1,[4; 1; 32; 4; 128; 16; 1],0.2606720660114661,0.21453796023879837,tvm
256,2,8,4,4096,32,2,[256; 2; 8; 4; 4096; 32; 2],0.3796220750082284,0.14731507205454572,tvm
56,1,16,2,512,128,8,[56; 1; 16; 2; 512; 128; 8],0.12119117693509907,0.4614531746257574,tvm
4,2,64,2,128,64,4,[4; 2; 64; 2; 128; 64; 4],0.12805037503130734,0.43673478753701683,tvm
14,7,16,4,512,64,4,[14; 7; 16; 4; 512; 64; 4],0.1352712910156697,0.41342145043071366,tvm
14,7,64,2,128,128,8,[14; 7; 64; 2; 128; 128; 8],0.15321116999257356,0.3650128990989631,tvm
14,2,64,4,1024,32,2,[14; 2; 64; 4; 1024; 32; 2],0.3568241910543293,0.1567271915283862,tvm
8,2,32,1,32,16,1,[8; 2; 32; 1; 32; 16; 1],0.1990370419807732,0.2809730931327624,tvm
64,16,16,4,1024,32,2,[64; 16; 16; 4; 1024; 32; 2],0.16672995605040342,0.33541695000763494,tvm
64,8,2,2,2048,128,8,[64; 8; 2; 2; 2048; 128; 8],0.18778479704633355,0.2978092700418915,tvm
64,1,16,4,2048,64,4,[64; 1; 16; 4; 2048; 64; 4],0.32116100401617587,0.17413089582481384,tvm
28,2,8,2,4096,16,1,[28; 2; 8; 2; 4096; 16; 1],0.22408948407974094,0.24956125702638096,tvm
8,4,16,1,32,32,2,[8; 4; 16; 1; 32; 32; 2],0.13811721897218376,0.4049028336184224,tvm
56,4,8,4,64,32,2,[56; 4; 8; 4; 64; 32; 2],0.1855492340400815,0.3013973817927638,tvm
14,7,64,1,4096,64,4,[14; 7; 64; 1; 4096; 64; 4],0.15332950092852116,0.3647312030279411,tvm
28,1,32,1,2048,64,4,[28; 1; 32; 1; 2048; 64; 4],0.21486462198663503,0.2602757625534645,tvm
32,2,32,2,2048,128,8,[32; 2; 32; 2; 2048; 128; 8],0.11695626995060593,0.47816208021127643,tvm
4,1,64,2,64,64,4,[4; 1; 64; 2; 64; 64; 4],0.1242677120026201,0.4500288323659988,tvm
14,1,32,8,64,16,1,[14; 1; 32; 8; 64; 16; 1],0.30245955695863813,0.1848976236547918,tvm
112,56,8,8,4096,16,1,[112; 56; 8; 8; 4096; 16; 1],0.38333914591930807,0.1458866226646866,tvm
28,2,8,4,128,16,1,[28; 2; 8; 4; 128; 16; 1],0.3155414289794862,0.17723204687955266,tvm
2,2,2,1,64,64,4,[2; 2; 2; 1; 64; 64; 4],0.16665044403634965,0.33557698364809174,tvm
28,4,32,1,128,32,2,[28; 4; 32; 1; 128; 32; 2],0.1793854779098183,0.3117535153065612,tvm
8,8,1,1,1024,128,8,[8; 8; 1; 1; 1024; 128; 8],0.1279984589200467,0.4369119269495728,tvm
16,8,16,2,2048,64,4,[16; 8; 16; 2; 2048; 64; 4],0.13361661101225764,0.4185411747062123,tvm
2,2,8,4,128,16,1,[2; 2; 8; 4; 128; 16; 1],0.15166467090602964,0.3687348741091027,tvm
16,8,8,4,32,32,2,[16; 8; 8; 4; 32; 32; 2],0.18752957601100206,0.298214577790398,tvm
8,8,2,1,1024,128,8,[8; 8; 2; 1; 1024; 128; 8],0.30474437994416803,0.18351135250986134,tvm
14,14,64,1,4096,16,1,[14; 14; 64; 1; 4096; 16; 1],0.24158260191325098,0.2314904007591362,tvm
256,256,32,8,1024,32,2,[256; 256; 32; 8; 1024; 32; 2],0.4495548589620739,0.12439872958430484,tvm
224,112,64,8,128,32,2,[224; 112; 64; 8; 128; 32; 2],0.3174230990698561,0.1761814231453458,tvm
32,2,16,4,512,64,4,[32; 2; 16; 4; 512; 64; 4],0.22036643594037741,0.25377754599826724,tvm
16,1,64,8,16,16,1,[16; 1; 64; 8; 16; 16; 1],0.3242479959735647,0.17247308858585117,tvm
28,28,4,1,1024,64,4,[28; 28; 4; 1; 1024; 64; 4],0.21889782906509936,0.2554801642948306,tvm
112,1,32,4,256,64,4,[112; 1; 32; 4; 256; 64; 4],0.34429829102009535,0.16242907615846766,tvm
224,28,16,8,4096,16,1,[224; 28; 16; 8; 4096; 16; 1],0.22203994798474014,0.2518648281127176,tvm
16,4,2,1,16,16,1,[16; 4; 2; 1; 16; 16; 1],0.2043304699473083,0.27369414531153746,tvm
28,7,32,2,128,16,1,[28; 7; 32; 2; 128; 16; 1],0.1739879020024091,0.32142495363016094,tvm
128,64,2,2,2048,64,4,[128; 64; 2; 2; 2048; 64; 4],0.3789538989076391,0.14757481977237416,tvm
16,4,8,4,1024,32,2,[16; 4; 8; 4; 1024; 32; 2],0.20142685808241367,0.27763950580240915,tvm
56,1,8,4,2048,32,2,[56; 1; 8; 4; 2048; 32; 2],0.3620628600474447,0.154459513814825,tvm
32,8,32,8,16,16,1,[32; 8; 32; 8; 16; 16; 1],0.18143555207643658,0.30823095415044793,tvm
2,2,16,1,256,32,2,[2; 2; 16; 1; 256; 32; 2],0.2508000120287761,0.22298265809858397,tvm
28,14,16,8,128,32,2,[28; 14; 16; 8; 128; 32; 2],0.13489662704523653,0.41456969353710854,tvm
8,1,32,2,64,16,1,[8; 1; 32; 2; 64; 16; 1],0.18230276205576956,0.30676470670381395,tvm
16,16,64,2,128,32,2,[16; 16; 64; 2; 128; 32; 2],0.12791398307308555,0.4372004685475262,tvm
128,4,64,8,1024,32,2,[128; 4; 64; 8; 1024; 32; 2],0.3204014749499038,0.17454368255351294,tvm
112,14,16,4,32,32,2,[112; 14; 16; 4; 32; 32; 2],0.36506403994280845,0.15318970705001372,tvm
28,28,4,2,1024,16,1,[28; 28; 4; 2; 1024; 16; 1],0.21351486805360764,0.261921119794301,tvm
512,4,64,16,128,16,1,[512; 4; 64; 16; 128; 16; 1],0.3966239879373461,0.14100017909700294,tvm
28,14,8,4,256,64,4,[28; 14; 8; 4; 256; 64; 4],0.12096530001144856,0.4623148401073737,tvm
56,2,64,4,1024,64,4,[56; 2; 64; 4; 1024; 64; 4],0.28734488401096314,0.1946234523221915,tvm
56,56,16,8,256,32,2,[56; 56; 16; 8; 256; 32; 2],0.18576866202056408,0.301041374390384,tvm
448,2,64,8,256,16,1,[448; 2; 64; 8; 256; 16; 1],0.41521033900789917,0.13468848937374223,tvm
2,1,4,2,2048,32,2,[2; 1; 4; 2; 2048; 32; 2],0.24192686402238905,0.23116098974505725,tvm
256,256,64,8,1024,32,2,[256; 256; 64; 8; 1024; 32; 2],0.4499477450735867,0.12429010689716255,tvm
128,1,64,8,1024,16,1,[128; 1; 64; 8; 1024; 16; 1],0.6221567610045895,0.08988739950849911,tvm
8,2,4,4,4096,32,2,[8; 2; 4; 4; 4096; 32; 2],0.30549073894508183,0.18306300716823634,tvm
112,8,4,4,256,32,2,[112; 8; 4; 4; 256; 32; 2],0.34297162597067654,0.16305737588366784,tvm
2,1,8,8,32,32,2,[2; 1; 8; 8; 32; 32; 2],0.27668783895205706,0.20211966505338005,tvm
224,1,64,8,64,32,2,[224; 1; 64; 8; 64; 32; 2],0.45974264096003026,0.12164208483370882,tvm
224,56,8,8,128,16,1,[224; 56; 8; 8; 128; 16; 1],0.3173228509258479,0.17623708210790556,tvm
2,1,16,1,32,16,1,[2; 1; 16; 1; 32; 16; 1],0.2881246169563383,0.19409675550842617,tvm
112,8,16,16,128,16,1,[112; 8; 16; 16; 128; 16; 1],0.3041846869746223,0.18384900926324077,tvm
112,14,64,8,32,32,2,[112; 14; 64; 8; 32; 32; 2],0.23945776897016913,0.23354453511299594,tvm
256,1,64,4,2048,32,2,[256; 1; 64; 4; 2048; 32; 2],0.42497541406191885,0.1315936204374995,tvm
64,16,32,8,64,32,2,[64; 16; 32; 8; 64; 32; 2],0.14907049702014774,0.3751517198320931,tvm
32,1,64,4,1024,64,4,[32; 1; 64; 4; 1024; 64; 4],0.35089947492815554,0.15937343122209982,tvm
16,8,16,2,128,32,2,[16; 8; 16; 2; 128; 32; 2],0.1380570559995249,0.40507928355017064,tvm
224,14,16,16,32,16,1,[224; 14; 16; 16; 32; 16; 1],0.29072020994499326,0.19236383099721427,tvm
16,8,4,1,32,32,2,[16; 8; 4; 1; 32; 32; 2],0.1470019449479878,0.38043070350613645,tvm
128,4,4,4,4096,64,4,[128; 4; 4; 4; 4096; 64; 4],0.2951629380695522,0.18946841259641953,tvm
2,1,8,4,512,16,1,[2; 1; 8; 4; 512; 16; 1],0.28407446399796754,0.1968640635496665,tvm
16,4,32,2,1024,32,2,[16; 4; 32; 2; 1024; 32; 2],0.11287485505454242,0.49545182854330305,tvm
14,14,16,1,1024,16,1,[14; 14; 16; 1; 1024; 16; 1],0.17131845001131296,0.32643333703778205,tvm
14,1,8,2,4096,128,8,[14; 1; 8; 2; 4096; 128; 8],0.1582980580860749,0.35328325571072083,tvm
4,2,16,1,512,16,1,[4; 2; 16; 1; 512; 16; 1],0.22452984505798668,0.24907180298855366,tvm
2,1,16,1,2048,128,8,[2; 1; 16; 1; 2048; 128; 8],0.32177018199581653,0.1738012297673388,tvm
14,2,8,2,1024,128,8,[14; 2; 8; 2; 1024; 128; 8],0.13342581992037594,0.4191396640223529,tvm
56,56,16,4,64,32,2,[56; 56; 16; 4; 64; 32; 2],0.14184666599612683,0.39425708697912126,tvm
14,7,32,8,1024,16,1,[14; 7; 32; 8; 1024; 16; 1],0.3669753239955753,0.15239186309433606,tvm
16,8,8,8,4096,32,2,[16; 8; 8; 8; 4096; 32; 2],0.16926931694615632,0.33038505939692825,tvm
32,2,64,8,32,32,2,[32; 2; 64; 8; 32; 32; 2],0.2738559719873592,0.20420972720622177,tvm
56,14,8,8,512,16,1,[56; 14; 8; 8; 512; 16; 1],0.1646701890276745,0.3396124924829881,tvm
128,32,64,8,16,16,1,[128; 32; 64; 8; 16; 16; 1],0.25514107500202954,0.21918875011751238,tvm
224,7,32,8,128,16,1,[224; 7; 32; 8; 128; 16; 1],0.3001035039778799,0.1863492181599299,tvm
224,28,64,8,512,32,2,[224; 28; 64; 8; 512; 32; 2],0.18783986300695688,0.29772196613698615,tvm
4,4,32,8,4096,16,1,[4; 4; 32; 8; 4096; 16; 1],0.9526154350023717,0.05870580223507937,tvm
2,1,4,1,128,128,8,[2; 1; 4; 1; 128; 128; 8],0.17827651707921177,0.31369276363238113,tvm
224,28,16,16,32,16,1,[224; 28; 16; 16; 32; 16; 1],0.4299035060685128,0.13008512967191488,tvm
256,16,64,16,512,16,1,[256; 16; 64; 16; 512; 16; 1],0.2660454340511933,0.2102048980196828,tvm
112,2,64,8,4096,32,2,[112; 2; 64; 8; 4096; 32; 2],0.47038854903075844,0.11888906192245868,tvm
28,7,2,2,512,64,4,[28; 7; 2; 2; 512; 64; 4],0.128435202059336,0.4354262105454304,tvm
28,7,64,4,32,32,2,[28; 7; 64; 4; 32; 32; 2],0.15761372400447726,0.35481715622520743,tvm
16,1,32,1,4096,32,2,[16; 1; 32; 1; 4096; 32; 2],0.20611120504327118,0.27132951515951104,tvm
512,1,16,16,1024,16,1,[512; 1; 16; 16; 1024; 16; 1],1.5211786669678986,0.03676363240407808,tvm
112,56,2,2,4096,64,4,[112; 56; 2; 2; 4096; 64; 4],0.37967044999822974,0.14729630218415493,tvm
4,4,32,1,512,128,8,[4; 4; 32; 1; 512; 128; 8],0.1382704129209742,0.404454229592094,tvm
32,8,8,4,64,64,4,[32; 8; 8; 4; 64; 64; 4],0.15107000805437565,0.37018633978760507,tvm
224,28,16,16,64,16,1,[224; 28; 16; 16; 64; 16; 1],0.40068996394984424,0.1395693887165428,tvm
28,14,8,1,256,128,8,[28; 14; 8; 1; 256; 128; 8],0.21296179201453924,0.262601346487145,tvm
28,2,8,4,1024,64,4,[28; 2; 8; 4; 1024; 64; 4],0.28547608002554625,0.1958975103214563,tvm
14,2,32,1,4096,32,2,[14; 2; 32; 1; 4096; 32; 2],0.19008601002860814,0.2942039412838257,tvm
28,7,16,16,64,16,1,[28; 7; 16; 16; 64; 16; 1],0.2140149719780311,0.2613090701853981,tvm
448,28,16,16,2048,16,1,[448; 28; 16; 16; 2048; 16; 1],0.8774481089785695,0.06373488387641987,tvm
224,14,32,16,16,16,1,[224; 14; 32; 16; 16; 16; 1],0.26730565004982054,0.20921388426660711,tvm
224,32,16,8,256,32,2,[224; 32; 16; 8; 256; 32; 2],0.20910419197753072,0.267445873774461,tvm
4,4,16,8,1024,16,1,[4; 4; 16; 8; 1024; 16; 1],0.5277271700324491,0.10597152564628169,tvm
14,2,32,2,512,64,4,[14; 2; 32; 2; 512; 64; 4],0.1505684960866347,0.3714193525659945,tvm
8,4,32,4,256,16,1,[8; 4; 32; 4; 256; 16; 1],0.2042355730663985,0.2738213157173751,tvm
112,2,64,16,256,16,1,[112; 2; 64; 16; 256; 16; 1],0.5392735730856657,0.10370256605259161,tvm
7,1,2,2,4096,32,2,[7; 1; 2; 2; 4096; 32; 2],0.1749209660338238,0.31971040751352536,tvm
112,8,64,8,4096,32,2,[112; 8; 64; 8; 4096; 32; 2],0.24030612199567258,0.2327200525267534,tvm
16,16,32,4,1024,64,4,[16; 16; 32; 4; 1024; 64; 4],0.12058672599960119,0.46376624682154727,tvm
512,256,16,8,128,16,1,[512; 256; 16; 8; 128; 16; 1],0.40394087601453066,0.13844613569467434,tvm
56,2,4,2,64,64,4,[56; 2; 4; 2; 64; 64; 4],0.14915379998274148,0.3749421961747155,tvm
4,2,4,2,128,16,1,[4; 2; 4; 2; 128; 16; 1],0.13855568098369986,0.40362151112311606,tvm
112,16,32,4,512,32,2,[112; 16; 32; 4; 512; 32; 2],0.21866705000866205,0.2557497955504408,tvm
14,14,8,1,64,16,1,[14; 14; 8; 1; 64; 16; 1],0.20649159303866327,0.2708296861405983,tvm
14,14,64,1,512,64,4,[14; 14; 64; 1; 512; 64; 4],0.12421126395929605,0.45023334881818455,tvm
64,2,32,8,32,32,2,[64; 2; 32; 8; 32; 32; 2],0.2998952289344743,0.18647863632919776,tvm
32,32,32,4,4096,32,2,[32; 32; 32; 4; 4096; 32; 2],0.14407014101743698,0.38817240642920436,tvm
8,1,4,1,2048,32,2,[8; 1; 4; 1; 2048; 32; 2],0.18883135402575135,0.296158726509512,tvm
16,2,32,2,64,64,4,[16; 2; 32; 2; 64; 64; 4],0.17548798501957208,0.31867739165787423,tvm
64,16,32,1,1024,128,8,[64; 16; 32; 1; 1024; 128; 8],0.2123153390130028,0.26340090920095216,tvm
2,1,8,2,2048,128,8,[2; 1; 8; 2; 2048; 128; 8],0.2680740200448781,0.2086142227582185,tvm
32,8,8,2,1024,64,4,[32; 8; 8; 2; 1024; 64; 4],0.13056911702733487,0.42830996032258944,tvm
112,16,4,4,32,32,2,[112; 16; 4; 4; 32; 32; 2],0.2882807540008798,0.1939916298857837,tvm
7,1,16,2,128,64,4,[7; 1; 16; 2; 128; 64; 4],0.12885738990735263,0.43399958181321424,tvm
2,2,32,16,4096,16,1,[2; 2; 32; 16; 4096; 16; 1],1.4590466798981652,0.03832917349651663,tvm
7,1,2,2,64,64,4,[7; 1; 2; 2; 64; 64; 4],0.1289402530528605,0.4337206730190505,tvm
14,2,16,4,32,32,2,[14; 2; 16; 4; 32; 32; 2],0.27193248900584877,0.20565418107187078,tvm
14,7,64,2,4096,16,1,[14; 7; 64; 2; 4096; 16; 1],0.22951828804798424,0.24365837602292315,tvm
8,4,4,2,512,64,4,[8; 4; 4; 2; 512; 64; 4],0.1434990910347551,0.3897171259418547,tvm
8,2,64,1,128,16,1,[8; 2; 64; 1; 128; 16; 1],0.1901900499360636,0.294043002523704,tvm
8,8,1,1,32,32,2,[8; 8; 1; 1; 32; 32; 2],0.1383981959661469,0.4040807970286891,tvm
56,28,16,16,256,16,1,[56; 28; 16; 16; 256; 16; 1],0.31836542405653745,0.1756599464249672,tvm
32,32,2,2,64,64,4,[32; 32; 2; 2; 64; 64; 4],0.1282484330004081,0.4360603246758997,tvm
4,4,2,2,256,128,8,[4; 4; 2; 2; 256; 128; 8],0.1407078169286251,0.39744809175528,tvm
56,28,16,2,64,64,4,[56; 28; 16; 2; 64; 64; 4],0.152561935945414,0.3665662275899718,tvm
16,1,8,8,64,32,2,[16; 1; 8; 8; 64; 32; 2],0.27067819598596543,0.20660715995104748,tvm
56,8,16,8,64,32,2,[56; 8; 16; 8; 64; 32; 2],0.1467157870065421,0.3811727045490999,tvm
1,1,32,16,128,16,1,[1; 1; 32; 16; 128; 16; 1],0.3746199730085209,0.1492820921538567,tvm
512,64,8,8,1024,16,1,[512; 64; 8; 8; 1024; 16; 1],0.4325678850291297,0.12928387721055004,tvm
16,4,16,4,512,32,2,[16; 4; 16; 4; 512; 32; 2],0.18845964909996837,0.2967428497315541,tvm
56,56,32,8,64,16,1,[56; 56; 32; 8; 64; 16; 1],0.22164214099757373,0.2523168792794937,tvm
128,8,64,8,32,16,1,[128; 8; 64; 8; 32; 16; 1],0.3108526460127905,0.1799053476000724,tvm
32,1,4,2,1024,64,4,[32; 1; 4; 2; 1024; 64; 4],0.1224501309916377,0.45670880774437445,tvm
56,4,2,2,1024,128,8,[56; 4; 2; 2; 1024; 128; 8],0.11880526295863092,0.47072033629357485,tvm
112,8,16,4,64,64,4,[112; 8; 16; 4; 64; 64; 4],0.3020411639008671,0.18515374729415413,tvm
128,16,64,4,128,32,2,[128; 16; 64; 4; 128; 32; 2],0.23783037904649973,0.23514259850882746,tvm
56,2,64,4,64,64,4,[56; 2; 64; 4; 64; 64; 4],0.22930868400726467,0.2438810966773575,tvm
28,28,32,4,2048,64,4,[28; 28; 32; 4; 2048; 64; 4],0.1226704940199852,0.4558883844082532,tvm
224,8,64,8,32,16,1,[224; 8; 64; 8; 32; 16; 1],0.29561563092283905,0.18917826895266748,tvm
8,2,32,8,1024,32,2,[8; 2; 32; 8; 1024; 32; 2],0.5388632679823786,0.10378152799823444,tvm
8,1,32,1,4096,64,4,[8; 1; 32; 1; 4096; 64; 4],0.16323645191732794,0.34259537423452696,tvm
14,2,2,2,512,16,1,[14; 2; 2; 2; 512; 16; 1],0.1385482419282198,0.40364318272841687,tvm
32,8,8,1,1024,128,8,[32; 8; 8; 1; 1024; 128; 8],0.19671518192626536,0.284289462489455,tvm
64,64,8,2,2048,64,4,[64; 64; 8; 2; 2048; 64; 4],0.1909864409826696,0.29281687770917714,tvm
4,2,4,1,32,32,2,[4; 2; 4; 1; 32; 32; 2],0.15724357799626887,0.3556523836837414,tvm
224,16,8,4,64,32,2,[224; 16; 8; 4; 64; 32; 2],0.32565534603782,0.17172772998739164,tvm
112,14,32,4,512,64,4,[112; 14; 32; 4; 512; 64; 4],0.20936842600349337,0.2671083429380141,tvm
112,1,16,4,32,32,2,[112; 1; 16; 4; 32; 32; 2],0.5617023849627003,0.09956171600917621,tvm
112,7,8,2,128,64,4,[112; 7; 8; 2; 128; 64; 4],0.522464762092568,0.10703889982809014,tvm
448,64,64,16,4096,16,1,[448; 64; 64; 16; 4096; 16; 1],1.2039150070631877,0.046451828414161594,tvm
4,1,32,16,128,16,1,[4; 1; 32; 16; 128; 16; 1],0.3587282029911876,0.1558953348719759,tvm
56,1,4,4,2048,64,4,[56; 1; 4; 4; 2048; 64; 4],0.3606640569632873,0.15505857113736718,tvm
16,2,4,4,1024,64,4,[16; 2; 4; 4; 1024; 64; 4],0.2820062070386484,0.19830788095266658,tvm
7,7,8,1,4096,128,8,[7; 7; 8; 1; 4096; 128; 8],0.1789564909413457,0.3125008377129101,tvm
14,1,64,16,32,16,1,[14; 1; 64; 16; 32; 16; 1],0.40784573601558805,0.13712060319590025,tvm
56,14,32,4,128,32,2,[56; 14; 32; 4; 128; 32; 2],0.13339943997561932,0.41922254953659677,tvm
224,112,16,8,128,32,2,[224; 112; 16; 8; 128; 32; 2],0.3592314430279657,0.15567694426175194,tvm
128,16,32,4,256,32,2,[128; 16; 32; 4; 256; 32; 2],0.24837112601380795,0.22516326366465114,tvm
16,16,4,2,1024,128,8,[16; 16; 4; 2; 1024; 128; 8],0.21981351997237653,0.2544158946199542,tvm
16,1,32,8,4096,16,1,[16; 1; 32; 8; 4096; 16; 1],0.6320554619887844,0.08847966151161224,tvm
7,1,4,2,512,32,2,[7; 1; 4; 2; 512; 32; 2],0.11504336597863585,0.48611280500710247,tvm
224,8,64,4,32,32,2,[224; 8; 64; 4; 32; 32; 2],0.3111944909906015,0.17970772283055075,tvm
224,7,8,8,256,16,1,[224; 7; 8; 8; 256; 16; 1],0.30377544998191297,0.18409668502396456,tvm
16,16,64,1,2048,16,1,[16; 16; 64; 1; 2048; 16; 1],0.1699314760044217,0.32909767306368926,tvm
224,1,8,4,1024,32,2,[224; 1; 8; 4; 1024; 32; 2],0.40436584898270667,0.13830063412631322,tvm
16,2,32,1,128,32,2,[16; 2; 32; 1; 128; 32; 2],0.14219401695299894,0.3932939973966596,tvm
2,2,8,2,128,16,1,[2; 2; 8; 2; 128; 16; 1],0.15108762797899544,0.3701431684473068,tvm
16,1,2,1,512,32,2,[16; 1; 2; 1; 512; 32; 2],0.19713319698348641,0.28368663517397336,tvm
4,4,16,4,512,32,2,[4; 4; 16; 4; 512; 32; 2],0.19347046699840575,0.2890573129892438,tvm
64,1,32,16,128,16,1,[64; 1; 32; 16; 128; 16; 1],0.44734199496451765,0.1250140920433127,tvm
16,16,4,1,1024,64,4,[16; 16; 4; 1; 1024; 64; 4],0.1912205439293757,0.29245839481550684,tvm
32,32,16,2,1024,64,4,[32; 32; 16; 2; 1024; 64; 4],0.1391967850504443,0.40176253577312654,tvm
28,14,32,2,128,16,1,[28; 14; 32; 2; 128; 16; 1],0.17374064505565912,0.32188238575618067,tvm
28,1,64,2,1024,64,4,[28; 1; 64; 2; 1024; 64; 4],0.12600521091371775,0.44382333816041475,tvm
128,4,8,4,512,64,4,[128; 4; 8; 4; 512; 64; 4],0.24290780595038086,0.23022748533967255,tvm
28,2,8,8,256,16,1,[28; 2; 8; 8; 256; 16; 1],0.28133733896538615,0.19877934986871348,tvm
16,2,4,1,128,64,4,[16; 2; 4; 1; 128; 64; 4],0.2099938509054482,0.2663128138857442,tvm
1,1,32,8,1024,16,1,[1; 1; 32; 8; 1024; 16; 1],1.17464879702311,0.04760916920449805,tvm
28,2,32,1,512,64,4,[28; 2; 32; 1; 512; 64; 4],0.21854271495249122,0.25589529875425315,tvm
128,128,64,4,2048,64,4,[128; 128; 64; 4; 2048; 64; 4],0.29480084602255374,0.189701129043079,tvm
448,8,32,16,1024,16,1,[448; 8; 32; 16; 1024; 16; 1],0.4490007869899273,0.12455223900217331,tvm
4,2,64,1,128,16,1,[4; 2; 64; 1; 128; 16; 1],0.23670548107475042,0.23626006917715942,tvm
14,14,64,2,2048,128,8,[14; 14; 64; 2; 2048; 128; 8],0.11370196903590113,0.4918477121154819,tvm
28,14,2,2,256,32,2,[28; 14; 2; 2; 256; 32; 2],0.17004313203506172,0.3288815764802673,tvm
256,2,32,8,128,32,2,[256; 2; 32; 8; 128; 32; 2],0.35945088299922645,0.15558190556302984,tvm
56,7,8,2,2048,64,4,[56; 7; 8; 2; 2048; 64; 4],0.13046925095841289,0.42863780486606107,tvm
14,1,8,4,512,16,1,[14; 1; 8; 4; 512; 16; 1],0.32519071304704994,0.1719730948320225,tvm
28,7,64,16,256,16,1,[28; 7; 64; 16; 256; 16; 1],0.23362100101076066,0.239379392654676,tvm
256,16,32,16,256,16,1,[256; 16; 32; 16; 256; 16; 1],0.2672212109901011,0.20927999362821903,tvm
32,8,2,1,1024,128,8,[32; 8; 2; 1; 1024; 128; 8],0.20147263095714152,0.2775764284590587,tvm
32,4,32,16,32,16,1,[32; 4; 32; 16; 32; 16; 1],0.2861898801056668,0.19540891282628545,tvm
2,1,4,1,4096,64,4,[2; 1; 4; 1; 4096; 64; 4],0.29964107391424477,0.18663680717329967,tvm
14,7,16,2,32,16,1,[14; 7; 16; 2; 32; 16; 1],0.16946004691999406,0.33001320576605503,tvm
8,4,8,1,512,16,1,[8; 4; 8; 1; 512; 16; 1],0.18581589893437922,0.30096484560281295,tvm
128,64,16,4,4096,32,2,[128; 64; 16; 4; 4096; 32; 2],0.2122772919246927,0.26344811932673845,tvm
64,4,4,4,2048,32,2,[64; 4; 4; 4; 2048; 32; 2],0.26539448800031096,0.2107204778618756,tvm
14,7,16,2,256,16,1,[14; 7; 16; 2; 256; 16; 1],0.15895148098934442,0.3518309674452313,tvm
16,1,16,8,64,32,2,[16; 1; 16; 8; 64; 32; 2],0.27149072603788227,0.20598881644866945,tvm
128,4,16,8,1024,32,2,[128; 4; 16; 8; 1024; 32; 2],0.3163271750090644,0.17679180845506184,tvm
56,4,4,4,512,64,4,[56; 4; 4; 4; 512; 64; 4],0.16734522604383528,0.334183738941464,tvm
7,1,4,4,256,64,4,[7; 1; 4; 4; 256; 64; 4],0.22008024097885936,0.2541075613358008,tvm
8,8,64,8,1024,16,1,[8; 8; 64; 8; 1024; 16; 1],0.3790709340246394,0.14752925722787888,tvm
28,2,2,1,4096,16,1,[28; 2; 2; 1; 4096; 16; 1],0.3485757790040225,0.1604358555638141,tvm
112,1,32,8,2048,16,1,[112; 1; 32; 8; 2048; 16; 1],0.6195473789703101,0.09026598325099737,tvm
2,2,32,2,64,64,4,[2; 2; 32; 2; 64; 64; 4],0.19842501496896148,0.28183973347353014,tvm
16,2,2,1,32,16,1,[16; 2; 2; 1; 32; 16; 1],0.321571575012058,0.17390857177359764,tvm
8,2,1,1,256,16,1,[8; 2; 1; 1; 256; 16; 1],0.15452101291157305,0.36191875965333403,tvm
8,1,8,8,128,32,2,[8; 1; 8; 8; 128; 32; 2],0.24019642802886665,0.23282633214933746,tvm
2,2,64,2,2048,16,1,[2; 2; 64; 2; 2048; 16; 1],0.7429730099393055,0.07527063915538715,tvm
56,14,4,2,128,128,8,[56; 14; 4; 2; 128; 128; 8],0.13022341893520206,0.429446974980442,tvm
1,1,32,8,4096,16,1,[1; 1; 32; 8; 4096; 16; 1],1.1933517690049484,0.046863007862270524,tvm
28,14,64,2,2048,16,1,[28; 14; 64; 2; 2048; 16; 1],0.17560702899936587,0.31846136029973654,tvm
56,56,8,2,2048,128,8,[56; 56; 8; 2; 2048; 128; 8],0.19426639890298247,0.28787301174642177,tvm
64,16,4,4,128,64,4,[64; 16; 4; 4; 128; 64; 4],0.13743292691651732,0.40691888463747855,tvm
28,4,64,16,128,16,1,[28; 4; 64; 16; 128; 16; 1],0.2758518400369212,0.20273221061656946,tvm
16,1,16,4,2048,16,1,[16; 1; 16; 4; 2048; 16; 1],0.42974252707790583,0.13013385878655465,tvm
28,2,8,8,4096,16,1,[28; 2; 8; 8; 4096; 16; 1],0.53295459295623,0.1049321163049367,tvm
28,7,4,1,4096,64,4,[28; 7; 4; 1; 4096; 64; 4],0.2267628520494327,0.2466191125570351,tvm
7,7,32,1,256,128,8,[7; 7; 32; 1; 256; 128; 8],0.1648184460354969,0.33930700524435836,tvm
56,4,16,16,4096,16,1,[56; 4; 16; 16; 4096; 16; 1],0.7952809430425987,0.07031987101234714,tvm
28,4,1,1,1024,64,4,[28; 4; 1; 1; 1024; 64; 4],0.22583439608570188,0.2476330191620178,tvm
14,14,4,4,16,16,1,[14; 14; 4; 4; 16; 16; 1],0.1763342999620363,0.3171479022820486,tvm
224,28,8,4,128,32,2,[224; 28; 8; 4; 128; 32; 2],0.28396395198069513,0.1969406783616508,tvm
112,14,4,2,512,64,4,[112; 14; 4; 2; 512; 64; 4],0.3765181719791144,0.14852949338242155,tvm
28,1,32,1,256,128,8,[28; 1; 32; 1; 256; 128; 8],0.21077093807980418,0.2653309504755291,tvm
112,16,16,16,512,16,1,[112; 16; 16; 16; 512; 16; 1],0.28703314694575965,0.19483482632025506,tvm
256,8,32,8,1024,32,2,[256; 8; 32; 8; 1024; 32; 2],0.24483613797929138,0.2284142112144551,tvm
224,14,64,4,512,32,2,[224; 14; 64; 4; 512; 32; 2],0.2325248559936881,0.24050785063103702,tvm
4,1,16,4,512,16,1,[4; 1; 16; 4; 512; 16; 1],0.31045067706145346,0.18013828754595762,tvm
28,2,4,2,128,32,2,[28; 2; 4; 2; 128; 32; 2],0.20026426599361002,0.27925128357705986,tvm
28,7,32,1,256,16,1,[28; 7; 32; 1; 256; 16; 1],0.19124505203217268,0.29242091619669913,tvm
16,16,32,16,16,16,1,[16; 16; 32; 16; 16; 16; 1],0.2023221410345286,0.27641094072738803,tvm
64,4,32,8,256,32,2,[64; 4; 32; 8; 256; 32; 2],0.22108054195996374,0.25295782630866187,tvm
128,2,32,8,2048,16,1,[128; 2; 32; 8; 2048; 16; 1],0.6063365079462528,0.09223270015977758,tvm
8,4,2,1,256,64,4,[8; 4; 2; 1; 256; 64; 4],0.2204976410139352,0.25362653802631385,tvm
8,2,32,4,64,16,1,[8; 2; 32; 4; 64; 16; 1],0.22730919998139143,0.24602635237778117,tvm
448,2,16,8,16,16,1,[448; 2; 16; 8; 16; 16; 1],0.48699271294754,0.11483550337920068,tvm
8,4,32,1,32,16,1,[8; 4; 32; 1; 32; 16; 1],0.19856431090738624,0.281642018536842,tvm
56,28,64,1,4096,128,8,[56; 28; 64; 1; 4096; 128; 8],0.2116120260907337,0.2642763474574671,tvm
16,16,4,2,256,128,8,[16; 16; 4; 2; 256; 128; 8],0.2241907250136137,0.24944855916736705,tvm
8,4,64,8,64,32,2,[8; 4; 64; 8; 64; 32; 2],0.18935208406765014,0.2953442715389034,tvm
32,1,4,1,256,128,8,[32; 1; 4; 1; 256; 128; 8],0.21708065399434417,0.25761878041324854,tvm
16,2,2,2,1024,16,1,[16; 2; 2; 2; 1024; 16; 1],0.14579363400116563,0.3835836435278527,tvm
32,32,16,4,512,32,2,[32; 32; 16; 4; 512; 32; 2],0.1280211820267141,0.43683437731158975,tvm
28,7,16,1,512,16,1,[28; 7; 16; 1; 512; 16; 1],0.1911012229975313,0.292641001748355,tvm
224,1,16,8,512,32,2,[224; 1; 16; 8; 512; 32; 2],0.3999601099640131,0.13982407730202187,tvm
64,8,4,4,64,64,4,[64; 8; 4; 4; 64; 64; 4],0.15296459500677884,0.3656012904872202,tvm
112,56,32,2,128,64,4,[112; 56; 32; 2; 128; 64; 4],0.4849388129077852,0.11532187534753528,tvm
4,1,2,2,4096,16,1,[4; 1; 2; 2; 4096; 16; 1],0.24951831495855004,0.2241280498492603,tvm
16,16,16,2,64,64,4,[16; 16; 16; 2; 64; 64; 4],0.1297859320184216,0.43089456972421,tvm
224,8,8,4,64,32,2,[224; 8; 8; 4; 64; 32; 2],0.3249890230363235,0.17207982229936053,tvm
112,2,32,2,256,64,4,[112; 2; 32; 2; 256; 64; 4],0.4563637370010838,0.12254271932478396,tvm
224,8,8,8,16,16,1,[224; 8; 8; 8; 16; 16; 1],0.32169126195367426,0.17384386816632522,tvm
448,32,16,8,256,16,1,[448; 32; 16; 8; 256; 16; 1],0.24363424303010106,0.22954102279630662,tvm
28,28,8,1,2048,16,1,[28; 28; 8; 1; 2048; 16; 1],0.20552010904066265,0.2721098854724168,tvm
14,2,16,2,1024,16,1,[14; 2; 16; 2; 1024; 16; 1],0.1631289159413427,0.34282121603408616,tvm
28,1,8,4,32,32,2,[28; 1; 8; 4; 32; 32; 2],0.26727215002756566,0.20924010723738143,tvm
224,224,8,4,32,32,2,[224; 224; 8; 4; 32; 32; 2],0.4672330199973658,0.11969199722581386,tvm
14,2,2,2,512,64,4,[14; 2; 2; 2; 512; 64; 4],0.13591027399525046,0.411477746967736,tvm
224,224,16,8,4096,16,1,[224; 224; 16; 8; 4096; 16; 1],0.6217344920150936,0.08994844913956566,tvm
256,1,64,8,128,16,1,[256; 1; 64; 8; 128; 16; 1],0.4600110570900142,0.1215711067623103,tvm
128,32,2,2,128,64,4,[128; 32; 2; 2; 128; 64; 4],0.5190657019848004,0.10773983547649414,tvm
8,4,64,1,2048,128,8,[8; 4; 64; 1; 2048; 128; 8],0.14513083500787616,0.38533543426728284,tvm
256,32,16,16,2048,16,1,[256; 32; 16; 16; 2048; 16; 1],0.9500502169830725,0.058864312994867475,tvm
112,1,16,4,4096,32,2,[112; 1; 16; 4; 4096; 32; 2],0.40572299994528294,0.13783801593913933,tvm
112,8,16,16,16,16,1,[112; 8; 16; 16; 16; 16; 1],0.2951831460231915,0.18945544177152843,tvm
14,14,2,2,2048,64,4,[14; 14; 2; 2; 2048; 64; 4],0.14764123898930848,0.3787834192950867,tvm
4,1,32,2,128,64,4,[4; 1; 32; 2; 128; 64; 4],0.1393463119165972,0.4013314207182283,tvm
7,7,32,4,2048,32,2,[7; 7; 32; 4; 2048; 32; 2],0.2502607919741422,0.2234631037973843,tvm
128,2,32,4,4096,32,2,[128; 2; 32; 4; 4096; 32; 2],0.38230571802705526,0.14628097539826926,tvm
4,4,32,2,128,128,8,[4; 4; 32; 2; 128; 128; 8],0.15198854904156178,0.3679491230490049,tvm
16,1,16,4,4096,64,4,[16; 1; 16; 4; 4096; 64; 4],0.36275644099805504,0.1541641912117921,tvm
1,1,2,1,1024,128,8,[1; 1; 2; 1; 1024; 128; 8],0.40356673998758197,0.138574485437165,tvm
2,2,64,1,4096,32,2,[2; 2; 64; 1; 4096; 32; 2],0.5980529170483351,0.09351020911217044,tvm
8,2,4,1,256,32,2,[8; 2; 4; 1; 256; 32; 2],0.1407066179672256,0.39745147841133927,tvm
64,64,2,2,2048,128,8,[64; 64; 2; 2; 2048; 128; 8],0.1920504440786317,0.2911946056757682,tvm
14,7,64,8,4096,16,1,[14; 7; 64; 8; 4096; 16; 1],0.3741344209993258,0.1494758305957476,tvm
2,2,64,4,2048,16,1,[2; 2; 64; 4; 2048; 16; 1],0.7511415421031415,0.07445208419274757,tvm
4,1,16,8,4096,16,1,[4; 1; 16; 8; 4096; 16; 1],1.0220300119835883,0.054718601878230716,tvm
8,4,64,4,64,32,2,[8; 4; 64; 4; 64; 32; 2],0.16381188097875565,0.34139192468332613,tvm
16,4,16,2,1024,32,2,[16; 4; 16; 2; 1024; 32; 2],0.11768609401769936,0.47519678344429256,tvm
112,1,32,2,512,64,4,[112; 1; 32; 2; 512; 64; 4],0.40628088591620326,0.13764874320193307,tvm
2,1,2,2,1024,32,2,[2; 1; 2; 2; 1024; 32; 2],0.2107715989695862,0.26533011851090543,tvm
112,56,4,4,4096,64,4,[112; 56; 4; 4; 4096; 64; 4],0.20841532794293016,0.26832984831445256,tvm
128,8,8,4,128,32,2,[128; 8; 8; 4; 128; 32; 2],0.28853477200027555,0.19382084504282876,tvm
112,16,32,4,256,32,2,[112; 16; 32; 4; 256; 32; 2],0.24091680394485593,0.23213014790837894,tvm
8,4,64,8,128,32,2,[8; 4; 64; 8; 128; 32; 2],0.18480281706433743,0.30261472320448385,tvm
56,56,8,4,128,64,4,[56; 56; 8; 4; 128; 64; 4],0.1625071349553764,0.3441329105253735,tvm
64,16,16,2,4096,128,8,[64; 16; 16; 2; 4096; 128; 8],0.14235434401780367,0.3928510486925439,tvm
64,4,2,2,2048,128,8,[64; 4; 2; 2; 2048; 128; 8],0.1903344279853627,0.2938199564065943,tvm
8,8,8,2,32,32,2,[8; 8; 8; 2; 32; 32; 2],0.1344709419645369,0.41588206728024407,tvm
16,4,16,2,1024,16,1,[16; 4; 16; 2; 1024; 16; 1],0.15722550090868026,0.3556932750102361,tvm
4,4,16,2,256,32,2,[4; 4; 16; 2; 256; 32; 2],0.1517197210341692,0.368601081996048,tvm
256,256,64,16,512,16,1,[256; 256; 64; 16; 512; 16; 1],0.6181870480068028,0.09046461506051794,tvm
28,4,64,1,2048,16,1,[28; 4; 64; 1; 2048; 16; 1],0.20059111702721566,0.27879626058289364,tvm
4,1,16,8,512,16,1,[4; 1; 16; 8; 512; 16; 1],0.36863546597305685,0.1517055695813619,tvm
224,7,4,4,4096,32,2,[224; 7; 4; 4; 4096; 32; 2],0.250778034911491,0.2230021993476065,tvm
448,2,32,8,4096,16,1,[448; 2; 32; 8; 4096; 16; 1],0.6152420799480751,0.09089764038580259,tvm
28,2,64,8,4096,32,2,[28; 2; 64; 8; 4096; 32; 2],0.46172893792390823,0.12111879663593768,tvm
28,7,2,2,128,128,8,[28; 7; 2; 2; 128; 128; 8],0.14464010403025895,0.3866427897592906,tvm
256,256,4,4,2048,32,2,[256; 256; 4; 4; 2048; 32; 2],0.3711358760483563,0.15068350149487256,tvm
224,1,64,4,512,32,2,[224; 1; 64; 4; 512; 32; 2],0.34728467208333313,0.16103231103707913,tvm
112,7,16,2,2048,64,4,[112; 7; 16; 2; 2048; 64; 4],0.4094860970508307,0.13657131154416535,tvm
448,224,16,16,512,16,1,[448; 224; 16; 16; 512; 16; 1],0.6311439139535651,0.08860745084749057,tvm
16,4,64,16,32,16,1,[16; 4; 64; 16; 32; 16; 1],0.29890180204529315,0.1870984147658603,tvm
64,2,4,2,64,64,4,[64; 2; 4; 2; 64; 64; 4],0.17330418794881552,0.3226930289177444,tvm
32,1,2,2,1024,128,8,[32; 1; 2; 2; 1024; 128; 8],0.11775060696527362,0.4749364336595408,tvm
14,7,4,4,256,32,2,[14; 7; 4; 4; 256; 32; 2],0.14362308895215392,0.3893806611551411,tvm
16,2,4,1,128,32,2,[16; 2; 4; 1; 128; 32; 2],0.1811221590032801,0.3087642817482126,tvm
8,8,16,1,512,16,1,[8; 8; 16; 1; 512; 16; 1],0.1773687310051173,0.31529826602705896,tvm
224,56,32,4,256,32,2,[224; 56; 32; 4; 256; 32; 2],0.26779484702274203,0.20883170066593582,tvm
16,8,32,4,4096,64,4,[16; 8; 32; 4; 4096; 64; 4],0.2179541049990803,0.25658637323471983,tvm
8,1,16,2,64,64,4,[8; 1; 16; 2; 64; 64; 4],0.12482794700190425,0.44800907710578797,tvm
128,128,32,2,128,64,4,[128; 128; 32; 2; 128; 64; 4],0.16100139904301614,0.3473513501481538,tvm
56,8,16,1,128,128,8,[56; 8; 16; 1; 128; 128; 8],0.20985630003269762,0.26648736933139405,tvm
28,7,32,1,1024,16,1,[28; 7; 32; 1; 1024; 16; 1],0.19394676689989865,0.28834743794516204,tvm
448,8,32,16,16,16,1,[448; 8; 32; 16; 16; 16; 1],0.31274116202257574,0.17881897276219869,tvm
8,8,8,1,32,32,2,[8; 8; 8; 1; 32; 32; 2],0.1383169268956408,0.4043182175058564,tvm
32,16,64,8,2048,16,1,[32; 16; 64; 8; 2048; 16; 1],0.17374643695075065,0.3218716557001126,tvm
112,1,2,2,128,64,4,[112; 1; 2; 2; 128; 64; 4],0.524649269063957,0.10659321689918518,tvm
112,112,16,4,64,64,4,[112; 112; 16; 4; 64; 64; 4],0.3449370519956574,0.16212828691432488,tvm
16,1,2,2,1024,128,8,[16; 1; 2; 2; 1024; 128; 8],0.13493549800477922,0.4144502681670363,tvm
32,4,64,8,128,16,1,[32; 4; 64; 8; 128; 16; 1],0.22432492498774081,0.24929932924925546,tvm
64,2,2,2,1024,64,4,[64; 2; 2; 2; 1024; 64; 4],0.18445401289500296,0.3031869703217954,tvm
7,7,4,1,512,16,1,[7; 7; 4; 1; 512; 16; 1],0.10847156995441765,0.5155641552605348,tvm
112,56,8,4,256,32,2,[112; 56; 8; 4; 256; 32; 2],0.33132178406231105,0.16879075274693017,tvm
14,14,16,4,128,64,4,[14; 14; 16; 4; 128; 64; 4],0.13966399698983878,0.40041853690756163,tvm
224,28,32,8,32,16,1,[224; 28; 32; 8; 32; 16; 1],0.24667163495905697,0.2267145687124331,tvm
128,128,8,4,2048,32,2,[128; 128; 8; 4; 2048; 32; 2],0.29138121905270964,0.1919274465085442,tvm
32,8,64,4,64,32,2,[32; 8; 64; 4; 64; 32; 2],0.1579259498976171,0.3541156685749791,tvm
224,14,8,8,512,32,2,[224; 14; 8; 8; 512; 32; 2],0.21580701798666269,0.2591391783968284,tvm
4,2,4,2,256,32,2,[4; 2; 4; 2; 256; 32; 2],0.12980903696734458,0.4308178740082778,tvm
16,16,4,1,32,16,1,[16; 16; 4; 1; 32; 16; 1],0.1833079910138622,0.3050824627121914,tvm
32,1,8,8,32,16,1,[32; 1; 8; 8; 32; 16; 1],0.31899532908573747,0.17531307901471635,tvm
16,2,2,2,128,16,1,[16; 2; 2; 2; 128; 16; 1],0.1773717449977994,0.3152929083153981,tvm
14,7,8,1,4096,128,8,[14; 7; 8; 1; 4096; 128; 8],0.19009789393749088,0.29418554921877577,tvm
224,8,64,16,128,16,1,[224; 8; 64; 16; 128; 16; 1],0.3115768110146746,0.17948721264336784,tvm
64,32,64,8,128,32,2,[64; 32; 64; 8; 128; 32; 2],0.13119816198013723,0.4262563780565765,tvm
16,4,4,4,128,64,4,[16; 4; 4; 4; 128; 64; 4],0.16740809206385165,0.3340582444007734,tvm
224,32,16,16,256,16,1,[224; 32; 16; 16; 256; 16; 1],0.4325760720530525,0.12928143035723583,tvm
32,8,8,4,256,64,4,[32; 8; 8; 4; 256; 64; 4],0.1407295180251822,0.39738680355123696,tvm
28,4,2,2,64,64,4,[28; 4; 2; 2; 64; 64; 4],0.16990773903671652,0.32914364966770776,tvm
4,4,64,4,64,64,4,[4; 4; 64; 4; 64; 64; 4],0.17145564500242472,0.3261721323467796,tvm
16,4,16,8,64,16,1,[16; 4; 16; 8; 64; 16; 1],0.2290361940395087,0.24417124798924333,tvm
64,32,16,16,512,16,1,[64; 32; 16; 16; 512; 16; 1],0.418310426059179,0.13369031668701864,tvm
14,2,16,2,128,64,4,[14; 2; 16; 2; 128; 64; 4],0.1526595629984513,0.3663318054559129,tvm
7,7,8,4,256,64,4,[7; 7; 8; 4; 256; 64; 4],0.1486507949884981,0.3762109266732174,tvm
128,1,16,2,512,64,4,[128; 1; 16; 2; 512; 64; 4],0.40472004108596593,0.1381795998618576,tvm
14,7,2,1,1024,32,2,[14; 7; 2; 1; 1024; 32; 2],0.1688003489980474,0.33130294851452136,tvm
14,1,8,2,16,16,1,[14; 1; 8; 2; 16; 16; 1],0.18342905305325985,0.3048811101755806,tvm
28,7,32,2,2048,128,8,[28; 7; 32; 2; 2048; 128; 8],0.11964318295940757,0.4674236504749894,tvm
32,2,8,1,2048,128,8,[32; 2; 8; 1; 2048; 128; 8],0.1968024339294061,0.2841634232704334,tvm
2,1,8,2,512,16,1,[2; 1; 8; 2; 512; 16; 1],0.22340867295861244,0.2503217650090672,tvm
16,8,32,1,2048,32,2,[16; 8; 32; 1; 2048; 32; 2],0.12504052591975778,0.44724742576036075,tvm
14,2,8,1,128,128,8,[14; 2; 8; 1; 128; 128; 8],0.22502441599499434,0.2485243793925783,tvm
28,4,64,1,1024,64,4,[28; 4; 64; 1; 1024; 64; 4],0.21455493301618844,0.26065144505026966,tvm
14,7,64,4,128,32,2,[14; 7; 64; 4; 128; 32; 2],0.15878496202640235,0.35219993518047654,tvm
32,8,32,2,1024,64,4,[32; 8; 32; 2; 1024; 64; 4],0.12734631390776485,0.43914936849949454,tvm
16,2,8,2,2048,16,1,[16; 2; 8; 2; 2048; 16; 1],0.155122057069093,0.36051645001345084,tvm
448,28,32,8,32,16,1,[448; 28; 32; 8; 32; 16; 1],0.3108363290084526,0.17991479152944373,tvm
64,4,4,2,256,128,8,[64; 4; 4; 2; 256; 128; 8],0.1632330029970035,0.3426026128696532,tvm
4,4,1,1,2048,32,2,[4; 4; 1; 1; 2048; 32; 2],0.19793816900346428,0.2825329425592219,tvm
4,4,2,2,64,32,2,[4; 4; 2; 2; 64; 32; 2],0.13491492602042854,0.414513464024473,tvm
4,1,1,1,512,64,4,[4; 1; 1; 1; 512; 64; 4],0.1320720319636166,0.42343600308004176,tvm
16,8,32,8,256,32,2,[16; 8; 32; 8; 256; 32; 2],0.15123383107129484,0.36978533795767926,tvm
112,1,16,8,64,16,1,[112; 1; 16; 8; 64; 16; 1],0.517350857029669,0.10809695697503446,tvm
32,8,1,1,1024,128,8,[32; 8; 1; 1; 1024; 128; 8],0.20497676893137395,0.27283117801538115,tvm
56,1,64,4,128,32,2,[56; 1; 64; 4; 128; 32; 2],0.25701297202613205,0.21759233743130757,tvm
256,128,8,4,1024,32,2,[256; 128; 8; 4; 1024; 32; 2],0.29268510290421546,0.19107242828014762,tvm
8,1,32,2,256,16,1,[8; 1; 32; 2; 256; 16; 1],0.16800007107667625,0.3328811290074351,tvm
56,14,16,2,1024,128,8,[56; 14; 16; 2; 1024; 128; 8],0.1148996299598366,0.4867209176642405,tvm
64,64,16,16,4096,16,1,[64; 64; 16; 16; 4096; 16; 1],1.3475268869660795,0.041501252312111436,tvm
112,14,64,2,4096,64,4,[112; 14; 64; 2; 4096; 64; 4],0.3979449829785153,0.140532123095902,tvm
224,16,64,8,32,16,1,[224; 16; 64; 8; 32; 16; 1],0.2486239999998361,0.22493425145348078,tvm
8,2,64,16,512,16,1,[8; 2; 64; 16; 512; 16; 1],0.5967062310082838,0.09372124912930056,tvm
7,1,16,1,4096,128,8,[7; 1; 16; 1; 4096; 128; 8],0.16447573504410684,0.3400140046088646,tvm
448,8,32,16,2048,16,1,[448; 8; 32; 16; 2048; 16; 1],0.4567918439861387,0.12242787184052775,tvm
28,7,4,4,256,32,2,[28; 7; 4; 4; 256; 32; 2],0.15824194008018821,0.353408542040082,tvm
4,2,8,4,512,16,1,[4; 2; 8; 4; 512; 16; 1],0.23192333697807044,0.24113163453931005,tvm
16,8,16,2,2048,32,2,[16; 8; 16; 2; 2048; 32; 2],0.1215362650109455,0.46014293205650875,tvm
64,16,2,2,256,128,8,[64; 16; 2; 2; 256; 128; 8],0.16771171905566007,0.3334534619776528,tvm
16,16,1,1,16,16,1,[16; 16; 1; 1; 16; 16; 1],0.20061187795363367,0.2787674085093743,tvm
1,1,8,2,2048,32,2,[1; 1; 8; 2; 2048; 32; 2],0.4364820499904454,0.1281245204345918,tvm
64,4,32,16,1024,16,1,[64; 4; 32; 16; 1024; 16; 1],0.8007548669120297,0.06983916757071314,tvm
64,16,64,16,4096,16,1,[64; 16; 64; 16; 4096; 16; 1],0.30936420091893524,0.18077092684679275,tvm
8,8,8,8,2048,16,1,[8; 8; 8; 8; 2048; 16; 1],0.21280939900316298,0.2627893955590849,tvm
224,2,8,8,128,32,2,[224; 2; 8; 8; 128; 32; 2],0.4341679159551859,0.1288074297482307,tvm
8,2,4,4,512,16,1,[8; 2; 4; 4; 512; 16; 1],0.2171516929520294,0.2575345030613573,tvm
32,8,4,2,4096,64,4,[32; 8; 4; 2; 4096; 64; 4],0.13782181905116886,0.40577068071181466,tvm
28,7,64,1,256,128,8,[28; 7; 64; 1; 256; 128; 8],0.21370176400523633,0.2616920529114726,tvm
16,8,64,16,1024,16,1,[16; 8; 64; 16; 1024; 16; 1],0.3919345960021019,0.1426872082836837,tvm
56,14,64,2,1024,64,4,[56; 14; 64; 2; 1024; 64; 4],0.12544301198795438,0.44581242467857374,tvm
28,4,32,1,128,16,1,[28; 4; 32; 1; 128; 16; 1],0.1998474400024861,0.279833723827724,tvm
16,1,8,4,4096,32,2,[16; 1; 8; 4; 4096; 32; 2],0.4233409930020571,0.13210167278334323,tvm
64,16,16,1,128,128,8,[64; 16; 16; 1; 128; 128; 8],0.24018629803322256,0.23283615173417563,tvm
224,56,64,8,64,16,1,[224; 56; 64; 8; 64; 16; 1],0.3532459969865158,0.15831475461976172,tvm
4,1,64,8,1024,32,2,[4; 1; 64; 8; 1024; 32; 2],0.9395055749919266,0.05952498295054173,tvm
28,2,1,1,4096,128,8,[28; 2; 1; 1; 4096; 128; 8],0.20209278201218694,0.2767246448710915,tvm
64,8,2,1,2048,128,8,[64; 8; 2; 1; 2048; 128; 8],0.2542022159323096,0.21999829202206916,tvm
112,7,64,2,4096,64,4,[112; 7; 64; 2; 4096; 64; 4],0.3918541780440137,0.14271649115108287,tvm
112,14,16,8,128,32,2,[112; 14; 16; 8; 128; 32; 2],0.23586510308086872,0.23710185441955442,tvm
8,1,64,2,512,128,8,[8; 1; 64; 2; 512; 128; 8],0.11741422407794744,0.476297090684747,tvm
56,28,32,16,32,16,1,[56; 28; 32; 16; 32; 16; 1],0.28875894693192095,0.19367037429499365,tvm
4,4,64,1,2048,16,1,[4; 4; 64; 1; 2048; 16; 1],0.3755605439655483,0.14890822327295244,tvm
448,32,64,8,4096,16,1,[448; 32; 64; 8; 4096; 16; 1],0.22348239400889724,0.25023919034582603,tvm
28,14,64,1,128,32,2,[28; 14; 64; 1; 128; 32; 2],0.17577360197901726,0.31815956835207365,tvm
4,4,64,2,4096,128,8,[4; 4; 64; 2; 4096; 128; 8],0.1854067479725927,0.30162900727647823,tvm
112,14,64,8,2048,16,1,[112; 14; 64; 8; 2048; 16; 1],0.2533659490291029,0.22072442468150924,tvm
28,1,4,1,256,128,8,[28; 1; 4; 1; 256; 128; 8],0.210944960010238,0.2651120620782744,tvm
14,1,32,16,2048,16,1,[14; 1; 32; 16; 2048; 16; 1],1.496008997084573,0.03738216377195479,tvm
8,4,64,8,1024,16,1,[8; 4; 64; 8; 1024; 16; 1],0.7004486270016059,0.07984033543291551,tvm
28,14,32,4,4096,32,2,[28; 14; 32; 4; 4096; 32; 2],0.1535730039468035,0.36415289078219104,tvm
28,2,8,1,2048,64,4,[28; 2; 8; 1; 2048; 64; 4],0.21310630498919636,0.26242326962671736,tvm
7,1,32,4,32,16,1,[7; 1; 32; 4; 32; 16; 1],0.24027589696925133,0.23274932708081852,tvm
128,32,4,4,1024,64,4,[128; 32; 4; 4; 1024; 64; 4],0.21952452301047742,0.2547508249484464,tvm
7,7,32,2,1024,128,8,[7; 7; 32; 2; 1024; 128; 8],0.13216734095476568,0.42313065337732236,tvm
32,2,32,4,128,64,4,[32; 2; 32; 4; 128; 64; 4],0.22767813492100686,0.2456276855603031,tvm
7,1,64,4,16,16,1,[7; 1; 64; 4; 16; 16; 1],0.2567507060011849,0.21781460391807161,tvm
28,4,8,1,4096,128,8,[28; 4; 8; 1; 4096; 128; 8],0.2097898410866037,0.2665717893853937,tvm
512,32,32,16,32,16,1,[512; 32; 32; 16; 32; 16; 1],0.43360899202525616,0.12897346310123559,tvm
224,16,64,4,64,32,2,[224; 16; 64; 4; 64; 32; 2],0.28862875094637275,0.1937577360189042,tvm
32,4,16,4,128,64,4,[32; 4; 16; 4; 128; 64; 4],0.17117751797195524,0.32670209263400823,tvm
4,2,8,1,2048,32,2,[4; 2; 8; 1; 2048; 32; 2],0.22680460393894464,0.24657371306443138,tvm
128,8,4,4,64,64,4,[128; 8; 4; 4; 64; 64; 4],0.2948354729451239,0.18967884961299133,tvm
448,1,32,16,16,16,1,[448; 1; 32; 16; 16; 16; 1],0.5074160679941997,0.11021340643468272,tvm
16,2,4,2,2048,128,8,[16; 2; 4; 2; 2048; 128; 8],0.12926130392588675,0.43264342564111796,tvm
14,2,8,4,4096,32,2,[14; 2; 8; 4; 4096; 32; 2],0.3178421010961756,0.17594916828344057,tvm
16,4,16,4,2048,16,1,[16; 4; 16; 4; 2048; 16; 1],0.2844577960204333,0.1965987718238391,tvm
28,28,1,1,16,16,1,[28; 28; 1; 1; 16; 16; 1],0.21223138505592942,0.2635051046695834,tvm
8,8,8,1,256,16,1,[8; 8; 8; 1; 256; 16; 1],0.15592634899076074,0.35865685110504997,tvm
256,4,4,4,4096,32,2,[256; 4; 4; 4; 4096; 32; 2],0.28288160800002515,0.1976942005127755,tvm
2,1,8,4,64,16,1,[2; 1; 8; 4; 64; 16; 1],0.2560375479515642,0.2184212971134716,tvm
14,14,32,4,2048,64,4,[14; 14; 32; 4; 2048; 64; 4],0.1276275860145688,0.4381815489869843,tvm
32,2,32,2,128,128,8,[32; 2; 32; 2; 128; 128; 8],0.14791342592798173,0.3780863906198918,tvm
224,1,8,4,512,32,2,[224; 1; 8; 4; 512; 32; 2],0.3345192939741537,0.16717736268346378,tvm
56,14,16,2,64,64,4,[56; 14; 16; 2; 64; 64; 4],0.15089957497548312,0.37060444565479655,tvm
16,2,8,1,256,32,2,[16; 2; 8; 1; 256; 32; 2],0.15704442898277193,0.3561033886752411,tvm
8,8,32,8,1024,32,2,[8; 8; 32; 8; 1024; 32; 2],0.277990757022053,0.20117234807521633,tvm
448,112,16,8,16,16,1,[448; 112; 16; 8; 16; 16; 1],0.4092099890112877,0.13666346090048823,tvm
32,1,64,8,4096,32,2,[32; 1; 64; 8; 4096; 32; 2],0.634581692982465,0.0881274293787083,tvm
8,8,32,1,4096,16,1,[8; 8; 32; 1; 4096; 16; 1],0.2544480999931693,0.21978569828123937,tvm
256,4,32,16,1024,16,1,[256; 4; 32; 16; 1024; 16; 1],0.8078625639900565,0.06922471200685773,tvm
28,2,16,8,1024,32,2,[28; 2; 16; 8; 1024; 32; 2],0.428608912974596,0.1304780456972158,tvm
32,16,64,1,1024,128,8,[32; 16; 64; 1; 1024; 128; 8],0.19463785900734365,0.2873236153467108,tvm
28,7,16,2,128,16,1,[28; 7; 16; 2; 128; 16; 1],0.17696765693835914,0.31601284834105386,tvm
56,4,8,1,4096,128,8,[56; 4; 8; 1; 4096; 128; 8],0.19862522697076201,0.2815556421821759,tvm
64,64,4,2,2048,128,8,[64; 64; 4; 2; 2048; 128; 8],0.3133890019962564,0.17844931690998325,tvm
64,32,1,1,2048,128,8,[64; 32; 1; 1; 2048; 128; 8],0.26212187798228115,0.21335133779681556,tvm
4,1,8,4,512,16,1,[4; 1; 8; 4; 512; 16; 1],0.23953506199177355,0.23346917511079843,tvm
256,4,8,8,16,16,1,[256; 4; 8; 8; 16; 16; 1],0.31498063902836293,0.17754758992757508,tvm
112,8,64,4,2048,32,2,[112; 8; 64; 4; 2048; 32; 2],0.23846020502969623,0.23452153505600204,tvm
64,4,64,2,256,128,8,[64; 4; 64; 2; 256; 128; 8],0.15910609997808933,0.35148905881694475,tvm
16,2,4,2,128,16,1,[16; 2; 4; 2; 128; 16; 1],0.21352908690460026,0.2619036785293747,tvm
128,2,16,8,2048,16,1,[128; 2; 16; 8; 2048; 16; 1],0.6394586600363255,0.08745530685307551,tvm
56,14,32,16,1024,16,1,[56; 14; 32; 16; 1024; 16; 1],0.32401780399959534,0.17259561864508896,tvm
4,2,64,8,256,32,2,[4; 2; 64; 8; 256; 32; 2],0.27907444501761347,0.20039116562537193,tvm
4,4,64,1,512,32,2,[4; 4; 64; 1; 512; 32; 2],0.23609739099629223,0.2368685782479129,tvm
16,1,16,2,128,32,2,[16; 1; 16; 2; 128; 32; 2],0.21756151702720672,0.25704938123932947,tvm
8,8,16,4,4096,64,4,[8; 8; 16; 4; 4096; 64; 4],0.18089977302588522,0.3091438557268454,tvm
16,16,32,8,4096,32,2,[16; 16; 32; 8; 4096; 32; 2],0.18344330810941756,0.3048574184018562,tvm
28,28,32,8,4096,16,1,[28; 28; 32; 8; 4096; 16; 1],0.18403052899520844,0.30388465239258977,tvm
256,128,32,8,32,32,2,[256; 128; 32; 8; 32; 32; 2],0.41874352598097175,0.13355204286997047,tvm
256,1,8,8,4096,32,2,[256; 1; 8; 8; 4096; 32; 2],0.6278133590240031,0.08907751408837924,tvm
112,112,8,4,64,64,4,[112; 112; 8; 4; 64; 64; 4],0.32906990102492273,0.16994581746659906,tvm
256,256,8,8,64,32,2,[256; 256; 8; 8; 64; 32; 2],0.4366574209416285,0.1280730628892922,tvm
14,7,16,2,128,128,8,[14; 7; 16; 2; 128; 128; 8],0.15129013103432953,0.36964772884388275,tvm
128,8,16,4,128,32,2,[128; 8; 16; 4; 128; 32; 2],0.2841679260600358,0.19679931549177834,tvm
256,8,64,4,64,32,2,[256; 8; 64; 4; 64; 32; 2],0.3104296709643677,0.18015047711000703,tvm
128,128,8,2,4096,64,4,[128; 128; 8; 2; 4096; 64; 4],0.2341241620015353,0.23886493754098992,tvm
64,2,32,2,256,64,4,[64; 2; 32; 2; 256; 64; 4],0.15426926489453763,0.3625093655017053,tvm
56,4,64,4,4096,32,2,[56; 4; 64; 4; 4096; 32; 2],0.21758158702868968,0.257025670678463,tvm
32,16,64,1,512,128,8,[32; 16; 64; 1; 512; 128; 8],0.20583687396720052,0.2716911321838509,tvm
56,1,8,1,4096,128,8,[56; 1; 8; 1; 4096; 128; 8],0.20103488396853209,0.27818084219695477,tvm
448,14,16,16,128,16,1,[448; 14; 16; 16; 128; 16; 1],0.29873063298873603,0.18720561990521412,tvm
224,112,8,8,512,16,1,[224; 112; 8; 8; 512; 16; 1],0.412026131991297,0.13572938459766087,tvm
1,1,64,1,256,128,8,[1; 1; 64; 1; 256; 128; 8],0.41692335600964725,0.1341350934823601,tvm
224,8,64,8,256,32,2,[224; 8; 64; 8; 256; 32; 2],0.21651182603091002,0.2582956061039798,tvm
28,28,16,16,4096,16,1,[28; 28; 16; 16; 4096; 16; 1],0.8065162339480594,0.06934026989087849,tvm
64,1,4,4,256,64,4,[64; 1; 4; 4; 256; 64; 4],0.2625590480165556,0.21299610032790436,tvm
7,7,8,2,512,16,1,[7; 7; 8; 2; 512; 16; 1],0.14552778890356421,0.38428436077175676,tvm
16,16,32,2,512,128,8,[16; 16; 32; 2; 512; 128; 8],0.12150784907862544,0.4602505414867967,tvm
128,2,8,4,512,32,2,[128; 2; 8; 4; 512; 32; 2],0.3161231360863894,0.17690591718680956,tvm
224,16,16,4,256,32,2,[224; 16; 16; 4; 256; 32; 2],0.24596996197942644,0.2273613122646698,tvm
16,1,32,8,1024,16,1,[16; 1; 32; 8; 1024; 16; 1],0.5918017310323194,0.0944979549751929,tvm
16,4,1,1,2048,32,2,[16; 4; 1; 1; 2048; 32; 2],0.27018485392909497,0.20698441278284818,tvm
448,8,64,8,16,16,1,[448; 8; 64; 8; 16; 16; 1],0.28868546104058623,0.19371967376448854,tvm
7,7,8,1,16,16,1,[7; 7; 8; 1; 16; 16; 1],0.20948328904341906,0.26696188315881414,tvm
28,2,16,1,4096,128,8,[28; 2; 16; 1; 4096; 128; 8],0.2059606589609757,0.2715278423338581,tvm
28,7,64,2,64,64,4,[28; 7; 64; 2; 64; 64; 4],0.16964566602837294,0.32965211928243504,tvm
1,1,2,1,64,16,1,[1; 1; 2; 1; 64; 16; 1],0.26024860399775207,0.21488704444238396,tvm
64,64,32,1,256,128,8,[64; 64; 32; 1; 256; 128; 8],0.2206994630396366,0.2533946053293733,tvm
16,2,1,1,1024,16,1,[16; 2; 1; 1; 1024; 16; 1],0.2034618059406057,0.27486266070821475,tvm
256,8,16,16,4096,16,1,[256; 8; 16; 16; 4096; 16; 1],0.4645269300090149,0.12038925995581792,tvm
128,32,4,4,4096,64,4,[128; 32; 4; 4; 4096; 64; 4],0.21027713094372302,0.2659540439911196,tvm
112,112,4,4,128,32,2,[112; 112; 4; 4; 128; 32; 2],0.31765442807227373,0.1760531205962264,tvm
8,8,2,1,128,16,1,[8; 8; 2; 1; 128; 16; 1],0.13703482795972377,0.4081010219516611,tvm
32,1,16,8,64,16,1,[32; 1; 16; 8; 64; 16; 1],0.3130165149923414,0.17866167008696532,tvm
28,1,32,4,128,64,4,[28; 1; 32; 4; 128; 64; 4],0.2330525629222393,0.2399632625022581,tvm
112,8,32,16,16,16,1,[112; 8; 32; 16; 16; 16; 1],0.30404840304981917,0.1839314160915689,tvm
2,1,32,1,256,64,4,[2; 1; 32; 1; 256; 64; 4],0.23631672002375126,0.2366487370327103,tvm
28,28,16,2,64,64,4,[28; 28; 16; 2; 64; 64; 4],0.12996503501199186,0.4303007599557314,tvm
112,28,8,4,256,32,2,[112; 28; 8; 4; 256; 32; 2],0.3315887110074982,0.1686548771923322,tvm
16,1,32,2,2048,32,2,[16; 1; 32; 2; 2048; 32; 2],0.2064447159646079,0.2708911830076617,tvm
8,1,8,4,1024,64,4,[8; 1; 8; 4; 1024; 64; 4],0.3064894780982286,0.18246647056317514,tvm
1,1,16,2,64,16,1,[1; 1; 16; 2; 64; 16; 1],0.2983555269893259,0.18744098323787411,tvm
128,128,16,4,128,64,4,[128; 128; 16; 4; 128; 64; 4],0.3391880760900676,0.16487623615189623,tvm
16,2,16,4,16,16,1,[16; 2; 16; 4; 16; 16; 1],0.31584462302271277,0.17706191353877115,tvm
4,2,64,2,128,16,1,[4; 2; 64; 2; 128; 16; 1],0.22232706600334495,0.25153956438435593,tvm
56,1,4,2,64,64,4,[56; 1; 4; 2; 64; 64; 4],0.14902487804647535,0.3752665599625097,tvm
16,1,4,4,512,16,1,[16; 1; 4; 4; 512; 16; 1],0.3192504260223359,0.17517299516280266,tvm
14,14,8,4,128,16,1,[14; 14; 8; 4; 128; 16; 1],0.16376224008854479,0.341495410071917,tvm
14,2,8,1,128,16,1,[14; 2; 8; 1; 128; 16; 1],0.18383717094548047,0.3042042751512882,tvm
56,8,16,16,512,16,1,[56; 8; 16; 16; 512; 16; 1],0.27590086008422077,0.20269619063986283,tvm
7,7,1,1,512,128,8,[7; 7; 1; 1; 512; 128; 8],0.11857967695686966,0.4716158347578758,tvm
32,8,64,2,128,128,8,[32; 8; 64; 2; 128; 128; 8],0.1464261240325868,0.38192674772219987,tvm
8,2,16,4,512,32,2,[8; 2; 16; 4; 512; 32; 2],0.2599933691089973,0.21509799855660255,tvm
112,56,8,8,2048,16,1,[112; 56; 8; 8; 2048; 16; 1],0.38628697698004544,0.14477333346969712,tvm
16,2,4,2,1024,64,4,[16; 2; 4; 2; 1024; 64; 4],0.13036912702955306,0.4289670001445668,tvm
28,2,4,1,256,128,8,[28; 2; 4; 1; 256; 128; 8],0.21379455900751054,0.26157846856789624,tvm
448,56,16,16,32,16,1,[448; 56; 16; 16; 32; 16; 1],0.4805364649510011,0.11637837586172727,tvm
16,1,8,4,16,16,1,[16; 1; 8; 4; 16; 16; 1],0.3288701620185748,0.1700490339107587,tvm
64,2,16,16,64,16,1,[64; 2; 16; 16; 64; 16; 1],0.42017499601934105,0.13309705209293105,tvm
8,1,2,2,512,64,4,[8; 1; 2; 2; 512; 64; 4],0.10614264500327408,0.5268763872579989,tvm
128,32,4,4,32,32,2,[128; 32; 4; 4; 32; 32; 2],0.28708324301987886,0.19480082761034198,tvm
512,1,64,8,16,16,1,[512; 1; 64; 8; 16; 16; 1],0.44045913603622466,0.126967631632311,tvm
28,28,8,2,1024,16,1,[28; 28; 8; 2; 1024; 16; 1],0.19255046092439443,0.2904384287882442,tvm
28,7,4,2,64,16,1,[28; 7; 4; 2; 64; 16; 1],0.2322435430251062,0.24079917402606876,tvm
128,2,64,8,4096,32,2,[128; 2; 64; 8; 4096; 32; 2],0.469474412035197,0.11912055673258001,tvm
2,2,4,2,4096,64,4,[2; 2; 4; 2; 4096; 64; 4],0.291020133998245,0.19216558169020218,tvm
2,1,16,4,512,64,4,[2; 1; 16; 4; 512; 64; 4],0.28395094897132367,0.19694969689635067,tvm
32,8,2,2,256,128,8,[32; 8; 2; 2; 256; 128; 8],0.14110938098747283,0.39631704810821944,tvm
28,4,64,4,512,16,1,[28; 4; 64; 4; 512; 16; 1],0.2296550339087844,0.24351329200798424,tvm
224,32,16,16,32,16,1,[224; 32; 16; 16; 32; 16; 1],0.4489469019463286,0.12456718843784122,tvm
128,128,32,4,4096,64,4,[128; 128; 32; 4; 4096; 64; 4],0.25624019803944975,0.2182485564763866,tvm
14,14,64,2,256,32,2,[14; 14; 64; 2; 256; 32; 2],0.12430283601861447,0.44990166857463054,tvm
32,2,4,1,1024,128,8,[32; 2; 4; 1; 1024; 128; 8],0.19745397800579667,0.28322576176050285,tvm
256,2,64,8,4096,16,1,[256; 2; 64; 8; 4096; 16; 1],0.6103136739693582,0.09163165716018529,tvm
112,28,64,16,16,16,1,[112; 28; 64; 16; 16; 16; 1],0.4238304770551622,0.13194910786478134,tvm
112,8,32,16,2048,16,1,[112; 8; 32; 16; 2048; 16; 1],0.4449419550364837,0.1256884245243804,tvm
4,1,64,2,512,128,8,[4; 1; 64; 2; 512; 128; 8],0.1670777250546962,0.33471878621177953,tvm
8,8,2,2,256,32,2,[8; 8; 2; 2; 256; 32; 2],0.12030987092293799,0.46483345800573866,tvm
112,8,32,16,512,16,1,[112; 8; 32; 16; 512; 16; 1],0.3114960810635239,0.17953373006297518,tvm
32,2,4,2,1024,64,4,[32; 2; 4; 2; 1024; 64; 4],0.1223647769074887,0.457027379501648,tvm
64,1,16,4,128,32,2,[64; 1; 16; 4; 128; 32; 2],0.295437452965416,0.1892923621294549,tvm
28,14,16,8,32,16,1,[28; 14; 16; 8; 32; 16; 1],0.17078511300496757,0.32745274075326863,tvm
8,2,16,1,4096,128,8,[8; 2; 16; 1; 4096; 128; 8],0.16169869003351778,0.345853471798325,tvm
128,1,16,4,128,64,4,[128; 1; 16; 4; 128; 64; 4],0.38761414599139243,0.14427763772732694,tvm
28,7,2,1,256,32,2,[28; 7; 2; 1; 256; 32; 2],0.31809276598505676,0.17581051603028444,tvm
32,32,8,8,512,32,2,[32; 32; 8; 8; 512; 32; 2],0.1239960138918832,0.45101492844839053,tvm
8,1,32,2,512,16,1,[8; 1; 32; 2; 512; 16; 1],0.1659087430452928,0.33707719259898294,tvm
112,8,16,16,2048,16,1,[112; 8; 16; 16; 2048; 16; 1],0.4665022320114076,0.11987949787979964,tvm
512,32,64,8,32,16,1,[512; 32; 64; 8; 32; 16; 1],0.2513184720883146,0.22252265370164012,tvm
2,1,8,2,256,16,1,[2; 1; 8; 2; 256; 16; 1],0.22673615301027894,0.24664815288983954,tvm
112,8,2,2,512,64,4,[112; 8; 2; 2; 512; 64; 4],0.37698623700998724,0.14834507958934262,tvm
14,7,2,1,128,64,4,[14; 7; 2; 1; 128; 64; 4],0.362860803026706,0.15411985220464117,tvm
14,2,64,1,64,32,2,[14; 2; 64; 1; 64; 32; 2],0.13987297494895756,0.39982028947150894,tvm
224,112,8,8,1024,32,2,[224; 112; 8; 8; 1024; 32; 2],0.4060443239286542,0.1377289375510633,tvm
56,2,64,2,1024,64,4,[56; 2; 64; 2; 1024; 64; 4],0.12466130708344281,0.44860794934470105,tvm
4,2,8,2,2048,32,2,[4; 2; 8; 2; 2048; 32; 2],0.20258973399177194,0.27604584018854905,tvm
14,7,2,2,2048,16,1,[14; 7; 2; 2; 2048; 16; 1],0.15941642597317696,0.3508048370294225,tvm
14,7,16,1,1024,128,8,[14; 7; 16; 1; 1024; 128; 8],0.16030012199189514,0.3488709343350399,tvm
56,7,16,1,256,128,8,[56; 7; 16; 1; 256; 128; 8],0.2066874789306894,0.27057301014391355,tvm
224,224,32,4,32,32,2,[224; 224; 32; 4; 32; 32; 2],0.5062344279140234,0.11047066388545038,tvm
128,32,32,2,1024,64,4,[128; 32; 32; 2; 1024; 64; 4],0.38500731298699975,0.14525452230883126,tvm
56,8,1,1,128,128,8,[56; 8; 1; 1; 128; 128; 8],0.21012683608569205,0.26614426969493266,tvm
28,4,4,2,512,32,2,[28; 4; 4; 2; 512; 32; 2],0.1612731779459864,0.34676599075925335,tvm
28,4,64,1,256,16,1,[28; 4; 64; 1; 256; 16; 1],0.1982399580301717,0.2821028307765371,tvm
448,2,64,16,64,16,1,[448; 2; 64; 16; 64; 16; 1],0.5147738819941878,0.10863809390773395,tvm
256,4,8,8,64,32,2,[256; 4; 8; 8; 64; 32; 2],0.34344117110595107,0.16283444746372835,tvm
56,28,8,2,128,64,4,[56; 28; 8; 2; 128; 64; 4],0.1440059430897236,0.3883454538990074,tvm
112,28,2,2,1024,64,4,[112; 28; 2; 2; 1024; 64; 4],0.38401337899267673,0.14563048162548478,tvm
28,28,1,1,4096,64,4,[28; 28; 1; 1; 4096; 64; 4],0.2219434219878167,0.2519743673070122,tvm
28,28,16,2,1024,16,1,[28; 28; 16; 2; 1024; 16; 1],0.17198272899258882,0.32517249645307844,tvm
28,28,32,1,256,32,2,[28; 28; 32; 1; 256; 32; 2],0.17166859097778797,0.32576753274901227,tvm
56,8,64,2,256,128,8,[56; 8; 64; 2; 256; 128; 8],0.1263536229962483,0.44259952352133053,tvm
112,16,32,4,256,64,4,[112; 16; 32; 4; 256; 64; 4],0.2578396840253845,0.21689467059627476,tvm
4,2,16,1,64,32,2,[4; 2; 16; 1; 64; 32; 2],0.1494119610870257,0.37429435318608867,tvm
16,1,4,2,2048,16,1,[16; 1; 4; 2; 2048; 16; 1],0.20170338300522417,0.27725887637633173,tvm
224,2,16,16,64,16,1,[224; 2; 16; 16; 64; 16; 1],0.48963693995028734,0.11421534767987743,tvm
2,1,8,8,256,16,1,[2; 1; 8; 8; 256; 16; 1],0.2713913769694045,0.20606422340249214,tvm
128,16,64,4,512,32,2,[128; 16; 64; 4; 512; 32; 2],0.22371155000291765,0.24998286111112267,tvm
14,14,2,2,16,16,1,[14; 14; 2; 2; 16; 16; 1],0.1807126470375806,0.3094639708404221,tvm
7,7,16,4,16,16,1,[7; 7; 16; 4; 16; 16; 1],0.21917750895954669,0.25515416065639823,tvm
256,64,32,8,256,32,2,[256; 64; 32; 8; 256; 32; 2],0.2931419420056045,0.19077465664147145,tvm
112,56,8,2,2048,64,4,[112; 56; 8; 2; 2048; 64; 4],0.37885925208684057,0.1476116869927058,tvm
448,14,16,8,1024,16,1,[448; 14; 16; 8; 1024; 16; 1],0.25655086105689406,0.21798427455260547,tvm
14,1,64,2,1024,32,2,[14; 1; 64; 2; 1024; 32; 2],0.1687999500427395,0.331303731542418,tvm
28,4,64,2,512,16,1,[28; 4; 64; 2; 512; 16; 1],0.16116405790671706,0.347000777094497,tvm
2,2,32,8,32,32,2,[2; 2; 32; 8; 32; 32; 2],0.2888320569181815,0.19362135190269114,tvm
256,256,64,8,1024,16,1,[256; 256; 64; 8; 1024; 16; 1],0.5695174330612645,0.09819550743641142,tvm
7,1,64,4,32,32,2,[7; 1; 64; 4; 32; 32; 2],0.2608011440606788,0.21443177918085313,tvm
8,8,1,1,2048,64,4,[8; 8; 1; 1; 2048; 64; 4],0.24306588794570416,0.23007775301578146,tvm
32,8,4,4,1024,32,2,[32; 8; 4; 4; 1024; 32; 2],0.14322254597209394,0.3904696216210945,tvm
16,2,64,2,4096,16,1,[16; 2; 64; 2; 4096; 16; 1],0.21847765799611807,0.25597149770951405,tvm
2,1,8,8,16,16,1,[2; 1; 8; 8; 16; 16; 1],0.4256547009572387,0.13138361495260797,tvm
112,1,32,4,4096,64,4,[112; 1; 32; 4; 4096; 64; 4],0.417426644009538,0.13397336786210393,tvm
256,64,16,16,128,16,1,[256; 64; 16; 16; 128; 16; 1],0.4661837200401351,0.11996140347526223,tvm
112,2,32,4,256,32,2,[112; 2; 32; 4; 256; 32; 2],0.3586624279851094,0.1559239244754545,tvm
16,16,8,1,32,32,2,[16; 16; 8; 1; 32; 32; 2],0.14700294297654182,0.38042812069590665,tvm
4,2,64,2,32,16,1,[4; 2; 64; 2; 32; 16; 1],0.2475109320366755,0.22594579105316712,tvm
16,16,32,8,1024,32,2,[16; 16; 32; 8; 1024; 32; 2],0.1618240289390087,0.3455855950441763,tvm
32,1,16,16,2048,16,1,[32; 1; 16; 16; 2048; 16; 1],1.483868457027711,0.03768801275374031,tvm
8,1,2,1,1024,16,1,[8; 1; 2; 1; 1024; 16; 1],0.12940722808707505,0.43215556163295116,tvm
7,7,8,1,1024,64,4,[7; 7; 8; 1; 1024; 64; 4],0.12945567804854363,0.4319938234950404,tvm
128,64,32,4,4096,64,4,[128; 64; 32; 4; 4096; 64; 4],0.20611774898134172,0.2713209008429241,tvm
2,2,64,4,256,32,2,[2; 2; 64; 4; 256; 32; 2],0.31813833594787866,0.17578533302725108,tvm
32,4,64,16,512,16,1,[32; 4; 64; 16; 512; 16; 1],0.3475430179387331,0.1609126077831089,tvm
4,2,16,1,4096,64,4,[4; 2; 16; 1; 4096; 64; 4],0.24136226798873395,0.23170172288878102,tvm
256,16,16,8,512,16,1,[256; 16; 16; 8; 512; 16; 1],0.22163132100831717,0.25232919733052833,tvm
16,1,2,2,512,128,8,[16; 1; 2; 2; 512; 128; 8],0.13048993796110153,0.4285698514931017,tvm
112,14,16,4,64,64,4,[112; 14; 16; 4; 64; 64; 4],0.31346123293042183,0.17840819679844316,tvm
1,1,1,1,512,16,1,[1; 1; 1; 1; 512; 16; 1],0.408432848053053,0.13692349574701476,tvm
448,224,64,16,128,16,1,[448; 224; 64; 16; 128; 16; 1],0.5505316159687936,0.10158191048650571,tvm
8,1,4,2,32,32,2,[8; 1; 4; 2; 32; 32; 2],0.1321898769820109,0.4230585171128026,tvm
224,4,32,8,32,32,2,[224; 4; 32; 8; 32; 32; 2],0.3213247540406883,0.17404215713256832,tvm
112,14,16,8,1024,32,2,[112; 14; 16; 8; 1024; 32; 2],0.21210269501898438,0.2636649823253204,tvm
32,1,8,4,64,64,4,[32; 1; 8; 4; 64; 64; 4],0.2403752909740433,0.23265308637472326,tvm
4,2,32,8,256,32,2,[4; 2; 32; 8; 256; 32; 2],0.26568394899368286,0.21049089922501504,tvm
7,1,2,2,4096,128,8,[7; 1; 2; 2; 4096; 128; 8],0.19111383601557463,0.29262168820040774,tvm
8,2,4,1,512,16,1,[8; 2; 4; 1; 512; 16; 1],0.13582430710084736,0.4117381824139226,tvm
64,1,8,4,128,64,4,[64; 1; 8; 4; 128; 64; 4],0.2574462170014158,0.21722616080633955,tvm
16,4,4,2,256,32,2,[16; 4; 4; 2; 256; 32; 2],0.1630524219945073,0.34298204619872025,tvm
14,2,32,1,4096,16,1,[14; 2; 32; 1; 4096; 16; 1],0.24289307103026658,0.23024145191183618,tvm
28,2,8,4,4096,32,2,[28; 2; 8; 4; 4096; 32; 2],0.4025640400359407,0.13891964450759303,tvm
112,4,32,4,32,32,2,[112; 4; 32; 4; 32; 32; 2],0.3503676630789414,0.15961533904666617,tvm
16,1,16,4,128,16,1,[16; 1; 16; 4; 128; 16; 1],0.3122413530945778,0.17910521069383772,tvm
28,7,64,1,16,16,1,[28; 7; 64; 1; 16; 16; 1],0.21319630194921046,0.26231249239330645,tvm
128,4,64,2,4096,64,4,[128; 4; 64; 2; 4096; 64; 4],0.3808728279545903,0.14683130228444885,tvm
8,4,64,2,32,32,2,[8; 4; 64; 2; 32; 32; 2],0.13610907399561256,0.4108767453309985,tvm
64,2,16,4,2048,32,2,[64; 2; 16; 4; 2048; 32; 2],0.35031026997603476,0.159641489634772,tvm
14,1,64,2,16,16,1,[14; 1; 64; 2; 16; 16; 1],0.18206185102462769,0.30717062920429405,tvm
28,4,8,8,512,16,1,[28; 4; 8; 8; 512; 16; 1],0.2217073499923572,0.25224266735072687,tvm
256,8,32,16,128,16,1,[256; 8; 32; 16; 128; 16; 1],0.2884495089529082,0.19387813671911433,tvm
64,1,16,8,64,32,2,[64; 1; 16; 8; 64; 32; 2],0.2985846829833463,0.1872971271485233,tvm
448,112,64,8,32,16,1,[448; 112; 64; 8; 32; 16; 1],0.4764494829578325,0.11737666916155057,tvm
4,4,4,2,64,32,2,[4; 4; 4; 2; 64; 32; 2],0.13780999300070107,0.4058055015868757,tvm
28,4,16,2,512,64,4,[28; 4; 16; 2; 512; 64; 4],0.13353893102612346,0.41878464132974996,tvm
8,1,32,4,16,16,1,[8; 1; 32; 4; 16; 16; 1],0.23847607395146042,0.23450592928125844,tvm
8,2,32,1,512,16,1,[8; 2; 32; 1; 512; 16; 1],0.17263255396392196,0.3239484792944716,tvm
28,14,2,2,2048,64,4,[28; 14; 2; 2; 2048; 64; 4],0.13187390298116952,0.42407217856681484,tvm
8,1,32,4,64,32,2,[8; 1; 32; 4; 64; 32; 2],0.2636196000967175,0.2121392085900129,tvm
64,32,1,1,1024,128,8,[64; 32; 1; 1; 1024; 128; 8],0.26116313703823835,0.2141345595996007,tvm
4,2,16,2,128,64,4,[4; 2; 16; 2; 128; 64; 4],0.14121236302889884,0.3960280256898511,tvm
14,7,8,1,4096,16,1,[14; 7; 8; 1; 4096; 16; 1],0.2040533700492233,0.2740658158198657,tvm
8,4,4,4,512,16,1,[8; 4; 4; 4; 512; 16; 1],0.15173194708768278,0.36857138135198364,tvm
224,2,16,8,4096,32,2,[224; 2; 16; 8; 4096; 32; 2],0.6033541930373758,0.09268859648062315,tvm
7,1,4,1,128,128,8,[7; 1; 4; 1; 128; 128; 8],0.15092934598214924,0.3705313434535627,tvm
112,14,8,4,64,32,2,[112; 14; 8; 4; 64; 32; 2],0.32451274699997157,0.17233237785059405,tvm
448,4,64,16,1024,16,1,[448; 4; 64; 16; 1024; 16; 1],0.8102031999733299,0.06902472532220834,tvm
16,4,16,1,256,16,1,[16; 4; 16; 1; 256; 16; 1],0.167716593015939,0.33344377158924626,tvm
4,1,64,2,1024,128,8,[4; 1; 64; 2; 1024; 128; 8],0.1627446679631248,0.34363063339196326,tvm
16,16,64,4,4096,32,2,[16; 16; 64; 4; 4096; 32; 2],0.15673499798867851,0.3568064188023463,tvm
16,8,16,4,256,64,4,[16; 8; 16; 4; 256; 64; 4],0.13881026196759194,0.40288126065484936,tvm
112,8,8,2,2048,64,4,[112; 8; 8; 2; 2048; 64; 4],0.37575574195943773,0.148830868270192,tvm
56,14,4,4,2048,64,4,[56; 14; 4; 4; 2048; 64; 4],0.1349745689658448,0.4143302976391417,tvm
28,7,32,4,256,16,1,[28; 7; 32; 4; 256; 16; 1],0.19100253307260573,0.29279220769326103,tvm
28,1,4,1,1024,64,4,[28; 1; 4; 1; 1024; 64; 4],0.21708703693002462,0.2576112057366179,tvm
56,2,8,4,256,64,4,[56; 2; 8; 4; 256; 64; 4],0.23113331105560064,0.24195583526201653,tvm
2,2,8,1,2048,64,4,[2; 2; 8; 1; 2048; 64; 4],0.3376580309122801,0.16562334733232453,tvm
16,4,8,8,16,16,1,[16; 4; 8; 8; 16; 16; 1],0.22893216100055724,0.24428220608635764,tvm
14,2,4,1,256,64,4,[14; 2; 4; 1; 256; 64; 4],0.1916781699983403,0.29176015888412105,tvm
128,8,2,2,64,64,4,[128; 8; 2; 2; 64; 64; 4],0.5919500320451334,0.09447428043904453,tvm
256,16,32,8,2048,16,1,[256; 16; 32; 8; 2048; 16; 1],0.24008006392978132,0.2329391804464448,tvm
256,1,32,8,2048,32,2,[256; 1; 32; 8; 2048; 32; 2],0.5052054970292374,0.11069565486160353,tvm
4,2,8,2,32,32,2,[4; 2; 8; 2; 32; 32; 2],0.14971431100275367,0.37353846107807775,tvm
224,16,32,4,32,32,2,[224; 16; 32; 4; 32; 32; 2],0.315266159013845,0.17738679440972735,tvm
28,2,32,4,256,32,2,[28; 2; 32; 4; 256; 32; 2],0.25133139092940837,0.22251121567636079,tvm
28,14,8,4,64,64,4,[28; 14; 8; 4; 64; 64; 4],0.1344158509746194,0.416052518567122,tvm
8,4,64,2,64,16,1,[8; 4; 64; 2; 64; 16; 1],0.18488368298858404,0.30248236312333987,tvm
128,16,8,4,1024,32,2,[128; 16; 8; 4; 1024; 32; 2],0.21970774605870247,0.25453837807972096,tvm
16,1,8,8,64,16,1,[16; 1; 8; 8; 64; 16; 1],0.30632694403175265,0.1825632854795054,tvm
16,2,64,8,512,16,1,[16; 2; 64; 8; 512; 16; 1],0.38648700003977865,0.1446984072622816,tvm
14,1,16,16,64,16,1,[14; 1; 16; 16; 64; 16; 1],0.318445289041847,0.17561589151342208,tvm
28,14,8,4,4096,32,2,[28; 14; 8; 4; 4096; 32; 2],0.13607040606439114,0.410993506603258,tvm
64,8,64,16,16,16,1,[64; 8; 64; 16; 16; 16; 1],0.26605299091897905,0.2101989274398492,tvm
16,8,16,1,1024,64,4,[16; 8; 16; 1; 1024; 64; 4],0.14138995995745063,0.39553058329009294,tvm
28,4,8,2,512,32,2,[28; 4; 8; 2; 512; 32; 2],0.16146863403264433,0.3463462341672321,tvm
28,1,16,1,4096,32,2,[28; 1; 16; 1; 4096; 32; 2],0.2964255139231682,0.1886614029716367,tvm
28,28,64,1,2048,16,1,[28; 28; 64; 1; 2048; 16; 1],0.21545464207883924,0.2595630003315017,tvm
224,2,32,8,128,32,2,[224; 2; 32; 8; 128; 32; 2],0.3668067960534245,0.15246187893745605,tvm
2,1,4,2,512,64,4,[2; 1; 4; 2; 512; 64; 4],0.21199597406666726,0.2637977139874678,tvm
8,8,16,2,256,16,1,[8; 8; 16; 2; 256; 16; 1],0.1693475479260087,0.33023243630175064,tvm
8,2,64,2,128,16,1,[8; 2; 64; 2; 128; 16; 1],0.18395036389119923,0.3040170845566287,tvm
8,2,4,4,128,16,1,[8; 2; 4; 4; 128; 16; 1],0.20794027601368725,0.2689428638137051,tvm
512,8,16,8,512,16,1,[512; 8; 16; 8; 512; 16; 1],0.2785435830010101,0.2007730809333724,tvm
56,4,4,2,256,128,8,[56; 4; 4; 2; 256; 128; 8],0.12701506994199008,0.4402946308565967,tvm
16,16,64,4,256,64,4,[16; 16; 64; 4; 256; 64; 4],0.11771004099864513,0.47510010920799045,tvm
7,1,32,4,2048,64,4,[7; 1; 32; 4; 2048; 64; 4],0.3212130310712382,0.1741026917458108,tvm
64,1,16,8,128,32,2,[64; 1; 16; 8; 128; 32; 2],0.3002408869797364,0.18626394924388734,tvm
64,4,32,2,2048,64,4,[64; 4; 32; 2; 2048; 64; 4],0.13666853099130094,0.4091948082539421,tvm
1,1,8,1,128,128,8,[1; 1; 8; 1; 128; 128; 8],0.24618249596096575,0.22716502696520124,tvm
224,14,32,16,256,16,1,[224; 14; 32; 16; 256; 16; 1],0.29417248792015016,0.19010633430993484,tvm
28,28,4,2,64,64,4,[28; 28; 4; 2; 64; 64; 4],0.12985409598331898,0.43066838138488384,tvm
14,7,4,2,32,16,1,[14; 7; 4; 2; 32; 16; 1],0.26329374499619007,0.21240175429971786,tvm
8,8,64,16,2048,16,1,[8; 8; 64; 16; 2048; 16; 1],0.41163943300489336,0.13585689039822513,tvm
28,7,32,1,256,32,2,[28; 7; 32; 1; 256; 32; 2],0.17268441093619913,0.32385119785940214,tvm
128,1,2,2,64,64,4,[128; 1; 2; 2; 64; 64; 4],0.5955218359595165,0.09390764528932412,tvm
128,8,32,8,1024,32,2,[128; 8; 32; 8; 1024; 32; 2],0.24156634602695704,0.23150597859808095,tvm
112,56,8,8,32,32,2,[112; 56; 8; 8; 32; 32; 2],0.32559844199568033,0.17175774242210676,tvm
112,112,32,4,4096,32,2,[112; 112; 32; 4; 4096; 32; 2],0.24106205604039133,0.23199027773978223,tvm
56,4,2,2,4096,128,8,[56; 4; 2; 2; 4096; 128; 8],0.1267594590317458,0.4411824865813576,tvm
16,8,4,2,128,16,1,[16; 8; 4; 2; 128; 16; 1],0.22037604707293212,0.2537664781455382,tvm
448,1,64,8,32,16,1,[448; 1; 64; 8; 32; 16; 1],0.5180442529963329,0.10795227050560331,tvm
56,56,16,4,4096,64,4,[56; 56; 16; 4; 4096; 64; 4],0.15100335201714188,0.37034974777900853,tvm
56,28,1,1,2048,128,8,[56; 28; 1; 1; 2048; 128; 8],0.20119473990052938,0.2779598182386983,tvm
128,4,32,4,128,32,2,[128; 4; 32; 4; 128; 32; 2],0.316075655980967,0.17693249155734062,tvm
16,4,8,2,128,64,4,[16; 4; 8; 2; 128; 64; 4],0.15355775004718453,0.36418906447997085,tvm
4,4,64,16,1024,16,1,[4; 4; 64; 16; 1024; 16; 1],0.8960018589859828,0.06241510859879613,tvm
112,16,4,4,2048,32,2,[112; 16; 4; 4; 2048; 32; 2],0.22137923096306622,0.25261653087350106,tvm
16,2,32,4,128,16,1,[16; 2; 32; 4; 128; 16; 1],0.3200800819322467,0.17471894219638173,tvm
112,56,16,2,1024,64,4,[112; 56; 16; 2; 1024; 64; 4],0.3878746060654521,0.14418075444695752,tvm
16,8,2,1,64,64,4,[16; 8; 2; 1; 64; 64; 4],0.15021118591539562,0.3723028547609749,tvm
112,56,4,4,1024,32,2,[112; 56; 4; 4; 1024; 32; 2],0.2164683610899374,0.25834746958747584,tvm
8,8,8,4,64,64,4,[8; 8; 8; 4; 64; 64; 4],0.13632739300373942,0.41021875428806415,tvm
16,2,64,8,128,32,2,[16; 2; 64; 8; 128; 32; 2],0.25507502199616283,0.21924551018631144,tvm
56,14,32,2,4096,64,4,[56; 14; 32; 2; 4096; 64; 4],0.1451235649874434,0.38535473779308055,tvm
224,224,64,8,128,32,2,[224; 224; 64; 8; 128; 32; 2],0.37284679198637605,0.14999204642580596,tvm
112,1,4,4,4096,64,4,[112; 1; 4; 4; 4096; 64; 4],0.41537978895939887,0.13463354457720042,tvm
16,16,8,8,256,16,1,[16; 16; 8; 8; 256; 16; 1],0.17968467099126428,0.3112344142926482,tvm
32,8,64,4,4096,32,2,[32; 8; 64; 4; 4096; 32; 2],0.16559698001947254,0.33771179478488816,tvm
56,28,8,4,1024,32,2,[56; 28; 8; 4; 1024; 32; 2],0.12926806707400829,0.4326207902630416,tvm
32,8,16,8,32,16,1,[32; 8; 16; 8; 32; 16; 1],0.18743921804707497,0.2983583367237913,tvm
7,7,2,1,128,64,4,[7; 7; 2; 1; 128; 64; 4],0.1708903870312497,0.3272510192343753,tvm
64,4,32,1,2048,128,8,[64; 4; 32; 1; 2048; 128; 8],0.20695831801276654,0.2702189207484938,tvm
28,4,8,2,64,64,4,[28; 4; 8; 2; 64; 64; 4],0.17316341307014227,0.32295536535007263,tvm
64,16,64,4,4096,32,2,[64; 16; 64; 4; 4096; 32; 2],0.14291766693349928,0.39130259073817125,tvm
512,64,16,8,256,16,1,[512; 64; 16; 8; 256; 16; 1],0.3286319460021332,0.17017229765291997,tvm
4,2,2,2,16,16,1,[4; 2; 2; 2; 16; 16; 1],0.24758176191244274,0.225881150943222,tvm
14,7,32,1,1024,128,8,[14; 7; 32; 1; 1024; 128; 8],0.14699237304739654,0.38045547652530964,tvm
28,7,16,1,2048,32,2,[28; 7; 16; 1; 2048; 32; 2],0.1732552150497213,0.32278424240958103,tvm
112,8,4,4,512,64,4,[112; 8; 4; 4; 512; 64; 4],0.22624162200372666,0.2471872895802177,tvm
8,4,64,8,256,16,1,[8; 4; 64; 8; 256; 16; 1],0.21118323900736868,0.2648129349478441,tvm
256,128,64,8,2048,32,2,[256; 128; 64; 8; 2048; 32; 2],0.5186303650261834,0.10783027200983492,tvm
8,1,4,1,4096,32,2,[8; 1; 4; 1; 4096; 32; 2],0.1844269559951499,0.30323145025938636,tvm
16,8,8,1,512,128,8,[16; 8; 8; 1; 512; 128; 8],0.2096747379982844,0.26671812669102235,tvm
64,2,16,4,128,32,2,[64; 2; 16; 4; 128; 32; 2],0.2707314599538222,0.20656651185965652,tvm
112,112,4,2,64,64,4,[112; 112; 4; 2; 64; 64; 4],0.13373018195852637,0.4181857267694215,tvm
256,64,64,16,32,16,1,[256; 64; 64; 16; 32; 16; 1],0.5204222350148484,0.10745900073185331,tvm
14,1,1,1,128,16,1,[14; 1; 1; 1; 128; 16; 1],0.2489753010449931,0.22461687202951558,tvm
64,2,32,4,1024,64,4,[64; 2; 32; 4; 1024; 64; 4],0.29491235106252134,0.18962940389525243,tvm
14,1,32,4,128,16,1,[14; 1; 32; 4; 128; 16; 1],0.31705842597875744,0.17638406284487196,tvm
32,32,32,2,2048,64,4,[32; 32; 32; 2; 2048; 64; 4],0.12984299298841506,0.430705208238099,tvm
14,7,8,1,256,32,2,[14; 7; 8; 1; 256; 32; 2],0.14314056804869324,0.3906932471744084,tvm
4,2,4,4,256,32,2,[4; 2; 4; 4; 256; 32; 2],0.21567206492181867,0.2593013302562196,tvm
4,2,16,1,512,32,2,[4; 2; 16; 1; 512; 32; 2],0.15594043803866953,0.3586244468510823,tvm
8,4,4,4,128,16,1,[8; 4; 4; 4; 128; 16; 1],0.15629019890911877,0.35782188341735127,tvm
28,1,2,1,256,32,2,[28; 1; 2; 1; 256; 32; 2],0.294511679909192,0.18988738698097346,tvm
2,1,16,4,128,64,4,[2; 1; 16; 4; 128; 64; 4],0.22555637208279222,0.2479382551551502,tvm
28,1,16,1,4096,64,4,[28; 1; 16; 1; 4096; 64; 4],0.2345607749884948,0.2384203127572221,tvm
28,2,32,1,256,32,2,[28; 2; 32; 1; 256; 32; 2],0.29962473397608846,0.18664698535133736,tvm
112,7,16,16,4096,16,1,[112; 7; 16; 16; 4096; 16; 1],0.5093816209118813,0.10978812551819124,tvm
28,7,16,4,2048,16,1,[28; 7; 16; 4; 2048; 16; 1],0.20656694390345365,0.2707308937071336,tvm
56,7,64,8,64,32,2,[56; 7; 64; 8; 64; 32; 2],0.15437387907877564,0.36226370463098734,tvm
56,56,8,2,64,64,4,[56; 56; 8; 2; 64; 64; 4],0.1260723009472713,0.4435871552524699,tvm
56,1,2,2,2048,64,4,[56; 1; 2; 2; 2048; 64; 4],0.1322911080205813,0.42273478671471176,tvm
1,1,4,2,4096,32,2,[1; 1; 4; 2; 4096; 32; 2],0.5077776010148227,0.11013493549452733,tvm
4,1,32,2,32,16,1,[4; 1; 32; 2; 32; 16; 1],0.24717148195486516,0.22625609107908884,tvm
128,64,64,8,16,16,1,[128; 64; 64; 8; 16; 16; 1],0.3779353409772739,0.14797254257493792,tvm
7,1,32,8,32,32,2,[7; 1; 32; 8; 32; 32; 2],0.2673678220016882,0.20916523504829324,tvm
1,1,16,4,4096,64,4,[1; 1; 16; 4; 4096; 64; 4],0.7768007779959589,0.07199278749129195,tvm
64,1,64,16,16,16,1,[64; 1; 64; 16; 16; 16; 1],0.4539800579659641,0.12318614518861991,tvm
28,7,8,1,1024,128,8,[28; 7; 8; 1; 1024; 128; 8],0.19954293395858258,0.2802607550360115,tvm
16,8,4,4,1024,32,2,[16; 8; 4; 4; 1024; 32; 2],0.1446251739980653,0.3866827038982954,tvm
2,2,8,2,4096,128,8,[2; 2; 8; 2; 4096; 128; 8],0.28938701399601996,0.19325004450304215,tvm
8,4,16,4,2048,16,1,[8; 4; 16; 4; 2048; 16; 1],0.31375443399883807,0.17824147573175153,tvm
112,112,8,2,2048,64,4,[112; 112; 8; 2; 2048; 64; 4],0.2226524680154398,0.25117194447382135,tvm
128,8,64,4,128,64,4,[128; 8; 64; 4; 128; 64; 4],0.2658356400206685,0.21037078899196995,tvm
56,14,32,2,256,128,8,[56; 14; 32; 2; 256; 128; 8],0.1270317769376561,0.44023672408187603,tvm
256,4,8,8,256,32,2,[256; 4; 8; 8; 256; 32; 2],0.3196933650178835,0.17493029087483555,tvm
14,2,16,2,256,128,8,[14; 2; 16; 2; 256; 128; 8],0.14604597503785044,0.38292088035181804,tvm
2,2,32,8,256,16,1,[2; 2; 32; 8; 256; 16; 1],0.4275245249737054,0.1308089947278999,tvm
28,14,8,1,1024,128,8,[28; 14; 8; 1; 1024; 128; 8],0.19853391498327255,0.2816851384714053,tvm
224,7,8,8,2048,32,2,[224; 7; 8; 8; 2048; 32; 2],0.2670091569889337,0.2094462001378145,tvm
4,1,64,2,256,64,4,[4; 1; 64; 2; 256; 64; 4],0.13223924196790904,0.42290058912243783,tvm
28,14,16,1,1024,32,2,[28; 14; 16; 1; 1024; 32; 2],0.17052306700497866,0.3279559435305052,tvm
14,7,64,4,32,16,1,[14; 7; 64; 4; 32; 16; 1],0.18170136807020754,0.3077800344999321,tvm
28,7,32,4,1024,64,4,[28; 7; 32; 4; 1024; 64; 4],0.16266746306791902,0.34379372665314883,tvm
28,7,16,2,2048,32,2,[28; 7; 16; 2; 2048; 32; 2],0.16218737792223692,0.34481137835613157,tvm
28,4,4,2,4096,16,1,[28; 4; 4; 2; 4096; 16; 1],0.23424640705343336,0.2387402822386797,tvm
28,1,16,1,32,32,2,[28; 1; 16; 1; 32; 32; 2],0.36604277801234275,0.15278010301694195,tvm
448,112,16,8,4096,16,1,[448; 112; 16; 8; 4096; 16; 1],0.5012450969079509,0.11157027505767957,tvm
7,7,4,1,32,16,1,[7; 7; 4; 1; 32; 16; 1],0.20134709205012769,0.27774949597687953,tvm
28,7,32,4,4096,32,2,[28; 7; 32; 4; 4096; 32; 2],0.2607763189589605,0.21445219242524222,tvm
56,4,16,4,4096,32,2,[56; 4; 16; 4; 4096; 32; 2],0.3175542519893497,0.17610865854571817,tvm
128,1,8,4,64,64,4,[128; 1; 8; 4; 64; 64; 4],0.43777445098385215,0.12774627027148316,tvm
448,14,16,16,2048,16,1,[448; 14; 16; 16; 2048; 16; 1],0.3841804029652849,0.1455671681889165,tvm
128,16,64,8,32,32,2,[128; 16; 64; 8; 32; 32; 2],0.22681730601470917,0.24655990460316393,tvm
32,16,1,1,4096,128,8,[32; 16; 1; 1; 4096; 128; 8],0.20662646798882633,0.27065290268794373,tvm
56,4,2,2,128,64,4,[56; 4; 2; 2; 128; 64; 4],0.13893429306335747,0.40252159564255735,tvm
512,2,16,16,16,16,1,[512; 2; 16; 16; 16; 16; 1],0.4910895510111004,0.11387750608456593,tvm
28,14,8,1,256,32,2,[28; 14; 8; 1; 256; 32; 2],0.20074327406473458,0.2785849418561304,tvm
16,1,4,1,512,64,4,[16; 1; 4; 1; 512; 64; 4],0.22318795195315033,0.2505693199114638,tvm
32,16,64,8,64,16,1,[32; 16; 64; 8; 64; 16; 1],0.17508710897527635,0.3194070292246943,tvm
8,4,1,1,32,16,1,[8; 4; 1; 1; 32; 16; 1],0.13973997498396784,0.4002008254241452,tvm
64,1,16,2,4096,128,8,[64; 1; 16; 2; 4096; 128; 8],0.22355590504594147,0.250156905145676,tvm
14,1,4,2,4096,32,2,[14; 1; 4; 2; 4096; 32; 2],0.17723714897874743,0.31553234553575,tvm
16,2,16,4,4096,16,1,[16; 2; 16; 4; 4096; 16; 1],0.421935208956711,0.13254180297399865,tvm
8,8,8,1,2048,16,1,[8; 8; 8; 1; 2048; 16; 1],0.15561522508505732,0.3593739192470785,tvm
7,7,32,1,2048,128,8,[7; 7; 32; 1; 2048; 128; 8],0.14501191396266222,0.3856514392861038,tvm
224,2,64,4,2048,32,2,[224; 2; 64; 4; 2048; 32; 2],0.41747155296616256,0.13395895585217554,tvm
32,4,16,8,4096,16,1,[32; 4; 16; 8; 4096; 16; 1],0.3497460080543533,0.1598990468667259,tvm
28,14,32,2,32,32,2,[28; 14; 32; 2; 32; 32; 2],0.21606826398056,0.2588258557877103,tvm
224,2,16,4,64,32,2,[224; 2; 16; 4; 64; 32; 2],0.39906822401098907,0.14013657306825153,tvm
28,7,16,2,64,64,4,[28; 7; 16; 2; 64; 64; 4],0.1731821639696136,0.32292039810257667,tvm
8,8,2,2,2048,64,4,[8; 8; 2; 2; 2048; 64; 4],0.15114485996309668,0.3700030113295793,tvm
28,14,4,1,512,16,1,[28; 14; 4; 1; 512; 16; 1],0.23716301005333662,0.23580428212964716,tvm
56,8,32,4,512,32,2,[56; 8; 32; 4; 512; 32; 2],0.1370742549188435,0.40798363898781614,tvm
14,2,64,2,32,16,1,[14; 2; 64; 2; 32; 16; 1],0.17187658802140504,0.3253733040498145,tvm
112,4,16,8,512,16,1,[112; 4; 16; 8; 512; 16; 1],0.3447013410041109,0.1622391522192146,tvm
4,1,32,1,16,16,1,[4; 1; 32; 1; 16; 16; 1],0.25505589006934315,0.21926195595063114,tvm
224,224,64,16,1024,16,1,[224; 224; 64; 16; 1024; 16; 1],1.471358431968838,0.03800844995906324,tvm
7,7,32,1,512,128,8,[7; 7; 32; 1; 512; 128; 8],0.13604537001810968,0.41106914058074157,tvm
128,32,16,8,64,16,1,[128; 32; 16; 8; 64; 16; 1],0.22890446498058736,0.24431176271758645,tvm
2,1,8,4,32,16,1,[2; 1; 8; 4; 32; 16; 1],0.28007499093655497,0.1996752839170911,tvm
2,2,32,2,2048,32,2,[2; 2; 32; 2; 2048; 32; 2],0.5032655850518495,0.11112234771144086,tvm
16,1,64,8,512,32,2,[16; 1; 64; 8; 512; 32; 2],0.3440499210264534,0.16254633387645345,tvm
16,16,64,4,64,16,1,[16; 16; 64; 4; 64; 16; 1],0.16451025195419788,0.3399426641745308,tvm
32,32,64,4,128,64,4,[32; 32; 64; 4; 128; 64; 4],0.10970634792465717,0.5097613254954052,tvm
7,1,16,8,4096,32,2,[7; 1; 16; 8; 4096; 32; 2],0.7341507690725848,0.07617516140993673,tvm
56,8,64,8,128,32,2,[56; 8; 64; 8; 128; 32; 2],0.14522956497967243,0.38507347550866067,tvm
32,8,32,1,512,128,8,[32; 8; 32; 1; 512; 128; 8],0.20325603301171213,0.27514092696137016,tvm
56,7,32,8,4096,32,2,[56; 7; 32; 8; 4096; 32; 2],0.29542129405308515,0.1893027160164161,tvm
7,1,32,2,1024,128,8,[7; 1; 32; 2; 1024; 128; 8],0.17077883298043162,0.3274647821240311,tvm
56,56,64,8,256,32,2,[56; 56; 64; 8; 256; 32; 2],0.1788438920630142,0.31269758608042897,tvm
4,4,16,8,256,16,1,[4; 4; 16; 8; 256; 16; 1],0.2315681210020557,0.24150152055185903,tvm
14,2,64,2,256,64,4,[14; 2; 64; 2; 256; 64; 4],0.1465927759418264,0.3814925597392748,tvm
8,4,64,8,16,16,1,[8; 4; 64; 8; 16; 16; 1],0.2570361850084737,0.21757268662966536,tvm
8,8,64,8,256,32,2,[8; 8; 64; 8; 256; 32; 2],0.13077103509567678,0.42764862488407535,tvm
32,16,64,16,64,16,1,[32; 16; 64; 16; 64; 16; 1],0.23143100296147168,0.241644605164,tvm
448,64,32,8,64,16,1,[448; 64; 32; 8; 64; 16; 1],0.3727115470683202,0.15004647366903856,tvm
512,128,8,8,16,16,1,[512; 128; 8; 8; 16; 16; 1],0.45555410103406757,0.12276050902931325,tvm
128,32,8,4,32,32,2,[128; 32; 8; 4; 32; 32; 2],0.3538045210298151,0.15806483526710113,tvm
112,16,8,8,2048,32,2,[112; 16; 8; 8; 2048; 32; 2],0.2081282390281558,0.26869997840979126,tvm
8,8,8,2,2048,64,4,[8; 8; 8; 2; 2048; 64; 4],0.1337720659794286,0.4180547928588717,tvm
224,56,16,16,2048,16,1,[224; 56; 16; 16; 2048; 16; 1],1.2328288060380146,0.04536238369791053,tvm
32,4,4,4,1024,32,2,[32; 4; 4; 4; 1024; 32; 2],0.19988761108834296,0.2797774861025127,tvm
128,2,8,8,1024,32,2,[128; 2; 8; 8; 1024; 32; 2],0.478526282007806,0.11686725564724795,tvm
512,1,64,8,2048,16,1,[512; 1; 64; 8; 2048; 16; 1],0.6297900680219755,0.08879792834615162,tvm
14,2,2,1,2048,32,2,[14; 2; 2; 1; 2048; 32; 2],0.17749770800583065,0.3150691575774955,tvm
28,2,64,4,1024,16,1,[28; 2; 64; 4; 1024; 16; 1],0.6960650780238211,0.08034313902387655,tvm
128,128,16,8,512,16,1,[128; 128; 16; 8; 512; 16; 1],0.3947122439276427,0.14168309748097183,tvm
28,7,16,1,4096,64,4,[28; 7; 16; 1; 4096; 64; 4],0.23548387608025223,0.23748570078010173,tvm
32,2,16,8,256,16,1,[32; 2; 16; 8; 256; 16; 1],0.33029985695611686,0.16931298078268112,tvm
28,2,8,2,64,64,4,[28; 2; 8; 2; 64; 64; 4],0.168901348952204,0.3311048353388748,tvm
2,1,32,4,1024,32,2,[2; 1; 32; 4; 1024; 32; 2],0.842324438970536,0.06639253326388352,tvm
28,28,4,1,4096,16,1,[28; 28; 4; 1; 4096; 16; 1],0.24315172398928553,0.22999653227133865,tvm
28,14,8,1,512,64,4,[28; 14; 8; 1; 512; 64; 4],0.21670640702359378,0.2580636821099832,tvm
56,28,64,1,512,128,8,[56; 28; 64; 1; 512; 128; 8],0.1959652459481731,0.28537740486965507,tvm
28,1,64,1,256,128,8,[28; 1; 64; 1; 256; 128; 8],0.2086879889247939,0.2679792623498184,tvm
448,64,64,16,32,16,1,[448; 64; 64; 16; 32; 16; 1],0.5352179240435362,0.10448837907152062,tvm
112,7,2,2,512,64,4,[112; 7; 2; 2; 512; 64; 4],0.38561455998569727,0.1450257825726487,tvm
28,7,8,2,128,128,8,[28; 7; 8; 2; 128; 128; 8],0.14414599200244993,0.3879681464357527,tvm
56,56,64,8,32,16,1,[56; 56; 64; 8; 32; 16; 1],0.2214161220472306,0.2525744413561904,tvm
32,16,8,2,1024,64,4,[32; 16; 8; 2; 1024; 64; 4],0.1269550200086087,0.44050289094154116,tvm
28,14,16,4,512,32,2,[28; 14; 16; 4; 512; 32; 2],0.12820140807889402,0.4362202737969786,tvm
112,2,64,8,64,32,2,[112; 2; 64; 8; 64; 32; 2],0.44738024903927,0.12500340248240252,tvm
28,4,8,8,32,32,2,[28; 4; 8; 8; 32; 32; 2],0.18578673305455595,0.30101209281133834,tvm
8,2,16,1,64,64,4,[8; 2; 16; 1; 64; 64; 4],0.11553349997848272,0.4840505424292416,tvm
64,2,64,4,512,32,2,[64; 2; 64; 4; 512; 32; 2],0.2703286490868777,0.20687431214647387,tvm
28,14,32,16,64,16,1,[28; 14; 32; 16; 64; 16; 1],0.20845336304046214,0.26828088795323546,tvm
32,2,32,8,512,32,2,[32; 2; 32; 8; 512; 32; 2],0.3323233559494838,0.16828204317313858,tvm
32,8,8,8,128,16,1,[32; 8; 8; 8; 128; 16; 1],0.17560964007861912,0.3184566252074576,tvm
256,1,8,8,64,32,2,[256; 1; 8; 8; 64; 32; 2],0.45234532305039465,0.12363132872958427,tvm
64,8,8,8,256,16,1,[64; 8; 8; 8; 256; 16; 1],0.22541213396470994,0.24809690742774607,tvm
128,128,4,4,512,32,2,[128; 128; 4; 4; 512; 32; 2],0.26865706394892186,0.2081614847989474,tvm
14,1,32,16,512,16,1,[14; 1; 32; 16; 512; 16; 1],0.5136447190307081,0.10887691678961842,tvm
32,2,4,2,2048,128,8,[32; 2; 4; 2; 2048; 128; 8],0.11922191898338497,0.4690752657749708,tvm
16,16,16,4,1024,32,2,[16; 16; 16; 4; 1024; 32; 2],0.12945398001465946,0.431999489911399,tvm
28,4,32,1,256,64,4,[28; 4; 32; 1; 256; 64; 4],0.22810501896310598,0.24516800896160276,tvm
128,1,64,4,512,64,4,[128; 1; 64; 4; 512; 64; 4],0.33312645996920764,0.1678763474342526,tvm
256,32,32,16,64,16,1,[256; 32; 32; 16; 64; 16; 1],0.3936905990121886,0.14205077152884196,tvm
56,4,32,8,1024,32,2,[56; 4; 32; 8; 1024; 32; 2],0.29228986892849207,0.1913307961659629,tvm
8,2,16,4,64,64,4,[8; 2; 16; 4; 64; 64; 4],0.2241440829820931,0.2495004667948389,tvm
28,14,32,1,2048,64,4,[28; 14; 32; 1; 2048; 64; 4],0.22631338599603623,0.2471089064714573,tvm
32,4,8,4,32,32,2,[32; 4; 8; 4; 32; 32; 2],0.18954017502255738,0.29505118546333386,tvm
4,1,32,1,1024,128,8,[4; 1; 32; 1; 1024; 128; 8],0.13558585196733475,0.4124623072531677,tvm
56,7,64,8,64,16,1,[56; 7; 64; 8; 64; 16; 1],0.179264918086119,0.3119631767910517,tvm
224,56,64,16,256,16,1,[224; 56; 64; 16; 256; 16; 1],0.4881830810336396,0.11455549261339464,tvm
28,1,32,4,512,16,1,[28; 1; 32; 4; 512; 16; 1],0.34807181695941836,0.16066814550473504,tvm
14,7,64,4,64,64,4,[14; 7; 64; 4; 64; 64; 4],0.1618199220392853,0.34559436581459085,tvm
32,2,8,8,16,16,1,[32; 2; 8; 8; 16; 16; 1],0.3159433719702065,0.17700657236324926,tvm
32,8,4,1,4096,128,8,[32; 8; 4; 1; 4096; 128; 8],0.2062034229747951,0.27120817165178246,tvm
56,2,8,2,4096,64,4,[56; 2; 8; 2; 4096; 64; 4],0.13908611796796322,0.40208220741493955,tvm
16,8,8,4,64,64,4,[16; 8; 8; 4; 64; 64; 4],0.1620951370568946,0.34500759460602615,tvm
224,7,16,4,1024,32,2,[224; 7; 16; 4; 1024; 32; 2],0.23645284096710384,0.23651250331609966,tvm
8,2,1,1,128,16,1,[8; 2; 1; 1; 128; 16; 1],0.1494408850558102,0.3742219093017813,tvm
128,64,16,4,4096,64,4,[128; 64; 16; 4; 4096; 64; 4],0.20756150304805487,0.26943364984394885,tvm
256,256,64,8,128,32,2,[256; 256; 64; 8; 128; 32; 2],0.4289893889799714,0.1303623231015262,tvm
512,256,32,16,16,16,1,[512; 256; 32; 16; 16; 16; 1],0.6547006249893457,0.08541927592362299,tvm
1,1,2,1,32,32,2,[1; 1; 2; 1; 32; 32; 2],0.3717420429456979,0.1504377952253908,tvm
7,1,64,2,32,16,1,[7; 1; 64; 2; 32; 16; 1],0.20477778289932758,0.2730962926814507,tvm
224,4,64,16,32,16,1,[224; 4; 64; 16; 32; 16; 1],0.3978485920233652,0.14056617128872226,tvm
112,56,32,2,4096,64,4,[112; 56; 32; 2; 4096; 64; 4],0.38089646806474775,0.14682218928800078,tvm
112,14,32,4,128,64,4,[112; 14; 32; 4; 128; 64; 4],0.24674730794504285,0.22664503940926115,tvm
4,2,8,4,4096,16,1,[4; 2; 8; 4; 4096; 16; 1],0.32934586401097476,0.16980341775741803,tvm
1,1,64,2,32,16,1,[1; 1; 64; 2; 32; 16; 1],0.6186498359311372,0.09039694199411107,tvm
64,16,16,8,1024,16,1,[64; 16; 16; 8; 1024; 16; 1],0.22195468796417117,0.2519615775917327,tvm
112,16,8,4,256,32,2,[112; 16; 8; 4; 256; 32; 2],0.3377999489894137,0.1655537648855179,tvm
14,7,16,16,64,16,1,[14; 7; 16; 16; 64; 16; 1],0.2030600809957832,0.2754064366520895,tvm
56,56,32,4,128,32,2,[56; 56; 32; 4; 128; 32; 2],0.12223543599247932,0.4575109736326717,tvm
2,1,16,4,64,16,1,[2; 1; 16; 4; 64; 16; 1],0.2924899560166523,0.1911999102292231,tvm
16,1,64,1,4096,32,2,[16; 1; 64; 1; 4096; 32; 2],0.18016810901463032,0.31039929119082943,tvm
224,4,4,4,4096,32,2,[224; 4; 4; 4; 4096; 32; 2],0.2820366589585319,0.19828646935416966,tvm
8,4,32,8,4096,32,2,[8; 4; 32; 8; 4096; 32; 2],0.41118442092556506,0.13600722811299562,tvm
32,2,4,2,128,128,8,[32; 2; 4; 2; 128; 128; 8],0.14609638799447566,0.3827887472169948,tvm
224,112,4,4,1024,32,2,[224; 112; 4; 4; 1024; 32; 2],0.29445380298420787,0.189924710655996,tvm
448,1,16,8,128,16,1,[448; 1; 16; 8; 128; 16; 1],0.4922510350588709,0.1136088080071687,tvm
56,1,64,2,1024,64,4,[56; 1; 64; 2; 1024; 64; 4],0.1245851629646495,0.4488821301233241,tvm
2,2,16,2,2048,16,1,[2; 2; 16; 2; 2048; 16; 1],0.4465039239730686,0.12524873876966525,tvm
28,2,64,2,2048,32,2,[28; 2; 64; 2; 2048; 32; 2],0.1832625229144469,0.30515815478236413,tvm
224,4,32,8,32,16,1,[224; 4; 32; 8; 32; 16; 1],0.3270259590353817,0.1710079942836672,tvm
64,8,8,8,512,16,1,[64; 8; 8; 8; 512; 16; 1],0.24860084895044565,0.2249551985419038,tvm
128,16,64,2,512,64,4,[128; 16; 64; 2; 512; 64; 4],0.38519544596783817,0.1451835786708722,tvm
2,1,2,1,4096,16,1,[2; 1; 2; 1; 4096; 16; 1],0.3266314909560606,0.17121451813982136,tvm
64,1,64,8,64,16,1,[64; 1; 64; 8; 64; 16; 1],0.3431484850589186,0.1629733359415274,tvm
128,64,32,2,256,64,4,[128; 64; 32; 2; 256; 64; 4],0.4818498099921271,0.11606117128954989,tvm
56,7,32,8,512,16,1,[56; 7; 32; 8; 512; 16; 1],0.20784089900553226,0.26907145610376115,tvm
7,1,4,2,256,32,2,[7; 1; 4; 2; 256; 32; 2],0.12402351596392691,0.4509149164066533,tvm
112,56,4,4,64,32,2,[112; 56; 4; 4; 64; 32; 2],0.32360262400470674,0.1728170576655149,tvm
64,2,64,4,1024,32,2,[64; 2; 64; 4; 1024; 32; 2],0.3247569100931287,0.17220281261235154,tvm
64,1,64,8,512,16,1,[64; 1; 64; 8; 512; 16; 1],0.41841320402454585,0.1336574773344213,tvm
448,16,16,8,512,16,1,[448; 16; 16; 8; 512; 16; 1],0.2342160940170288,0.23877118081077445,tvm
112,28,4,4,512,32,2,[112; 28; 4; 4; 512; 32; 2],0.22120189701672643,0.2528190494184802,tvm
64,4,16,4,256,64,4,[64; 4; 16; 4; 256; 64; 4],0.18652437592390925,0.2998216884861579,tvm
112,56,4,4,512,64,4,[112; 56; 4; 4; 512; 64; 4],0.20976772799622267,0.26659989059108447,tvm
128,4,64,16,16,16,1,[128; 4; 64; 16; 16; 16; 1],0.4462434829911217,0.1253218376624359,tvm
64,1,8,8,4096,16,1,[64; 1; 8; 8; 4096; 16; 1],0.6010824460536242,0.09303890622742325,tvm
28,14,16,1,2048,64,4,[28; 14; 16; 1; 2048; 64; 4],0.21385731198824942,0.2615017125830429,tvm
14,14,8,2,128,16,1,[14; 14; 8; 2; 128; 16; 1],0.16938358498737216,0.3301621779790679,tvm
16,8,32,2,512,16,1,[16; 8; 32; 2; 512; 16; 1],0.14969878899864852,0.37357719262403793,tvm
7,7,8,4,2048,16,1,[7; 7; 8; 4; 2048; 16; 1],0.20004437398165464,0.2795582411053556,tvm
256,4,32,4,128,32,2,[256; 4; 32; 4; 128; 32; 2],0.28604030201677233,0.1955110973489818,tvm
224,14,32,4,1024,32,2,[224; 14; 32; 4; 1024; 32; 2],0.23305821605026722,0.23995744188341053,tvm
14,14,8,2,512,128,8,[14; 14; 8; 2; 512; 128; 8],0.16859320097137243,0.3317100156537712,tvm
7,1,32,1,128,64,4,[7; 1; 32; 1; 128; 64; 4],0.1550782909616828,0.3606181947617105,tvm
7,7,2,1,512,128,8,[7; 7; 2; 1; 512; 128; 8],0.2828714079223573,0.1977013291802309,tvm
14,1,8,4,512,64,4,[14; 1; 8; 4; 512; 64; 4],0.2547765579074621,0.21950235057985837,tvm
256,2,4,4,256,32,2,[256; 2; 4; 4; 256; 32; 2],0.46691019693389535,0.11977475261961563,tvm
224,28,4,4,128,32,2,[224; 28; 4; 4; 128; 32; 2],0.2807838110020384,0.19917121693646128,tvm
28,28,8,2,4096,32,2,[28; 28; 8; 2; 4096; 32; 2],0.1773847551085055,0.315269783466594,tvm
4,1,16,1,128,64,4,[4; 1; 16; 1; 128; 64; 4],0.12840362603310496,0.4355332871901532,tvm
56,1,16,4,512,32,2,[56; 1; 16; 4; 512; 32; 2],0.3114633420482278,0.17955260148937177,tvm
256,256,16,8,4096,16,1,[256; 256; 16; 8; 4096; 16; 1],0.610935291973874,0.0915384232471626,tvm
16,1,16,1,64,16,1,[16; 1; 16; 1; 64; 16; 1],0.19330890907440335,0.28929889264342457,tvm
1,1,8,2,64,16,1,[1; 1; 8; 2; 64; 16; 1],0.26555875304620713,0.2105901337908548,tvm
28,14,64,1,1024,32,2,[28; 14; 64; 1; 1024; 32; 2],0.15788883995264769,0.354198899365563,tvm
16,1,64,1,64,32,2,[16; 1; 64; 1; 64; 32; 2],0.14453469100408256,0.3869247787145696,tvm
4,2,64,2,4096,128,8,[4; 2; 64; 2; 4096; 128; 8],0.18808753893245012,0.29732992228378263,tvm
224,16,64,4,2048,32,2,[224; 16; 64; 4; 2048; 32; 2],0.2287842839723453,0.24444010035275524,tvm
256,64,32,16,256,16,1,[256; 64; 32; 16; 256; 16; 1],0.4719825229840353,0.11848755114863639,tvm
224,8,16,16,2048,16,1,[224; 8; 16; 16; 2048; 16; 1],0.4652497679926455,0.12020221648819256,tvm
16,4,1,1,1024,16,1,[16; 4; 1; 1; 1024; 16; 1],0.20200056303292513,0.2768509775104834,tvm
14,14,32,8,2048,32,2,[14; 14; 32; 8; 2048; 32; 2],0.18505525798536837,0.3022019149423738,tvm
448,1,16,16,16,16,1,[448; 1; 16; 16; 16; 16; 1],0.5307939440244809,0.10535925280028072,tvm
2,2,64,1,32,16,1,[2; 2; 64; 1; 32; 16; 1],0.35848978895228356,0.1559990132404498,tvm
64,4,16,1,128,128,8,[64; 4; 16; 1; 128; 128; 8],0.24358183797448874,0.22959040706142664,tvm
8,1,8,4,4096,64,4,[8; 1; 8; 4; 4096; 64; 4],0.3139006718993187,0.17815843781076887,tvm
2,2,4,1,4096,128,8,[2; 2; 4; 1; 4096; 128; 8],0.2892487139906734,0.19334244416082885,tvm
56,8,8,4,1024,64,4,[56; 8; 8; 4; 1024; 64; 4],0.14145408908370882,0.39535126694173506,tvm
64,32,32,8,64,16,1,[64; 32; 32; 8; 64; 16; 1],0.16320412594359368,0.34266323237846147,tvm
112,1,64,4,2048,64,4,[112; 1; 64; 4; 2048; 64; 4],0.3756950730457902,0.1488549021416558,tvm
224,4,16,8,512,32,2,[224; 4; 16; 8; 512; 32; 2],0.2756761059863493,0.20286144543880977,tvm
14,1,2,1,64,64,4,[14; 1; 2; 1; 64; 64; 4],0.2352836049394682,0.2376878463236782,tvm
14,7,16,1,128,128,8,[14; 7; 16; 1; 128; 128; 8],0.1556192699354142,0.35936457841334934,tvm
14,7,32,4,1024,16,1,[14; 7; 32; 4; 1024; 16; 1],0.232486329972744,0.24054770592270824,tvm
112,8,64,4,1024,64,4,[112; 8; 64; 4; 1024; 64; 4],0.24322118691634387,0.22993084624888563,tvm
8,8,32,16,1024,16,1,[8; 8; 32; 16; 1024; 16; 1],0.39927991095464677,0.14006227661097032,tvm
112,4,32,8,16,16,1,[112; 4; 32; 8; 16; 16; 1],0.3948445860296488,0.1416356088244148,tvm
28,7,64,8,4096,16,1,[28; 7; 64; 8; 4096; 16; 1],0.28019028797280043,0.19959311844085822,tvm
224,2,64,16,16,16,1,[224; 2; 64; 16; 16; 16; 1],0.4807968819513917,0.11631534111942769,tvm
224,14,4,4,1024,32,2,[224; 14; 4; 4; 1024; 32; 2],0.2323020639596507,0.24073851252155454,tvm
32,1,32,16,128,16,1,[32; 1; 32; 16; 128; 16; 1],0.3901405419455841,0.14334335276833005,tvm
32,1,64,4,256,64,4,[32; 1; 64; 4; 256; 64; 4],0.23104964394588023,0.242043451694012,tvm
16,2,64,2,512,64,4,[16; 2; 64; 2; 512; 64; 4],0.13583585002925247,0.4117031941220966,tvm
56,4,8,4,128,32,2,[56; 4; 8; 4; 128; 32; 2],0.17553466907702386,0.31859263829411444,tvm
256,8,16,8,4096,32,2,[256; 8; 16; 8; 4096; 32; 2],0.2706479720072821,0.20663023232196484,tvm
224,112,64,8,4096,16,1,[224; 112; 64; 8; 4096; 16; 1],0.494443692965433,0.11310499886838082,tvm
16,8,64,4,128,16,1,[16; 8; 64; 4; 128; 16; 1],0.17497377493418753,0.31961391559602526,tvm
56,1,16,4,1024,32,2,[56; 1; 16; 4; 1024; 32; 2],0.3564508699346334,0.1568913363673058,tvm
32,32,8,1,1024,128,8,[32; 32; 8; 1; 1024; 128; 8],0.20439932099543512,0.27360195259446235,tvm
28,7,64,8,64,16,1,[28; 7; 64; 8; 64; 16; 1],0.1999986550072208,0.27962214711551053,tvm
28,14,16,2,256,128,8,[28; 14; 16; 2; 256; 128; 8],0.1362776990281418,0.4103683414979353,tvm
4,4,8,4,64,64,4,[4; 4; 8; 4; 64; 64; 4],0.167678800993599,0.33351892428827773,tvm
8,2,8,2,64,32,2,[8; 2; 8; 2; 64; 32; 2],0.1239555450156331,0.4511621753289074,tvm
32,32,32,16,1024,16,1,[32; 32; 32; 16; 1024; 16; 1],0.8786358700599521,0.06364872552894689,tvm
128,8,32,4,256,64,4,[128; 8; 32; 4; 256; 64; 4],0.24468044796958566,0.22855955102830622,tvm
14,2,64,8,512,32,2,[14; 2; 64; 8; 512; 32; 2],0.3545188329881057,0.15774635401445547,tvm
8,2,64,4,128,32,2,[8; 2; 64; 4; 128; 32; 2],0.2365298339864239,0.23643551593810025,tvm
224,32,16,4,256,32,2,[224; 32; 16; 4; 256; 32; 2],0.2514639999717474,0.22239387482747647,tvm
28,4,64,1,128,128,8,[28; 4; 64; 1; 128; 128; 8],0.22217300499323756,0.251713988992657,tvm
224,1,16,8,1024,16,1,[224; 1; 16; 8; 1024; 16; 1],0.617381319985725,0.09058267803539376,tvm
32,32,8,1,128,128,8,[32; 32; 8; 1; 128; 128; 8],0.15567480109166354,0.3592363885559388,tvm
4,4,16,4,64,16,1,[4; 4; 16; 4; 64; 16; 1],0.25459506502375007,0.21965882696161618,tvm
512,4,16,16,16,16,1,[512; 4; 16; 16; 16; 16; 1],0.4222128880210221,0.13245463347994452,tvm
8,2,16,4,1024,32,2,[8; 2; 16; 4; 1024; 32; 2],0.3413552009733394,0.1638295042052139,tvm
8,2,16,2,128,128,8,[8; 2; 16; 2; 128; 128; 8],0.11961439496371895,0.4675361468851306,tvm
28,14,4,4,256,16,1,[28; 14; 4; 4; 256; 16; 1],0.16288346401415765,0.34333781929191093,tvm
16,16,16,4,512,64,4,[16; 16; 16; 4; 512; 64; 4],0.12400294502731413,0.45098971900235874,tvm
448,112,8,8,256,16,1,[448; 112; 8; 8; 256; 16; 1],0.48505413602106273,0.11529445721684335,tvm
2,1,64,2,2048,32,2,[2; 1; 64; 2; 2048; 32; 2],0.5709264409961179,0.09795316754950154,tvm
28,7,16,2,2048,64,4,[28; 7; 16; 2; 2048; 64; 4],0.13403359602671117,0.4172390728231181,tvm
4,2,1,1,1024,64,4,[4; 2; 1; 1; 1024; 64; 4],0.1294562810799107,0.4319918111876902,tvm
8,4,2,1,2048,64,4,[8; 4; 2; 1; 2048; 64; 4],0.21998304594308138,0.254219833594827,tvm
56,7,8,8,16,16,1,[56; 7; 8; 8; 16; 16; 1],0.1846394679741934,0.30288244407826015,tvm
32,2,2,2,2048,64,4,[32; 2; 2; 2; 2048; 64; 4],0.12698582094162703,0.44039604515405356,tvm
1,1,2,1,32,16,1,[1; 1; 2; 1; 32; 16; 1],0.36696345591917634,0.15239679164578884,tvm
112,8,64,16,128,16,1,[112; 8; 64; 16; 128; 16; 1],0.2846005780156702,0.19650013968086227,tvm
256,8,64,4,256,32,2,[256; 8; 64; 4; 256; 32; 2],0.25407090701628476,0.22011199153057245,tvm
14,2,1,1,512,64,4,[14; 2; 1; 1; 512; 64; 4],0.18745367997325957,0.29833531857742646,tvm
16,4,16,1,2048,32,2,[16; 4; 16; 1; 2048; 32; 2],0.13162484602071345,0.4248745964309255,tvm
112,2,64,4,512,64,4,[112; 2; 64; 4; 512; 64; 4],0.3171522320481017,0.1763318926440709,tvm
2,1,8,8,64,32,2,[2; 1; 8; 8; 64; 32; 2],0.2578235419932753,0.21690825011934706,tvm
14,1,16,1,4096,16,1,[14; 1; 16; 1; 4096; 16; 1],0.20253574405796826,0.2761194257016044,tvm
16,16,16,1,128,16,1,[16; 16; 16; 1; 128; 16; 1],0.17259249999187887,0.3240236588262223,tvm
512,16,64,8,64,16,1,[512; 16; 64; 8; 64; 16; 1],0.2657944079255685,0.21040342334438417,tvm
8,4,8,8,64,16,1,[8; 4; 8; 8; 64; 16; 1],0.22125772899016738,0.25275525329024134,tvm
64,4,2,1,128,128,8,[64; 4; 2; 1; 128; 128; 8],0.24456471798475832,0.2286677072398424,tvm
112,8,16,16,64,16,1,[112; 8; 16; 16; 64; 16; 1],0.29593223007395864,0.18897587910366145,tvm
7,7,64,2,2048,32,2,[7; 7; 64; 2; 2048; 32; 2],0.1778317840071395,0.31447726651096364,tvm
32,2,32,16,32,16,1,[32; 2; 32; 16; 32; 16; 1],0.38363268901593983,0.14577499502658312,tvm
8,2,32,2,1024,16,1,[8; 2; 32; 2; 1024; 16; 1],0.20394027000293136,0.2742178056963909,tvm
224,56,32,8,16,16,1,[224; 56; 32; 8; 16; 16; 1],0.3957350900163874,0.14131689290180843,tvm
56,8,32,1,4096,128,8,[56; 8; 32; 1; 4096; 128; 8],0.21578586101531982,0.259164585993718,tvm
128,4,16,16,16,16,1,[128; 4; 16; 16; 16; 16; 1],0.42606050602626055,0.13125847747523076,tvm
224,32,16,8,512,16,1,[224; 32; 16; 8; 512; 16; 1],0.20736961101647466,0.26968297360065163,tvm
4,4,32,2,512,32,2,[4; 4; 32; 2; 512; 32; 2],0.2765683539910242,0.20220698618016256,tvm
128,64,32,4,64,32,2,[128; 64; 32; 4; 64; 32; 2],0.3164433960337192,0.17672687764788825,tvm
56,8,64,4,2048,64,4,[56; 8; 64; 4; 2048; 64; 4],0.13577437296044081,0.41188960857604073,tvm
7,7,64,1,32,16,1,[7; 7; 64; 1; 32; 16; 1],0.20663807191886008,0.2706377039527007,tvm
4,4,64,2,64,16,1,[4; 4; 64; 2; 64; 16; 1],0.2464021579362452,0.2269625144589979,tvm
256,32,16,8,128,16,1,[256; 32; 16; 8; 128; 16; 1],0.23195591801777482,0.24109776465823074,tvm
8,8,4,1,4096,64,4,[8; 8; 4; 1; 4096; 64; 4],0.16672619699966162,0.33542451240249205,tvm
256,2,4,4,2048,32,2,[256; 2; 4; 4; 2048; 32; 2],0.4001346320146695,0.1397630918667472,tvm
32,32,64,2,512,64,4,[32; 32; 64; 2; 512; 64; 4],0.11775819002650678,0.4749058500368009,tvm
64,2,32,16,2048,16,1,[64; 2; 32; 16; 2048; 16; 1],1.6112961129983887,0.03470749596066906,tvm
14,2,64,8,64,16,1,[14; 2; 64; 8; 64; 16; 1],0.31514696893282235,0.17745388293819914,tvm
16,8,16,8,64,16,1,[16; 8; 16; 8; 64; 16; 1],0.1932274120626971,0.28942090946799764,tvm
256,16,64,4,4096,32,2,[256; 16; 64; 4; 4096; 32; 2],0.2238301580073312,0.2498503947421671,tvm
224,1,64,8,256,16,1,[224; 1; 64; 8; 256; 16; 1],0.41107123892288655,0.13604467556491884,tvm
