i1,i2,i3,j1,j2,j3,k1,ku,nvr,X,time,peak,backend
64,8,1,256,128,64,112,16,4,[64; 8; 1; 256; 128; 64; 112; 16; 4],1.1711321460315958,0.04775212901706531,tvm
64,16,8,256,256,32,256,1,2,[64; 16; 8; 256; 256; 32; 256; 1; 2],0.626448599039577,0.08927157538395299,tvm
4,2,1,64,64,16,224,8,1,[4; 2; 1; 64; 64; 16; 224; 8; 1],1.9382594249909744,0.02885271837829126,tvm
16,2,2,128,64,64,2048,16,4,[16; 2; 2; 128; 64; 64; 2048; 16; 4],1.0196556739974767,0.054846017885712,tvm
32,32,2,128,128,16,14336,56,1,[32; 32; 2; 128; 128; 16; 14336; 56; 1],1.283218586933799,0.04358108112115309,tvm
2,2,2,4096,256,128,32,4,8,[2; 2; 2; 4096; 256; 128; 32; 4; 8],0.812954172026366,0.06879115115915733,tvm
16,2,1,1024,512,16,512,1,1,[16; 2; 1; 1024; 512; 16; 512; 1; 1],2.6559873579535633,0.0210558431936298,tvm
32,32,8,4096,512,32,896,14,2,[32; 32; 8; 4096; 512; 32; 896; 14; 2],0.31825439201202244,0.1757212303647352,tvm
16,16,8,1024,64,16,1024,16,1,[16; 16; 8; 1024; 64; 16; 1024; 16; 1],0.4013227360555902,0.13934932738420003,tvm
8,2,2,2048,512,32,512,4,2,[8; 2; 2; 2048; 512; 32; 512; 4; 2],1.1102882750565186,0.050368948848429976,tvm
2,2,2,4096,512,16,16,16,1,[2; 2; 2; 4096; 512; 16; 16; 16; 1],0.6145921680144966,0.09099376178840964,tvm
16,8,2,2048,128,128,112,16,8,[16; 8; 2; 2048; 128; 128; 112; 16; 8],0.5728389789583161,0.09762613122980719,tvm
32,8,8,1024,64,16,16,2,1,[32; 8; 8; 1024; 64; 16; 16; 2; 1],0.7201943229883909,0.07765133874046769,tvm
8,8,4,1024,1024,16,448,7,1,[8; 8; 4; 1024; 1024; 16; 448; 7; 1],0.5679938909597695,0.0984588993357578,tvm
32,16,8,64,32,16,256,16,1,[32; 16; 8; 64; 32; 16; 256; 16; 1],0.34568770695477724,0.16177622810477696,tvm
8,4,1,4096,4096,16,1792,4,1,[8; 4; 1; 4096; 4096; 16; 1792; 4; 1],2.313931173994206,0.024168416918295674,tvm
64,4,4,2048,256,32,1792,16,2,[64; 4; 4; 2048; 256; 32; 1792; 16; 2],0.5345017689978704,0.10462837838345143,tvm
64,32,4,2048,512,32,128,32,2,[64; 32; 4; 2048; 512; 32; 128; 32; 2],0.2617116500623524,0.21368576186810756,tvm
2,2,1,128,128,128,28,28,8,[2; 2; 1; 128; 128; 128; 28; 28; 8],1.1416542059741914,0.04898510690950634,tvm
32,4,4,4096,512,32,7168,8,2,[32; 4; 4; 4096; 512; 32; 7168; 8; 2],0.5294363929424435,0.10562940908259964,tvm
4,4,4,512,32,32,448,4,2,[4; 4; 4; 512; 32; 32; 448; 4; 2],0.5060413179453462,0.11051282049536769,tvm
64,8,1,64,64,64,8,8,4,[64; 8; 1; 64; 64; 64; 8; 8; 4],0.36248590401373804,0.15427924979729374,tvm
32,2,1,2048,512,64,112,28,4,[32; 2; 1; 2048; 512; 64; 112; 28; 4],1.80112108704634,0.031049580028538356,tvm
4,4,4,2048,32,16,1792,8,1,[4; 4; 4; 2048; 32; 16; 1792; 8; 1],0.58992609300185,0.09479840609992812,tvm
16,4,4,4096,2048,64,2048,1,4,[16; 4; 4; 4096; 2048; 64; 2048; 1; 4],0.7100025770487264,0.07876598640781463,tvm
4,4,2,2048,64,16,2048,4,1,[4; 4; 2; 2048; 64; 16; 2048; 4; 1],1.1915845869807526,0.04693250814449874,tvm
16,4,4,512,16,16,448,7,1,[16; 4; 4; 512; 16; 16; 448; 7; 1],0.5709315310232341,0.09795229426741453,tvm
64,64,1,4096,512,64,56,28,4,[64; 64; 1; 4096; 512; 64; 56; 28; 4],0.220846478943713,0.2532259223729198,tvm
16,8,8,512,512,16,256,32,1,[16; 8; 8; 512; 512; 16; 256; 32; 1],0.39759399101603776,0.14065618343582442,tvm
16,2,1,4096,128,64,448,7,4,[16; 2; 1; 4096; 128; 64; 448; 7; 4],1.7895397068932652,0.03125052387377334,tvm
32,16,1,1024,1024,64,8,4,4,[32; 16; 1; 1024; 1024; 64; 8; 4; 4],0.16792376700323075,0.33303238922848477,tvm
16,8,1,2048,256,32,7168,4,2,[16; 8; 1; 2048; 256; 32; 7168; 4; 2],2.1878246340202168,0.025561488093572934,tvm
32,32,8,2048,2048,16,32,2,1,[32; 32; 8; 2048; 2048; 16; 32; 2; 1],0.5140171850798652,0.1087980226276757,tvm
64,16,1,1024,128,128,896,7,8,[64; 16; 1; 1024; 128; 128; 896; 7; 8],0.9417726130923256,0.059381694217785545,tvm
16,1,1,512,256,64,448,7,4,[16; 1; 1; 512; 256; 64; 448; 7; 4],2.149523717002012,0.026016951053385837,tvm
8,1,1,2048,2048,64,2048,64,4,[8; 1; 1; 2048; 2048; 64; 2048; 64; 4],2.1453449650434777,0.02606762746531068,tvm
64,64,1,1024,32,16,1024,32,1,[64; 64; 1; 1024; 32; 16; 1024; 32; 1],1.5809767729369923,0.03537310243302487,tvm
8,4,4,2048,64,16,2,1,1,[8; 4; 4; 2048; 64; 16; 2; 1; 1],0.4732660989975557,0.11816619329334674,tvm
8,4,2,1024,64,32,3584,64,2,[8; 4; 2; 1024; 64; 32; 3584; 64; 2],1.114687247085385,0.05017017417177785,tvm
64,16,1,4096,256,64,3584,32,4,[64; 16; 1; 4096; 256; 64; 3584; 32; 4],2.063419200014323,0.027102613629331907,tvm
16,1,1,4096,2048,16,14336,56,1,[16; 1; 1; 4096; 2048; 16; 14336; 56; 1],2.6468465480720624,0.021128558954076077,tvm
64,32,16,4096,4096,16,64,64,1,[64; 32; 16; 4096; 4096; 16; 64; 64; 1],1.403672257089056,0.03984124716499632,tvm
8,1,1,1024,512,64,1792,16,4,[8; 1; 1; 1024; 512; 64; 1792; 16; 4],2.1478548160521314,0.02603716643945453,tvm
8,2,1,4096,256,32,64,2,2,[8; 2; 1; 4096; 256; 32; 64; 2; 2],1.3773934160126373,0.04060136536388108,tvm
16,16,1,4096,256,128,1024,16,8,[16; 16; 1; 4096; 256; 128; 1024; 16; 8],0.9860746639315039,0.05671381222833853,tvm
4,4,4,256,64,32,224,1,2,[4; 4; 4; 256; 64; 32; 224; 1; 2],0.5912109169876203,0.09459238949490568,tvm
8,4,1,4096,128,64,1024,1,4,[8; 4; 1; 4096; 128; 64; 1024; 1; 4],1.4386243770131841,0.03887328355261203,tvm
64,32,1,256,32,32,896,28,2,[64; 32; 1; 256; 32; 32; 896; 28; 2],1.2468954499345273,0.04485063550137249,tvm
8,2,2,2048,128,16,7168,32,1,[8; 2; 2; 2048; 128; 16; 7168; 32; 1],1.2519376870477572,0.044669997486224744,tvm
16,8,4,2048,512,16,448,16,1,[16; 8; 4; 2048; 512; 16; 448; 16; 1],0.5607229570159689,0.0997356227948068,tvm
64,16,1,512,128,64,56,2,4,[64; 16; 1; 512; 128; 64; 56; 2; 4],0.340426663053222,0.16427636082250766,tvm
16,1,1,32,16,16,28,28,1,[16; 1; 1; 32; 16; 16; 28; 28; 1],2.7176442390773445,0.020578136214149893,tvm
16,16,4,4096,4096,16,896,28,1,[16; 16; 4; 4096; 4096; 16; 896; 28; 1],0.4806885819416493,0.1163415471768413,tvm
64,2,2,4096,4096,16,224,1,1,[64; 2; 2; 4096; 4096; 16; 224; 1; 1],1.1836593580665067,0.047246746246897085,tvm
8,4,2,4096,256,128,896,2,8,[8; 4; 2; 4096; 256; 128; 896; 2; 8],0.9070355698931962,0.06165585473116386,tvm
16,2,1,2048,256,64,896,16,4,[16; 2; 1; 2048; 256; 64; 896; 16; 4],1.9434207779122517,0.02877609109099398,tvm
4,2,1,2048,256,128,1024,64,8,[4; 2; 1; 2048; 256; 128; 1024; 64; 8],1.8371604490093887,0.030440484043453047,tvm
64,2,1,1024,32,32,448,16,2,[64; 2; 1; 1024; 32; 32; 448; 16; 2],1.6563308630138636,0.03376381771427829,tvm
32,4,2,128,128,128,1792,4,8,[32; 4; 2; 128; 128; 128; 1792; 4; 8],0.9110943489940837,0.06138118779364363,tvm
8,8,8,4096,32,32,224,7,2,[8; 8; 8; 4096; 32; 32; 224; 7; 2],0.38100738904904574,0.14677944559792888,tvm
32,8,2,128,32,16,14336,4,1,[32; 8; 2; 128; 32; 16; 14336; 4; 1],1.3097262430237606,0.04269904007132182,tvm
64,4,4,128,64,16,112,14,1,[64; 4; 4; 128; 64; 16; 112; 14; 1],0.5770803220802918,0.09690861253375464,tvm
16,8,2,4096,512,16,14336,28,1,[16; 8; 2; 4096; 512; 16; 14336; 28; 1],1.2432707640109584,0.044981395004347106,tvm
32,16,2,2048,256,64,448,32,4,[32; 16; 2; 2048; 256; 64; 448; 32; 4],0.5736014700960368,0.09749635635342792,tvm
64,64,2,2048,64,32,7168,28,2,[64; 64; 2; 2048; 64; 32; 7168; 28; 2],1.1310360840288922,0.049444977152386556,tvm
64,32,4,4096,512,32,512,32,2,[64; 32; 4; 4096; 512; 32; 512; 32; 2],0.2860657679848373,0.19549369268222805,tvm
16,16,8,4096,512,32,2048,4,2,[16; 16; 8; 4096; 512; 32; 2048; 4; 2],0.49263132200576365,0.11352110764219543,tvm
4,2,2,1024,128,64,8,4,4,[4; 2; 2; 1024; 128; 64; 8; 4; 4],0.9069683969719335,0.061660421156950106,tvm
16,4,2,4096,128,16,224,56,1,[16; 4; 2; 4096; 128; 16; 224; 56; 1],0.9677727330708876,0.057786349441648295,tvm
32,16,16,4096,512,16,64,16,1,[32; 16; 16; 4096; 512; 16; 64; 16; 1],0.4162126360461116,0.13436414104241082,tvm
8,1,1,256,256,128,224,7,8,[8; 1; 1; 256; 256; 128; 224; 7; 8],1.9381983400089666,0.028853627711328354,tvm
8,8,4,1024,512,32,1792,16,2,[8; 8; 4; 1024; 512; 32; 1792; 16; 2],0.5361481379950419,0.10430709233172884,tvm
8,8,2,4096,128,16,512,4,1,[8; 8; 2; 4096; 128; 16; 512; 4; 1],0.8129611049080268,0.06879056451250547,tvm
64,16,8,4096,128,16,64,4,1,[64; 16; 8; 4096; 128; 16; 64; 4; 1],0.41116927191615105,0.13601223912651192,tvm
32,16,1,4096,64,64,2048,1,4,[32; 16; 1; 4096; 64; 64; 2048; 1; 4],1.4360681370599195,0.03894247904408447,tvm
64,1,1,4096,64,32,28,7,2,[64; 1; 1; 4096; 64; 32; 28; 7; 2],2.3007975220680237,0.02430637759165664,tvm
4,4,1,4096,128,128,14336,4,8,[4; 4; 1; 4096; 128; 128; 14336; 4; 8],1.975179553963244,0.0283134023036642,tvm
4,4,2,128,128,16,224,4,1,[4; 4; 2; 128; 128; 16; 224; 4; 1],0.9800801019882783,0.05706069658988157,tvm
64,16,1,4096,4096,128,1024,64,8,[64; 16; 1; 4096; 4096; 128; 1024; 64; 8],0.8859238020377234,0.06312512792262923,tvm
8,2,1,256,128,16,14336,56,1,[8; 2; 1; 256; 128; 16; 14336; 56; 1],2.7521802299888805,0.020319909548060115,tvm
64,8,2,1024,64,64,2,2,4,[64; 8; 2; 1024; 64; 64; 2; 2; 4],0.4134328799555078,0.13526755138428198,tvm
1,1,1,128,64,16,1024,8,1,[1; 1; 1; 128; 64; 16; 1024; 8; 1],2.820802698028274,0.019825581339816482,tvm
32,1,1,128,128,128,14336,4,8,[32; 1; 1; 128; 128; 128; 14336; 4; 8],2.0040514459833503,0.02790549785806145,tvm
16,4,2,1024,128,64,2,2,4,[16; 4; 2; 1024; 128; 64; 2; 2; 4],0.5028736139647663,0.1112089634061644,tvm
32,16,16,32,16,16,1024,16,1,[32; 16; 16; 32; 16; 16; 1024; 16; 1],0.3923063890542835,0.14255198205705263,tvm
16,16,1,32,32,16,896,56,1,[16; 16; 1; 32; 32; 16; 896; 56; 1],1.3998499030712992,0.03995003550783182,tvm
32,2,1,2048,2048,32,32,32,2,[32; 2; 1; 2048; 2048; 32; 32; 32; 2],0.746672190958634,0.07489773157553092,tvm
64,4,1,32,16,16,512,4,1,[64; 4; 1; 32; 16; 16; 512; 4; 1],1.987119239056483,0.02814328009822249,tvm
16,4,4,1024,128,64,64,2,4,[16; 4; 4; 1024; 128; 64; 64; 2; 4],0.7238933868939057,0.07725454375718672,tvm
32,32,1,1024,1024,16,896,4,1,[32; 32; 1; 1024; 1024; 16; 896; 4; 1],1.0473111249739304,0.05339774590356365,tvm
4,4,2,512,64,16,512,16,1,[4; 4; 2; 512; 64; 16; 512; 16; 1],1.0232296010944992,0.0546544522104463,tvm
8,2,1,1024,1024,64,1792,1,4,[8; 2; 1; 1024; 1024; 64; 1792; 1; 4],2.19850358099211,0.025437326469168953,tvm
64,8,4,128,128,32,448,28,2,[64; 8; 4; 128; 128; 32; 448; 28; 2],0.46323304099496454,0.12072552772404947,tvm
4,4,2,128,16,16,224,8,1,[4; 4; 2; 128; 16; 16; 224; 8; 1],0.9331724540097639,0.05992895856819644,tvm
32,32,4,4096,64,64,512,2,4,[32; 32; 4; 4096; 64; 64; 512; 2; 4],0.4308313069632277,0.1298049896316067,tvm
2,1,1,2048,256,16,3584,7,1,[2; 1; 1; 2048; 256; 16; 3584; 7; 1],2.644984368002042,0.02114343434686422,tvm
16,4,2,2048,512,64,14,14,4,[16; 4; 2; 2048; 512; 64; 14; 14; 4],0.40800281101837754,0.13706781380683764,tvm
64,32,8,64,64,16,2048,2,1,[64; 32; 8; 64; 64; 16; 2048; 2; 1],0.7290105590363964,0.07671226793649402,tvm
4,2,2,4096,32,32,3584,64,2,[4; 2; 2; 4096; 32; 32; 3584; 64; 2],1.0559699590085074,0.05295989043650699,tvm
64,2,2,4096,1024,16,64,1,1,[64; 2; 2; 4096; 1024; 16; 64; 1; 1],1.2041966769611463,0.04644096301150791,tvm
8,4,4,2048,128,64,28,7,4,[8; 4; 4; 2048; 128; 64; 28; 7; 4],0.5102930129505694,0.10959204205045726,tvm
64,8,1,128,64,64,28,4,4,[64; 8; 1; 128; 64; 64; 28; 4; 4],0.7002340630860999,0.0798647999025677,tvm
16,4,2,2048,256,64,1,1,4,[16; 4; 2; 2048; 256; 64; 1; 1; 4],0.5100446160649881,0.10964541448312767,tvm
16,16,2,1024,256,16,1792,7,1,[16; 16; 2; 1024; 256; 16; 1792; 7; 1],0.981586413923651,0.05697313302227834,tvm
1,1,1,1024,128,64,28,14,4,[1; 1; 1; 1024; 128; 64; 28; 14; 4],2.0090945980045944,0.02783545055015147,tvm
64,2,2,128,64,16,128,2,1,[64; 2; 2; 128; 64; 16; 128; 2; 1],1.2998219889122993,0.043024393963461874,tvm
1,1,1,4096,64,32,256,4,2,[1; 1; 1; 4096; 64; 32; 256; 4; 2],2.3685344139812514,0.02361124795283469,tvm
64,32,1,4096,2048,64,14336,1,4,[64; 32; 1; 4096; 2048; 64; 14336; 1; 4],2.1166534000076354,0.026420978197531822,tvm
32,4,1,1024,256,64,32,16,4,[32; 4; 1; 1024; 256; 64; 32; 16; 4],0.6531494340160862,0.08562214161232207,tvm
16,1,1,4096,64,64,16,8,4,[16; 1; 1; 4096; 64; 64; 16; 8; 4],2.111059955903329,0.02649098296661274,tvm
64,32,2,1024,512,32,448,32,2,[64; 32; 2; 1024; 512; 32; 448; 32; 2],0.453874914906919,0.12321468205574278,tvm
64,64,2,1024,128,128,448,28,8,[64; 64; 2; 1024; 128; 128; 448; 28; 8],0.431201781029813,0.12969346555056735,tvm
16,16,1,4096,64,32,896,4,2,[16; 16; 1; 4096; 64; 32; 896; 4; 2],1.1086616009706631,0.05044285225029019,tvm
1,1,1,1024,32,32,1792,16,2,[1; 1; 1; 1024; 32; 32; 1792; 16; 2],2.1748990589985624,0.025713401779245654,tvm
8,2,2,256,32,32,8,2,2,[8; 2; 2; 256; 32; 32; 8; 2; 2],1.0942681939341128,0.051106350018522595,tvm
32,8,4,2048,16,16,28,7,1,[32; 8; 4; 2048; 16; 16; 28; 7; 1],0.40187032194808125,0.13915945089510323,tvm
2,2,1,512,256,32,224,28,2,[2; 2; 1; 512; 256; 32; 224; 28; 2],1.8017670579720289,0.031038448108979422,tvm
8,8,8,2048,128,16,224,1,1,[8; 8; 8; 2048; 128; 16; 224; 1; 1],0.7491145639214665,0.07465353902690396,tvm
32,4,2,64,64,64,896,56,4,[32; 4; 2; 64; 64; 64; 896; 56; 4],0.9023852909449488,0.06197358699715891,tvm
32,16,1,4096,1024,64,7168,28,4,[32; 16; 1; 4096; 1024; 64; 7168; 28; 4],2.0742382019525394,0.026961249330327845,tvm
64,2,2,512,128,128,112,16,8,[64; 2; 2; 512; 128; 128; 112; 16; 8],0.9396527010248974,0.059515662831954703,tvm
2,2,2,4096,128,128,8,1,8,[2; 2; 2; 4096; 128; 128; 8; 1; 8],0.9443795899860561,0.05921776997971659,tvm
64,4,1,512,64,16,32,2,1,[64; 4; 1; 512; 64; 16; 32; 2; 1],0.867288550012745,0.06448148465987649,tvm
8,8,2,2048,1024,64,256,16,4,[8; 8; 2; 2048; 1024; 64; 256; 16; 4],0.6764423249987885,0.08267379385734547,tvm
16,4,1,2048,256,32,7168,16,2,[16; 4; 1; 2048; 256; 32; 7168; 16; 2],2.242036490002647,0.024943417996407057,tvm
2,2,2,4096,16,16,28,14,1,[2; 2; 2; 4096; 16; 16; 28; 14; 1],1.2435581289464608,0.04497100057615485,tvm
4,4,2,128,64,16,512,2,1,[4; 4; 2; 128; 64; 16; 512; 2; 1],1.0153776399092749,0.055077097559810564,tvm
4,4,2,128,128,128,16,2,8,[4; 4; 2; 128; 128; 128; 16; 2; 8],0.6604218930006027,0.08467928444837654,tvm
16,1,1,128,32,16,16,4,1,[16; 1; 1; 128; 32; 16; 16; 4; 1],2.259123048046604,0.024754761977967155,tvm
64,32,2,512,64,32,3584,56,2,[64; 32; 2; 512; 64; 32; 3584; 56; 2],1.0931913659442216,0.0511566913858948,tvm
32,8,2,32,16,16,112,28,1,[32; 8; 2; 32; 16; 16; 112; 28; 1],0.7930898240301758,0.07051414813160622,tvm
64,2,2,256,128,32,28,28,2,[64; 2; 2; 256; 128; 32; 28; 28; 2],1.0606188849778846,0.05272775558253371,tvm
16,16,1,256,64,64,32,1,4,[16; 16; 1; 256; 64; 64; 32; 1; 4],0.48942093702498823,0.11426575592224415,tvm
64,32,16,4096,4096,16,896,64,1,[64; 32; 16; 4096; 4096; 16; 896; 64; 1],1.2843537929002196,0.04354256096916283,tvm
64,32,2,512,256,32,896,1,2,[64; 32; 2; 512; 256; 32; 896; 1; 2],0.5744400930125266,0.09735402179198835,tvm
64,8,4,32,32,16,1792,28,1,[64; 8; 4; 32; 32; 16; 1792; 28; 1],0.5722206060308963,0.0977316313742008,tvm
64,16,1,2048,2048,16,8,1,1,[64; 16; 1; 2048; 2048; 16; 8; 1; 1],0.3195457109250128,0.17501112179364198,tvm
32,8,4,512,256,32,14336,16,2,[32; 8; 4; 512; 256; 32; 14336; 16; 2],0.5250791319413111,0.10650595297240656,tvm
32,1,1,4096,64,32,512,1,2,[32; 1; 1; 4096; 64; 32; 512; 1; 2],2.335545790963806,0.02394474711208948,tvm
4,4,2,256,128,128,224,7,8,[4; 4; 2; 256; 128; 128; 224; 7; 8],0.7277762689627707,0.07684236999515867,tvm
64,32,1,128,64,32,14,7,2,[64; 32; 1; 128; 64; 32; 14; 7; 2],0.20401338301599026,0.2741195332707663,tvm
32,8,8,4096,32,32,128,64,2,[32; 8; 8; 4096; 32; 32; 128; 64; 2],0.34828510705847293,0.16056975219426867,tvm
64,64,1,4096,256,128,32,32,8,[64; 64; 1; 4096; 256; 128; 32; 32; 8],0.22133570606820285,0.25266620703349496,tvm
8,4,4,4096,1024,64,256,8,4,[8; 4; 4; 4096; 1024; 64; 256; 8; 4],0.50023355090525,0.11179588660562673,tvm
64,64,4,1024,128,32,7168,4,2,[64; 64; 4; 1024; 128; 32; 7168; 4; 2],0.5801538979867473,0.09639520397501634,tvm
16,1,1,2048,128,64,32,32,4,[16; 1; 1; 2048; 128; 64; 32; 32; 4],2.067838783026673,0.027044687328805155,tvm
4,4,4,4096,128,64,4,1,4,[4; 4; 4; 4096; 128; 64; 4; 1; 4],0.5749672589590773,0.097264761535428,tvm
2,1,1,2048,32,32,112,16,2,[2; 1; 1; 2048; 32; 32; 112; 16; 2],2.1965318609727547,0.02546016032226678,tvm
16,8,1,128,64,32,128,4,2,[16; 8; 1; 128; 64; 32; 128; 4; 2],1.1622027850244194,0.048119015075461465,tvm
32,8,2,4096,256,64,1024,2,4,[32; 8; 2; 4096; 256; 64; 1024; 2; 4],0.7315745470114052,0.07644341039719289,tvm
8,8,4,2048,128,64,16,8,4,[8; 8; 4; 2048; 128; 64; 16; 8; 4],0.3411312709795311,0.16393704737988957,tvm
64,2,1,2048,512,16,3584,1,1,[64; 2; 1; 2048; 512; 16; 3584; 1; 1],2.594538956996985,0.02155452443005978,tvm
64,64,4,2048,128,32,896,2,2,[64; 64; 4; 2048; 128; 32; 896; 2; 2],0.3827275389339775,0.14611975268124233,tvm
64,2,1,2048,128,16,256,32,1,[64; 2; 1; 2048; 128; 16; 256; 32; 1],2.1505804719636217,0.026004166810959177,tvm
16,4,2,4096,256,32,128,1,2,[16; 4; 2; 4096; 256; 32; 128; 1; 2],0.8186758320080116,0.06831037529978784,tvm
16,4,4,2048,32,32,7168,16,2,[16; 4; 4; 2048; 32; 32; 7168; 16; 2],0.5105897099711001,0.1095283595442977,tvm
32,32,2,4096,128,64,448,64,4,[32; 32; 2; 4096; 128; 64; 448; 64; 4],0.4823102760128677,0.11595036663046615,tvm
8,8,8,4096,32,32,1024,1,2,[8; 8; 8; 4096; 32; 32; 1024; 1; 2],0.48066890495829284,0.11634630981212693,tvm
8,1,1,1024,128,32,512,4,2,[8; 1; 1; 1024; 128; 32; 512; 4; 2],2.3280904629500583,0.0240214262389395,tvm
8,4,2,2048,64,64,64,16,4,[8; 4; 2; 2048; 64; 64; 64; 16; 4],0.6377226919867098,0.08769337211306069,tvm
32,32,8,4096,2048,16,1792,32,1,[32; 32; 8; 4096; 2048; 16; 1792; 32; 1],0.36672219494357705,0.15249705118594653,tvm
64,2,2,2048,128,64,128,4,4,[64; 2; 2; 2048; 128; 64; 128; 4; 4],1.035652839927934,0.05399884128857775,tvm
16,1,1,4096,64,32,64,8,2,[16; 1; 1; 4096; 64; 32; 64; 8; 2],2.406445535016246,0.02323927656769335,tvm
16,8,2,512,64,64,224,2,4,[16; 8; 2; 512; 64; 64; 224; 2; 4],0.5863184439949691,0.09538170580527258,tvm
16,16,4,1024,128,32,28,2,2,[16; 16; 4; 1024; 128; 32; 28; 2; 2],0.34387002990115434,0.1626313678729395,tvm
64,8,1,512,16,16,64,32,1,[64; 8; 1; 512; 16; 16; 64; 32; 1],0.669662110041827,0.08351085195762431,tvm
64,16,4,4096,512,64,56,28,4,[64; 16; 4; 4096; 512; 64; 56; 28; 4],0.18789884797297418,0.29762850563818777,tvm
32,8,1,2048,2048,32,3584,56,2,[32; 8; 1; 2048; 2048; 32; 3584; 56; 2],2.164433746947907,0.02583772934246312,tvm
32,16,8,4096,4096,16,112,2,1,[32; 16; 8; 4096; 4096; 16; 112; 2; 1],0.7528687189333141,0.07428128161914886,tvm
4,4,4,128,32,32,896,2,2,[4; 4; 4; 128; 32; 32; 896; 2; 2],0.5114795500412583,0.1093378089677725,tvm
16,2,2,128,32,16,896,4,1,[16; 2; 2; 128; 32; 16; 896; 4; 1],1.2886339660035446,0.043397935184629075,tvm
32,8,4,4096,4096,64,448,1,4,[32; 8; 4; 4096; 4096; 64; 448; 1; 4],0.707348020048812,0.07906158177904304,tvm
16,2,1,4096,4096,16,32,8,1,[16; 2; 1; 4096; 4096; 16; 32; 8; 1],0.8072220389731228,0.06927964132950956,tvm
16,2,1,512,64,16,448,56,1,[16; 2; 1; 512; 64; 16; 448; 56; 1],2.0860532639781013,0.02680854525578423,tvm
4,4,2,1024,512,32,32,16,2,[4; 4; 2; 1024; 512; 32; 32; 16; 2],0.4217609498882666,0.132596565301147,tvm
4,1,1,256,256,16,56,7,1,[4; 1; 1; 256; 256; 16; 56; 7; 1],2.4992395929293707,0.022376427410780768,tvm
64,64,1,4096,4096,16,1792,1,1,[64; 64; 1; 4096; 4096; 16; 1792; 1; 1],1.0020766949746758,0.055808156814530684,tvm
16,8,8,256,128,32,3584,64,2,[16; 8; 8; 256; 128; 32; 3584; 64; 2],0.4901293880539015,0.11410059199956225,tvm
16,8,1,64,16,16,112,56,1,[16; 8; 1; 64; 16; 16; 112; 56; 1],1.3878934669774026,0.04029419740344082,tvm
32,4,2,4096,64,16,7,1,1,[32; 4; 2; 4096; 64; 16; 7; 1; 1],0.6978583389427513,0.08013668421309939,tvm
4,4,1,2048,2048,128,896,28,8,[4; 4; 1; 2048; 2048; 128; 896; 28; 8],1.4893446780042723,0.037549436446284404,tvm
16,16,2,4096,2048,64,3584,56,4,[16; 16; 2; 4096; 2048; 64; 3584; 56; 4],0.9685227479785681,0.057741600236085364,tvm
4,4,2,64,64,32,1024,64,2,[4; 4; 2; 64; 64; 32; 1024; 64; 2],0.9560763740446419,0.05849329075746211,tvm
64,64,4,4096,1024,64,224,7,4,[64; 64; 4; 4096; 1024; 64; 224; 7; 4],0.23841558897402138,0.2345654223953746,tvm
16,2,2,128,128,64,56,1,4,[16; 2; 2; 128; 128; 64; 56; 1; 4],1.0062197089428082,0.05557837203575582,tvm
32,32,2,1024,64,32,1792,4,2,[32; 32; 2; 1024; 64; 32; 1792; 4; 2],0.6535162179498002,0.08557408645309111,tvm
32,4,4,4096,32,16,128,1,1,[32; 4; 4; 4096; 32; 16; 128; 1; 1],0.5768120089778677,0.09695369108634343,tvm
2,1,1,4096,256,32,28,28,2,[2; 1; 1; 4096; 256; 32; 28; 28; 2],1.3501790729351342,0.04141973050416258,tvm
8,4,4,1024,16,16,64,64,1,[8; 4; 4; 1024; 16; 16; 64; 64; 1],0.5703794439323246,0.098047105182789,tvm
64,64,1,256,128,16,112,56,1,[64; 64; 1; 256; 128; 16; 112; 56; 1],1.1530035629402846,0.04850293193433064,tvm
64,16,4,2048,32,32,56,28,2,[64; 16; 4; 2048; 32; 32; 56; 28; 2],0.20493839401751757,0.27288226591915765,tvm
16,8,8,4096,32,16,224,1,1,[16; 8; 8; 4096; 32; 16; 224; 1; 1],0.6642972440458834,0.08418528578069884,tvm
8,1,1,128,128,32,7168,14,2,[8; 1; 1; 128; 128; 32; 7168; 14; 2],2.2765548060415313,0.024565212831653267,tvm
64,2,1,2048,2048,16,128,8,1,[64; 2; 1; 2048; 2048; 16; 128; 8; 1],2.329468918032944,0.02400721164399861,tvm
1,1,1,2048,128,128,128,8,8,[1; 1; 1; 2048; 128; 128; 128; 8; 8],1.9504791999934241,0.028671955760164927,tvm
32,2,2,4096,16,16,3584,32,1,[32; 2; 2; 4096; 16; 16; 3584; 32; 1],1.2351407899986953,0.045277472646168875,tvm
4,4,2,4096,1024,32,224,8,2,[4; 4; 2; 4096; 1024; 32; 224; 8; 2],1.0276188059942797,0.05442101001569705,tvm
64,64,1,1024,512,128,224,7,8,[64; 64; 1; 1024; 512; 128; 224; 7; 8],0.7300380179658532,0.07660430273091494,tvm
64,64,2,64,64,64,256,32,4,[64; 64; 2; 64; 64; 64; 256; 32; 4],0.5511670169653371,0.10146480397402009,tvm
32,1,1,2048,1024,16,14,1,1,[32; 1; 1; 2048; 1024; 16; 14; 1; 1],1.1076588100986555,0.050488519410008904,tvm
2,2,2,256,16,16,56,28,1,[2; 2; 2; 256; 16; 16; 56; 28; 1],1.2426347149303183,0.04500441896673498,tvm
64,16,4,4096,512,16,224,4,1,[64; 16; 4; 4096; 512; 16; 224; 4; 1],0.45574540202505887,0.12270897980504121,tvm
4,2,1,2048,128,32,1024,64,2,[4; 2; 1; 2048; 128; 32; 1024; 64; 2],2.016218506032601,0.02773709950881141,tvm
64,64,4,512,32,32,1792,28,2,[64; 64; 4; 512; 32; 32; 1792; 28; 2],0.3750535090221092,0.14910953234152155,tvm
8,8,4,4096,64,32,64,4,2,[8; 8; 4; 4096; 64; 32; 64; 4; 2],0.41922301903832704,0.13339929057717256,tvm
8,8,1,512,256,128,112,1,8,[8; 8; 1; 512; 256; 128; 112; 1; 8],0.9972586050862446,0.056077784687049076,tvm
16,16,1,512,512,64,16,8,4,[16; 16; 1; 512; 512; 64; 16; 8; 4],0.2630194399971515,0.21262326972462184,tvm
64,64,4,128,128,16,32,32,1,[64; 64; 4; 128; 128; 16; 32; 32; 1],0.22200137202162296,0.25190859328511866,tvm
4,4,2,2048,128,128,3584,16,8,[4; 4; 2; 2048; 128; 128; 3584; 16; 8],0.9482494229450822,0.05897610057029497,tvm
8,8,8,1024,1024,32,28,14,2,[8; 8; 8; 1024; 1024; 32; 28; 14; 2],0.1942889919737354,0.28783953617348185,tvm
16,4,4,512,16,16,1792,56,1,[16; 4; 4; 512; 16; 16; 1792; 56; 1],0.5685085240984336,0.09836977101094521,tvm
16,16,4,1024,256,16,7168,4,1,[16; 16; 4; 1024; 256; 16; 7168; 4; 1],0.5992021460551769,0.0933308628840986,tvm
64,32,2,128,64,32,896,4,2,[64; 32; 2; 128; 64; 32; 896; 4; 2],0.5755039469804615,0.0971740569752026,tvm
64,16,8,2048,64,16,448,56,1,[64; 16; 8; 2048; 64; 16; 448; 56; 1],0.44432007905561477,0.12586433962695937,tvm
16,16,2,4096,128,64,8,4,4,[16; 16; 2; 4096; 128; 64; 8; 4; 4],0.2599045130191371,0.2151715362065128,tvm
64,4,2,1024,128,16,896,14,1,[64; 4; 2; 1024; 128; 16; 896; 14; 1],1.1349835729924962,0.0492730068206045,tvm
4,1,1,512,256,32,512,4,2,[4; 1; 1; 512; 256; 32; 512; 4; 2],2.3292840160429478,0.024009117371757295,tvm
64,64,1,4096,256,16,32,4,1,[64; 64; 1; 4096; 256; 16; 32; 4; 1],0.35358888399787247,0.1581612314873276,tvm
64,64,16,4096,64,16,128,16,1,[64; 64; 16; 4096; 64; 16; 128; 16; 1],0.26062582002487034,0.21457602829986974,tvm
64,16,2,512,512,64,16,4,4,[64; 16; 2; 512; 512; 64; 16; 4; 4],0.18816319305915385,0.2972103758664012,tvm
16,8,2,1024,1024,16,512,8,1,[16; 8; 2; 1024; 1024; 16; 512; 8; 1],0.9011342539452016,0.06205962439946723,tvm
4,1,1,1024,64,32,14336,7,2,[4; 1; 1; 1024; 64; 32; 14336; 7; 2],2.2092379620298743,0.025313730025691594,tvm
64,1,1,4096,64,16,128,32,1,[64; 1; 1; 4096; 64; 16; 128; 32; 1],2.817727669957094,0.01984721729129519,tvm
16,8,2,2048,32,32,14336,7,2,[16; 8; 2; 2048; 32; 32; 14336; 7; 2],1.1232619769871235,0.04978718631902415,tvm
64,4,4,512,128,64,3584,64,4,[64; 4; 4; 512; 128; 64; 3584; 64; 4],0.47910562506876886,0.11672593767878685,tvm
64,4,2,256,32,32,28,7,2,[64; 4; 2; 256; 32; 32; 28; 7; 2],0.6436811559833586,0.08688160716449367,tvm
16,8,4,4096,256,64,14336,56,4,[16; 8; 4; 4096; 256; 64; 14336; 56; 4],0.47909104300197214,0.11672949045950569,tvm
64,32,2,1024,256,128,32,2,8,[64; 32; 2; 1024; 256; 128; 32; 2; 8],0.15710039297118783,0.35597653370345034,tvm
64,32,2,2048,1024,128,896,28,8,[64; 32; 2; 2048; 1024; 128; 896; 28; 8],0.45308807399123907,0.12342865889340245,tvm
16,4,1,256,16,16,512,8,1,[16; 4; 1; 256; 16; 16; 512; 8; 1],1.59943706903141,0.03496483507613083,tvm
32,8,2,2048,128,32,896,2,2,[32; 8; 2; 2048; 128; 32; 896; 2; 2],0.7137985590379685,0.07834710875391192,tvm
4,4,4,128,32,16,16,8,1,[4; 4; 4; 128; 32; 16; 16; 8; 1],0.6386646509636194,0.08756403419064283,tvm
32,32,16,1024,1024,16,14336,64,1,[32; 32; 16; 1024; 1024; 16; 14336; 64; 1],1.3349486830411479,0.04189228697985056,tvm
4,2,2,1024,512,16,56,14,1,[4; 2; 2; 1024; 512; 16; 56; 14; 1],1.2300441829720512,0.04546507687082329,tvm
32,32,4,4096,16,16,14,7,1,[32; 32; 4; 4096; 16; 16; 14; 7; 1],0.23938821500632912,0.23361239120252755,tvm
8,8,2,4096,1024,16,896,16,1,[8; 8; 2; 4096; 1024; 16; 896; 16; 1],0.9511906990082934,0.05879373441270974,tvm
16,8,4,4096,512,64,448,64,4,[16; 8; 4; 4096; 512; 64; 448; 64; 4],0.4726873920299113,0.11831086311224165,tvm
32,4,4,1024,32,16,1024,1,1,[32; 4; 4; 1024; 32; 16; 1024; 1; 1],0.5739548270357773,0.09743633244127647,tvm
32,32,2,256,64,32,7168,32,2,[32; 32; 2; 256; 64; 32; 7168; 32; 2],1.120101835927926,0.049927650807753715,tvm
32,4,1,1024,1024,64,448,28,4,[32; 4; 1; 1024; 1024; 64; 448; 28; 4],1.4394331179792061,0.03885144272062053,tvm
32,16,2,1024,128,32,16,4,2,[32; 16; 2; 1024; 128; 32; 16; 4; 2],0.27948543592356145,0.20009648498689003,tvm
4,4,2,256,256,64,3584,4,4,[4; 4; 2; 256; 256; 64; 3584; 4; 4],1.0055259659420699,0.055616717248011094,tvm
32,32,4,64,64,64,16,16,4,[32; 32; 4; 64; 64; 64; 16; 16; 4],0.15569627902004868,0.3591868327574618,tvm
4,2,1,16,16,16,1024,16,1,[4; 2; 1; 16; 16; 16; 1024; 16; 1],2.34576375503093,0.023840445660136798,tvm
32,32,1,2048,256,32,256,16,2,[32; 32; 1; 2048; 256; 32; 256; 16; 2],1.2205796610796824,0.04581761855991018,tvm
8,8,8,256,256,16,2,2,1,[8; 8; 8; 256; 256; 16; 2; 2; 1],0.29964309791103005,0.18663554649918312,tvm
8,4,4,4096,1024,64,448,4,4,[8; 4; 4; 4096; 1024; 64; 448; 4; 4],0.5391015029745176,0.10373566577865163,tvm
32,32,2,4096,4096,64,896,64,4,[32; 32; 2; 4096; 4096; 64; 896; 64; 4],0.4521552480291575,0.12368330032017462,tvm
32,4,2,256,256,128,2048,16,8,[32; 4; 2; 256; 256; 128; 2048; 16; 8],0.9306988830212504,0.06008823514625024,tvm
32,8,4,1024,32,16,64,64,1,[32; 8; 4; 1024; 32; 16; 64; 64; 1],0.5114811209496111,0.10933747315933237,tvm
32,2,1,32,32,32,32,32,2,[32; 2; 1; 32; 32; 32; 32; 32; 2],1.346185434027575,0.04154260766736821,tvm
32,8,2,32,16,16,2,2,1,[32; 8; 2; 32; 16; 16; 2; 2; 1],0.4141753150615841,0.13502507585469678,tvm
64,4,4,128,16,16,4,4,1,[64; 4; 4; 128; 16; 16; 4; 4; 1],0.5876229610294104,0.09516995938239785,tvm
64,1,1,4096,256,128,7,1,8,[64; 1; 1; 4096; 256; 128; 7; 1; 8],1.4854025020031258,0.03764909057169183,tvm
64,64,1,1024,256,32,7168,1,2,[64; 64; 1; 1024; 256; 32; 7168; 1; 2],2.072998615098186,0.026977371294907758,tvm
16,8,2,512,128,128,2048,4,8,[16; 8; 2; 512; 128; 128; 2048; 4; 8],0.8399621429853141,0.0665792545537509,tvm
64,2,2,4096,64,32,7168,7,2,[64; 2; 2; 4096; 64; 32; 7168; 7; 2],1.0640686330152676,0.05255681033925461,tvm
8,8,2,4096,2048,16,7,1,1,[8; 8; 2; 4096; 2048; 16; 7; 1; 1],0.2571237590163946,0.21749858335638103,tvm
8,4,1,256,256,128,3584,28,8,[8; 4; 1; 256; 256; 128; 3584; 28; 8],1.9724154969444498,0.028353079470308153,tvm
16,4,1,512,512,64,1792,32,4,[16; 4; 1; 512; 512; 64; 1792; 32; 4],1.8162365210009739,0.030791173223690148,tvm
64,4,1,128,16,16,16,16,1,[64; 4; 1; 128; 16; 16; 16; 16; 1],0.8317414759658277,0.06723730263468428,tvm
32,16,4,256,128,64,128,4,4,[32; 16; 4; 256; 128; 64; 128; 4; 4],0.3704653480090201,0.1509562328403565,tvm
32,2,1,512,128,64,112,7,4,[32; 2; 1; 512; 128; 64; 112; 7; 4],1.527858164976351,0.03660290897106863,tvm
8,1,1,1024,256,32,896,2,2,[8; 1; 1; 1024; 256; 32; 896; 2; 2],2.3354356300551444,0.023945876569508726,tvm
8,1,1,256,256,32,14,2,2,[8; 1; 1; 256; 256; 32; 14; 2; 2],1.3481297419639304,0.04148269383320941,tvm
32,4,4,4096,128,16,3584,28,1,[32; 4; 4; 4096; 128; 16; 3584; 28; 1],0.5905231221113354,0.09470256326862267,tvm
32,4,2,32,32,32,128,1,2,[32; 4; 2; 32; 32; 32; 128; 1; 2],0.8036053819814697,0.06959143702527229,tvm
64,64,1,16,16,16,56,1,1,[64; 64; 1; 16; 16; 16; 56; 1; 1],0.5220044160960242,0.10713329544523613,tvm
32,8,4,4096,512,16,28,28,1,[32; 8; 4; 4096; 512; 16; 28; 28; 1],0.2691059079952538,0.20781429047748615,tvm
8,4,2,128,32,32,7,1,2,[8; 4; 2; 128; 32; 32; 7; 1; 2],0.5367292059818283,0.10419416851190826,tvm
64,8,2,4096,256,32,14336,4,2,[64; 8; 2; 4096; 256; 32; 14336; 4; 2],1.0913414370734245,0.05124340690600096,tvm
64,64,1,2048,64,16,224,56,1,[64; 64; 1; 2048; 64; 16; 224; 56; 1],1.4973760270513594,0.03734803571248517,tvm
8,4,1,4096,2048,16,7168,1,1,[8; 4; 1; 4096; 2048; 16; 7168; 1; 1],2.6107407190138474,0.021420761137267385,tvm
8,1,1,16,16,16,1024,32,1,[8; 1; 1; 16; 16; 16; 1024; 32; 1],2.84517784207128,0.019655732062295556,tvm
32,8,8,128,64,16,448,32,1,[32; 8; 8; 128; 64; 16; 448; 32; 1],0.39892492489889264,0.14018691197975977,tvm
32,2,2,256,256,128,7168,2,8,[32; 2; 2; 256; 256; 128; 7168; 2; 8],0.941257635015063,0.05941418295368024,tvm
64,32,4,1024,128,32,224,7,2,[64; 32; 4; 1024; 128; 32; 224; 7; 2],0.30742325203027576,0.18191224302001008,tvm
64,16,1,4096,2048,64,56,8,4,[64; 16; 1; 4096; 2048; 64; 56; 8; 4],0.3102872490417212,0.18023316622274022,tvm
4,4,1,128,128,128,896,28,8,[4; 4; 1; 128; 128; 128; 896; 28; 8],1.349245461053215,0.04144839093227653,tvm
64,16,4,256,32,16,896,4,1,[64; 16; 4; 256; 32; 16; 896; 4; 1],0.503907811944373,0.110980723076202,tvm
16,8,1,2048,2048,64,4,1,4,[16; 8; 1; 2048; 2048; 64; 4; 1; 4],0.3361102109774947,0.16638605881889706,tvm
4,2,1,4096,256,32,112,14,2,[4; 2; 1; 4096; 256; 32; 112; 14; 2],1.5783542629797012,0.03543187650898914,tvm
32,16,1,256,256,128,7168,1,8,[32; 16; 1; 256; 256; 128; 7168; 1; 8],1.9524751770077273,0.02864264498309266,tvm
8,4,1,2048,32,16,56,28,1,[8; 4; 1; 2048; 32; 16; 56; 28; 1],0.9439453730592504,0.05924501028283873,tvm
8,4,1,256,32,16,7,7,1,[8; 4; 1; 256; 32; 16; 7; 7; 1],0.5445870449766517,0.1026907522850291,tvm
32,16,2,512,256,16,64,8,1,[32; 16; 2; 512; 256; 16; 64; 8; 1],0.4062128389487043,0.1376718015069812,tvm
64,32,1,256,64,32,448,16,2,[64; 32; 1; 256; 64; 32; 448; 16; 2],1.1475404179655015,0.04873384192644148,tvm
16,8,2,4096,512,16,2048,4,1,[16; 8; 2; 4096; 512; 16; 2048; 4; 1],1.064192326972261,0.052550701518815815,tvm
8,8,2,512,512,64,56,4,4,[8; 8; 2; 512; 512; 64; 56; 4; 4],0.33234496891964227,0.1682710994997948,tvm
4,2,1,4096,1024,16,16,4,1,[4; 2; 1; 4096; 1024; 16; 16; 4; 1],0.6649930939311162,0.08409719415691597,tvm
64,4,4,512,256,32,7168,2,2,[64; 4; 4; 512; 256; 32; 7168; 2; 2],0.7193465280579403,0.07774285570587879,tvm
32,8,2,256,128,128,1792,16,8,[32; 8; 2; 256; 128; 128; 1792; 16; 8],0.823413569945842,0.06791733264368184,tvm
16,16,4,64,64,64,3584,2,4,[16; 16; 4; 64; 64; 64; 3584; 2; 4],0.6976412649964914,0.08016161907167947,tvm
16,16,8,32,16,16,224,56,1,[16; 16; 8; 32; 16; 16; 224; 56; 1],0.4135064729489386,0.13524347741042267,tvm
16,1,1,4096,64,64,14336,4,4,[16; 1; 1; 4096; 64; 64; 14336; 4; 4],2.0981586610432714,0.02665387245096427,tvm
2,1,1,2048,128,128,7168,32,8,[2; 1; 1; 2048; 128; 128; 7168; 32; 8],1.940337124047801,0.028821823094673533,tvm
64,8,2,1024,32,32,512,1,2,[64; 8; 2; 1024; 32; 32; 512; 1; 2],0.6452116150176153,0.0866755216919127,tvm
64,2,1,256,64,32,7168,56,2,[64; 2; 1; 256; 64; 32; 7168; 56; 2],2.2498097849311307,0.024857236246327925,tvm
2,2,1,1024,32,16,28,2,1,[2; 2; 1; 1024; 32; 16; 28; 2; 1],1.491802518023178,0.03748757134921557,tvm
64,16,1,2048,256,16,1792,4,1,[64; 16; 1; 2048; 256; 16; 1792; 4; 1],1.7591306120157242,0.03179073398606371,tvm
64,2,1,1024,1024,64,224,4,4,[64; 2; 1; 1024; 1024; 64; 224; 4; 4],2.0484846839681268,0.02730020574281408,tvm
16,16,1,2048,1024,128,448,64,8,[16; 16; 1; 2048; 1024; 128; 448; 64; 8],0.8675449050497264,0.06446243071432464,tvm
32,16,1,2048,2048,16,512,2,1,[32; 16; 1; 2048; 2048; 16; 512; 2; 1],1.159007175010629,0.04825168863412814,tvm
16,4,2,2048,256,32,3584,64,2,[16; 4; 2; 2048; 256; 32; 3584; 64; 2],1.090097120963037,0.05130189985634281,tvm
4,2,1,4096,32,16,112,8,1,[4; 2; 1; 4096; 32; 16; 112; 8; 1],1.8382845360320061,0.030421870084403325,tvm
16,8,2,2048,2048,64,3584,7,4,[16; 8; 2; 2048; 2048; 64; 3584; 7; 4],0.9859131509438157,0.05672310312505435,tvm
8,8,8,1024,16,16,896,14,1,[8; 8; 8; 1024; 16; 16; 896; 14; 1],0.3841897699749097,0.1455636190859157,tvm
2,2,1,128,64,32,7,1,2,[2; 2; 1; 128; 64; 32; 7; 1; 2],1.0182984810089692,0.05491911691542703,tvm
32,2,1,2048,2048,16,7168,2,1,[32; 2; 1; 2048; 2048; 16; 7168; 2; 1],2.618302962044254,0.021358893200682297,tvm
16,16,8,2048,2048,32,64,32,2,[16; 16; 8; 2048; 2048; 32; 64; 32; 2],0.3125288450391963,0.1789404537245819,tvm
64,32,1,1024,256,32,256,2,2,[64; 32; 1; 1024; 256; 32; 256; 2; 2],1.09956178907305,0.05086030988806759,tvm
64,8,4,1024,128,64,64,2,4,[64; 8; 4; 1024; 128; 64; 64; 2; 4],0.4963756549404934,0.11266477873504419,tvm
16,4,2,128,32,32,1792,56,2,[16; 4; 2; 128; 32; 32; 1792; 56; 2],1.0463799010030925,0.05344526713454911,tvm
2,2,2,1024,128,128,8,1,8,[2; 2; 2; 1024; 128; 128; 8; 1; 8],0.9573736089514568,0.05841403273543645,tvm
32,16,2,4096,2048,16,28,14,1,[32; 16; 2; 4096; 2048; 16; 28; 14; 1],0.23999651509802788,0.2330202724422513,tvm
8,8,8,2048,512,32,1792,4,2,[8; 8; 8; 2048; 512; 32; 1792; 4; 2],0.5057982449652627,0.11056592997307473,tvm
64,32,2,4096,128,16,7168,2,1,[64; 32; 2; 4096; 128; 16; 7168; 2; 1],1.2641810909844935,0.044237375271751554,tvm
64,2,1,1024,128,128,2048,8,8,[64; 2; 1; 1024; 128; 128; 2048; 8; 8],1.9165612310171127,0.029179372110983703,tvm
64,16,2,4096,512,128,896,7,8,[64; 16; 2; 4096; 512; 128; 896; 7; 8],0.5531726710032672,0.10109692012063089,tvm
4,4,2,128,32,16,3584,16,1,[4; 4; 2; 128; 32; 16; 3584; 16; 1],1.3131128019886091,0.042588917912185935,tvm
64,16,4,4096,512,16,7168,32,1,[64; 16; 4; 4096; 512; 16; 7168; 32; 1],0.5781357940286398,0.09673169160420979,tvm
4,2,2,4096,256,16,28,1,1,[4; 2; 2; 4096; 256; 16; 28; 1; 1],0.7991988239809871,0.06997514467646886,tvm
16,2,1,32,32,32,896,2,2,[16; 2; 1; 32; 32; 32; 896; 2; 2],1.976455322932452,0.02829512647437901,tvm
64,16,8,4096,128,32,896,28,2,[64; 16; 8; 4096; 128; 32; 896; 28; 2],0.35402103106025606,0.15796816693586432,tvm
16,4,4,4096,1024,32,448,1,2,[16; 4; 4; 4096; 1024; 32; 448; 1; 2],0.734950112993829,0.07609231204214116,tvm
64,16,4,4096,4096,16,1024,1,1,[64; 16; 4; 4096; 4096; 16; 1024; 1; 1],0.7151875849813223,0.07819494424640193,tvm
32,16,16,64,64,16,1024,1,1,[32; 16; 16; 64; 64; 16; 1024; 1; 1],0.7330672350944951,0.07628775459610401,tvm
64,16,2,4096,2048,32,2,2,2,[64; 16; 2; 4096; 2048; 32; 2; 2; 2],0.24630676792003214,0.2270504128067243,tvm
16,16,1,4096,256,16,28,1,1,[16; 16; 1; 4096; 256; 16; 28; 1; 1],0.3732585599645972,0.14982657956628673,tvm
32,32,1,4096,512,32,2048,2,2,[32; 32; 1; 4096; 512; 32; 2048; 2; 2],0.8840760379098356,0.0632570626679929,tvm
8,1,1,128,64,64,896,1,4,[8; 1; 1; 128; 64; 64; 896; 1; 4],2.2068060449091718,0.025341625949567792,tvm
64,4,2,128,64,16,896,28,1,[64; 4; 2; 128; 64; 16; 896; 28; 1],1.168728151009418,0.04785035192746262,tvm
32,32,2,1024,16,16,256,2,1,[32; 32; 2; 1024; 16; 16; 256; 2; 1],0.6582966290879995,0.08495266550401483,tvm
64,32,4,2048,2048,32,512,1,2,[64; 32; 4; 2048; 2048; 32; 512; 1; 2],0.489668954978697,0.11420788017032099,tvm
16,8,2,2048,256,16,128,16,1,[16; 8; 2; 2048; 256; 16; 128; 16; 1],0.7757649680133909,0.07208891305899753,tvm
8,4,4,1024,512,16,224,32,1,[8; 4; 4; 1024; 512; 16; 224; 32; 1],0.5844650509534404,0.09568417006646365,tvm
16,2,2,2048,32,16,4,1,1,[16; 2; 2; 2048; 32; 16; 4; 1; 1],1.0645724210189655,0.05253193886030327,tvm
8,2,2,256,256,32,2048,32,2,[8; 2; 2; 256; 256; 32; 2048; 32; 2],1.1131046520313248,0.05024150535286733,tvm
32,8,2,4096,512,32,112,1,2,[32; 8; 2; 4096; 512; 32; 112; 1; 2],0.6476324070245028,0.08635153634493384,tvm
32,16,4,512,128,64,14336,16,4,[32; 16; 4; 512; 128; 64; 14336; 16; 4],0.483967817039229,0.11555324830369929,tvm
32,2,1,1024,1024,16,1792,4,1,[32; 2; 1; 1024; 1024; 16; 1792; 4; 1],2.798403155989945,0.019984273250131468,tvm
64,2,1,2048,64,32,896,32,2,[64; 2; 1; 2048; 64; 32; 896; 32; 2],1.9071154789999127,0.02932389461945943,tvm
64,16,2,2048,128,16,896,4,1,[64; 16; 2; 2048; 128; 16; 896; 4; 1],0.6669157040305436,0.08385475554909427,tvm
2,1,1,1024,128,64,14336,16,4,[2; 1; 1; 1024; 128; 64; 14336; 16; 4],2.0800052180420607,0.02688649665310718,tvm
2,2,1,4096,2048,16,8,1,1,[2; 2; 1; 4096; 2048; 16; 8; 1; 1],0.6619369449326769,0.08448546913939237,tvm
32,16,8,4096,128,16,256,8,1,[32; 16; 8; 4096; 128; 16; 256; 8; 1],0.38939974806271493,0.14361604908980696,tvm
8,8,8,4096,2048,32,224,8,2,[8; 8; 8; 4096; 2048; 32; 224; 8; 2],0.4115100079216063,0.13589961910230627,tvm
16,16,8,4096,128,16,1792,64,1,[16; 16; 8; 4096; 128; 16; 1792; 64; 1],0.5498204809846357,0.1017132960074219,tvm
8,4,4,1024,1024,16,128,2,1,[8; 4; 4; 1024; 1024; 16; 128; 2; 1],0.8034527270356193,0.0696046593054305,tvm
1,1,1,512,64,32,1024,32,2,[1; 1; 1; 512; 64; 32; 1024; 32; 2],2.344434018013999,0.023853967696948596,tvm
64,8,8,256,32,32,7168,7,2,[64; 8; 8; 256; 32; 32; 7168; 7; 2],0.3795905300648883,0.14732731431359342,tvm
32,8,1,2048,128,64,2,2,4,[32; 8; 1; 2048; 128; 64; 2; 2; 4],0.40233415202237666,0.1389990212171275,tvm
16,1,1,512,512,128,16,8,8,[16; 1; 1; 512; 512; 128; 16; 8; 8],1.256517744041048,0.044507173574387986,tvm
8,1,1,4096,1024,64,56,1,4,[8; 1; 1; 4096; 1024; 64; 56; 1; 4],2.1233058570651338,0.026338199533171555,tvm
8,8,4,128,64,16,896,16,1,[8; 8; 4; 128; 64; 16; 896; 16; 1],0.545997524051927,0.10242547057413888,tvm
16,16,4,2048,32,16,7168,7,1,[16; 16; 4; 2048; 32; 16; 7168; 7; 1],0.5786848909920081,0.09663990576540846,tvm
64,8,2,2048,64,64,896,64,4,[64; 8; 2; 2048; 64; 64; 896; 64; 4],0.6899771450553089,0.08105203735241177,tvm
64,32,2,2048,2048,64,256,4,4,[64; 32; 2; 2048; 2048; 64; 256; 4; 4],0.4306105610448867,0.1298715321742976,tvm
64,16,8,32,32,32,112,16,2,[64; 16; 8; 32; 32; 32; 112; 16; 2],0.31810021097771823,0.17580640126406774,tvm
64,16,4,64,64,16,448,56,1,[64; 16; 4; 64; 64; 16; 448; 56; 1],0.4345201209653169,0.12870302348506701,tvm
2,1,1,4096,4096,16,448,1,1,[2; 1; 1; 4096; 4096; 16; 448; 1; 1],2.6977428200189024,0.02072994242384509,tvm
64,4,4,2048,1024,64,14336,14,4,[64; 4; 4; 2048; 1024; 64; 14336; 14; 4],0.4831474960083142,0.11574944255195099,tvm
4,2,1,1024,64,64,2048,16,4,[4; 2; 1; 1024; 64; 64; 2048; 16; 4],2.031772757996805,0.02752475793034591,tvm
64,64,16,16,16,16,16,4,1,[64; 64; 16; 16; 16; 16; 16; 4; 1],0.29987291898578405,0.18649250996881284,tvm
2,2,2,1024,128,32,7168,4,2,[2; 2; 2; 1024; 128; 32; 7168; 4; 2],1.078939134022221,0.05183244500999031,tvm
64,64,8,4096,512,16,14,1,1,[64; 64; 8; 4096; 512; 16; 14; 1; 1],0.35872785293031484,0.1558954870008294,tvm
64,16,1,1024,64,32,1024,2,2,[64; 16; 1; 1024; 64; 32; 1024; 2; 2],0.9957267479039729,0.056164056505516924,tvm
32,16,4,128,64,16,256,4,1,[32; 16; 4; 128; 64; 16; 256; 4; 1],0.4375966680236161,0.12779816991274542,tvm
16,8,8,64,32,16,7168,64,1,[16; 8; 8; 64; 32; 16; 7168; 64; 1],0.5517602689797059,0.10135570913205832,tvm
32,16,2,128,64,32,16,1,2,[32; 16; 2; 128; 64; 32; 16; 1; 2],0.34990949800703675,0.15982433644087218,tvm
16,8,2,16,16,16,112,2,1,[16; 8; 2; 16; 16; 16; 112; 2; 1],0.7488083320204169,0.07468406926301205,tvm
16,8,4,4096,2048,64,2048,4,4,[16; 8; 4; 4096; 2048; 64; 2048; 4; 4],0.539611428976059,0.10363763688150965,tvm
32,8,2,1024,1024,16,1024,32,1,[32; 8; 2; 1024; 1024; 16; 1024; 32; 1],0.9757517430698499,0.05731381340645986,tvm
64,16,1,4096,4096,32,224,16,2,[64; 16; 1; 4096; 4096; 32; 224; 16; 2],0.8800496309995651,0.06354647665702046,tvm
16,2,1,1024,512,64,256,2,4,[16; 2; 1; 1024; 512; 64; 256; 2; 4],2.076675744028762,0.02692960299369625,tvm
64,8,1,4096,256,16,448,64,1,[64; 8; 1; 4096; 256; 16; 448; 64; 1],1.3856467420700938,0.040359531499193885,tvm
64,2,2,2048,256,16,896,2,1,[64; 2; 2; 2048; 256; 16; 896; 2; 1],1.3033998219761997,0.042906291983792,tvm
4,4,4,4096,64,64,3584,2,4,[4; 4; 4; 4096; 64; 64; 3584; 2; 4],0.46572615997865796,0.1200792614610613,tvm
16,16,4,32,16,16,14336,4,1,[16; 16; 4; 32; 16; 16; 14336; 4; 1],0.5924593879608437,0.0943930579373812,tvm
8,8,2,2048,64,64,2048,32,4,[8; 8; 2; 2048; 64; 64; 2048; 32; 4],0.8427462369436398,0.06635930352670724,tvm
16,2,2,4096,128,64,1792,56,4,[16; 2; 2; 4096; 128; 64; 1792; 56; 4],1.0273728939937428,0.05443403622995911,tvm
4,1,1,512,32,32,256,32,2,[4; 1; 1; 512; 32; 32; 256; 32; 2],2.2039425920229405,0.025374550832561446,tvm
64,4,4,128,128,16,1024,4,1,[64; 4; 4; 128; 128; 16; 1024; 4; 1],0.6346492760349065,0.08811804479275485,tvm
64,64,2,4096,512,64,2048,32,4,[64; 64; 2; 4096; 512; 64; 2048; 32; 4],0.42956911493092775,0.13018639233950885,tvm
32,2,1,256,256,32,1792,28,2,[32; 2; 1; 256; 256; 32; 1792; 28; 2],2.1921249659499153,0.025511343651478245,tvm
16,8,4,4096,512,16,14336,16,1,[16; 8; 4; 4096; 512; 16; 14336; 16; 1],0.5776434789877385,0.09681413426727253,tvm
64,16,1,64,16,16,3584,14,1,[64; 16; 1; 64; 16; 16; 3584; 14; 1],2.792891974095255,0.020023707988723653,tvm
64,64,1,2048,1024,32,448,8,2,[64; 64; 1; 2048; 1024; 32; 448; 8; 2],0.7494913960108534,0.07461600444112837,tvm
8,8,2,4096,256,16,224,2,1,[8; 8; 2; 4096; 256; 16; 224; 2; 1],0.8106506739277393,0.06898662411809499,tvm
16,2,1,4096,128,64,56,1,4,[16; 2; 1; 4096; 128; 64; 56; 1; 4],1.2231995259644464,0.0457194857799175,tvm
16,8,1,4096,16,16,896,56,1,[16; 8; 1; 4096; 16; 16; 896; 56; 1],1.357263065990992,0.04120354759119667,tvm
1,1,1,4096,64,32,7,7,2,[1; 1; 1; 4096; 64; 32; 7; 7; 2],2.1461470660287887,0.02605788495045435,tvm
32,16,16,512,256,16,7168,16,1,[32; 16; 16; 512; 256; 16; 7168; 16; 1],0.3920526369474828,0.1426442473866707,tvm
16,4,1,4096,64,64,8,2,4,[16; 4; 1; 4096; 64; 64; 8; 2; 4],0.5746799069456756,0.0973133959573426,tvm
64,8,2,128,64,32,112,2,2,[64; 8; 2; 128; 64; 32; 112; 2; 2],0.6394589700503275,0.08745526445415557,tvm
8,4,1,256,32,32,14336,1,2,[8; 4; 1; 256; 32; 32; 14336; 1; 2],2.3391217399621382,0.02390814140962092,tvm
16,16,2,16,16,16,2,2,1,[16; 16; 2; 16; 16; 16; 2; 2; 1],0.4680694210110232,0.11947811761028564,tvm
64,16,4,1024,128,16,28,2,1,[64; 16; 4; 1024; 128; 16; 28; 2; 1],0.3719415810192004,0.1503570888204791,tvm
32,2,2,256,128,16,896,14,1,[32; 2; 2; 256; 128; 16; 896; 14; 1],1.2620230709435418,0.04431301980202481,tvm
16,8,2,4096,512,32,32,4,2,[16; 8; 2; 4096; 512; 32; 32; 4; 2],0.28625922789797187,0.19536157399706852,tvm
32,4,1,2048,1024,32,7168,64,2,[32; 4; 1; 2048; 1024; 32; 7168; 64; 2],2.1929159850114956,0.02550214131119126,tvm
16,16,1,32,32,16,448,56,1,[16; 16; 1; 32; 32; 16; 448; 56; 1],1.2827913229120895,0.04359559683205454,tvm
64,4,2,64,64,64,448,2,4,[64; 4; 2; 64; 64; 64; 448; 2; 4],0.8419850550126284,0.06641929449982288,tvm
16,8,1,4096,1024,128,14336,64,8,[16; 8; 1; 4096; 1024; 128; 14336; 64; 8],1.9472731240093708,0.028719162527230675,tvm
4,2,1,1024,32,32,1792,8,2,[4; 2; 1; 1024; 32; 32; 1792; 8; 2],2.0782895298907533,0.026908692234172502,tvm
32,8,1,128,32,16,28,4,1,[32; 8; 1; 128; 32; 16; 28; 4; 1],0.5222490159794688,0.10708311863153779,tvm
16,1,1,2048,512,128,28,7,8,[16; 1; 1; 2048; 512; 128; 28; 7; 8],1.3040297449333593,0.04288556572472299,tvm
64,16,16,2048,2048,16,7168,8,1,[64; 16; 16; 2048; 2048; 16; 7168; 8; 1],0.541623149998486,0.10325270131730827,tvm
32,8,8,4096,4096,16,112,14,1,[32; 8; 8; 4096; 4096; 16; 112; 14; 1],0.438293048995547,0.1275951180642646,tvm
16,4,2,64,64,16,1024,32,1,[16; 4; 2; 64; 64; 16; 1024; 32; 1],1.1408972470089793,0.04901760739623661,tvm
16,16,1,4096,64,64,448,64,4,[16; 16; 1; 4096; 64; 64; 448; 64; 4],1.0475049099186435,0.05338786749713353,tvm
16,8,4,4096,256,64,28,1,4,[16; 8; 4; 4096; 256; 64; 28; 1; 4],0.38684222009032965,0.14456553713365305,tvm
64,32,2,1024,256,32,16,2,2,[64; 32; 2; 1024; 256; 32; 16; 2; 2],0.16476424306165427,0.33941862806001377,tvm
64,64,16,1024,512,16,256,64,1,[64; 64; 16; 1024; 512; 16; 256; 64; 1],0.5216989789623767,0.10719601837167177,tvm
32,1,1,32,32,16,896,28,1,[32; 1; 1; 32; 32; 16; 896; 28; 1],2.805941084981896,0.01993058715047617,tvm
8,8,1,2048,512,64,56,28,4,[8; 8; 1; 2048; 512; 64; 56; 28; 4],0.4355964449932799,0.12838500859251983,tvm
1,1,1,256,256,64,112,1,4,[1; 1; 1; 256; 256; 64; 112; 1; 4],2.141183926956728,0.02611828560324492,tvm
8,8,8,2048,256,16,112,14,1,[8; 8; 8; 2048; 256; 16; 112; 14; 1],0.42463970300741494,0.1316976555354194,tvm
32,1,1,256,256,64,448,14,4,[32; 1; 1; 256; 256; 64; 448; 14; 4],2.16953769500833,0.025776944766621634,tvm
32,16,1,4096,2048,64,2048,4,4,[32; 16; 1; 4096; 2048; 64; 2048; 4; 4],1.087024855078198,0.051446894771610616,tvm
16,2,2,4096,512,128,896,56,8,[16; 2; 2; 4096; 512; 128; 896; 56; 8],0.9639620289672166,0.05801478860453668,tvm
64,8,1,1024,32,16,1792,32,1,[64; 8; 1; 1024; 32; 16; 1792; 32; 1],1.4700186009285972,0.03804309231053718,tvm
8,4,4,4096,256,64,1024,8,4,[8; 4; 4; 4096; 256; 64; 1024; 8; 4],0.5040050389943644,0.11095931390868227,tvm
16,4,2,256,16,16,28,28,1,[16; 4; 2; 256; 16; 16; 28; 28; 1],0.8153325560269877,0.06859048239879463,tvm
16,8,4,4096,128,16,28,14,1,[16; 8; 4; 4096; 128; 16; 28; 14; 1],0.35917597892694175,0.1557009839589205,tvm
64,64,1,1024,1024,128,2048,2,8,[64; 64; 1; 1024; 1024; 128; 2048; 2; 8],0.7895007870392874,0.07083470244919518,tvm
32,32,16,2048,2048,16,16,8,1,[32; 32; 16; 2048; 2048; 16; 16; 8; 1],0.3583040570374578,0.15607987750885813,tvm
16,8,2,512,512,16,448,1,1,[16; 8; 2; 512; 512; 16; 448; 1; 1],0.8669379989150912,0.06450755809910069,tvm
64,4,2,1024,128,64,2048,16,4,[64; 4; 2; 1024; 128; 64; 2048; 16; 4],0.9992739200824872,0.05596468816950308,tvm
64,16,4,1024,32,16,14336,56,1,[64; 16; 4; 1024; 32; 16; 14336; 56; 1],0.5869883060222492,0.09527285766952501,tvm
64,8,4,4096,512,64,112,2,4,[64; 8; 4; 4096; 512; 64; 112; 2; 4],0.6181116090156138,0.09047565604275953,tvm
16,16,1,4096,256,32,448,1,2,[16; 16; 1; 4096; 256; 32; 448; 1; 2],1.1611422279383987,0.04816296573127494,tvm
64,4,2,4096,4096,32,512,16,2,[64; 4; 2; 4096; 4096; 32; 512; 16; 2],1.0833213749574497,0.05162277291494401,tvm
32,16,8,64,32,32,64,32,2,[32; 16; 8; 64; 32; 32; 64; 32; 2],0.2702408649493009,0.20694151250524262,tvm
64,8,4,1024,16,16,512,32,1,[64; 8; 4; 1024; 16; 16; 512; 32; 1],0.49611271102912724,0.11272449201578708,tvm
64,64,8,64,32,16,28,7,1,[64; 64; 8; 64; 32; 16; 28; 7; 1],0.17937253694981337,0.3117760069869577,tvm
32,1,1,4096,32,16,28,7,1,[32; 1; 1; 4096; 32; 16; 28; 7; 1],2.284614461939782,0.024478551749099183,tvm
16,2,1,2048,1024,128,14336,14,8,[16; 2; 1; 2048; 1024; 128; 14336; 14; 8],1.949939296930097,0.028679894508192038,tvm
32,2,1,4096,256,128,1792,1,8,[32; 2; 1; 4096; 256; 128; 1792; 1; 8],1.9173299910034984,0.02916767254241072,tvm
8,8,1,32,32,16,1024,1,1,[8; 8; 1; 32; 32; 16; 1024; 1; 1],1.3519939109683037,0.04136413106570894,tvm
32,4,4,128,64,32,224,1,2,[32; 4; 4; 128; 64; 32; 224; 1; 2],0.5941129169659689,0.09413034414220066,tvm
32,16,2,512,256,16,2048,4,1,[32; 16; 2; 512; 256; 16; 2048; 4; 1],0.942609790014103,0.059328954489743436,tvm
64,16,16,512,128,16,2048,32,1,[64; 16; 16; 512; 128; 16; 2048; 32; 1],0.528289531939663,0.10585871941850351,tvm
4,4,4,512,32,16,128,16,1,[4; 4; 4; 512; 32; 16; 128; 16; 1],0.5808539020363241,0.09627903529145282,tvm
8,8,2,64,64,64,224,2,4,[8; 8; 2; 64; 64; 64; 224; 2; 4],0.5758144590072334,0.0971216551764825,tvm
64,64,4,1024,1024,16,8,4,1,[64; 64; 4; 1024; 1024; 16; 8; 4; 1],0.18090586399193853,0.30913344708287294,tvm
32,16,2,32,16,16,512,2,1,[32; 16; 2; 32; 16; 16; 512; 2; 1],0.8141243050340563,0.0686922783014001,tvm
64,2,2,4096,512,64,512,1,4,[64; 2; 2; 4096; 512; 64; 512; 1; 4],1.0349138639867306,0.05403739893666202,tvm
32,32,16,4096,64,16,3584,2,1,[32; 32; 16; 4096; 64; 16; 3584; 2; 1],0.7265846380032599,0.07696839488241758,tvm
8,4,4,256,64,32,28,4,2,[8; 4; 4; 256; 64; 32; 28; 4; 2],0.5839212939608842,0.09577327271966139,tvm
8,2,2,4096,256,32,896,64,2,[8; 2; 2; 4096; 256; 32; 896; 64; 2],1.1104351870017126,0.05036228497435671,tvm
4,4,2,4096,32,16,14336,56,1,[4; 4; 2; 4096; 32; 16; 14336; 56; 1],1.2959288699785247,0.04315364417667466,tvm
4,4,1,4096,2048,16,64,64,1,[4; 4; 1; 4096; 2048; 16; 64; 64; 1],1.0611695180414245,0.0527003955376998,tvm
64,64,16,64,64,16,7168,1,1,[64; 64; 16; 64; 64; 16; 7168; 1; 1],0.7603240050375462,0.07355292344159475,tvm
32,4,1,512,128,16,256,4,1,[32; 4; 1; 512; 128; 16; 256; 4; 1],1.5753303399542347,0.03549988971516793,tvm
16,2,2,4096,256,128,512,32,8,[16; 2; 2; 4096; 256; 128; 512; 32; 8],0.9557992139598355,0.05851025248455935,tvm
16,16,2,2048,64,16,512,1,1,[16; 16; 2; 2048; 64; 16; 512; 1; 1],0.6874686640221626,0.08134778537561162,tvm
16,8,1,4096,512,16,28,4,1,[16; 8; 1; 4096; 512; 16; 28; 4; 1],0.41890922700986266,0.13349921588625374,tvm
32,8,1,128,64,32,256,32,2,[32; 8; 1; 128; 64; 32; 256; 32; 2],1.1988781580002978,0.04664698656835438,tvm
8,4,2,1024,512,128,448,14,8,[8; 4; 2; 1024; 512; 128; 448; 14; 8],0.9499179380945861,0.05887251002492892,tvm
8,8,4,128,16,16,8,1,1,[8; 8; 4; 128; 16; 16; 8; 1; 1],0.407278347061947,0.13731162910270625,tvm
64,8,1,1024,512,32,14336,28,2,[64; 8; 1; 1024; 512; 32; 14336; 28; 2],2.1865016609663144,0.02557695442527949,tvm
32,4,1,2048,1024,128,32,4,8,[32; 4; 1; 2048; 1024; 128; 32; 4; 8],0.45769598393235356,0.1221860258699556,tvm
4,4,2,4096,64,64,1792,2,4,[4; 4; 2; 4096; 64; 64; 1792; 2; 4],0.9481432039756328,0.05898270756868767,tvm
4,4,1,2048,256,32,3584,16,2,[4; 4; 1; 2048; 256; 32; 3584; 16; 2],2.2048889119178057,0.025363660287397772,tvm
64,32,2,4096,2048,64,2,1,4,[64; 32; 2; 4096; 2048; 64; 2; 1; 4],0.2478228589752689,0.22566140010076385,tvm
32,32,1,4096,256,32,14336,1,2,[32; 32; 1; 4096; 256; 32; 14336; 1; 2],2.2422928269952536,0.02494056648625747,tvm
64,8,4,128,128,32,112,16,2,[64; 8; 4; 128; 128; 32; 112; 16; 2],0.3979666760424152,0.14052446272504726,tvm
2,2,2,512,512,16,112,4,1,[2; 2; 2; 512; 512; 16; 112; 4; 1],1.2565438390010968,0.04450624928278728,tvm
4,4,2,2048,512,32,32,4,2,[4; 4; 2; 2048; 512; 32; 32; 4; 2],0.42141634901054204,0.13270499225917395,tvm
64,4,4,4096,64,32,224,28,2,[64; 4; 4; 4096; 64; 32; 224; 28; 2],0.5281374029582366,0.10588921182269612,tvm
8,1,1,4096,1024,16,7,1,1,[8; 1; 1; 4096; 1024; 16; 7; 1; 1],1.0693899650359526,0.05229528531385946,tvm
16,4,4,256,256,16,448,7,1,[16; 4; 4; 256; 256; 16; 448; 7; 1],0.5663150670006871,0.09875077777732069,tvm
32,16,1,512,512,16,128,2,1,[32; 16; 1; 512; 512; 16; 128; 2; 1],1.0698579089948907,0.052272411937275685,tvm
32,16,2,4096,1024,32,7168,28,2,[32; 16; 2; 4096; 1024; 32; 7168; 28; 2],1.0389637280022725,0.05382676201879014,tvm
32,8,4,4096,256,64,224,56,4,[32; 8; 4; 4096; 256; 64; 224; 56; 4],0.4083710400154814,0.13694421948043436,tvm
8,4,1,64,64,16,256,4,1,[8; 4; 1; 64; 64; 16; 256; 4; 1],1.5613749709445983,0.03581718317125353,tvm
1,1,1,2048,512,16,4,4,1,[1; 1; 1; 2048; 512; 16; 4; 4; 1],1.1956496130442247,0.046772944785174964,tvm
64,64,1,4096,64,64,14336,1,4,[64; 64; 1; 4096; 64; 64; 14336; 1; 4],2.21627652796451,0.025233337369094253,tvm
64,16,16,256,64,16,256,16,1,[64; 16; 16; 256; 64; 16; 256; 16; 1],0.39015361992642283,0.14333854788757253,tvm
16,4,1,128,64,16,7168,28,1,[16; 4; 1; 128; 64; 16; 7168; 28; 1],2.6616945480927825,0.02101069537577304,tvm
32,32,2,1024,256,16,14,14,1,[32; 32; 2; 1024; 256; 16; 14; 14; 1],0.15679668204393238,0.35666605060982187,tvm
64,64,16,64,64,16,512,64,1,[64; 64; 16; 64; 64; 16; 512; 64; 1],0.4989075780613348,0.11209301239849705,tvm
32,16,1,2048,2048,128,1792,1,8,[32; 16; 1; 2048; 2048; 128; 1792; 1; 8],0.9441103570861742,0.059234657170728226,tvm
16,16,8,4096,32,16,2,2,1,[16; 16; 8; 4096; 32; 16; 2; 2; 1],0.4088800239842385,0.13677374792828983,tvm
64,64,4,512,64,16,896,1,1,[64; 64; 4; 512; 64; 16; 896; 1; 1],0.49819902097806334,0.11225243522868299,tvm
64,16,4,256,128,64,1024,2,4,[64; 16; 4; 256; 128; 64; 1024; 2; 4],0.5488609810126945,0.1018911077084561,tvm
32,4,2,512,256,32,112,1,2,[32; 4; 2; 512; 256; 32; 112; 1; 2],0.779287168988958,0.07176308754818693,tvm
32,32,4,512,256,64,7168,4,4,[32; 32; 4; 512; 256; 64; 7168; 4; 4],0.5290356540353969,0.10570942224168421,tvm
2,2,2,256,256,128,8,4,8,[2; 2; 2; 256; 256; 128; 8; 4; 8],0.8056429499993101,0.06941543190240941,tvm
4,1,1,4096,2048,16,14336,28,1,[4; 1; 1; 4096; 2048; 16; 14336; 28; 1],2.64148952299729,0.021171408346104845,tvm
8,8,2,1024,64,32,896,2,2,[8; 8; 2; 1024; 64; 32; 896; 2; 2],0.6959698740392923,0.08035412942338943,tvm
64,64,2,4096,128,64,896,16,4,[64; 64; 2; 4096; 128; 64; 896; 16; 4],0.43218082608655095,0.12939966319129037,tvm
64,64,4,4096,1024,16,14336,4,1,[64; 64; 4; 4096; 1024; 16; 14336; 4; 1],0.5980940799927339,0.09350377340971631,tvm
32,8,8,256,16,16,896,32,1,[32; 8; 8; 256; 16; 16; 896; 32; 1],0.3712978229159489,0.15061777872582066,tvm
64,16,2,4096,4096,128,448,2,8,[64; 16; 2; 4096; 4096; 128; 448; 2; 8],0.5105797729920596,0.10953049120142691,tvm
4,2,2,32,32,16,7168,56,1,[4; 2; 2; 32; 32; 16; 7168; 56; 1],1.288261937093921,0.04341046779623683,tvm
16,1,1,2048,256,64,1792,7,4,[16; 1; 1; 2048; 256; 64; 1792; 7; 4],2.178282839944586,0.025673458151447403,tvm
4,2,1,2048,512,32,256,1,2,[4; 2; 1; 2048; 512; 32; 256; 1; 2],2.1411730690160766,0.026118418049705744,tvm
64,4,1,4096,64,32,4,2,2,[64; 4; 1; 4096; 64; 32; 4; 2; 2],0.47814474801998585,0.11696050947943441,tvm
16,8,1,128,128,16,56,2,1,[16; 8; 1; 128; 128; 16; 56; 2; 1],0.6891982220113277,0.08114364133170117,tvm
64,4,2,1024,64,16,2048,8,1,[64; 4; 2; 1024; 64; 16; 2048; 8; 1],1.2108496659202501,0.04618579408107682,tvm
32,16,1,32,32,32,224,56,2,[32; 16; 1; 32; 32; 32; 224; 56; 2],1.1207991109695286,0.04989658966177905,tvm
4,4,2,512,512,32,448,2,2,[4; 4; 2; 512; 512; 32; 448; 2; 2],1.055659287958406,0.052975476056756676,tvm
16,16,8,512,32,32,3584,28,2,[16; 16; 8; 512; 32; 32; 3584; 28; 2],0.36159370793029666,0.15465991831946824,tvm
16,16,8,1024,128,16,7168,28,1,[16; 16; 8; 1024; 128; 16; 7168; 28; 1],0.39568221603985876,0.14133577670748756,tvm
32,4,2,2048,2048,128,14336,4,8,[32; 4; 2; 2048; 2048; 128; 14336; 4; 8],0.9391644160496071,0.059546605873938264,tvm
2,1,1,512,256,32,64,2,2,[2; 1; 1; 512; 256; 32; 64; 2; 2],2.3428941739257425,0.023869645481949895,tvm
4,2,1,512,16,16,28,7,1,[4; 2; 1; 512; 16; 16; 28; 7; 1],1.4668860799865797,0.03812433296377383,tvm
16,16,8,4096,32,32,448,16,2,[16; 16; 8; 4096; 32; 32; 448; 16; 2],0.31510246510151774,0.17747894582581597,tvm
8,4,1,4096,256,16,256,64,1,[8; 4; 1; 4096; 256; 16; 256; 64; 1],1.5634516370482743,0.03576960873501364,tvm
32,1,1,512,512,64,1792,14,4,[32; 1; 1; 512; 512; 64; 1792; 14; 4],2.1731870060320944,0.025733658989357783,tvm
4,4,1,4096,32,32,3584,14,2,[4; 4; 1; 4096; 32; 32; 3584; 14; 2],2.206530972965993,0.025344785103179803,tvm
32,8,1,2048,1024,128,1792,2,8,[32; 8; 1; 2048; 1024; 128; 1792; 2; 8],1.2044424579944462,0.04643148617199545,tvm
16,8,1,4096,2048,64,56,1,4,[16; 8; 1; 4096; 2048; 64; 56; 1; 4],0.4296630749013275,0.13015792280073485,tvm
32,8,4,512,16,16,2048,32,1,[32; 8; 4; 512; 16; 16; 2048; 32; 1],0.5702046250225976,0.09807716542305672,tvm
64,1,1,2048,64,32,2048,64,2,[64; 1; 1; 2048; 64; 32; 2048; 64; 2],2.3261743270559236,0.024041213370329172,tvm
64,2,2,2048,2048,32,224,32,2,[64; 2; 2; 2048; 2048; 32; 224; 32; 2],1.107135831960477,0.05051236868949043,tvm
64,32,1,2048,64,16,448,8,1,[64; 32; 1; 2048; 64; 16; 448; 8; 1],1.4205066780559719,0.039369088647909736,tvm
16,4,2,2048,256,32,8,2,2,[16; 4; 2; 2048; 256; 32; 8; 2; 2],0.4049549500923604,0.13809944370498106,tvm
64,8,4,32,32,16,1024,64,1,[64; 8; 4; 32; 32; 16; 1024; 64; 1],0.5452078810194507,0.10257381685085766,tvm
16,8,8,1024,512,32,7,7,2,[16; 8; 8; 1024; 512; 32; 7; 7; 2],0.2191377819981426,0.2552004169404587,tvm
16,2,2,4096,2048,64,896,14,4,[16; 2; 2; 4096; 2048; 64; 896; 14; 4],1.0252206849399954,0.05454830765203151,tvm
64,64,4,2048,2048,16,448,7,1,[64; 64; 4; 2048; 2048; 16; 448; 7; 1],0.2910785550484434,0.1921270130120924,tvm
16,8,4,2048,128,64,7168,32,4,[16; 8; 4; 2048; 128; 64; 7168; 32; 4],0.4779902460286394,0.11699831491955293,tvm
32,32,1,2048,1024,32,128,64,2,[32; 32; 1; 2048; 1024; 32; 128; 64; 2],0.7780091699678451,0.0718809693922305,tvm
64,64,8,4096,2048,32,448,4,2,[64; 64; 8; 4096; 2048; 32; 448; 4; 2],0.4103139629587531,0.1362957597885966,tvm
8,2,2,128,16,16,512,64,1,[8; 2; 2; 128; 16; 16; 512; 64; 1],1.2908185189589858,0.04332448947078536,tvm
64,32,4,32,32,32,448,2,2,[64; 32; 4; 32; 32; 32; 448; 2; 2],0.4550727269379422,0.12289036460090837,tvm
2,1,1,1024,1024,32,56,4,2,[2; 1; 1; 1024; 1024; 32; 56; 4; 2],2.2345889469143003,0.02502655059247373,tvm
64,64,4,256,128,64,3584,1,4,[64; 64; 4; 256; 128; 64; 3584; 1; 4],0.6994895529933274,0.07994980495994171,tvm
16,4,4,2048,256,64,7168,1,4,[16; 4; 4; 2048; 256; 64; 7168; 1; 4],0.5739211310865358,0.09744205310485617,tvm
16,16,1,512,512,128,256,1,8,[16; 16; 1; 512; 512; 128; 256; 1; 8],0.8558817569864914,0.06534086382473975,tvm
4,4,4,256,256,64,14336,2,4,[4; 4; 4; 256; 256; 64; 14336; 2; 4],0.6852278340375051,0.0816138086566291,tvm
16,16,1,1024,256,16,28,2,1,[16; 16; 1; 1024; 256; 16; 28; 2; 1],0.374150994932279,0.1494692091984295,tvm
64,1,1,512,64,16,256,4,1,[64; 1; 1; 512; 64; 16; 256; 4; 1],2.7582052459474653,0.020275522793490656,tvm
32,32,2,2048,2048,16,64,64,1,[32; 32; 2; 2048; 2048; 16; 64; 64; 1],0.3494473589817062,0.16003570179009707,tvm
64,8,8,4096,16,16,896,8,1,[64; 8; 8; 4096; 16; 16; 896; 8; 1],0.3856826400151476,0.14500018287350688,tvm
64,16,2,1024,512,32,7,7,2,[64; 16; 2; 1024; 512; 32; 7; 7; 2],0.15308035304769874,0.36532482594881266,tvm
16,8,4,128,128,16,2048,8,1,[16; 8; 4; 128; 128; 16; 2048; 8; 1],0.5575969349592924,0.10029476459983785,tvm
64,4,2,512,128,64,7168,7,4,[64; 4; 2; 512; 128; 64; 7168; 7; 4],1.0233208830468357,0.054649576940934745,tvm
64,32,4,2048,1024,32,64,4,2,[64; 32; 4; 2048; 1024; 32; 64; 4; 2],0.3491703139152378,0.16016268022976626,tvm
32,2,1,4096,128,128,14,1,8,[32; 2; 1; 4096; 128; 128; 14; 1; 8],1.1954140830785036,0.04678216036180056,tvm
8,4,2,4096,256,16,8,4,1,[8; 4; 2; 4096; 256; 16; 8; 4; 1],0.4089215730782598,0.13675985082506403,tvm
64,16,4,2048,64,64,3584,32,4,[64; 16; 4; 2048; 64; 64; 3584; 32; 4],0.4707698670681566,0.11879276318515268,tvm
32,16,8,4096,64,16,2048,16,1,[32; 16; 8; 4096; 64; 16; 2048; 16; 1],0.4115489519899711,0.13588675918848198,tvm
64,8,4,512,256,64,112,1,4,[64; 8; 4; 512; 256; 64; 112; 1; 4],0.5349449210334569,0.1045417035183622,tvm
32,32,8,1024,128,32,256,16,2,[32; 32; 8; 1024; 128; 32; 256; 16; 2],0.2730156099423766,0.20483829970431658,tvm
16,4,1,4096,64,64,14336,28,4,[16; 4; 1; 4096; 64; 64; 14336; 28; 4],2.150988530018367,0.02599923363275945,tvm
32,1,1,512,256,32,2,1,2,[32; 1; 1; 512; 256; 32; 2; 1; 2],1.5717401399742812,0.03558097926687069,tvm
64,8,2,4096,2048,16,112,14,1,[64; 8; 2; 4096; 2048; 16; 112; 14; 1],0.7581752859987319,0.07376137730428063,tvm
8,8,1,2048,32,32,7168,4,2,[8; 8; 1; 2048; 32; 32; 7168; 4; 2],2.3661748960148543,0.023634792773569453,tvm
4,4,4,512,256,32,28,1,2,[4; 4; 4; 512; 256; 32; 28; 1; 2],0.5473552889889106,0.1021713948112893,tvm
64,16,4,128,16,16,14336,4,1,[64; 16; 4; 128; 16; 16; 14336; 4; 1],0.6174940029159188,0.09056614812330127,tvm
4,2,2,128,128,32,448,64,2,[4; 2; 2; 128; 128; 32; 448; 64; 2],1.1151072109350935,0.050151279432976856,tvm
32,4,1,256,128,128,7168,7,8,[32; 4; 1; 256; 128; 128; 7168; 7; 8],1.9469995379913598,0.028723198050179255,tvm
64,4,4,4096,32,32,7168,64,2,[64; 4; 4; 4096; 32; 32; 7168; 64; 2],0.5117733279475942,0.10927504478908674,tvm
16,4,2,2048,512,16,224,4,1,[16; 4; 2; 2048; 512; 16; 224; 4; 1],1.1859130871016532,0.04715695774132196,tvm
64,4,2,1024,16,16,512,1,1,[64; 4; 2; 1024; 16; 16; 512; 1; 1],0.9776363848941401,0.057203326510181875,tvm
32,2,2,4096,2048,64,32,32,4,[32; 2; 2; 4096; 2048; 64; 32; 32; 4],0.5945247560739517,0.09406513818303817,tvm
4,1,1,128,32,16,112,7,1,[4; 1; 1; 128; 32; 16; 112; 7; 1],2.723125600023195,0.020536714624127872,tvm
16,1,1,2048,64,16,3584,1,1,[16; 1; 1; 2048; 64; 16; 3584; 1; 1],2.6761213949648663,0.020897427687157494,tvm
32,16,2,1024,1024,16,224,2,1,[32; 16; 2; 1024; 1024; 16; 224; 2; 1],0.6501616879832,0.0860156086816029,tvm
64,32,8,512,64,32,8,4,2,[64; 32; 8; 512; 64; 32; 8; 4; 2],0.22587641107384115,0.247586957254475,tvm
4,4,1,4096,256,128,56,56,8,[4; 4; 1; 4096; 256; 128; 56; 56; 8],0.6401117969071493,0.0873660719948352,tvm
64,64,4,4096,256,64,896,7,4,[64; 64; 4; 4096; 256; 64; 896; 7; 4],0.3330960361054167,0.1678916806912549,tvm
4,4,2,256,64,64,896,32,4,[4; 4; 2; 256; 64; 64; 896; 32; 4],0.8971030409447849,0.062338494889546764,tvm
32,8,1,4096,256,128,32,16,8,[32; 8; 1; 4096; 256; 128; 32; 16; 8],0.4048738720593974,0.13812709881444002,tvm
32,4,2,4096,256,64,32,2,4,[32; 4; 2; 4096; 256; 64; 32; 2; 4],0.5031060730107129,0.11115757955110694,tvm
16,8,4,2048,2048,64,56,1,4,[16; 8; 4; 2048; 2048; 64; 56; 1; 4],0.4955119109945372,0.11286116860660061,tvm
8,4,1,256,256,64,512,2,4,[8; 4; 1; 256; 256; 64; 512; 2; 4],1.389194488991052,0.04025646068748085,tvm
32,16,2,64,32,32,1,1,2,[32; 16; 2; 64; 32; 32; 1; 1; 2],0.6213177780155092,0.09000877700933477,tvm
64,4,1,256,64,32,1792,14,2,[64; 4; 1; 256; 64; 32; 1792; 14; 2],1.8255811559502035,0.030633561894006962,tvm
64,8,2,4096,512,64,64,8,4,[64; 8; 2; 4096; 512; 64; 64; 8; 4],0.41170263197273016,0.13583603550301704,tvm
32,8,2,256,64,16,7168,8,1,[32; 8; 2; 256; 64; 16; 7168; 8; 1],1.274151385994628,0.043891215712705836,tvm
8,8,1,512,128,32,8,2,2,[8; 8; 1; 512; 128; 32; 8; 2; 2],0.36341718991752714,0.15388389675795078,tvm
16,16,2,1024,1024,16,14336,14,1,[16; 16; 2; 1024; 1024; 16; 14336; 14; 1],1.2509867410408333,0.04470395368603505,tvm
16,4,1,1024,32,32,112,14,2,[16; 4; 1; 1024; 32; 32; 112; 14; 2],1.2254634449491277,0.04563502368335017,tvm
16,4,2,2048,256,16,112,56,1,[16; 4; 2; 2048; 256; 16; 112; 56; 1],0.902299677953124,0.061979467243297275,tvm
32,16,1,256,64,16,896,16,1,[32; 16; 1; 256; 64; 16; 896; 16; 1],1.3419683859683573,0.041673152600371306,tvm
8,8,2,128,128,16,14336,56,1,[8; 8; 2; 128; 128; 16; 14336; 56; 1],1.3016863040393218,0.0429627731042363,tvm
2,2,2,1024,128,32,128,64,2,[2; 2; 2; 1024; 128; 32; 128; 64; 2],1.0973380109062418,0.05096337935760394,tvm
32,4,2,2048,512,16,1792,14,1,[32; 4; 2; 2048; 512; 16; 1792; 14; 1],1.3074010539567098,0.04277497953981692,tvm
8,8,8,128,128,32,8,2,2,[8; 8; 8; 128; 128; 32; 8; 2; 2],0.6350367899285629,0.08806427315750381,tvm
8,8,4,32,32,32,16,2,2,[8; 8; 4; 32; 32; 32; 16; 2; 2],0.363574791001156,0.15381719172371203,tvm
2,1,1,4096,2048,128,112,16,8,[2; 1; 1; 4096; 2048; 128; 112; 16; 8],1.9649594329530373,0.028460665597196542,tvm
2,2,1,2048,512,32,224,16,2,[2; 2; 1; 2048; 512; 32; 224; 16; 2],2.1050467629684135,0.02656665605588377,tvm
32,4,1,1024,256,64,2,2,4,[32; 4; 1; 1024; 256; 64; 2; 2; 4],0.5511247389949858,0.10147258755851665,tvm
64,32,8,512,64,16,32,4,1,[64; 32; 8; 512; 64; 16; 32; 4; 1],0.2761334809474647,0.20252543495068992,tvm
32,16,2,2048,256,64,1,1,4,[32; 16; 2; 2048; 256; 64; 1; 1; 4],0.283650771016255,0.19715812205611288,tvm
32,32,2,4096,128,32,14,1,2,[32; 32; 2; 4096; 128; 32; 14; 1; 2],0.23122546100057662,0.2418594089566714,tvm
64,16,4,512,32,16,3584,14,1,[64; 16; 4; 512; 32; 16; 3584; 14; 1],0.5775069691007957,0.09683701898941514,tvm
32,8,4,256,64,64,7168,64,4,[32; 8; 4; 256; 64; 64; 7168; 64; 4],0.4758020519511774,0.11753638536025432,tvm
16,16,2,4096,256,64,256,32,4,[16; 16; 2; 4096; 256; 64; 256; 32; 4],0.5749644569586962,0.09726523554020446,tvm
16,4,4,2048,256,64,224,16,4,[16; 4; 4; 2048; 256; 64; 224; 16; 4],0.4853336850646883,0.11522804835992256,tvm
64,64,1,512,32,16,32,8,1,[64; 64; 1; 512; 32; 16; 32; 8; 1],0.3011744919931516,0.18568655321116964,tvm
16,1,1,512,16,16,448,16,1,[16; 1; 1; 512; 16; 16; 448; 16; 1],2.6420244100736454,0.021167122120485812,tvm
64,32,1,512,64,32,7168,2,2,[64; 32; 1; 512; 64; 32; 7168; 2; 2],2.2901686360128224,0.02441918575511407,tvm
16,8,2,64,64,16,128,64,1,[16; 8; 2; 64; 64; 16; 128; 64; 1],0.7611446370137855,0.07347362198167923,tvm
64,4,4,1024,32,16,14336,32,1,[64; 4; 4; 1024; 32; 16; 14336; 32; 1],0.5787432859651744,0.0966301548363855,tvm
16,16,1,512,128,64,1792,56,4,[16; 16; 1; 512; 128; 64; 1792; 56; 4],1.2457642540102825,0.044891361389850684,tvm
64,1,1,64,64,16,7168,7,1,[64; 1; 1; 64; 64; 16; 7168; 7; 1],2.756319388980046,0.020289395182910057,tvm
32,4,1,256,128,128,128,16,8,[32; 4; 1; 256; 128; 128; 128; 16; 8],1.3396248549688607,0.04174605534221241,tvm
32,16,1,128,64,16,32,2,1,[32; 16; 1; 128; 64; 16; 32; 2; 1],0.4145954819396138,0.13488823629167943,tvm
8,8,1,1024,128,128,512,4,8,[8; 8; 1; 1024; 128; 128; 512; 4; 8],1.0555525519885123,0.05298083286140543,tvm
4,4,1,2048,1024,16,14336,7,1,[4; 4; 1; 2048; 1024; 16; 14336; 7; 1],2.658107844996266,0.02103904604119322,tvm
32,16,4,2048,2048,32,64,32,2,[32; 16; 4; 2048; 2048; 32; 64; 32; 2],0.2845004730625078,0.196569280645963,tvm
8,4,4,512,128,16,3584,4,1,[8; 4; 4; 512; 128; 16; 3584; 4; 1],0.6229872920084745,0.08976756677176748,tvm
32,32,8,4096,4096,16,2048,1,1,[32; 32; 8; 4096; 4096; 16; 2048; 1; 1],0.77650174300652,0.07202051230020712,tvm
32,2,1,256,128,128,64,4,8,[32; 2; 1; 256; 128; 128; 64; 4; 8],1.228375532082282,0.04552683757753919,tvm
8,8,2,2048,256,128,56,7,8,[8; 8; 2; 2048; 256; 128; 56; 7; 8],0.32152790401596576,0.173932192617896,tvm
64,32,2,1024,32,16,1024,16,1,[64; 32; 2; 1024; 32; 16; 1024; 16; 1],0.7268460110062733,0.0769407171347201,tvm
64,4,1,2048,64,64,4,1,4,[64; 4; 1; 2048; 64; 64; 4; 1; 4],0.4692602209979668,0.11917492860230239,tvm
8,2,2,256,256,32,56,1,2,[8; 2; 2; 256; 256; 32; 56; 1; 2],1.0544262169860303,0.053037426832184174,tvm
16,8,8,128,64,32,224,28,2,[16; 8; 8; 128; 64; 32; 224; 28; 2],0.36055566696450114,0.15510518473930793,tvm
2,1,1,512,32,32,448,14,2,[2; 1; 1; 512; 32; 32; 448; 14; 2],2.241382810054347,0.02495069252894705,tvm
8,4,2,1024,16,16,256,2,1,[8; 4; 2; 1024; 16; 16; 256; 2; 1],0.951505257980898,0.05877429773956755,tvm
16,4,2,2048,256,16,112,28,1,[16; 4; 2; 2048; 256; 16; 112; 28; 1],0.9033456819597632,0.061907699843108684,tvm
16,4,2,64,32,32,7168,8,2,[16; 4; 2; 64; 32; 32; 7168; 8; 2],1.0935234850039706,0.05114115435127603,tvm
64,1,1,2048,1024,64,448,14,4,[64; 1; 1; 2048; 1024; 64; 448; 14; 4],2.178985761012882,0.02566517612640917,tvm
32,32,4,4096,1024,16,896,28,1,[32; 32; 4; 4096; 1024; 16; 896; 28; 1],0.36071362590882927,0.1550372631264786,tvm
64,16,2,4096,4096,128,32,1,8,[64; 16; 2; 4096; 4096; 128; 32; 1; 8],0.1762723340652883,0.3172593908731021,tvm
8,4,4,2048,128,64,4,4,4,[8; 4; 4; 2048; 128; 64; 4; 4; 4],0.5121914930641651,0.10918583008626309,tvm
32,8,1,128,64,16,8,1,1,[32; 8; 1; 128; 64; 16; 8; 1; 1],0.3612036310369149,0.15482694117108117,tvm
64,1,1,4096,64,64,896,1,4,[64; 1; 1; 4096; 64; 64; 896; 1; 4],2.0899075630586594,0.0267591037622192,tvm
16,16,16,16,16,16,56,28,1,[16; 16; 16; 16; 16; 16; 56; 28; 1],0.39365028601605445,0.14206531868505376,tvm
32,16,1,1024,1024,128,14336,14,8,[32; 16; 1; 1024; 1024; 128; 14336; 14; 8],1.9267228549579158,0.02902547877574995,tvm
16,1,1,32,32,16,224,1,1,[16; 1; 1; 32; 32; 16; 224; 1; 1],2.7086365550057963,0.02064656966619638,tvm
8,8,2,4096,1024,32,3584,64,2,[8; 8; 2; 4096; 1024; 32; 3584; 64; 2],1.0350829650415108,0.05402857087024958,tvm
32,8,4,512,32,32,2048,32,2,[32; 8; 4; 512; 32; 32; 2048; 32; 2],0.5087780009489506,0.10991837938949053,tvm
64,8,8,2048,512,16,448,14,1,[64; 8; 8; 2048; 512; 16; 448; 14; 1],0.4346685049822554,0.1286590877699233,tvm
16,4,2,32,32,16,28,14,1,[16; 4; 2; 32; 32; 16; 28; 14; 1],0.8501513269729912,0.06578129276402342,tvm
4,2,2,1024,1024,16,32,2,1,[4; 2; 2; 1024; 1024; 16; 32; 2; 1],0.6168167169671506,0.0906655928657518,tvm
32,2,1,128,32,16,2048,8,1,[32; 2; 1; 128; 32; 16; 2048; 8; 1],2.5485527280252427,0.021943455482934558,tvm
32,2,1,512,128,32,896,56,2,[32; 2; 1; 512; 128; 32; 896; 56; 2],2.0019151660380885,0.027935276320429914,tvm
8,8,1,1024,128,128,32,8,8,[8; 8; 1; 1024; 128; 128; 32; 8; 8],0.5490663470700383,0.10185299760540546,tvm
16,8,2,2048,256,128,28,14,8,[16; 8; 2; 2048; 256; 128; 28; 14; 8],0.33491453900933266,0.1669800704942671,tvm
16,2,2,1024,32,16,512,32,1,[16; 2; 2; 1024; 32; 16; 512; 32; 1],1.293000029050745,0.04325139371759329,tvm
4,4,2,256,64,16,14336,28,1,[4; 4; 2; 256; 64; 16; 14336; 28; 1],1.3009199040243402,0.04298808340185638,tvm
32,16,1,64,32,16,448,56,1,[32; 16; 1; 64; 32; 16; 448; 56; 1],1.5388375369366258,0.036341752778309346,tvm
16,4,4,4096,256,64,7168,7,4,[16; 4; 4; 4096; 256; 64; 7168; 7; 4],0.5053246120223776,0.1106695617090917,tvm
32,16,4,256,32,16,128,32,1,[32; 16; 4; 256; 32; 16; 128; 32; 1],0.3779868190176785,0.1479523901882879,tvm
32,16,4,1024,128,64,448,64,4,[32; 16; 4; 1024; 128; 64; 448; 64; 4],0.328606570023112,0.1701854388650842,tvm
64,16,2,4096,4096,128,3584,32,8,[64; 16; 2; 4096; 4096; 128; 3584; 32; 8],0.9258887890027836,0.06040040013181886,tvm
32,32,1,512,32,16,28,7,1,[32; 32; 1; 512; 32; 16; 28; 7; 1],0.2895421660505235,0.19314649087613336,tvm
16,1,1,1024,512,128,56,4,8,[16; 1; 1; 1024; 512; 128; 56; 4; 8],1.9945025829365477,0.028039097974491056,tvm
2,2,2,1024,256,128,448,8,8,[2; 2; 2; 1024; 256; 128; 448; 8; 8],0.955631067045033,0.05852054758564895,tvm
16,8,4,4096,16,16,32,32,1,[16; 8; 4; 4096; 16; 16; 32; 32; 1],0.48842812806833535,0.11449801950290027,tvm
64,32,1,4096,2048,64,3584,2,4,[64; 32; 1; 4096; 2048; 64; 3584; 2; 4],1.9525291359750554,0.028641853431501264,tvm
32,16,2,1024,256,64,14,7,4,[32; 16; 2; 1024; 256; 64; 14; 7; 4],0.21609070105478168,0.25879898144786845,tvm
32,32,4,2048,16,16,512,1,1,[32; 32; 4; 2048; 16; 16; 512; 1; 1],0.5221621040254831,0.1071009422211997,tvm
64,32,2,2048,128,128,3584,7,8,[64; 32; 2; 2048; 128; 128; 3584; 7; 8],0.9420615689596161,0.059363480239507216,tvm
64,32,4,64,32,32,2048,8,2,[64; 32; 4; 64; 32; 32; 2048; 8; 2],0.45098565705120564,0.12400406190076158,tvm
4,2,1,2048,512,32,14336,64,2,[4; 2; 1; 2048; 512; 32; 14336; 64; 2],2.193833516095765,0.02549147550305369,tvm
16,8,1,64,64,16,64,8,1,[16; 8; 1; 64; 64; 16; 64; 8; 1],0.8833592160372064,0.06330839404632176,tvm
64,8,2,256,128,64,1792,16,4,[64; 8; 2; 256; 128; 64; 1792; 16; 4],0.8539241460384801,0.0654906569778778,tvm
32,16,2,1024,128,128,28,2,8,[32; 16; 2; 1024; 128; 128; 28; 2; 8],0.2782924099592492,0.20095428884144695,tvm
16,16,1,2048,128,64,448,1,4,[16; 16; 1; 2048; 128; 64; 448; 1; 4],0.9671470220200717,0.05782373523368271,tvm
16,4,2,512,256,64,32,16,4,[16; 4; 2; 512; 256; 64; 32; 16; 4],0.5025380159495398,0.11128322944417543,tvm
4,4,4,4096,64,32,224,16,2,[4; 4; 4; 4096; 64; 32; 224; 16; 2],0.5405786531046033,0.1034522044334442,tvm
16,16,4,2048,128,32,896,16,2,[16; 16; 4; 2048; 128; 32; 896; 16; 2],0.37800729705486447,0.14794437506643277,tvm
4,4,1,512,32,16,14336,2,1,[4; 4; 1; 512; 32; 16; 14336; 2; 1],2.7958787929965183,0.020002316793352844,tvm
64,32,8,256,32,32,7168,1,2,[64; 32; 8; 256; 32; 32; 7168; 1; 2],0.752581721986644,0.07430960877671411,tvm
16,8,1,1024,512,64,64,1,4,[16; 8; 1; 1024; 512; 64; 64; 1; 4],0.5207679269369692,0.10738766817354724,tvm
64,16,8,256,32,32,56,8,2,[64; 16; 8; 256; 32; 32; 56; 8; 2],0.25812540110200644,0.2166545915069907,tvm
4,2,1,2048,512,64,3584,56,4,[4; 2; 1; 2048; 512; 64; 3584; 56; 4],2.0826214229455218,0.026852721631105695,tvm
64,64,2,128,128,128,112,7,8,[64; 64; 2; 128; 128; 128; 112; 7; 8],0.5267919179750606,0.10615966461349714,tvm
16,8,4,128,128,16,224,7,1,[16; 8; 4; 128; 128; 16; 224; 7; 1],0.46863980405032635,0.11933270040230674,tvm
64,4,1,256,32,16,8,2,1,[64; 4; 1; 256; 32; 16; 8; 2; 1],0.4873583799926564,0.11474934181736242,tvm
16,16,2,2048,64,64,7168,64,4,[16; 16; 2; 2048; 64; 64; 7168; 64; 4],1.0275516480905935,0.054424566820803565,tvm
32,32,16,1024,256,16,1792,16,1,[32; 32; 16; 1024; 256; 16; 1792; 16; 1],0.3906799539690837,0.14314543852372538,tvm
64,2,2,2048,512,32,1024,16,2,[64; 2; 2; 2048; 512; 32; 1024; 16; 2],1.1014559820760041,0.05077284452886505,tvm
1,1,1,1024,256,32,448,8,2,[1; 1; 1; 1024; 256; 32; 448; 8; 2],2.32860400096979,0.02401612868054969,tvm
64,32,8,1024,1024,16,14336,28,1,[64; 32; 8; 1024; 1024; 16; 14336; 28; 1],0.3999583990080282,0.1398246754463351,tvm
64,32,1,4096,4096,128,448,64,8,[64; 32; 1; 4096; 4096; 128; 448; 64; 8],0.771313379984349,0.07250496981456242,tvm
8,4,4,128,64,32,64,1,2,[8; 4; 4; 128; 64; 32; 64; 1; 2],0.5935531000141054,0.09421912434119935,tvm
8,4,1,2048,64,16,128,1,1,[8; 4; 1; 2048; 64; 16; 128; 1; 1],1.4470187750412151,0.038647773130476806,tvm
64,32,4,2048,128,64,3584,7,4,[64; 32; 4; 2048; 128; 64; 3584; 7; 4],0.509238129016012,0.10981906135228715,tvm
16,8,2,2048,32,32,896,2,2,[16; 8; 2; 2048; 32; 32; 896; 2; 2],0.6942623449722305,0.08055175934332175,tvm
32,16,1,512,256,128,64,4,8,[32; 16; 1; 512; 256; 128; 64; 4; 8],0.3426778940483928,0.16319714316160636,tvm
32,2,2,32,16,16,896,56,1,[32; 2; 2; 32; 16; 16; 896; 56; 1],1.3070411040680483,0.04278675946707011,tvm
64,2,1,2048,128,64,64,8,4,[64; 2; 1; 2048; 128; 64; 64; 8; 4],1.3017975121038035,0.042959102942942196,tvm
8,8,2,1024,128,16,64,32,1,[8; 8; 2; 1024; 128; 16; 64; 32; 1],0.5485157549846917,0.10195523615341567,tvm
16,8,2,2048,64,32,1024,2,2,[16; 8; 2; 2048; 64; 32; 1024; 2; 2],0.6995300350245088,0.07994517823866415,tvm
32,8,2,256,256,64,7168,1,4,[32; 8; 2; 256; 256; 64; 7168; 1; 4],1.021288456977345,0.054758332918839484,tvm
64,32,4,256,64,32,32,16,2,[64; 32; 4; 256; 64; 32; 32; 16; 2],0.1888118659844622,0.2961892942572553,tvm
32,2,1,4096,128,64,1792,4,4,[32; 2; 1; 4096; 128; 64; 1792; 4; 4],2.055533434962854,0.02720658899637113,tvm
64,64,4,2048,256,32,2048,8,2,[64; 64; 4; 2048; 256; 32; 2048; 8; 2],0.3815427579684183,0.14657348924956498,tvm
64,16,2,1024,128,16,1792,32,1,[64; 16; 2; 1024; 128; 16; 1792; 32; 1],0.8531031779712066,0.06555368070053169,tvm
32,16,8,2048,2048,16,14336,56,1,[32; 16; 8; 2048; 2048; 16; 14336; 56; 1],0.5467350869439542,0.10228729538089094,tvm
64,64,16,4096,512,16,256,2,1,[64; 64; 16; 4096; 512; 16; 256; 2; 1],0.6180892180418596,0.09047893362466958,tvm
8,4,1,256,128,32,256,64,2,[8; 4; 1; 256; 128; 32; 256; 64; 2],1.3401966720120981,0.04172824369827155,tvm
64,8,8,256,256,16,896,56,1,[64; 8; 8; 256; 256; 16; 896; 56; 1],0.5272281810175627,0.1060718211712405,tvm
8,8,1,16,16,16,1792,8,1,[8; 8; 1; 16; 16; 16; 1792; 8; 1],1.7703919250052422,0.031588515821527906,tvm
64,64,1,64,16,16,3584,56,1,[64; 64; 1; 64; 16; 16; 3584; 56; 1],2.867248198017478,0.019504434032603563,tvm
32,8,1,512,256,64,128,32,4,[32; 8; 1; 512; 256; 64; 128; 32; 4],1.0315636330051348,0.054212897337623536,tvm
4,1,1,1024,32,16,3584,56,1,[4; 1; 1; 1024; 32; 16; 3584; 56; 1],2.683201360050589,0.020842287189463467,tvm
4,2,2,4096,4096,16,56,14,1,[4; 2; 2; 4096; 4096; 16; 56; 14; 1],1.2176406180951744,0.04592820944230537,tvm
8,1,1,256,256,128,448,56,8,[8; 1; 1; 256; 256; 128; 448; 56; 8],1.9639234560308978,0.02847567870407547,tvm
64,16,4,32,16,16,56,56,1,[64; 16; 4; 32; 16; 16; 56; 56; 1],0.3081242339685559,0.18149839307686647,tvm
64,1,1,256,128,64,112,4,4,[64; 1; 1; 256; 128; 64; 112; 4; 4],2.0908746670465916,0.02674672672385827,tvm
8,8,2,2048,32,16,14,1,1,[8; 8; 2; 2048; 32; 16; 14; 1; 1],0.4316226150840521,0.12956701381933602,tvm
32,32,1,1024,512,128,14336,56,8,[32; 32; 1; 1024; 512; 128; 14336; 56; 8],1.9459795950679109,0.028738252690353464,tvm
8,4,4,512,64,16,128,16,1,[8; 4; 4; 512; 64; 16; 128; 16; 1],0.5824417769908905,0.09601655571868087,tvm
16,8,4,1024,32,32,3584,16,2,[16; 8; 4; 1024; 32; 32; 3584; 16; 2],0.5272123019676656,0.10607501593686866,tvm
8,8,2,128,64,64,3584,2,4,[8; 8; 2; 128; 64; 64; 3584; 2; 4],1.0056254609953612,0.055611214614614164,tvm
64,64,1,128,32,16,1024,2,1,[64; 64; 1; 128; 32; 16; 1024; 2; 1],1.6000476190820336,0.034951493109572344,tvm
32,8,8,512,16,16,14336,56,1,[32; 8; 8; 512; 16; 16; 14336; 56; 1],0.363043355057016,0.15404235487122592,tvm
64,64,1,64,64,64,128,4,4,[64; 64; 1; 64; 64; 64; 128; 4; 4],1.1640071020228788,0.048044426220549066,tvm
16,1,1,4096,256,32,14336,64,2,[16; 1; 1; 4096; 256; 32; 14336; 64; 2],2.2125946989981458,0.025275326456605688,tvm
2,2,2,2048,512,16,1792,4,1,[2; 2; 2; 2048; 512; 16; 1792; 4; 1],1.3029323880327865,0.042921684844882436,tvm
32,16,4,2048,32,16,7168,56,1,[32; 16; 4; 2048; 32; 16; 7168; 56; 1],0.5800502680940554,0.09641242562836852,tvm
16,4,2,2048,512,128,32,8,8,[16; 4; 2; 2048; 512; 128; 32; 8; 8],0.42959598905872554,0.13017824830224042,tvm
64,16,2,4096,2048,128,1024,2,8,[64; 16; 2; 4096; 2048; 128; 1024; 2; 8],0.5630891020409763,0.0993165258049404,tvm
64,8,4,256,128,32,256,4,2,[64; 8; 4; 256; 128; 32; 256; 4; 2],0.5208403459982947,0.10737273669946537,tvm
64,2,2,256,64,16,7168,14,1,[64; 2; 2; 256; 64; 16; 7168; 14; 1],1.2740081540541723,0.04389615023684956,tvm
64,4,4,64,16,16,112,7,1,[64; 4; 4; 64; 16; 16; 112; 7; 1],0.6036298589315265,0.09264626742010976,tvm
16,8,2,128,16,16,512,4,1,[16; 8; 2; 128; 16; 16; 512; 4; 1],0.7542579090222716,0.07414447056422184,tvm
16,4,1,1024,1024,128,7168,2,8,[16; 4; 1; 1024; 1024; 128; 7168; 2; 8],1.9467990890843794,0.028726155486150137,tvm
64,2,2,4096,2048,32,1792,32,2,[64; 2; 2; 4096; 2048; 32; 1792; 32; 2],1.097787367994897,0.050942518527498024,tvm
32,16,8,4096,32,16,896,64,1,[32; 16; 8; 4096; 32; 16; 896; 64; 1],0.5246448570396751,0.10659411329958811,tvm
32,4,4,64,64,32,224,2,2,[32; 4; 4; 64; 64; 32; 224; 2; 2],0.5939249220537022,0.09416013919731883,tvm
32,16,2,512,128,128,3584,8,8,[32; 16; 2; 512; 128; 128; 3584; 8; 8],0.9360077229794115,0.059747427249126926,tvm
16,8,1,256,16,16,28,1,1,[16; 8; 1; 256; 16; 16; 28; 1; 1],0.6092265059705824,0.09179517434855951,tvm
64,4,4,1024,256,32,8,4,2,[64; 4; 4; 1024; 256; 32; 8; 4; 2],0.384176347986795,0.14556870464929186,tvm
8,8,2,4096,512,128,64,2,8,[8; 8; 2; 4096; 512; 128; 64; 2; 8],0.39267141197342426,0.14241946734110156,tvm
4,4,4,2048,256,32,32,4,2,[4; 4; 4; 2048; 256; 32; 32; 4; 2],0.49368394108023494,0.11327906111542808,tvm
64,8,1,256,64,64,56,2,4,[64; 8; 1; 256; 64; 64; 56; 2; 4],0.574855724000372,0.09728363308999102,tvm
64,64,1,512,64,16,112,16,1,[64; 64; 1; 512; 64; 16; 112; 16; 1],1.4218211070401594,0.039332693161203545,tvm
64,2,1,512,64,32,3584,1,2,[64; 2; 1; 512; 64; 32; 3584; 1; 2],2.1883287000237033,0.02555560018599015,tvm
8,4,1,4096,2048,64,112,14,4,[8; 4; 1; 4096; 2048; 64; 112; 14; 4],1.2425828810082749,0.04500629631075765,tvm
64,16,16,128,16,16,256,16,1,[64; 16; 16; 128; 16; 16; 256; 16; 1],0.382410352001898,0.14624095043602733,tvm
64,1,1,4096,128,16,7168,28,1,[64; 1; 1; 4096; 128; 16; 7168; 28; 1],2.610617082915269,0.0214217756021435,tvm
64,16,4,1024,256,32,7168,2,2,[64; 16; 4; 1024; 256; 32; 7168; 2; 2],0.7247927020071074,0.07715868713698076,tvm
16,8,4,64,64,64,224,28,4,[16; 8; 4; 64; 64; 64; 224; 28; 4],0.373468189034611,0.14974248135535473,tvm
64,2,2,2048,1024,32,512,1,2,[64; 2; 2; 2048; 1024; 32; 512; 1; 2],1.0860803280957043,0.051491636379593246,tvm
16,2,1,4096,4096,64,16,8,4,[16; 2; 1; 4096; 4096; 64; 16; 8; 4],0.6736500249244273,0.08301647927587788,tvm
4,2,1,2048,1024,128,256,8,8,[4; 2; 1; 2048; 1024; 128; 256; 8; 8],1.8982994250254706,0.02946008021499715,tvm
32,32,4,256,128,64,14336,8,4,[32; 32; 4; 256; 128; 64; 14336; 8; 4],0.5090886589605361,0.10985130457928448,tvm
4,2,2,1024,1024,16,64,2,1,[4; 2; 2; 1024; 1024; 16; 64; 2; 1],1.2863687749486417,0.043474355427794105,tvm
64,16,16,64,64,16,1792,2,1,[64; 16; 16; 64; 64; 16; 1792; 2; 1],0.7245733289746568,0.0771820478300953,tvm
16,8,8,2048,128,16,56,4,1,[16; 8; 8; 2048; 128; 16; 56; 4; 1],0.5144675719784573,0.10870277618911826,tvm
8,1,1,4096,64,32,64,2,2,[8; 1; 1; 4096; 64; 32; 64; 2; 2],2.3819214629475027,0.023478546292676778,tvm
32,16,4,128,16,16,14336,4,1,[32; 16; 4; 128; 16; 16; 14336; 4; 1],0.6050419129896909,0.09243004845233954,tvm
2,2,1,512,128,128,4,1,8,[2; 2; 1; 512; 128; 128; 4; 1; 8],0.9477181889815256,0.059009159034325014,tvm
64,4,1,2048,64,64,448,32,4,[64; 4; 1; 2048; 64; 64; 448; 32; 4],1.2378201690735295,0.04517946526529033,tvm
8,4,2,1024,1024,64,8,2,4,[8; 4; 2; 1024; 1024; 64; 8; 2; 4],0.3232281709788367,0.1730172625856765,tvm
64,1,1,1024,256,128,64,4,8,[64; 1; 1; 1024; 256; 128; 64; 4; 8],1.9442011759383604,0.028764540432057825,tvm
32,16,2,4096,4096,16,2048,16,1,[32; 16; 2; 4096; 4096; 16; 2048; 16; 1],0.8365285460604355,0.06685253431781044,tvm
32,4,1,128,64,64,112,14,4,[32; 4; 1; 128; 64; 64; 112; 14; 4],1.3133714359719306,0.042580531144221216,tvm
8,8,1,4096,128,128,3584,4,8,[8; 8; 1; 4096; 128; 128; 3584; 4; 8],1.9701811039121822,0.028385234850890166,tvm
8,4,4,2048,2048,64,3584,28,4,[8; 4; 4; 2048; 2048; 64; 3584; 28; 4],0.4799310819944367,0.11652517503332198,tvm
16,1,1,64,64,32,1792,56,2,[16; 1; 1; 64; 64; 32; 1792; 56; 2],2.2324329289840534,0.02505072049747247,tvm
4,4,1,1024,256,128,28,28,8,[4; 4; 1; 1024; 256; 128; 28; 28; 8],0.6622351589612663,0.08444742411600695,tvm
32,8,2,64,16,16,896,14,1,[32; 8; 2; 64; 16; 16; 896; 14; 1],0.8389438589802012,0.06666006638550664,tvm
32,32,8,256,32,32,448,64,2,[32; 32; 8; 256; 32; 32; 448; 64; 2],0.42575497296638787,0.1313526720397189,tvm
16,4,2,2048,2048,16,112,28,1,[16; 4; 2; 2048; 2048; 16; 112; 28; 1],1.0621521280845627,0.05265164175134145,tvm
32,4,4,2048,32,16,7168,7,1,[32; 4; 4; 2048; 32; 16; 7168; 7; 1],0.5841195170069113,0.09574077171722313,tvm
4,4,4,512,256,64,7168,28,4,[4; 4; 4; 512; 256; 64; 7168; 28; 4],0.48220287007279694,0.11597619343263267,tvm
64,2,1,512,128,16,256,32,1,[64; 2; 1; 512; 128; 16; 256; 32; 1],2.155160770053044,0.02594890094067409,tvm
64,8,1,1024,256,16,224,8,1,[64; 8; 1; 1024; 256; 16; 224; 8; 1],1.308429571101442,0.04274135541453424,tvm
64,8,4,1024,16,16,448,1,1,[64; 8; 4; 1024; 16; 16; 448; 1; 1],0.5250398149946705,0.10651392853683107,tvm
32,2,1,2048,2048,32,224,32,2,[32; 2; 1; 2048; 2048; 32; 224; 32; 2],2.1376720179105178,0.02616119445114723,tvm
4,2,1,256,64,32,16,1,2,[4; 2; 1; 256; 64; 32; 16; 1; 2],1.2820582089480013,0.043620525919195255,tvm
64,4,1,1024,256,64,1792,28,4,[64; 4; 1; 1024; 256; 64; 1792; 28; 4],1.951819784939289,0.02865226275748242,tvm
32,4,4,256,64,64,64,1,4,[32; 4; 4; 256; 64; 64; 64; 1; 4],0.48249359999317676,0.11590631115961784,tvm
32,16,8,256,16,16,56,56,1,[32; 16; 8; 256; 16; 16; 56; 56; 1],0.3563245451077819,0.1569469577696852,tvm
32,4,2,1024,256,32,3584,32,2,[32; 4; 2; 1024; 256; 32; 3584; 32; 2],1.0650951190618798,0.0525061586824193,tvm
4,4,1,2048,512,64,896,64,4,[4; 4; 1; 2048; 512; 64; 896; 64; 4],1.603235856979154,0.03488198763138098,tvm
2,1,1,512,128,16,112,7,1,[2; 1; 1; 512; 128; 16; 112; 7; 1],2.665976998046972,0.020976945177809823,tvm
4,1,1,4096,128,64,224,56,4,[4; 1; 1; 4096; 128; 64; 224; 56; 4],2.194221770041622,0.025486964944419682,tvm
32,1,1,64,32,16,1792,32,1,[32; 1; 1; 64; 32; 16; 1792; 32; 1],2.7562983689131215,0.020289549913780056,tvm
64,2,2,4096,32,16,448,8,1,[64; 2; 2; 4096; 32; 16; 448; 8; 1],1.3096233550459146,0.04270239463725253,tvm
64,4,1,4096,512,32,64,32,2,[64; 4; 1; 4096; 512; 32; 64; 32; 2],0.8903947720536962,0.06280815553795814,tvm
16,16,8,128,128,32,1792,14,2,[16; 16; 8; 128; 128; 32; 1792; 14; 2],0.3725794479250908,0.15009967308926064,tvm
2,1,1,64,16,16,512,8,1,[2; 1; 1; 64; 16; 16; 512; 8; 1],2.7931044480064884,0.020022184767650844,tvm
8,8,1,128,128,64,7168,56,4,[8; 8; 1; 128; 128; 64; 7168; 56; 4],2.1806986780138686,0.02564501638725608,tvm
64,16,16,128,128,16,3584,14,1,[64; 16; 16; 128; 128; 16; 3584; 14; 1],0.39983053191099316,0.13986939182969316,tvm
4,2,1,512,512,16,2048,2,1,[4; 2; 1; 512; 512; 16; 2048; 2; 1],2.789950347971171,0.020044820286497515,tvm
64,64,2,4096,32,32,7168,56,2,[64; 64; 2; 4096; 32; 32; 7168; 56; 2],1.164614035980776,0.04801938805952744,tvm
64,32,2,64,64,64,28,1,4,[64; 32; 2; 64; 64; 64; 28; 1; 4],0.24082802794873714,0.23221571762086335,tvm
32,16,8,2048,1024,16,56,28,1,[32; 16; 8; 2048; 1024; 16; 56; 28; 1],0.2617876169970259,0.2136237533877268,tvm
16,8,2,512,128,128,224,56,8,[16; 8; 2; 512; 128; 128; 224; 56; 8],0.6214566640555859,0.0899886614271325,tvm
64,2,1,256,256,32,14336,8,2,[64; 2; 1; 256; 256; 32; 14336; 8; 2],2.2233019799459726,0.025153602091737587,tvm
1,1,1,1024,1024,64,56,14,4,[1; 1; 1; 1024; 1024; 64; 56; 14; 4],2.1403118299786,0.026128927827256128,tvm
16,8,2,64,32,16,448,14,1,[16; 8; 2; 64; 32; 16; 448; 14; 1],0.8092731690267101,0.06910404974947039,tvm
64,32,8,1024,64,32,896,2,2,[64; 32; 8; 1024; 64; 32; 896; 2; 2],0.531317371991463,0.10525545800191133,tvm
8,8,2,1024,1024,64,3584,4,4,[8; 8; 2; 1024; 1024; 64; 3584; 4; 4],1.0046541260089725,0.0556649814951677,tvm
32,1,1,512,256,32,14336,56,2,[32; 1; 1; 512; 256; 32; 14336; 56; 2],2.2238468300784007,0.02514743937259463,tvm
32,1,1,512,256,64,3584,1,4,[32; 1; 1; 512; 256; 64; 3584; 1; 4],2.139387333067134,0.026140218963135477,tvm
64,8,4,4096,128,32,1024,64,2,[64; 8; 4; 4096; 128; 32; 1024; 64; 2],0.4926240580389276,0.11352278156280009,tvm
16,16,1,512,32,32,224,2,2,[16; 16; 1; 512; 32; 32; 224; 2; 2],1.037865860038437,0.053883700665577544,tvm
32,8,1,256,64,16,64,32,1,[32; 8; 1; 256; 64; 16; 64; 32; 1],0.8837858469923958,0.06327783311267997,tvm
16,8,1,4096,2048,128,28,1,8,[16; 8; 1; 4096; 2048; 128; 28; 1; 8],0.31434797402471304,0.1779049268786977,tvm
64,64,2,1024,128,16,7168,8,1,[64; 64; 2; 1024; 128; 16; 7168; 8; 1],1.2515871450304985,0.0446825085695256,tvm
64,32,4,512,512,64,224,7,4,[64; 32; 4; 512; 512; 64; 224; 7; 4],0.2729338500648737,0.2048996609253148,tvm
64,32,2,4096,32,32,112,56,2,[64; 32; 2; 4096; 32; 32; 112; 56; 2],0.5349927209317684,0.10453236304960072,tvm
64,64,1,32,16,16,128,8,1,[64; 64; 1; 32; 16; 16; 128; 8; 1],1.4886620880570263,0.037566653830974066,tvm
2,2,2,2048,1024,64,14336,14,4,[2; 2; 2; 2048; 1024; 64; 14336; 14; 4],1.00073192990385,0.055883150784153054,tvm
64,32,4,64,64,32,112,7,2,[64; 32; 4; 64; 64; 32; 112; 7; 2],0.3266421869629994,0.17120891166353894,tvm
16,1,1,4096,64,32,896,4,2,[16; 1; 1; 4096; 64; 32; 896; 4; 2],2.3509971550665796,0.023787376013115414,tvm
16,8,1,128,64,32,1792,4,2,[16; 8; 1; 128; 64; 32; 1792; 4; 2],1.9023550680140033,0.029397274080761496,tvm
32,4,2,2048,128,32,896,32,2,[32; 4; 2; 2048; 128; 32; 896; 32; 2],0.9848853290313855,0.05678229910108773,tvm
32,8,1,512,256,32,64,2,2,[32; 8; 1; 512; 256; 32; 64; 2; 2],0.6099438030505553,0.09168722274681108,tvm
16,16,1,4096,2048,64,7,7,4,[16; 16; 1; 4096; 2048; 64; 7; 7; 4],0.31715225894004107,0.1763318776925565,tvm
32,8,2,256,64,32,896,14,2,[32; 8; 2; 256; 64; 32; 896; 14; 2],0.7754717250354588,0.07211617332762994,tvm
8,4,2,2048,512,128,14,7,8,[8; 4; 2; 2048; 512; 128; 14; 7; 8],0.42599132808391005,0.13127979291239852,tvm
32,32,4,4096,2048,16,1024,1,1,[32; 32; 4; 4096; 2048; 16; 1024; 1; 1],0.5806748740142211,0.0963087191059755,tvm
64,1,1,512,256,32,256,1,2,[64; 1; 1; 512; 256; 32; 256; 1; 2],2.2155990860192105,0.025241052718527994,tvm
64,16,4,512,64,64,64,64,4,[64; 16; 4; 512; 64; 64; 64; 64; 4],0.2165476360823959,0.2582528922738014,tvm
16,2,1,2048,64,16,8,1,1,[16; 2; 1; 2048; 64; 16; 8; 1; 1],0.9699314559111372,0.0576577375571341,tvm
32,1,1,2048,64,64,1792,56,4,[32; 1; 1; 2048; 64; 64; 1792; 56; 4],2.0975635619834065,0.026661434412243924,tvm
32,8,2,2048,128,64,8,4,4,[32; 8; 2; 2048; 128; 64; 8; 4; 4],0.3822628039633855,0.14629739737557604,tvm
16,16,2,512,32,16,224,1,1,[16; 16; 2; 512; 32; 16; 224; 1; 1],0.6401381010655314,0.08736248200231461,tvm
32,4,4,512,32,16,1792,28,1,[32; 4; 4; 512; 32; 16; 1792; 28; 1],0.5923772709211335,0.09440614297434585,tvm
2,2,1,256,32,16,224,28,1,[2; 2; 1; 256; 32; 16; 224; 28; 1],1.9076751730171964,0.029315291263597745,tvm
8,2,1,4096,512,64,7168,1,4,[8; 2; 1; 4096; 512; 64; 7168; 1; 4],2.0991074319463223,0.026641825226391466,tvm
32,8,8,64,64,16,28,14,1,[32; 8; 8; 64; 64; 16; 28; 14; 1],0.4471026739338413,0.1250810084432833,tvm
16,16,16,2048,16,16,14336,56,1,[16; 16; 16; 2048; 16; 16; 14336; 56; 1],0.3655859630089253,0.1529710081674225,tvm
2,1,1,1024,512,32,896,56,2,[2; 1; 1; 1024; 512; 32; 896; 56; 2],2.2746607389999554,0.02458566782047687,tvm
16,2,1,256,256,16,56,1,1,[16; 2; 1; 256; 256; 16; 56; 1; 1],1.4664870710112154,0.0381347060187656,tvm
32,16,8,2048,32,16,64,8,1,[32; 16; 8; 2048; 32; 16; 64; 8; 1],0.33494981098920107,0.1669624866130656,tvm
64,4,4,4096,512,64,256,2,4,[64; 4; 4; 4096; 512; 64; 256; 2; 4],0.7176322450395674,0.07792856817665698,tvm
64,64,2,512,16,16,128,4,1,[64; 64; 2; 512; 16; 16; 128; 4; 1],0.6982387750176713,0.08009302166285164,tvm
32,1,1,4096,128,64,3584,28,4,[32; 1; 1; 4096; 128; 64; 3584; 28; 4],2.1177028079982847,0.026407885526767753,tvm
8,4,2,512,64,32,28,1,2,[8; 4; 2; 512; 64; 32; 28; 1; 2],0.6278816669946536,0.08906782324289383,tvm
16,8,1,512,256,32,512,32,2,[16; 8; 1; 512; 256; 32; 512; 32; 2],1.2141585630597547,0.04605992580771433,tvm
8,1,1,512,128,16,56,14,1,[8; 1; 1; 512; 128; 16; 56; 14; 1],2.496461365954019,0.02240132937605547,tvm
16,16,4,2048,16,16,7168,2,1,[16; 16; 4; 2048; 16; 16; 7168; 2; 1],0.6577021440025419,0.08502945268354971,tvm
64,64,1,1024,1024,32,896,28,2,[64; 64; 1; 1024; 1024; 32; 896; 28; 2],0.7584476009942591,0.07373489382789496,tvm
64,2,2,2048,512,64,7168,2,4,[64; 2; 2; 2048; 512; 64; 7168; 2; 4],1.0052259790245444,0.05563331479713762,tvm
16,2,1,256,128,64,224,2,4,[16; 2; 1; 256; 128; 64; 224; 2; 4],1.722675352008082,0.032463489576340654,tvm
64,2,2,2048,2048,128,2048,32,8,[64; 2; 2; 2048; 2048; 128; 2048; 32; 8],0.960252420976758,0.05823890896983942,tvm
16,8,8,512,128,16,2048,8,1,[16; 8; 8; 512; 128; 16; 2048; 8; 1],0.45325437700375915,0.12338337183419967,tvm
8,1,1,16,16,16,4,1,1,[8; 1; 1; 16; 16; 16; 4; 1; 1],2.8084401570959017,0.019912852047793753,tvm
8,4,4,512,64,32,448,56,2,[8; 4; 4; 512; 64; 32; 448; 56; 2],0.5312142280163243,0.10527589507940434,tvm
32,32,2,2048,512,128,448,8,8,[32; 32; 2; 2048; 512; 128; 448; 8; 8],0.42895023291930556,0.13037422302520071,tvm
64,32,4,512,128,64,224,1,4,[64; 32; 4; 512; 128; 64; 224; 1; 4],0.41476644400972873,0.13483263687556551,tvm
16,2,1,4096,64,32,3584,2,2,[16; 2; 1; 4096; 64; 32; 3584; 2; 2],2.2953921500593424,0.024363616182920003,tvm
16,8,1,2048,512,16,112,16,1,[16; 8; 1; 2048; 512; 16; 112; 16; 1],1.2276170700788498,0.04555496554780013,tvm
8,1,1,512,256,128,64,64,8,[8; 1; 1; 512; 256; 128; 64; 64; 8],1.93363345193211,0.028921744851617737,tvm
32,2,1,128,128,16,128,4,1,[32; 2; 1; 128; 128; 16; 128; 4; 1],1.9698870659340173,0.028389471813104715,tvm
8,4,2,4096,256,128,1792,32,8,[8; 4; 2; 4096; 256; 128; 1792; 32; 8],0.9351172359893098,0.05980432311694943,tvm
8,2,2,256,64,32,32,16,2,[8; 2; 2; 256; 64; 32; 32; 16; 2],1.1258909029420465,0.0496709345347752,tvm
32,2,1,4096,16,16,28,14,1,[32; 2; 1; 4096; 16; 16; 28; 14; 1],1.4666858920827508,0.03812953655258729,tvm
32,32,2,4096,4096,64,16,4,4,[32; 32; 2; 4096; 4096; 64; 16; 4; 4],0.15450002194847912,0.36196793131836735,tvm
64,64,4,4096,2048,16,896,32,1,[64; 64; 4; 4096; 2048; 16; 896; 32; 1],0.3234774610027671,0.17288392569909206,tvm
64,16,4,256,64,64,4,4,4,[64; 16; 4; 256; 64; 64; 4; 4; 4],0.26859372097533196,0.20821057592209866,tvm
32,4,2,512,256,32,28,28,2,[32; 4; 2; 512; 256; 32; 28; 28; 2],0.485061128041707,0.11529279527945356,tvm
1,1,1,32,32,16,7,7,1,[1; 1; 1; 32; 32; 16; 7; 7; 1],2.194468262954615,0.025484102129614588,tvm
32,32,4,2048,1024,64,64,16,4,[32; 32; 4; 2048; 1024; 64; 64; 16; 4],0.20006301801186055,0.27953218885270403,tvm
8,8,2,512,128,32,896,64,2,[8; 8; 2; 512; 128; 32; 896; 64; 2],0.7125586780020967,0.07848343590472527,tvm
64,4,2,1024,128,32,224,56,2,[64; 4; 2; 1024; 128; 32; 224; 56; 2],0.8569687600247562,0.06525798365359059,tvm
16,1,1,512,64,16,112,14,1,[16; 1; 1; 512; 64; 16; 112; 14; 1],2.592603216995485,0.02157061788966789,tvm
64,32,16,512,64,16,7168,4,1,[64; 32; 16; 512; 64; 16; 7168; 4; 1],0.5271281109889969,0.10609195785140109,tvm
16,4,4,1024,64,16,1792,14,1,[16; 4; 4; 1024; 64; 16; 1792; 14; 1],0.569306154968217,0.09823194926894026,tvm
4,1,1,64,32,32,3584,14,2,[4; 1; 1; 64; 32; 32; 3584; 14; 2],2.276477611041628,0.02456604583418005,tvm
32,32,4,512,128,32,56,1,2,[32; 32; 4; 512; 128; 32; 56; 1; 2],0.29544895701110363,0.1892849915568718,tvm
8,8,4,32,16,16,14336,2,1,[8; 8; 4; 32; 16; 16; 14336; 2; 1],0.5832710670074448,0.09588004016770392,tvm
8,8,4,256,16,16,2048,2,1,[8; 8; 4; 256; 16; 16; 2048; 2; 1],0.5511515189427882,0.1014676570983713,tvm
32,8,2,512,32,16,14336,16,1,[32; 8; 2; 512; 32; 16; 14336; 16; 1],1.2966036379802972,0.04313118650541928,tvm
64,8,1,1024,256,64,32,16,4,[64; 8; 1; 1024; 256; 64; 32; 16; 4],0.4255107929930091,0.1314280489572732,tvm
64,4,2,128,64,32,2048,32,2,[64; 4; 2; 128; 64; 32; 2048; 32; 2],1.0587311350973323,0.05282177077770748,tvm
64,32,1,256,128,64,448,14,4,[64; 32; 1; 256; 128; 64; 448; 14; 4],1.0020320580806583,0.05581064286551174,tvm
32,4,2,512,512,64,4,2,4,[32; 4; 2; 512; 512; 64; 4; 2; 4],0.3783600319875404,0.14780645048464036,tvm
16,4,1,256,256,32,14336,64,2,[16; 4; 1; 256; 256; 32; 14336; 64; 2],2.2317666149465367,0.025058199615855904,tvm
64,4,4,256,256,32,896,8,2,[64; 4; 4; 256; 256; 32; 896; 8; 2],0.5287751649739221,0.10576149758487878,tvm
16,16,1,2048,128,128,16,2,8,[16; 16; 1; 2048; 128; 128; 16; 2; 8],0.3597537820460275,0.15545091149640317,tvm
32,16,2,2048,1024,64,112,14,4,[32; 16; 2; 2048; 1024; 64; 112; 14; 4],0.47647822101134807,0.11736958976767464,tvm
64,64,2,512,512,32,1024,64,2,[64; 64; 2; 512; 512; 32; 1024; 64; 2],0.4064847680274397,0.13757970219823387,tvm
16,2,1,2048,16,16,14336,8,1,[16; 2; 1; 2048; 16; 16; 14336; 8; 1],2.746347493957728,0.020363065291763884,tvm
64,64,2,2048,512,128,2048,64,8,[64; 64; 2; 2048; 512; 128; 2048; 64; 8],0.42918289895169437,0.13030354534146463,tvm
8,4,2,4096,128,64,8,1,4,[8; 4; 2; 4096; 128; 64; 8; 1; 4],0.6070733879460022,0.0921207459324632,tvm
64,8,4,32,32,16,224,4,1,[64; 8; 4; 32; 32; 16; 224; 4; 1],0.5416896470123902,0.10324002616954976,tvm
16,8,2,128,128,128,112,2,8,[16; 8; 2; 128; 128; 128; 112; 2; 8],0.5782088439445943,0.09671947068781284,tvm
16,2,2,4096,1024,16,512,32,1,[16; 2; 2; 4096; 1024; 16; 512; 32; 1],1.302844719029963,0.04292457306421885,tvm
64,8,4,4096,16,16,896,28,1,[64; 8; 4; 4096; 16; 16; 896; 28; 1],0.543792327051051,0.10284082829304653,tvm
64,4,4,2048,128,32,7168,28,2,[64; 4; 4; 2048; 128; 32; 7168; 28; 2],0.5258824999909848,0.10634324841441205,tvm
32,32,8,4096,4096,32,32,16,2,[32; 32; 8; 4096; 4096; 32; 32; 16; 2],0.15960484405513853,0.3503907018888055,tvm
16,16,4,1024,1024,64,7168,16,4,[16; 16; 4; 1024; 1024; 64; 7168; 16; 4],0.47466690198052675,0.1178174696824082,tvm
64,16,1,128,32,32,112,8,2,[64; 16; 1; 128; 32; 32; 112; 8; 2],1.1383834419539198,0.04912584922822258,tvm
16,2,2,2048,128,32,448,56,2,[16; 2; 2; 2048; 128; 32; 448; 56; 2],1.1103691869648173,0.05036527849462498,tvm
16,4,4,4096,256,32,512,32,2,[16; 4; 4; 4096; 256; 32; 512; 32; 2],0.537972223944962,0.10395342146708066,tvm
64,16,8,2048,128,16,3584,1,1,[64; 16; 8; 2048; 128; 16; 3584; 1; 1],0.7470621899701655,0.07485863169646788,tvm
64,2,1,128,128,128,3584,16,8,[64; 2; 1; 128; 128; 128; 3584; 16; 8],1.9882620050339028,0.028127104572608752,tvm
16,16,1,2048,128,64,224,56,4,[16; 16; 1; 2048; 128; 64; 224; 56; 4],0.9486038610339165,0.05895406463176289,tvm
64,8,1,2048,2048,32,1792,32,2,[64; 8; 1; 2048; 2048; 32; 1792; 32; 2],1.3010801259661093,0.04298278962012986,tvm
16,16,16,256,64,16,896,4,1,[16; 16; 16; 256; 64; 16; 896; 4; 1],0.5247885760618374,0.10656492134985736,tvm
16,2,2,64,32,32,64,64,2,[16; 2; 2; 64; 32; 32; 64; 64; 2],1.1049824439687654,0.05061080711153284,tvm
64,16,4,2048,2048,32,8,4,2,[64; 16; 4; 2048; 2048; 32; 8; 4; 2],0.20784114499110729,0.2690711376504691,tvm
64,32,1,256,64,64,896,32,4,[64; 32; 1; 256; 64; 64; 896; 32; 4],1.2178897908888757,0.045918812811886055,tvm
32,2,2,4096,1024,64,448,1,4,[32; 2; 2; 4096; 1024; 64; 448; 1; 4],1.048104502959177,0.053357325701244074,tvm
16,16,8,128,32,16,14336,16,1,[16; 16; 8; 128; 32; 16; 14336; 16; 1],0.4139547989470884,0.13509700449319234,tvm
64,64,2,512,512,128,64,1,8,[64; 64; 2; 512; 512; 128; 64; 1; 8],0.156338375993073,0.35771161736905344,tvm
8,8,2,256,32,16,112,14,1,[8; 8; 2; 256; 32; 16; 112; 14; 1],0.7162650420796126,0.07807731781934067,tvm
16,16,1,4096,256,128,14,7,8,[16; 16; 1; 4096; 256; 128; 14; 7; 8],0.29820752900559455,0.18753400868119652,tvm
8,4,4,64,32,16,14336,64,1,[8; 4; 4; 64; 32; 16; 14336; 64; 1],0.5852640109369531,0.09555354897664754,tvm
16,16,16,16,16,16,2,1,1,[16; 16; 16; 16; 16; 16; 2; 1; 1],0.3975613299990073,0.1406677388202544,tvm
64,32,1,2048,128,128,112,2,8,[64; 32; 1; 2048; 128; 128; 112; 2; 8],0.9497768889414147,0.05888125304424302,tvm
64,1,1,512,128,32,16,1,2,[64; 1; 1; 512; 128; 32; 16; 1; 2],2.065400472958572,0.027076614954592904,tvm
2,1,1,4096,2048,128,3584,4,8,[2; 1; 1; 4096; 2048; 128; 3584; 4; 8],1.938259809045121,0.028852712661304257,tvm
64,1,1,4096,64,32,14336,4,2,[64; 1; 1; 4096; 64; 32; 14336; 4; 2],2.201289332937449,0.02540513529800603,tvm
16,8,2,2048,64,16,512,2,1,[16; 8; 2; 2048; 64; 16; 512; 2; 1],0.768290804931894,0.07279021559849436,tvm
32,16,4,256,64,64,14336,7,4,[32; 16; 4; 256; 64; 64; 14336; 7; 4],0.5129037599544972,0.10903420426922722,tvm
2,2,1,32,32,16,7168,8,1,[2; 2; 1; 32; 32; 16; 7168; 8; 1],2.76046259701252,0.020258942611233538,tvm
8,4,2,128,32,16,224,4,1,[8; 4; 2; 128; 32; 16; 224; 4; 1],0.9449865520000458,0.05917973458455166,tvm
8,1,1,4096,512,128,112,56,8,[8; 1; 1; 4096; 512; 128; 112; 56; 8],1.966799168032594,0.028434043618838136,tvm
64,16,1,1024,16,16,512,4,1,[64; 16; 1; 1024; 16; 16; 512; 4; 1],1.2284742490155622,0.04552317916158851,tvm
4,4,2,256,16,16,128,4,1,[4; 4; 2; 256; 16; 16; 128; 4; 1],0.9009432119783014,0.06207278393333433,tvm
32,2,2,256,32,16,14336,2,1,[32; 2; 2; 256; 32; 16; 14336; 2; 1],1.2675068550743163,0.044121302468265074,tvm
16,4,4,4096,64,64,32,32,4,[16; 4; 4; 4096; 64; 64; 32; 32; 4],0.46883091994095594,0.11928405519920987,tvm
64,16,2,512,128,16,3584,56,1,[64; 16; 2; 512; 128; 16; 3584; 56; 1],1.2447980151046067,0.0449262070269559,tvm
8,8,2,4096,2048,32,896,64,2,[8; 8; 2; 4096; 2048; 32; 896; 64; 2],0.8515129769220948,0.06567610224271409,tvm
16,1,1,1024,64,64,32,8,4,[16; 1; 1; 1024; 64; 64; 32; 8; 4],2.0976452969480306,0.026660395546711374,tvm
32,16,2,512,512,128,4,2,8,[32; 16; 2; 512; 512; 128; 4; 2; 8],0.17137518397066742,0.32632527089164376,tvm
64,1,1,64,16,16,7168,32,1,[64; 1; 1; 64; 16; 16; 7168; 32; 1],2.779345195973292,0.020121305339961353,tvm
64,64,1,512,128,32,896,7,2,[64; 64; 1; 512; 128; 32; 896; 7; 2],0.8684289579978213,0.06439680853373113,tvm
16,2,1,1024,512,16,64,16,1,[16; 2; 1; 1024; 512; 16; 64; 16; 1],1.581571778981015,0.03535979465273744,tvm
64,2,1,1024,1024,16,448,7,1,[64; 2; 1; 1024; 1024; 16; 448; 7; 1],2.6679052859544754,0.020961783623936196,tvm
32,32,16,4096,2048,16,64,8,1,[32; 32; 16; 4096; 2048; 16; 64; 8; 1],0.5127131650224328,0.10907473641892243,tvm
16,2,1,1024,1024,128,448,14,8,[16; 2; 1; 1024; 1024; 128; 448; 14; 8],1.9683099349495023,0.02841221920406965,tvm
8,2,1,2048,512,32,128,4,2,[8; 2; 1; 2048; 512; 32; 128; 4; 2],1.9724357550730929,0.028352788266739235,tvm
64,64,16,2048,32,16,3584,64,1,[64; 64; 16; 2048; 32; 16; 3584; 64; 1],0.6468547179829329,0.08645535354170343,tvm
64,2,1,4096,4096,64,896,2,4,[64; 2; 1; 4096; 4096; 64; 896; 2; 4],2.1944006850244477,0.025484886928346127,tvm
32,16,4,4096,64,16,3584,32,1,[32; 16; 4; 4096; 64; 16; 3584; 32; 1],0.5857318510534242,0.09547722773271645,tvm
16,4,4,4096,2048,16,224,14,1,[16; 4; 4; 4096; 2048; 16; 224; 14; 1],0.5684390750247985,0.09838178934284841,tvm
4,2,2,256,32,16,14,2,1,[4; 2; 2; 256; 32; 16; 14; 2; 1],1.0793001350248232,0.05181510825257806,tvm
32,16,16,1024,1024,16,2048,32,1,[32; 16; 16; 1024; 1024; 16; 2048; 32; 1],1.0127270069206133,0.055221252075997186,tvm
32,8,4,128,64,16,8,8,1,[32; 8; 4; 128; 64; 16; 8; 8; 1],0.3537647930206731,0.15808258604768868,tvm
64,16,1,4096,4096,32,64,32,2,[64; 16; 1; 4096; 4096; 32; 64; 32; 2],0.4635444140294567,0.12064443371715304,tvm
16,16,1,4096,64,32,1024,32,2,[16; 16; 1; 4096; 64; 32; 1024; 32; 2],1.1209990089992061,0.04988769203575,tvm
4,1,1,256,64,32,7168,28,2,[4; 1; 1; 256; 64; 32; 7168; 28; 2],2.2616378479870036,0.024727236229756755,tvm
64,16,4,1024,128,64,3584,4,4,[64; 16; 4; 1024; 128; 64; 3584; 4; 4],0.5246898180339485,0.1065849791842443,tvm
8,8,2,256,16,16,7168,4,1,[8; 8; 2; 256; 16; 16; 7168; 4; 1],1.3162103560753167,0.04248868964994926,tvm
64,16,4,1024,64,16,128,2,1,[64; 16; 4; 1024; 64; 16; 128; 2; 1],0.4845674700336531,0.11541025098001198,tvm
32,8,1,512,256,64,7168,56,4,[32; 8; 1; 512; 256; 64; 7168; 56; 4],2.102787281968631,0.026595202383465626,tvm
64,1,1,32,16,16,256,1,1,[64; 1; 1; 32; 16; 16; 256; 1; 1],2.7442378769628704,0.020378719280424097,tvm
16,16,16,512,16,16,256,2,1,[16; 16; 16; 512; 16; 16; 256; 2; 1],0.41110201994888484,0.13603448929851222,tvm
64,16,1,2048,1024,16,16,16,1,[64; 16; 1; 2048; 1024; 16; 16; 16; 1],0.26560829498339444,0.21055085398153567,tvm
16,2,1,32,32,32,56,2,2,[16; 2; 1; 32; 32; 32; 56; 2; 2],1.2773058569291607,0.043782820715927304,tvm
32,2,2,512,32,32,1792,28,2,[32; 2; 2; 512; 32; 32; 1792; 28; 2],1.0680692329769954,0.052359951589896474,tvm
32,8,1,64,32,32,224,7,2,[32; 8; 1; 64; 32; 32; 224; 7; 2],1.2181402699789032,0.045909370793810036,tvm
8,2,1,4096,128,32,448,4,2,[8; 2; 1; 4096; 128; 32; 448; 4; 2],1.8401063029887155,0.030391751412677102,tvm
8,4,1,64,64,64,256,64,4,[8; 4; 1; 64; 64; 64; 256; 64; 4],1.2792932420270517,0.04371480399968436,tvm
32,32,2,2048,64,16,28,2,1,[32; 32; 2; 2048; 64; 16; 28; 2; 1],0.2872138029197231,0.19471227623751855,tvm
32,16,4,2048,256,64,128,64,4,[32; 16; 4; 2048; 256; 64; 128; 64; 4],0.30326577404048294,0.1844060824544877,tvm
32,2,1,4096,512,64,7168,4,4,[32; 2; 1; 4096; 512; 64; 7168; 4; 4],2.09281216096133,0.026721965007908167,tvm
2,2,2,128,128,64,14336,7,4,[2; 2; 2; 128; 128; 64; 14336; 7; 4],1.0233523820061237,0.054647894817719485,tvm
64,64,2,1024,1024,16,2,1,1,[64; 64; 2; 1024; 1024; 16; 2; 1; 1],0.22948099405039102,0.24369797405118937,tvm
32,8,4,2048,256,16,256,1,1,[32; 8; 4; 2048; 256; 16; 256; 1; 1],0.6562087730271742,0.08522295896068044,tvm
64,32,2,2048,256,64,224,16,4,[64; 32; 2; 2048; 256; 64; 224; 16; 4],0.5723777139792219,0.097704805703465,tvm
8,8,2,2048,2048,128,896,1,8,[8; 8; 2; 2048; 2048; 128; 896; 1; 8],0.7323785109911114,0.07635949511633346,tvm
64,64,8,128,128,16,896,1,1,[64; 64; 8; 128; 128; 16; 896; 1; 1],0.4609262989833951,0.1213297081478703,tvm
4,2,2,1024,128,16,128,32,1,[4; 2; 2; 1024; 128; 16; 128; 32; 1],1.2940448300214484,0.04321647290411601,tvm
8,1,1,256,16,16,28,28,1,[8; 1; 1; 256; 16; 16; 28; 28; 1],2.722170489956625,0.020543920206197087,tvm
64,16,1,256,128,128,56,14,8,[64; 16; 1; 256; 128; 128; 56; 14; 8],0.33246417390182614,0.16821076592104398,tvm
16,16,4,1024,128,64,1024,64,4,[16; 16; 4; 1024; 128; 64; 1024; 64; 4],0.35600556095596403,0.15708758364100622,tvm
32,32,2,4096,1024,64,14336,8,4,[32; 32; 2; 4096; 1024; 64; 14336; 8; 4],1.0129509669495746,0.05520904284414121,tvm
16,16,2,512,256,16,2,1,1,[16; 16; 2; 512; 256; 16; 2; 1; 1],0.30137510504573584,0.18556294928490016,tvm
16,16,4,256,256,32,1792,4,2,[16; 16; 4; 256; 256; 32; 1792; 4; 2],0.47494018403813243,0.11774967714427645,tvm
4,2,2,1024,32,32,28,2,2,[4; 2; 2; 1024; 32; 32; 28; 2; 2],1.0533681940287352,0.05309069862784158,tvm
32,16,4,1024,256,64,128,32,4,[32; 16; 4; 1024; 256; 64; 128; 32; 4],0.31013991206418723,0.18031878890118203,tvm
32,4,4,2048,2048,16,896,32,1,[32; 4; 4; 2048; 2048; 16; 896; 32; 1],0.5877483319491148,0.09514965894990417,tvm
64,16,1,32,16,16,7168,1,1,[64; 16; 1; 32; 16; 16; 7168; 1; 1],2.775854639010504,0.020146607299749788,tvm
8,4,2,128,64,32,14336,4,2,[8; 4; 2; 128; 64; 32; 14336; 4; 2],1.0965013270033523,0.051002266897541434,tvm
32,2,2,4096,256,16,56,1,1,[32; 2; 2; 4096; 256; 16; 56; 1; 1],1.1771036970894784,0.047509878247440615,tvm
64,16,8,4096,128,32,16,2,2,[64; 16; 8; 4096; 128; 32; 16; 2; 2],0.3389299769187346,0.1650017913486073,tvm
64,16,1,64,64,32,2048,4,2,[64; 16; 1; 64; 64; 32; 2048; 4; 2],1.4141098599648103,0.03954717728559292,tvm
2,2,1,4096,1024,128,512,64,8,[2; 2; 1; 4096; 1024; 128; 512; 64; 8],1.9824902509571984,0.028208992859526917,tvm
32,4,4,64,16,16,224,1,1,[32; 4; 4; 64; 16; 16; 224; 1; 1],0.5735293109901249,0.0975086229451597,tvm
64,32,2,1024,128,16,448,56,1,[64; 32; 2; 1024; 128; 16; 448; 56; 1],0.6177245639264584,0.09053234499509272,tvm
16,2,1,1024,1024,16,56,56,1,[16; 2; 1; 1024; 1024; 16; 56; 56; 1],1.4097322730813175,0.03966998159948309,tvm
4,1,1,512,256,32,1792,16,2,[4; 1; 1; 512; 256; 32; 1792; 16; 2],2.3045765190618113,0.024266520495531175,tvm
2,2,1,128,128,128,3584,1,8,[2; 2; 1; 128; 128; 128; 3584; 1; 8],1.9649262930033728,0.028461145607580986,tvm
32,8,8,512,256,16,128,8,1,[32; 8; 8; 512; 256; 16; 128; 8; 1],0.46039290400221944,0.1214702764686046,tvm
16,16,16,64,16,16,28,14,1,[16; 16; 16; 64; 16; 16; 28; 14; 1],0.3900133928982541,0.14339008442185136,tvm
8,8,8,256,256,16,3584,14,1,[8; 8; 8; 256; 256; 16; 3584; 14; 1],0.43264786002691835,0.1292599790736371,tvm
4,1,1,256,64,64,896,8,4,[4; 1; 1; 256; 64; 64; 896; 8; 4],2.1385809329804033,0.02615007572119123,tvm
32,8,4,256,128,32,8,2,2,[32; 8; 4; 256; 128; 32; 8; 2; 2],0.4238593230256811,0.1319401279984231,tvm
64,4,1,256,256,16,16,1,1,[64; 4; 1; 256; 256; 16; 16; 1; 1],0.5929631550097838,0.0943128638952459,tvm
32,32,1,4096,4096,128,7168,28,8,[32; 32; 1; 4096; 4096; 128; 7168; 28; 8],1.8685696810716763,0.02992880270927833,tvm
16,2,1,2048,64,64,1024,4,4,[16; 2; 1; 2048; 64; 64; 1024; 4; 4],1.865585504914634,0.029976676590812344,tvm
64,2,2,2048,1024,64,256,1,4,[64; 2; 2; 2048; 1024; 64; 256; 1; 4],1.0373474350199103,0.05391062959755615,tvm
64,4,4,512,512,32,32,1,2,[64; 4; 4; 512; 512; 32; 32; 1; 2],0.5019349250942469,0.1114169398011757,tvm
8,8,8,1024,1024,32,1024,64,2,[8; 8; 8; 1024; 1024; 32; 1024; 64; 2],0.5159052480012178,0.10839985355838311,tvm
64,16,8,4096,512,32,56,14,2,[64; 16; 8; 4096; 512; 32; 56; 14; 2],0.2526227959897369,0.2213737406960111,tvm
64,16,4,1024,256,16,8,4,1,[64; 16; 4; 1024; 256; 16; 8; 4; 1],0.18475625093560666,0.3026909944867014,tvm
16,2,1,4096,256,64,16,4,4,[16; 2; 1; 4096; 256; 64; 16; 4; 4],0.9179659520741552,0.06092170761559539,tvm
32,32,8,2048,512,32,1792,16,2,[32; 32; 8; 2048; 512; 32; 1792; 16; 2],0.33909336803480983,0.16492228573338663,tvm
16,16,8,4096,128,16,256,32,1,[16; 16; 8; 4096; 128; 16; 256; 32; 1],0.34012975404039025,0.16441976236719466,tvm
8,8,1,128,64,32,7168,64,2,[8; 8; 1; 128; 64; 32; 7168; 64; 2],2.3144008580129594,0.024163512184897484,tvm
32,32,16,2048,512,16,14,1,1,[32; 32; 16; 2048; 512; 16; 14; 1; 1],0.4767289130249992,0.1173078699558563,tvm
4,1,1,4096,64,64,224,16,4,[4; 1; 1; 4096; 64; 64; 224; 16; 4],2.0971342470729724,0.02666689240871826,tvm
64,8,4,1024,64,32,56,28,2,[64; 8; 4; 1024; 64; 32; 56; 28; 2],0.32687216997146606,0.17108845129952532,tvm
16,2,2,64,32,32,16,2,2,[16; 2; 2; 64; 32; 32; 16; 2; 2],1.0978122679516673,0.050941363078113706,tvm
2,2,2,1024,64,16,224,28,1,[2; 2; 2; 1024; 64; 16; 224; 28; 1],1.312136413063854,0.042620609241953746,tvm
2,1,1,4096,512,64,112,8,4,[2; 1; 1; 4096; 512; 64; 112; 8; 4],2.142192122992128,0.02610599335750561,tvm
16,1,1,4096,1024,16,1024,1,1,[16; 1; 1; 4096; 1024; 16; 1024; 1; 1],2.76226560305804,0.020245719047227433,tvm
64,8,2,4096,256,32,3584,2,2,[64; 8; 2; 4096; 256; 32; 3584; 2; 2],1.0710605459753424,0.05221371802320202,tvm
16,8,1,256,128,64,3584,1,4,[16; 8; 1; 256; 128; 64; 3584; 1; 4],2.1406836060341448,0.026124389973228638,tvm
32,1,1,4096,2048,64,4,2,4,[32; 1; 1; 4096; 2048; 64; 4; 2; 4],1.0647802390158176,0.05252168596312818,tvm
32,4,4,256,64,16,3584,8,1,[32; 4; 4; 256; 64; 16; 3584; 8; 1],0.5680736780632287,0.09844507058309569,tvm
8,4,4,2048,512,32,16,4,2,[8; 4; 4; 2048; 512; 32; 16; 4; 2],0.38122703006956726,0.14669487974955023,tvm
32,4,2,2048,1024,32,8,4,2,[32; 4; 2; 2048; 1024; 32; 8; 4; 2],0.31891521404031664,0.17535711960817124,tvm
64,32,2,1024,256,64,56,4,4,[64; 32; 2; 1024; 256; 64; 56; 4; 4],0.16538185300305486,0.33815108682027123,tvm
16,2,2,32,32,16,1792,64,1,[16; 2; 2; 32; 32; 16; 1792; 64; 1],1.2795364320045337,0.0437064955201957,tvm
16,1,1,4096,128,16,32,1,1,[16; 1; 1; 4096; 128; 16; 32; 1; 1],2.4150092349154875,0.023156869350559803,tvm
64,32,2,2048,2048,32,448,2,2,[64; 32; 2; 2048; 2048; 32; 448; 2; 2],0.4489911659620702,0.12455490792007626,tvm
32,32,1,4096,2048,64,512,2,4,[32; 32; 1; 4096; 2048; 64; 512; 2; 4],0.7849032368976623,0.07124961486255771,tvm
8,1,1,2048,2048,64,896,2,4,[8; 1; 1; 2048; 2048; 64; 896; 2; 4],2.1912444800836965,0.025521594619691758,tvm
16,8,2,1024,32,32,8,4,2,[16; 8; 2; 1024; 32; 32; 8; 4; 2],0.39810590795241296,0.1404753162819632,tvm
64,32,4,2048,32,32,14,2,2,[64; 32; 4; 2048; 32; 32; 14; 2; 2],0.3272456630365923,0.17089318408195361,tvm
2,2,2,256,64,32,16,1,2,[2; 2; 2; 256; 64; 32; 16; 1; 2],1.0532795729814097,0.05309516558365875,tvm
16,4,1,2048,1024,32,16,2,2,[16; 4; 1; 2048; 1024; 32; 16; 2; 2],0.4489957019686699,0.12455364959648459,tvm
64,8,4,4096,256,32,56,8,2,[64; 8; 4; 4096; 256; 32; 56; 8; 2],0.338499408098869,0.1652116724440446,tvm
32,8,1,64,16,16,448,56,1,[32; 8; 1; 64; 16; 16; 448; 56; 1],1.5920543130487204,0.03512697580413636,tvm
8,8,4,2048,256,16,112,1,1,[8; 8; 4; 2048; 256; 16; 112; 1; 1],0.6024094929452986,0.0928339509723023,tvm
16,2,2,512,32,16,28,28,1,[16; 2; 2; 512; 32; 16; 28; 28; 1],1.1614901350112632,0.04814853923213995,tvm
8,8,8,4096,1024,16,112,28,1,[8; 8; 8; 4096; 1024; 16; 112; 28; 1],0.39792572101578116,0.14053892568335755,tvm
16,4,1,512,512,16,3584,16,1,[16; 4; 1; 512; 512; 16; 3584; 16; 1],2.5866093799704686,0.021620602541065487,tvm
64,32,4,2048,64,64,8,2,4,[64; 32; 4; 2048; 64; 64; 8; 2; 4],0.2567823060089722,0.21778779933294662,tvm
64,32,4,512,32,32,224,32,2,[64; 32; 4; 512; 32; 32; 224; 32; 2],0.3117098299553618,0.1794106183348209,tvm
64,16,4,2048,128,16,64,8,1,[64; 16; 4; 2048; 128; 16; 64; 8; 1],0.3075923059368506,0.1818122633562059,tvm
16,4,2,4096,64,64,128,4,4,[16; 4; 2; 4096; 64; 64; 128; 4; 4],0.7376895990455523,0.07580973543030803,tvm
64,64,1,256,128,128,1792,28,8,[64; 64; 1; 256; 128; 128; 1792; 28; 8],0.7911253359634429,0.07068924580101872,tvm
4,4,4,1024,64,32,448,32,2,[4; 4; 4; 1024; 64; 32; 448; 32; 2],0.5358714240137488,0.10436095456341875,tvm
32,1,1,32,32,16,14,1,1,[32; 1; 1; 32; 32; 16; 14; 1; 1],2.3612433220259845,0.023684155212496102,tvm
16,16,16,256,64,16,7168,1,1,[16; 16; 16; 256; 64; 16; 7168; 1; 1],0.7455892020370811,0.0750065226005674,tvm
2,2,1,2048,128,128,2048,2,8,[2; 2; 1; 2048; 128; 128; 2048; 2; 8],1.9057583620306104,0.029344776571645487,tvm
64,4,1,4096,2048,64,448,2,4,[64; 4; 1; 4096; 2048; 64; 448; 2; 4],1.4513947670347989,0.03853124911535009,tvm
64,16,1,512,32,32,2048,64,2,[64; 16; 1; 512; 32; 32; 2048; 64; 2],1.4204502899665385,0.03937065149576669,tvm
32,32,8,1024,1024,16,7168,14,1,[32; 32; 8; 1024; 1024; 16; 7168; 14; 1],0.428233829094097,0.1305923295495765,tvm
16,8,2,512,64,32,1792,64,2,[16; 8; 2; 512; 64; 32; 1792; 64; 2],1.0028468259843066,0.055765299230461425,tvm
32,16,2,512,16,16,256,1,1,[32; 16; 2; 512; 16; 16; 256; 1; 1],0.6531519680283964,0.08562180942690199,tvm
32,8,1,512,128,32,896,1,2,[32; 8; 1; 512; 128; 32; 896; 1; 2],1.1317693239543587,0.049412943211728726,tvm
64,64,1,16,16,16,16,4,1,[64; 64; 1; 16; 16; 16; 16; 4; 1],0.20112106390297413,0.27806164231665215,tvm
16,16,1,4096,4096,64,512,2,4,[16; 16; 1; 4096; 4096; 64; 512; 2; 4],0.8816739780595526,0.06342940216565623,tvm
32,1,1,2048,512,32,32,4,2,[32; 1; 1; 2048; 512; 32; 32; 4; 2],1.2993836229434237,0.04303890886869237,tvm
64,4,4,1024,256,32,224,16,2,[64; 4; 4; 1024; 256; 32; 224; 16; 2],0.5341180330142379,0.10470354842305535,tvm
32,8,2,4096,512,16,56,4,1,[32; 8; 2; 4096; 512; 16; 56; 4; 1],0.46779748308472335,0.11954757209158576,tvm
64,64,16,128,64,16,1792,14,1,[64; 64; 16; 128; 64; 16; 1792; 14; 1],0.35510438901837915,0.15748623521079283,tvm
16,8,2,2048,128,32,896,4,2,[16; 8; 2; 2048; 128; 32; 896; 4; 2],0.71999768295791,0.0776725462554059,tvm
32,4,2,128,128,128,512,32,8,[32; 4; 2; 128; 128; 128; 512; 32; 8],0.8367778810206801,0.06683261424778415,tvm
32,16,8,32,16,16,3584,7,1,[32; 16; 8; 32; 16; 16; 3584; 7; 1],0.4861228719819337,0.11504098357958294,tvm
64,64,2,256,256,16,128,1,1,[64; 64; 2; 256; 256; 16; 128; 1; 1],0.7329804740147665,0.07629678458829818,tvm
64,64,2,512,16,16,512,2,1,[64; 64; 2; 512; 16; 16; 512; 2; 1],0.685926001984626,0.08153073825970339,tvm
4,2,1,4096,4096,16,4,2,1,[4; 2; 1; 4096; 4096; 16; 4; 2; 1],0.6750851270044222,0.0828400020920132,tvm
32,4,2,4096,4096,16,224,28,1,[32; 4; 2; 4096; 4096; 16; 224; 28; 1],1.197265640948899,0.046709812276088065,tvm
32,4,2,4096,512,128,112,4,8,[32; 4; 2; 4096; 512; 128; 112; 4; 8],0.818793412996456,0.06830056574181965,tvm
16,1,1,1024,32,32,2048,16,2,[16; 1; 1; 1024; 32; 32; 2048; 16; 2],2.199079663027078,0.02543066277842465,tvm
64,64,1,2048,512,32,224,56,2,[64; 64; 1; 2048; 512; 32; 224; 56; 2],0.7331662889337167,0.07627744780064384,tvm
32,32,2,2048,512,32,112,16,2,[32; 32; 2; 2048; 512; 32; 112; 16; 2],0.42116387700662017,0.13278454394239106,tvm
32,1,1,2048,2048,64,4,2,4,[32; 1; 1; 2048; 2048; 64; 4; 2; 4],1.0575219540623948,0.05288216771151189,tvm
16,8,8,256,128,16,2048,32,1,[16; 8; 8; 256; 128; 16; 2048; 32; 1],0.4001090850215405,0.13977201574996123,tvm
64,16,8,4096,128,32,224,1,2,[64; 16; 8; 4096; 128; 32; 224; 1; 2],0.5783545470330864,0.09669510444798844,tvm
32,16,4,512,32,16,448,56,1,[32; 16; 4; 512; 32; 16; 448; 56; 1],0.4078639369690791,0.1371144841804757,tvm
32,16,4,4096,2048,64,3584,7,4,[32; 16; 4; 4096; 2048; 64; 3584; 7; 4],0.4949056189507246,0.11299943098625725,tvm
32,4,1,4096,2048,16,1024,2,1,[32; 4; 1; 4096; 2048; 16; 1024; 2; 1],2.017807924072258,0.027715251122847052,tvm
32,16,2,256,64,32,64,4,2,[32; 16; 2; 256; 64; 32; 64; 4; 2],0.33305312495213,0.16791331215214192,tvm
32,16,4,512,64,32,1792,8,2,[32; 16; 4; 512; 64; 32; 1792; 8; 2],0.47006278904154897,0.11897145368039373,tvm
32,8,2,2048,1024,128,896,14,8,[32; 8; 2; 2048; 1024; 128; 896; 14; 8],0.727435200009495,0.07687839869806048,tvm
16,8,1,128,32,32,2,2,2,[16; 8; 1; 128; 32; 32; 2; 2; 2],0.46372012002393603,0.12059872090615063,tvm
16,4,1,4096,32,32,112,7,2,[16; 4; 1; 4096; 32; 32; 112; 7; 2],1.1539212149800733,0.048464360137705824,tvm
8,1,1,4096,2048,32,224,1,2,[8; 1; 1; 4096; 2048; 32; 224; 1; 2],2.2711455659009516,0.024623720369569776,tvm
32,16,2,256,32,32,224,56,2,[32; 16; 2; 256; 32; 32; 224; 56; 2],0.5554505389882252,0.10068232796245222,tvm
64,8,2,512,512,32,112,7,2,[64; 8; 2; 512; 512; 32; 112; 7; 2],0.647553792106919,0.08636201967310786,tvm
32,8,4,4096,4096,64,32,4,4,[32; 8; 4; 4096; 4096; 64; 32; 4; 4],0.33394780999515206,0.1674634528495491,tvm
16,8,1,1024,64,16,2048,8,1,[16; 8; 1; 1024; 64; 16; 2048; 8; 1],2.4517224490409717,0.02281010778981482,tvm
8,2,2,2048,128,16,448,56,1,[8; 2; 2; 2048; 128; 16; 448; 56; 1],1.2977967899059877,0.043091533103101966,tvm
32,4,1,4096,4096,128,14336,1,8,[32; 4; 1; 4096; 4096; 128; 14336; 1; 8],1.959774737013504,0.028535959912696838,tvm
32,8,8,128,128,32,3584,28,2,[32; 8; 8; 128; 128; 32; 3584; 28; 2],0.371362829930149,0.15059141310360086,tvm
16,4,2,64,32,32,1792,14,2,[16; 4; 2; 64; 32; 32; 1792; 14; 2],1.0490517449798062,0.05330914666598247,tvm
16,4,1,128,16,16,448,32,1,[16; 4; 1; 128; 16; 16; 448; 32; 1],1.5885025690076873,0.03520551645583313,tvm
32,2,2,1024,1024,16,112,56,1,[32; 2; 2; 1024; 1024; 16; 112; 56; 1],1.2468592789955437,0.04485193660216825,tvm
1,1,1,4096,512,128,7168,64,8,[1; 1; 1; 4096; 512; 128; 7168; 64; 8],1.9222453830298036,0.02909308760840252,tvm
64,32,2,2048,512,64,448,4,4,[64; 32; 2; 2048; 512; 64; 448; 4; 4],0.43985741899814457,0.12714132106879214,tvm
16,16,2,4096,32,32,112,14,2,[16; 16; 2; 4096; 32; 32; 112; 14; 2],0.5148525590775535,0.10862149240071926,tvm
16,16,1,256,16,16,224,7,1,[16; 16; 1; 256; 16; 16; 224; 7; 1],1.2633488649735227,0.044266516465747086,tvm
16,16,2,1024,128,128,14,7,8,[16; 16; 2; 1024; 128; 128; 14; 7; 8],0.28185111400671303,0.19841700299968074,tvm
4,4,2,128,128,32,32,2,2,[4; 4; 2; 128; 128; 32; 32; 2; 2],0.574995449045673,0.0972599929723812,tvm
64,16,2,4096,64,32,3584,56,2,[64; 16; 2; 4096; 64; 32; 3584; 56; 2],1.0774522890569642,0.05190397189863566,tvm
4,1,1,256,256,64,896,16,4,[4; 1; 1; 256; 256; 64; 896; 16; 4],2.2059545749798417,0.025351407489360645,tvm
32,32,1,2048,128,16,3584,8,1,[32; 32; 1; 2048; 128; 16; 3584; 8; 1],2.591572129051201,0.021579200017792927,tvm
16,2,2,4096,64,32,28,1,2,[16; 2; 2; 4096; 64; 32; 28; 1; 2],1.0775348730385303,0.0518999938959132,tvm
32,8,2,2048,64,16,112,16,1,[32; 8; 2; 2048; 64; 16; 112; 16; 1],0.7088983230059966,0.07888868053206026,tvm
32,32,4,4096,2048,32,896,32,2,[32; 32; 4; 4096; 2048; 32; 896; 32; 2],0.3028889679117128,0.18463549108079197,tvm
1,1,1,2048,16,16,64,8,1,[1; 1; 1; 2048; 16; 16; 64; 8; 1],2.6309191489126533,0.02125646976131763,tvm
8,8,1,4096,64,16,1792,8,1,[8; 8; 1; 4096; 64; 16; 1792; 8; 1],1.9982814299874008,0.027986074681025253,tvm
16,16,1,2048,128,64,1792,28,4,[16; 16; 1; 2048; 128; 64; 1792; 28; 4],1.1873143900884315,0.04710130172781625,tvm
2,1,1,1024,128,64,2048,16,4,[2; 1; 1; 1024; 128; 64; 2048; 16; 4],2.163648671004921,0.025847104515059293,tvm
32,16,1,1024,256,16,896,32,1,[32; 16; 1; 1024; 256; 16; 896; 32; 1],1.2487482640426606,0.04478408895023122,tvm
64,32,2,1024,1024,16,8,2,1,[64; 32; 2; 1024; 1024; 16; 8; 2; 1],0.1287656381027773,0.434308827706785,tvm
32,32,2,128,128,128,64,4,8,[32; 32; 2; 128; 128; 128; 64; 4; 8],0.20260610803961754,0.2760235309509917,tvm
64,64,16,2048,32,16,14336,64,1,[64; 64; 16; 2048; 32; 16; 14336; 64; 1],0.6525473209330812,0.08570114616878237,tvm
2,2,1,128,32,32,14336,14,2,[2; 2; 1; 128; 32; 32; 14336; 14; 2],2.2837113729910925,0.024488231741862706,tvm
8,2,2,512,512,128,1792,64,8,[8; 2; 2; 512; 512; 128; 1792; 64; 8],0.9482458430575207,0.058976323221214454,tvm
16,4,2,256,128,128,14336,32,8,[16; 4; 2; 256; 128; 128; 14336; 32; 8],0.9453064060071483,0.05915971052132111,tvm
32,4,1,4096,4096,64,32,2,4,[32; 4; 1; 4096; 4096; 64; 32; 2; 4],0.4877025580499321,0.11466836170994145,tvm
64,8,8,4096,4096,16,14336,7,1,[64; 8; 8; 4096; 4096; 16; 14336; 7; 1],0.5031994299497455,0.11113695685012692,tvm
32,8,1,2048,512,32,112,1,2,[32; 8; 1; 2048; 512; 32; 112; 1; 2],0.9866205559810624,0.05668243276942911,tvm
64,2,2,64,64,32,448,16,2,[64; 2; 2; 64; 64; 32; 448; 16; 2],1.1270154570229352,0.04962137208043213,tvm
32,16,1,256,64,16,14,1,1,[32; 16; 1; 256; 64; 16; 14; 1; 1],0.3196425710339099,0.1749580888191533,tvm
16,16,1,256,128,16,512,32,1,[16; 16; 1; 256; 128; 16; 512; 32; 1],1.234342418028973,0.04530675808956981,tvm
64,4,1,1024,1024,16,112,56,1,[64; 4; 1; 1024; 1024; 16; 112; 56; 1],1.5451139049837366,0.03619412986508718,tvm
16,4,2,1024,1024,64,64,2,4,[16; 4; 2; 1024; 1024; 64; 64; 2; 4],0.663658682955429,0.08426628742999384,tvm
32,4,2,1024,1024,64,448,16,4,[32; 4; 2; 1024; 1024; 64; 448; 16; 4],1.016472629038617,0.055017766082129015,tvm
32,16,1,4096,512,32,112,16,2,[32; 16; 1; 4096; 512; 32; 112; 16; 2],0.8454496399499476,0.06614711354853041,tvm
64,8,2,4096,32,32,896,8,2,[64; 8; 2; 4096; 32; 32; 896; 8; 2],0.6810583770275116,0.08211345050539516,tvm
1,1,1,2048,2048,32,32,4,2,[1; 1; 1; 2048; 2048; 32; 32; 4; 2],1.1990102540003136,0.04664184742937045,tvm
32,16,1,4096,1024,64,448,7,4,[32; 16; 1; 4096; 1024; 64; 448; 7; 4],0.8783299399074167,0.06367089494777804,tvm
8,8,1,2048,2048,64,8,1,4,[8; 8; 1; 2048; 2048; 64; 8; 1; 4],0.3595247659832239,0.15554993320249558,tvm
32,32,8,1024,256,32,7168,56,2,[32; 32; 8; 1024; 256; 32; 7168; 56; 2],0.4705985109321773,0.11883601846201573,tvm
64,2,1,4096,64,16,2048,1,1,[64; 2; 1; 4096; 64; 16; 2048; 1; 1],2.5424847070826218,0.02199582682937884,tvm
8,4,2,2048,2048,16,14336,2,1,[8; 4; 2; 2048; 2048; 16; 14336; 2; 1],1.2506645940011367,0.04471546856093578,tvm
4,4,2,512,128,64,2048,8,4,[4; 4; 2; 512; 128; 64; 2048; 8; 4],0.9914143299683928,0.05640835687246546,tvm
16,8,2,4096,4096,128,8,8,8,[16; 8; 2; 4096; 4096; 128; 8; 8; 8],0.25298930099233985,0.22105303708091054,tvm
32,8,4,4096,512,32,256,16,2,[32; 8; 4; 4096; 512; 32; 256; 16; 2],0.5092633758904412,0.1098136170415765,tvm
32,4,4,128,128,64,224,28,4,[32; 4; 4; 128; 128; 64; 224; 28; 4],0.49745311692822725,0.11242075168543386,tvm
8,8,2,512,256,32,14,1,2,[8; 8; 2; 512; 256; 32; 14; 1; 2],0.3413546929368749,0.16382974803183709,tvm
64,4,2,1024,128,32,224,2,2,[64; 4; 2; 1024; 128; 32; 224; 2; 2],0.8384756209561601,0.06669729200899133,tvm
16,4,4,32,32,32,28,1,2,[16; 4; 4; 32; 32; 32; 28; 1; 2],0.6200060880510136,0.09019920031612971,tvm
16,2,2,512,512,128,7168,8,8,[16; 2; 2; 512; 512; 128; 7168; 8; 8],0.9355580640258268,0.05977614376245653,tvm
32,16,1,2048,64,16,1792,64,1,[32; 16; 1; 2048; 64; 16; 1792; 64; 1],2.0731962450081483,0.026974799644745417,tvm
16,16,2,4096,2048,32,64,32,2,[16; 16; 2; 4096; 2048; 32; 64; 32; 2],0.34829068009275943,0.1605671829014753,tvm
8,8,8,32,32,32,224,4,2,[8; 8; 8; 32; 32; 32; 224; 4; 2],0.40521505498327315,0.13801079857618276,tvm
16,2,2,2048,1024,64,64,16,4,[16; 2; 2; 2048; 1024; 64; 64; 16; 4],1.0269882710417733,0.05445442261634027,tvm
32,8,4,4096,512,64,256,16,4,[32; 8; 4; 4096; 512; 64; 256; 16; 4],0.46587435400579125,0.12004106440389752,tvm
8,8,1,1024,64,64,64,64,4,[8; 8; 1; 1024; 64; 64; 64; 64; 4],0.3993833310669288,0.1400260075550363,tvm
16,4,2,128,64,32,56,56,2,[16; 4; 2; 128; 64; 32; 56; 56; 2],0.6881917259888723,0.08126231574925617,tvm
16,2,2,512,64,64,1024,4,4,[16; 2; 2; 512; 64; 64; 1024; 4; 4],1.003241255064495,0.0557433748373298,tvm
64,64,8,64,64,16,56,28,1,[64; 64; 8; 64; 64; 16; 56; 28; 1],0.1415286740520969,0.3951429186197817,tvm
8,4,4,2048,16,16,64,2,1,[8; 4; 4; 2048; 16; 16; 64; 2; 1],0.5642471140017733,0.0991126971597724,tvm
8,8,1,4096,1024,16,32,4,1,[8; 8; 1; 4096; 1024; 16; 32; 4; 1],0.45766214304603636,0.12219506066445159,tvm
64,32,1,128,128,64,112,4,4,[64; 32; 1; 128; 128; 64; 112; 4; 4],1.0249243630096316,0.054564078435130135,tvm
32,16,2,512,256,32,14,14,2,[32; 16; 2; 512; 256; 32; 14; 14; 2],0.2016548130195588,0.2773256561345212,tvm
64,16,1,4096,512,64,224,1,4,[64; 16; 1; 4096; 512; 64; 224; 1; 4],0.868578384979628,0.06438572994726895,tvm
16,8,2,256,32,32,1024,16,2,[16; 8; 2; 256; 32; 32; 1024; 16; 2],0.7230519979493693,0.0773444420206821,tvm
1,1,1,128,128,128,32,32,8,[1; 1; 1; 128; 128; 128; 32; 32; 8],1.9502388599794358,0.0286754891828599,tvm
64,64,1,256,256,64,3584,2,4,[64; 64; 1; 256; 256; 64; 3584; 2; 4],2.0316663229605183,0.02752619989873215,tvm
32,2,1,256,32,32,3584,56,2,[32; 2; 1; 256; 32; 32; 3584; 56; 2],2.2420336198993027,0.024943449927323155,tvm
8,1,1,4096,128,128,112,14,8,[8; 1; 1; 4096; 128; 128; 112; 14; 8],1.9416185669833794,0.0288028010672665,tvm
8,8,2,4096,32,32,896,16,2,[8; 8; 2; 4096; 32; 32; 896; 16; 2],0.6764178609009832,0.08267678393181833,tvm
16,8,4,4096,512,16,14336,2,1,[16; 8; 4; 4096; 512; 16; 14336; 2; 1],0.7145294020883739,0.07826697287736883,tvm
8,2,2,4096,128,64,32,16,4,[8; 2; 2; 4096; 128; 64; 32; 16; 4],0.9863628250313923,0.05669724356405411,tvm
1,1,1,512,256,64,224,16,4,[1; 1; 1; 512; 256; 64; 224; 16; 4],2.146461869007908,0.026054063266067413,tvm
16,4,2,2048,512,16,112,1,1,[16; 4; 2; 2048; 512; 16; 112; 1; 1],1.037957728956826,0.05387893145661956,tvm
8,8,2,128,32,16,448,4,1,[8; 8; 2; 128; 32; 16; 448; 4; 1],0.7443096300121397,0.07513546927025681,tvm
8,8,2,4096,4096,32,448,64,2,[8; 8; 2; 4096; 4096; 32; 448; 64; 2],0.7430984700331464,0.07525793093187072,tvm
16,16,1,512,128,128,2048,16,8,[16; 16; 1; 512; 128; 128; 2048; 16; 8],1.2126966799842194,0.04611545018335588,tvm
32,8,1,1024,256,16,16,16,1,[32; 8; 1; 1024; 256; 16; 16; 16; 1],0.3626497539225966,0.1542095444114645,tvm
2,1,1,4096,32,32,14336,7,2,[2; 1; 1; 4096; 32; 32; 14336; 7; 2],2.1994678520131856,0.025426174464039438,tvm
32,8,1,2048,1024,16,896,4,1,[32; 8; 1; 2048; 1024; 16; 896; 4; 1],1.4421677690697834,0.03877777227638714,tvm
32,16,4,128,32,32,4,2,2,[32; 16; 4; 128; 32; 32; 4; 2; 2],0.3442173069342971,0.16246729088496387,tvm
64,64,2,128,128,16,2,2,1,[64; 64; 2; 128; 128; 16; 2; 2; 1],0.15382128197234124,0.3635651232148039,tvm
64,64,1,256,256,64,512,16,4,[64; 64; 1; 256; 256; 64; 512; 16; 4],1.276563197025098,0.04380829203259088,tvm
32,16,1,4096,1024,16,64,64,1,[32; 16; 1; 4096; 1024; 16; 64; 64; 1],0.6142923079896718,0.0910381793910947,tvm
64,4,1,512,64,16,128,8,1,[64; 4; 1; 512; 64; 16; 128; 8; 1],1.4378660110523924,0.03889378628012899,tvm
64,2,2,2048,64,16,56,2,1,[64; 2; 2; 2048; 64; 16; 56; 2; 1],1.2452601100085303,0.044909535673595326,tvm
32,2,2,4096,1024,32,3584,1,2,[32; 2; 2; 4096; 1024; 32; 3584; 1; 2],1.061384945991449,0.05268969900557067,tvm
64,16,2,4096,512,16,896,28,1,[64; 16; 2; 4096; 512; 16; 896; 28; 1],0.7079001279780641,0.07899991979527693,tvm
16,2,2,1024,128,32,7,1,2,[16; 2; 2; 1024; 128; 32; 7; 1; 2],0.9816937620053068,0.05696690301779775,tvm
32,8,2,128,16,16,64,16,1,[32; 8; 2; 128; 16; 16; 64; 16; 1],0.5513659559655935,0.10142819433854042,tvm
64,8,4,2048,1024,16,1024,64,1,[64; 8; 4; 2048; 1024; 16; 1024; 64; 1],0.5847158409887925,0.09564313024042949,tvm
16,1,1,4096,256,32,56,1,2,[16; 1; 1; 4096; 256; 32; 56; 1; 2],2.238186798989773,0.02498632078366971,tvm
32,4,1,2048,128,64,896,64,4,[32; 4; 1; 2048; 128; 64; 896; 64; 4],1.4617952429689467,0.03825710447637662,tvm
64,16,8,32,16,16,2048,4,1,[64; 16; 8; 32; 16; 16; 2048; 4; 1],0.5548302680253983,0.10079488549239228,tvm
8,4,1,2048,32,16,896,32,1,[8; 4; 1; 2048; 32; 16; 896; 32; 1],1.634017284028232,0.03422488481606973,tvm
64,8,2,1024,256,16,896,64,1,[64; 8; 2; 1024; 256; 16; 896; 64; 1],0.8600452019600198,0.065024551274612,tvm
64,16,1,1024,256,32,448,1,2,[64; 16; 1; 1024; 256; 32; 448; 1; 2],0.9667140539968386,0.057849633096899424,tvm
1,1,1,2048,2048,64,14336,8,4,[1; 1; 1; 2048; 2048; 64; 14336; 8; 4],2.09504571207799,0.02669347642914414,tvm
4,4,2,128,32,16,1024,16,1,[4; 4; 2; 128; 32; 16; 1024; 16; 1],1.1106757000088692,0.050351379194563055,tvm
32,4,1,1024,1024,32,14336,14,2,[32; 4; 1; 1024; 1024; 32; 14336; 14; 2],2.2001014809357002,0.02541885172930701,tvm
64,16,1,128,64,64,224,56,4,[64; 16; 1; 128; 64; 64; 224; 56; 4],1.0562949699815363,0.0529435952291914,tvm
4,4,4,4096,512,16,28,14,1,[4; 4; 4; 4096; 512; 16; 28; 14; 1],0.37863361393101513,0.14769965284572537,tvm
8,4,2,2048,2048,64,1792,32,4,[8; 4; 2; 2048; 2048; 64; 1792; 32; 4],1.045423431089148,0.05349416482378846,tvm
16,16,4,128,16,16,128,16,1,[16; 16; 4; 128; 16; 16; 128; 16; 1],0.34867026191204786,0.16039238054503252,tvm
64,2,2,32,32,16,512,64,1,[64; 2; 2; 32; 32; 16; 512; 64; 1],1.3184039359912276,0.04241799634137731,tvm
32,4,1,2048,2048,32,896,28,2,[32; 4; 1; 2048; 2048; 32; 896; 28; 2],1.668856315081939,0.03351040639504517,tvm
8,2,2,512,64,16,64,64,1,[8; 2; 2; 512; 64; 16; 64; 64; 1],1.3273158139782026,0.04213319297817974,tvm
1,1,1,2048,128,16,1024,2,1,[1; 1; 1; 2048; 128; 16; 1024; 2; 1],2.786816752050072,0.020067359395695393,tvm
16,2,1,2048,64,64,28,4,4,[16; 2; 1; 2048; 64; 64; 28; 4; 4],1.15510401094798,0.04841473391425343,tvm
2,1,1,2048,32,16,28,1,1,[2; 1; 1; 2048; 32; 16; 28; 1; 1],2.497980054002255,0.022387710119515167,tvm
64,16,1,2048,512,32,1024,8,2,[64; 16; 1; 2048; 512; 32; 1024; 8; 2],0.929017471964471,0.06019698770043377,tvm
16,16,2,256,16,16,2048,8,1,[16; 16; 2; 256; 16; 16; 2048; 8; 1],1.0258861450711265,0.05451292387758684,tvm
2,1,1,512,128,64,896,4,4,[2; 1; 1; 512; 128; 64; 896; 4; 4],2.184728643973358,0.025597711408051328,tvm
64,2,2,256,256,16,448,1,1,[64; 2; 2; 256; 256; 16; 448; 1; 1],1.1998440090101212,0.04660943665457898,tvm
4,1,1,4096,512,16,128,16,1,[4; 1; 1; 4096; 512; 16; 128; 16; 1],2.7555992460111156,0.02029469757414346,tvm
64,64,8,4096,16,16,14,1,1,[64; 64; 8; 4096; 16; 16; 14; 1; 1],0.3333655319875106,0.16775595545201266,tvm
16,1,1,4096,512,32,28,4,2,[16; 1; 1; 4096; 512; 32; 28; 4; 2],1.237730192951858,0.04518274956188979,tvm
64,64,2,256,256,16,1792,1,1,[64; 64; 2; 256; 256; 16; 1792; 1; 1],0.717807402019389,0.07790955230609721,tvm
8,8,8,512,256,16,14336,7,1,[8; 8; 8; 512; 256; 16; 14336; 7; 1],0.4800346679985523,0.11650003023011245,tvm
32,4,2,2048,64,16,3584,1,1,[32; 4; 2; 2048; 64; 16; 3584; 1; 1],1.229203752009198,0.04549616224480484,tvm
64,2,2,2048,2048,16,448,28,1,[64; 2; 2; 2048; 2048; 16; 448; 28; 1],1.2910226960666478,0.04331763764007934,tvm
4,4,4,512,64,16,1792,28,1,[4; 4; 4; 512; 64; 16; 1792; 28; 1],0.5911891349824145,0.09459587469413971,tvm
4,1,1,1024,1024,16,128,4,1,[4; 1; 1; 1024; 1024; 16; 128; 4; 1],2.758909323019907,0.02027034845498973,tvm
16,1,1,256,128,64,1024,1,4,[16; 1; 1; 256; 128; 64; 1024; 1; 4],2.1186624199617654,0.026395924525976427,tvm
8,4,4,64,64,32,256,8,2,[8; 4; 4; 64; 64; 32; 256; 8; 2],0.5425590440863743,0.10307459426375415,tvm
16,2,1,4096,128,32,112,16,2,[16; 2; 1; 4096; 128; 32; 112; 16; 2],1.5785844870842993,0.03542670904908423,tvm
64,32,2,256,64,64,32,32,4,[64; 32; 2; 256; 64; 64; 32; 32; 4],0.1633599450578913,0.34233638676552586,tvm
64,64,4,512,256,32,128,64,2,[64; 64; 4; 512; 256; 32; 128; 64; 2],0.3335119739640504,0.16768229538697596,tvm
64,32,4,4096,2048,16,224,2,1,[64; 32; 4; 4096; 2048; 16; 224; 2; 1],0.5019165619742125,0.11142101610149019,tvm
32,2,2,4096,512,128,1,1,8,[32; 2; 2; 4096; 512; 128; 1; 1; 8],0.7180831630248576,0.07787963318588133,tvm
8,2,2,4096,2048,32,1792,14,2,[8; 2; 2; 4096; 2048; 32; 1792; 14; 2],1.0934896230464801,0.05114273803305787,tvm
32,4,4,1024,32,32,32,16,2,[32; 4; 4; 1024; 32; 32; 32; 16; 2],0.5126809179782867,0.10908159709525575,tvm
16,16,4,64,16,16,128,1,1,[16; 16; 4; 64; 16; 16; 128; 1; 1],0.4382674089865759,0.12760258277622985,tvm
16,8,4,2048,128,32,2048,2,2,[16; 8; 4; 2048; 128; 32; 2048; 2; 2],0.7263849469600245,0.07698955432292436,tvm
64,64,8,4096,32,16,256,64,1,[64; 64; 8; 4096; 32; 16; 256; 64; 1],0.38949305401183665,0.14358164480035582,tvm
32,8,2,64,32,16,56,4,1,[32; 8; 2; 64; 32; 16; 56; 4; 1],0.489092300995253,0.11434253456767482,tvm
64,4,4,512,256,16,8,8,1,[64; 4; 4; 512; 256; 16; 8; 8; 1],0.35237101500388235,0.1587078702620225,tvm
8,8,2,4096,2048,16,7168,64,1,[8; 8; 2; 4096; 2048; 16; 7168; 64; 1],1.2351876200409606,0.04527575602763798,tvm
8,4,2,64,32,16,2048,2,1,[8; 4; 2; 64; 32; 16; 2048; 2; 1],1.2613946850178763,0.0443350951114407,tvm
8,1,1,4096,128,128,7168,4,8,[8; 1; 1; 4096; 128; 128; 7168; 4; 8],1.9495763689046726,0.028685233482160566,tvm
64,4,2,4096,2048,64,512,4,4,[64; 4; 2; 4096; 2048; 64; 512; 4; 4],1.0319939819164574,0.054190290169599586,tvm
4,2,2,1024,64,64,3584,8,4,[4; 2; 2; 1024; 64; 64; 3584; 8; 4],1.0107418240513653,0.05532971130963243,tvm
64,4,2,256,32,32,1792,14,2,[64; 4; 2; 256; 32; 32; 1792; 14; 2],1.0282950639957562,0.05438522005155141,tvm
64,64,8,128,32,16,256,2,1,[64; 64; 8; 128; 32; 16; 256; 2; 1],0.5447455869289115,0.10266086531992656,tvm
16,1,1,4096,64,32,256,64,2,[16; 1; 1; 4096; 64; 32; 256; 64; 2],2.3555889999261126,0.023741006319475722,tvm
64,4,2,64,64,32,2048,32,2,[64; 4; 2; 64; 64; 32; 2048; 32; 2],1.028296330012381,0.05438515309362233,tvm
64,4,4,2048,256,32,7168,8,2,[64; 4; 4; 2048; 256; 32; 7168; 8; 2],0.5323216150281951,0.10505688995997513,tvm
32,2,2,128,32,32,14336,1,2,[32; 2; 2; 128; 32; 32; 14336; 1; 2],1.0904227760620415,0.05128657852809875,tvm
16,16,1,4096,128,16,448,32,1,[16; 16; 1; 4096; 128; 16; 448; 32; 1],1.2388953160261735,0.04514025730011869,tvm
32,8,1,2048,32,16,8,4,1,[32; 8; 1; 2048; 32; 16; 8; 4; 1],0.4503705980023369,0.12417341092289322,tvm
4,2,1,4096,256,32,1024,2,2,[4; 2; 1; 4096; 256; 32; 1024; 2; 2],2.078936098027043,0.026900323384834442,tvm
64,64,2,1024,256,16,14,7,1,[64; 64; 2; 1024; 256; 16; 14; 7; 1],0.1389334489358589,0.4025240412706638,tvm
16,4,2,1024,128,32,7168,2,2,[16; 4; 2; 1024; 128; 32; 7168; 2; 2],1.0686950900126249,0.05232928817205727,tvm
64,8,8,1024,1024,32,64,2,2,[64; 8; 8; 1024; 1024; 32; 64; 2; 2],0.7611828199587762,0.07346993635032652,tvm
64,4,4,2048,256,16,448,8,1,[64; 4; 4; 2048; 256; 16; 448; 8; 1],0.5601526320679113,0.09983716960657477,tvm
16,4,4,4096,64,64,16,1,4,[16; 4; 4; 4096; 64; 64; 16; 1; 4],0.4718706200364977,0.1185156501776012,tvm
64,8,8,128,32,32,32,2,2,[64; 8; 8; 128; 32; 32; 32; 2; 2],0.46034825197421014,0.12148205862301469,tvm
16,8,4,64,16,16,14,2,1,[16; 8; 4; 64; 16; 16; 14; 2; 1],0.4466636050492525,0.12520396267156517,tvm
4,4,4,4096,4096,16,2048,8,1,[4; 4; 4; 4096; 4096; 16; 2048; 8; 1],0.5708108720136806,0.09797299959625332,tvm
32,1,1,2048,128,64,28,14,4,[32; 1; 1; 2048; 128; 64; 28; 14; 4],2.023670091992244,0.027634965577950376,tvm
32,16,2,1024,1024,128,7,1,8,[32; 16; 2; 1024; 1024; 128; 7; 1; 8],0.1811340389540419,0.3087440309743362,tvm
1,1,1,2048,128,64,3584,7,4,[1; 1; 1; 2048; 128; 64; 3584; 7; 4],2.118703134940006,0.026395417277237807,tvm
16,8,1,4096,512,128,14,1,8,[16; 8; 1; 4096; 512; 128; 14; 1; 8],0.33636688510887325,0.1662590932969878,tvm
32,16,8,128,32,16,1024,1,1,[32; 16; 8; 128; 32; 16; 1024; 1; 1],0.6560183590045199,0.08524769553430749,tvm
4,2,2,512,128,64,448,14,4,[4; 2; 2; 512; 128; 64; 448; 14; 4],1.0451643199194223,0.05350742679165018,tvm
64,16,2,4096,512,64,224,56,4,[64; 16; 2; 4096; 512; 64; 224; 56; 4],0.5069360369816422,0.11031777039626504,tvm
16,4,1,1024,512,32,14336,16,2,[16; 4; 1; 1024; 512; 32; 14336; 16; 2],2.2035860690521076,0.025378656236191205,tvm
16,4,2,4096,512,64,896,1,4,[16; 4; 2; 4096; 512; 64; 896; 1; 4],1.028302578954026,0.05438482259785679,tvm
32,16,4,128,64,64,7,1,4,[32; 16; 4; 128; 64; 64; 7; 1; 4],0.3294295610394329,0.16976027639073712,tvm
32,16,4,128,16,16,512,64,1,[32; 16; 4; 128; 16; 16; 512; 64; 1],0.4163485619938001,0.13432027497711427,tvm
8,2,1,4096,256,32,2048,8,2,[8; 2; 1; 4096; 256; 32; 2048; 8; 2],2.203566033975221,0.025378886981864867,tvm
32,4,4,1024,256,64,1024,2,4,[32; 4; 4; 1024; 256; 64; 1024; 2; 4],0.6950878649950027,0.08045609217150611,tvm
64,16,1,256,256,16,14336,32,1,[64; 16; 1; 256; 256; 16; 14336; 32; 1],2.719799563055858,0.020561828927753524,tvm
32,8,2,4096,1024,16,3584,4,1,[32; 8; 2; 4096; 1024; 16; 3584; 4; 1],1.2276730349985883,0.045552888871097215,tvm
16,4,2,2048,256,64,56,1,4,[16; 4; 2; 2048; 256; 64; 56; 1; 4],0.5649015019880608,0.09899788394351852,tvm
32,16,2,4096,1024,128,56,2,8,[32; 16; 2; 4096; 1024; 128; 56; 2; 8],0.19986687798518687,0.27980650869764495,tvm
32,32,8,512,512,16,512,64,1,[32; 32; 8; 512; 512; 16; 512; 64; 1],0.4480828660307452,0.12480739071485966,tvm
2,1,1,256,64,16,2048,1,1,[2; 1; 1; 256; 64; 16; 2048; 1; 1],2.7827237569727004,0.02009687565760124,tvm
8,8,8,256,16,16,2048,64,1,[8; 8; 8; 256; 16; 16; 2048; 64; 1],0.36177294701337814,0.15458329262874732,tvm
32,1,1,4096,16,16,32,16,1,[32; 1; 1; 4096; 16; 16; 32; 16; 1],2.6217284480808303,0.021330986195107704,tvm
64,64,2,2048,64,64,1792,8,4,[64; 64; 2; 2048; 64; 64; 1792; 8; 4],0.613829112960957,0.09110687673898325,tvm
64,8,2,256,128,128,28,7,8,[64; 8; 2; 256; 128; 128; 28; 7; 8],0.4331671450054273,0.12910502095590062,tvm
32,2,1,2048,128,32,14,2,2,[32; 2; 1; 2048; 128; 32; 14; 2; 2],1.1567225489998236,0.0483469898479016,tvm
32,8,1,2048,64,64,256,2,4,[32; 8; 1; 2048; 64; 64; 256; 2; 4],1.0322845940245315,0.054175034343295,tvm
32,32,2,512,256,64,28,4,4,[32; 32; 2; 512; 256; 64; 28; 4; 4],0.16273021092638373,0.3436611617165075,tvm
64,32,4,16,16,16,1792,14,1,[64; 32; 4; 16; 16; 16; 1792; 14; 1],0.43991040997207165,0.1271260058085094,tvm
16,8,8,4096,512,16,8,8,1,[16; 8; 8; 4096; 512; 16; 8; 8; 1],0.21283740201033652,0.2627548203704223,tvm
32,16,8,128,32,16,1024,64,1,[32; 16; 8; 128; 32; 16; 1024; 64; 1],0.5372898479690775,0.10408544576958378,tvm
8,8,1,4096,1024,32,32,8,2,[8; 8; 1; 4096; 1024; 32; 32; 8; 2],0.4047386460006237,0.13817324806005096,tvm
16,8,4,2048,128,64,1792,16,4,[16; 8; 4; 2048; 128; 64; 1792; 16; 4],0.4699758670758456,0.11899345743280092,tvm
32,32,1,256,128,64,3584,16,4,[32; 32; 1; 256; 128; 64; 3584; 16; 4],2.08911087596789,0.026769308406105342,tvm
64,32,8,1024,256,16,1792,32,1,[64; 32; 8; 1024; 256; 16; 1792; 32; 1],0.3816291360417381,0.14654031375428583,tvm
64,2,2,256,64,64,14,1,4,[64; 2; 2; 256; 64; 64; 14; 1; 4],1.020360011025332,0.05480815861956093,tvm
64,32,2,2048,64,32,56,4,2,[64; 32; 2; 2048; 64; 32; 56; 4; 2],0.2212726710131392,0.25273818532254516,tvm
64,32,1,4096,512,16,224,4,1,[64; 32; 1; 4096; 512; 16; 224; 4; 1],1.0178506700322032,0.054943278989602655,tvm
8,2,2,4096,1024,16,448,64,1,[8; 2; 2; 4096; 1024; 16; 448; 64; 1],1.2909695770358667,0.04331942001432588,tvm
16,4,1,512,512,64,896,16,4,[16; 4; 1; 512; 512; 64; 896; 16; 4],1.6005931189283729,0.03493958125396387,tvm
16,4,1,1024,128,128,1024,32,8,[16; 4; 1; 1024; 128; 128; 1024; 32; 8],1.4031557639827952,0.03985591248586358,tvm
16,16,4,2048,1024,32,896,8,2,[16; 16; 4; 2048; 1024; 32; 896; 8; 2],0.4391811169916764,0.12733710801685774,tvm
64,32,1,128,32,16,512,4,1,[64; 32; 1; 128; 32; 16; 512; 4; 1],1.4424463220639154,0.038770283842046026,tvm
32,32,1,2048,1024,64,256,1,4,[32; 32; 1; 2048; 1024; 64; 256; 1; 4],0.7763678779592738,0.07203293041996126,tvm
64,64,2,128,64,16,3584,28,1,[64; 64; 2; 128; 64; 16; 3584; 28; 1],1.2743642199784517,0.04388388535757772,tvm
16,16,2,1024,1024,128,112,16,8,[16; 16; 2; 1024; 1024; 128; 112; 16; 8],0.4668631670065224,0.11978681824893682,tvm
16,2,2,256,32,32,3584,28,2,[16; 2; 2; 256; 32; 32; 3584; 28; 2],1.076348451897502,0.05195720143857172,tvm
32,2,2,2048,1024,128,32,4,8,[32; 2; 2; 2048; 1024; 128; 32; 4; 8],0.5993136750767007,0.0933134945171677,tvm
8,8,4,1024,1024,16,1792,4,1,[8; 8; 4; 1024; 1024; 16; 1792; 4; 1],0.644408998079598,0.08678347679810881,tvm
8,2,2,4096,1024,128,14336,2,8,[8; 2; 2; 4096; 1024; 128; 14336; 2; 8],0.9418416550615802,0.059377341225873966,tvm
16,1,1,2048,256,16,112,14,1,[16; 1; 1; 2048; 256; 16; 112; 14; 1],2.6188188830856234,0.021354685386811026,tvm
64,32,16,1024,16,16,14,7,1,[64; 32; 16; 1024; 16; 16; 14; 7; 1],0.33565208595246077,0.1666131559249538,tvm
8,2,1,4096,2048,128,4,2,8,[8; 2; 1; 4096; 2048; 128; 4; 2; 8],0.6543427719734609,0.08546599080581198,tvm
64,64,1,1024,16,16,7168,1,1,[64; 64; 1; 1024; 16; 16; 7168; 1; 1],2.81515046604909,0.019865386950992957,tvm
32,2,1,4096,256,32,1792,56,2,[32; 2; 1; 4096; 256; 32; 1792; 56; 2],2.1884566739900038,0.02555410577599983,tvm
16,16,1,4096,4096,16,2,2,1,[16; 16; 1; 4096; 4096; 16; 2; 2; 1],0.4084600330097601,0.136914382837542,tvm
8,8,8,2048,1024,16,14336,8,1,[8; 8; 8; 2048; 1024; 16; 14336; 8; 1],0.4712925720959902,0.11866101153392047,tvm
64,64,4,512,512,32,1024,8,2,[64; 64; 4; 512; 512; 32; 1024; 8; 2],0.2570296509657055,0.21757821762281843,tvm
2,1,1,512,64,32,448,64,2,[2; 1; 1; 512; 64; 32; 448; 64; 2],2.2640911240596324,0.02470044281303423,tvm
64,16,2,2048,128,64,256,64,4,[64; 16; 2; 2048; 128; 64; 256; 64; 4],0.5432859129505232,0.10293668950408864,tvm
32,32,2,64,64,64,56,2,4,[32; 32; 2; 64; 64; 64; 56; 2; 4],0.1969953590305522,0.28388513114494246,tvm
64,4,2,512,128,32,256,32,2,[64; 4; 2; 512; 128; 32; 256; 32; 2],0.8775771310320124,0.06372551352559497,tvm
8,2,2,2048,1024,32,448,4,2,[8; 2; 2; 2048; 1024; 32; 448; 4; 2],1.1001388740260154,0.05083363078397217,tvm
64,16,16,2048,256,16,1,1,1,[64; 16; 16; 2048; 256; 16; 1; 1; 1],0.3603714869823307,0.15518445646637782,tvm
32,32,2,1024,512,128,32,8,8,[32; 32; 2; 1024; 512; 128; 32; 8; 8],0.1522238530451432,0.36738035606514713,tvm
32,16,16,64,32,16,1792,56,1,[32; 16; 16; 64; 32; 16; 1792; 56; 1],0.6269464599899948,0.08920068443201004,tvm
32,32,4,4096,2048,32,2,1,2,[32; 32; 4; 4096; 2048; 32; 2; 1; 2],0.31426500098314136,0.1779518977881134,tvm
16,8,4,2048,1024,16,14336,7,1,[16; 8; 4; 2048; 1024; 16; 14336; 7; 1],0.5679764930391684,0.09846191527063206,tvm
64,4,1,2048,128,32,14,2,2,[64; 4; 1; 2048; 128; 32; 14; 2; 2],0.6738486790563911,0.0829920055814984,tvm
32,32,1,4096,1024,64,112,4,4,[32; 32; 1; 4096; 1024; 64; 112; 4; 4],0.7568810749799013,0.07388750383911816,tvm
16,2,1,1024,16,16,512,16,1,[16; 2; 1; 1024; 16; 16; 512; 16; 1],2.048836958943866,0.02729551177276744,tvm
4,2,2,512,128,64,1792,7,4,[4; 2; 2; 512; 128; 64; 1792; 7; 4],1.0279813710367307,0.05440181593654105,tvm
64,8,4,256,256,16,64,32,1,[64; 8; 4; 256; 256; 16; 64; 32; 1],0.42722490802407265,0.1309007323378772,tvm
64,4,1,512,128,64,896,32,4,[64; 4; 1; 512; 128; 64; 896; 32; 4],1.3952583719510585,0.040081503510444434,tvm
2,2,1,512,64,32,14336,7,2,[2; 2; 1; 512; 64; 32; 14336; 7; 2],2.316574004944414,0.024140844718956098,tvm
32,1,1,2048,512,128,32,1,8,[32; 1; 1; 2048; 512; 128; 32; 1; 8],1.2770008069928735,0.043793279555574646,tvm
16,1,1,1024,1024,64,512,4,4,[16; 1; 1; 1024; 1024; 64; 512; 4; 4],2.1909873239928856,0.025524590088187533,tvm
16,16,2,1024,64,64,896,28,4,[16; 16; 2; 1024; 64; 64; 896; 28; 4],0.5909964750753716,0.09462671215797212,tvm
4,1,1,4096,256,128,28,1,8,[4; 1; 1; 4096; 256; 128; 28; 1; 8],1.4608261649264023,0.038282483348147614,tvm
32,4,4,4096,512,16,896,2,1,[32; 4; 4; 4096; 512; 16; 896; 2; 1],0.7519689030013978,0.07437016758288657,tvm
4,1,1,128,64,64,224,2,4,[4; 1; 1; 128; 64; 64; 224; 2; 4],2.153533129952848,0.025968513117120146,tvm
32,8,8,512,128,16,3584,4,1,[32; 8; 8; 512; 128; 16; 3584; 4; 1],0.5469010960077867,0.10225624658930488,tvm
64,16,1,128,64,64,32,4,4,[64; 16; 1; 128; 64; 64; 32; 4; 4],0.4923677290789783,0.11358188205783655,tvm
64,32,2,512,128,128,448,2,8,[64; 32; 2; 512; 128; 128; 448; 2; 8],0.4701466099359095,0.11895024265081251,tvm
32,16,2,1024,1024,128,3584,4,8,[32; 16; 2; 1024; 1024; 128; 3584; 4; 8],0.923074641963467,0.060584540828006704,tvm
16,4,1,2048,1024,16,14336,64,1,[16; 4; 1; 2048; 1024; 16; 14336; 64; 1],2.6567438839701936,0.02104984739807187,tvm
16,2,2,2048,1024,16,448,56,1,[16; 2; 2; 2048; 1024; 16; 448; 56; 1],1.2842752790311351,0.043545222933453,tvm
2,2,2,1024,512,128,112,28,8,[2; 2; 2; 1024; 512; 128; 112; 28; 8],0.9676389790838584,0.05779433708456136,tvm
8,4,1,4096,256,64,448,56,4,[8; 4; 1; 4096; 256; 64; 448; 56; 4],1.3418204629560933,0.04167774667121265,tvm
32,8,1,16,16,16,32,8,1,[32; 8; 1; 16; 16; 16; 32; 8; 1],0.5671865449985489,0.09859904792606886,tvm
64,32,2,1024,32,16,14336,4,1,[64; 32; 2; 1024; 32; 16; 14336; 4; 1],1.326382908038795,0.04216282718541909,tvm
16,1,1,4096,4096,64,7168,1,4,[16; 1; 1; 4096; 4096; 64; 7168; 1; 4],2.0784951439127326,0.026906030306165275,tvm
32,4,2,4096,512,16,3584,7,1,[32; 4; 2; 4096; 512; 16; 3584; 7; 1],1.2467962770024315,0.044854203020069074,tvm
32,8,1,128,32,32,3584,2,2,[32; 8; 1; 128; 32; 32; 3584; 2; 2],2.297800450003706,0.02433808093877044,tvm
64,32,2,256,128,128,2048,2,8,[64; 32; 2; 256; 128; 128; 2048; 2; 8],0.5469460579333827,0.10224784057250635,tvm
64,1,1,128,128,16,896,14,1,[64; 1; 1; 128; 128; 16; 896; 14; 1],2.7726046009920537,0.020170223086740675,tvm
16,16,2,2048,128,32,56,4,2,[16; 16; 2; 2048; 128; 32; 56; 4; 2],0.27941796102095395,0.20014480504043014,tvm
64,64,8,256,64,16,16,8,1,[64; 64; 8; 256; 64; 16; 16; 8; 1],0.17642796807922423,0.31697952395065204,tvm
8,2,2,2048,128,64,7168,56,4,[8; 2; 2; 2048; 128; 64; 7168; 56; 4],1.0188537780195475,0.05488918482693244,tvm
64,2,1,2048,1024,16,224,56,1,[64; 2; 1; 2048; 1024; 16; 224; 56; 1],2.4993467789608985,0.022375467783859796,tvm
64,32,4,2048,128,64,32,1,4,[64; 32; 4; 2048; 128; 64; 32; 1; 4],0.2640604260377586,0.2117850606108491,tvm
8,4,1,16,16,16,28,28,1,[8; 4; 1; 16; 16; 16; 28; 28; 1],0.8504589250078425,0.06575750067273106,tvm
64,32,4,256,256,64,512,4,4,[64; 32; 4; 256; 256; 64; 512; 4; 4],0.38828586402814835,0.14402804354803703,tvm
64,16,16,4096,64,16,112,8,1,[64; 16; 16; 4096; 64; 16; 112; 8; 1],0.4167700380785391,0.1341844379964632,tvm
64,32,4,4096,64,32,3584,32,2,[64; 32; 4; 4096; 64; 32; 3584; 32; 2],0.54053090501111,0.1034613429405741,tvm
8,2,2,2048,512,64,4,4,4,[8; 2; 2; 2048; 512; 64; 4; 4; 4],0.6322300030151382,0.08845523475100608,tvm
8,2,1,512,16,16,448,7,1,[8; 2; 1; 512; 16; 16; 448; 7; 1],2.002767340047285,0.027923389909090976,tvm
8,4,1,1024,1024,128,256,64,8,[8; 4; 1; 1024; 1024; 128; 256; 64; 8],1.3246129710460082,0.042219164809455055,tvm
16,2,1,512,512,32,224,28,2,[16; 2; 1; 512; 512; 32; 224; 28; 2],2.115523190004751,0.026435093501956716,tvm
16,16,1,512,512,128,448,2,8,[16; 16; 1; 512; 512; 128; 448; 2; 8],0.8692582629155368,0.06433537156812429,tvm
32,8,2,1024,256,128,128,16,8,[32; 8; 2; 1024; 256; 128; 128; 16; 8],0.5997074699262157,0.0932522206872192,tvm
32,16,8,4096,128,32,14336,1,2,[32; 16; 8; 4096; 128; 32; 14336; 1; 2],0.714839426917024,0.0782330286040935,tvm
32,8,4,512,32,32,1792,2,2,[32; 8; 4; 512; 32; 32; 1792; 2; 2],0.5533357439562678,0.10106712596132814,tvm
16,4,4,2048,512,64,3584,28,4,[16; 4; 4; 2048; 512; 64; 3584; 28; 4],0.479628645000048,0.1165986517200776,tvm
32,4,1,1024,512,32,56,4,2,[32; 4; 1; 1024; 512; 32; 56; 4; 2],0.7539611510001123,0.0741736537209528,tvm
8,2,2,4096,512,16,2048,16,1,[8; 2; 2; 4096; 512; 16; 2048; 16; 1],1.2892092349939048,0.043378570223783525,tvm
16,16,2,32,32,16,128,8,1,[16; 16; 2; 32; 32; 16; 128; 8; 1],0.6829631309956312,0.08188443972342493,tvm
64,64,16,2048,2048,16,56,14,1,[64; 64; 16; 2048; 2048; 16; 56; 14; 1],0.3283760549966246,0.1703049064704434,tvm
32,32,8,64,32,32,56,56,2,[32; 32; 8; 64; 32; 32; 56; 56; 2],0.23237016599159688,0.24066795793120746,tvm
32,32,16,4096,128,16,3584,1,1,[32; 32; 16; 4096; 128; 16; 3584; 1; 1],0.743411062983796,0.07522628612610827,tvm
64,4,4,1024,128,16,4,1,1,[64; 4; 4; 1024; 128; 16; 4; 1; 1],0.6075901869917288,0.09204239062882467,tvm
64,8,1,4096,512,16,7,7,1,[64; 8; 1; 4096; 512; 16; 7; 7; 1],0.24935676797758788,0.2242732522838914,tvm
2,2,2,512,64,32,7168,28,2,[2; 2; 2; 512; 64; 32; 7168; 28; 2],1.0594503619940951,0.05278591177039498,tvm
64,64,4,2048,1024,16,28,7,1,[64; 64; 4; 2048; 1024; 16; 28; 7; 1],0.1824599920073524,0.3065003605342689,tvm
16,8,4,256,64,32,56,7,2,[16; 8; 4; 256; 64; 32; 56; 7; 2],0.3309051590040326,0.1690032681921765,tvm
2,2,1,256,256,128,1792,7,8,[2; 2; 1; 256; 256; 128; 1792; 7; 8],1.9170540609629825,0.029171870774077877,tvm
4,2,1,4096,2048,128,1792,7,8,[4; 2; 1; 4096; 2048; 128; 1792; 7; 8],2.012826525955461,0.027783841584056508,tvm
64,64,8,1024,512,16,448,7,1,[64; 64; 8; 1024; 512; 16; 448; 7; 1],0.2907857740065083,0.19232045833191846,tvm
16,8,2,2048,64,16,14336,2,1,[16; 8; 2; 2048; 64; 16; 14336; 2; 1],1.3158199429744855,0.04250129634523843,tvm
32,32,4,512,256,64,448,14,4,[32; 32; 4; 512; 256; 64; 448; 14; 4],0.322194239939563,0.17357248020269866,tvm
64,4,4,1024,64,64,128,4,4,[64; 4; 4; 1024; 64; 64; 128; 4; 4],0.4761393970111385,0.11745311075786716,tvm
64,8,2,128,128,128,64,1,8,[64; 8; 2; 128; 128; 128; 64; 1; 8],0.45601972402073443,0.12263516332199387,tvm
2,2,2,256,64,64,3584,28,4,[2; 2; 2; 256; 64; 64; 3584; 28; 4],1.0097659659804776,0.05538318305175929,tvm
16,8,1,512,16,16,1792,14,1,[16; 8; 1; 512; 16; 16; 1792; 14; 1],2.094143202994019,0.026704980468087437,tvm
64,32,8,2048,16,16,448,28,1,[64; 32; 8; 2048; 16; 16; 448; 28; 1],0.2981847319751978,0.18754834616409852,tvm
32,16,8,128,32,32,8,2,2,[32; 16; 8; 128; 32; 32; 8; 2; 2],0.41869374900124967,0.13356792038747733,tvm
64,64,8,128,128,16,8,1,1,[64; 64; 8; 128; 128; 16; 8; 1; 1],0.28632579604163766,0.19531615420777815,tvm
64,1,1,1024,512,16,1792,1,1,[64; 1; 1; 1024; 512; 16; 1792; 1; 1],2.6610454749315977,0.02101582023312505,tvm
32,4,2,128,64,32,224,2,2,[32; 4; 2; 128; 64; 32; 224; 2; 2],0.8252701109740883,0.0677645447104884,tvm
64,4,4,512,256,64,2,2,4,[64; 4; 4; 512; 256; 64; 2; 2; 4],0.4856795290252194,0.11514599646720837,tvm
32,4,1,4096,4096,64,56,28,4,[32; 4; 1; 4096; 4096; 64; 56; 28; 4],0.6738135629566386,0.08299633074754859,tvm
16,4,1,64,32,32,14336,2,2,[16; 4; 1; 64; 32; 32; 14336; 2; 2],2.264527151011862,0.024695686827311703,tvm
8,8,1,256,256,128,28,28,8,[8; 8; 1; 256; 256; 128; 28; 28; 8],0.4178867640439421,0.13382585462183422,tvm
16,2,2,4096,512,16,2048,16,1,[16; 2; 2; 4096; 512; 16; 2048; 16; 1],1.290918065002188,0.04332114860693234,tvm
4,4,1,512,128,64,896,4,4,[4; 4; 1; 512; 128; 64; 896; 4; 4],1.424537705956027,0.039257685563192535,tvm
16,8,1,1024,256,64,512,4,4,[16; 8; 1; 1024; 256; 64; 512; 4; 4],1.1219365620054305,0.04984600308717156,tvm
64,16,2,2048,2048,32,224,2,2,[64; 16; 2; 2048; 2048; 32; 224; 2; 2],0.5241267119999975,0.10669949089206811,tvm
8,8,1,4096,128,32,7168,28,2,[8; 8; 1; 4096; 128; 32; 7168; 28; 2],2.2809363420819864,0.024518024594358975,tvm
64,32,2,4096,2048,128,224,16,8,[64; 32; 2; 4096; 2048; 128; 224; 16; 8],0.4192801140015945,0.13338112508985023,tvm
32,8,8,128,16,16,2,1,1,[32; 8; 8; 128; 16; 16; 2; 1; 1],0.3839515420841053,0.14565393598831558,tvm
1,1,1,32,32,32,7168,64,2,[1; 1; 1; 32; 32; 32; 7168; 64; 2],2.1809520260430872,0.025642037360535913,tvm
4,4,2,64,16,16,56,4,1,[4; 4; 2; 64; 16; 16; 56; 4; 1],0.7529493150068447,0.07427333051338915,tvm
8,2,2,2048,512,128,1792,56,8,[8; 2; 2; 2048; 512; 128; 1792; 56; 8],0.9477985240519047,0.05900415743870766,tvm
2,2,2,1024,64,16,2048,2,1,[2; 2; 2; 1024; 64; 16; 2048; 2; 1],1.3066589849768206,0.04279927201841833,tvm
4,2,2,512,512,16,448,32,1,[4; 2; 2; 512; 512; 16; 448; 32; 1],1.285781009006314,0.0434942287540496,tvm
4,2,2,4096,512,64,7168,16,4,[4; 2; 2; 4096; 512; 64; 7168; 16; 4],1.0042970880167559,0.055684770971276866,tvm
16,4,2,512,256,64,224,14,4,[16; 4; 2; 512; 256; 64; 224; 14; 4],0.846539045101963,0.06606198929264681,tvm
64,16,8,1024,128,16,224,32,1,[64; 16; 8; 1024; 128; 16; 224; 32; 1],0.32993029698263854,0.16950263084289027,tvm
8,8,8,1024,1024,32,112,1,2,[8; 8; 8; 1024; 1024; 32; 112; 1; 2],0.7536417039809749,0.07420509379712498,tvm
16,16,1,256,256,128,112,7,8,[16; 16; 1; 256; 256; 128; 112; 7; 8],0.9680141669232398,0.05777193686233305,tvm
4,1,1,1024,512,128,64,32,8,[4; 1; 1; 1024; 512; 128; 64; 32; 8],1.9958951940061525,0.028019534042307507,tvm
16,2,1,1024,128,64,256,64,4,[16; 2; 1; 1024; 128; 64; 256; 64; 4],1.7271882040658966,0.032378667942315156,tvm
8,8,8,128,64,32,7168,7,2,[8; 8; 8; 128; 64; 32; 7168; 7; 2],0.42931625491473824,0.1302630699236855,tvm
16,2,1,2048,64,64,14336,7,4,[16; 2; 1; 2048; 64; 64; 14336; 7; 4],2.1191702958894894,0.026389598533826216,tvm
32,2,1,1024,64,32,448,14,2,[32; 2; 1; 1024; 64; 32; 448; 14; 2],1.7465029519516975,0.03202058906962558,tvm
32,16,2,64,32,32,16,4,2,[32; 16; 2; 64; 32; 32; 16; 4; 2],0.24026598304044455,0.23275893085505783,tvm
64,64,4,128,32,16,896,56,1,[64; 64; 4; 128; 32; 16; 896; 56; 1],0.3687469260767102,0.15165971396246836,tvm
4,2,2,4096,128,64,896,64,4,[4; 2; 2; 4096; 128; 64; 896; 64; 4],1.026638645096682,0.05447296729032325,tvm
16,2,2,64,16,16,112,1,1,[16; 2; 2; 64; 16; 16; 112; 1; 1],1.2227330729365349,0.045736927029400826,tvm
8,4,4,4096,128,64,224,2,4,[8; 4; 4; 4096; 128; 64; 224; 2; 4],0.7044619740918279,0.07938548195653714,tvm
8,2,2,512,256,64,448,28,4,[8; 2; 2; 512; 256; 64; 448; 28; 4],1.040952374925837,0.053723930777637804,tvm
32,32,1,128,128,16,448,7,1,[32; 32; 1; 128; 128; 16; 448; 7; 1],1.1658438360318542,0.047968734409301564,tvm
64,1,1,64,64,16,7168,56,1,[64; 1; 1; 64; 64; 16; 7168; 56; 1],2.7751830499619246,0.020151482740607185,tvm
64,4,4,1024,512,32,28,2,2,[64; 4; 4; 1024; 512; 32; 28; 2; 2],0.453964481013827,0.12319037209351623,tvm
1,1,1,256,16,16,14336,56,1,[1; 1; 1; 256; 16; 16; 14336; 56; 1],2.644464913988486,0.021147587565828765,tvm
32,2,2,4096,512,16,224,14,1,[32; 2; 2; 4096; 512; 16; 224; 14; 1],1.284154152031988,0.043549330308079934,tvm
64,8,2,512,128,32,448,8,2,[64; 8; 2; 512; 128; 32; 448; 8; 2],0.6714735029963776,0.08328556984568761,tvm
16,4,2,4096,2048,32,14336,2,2,[16; 4; 2; 4096; 2048; 32; 14336; 2; 2],1.055678220000118,0.052974526019232526,tvm
64,64,4,16,16,16,7168,1,1,[64; 64; 4; 16; 16; 16; 7168; 1; 1],0.8294288179604337,0.06742477729535687,tvm
8,2,1,32,16,16,3584,1,1,[8; 2; 1; 32; 16; 16; 3584; 1; 1],2.852318086079322,0.019606527619156325,tvm
16,2,1,512,512,128,512,8,8,[16; 2; 1; 512; 512; 128; 512; 8; 8],1.9826570239383727,0.028206620034687165,tvm
16,2,2,512,64,64,32,16,4,[16; 2; 2; 512; 64; 64; 32; 16; 4],1.014847285929136,0.05510588056816103,tvm
64,64,4,4096,2048,32,32,4,2,[64; 64; 4; 4096; 2048; 32; 32; 4; 2],0.20578404399566352,0.2717608821727297,tvm
64,8,2,2048,32,16,1024,2,1,[64; 8; 2; 2048; 32; 16; 1024; 2; 1],0.8392137460177764,0.06663862883407624,tvm
64,16,1,4096,128,16,448,16,1,[64; 16; 1; 4096; 128; 16; 448; 16; 1],1.1366935200057924,0.049198884614956154,tvm
64,16,1,2048,256,16,14336,64,1,[64; 16; 1; 2048; 256; 16; 14336; 64; 1],2.683200258994475,0.02084229574213398,tvm
2,2,1,512,64,16,224,56,1,[2; 2; 1; 512; 64; 16; 224; 56; 1],1.9090423570014536,0.029294296759959607,tvm
32,16,1,4096,128,32,1024,16,2,[32; 16; 1; 4096; 128; 32; 1024; 16; 2],1.0155544569715858,0.05506750814732335,tvm
64,64,1,4096,256,64,7168,7,4,[64; 64; 1; 4096; 256; 64; 7168; 7; 4],2.0791409889934584,0.026897672466361676,tvm
32,4,2,2048,2048,64,16,2,4,[32; 4; 2; 2048; 2048; 64; 16; 2; 4],0.3524766881018877,0.15866028937825188,tvm
16,4,2,4096,4096,128,128,1,8,[16; 4; 2; 4096; 4096; 128; 128; 1; 8],0.8428914280375466,0.06634787289691384,tvm
8,8,1,2048,512,16,64,8,1,[8; 8; 1; 2048; 512; 16; 64; 8; 1],0.7602452300488949,0.07356054483858662,tvm
32,16,2,256,32,32,8,2,2,[32; 16; 2; 256; 32; 32; 8; 2; 2],0.24831436399836093,0.22521473358545813,tvm
8,4,4,512,256,64,14336,28,4,[8; 4; 4; 512; 256; 64; 14336; 28; 4],0.4757889419561252,0.11753962398413699,tvm
16,1,1,2048,256,32,3584,64,2,[16; 1; 1; 2048; 256; 32; 3584; 64; 2],2.2459133910015225,0.02490036060936217,tvm
1,1,1,4096,4096,128,448,56,8,[1; 1; 1; 4096; 4096; 128; 448; 56; 8],1.9855447730515152,0.028165596712979475,tvm
16,16,8,1024,64,32,14336,14,2,[16; 16; 8; 1024; 64; 32; 14336; 14; 2],0.38468858296982944,0.14537487154309275,tvm
16,4,1,4096,512,32,112,8,2,[16; 4; 1; 4096; 512; 32; 112; 8; 2],1.2878232119837776,0.04342525652040957,tvm
16,16,2,1024,64,16,112,4,1,[16; 16; 2; 1024; 64; 16; 112; 4; 1],0.624194996082224,0.0895938828160144,tvm
32,8,4,2048,64,32,1792,28,2,[32; 8; 4; 2048; 64; 32; 1792; 28; 2],0.500391933019273,0.11176050140516429,tvm
16,4,4,256,256,64,32,4,4,[16; 4; 4; 256; 256; 64; 32; 4; 4],0.49318786000367254,0.11339300471207238,tvm
32,8,2,2048,32,16,128,1,1,[32; 8; 2; 2048; 32; 16; 128; 1; 1],0.7021450289757922,0.07964743895560844,tvm
32,8,1,128,64,64,7168,64,4,[32; 8; 1; 128; 64; 64; 7168; 64; 4],2.1636693810578436,0.025846857113627685,tvm
64,64,2,4096,512,128,224,4,8,[64; 64; 2; 4096; 512; 128; 224; 4; 8],0.3868254480184987,0.14457180524136287,tvm
64,2,1,2048,2048,128,4,2,8,[64; 2; 1; 2048; 2048; 128; 4; 2; 8],0.6486879370640963,0.08621102711797078,tvm
8,4,4,32,16,16,896,7,1,[8; 4; 4; 32; 16; 16; 896; 7; 1],0.5958573500392959,0.09385476797365214,tvm
64,64,4,4096,1024,32,4,4,2,[64; 64; 4; 4096; 1024; 32; 4; 4; 2],0.1495683629764244,0.3739029579547402,tvm
32,32,1,256,256,32,56,7,2,[32; 32; 1; 256; 256; 32; 56; 7; 2],0.3279970899457112,0.17050167531239277,tvm
64,64,4,4096,256,32,224,56,2,[64; 64; 4; 4096; 256; 32; 224; 56; 2],0.3349963549990207,0.1669392890364339,tvm
16,1,1,1024,64,16,4,2,1,[16; 1; 1; 1024; 64; 16; 4; 2; 1],2.0902624529553577,0.026754560535814074,tvm
16,2,2,512,256,16,64,2,1,[16; 2; 2; 512; 256; 16; 64; 2; 1],1.2530608129454777,0.04462995950043062,tvm
32,1,1,512,256,16,512,8,1,[32; 1; 1; 512; 256; 16; 512; 8; 1],2.6966364399995655,0.020738447535531467,tvm
16,2,1,4096,4096,32,112,28,2,[16; 2; 1; 4096; 4096; 32; 112; 28; 2],1.8392422259785235,0.03040602947422019,tvm
64,16,2,512,64,32,3584,16,2,[64; 16; 2; 512; 64; 32; 3584; 16; 2],1.069633814971894,0.052283363288026574,tvm
4,4,1,256,32,16,1024,8,1,[4; 4; 1; 256; 32; 16; 1024; 8; 1],1.6276135820662603,0.034359539604196215,tvm
64,64,8,128,64,16,112,28,1,[64; 64; 8; 128; 64; 16; 112; 28; 1],0.26381128292996436,0.21198507020709892,tvm
16,4,2,1024,32,16,256,64,1,[16; 4; 2; 1024; 32; 16; 256; 64; 1],0.9298977690050378,0.06014000161885576,tvm
4,4,1,64,16,16,4,4,1,[4; 4; 1; 64; 16; 16; 4; 4; 1],0.5634838389232755,0.0992469516786763,tvm
4,2,2,512,64,32,3584,2,2,[4; 2; 2; 512; 64; 32; 3584; 2; 2],1.0511421889532357,0.053203128864064024,tvm
8,2,2,128,64,16,28,7,1,[8; 2; 2; 128; 64; 16; 28; 7; 1],1.270452416036278,0.044019006636873845,tvm
64,8,8,1024,256,16,512,32,1,[64; 8; 8; 1024; 256; 16; 512; 32; 1],0.39520783198531717,0.14150542779580097,tvm
64,64,4,1024,1024,32,7168,16,2,[64; 64; 4; 1024; 1024; 32; 7168; 16; 2],0.503076900029555,0.11116402548009635,tvm
8,1,1,512,16,16,224,28,1,[8; 1; 1; 512; 16; 16; 224; 28; 1],2.642422550939955,0.021163932813637317,tvm
16,8,4,512,256,64,32,1,4,[16; 8; 4; 512; 256; 64; 32; 1; 4],0.38890838099177927,0.14379750107394948,tvm
8,4,4,32,32,32,16,2,2,[8; 4; 4; 32; 32; 32; 16; 2; 2],0.5197482289513573,0.10759835285281406,tvm
32,4,4,128,64,16,224,16,1,[32; 4; 4; 128; 64; 16; 224; 16; 1],0.5835753639694303,0.09583004490275711,tvm
16,4,1,32,32,32,56,4,2,[16; 4; 1; 32; 32; 32; 56; 4; 2],0.7616364220157266,0.07342618041470002,tvm
64,64,8,2048,512,32,1024,64,2,[64; 64; 8; 2048; 512; 32; 1024; 64; 2],0.3304499740479514,0.16923606513952466,tvm
64,16,2,1024,32,32,512,16,2,[64; 16; 2; 1024; 32; 32; 512; 16; 2],0.5645354399457574,0.09906207719874366,tvm
32,32,8,4096,512,16,896,8,1,[32; 32; 8; 4096; 512; 16; 896; 8; 1],0.38981124304700643,0.14346444421714533,tvm
16,16,1,512,256,16,1024,4,1,[16; 16; 1; 512; 256; 16; 1024; 4; 1],1.280563098960556,0.04367145467390663,tvm
16,2,2,1024,256,32,14336,28,2,[16; 2; 2; 1024; 256; 32; 14336; 28; 2],1.0962031909730285,0.05101613806076698,tvm
8,4,1,256,256,128,224,7,8,[8; 4; 1; 256; 256; 128; 224; 7; 8],1.2859235199866816,0.043489408556671036,tvm
32,8,2,256,128,32,64,1,2,[32; 8; 2; 256; 128; 32; 64; 1; 2],0.4802154500503093,0.11645617259393572,tvm
16,2,2,4096,256,16,14336,16,1,[16; 2; 2; 4096; 256; 16; 14336; 16; 1],1.2646623599575832,0.04422054067870655,tvm
4,1,1,512,128,32,128,32,2,[4; 1; 1; 512; 128; 32; 128; 32; 2],2.320287464070134,0.02410220897165652,tvm
2,1,1,256,256,128,448,1,8,[2; 1; 1; 256; 256; 128; 448; 1; 8],1.9562358809635043,0.02858758183383748,tvm
64,8,2,2048,1024,64,14,14,4,[64; 8; 2; 2048; 1024; 64; 14; 14; 4],0.25078765000216663,0.22299364953916267,tvm
16,8,8,1024,128,32,512,8,2,[16; 8; 8; 1024; 128; 32; 512; 8; 2],0.4033488549757749,0.1386493419863362,tvm
64,64,4,512,64,16,16,2,1,[64; 64; 4; 512; 64; 16; 16; 2; 1],0.30343944602645934,0.18430053859397325,tvm
16,2,2,512,128,64,16,1,4,[16; 2; 2; 512; 128; 64; 16; 1; 4],0.9545071660540998,0.0585894536177465,tvm
8,4,1,128,128,64,128,32,4,[8; 4; 1; 128; 128; 64; 128; 32; 4],1.2561191900167614,0.04452129525430393,tvm
32,8,1,512,512,64,14,2,4,[32; 8; 1; 512; 512; 64; 14; 2; 4],0.32310671196319163,0.17308230148962123,tvm
4,4,4,32,32,32,896,14,2,[4; 4; 4; 32; 32; 32; 896; 14; 2],0.5086214720504358,0.10995220690916446,tvm
16,2,1,64,16,16,32,8,1,[16; 2; 1; 64; 16; 16; 32; 8; 1],1.5839642399223521,0.03530638629573784,tvm
32,4,2,1024,32,16,896,8,1,[32; 4; 2; 1024; 32; 16; 896; 8; 1],1.068145369994454,0.052356219391395856,tvm
64,8,8,1024,512,16,896,7,1,[64; 8; 8; 1024; 512; 16; 896; 7; 1],0.48488936398644,0.1153336358495528,tvm
16,16,4,4096,128,32,448,14,2,[16; 16; 4; 4096; 128; 32; 448; 14; 2],0.36547962902113795,0.15301551411528574,tvm
16,8,8,4096,32,16,32,16,1,[16; 8; 8; 4096; 32; 16; 32; 16; 1],0.431002059020102,0.12975356419521195,tvm
64,16,8,4096,512,16,3584,56,1,[64; 16; 8; 4096; 512; 16; 3584; 56; 1],0.5244419170776382,0.10663536134746902,tvm
16,2,1,32,32,16,64,2,1,[16; 2; 1; 32; 32; 16; 64; 2; 1],1.6659665750339627,0.03356853262928955,tvm
64,2,2,1024,256,16,16,16,1,[64; 2; 2; 1024; 256; 16; 16; 16; 1],0.677645310992375,0.0825270276738661,tvm
64,2,2,512,512,64,512,16,4,[64; 2; 2; 512; 512; 64; 512; 16; 4],1.0312531759263948,0.05422921804153056,tvm
16,8,4,512,512,32,896,7,2,[16; 8; 4; 512; 512; 32; 896; 7; 2],0.5289721139706671,0.10572212004437434,tvm
2,2,2,1024,512,16,896,64,1,[2; 2; 2; 1024; 512; 16; 896; 64; 1],1.2921982019906864,0.04327823181241078,tvm
16,1,1,64,32,32,224,1,2,[16; 1; 1; 64; 32; 32; 224; 1; 2],2.2659850149648264,0.024679798394077822,tvm
16,8,2,4096,4096,128,896,16,8,[16; 8; 2; 4096; 4096; 128; 896; 16; 8],0.7297120459843427,0.07663852288185097,tvm
16,4,2,128,16,16,512,1,1,[16; 4; 2; 128; 16; 16; 512; 1; 1],1.0284348129061982,0.05437782991349795,tvm
16,4,1,4096,2048,32,224,7,2,[16; 4; 1; 4096; 2048; 32; 224; 7; 2],1.4508395220618695,0.038545995255117205,tvm
16,4,1,2048,128,32,1024,16,2,[16; 4; 1; 2048; 128; 32; 1024; 16; 2],1.5178782069124281,0.0368435708995984,tvm
8,8,2,1024,256,32,896,16,2,[8; 8; 2; 1024; 256; 32; 896; 16; 2],0.7342746650101617,0.07616230819098109,tvm
8,8,2,4096,4096,64,32,4,4,[8; 8; 2; 4096; 4096; 64; 32; 4; 4],0.2592078800080344,0.21574981953326386,tvm
8,8,4,2048,128,32,2048,64,2,[8; 8; 4; 2048; 128; 32; 2048; 64; 2],0.5021499679423869,0.11136922613475038,tvm
2,2,1,1024,1024,16,3584,1,1,[2; 2; 1; 1024; 1024; 16; 3584; 1; 1],2.597011178964749,0.021534005623967487,tvm
32,16,2,256,128,128,112,28,8,[32; 16; 2; 256; 128; 128; 112; 28; 8],0.5634730990277603,0.09924884334288007,tvm
64,32,1,4096,1024,64,1792,28,4,[64; 32; 1; 4096; 1024; 64; 1792; 28; 4],0.9940493539907038,0.056258829713857775,tvm
8,8,4,1024,256,64,7168,1,4,[8; 8; 4; 1024; 256; 64; 7168; 1; 4],0.7028106990037486,0.07957200055805504,tvm
64,4,1,4096,128,128,2048,32,8,[64; 4; 1; 4096; 128; 128; 2048; 32; 8],1.736675756983459,0.03220178154065519,tvm
8,8,1,1024,128,32,7168,14,2,[8; 8; 1; 1024; 128; 32; 7168; 14; 2],2.2720996290445328,0.024613380777167158,tvm
32,16,4,512,32,16,448,7,1,[32; 16; 4; 512; 32; 16; 448; 7; 1],0.4103742290753871,0.13627574387245428,tvm
32,4,4,4096,1024,16,128,2,1,[32; 4; 4; 4096; 1024; 16; 128; 2; 1],0.8027659100480378,0.06966421049193136,tvm
8,2,1,1024,512,16,3584,1,1,[8; 2; 1; 1024; 512; 16; 3584; 1; 1],2.6190701269079,0.021352636860990745,tvm
32,2,2,2048,2048,32,4,2,2,[32; 2; 2; 2048; 2048; 32; 4; 2; 2],0.566865950007923,0.09865481130512725,tvm
16,2,1,128,64,16,8,8,1,[16; 2; 1; 128; 64; 16; 8; 8; 1],1.0248728269943967,0.0545668222049945,tvm
8,2,2,512,512,128,64,64,8,[8; 2; 2; 512; 512; 128; 64; 64; 8],0.9730989289237186,0.0574700594883886,tvm
64,16,2,16,16,16,512,64,1,[64; 16; 2; 16; 16; 16; 512; 64; 1],0.8006302799331024,0.06985003532217908,tvm
32,16,1,4096,1024,32,28,7,2,[32; 16; 1; 4096; 1024; 32; 28; 7; 2],0.329744988004677,0.16959788736058098,tvm
64,8,2,4096,256,16,56,28,1,[64; 8; 2; 4096; 256; 16; 56; 28; 1],0.4787609690101817,0.11680996771510839,tvm
16,8,1,1024,256,128,3584,4,8,[16; 8; 1; 1024; 256; 128; 3584; 4; 8],1.9189151070313528,0.029143578644211278,tvm
32,16,8,4096,256,32,112,2,2,[32; 16; 8; 4096; 256; 32; 112; 2; 2],0.549186069983989,0.10183079358688713,tvm
16,8,1,4096,64,64,14,1,4,[16; 8; 1; 4096; 64; 64; 14; 1; 4],0.3714809399098158,0.15054353353071084,tvm
2,1,1,4096,4096,16,7168,14,1,[2; 1; 1; 4096; 4096; 16; 7168; 14; 1],2.6038353439653292,0.021477569026376184,tvm
4,4,1,64,32,32,128,1,2,[4; 4; 1; 64; 32; 32; 128; 1; 2],1.176776295993477,0.047523096380965274,tvm
4,2,2,1024,32,16,3584,8,1,[4; 2; 2; 1024; 32; 16; 3584; 8; 1],1.2588758929632604,0.04442380193784952,tvm
8,8,2,2048,1024,16,512,2,1,[8; 8; 2; 2048; 1024; 16; 512; 2; 1],0.8976522269658744,0.062300356032492045,tvm
64,8,4,32,32,32,256,8,2,[64; 8; 4; 32; 32; 32; 256; 8; 2],0.4407429089769721,0.1268858833444221,tvm
32,32,4,4096,64,64,28,4,4,[32; 32; 4; 4096; 64; 64; 28; 4; 4],0.2186533159110695,0.25576585975983424,tvm
8,1,1,2048,1024,32,7168,16,2,[8; 1; 1; 2048; 1024; 32; 7168; 16; 2],2.1996558629907668,0.025424001215033736,tvm
8,8,8,32,32,32,512,1,2,[8; 8; 8; 32; 32; 32; 512; 1; 2],0.4908040219452232,0.11394375521147382,tvm
32,8,1,4096,1024,128,32,16,8,[32; 8; 1; 4096; 1024; 128; 32; 16; 8],0.3494908499997109,0.16001578677490297,tvm
64,8,1,256,256,128,256,16,8,[64; 8; 1; 256; 256; 128; 256; 16; 8],1.3793056569993496,0.040545076466223545,tvm
8,4,1,256,128,64,512,16,4,[8; 4; 1; 256; 128; 64; 512; 16; 4],1.3432788288919255,0.04163249813105835,tvm
32,32,1,256,128,32,2048,64,2,[32; 32; 1; 256; 128; 32; 2048; 64; 2],0.9504844709299505,0.058837419277999826,tvm
64,8,4,256,256,16,7168,56,1,[64; 8; 4; 256; 256; 16; 7168; 56; 1],0.5886291520437226,0.09500727773873383,tvm
16,4,1,1024,64,16,2048,16,1,[16; 4; 1; 1024; 64; 16; 2048; 16; 1],2.1468552749138325,0.026049288923575872,tvm
64,64,4,4096,64,64,16,16,4,[64; 64; 4; 4096; 64; 64; 16; 16; 4],0.11671571002807468,0.47914760849144833,tvm
8,4,2,2048,512,64,128,8,4,[8; 4; 2; 2048; 512; 64; 128; 8; 4],0.8987199409166351,0.06222634080678625,tvm
8,8,2,1024,64,32,16,1,2,[8; 8; 2; 1024; 64; 32; 16; 1; 2],0.44568906095810235,0.12547773376603147,tvm
64,64,8,32,16,16,448,16,1,[64; 64; 8; 32; 16; 16; 448; 16; 1],0.3068062999518588,0.18227804755674318,tvm
4,4,1,2048,256,32,8,8,2,[4; 4; 1; 2048; 256; 32; 8; 8; 2],0.4580869999481365,0.12208172975802614,tvm
64,16,8,4096,512,16,7168,7,1,[64; 16; 8; 4096; 512; 16; 7168; 7; 1],0.4854934320319444,0.1151901336734328,tvm
32,8,4,2048,2048,64,224,4,4,[32; 8; 4; 2048; 2048; 64; 224; 4; 4],0.5158013580366969,0.10842168687999963,tvm
64,16,2,256,128,128,224,32,8,[64; 16; 2; 256; 128; 128; 224; 32; 8],0.5923807739745826,0.0944055847020668,tvm
8,4,2,64,32,32,28,28,2,[8; 4; 2; 64; 32; 32; 28; 28; 2],0.6984865000704303,0.08006461589120814,tvm
32,4,4,256,64,16,1024,1,1,[32; 4; 4; 256; 64; 16; 1024; 1; 1],0.6787152279866859,0.0823969332458095,tvm
4,4,4,4096,512,64,3584,14,4,[4; 4; 4; 4096; 512; 64; 3584; 14; 4],0.4933955779997632,0.11334526661153047,tvm
32,32,16,4096,256,16,7168,56,1,[32; 32; 16; 4096; 256; 16; 7168; 56; 1],0.6320622599450871,0.0884787098951169,tvm
16,1,1,1024,256,16,448,2,1,[16; 1; 1; 1024; 256; 16; 448; 2; 1],2.743766598054208,0.020382219600236003,tvm
16,16,4,2048,64,32,512,64,2,[16; 16; 4; 2048; 64; 32; 512; 64; 2],0.3606265389826149,0.1550747027412459,tvm
64,32,1,512,512,32,2048,2,2,[64; 32; 1; 512; 512; 32; 2048; 2; 2],0.8832071679644287,0.063319292870125,tvm
4,1,1,256,128,64,1,1,4,[4; 1; 1; 256; 128; 64; 1; 1; 4],1.9462962999241427,0.02873357634986666,tvm
2,1,1,512,256,64,3584,64,4,[2; 1; 1; 512; 256; 64; 3584; 64; 4],2.1329181470209733,0.02621950280250648,tvm
64,16,16,4096,32,16,3584,56,1,[64; 16; 16; 4096; 32; 16; 3584; 56; 1],0.6334675579564646,0.08828242682820506,tvm
64,16,2,512,16,16,16,2,1,[64; 16; 2; 512; 16; 16; 16; 2; 1],0.30397250899113715,0.18397733899996824,tvm
8,8,1,128,64,32,3584,56,2,[8; 8; 1; 128; 64; 32; 3584; 56; 2],2.271929696085863,0.024615221778068526,tvm
32,16,4,2048,64,64,448,56,4,[32; 16; 4; 2048; 64; 64; 448; 56; 4],0.3316785659408197,0.16860918695394891,tvm
64,8,2,512,32,32,896,8,2,[64; 8; 2; 512; 32; 32; 896; 8; 2],0.6874391910387203,0.08135127304690341,tvm
8,8,8,1024,64,16,896,8,1,[8; 8; 8; 1024; 64; 16; 896; 8; 1],0.4567679859464988,0.12243426652909889,tvm
64,1,1,4096,2048,64,3584,7,4,[64; 1; 1; 4096; 2048; 64; 3584; 7; 4],2.0839509579818696,0.02683558992553791,tvm
32,8,4,64,32,32,1792,2,2,[32; 8; 4; 64; 32; 32; 1792; 2; 2],0.5639018460642546,0.0991733822537637,tvm
8,4,2,4096,512,128,256,32,8,[8; 4; 2; 4096; 512; 128; 256; 32; 8],0.9260322810150683,0.06039104087390161,tvm
32,16,4,128,16,16,64,8,1,[32; 16; 4; 128; 16; 16; 64; 8; 1],0.3091804189607501,0.18087838007759732,tvm
16,8,8,512,256,32,512,64,2,[16; 8; 8; 512; 256; 32; 512; 64; 2],0.4942254719790071,0.11315493940326245,tvm
4,2,2,256,64,16,4,1,1,[4; 2; 2; 256; 64; 16; 4; 1; 1],1.0387705689063296,0.05383677109009068,tvm
8,8,8,128,16,16,7168,8,1,[8; 8; 8; 128; 16; 16; 7168; 8; 1],0.37726121698506176,0.1482369531123782,tvm
32,4,4,512,64,32,224,28,2,[32; 4; 4; 512; 64; 32; 224; 28; 2],0.5293123610317707,0.10565416085186914,tvm
64,64,16,1024,16,16,512,2,1,[64; 64; 16; 1024; 16; 16; 512; 2; 1],0.5544263450428843,0.10086831881881021,tvm
64,8,1,256,256,128,28,14,8,[64; 8; 1; 256; 256; 128; 28; 14; 8],0.41575160797219723,0.1345131377990321,tvm
64,64,2,4096,128,64,7,1,4,[64; 64; 2; 4096; 128; 64; 7; 1; 4],0.16031091497279704,0.3488474464937276,tvm
2,2,2,2048,64,16,2048,8,1,[2; 2; 2; 2048; 64; 16; 2048; 8; 1],1.2945783039322123,0.043198664123650934,tvm
2,2,1,2048,256,128,64,16,8,[2; 2; 1; 2048; 256; 128; 64; 16; 8],1.2181739310035482,0.0459081022093966,tvm
2,2,2,2048,128,128,64,2,8,[2; 2; 2; 2048; 128; 128; 64; 2; 8],0.9467003520112485,0.059072602238420695,tvm
32,32,2,2048,2048,32,14336,64,2,[32; 32; 2; 2048; 2048; 32; 14336; 64; 2],1.067526469938457,0.05238657298732589,tvm
4,4,1,16,16,16,64,64,1,[4; 4; 1; 16; 16; 16; 64; 64; 1],1.0558285959996283,0.05296698114184532,tvm
16,8,4,256,32,32,56,8,2,[16; 8; 4; 256; 32; 32; 56; 8; 2],0.33410915394779295,0.16738258342383486,tvm
64,16,4,4096,256,16,1024,1,1,[64; 16; 4; 4096; 256; 16; 1024; 1; 1],0.6221035449998453,0.08989508865979415,tvm
64,16,8,128,32,16,2,1,1,[64; 16; 8; 128; 32; 16; 2; 1; 1],0.47230981197208166,0.1184054447224548,tvm
16,8,1,1024,128,32,112,8,2,[16; 8; 1; 1024; 128; 32; 112; 8; 2],1.0472413119859993,0.053401305595248506,tvm
8,4,1,1024,1024,16,1792,8,1,[8; 4; 1; 1024; 1024; 16; 1792; 8; 1],2.2086061439476907,0.025320971548767845,tvm
8,8,1,32,16,16,112,2,1,[8; 8; 1; 32; 16; 16; 112; 2; 1],1.223711060010828,0.04570037418215252,tvm
16,16,1,1024,32,32,512,1,2,[16; 16; 1; 1024; 32; 32; 512; 1; 2],1.0005906469887123,0.055891041458000175,tvm
32,8,2,512,64,64,1792,28,4,[32; 8; 2; 512; 64; 64; 1792; 28; 4],0.8931092290440574,0.06261726059330038,tvm
64,8,1,2048,512,128,896,28,8,[64; 8; 1; 2048; 512; 128; 896; 28; 8],1.1359638960566372,0.04923048481335278,tvm
64,16,2,512,256,128,128,1,8,[64; 16; 2; 512; 256; 128; 128; 1; 8],0.5326135630020872,0.10499930384445388,tvm
2,2,1,2048,1024,32,1792,28,2,[2; 2; 1; 2048; 1024; 32; 1792; 28; 2],2.330672682961449,0.02399481220257575,tvm
8,8,8,64,16,16,256,32,1,[8; 8; 8; 64; 16; 16; 256; 32; 1],0.3655453530373052,0.15298800236047888,tvm
32,4,4,1024,512,64,7168,56,4,[32; 4; 4; 1024; 512; 64; 7168; 56; 4],0.4753804160282016,0.1176406335805295,tvm
16,4,4,4096,16,16,1792,2,1,[16; 4; 4; 4096; 16; 16; 1792; 2; 1],0.5525603319983929,0.101208954198862,tvm
32,32,4,4096,4096,16,256,32,1,[32; 32; 4; 4096; 4096; 16; 256; 32; 1],0.3244416810339317,0.17237012567286178,tvm
8,8,4,256,128,16,7168,7,1,[8; 8; 4; 256; 128; 16; 7168; 7; 1],0.5784905019681901,0.09667237948257355,tvm
4,1,1,256,32,16,512,16,1,[4; 1; 1; 256; 32; 16; 512; 16; 1],2.804644320975058,0.019939802318281442,tvm
32,16,4,2048,512,32,1792,4,2,[32; 16; 4; 2048; 512; 32; 1792; 4; 2],0.510674986988306,0.10951006953198188,tvm
4,4,4,512,128,64,448,1,4,[4; 4; 4; 512; 128; 64; 448; 1; 4],0.602687194943428,0.09279117559247747,tvm
64,64,16,2048,128,16,1792,64,1,[64; 64; 16; 2048; 128; 16; 1792; 64; 1],0.5535440460080281,0.10102909377607552,tvm
32,8,1,32,32,16,224,56,1,[32; 8; 1; 32; 32; 16; 224; 56; 1],1.5722226669313386,0.035570059196822164,tvm
64,64,2,4096,64,64,32,16,4,[64; 64; 2; 4096; 64; 64; 32; 16; 4],0.17014534794725478,0.32868399875775534,tvm
8,8,8,256,32,32,14,7,2,[8; 8; 8; 256; 32; 32; 14; 7; 2],0.38516917696688324,0.1451934803654906,tvm
8,4,1,512,512,32,256,16,2,[8; 4; 1; 512; 512; 32; 256; 16; 2],1.4402456330135465,0.038829524666788094,tvm
8,2,2,4096,2048,128,3584,32,8,[8; 2; 2; 4096; 2048; 128; 3584; 32; 8],0.9483926920220256,0.05896719133727208,tvm
32,4,2,4096,128,64,256,32,4,[32; 4; 2; 4096; 128; 64; 256; 32; 4],0.8080175209324807,0.06921143649062833,tvm
64,8,4,2048,2048,32,512,4,2,[64; 8; 4; 2048; 2048; 32; 512; 4; 2],0.580011673970148,0.09641884093562508,tvm
16,16,2,4096,16,16,3584,16,1,[16; 16; 2; 4096; 16; 16; 3584; 16; 1],1.2834761770209298,0.04357233451978702,tvm
32,32,1,2048,128,128,2048,32,8,[32; 32; 1; 2048; 128; 128; 2048; 32; 8],0.8920939590316266,0.06268852374478495,tvm
32,16,1,4096,32,32,128,2,2,[32; 16; 1; 4096; 32; 32; 128; 2; 2],0.9912575229536742,0.0564172801097086,tvm
64,64,16,256,64,16,224,16,1,[64; 64; 16; 256; 64; 16; 224; 16; 1],0.2990164529765025,0.18702667621345906,tvm
4,2,1,2048,256,32,1024,64,2,[4; 2; 1; 2048; 256; 32; 1024; 64; 2],2.099575711064972,0.02663588316373067,tvm
4,4,1,4096,2048,128,16,1,8,[4; 4; 1; 4096; 2048; 128; 16; 1; 8],0.45153515704441816,0.1238531539811683,tvm
16,4,2,4096,64,64,112,16,4,[16; 4; 2; 4096; 64; 64; 112; 16; 4],0.722941343090497,0.07735628051684523,tvm
16,8,8,512,128,16,56,14,1,[16; 8; 8; 512; 128; 16; 56; 14; 1],0.44220964109990746,0.12646502503706955,tvm
64,16,4,1024,256,64,512,2,4,[64; 16; 4; 1024; 256; 64; 512; 2; 4],0.47765486501157284,0.11708046422175221,tvm
16,16,2,32,32,32,512,16,2,[16; 16; 2; 32; 32; 32; 512; 16; 2],0.5716043659485877,0.09783699472016168,tvm
32,16,4,1024,128,64,512,8,4,[32; 16; 4; 1024; 128; 64; 512; 8; 4],0.3526489509968087,0.15858278657927843,tvm
16,1,1,4096,2048,32,56,4,2,[16; 1; 1; 4096; 2048; 32; 56; 4; 2],2.236680548056029,0.025003147356889535,tvm
8,8,4,32,32,32,2048,64,2,[8; 8; 4; 32; 32; 32; 2048; 64; 2],0.5137129040667787,0.10886246557291782,tvm
4,2,2,1024,256,128,64,8,8,[4; 2; 2; 1024; 256; 128; 64; 8; 8],0.9477623519487679,0.05900640937925371,tvm
2,2,2,4096,128,32,896,16,2,[2; 2; 2; 4096; 128; 32; 896; 16; 2],1.11383086303249,0.05020874819456502,tvm
32,4,1,1024,64,64,14336,14,4,[32; 4; 1; 1024; 64; 64; 14336; 14; 4],2.14416899101343,0.026081924310873056,tvm
16,2,1,2048,2048,128,896,56,8,[16; 2; 1; 2048; 2048; 128; 896; 56; 8],2.016874485067092,0.02772807814635674,tvm
64,16,4,4096,32,16,128,64,1,[64; 16; 4; 4096; 32; 16; 128; 64; 1],0.3861643890850246,0.14481929176804578,tvm
8,2,2,1024,512,128,1024,8,8,[8; 2; 2; 1024; 512; 128; 1024; 8; 8],0.9557303070323542,0.05851447099860583,tvm
64,64,16,2048,256,16,2048,8,1,[64; 64; 16; 2048; 256; 16; 2048; 8; 1],0.40291982900816947,0.13879697475052646,tvm
16,2,2,128,32,32,7,7,2,[16; 2; 2; 128; 32; 32; 7; 7; 2],1.0759101449511945,0.05197836789230216,tvm
8,8,1,128,16,16,32,2,1,[8; 8; 1; 128; 16; 16; 32; 2; 1],0.5600303009850904,0.09985897769274843,tvm
64,8,4,2048,2048,16,14,2,1,[64; 8; 4; 2048; 2048; 16; 14; 2; 1],0.3870824199402705,0.14447582853791915,tvm
4,1,1,1024,32,32,1024,16,2,[4; 1; 1; 1024; 32; 32; 1024; 16; 2],2.1947362709324807,0.0254809901645143,tvm
1,1,1,128,64,32,32,1,2,[1; 1; 1; 128; 64; 32; 32; 1; 2],2.288272599922493,0.02443941920871996,tvm
64,16,4,1024,128,16,1792,64,1,[64; 16; 4; 1024; 128; 16; 1792; 64; 1],0.4871696410700679,0.11479379792734247,tvm
4,1,1,4096,32,32,448,32,2,[4; 1; 1; 4096; 32; 32; 448; 32; 2],2.2097024460090324,0.025308409027802986,tvm
64,2,1,2048,512,16,448,14,1,[64; 2; 1; 2048; 512; 16; 448; 14; 1],2.633443872909993,0.021236090849939573,tvm
64,8,4,4096,1024,32,56,4,2,[64; 8; 4; 4096; 1024; 32; 56; 4; 2],0.3894158750772476,0.14361010146861578,tvm
2,2,1,64,32,32,128,32,2,[2; 2; 1; 64; 32; 32; 128; 32; 2],1.5856577400118113,0.035268678682776,tvm
8,2,2,64,64,16,896,1,1,[8; 2; 2; 64; 64; 16; 896; 1; 1],1.2483207790646702,0.044799425172779364,tvm
4,1,1,256,64,32,224,4,2,[4; 1; 1; 256; 64; 32; 224; 4; 2],2.3228791820583865,0.024075317289544533,tvm
64,16,2,2048,512,128,7168,1,8,[64; 16; 2; 2048; 512; 128; 7168; 1; 8],0.9354014170821756,0.05978615417087867,tvm
16,8,1,128,128,32,448,64,2,[16; 8; 1; 128; 128; 32; 448; 64; 2],1.1319486679276451,0.049405114311162415,tvm
32,8,8,32,16,16,256,2,1,[32; 8; 8; 32; 16; 16; 256; 2; 1],0.4705261760391295,0.11885428735144934,tvm
8,8,2,1024,1024,128,112,4,8,[8; 8; 2; 1024; 1024; 128; 112; 4; 8],0.5848384880227968,0.0956230728288755,tvm
16,16,8,256,64,16,14336,64,1,[16; 16; 8; 256; 64; 16; 14336; 64; 1],0.5526934480294585,0.10118457805628372,tvm
64,32,8,64,16,16,224,16,1,[64; 32; 8; 64; 16; 16; 224; 16; 1],0.28558783105108887,0.1958208552777204,tvm
16,1,1,4096,64,64,448,32,4,[16; 1; 1; 4096; 64; 64; 448; 32; 4],2.0945474460022524,0.026699826466128757,tvm
64,8,8,256,64,32,896,64,2,[64; 8; 8; 256; 64; 32; 896; 64; 2],0.49262323998846114,0.11352297007880355,tvm
8,4,1,128,128,128,448,16,8,[8; 4; 1; 128; 128; 128; 448; 16; 8],1.304012778098695,0.04288612371948758,tvm
64,64,2,256,128,16,896,56,1,[64; 64; 2; 256; 128; 16; 896; 56; 1],0.5647080129710957,0.09903180413378652,tvm
64,16,2,1024,512,16,7,1,1,[64; 16; 2; 1024; 512; 16; 7; 1; 1],0.17214386200066656,0.3248681229953862,tvm
4,1,1,4096,1024,16,2048,2,1,[4; 1; 1; 4096; 1024; 16; 2048; 2; 1],2.728896852931939,0.02049328221154577,tvm
32,4,2,4096,32,32,3584,64,2,[32; 4; 2; 4096; 32; 32; 3584; 64; 2],1.0895969800185412,0.0513254481784464,tvm
4,4,1,2048,512,128,32,4,8,[4; 4; 1; 2048; 512; 128; 32; 4; 8],0.5133427829714492,0.10894095561180547,tvm
64,8,1,4096,32,32,56,2,2,[64; 8; 1; 4096; 32; 32; 56; 2; 2],0.6342466380447149,0.08817398465956179,tvm
8,8,1,4096,256,16,32,1,1,[8; 8; 1; 4096; 256; 16; 32; 1; 1],0.5293616710696369,0.10564431916714383,tvm
64,16,2,512,128,64,448,1,4,[64; 16; 2; 512; 128; 64; 448; 1; 4],0.5227620899677277,0.10697802003352187,tvm
16,16,2,512,64,64,448,7,4,[16; 16; 2; 512; 64; 64; 448; 7; 4],0.5415191369829699,0.10327253371858597,tvm
2,1,1,2048,256,128,3584,16,8,[2; 1; 1; 2048; 256; 128; 3584; 16; 8],1.9670350099913776,0.0284306344570748,tvm
8,4,4,1024,256,64,512,32,4,[8; 4; 4; 1024; 256; 64; 512; 32; 4],0.49335827003233135,0.11335383782999817,tvm
64,16,4,1024,512,32,1792,28,2,[64; 16; 4; 1024; 512; 32; 1792; 28; 2],0.4515717369504273,0.12384312116387518,tvm
32,4,4,256,32,16,448,7,1,[32; 4; 4; 256; 32; 16; 448; 7; 1],0.5850308949593455,0.09559162398973745,tvm
32,32,1,256,256,128,2048,16,8,[32; 32; 1; 256; 256; 128; 2048; 16; 8],1.2089841490378603,0.046257060837264975,tvm
8,8,2,2048,64,32,64,64,2,[8; 8; 2; 2048; 64; 32; 64; 64; 2],0.5306156750302762,0.10539464996043019,tvm
64,1,1,2048,128,16,896,1,1,[64; 1; 1; 2048; 128; 16; 896; 1; 1],2.7372122009983286,0.020431025885730182,tvm
8,4,2,4096,256,16,3584,8,1,[8; 4; 2; 4096; 256; 16; 3584; 8; 1],1.2802705229260027,0.043681434768584174,tvm
8,4,2,4096,256,128,7168,4,8,[8; 4; 2; 4096; 256; 128; 7168; 4; 8],0.9584236389491707,0.058350035475595384,tvm
32,16,2,4096,1024,16,32,16,1,[32; 16; 2; 4096; 1024; 16; 32; 16; 1],0.2598546480294317,0.21521282669917552,tvm
64,32,2,4096,4096,32,1792,32,2,[64; 32; 2; 4096; 4096; 32; 1792; 32; 2],0.49779934203252196,0.11234256177397625,tvm
8,4,4,4096,1024,64,28,7,4,[8; 4; 4; 4096; 1024; 64; 28; 7; 4],0.32139654795173556,0.17400327940588678,tvm
32,2,1,1024,1024,32,128,2,2,[32; 2; 1; 1024; 1024; 32; 128; 2; 2],1.9849218999734148,0.028174435142300742,tvm
64,32,1,1024,32,32,224,14,2,[64; 32; 1; 1024; 32; 32; 224; 14; 2],1.1109225249383599,0.05034019211775034,tvm
16,8,1,4096,128,128,112,4,8,[16; 8; 1; 4096; 128; 128; 112; 4; 8],0.9734093099832535,0.05745173459897918,tvm
16,8,8,128,128,16,3584,28,1,[16; 8; 8; 128; 128; 16; 3584; 28; 1],0.39749613509047776,0.14069081029078168,tvm
64,64,1,512,32,32,64,32,2,[64; 64; 1; 512; 32; 32; 64; 32; 2],0.3436075560748577,0.1627555981951393,tvm
16,16,2,4096,256,64,224,7,4,[16; 16; 2; 4096; 256; 64; 224; 7; 4],0.5648172170622274,0.09901265691617901,tvm
32,4,4,1024,512,16,28,7,1,[32; 4; 4; 1024; 512; 16; 28; 7; 1],0.389815257047303,0.14346296693704602,tvm
64,64,1,2048,64,64,512,4,4,[64; 64; 1; 2048; 64; 64; 512; 4; 4],1.107335877022706,0.05050324340948506,tvm
8,4,1,256,128,32,14336,4,2,[8; 4; 1; 256; 128; 32; 14336; 4; 2],2.305438378942199,0.024257448754276784,tvm
8,1,1,256,64,64,14336,32,4,[8; 1; 1; 256; 64; 64; 14336; 32; 4],2.1728292889893055,0.025737895570869484,tvm
16,2,2,2048,16,16,14336,1,1,[16; 2; 2; 2048; 16; 16; 14336; 1; 1],1.2368288419675082,0.045215676927755924,tvm
32,16,4,512,128,64,512,64,4,[32; 16; 4; 512; 128; 64; 512; 64; 4],0.32828185509424657,0.17035377516457031,tvm
32,32,4,512,256,16,128,1,1,[32; 32; 4; 512; 256; 16; 128; 1; 1],0.5184696869691834,0.10786368950564573,tvm
16,16,2,2048,128,128,112,1,8,[16; 16; 2; 2048; 128; 128; 112; 1; 8],0.4871410350315273,0.11480053888236696,tvm
64,4,1,4096,4096,16,7168,8,1,[64; 4; 1; 4096; 4096; 16; 7168; 8; 1],2.6088728139875457,0.0214360980088776,tvm
64,64,2,512,128,64,1024,16,4,[64; 64; 2; 512; 128; 64; 1024; 16; 4],0.4246641609352082,0.13169007059643484,tvm
16,8,2,256,128,64,28,2,4,[16; 8; 2; 256; 128; 64; 28; 2; 4],0.41462559497449547,0.13487843975665165,tvm
8,4,2,256,256,64,3584,2,4,[8; 4; 2; 256; 256; 64; 3584; 2; 4],1.0207995410310104,0.05478455963729165,tvm
32,16,1,256,128,32,224,7,2,[32; 16; 1; 256; 128; 32; 224; 7; 2],1.09642115898896,0.051005996076272764,tvm
64,2,2,2048,128,64,448,28,4,[64; 2; 2; 2048; 128; 64; 448; 28; 4],1.046944155008532,0.05341646263155037,tvm
64,16,8,1024,1024,32,1792,32,2,[64; 16; 8; 1024; 1024; 32; 1792; 32; 2],0.3661212979350239,0.15274733714960845,tvm
16,8,4,1024,128,16,8,1,1,[16; 8; 4; 1024; 128; 16; 8; 1; 1],0.5010974779725075,0.11160314268514755,tvm
64,32,4,4096,256,32,1024,2,2,[64; 32; 4; 4096; 256; 32; 1024; 2; 2],0.5012214799644426,0.11157553211267138,tvm
8,4,1,4096,512,16,128,4,1,[8; 4; 1; 4096; 512; 16; 128; 4; 1],1.624424368957989,0.03442699728101632,tvm
32,8,8,512,128,32,896,32,2,[32; 8; 8; 512; 128; 32; 896; 32; 2],0.37257841893006116,0.15010008763774146,tvm
16,16,1,512,64,64,2048,32,4,[16; 16; 1; 512; 64; 64; 2048; 32; 4],1.3777813839260489,0.040589932470981194,tvm
64,32,16,512,64,16,448,64,1,[64; 32; 16; 512; 64; 16; 448; 64; 1],0.570434785913676,0.09803759292792556,tvm
4,4,4,512,64,32,256,32,2,[4; 4; 4; 512; 64; 32; 256; 32; 2],0.5386300480458885,0.10382646407533672,tvm
8,8,2,128,128,128,1792,8,8,[8; 8; 2; 128; 128; 128; 1792; 8; 8],0.7971643779892474,0.07015372848746092,tvm
32,4,1,4096,512,128,56,1,8,[32; 4; 1; 4096; 512; 128; 56; 1; 8],0.6107233110815287,0.09157019605866615,tvm
16,2,1,128,128,128,28,1,8,[16; 2; 1; 128; 128; 128; 28; 1; 8],1.2558461289154366,0.04453097560736203,tvm
8,8,2,2048,32,16,448,32,1,[8; 8; 2; 2048; 32; 16; 448; 32; 1],0.7647771909832954,0.07312463550518579,tvm
32,16,1,1024,1024,64,1792,2,4,[32; 16; 1; 1024; 1024; 64; 1792; 2; 4],1.0199783449061215,0.054828667307128535,tvm
32,8,2,1024,256,128,28,14,8,[32; 8; 2; 1024; 256; 128; 28; 14; 8],0.34003861399833113,0.1644638315506362,tvm
64,16,8,2048,128,16,28,14,1,[64; 16; 8; 2048; 128; 16; 28; 14; 1],0.23842753400094807,0.23455367085712073,tvm
64,4,2,4096,2048,64,1792,4,4,[64; 4; 2; 4096; 2048; 64; 1792; 4; 4],1.0361206149682403,0.05397446255332691,tvm
64,16,4,4096,256,32,3584,4,2,[64; 16; 4; 4096; 256; 32; 3584; 4; 2],0.5738730999873951,0.0974502086516369,tvm
8,8,8,1024,1024,16,64,32,1,[8; 8; 8; 1024; 1024; 16; 64; 32; 1],0.42296688503120095,0.1322185147643603,tvm
64,32,2,256,32,16,1,1,1,[64; 32; 2; 256; 32; 16; 1; 1; 1],0.424381167977117,0.13177788637489402,tvm
32,4,1,128,32,32,896,1,2,[32; 4; 1; 128; 32; 32; 896; 1; 2],1.489946312038228,0.03753427414228767,tvm
2,2,2,2048,128,16,256,8,1,[2; 2; 2; 2048; 128; 16; 256; 8; 1],1.2978915030835196,0.04308838851357717,tvm
32,8,4,128,128,32,7,7,2,[32; 8; 4; 128; 128; 32; 7; 7; 2],0.3585629939334467,0.15596716415111556,tvm
32,16,4,2048,16,16,7168,1,1,[32; 16; 4; 2048; 16; 16; 7168; 1; 1],0.6796869500540197,0.08227913354653733,tvm
2,2,1,2048,128,64,1792,16,4,[2; 2; 1; 2048; 128; 64; 1792; 16; 4],2.0387944580288604,0.02742996142308608,tvm
4,4,2,512,128,32,112,8,2,[4; 4; 2; 512; 128; 32; 112; 8; 2],0.7674594089621678,0.07286906992118215,tvm
64,2,1,4096,4096,64,14336,7,4,[64; 2; 1; 4096; 4096; 64; 14336; 7; 4],2.089618762023747,0.026762802071690912,tvm
64,16,8,2048,16,16,448,7,1,[64; 16; 8; 2048; 16; 16; 448; 7; 1],0.3986467180075124,0.14028474538270114,tvm
64,64,4,512,256,32,14336,1,2,[64; 64; 4; 512; 256; 32; 14336; 1; 2],0.7168439899105579,0.07801425989539383,tvm
16,2,2,4096,2048,128,112,8,8,[16; 2; 2; 4096; 2048; 128; 112; 8; 8],0.9580968440277502,0.05836993794722651,tvm
64,32,1,256,64,16,56,14,1,[64; 32; 1; 256; 64; 16; 56; 14; 1],0.55363939399831,0.10101169450652214,tvm
1,1,1,4096,1024,16,3584,32,1,[1; 1; 1; 4096; 1024; 16; 3584; 32; 1],2.592419243999757,0.02157214866490884,tvm
4,1,1,2048,2048,16,448,14,1,[4; 1; 1; 2048; 2048; 16; 448; 14; 1],2.7127466569654644,0.020615287900083955,tvm
16,16,2,256,32,16,112,4,1,[16; 16; 2; 256; 32; 16; 112; 4; 1],0.6496849789982662,0.08607872298288519,tvm
32,8,4,1024,64,64,3584,2,4,[32; 8; 4; 1024; 64; 64; 3584; 2; 4],0.695177243091166,0.08044574802918199,tvm
8,1,1,4096,512,16,16,2,1,[8; 1; 1; 4096; 512; 16; 16; 2; 1],1.210460179951042,0.04620065513893669,tvm
32,32,4,256,256,16,3584,16,1,[32; 32; 4; 256; 256; 16; 3584; 16; 1],0.5765439869137481,0.09699876263161801,tvm
8,8,1,4096,4096,64,64,64,4,[8; 8; 1; 4096; 4096; 64; 64; 64; 4],0.5750440929550678,0.09725176559235271,tvm
32,2,1,128,16,16,32,16,1,[32; 2; 1; 128; 16; 16; 32; 16; 1],1.5949976200936362,0.03506215471973573,tvm
16,1,1,1024,128,16,56,2,1,[16; 1; 1; 1024; 128; 16; 56; 2; 1],2.5338748350040987,0.022070566612357106,tvm
64,32,8,2048,512,32,14336,7,2,[64; 32; 8; 2048; 512; 32; 14336; 7; 2],0.4265410990919918,0.13111058571467749,tvm
32,16,2,64,32,32,256,64,2,[32; 16; 2; 64; 32; 32; 256; 64; 2],0.6156773089896888,0.0908333838469755,tvm
32,32,2,1024,512,16,32,8,1,[32; 32; 2; 1024; 512; 16; 32; 8; 1],0.23898990801535547,0.2340017358797432,tvm
32,16,16,1024,1024,16,14336,14,1,[32; 16; 16; 1024; 1024; 16; 14336; 14; 1],0.4570104409940541,0.12236931220147097,tvm
16,8,1,1024,128,64,1792,1,4,[16; 8; 1; 1024; 128; 64; 1792; 1; 4],1.7003696870524436,0.032889349745040763,tvm
8,1,1,128,16,16,7168,7,1,[8; 1; 1; 128; 16; 16; 7168; 7; 1],2.7540084780193865,0.020306420179778278,tvm
32,16,1,2048,64,16,4,1,1,[32; 16; 1; 2048; 64; 16; 4; 1; 1],0.2737667829496786,0.20427625561722293,tvm
16,16,8,32,16,16,256,4,1,[16; 16; 8; 32; 16; 16; 256; 4; 1],0.4344159580068663,0.1287338835109032,tvm
4,1,1,512,32,32,14336,28,2,[4; 1; 1; 512; 32; 32; 14336; 28; 2],2.2056016069836915,0.025355464539134627,tvm
16,4,4,256,256,64,256,16,4,[16; 4; 4; 256; 256; 64; 256; 16; 4],0.4935557208955288,0.1133084897321468,tvm
2,2,1,4096,128,128,1792,2,8,[2; 2; 1; 4096; 128; 128; 1792; 2; 8],1.907149723963812,0.02932336807678687,tvm
64,2,1,2048,2048,16,3584,16,1,[64; 2; 1; 2048; 2048; 16; 3584; 16; 1],2.6058839260367677,0.021460684712226234,tvm
32,16,1,512,512,64,1792,14,4,[32; 16; 1; 512; 512; 64; 1792; 14; 4],1.0358639829792082,0.05398783455381114,tvm
8,2,2,512,512,128,8,2,8,[8; 2; 2; 512; 512; 128; 8; 2; 8],0.6633980569895357,0.08429939271621271,tvm
32,32,1,128,32,32,14336,56,2,[32; 32; 1; 128; 32; 32; 14336; 56; 2],2.3462393200024962,0.023835613382045713,tvm
16,16,8,256,32,32,448,28,2,[16; 16; 8; 256; 32; 32; 448; 28; 2],0.31280433293432,0.17878286022679807,tvm
64,4,1,512,512,128,896,28,8,[64; 4; 1; 512; 512; 128; 896; 28; 8],1.4857412100536749,0.03764050761660773,tvm
64,4,1,64,64,64,1024,8,4,[64; 4; 1; 64; 64; 64; 1024; 8; 4],1.6241158819757402,0.034433536396000025,tvm
64,4,1,512,512,32,16,1,2,[64; 4; 1; 512; 512; 32; 16; 1; 2],0.4738878241041675,0.11801116316725707,tvm
32,32,16,32,32,16,256,64,1,[32; 32; 16; 32; 32; 16; 256; 64; 1],0.5363577000098303,0.10426633817750423,tvm
16,4,2,1024,128,128,1792,1,8,[16; 4; 2; 1024; 128; 128; 1792; 1; 8],0.916197884012945,0.06103927362109383,tvm
4,2,2,512,512,32,112,56,2,[4; 2; 2; 512; 512; 32; 112; 56; 2],1.0835051130270585,0.051614018855060756,tvm
64,16,8,512,256,16,3584,1,1,[64; 16; 8; 512; 256; 16; 3584; 1; 1],0.7485107460524887,0.0747137614633681,tvm
16,8,4,128,64,32,3584,8,2,[16; 8; 4; 128; 64; 32; 3584; 8; 2],0.5318659848999232,0.10514688835356918,tvm
16,1,1,4096,512,32,14336,4,2,[16; 1; 1; 4096; 512; 32; 14336; 4; 2],2.1846790709532797,0.02559829225119596,tvm
32,4,2,512,256,16,7168,4,1,[32; 4; 2; 512; 256; 16; 7168; 4; 1],1.2658545300364494,0.04417889418282766,tvm
64,8,8,128,128,32,64,16,2,[64; 8; 8; 128; 128; 32; 64; 16; 2],0.40377358195837587,0.13850349758419417,tvm
32,2,1,512,256,128,896,64,8,[32; 2; 1; 512; 256; 128; 896; 64; 8],1.817457524011843,0.030770487119768816,tvm
4,4,1,2048,256,32,14336,7,2,[4; 4; 1; 2048; 256; 32; 14336; 7; 2],2.304549622000195,0.024266803717072922,tvm
64,8,2,128,128,32,256,16,2,[64; 8; 2; 128; 128; 32; 256; 16; 2],0.6919127049623057,0.08082530199583485,tvm
2,2,2,4096,4096,128,128,1,8,[2; 2; 2; 4096; 4096; 128; 128; 1; 8],0.9773440239951015,0.05722043820837199,tvm
16,16,1,2048,128,128,1792,28,8,[16; 16; 1; 2048; 128; 128; 1792; 28; 8],1.148254087078385,0.04870355260448179,tvm
8,1,1,256,128,32,28,28,2,[8; 1; 1; 256; 128; 32; 28; 28; 2],2.2266275129513815,0.025116034454818324,tvm
64,8,4,1024,1024,16,3584,64,1,[64; 8; 4; 1024; 1024; 16; 3584; 64; 1],0.591078429017216,0.09461359201742155,tvm
8,4,1,4096,128,64,28,2,4,[8; 4; 1; 4096; 128; 64; 28; 2; 4],0.8435657150112092,0.06629483908386465,tvm
64,16,1,512,64,64,3584,4,4,[64; 16; 1; 512; 64; 64; 3584; 4; 4],2.1780667710117996,0.02567600501400348,tvm
32,16,8,2048,128,16,896,32,1,[32; 16; 8; 2048; 128; 16; 896; 32; 1],0.3730097090592608,0.1499265353558091,tvm
32,1,1,2048,32,32,1792,16,2,[32; 1; 1; 2048; 32; 32; 1792; 16; 2],2.188911324017681,0.025548798034762964,tvm
32,1,1,512,64,16,4,1,1,[32; 1; 1; 512; 64; 16; 4; 1; 1],2.0987746929749846,0.026646049011607695,tvm
32,2,1,1024,1024,128,32,16,8,[32; 2; 1; 1024; 1024; 128; 32; 16; 8],0.6860014819540083,0.08152176752452359,tvm
64,2,2,2048,1024,16,512,16,1,[64; 2; 2; 2048; 1024; 16; 512; 16; 1],1.2855667360126972,0.043501478193801825,tvm
64,1,1,2048,64,32,7168,7,2,[64; 1; 1; 2048; 64; 32; 7168; 7; 2],2.207902804017067,0.025329037687521795,tvm
64,16,2,2048,256,16,32,2,1,[64; 16; 2; 2048; 256; 16; 32; 2; 1],0.30674669798463583,0.1823134648254125,tvm
64,16,4,4096,512,16,28,14,1,[64; 16; 4; 4096; 512; 16; 28; 14; 1],0.19759992591571063,0.2830165703462289,tvm
32,32,4,2048,64,16,896,8,1,[32; 32; 4; 2048; 64; 16; 896; 8; 1],0.3759299940429628,0.1487618817852084,tvm
2,2,1,256,64,16,64,1,1,[2; 2; 1; 256; 64; 16; 64; 1; 1],1.6169078840175644,0.03458703732359675,tvm
64,4,1,4096,1024,128,896,1,8,[64; 4; 1; 4096; 1024; 128; 896; 1; 8],1.47503918397706,0.03791360523897992,tvm
8,1,1,512,256,64,1792,7,4,[8; 1; 1; 512; 256; 64; 1792; 7; 4],2.1411088150925934,0.026119201854257403,tvm
4,4,1,2048,512,32,256,8,2,[4; 4; 1; 2048; 512; 32; 256; 8; 2],1.4505022210069,0.038554958774563164,tvm
32,8,2,128,128,16,3584,56,1,[32; 8; 2; 128; 128; 16; 3584; 56; 1],1.2713276640279219,0.04398870166653204,tvm
64,8,1,4096,512,16,448,14,1,[64; 8; 1; 4096; 512; 16; 448; 14; 1],1.3769315109821036,0.04061498548569435,tvm
4,4,4,4096,64,16,56,2,1,[4; 4; 4; 4096; 64; 16; 56; 2; 1],0.7796052990015596,0.07173380350923123,tvm
2,1,1,4096,64,64,512,64,4,[2; 1; 1; 4096; 64; 64; 512; 64; 4],2.0965293219778687,0.02667458677876945,tvm
4,4,4,2048,64,64,3584,4,4,[4; 4; 4; 2048; 64; 64; 3584; 4; 4],0.4748914480442181,0.1177617612691272,tvm
64,8,1,4096,512,32,112,28,2,[64; 8; 1; 4096; 512; 32; 112; 28; 2],1.0006984749343246,0.055885019048323825,tvm
4,4,1,256,256,128,512,16,8,[4; 4; 1; 256; 256; 128; 512; 16; 8],1.3446230159606785,0.04159087913081561,tvm
64,16,2,4096,4096,128,1024,32,8,[64; 16; 2; 4096; 4096; 128; 1024; 32; 8],0.5452027990249917,0.10257477297135045,tvm
2,1,1,4096,256,128,28,4,8,[2; 1; 1; 4096; 256; 128; 28; 4; 8],1.5113415200030431,0.03700292263076365,tvm
2,2,1,256,256,16,1024,4,1,[2; 2; 1; 256; 256; 16; 1024; 4; 1],2.5365890560206026,0.02204695049069829,tvm
64,32,8,512,128,32,7,7,2,[64; 32; 8; 512; 128; 32; 7; 7; 2],0.205483305035159,0.2721586229293154,tvm
64,8,1,1024,512,16,3584,1,1,[64; 8; 1; 1024; 512; 16; 3584; 1; 1],2.518252198002301,0.022207487152278556,tvm
32,8,2,2048,128,64,16,4,4,[32; 8; 2; 2048; 128; 64; 16; 4; 4],0.4137659970438108,0.13515864941268224,tvm
64,64,2,2048,2048,16,2048,8,1,[64; 64; 2; 2048; 2048; 16; 2048; 8; 1],0.5851679790066555,0.09556923027173582,tvm
32,32,1,512,128,16,7168,64,1,[32; 32; 1; 512; 128; 16; 7168; 64; 1],2.649908871972002,0.02110414208006931,tvm
64,64,1,1024,256,128,14336,8,8,[64; 64; 1; 1024; 256; 128; 14336; 8; 8],1.9769755559973419,0.028287680727099758,tvm
64,64,8,2048,32,32,14,2,2,[64; 64; 8; 2048; 32; 32; 14; 2; 2],0.26558598096016794,0.2105685440592616,tvm
4,2,2,1024,32,32,1792,8,2,[4; 2; 2; 1024; 32; 32; 1792; 8; 2],1.0734057450899854,0.05209964041010897,tvm
64,2,1,2048,128,128,128,1,8,[64; 2; 1; 2048; 128; 128; 128; 1; 8],1.441143320989795,0.038805337761218646,tvm
16,4,2,1024,256,128,4,4,8,[16; 4; 2; 1024; 256; 128; 4; 4; 8],0.4548076420323923,0.12296199132324674,tvm
32,32,1,2048,1024,16,256,1,1,[32; 32; 1; 2048; 1024; 16; 256; 1; 1],1.008362670079805,0.055460257497342035,tvm
64,8,1,512,512,128,224,7,8,[64; 8; 1; 512; 512; 128; 224; 7; 8],1.001728596049361,0.0558275500508699,tvm
16,4,1,256,128,32,14,7,2,[16; 4; 1; 256; 128; 32; 14; 7; 2],0.6804323500255123,0.08218899840849204,tvm
16,8,8,4096,64,16,112,56,1,[16; 8; 8; 4096; 64; 16; 112; 56; 1],0.5307694049552083,0.10536412387607905,tvm
16,16,16,256,128,16,128,1,1,[16; 16; 16; 256; 128; 16; 128; 1; 1],0.749874028027989,0.07457793074978451,tvm
64,8,1,2048,1024,32,2048,8,2,[64; 8; 1; 2048; 1024; 32; 2048; 8; 2],1.4495642479741946,0.03857990662468995,tvm
64,2,1,4096,16,16,128,16,1,[64; 2; 1; 4096; 16; 16; 128; 16; 1],1.9018642909359187,0.02940486006276125,tvm
16,4,1,64,64,16,3584,8,1,[16; 4; 1; 64; 64; 16; 3584; 8; 1],2.7108921599574387,0.02062939063360283,tvm
32,16,2,512,16,16,7,1,1,[32; 16; 2; 512; 16; 16; 7; 1; 1],0.3734936199616641,0.1497322854914455,tvm
32,4,2,256,256,128,3584,28,8,[32; 4; 2; 256; 256; 128; 3584; 28; 8],0.9368998019490391,0.05969053810983217,tvm
8,4,4,4096,512,64,3584,28,4,[8; 4; 4; 4096; 512; 64; 3584; 28; 4],0.4748600129969418,0.11776955692770344,tvm
4,4,2,4096,512,32,896,16,2,[4; 4; 2; 4096; 512; 32; 896; 16; 2],1.0888674800517038,0.051359834284588825,tvm
16,16,4,2048,512,64,14336,1,4,[16; 16; 4; 2048; 512; 64; 14336; 1; 4],0.6938546180026606,0.08059909364632764,tvm
8,8,2,2048,256,64,64,4,4,[8; 8; 2; 2048; 256; 64; 64; 4; 4],0.41857758397236466,0.13360498859639258,tvm
8,8,1,1024,128,16,896,16,1,[8; 8; 1; 1024; 128; 16; 896; 16; 1],1.3252423320664093,0.04219911481859524,tvm
4,4,4,1024,256,64,7168,4,4,[4; 4; 4; 1024; 256; 64; 7168; 4; 4],0.5234905610559508,0.10682915317618527,tvm
16,8,1,2048,128,32,1024,32,2,[16; 8; 1; 2048; 128; 32; 1024; 32; 2],1.140658417949453,0.049027870616926046,tvm
8,4,1,4096,4096,64,7168,16,4,[8; 4; 1; 4096; 4096; 64; 7168; 16; 4],2.0888508670032024,0.026772640506196366,tvm
64,8,2,2048,128,16,14336,14,1,[64; 8; 2; 2048; 128; 16; 14336; 14; 1],1.3007005919935182,0.04299533165247612,tvm
32,4,2,4096,512,16,56,2,1,[32; 4; 2; 4096; 512; 16; 56; 2; 1],0.7003243449144065,0.07985450418715397,tvm
32,16,8,32,16,16,256,64,1,[32; 16; 8; 32; 16; 16; 256; 64; 1],0.48737677303142846,0.11474501130920138,tvm
4,4,2,2048,32,16,28,2,1,[4; 4; 2; 2048; 32; 16; 28; 2; 1],0.7360524859977886,0.07597834991009235,tvm
32,8,1,4096,512,64,512,4,4,[32; 8; 1; 4096; 512; 64; 512; 4; 4],1.1029219649499282,0.05070535823073597,tvm
64,8,1,128,16,16,448,16,1,[64; 8; 1; 128; 16; 16; 448; 16; 1],1.3525952820200473,0.041345740353177174,tvm
32,4,1,512,64,64,112,8,4,[32; 4; 1; 512; 64; 64; 112; 8; 4],1.1645474910037592,0.04802213200007041,tvm
32,16,8,1024,1024,32,16,16,2,[32; 16; 8; 1024; 1024; 32; 16; 16; 2],0.17109638394322246,0.3268570150020907,tvm
4,1,1,64,64,16,128,8,1,[4; 1; 1; 64; 64; 16; 128; 8; 1],2.82630481896922,0.019786985804924384,tvm
16,16,8,2048,512,16,896,56,1,[16; 16; 8; 2048; 512; 16; 896; 56; 1],0.5214624020736665,0.10724465102554603,tvm
64,4,2,2048,128,16,1024,8,1,[64; 4; 2; 2048; 128; 16; 1024; 8; 1],1.1454126930329949,0.04882437017984258,tvm
8,4,1,64,64,32,448,7,2,[8; 4; 1; 64; 64; 32; 448; 7; 2],1.3397232230054215,0.041742990173655466,tvm
4,1,1,1024,256,32,4,1,2,[4; 1; 1; 1024; 256; 32; 4; 1; 2],1.4677040410460904,0.03810308602371501,tvm
4,1,1,1024,128,64,16,2,4,[4; 1; 1; 1024; 128; 64; 16; 2; 4],1.97346234600991,0.02833803920627351,tvm
8,4,2,512,128,128,2048,32,8,[8; 4; 2; 512; 128; 128; 2048; 32; 8],0.9316319649806246,0.06002805338961979,tvm
64,32,4,4096,128,64,3584,16,4,[64; 32; 4; 4096; 128; 64; 3584; 16; 4],0.49431617197114974,0.11313417708008405,tvm
16,4,4,2048,32,16,3584,56,1,[16; 4; 4; 2048; 32; 16; 3584; 56; 1],0.5793831970077008,0.09652342978215508,tvm
64,64,2,2048,1024,128,112,4,8,[64; 64; 2; 2048; 1024; 128; 112; 4; 8],0.37576582399196923,0.14882687504473138,tvm
64,8,4,2048,512,16,1792,8,1,[64; 8; 4; 2048; 512; 16; 1792; 8; 1],0.571235254057683,0.09790021350413039,tvm
32,8,2,256,32,16,896,2,1,[32; 8; 2; 256; 32; 16; 896; 2; 1],0.885242737014778,0.06317369349103144,tvm
64,16,8,2048,2048,16,7168,2,1,[64; 16; 8; 2048; 2048; 16; 7168; 2; 1],0.8143216350581497,0.06867563248438054,tvm
64,16,4,4096,2048,64,14336,2,4,[64; 16; 4; 4096; 2048; 64; 14336; 2; 4],0.6868890639161691,0.08141642700568391,tvm
32,2,1,4096,256,128,64,64,8,[32; 2; 1; 4096; 256; 128; 64; 64; 8],1.2469355519860983,0.044849193083201795,tvm
64,16,16,128,32,16,112,56,1,[64; 16; 16; 128; 32; 16; 112; 56; 1],0.6102720680646598,0.09163790423947117,tvm
64,16,4,4096,2048,16,448,32,1,[64; 16; 4; 4096; 2048; 16; 448; 32; 1],0.4354654459748417,0.12842363004977495,tvm
32,4,4,1024,512,64,64,2,4,[32; 4; 4; 1024; 512; 64; 64; 2; 4],0.7219386419747025,0.07746372071228316,tvm
32,8,2,64,16,16,896,1,1,[32; 8; 2; 64; 16; 16; 896; 1; 1],0.8524867011001334,0.06560108593032993,tvm
8,2,1,2048,16,16,56,4,1,[8; 2; 1; 2048; 16; 16; 56; 4; 1],1.543062534998171,0.036242246872645136,tvm
32,8,4,4096,4096,64,896,56,4,[32; 8; 4; 4096; 4096; 64; 896; 56; 4],0.483578790910542,0.11564620778349813,tvm
32,8,1,1024,256,32,32,8,2,[32; 8; 1; 1024; 256; 32; 32; 8; 2],0.4555347739951685,0.12276571740695799,tvm
8,4,2,2048,512,32,2048,64,2,[8; 4; 2; 2048; 512; 32; 2048; 64; 2],1.1120913970516995,0.050287281676304085,tvm
64,32,1,64,64,16,56,7,1,[64; 32; 1; 64; 64; 16; 56; 7; 1],0.5538593929959461,0.10097157155867295,tvm
16,2,2,128,128,32,64,2,2,[16; 2; 2; 128; 128; 32; 64; 2; 2],1.0639589639613405,0.05256222770577208,tvm
16,4,4,64,64,64,16,16,4,[16; 4; 4; 64; 64; 64; 16; 16; 4],0.4722479149932042,0.1184209639848555,tvm
8,2,1,1024,128,64,16,16,4,[8; 2; 1; 1024; 128; 64; 16; 16; 4],1.1790120219811797,0.047432979724294985,tvm
4,4,4,256,256,64,64,1,4,[4; 4; 4; 256; 256; 64; 64; 1; 4],0.7198705020127818,0.07768626881774962,tvm
64,32,4,1024,64,32,16,8,2,[64; 32; 4; 1024; 64; 32; 16; 8; 2],0.225325737032108,0.24819203553904,tvm
32,16,2,2048,1024,32,64,2,2,[32; 16; 2; 2048; 1024; 32; 64; 2; 2],0.3319140298990533,0.168489573490888,tvm
4,2,2,32,16,16,512,64,1,[4; 2; 2; 32; 16; 16; 512; 64; 1],1.2965735510224476,0.043132187363557534,tvm
8,4,1,4096,4096,16,32,1,1,[8; 4; 1; 4096; 4096; 16; 32; 1; 1],0.6070522560039535,0.09212395272437489,tvm
8,8,8,1024,256,32,224,56,2,[8; 8; 8; 1024; 256; 32; 224; 56; 2],0.4793180449632928,0.11667420811919593,tvm
16,8,2,2048,1024,128,7168,7,8,[16; 8; 2; 2048; 1024; 128; 7168; 7; 8],0.9359270120039582,0.05975257965211588,tvm
32,16,8,2048,128,32,14336,56,2,[32; 16; 8; 2048; 128; 32; 14336; 56; 2],0.4634741300251335,0.12066272896461483,tvm
64,32,1,1024,256,32,3584,1,2,[64; 32; 1; 1024; 256; 32; 3584; 1; 2],2.026327237021178,0.027598727545875085,tvm
64,8,4,4096,64,16,14336,64,1,[64; 8; 4; 4096; 64; 16; 14336; 64; 1],0.5850903510581702,0.09558191009677634,tvm
16,2,2,128,128,16,3584,7,1,[16; 2; 2; 128; 128; 16; 3584; 7; 1],1.240849374094978,0.04506917156977407,tvm
32,8,4,2048,256,32,16,4,2,[32; 8; 4; 2048; 256; 32; 16; 4; 2],0.2930109470617026,0.19085994531650308,tvm
32,32,1,2048,128,16,512,64,1,[32; 32; 1; 2048; 128; 16; 512; 64; 1],1.1732474410673603,0.04766603478159433,tvm
64,32,4,16,16,16,128,16,1,[64; 32; 4; 16; 16; 16; 128; 16; 1],0.3595223668962717,0.15555097118468952,tvm
16,8,1,4096,2048,64,14336,16,4,[16; 8; 1; 4096; 2048; 64; 14336; 16; 4],2.0896101760445163,0.026762912037111918,tvm
32,2,2,4096,512,16,3584,8,1,[32; 2; 2; 4096; 512; 16; 3584; 8; 1],1.236929667997174,0.045211991255642764,tvm
16,4,1,4096,2048,64,8,2,4,[16; 4; 1; 4096; 2048; 64; 8; 2; 4],0.45172399503644556,0.12380137860248341,tvm
64,64,4,256,256,16,14336,56,1,[64; 64; 4; 256; 256; 16; 14336; 56; 1],0.5792767331004143,0.09654116959611983,tvm
32,4,4,512,256,64,2048,2,4,[32; 4; 4; 512; 256; 64; 2048; 2; 4],0.6995387020288035,0.07994418774993046,tvm
64,32,1,2048,2048,64,112,14,4,[64; 32; 1; 2048; 2048; 64; 112; 14; 4],0.7523699570447206,0.07433052424501478,tvm
32,4,4,1024,64,32,7168,8,2,[32; 4; 4; 1024; 64; 32; 7168; 8; 2],0.5300670289434493,0.10550373873433212,tvm
8,8,1,128,128,128,224,2,8,[8; 8; 1; 128; 128; 128; 224; 2; 8],1.005085840006359,0.05564107174465767,tvm
64,32,16,2048,64,16,3584,28,1,[64; 32; 16; 2048; 64; 16; 3584; 28; 1],0.5181914810091257,0.10792159922125094,tvm
32,16,4,512,64,64,3584,16,4,[32; 16; 4; 512; 64; 64; 3584; 16; 4],0.48804419906809926,0.11458809148867677,tvm
32,32,4,512,256,16,224,4,1,[32; 32; 4; 512; 256; 16; 224; 4; 1],0.42669349804054946,0.1310637579202549,tvm
8,2,2,4096,64,64,4,1,4,[8; 2; 2; 4096; 64; 64; 4; 1; 4],1.0000422128941864,0.055921692716835954,tvm
32,2,2,2048,1024,64,14,14,4,[32; 2; 2; 2048; 1024; 64; 14; 14; 4],0.5636625270126387,0.09921548915044227,tvm
16,16,8,2048,2048,32,2048,32,2,[16; 16; 8; 2048; 2048; 32; 2048; 32; 2],0.3700739579508081,0.15111588408705864,tvm
8,8,4,4096,4096,32,3584,7,2,[8; 8; 4; 4096; 4096; 32; 3584; 7; 2],0.5263137039728463,0.10625612236807458,tvm
64,32,4,4096,2048,32,512,8,2,[64; 32; 4; 4096; 2048; 32; 512; 8; 2],0.3103648709366098,0.18018809011653736,tvm
4,2,1,4096,128,128,56,28,8,[4; 2; 1; 4096; 128; 128; 56; 28; 8],1.1827941660303622,0.047281306367128094,tvm
8,8,2,2048,512,64,128,2,4,[8; 8; 2; 2048; 512; 64; 128; 2; 4],0.6334497760981321,0.08828490504457887,tvm
64,8,4,4096,256,16,256,8,1,[64; 8; 4; 4096; 256; 16; 256; 8; 1],0.48559845495037735,0.11516522090056514,tvm
32,4,4,4096,1024,64,1024,8,4,[32; 4; 4; 4096; 1024; 64; 1024; 8; 4],0.49925008206628263,0.11201611244984956,tvm
16,2,2,2048,2048,64,7,1,4,[16; 2; 2; 2048; 2048; 64; 7; 1; 4],0.5653399820439517,0.09892110077044856,tvm
64,16,16,128,32,16,7168,2,1,[64; 16; 16; 128; 32; 16; 7168; 2; 1],0.7362654700409621,0.07595637118527643,tvm
64,64,1,32,16,16,14336,64,1,[64; 64; 1; 32; 16; 16; 14336; 64; 1],2.877977151889354,0.01943172248487794,tvm
32,4,4,256,64,64,896,16,4,[32; 4; 4; 256; 64; 64; 896; 16; 4],0.47488425101619214,0.11776354598760212,tvm
32,1,1,4096,128,16,32,8,1,[32; 1; 1; 4096; 128; 16; 32; 8; 1],2.3814227120019495,0.023483463499145277,tvm
1,1,1,1024,128,32,28,2,2,[1; 1; 1; 1024; 128; 32; 28; 2; 2],2.198127773939632,0.025441675409570253,tvm
32,32,1,2048,512,128,7,1,8,[32; 32; 1; 2048; 512; 128; 7; 1; 8],0.13092947902623564,0.4271311071368983,tvm
4,2,1,4096,2048,32,2048,1,2,[4; 2; 1; 4096; 2048; 32; 2048; 1; 2],2.3153645789716393,0.024153454640034183,tvm
8,8,4,128,64,16,2,2,1,[8; 8; 4; 128; 64; 16; 2; 2; 1],0.4211441809311509,0.13279075401133433,tvm
32,8,2,4096,1024,16,224,14,1,[32; 8; 2; 4096; 1024; 16; 224; 14; 1],0.8297042229678482,0.06740239688463107,tvm
8,2,1,4096,64,16,1024,1,1,[8; 2; 1; 4096; 64; 16; 1024; 1; 1],2.3892959690419957,0.02340608030898594,tvm
16,2,1,1024,1024,128,1792,28,8,[16; 2; 1; 1024; 1024; 128; 1792; 28; 8],1.9827383940573782,0.02820546245583771,tvm
64,16,8,2048,32,16,1792,4,1,[64; 16; 8; 2048; 32; 16; 1792; 4; 1],0.5504758349852636,0.10159220401533237,tvm
16,2,1,128,32,32,32,4,2,[16; 2; 1; 128; 32; 32; 32; 4; 2],1.2852372449124232,0.04351263049270256,tvm
16,16,1,4096,4096,128,448,1,8,[16; 16; 1; 4096; 4096; 128; 448; 1; 8],0.8486479530110955,0.06589782386784614,tvm
64,32,1,128,128,16,512,32,1,[64; 32; 1; 128; 128; 16; 512; 32; 1],1.154803542071022,0.04842733096665019,tvm
32,32,8,4096,32,32,112,56,2,[32; 32; 8; 4096; 32; 32; 112; 56; 2],0.3182435459457338,0.17572721912440414,tvm
8,8,1,1024,256,32,448,14,2,[8; 8; 1; 1024; 256; 32; 448; 14; 2],1.144644167041406,0.048857151369479136,tvm
64,2,2,4096,256,32,1024,2,2,[64; 2; 2; 4096; 256; 32; 1024; 2; 2],1.0997933089965954,0.050849603171668735,tvm
32,32,2,64,64,64,112,8,4,[32; 32; 2; 64; 64; 64; 112; 8; 4],0.5292106160195544,0.10567447371703316,tvm
64,2,2,512,32,32,56,7,2,[64; 2; 2; 512; 32; 32; 56; 7; 2],1.0692814099602401,0.052300594410794814,tvm
32,16,16,256,256,16,224,8,1,[32; 16; 16; 256; 256; 16; 224; 8; 1],0.4252331489697099,0.13151386120491962,tvm
16,8,4,64,64,32,256,16,2,[16; 8; 4; 64; 64; 32; 256; 16; 2],0.40438479802105576,0.13829415350678304,tvm
16,1,1,1024,128,128,32,2,8,[16; 1; 1; 1024; 128; 128; 32; 2; 8],1.9517980739474297,0.028652581473363834,tvm
32,16,2,512,512,32,32,16,2,[32; 16; 2; 512; 512; 32; 32; 16; 2],0.2146671999944374,0.26051512916170927,tvm
64,2,1,128,64,64,224,4,4,[64; 2; 1; 128; 64; 64; 224; 4; 4],1.6419792850501835,0.034058927443548194,tvm
16,2,2,512,256,32,512,32,2,[16; 2; 2; 512; 256; 32; 512; 32; 2],1.0956406750483438,0.05104233039802557,tvm
8,2,1,2048,64,64,896,28,4,[8; 2; 1; 2048; 64; 64; 896; 28; 4],1.839505232986994,0.03040168211020726,tvm
32,8,4,512,16,16,1792,28,1,[32; 8; 4; 512; 16; 16; 1792; 28; 1],0.5668300710385665,0.09866105591551849,tvm
32,32,2,2048,512,128,112,4,8,[32; 32; 2; 2048; 512; 128; 112; 4; 8],0.40669464401435107,0.13750870378160165,tvm
64,4,1,2048,256,32,14336,1,2,[64; 4; 1; 2048; 256; 32; 14336; 1; 2],2.2575839719502255,0.024771638188511347,tvm
16,16,1,2048,512,32,128,4,2,[16; 16; 1; 2048; 512; 32; 128; 4; 2],0.8532359310192987,0.0655434813516643,tvm
32,32,2,256,256,32,1792,8,2,[32; 32; 2; 256; 256; 32; 1792; 8; 2],0.6791583430022001,0.0823431735905984,tvm
32,8,2,2048,1024,128,28,7,8,[32; 8; 2; 2048; 1024; 128; 28; 7; 8],0.23726076702587306,0.2357071252628753,tvm
32,32,4,2048,1024,64,896,16,4,[32; 32; 4; 2048; 1024; 64; 896; 16; 4],0.28701573703438044,0.19484664468636584,tvm
32,32,4,256,128,32,1792,14,2,[32; 32; 4; 256; 128; 32; 1792; 14; 2],0.33906340994872153,0.16493685750931086,tvm
32,4,4,1024,256,32,64,32,2,[32; 4; 4; 1024; 256; 32; 64; 32; 2],0.520290357992053,0.1074862381635516,tvm
64,8,4,512,512,16,448,28,1,[64; 8; 4; 512; 512; 16; 448; 28; 1],0.5763520550681278,0.09703106433223843,tvm
8,8,8,2048,256,32,256,16,2,[8; 8; 8; 2048; 256; 32; 256; 16; 2],0.38665043900255114,0.1446372425635972,tvm
8,2,2,512,128,64,256,16,4,[8; 2; 2; 512; 128; 64; 256; 16; 4],1.0348148550838232,0.05404256912102727,tvm
64,16,1,256,64,16,14336,4,1,[64; 16; 1; 256; 64; 16; 14336; 4; 1],2.7304393011145294,0.02048170538363767,tvm
16,16,8,64,64,16,2048,8,1,[16; 16; 8; 64; 64; 16; 2048; 8; 1],0.44943185802549124,0.12443277514644142,tvm
64,4,1,2048,128,64,3584,2,4,[64; 4; 1; 2048; 128; 64; 3584; 2; 4],2.137035619933158,0.02616898511737606,tvm
64,8,8,4096,128,16,896,7,1,[64; 8; 8; 4096; 128; 16; 896; 7; 1],0.47360533801838756,0.11808155196756272,tvm
32,2,2,1024,256,128,28,4,8,[32; 2; 2; 1024; 256; 128; 28; 4; 8],0.8006401651073247,0.06984917291257402,tvm
64,4,4,256,256,64,2,1,4,[64; 4; 4; 256; 256; 64; 2; 1; 4],0.5059299069689587,0.11053715655667802,tvm
64,16,1,1024,256,128,1024,1,8,[64; 16; 1; 1024; 256; 128; 1024; 1; 8],0.9812091109342873,0.056995040822729,tvm
4,4,2,512,128,32,128,2,2,[4; 4; 2; 512; 128; 32; 128; 2; 2],0.7631305590039119,0.07328241894326586,tvm
64,8,4,128,64,16,1792,56,1,[64; 8; 4; 128; 64; 16; 1792; 56; 1],0.5609268250409514,0.09969937403020529,tvm
2,2,1,32,32,32,8,8,2,[2; 2; 1; 32; 32; 32; 8; 8; 2],1.0431114190723747,0.053612732360907196,tvm
32,2,2,4096,256,128,7168,2,8,[32; 2; 2; 4096; 256; 128; 7168; 2; 8],0.9423530430067331,0.05934511884728297,tvm
32,32,2,1024,32,32,2048,8,2,[32; 32; 2; 1024; 32; 32; 2048; 8; 2],0.6041873859940097,0.09256077606010762,tvm
32,16,1,2048,1024,128,256,2,8,[32; 16; 1; 2048; 1024; 128; 256; 2; 8],0.8480013830121607,0.06594806854522708,tvm
16,8,8,256,32,16,56,14,1,[16; 8; 8; 256; 32; 16; 56; 14; 1],0.42367370100691915,0.1319979342603095,tvm
64,16,8,2048,128,16,14336,4,1,[64; 16; 8; 2048; 128; 16; 14336; 4; 1],0.542218200978823,0.10313938785599253,tvm
4,4,4,256,256,16,128,64,1,[4; 4; 4; 256; 256; 16; 128; 64; 1],0.5816584570566192,0.09614586129517864,tvm
4,2,2,2048,512,64,448,16,4,[4; 2; 2; 2048; 512; 64; 448; 16; 4],1.0416790479794145,0.05368645307958474,tvm
32,1,1,512,256,32,14336,1,2,[32; 1; 1; 512; 256; 32; 14336; 1; 2],2.2002613650402054,0.02541700464404211,tvm
64,64,1,1024,64,64,512,64,4,[64; 64; 1; 1024; 64; 64; 512; 64; 4],1.1926883639534935,0.04688907431607506,tvm
64,8,2,32,32,16,3584,28,1,[64; 8; 2; 32; 32; 16; 3584; 28; 1],1.328415283933282,0.04209832121755538,tvm
32,4,2,256,256,128,896,16,8,[32; 4; 2; 256; 256; 128; 896; 16; 8],0.9275172590278089,0.0602943533276685,tvm
64,8,1,1024,512,16,28,14,1,[64; 8; 1; 1024; 512; 16; 28; 14; 1],0.4236475538928062,0.13200608104415865,tvm
64,1,1,4096,4096,64,256,16,4,[64; 1; 1; 4096; 4096; 64; 256; 16; 4],2.1924442779272795,0.02550762812827495,tvm
16,16,4,4096,4096,32,896,8,2,[16; 16; 4; 4096; 4096; 32; 896; 8; 2],0.4424463949399069,0.12639735338091962,tvm
64,32,1,256,256,32,2048,64,2,[64; 32; 1; 256; 256; 32; 2048; 64; 2],1.350551693001762,0.04140830271297166,tvm
32,16,16,4096,32,16,7168,2,1,[32; 16; 16; 4096; 32; 16; 7168; 2; 1],0.7240296000381932,0.07724000970455254,tvm
64,32,2,4096,256,64,2048,32,4,[64; 32; 2; 4096; 256; 64; 2048; 32; 4],0.7017576809739694,0.07969140181795566,tvm
16,8,1,256,32,32,3584,32,2,[16; 8; 1; 256; 32; 32; 3584; 32; 2],2.264427246991545,0.024696776373642596,tvm
32,32,8,4096,1024,16,7,1,1,[32; 32; 8; 4096; 1024; 16; 7; 1; 1],0.5344088909914717,0.10464656235336808,tvm
64,8,4,2048,512,64,448,28,4,[64; 8; 4; 2048; 512; 64; 448; 28; 4],0.4817958460189402,0.11607417082449246,tvm
64,2,1,4096,1024,64,14336,8,4,[64; 2; 1; 4096; 1024; 64; 14336; 8; 4],2.087878862977959,0.02678510440666485,tvm
8,8,2,1024,256,16,56,14,1,[8; 8; 2; 1024; 256; 16; 56; 14; 1],0.4799233810044825,0.11652704483012258,tvm
8,4,1,512,256,64,224,16,4,[8; 4; 1; 512; 256; 64; 224; 16; 4],1.3017668280517682,0.04296011553546006,tvm
8,8,2,128,64,64,224,2,4,[8; 8; 2; 128; 64; 64; 224; 2; 4],0.5741902770241722,0.09739637811905869,tvm
16,8,2,1024,1024,16,28,28,1,[16; 8; 2; 1024; 1024; 16; 28; 28; 1],0.30073857901152223,0.18595570118455174,tvm
2,2,1,4096,32,16,256,1,1,[2; 2; 1; 4096; 32; 16; 256; 1; 1],1.9090414920356125,0.02929431003288539,tvm
32,4,4,2048,64,32,2048,2,2,[32; 4; 4; 2048; 64; 32; 2048; 2; 2],0.5636102349963039,0.09922469440907168,tvm
2,2,2,4096,256,64,14,1,4,[2; 2; 2; 4096; 256; 64; 14; 1; 4],0.7488459489541128,0.0746803176426881,tvm
4,4,1,256,128,64,14336,2,4,[4; 4; 1; 256; 128; 64; 14336; 2; 4],2.1842560039367527,0.02560325036650451,tvm
1,1,1,4096,32,16,7168,8,1,[1; 1; 1; 4096; 32; 16; 7168; 8; 1],2.6252652360126376,0.021302248841824883,tvm
16,4,4,256,256,16,8,4,1,[16; 4; 4; 256; 256; 16; 8; 4; 1],0.3807865569833666,0.14686456837229206,tvm
16,16,2,4096,256,16,7168,16,1,[16; 16; 2; 4096; 256; 16; 7168; 16; 1],1.250940778059885,0.04470559623139581,tvm
64,8,1,256,64,64,56,14,4,[64; 8; 1; 256; 64; 64; 56; 14; 4],0.5722206099890172,0.09773163069817897,tvm
64,8,4,2048,1024,16,512,32,1,[64; 8; 4; 2048; 1024; 16; 512; 32; 1],0.5763085599755868,0.09703838744942873,tvm
32,4,1,4096,512,32,28,4,2,[32; 4; 1; 4096; 512; 32; 28; 4; 2],0.5454441420733929,0.10252938664030681,tvm
64,16,2,128,64,64,3584,56,4,[64; 16; 2; 128; 64; 64; 3584; 56; 4],1.0224685959983617,0.05469513054210512,tvm
64,32,2,512,64,64,112,7,4,[64; 32; 2; 512; 64; 64; 112; 7; 4],0.5458698910661042,0.1024494192638315,tvm
8,8,2,4096,64,16,512,64,1,[8; 8; 2; 4096; 64; 16; 512; 64; 1],0.7719856450567022,0.07244183061101574,tvm
4,1,1,256,64,64,14,7,4,[4; 1; 1; 256; 64; 64; 14; 7; 4],2.1434891460230574,0.02609019664834438,tvm
64,8,8,2048,1024,32,1792,16,2,[64; 8; 8; 2048; 1024; 32; 1792; 16; 2],0.3834879669593647,0.14583000811407254,tvm
64,16,1,2048,512,128,1024,1,8,[64; 16; 1; 2048; 512; 128; 1024; 1; 8],0.8938474700553343,0.06256554413010904,tvm
4,1,1,16,16,16,7168,32,1,[4; 1; 1; 16; 16; 16; 7168; 32; 1],2.7610878130653873,0.020254355210545038,tvm
4,1,1,256,32,32,3584,1,2,[4; 1; 1; 256; 32; 32; 3584; 1; 2],2.272834580973722,0.024605421706217833,tvm
64,64,2,512,512,32,512,2,2,[64; 64; 2; 512; 512; 32; 512; 2; 2],0.4004155640723184,0.1396650339077054,tvm
64,16,1,128,64,32,448,28,2,[64; 16; 1; 128; 64; 32; 448; 28; 2],1.1039449569070712,0.05065837112931434,tvm
4,4,1,1024,1024,128,256,32,8,[4; 4; 1; 1024; 1024; 128; 256; 32; 8],1.2971965990727767,0.043111470823549256,tvm
64,32,1,128,16,16,112,1,1,[64; 32; 1; 128; 16; 16; 112; 1; 1],1.2760267480043694,0.04382670929178817,tvm
64,32,8,4096,1024,32,64,8,2,[64; 32; 8; 4096; 1024; 32; 64; 8; 2],0.29053932207170874,0.19248359545469917,tvm
16,1,1,256,64,64,256,16,4,[16; 1; 1; 256; 64; 64; 256; 16; 4],2.1150530410232022,0.02644096968191345,tvm
32,16,2,512,128,16,3584,7,1,[32; 16; 2; 512; 128; 16; 3584; 7; 1],1.2365019590361044,0.04522763019067762,tvm
32,16,1,2048,64,64,14336,8,4,[32; 16; 1; 2048; 64; 64; 14336; 8; 4],2.130491834017448,0.026249362912543008,tvm
16,4,4,128,32,16,14336,14,1,[16; 4; 4; 128; 32; 16; 14336; 14; 1],0.5821229619905353,0.09606914171896659,tvm
8,8,4,1024,256,64,896,4,4,[8; 8; 4; 1024; 256; 64; 896; 4; 4],0.5049530629767105,0.1107509933768095,tvm
16,16,4,1024,64,32,14336,56,2,[16; 16; 4; 1024; 64; 32; 14336; 56; 2],0.5232225690269843,0.10688387054352992,tvm
8,4,1,64,32,16,224,2,1,[8; 4; 1; 64; 32; 16; 224; 2; 1],1.4630272379145026,0.038224888699304904,tvm
32,8,8,4096,128,16,512,4,1,[32; 8; 8; 4096; 128; 16; 512; 4; 1],0.5570030040107667,0.10040170866341025,tvm
4,1,1,4096,128,32,2048,32,2,[4; 1; 1; 4096; 128; 32; 2048; 32; 2],2.3278934659902006,0.02402345904156112,tvm
16,8,4,4096,4096,16,448,56,1,[16; 8; 4; 4096; 4096; 16; 448; 56; 1],0.5766888699727133,0.09697439337780084,tvm
32,16,16,4096,512,16,448,28,1,[32; 16; 16; 4096; 512; 16; 448; 28; 1],0.5237256810069084,0.1067811935932079,tvm
64,8,4,512,256,64,8,8,4,[64; 8; 4; 512; 256; 64; 8; 8; 4],0.27502979105338454,0.2033381660915352,tvm
64,16,8,64,32,16,1792,64,1,[64; 16; 8; 64; 32; 16; 1792; 64; 1],0.5674145730445161,0.09855942372658422,tvm
2,2,1,1024,1024,128,3584,4,8,[2; 2; 1; 1024; 1024; 128; 3584; 4; 8],1.9329466359922662,0.028932021346065286,tvm
8,2,2,4096,128,32,56,7,2,[8; 2; 2; 4096; 128; 32; 56; 7; 2],1.0748755799140781,0.05202839694041957,tvm
4,4,2,1024,64,16,896,8,1,[4; 4; 2; 1024; 64; 16; 896; 8; 1],1.0999687880976126,0.05084149108453663,tvm
64,32,2,2048,256,16,256,1,1,[64; 32; 2; 2048; 256; 16; 256; 1; 1],0.6939683499513194,0.0805858845540381,tvm
16,8,4,4096,128,64,16,1,4,[16; 8; 4; 4096; 128; 64; 16; 1; 4],0.4009530759649351,0.13947780098393386,tvm
32,2,2,4096,64,32,448,64,2,[32; 2; 2; 4096; 64; 32; 448; 64; 2],1.1317476090043783,0.049413891302611965,tvm
8,8,1,256,64,32,14,1,2,[8; 8; 1; 256; 64; 32; 14; 1; 2],0.409693205030635,0.13650227205782334,tvm
32,32,4,4096,1024,64,3584,64,4,[32; 32; 4; 4096; 1024; 64; 3584; 64; 4],0.45655660098418593,0.12249095339499957,tvm
64,64,4,1024,512,16,8,2,1,[64; 64; 4; 1024; 512; 16; 8; 2; 1],0.2120770059991628,0.26369692022884417,tvm
32,4,2,2048,256,128,448,7,8,[32; 4; 2; 2048; 256; 128; 448; 7; 8],0.8364381239516661,0.06685976132834057,tvm
32,16,16,4096,16,16,16,2,1,[32; 16; 16; 4096; 16; 16; 16; 2; 1],0.4084337620297447,0.13692318934510755,tvm
8,8,1,4096,128,64,14336,1,4,[8; 8; 1; 4096; 128; 64; 14336; 1; 4],2.18150341801811,0.025635556135933164,tvm
4,1,1,512,256,32,14,7,2,[4; 1; 1; 512; 256; 32; 14; 7; 2],1.3472330489894375,0.041510303933890345,tvm
64,8,1,4096,1024,128,112,4,8,[64; 8; 1; 4096; 1024; 128; 112; 4; 8],0.9424076670547947,0.05934167907197398,tvm
2,2,1,4096,128,128,896,7,8,[2; 2; 1; 4096; 128; 128; 896; 7; 8],1.8053134119836614,0.030977476244351675,tvm
32,16,8,256,32,32,2,2,2,[32; 16; 8; 256; 32; 32; 2; 2; 2],0.4458427589852363,0.12543447708025962,tvm
4,4,1,256,256,128,1792,16,8,[4; 4; 1; 256; 256; 128; 1792; 16; 8],1.7566145570017397,0.03183626886753504,tvm
4,2,1,2048,1024,128,28,28,8,[4; 2; 1; 2048; 1024; 128; 28; 28; 8],0.6807053619995713,0.08215603468886522,tvm
32,4,2,512,512,128,16,2,8,[32; 4; 2; 512; 512; 128; 16; 2; 8],0.42527217301540077,0.13150179316178326,tvm
16,8,1,4096,32,16,7,1,1,[16; 8; 1; 4096; 32; 16; 7; 1; 1],0.5401100520975888,0.10354195985826385,tvm
16,8,2,4096,1024,32,1024,64,2,[16; 8; 2; 4096; 1024; 32; 1024; 64; 2],0.8340534430462867,0.06705092317475125,tvm
64,32,1,2048,128,128,896,14,8,[64; 32; 1; 2048; 128; 128; 896; 14; 8],0.8137608000542969,0.06872296297585469,tvm
64,8,2,512,128,128,256,4,8,[64; 8; 2; 512; 128; 128; 256; 4; 8],0.6142456399975345,0.09104509611750408,tvm
8,8,8,4096,32,16,28,14,1,[8; 8; 8; 4096; 32; 16; 28; 14; 1],0.42121422092895955,0.13276867340802645,tvm
16,4,1,2048,512,16,224,28,1,[16; 4; 1; 2048; 512; 16; 224; 28; 1],1.719587284955196,0.03252178811893834,tvm
64,32,1,1024,256,32,896,2,2,[64; 32; 1; 1024; 256; 32; 896; 2; 2],1.083650302956812,0.05160710349154227,tvm
64,4,4,1024,128,64,512,32,4,[64; 4; 4; 1024; 128; 64; 512; 32; 4],0.48998224502429366,0.11413485672437086,tvm
64,8,8,4096,32,32,64,32,2,[64; 8; 8; 4096; 32; 32; 64; 32; 2],0.3559790779836476,0.1570992701315505,tvm
16,16,16,512,512,16,3584,2,1,[16; 16; 16; 512; 512; 16; 3584; 2; 1],0.7675227910513058,0.07286305238797142,tvm
64,64,8,1024,64,32,14,14,2,[64; 64; 8; 1024; 64; 32; 14; 14; 2],0.22555213898885995,0.24794290838490088,tvm
32,4,2,512,64,64,28,2,4,[32; 4; 2; 512; 64; 64; 28; 2; 4],0.574408125015907,0.09735943991353646,tvm
16,2,2,256,256,64,2048,4,4,[16; 2; 2; 256; 256; 64; 2048; 4; 4],1.031976580969058,0.05419120391358001,tvm
4,2,1,512,128,16,896,7,1,[4; 2; 1; 512; 128; 16; 896; 7; 1],2.389795030001551,0.023401192416613672,tvm
32,4,2,2048,128,16,28,4,1,[32; 4; 2; 2048; 128; 16; 28; 4; 1],0.5885799849638715,0.0950152141798809,tvm
32,16,8,4096,128,32,16,1,2,[32; 16; 8; 4096; 128; 32; 16; 1; 2],0.3506507530109957,0.15948647722304954,tvm
32,8,1,512,512,32,1024,32,2,[32; 8; 1; 512; 512; 32; 1024; 32; 2],1.1993981279665604,0.046626763898778165,tvm
4,4,1,4096,128,64,512,16,4,[4; 4; 1; 4096; 128; 64; 512; 16; 4],1.3302716409089044,0.04203957418435485,tvm
8,8,2,512,128,32,1792,8,2,[8; 8; 2; 512; 128; 32; 1792; 8; 2],0.8549712860258296,0.06541044623063962,tvm
64,16,8,32,32,16,2048,4,1,[64; 16; 8; 32; 32; 16; 2048; 4; 1],0.5710254720179364,0.09793617986200222,tvm
64,8,2,512,512,32,896,14,2,[64; 8; 2; 512; 512; 32; 896; 14; 2],0.8084734859876335,0.06917240243817811,tvm
64,4,1,256,256,32,28,4,2,[64; 4; 1; 256; 256; 32; 28; 4; 2],0.6695532969897613,0.08352442379831716,tvm
8,8,1,4096,2048,128,448,2,8,[8; 8; 1; 4096; 2048; 128; 448; 2; 8],1.0357991240452975,0.053991215125692334,tvm
8,8,4,2048,256,16,512,4,1,[8; 8; 4; 2048; 256; 16; 512; 4; 1],0.5901955729350448,0.09475512168826142,tvm
64,8,8,64,64,16,112,7,1,[64; 8; 8; 64; 64; 16; 112; 7; 1],0.5036676480667666,0.11103364202165314,tvm
32,1,1,512,256,16,14336,8,1,[32; 1; 1; 512; 256; 16; 14336; 8; 1],2.7020370319951326,0.020696997365739316,tvm
32,16,8,16,16,16,2048,2,1,[32; 16; 8; 16; 16; 16; 2048; 2; 1],0.7505805379478261,0.07450773169024094,tvm
16,2,2,1024,256,128,28,14,8,[16; 2; 2; 1024; 256; 128; 28; 14; 8],0.7929864739999175,0.07052333824970028,tvm
64,32,8,1024,128,32,1024,8,2,[64; 32; 8; 1024; 128; 32; 1024; 8; 2],0.32565991091541946,0.17172532282568226,tvm
4,2,2,1024,256,16,128,4,1,[4; 2; 2; 1024; 256; 16; 128; 4; 1],1.272018525050953,0.04396481044259414,tvm
64,64,16,4096,512,16,256,32,1,[64; 64; 16; 4096; 512; 16; 256; 32; 1],0.45119502500165254,0.12394652031708131,tvm
16,16,1,512,256,64,1792,14,4,[16; 16; 1; 512; 256; 64; 1792; 14; 4],1.3383870529942214,0.04178466401645234,tvm
64,16,2,32,16,16,14336,4,1,[64; 16; 2; 32; 16; 16; 14336; 4; 1],1.3340233109192923,0.04192134640795397,tvm
64,8,4,64,16,16,256,2,1,[64; 8; 4; 64; 16; 16; 256; 2; 1],0.4804784180596471,0.11639243560444554,tvm
16,8,1,128,128,64,1792,1,4,[16; 8; 1; 128; 128; 64; 1792; 1; 4],1.485510568949394,0.03764635170040212,tvm
64,8,2,2048,64,64,512,64,4,[64; 8; 2; 2048; 64; 64; 512; 64; 4],0.643016443005763,0.08697142031379144,tvm
64,1,1,256,256,32,14336,28,2,[64; 1; 1; 256; 256; 32; 14336; 28; 2],2.2339705099584535,0.025033478769768268,tvm
4,2,2,4096,4096,64,1792,4,4,[4; 2; 2; 4096; 4096; 64; 1792; 4; 4],1.0494060160126537,0.05329114992672103,tvm
8,8,1,2048,1024,16,7168,8,1,[8; 8; 1; 2048; 1024; 16; 7168; 8; 1],2.5902159539982677,0.021590498370226138,tvm
8,2,2,256,64,16,7168,32,1,[8; 2; 2; 256; 64; 16; 7168; 32; 1],1.2923364549642429,0.043273601946701004,tvm
64,4,1,4096,32,32,1792,56,2,[64; 4; 1; 4096; 32; 32; 1792; 56; 2],2.0142547329887748,0.027764141455114057,tvm
64,64,1,4096,512,16,3584,8,1,[64; 64; 1; 4096; 512; 16; 3584; 8; 1],2.2879824740812182,0.024442518230298367,tvm
16,2,2,1024,128,16,256,32,1,[16; 2; 2; 1024; 128; 16; 256; 32; 1],1.3019115770002827,0.04295533914998068,tvm
64,32,16,2048,128,16,3584,32,1,[64; 32; 16; 2048; 128; 16; 3584; 32; 1],0.5267335890093818,0.10617142043002929,tvm
8,8,2,64,64,16,28,1,1,[8; 8; 2; 64; 64; 16; 28; 1; 1],0.5115323310019448,0.1093265272671899,tvm
4,2,2,2048,128,16,7168,32,1,[4; 2; 2; 2048; 128; 16; 7168; 32; 1],1.2381934460718185,0.04516584505494919,tvm
8,8,1,4096,4096,16,14336,4,1,[8; 8; 1; 4096; 4096; 16; 14336; 4; 1],2.638529124087654,0.02119516241939177,tvm
8,4,2,64,16,16,896,7,1,[8; 4; 2; 64; 16; 16; 896; 7; 1],1.097576287924312,0.050952315523410625,tvm
8,2,2,512,512,32,112,56,2,[8; 2; 2; 512; 512; 32; 112; 56; 2],1.0799257929902524,0.051785089027721845,tvm
2,1,1,2048,1024,64,14,7,4,[2; 1; 1; 2048; 1024; 64; 14; 7; 4],1.0867566040251404,0.05145959373626187,tvm
32,32,1,2048,2048,128,28,2,8,[32; 32; 1; 2048; 2048; 128; 28; 2; 8],0.21850887301843613,0.2559349309747018,tvm
