kc,ku,mc,mr,nc,nr,X,time,peak,backend
64,1,1,1,16,16,[64; 1; 1; 1; 16; 16],0.5221406519412994,0.10710534245018041,tvm
16,8,4,1,7168,16,[16; 8; 4; 1; 7168; 16],0.29474637808743864,0.18973618504225712,tvm
512,16,1,1,112,16,[512; 16; 1; 1; 112; 16],1.1228407450253144,0.04980586390465598,tvm
8,1,32,1,3584,128,[8; 1; 32; 1; 3584; 128],0.14414580294396728,0.38796865528628866,tvm
2048,16,2,1,32,16,[2048; 16; 2; 1; 32; 16],1.4720809500431642,0.03798979487622167,tvm
512,8,8,1,1024,64,[512; 8; 8; 1; 1024; 64],0.7443596719531342,0.07513041804991066,tvm
64,2,16,1,896,16,[64; 2; 16; 1; 896; 16],0.4780863400083035,0.11697479859466814,tvm
4,2,64,1,14336,64,[4; 2; 64; 1; 14336; 64],0.24255696509499103,0.23056049250711955,tvm
32,2,2,1,512,128,[32; 2; 2; 1; 512; 128],0.19991583202499896,0.2797379915680724,tvm
2048,32,4,1,1024,128,[2048; 32; 4; 1; 1024; 128],0.7765757659217343,0.0720136473315722,tvm
8,2,16,1,512,64,[8; 2; 16; 1; 512; 64],0.12455988198053092,0.44897323635931535,tvm
16,16,4,1,256,64,[16; 16; 4; 1; 256; 64],0.20092858094722033,0.2783280162020524,tvm
4096,1,8,1,64,64,[4096; 1; 8; 1; 64; 64],1.0487233960302547,0.053325837437234,tvm
8,4,64,1,256,16,[8; 4; 64; 1; 256; 16],0.1809035139158368,0.3091374629646571,tvm
32,8,8,1,2048,64,[32; 8; 8; 1; 2048; 64],0.21590581396594644,0.25902059933482807,tvm
128,64,16,1,896,64,[128; 64; 16; 1; 896; 64],0.23641538398806006,0.23654997568245276,tvm
64,1,32,1,1024,128,[64; 1; 32; 1; 1024; 128],0.1904529839521274,0.2936370550507652,tvm
32,2,32,1,128,16,[32; 2; 32; 1; 128; 16],0.23294992104638368,0.24006899458102007,tvm
4,1,4,1,1792,16,[4; 1; 4; 1; 1792; 16],0.16159870603587478,0.34606745750128864,tvm
16,4,32,1,2048,64,[16; 4; 32; 1; 2048; 64],0.132122514070943,0.42327421428951156,tvm
32,32,1,1,224,16,[32; 32; 1; 1; 224; 16],0.35174769104924053,0.15898911281127537,tvm
4096,4,32,1,14336,64,[4096; 4; 32; 1; 14336; 64],1.3225568339694291,0.04228480160318465,tvm
1,1,1,1,16,16,[1; 1; 1; 1; 16; 16],0.65442004497163,0.08545589910186464,tvm
4096,2,1,1,1792,64,[4096; 2; 1; 1; 1792; 64],0.8757926060352474,0.06385536135832894,tvm
128,2,16,1,128,128,[128; 2; 16; 1; 128; 128],0.22967423195950687,0.24349293717543868,tvm
32,4,64,1,256,16,[32; 4; 64; 1; 256; 16],0.23435220401734114,0.23863250430192318,tvm
8,8,4,1,1792,128,[8; 8; 4; 1; 1792; 128],0.19542495894711465,0.2861663813805244,tvm
64,32,16,1,2048,128,[64; 32; 16; 1; 2048; 128],0.19497653492726386,0.28682453175299194,tvm
2048,1,4,1,224,16,[2048; 1; 4; 1; 224; 16],1.0965840929420665,0.05099841744310972,tvm
2,1,8,1,1024,128,[2; 1; 8; 1; 1024; 128],0.2887406930094585,0.19368261795888048,tvm
16,16,64,1,512,16,[16; 16; 64; 1; 512; 16],0.19881719106342643,0.28128379157862915,tvm
512,4,16,1,64,16,[512; 4; 16; 1; 64; 16],1.2242019349941984,0.045682049451750265,tvm
64,8,32,1,64,16,[64; 8; 32; 1; 64; 16],0.3213003689888865,0.17405536604057775,tvm
4096,8,2,1,2048,64,[4096; 8; 2; 1; 2048; 64],0.9228771899361163,0.06059750305152143,tvm
2,2,8,1,14336,16,[2; 2; 8; 1; 14336; 16],0.4053510769736022,0.13796448686128765,tvm
2048,4,8,1,896,16,[2048; 4; 8; 1; 896; 16],1.1133513080421835,0.05023037466195211,tvm
32,8,8,1,128,64,[32; 8; 8; 1; 128; 64],0.23778315889649093,0.23518929428335822,tvm
8,4,4,1,224,16,[8; 4; 4; 1; 224; 16],0.14878888695966452,0.37586176277058847,tvm
32,1,16,1,448,64,[32; 1; 16; 1; 448; 64],0.22468572505749762,0.24889900468319576,tvm
2048,4,4,1,14336,16,[2048; 4; 4; 1; 14336; 16],1.7022228289861232,0.032853544424993275,tvm
1024,8,1,1,1024,128,[1024; 8; 1; 1; 1024; 128],0.7427648409502581,0.07529173467848418,tvm
64,1,4,1,1024,64,[64; 1; 4; 1; 1024; 64],0.21467250201385468,0.2605086949129799,tvm
2048,4,64,1,14336,128,[2048; 4; 64; 1; 14336; 128],0.858309073955752,0.06515607842241729,tvm
256,64,32,1,1792,64,[256; 64; 32; 1; 1792; 64],0.730208579916507,0.07658640951565888,tvm
2048,2,4,1,128,64,[2048; 2; 4; 1; 128; 64],0.8548235630150884,0.06542174988260849,tvm
128,8,64,1,2048,16,[128; 8; 64; 1; 2048; 16],0.4856968689709902,0.11514188562058361,tvm
256,64,2,1,896,64,[256; 64; 2; 1; 896; 64],0.7151258150115609,0.07820169844159415,tvm
4096,16,4,1,448,64,[4096; 16; 4; 1; 448; 64],1.2079009560402483,0.04629854215586025,tvm
64,4,4,1,1024,16,[64; 4; 4; 1; 1024; 16],0.4602876740973443,0.12149804672263763,tvm
128,2,8,1,112,16,[128; 2; 8; 1; 112; 16],0.4914433569647372,0.11379552198799196,tvm
4096,2,4,1,448,64,[4096; 2; 4; 1; 448; 64],1.368628497933969,0.04086138306907552,tvm
4096,64,8,1,7168,128,[4096; 64; 8; 1; 7168; 128],1.5482769110240042,0.03612018814925433,tvm
512,64,16,1,3584,64,[512; 64; 16; 1; 3584; 64],0.7303757850313559,0.07656887656938469,tvm
4096,8,32,1,896,128,[4096; 8; 32; 1; 896; 128],0.9280342049896717,0.06026076736466381,tvm
4,1,8,1,448,64,[4; 1; 8; 1; 448; 64],0.13706573692616075,0.40800899325745,tvm
1024,32,2,1,512,128,[1024; 32; 2; 1; 512; 128],0.73196853895206,0.07640226370029281,tvm
1024,2,64,1,256,64,[1024; 2; 64; 1; 256; 64],0.8833476470317692,0.0633092231821183,tvm
4096,1,32,1,896,128,[4096; 1; 32; 1; 896; 128],1.110908858012408,0.05034081142659203,tvm
4096,16,64,1,128,128,[4096; 16; 64; 1; 128; 128],0.9882516809739172,0.056588877519763436,tvm
256,8,8,1,1024,64,[256; 8; 8; 1; 1024; 64],0.7403765690978616,0.07553460720870192,tvm
16,4,64,1,896,64,[16; 4; 64; 1; 896; 64],0.13880583504214883,0.40289410972061673,tvm
32,1,4,1,512,128,[32; 1; 4; 1; 512; 128],0.1974838268943131,0.2831829533223602,tvm
128,4,4,1,128,128,[128; 4; 4; 1; 128; 128],0.22994689596816897,0.2432042106846912,tvm
64,32,2,1,128,128,[64; 32; 2; 1; 128; 128],0.20788721309509128,0.26901151110122723,tvm
32,2,2,1,2048,128,[32; 2; 2; 1; 2048; 128],0.19857842894271016,0.2816219950529844,tvm
2048,1,16,1,7168,64,[2048; 1; 16; 1; 7168; 64],0.9894872460281476,0.05651821542704602,tvm
512,16,8,1,1024,16,[512; 16; 8; 1; 1024; 16],0.9544491730630398,0.05859301355342014,tvm
4096,1,2,1,112,16,[4096; 1; 2; 1; 112; 16],1.2331889999331906,0.045349134103826,tvm
8,1,8,1,128,128,[8; 1; 8; 1; 128; 128],0.14807828899938613,0.3776654478602543,tvm
64,64,64,1,896,64,[64; 64; 64; 1; 896; 64],0.1620636999141425,0.3450745192350944,tvm
32,16,1,1,14336,64,[32; 16; 1; 1; 14336; 64],0.7283776690019295,0.07677892350813571,tvm
32,8,64,1,64,64,[32; 8; 64; 1; 64; 64],0.24901703908108175,0.22457922373385886,tvm
128,2,32,1,1792,128,[128; 2; 32; 1; 1792; 128],0.22485792508814484,0.24870839358413083,tvm
4096,64,1,1,14336,16,[4096; 64; 1; 1; 14336; 16],2.5561318210093305,0.021878391745559823,tvm
128,1,8,1,14336,128,[128; 1; 8; 1; 14336; 128],0.2753578369738534,0.2030959203773946,tvm
128,2,2,1,448,16,[128; 2; 2; 1; 448; 16],0.49654721294064075,0.11262585284114508,tvm
64,64,2,1,64,16,[64; 64; 2; 1; 64; 16],0.5168157699517906,0.1082088755506629,tvm
256,2,16,1,3584,128,[256; 2; 16; 1; 3584; 128],0.7335890079848468,0.07623349412902941,tvm
4096,8,2,1,14336,16,[4096; 8; 2; 1; 14336; 16],2.519137067021802,0.02219968657737564,tvm
2048,2,8,1,7168,16,[2048; 2; 8; 1; 7168; 16],1.309150749933906,0.0427178102568835,tvm
64,8,8,1,512,128,[64; 8; 8; 1; 512; 128],0.19955380994360894,0.28024548040018216,tvm
16,8,16,1,896,16,[16; 8; 16; 1; 896; 16],0.16459285898599774,0.33977205133845395,tvm
256,32,8,1,1792,64,[256; 32; 8; 1; 1792; 64],0.7324719940079376,0.07634974960247735,tvm
64,32,2,1,512,16,[64; 32; 2; 1; 512; 16],0.5230614469619468,0.10691679468665154,tvm
512,64,32,1,896,128,[512; 64; 32; 1; 896; 128],0.7559027019888163,0.0739831372294271,tvm
64,32,8,1,512,128,[64; 32; 8; 1; 512; 128],0.19983256503473967,0.2798545538541793,tvm
256,1,64,1,64,64,[256; 1; 64; 1; 64; 64],0.926070231013,0.0603885660725318,tvm
256,16,1,1,7168,128,[256; 16; 1; 1; 7168; 128],0.7486794110154733,0.07469692970116622,tvm
4096,32,16,1,896,16,[4096; 32; 16; 1; 896; 16],1.8462800240376964,0.030290125335934146,tvm
32,8,1,1,14336,128,[32; 8; 1; 1; 14336; 128],0.7284263180335984,0.07677379571389108,tvm
4096,1,16,1,7168,64,[4096; 1; 16; 1; 7168; 64],1.502661144011654,0.03721667626543727,tvm
256,16,4,1,512,64,[256; 16; 4; 1; 512; 64],0.7394076059572399,0.07563359219294728,tvm
4096,1,4,1,1792,16,[4096; 1; 4; 1; 1792; 16],2.1781412540003657,0.025675127005938405,tvm
4096,16,16,1,448,64,[4096; 16; 16; 1; 448; 64],1.3719546820502728,0.04076231822013207,tvm
512,16,16,1,512,64,[512; 16; 16; 1; 512; 64],0.7504952989984304,0.0745161940494051,tvm
512,8,4,1,128,128,[512; 8; 4; 1; 128; 128],0.8564490630524233,0.06529758247853933,tvm
128,4,2,1,112,16,[128; 4; 2; 1; 112; 16],0.47717149497475475,0.11719906558184506,tvm
256,16,8,1,7168,16,[256; 16; 8; 1; 7168; 16],0.949894389952533,0.05887396949057454,tvm
2,1,4,1,3584,64,[2; 1; 4; 1; 3584; 64],0.2616429449990392,0.21374187381027493,tvm
128,2,2,1,112,16,[128; 2; 2; 1; 112; 16],0.47940215200651437,0.11665373861853964,tvm
1024,8,32,1,32,16,[1024; 8; 32; 1; 32; 16],1.2343839280074462,0.04530523450966058,tvm
64,2,1,1,448,16,[64; 2; 1; 1; 448; 16],0.4395126469898969,0.127241056011339,tvm
256,64,8,1,1792,16,[256; 64; 8; 1; 1792; 16],0.9640585989691317,0.058008977247994004,tvm
512,2,1,1,128,16,[512; 2; 1; 1; 128; 16],1.262641489971429,0.04429131608418695,tvm
256,1,32,1,256,64,[256; 1; 32; 1; 256; 64],0.9158664549468085,0.0610613622010878,tvm
8,2,1,1,1024,64,[8; 2; 1; 1; 1024; 64],0.1292578529100865,0.43265497665534375,tvm
1024,4,32,1,128,16,[1024; 4; 32; 1; 128; 16],1.2004338999977335,0.04658653286402435,tvm
4096,2,4,1,128,128,[4096; 2; 4; 1; 128; 128],0.917277112021111,0.060967457489603485,tvm
512,4,64,1,14336,16,[512; 4; 64; 1; 14336; 16],0.9832205011043698,0.05687844514075784,tvm
1024,64,1,1,256,64,[1024; 64; 1; 1; 256; 64],0.9881338760023937,0.05659562402574473,tvm
256,8,4,1,16,16,[256; 8; 4; 1; 16; 16],1.3159163349773735,0.04249818308874091,tvm
512,8,8,1,512,16,[512; 8; 8; 1; 512; 16],0.9567661770852283,0.05845111864604684,tvm
16,2,32,1,2048,16,[16; 2; 32; 1; 2048; 16],0.19651773502118886,0.28457509612200405,tvm
64,1,1,1,1792,16,[64; 1; 1; 1; 1792; 16],0.46708252001553774,0.11973056352327849,tvm
128,16,16,1,112,16,[128; 16; 16; 1; 112; 16],0.4968409009743482,0.11255927848061906,tvm
1024,4,2,1,3584,64,[1024; 4; 2; 1; 3584; 64],0.7401855930220336,0.07555409597342515,tvm
128,1,32,1,128,128,[128; 1; 32; 1; 128; 128],0.2246711120242253,0.24891519354434535,tvm
256,64,32,1,896,16,[256; 64; 32; 1; 896; 16],0.9729241769528016,0.05748038198463467,tvm
4096,16,1,1,3584,128,[4096; 16; 1; 1; 3584; 128],1.8673974470002577,0.029947590119697543,tvm
64,64,8,1,128,16,[64; 64; 8; 1; 128; 16],0.35699843196198344,0.15665069738818532,tvm
512,16,16,1,3584,16,[512; 16; 16; 1; 3584; 16],0.9655028319684789,0.0579222053852651,tvm
8,4,8,1,128,128,[8; 4; 8; 1; 128; 128],0.1489266079152003,0.3755141818927134,tvm
512,64,1,1,16,16,[512; 64; 1; 1; 16; 16],1.3502483399352059,0.041417605694680545,tvm
2048,16,8,1,896,16,[2048; 16; 8; 1; 896; 16],1.0191535559715703,0.054873039499941025,tvm
4,4,8,1,16,16,[4; 4; 8; 1; 16; 16],0.2778534189565107,0.20127178403403595,tvm
512,32,2,1,128,16,[512; 32; 2; 1; 128; 16],1.1114297629101202,0.05031721769525425,tvm
64,8,8,1,7168,64,[64; 8; 8; 1; 7168; 64],0.28216622001491487,0.1981954230041331,tvm
8,1,1,1,3584,128,[8; 1; 1; 1; 3584; 128],0.24282632407266647,0.23030473959898146,tvm
2,1,8,1,14336,128,[2; 1; 8; 1; 14336; 128],0.4272294780239463,0.13089933211537144,tvm
16,8,4,1,256,64,[16; 8; 4; 1; 256; 64],0.20153020205907524,0.2774971332432849,tvm
512,2,16,1,224,16,[512; 2; 16; 1; 224; 16],1.1227599729318172,0.049809446971378166,tvm
256,4,8,1,2048,128,[256; 4; 8; 1; 2048; 128],0.7249941730406135,0.07713724525369464,tvm
8,4,2,1,128,128,[8; 4; 2; 1; 128; 128],0.14819544705096632,0.3773668789844828,tvm
1024,32,4,1,448,16,[1024; 32; 4; 1; 448; 16],0.9665750310523435,0.05785795363702587,tvm
128,2,2,1,512,64,[128; 2; 2; 1; 512; 64],0.25170162005815655,0.2221839228544174,tvm
512,64,8,1,1792,16,[512; 64; 8; 1; 1792; 16],0.9652785189682618,0.05793566544204027,tvm
4,4,16,1,3584,128,[4; 4; 16; 1; 3584; 128],0.14863731490913779,0.37624504565034556,tvm
512,16,8,1,16,16,[512; 16; 8; 1; 16; 16],1.2669080089544877,0.044142157866287786,tvm
128,64,2,1,1024,16,[128; 64; 2; 1; 1024; 16],0.5039830700261518,0.11096415070139443,tvm
4096,4,1,1,7168,16,[4096; 4; 1; 1; 7168; 16],2.5139495339244604,0.022245495615033993,tvm
4096,16,64,1,32,16,[4096; 16; 64; 1; 32; 16],1.5697065939893946,0.03562707422359925,tvm
16,16,2,1,14336,64,[16; 16; 2; 1; 14336; 64],0.27662423509173095,0.20216613817219753,tvm
512,16,4,1,1792,128,[512; 16; 4; 1; 1792; 128],0.7304983410285786,0.07655603057850814,tvm
4096,1,1,1,1024,128,[4096; 1; 1; 1; 1024; 128],0.8820859630359337,0.06339977697962206,tvm
2,2,8,1,3584,128,[2; 2; 8; 1; 3584; 128],0.2372771450318396,0.23569085562719927,tvm
512,4,32,1,256,128,[512; 4; 32; 1; 256; 128],0.8329988599289209,0.0671358101715833,tvm
4096,8,8,1,1024,64,[4096; 8; 8; 1; 1024; 64],1.3275886360788718,0.04212453452336639,tvm
512,64,8,1,16,16,[512; 64; 8; 1; 16; 16],1.2548292899737135,0.04456706085853706,tvm
32,32,32,1,14336,16,[32; 32; 32; 1; 14336; 16],0.33792212093248963,0.165493910783384,tvm
512,1,8,1,1792,128,[512; 1; 8; 1; 1792; 128],0.7329345840262249,0.07630156162931498,tvm
512,8,16,1,1024,64,[512; 8; 16; 1; 1024; 64],0.795605871011503,0.07029115215330628,tvm
4096,16,8,1,512,128,[4096; 16; 8; 1; 512; 128],1.2473822369938716,0.04483313267960869,tvm
4096,16,8,1,1024,128,[4096; 16; 8; 1; 1024; 128],1.1848151449812576,0.04720065705626846,tvm
256,2,2,1,64,64,[256; 2; 2; 1; 64; 64],0.8463370699901134,0.06607775473427699,tvm
8,8,8,1,14336,16,[8; 8; 8; 1; 14336; 16],0.1527114410419017,0.36620735782323355,tvm
1024,4,4,1,16,16,[1024; 4; 4; 1; 16; 16],1.1641171260271221,0.04803988540585253,tvm
2048,16,4,1,2048,64,[2048; 16; 4; 1; 2048; 64],0.7854926639702171,0.07119614975227033,tvm
16,1,2,1,1792,64,[16; 1; 2; 1; 1792; 64],0.22329284204170108,0.2504516169080298,tvm
32,4,32,1,896,16,[32; 4; 32; 1; 896; 16],0.2166371470084414,0.25814618640243736,tvm
2048,1,16,1,7168,16,[2048; 1; 16; 1; 7168; 16],1.17546483699698,0.04757611761165512,tvm
4,1,16,1,64,16,[4; 1; 16; 1; 64; 16],0.21927750401664525,0.2550378051051154,tvm
2048,4,32,1,512,128,[2048; 4; 32; 1; 512; 128],0.8917031589662656,0.06271599777460138,tvm
64,8,2,1,2048,64,[64; 8; 2; 1; 2048; 64],0.2285777679644525,0.24466094769999863,tvm
32,4,64,1,7168,16,[32; 4; 64; 1; 7168; 16],0.29383227706421167,0.19032644708774507,tvm
64,4,32,1,1792,16,[64; 4; 32; 1; 1792; 16],0.4825076190754771,0.1159029435441626,tvm
1024,1,64,1,256,128,[1024; 1; 64; 1; 256; 128],0.7857124849688262,0.07117623100459218,tvm
128,2,2,1,1024,64,[128; 2; 2; 1; 1024; 64],0.26052788097877055,0.21465669287768235,tvm
4096,4,1,1,2048,16,[4096; 4; 1; 1; 2048; 16],1.1510661699576303,0.04858456863117769,tvm
256,32,8,1,896,16,[256; 32; 8; 1; 896; 16],0.9598671919666231,0.05826228232548858,tvm
16,4,2,1,64,16,[16; 4; 2; 1; 64; 16],0.2438000850379467,0.22938488034009066,tvm
128,64,8,1,2048,16,[128; 64; 8; 1; 2048; 16],0.4935912280343473,0.11330033873584515,tvm
512,1,2,1,64,64,[512; 1; 2; 1; 64; 64],0.9216019000159577,0.060681356377808034,tvm
4096,32,2,1,896,16,[4096; 32; 2; 1; 896; 16],1.2964362759375945,0.04313675447941979,tvm
4,4,4,1,7168,16,[4; 4; 4; 1; 7168; 16],0.23173840797971934,0.24132405940334045,tvm
1024,2,32,1,16,16,[1024; 2; 32; 1; 16; 16],1.3452527459012344,0.04157140991068392,tvm
16,16,32,1,14336,128,[16; 16; 32; 1; 14336; 128],0.16921995300799608,0.3304814375565438,tvm
2,2,8,1,256,16,[2; 2; 8; 1; 256; 16],0.22577519994229078,0.24769794622096575,tvm
64,32,64,1,896,16,[64; 32; 64; 1; 896; 16],0.3245993710588664,0.1722863884514165,tvm
256,32,64,1,896,128,[256; 32; 64; 1; 896; 128],0.7439879389712587,0.07516795690352415,tvm
256,4,64,1,448,64,[256; 4; 64; 1; 448; 64],0.7587142050033435,0.0737089841794736,tvm
32,1,2,1,16,16,[32; 1; 2; 1; 16; 16],0.4295306010171771,0.13019806551826307,tvm
8,8,2,1,3584,16,[8; 8; 2; 1; 3584; 16],0.16852839896455407,0.33183756373960227,tvm
128,4,32,1,896,64,[128; 4; 32; 1; 896; 64],0.2340608659433201,0.23892953274331574,tvm
32,8,64,1,128,128,[32; 8; 64; 1; 128; 128],0.21591339900624007,0.2590114999380705,tvm
8,4,1,1,896,16,[8; 4; 1; 1; 896; 16],0.15837122895754874,0.3531200313430903,tvm
64,32,2,1,256,128,[64; 32; 2; 1; 256; 128],0.21298005897551775,0.26257882358724416,tvm
32,32,2,1,112,16,[32; 32; 2; 1; 112; 16],0.36417979502584785,0.15356165854660908,tvm
4096,8,1,1,64,16,[4096; 8; 1; 1; 64; 16],1.334629647899419,0.04190230107757048,tvm
512,64,1,1,3584,16,[512; 64; 1; 1; 3584; 16],0.9819129250245169,0.0569541880018913,tvm
32,4,4,1,1024,64,[32; 4; 4; 1; 1024; 64],0.21265680401120335,0.2629779639234449,tvm
8,1,4,1,14336,64,[8; 1; 4; 1; 14336; 64],0.16620616905856878,0.33647399281326595,tvm
2,2,8,1,14336,64,[2; 2; 8; 1; 14336; 64],0.40053707896731794,0.13962266234506715,tvm
256,64,2,1,128,128,[256; 64; 2; 1; 128; 128],0.844966855016537,0.06618490772900061,tvm
4096,4,16,1,1792,64,[4096; 4; 16; 1; 1792; 64],1.1427882590796798,0.04893649623104334,tvm
128,16,1,1,1024,64,[128; 16; 1; 1; 1024; 64],0.26211977808270603,0.21335304700161828,tvm
128,32,8,1,14336,64,[128; 32; 8; 1; 14336; 64],0.28904792899265885,0.19347674805431203,tvm
32,2,16,1,224,16,[32; 2; 16; 1; 224; 16],0.23238626797683537,0.24065128210978426,tvm
256,2,2,1,1792,16,[256; 2; 2; 1; 1792; 16],0.9421526360092685,0.059357742255240244,tvm
16,2,8,1,3584,16,[16; 2; 8; 1; 3584; 16],0.17668212205171585,0.3165235547542498,tvm
4096,4,8,1,1024,64,[4096; 4; 8; 1; 1024; 64],1.3978438660269603,0.040007367555494014,tvm
32,8,8,1,3584,128,[32; 8; 8; 1; 3584; 128],0.201653165044263,0.27732792253004296,tvm
4096,1,2,1,1792,128,[4096; 1; 2; 1; 1792; 128],0.9857618409441784,0.05673180986572617,tvm
1024,32,16,1,1024,64,[1024; 32; 16; 1; 1024; 64],0.7479802229208872,0.0747667540124899,tvm
2,2,16,1,64,16,[2; 2; 16; 1; 64; 16],0.2646082630380988,0.2113465871822804,tvm
1024,32,16,1,14336,16,[1024; 32; 16; 1; 14336; 16],1.0612597999861464,0.05269591228657051,tvm
64,1,8,1,112,16,[64; 1; 8; 1; 112; 16],0.47802214801777154,0.1169905067479305,tvm
16,1,1,1,3584,16,[16; 1; 1; 1; 3584; 16],0.2832800929900259,0.19741610765180873,tvm
512,1,2,1,512,64,[512; 1; 2; 1; 512; 64],0.7297023190185428,0.07663954447692008,tvm
4096,32,2,1,2048,64,[4096; 32; 2; 1; 2048; 64],0.9093611589632928,0.06149817680479001,tvm
256,16,8,1,64,64,[256; 16; 8; 1; 64; 64],0.8092378210276365,0.06910706825629626,tvm
1024,64,8,1,1024,128,[1024; 64; 8; 1; 1024; 128],0.735739700961858,0.0760106505877308,tvm
128,8,8,1,448,64,[128; 8; 8; 1; 448; 64],0.2460715740453452,0.22726742635875466,tvm
4,2,1,1,512,64,[4; 2; 1; 1; 512; 64],0.15375760302413255,0.3637156942707799,tvm
512,8,4,1,896,128,[512; 8; 4; 1; 896; 128],0.736151306075044,0.07596815066661361,tvm
4,4,2,1,1024,128,[4; 4; 2; 1; 1024; 128],0.22643140389118344,0.24698011129325886,tvm
2048,2,8,1,64,64,[2048; 2; 8; 1; 64; 64],0.8482492440380156,0.06592879831771122,tvm
256,2,32,1,1024,128,[256; 2; 32; 1; 1024; 128],0.8097348780138418,0.06906464677735835,tvm
2048,16,16,1,2048,64,[2048; 16; 16; 1; 2048; 64],0.8076025309273973,0.06924700108246795,tvm
256,1,8,1,16,16,[256; 1; 8; 1; 16; 16],1.3242029789835215,0.04223223646291862,tvm
512,64,64,1,14336,16,[512; 64; 64; 1; 14336; 16],0.9792454449925572,0.057109332108007296,tvm
512,16,2,1,512,16,[512; 16; 2; 1; 512; 16],0.9489349839277565,0.05893349310598385,tvm
512,32,1,1,2048,64,[512; 32; 1; 1; 2048; 64],0.7483407080871984,0.07473073792320935,tvm
256,64,64,1,128,128,[256; 64; 64; 1; 128; 128],0.8437599280150607,0.06627957962508871,tvm
32,2,16,1,64,64,[32; 2; 16; 1; 64; 64],0.2501690579811111,0.22354504503732772,tvm
2048,32,16,1,7168,128,[2048; 32; 16; 1; 7168; 128],0.9835751929786056,0.056857933925698115,tvm
64,8,64,1,112,16,[64; 8; 64; 1; 112; 16],0.31630438403226435,0.17680454700124817,tvm
128,2,32,1,256,64,[128; 2; 32; 1; 256; 64],0.23445307498332113,0.23852983518050144,tvm
2048,64,4,1,448,64,[2048; 64; 4; 1; 448; 64],0.7532221070723608,0.07424643117645617,tvm
4096,32,8,1,512,128,[4096; 32; 8; 1; 512; 128],1.141328111058101,0.04899910270455648,tvm
512,16,16,1,896,16,[512; 16; 16; 1; 896; 16],0.9695295960409567,0.0576816360858889,tvm
4,2,8,1,128,16,[4; 2; 8; 1; 128; 16],0.190143664018251,0.29411473488785533,tvm
16,1,16,1,896,64,[16; 1; 16; 1; 896; 64],0.22160139202605933,0.2523632763405968,tvm
32,16,4,1,32,16,[32; 16; 4; 1; 32; 16],0.2724260420072824,0.2052815983423435,tvm
128,4,32,1,1792,16,[128; 4; 32; 1; 1792; 16],0.49407939705997705,0.1131883937401758,tvm
512,8,2,1,2048,128,[512; 8; 2; 1; 2048; 128],0.7216359740123153,0.07749621048185015,tvm
128,8,4,1,896,128,[128; 8; 4; 1; 896; 128],0.2369160100352019,0.23605012310068837,tvm
4096,2,16,1,1024,16,[4096; 2; 16; 1; 1024; 16],2.119691350031644,0.02638311154711202,tvm
256,4,8,1,1024,16,[256; 4; 8; 1; 1024; 16],0.9595806269207969,0.058279681523780144,tvm
16,1,8,1,7168,64,[16; 1; 8; 1; 7168; 64],0.25102055503521115,0.2227867487803489,tvm
256,4,1,1,14336,64,[256; 4; 1; 1; 14336; 64],0.7511606570333242,0.07445018959619491,tvm
2,2,4,1,256,128,[2; 2; 4; 1; 256; 128],0.22429008199833333,0.24933805737227782,tvm
512,1,64,1,128,128,[512; 1; 64; 1; 128; 128],0.8376148720271885,0.06676583141126233,tvm
2048,16,64,1,512,128,[2048; 16; 64; 1; 512; 128],0.8404726419830695,0.06653881463813295,tvm
2048,8,16,1,224,16,[2048; 8; 16; 1; 224; 16],1.0897725300164893,0.0513171802307103,tvm
4096,4,1,1,1792,16,[4096; 4; 1; 1; 1792; 16],1.1457850040169433,0.048808505205839084,tvm
4096,2,16,1,128,128,[4096; 2; 16; 1; 128; 128],0.9073042470263317,0.06163759677817347,tvm
512,32,64,1,1792,16,[512; 32; 64; 1; 1792; 16],0.9776265278924257,0.057203903267533884,tvm
8,1,16,1,128,64,[8; 1; 16; 1; 128; 64],0.15781902405433357,0.3543555896916454,tvm
64,16,4,1,1792,64,[64; 16; 4; 1; 1792; 64],0.2103623680304736,0.26584628161835505,tvm
1,1,2,1,1792,16,[1; 1; 2; 1; 1792; 16],0.4072517299791798,0.13732060349060365,tvm
256,32,1,1,7168,128,[256; 32; 1; 1; 7168; 128],0.7335529929259792,0.07623723694489305,tvm
32,1,32,1,3584,128,[32; 1; 32; 1; 3584; 128],0.20563057099934667,0.27196371172606926,tvm
4096,1,64,1,128,128,[4096; 1; 64; 1; 128; 128],0.9123038130346686,0.061299813213877424,tvm
32,4,8,1,7168,128,[32; 4; 8; 1; 7168; 128],0.23518652108032256,0.23778596271779434,tvm
2048,2,64,1,128,64,[2048; 2; 64; 1; 128; 64],0.9486455749720335,0.058951472297735646,tvm
4096,2,16,1,896,128,[4096; 2; 16; 1; 896; 128],1.068381785065867,0.05234463383319995,tvm
256,64,1,1,256,64,[256; 64; 1; 1; 256; 64],1.2122740159975365,0.046131528511988644,tvm
1024,64,16,1,128,16,[1024; 64; 16; 1; 128; 16],1.131835488951765,0.04941005462297943,tvm
256,32,16,1,1792,64,[256; 32; 16; 1; 1792; 64],0.737233011983335,0.0758566863180531,tvm
128,16,16,1,448,64,[128; 16; 16; 1; 448; 64],0.23996923898812383,0.2330467586976889,tvm
512,1,4,1,2048,16,[512; 1; 4; 1; 2048; 16],0.9614937190199271,0.05816372195373052,tvm
2048,8,1,1,3584,128,[2048; 8; 1; 1; 3584; 128],0.8457510729786009,0.06612353814270398,tvm
128,16,64,1,512,64,[128; 16; 64; 1; 512; 64],0.2385288750519976,0.23445401870587906,tvm
128,8,16,1,1792,64,[128; 8; 16; 1; 1792; 64],0.2375239870743826,0.23544591862976877,tvm
4096,1,32,1,1792,64,[4096; 1; 32; 1; 1792; 64],1.0640005440218374,0.05256017362730367,tvm
32,32,16,1,3584,64,[32; 32; 16; 1; 3584; 64],0.17573171795811504,0.31823539872672624,tvm
512,1,2,1,256,128,[512; 1; 2; 1; 256; 128],1.0604402429889888,0.05273663811145465,tvm
2048,1,2,1,3584,16,[2048; 1; 2; 1; 3584; 16],1.1454199319705367,0.04882406161478588,tvm
4096,1,2,1,2048,64,[4096; 1; 2; 1; 2048; 64],0.9348588800057769,0.059820850536273194,tvm
1024,2,32,1,32,16,[1024; 2; 32; 1; 32; 16],1.1575747850583866,0.04831139556181037,tvm
4096,4,8,1,512,16,[4096; 4; 8; 1; 512; 16],2.052578559028916,0.02724575538769695,tvm
512,32,4,1,3584,64,[512; 32; 4; 1; 3584; 64],0.7393158900085837,0.07564297493008576,tvm
32,8,4,1,1792,16,[32; 8; 4; 1; 1792; 16],0.25574179203249514,0.2186738932611667,tvm
64,64,1,1,512,64,[64; 64; 1; 1; 512; 64],0.25196436408441514,0.2219522333507337,tvm
1024,2,2,1,2048,16,[1024; 2; 2; 1; 2048; 16],0.9537490899674594,0.05863602274602577,tvm
8,8,16,1,7168,128,[8; 8; 16; 1; 7168; 128],0.16447937197517604,0.34000648629527624,tvm
64,2,64,1,512,128,[64; 2; 64; 1; 512; 128],0.20455277792643756,0.27339669448754716,tvm
64,16,16,1,64,64,[64; 16; 16; 1; 64; 64],0.23385120707098395,0.23914374457925278,tvm
64,2,1,1,896,128,[64; 2; 1; 1; 896; 128],0.20830312510952353,0.268474384644633,tvm
256,32,64,1,512,16,[256; 32; 64; 1; 512; 16],0.9754501429852098,0.05733153430290827,tvm
32,2,2,1,2048,64,[32; 2; 2; 1; 2048; 64],0.2129964369814843,0.2625586330263111,tvm
256,2,16,1,896,128,[256; 2; 16; 1; 896; 128],0.7326760860159993,0.07632848184990731,tvm
256,1,4,1,128,16,[256; 1; 4; 1; 128; 16],1.2629464959027246,0.04428061957870997,tvm
2,2,2,1,128,16,[2; 2; 2; 1; 128; 16],0.15509815607219934,0.3605720064608652,tvm
64,8,8,1,896,16,[64; 8; 8; 1; 896; 16],0.36670363205485046,0.1525047707325909,tvm
1024,2,4,1,1792,64,[1024; 2; 4; 1; 1792; 64],0.7332034669816494,0.0762735800521426,tvm
1024,1,1,1,896,128,[1024; 1; 1; 1; 896; 128],0.7462034160271287,0.07494478332875949,tvm
32,1,4,1,1024,64,[32; 1; 4; 1; 1024; 64],0.21191465994343162,0.26389893624283317,tvm
2048,2,32,1,14336,16,[2048; 2; 32; 1; 14336; 16],1.3367171470308676,0.04183686388519255,tvm
4096,4,4,1,448,64,[4096; 4; 4; 1; 448; 64],1.3988916630623862,0.039977401259871044,tvm
64,64,32,1,64,64,[64; 64; 32; 1; 64; 64],0.1654511650558561,0.33800942601071104,tvm
16,8,4,1,7168,128,[16; 8; 4; 1; 7168; 128],0.22629263694398105,0.24713156419303817,tvm
128,4,64,1,16,16,[128; 4; 64; 1; 16; 16],0.48710308503359556,0.11480948294440846,tvm
16,16,32,1,16,16,[16; 16; 32; 1; 16; 16],0.19745936698745936,0.2832180320768732,tvm
32,1,1,1,512,64,[32; 1; 1; 1; 512; 64],0.21847458591219038,0.2559750970568742,tvm
1024,2,16,1,1024,128,[1024; 2; 16; 1; 1024; 128],0.7574572010198608,0.07383130460445247,tvm
2048,1,4,1,7168,128,[2048; 1; 4; 1; 7168; 128],1.3173177409917116,0.042452972121389806,tvm
4096,64,1,1,1024,16,[4096; 64; 1; 1; 1024; 16],1.1693251649849117,0.04782592131595401,tvm
64,4,16,1,2048,128,[64; 4; 16; 1; 2048; 128],0.19101656589191407,0.2927706980397592,tvm
2048,32,16,1,128,16,[2048; 32; 16; 1; 128; 16],1.2989582280861214,0.04305300364872515,tvm
512,32,32,1,2048,16,[512; 32; 32; 1; 2048; 16],0.9710215530358255,0.057593009298805994,tvm
4096,64,8,1,1024,128,[4096; 64; 8; 1; 1024; 128],1.178806037059985,0.04744126817742753,tvm
32,8,8,1,128,128,[32; 8; 8; 1; 128; 128],0.21622523397672921,0.25863795961646197,tvm
64,16,1,1,14336,16,[64; 16; 1; 1; 14336; 16],0.8689868099754676,0.06435546856564155,tvm
4096,2,64,1,7168,128,[4096; 2; 64; 1; 7168; 128],0.9444785519735888,0.059211565171569065,tvm
2,1,8,1,14336,64,[2; 1; 8; 1; 14336; 64],0.4032227909192443,0.13869268948275684,tvm
1024,8,64,1,512,128,[1024; 8; 64; 1; 512; 128],0.786962007987313,0.07106321876498378,tvm
2048,2,8,1,128,64,[2048; 2; 8; 1; 128; 64],0.9013962229946628,0.062041588267964666,tvm
8,2,1,1,14336,16,[8; 2; 1; 1; 14336; 16],0.26006772893015295,0.2150364966979544,tvm
32,1,1,1,1024,16,[32; 1; 1; 1; 1024; 16],0.4091068221023306,0.1366979241410571,tvm
4,2,2,1,14336,64,[4; 2; 2; 1; 14336; 64],0.2524223829386756,0.22154950239464197,tvm
64,2,8,1,256,128,[64; 2; 8; 1; 256; 128],0.20928557100705802,0.2672140896490534,tvm
256,1,2,1,1024,64,[256; 1; 2; 1; 1024; 64],0.7257182040484622,0.07706028734205325,tvm
1024,4,64,1,128,16,[1024; 4; 64; 1; 128; 16],1.1903480349574238,0.04698126236276235,tvm
4,4,1,1,256,64,[4; 4; 1; 1; 256; 64],0.17096721206326038,0.32710396723694957,tvm
64,32,1,1,1024,16,[64; 32; 1; 1; 1024; 16],0.4591369490372017,0.12180255466392897,tvm
256,64,2,1,3584,128,[256; 64; 2; 1; 3584; 128],0.7246717599919066,0.07717156431479807,tvm
256,2,8,1,128,16,[256; 2; 8; 1; 128; 16],1.1804095330880955,0.04737682284471999,tvm
512,2,64,1,3584,16,[512; 2; 64; 1; 3584; 16],0.9979549809359014,0.05603865344796083,tvm
32,16,8,1,14336,128,[32; 16; 8; 1; 14336; 128],0.24971733300480992,0.2239494257783706,tvm
16,2,32,1,448,64,[16; 2; 32; 1; 448; 64],0.13337226095609367,0.4193079800284979,tvm
1024,8,64,1,3584,16,[1024; 8; 64; 1; 3584; 16],1.03063024696894,0.0542619950246994,tvm
128,1,32,1,1792,64,[128; 1; 32; 1; 1792; 64],0.23160977195948362,0.24145809073684654,tvm
512,2,16,1,14336,64,[512; 2; 16; 1; 14336; 64],0.7509710079757497,0.07446899113199751,tvm
512,2,1,1,14336,16,[512; 2; 1; 1; 14336; 16],1.0062577010830864,0.05557627362567206,tvm
256,32,64,1,896,64,[256; 32; 64; 1; 896; 64],0.735161114949733,0.07607047243944229,tvm
4096,8,32,1,896,16,[4096; 8; 32; 1; 896; 16],1.8362800729228184,0.03045507826282658,tvm
4096,32,64,1,512,16,[4096; 32; 64; 1; 512; 16],1.5930250419769436,0.0351055707598492,tvm
256,2,16,1,16,16,[256; 2; 16; 1; 16; 16],1.2889330149628222,0.04338786630812339,tvm
2048,32,16,1,14336,64,[2048; 32; 16; 1; 14336; 64],1.115921868942678,0.05011466742409187,tvm
512,4,32,1,32,16,[512; 4; 32; 1; 32; 16],1.1767420170363039,0.04752448074742963,tvm
512,32,16,1,256,16,[512; 32; 16; 1; 256; 16],1.169764567981474,0.04780795628802036,tvm
64,2,16,1,128,16,[64; 2; 16; 1; 128; 16],0.48546612390782684,0.11519661327378503,tvm
32,1,64,1,3584,128,[32; 1; 64; 1; 3584; 128],0.20469908800441772,0.27320128232386853,tvm
1024,2,16,1,448,64,[1024; 2; 16; 1; 448; 64],0.7576549840159714,0.07381203121888848,tvm
4096,4,64,1,128,16,[4096; 4; 64; 1; 128; 16],1.521957192919217,0.036744826722798433,tvm
64,32,8,1,14336,64,[64; 32; 8; 1; 14336; 64],0.2735875729704276,0.20441006412004772,tvm
32,16,2,1,896,64,[32; 16; 2; 1; 896; 64],0.21626779809594154,0.25858705653684094,tvm
64,4,64,1,7168,16,[64; 4; 64; 1; 7168; 16],0.4853992658900097,0.11521248024714893,tvm
32,2,8,1,14336,16,[32; 2; 8; 1; 14336; 16],0.3689468279480934,0.15157754206576673,tvm
64,2,1,1,896,64,[64; 2; 1; 1; 896; 64],0.22980460396502167,0.24335479954894845,tvm
64,32,64,1,1024,128,[64; 32; 64; 1; 1024; 128],0.1992086289683357,0.280731078884251,tvm
1024,32,16,1,3584,16,[1024; 32; 16; 1; 3584; 16],0.9663440160220489,0.05787178520910645,tvm
64,2,2,1,512,128,[64; 2; 2; 1; 512; 128],0.20055929198861122,0.27884050037686103,tvm
2048,1,32,1,3584,16,[2048; 1; 32; 1; 3584; 16],1.1139838700182736,0.05020185196435202,tvm
64,4,16,1,1792,16,[64; 4; 16; 1; 1792; 16],0.48132400400936604,0.11618795835548047,tvm
256,32,4,1,7168,64,[256; 32; 4; 1; 7168; 64],0.7243501280900091,0.07720583066754716,tvm
256,32,2,1,3584,128,[256; 32; 2; 1; 3584; 128],0.7243659669766203,0.07720414249547197,tvm
128,8,8,1,224,16,[128; 8; 8; 1; 224; 16],0.49132655397988856,0.1138225745796399,tvm
2048,16,32,1,7168,128,[2048; 16; 32; 1; 7168; 128],0.8594230290036649,0.06507162531840284,tvm
32,16,8,1,1024,64,[32; 16; 8; 1; 1024; 64],0.21146672300528735,0.2644579371097317,tvm
128,64,1,1,3584,64,[128; 64; 1; 1; 3584; 64],0.6742988590849563,0.08293659788958259,tvm
4096,16,32,1,2048,64,[4096; 16; 32; 1; 2048; 64],1.0635388880036771,0.05258298870322077,tvm
1024,32,8,1,14336,16,[1024; 32; 8; 1; 14336; 16],1.1901298789307475,0.04698987423421162,tvm
256,1,8,1,128,64,[256; 1; 8; 1; 128; 64],1.025206403923221,0.05454906750418773,tvm
64,32,1,1,256,16,[64; 32; 1; 1; 256; 16],0.4713962379610166,0.11863491650936367,tvm
32,32,32,1,1024,64,[32; 32; 32; 1; 1024; 64],0.14512154599651694,0.3853600990074593,tvm
64,8,1,1,896,128,[64; 8; 1; 1; 896; 128],0.20873603806830943,0.2679175759531856,tvm
512,16,16,1,1792,16,[512; 16; 16; 1; 1792; 16],0.9817069659475237,0.05696613681390818,tvm
4,1,16,1,512,128,[4; 1; 16; 1; 512; 128],0.15384276898112148,0.3635143445721258,tvm
256,16,4,1,1024,128,[256; 16; 4; 1; 1024; 128],0.7185959189664572,0.07782406197598203,tvm
512,8,32,1,112,16,[512; 8; 32; 1; 112; 16],1.0967827779240906,0.050989178950441076,tvm
2048,1,32,1,1792,16,[2048; 1; 32; 1; 1792; 16],1.34448952996172,0.04159500843039335,tvm
128,16,2,1,256,16,[128; 16; 2; 1; 256; 16],0.4811229179613292,0.11623651928763097,tvm
256,1,64,1,2048,16,[256; 1; 64; 1; 2048; 16],0.9723550140624866,0.05751402782373011,tvm
64,1,4,1,896,64,[64; 1; 4; 1; 896; 64],0.21585540298838168,0.2590810911336948,tvm
16,4,4,1,512,128,[16; 4; 4; 1; 512; 128],0.20997392502613366,0.2663380861522351,tvm
256,8,64,1,512,16,[256; 8; 64; 1; 512; 16],0.9745394550263882,0.05738510949443196,tvm
128,8,64,1,896,64,[128; 8; 64; 1; 896; 64],0.2302489549620077,0.24288515595026738,tvm
128,64,8,1,512,128,[128; 64; 8; 1; 512; 128],0.22017716395203024,0.25399570204981586,tvm
16,2,4,1,896,128,[16; 2; 4; 1; 896; 128],0.21337960893288255,0.26208714887524215,tvm
256,64,2,1,256,128,[256; 64; 2; 1; 256; 128],1.1301444129785523,0.049483988675343434,tvm
256,2,64,1,112,16,[256; 2; 64; 1; 112; 16],1.0354370661079884,0.05401009405964309,tvm
512,4,64,1,448,64,[512; 4; 64; 1; 448; 64],0.7721945840166882,0.07242222943657002,tvm
256,16,8,1,1792,16,[256; 16; 8; 1; 1792; 16],0.9527772759320214,0.05869583033309392,tvm
512,2,8,1,3584,64,[512; 2; 8; 1; 3584; 64],0.7412475110031664,0.07544585648274027,tvm
2,2,2,1,256,16,[2; 2; 2; 1; 256; 16],0.22470217209775,0.24888078655957646,tvm
128,4,1,1,14336,128,[128; 4; 1; 1; 14336; 128],0.7427031029947102,0.07529799338098585,tvm
64,16,64,1,224,16,[64; 16; 64; 1; 224; 16],0.31663670006673783,0.1766189873806358,tvm
256,4,8,1,7168,128,[256; 4; 8; 1; 7168; 128],0.7289236579090357,0.0767214134519314,tvm
32,16,4,1,128,128,[32; 16; 4; 1; 128; 128],0.21725589700508863,0.2574109798825091,tvm
1024,64,1,1,7168,64,[1024; 64; 1; 1; 7168; 64],0.8112303119851276,0.06893733198465418,tvm
4096,64,32,1,7168,64,[4096; 64; 32; 1; 7168; 64],1.3269647679990157,0.04214433923340971,tvm
128,64,32,1,512,128,[128; 64; 32; 1; 512; 128],0.21342368400655687,0.2620330240931237,tvm
1024,8,32,1,2048,64,[1024; 8; 32; 1; 2048; 64],0.8067250660387799,0.06932232019011669,tvm
2,1,16,1,128,128,[2; 1; 16; 1; 128; 128],0.17138043802697212,0.32631526664981403,tvm
512,2,16,1,896,128,[512; 2; 16; 1; 896; 128],0.7441999289439991,0.07514654484405575,tvm
256,64,32,1,128,128,[256; 64; 32; 1; 128; 128],0.903485952061601,0.06189808840494329,tvm
4096,32,32,1,14336,64,[4096; 32; 32; 1; 14336; 64],1.3841528270859271,0.040403091507655906,tvm
32,4,32,1,7168,128,[32; 4; 32; 1; 7168; 128],0.2199520010035485,0.25425571523866747,tvm
256,64,8,1,64,64,[256; 64; 8; 1; 64; 64],0.8427452200558037,0.0663593835983196,tvm
512,64,32,1,7168,64,[512; 64; 32; 1; 7168; 64],0.8293411550112069,0.06743190422351299,tvm
128,32,16,1,896,128,[128; 32; 16; 1; 896; 128],0.2239980670856312,0.24966310674437375,tvm
1024,64,8,1,1024,16,[1024; 64; 8; 1; 1024; 16],0.9733281619846821,0.05745652444628788,tvm
512,64,2,1,1792,64,[512; 64; 2; 1; 1792; 64],0.7235255480045453,0.07729381980715076,tvm
2048,8,64,1,7168,64,[2048; 8; 64; 1; 7168; 64],0.8616272979415953,0.06490515500952025,tvm
4,1,1,1,2048,64,[4; 1; 1; 1; 2048; 64],0.1932273730635643,0.28942096788189786,tvm
128,2,2,1,14336,16,[128; 2; 2; 1; 14336; 16],0.7688699539285153,0.07273538658597758,tvm
128,16,64,1,448,16,[128; 16; 64; 1; 448; 16],0.48749514599330723,0.11471714906901065,tvm
4096,32,8,1,14336,128,[4096; 32; 8; 1; 14336; 128],1.6174304300220683,0.03457586323052566,tvm
128,1,1,1,2048,64,[128; 1; 1; 1; 2048; 64],0.28317973809316754,0.19748606913017924,tvm
256,32,64,1,3584,16,[256; 32; 64; 1; 3584; 16],0.9725926169194281,0.05749997723658046,tvm
4096,16,4,1,512,64,[4096; 16; 4; 1; 512; 64],1.3353803959907964,0.04187874369073692,tvm
1024,32,16,1,256,16,[1024; 32; 16; 1; 256; 16],1.1531176259741187,0.04849813416570612,tvm
32,8,2,1,224,16,[32; 8; 2; 1; 224; 16],0.4018615159438923,0.13916250030057972,tvm
128,2,1,1,1792,128,[128; 2; 1; 1; 1792; 128],0.262657118961215,0.2129165718199753,tvm
64,16,4,1,256,16,[64; 16; 4; 1; 256; 16],0.4136326920706779,0.1352022081556782,tvm
4,4,1,1,256,128,[4; 4; 1; 1; 256; 128],0.17754061403684318,0.31499301518540423,tvm
8,2,1,1,128,16,[8; 2; 1; 1; 128; 16],0.1560422929469496,0.3583903586468451,tvm
16,1,16,1,1024,128,[16; 1; 16; 1; 1024; 128],0.2047686770092696,0.27310843704284776,tvm
4,4,32,1,224,16,[4; 4; 32; 1; 224; 16],0.21450396405998617,0.26071337925342086,tvm
512,2,16,1,3584,16,[512; 2; 16; 1; 3584; 16],0.9603558420203626,0.05823263720214612,tvm
256,64,4,1,512,128,[256; 64; 4; 1; 512; 128],0.7376637329580262,0.07581239368930107,tvm
1024,8,64,1,896,128,[1024; 8; 64; 1; 896; 128],0.7856013110140339,0.07118630347134733,tvm
2,1,16,1,14336,64,[2; 1; 16; 1; 14336; 64],0.5332116900244728,0.10488152150371383,tvm
256,16,4,1,224,16,[256; 16; 4; 1; 224; 16],1.1056516790995374,0.05058017311462765,tvm
256,8,1,1,512,128,[256; 8; 1; 1; 512; 128],0.7305159620009363,0.07655418394986646,tvm
512,16,64,1,3584,16,[512; 16; 64; 1; 3584; 16],0.9804597089532763,0.05703860426150198,tvm
2048,2,16,1,224,16,[2048; 2; 16; 1; 224; 16],1.2618486430728808,0.04431914527969526,tvm
16,8,64,1,448,64,[16; 8; 64; 1; 448; 64],0.14237572310958058,0.39279205830821984,tvm
1024,64,64,1,16,16,[1024; 64; 64; 1; 16; 16],1.3604620849946514,0.04110666070752953,tvm
512,16,8,1,256,64,[512; 16; 8; 1; 256; 64],0.9319484379375353,0.0600076689404588,tvm
4096,2,4,1,1792,64,[4096; 2; 4; 1; 1792; 64],1.2441210619872436,0.044950652345685266,tvm
256,1,4,1,896,16,[256; 1; 4; 1; 896; 16],0.9524255889700726,0.058717504003444616,tvm
2048,8,16,1,512,16,[2048; 8; 16; 1; 512; 16],1.044086288078688,0.053562673863138205,tvm
512,16,64,1,1792,64,[512; 16; 64; 1; 1792; 64],0.7608610290335491,0.07350100898763136,tvm
128,1,64,1,14336,128,[128; 1; 64; 1; 14336; 128],0.20565347094088793,0.27193342800135806,tvm
256,2,8,1,1792,128,[256; 2; 8; 1; 1792; 128],0.7318373749731109,0.07641595694041739,tvm
16,4,1,1,512,64,[16; 4; 1; 1; 512; 64],0.21383628295734525,0.2615274291149586,tvm
512,4,32,1,896,64,[512; 4; 32; 1; 896; 64],0.7725887410342693,0.07238528127974976,tvm
1024,8,1,1,16,16,[1024; 8; 1; 1; 16; 16],1.2878044390818104,0.04342588954981902,tvm
4,1,2,1,896,128,[4; 1; 2; 1; 896; 128],0.2194140029605478,0.25487914435155207,tvm
2048,8,4,1,64,64,[2048; 8; 4; 1; 64; 64],0.8557017029961571,0.06535461263840033,tvm
128,16,64,1,128,128,[128; 16; 64; 1; 128; 128],0.22839756298344582,0.24485398444197362,tvm
64,64,16,1,128,16,[64; 64; 16; 1; 128; 16],0.3324945770436898,0.16819538481069696,tvm
8,1,4,1,896,128,[8; 1; 4; 1; 896; 128],0.1983168269507587,0.28199348584383643,tvm
2048,2,8,1,256,128,[2048; 2; 8; 1; 256; 128],0.8339757489738986,0.06705716971043917,tvm
4096,8,1,1,448,16,[4096; 8; 1; 1; 448; 16],1.151948228944093,0.048547366911267216,tvm
64,8,8,1,256,128,[64; 8; 8; 1; 256; 128],0.21129391202703118,0.2646742293558315,tvm
2048,2,1,1,3584,64,[2048; 2; 1; 1; 3584; 64],0.8962711120257154,0.06239635818110446,tvm
512,1,16,1,1024,64,[512; 1; 16; 1; 1024; 64],0.7498701310250908,0.07457831832411271,tvm
16,8,32,1,2048,16,[16; 8; 32; 1; 2048; 16],0.18113083695061505,0.3087494889044261,tvm
1,1,32,1,64,64,[1; 1; 32; 1; 64; 64],0.2742640620563179,0.2039058741930606,tvm
8,2,1,1,128,64,[8; 2; 1; 1; 128; 64],0.15535841300152242,0.3599679750383734,tvm
2048,32,64,1,32,16,[2048; 32; 64; 1; 32; 16],1.2408652410376817,0.045068595270318375,tvm
128,64,4,1,32,16,[128; 64; 4; 1; 32; 16],0.48719940602313727,0.11478678471680542,tvm
1024,64,64,1,896,64,[1024; 64; 64; 1; 896; 64],0.7983462669653818,0.07004987139967216,tvm
4096,32,32,1,1792,16,[4096; 32; 32; 1; 1792; 16],1.6832595419837162,0.03322366630842146,tvm
1024,4,32,1,3584,16,[1024; 4; 32; 1; 3584; 16],0.9802808209788054,0.05704901303433995,tvm
2,1,2,1,448,16,[2; 1; 2; 1; 448; 16],0.29571818793192506,0.18911266068696175,tvm
4096,8,64,1,2048,64,[4096; 8; 64; 1; 2048; 64],1.05725044303108,0.052895748308226846,tvm
2,2,16,1,128,64,[2; 2; 16; 1; 128; 64],0.1600597989745438,0.34939474928509434,tvm
4,1,64,1,7168,16,[4; 1; 64; 1; 7168; 16],0.450351246050559,0.12417874675327308,tvm
16,1,8,1,512,64,[16; 1; 8; 1; 512; 64],0.22768966609146446,0.24561524593245382,tvm
4096,16,2,1,64,16,[4096; 16; 2; 1; 64; 16],1.5276314640650526,0.03660834085239283,tvm
1024,2,8,1,896,128,[1024; 2; 8; 1; 896; 128],0.7512817709939554,0.07443818749834046,tvm
2048,16,2,1,896,64,[2048; 16; 2; 1; 896; 64],0.749681550078094,0.07459707835614703,tvm
16,8,4,1,112,16,[16; 8; 4; 1; 112; 16],0.28919276501983404,0.19337984935237862,tvm
1024,8,2,1,7168,128,[1024; 8; 2; 1; 7168; 128],0.8213760099606588,0.06808581289829965,tvm
16,8,1,1,14336,64,[16; 8; 1; 1; 14336; 64],0.22451419092249125,0.24908916939081113,tvm
8,2,16,1,1792,128,[8; 2; 16; 1; 1792; 128],0.14227413793560117,0.3930725158120216,tvm
128,2,32,1,896,128,[128; 2; 32; 1; 896; 128],0.21827185805886984,0.2562128431520023,tvm
256,64,4,1,14336,16,[256; 64; 4; 1; 14336; 16],0.9524476809892803,0.05871614205123226,tvm
32,1,16,1,512,128,[32; 1; 16; 1; 512; 128],0.19665346795227379,0.28437867847266063,tvm
256,2,16,1,128,128,[256; 2; 16; 1; 128; 128],0.8943925970233977,0.06252741080309986,tvm
8,4,32,1,14336,128,[8; 4; 32; 1; 14336; 128],0.20803711796179414,0.2688176700448415,tvm
2048,32,1,1,2048,16,[2048; 32; 1; 1; 2048; 16],0.9906665370799601,0.05645093605177411,tvm
4096,16,64,1,2048,16,[4096; 16; 64; 1; 2048; 16],1.6189752999925986,0.034542870007707345,tvm
512,4,8,1,256,16,[512; 4; 8; 1; 256; 16],1.1277232610154897,0.04959022773279942,tvm
256,4,8,1,16,16,[256; 4; 8; 1; 16; 16],1.1209036790532991,0.049891934854354364,tvm
8,1,1,1,1792,64,[8; 1; 1; 1; 1792; 64],0.22538335609715432,0.2481285854543162,tvm
8,2,64,1,896,128,[8; 2; 64; 1; 896; 128],0.14416040608193725,0.38792935489892744,tvm
16,1,64,1,512,128,[16; 1; 64; 1; 512; 128],0.2034460890572518,0.27488389475796576,tvm
32,4,64,1,128,16,[32; 4; 64; 1; 128; 16],0.23577946901787072,0.23718796876709658,tvm
4096,1,2,1,512,16,[4096; 1; 2; 1; 512; 16],1.186235837987624,0.0471441272826532,tvm
256,8,2,1,32,16,[256; 8; 2; 1; 32; 16],1.204024018952623,0.04644762268279457,tvm
64,2,4,1,32,16,[64; 2; 4; 1; 32; 16],0.4788481780560687,0.11678869398723105,tvm
4,2,1,1,256,64,[4; 2; 1; 1; 256; 64],0.16788897896185517,0.3331013964057726,tvm
2048,64,2,1,256,64,[2048; 64; 2; 1; 256; 64],1.1680734909605235,0.04787717020043507,tvm
8,4,2,1,448,16,[8; 4; 2; 1; 448; 16],0.12989507301244885,0.43053252164517203,tvm
128,2,8,1,14336,16,[128; 2; 8; 1; 14336; 16],0.5599485939601436,0.09987354899459562,tvm
4,1,4,1,896,128,[4; 1; 4; 1; 896; 128],0.15823284501675516,0.3534288556046096,tvm
4096,64,64,1,1792,16,[4096; 64; 64; 1; 1792; 16],1.5091327350819483,0.0370570805558045,tvm
4096,1,16,1,896,16,[4096; 1; 16; 1; 896; 16],2.2453752829460427,0.024906328023687082,tvm
512,2,8,1,256,16,[512; 2; 8; 1; 256; 16],1.2700422710040584,0.04403322205104355,tvm
64,2,4,1,64,64,[64; 2; 4; 1; 64; 64],0.23389315698295832,0.23910085294803224,tvm
64,8,8,1,14336,16,[64; 8; 8; 1; 14336; 16],0.4471234061056748,0.12507520870002506,tvm
4,4,4,1,64,16,[4; 4; 4; 1; 64; 16],0.1408277730224654,0.39710954830203915,tvm
512,64,8,1,32,16,[512; 64; 8; 1; 32; 16],1.3004740989999846,0.043002819799592175,tvm
1024,16,1,1,128,64,[1024; 16; 1; 1; 128; 64],0.9172526089241728,0.06096908614838996,tvm
4096,8,1,1,1024,128,[4096; 8; 1; 1; 1024; 128],0.8798857630463317,0.06355831141046496,tvm
512,64,1,1,7168,128,[512; 64; 1; 1; 7168; 128],0.7418831459945068,0.07538121553949875,tvm
4096,16,8,1,224,16,[4096; 16; 8; 1; 224; 16],2.212502278969623,0.02527638225049763,tvm
1024,4,4,1,1024,128,[1024; 4; 4; 1; 1024; 128],0.7271758230635896,0.07690582051769194,tvm
4096,2,32,1,448,64,[4096; 2; 32; 1; 448; 64],1.3231740560149774,0.04226507697842914,tvm
512,2,16,1,2048,128,[512; 2; 16; 1; 2048; 128],0.7341412380337715,0.07617615035917755,tvm
512,1,4,1,7168,16,[512; 1; 4; 1; 7168; 16],0.9559177299961448,0.058502998300448805,tvm
2048,16,8,1,128,16,[2048; 16; 8; 1; 128; 16],1.5625097369775176,0.03579117109472323,tvm
4,1,16,1,2048,16,[4; 1; 16; 1; 2048; 16],0.2966195070184767,0.18853801590955302,tvm
256,4,1,1,896,128,[256; 4; 1; 1; 896; 128],0.7301678350195289,0.07659068319797681,tvm
4,2,32,1,896,64,[4; 2; 32; 1; 896; 64],0.13514401798602194,0.41381079360181233,tvm
16,2,4,1,128,64,[16; 2; 4; 1; 128; 64],0.20427755604032427,0.27376504016081904,tvm
256,8,2,1,1792,64,[256; 8; 2; 1; 1792; 64],0.7252280790125951,0.07711236637372682,tvm
256,2,32,1,256,16,[256; 2; 32; 1; 256; 16],1.1081598550081253,0.050465691461926566,tvm
2048,64,2,1,128,16,[2048; 64; 2; 1; 128; 16],1.1069379319669679,0.050521399365147206,tvm
32,2,8,1,512,64,[32; 2; 8; 1; 512; 64],0.21746809396427125,0.25715980819936435,tvm
2,1,4,1,896,16,[2; 1; 4; 1; 896; 16],0.2617917259922251,0.21362040042088346,tvm
2048,4,8,1,1792,16,[2048; 4; 8; 1; 1792; 16],1.0874275799142197,0.051427841601870014,tvm
32,4,4,1,3584,16,[32; 4; 4; 1; 3584; 16],0.28519674704875797,0.19608938009300791,tvm
16,16,16,1,112,16,[16; 16; 16; 1; 112; 16],0.1793022049823776,0.3118983023038101,tvm
4096,2,4,1,16,16,[4096; 2; 4; 1; 16; 16],1.5719791429582983,0.03557556955119022,tvm
2,1,1,1,64,64,[2; 1; 1; 1; 64; 64],0.18053985806182027,0.30976014899814464,tvm
256,64,8,1,1792,64,[256; 64; 8; 1; 1792; 64],0.7275666159112006,0.0768645126237607,tvm
4096,1,8,1,128,128,[4096; 1; 8; 1; 128; 128],0.9567710899282247,0.05845081851033841,tvm
128,64,32,1,32,16,[128; 64; 32; 1; 32; 16],0.49552880006376654,0.11285732196824244,tvm
32,4,2,1,2048,128,[32; 4; 2; 1; 2048; 128],0.19224714010488242,0.29089667239171096,tvm
4096,16,4,1,3584,16,[4096; 16; 4; 1; 3584; 16],2.088339608977549,0.026779194865108054,tvm
16,4,2,1,2048,16,[16; 4; 2; 1; 2048; 16],0.20649231399875134,0.2708287405490139,tvm
16,16,32,1,256,64,[16; 16; 32; 1; 256; 64],0.13863958907313645,0.4033772294566724,tvm
4,4,4,1,896,16,[4; 4; 4; 1; 896; 16],0.12701728101819754,0.4402869663484703,tvm
256,2,64,1,3584,128,[256; 2; 64; 1; 3584; 128],0.7637685589725152,0.07322120382719997,tvm
2048,8,64,1,448,16,[2048; 8; 64; 1; 448; 16],1.235892037046142,0.04524995036540187,tvm
512,32,4,1,896,16,[512; 32; 4; 1; 896; 16],0.9622447049478069,0.05811832795314442,tvm
512,2,32,1,256,64,[512; 2; 32; 1; 256; 64],0.8924109699437395,0.0626662549171252,tvm
32,4,8,1,256,16,[32; 4; 8; 1; 256; 16],0.24278233607765287,0.23034646686753302,tvm
1,1,32,1,2048,128,[1; 1; 32; 1; 2048; 128],0.6629757300252095,0.08435309288200767,tvm
2048,1,4,1,7168,16,[2048; 1; 4; 1; 7168; 16],1.5463161299703643,0.03616598976717984,tvm
2048,8,4,1,16,16,[2048; 8; 4; 1; 16; 16],1.3350927899591625,0.04188776522045627,tvm
32,32,64,1,896,16,[32; 32; 64; 1; 896; 16],0.23857487505301833,0.23440881325372326,tvm
64,64,4,1,224,16,[64; 64; 4; 1; 224; 16],0.41073039593175054,0.13615757169972395,tvm
512,64,8,1,1792,128,[512; 64; 8; 1; 1792; 128],0.7379434891045094,0.07578365302903733,tvm
64,64,16,1,512,128,[64; 64; 16; 1; 512; 128],0.22833168297074735,0.24492463159612426,tvm
512,2,32,1,3584,128,[512; 2; 32; 1; 3584; 128],0.7459903679555282,0.07496618687798824,tvm
128,2,8,1,7168,64,[128; 2; 8; 1; 7168; 64],0.3223689430160448,0.17347841516653145,tvm
256,2,16,1,1024,128,[256; 2; 16; 1; 1024; 128],0.7421286889584735,0.07535627468036425,tvm
1024,16,32,1,128,64,[1024; 16; 32; 1; 128; 64],0.8997612819075584,0.06215432299417278,tvm
256,1,64,1,2048,64,[256; 1; 64; 1; 2048; 64],0.7550595010397956,0.07406575674674656,tvm
1024,64,4,1,3584,128,[1024; 64; 4; 1; 3584; 128],0.741826014011167,0.07538702104950917,tvm
256,1,8,1,14336,128,[256; 1; 8; 1; 14336; 128],0.7230150339892134,0.07734839623565512,tvm
4096,64,1,1,512,16,[4096; 64; 1; 1; 512; 16],1.1905958720017225,0.04697148264029293,tvm
4096,64,64,1,1792,128,[4096; 64; 64; 1; 1792; 128],0.9338686079718173,0.05988428442282647,tvm
4096,2,32,1,256,64,[4096; 2; 32; 1; 256; 64],1.2426897099940106,0.045002427302309335,tvm
2048,32,64,1,64,64,[2048; 32; 64; 1; 64; 64],0.9205156889511272,0.06075296054655566,tvm
8,2,32,1,32,16,[8; 2; 32; 1; 32; 16],0.22042302100453526,0.25371239845307575,tvm
32,32,64,1,7168,64,[32; 32; 64; 1; 7168; 64],0.1672466539312154,0.33438070071245535,tvm
2048,4,1,1,448,64,[2048; 4; 1; 1; 448; 64],0.7503533139824867,0.07453029431764274,tvm
4096,1,1,1,1792,16,[4096; 1; 1; 1; 1792; 16],1.1322088739834726,0.04939375994870509,tvm
2048,2,4,1,2048,16,[2048; 2; 4; 1; 2048; 16],0.9809777960181236,0.057008480273798304,tvm
128,8,64,1,1792,16,[128; 8; 64; 1; 1792; 16],0.48674005293287337,0.11489511289724468,tvm
128,4,2,1,3584,128,[128; 4; 2; 1; 3584; 128],0.5079900700366125,0.1100888710862059,tvm
128,16,2,1,256,128,[128; 16; 2; 1; 256; 128],0.23022284999024123,0.242912696701061,tvm
4096,8,16,1,1024,128,[4096; 8; 16; 1; 1024; 128],0.9613386449636891,0.05817310437514519,tvm
2048,4,16,1,128,16,[2048; 4; 16; 1; 128; 16],1.6057729710591957,0.034826874247637175,tvm
4096,64,2,1,2048,64,[4096; 64; 2; 1; 2048; 64],0.8742484089452773,0.06396814996872799,tvm
8,1,64,1,7168,16,[8; 1; 64; 1; 7168; 16],0.28260201402008533,0.19788979044345612,tvm
256,16,2,1,3584,64,[256; 16; 2; 1; 3584; 64],0.7190137680154294,0.07777883515039069,tvm
1024,16,1,1,896,64,[1024; 16; 1; 1; 896; 64],0.7417404250008985,0.0753957199154483,tvm
2,2,8,1,2048,16,[2; 2; 8; 1; 2048; 16],0.4001348940655589,0.13976300033500857,tvm
4096,2,16,1,512,64,[4096; 2; 16; 1; 512; 64],1.2882532239891589,0.04341076140307331,tvm
64,32,4,1,1792,64,[64; 32; 4; 1; 1792; 64],0.2099506000522524,0.2663676756313865,tvm
128,64,8,1,224,16,[128; 64; 8; 1; 224; 16],0.4916493420023471,0.11374784537607772,tvm
512,32,16,1,512,128,[512; 32; 16; 1; 512; 128],0.7322923350147903,0.07636848108235876,tvm
128,2,4,1,512,128,[128; 2; 4; 1; 512; 128],0.22845272603444755,0.24479486108167844,tvm
2048,2,4,1,896,64,[2048; 2; 4; 1; 896; 64],0.760682352934964,0.07351827358365795,tvm
512,4,4,1,256,16,[512; 4; 4; 1; 256; 16],1.2935975650325418,0.043231415120920165,tvm
256,16,8,1,224,16,[256; 16; 8; 1; 224; 16],1.048247731057927,0.0533500351838519,tvm
32,2,8,1,448,64,[32; 2; 8; 1; 448; 64],0.22378525789827108,0.24990052454105555,tvm
64,8,4,1,512,16,[64; 8; 4; 1; 512; 16],0.41152156598400325,0.13589580220324887,tvm
512,8,32,1,896,64,[512; 8; 32; 1; 896; 64],0.7527712630107999,0.07429089828649715,tvm
256,8,4,1,448,16,[256; 8; 4; 1; 448; 16],0.965643718955107,0.05791375456141009,tvm
512,8,1,1,256,64,[512; 8; 1; 1; 256; 64],1.138193350052461,0.04913405383255465,tvm
2048,8,8,1,3584,128,[2048; 8; 8; 1; 3584; 128],0.8676815660437569,0.06445227779624524,tvm
1024,8,1,1,3584,64,[1024; 8; 1; 1; 3584; 64],0.7533903860021383,0.07422984733067009,tvm
1024,16,1,1,64,64,[1024; 16; 1; 1; 64; 64],0.9819611200364307,0.05695139266945575,tvm
4096,64,16,1,64,64,[4096; 64; 16; 1; 64; 64],1.0543723589507863,0.05304013601891439,tvm
16,4,4,1,128,64,[16; 4; 4; 1; 128; 64],0.2062557030003518,0.2711394280003882,tvm
4,4,2,1,448,16,[4; 4; 2; 1; 448; 16],0.12739508098457009,0.43898126129459253,tvm
32,16,16,1,64,16,[32; 16; 16; 1; 64; 16],0.23780706897377968,0.23516564740764478,tvm
8,2,32,1,14336,128,[8; 2; 32; 1; 14336; 128],0.2015625109197572,0.27745265266911123,tvm
512,16,16,1,448,64,[512; 16; 16; 1; 448; 64],0.74584649305325,0.07498064796738357,tvm
128,4,32,1,128,128,[128; 4; 32; 1; 128; 128],0.2277706019813195,0.24552796913589367,tvm
2048,8,2,1,896,64,[2048; 8; 2; 1; 896; 64],0.752161305048503,0.07435114377457516,tvm
256,32,8,1,1792,16,[256; 32; 8; 1; 1792; 16],0.9561341300141066,0.05848975742818452,tvm
64,1,64,1,256,64,[64; 1; 64; 1; 256; 64],0.23286821402143687,0.2401532281609941,tvm
2048,64,2,1,448,16,[2048; 64; 2; 1; 448; 16],0.9842321270843968,0.05681998361402595,tvm
256,4,8,1,1024,128,[256; 4; 8; 1; 1024; 128],0.7282431190833449,0.07679310915251232,tvm
256,1,32,1,7168,16,[256; 1; 32; 1; 7168; 16],0.9596054459689185,0.05827817418946235,tvm
16,1,32,1,512,128,[16; 1; 32; 1; 512; 128],0.20440028293523937,0.27360066498074215,tvm
128,8,4,1,2048,16,[128; 8; 4; 1; 2048; 16],0.5128356630448252,0.10904868238160186,tvm
2048,8,2,1,7168,128,[2048; 8; 2; 1; 7168; 128],1.6772803729400039,0.03334210203348855,tvm
512,8,2,1,256,128,[512; 8; 2; 1; 256; 128],1.052771165035665,0.05312080648736117,tvm
16,8,2,1,256,16,[16; 8; 2; 1; 256; 16],0.20288422203157097,0.27564515748608065,tvm
64,1,2,1,1024,128,[64; 1; 2; 1; 1024; 128],0.1935430569574237,0.2889488996013725,tvm
256,8,16,1,512,64,[256; 8; 16; 1; 512; 64],0.7469872559886426,0.0748661411355907,tvm
32,16,2,1,448,64,[32; 16; 2; 1; 448; 64],0.2226135958917439,0.25121580337136723,tvm
128,64,8,1,512,16,[128; 64; 8; 1; 512; 16],0.49372841604053974,0.11326885695949379,tvm
512,32,16,1,1792,16,[512; 32; 16; 1; 1792; 16],0.9891233869129792,0.05653900622840435,tvm
1,1,64,1,224,16,[1; 1; 64; 1; 224; 16],0.6127724580001086,0.0912639799703978,tvm
8,8,32,1,256,128,[8; 8; 32; 1; 256; 128],0.14958110207226127,0.37387111445613586,tvm
2048,2,16,1,448,16,[2048; 2; 16; 1; 448; 16],1.2094084160635248,0.04624083360967442,tvm
1024,1,16,1,7168,128,[1024; 1; 16; 1; 7168; 128],0.8578967570792884,0.06518739332192712,tvm
4,2,1,1,2048,16,[4; 2; 1; 1; 2048; 16],0.2015725509263575,0.2774388331959177,tvm
2048,8,64,1,1024,64,[2048; 8; 64; 1; 1024; 64],0.9100336079718545,0.0614527341006322,tvm
2048,2,64,1,1024,64,[2048; 2; 64; 1; 1024; 64],0.7932622550288215,0.07049882050835943,tvm
8,2,1,1,1792,128,[8; 2; 1; 1; 1792; 128],0.22529535798821598,0.24822550199307003,tvm
64,2,4,1,448,64,[64; 2; 4; 1; 448; 64],0.22088543500285596,0.25318126264237506,tvm
256,16,8,1,1024,128,[256; 16; 8; 1; 1024; 128],0.7376992240315303,0.07580874631764972,tvm
16,1,8,1,128,128,[16; 1; 8; 1; 128; 128],0.2176643239799887,0.25692797198347855,tvm
8,1,32,1,896,64,[8; 1; 32; 1; 896; 64],0.11612123006489128,0.48160059363892077,tvm
8,4,4,1,256,64,[8; 4; 4; 1; 256; 64],0.1380964870331809,0.4049636202541219,tvm
16,1,2,1,128,16,[16; 1; 2; 1; 128; 16],0.24563546408899128,0.22767092504636305,tvm
4096,16,2,1,3584,16,[4096; 16; 2; 1; 3584; 16],2.0289042269578204,0.02756367333178017,tvm
16,2,2,1,128,16,[16; 2; 2; 1; 128; 16],0.21545767702627927,0.2595593441143074,tvm
32,16,32,1,1024,64,[32; 16; 32; 1; 1024; 64],0.21089577104430646,0.26517389635842636,tvm
1024,2,32,1,14336,128,[1024; 2; 32; 1; 14336; 128],0.8130150749348104,0.06878599801832391,tvm
256,32,32,1,3584,64,[256; 32; 32; 1; 3584; 64],0.7284224580507725,0.07677420254584642,tvm
16,8,64,1,2048,16,[16; 8; 64; 1; 2048; 16],0.1912562430370599,0.29240380572830177,tvm
64,4,1,1,128,128,[64; 4; 1; 1; 128; 128],0.2086430509807542,0.26803698024187694,tvm
1024,2,4,1,896,16,[1024; 2; 4; 1; 896; 16],0.9574889600044116,0.05840699545306054,tvm
2048,2,4,1,1024,64,[2048; 2; 4; 1; 1024; 64],0.746335331001319,0.07493153681777728,tvm
1024,32,4,1,896,64,[1024; 32; 4; 1; 896; 64],0.7338781830621883,0.07620345532004236,tvm
4,1,32,1,128,64,[4; 1; 32; 1; 128; 64],0.13979808904696256,0.4000344619485227,tvm
1024,1,4,1,128,64,[1024; 1; 4; 1; 128; 64],0.9207670410396531,0.060736376130697045,tvm
64,1,64,1,3584,16,[64; 1; 64; 1; 3584; 16],0.5173538639210165,0.10809632870910801,tvm
512,64,64,1,3584,16,[512; 64; 64; 1; 3584; 16],0.9846651960397139,0.05679499342340702,tvm
256,8,1,1,1792,16,[256; 8; 1; 1; 1792; 16],0.9525649449788034,0.058708913894136384,tvm
512,32,1,1,3584,16,[512; 32; 1; 1; 3584; 16],0.9831332910107449,0.056883490615843794,tvm
128,64,4,1,1024,128,[128; 64; 4; 1; 1024; 128],0.22767526505049318,0.24563078172295377,tvm
256,32,1,1,128,128,[256; 32; 1; 1; 128; 128],0.8577792530413717,0.06519632310416355,tvm
16,4,1,1,14336,128,[16; 4; 1; 1; 14336; 128],0.22842762398067862,0.24482176174131912,tvm
64,8,32,1,128,16,[64; 8; 32; 1; 128; 16],0.3217489799717441,0.1738126826019606,tvm
64,32,1,1,128,128,[64; 32; 1; 1; 128; 128],0.21033374103717506,0.26588246401916626,tvm
1024,2,2,1,1792,16,[1024; 2; 2; 1; 1792; 16],0.9548180140554905,0.0585703793917772,tvm
16,8,2,1,512,64,[16; 8; 2; 1; 512; 64],0.2718612550524995,0.20570806723647975,tvm
64,16,2,1,896,16,[64; 16; 2; 1; 896; 16],0.5337622779188678,0.10477333383576767,tvm
16,4,8,1,3584,16,[16; 4; 8; 1; 3584; 16],0.1753948429832235,0.31884662275208664,tvm
512,8,1,1,512,16,[512; 8; 1; 1; 512; 16],0.9770251610316336,0.057239112731020704,tvm
4096,8,4,1,32,16,[4096; 8; 4; 1; 32; 16],2.220247271936387,0.02518820945766064,tvm
4096,4,16,1,448,64,[4096; 4; 16; 1; 448; 64],1.3747998808976263,0.04067795910545157,tvm
32,2,16,1,64,16,[32; 2; 16; 1; 64; 16],0.23864015797153115,0.2343446878710366,tvm
256,32,2,1,1792,64,[256; 32; 2; 1; 1792; 64],0.7194756179815158,0.07772890690893446,tvm
512,32,8,1,448,16,[512; 32; 8; 1; 448; 16],0.9643622590228915,0.05799071128104552,tvm
2,2,64,1,448,64,[2; 2; 64; 1; 448; 64],0.22674443200230598,0.2466391471644366,tvm
1024,16,1,1,7168,16,[1024; 16; 1; 1; 7168; 16],1.0428374279290438,0.053626818366494695,tvm
4096,1,64,1,7168,16,[4096; 1; 64; 1; 7168; 16],1.7081760209985077,0.03273904600337566,tvm
128,32,16,1,2048,64,[128; 32; 16; 1; 2048; 64],0.24309780006296933,0.2300475500759258,tvm
2048,32,2,1,1024,128,[2048; 32; 2; 1; 1024; 128],0.7539695770246908,0.07417282478958954,tvm
4,4,2,1,512,16,[4; 4; 2; 1; 512; 16],0.13333645893726498,0.419420567930679,tvm
32,2,8,1,256,128,[32; 2; 8; 1; 256; 128],0.2150436710799113,0.2600590524356873,tvm
8,4,1,1,448,16,[8; 4; 1; 1; 448; 16],0.15685580705758184,0.3565316093959058,tvm
4096,1,2,1,256,16,[4096; 1; 2; 1; 256; 16],1.8481947859982029,0.03025874423897856,tvm
64,2,4,1,1024,64,[64; 2; 4; 1; 1024; 64],0.21545647201128304,0.2595607957899018,tvm
64,2,4,1,1024,16,[64; 2; 4; 1; 1024; 16],0.4604342089733109,0.12145937952359004,tvm
512,2,32,1,2048,128,[512; 2; 32; 1; 2048; 128],0.7643270160770044,0.0731677046042019,tvm
256,32,8,1,14336,16,[256; 32; 8; 1; 14336; 16],0.9629667779663578,0.05807474838481613,tvm
256,64,4,1,7168,64,[256; 64; 4; 1; 7168; 64],0.7364453959744424,0.07593781377278666,tvm
16,2,32,1,2048,128,[16; 2; 32; 1; 2048; 128],0.2189615920651704,0.25540576685562477,tvm
128,8,32,1,64,64,[128; 8; 32; 1; 64; 64],0.24104908294975758,0.2320027632919463,tvm
512,2,32,1,1792,16,[512; 2; 32; 1; 1792; 16],0.9809225850040093,0.057011688983697684,tvm
2048,64,64,1,64,16,[2048; 64; 64; 1; 64; 16],1.3058251320617273,0.04282660209260681,tvm
16,16,8,1,896,16,[16; 16; 8; 1; 896; 16],0.1614625840447843,0.3463592117280984,tvm
4096,32,32,1,64,16,[4096; 32; 32; 1; 64; 16],2.020038545015268,0.02768464664762654,tvm
8,4,4,1,128,128,[8; 4; 4; 1; 128; 128],0.14877670898567885,0.3758925285725775,tvm
4,2,32,1,256,128,[4; 2; 32; 1; 256; 128],0.178929588990286,0.31254782201712555,tvm
2048,64,4,1,256,128,[2048; 64; 4; 1; 256; 128],0.9775959230028093,0.05720569410882519,tvm
16,1,32,1,64,16,[16; 1; 32; 1; 64; 16],0.1950053860200569,0.2867820959959607,tvm
256,4,64,1,1024,16,[256; 4; 64; 1; 1024; 16],0.972257679910399,0.05751978563798762,tvm
256,1,1,1,896,128,[256; 1; 1; 1; 896; 128],0.7295943590579554,0.07665088502814342,tvm
4096,1,16,1,112,16,[4096; 1; 16; 1; 112; 16],2.105789405060932,0.026557286877276858,tvm
256,8,16,1,256,16,[256; 8; 16; 1; 256; 16],1.1268654000014067,0.049627979821958795,tvm
128,8,16,1,3584,16,[128; 8; 16; 1; 3584; 16],0.5174111699452624,0.10808435646885942,tvm
32,32,2,1,14336,16,[32; 32; 2; 1; 14336; 16],0.399512285948731,0.13998080985301667,tvm
1024,32,2,1,128,16,[1024; 32; 2; 1; 128; 16],1.0749807440442964,0.05202330706216714,tvm
1,1,8,1,32,16,[1; 1; 8; 1; 32; 16],0.36540708993561566,0.15304589011446684,tvm
512,32,2,1,512,64,[512; 32; 2; 1; 512; 64],0.7290319049498066,0.076710021816101,tvm
1024,64,2,1,14336,16,[1024; 64; 2; 1; 14336; 16],1.998548072995618,0.02798234082481135,tvm
128,32,8,1,16,16,[128; 32; 8; 1; 16; 16],0.48622238798998296,0.11501743793518095,tvm
16,4,1,1,896,128,[16; 4; 1; 1; 896; 128],0.21941566199529916,0.25487721717208806,tvm
8,1,64,1,896,128,[8; 1; 64; 1; 896; 128],0.1438080359948799,0.3888798907963978,tvm
2048,16,16,1,448,16,[2048; 16; 16; 1; 448; 16],1.0481970469700173,0.05335261484946064,tvm
256,4,4,1,7168,64,[256; 4; 4; 1; 7168; 64],0.7247988349990919,0.07715803424739694,tvm
128,1,8,1,3584,64,[128; 1; 8; 1; 3584; 64],0.28580395597964525,0.19567277556268747,tvm
512,8,2,1,14336,16,[512; 8; 2; 1; 14336; 16],0.992549691000022,0.056343832294167825,tvm
512,32,32,1,16,16,[512; 32; 32; 1; 16; 16],1.1814587829867378,0.04733474763457838,tvm
2,2,1,1,512,64,[2; 2; 1; 1; 512; 64],0.21956655592657626,0.254702056500966,tvm
32,8,8,1,896,16,[32; 8; 8; 1; 896; 16],0.22691561107058078,0.2464530891880263,tvm
2048,4,8,1,128,64,[2048; 4; 8; 1; 128; 64],0.9426851570606232,0.0593242111795942,tvm
16,2,8,1,2048,64,[16; 2; 8; 1; 2048; 64],0.1562589919194579,0.357893345185273,tvm
1024,2,1,1,2048,64,[1024; 2; 1; 1; 2048; 64],0.7486341680632904,0.07470144393490392,tvm
64,32,8,1,7168,16,[64; 32; 8; 1; 7168; 16],0.43425079190637916,0.12878284709124974,tvm
64,32,2,1,7168,128,[64; 32; 2; 1; 7168; 128],0.45480850292369723,0.12296175857274079,tvm
8,1,8,1,14336,128,[8; 1; 8; 1; 14336; 128],0.18474587600212544,0.3027079929659158,tvm
2,1,8,1,256,128,[2; 1; 8; 1; 256; 128],0.2303073270013556,0.2428235960248202,tvm
64,8,32,1,128,128,[64; 8; 32; 1; 128; 128],0.21034099499229342,0.2658732946251505,tvm
64,8,8,1,256,64,[64; 8; 8; 1; 256; 64],0.22766423400025815,0.24564268330909597,tvm
4096,1,2,1,448,64,[4096; 1; 2; 1; 448; 64],0.9102490519871935,0.06143818904424428,tvm
256,16,2,1,128,16,[256; 16; 2; 1; 128; 16],1.1681086450116709,0.04787572934431504,tvm
128,64,32,1,256,64,[128; 64; 32; 1; 256; 64],0.23415944003500044,0.2388289505858667,tvm
4096,2,32,1,64,16,[4096; 2; 32; 1; 64; 16],2.048135178978555,0.027304864399245246,tvm
4096,4,1,1,512,128,[4096; 4; 1; 1; 512; 128],0.9138303530635312,0.06119741278657811,tvm
2048,8,64,1,256,128,[2048; 8; 64; 1; 256; 128],0.8530376079725102,0.06555871958125384,tvm
4096,32,64,1,32,16,[4096; 32; 64; 1; 32; 16],1.5049764210125431,0.037159421604564286,tvm
8,8,1,1,32,16,[8; 8; 1; 1; 32; 16],0.14539882203098387,0.38462521602421346,tvm
64,16,32,1,7168,16,[64; 16; 32; 1; 7168; 16],0.37471999297849834,0.14924224589356858,tvm
16,2,1,1,112,16,[16; 2; 1; 1; 112; 16],0.22188063093926758,0.25204567472426503,tvm
128,16,4,1,1024,64,[128; 16; 4; 1; 1024; 64],0.25200726103503257,0.22191445239968344,tvm
256,32,1,1,128,16,[256; 32; 1; 1; 128; 16],1.147597678937018,0.04873141028407617,tvm
256,64,32,1,112,16,[256; 64; 32; 1; 112; 16],1.1200165989575908,0.04993145046723624,tvm
4,4,1,1,1792,64,[4; 4; 1; 1; 1792; 64],0.17475522891618311,0.32001361950752205,tvm
1024,64,1,1,2048,128,[1024; 64; 1; 1; 2048; 128],0.7332760699791834,0.07626602806623832,tvm
1024,16,16,1,7168,16,[1024; 16; 16; 1; 7168; 16],0.9779949769144878,0.05718235231613375,tvm
512,32,2,1,32,16,[512; 32; 2; 1; 32; 16],1.2561470930231735,0.04452030629529279,tvm
16,16,4,1,128,128,[16; 16; 4; 1; 128; 128],0.1497192019596696,0.37352625849821053,tvm
512,1,2,1,1024,128,[512; 1; 2; 1; 1024; 128],0.727308523026295,0.07689178878398963,tvm
8,8,8,1,128,128,[8; 8; 8; 1; 128; 128],0.1482692960416898,0.37717892258427405,tvm
2048,1,2,1,256,16,[2048; 1; 2; 1; 256; 16],1.448200974962674,0.038616224060182475,tvm
512,16,2,1,224,16,[512; 16; 2; 1; 224; 16],1.0572477349778637,0.052895883796340554,tvm
4,4,32,1,3584,128,[4; 4; 32; 1; 3584; 128],0.1368967939633876,0.40851251307090475,tvm
32,8,2,1,512,64,[32; 8; 2; 1; 512; 64],0.22109726502094418,0.2529386934209057,tvm
128,64,4,1,3584,64,[128; 64; 4; 1; 3584; 64],0.37037993303965777,0.15099104553092882,tvm
64,32,16,1,1024,128,[64; 32; 16; 1; 1024; 128],0.19325429305899888,0.2893806520316741,tvm
2048,8,32,1,7168,64,[2048; 8; 32; 1; 7168; 64],0.9235510219587013,0.06055329050984917,tvm
8,2,4,1,448,64,[8; 2; 4; 1; 448; 64],0.1396337749902159,0.40050520253607635,tvm
4096,2,32,1,512,64,[4096; 2; 32; 1; 512; 64],1.4321018400369212,0.03905033271369273,tvm
16,2,1,1,2048,128,[16; 2; 1; 1; 2048; 128],0.2193922809092328,0.2549043799607074,tvm
512,64,4,1,2048,64,[512; 64; 4; 1; 2048; 64],0.7256753590190783,0.07706483710419477,tvm
2048,4,64,1,32,16,[2048; 4; 64; 1; 32; 16],1.2722533449996263,0.043956695852389184,tvm
2,2,32,1,14336,64,[2; 2; 32; 1; 14336; 64],0.5613514209399,0.09962396325584565,tvm
16,16,16,1,512,128,[16; 16; 16; 1; 512; 128],0.16033993498422205,0.3487843084059903,tvm
64,32,16,1,7168,16,[64; 32; 16; 1; 7168; 16],0.39570309198461473,0.14132832031423123,tvm
4,1,8,1,3584,128,[4; 1; 8; 1; 3584; 128],0.1616028050193563,0.3460586796537035,tvm
4096,16,1,1,1792,16,[4096; 16; 1; 1; 1792; 16],1.1867557850200683,0.04712347227562716,tvm
1024,16,1,1,64,16,[1024; 16; 1; 1; 64; 16],1.0726783589925617,0.05213496931722954,tvm
2048,8,1,1,16,16,[2048; 8; 1; 1; 16; 16],1.2522224190179259,0.044659840363817004,tvm
512,8,8,1,64,16,[512; 8; 8; 1; 64; 16],1.1866165669634938,0.047129000968224165,tvm
128,32,2,1,3584,128,[128; 32; 2; 1; 3584; 128],0.5011524889850989,0.11159089211865844,tvm
128,8,64,1,14336,128,[128; 8; 64; 1; 14336; 128],0.2084387510549277,0.2682996949957556,tvm
1024,1,4,1,1024,128,[1024; 1; 4; 1; 1024; 128],0.7514428100548685,0.07442223491266076,tvm
128,16,16,1,14336,64,[128; 16; 16; 1; 14336; 64],0.25259375700261444,0.22139919053009097,tvm
128,16,2,1,7168,16,[128; 16; 2; 1; 7168; 16],0.756183985969983,0.07395561711294063,tvm
16,8,4,1,2048,64,[16; 8; 4; 1; 2048; 64],0.1934351649833843,0.28911006609443063,tvm
512,16,8,1,14336,64,[512; 16; 8; 1; 14336; 64],0.747017593937926,0.07486310066477549,tvm
128,64,8,1,256,64,[128; 64; 8; 1; 256; 64],0.24383757903706282,0.22934960867878773,tvm
32,8,2,1,2048,128,[32; 8; 2; 1; 2048; 128],0.19314181501977146,0.2895491757059885,tvm
512,32,32,1,3584,128,[512; 32; 32; 1; 3584; 128],0.7292268120218068,0.07668951883198308,tvm
16,1,8,1,1792,64,[16; 1; 8; 1; 1792; 64],0.222960531944409,0.25082490091688936,tvm
2,1,16,1,112,16,[2; 1; 16; 1; 112; 16],0.27826600801199675,0.20097335543377726,tvm
64,32,32,1,1792,128,[64; 32; 32; 1; 1792; 128],0.19282547396142036,0.2900241974487373,tvm
2048,4,64,1,256,128,[2048; 4; 64; 1; 256; 128],0.8879630250157788,0.06298015993665905,tvm
128,32,8,1,7168,64,[128; 32; 8; 1; 7168; 64],0.3181445950176567,0.17578187468572148,tvm
512,2,8,1,896,128,[512; 2; 8; 1; 896; 128],0.7398048239992931,0.07559298279648251,tvm
512,2,1,1,7168,128,[512; 2; 1; 1; 7168; 128],0.7508498919196427,0.07448100337386535,tvm
64,2,64,1,14336,128,[64; 2; 64; 1; 14336; 128],0.19980239600408822,0.27989681030746527,tvm
4096,16,2,1,1792,128,[4096; 16; 2; 1; 1792; 128],0.8777500749565661,0.06371295762760332,tvm
128,64,4,1,16,16,[128; 64; 4; 1; 16; 16],0.48526655102614313,0.11524398954569712,tvm
2,2,16,1,224,16,[2; 2; 16; 1; 224; 16],0.2405276009812951,0.23250576276974685,tvm
1024,1,16,1,448,64,[1024; 1; 16; 1; 448; 64],0.7704559519188479,0.07258565943199283,tvm
256,64,4,1,512,16,[256; 64; 4; 1; 512; 16],0.9549371489556506,0.05856307233883784,tvm
1024,1,64,1,3584,16,[1024; 1; 64; 1; 3584; 16],0.9990162290632725,0.05597912396855707,tvm
128,32,64,1,3584,128,[128; 32; 64; 1; 3584; 128],0.20809818198904395,0.26873878857950645,tvm
128,2,64,1,448,16,[128; 2; 64; 1; 448; 16],0.48995425598695874,0.1141413767713488,tvm
128,16,1,1,3584,128,[128; 16; 1; 1; 3584; 128],0.6677451769355685,0.08375059119106076,tvm
64,2,2,1,3584,128,[64; 2; 2; 1; 3584; 128],0.2445899599697441,0.22864410845094038,tvm
64,4,1,1,896,64,[64; 4; 1; 1; 896; 64],0.2298192969756201,0.24333924117462566,tvm
16,8,4,1,14336,128,[16; 8; 4; 1; 14336; 128],0.2587123359553516,0.21616307211181715,tvm
1024,64,2,1,128,64,[1024; 64; 2; 1; 128; 64],0.9111376939108595,0.061378267749292156,tvm
512,1,16,1,2048,16,[512; 1; 16; 1; 2048; 16],0.9742775189224631,0.057400537574945315,tvm
128,16,16,1,256,16,[128; 16; 16; 1; 256; 16],0.5121513500344008,0.10919438820102097,tvm
1024,32,4,1,256,64,[1024; 32; 4; 1; 256; 64],1.0780635350383818,0.051874543118965895,tvm
1024,2,2,1,16,16,[1024; 2; 2; 1; 16; 16],1.3068464680109173,0.042793131941851144,tvm
1024,32,2,1,224,16,[1024; 32; 2; 1; 224; 16],1.1174430090468377,0.05004644789986715,tvm
256,16,4,1,2048,64,[256; 16; 4; 1; 2048; 64],0.7200815069954842,0.07766350446448009,tvm
64,64,4,1,512,64,[64; 64; 4; 1; 512; 64],0.2661454469198361,0.21012590664448919,tvm
4096,8,1,1,1792,128,[4096; 8; 1; 1; 1792; 128],0.9352365199010819,0.05979669542764253,tvm
16,16,1,1,64,64,[16; 16; 1; 1; 64; 64],0.1403053280664608,0.398588236840463,tvm
8,2,64,1,1792,16,[8; 2; 64; 1; 1792; 16],0.17011730500962585,0.32873818057586174,tvm
8,1,32,1,7168,128,[8; 1; 32; 1; 7168; 128],0.19598236703313887,0.28535247420436083,tvm
1,1,32,1,3584,64,[1; 1; 32; 1; 3584; 64],0.6138372489949688,0.09110566917354294,tvm
128,8,64,1,64,16,[128; 8; 64; 1; 64; 16],0.48634725995361805,0.11498790666296074,tvm
16,4,64,1,32,16,[16; 4; 64; 1; 32; 16],0.19924509897828102,0.28067969360405404,tvm
128,16,8,1,7168,16,[128; 16; 8; 1; 7168; 16],0.5519389369292185,0.10132289931287294,tvm
2048,1,16,1,896,128,[2048; 1; 16; 1; 896; 128],0.8335145890014246,0.06709427053980185,tvm
2048,8,32,1,1024,64,[2048; 8; 32; 1; 1024; 64],0.7956962619209662,0.07028316709484313,tvm
1024,64,1,1,1792,128,[1024; 64; 1; 1; 1792; 128],0.7307812749641016,0.07652639065783468,tvm
64,64,1,1,3584,128,[64; 64; 1; 1; 3584; 128],0.29188582103233784,0.19159564906421933,tvm
64,8,1,1,256,64,[64; 8; 1; 1; 256; 64],0.23389763000886887,0.23909628041640618,tvm
64,4,64,1,512,128,[64; 4; 64; 1; 512; 128],0.20545681903604418,0.27219370763996076,tvm
16,16,16,1,448,64,[16; 16; 16; 1; 448; 64],0.14260041003581136,0.392173159384949,tvm
1024,4,1,1,7168,128,[1024; 4; 1; 1; 7168; 128],0.7940715659642592,0.07042696871461891,tvm
128,4,2,1,2048,64,[128; 4; 2; 1; 2048; 64],0.2848788369446993,0.19630820573796895,tvm
2048,2,2,1,128,128,[2048; 2; 2; 1; 128; 128],0.8048567470395938,0.06948323852540461,tvm
128,16,16,1,896,64,[128; 16; 16; 1; 896; 64],0.2370876440545544,0.2358792401702093,tvm
512,8,1,1,64,16,[512; 8; 1; 1; 64; 16],1.0997163980500773,0.050853159444101285,tvm
64,4,4,1,14336,16,[64; 4; 4; 1; 14336; 16],0.60379299800843,0.09262123528725077,tvm
1024,32,32,1,1792,16,[1024; 32; 32; 1; 1792; 16],0.9976779320277274,0.056054215030767164,tvm
2,2,2,1,128,64,[2; 2; 2; 1; 128; 64],0.1622174729127437,0.3447474080884907,tvm
2048,2,1,1,14336,128,[2048; 2; 1; 1; 14336; 128],2.1382321279961616,0.02615434152406194,tvm
128,64,1,1,256,128,[128; 64; 1; 1; 256; 128],0.23142306006047875,0.24165289888880767,tvm
4096,2,16,1,224,16,[4096; 2; 16; 1; 224; 16],2.065795513917692,0.02707143710815587,tvm
16,8,4,1,14336,64,[16; 8; 4; 1; 14336; 64],0.22297751193400472,0.2508058003171429,tvm
32,4,64,1,896,64,[32; 4; 64; 1; 896; 64],0.21986691595520824,0.2543541082130169,tvm
8,2,16,1,1024,128,[8; 2; 16; 1; 1024; 128],0.15198207402136177,0.3679647990951417,tvm
128,4,64,1,3584,16,[128; 4; 64; 1; 3584; 16],0.4850535439327359,0.11529459795285718,tvm
128,8,2,1,1792,16,[128; 8; 2; 1; 1792; 16],0.5166334570385516,0.10824706098962585,tvm
256,4,32,1,3584,64,[256; 4; 32; 1; 3584; 64],0.7287326649529859,0.07674152130526668,tvm
2048,2,16,1,1792,64,[2048; 2; 16; 1; 1792; 64],0.8487693599890918,0.0658883979200805,tvm
16,2,16,1,32,16,[16; 2; 16; 1; 32; 16],0.18966333102434874,0.2948595969041263,tvm
2048,16,32,1,32,16,[2048; 16; 32; 1; 32; 16],1.2062210920266807,0.04636302059630734,tvm
2048,16,4,1,896,16,[2048; 16; 4; 1; 896; 16],0.9724603400100023,0.05750779855223517,tvm
64,1,32,1,512,64,[64; 1; 32; 1; 512; 64],0.22186566097661853,0.2520626810258255,tvm
128,2,2,1,16,16,[128; 2; 2; 1; 16; 16],0.48878084891475737,0.11441539384675524,tvm
1024,64,1,1,896,64,[1024; 64; 1; 1; 896; 64],0.7400645329616964,0.07556645514348383,tvm
128,16,64,1,512,16,[128; 16; 64; 1; 512; 16],0.4862665479304269,0.1150069927107853,tvm
128,32,64,1,14336,64,[128; 32; 64; 1; 14336; 64],0.22603425302077085,0.24741406484173145,tvm
128,2,32,1,14336,16,[128; 2; 32; 1; 14336; 16],0.5129986279644072,0.10901404074946854,tvm
8,1,32,1,256,128,[8; 1; 32; 1; 256; 128],0.14916310796979815,0.37491879925602367,tvm
32,8,1,1,512,16,[32; 8; 1; 1; 512; 16],0.34113708802033216,0.16393425193920924,tvm
64,32,4,1,2048,16,[64; 32; 4; 1; 2048; 16],0.41077985893934965,0.13614117663346864,tvm
4096,2,8,1,448,16,[4096; 2; 8; 1; 448; 16],2.2408023739699274,0.024957155518474054,tvm
256,4,8,1,3584,128,[256; 4; 8; 1; 3584; 128],0.7248499060515314,0.07715259789156619,tvm
2,1,1,1,256,16,[2; 1; 1; 1; 256; 16],0.25953229307197034,0.2154801341728413,tvm
8,8,64,1,1024,64,[8; 8; 64; 1; 1024; 64],0.12190077302511781,0.45876701144307025,tvm
16,16,1,1,3584,64,[16; 16; 1; 1; 3584; 64],0.22846256010234356,0.2447843239972503,tvm
512,8,8,1,112,16,[512; 8; 8; 1; 112; 16],1.1036347169429064,0.05067261157590643,tvm
64,2,16,1,14336,64,[64; 2; 16; 1; 14336; 64],0.24514224799349904,0.22812898956044653,tvm
4096,64,4,1,2048,128,[4096; 64; 4; 1; 2048; 128],1.1599181079072878,0.04821379453609094,tvm
512,64,32,1,1792,16,[512; 64; 32; 1; 1792; 16],0.9790798880858347,0.057118988975116754,tvm
32,4,8,1,14336,128,[32; 4; 8; 1; 14336; 128],0.24840984609909356,0.2251281670655864,tvm
256,64,64,1,1792,16,[256; 64; 64; 1; 1792; 16],0.9743692249758169,0.057395135129315406,tvm
2048,64,32,1,224,16,[2048; 64; 32; 1; 224; 16],1.272676668013446,0.04394207479314179,tvm
64,8,2,1,896,16,[64; 8; 2; 1; 896; 16],0.5259322969941422,0.10633317948518421,tvm
1024,2,1,1,512,64,[1024; 2; 1; 1; 512; 64],0.7550168760353699,0.07406993818071092,tvm
4096,4,2,1,256,128,[4096; 4; 2; 1; 256; 128],1.2537508899113163,0.04460539472661041,tvm
512,16,16,1,32,16,[512; 16; 16; 1; 32; 16],1.246524343965575,0.04486398809943962,tvm
256,2,2,1,3584,16,[256; 2; 2; 1; 3584; 16],0.9401394659653306,0.05948484810805255,tvm
2048,2,8,1,1792,128,[2048; 2; 8; 1; 1792; 128],0.8068869790295139,0.06930840971135287,tvm
512,16,2,1,448,16,[512; 16; 2; 1; 448; 16],0.9528531070100144,0.058691159132407154,tvm
2,2,64,1,1792,64,[2; 2; 64; 1; 1792; 64],0.22106124402489513,0.2529799087126976,tvm
256,32,16,1,7168,128,[256; 32; 16; 1; 7168; 128],0.7376236120471731,0.07581651728599605,tvm
256,8,64,1,1024,16,[256; 8; 64; 1; 1024; 16],0.9734397010179237,0.05744994094123517,tvm
128,16,1,1,2048,64,[128; 16; 1; 1; 2048; 64],0.2789223149884492,0.20050046313307443,tvm
64,2,1,1,14336,64,[64; 2; 1; 1; 14336; 64],0.7467749549541622,0.07488742486920441,tvm
4,1,8,1,128,128,[4; 1; 8; 1; 128; 128],0.13821018999442458,0.4046304641907324,tvm
32,8,2,1,448,16,[32; 8; 2; 1; 448; 16],0.3872592250118032,0.14440986739987624,tvm
128,2,1,1,1792,16,[128; 2; 1; 1; 1792; 16],0.5251941919559613,0.10648261955269812,tvm
16,2,16,1,224,16,[16; 2; 16; 1; 224; 16],0.17040704900864512,0.32817922532357324,tvm
8,2,2,1,32,16,[8; 2; 2; 1; 32; 16],0.1675152889220044,0.3338444729028389,tvm
4096,1,2,1,14336,128,[4096; 1; 2; 1; 14336; 128],2.0723977260058746,0.02698519334950033,tvm
4,2,64,1,7168,64,[4; 2; 64; 1; 7168; 64],0.2764922039350495,0.20226267698481076,tvm
2048,32,4,1,7168,64,[2048; 32; 4; 1; 7168; 64],1.3846478250343353,0.04038864780071177,tvm
4096,32,32,1,128,64,[4096; 32; 32; 1; 128; 64],1.1956065749982372,0.04677462846289197,tvm
64,64,2,1,2048,64,[64; 64; 2; 1; 2048; 64],0.3745187349850312,0.14932244533926592,tvm
256,32,8,1,512,64,[256; 32; 8; 1; 512; 64],0.7352934149093926,0.07605678522256948,tvm
16,4,16,1,14336,128,[16; 4; 16; 1; 14336; 128],0.2512360659893602,0.22259564172486965,tvm
4096,8,32,1,1024,128,[4096; 8; 32; 1; 1024; 128],1.0926346360938624,0.05118275724194524,tvm
128,1,4,1,128,16,[128; 1; 4; 1; 128; 16],0.4928705720230937,0.11346600204548829,tvm
256,32,4,1,7168,16,[256; 32; 4; 1; 7168; 16],0.9496368939289823,0.0588899332901398,tvm
2048,2,2,1,1792,128,[2048; 2; 2; 1; 1792; 128],0.7473467800300568,0.07483012548884492,tvm
64,64,64,1,32,16,[64; 64; 64; 1; 32; 16],0.31758410995826125,0.17609210152448496,tvm
1024,4,1,1,1024,64,[1024; 4; 1; 1; 1024; 64],0.7487305209506303,0.07469183073013909,tvm
8,8,8,1,512,128,[8; 8; 8; 1; 512; 128],0.16481788596138358,0.3393081582567817,tvm
4096,32,64,1,14336,128,[4096; 32; 64; 1; 14336; 128],0.9176341280108318,0.060943737407152324,tvm
8,2,1,1,3584,128,[8; 2; 1; 1; 3584; 128],0.24459456303156912,0.2286398055631162,tvm
8,8,16,1,7168,16,[8; 8; 16; 1; 7168; 16],0.23130497394595295,0.24177626783936185,tvm
128,2,64,1,7168,16,[128; 2; 64; 1; 7168; 16],0.4910951319616288,0.11387621194685942,tvm
32,2,64,1,64,64,[32; 2; 64; 1; 64; 64],0.24923796602524817,0.22438015453740362,tvm
256,4,8,1,1024,64,[256; 4; 8; 1; 1024; 64],0.7326299690175802,0.07633328651341505,tvm
4096,2,2,1,1792,64,[4096; 2; 2; 1; 1792; 64],0.9197875779354945,0.06080105306364046,tvm
4096,64,64,1,3584,16,[4096; 64; 64; 1; 3584; 16],1.7304089890094474,0.03231840200122077,tvm
256,16,1,1,14336,64,[256; 16; 1; 1; 14336; 64],0.7500763150164858,0.07455781793630452,tvm
16,8,1,1,32,16,[16; 8; 1; 1; 32; 16],0.18982800201047212,0.2946038136683765,tvm
64,1,32,1,224,16,[64; 1; 32; 1; 224; 16],0.4898246469674632,0.11417157891005046,tvm
4096,32,8,1,128,16,[4096; 32; 8; 1; 128; 16],2.294760236982256,0.024370325244469433,tvm
1024,64,1,1,112,16,[1024; 64; 1; 1; 112; 16],1.091037487029098,0.051257682708606915,tvm
512,16,16,1,128,128,[512; 16; 16; 1; 128; 128],0.8450736829545349,0.06617654112457086,tvm
64,32,8,1,1024,128,[64; 32; 8; 1; 1024; 128],0.19305680901743472,0.2896766688414647,tvm
512,16,16,1,2048,128,[512; 16; 16; 1; 2048; 128],0.7419160809367895,0.07537786923653163,tvm
64,64,4,1,7168,64,[64; 64; 4; 1; 7168; 64],0.3385240159695968,0.1651996629342715,tvm
256,1,32,1,448,16,[256; 1; 32; 1; 448; 16],0.9821506720036268,0.05694040123115328,tvm
512,4,16,1,128,16,[512; 4; 16; 1; 128; 16],1.176005418994464,0.04755424799075403,tvm
2048,16,8,1,224,16,[2048; 16; 8; 1; 224; 16],1.1032821049448103,0.05068880668206872,tvm
64,32,4,1,1024,128,[64; 32; 4; 1; 1024; 128],0.19348958600312471,0.2890287507898756,tvm
2048,4,4,1,1024,16,[2048; 4; 4; 1; 1024; 16],0.9767136250156909,0.05725736991990351,tvm
128,16,2,1,3584,64,[128; 16; 2; 1; 3584; 64],0.5176717640133575,0.10802994720007623,tvm
32,8,64,1,448,16,[32; 8; 64; 1; 448; 16],0.23643070796970278,0.2365346439706118,tvm
4,4,1,1,896,16,[4; 4; 1; 1; 896; 16],0.1434362370055169,0.3898879007205297,tvm
16,4,64,1,64,64,[16; 4; 64; 1; 64; 64],0.13932025397662073,0.40140648424828396,tvm
2,1,32,1,128,64,[2; 1; 32; 1; 128; 64],0.16697264602407813,0.3349294310474595,tvm
32,8,1,1,7168,16,[32; 8; 1; 1; 7168; 16],0.4054523699451238,0.13793001959984205,tvm
1024,2,2,1,256,128,[1024; 2; 2; 1; 256; 128],1.0810608800966293,0.05173071596886813,tvm
512,4,4,1,1024,128,[512; 4; 4; 1; 1024; 128],0.726159070036374,0.07701350246927584,tvm
256,4,64,1,256,128,[256; 4; 64; 1; 256; 128],0.856906057917513,0.06526275875472533,tvm
4,1,4,1,3584,64,[4; 1; 4; 1; 3584; 64],0.15122619096655399,0.3698040198982583,tvm
512,1,32,1,1792,16,[512; 1; 32; 1; 1792; 16],0.9896584410453215,0.0565084386834147,tvm
256,8,2,1,1792,128,[256; 8; 2; 1; 1792; 128],0.7180645290063694,0.0778816541888219,tvm
16,8,16,1,3584,128,[16; 8; 16; 1; 3584; 128],0.21652848494704813,0.2582757337770572,tvm
4096,1,8,1,512,128,[4096; 1; 8; 1; 512; 128],1.1466785840457305,0.04877046986961347,tvm
512,8,4,1,256,128,[512; 8; 4; 1; 256; 128],1.1108930329792202,0.050341528547852024,tvm
64,8,4,1,1024,128,[64; 8; 4; 1; 1024; 128],0.1929178979480639,0.2898852513331285,tvm
256,8,2,1,7168,16,[256; 8; 2; 1; 7168; 16],0.9461852160748094,0.059104763404918534,tvm
256,2,2,1,128,64,[256; 2; 2; 1; 128; 64],0.8535211330745369,0.065521580153364,tvm
32,2,64,1,14336,64,[32; 2; 64; 1; 14336; 64],0.22457460791338235,0.24902215728192675,tvm
16,4,16,1,112,16,[16; 4; 16; 1; 112; 16],0.1785688609816134,0.3131792017147471,tvm
64,16,2,1,256,128,[64; 16; 2; 1; 256; 128],0.2116608410142362,0.2642153979231893,tvm
256,8,16,1,1024,16,[256; 8; 16; 1; 1024; 16],0.9693315699696541,0.057693419946163615,tvm
64,16,4,1,64,16,[64; 16; 4; 1; 64; 16],0.4106885640649125,0.1361714404214433,tvm
1024,64,2,1,14336,64,[1024; 64; 2; 1; 14336; 64],1.713454489945434,0.03263819007828697,tvm
512,4,8,1,64,16,[512; 4; 8; 1; 64; 16],1.1145823850529268,0.05017489427726577,tvm
512,2,64,1,2048,128,[512; 2; 64; 1; 2048; 128],0.7978594519663602,0.07009261242128048,tvm
512,2,4,1,64,64,[512; 2; 4; 1; 64; 64],0.9035818099509925,0.0618915218494344,tvm
4096,64,8,1,512,64,[4096; 64; 8; 1; 512; 64],1.43817645998206,0.03888539055494688,tvm
2,1,64,1,1792,64,[2; 1; 64; 1; 1792; 64],0.22258128703106195,0.2512522686847837,tvm
2048,16,4,1,112,16,[2048; 16; 4; 1; 112; 16],1.138939963071607,0.04910184482640486,tvm
32,1,32,1,2048,16,[32; 1; 32; 1; 2048; 16],0.39190882502589375,0.14269659104930435,tvm
2048,2,32,1,448,16,[2048; 2; 32; 1; 448; 16],1.3022102690301836,0.04294548634989845,tvm
32,4,64,1,256,128,[32; 4; 64; 1; 256; 128],0.2150832419283688,0.26001120697240676,tvm
64,16,4,1,448,64,[64; 16; 4; 1; 448; 64],0.22105904098134488,0.2529824298751606,tvm
32,8,64,1,256,16,[32; 8; 64; 1; 256; 16],0.23493218806106597,0.23804338517801138,tvm
8,1,4,1,448,64,[8; 1; 4; 1; 448; 64],0.14116483693942428,0.39616135679263453,tvm
4096,1,1,1,896,64,[4096; 1; 1; 1; 896; 64],0.8966087440494448,0.06237286185806964,tvm
256,8,1,1,14336,16,[256; 8; 1; 1; 14336; 16],0.9690961830783635,0.05770743328664125,tvm
64,16,1,1,1024,64,[64; 16; 1; 1; 1024; 64],0.22971453599166125,0.24345021568579972,tvm
512,2,8,1,896,16,[512; 2; 8; 1; 896; 16],0.9612208519829437,0.058180233208596346,tvm
128,1,64,1,448,64,[128; 1; 64; 1; 448; 64],0.23406800103839487,0.23892224945416587,tvm
2048,4,16,1,2048,16,[2048; 4; 16; 1; 2048; 16],1.1662390140118077,0.04795248029043138,tvm
256,32,16,1,512,64,[256; 32; 16; 1; 512; 64],0.7403499489882961,0.0755373231398945,tvm
32,4,8,1,128,128,[32; 4; 8; 1; 128; 128],0.21554575802292675,0.2594532773286353,tvm
4,1,64,1,2048,128,[4; 1; 64; 1; 2048; 128],0.13920780399348587,0.4017307344058833,tvm
256,8,32,1,448,64,[256; 8; 32; 1; 448; 64],0.7353026000782847,0.07605583514512164,tvm
512,16,16,1,14336,128,[512; 16; 16; 1; 14336; 128],0.7449424449587241,0.07507164306691101,tvm
1024,4,32,1,1024,128,[1024; 4; 32; 1; 1024; 128],0.7659080800367519,0.07301666452017301,tvm
2048,2,32,1,16,16,[2048; 2; 32; 1; 16; 16],1.3921651509590447,0.04017055971757946,tvm
1024,4,64,1,64,64,[1024; 4; 64; 1; 64; 64],0.8378083549905568,0.06675041254985296,tvm
1024,32,16,1,512,64,[1024; 32; 16; 1; 512; 64],0.7394168949685991,0.07563264203708554,tvm
128,2,2,1,32,16,[128; 2; 2; 1; 32; 16],0.48443766904529184,0.11544117418355589,tvm
8,1,2,1,256,64,[8; 1; 2; 1; 256; 64],0.21094939997419715,0.26510648212402516,tvm
32,1,2,1,7168,64,[32; 1; 2; 1; 7168; 64],0.2774835240561515,0.20154008611342472,tvm
128,2,32,1,14336,64,[128; 2; 32; 1; 14336; 64],0.23439182701986283,0.23859216442983833,tvm
2048,16,4,1,256,16,[2048; 16; 4; 1; 256; 16],1.3231237879954278,0.04226668271005841,tvm
32,32,2,1,256,16,[32; 32; 2; 1; 256; 16],0.337085313978605,0.1659047458142388,tvm
256,64,1,1,7168,16,[256; 64; 1; 1; 7168; 16],0.9566254370147362,0.05845971805626559,tvm
8,8,16,1,512,16,[8; 8; 16; 1; 512; 16],0.17515029199421406,0.31929180760475545,tvm
1024,32,64,1,256,128,[1024; 32; 64; 1; 256; 128],0.7853674860671163,0.07120749754154472,tvm
1024,4,1,1,2048,128,[1024; 4; 1; 1; 2048; 128],0.7486215109238401,0.07470270693173106,tvm
1024,32,8,1,1792,16,[1024; 32; 8; 1; 1792; 16],0.9714597080601379,0.05756703326894065,tvm
32,1,8,1,1024,128,[32; 1; 8; 1; 1024; 128],0.19312729907687753,0.2895709389643141,tvm
32,16,64,1,256,128,[32; 16; 64; 1; 256; 128],0.21502555801998824,0.260080958972025,tvm
1024,8,4,1,2048,64,[1024; 8; 4; 1; 2048; 64],0.7380768599687144,0.07576995888436855,tvm
2048,8,8,1,256,128,[2048; 8; 8; 1; 256; 128],0.9305859640007839,0.06009552636373766,tvm
2,1,4,1,1792,16,[2; 1; 4; 1; 1792; 16],0.2648455579765141,0.2111572259720231,tvm
128,4,8,1,14336,16,[128; 4; 8; 1; 14336; 16],0.5572022260166705,0.10036581105054701,tvm
2,2,8,1,16,16,[2; 2; 8; 1; 16; 16],0.3647210509516299,0.15333376888286634,tvm
512,4,8,1,896,16,[512; 4; 8; 1; 896; 16],0.9579840220976621,0.058376812184068066,tvm
64,2,4,1,256,128,[64; 2; 4; 1; 256; 128],0.20972546399571002,0.266653615959945,tvm
128,16,1,1,896,128,[128; 16; 1; 1; 896; 128],0.2443880490027368,0.22883301193139385,tvm
2,1,64,1,256,128,[2; 1; 64; 1; 256; 128],0.23212867393158376,0.24091833372475155,tvm
64,2,16,1,3584,64,[64; 2; 16; 1; 3584; 64],0.2368275719927624,0.23613827082195654,tvm
2048,8,1,1,512,16,[2048; 8; 1; 1; 512; 16],0.9872932540019974,0.056643811863035576,tvm
256,4,4,1,14336,64,[256; 4; 4; 1; 14336; 64],0.7255453640827909,0.07707864470201745,tvm
64,8,4,1,3584,128,[64; 8; 4; 1; 3584; 128],0.23539552208967507,0.2375748393039898,tvm
256,16,64,1,7168,16,[256; 16; 64; 1; 7168; 16],0.9602278949460015,0.05824039650137245,tvm
4096,16,1,1,7168,128,[4096; 16; 1; 1; 7168; 128],2.1003197060199454,0.026626447951254073,tvm
64,16,16,1,512,16,[64; 16; 16; 1; 512; 16],0.3384813870070502,0.1652204684807927,tvm
4096,8,64,1,7168,64,[4096; 8; 64; 1; 7168; 64],1.1228580159367993,0.04980509783035743,tvm
512,1,8,1,2048,16,[512; 1; 8; 1; 2048; 16],0.9547544250963256,0.05857428032102719,tvm
256,4,16,1,16,16,[256; 4; 16; 1; 16; 16],1.1795216999016702,0.047412483668588204,tvm
1,1,8,1,1792,16,[1; 1; 8; 1; 1792; 16],0.4235746399499476,0.13202880450997184,tvm
128,4,4,1,448,16,[128; 4; 4; 1; 448; 16],0.4915163920959458,0.11377861294688368,tvm
512,8,32,1,1792,16,[512; 8; 32; 1; 1792; 16],0.9812968010082841,0.05698994766504006,tvm
8,8,16,1,256,128,[8; 8; 16; 1; 256; 128],0.15794213104527444,0.35407938947779927,tvm
1024,1,16,1,448,16,[1024; 1; 16; 1; 448; 16],1.0103107360191643,0.05535331986442686,tvm
256,2,16,1,112,16,[256; 2; 16; 1; 112; 16],1.1543836300261319,0.04844494661802106,tvm
512,64,4,1,224,16,[512; 64; 4; 1; 224; 16],1.1323838590178639,0.04938612722883319,tvm
4096,2,16,1,14336,64,[4096; 2; 16; 1; 14336; 64],1.5261489800177515,0.03664390178518669,tvm
128,1,8,1,7168,64,[128; 1; 8; 1; 7168; 64],0.321638444904238,0.17387241550052795,tvm
1,1,16,1,2048,128,[1; 1; 16; 1; 2048; 128],0.6181501899845898,0.09047000913277645,tvm
1,1,2,1,2048,64,[1; 1; 2; 1; 2048; 64],0.4152972820447758,0.13466029215983122,tvm
2048,32,1,1,256,16,[2048; 32; 1; 1; 256; 16],1.3541001630946994,0.04129979070789187,tvm
1024,64,8,1,448,16,[1024; 64; 8; 1; 448; 16],0.9654983920045197,0.05792247174770183,tvm
512,8,32,1,2048,64,[512; 8; 32; 1; 2048; 64],0.7702947880607098,0.07260084606586453,tvm
4096,2,1,1,1792,16,[4096; 2; 1; 1; 1792; 16],1.1499563460238278,0.04863145764332741,tvm
512,2,64,1,1792,128,[512; 2; 64; 1; 1792; 128],0.7743655549129471,0.07221919025003666,tvm
128,4,8,1,7168,128,[128; 4; 8; 1; 7168; 128],0.3029103960143402,0.18462242983131488,tvm
32,2,2,1,256,16,[32; 2; 2; 1; 256; 16],0.4110491359606385,0.13605199096851658,tvm
2,2,2,1,896,128,[2; 2; 2; 1; 896; 128],0.2142225329298526,0.26105588692504966,tvm
1024,16,4,1,256,16,[1024; 16; 4; 1; 256; 16],1.3158861459232867,0.04249915808186766,tvm
512,1,4,1,1792,64,[512; 1; 4; 1; 1792; 64],0.7254531579092145,0.07708844151221111,tvm
64,64,32,1,2048,128,[64; 64; 32; 1; 2048; 128],0.20253562601283193,0.2761195866340581,tvm
128,32,4,1,512,16,[128; 32; 4; 1; 512; 16],0.49900491698645055,0.112071146855757,tvm
256,64,64,1,448,16,[256; 64; 64; 1; 448; 16],0.9829195640049875,0.05689585941851247,tvm
32,16,16,1,2048,16,[32; 16; 16; 1; 2048; 16],0.2325323389377445,0.24050011103318317,tvm
256,32,4,1,896,16,[256; 32; 4; 1; 896; 16],0.9520254250383005,0.0587421846754602,tvm
4096,8,64,1,896,16,[4096; 8; 64; 1; 896; 16],1.668993555009365,0.03350765086268984,tvm
256,32,16,1,64,64,[256; 32; 16; 1; 64; 64],0.8333512030076236,0.0671074249746079,tvm
512,32,2,1,14336,128,[512; 32; 2; 1; 14336; 128],0.75889359600842,0.07369156048684439,tvm
32,16,2,1,1792,16,[32; 16; 2; 1; 1792; 16],0.37125720095355064,0.1506342589172572,tvm
512,64,16,1,64,64,[512; 64; 16; 1; 64; 64],0.9208107410231605,0.06073349369403882,tvm
4096,8,8,1,7168,128,[4096; 8; 8; 1; 7168; 128],1.5563580410089344,0.03593264008651869,tvm
512,32,2,1,128,64,[512; 32; 2; 1; 128; 64],0.8356111649191007,0.06692592880654916,tvm
4096,64,2,1,896,128,[4096; 64; 2; 1; 896; 128],0.968661852995865,0.057733308233799165,tvm
128,64,1,1,224,16,[128; 64; 1; 1; 224; 16],0.4750859020277858,0.11771356105208647,tvm
8,2,32,1,448,16,[8; 2; 32; 1; 448; 16],0.1695214589126408,0.3298936529454514,tvm
2048,4,1,1,32,16,[2048; 4; 1; 1; 32; 16],1.4879175900714472,0.03758545077126749,tvm
128,64,1,1,128,64,[128; 64; 1; 1; 128; 64],0.23993769998196512,0.23307739191272092,tvm
512,8,32,1,64,16,[512; 8; 32; 1; 64; 16],1.2424857300939038,0.04500981538766384,tvm
4096,8,16,1,1792,128,[4096; 8; 16; 1; 1792; 128],1.0841021300293505,0.051585594921595875,tvm
16,2,1,1,64,64,[16; 2; 1; 1; 64; 64],0.14079060696531087,0.39721437771137924,tvm
4096,16,1,1,256,16,[4096; 16; 1; 1; 256; 16],1.7887368149822578,0.031264550975257946,tvm
16,1,2,1,2048,128,[16; 1; 2; 1; 2048; 128],0.20526998990681022,0.2724414482541851,tvm
1024,1,8,1,512,128,[1024; 1; 8; 1; 512; 128],0.7671458669938147,0.07289885240792705,tvm
128,64,32,1,896,16,[128; 64; 32; 1; 896; 16],0.49008826608769596,0.11411016586821594,tvm
4,1,64,1,14336,128,[4; 1; 64; 1; 14336; 128],0.22056414396502078,0.25355006633445515,tvm
4,2,4,1,112,16,[4; 2; 4; 1; 112; 16],0.16989157092757523,0.3291749733550569,tvm
1,1,32,1,512,16,[1; 1; 32; 1; 512; 16],0.7959379609674215,0.070261824508735,tvm
8,4,64,1,14336,128,[8; 4; 64; 1; 14336; 128],0.184422607999295,0.30323859932371805,tvm
16,16,16,1,448,16,[16; 16; 16; 1; 448; 16],0.16691452090162784,0.3350460644840633,tvm
512,8,2,1,128,128,[512; 8; 2; 1; 128; 128],0.8530220959801227,0.06555991175008964,tvm
1024,8,8,1,14336,16,[1024; 8; 8; 1; 14336; 16],1.189503502100706,0.04701461848121459,tvm
1024,2,1,1,512,128,[1024; 2; 1; 1; 512; 128],0.7445635410258546,0.07510984657707191,tvm
1,1,64,1,112,16,[1; 1; 64; 1; 112; 16],0.5689905489562079,0.09828643627899257,tvm
512,16,16,1,512,128,[512; 16; 16; 1; 512; 128],0.7351005109958351,0.0760767439238662,tvm
2048,2,4,1,112,16,[2048; 2; 4; 1; 112; 16],1.024260816979222,0.05459942663653393,tvm
1024,4,16,1,3584,128,[1024; 4; 16; 1; 3584; 128],0.7564105249475688,0.07393346798976622,tvm
1024,16,16,1,1792,128,[1024; 16; 16; 1; 1792; 128],0.7567763410042971,0.07389772949180475,tvm
1024,64,8,1,128,64,[1024; 64; 8; 1; 128; 64],0.838583444012329,0.0666887162304997,tvm
64,1,64,1,224,16,[64; 1; 64; 1; 224; 16],0.5179135600337759,0.10797951173490462,tvm
512,64,32,1,3584,16,[512; 64; 32; 1; 3584; 16],0.9662327299593017,0.05787845060443036,tvm
32,2,32,1,224,16,[32; 2; 32; 1; 224; 16],0.23348421696573496,0.23951963032062457,tvm
16,8,32,1,1024,64,[16; 8; 32; 1; 1024; 64],0.13807878107763827,0.40501554907186377,tvm
16,1,32,1,7168,16,[16; 1; 32; 1; 7168; 16],0.2685616399394348,0.20823544772047545,tvm
512,4,2,1,1792,16,[512; 4; 2; 1; 1792; 16],0.9496086209546775,0.05889168663729144,tvm
128,16,1,1,32,16,[128; 16; 1; 1; 32; 16],0.46878180897329,0.11929655174934431,tvm
32,16,64,1,1024,128,[32; 16; 64; 1; 1024; 128],0.1947939780075103,0.28709333781959717,tvm
32,32,16,1,3584,128,[32; 32; 16; 1; 3584; 128],0.18362279597204179,0.30455942595410795,tvm
32,2,1,1,1792,128,[32; 2; 1; 1; 1792; 128],0.19559662998653948,0.28591521917929724,tvm
512,16,32,1,2048,64,[512; 16; 32; 1; 2048; 64],0.7370948829920962,0.07587090159454139,tvm
2048,8,8,1,2048,16,[2048; 8; 8; 1; 2048; 16],1.1513809249736369,0.048571286982728,tvm
512,1,1,1,2048,16,[512; 1; 1; 1; 2048; 16],0.9628451819298789,0.05808208254336585,tvm
16,1,2,1,224,16,[16; 1; 2; 1; 224; 16],0.23870502901263535,0.23428100180651457,tvm
4,1,16,1,3584,64,[4; 1; 16; 1; 3584; 64],0.13785309297963977,0.4056786258803279,tvm
32,1,2,1,7168,16,[32; 1; 2; 1; 7168; 16],0.4591077489312738,0.1218103015327343,tvm
128,32,8,1,112,16,[128; 32; 8; 1; 112; 16],0.48800302401650697,0.11459775981109836,tvm
512,2,2,1,64,16,[512; 2; 2; 1; 64; 16],1.1091873639961705,0.05041894196472871,tvm
128,32,2,1,512,128,[128; 32; 2; 1; 512; 128],0.2294546930352226,0.2437259076882279,tvm
128,64,64,1,1024,128,[128; 64; 64; 1; 1024; 128],0.2118463320657611,0.26398405291234145,tvm
128,64,16,1,14336,128,[128; 64; 16; 1; 14336; 128],0.2389467740431428,0.2340439771881416,tvm
64,4,1,1,1024,64,[64; 4; 1; 1; 1024; 64],0.22845329495612532,0.24479425146428116,tvm
4096,16,32,1,7168,64,[4096; 16; 32; 1; 7168; 64],1.3006878840969875,0.04299575172268098,tvm
1024,64,8,1,256,64,[1024; 64; 8; 1; 256; 64],0.9814122540410608,0.05698324338529561,tvm
2,1,16,1,14336,128,[2; 1; 16; 1; 14336; 128],0.4839226990006864,0.115564021792774,tvm
4096,1,2,1,7168,128,[4096; 1; 2; 1; 7168; 128],2.0526160600129515,0.027245257611879188,tvm
2048,4,16,1,3584,16,[2048; 4; 16; 1; 3584; 16],1.1321342919254676,0.0493970138809425,tvm
4096,64,16,1,1792,128,[4096; 64; 16; 1; 1792; 128],1.029614435043186,0.05431552960986572,tvm
1024,16,2,1,7168,128,[1024; 16; 2; 1; 7168; 128],0.8204982539173216,0.06815865002312191,tvm
128,16,16,1,64,16,[128; 16; 16; 1; 64; 16],0.4999876329675317,0.11185087319342746,tvm
4096,16,32,1,448,16,[4096; 16; 32; 1; 448; 16],1.9105325000127777,0.02927144831765977,tvm
64,2,32,1,64,16,[64; 2; 32; 1; 64; 16],0.490554544958286,0.11400170257945282,tvm
2,2,1,1,7168,64,[2; 2; 1; 1; 7168; 64],0.4673501900397241,0.11966198907200587,tvm
32,16,16,1,512,128,[32; 16; 16; 1; 512; 128],0.2000393180642277,0.2795653068332171,tvm
64,32,8,1,448,64,[64; 32; 8; 1; 448; 64],0.22032738698180765,0.2538225233794969,tvm
2048,2,16,1,1792,16,[2048; 2; 16; 1; 1792; 16],1.0312708610435948,0.05422828807238961,tvm
256,1,8,1,112,16,[256; 1; 8; 1; 112; 16],1.1061116750352085,0.05055913846271736,tvm
4096,32,64,1,7168,64,[4096; 32; 64; 1; 7168; 64],1.088763737003319,0.051364728115630524,tvm
8,8,1,1,7168,128,[8; 8; 1; 1; 7168; 128],0.2551140550058335,0.2192119651426283,tvm
2048,16,4,1,7168,128,[2048; 16; 4; 1; 7168; 128],1.3204280129866675,0.04235297402305112,tvm
64,2,16,1,256,16,[64; 2; 16; 1; 256; 16],0.47958010295405984,0.11661045357982759,tvm
128,2,32,1,32,16,[128; 2; 32; 1; 32; 16],0.4966174099827185,0.1126099331380255,tvm
64,16,1,1,896,16,[64; 16; 1; 1; 896; 16],0.4642958859913051,0.12044916834430151,tvm
256,4,64,1,14336,64,[256; 4; 64; 1; 14336; 64],0.7726528180064633,0.07237927828649364,tvm
32,32,8,1,2048,64,[32; 32; 8; 1; 2048; 64],0.182122883037664,0.3070676918823426,tvm
1024,4,64,1,256,128,[1024; 4; 64; 1; 256; 128],0.8224092299351469,0.06800027443483747,tvm
64,64,2,1,32,16,[64; 64; 2; 1; 32; 16],0.5245087980292737,0.10662176410282467,tvm
32,4,2,1,256,64,[32; 4; 2; 1; 256; 64],0.22938647598493844,0.2437983891299909,tvm
32,32,32,1,1792,128,[32; 32; 32; 1; 1792; 128],0.1539734690450132,0.36320577616514105,tvm
2048,32,64,1,7168,128,[2048; 32; 64; 1; 7168; 128],0.8989900259766728,0.062207646044322704,tvm
4096,1,32,1,16,16,[4096; 1; 32; 1; 16; 16],1.623215884086676,0.03445262819418487,tvm
2,1,32,1,7168,128,[2; 1; 32; 1; 7168; 128],0.4847563940566033,0.11536527216349265,tvm
512,4,32,1,512,16,[512; 4; 32; 1; 512; 16],0.9737979240017012,0.05742880730687986,tvm
32,16,1,1,896,16,[32; 16; 1; 1; 896; 16],0.3397079729475081,0.16462390578620525,tvm
2048,8,8,1,256,64,[2048; 8; 8; 1; 256; 64],0.9952601219993085,0.056190388921633284,tvm
128,64,8,1,7168,16,[128; 64; 8; 1; 7168; 16],0.5513782020425424,0.10142594162439963,tvm
128,4,32,1,3584,128,[128; 4; 32; 1; 3584; 128],0.21991444297600538,0.25429913823093075,tvm
4096,1,8,1,512,64,[4096; 1; 8; 1; 512; 64],1.4792330210329965,0.03780611474876335,tvm
512,64,64,1,3584,128,[512; 64; 64; 1; 3584; 128],0.7468758579343557,0.07487730757291207,tvm
2048,8,4,1,2048,16,[2048; 8; 4; 1; 2048; 16],0.9717662589391693,0.057548873321021606,tvm
64,1,16,1,16,16,[64; 1; 16; 1; 16; 16],0.4893665809649974,0.114278447913331,tvm
2048,64,2,1,896,16,[2048; 64; 2; 1; 896; 16],0.9748432899359614,0.05736722395351057,tvm
4096,1,64,1,3584,16,[4096; 1; 64; 1; 3584; 16],1.6239618168910965,0.03443680310193132,tvm
2048,1,2,1,16,16,[2048; 1; 2; 1; 16; 16],1.2593979309313,0.04440538765374864,tvm
1024,4,1,1,512,16,[1024; 4; 1; 1; 512; 16],0.9770555950235575,0.057237329808223415,tvm
32,16,16,1,7168,64,[32; 16; 16; 1; 7168; 64],0.246173960971646,0.22717290290411582,tvm
64,8,32,1,1792,128,[64; 8; 32; 1; 1792; 128],0.19260926800779998,0.2903497526976148,tvm
1024,16,8,1,2048,64,[1024; 16; 8; 1; 2048; 64],0.7396033599507064,0.07561357392570607,tvm
256,16,16,1,1024,64,[256; 16; 16; 1; 1024; 64],0.7399814069503918,0.07557494392164163,tvm
2048,2,8,1,128,128,[2048; 2; 8; 1; 128; 128],0.807735038921237,0.06923564119246602,tvm
8,1,16,1,3584,64,[8; 1; 16; 1; 3584; 64],0.1248617599485442,0.4478877548769115,tvm
1024,1,64,1,2048,64,[1024; 1; 64; 1; 2048; 64],0.7911846579518169,0.0706839456140454,tvm
256,8,4,1,512,128,[256; 8; 4; 1; 512; 128],0.7243230550084263,0.07720871639614281,tvm
64,4,64,1,7168,64,[64; 4; 64; 1; 7168; 64],0.22248050395864993,0.25136608528955573,tvm
1024,1,8,1,1024,128,[1024; 1; 8; 1; 1024; 128],0.7431680849986151,0.07525088127733251,tvm
32,2,1,1,16,16,[32; 2; 1; 1; 16; 16],0.23764492594636977,0.23532609884527445,tvm
64,64,32,1,7168,16,[64; 64; 32; 1; 7168; 16],0.3764770400011912,0.14854572096390364,tvm
2,2,16,1,512,128,[2; 2; 16; 1; 512; 128],0.23879835894331336,0.2341894374014888,tvm
32,16,16,1,14336,16,[32; 16; 16; 1; 14336; 16],0.3326983640436083,0.16809236046018883,tvm
2048,2,4,1,14336,16,[2048; 2; 4; 1; 14336; 16],1.734690343029797,0.03223863760932502,tvm
16,16,4,1,512,128,[16; 16; 4; 1; 512; 128],0.24155435303691775,0.23151747269396644,tvm
2048,32,1,1,512,128,[2048; 32; 1; 1; 512; 128],0.7667363459477201,0.07293778836610221,tvm
4096,32,2,1,1024,128,[4096; 32; 2; 1; 1024; 128],0.9040910949697718,0.06185665763603517,tvm
128,32,1,1,7168,128,[128; 32; 1; 1; 7168; 128],0.7456909400643781,0.07499628911745289,tvm
2048,32,64,1,1792,16,[2048; 32; 64; 1; 1792; 16],1.143963597016409,0.04888621760271901,tvm
32,32,1,1,128,16,[32; 32; 1; 1; 128; 16],0.3571051110047847,0.15660390067221422,tvm
512,16,64,1,512,16,[512; 16; 64; 1; 512; 16],0.9881621240638196,0.056594006156950746,tvm
256,32,4,1,32,16,[256; 32; 4; 1; 32; 16],1.3762553619453683,0.040634939473938474,tvm
2,2,16,1,7168,128,[2; 2; 16; 1; 7168; 128],0.46770103997550905,0.11957222360733209,tvm
64,2,16,1,7168,128,[64; 2; 16; 1; 7168; 128],0.23519987799227238,0.2377724589430729,tvm
4,4,4,1,7168,64,[4; 4; 4; 1; 7168; 64],0.23369954095687717,0.2392989438676415,tvm
1024,64,1,1,448,16,[1024; 64; 1; 1; 448; 16],0.971320045995526,0.05757531059293192,tvm
2048,1,16,1,512,128,[2048; 1; 16; 1; 512; 128],0.8282503579976037,0.06752071133242436,tvm
128,32,64,1,7168,64,[128; 32; 64; 1; 7168; 64],0.2543835109099746,0.21984150282887108,tvm
2048,32,16,1,1792,64,[2048; 32; 16; 1; 1792; 64],0.8178767500212416,0.06837711590637696,tvm
512,64,2,1,3584,64,[512; 64; 2; 1; 3584; 64],0.7198248120257631,0.07769119985729496,tvm
256,2,1,1,2048,64,[256; 2; 1; 1; 2048; 64],0.7294324749382213,0.07666789628206473,tvm
512,8,32,1,7168,128,[512; 8; 32; 1; 7168; 128],0.8312796350801364,0.06727465821767929,tvm
512,4,8,1,128,16,[512; 4; 8; 1; 128; 16],1.1383586809970438,0.04912691778688914,tvm
16,8,32,1,7168,128,[16; 8; 32; 1; 7168; 128],0.24475414701737463,0.2284907284098577,tvm
16,4,8,1,3584,128,[16; 4; 8; 1; 3584; 128],0.22164772602263838,0.25231052146062366,tvm
32,4,64,1,7168,64,[32; 4; 64; 1; 7168; 64],0.23566147999372333,0.23730672206091055,tvm
512,4,8,1,2048,16,[512; 4; 8; 1; 2048; 16],0.9580449149943888,0.05837310178057871,tvm
1024,1,2,1,1792,16,[1024; 1; 2; 1; 1792; 16],0.9553348670015112,0.05853869178758329,tvm
64,2,1,1,3584,16,[64; 2; 1; 1; 3584; 16],0.4997901259921491,0.11189507440211376,tvm
512,16,64,1,7168,16,[512; 16; 64; 1; 7168; 16],0.9672164269722998,0.057819585951816084,tvm
2048,32,16,1,14336,16,[2048; 32; 16; 1; 14336; 16],1.2404813918983564,0.045082541099428025,tvm
4096,2,2,1,128,64,[4096; 2; 2; 1; 128; 64],0.9539520880207419,0.0586235451817758,tvm
128,4,4,1,14336,16,[128; 4; 4; 1; 14336; 16],0.6341153309913352,0.08819224295666414,tvm
1,1,4,1,3584,64,[1; 1; 4; 1; 3584; 64],0.4320641449885443,0.12943460822192523,tvm
512,64,64,1,512,128,[512; 64; 64; 1; 512; 128],0.7826930769952014,0.07145080872316978,tvm
16,1,2,1,2048,16,[16; 1; 2; 1; 2048; 16],0.23360777692869306,0.23939294345668857,tvm
128,8,4,1,896,16,[128; 8; 4; 1; 896; 16],0.5032703529577702,0.1111212949554093,tvm
32,1,8,1,896,128,[32; 1; 8; 1; 896; 128],0.1981677379226312,0.28220564012880467,tvm
4,1,1,1,128,128,[4; 1; 1; 1; 128; 128],0.13682296802289784,0.4087329352771695,tvm
2048,2,2,1,1792,64,[2048; 2; 2; 1; 1792; 64],0.7473209579475224,0.07483271108430546,tvm
512,16,2,1,16,16,[512; 16; 2; 1; 16; 16],1.2239290929865092,0.045692233033592704,tvm
8,8,16,1,14336,64,[8; 8; 16; 1; 14336; 64],0.16416918497998267,0.34064890643242346,tvm
1024,8,16,1,1792,128,[1024; 8; 16; 1; 1792; 128],0.7564103179611266,0.07393348822114743,tvm
128,2,64,1,896,128,[128; 2; 64; 1; 896; 128],0.21872852195519954,0.25567791906346726,tvm
2048,32,64,1,448,64,[2048; 32; 64; 1; 448; 64],0.8569351760670543,0.06526054116485158,tvm
256,2,16,1,256,64,[256; 2; 16; 1; 256; 64],0.8482199599966407,0.06593107445096531,tvm
512,1,8,1,128,16,[512; 1; 8; 1; 128; 16],1.2491817279951647,0.04476854894690695,tvm
2048,4,16,1,3584,64,[2048; 4; 16; 1; 3584; 64],0.8908343779621646,0.06277716118372402,tvm
128,4,1,1,256,128,[128; 4; 1; 1; 256; 128],0.2344926269724965,0.23848960223338975,tvm
128,1,8,1,1024,64,[128; 1; 8; 1; 1024; 64],0.2701527549652383,0.20700900622142213,tvm
2048,4,8,1,512,128,[2048; 4; 8; 1; 512; 128],0.8985346730332822,0.062239171188068196,tvm
4096,4,1,1,2048,64,[4096; 4; 1; 1; 2048; 64],0.8967932059895247,0.0623600323461712,tvm
4096,4,2,1,1024,16,[4096; 4; 2; 1; 1024; 16],1.2440286440541968,0.044953991695143775,tvm
2048,16,1,1,512,64,[2048; 16; 1; 1; 512; 64],0.7573999259620905,0.07383688777404562,tvm
2048,4,2,1,1792,64,[2048; 4; 2; 1; 1792; 64],0.7452608230523765,0.0750395721920338,tvm
4,1,16,1,64,64,[4; 1; 16; 1; 64; 64],0.13940716511569917,0.40115623387736127,tvm
256,1,1,1,3584,128,[256; 1; 1; 1; 3584; 128],0.7312622270546854,0.07647605915401838,tvm
4,4,32,1,896,128,[4; 4; 32; 1; 896; 128],0.14016484702005982,0.39898772425677964,tvm
32,2,16,1,128,128,[32; 2; 16; 1; 128; 128],0.21627002500463277,0.25858439389432436,tvm
1024,32,32,1,128,64,[1024; 32; 32; 1; 128; 64],0.8880029330030084,0.06297732952774367,tvm
128,32,8,1,64,16,[128; 32; 8; 1; 64; 16],0.48738116200547665,0.11474397800525767,tvm
256,4,4,1,2048,64,[256; 4; 4; 1; 2048; 64],0.7291817429941148,0.0766942588327869,tvm
256,32,8,1,64,16,[256; 32; 8; 1; 64; 16],1.2002572469646111,0.0465933894377746,tvm
64,16,4,1,2048,16,[64; 16; 4; 1; 2048; 16],0.41038191004190594,0.13627319324972847,tvm
512,16,64,1,1024,128,[512; 16; 64; 1; 1024; 128],0.7417135119903833,0.07539845564261262,tvm
1024,4,64,1,3584,16,[1024; 4; 64; 1; 3584; 16],0.9925993180368096,0.05634101526882113,tvm
256,64,64,1,7168,64,[256; 64; 64; 1; 7168; 64],0.7388202860020101,0.07569371658154657,tvm
2,1,64,1,2048,128,[2; 1; 64; 1; 2048; 128],0.37312865804415196,0.1498787405568722,tvm
4096,16,1,1,896,128,[4096; 16; 1; 1; 896; 128],0.938514924957417,0.05958781458469695,tvm
128,4,2,1,256,16,[128; 4; 2; 1; 256; 16],0.4825251509901136,0.11589873236365072,tvm
16,4,16,1,64,16,[16; 4; 16; 1; 64; 16],0.18979102396406233,0.29466121297666203,tvm
2,2,8,1,112,16,[2; 2; 8; 1; 112; 16],0.1631044850219041,0.34287256617022527,tvm
32,2,64,1,2048,128,[32; 2; 64; 1; 2048; 128],0.19746489997487515,0.28321009627761157,tvm
1024,64,4,1,128,128,[1024; 64; 4; 1; 128; 128],0.8560638499911875,0.06532696519530527,tvm
128,1,16,1,14336,16,[128; 1; 16; 1; 14336; 16],0.5400218939175829,0.10355886300763271,tvm
512,16,4,1,14336,64,[512; 16; 4; 1; 14336; 64],0.773156784940511,0.07233209928777422,tvm
64,2,64,1,3584,64,[64; 2; 64; 1; 3584; 64],0.22182406100910157,0.25210995181915247,tvm
1,1,16,1,256,64,[1; 1; 16; 1; 256; 64],0.42702396505046636,0.13096232977632566,tvm
16,1,8,1,448,64,[16; 1; 8; 1; 448; 64],0.23494821996428072,0.238027142073413,tvm
8,2,64,1,256,64,[8; 2; 64; 1; 256; 64],0.12515165796503425,0.44685027943423483,tvm
4096,32,16,1,3584,64,[4096; 32; 16; 1; 3584; 64],1.2815854729851708,0.04363661613850115,tvm
4096,8,2,1,2048,128,[4096; 8; 2; 1; 2048; 128],0.9389456720091403,0.059560478311453294,tvm
64,2,8,1,1792,64,[64; 2; 8; 1; 1792; 64],0.20895145495887846,0.2676413683950617,tvm
4096,16,8,1,512,64,[4096; 16; 8; 1; 512; 64],1.423345059971325,0.03929058027184215,tvm
4096,2,32,1,512,16,[4096; 2; 32; 1; 512; 16],2.0261698220856488,0.027600871715564104,tvm
4096,32,64,1,128,16,[4096; 32; 64; 1; 128; 16],1.7024103360017762,0.03284992586727046,tvm
256,4,4,1,128,16,[256; 4; 4; 1; 128; 16],1.181622078991495,0.047328206139364004,tvm
128,2,32,1,448,16,[128; 2; 32; 1; 448; 16],0.49108091194648296,0.11387950941051407,tvm
16,1,64,1,2048,16,[16; 1; 64; 1; 2048; 16],0.1937937430338934,0.2885751235196099,tvm
8,1,32,1,512,128,[8; 1; 32; 1; 512; 128],0.13959453697316349,0.40061777878947025,tvm
4096,2,8,1,64,16,[4096; 2; 8; 1; 64; 16],2.175206710002385,0.02570976499666646,tvm
1024,8,32,1,16,16,[1024; 8; 32; 1; 16; 16],1.2463231849251315,0.044871229236333895,tvm
256,8,16,1,256,128,[256; 8; 16; 1; 256; 128],0.85705264902208,0.06525159615006637,tvm
32,4,4,1,1792,128,[32; 4; 4; 1; 1792; 128],0.19532626401633024,0.2863109762272308,tvm
32,1,2,1,2048,128,[32; 1; 2; 1; 2048; 128],0.194623815943487,0.2873443471562187,tvm
2048,2,32,1,14336,64,[2048; 2; 32; 1; 14336; 64],0.8971280910773203,0.062336754237822034,tvm
512,32,1,1,448,16,[512; 32; 1; 1; 448; 16],0.9601512310327962,0.058245046744540514,tvm
2048,32,32,1,896,16,[2048; 32; 32; 1; 896; 16],1.0892927460372448,0.05133978311778934,tvm
64,8,2,1,512,64,[64; 8; 2; 1; 512; 64],0.22766202397178859,0.24564506788476645,tvm
8,8,8,1,7168,16,[8; 8; 8; 1; 7168; 16],0.21483386401087046,0.2603130264905705,tvm
2048,8,2,1,256,64,[2048; 8; 2; 1; 256; 64],1.0422429339960217,0.0536574070297768,tvm
256,1,1,1,224,16,[256; 1; 1; 1; 224; 16],1.0830274079926312,0.051636784924019054,tvm
16,1,64,1,224,16,[16; 1; 64; 1; 224; 16],0.18317902006674558,0.30529726227903226,tvm
2,1,2,1,2048,64,[2; 1; 2; 1; 2048; 64],0.23063410504255444,0.24247954708612915,tvm
512,1,2,1,14336,16,[512; 1; 2; 1; 14336; 16],0.9774281450081617,0.05721551360981769,tvm
16,8,64,1,7168,128,[16; 8; 64; 1; 7168; 128],0.24196396896149963,0.2311255414322938,tvm
1,1,8,1,2048,16,[1; 1; 8; 1; 2048; 16],0.445738521986641,0.1254638102268608,tvm
8,4,16,1,448,64,[8; 4; 16; 1; 448; 64],0.1266852179542184,0.44144103184590344,tvm
1024,2,2,1,1792,64,[1024; 2; 2; 1; 1792; 64],0.7360282440204173,0.07598085234862537,tvm
8,4,8,1,3584,64,[8; 4; 8; 1; 3584; 64],0.13554734003264457,0.412579496726862,tvm
128,2,1,1,128,16,[128; 2; 1; 1; 128; 16],0.47095843008719385,0.118745200766402,tvm
128,4,8,1,7168,64,[128; 4; 8; 1; 7168; 64],0.317899918067269,0.17591716812427602,tvm
256,8,8,1,1024,128,[256; 8; 8; 1; 1024; 128],0.7361589709762484,0.07596735968478428,tvm
4,1,8,1,2048,16,[4; 1; 8; 1; 2048; 16],0.1628034058958292,0.34350665470178615,tvm
4096,1,2,1,128,16,[4096; 1; 2; 1; 128; 16],1.2520744670182467,0.04466511761597831,tvm
1024,2,16,1,7168,128,[1024; 2; 16; 1; 7168; 128],0.8566836870741099,0.06527969912014382,tvm
256,8,16,1,128,64,[256; 8; 16; 1; 128; 64],0.9264809840824455,0.06036179295003941,tvm
32,2,8,1,1792,16,[32; 2; 8; 1; 1792; 16],0.2224738800432533,0.2513735694386262,tvm
64,8,32,1,3584,128,[64; 8; 32; 1; 3584; 128],0.21448589593637735,0.2607353415439587,tvm
16,2,2,1,448,16,[16; 2; 2; 1; 448; 16],0.206839203950949,0.27037453376873116,tvm
4096,4,16,1,256,128,[4096; 4; 16; 1; 256; 128],1.2168306229868904,0.04595878200045581,tvm
1024,8,2,1,3584,128,[1024; 8; 2; 1; 3584; 128],0.7323541999794543,0.07636202992336528,tvm
512,8,32,1,1792,128,[512; 8; 32; 1; 1792; 128],0.7720579259330407,0.07243504853052118,tvm
64,32,1,1,128,64,[64; 32; 1; 1; 128; 64],0.2302796730073169,0.24285275640267392,tvm
64,64,1,1,2048,128,[64; 64; 1; 1; 2048; 128],0.22026810504030436,0.2538908360023365,tvm
128,4,1,1,7168,128,[128; 4; 1; 1; 7168; 128],0.7339765460928902,0.0761932430007862,tvm
32,2,16,1,2048,128,[32; 2; 16; 1; 2048; 128],0.19790563103742898,0.2825793942303576,tvm
4096,2,4,1,112,16,[4096; 2; 4; 1; 112; 16],2.261350483982824,0.024730378474917606,tvm
2048,8,16,1,7168,128,[2048; 8; 16; 1; 7168; 128],1.004920533974655,0.055650224512920336,tvm
16,2,2,1,3584,64,[16; 2; 2; 1; 3584; 64],0.2699346779845655,0.20717624630849021,tvm
1,1,4,1,2048,64,[1; 1; 4; 1; 2048; 64],0.4294557999819517,0.1302207429395146,tvm
32,4,1,1,7168,64,[32; 4; 1; 1; 7168; 64],0.28462912305258214,0.19648043297031825,tvm
1024,32,16,1,64,16,[1024; 32; 16; 1; 64; 16],1.134260734077543,0.049304407402249124,tvm
2048,4,64,1,448,64,[2048; 4; 64; 1; 448; 64],0.8215375839499757,0.06807242227975611,tvm
8,2,32,1,128,16,[8; 2; 32; 1; 128; 16],0.17140179208945483,0.32627461271902275,tvm
32,2,4,1,128,64,[32; 2; 4; 1; 128; 64],0.23456241097301245,0.2384186498652918,tvm
64,4,32,1,1792,64,[64; 4; 32; 1; 1792; 64],0.21051044401247054,0.2656592816364988,tvm
2048,16,32,1,14336,16,[2048; 16; 32; 1; 14336; 16],1.1038884499575943,0.05066096428083983,tvm
256,16,32,1,128,128,[256; 16; 32; 1; 128; 128],0.8789438409730792,0.06362642381272025,tvm
2048,16,32,1,512,16,[2048; 16; 32; 1; 512; 16],1.1864709939109161,0.04713478342103682,tvm
1024,4,4,1,14336,16,[1024; 4; 4; 1; 14336; 16],1.4199359569465742,0.039384912439003404,tvm
4096,4,32,1,896,16,[4096; 4; 32; 1; 896; 16],2.0858385439496487,0.026811304976385227,tvm
32,1,64,1,512,64,[32; 1; 64; 1; 512; 64],0.21708092105109245,0.2576184634861162,tvm
16,1,64,1,1024,128,[16; 1; 64; 1; 1024; 128],0.22199839202221483,0.2519119747846514,tvm
4096,4,2,1,1024,128,[4096; 4; 2; 1; 1024; 128],0.9302968119736761,0.0601142050725589,tvm
32,32,64,1,16,16,[32; 32; 64; 1; 16; 16],0.2379241520538926,0.23504992179468137,tvm
512,4,32,1,3584,64,[512; 4; 32; 1; 3584; 64],0.7671251039719209,0.07290082548958055,tvm
4096,2,32,1,1024,16,[4096; 2; 32; 1; 1024; 16],2.034251958015375,0.027491212734480092,tvm
1024,32,4,1,128,64,[1024; 32; 4; 1; 128; 64],0.8809012529673055,0.06348504233017471,tvm
512,64,32,1,32,16,[512; 64; 32; 1; 32; 16],1.1288955979980528,0.04953872920800405,tvm
1,1,64,1,64,64,[1; 1; 64; 1; 64; 64],0.27345638000406325,0.204508131543694,tvm
1,1,8,1,112,16,[1; 1; 8; 1; 112; 16],0.23978253395762295,0.23322821896284096,tvm
4096,8,16,1,224,16,[4096; 8; 16; 1; 224; 16],1.993393893004395,0.028054692817908636,tvm
64,1,4,1,16,16,[64; 1; 4; 1; 16; 16],0.49016379995737225,0.11409258157823332,tvm
2048,16,1,1,1024,128,[2048; 16; 1; 1; 1024; 128],0.7627923160325736,0.07331491437171898,tvm
1024,8,4,1,1024,64,[1024; 8; 4; 1; 1024; 64],0.750664931954816,0.07449935510867786,tvm
16,2,2,1,1792,16,[16; 2; 2; 1; 1792; 16],0.20536540704779327,0.2723148661561999,tvm
16,16,8,1,16,16,[16; 16; 8; 1; 16; 16],0.19675746699795127,0.28422836595022666,tvm
512,2,2,1,896,16,[512; 2; 2; 1; 896; 16],0.9504562690854073,0.058839165096093486,tvm
32,8,32,1,1024,16,[32; 8; 32; 1; 1024; 16],0.2278999419650063,0.2453886247233902,tvm
2,2,8,1,64,16,[2; 2; 8; 1; 64; 16],0.15532158804126084,0.36005331930083817,tvm
1024,1,32,1,896,64,[1024; 1; 32; 1; 896; 64],0.8012557349866256,0.0697955108355846,tvm
32,8,1,1,2048,64,[32; 8; 1; 1; 2048; 64],0.20984771195799112,0.2664982753994889,tvm
4096,32,8,1,64,64,[4096; 32; 8; 1; 64; 64],1.0138049239758402,0.055162538680534216,tvm
32,1,16,1,512,64,[32; 1; 16; 1; 512; 64],0.22118636697996408,0.252836800463381,tvm
512,16,32,1,128,64,[512; 16; 32; 1; 128; 64],0.8729839299339801,0.06406080503402006,tvm
1024,8,8,1,896,64,[1024; 8; 8; 1; 896; 64],0.759239471051842,0.07365798995652421,tvm
2,1,1,1,1792,128,[2; 1; 1; 1; 1792; 128],0.21736058499664068,0.25728700230631807,tvm
128,2,4,1,224,16,[128; 2; 4; 1; 224; 16],0.49106261401902884,0.11388375277773896,tvm
1024,8,4,1,7168,16,[1024; 8; 4; 1; 7168; 16],1.0231126020662487,0.05466070227303498,tvm
4096,4,1,1,128,16,[4096; 4; 1; 1; 128; 16],1.2748726881109178,0.04386638278069988,tvm
2048,64,8,1,896,128,[2048; 64; 8; 1; 896; 128],0.8117562950355932,0.06889266356829574,tvm
2048,2,4,1,512,64,[2048; 2; 4; 1; 512; 64],0.8075069939950481,0.06925519376204471,tvm
256,2,16,1,1792,16,[256; 2; 16; 1; 1792; 16],0.9595471309730783,0.05828171595554734,tvm
128,64,16,1,256,16,[128; 64; 16; 1; 256; 16],0.498051926959306,0.1122855877192554,tvm
2048,16,64,1,128,16,[2048; 16; 64; 1; 128; 16],1.2767237341031432,0.043802783514961564,tvm
2,2,32,1,896,16,[2; 2; 32; 1; 896; 16],0.32205585099291056,0.1736470651314588,tvm
4,4,2,1,224,16,[4; 4; 2; 1; 224; 16],0.14596883999183774,0.38312322915260877,tvm
16,8,1,1,896,128,[16; 8; 1; 1; 896; 128],0.22061255504377186,0.2534944274691774,tvm
16,8,2,1,14336,16,[16; 8; 2; 1; 14336; 16],0.21682375005912036,0.25792402039944784,tvm
128,4,8,1,256,16,[128; 4; 8; 1; 256; 16],0.4912227060412988,0.11384663747329221,tvm
256,8,64,1,1792,128,[256; 8; 64; 1; 1792; 128],0.7370658069849014,0.07587389457408233,tvm
32,8,64,1,512,128,[32; 8; 64; 1; 512; 128],0.1995001359609887,0.28032087829889507,tvm
2048,1,2,1,224,16,[2048; 1; 2; 1; 224; 16],1.0959133650176227,0.0510296298215453,tvm
1024,2,64,1,512,64,[1024; 2; 64; 1; 512; 64],0.7810161870438606,0.07160421801884208,tvm
8,4,32,1,3584,16,[8; 4; 32; 1; 3584; 16],0.17988216504454613,0.31089270756488985,tvm
8,2,32,1,14336,16,[8; 2; 32; 1; 14336; 16],0.2992831750307232,0.1868599974842969,tvm
64,1,2,1,7168,128,[64; 1; 2; 1; 7168; 128],0.47794133599381894,0.11701028791963829,tvm
1024,64,4,1,7168,16,[1024; 64; 4; 1; 7168; 16],1.0068785889307037,0.05554200272817817,tvm
512,2,16,1,32,16,[512; 2; 16; 1; 32; 16],1.2011357609881088,0.046559310903646456,tvm
512,4,16,1,896,128,[512; 4; 16; 1; 896; 128],0.7343011259799823,0.07615956363773556,tvm
64,64,8,1,896,64,[64; 64; 8; 1; 896; 64],0.2107186089269817,0.26539684187414203,tvm
8,8,1,1,256,16,[8; 8; 1; 1; 256; 16],0.15764479991048574,0.3547472124997987,tvm
256,4,2,1,14336,64,[256; 4; 2; 1; 14336; 64],0.7265065680257976,0.07697666586181162,tvm
4096,1,4,1,16,16,[4096; 1; 4; 1; 16; 16],1.5339017589576542,0.03645869300739045,tvm
128,8,8,1,16,16,[128; 8; 8; 1; 16; 16],0.4868634600425139,0.11486599000148816,tvm
512,4,64,1,1792,16,[512; 4; 64; 1; 1792; 16],0.9933244349667802,0.05629988688962796,tvm
16,1,1,1,896,128,[16; 1; 1; 1; 896; 128],0.21801330195739865,0.25651670256460446,tvm
1,1,8,1,2048,128,[1; 1; 8; 1; 2048; 128],0.46380703104659915,0.12057612237386411,tvm
16,2,16,1,16,16,[16; 2; 16; 1; 16; 16],0.19759380107279867,0.2830253430507644,tvm
32,4,4,1,256,64,[32; 4; 4; 1; 256; 64],0.22823385405354202,0.24502961475738808,tvm
256,16,1,1,1024,64,[256; 16; 1; 1; 1024; 64],0.7340812959009781,0.07618237059792497,tvm
1,1,16,1,7168,128,[1; 1; 16; 1; 7168; 128],0.8979361680103466,0.06228065571437027,tvm
256,32,4,1,14336,128,[256; 32; 4; 1; 14336; 128],0.7216830410761759,0.07749115629756136,tvm
8,8,2,1,128,16,[8; 8; 2; 1; 128; 16],0.1504179979674518,0.3717909697577178,tvm
512,8,4,1,3584,128,[512; 8; 4; 1; 3584; 128],0.7356095920549706,0.07602409476079024,tvm
512,16,16,1,7168,64,[512; 16; 16; 1; 7168; 64],0.7879853970371187,0.07097092603950754,tvm
512,4,16,1,7168,16,[512; 4; 16; 1; 7168; 16],0.9729006949346513,0.057481769336273005,tvm
64,64,16,1,7168,128,[64; 64; 16; 1; 7168; 128],0.24246308801230043,0.23064976113187274,tvm
64,64,16,1,1024,64,[64; 64; 16; 1; 1024; 64],0.18466031702701002,0.3028482471691706,tvm
2048,64,32,1,14336,128,[2048; 64; 32; 1; 14336; 128],0.9344266180414706,0.05984852341915133,tvm
1024,2,32,1,256,128,[1024; 2; 32; 1; 256; 128],0.9226240910356864,0.06061412646461042,tvm
2,1,2,1,3584,16,[2; 1; 2; 1; 3584; 16],0.27844877098686993,0.20084144431713222,tvm
32,2,64,1,1792,128,[32; 2; 64; 1; 1792; 128],0.19497621804475784,0.2868249979107486,tvm
512,8,16,1,512,16,[512; 8; 16; 1; 512; 16],0.9677797919139266,0.0577859279565399,tvm
128,32,8,1,3584,64,[128; 32; 8; 1; 3584; 64],0.2851160289719701,0.19614489418562736,tvm
4096,16,2,1,7168,128,[4096; 16; 2; 1; 7168; 128],2.023957569967024,0.0276310403751421,tvm
512,1,16,1,256,64,[512; 1; 16; 1; 256; 64],1.026730144978501,0.05446811278196605,tvm
64,32,8,1,896,128,[64; 32; 8; 1; 896; 128],0.19814868096727878,0.2822327812647329,tvm
256,64,32,1,64,64,[256; 64; 32; 1; 64; 64],0.8749556379625574,0.06391644433946322,tvm
2048,8,4,1,1792,128,[2048; 8; 4; 1; 1792; 128],0.7773700610268861,0.07194006578984928,tvm
2048,16,32,1,128,16,[2048; 16; 32; 1; 128; 16],1.4852935840608552,0.0376518514140717,tvm
32,4,4,1,14336,16,[32; 4; 4; 1; 14336; 16],0.4248713069828227,0.13162586508953006,tvm
64,2,16,1,224,16,[64; 2; 16; 1; 224; 16],0.4873881379608065,0.1147423356820196,tvm
2048,8,16,1,1792,128,[2048; 8; 16; 1; 1792; 128],0.8076982800848782,0.06923879214829635,tvm
128,1,16,1,896,16,[128; 1; 16; 1; 896; 16],0.5172776280669495,0.10811225983679168,tvm
4096,2,64,1,256,64,[4096; 2; 64; 1; 256; 64],1.029744821949862,0.05430865214494496,tvm
128,64,64,1,896,64,[128; 64; 64; 1; 896; 64],0.22941700892988592,0.24376594217748151,tvm
512,1,32,1,7168,64,[512; 1; 32; 1; 7168; 64],0.8783317260676995,0.06367076546774181,tvm
4096,16,4,1,256,16,[4096; 16; 4; 1; 256; 16],2.147400144021958,0.026042679325051533,tvm
16,4,32,1,7168,128,[16; 4; 32; 1; 7168; 128],0.2451367980102077,0.22813406141906367,tvm
512,1,32,1,448,64,[512; 1; 32; 1; 448; 64],0.7666844499763101,0.07294272543947035,tvm
8,1,4,1,512,16,[8; 1; 4; 1; 512; 16],0.14207866706419736,0.3936133023268328,tvm
512,64,16,1,14336,64,[512; 64; 16; 1; 14336; 64],0.7476525231031701,0.07479952465246514,tvm
128,64,4,1,128,128,[128; 64; 4; 1; 128; 128],0.2261926750652492,0.24724077964594154,tvm
32,2,32,1,1024,128,[32; 2; 32; 1; 1024; 128],0.20062348002102226,0.2787512873741067,tvm
1024,64,4,1,128,64,[1024; 64; 4; 1; 128; 64],0.8433774850564077,0.06630963515654317,tvm
64,32,2,1,256,16,[64; 32; 2; 1; 256; 16],0.5161177560221404,0.1083552206464571,tvm
128,32,16,1,1792,16,[128; 32; 16; 1; 1792; 16],0.49145575298462063,0.11379265171626426,tvm
8,2,64,1,112,16,[8; 2; 64; 1; 112; 16],0.17966070002876222,0.3112759402828796,tvm
4096,64,32,1,448,64,[4096; 64; 32; 1; 448; 64],1.1263648819876835,0.049650032798114925,tvm
64,64,16,1,896,16,[64; 64; 16; 1; 896; 16],0.3435957139590755,0.16276120760922605,tvm
256,16,1,1,128,16,[256; 16; 1; 1; 128; 16],1.1454822269733995,0.04882140640548935,tvm
64,4,16,1,2048,16,[64; 4; 16; 1; 2048; 16],0.48510784294921905,0.1152816928156477,tvm
4,2,1,1,1024,16,[4; 2; 1; 1; 1024; 16],0.17987440805882215,0.31090611464330803,tvm
4096,2,64,1,1024,64,[4096; 2; 64; 1; 1024; 64],1.0325757020618767,0.054159761092249785,tvm
128,32,32,1,224,16,[128; 32; 32; 1; 224; 16],0.4905310060130432,0.11400717314054214,tvm
256,4,8,1,128,64,[256; 4; 8; 1; 128; 64],0.9337984049925581,0.059888786524302344,tvm
4,1,64,1,2048,64,[4; 1; 64; 1; 2048; 64],0.2522249270696193,0.22172294381473698,tvm
256,32,1,1,1024,64,[256; 32; 1; 1; 1024; 64],0.7344660399248824,0.0761424630865887,tvm
128,8,8,1,512,64,[128; 8; 8; 1; 512; 64],0.23806900205090642,0.23490690871789796,tvm
512,64,16,1,512,64,[512; 64; 16; 1; 512; 64],0.7352387299761176,0.0760624421065929,tvm
2048,1,2,1,1792,128,[2048; 1; 2; 1; 1792; 128],0.7523573189973831,0.0743317728441316,tvm
512,2,32,1,1024,128,[512; 2; 32; 1; 1024; 128],0.8045122700277716,0.06951298994035585,tvm
512,8,16,1,256,16,[512; 8; 16; 1; 256; 16],1.086073408019729,0.0514919644661049,tvm
256,4,8,1,14336,128,[256; 4; 8; 1; 14336; 128],0.7210464529925957,0.0775595706784617,tvm
128,64,8,1,128,16,[128; 64; 8; 1; 128; 16],0.486470474046655,0.11495878232472118,tvm
1024,8,8,1,512,64,[1024; 8; 8; 1; 512; 64],0.7467218280071393,0.07489275287771373,tvm
1024,2,2,1,256,16,[1024; 2; 2; 1; 256; 16],1.2716921450337395,0.043976094019083214,tvm
1,1,16,1,896,128,[1; 1; 16; 1; 896; 128],0.4393950490048155,0.12727511031359034,tvm
256,8,4,1,1024,16,[256; 8; 4; 1; 1024; 16],0.9475574679672718,0.059019167938492705,tvm
64,2,32,1,256,128,[64; 2; 32; 1; 256; 128],0.20872675196733326,0.2679294954107546,tvm
4096,64,8,1,128,64,[4096; 64; 8; 1; 128; 64],1.2775501179276034,0.04377444966624977,tvm
8,2,1,1,3584,64,[8; 2; 1; 1; 3584; 64],0.24675073404796422,0.22664189247138222,tvm
32,1,16,1,128,64,[32; 1; 16; 1; 128; 64],0.24001010495703667,0.23300707836173853,tvm
4096,64,8,1,512,128,[4096; 64; 8; 1; 512; 128],1.1384657960152254,0.04912229557451318,tvm
2048,1,1,1,1792,16,[2048; 1; 1; 1; 1792; 16],0.9957592679420486,0.05616222226975849,tvm
128,1,1,1,1024,64,[128; 1; 1; 1; 1024; 64],0.26797619205899537,0.2086903799312947,tvm
256,2,8,1,2048,64,[256; 2; 8; 1; 2048; 64],0.738925799028948,0.07568290809012945,tvm
32,32,64,1,1024,128,[32; 32; 64; 1; 1024; 128],0.15520781197119504,0.36031725866808983,tvm
4096,4,16,1,2048,128,[4096; 4; 16; 1; 2048; 128],1.0202335419598967,0.054814952688089134,tvm
64,64,8,1,7168,128,[64; 64; 8; 1; 7168; 128],0.2912646629847586,0.1920042505680126,tvm
4096,1,32,1,112,16,[4096; 1; 32; 1; 112; 16],1.9770159779582173,0.028287102358722185,tvm
8,2,16,1,7168,128,[8; 2; 16; 1; 7168; 128],0.16497544897720218,0.3389840953914387,tvm
4,2,4,1,448,64,[4; 2; 4; 1; 448; 64],0.12779346096795052,0.437612792624488,tvm
64,8,32,1,32,16,[64; 8; 32; 1; 32; 16],0.3244360639946535,0.17237310995813007,tvm
512,8,1,1,1024,64,[512; 8; 1; 1; 1024; 64],0.7360094620380551,0.07598279127890044,tvm
2048,32,8,1,2048,16,[2048; 32; 8; 1; 2048; 16],1.068751472979784,0.052326527492319225,tvm
512,64,32,1,128,16,[512; 64; 32; 1; 128; 16],1.1715560710290447,0.04773485001380433,tvm
4,1,16,1,128,128,[4; 1; 16; 1; 128; 128],0.1363331489264965,0.41020143504119144,tvm
64,1,8,1,1792,128,[64; 1; 8; 1; 1792; 128],0.18913817405700684,0.2956782976898024,tvm
32,32,4,1,3584,128,[32; 32; 4; 1; 3584; 128],0.26590760808903724,0.21031385200008107,tvm
128,2,1,1,14336,64,[128; 2; 1; 1; 14336; 64],0.7419776070164517,0.07537161877190365,tvm
2,2,16,1,2048,128,[2; 2; 16; 1; 2048; 128],0.31963280809577554,0.17496343277932883,tvm
16,4,64,1,7168,16,[16; 4; 64; 1; 7168; 16],0.27130544907413423,0.20612948808872647,tvm
8,2,8,1,64,16,[8; 2; 8; 1; 64; 16],0.23313924204558134,0.2398740462680219,tvm
8,1,4,1,128,64,[8; 1; 4; 1; 128; 64],0.15580528799910098,0.35893552812954604,tvm
512,2,64,1,3584,64,[512; 2; 64; 1; 3584; 64],0.7566395229659975,0.07391109192143866,tvm
128,64,1,1,256,16,[128; 64; 1; 1; 256; 16],0.47103612194769084,0.11872561514410516,tvm
32,4,16,1,7168,16,[32; 4; 16; 1; 7168; 16],0.3175087929703295,0.17613387273516962,tvm
8,4,16,1,1792,128,[8; 4; 16; 1; 1792; 128],0.14391792402602732,0.38858296290613226,tvm
4,1,1,1,512,16,[4; 1; 1; 1; 512; 16],0.20723474398255348,0.2698584815393765,tvm
1024,4,4,1,128,16,[1024; 4; 4; 1; 128; 16],1.088726356974803,0.051366491657947086,tvm
8,1,16,1,512,64,[8; 1; 16; 1; 512; 64],0.12447659706231207,0.4492736357930653,tvm
1024,4,32,1,128,128,[1024; 4; 32; 1; 128; 128],0.8205056519946083,0.06815803547164452,tvm
64,4,16,1,14336,128,[64; 4; 16; 1; 14336; 128],0.22828506992664188,0.24497464223702503,tvm
512,1,8,1,1792,64,[512; 1; 8; 1; 1792; 64],0.7391308980295435,0.07566190708901743,tvm
128,64,64,1,7168,16,[128; 64; 64; 1; 7168; 16],0.4865470470394939,0.11494069005991496,tvm
8,8,64,1,448,16,[8; 8; 64; 1; 448; 16],0.1731669990113005,0.32294867759233875,tvm
2048,4,16,1,64,64,[2048; 4; 16; 1; 64; 64],0.8735130410641432,0.06402200162370188,tvm
32,1,16,1,3584,16,[32; 1; 16; 1; 3584; 16],0.40241619595326483,0.13897068233264684,tvm
1024,64,2,1,512,16,[1024; 64; 2; 1; 512; 16],0.9549490669742227,0.058562341456105026,tvm
8,1,4,1,3584,128,[8; 1; 4; 1; 3584; 128],0.19930899795144796,0.2805897069782897,tvm
4,4,16,1,256,16,[4; 4; 16; 1; 256; 16],0.17927310394588858,0.31194893211763286,tvm
32,8,1,1,7168,128,[32; 8; 1; 1; 7168; 128],0.27581712196115404,0.2027577292362932,tvm
64,16,1,1,256,64,[64; 16; 1; 1; 256; 64],0.23471454402897507,0.23826411594856098,tvm
16,4,1,1,1024,64,[16; 4; 1; 1; 1024; 64],0.23611515597440302,0.2368507565833512,tvm
16,16,64,1,64,16,[16; 16; 64; 1; 64; 16],0.19971515296492726,0.2800190796897338,tvm
64,32,4,1,128,128,[64; 32; 4; 1; 128; 128],0.21005507500376552,0.26623519251953714,tvm
32,2,64,1,16,16,[32; 2; 64; 1; 16; 16],0.23683589790016413,0.23612996943946216,tvm
256,4,8,1,7168,64,[256; 4; 8; 1; 7168; 64],0.728151501971297,0.07680277137646803,tvm
1024,1,8,1,128,128,[1024; 1; 8; 1; 128; 128],0.8766246979357675,0.0637947498684677,tvm
1024,4,8,1,512,16,[1024; 4; 8; 1; 512; 16],0.9584915019804612,0.0583459041814993,tvm
2048,8,16,1,3584,128,[2048; 8; 16; 1; 3584; 128],0.7939884380903095,0.0704343421773762,tvm
2048,1,32,1,256,16,[2048; 1; 32; 1; 256; 16],1.2451973229181021,0.04491180016535541,tvm
1024,32,32,1,2048,128,[1024; 32; 32; 1; 2048; 128],0.7603978919796646,0.0735457763931162,tvm
256,8,64,1,256,16,[256; 8; 64; 1; 256; 16],1.1086092949844897,0.05044523222594463,tvm
2,2,2,1,512,16,[2; 2; 2; 1; 512; 16],0.21375032502692193,0.26163260021377593,tvm
64,64,4,1,3584,64,[64; 64; 4; 1; 3584; 64],0.2884269739734009,0.19389328453895135,tvm
128,16,1,1,64,64,[128; 16; 1; 1; 64; 64],0.23967221891507506,0.23333556799567723,tvm
128,8,2,1,256,64,[128; 8; 2; 1; 256; 64],0.25104827294126153,0.22276215119160786,tvm
512,4,32,1,224,16,[512; 4; 32; 1; 224; 16],1.018100685090758,0.05492978656462452,tvm
16,1,2,1,1792,128,[16; 1; 2; 1; 1792; 128],0.20779970206785947,0.2691248003573685,tvm
32,4,8,1,128,64,[32; 4; 8; 1; 128; 64],0.23688151000533253,0.23608450204523945,tvm
1024,2,4,1,256,16,[1024; 2; 4; 1; 256; 16],1.3534649970242754,0.04131917224035185,tvm
8,8,1,1,64,64,[8; 8; 1; 1; 64; 64],0.12401289097033441,0.4509535492299033,tvm
1024,64,2,1,1792,16,[1024; 64; 2; 1; 1792; 16],0.9572640060214326,0.05842072091038303,tvm
256,32,32,1,3584,16,[256; 32; 32; 1; 3584; 16],0.9569942830130458,0.05843718643465603,tvm
32,16,32,1,1024,128,[32; 16; 32; 1; 1024; 128],0.20258589007426053,0.2760510779543118,tvm
256,8,1,1,7168,64,[256; 8; 1; 1; 7168; 64],0.7530746130505577,0.0742609727697445,tvm
2048,1,32,1,7168,128,[2048; 1; 32; 1; 7168; 128],0.883050489006564,0.0633305275627537,tvm
64,64,16,1,224,16,[64; 64; 16; 1; 224; 16],0.335643304977566,0.16661751479616502,tvm
16,4,1,1,1024,16,[16; 4; 1; 1; 1024; 16],0.20235550205688924,0.27636537067132044,tvm
1024,16,32,1,512,64,[1024; 16; 32; 1; 512; 64],0.8107391688972712,0.06897909399073264,tvm
4096,2,64,1,1792,64,[4096; 2; 64; 1; 1792; 64],1.0471494270022959,0.05340599143851771,tvm
2048,16,8,1,256,64,[2048; 16; 8; 1; 256; 64],0.9248105679871514,0.06047081993780838,tvm
2,2,2,1,1024,128,[2; 2; 2; 1; 1024; 128],0.21163756295572966,0.2642444590284359,tvm
1024,1,64,1,1024,16,[1024; 1; 64; 1; 1024; 16],1.0354804350063205,0.054007831961587933,tvm
512,64,1,1,32,16,[512; 64; 1; 1; 32; 16],1.2707455419003963,0.044008852669039526,tvm
128,2,4,1,896,16,[128; 2; 4; 1; 896; 16],0.5044955409830436,0.11085143235232871,tvm
2048,4,64,1,1792,16,[2048; 4; 64; 1; 1792; 16],1.165202292962931,0.04799514528170643,tvm
4096,8,2,1,3584,64,[4096; 8; 2; 1; 3584; 64],1.79435000999365,0.031166747302289837,tvm
1024,8,2,1,112,16,[1024; 8; 2; 1; 112; 16],1.0831690880004317,0.05163003076146783,tvm
2048,4,8,1,3584,128,[2048; 4; 8; 1; 3584; 128],0.8410864640027285,0.06649025483918847,tvm
16,4,4,1,7168,16,[16; 4; 4; 1; 7168; 16],0.29403175599873066,0.19019732458277316,tvm
64,16,64,1,112,16,[64; 16; 64; 1; 112; 16],0.31596784200519323,0.17699286414221282,tvm
1024,64,32,1,1024,128,[1024; 64; 32; 1; 1024; 128],0.7502908790484071,0.07453649630428899,tvm
512,8,64,1,128,16,[512; 8; 64; 1; 128; 16],1.214861263986677,0.04603328379226901,tvm
2048,64,16,1,896,16,[2048; 64; 16; 1; 896; 16],1.4160507660126314,0.03949297205693153,tvm
2048,64,4,1,2048,128,[2048; 64; 4; 1; 2048; 128],0.7442442970350385,0.07514206498608947,tvm
2048,32,64,1,896,128,[2048; 32; 64; 1; 896; 128],0.8735903389751911,0.06401633676368015,tvm
4,2,1,1,128,128,[4; 2; 1; 1; 128; 128],0.13744590093847364,0.4068804740737027,tvm
128,16,2,1,2048,64,[128; 16; 2; 1; 2048; 64],0.2784133870154619,0.20086696955497885,tvm
512,16,8,1,7168,64,[512; 16; 8; 1; 7168; 64],0.7419568349141628,0.07537372890405843,tvm
4096,32,8,1,1024,16,[4096; 32; 8; 1; 1024; 16],2.1042171790031716,0.026577129913855267,tvm
512,4,32,1,512,64,[512; 4; 32; 1; 512; 64],0.732679835986346,0.07632809118876245,tvm
4096,1,8,1,112,16,[4096; 1; 8; 1; 112; 16],2.1771190189756453,0.025687182393751777,tvm
2048,2,16,1,2048,16,[2048; 2; 16; 1; 2048; 16],1.0664440779946744,0.05243974296194892,tvm
4096,64,32,1,896,64,[4096; 64; 32; 1; 896; 64],1.1668171910569072,0.04792871905039137,tvm
16,8,32,1,256,64,[16; 8; 32; 1; 256; 64],0.14089494396466762,0.39692022836076696,tvm
64,2,8,1,128,64,[64; 2; 8; 1; 128; 64],0.2306342599913478,0.24247938417922524,tvm
1024,8,1,1,2048,16,[1024; 8; 1; 1; 2048; 16],0.9720062899868935,0.05753466197640286,tvm
1024,32,8,1,2048,16,[1024; 32; 8; 1; 2048; 16],0.960297935991548,0.058236148634006384,tvm
2048,2,64,1,256,16,[2048; 2; 64; 1; 256; 16],1.2804396799765527,0.04367566407685632,tvm
64,2,1,1,1792,128,[64; 2; 1; 1; 1792; 128],0.20302197698038071,0.27545812608621,tvm
2048,32,8,1,2048,64,[2048; 32; 8; 1; 2048; 64],0.8700366000412032,0.06427781696848717,tvm
32,2,16,1,1024,128,[32; 2; 16; 1; 1024; 128],0.19738685293123126,0.2833220779542852,tvm
64,4,1,1,512,64,[64; 4; 1; 1; 512; 64],0.23017422598786652,0.24296401168861248,tvm
64,16,64,1,14336,64,[64; 16; 64; 1; 14336; 64],0.21892811194993556,0.25544482540516333,tvm
2048,8,64,1,896,128,[2048; 8; 64; 1; 896; 128],0.8529892860678956,0.06556243348744938,tvm
512,64,4,1,256,16,[512; 64; 4; 1; 256; 16],1.2466417009709403,0.04485976466997468,tvm
1,1,64,1,14336,16,[1; 1; 64; 1; 14336; 16],1.6585152969928458,0.03371934731909474,tvm
4096,8,8,1,128,64,[4096; 8; 8; 1; 128; 64],1.2982063060626388,0.043077939979314035,tvm
16,8,64,1,224,16,[16; 8; 64; 1; 224; 16],0.1894837940344587,0.2951389780762107,tvm
128,1,64,1,512,16,[128; 1; 64; 1; 512; 16],0.526207877905108,0.10627749161790051,tvm
2048,64,64,1,2048,64,[2048; 64; 64; 1; 2048; 64],0.8361414410173893,0.06688348476698726,tvm
256,1,2,1,1792,64,[256; 1; 2; 1; 1792; 64],0.7199885109439492,0.07767353573463757,tvm
1024,32,64,1,32,16,[1024; 32; 64; 1; 32; 16],1.0991022430825979,0.05088157510850483,tvm
8,1,2,1,256,128,[8; 1; 2; 1; 256; 128],0.26250798092223704,0.21303753560886884,tvm
64,64,2,1,112,16,[64; 64; 2; 1; 112; 16],0.517819477012381,0.10799913061593124,tvm
2,2,32,1,256,16,[2; 2; 32; 1; 256; 16],0.3380483619403094,0.16543210862594884,tvm
32,32,4,1,1792,128,[32; 32; 4; 1; 1792; 128],0.263177628046833,0.21249546835866132,tvm
128,2,8,1,2048,16,[128; 2; 8; 1; 2048; 16],0.49267083196900785,0.11351200376492213,tvm
1024,16,64,1,256,16,[1024; 16; 64; 1; 256; 16],1.0751251199981198,0.052016320978000345,tvm
128,1,32,1,1792,128,[128; 1; 32; 1; 1792; 128],0.2164483480155468,0.2583713567050024,tvm
64,32,64,1,14336,16,[64; 32; 64; 1; 14336; 16],0.3442441140068695,0.16245463918728717,tvm
128,16,32,1,3584,16,[128; 16; 32; 1; 3584; 16],0.5001022099750116,0.11182524735519098,tvm
2,2,2,1,512,64,[2; 2; 2; 1; 512; 64],0.21580145799089223,0.2591458549631003,tvm
64,2,1,1,32,16,[64; 2; 1; 1; 32; 16],0.44371863396372646,0.1260349443379587,tvm
4,1,8,1,512,128,[4; 1; 8; 1; 512; 128],0.14922340295743197,0.37476731012015885,tvm
64,4,4,1,7168,16,[64; 4; 4; 1; 7168; 16],0.6072606280213222,0.0920923418262014,tvm
512,64,32,1,14336,64,[512; 64; 32; 1; 14336; 64],0.7678512029815465,0.0728318886734587,tvm
512,64,8,1,1024,128,[512; 64; 8; 1; 1024; 128],0.7406651569763198,0.07550517640337888,tvm
512,2,64,1,512,16,[512; 2; 64; 1; 512; 16],0.990812159026973,0.056442639327573,tvm
64,8,32,1,16,16,[64; 8; 32; 1; 16; 16],0.3178812999976799,0.17592747146101864,tvm
16,1,64,1,1792,16,[16; 1; 64; 1; 1792; 16],0.17464099102653563,0.3202229499764807,tvm
2,1,64,1,7168,16,[2; 1; 64; 1; 7168; 16],0.8468555730069056,0.06603729740452131,tvm
2048,4,64,1,1024,128,[2048; 4; 64; 1; 1024; 128],0.7984637659974396,0.07003956311464316,tvm
1024,64,1,1,3584,64,[1024; 64; 1; 1; 3584; 64],0.7643424730049446,0.07316622496912004,tvm
128,8,2,1,64,16,[128; 8; 2; 1; 64; 16],0.4768265320453793,0.11728385392784954,tvm
1024,1,64,1,256,16,[1024; 1; 64; 1; 256; 16],1.1606621210230514,0.048182888301756384,tvm
1024,16,64,1,14336,64,[1024; 16; 64; 1; 14336; 64],0.8117802810156718,0.06889062797061671,tvm
4096,2,64,1,224,16,[4096; 2; 64; 1; 224; 16],1.7334924399619922,0.03226091561989131,tvm
2048,4,1,1,3584,64,[2048; 4; 1; 1; 3584; 64],0.8948024669662118,0.0624987697261736,tvm
4096,16,1,1,64,64,[4096; 16; 1; 1; 64; 64],1.0842087810160592,0.05158052057180765,tvm
32,32,4,1,64,64,[32; 32; 4; 1; 64; 64],0.15259332302957773,0.36649082818973255,tvm
256,1,64,1,448,16,[256; 1; 64; 1; 448; 16],0.97966723900754,0.057084743785030166,tvm
32,1,8,1,64,16,[32; 1; 8; 1; 64; 16],0.4279658099403605,0.13067411469417772,tvm
256,64,16,1,512,64,[256; 64; 16; 1; 512; 64],0.7390608569839969,0.07566907759335477,tvm
4096,8,2,1,128,64,[4096; 8; 2; 1; 128; 64],0.9817403790075332,0.0569641979989337,tvm
128,2,4,1,16,16,[128; 2; 4; 1; 16; 16],0.4933322169817984,0.11335982408664923,tvm
2048,8,64,1,1792,64,[2048; 8; 64; 1; 1792; 64],0.8960034850751981,0.06241499532631823,tvm
512,64,1,1,1792,64,[512; 64; 1; 1; 1792; 64],0.7362374400254339,0.07595926299455974,tvm
128,1,4,1,64,64,[128; 1; 4; 1; 64; 64],0.24210006592329592,0.23099561381801376,tvm
128,1,2,1,256,16,[128; 1; 2; 1; 256; 16],0.4982331480132416,0.11224474637293108,tvm
16,8,2,1,512,128,[16; 8; 2; 1; 512; 128],0.20751026994548738,0.2695001714759684,tvm
512,16,32,1,14336,128,[512; 16; 32; 1; 14336; 128],0.7602711369981989,0.07355803819429464,tvm
1024,8,16,1,128,16,[1024; 8; 16; 1; 128; 16],1.2225947739789262,0.045742100754552456,tvm
128,2,4,1,7168,128,[128; 2; 4; 1; 7168; 128],0.3922789170173928,0.1425619652428422,tvm
8,1,32,1,7168,64,[8; 1; 32; 1; 7168; 64],0.20280065201222897,0.2757587452428954,tvm
128,16,1,1,256,128,[128; 16; 1; 1; 256; 128],0.22746743995230645,0.2458552017161623,tvm
4096,2,2,1,2048,128,[4096; 2; 2; 1; 2048; 128],0.899812921998091,0.06215075596953027,tvm
32,8,4,1,896,128,[32; 8; 4; 1; 896; 128],0.19901886500883847,0.2809987552227762,tvm
256,32,1,1,14336,128,[256; 32; 1; 1; 14336; 128],0.7439991460414603,0.07516682462726496,tvm
64,2,4,1,1024,128,[64; 2; 4; 1; 1024; 128],0.19258439599070698,0.290387250979731,tvm
256,64,64,1,112,16,[256; 64; 64; 1; 112; 16],1.04230983403977,0.05365396306066082,tvm
8,4,16,1,896,16,[8; 4; 16; 1; 896; 16],0.1744333360111341,0.3206041609487059,tvm
16,1,4,1,1024,64,[16; 1; 4; 1; 1024; 64],0.21986638696398586,0.25435472018055083,tvm
4096,64,1,1,2048,128,[4096; 64; 1; 1; 2048; 128],0.8754343420732766,0.06388149361480305,tvm
512,1,16,1,1792,16,[512; 1; 16; 1; 1792; 16],0.980222491081804,0.057052407838157036,tvm
1024,64,64,1,448,16,[1024; 64; 64; 1; 448; 16],1.0312292790040374,0.054230474708151094,tvm
128,1,1,1,128,16,[128; 1; 1; 1; 128; 16],0.48149648192338645,0.11614633841131931,tvm
16,1,8,1,448,16,[16; 1; 8; 1; 448; 16],0.17475386802107096,0.320016111612421,tvm
4096,1,8,1,2048,128,[4096; 1; 8; 1; 2048; 128],1.0976142729632556,0.050950552221185885,tvm
64,2,16,1,512,16,[64; 2; 16; 1; 512; 16],0.47386731405276805,0.11801627095787798,tvm
64,4,8,1,448,16,[64; 4; 8; 1; 448; 16],0.4681746040005237,0.11945127492065072,tvm
256,8,4,1,3584,64,[256; 8; 4; 1; 3584; 64],0.7230851320782676,0.07734089784504108,tvm
32,8,8,1,1792,128,[32; 8; 8; 1; 1792; 128],0.1947268130024895,0.2871923618069915,tvm
8,2,2,1,128,128,[8; 2; 2; 1; 128; 128],0.14976612804457545,0.37340922185481384,tvm
2048,8,32,1,896,128,[2048; 8; 32; 1; 896; 128],0.8048590319231153,0.06948304127209635,tvm
512,4,8,1,256,128,[512; 4; 8; 1; 256; 128],0.9502670280635357,0.05885088262748205,tvm
128,32,4,1,14336,128,[128; 32; 4; 1; 14336; 128],0.37508083903230727,0.14909866757687498,tvm
4096,1,16,1,1024,16,[4096; 1; 16; 1; 1024; 16],2.1125769109930843,0.026471960875045466,tvm
2048,4,2,1,1024,16,[2048; 4; 2; 1; 1024; 16],0.9728374759433791,0.057485504738705416,tvm
2048,64,1,1,128,16,[2048; 64; 1; 1; 128; 16],1.0748954799491912,0.05202743371474293,tvm
4096,32,64,1,128,128,[4096; 32; 64; 1; 128; 128],0.9507078740280122,0.05882359330463014,tvm
4096,4,8,1,896,64,[4096; 4; 8; 1; 896; 64],1.2211668740492314,0.045795586599803845,tvm
2048,32,4,1,7168,128,[2048; 32; 4; 1; 7168; 128],1.3179793760646135,0.042431660425763504,tvm
2048,16,2,1,14336,64,[2048; 16; 2; 1; 14336; 64],2.096733700018376,0.026671986687123506,tvm
4096,4,4,1,14336,16,[4096; 4; 4; 1; 14336; 16],2.485032216995023,0.022504357469038533,tvm
8,1,4,1,128,16,[8; 1; 4; 1; 128; 16],0.1480553779983893,0.377723890137525,tvm
1,1,16,1,3584,64,[1; 1; 16; 1; 3584; 64],0.41877281200140715,0.13354270318089662,tvm
2048,32,32,1,1792,64,[2048; 32; 32; 1; 1792; 64],0.8296361810062081,0.06740792483942412,tvm
32,32,8,1,3584,64,[32; 32; 8; 1; 3584; 64],0.1976912149693817,0.2828858800933305,tvm
2,2,64,1,512,16,[2; 2; 64; 1; 512; 16],0.569699791027233,0.09816407556073692,tvm
64,1,16,1,1024,128,[64; 1; 16; 1; 1024; 128],0.19171404908411205,0.2917055562724951,tvm
4,2,8,1,896,128,[4; 2; 8; 1; 896; 128],0.15976338705513626,0.3500429877217943,tvm
512,32,4,1,256,128,[512; 32; 4; 1; 256; 128],1.0490109579404816,0.05331121940149107,tvm
128,64,32,1,448,64,[128; 64; 32; 1; 448; 64],0.2338737640529871,0.23912067931083977,tvm
64,4,16,1,16,16,[64; 4; 16; 1; 16; 16],0.48245588003192097,0.1159153730899356,tvm
4,1,8,1,1024,64,[4; 1; 8; 1; 1024; 64],0.1654715520562604,0.3379677814003892,tvm
1024,64,16,1,7168,16,[1024; 64; 16; 1; 7168; 16],0.9756013649748638,0.057322647693071035,tvm
16,16,64,1,1792,64,[16; 16; 64; 1; 1792; 64],0.13397024595178664,0.41743637130784506,tvm
256,64,4,1,14336,128,[256; 64; 4; 1; 14336; 128],0.7328779379604384,0.07630745917794592,tvm
2,2,2,1,64,64,[2; 2; 2; 1; 64; 64],0.1674134930362925,0.3340474672564769,tvm
1,1,4,1,32,16,[1; 1; 4; 1; 32; 16],0.3613002479542047,0.1547855382053925,tvm
2,1,2,1,7168,16,[2; 1; 2; 1; 7168; 16],0.4262454640120268,0.13120152131813748,tvm
256,32,8,1,448,16,[256; 32; 8; 1; 448; 16],0.9533582909498364,0.058660058725262545,tvm
128,2,1,1,512,16,[128; 2; 1; 1; 512; 16],0.4935401090187952,0.11331207395588513,tvm
8,1,2,1,64,16,[8; 1; 2; 1; 64; 16],0.16196909500285983,0.34527607462612486,tvm
128,4,4,1,256,64,[128; 4; 4; 1; 256; 64],0.2436675230273977,0.22950967218986051,tvm
32,1,1,1,1792,64,[32; 1; 1; 1; 1792; 64],0.21161577699240297,0.26427166314419465,tvm
1,1,32,1,3584,16,[1; 1; 32; 1; 3584; 16],0.7825193509925157,0.07146667141509222,tvm
512,8,16,1,256,128,[512; 8; 16; 1; 256; 128],0.846092318999581,0.06609686919207339,tvm
256,64,2,1,256,16,[256; 64; 2; 1; 256; 16],1.3387686760397628,0.04177275307842079,tvm
2,1,64,1,3584,64,[2; 1; 64; 1; 3584; 64],0.33367302105762064,0.16760136362261077,tvm
128,1,64,1,1024,128,[128; 1; 64; 1; 1024; 128],0.20561949093826115,0.27197836682770976,tvm
512,1,4,1,256,64,[512; 1; 4; 1; 256; 64],1.09787169797346,0.0509386055188074,tvm
64,2,64,1,1792,16,[64; 2; 64; 1; 1792; 16],0.4871681530494243,0.11479414855687357,tvm
128,1,8,1,1792,128,[128; 1; 8; 1; 1792; 128],0.22942292504012585,0.2437596562050295,tvm
16,1,64,1,448,64,[16; 1; 64; 1; 448; 64],0.22501010994892567,0.24854018046579043,tvm
256,4,2,1,128,16,[256; 4; 2; 1; 128; 16],1.0592951589496806,0.05279364571889814,tvm
32,1,64,1,896,16,[32; 1; 64; 1; 896; 16],0.4343814270105213,0.12874411716497902,tvm
1024,2,32,1,448,16,[1024; 2; 32; 1; 448; 16],1.030226768925786,0.05428324619408323,tvm
1024,1,16,1,64,64,[1024; 1; 16; 1; 64; 64],0.9369187009287998,0.05968933406697283,tvm
512,8,2,1,112,16,[512; 8; 2; 1; 112; 16],1.0891405940055847,0.05134695524262736,tvm
2048,32,16,1,1024,16,[2048; 32; 16; 1; 1024; 16],1.0032600830309093,0.05574232871339144,tvm
2048,4,8,1,448,64,[2048; 4; 8; 1; 448; 64],0.8122134000295773,0.06885389151582186,tvm
64,4,4,1,64,16,[64; 4; 4; 1; 64; 16],0.4692503509577364,0.11917743528415646,tvm
2048,1,1,1,896,64,[2048; 1; 1; 1; 896; 64],0.7635568379191682,0.07324150679566513,tvm
8,4,2,1,7168,16,[8; 4; 2; 1; 7168; 16],0.21082579100038856,0.26526191633371016,tvm
32,32,4,1,1792,16,[32; 32; 4; 1; 1792; 16],0.25369573500938714,0.22043749900353687,tvm
4,4,1,1,2048,64,[4; 4; 1; 1; 2048; 64],0.23470855806954205,0.23827019258822058,tvm
4096,16,16,1,7168,16,[4096; 16; 16; 1; 7168; 16],2.03431953699328,0.027490299491489407,tvm
4096,4,4,1,256,128,[4096; 4; 4; 1; 256; 128],1.2419119980186224,0.045030608789154124,tvm
2048,8,64,1,256,16,[2048; 8; 64; 1; 256; 16],1.2369396700523794,0.04521162566559546,tvm
16,2,64,1,2048,64,[16; 2; 64; 1; 2048; 64],0.1286547880154103,0.43468303198039343,tvm
256,4,16,1,2048,64,[256; 4; 16; 1; 2048; 64],0.7311142729595304,0.07649153545717868,tvm
8,2,2,1,14336,64,[8; 2; 2; 1; 14336; 64],0.18681579106487334,0.2993539947268871,tvm
16,1,32,1,16,16,[16; 1; 32; 1; 16; 16],0.19873073499184102,0.2814061616368969,tvm
256,32,2,1,1792,128,[256; 32; 2; 1; 1792; 128],0.718990204972215,0.07778138415042037,tvm
1024,64,32,1,256,128,[1024; 64; 32; 1; 256; 128],0.874439564999193,0.06395416627035277,tvm
64,64,1,1,1024,128,[64; 64; 1; 1; 1024; 128],0.21526253793854266,0.259794638997054,tvm
32,32,1,1,1792,64,[32; 32; 1; 1; 1792; 64],0.21730972500517964,0.2573472187312389,tvm
512,16,2,1,256,16,[512; 16; 2; 1; 256; 16],1.414703574962914,0.039530580344224665,tvm
1024,32,32,1,16,16,[1024; 32; 32; 1; 16; 16],1.213344237068668,0.04609083854755093,tvm
8,8,4,1,2048,16,[8; 8; 4; 1; 2048; 16],0.13474878703709692,0.4150245398345382,tvm
2048,8,32,1,16,16,[2048; 8; 32; 1; 16; 16],1.366183731937781,0.04093450392211246,tvm
16,2,2,1,1024,128,[16; 2; 2; 1; 1024; 128],0.22334612801205367,0.25039186410393105,tvm
128,2,4,1,1024,128,[128; 2; 4; 1; 1024; 128],0.256271181977354,0.21822216958547916,tvm
1024,16,8,1,14336,64,[1024; 16; 8; 1; 14336; 64],1.0120183479739353,0.05525992038118035,tvm
2048,64,32,1,2048,64,[2048; 64; 32; 1; 2048; 64],0.828409108100459,0.06750777217016254,tvm
4096,4,32,1,3584,128,[4096; 4; 32; 1; 3584; 128],1.1016811759909615,0.05076246608555301,tvm
128,4,2,1,7168,128,[128; 4; 2; 1; 7168; 128],0.5604142640950158,0.09979056015578443,tvm
256,64,32,1,256,16,[256; 64; 32; 1; 256; 16],1.0721382410265505,0.05216123368548742,tvm
512,8,4,1,224,16,[512; 8; 4; 1; 224; 16],1.0085041599813849,0.055452476600954814,tvm
256,16,8,1,2048,16,[256; 16; 8; 1; 2048; 16],0.9495398360304534,0.058895952767104076,tvm
1024,2,4,1,1792,128,[1024; 2; 4; 1; 1792; 128],0.7314351240638644,0.07645798170399375,tvm
256,32,16,1,3584,128,[256; 32; 16; 1; 3584; 128],0.7391536140348762,0.07565958181284711,tvm
8,2,4,1,3584,16,[8; 2; 4; 1; 3584; 16],0.18808878492563963,0.29732795262323986,tvm
2,2,32,1,3584,16,[2; 2; 32; 1; 3584; 16],0.48623549507465214,0.1150143374965813,tvm
2048,32,64,1,14336,16,[2048; 32; 64; 1; 14336; 16],1.12377308588475,0.049764542358036776,tvm
256,8,8,1,7168,128,[256; 8; 8; 1; 7168; 128],0.73077105905395,0.07652746046857978,tvm
4096,16,2,1,128,16,[4096; 16; 2; 1; 128; 16],1.2525898610474542,0.04464673958526849,tvm
1024,4,8,1,2048,64,[1024; 4; 8; 1; 2048; 64],0.7371968700317666,0.07586040528213787,tvm
256,1,2,1,32,16,[256; 1; 2; 1; 32; 16],1.200162278022617,0.046597076376599336,tvm
128,1,16,1,3584,64,[128; 1; 16; 1; 3584; 64],0.26292936701793224,0.21269610910187609,tvm
128,32,2,1,14336,16,[128; 32; 2; 1; 14336; 16],0.7603721069172025,0.07354827041205886,tvm
512,4,64,1,1792,64,[512; 4; 64; 1; 1792; 64],0.7779384009772912,0.07188750839793781,tvm
4096,2,4,1,224,16,[4096; 2; 4; 1; 224; 16],2.137157007935457,0.02616749874982618,tvm
32,4,16,1,448,16,[32; 4; 16; 1; 448; 16],0.2275724980281666,0.24574170349183241,tvm
1024,1,16,1,1792,64,[1024; 1; 16; 1; 1792; 64],0.7790193409891799,0.0717877598036556,tvm
128,1,2,1,7168,16,[128; 1; 2; 1; 7168; 16],0.7714116759598255,0.07249573097756147,tvm
2048,64,64,1,896,128,[2048; 64; 64; 1; 896; 128],0.8722000390989706,0.06411837975965454,tvm
2048,32,4,1,64,64,[2048; 32; 4; 1; 64; 64],0.8794188209576532,0.06359205875584309,tvm
128,1,2,1,7168,64,[128; 1; 2; 1; 7168; 64],0.5648694300325587,0.09900350481014684,tvm
2048,1,4,1,1792,64,[2048; 1; 4; 1; 1792; 64],0.7562380169983953,0.0739503331970839,tvm
512,32,2,1,448,16,[512; 32; 2; 1; 448; 16],0.9506820290116593,0.058825192468898,tvm
1024,1,4,1,7168,64,[1024; 1; 4; 1; 7168; 64],0.8003809159854427,0.06987179756088847,tvm
4,4,8,1,896,16,[4; 4; 8; 1; 896; 16],0.13489090302027762,0.41458728558534813,tvm
16,1,16,1,2048,64,[16; 1; 16; 1; 2048; 64],0.2184308550786227,0.2560263444155078,tvm
256,16,4,1,896,16,[256; 16; 4; 1; 896; 16],0.9631727630039677,0.05806232846422689,tvm
512,1,16,1,14336,16,[512; 1; 16; 1; 14336; 16],0.9720681490143761,0.05753100067113326,tvm
2,1,16,1,512,64,[2; 1; 16; 1; 512; 64],0.23956864699721336,0.2334364451871861,tvm
128,4,8,1,256,64,[128; 4; 8; 1; 256; 64],0.2418806441128254,0.23120516128296534,tvm
256,8,1,1,128,128,[256; 8; 1; 1; 128; 128],0.9036546190036461,0.06188653513993458,tvm
2,2,4,1,1024,64,[2; 2; 4; 1; 1024; 64],0.21306023991201073,0.2624800073276401,tvm
32,32,4,1,112,16,[32; 32; 4; 1; 112; 16],0.2692447720328346,0.20770710944951368,tvm
4096,8,8,1,7168,64,[4096; 8; 8; 1; 7168; 64],1.6559418980032206,0.03377174851410431,tvm
4,2,32,1,128,128,[4; 2; 32; 1; 128; 128],0.13562675705179572,0.4123379084554532,tvm
256,64,16,1,1024,64,[256; 64; 16; 1; 1024; 64],0.7501182840205729,0.07455364643771241,tvm
1024,1,1,1,2048,16,[1024; 1; 1; 1; 2048; 16],0.9798239439260215,0.05707561412436325,tvm
16,16,8,1,7168,16,[16; 16; 8; 1; 7168; 16],0.18024497898295522,0.31026691366876724,tvm
64,8,4,1,1024,64,[64; 8; 4; 1; 1024; 64],0.21440090192481875,0.260838703714705,tvm
64,2,8,1,1792,16,[64; 2; 8; 1; 1792; 16],0.4615627919556573,0.12116239503704623,tvm
4,4,64,1,1024,16,[4; 4; 64; 1; 1024; 16],0.3771253499435261,0.1482903584755251,tvm
8,8,4,1,1792,16,[8; 8; 4; 1; 1792; 16],0.12830434704665095,0.4358702929449426,tvm
16,4,4,1,448,64,[16; 4; 4; 1; 448; 64],0.1979851609794423,0.28246588308272347,tvm
512,32,64,1,128,128,[512; 32; 64; 1; 128; 128],0.8465006070910022,0.06606498904414994,tvm
4096,8,2,1,1024,128,[4096; 8; 2; 1; 1024; 128],0.9712252860190347,0.05758092806928557,tvm
2048,16,64,1,1024,16,[2048; 16; 64; 1; 1024; 16],1.1787617149529979,0.04744305199593563,tvm
64,4,64,1,3584,128,[64; 4; 64; 1; 3584; 128],0.20342235104180872,0.2749159718532574,tvm
8,8,16,1,256,64,[8; 8; 16; 1; 256; 64],0.12936219898983836,0.43230598868937187,tvm
128,32,16,1,2048,128,[128; 32; 16; 1; 2048; 128],0.22274657199159265,0.2510658316009646,tvm
512,16,16,1,128,64,[512; 16; 16; 1; 128; 64],0.9097901259083301,0.061469180353544754,tvm
4,1,8,1,448,16,[4; 1; 8; 1; 448; 16],0.1504301050445065,0.37176104687813355,tvm
4096,2,4,1,128,16,[4096; 2; 4; 1; 128; 16],2.288099741912447,0.024441265522188605,tvm
256,2,16,1,512,16,[256; 2; 16; 1; 512; 16],0.9638095680857077,0.05802396571389944,tvm
64,8,1,1,1792,128,[64; 8; 1; 1; 1792; 128],0.20295789709780365,0.2755450964609868,tvm
1024,32,1,1,64,16,[1024; 32; 1; 1; 64; 16],1.1562469160417095,0.048366877833312186,tvm
2048,16,64,1,1792,64,[2048; 16; 64; 1; 1792; 64],0.886999070062302,0.06304860424420206,tvm
8,8,4,1,14336,64,[8; 8; 4; 1; 14336; 64],0.16677605092991143,0.3353242448271888,tvm
256,32,32,1,1024,128,[256; 32; 32; 1; 1024; 128],0.7289459219900891,0.07671907016182428,tvm
256,1,8,1,128,128,[256; 1; 8; 1; 128; 128],0.8277571490034461,0.06756094272415702,tvm
512,32,16,1,7168,64,[512; 32; 16; 1; 7168; 64],0.7672053049318492,0.07289320469219261,tvm
128,16,2,1,7168,64,[128; 16; 2; 1; 7168; 64],0.5602274660486728,0.0998238335720488,tvm
512,32,8,1,32,16,[512; 32; 8; 1; 32; 16],1.3577923550037667,0.041187485794304826,tvm
128,64,2,1,1792,64,[128; 64; 2; 1; 1792; 64],0.2770046149380505,0.20188852574113333,tvm
16,16,8,1,64,16,[16; 16; 8; 1; 64; 16],0.18232383497525007,0.3067292509557232,tvm
128,4,32,1,512,16,[128; 4; 32; 1; 512; 16],0.49331615795381367,0.1133635143136122,tvm
4096,32,16,1,3584,128,[4096; 32; 16; 1; 3584; 128],1.2545160060981289,0.044578190363048206,tvm
32,1,4,1,3584,64,[32; 1; 4; 1; 3584; 64],0.21699554903898388,0.25771981766910074,tvm
256,32,8,1,1024,64,[256; 32; 8; 1; 1024; 64],0.7482410420197994,0.07474069209351593,tvm
16,2,8,1,32,16,[16; 2; 8; 1; 32; 16],0.18660031002946198,0.29969968069454755,tvm
32,16,2,1,896,128,[32; 16; 2; 1; 896; 128],0.1990109810139984,0.28100988723531617,tvm
4096,2,32,1,1792,128,[4096; 2; 32; 1; 1792; 128],0.9976446640212089,0.05605608424538664,tvm
64,4,16,1,896,64,[64; 4; 16; 1; 896; 64],0.2173720799619332,0.2572733965793901,tvm
1024,16,1,1,2048,64,[1024; 16; 1; 1; 2048; 64],0.7542803820688277,0.07414226150220925,tvm
2048,2,8,1,7168,64,[2048; 2; 8; 1; 7168; 64],1.1325095520587638,0.04938064604547507,tvm
1024,2,2,1,14336,64,[1024; 2; 2; 1; 14336; 64],1.7242954770335928,0.032432987314646784,tvm
128,64,1,1,128,128,[128; 64; 1; 1; 128; 128],0.22635190503206104,0.24706685514933976,tvm
512,1,4,1,14336,64,[512; 1; 4; 1; 14336; 64],0.7461380760651082,0.07495134630879417,tvm
32,32,8,1,2048,128,[32; 32; 8; 1; 2048; 128],0.20124234491959214,0.2778940652658276,tvm
32,8,8,1,7168,16,[32; 8; 8; 1; 7168; 16],0.3045916659757495,0.18360336010567607,tvm
64,16,4,1,64,64,[64; 16; 4; 1; 64; 64],0.2350656210910529,0.23790826184519387,tvm
2048,4,1,1,16,16,[2048; 4; 1; 1; 16; 16],1.2294493089430034,0.045487075332461664,tvm
1024,1,16,1,128,16,[1024; 1; 16; 1; 128; 16],1.109192283009179,0.050418718368301654,tvm
512,16,8,1,128,16,[512; 16; 8; 1; 128; 16],1.1472744659986347,0.04874513901488668,tvm
1024,64,16,1,256,64,[1024; 64; 16; 1; 256; 64],0.8447476570727304,0.06620208160993861,tvm
2048,8,4,1,1792,16,[2048; 8; 4; 1; 1792; 16],1.0081070860615,0.05547431826098846,tvm
32,16,16,1,448,16,[32; 16; 16; 1; 448; 16],0.22737819491885602,0.24595169890099106,tvm
256,64,4,1,128,64,[256; 64; 4; 1; 128; 64],0.8889472859445959,0.0629104269933266,tvm
32,1,16,1,128,16,[32; 1; 16; 1; 128; 16],0.4071484350133687,0.1373554422025399,tvm
256,8,8,1,32,16,[256; 8; 8; 1; 32; 16],1.41963981394656,0.03939312830193596,tvm
128,16,32,1,896,64,[128; 16; 32; 1; 896; 64],0.23273346305359155,0.24029227511840745,tvm
2048,1,4,1,2048,64,[2048; 1; 4; 1; 2048; 64],0.7453671910334378,0.07502886363403743,tvm
2,1,8,1,112,16,[2; 1; 8; 1; 112; 16],0.29785878804977983,0.18775357846412438,tvm
128,1,2,1,2048,128,[128; 1; 2; 1; 2048; 128],0.25414422305766493,0.2200484931764286,tvm
256,1,2,1,1024,16,[256; 1; 2; 1; 1024; 16],0.944319662055932,0.05922152802746678,tvm
128,8,64,1,14336,16,[128; 8; 64; 1; 14336; 16],0.4863875820301473,0.11497837403642235,tvm
64,4,16,1,256,128,[64; 4; 16; 1; 256; 128],0.20713835605420172,0.2699840550955214,tvm
512,16,1,1,256,128,[512; 16; 1; 1; 256; 128],1.1333453219849616,0.04934423096694565,tvm
8,4,16,1,3584,16,[8; 4; 16; 1; 3584; 16],0.1764557110145688,0.3169296874087348,tvm
2048,2,64,1,1792,64,[2048; 2; 64; 1; 1792; 64],0.8530981560470536,0.06555406659471055,tvm
32,1,8,1,128,128,[32; 1; 8; 1; 128; 128],0.21413446695078164,0.2611632500347894,tvm
128,1,8,1,64,64,[128; 1; 8; 1; 64; 64],0.24306203797459602,0.23008139732284447,tvm
128,32,4,1,256,128,[128; 32; 4; 1; 256; 128],0.22642710502259433,0.2469848003742877,tvm
16,1,4,1,7168,128,[16; 1; 4; 1; 7168; 128],0.2271749529754743,0.24617173944951085,tvm
1024,64,1,1,2048,16,[1024; 64; 1; 1; 2048; 16],0.9817627379670739,0.05696290067917499,tvm
256,1,1,1,16,16,[256; 1; 1; 1; 16; 16],1.2014353859703988,0.04654769951541214,tvm
256,16,2,1,256,16,[256; 16; 2; 1; 256; 16],1.3975736770080402,0.04001510206821934,tvm
4096,8,16,1,7168,64,[4096; 8; 16; 1; 7168; 64],1.406493496033363,0.0397613309205141,tvm
128,4,4,1,128,16,[128; 4; 4; 1; 128; 16],0.483365899999626,0.11569714233746445,tvm
32,1,4,1,512,16,[32; 1; 4; 1; 512; 16],0.39231016603298485,0.142550609633275,tvm
8,1,4,1,448,16,[8; 1; 4; 1; 448; 16],0.14190319401677698,0.3941000322143667,tvm
8,8,1,1,256,64,[8; 8; 1; 1; 256; 64],0.1688262620009482,0.3312520970997939,tvm
2048,64,32,1,448,64,[2048; 64; 32; 1; 448; 64],0.80597589595709,0.06938675661872488,tvm
32,16,4,1,448,64,[32; 16; 4; 1; 448; 64],0.2224539170274511,0.2513961277042033,tvm
1024,2,1,1,896,128,[1024; 2; 1; 1; 896; 128],0.7410864909179509,0.07546224903393219,tvm
512,32,64,1,256,16,[512; 32; 64; 1; 256; 16],1.1231216819724068,0.049793405497363816,tvm
4096,32,16,1,896,128,[4096; 32; 16; 1; 896; 128],1.0863915040390566,0.05147688759108965,tvm
4096,8,4,1,1024,16,[4096; 8; 4; 1; 1024; 16],2.282525497954339,0.024500954483730405,tvm
32,16,64,1,7168,64,[32; 16; 64; 1; 7168; 64],0.23505981999915093,0.23791413323440536,tvm
4096,1,8,1,128,64,[4096; 1; 8; 1; 128; 64],1.2679241419536993,0.044106781693707596,tvm
256,64,2,1,1024,64,[256; 64; 2; 1; 1024; 64],0.7179645040305331,0.07789250446141141,tvm
4096,64,8,1,448,16,[4096; 64; 8; 1; 448; 16],1.9880654599983245,0.02812988528726839,tvm
64,8,2,1,128,16,[64; 8; 2; 1; 128; 16],0.5147037889109924,0.10865288839558992,tvm
64,16,2,1,14336,64,[64; 16; 2; 1; 14336; 64],0.48832749004941434,0.11452161607300528,tvm
4,4,4,1,64,64,[4; 4; 4; 1; 64; 64],0.1385331980418414,0.40368701599195383,tvm
4,2,16,1,512,16,[4; 2; 16; 1; 512; 16],0.22549772507045418,0.24800273845716406,tvm
256,8,1,1,1024,16,[256; 8; 1; 1; 1024; 16],0.9434629590250552,0.05927530360187483,tvm
2048,64,4,1,1792,64,[2048; 64; 4; 1; 1792; 64],0.7576535940170288,0.07381216663518711,tvm
4096,64,1,1,896,16,[4096; 64; 1; 1; 896; 16],1.1034162839641795,0.0506826427578341,tvm
32,32,2,1,1024,128,[32; 32; 2; 1; 1024; 128],0.40024000802077353,0.1397262947546981,tvm
1024,8,64,1,64,64,[1024; 8; 64; 1; 64; 64],0.8935374499997124,0.06258725175240426,tvm
128,4,8,1,448,64,[128; 4; 8; 1; 448; 64],0.24488416593521833,0.22836941343168543,tvm
128,1,8,1,256,64,[128; 1; 8; 1; 256; 64],0.24715161602944136,0.22627427743248707,tvm
16,8,8,1,3584,64,[16; 8; 8; 1; 3584; 64],0.1563620859524235,0.35765737578065704,tvm
2048,32,8,1,128,128,[2048; 32; 8; 1; 128; 128],0.7631679918849841,0.07327882448948614,tvm
32,2,4,1,256,64,[32; 2; 4; 1; 256; 64],0.22876157704740763,0.24446436353139783,tvm
2048,8,1,1,3584,64,[2048; 8; 1; 1; 3584; 64],0.858768800040707,0.06512119831400774,tvm
2048,32,32,1,14336,16,[2048; 32; 32; 1; 14336; 16],1.1853079790016636,0.04718103170151261,tvm
64,1,4,1,896,16,[64; 1; 4; 1; 896; 16],0.47036185406614095,0.11889580936439938,tvm
1024,16,64,1,2048,128,[1024; 16; 64; 1; 2048; 128],0.7734127199510112,0.07230816340449589,tvm
2048,64,1,1,128,64,[2048; 64; 1; 1; 128; 64],0.823817798984237,0.06788400712182645,tvm
512,16,8,1,1792,128,[512; 16; 8; 1; 1792; 128],0.7380817019147798,0.07576946182008237,tvm
128,1,2,1,128,128,[128; 1; 2; 1; 128; 128],0.23007060505915433,0.24307343964673145,tvm
16,16,16,1,128,64,[16; 16; 16; 1; 128; 64],0.15129340498242527,0.3696397297676634,tvm
4096,8,4,1,7168,64,[4096; 8; 4; 1; 7168; 64],1.9828012969810516,0.02820456765813169,tvm
4096,64,8,1,3584,64,[4096; 64; 8; 1; 3584; 64],1.5048435810022056,0.037162701851104464,tvm
16,1,8,1,256,16,[16; 1; 8; 1; 256; 16],0.177971284952946,0.31423076676734196,tvm
4096,64,32,1,7168,16,[4096; 64; 32; 1; 7168; 16],2.140170893049799,0.026130648498653354,tvm
256,32,1,1,2048,128,[256; 32; 1; 1; 2048; 128],0.7339534270577133,0.07619564303626562,tvm
64,32,1,1,1792,128,[64; 32; 1; 1; 1792; 128],0.20273908507078886,0.27584248648358434,tvm
2048,8,4,1,32,16,[2048; 8; 4; 1; 32; 16],1.1483874300029129,0.04869789747976559,tvm
1024,16,16,1,7168,64,[1024; 16; 16; 1; 7168; 64],0.8911822509253398,0.0627526561208617,tvm
512,4,2,1,256,128,[512; 4; 2; 1; 256; 128],1.058579670963809,0.05282932864412176,tvm
128,16,32,1,3584,64,[128; 16; 32; 1; 3584; 64],0.24295066599734128,0.2301868698476642,tvm
8,2,8,1,14336,16,[8; 2; 8; 1; 14336; 16],0.25951931602321565,0.21549090907873145,tvm
4096,16,4,1,32,16,[4096; 16; 4; 1; 32; 16],2.2176019289763644,0.02521825608221203,tvm
128,1,32,1,2048,64,[128; 1; 32; 1; 2048; 64],0.2321591820800677,0.24088667453198595,tvm
32,32,2,1,64,16,[32; 32; 2; 1; 64; 16],0.394491707906127,0.14176230377608087,tvm
128,8,4,1,7168,128,[128; 8; 4; 1; 7168; 128],0.39455468708183616,0.1417396755490422,tvm
32,2,2,1,1792,16,[32; 2; 2; 1; 1792; 16],0.38525509799364954,0.14516109877475308,tvm
32,8,1,1,448,64,[32; 8; 1; 1; 448; 64],0.22510131902527064,0.24843947416876358,tvm
2048,16,1,1,256,128,[2048; 16; 1; 1; 256; 128],1.0846688710153103,0.051558641376870454,tvm
32,16,8,1,64,64,[32; 16; 8; 1; 64; 64],0.25178354093804955,0.22211163257527325,tvm
16,2,8,1,1024,16,[16; 2; 8; 1; 1024; 16],0.21339936298318207,0.26206288787160387,tvm
1024,1,64,1,128,128,[1024; 1; 64; 1; 128; 128],0.8407386899925768,0.06651775872694417,tvm
4,2,2,1,256,64,[4; 2; 2; 1; 256; 64],0.1367099939379841,0.40907070304386245,tvm
32,2,32,1,14336,16,[32; 2; 32; 1; 14336; 16],0.3196583359967917,0.1749494602070838,tvm
32,32,8,1,512,128,[32; 32; 8; 1; 512; 128],0.20371269795577973,0.2745241405887858,tvm
64,32,32,1,448,64,[64; 32; 32; 1; 448; 64],0.22267232299782336,0.2511495482708913,tvm
128,1,16,1,7168,128,[128; 1; 16; 1; 7168; 128],0.2604952530236915,0.21468357939039742,tvm
256,8,2,1,2048,64,[256; 8; 2; 1; 2048; 64],0.7250867979601026,0.07712739149390846,tvm
256,64,1,1,128,128,[256; 64; 1; 1; 128; 128],0.857868638006039,0.06518953002328971,tvm
512,2,32,1,896,16,[512; 2; 32; 1; 896; 16],0.9873189190402627,0.05664233942533493,tvm
512,32,16,1,448,64,[512; 32; 16; 1; 448; 64],0.7746074059978127,0.07219664167978694,tvm
64,8,32,1,1024,128,[64; 8; 32; 1; 1024; 128],0.19733365392312407,0.2833984585068285,tvm
512,32,8,1,896,64,[512; 32; 8; 1; 896; 64],0.7516649219905958,0.07440024364211718,tvm
128,16,16,1,128,128,[128; 16; 16; 1; 128; 128],0.22729911201167852,0.24603727149827134,tvm
512,16,1,1,32,16,[512; 16; 1; 1; 32; 16],1.315899936016649,0.042498712708065496,tvm
256,16,32,1,32,16,[256; 16; 32; 1; 32; 16],1.1843890090240166,0.047217639565413534,tvm
512,1,1,1,224,16,[512; 1; 1; 1; 224; 16],1.092901693074964,0.05117025043303452,tvm
512,4,32,1,1024,16,[512; 4; 32; 1; 1024; 16],0.9660126849776134,0.057891634554083866,tvm
1,1,4,1,128,128,[1; 1; 4; 1; 128; 128],0.249073141021654,0.2245286388726731,tvm
256,32,2,1,128,128,[256; 32; 2; 1; 128; 128],0.9000362639781088,0.062135333398847976,tvm
4,4,1,1,3584,64,[4; 4; 1; 1; 3584; 64],0.26906085293740034,0.207849089612247,tvm
1024,4,16,1,512,16,[1024; 4; 16; 1; 512; 16],0.9835411290405318,0.056859903141913956,tvm
8,4,64,1,14336,64,[8; 4; 64; 1; 14336; 64],0.18930913193617016,0.2954112818614022,tvm
128,64,64,1,256,16,[128; 64; 64; 1; 256; 16],0.48672007501590997,0.11489982888317331,tvm
64,4,32,1,256,16,[64; 4; 32; 1; 256; 16],0.4817180619575083,0.11609291357289052,tvm
1024,64,16,1,512,16,[1024; 64; 16; 1; 512; 16],0.979189818026498,0.057112576442068325,tvm
1024,64,4,1,1792,128,[1024; 64; 4; 1; 1792; 128],0.7275678950827569,0.07686437748462263,tvm
128,16,4,1,1792,128,[128; 16; 4; 1; 1792; 128],0.2450343209784478,0.22822947050855044,tvm
512,16,32,1,448,16,[512; 16; 32; 1; 448; 16],0.980346500989981,0.05704519093693881,tvm
128,16,1,1,7168,128,[128; 16; 1; 1; 7168; 128],0.7459494089707732,0.07497030316103444,tvm
1024,2,64,1,64,16,[1024; 2; 64; 1; 64; 16],1.2928243910428137,0.04325726968086057,tvm
64,4,16,1,256,64,[64; 4; 16; 1; 256; 64],0.22747825307305902,0.2458435150518421,tvm
8,4,2,1,512,16,[8; 4; 2; 1; 512; 16],0.1271481990115717,0.43983362539208054,tvm
2048,32,32,1,112,16,[2048; 32; 32; 1; 112; 16],1.2186246430501342,0.045891122957565714,tvm
512,16,2,1,1792,16,[512; 16; 2; 1; 1792; 16],0.9535478739999235,0.05864839601471108,tvm
16,2,16,1,2048,128,[16; 2; 16; 1; 2048; 128],0.21971257706172764,0.25453278133286666,tvm
128,4,64,1,1792,64,[128; 4; 64; 1; 1792; 64],0.2319854840170592,0.24106703732040805,tvm
16,8,1,1,3584,16,[16; 8; 1; 1; 3584; 16],0.30313777399715036,0.18448394799474593,tvm
8,4,4,1,2048,128,[8; 4; 4; 1; 2048; 128],0.2005415050080046,0.2788652320680506,tvm
32,1,1,1,128,16,[32; 1; 1; 1; 128; 16],0.3974845530465245,0.14069490978882787,tvm
1024,4,4,1,512,16,[1024; 4; 4; 1; 512; 16],0.9579178319545463,0.05838084590118264,tvm
512,1,1,1,2048,128,[512; 1; 1; 1; 2048; 128],0.72913872404024,0.0766987837697768,tvm
512,32,4,1,512,16,[512; 32; 4; 1; 512; 16],0.9525663360254839,0.05870882816064288,tvm
2048,64,4,1,3584,64,[2048; 64; 4; 1; 3584; 64],0.8383101989747956,0.06671045324478359,tvm
512,1,64,1,14336,64,[512; 1; 64; 1; 14336; 64],0.7596525710541755,0.07361793465100383,tvm
4,2,1,1,128,16,[4; 2; 1; 1; 128; 16],0.16995359701104462,0.3290548380079243,tvm
1024,16,16,1,256,128,[1024; 16; 16; 1; 256; 128],0.8541456310776994,0.06547367486124397,tvm
512,2,1,1,14336,64,[512; 2; 1; 1; 14336; 64],0.7660559429787099,0.07300257095569268,tvm
16,8,16,1,1024,128,[16; 8; 16; 1; 1024; 128],0.2159880680264905,0.2589219573299501,tvm
128,4,64,1,896,128,[128; 4; 64; 1; 896; 128],0.21800618700217456,0.2565250743676165,tvm
256,16,64,1,512,64,[256; 16; 64; 1; 512; 64],0.7586253529880196,0.07371761715194944,tvm
64,32,64,1,896,128,[64; 32; 64; 1; 896; 128],0.20428922399878502,0.27374940409811305,tvm
1024,2,1,1,448,16,[1024; 2; 1; 1; 448; 16],0.9728951549623162,0.057482096655625224,tvm
128,32,8,1,512,64,[128; 32; 8; 1; 512; 64],0.253575294977054,0.22054219965866112,tvm
2,2,8,1,1024,128,[2; 2; 8; 1; 1024; 128],0.23179588606581092,0.24126421863007316,tvm
2048,2,16,1,14336,128,[2048; 2; 16; 1; 14336; 128],1.0061704959953204,0.05558109043737398,tvm
128,2,2,1,896,64,[128; 2; 2; 1; 896; 64],0.25984431302640587,0.2152213865371386,tvm
1024,32,8,1,1024,128,[1024; 32; 8; 1; 1024; 128],0.7472329679876566,0.07484152296430413,tvm
4096,4,2,1,256,16,[4096; 4; 2; 1; 256; 16],1.8185038870433345,0.03075278185094178,tvm
128,1,4,1,7168,16,[128; 1; 4; 1; 7168; 16],0.6432436699979007,0.08694069750195264,tvm
16,16,32,1,64,16,[16; 16; 32; 1; 64; 16],0.1949013239936903,0.2869352151509438,tvm
2048,32,16,1,2048,64,[2048; 32; 16; 1; 2048; 64],0.9810503190383315,0.057004265987245735,tvm
2048,32,2,1,14336,128,[2048; 32; 2; 1; 14336; 128],1.9347278870409355,0.028905384425334475,tvm
64,64,64,1,896,16,[64; 64; 64; 1; 896; 16],0.3215110340388492,0.1739413189986377,tvm
32,1,8,1,3584,16,[32; 1; 8; 1; 3584; 16],0.394361402024515,0.14180914523135021,tvm
4096,4,64,1,896,64,[4096; 4; 64; 1; 896; 64],1.010112288990058,0.055364194597857984,tvm
512,1,8,1,64,16,[512; 1; 8; 1; 64; 16],1.138939719996415,0.049101855305835995,tvm
4096,1,64,1,1792,16,[4096; 1; 64; 1; 1792; 16],1.6591162140248343,0.033707134473520514,tvm
64,1,16,1,7168,128,[64; 1; 16; 1; 7168; 128],0.2365603349171579,0.23640503110091396,tvm
4096,32,64,1,256,16,[4096; 32; 64; 1; 256; 16],1.6142845479771495,0.03464324390852371,tvm
8,2,16,1,7168,64,[8; 2; 16; 1; 7168; 64],0.14737106394022703,0.3794778421089221,tvm
64,2,2,1,896,128,[64; 2; 2; 1; 896; 128],0.19776407803874463,0.28278165523253956,tvm
1,1,32,1,448,16,[1; 1; 32; 1; 448; 16],0.4820573239121586,0.11601120978617041,tvm
16,1,32,1,896,128,[16; 1; 32; 1; 896; 128],0.20909259002655745,0.26746071358258205,tvm
4,4,1,1,2048,16,[4; 4; 1; 1; 2048; 16],0.2573340979870409,0.21732080501881107,tvm
16,4,16,1,2048,128,[16; 4; 16; 1; 2048; 128],0.21961748006287962,0.2546429970752851,tvm
8,8,8,1,2048,16,[8; 8; 8; 1; 2048; 16],0.2094864450627938,0.2669578612428601,tvm
64,1,8,1,7168,64,[64; 1; 8; 1; 7168; 64],0.2817868230631575,0.19846227274012368,tvm
32,1,16,1,224,16,[32; 1; 16; 1; 224; 16],0.40847834397573024,0.1369082453405561,tvm
4,2,16,1,1024,16,[4; 2; 16; 1; 1024; 16],0.2966133219888434,0.18854194733518012,tvm
2048,4,8,1,896,128,[2048; 4; 8; 1; 896; 128],0.8365331769455224,0.06685216423517328,tvm
64,8,2,1,7168,128,[64; 8; 2; 1; 7168; 128],0.47234930098056793,0.11839554587513618,tvm
128,16,4,1,224,16,[128; 16; 4; 1; 224; 16],0.48812380200251937,0.11456940453201807,tvm
64,8,1,1,3584,128,[64; 8; 1; 1; 3584; 128],0.2847657089587301,0.1963861924872358,tvm
256,4,2,1,896,16,[256; 4; 2; 1; 896; 16],0.9430632360745221,0.059300427791158364,tvm
4096,4,32,1,3584,16,[4096; 4; 32; 1; 3584; 16],1.8850006349384785,0.029667922809563697,tvm
64,32,2,1,224,16,[64; 32; 2; 1; 224; 16],0.5201226309873164,0.10752089988312216,tvm
128,8,32,1,256,128,[128; 8; 32; 1; 256; 128],0.22917183802928776,0.24402672603335468,tvm
4096,16,2,1,512,64,[4096; 16; 2; 1; 512; 64],0.9476868669735268,0.05901110934662298,tvm
1024,4,4,1,256,128,[1024; 4; 4; 1; 256; 128],1.105672814999707,0.05057920623050514,tvm
8,4,4,1,512,16,[8; 4; 4; 1; 512; 16],0.1410407971125096,0.396509765105214,tvm
4096,2,16,1,2048,64,[4096; 2; 16; 1; 2048; 64],1.3117732849204913,0.04263240757851154,tvm
2048,32,16,1,1792,128,[2048; 32; 16; 1; 1792; 128],0.8145834789611399,0.06865355703586669,tvm
512,16,2,1,896,64,[512; 16; 2; 1; 896; 64],0.7185203230474144,0.0778322498884182,tvm
16,16,16,1,896,128,[16; 16; 16; 1; 896; 128],0.15896821301430464,0.35179393586251767,tvm
512,32,8,1,64,16,[512; 32; 8; 1; 64; 16],1.2074392769718543,0.04631624496561489,tvm
128,16,16,1,3584,128,[128; 16; 16; 1; 3584; 128],0.24717949191108346,0.22624875915454423,tvm
512,64,8,1,256,128,[512; 64; 8; 1; 256; 128],0.9299460389884189,0.060136879978720775,tvm
32,16,16,1,448,64,[32; 16; 16; 1; 448; 64],0.22280911600682884,0.25099535573589066,tvm
512,16,1,1,14336,128,[512; 16; 1; 1; 14336; 128],0.763686532038264,0.0732290684557094,tvm
256,2,16,1,128,64,[256; 2; 16; 1; 128; 64],0.9643710079835728,0.05799018517807407,tvm
32,1,2,1,128,16,[32; 1; 2; 1; 128; 16],0.4278858369216323,0.1306985380391917,tvm
8,1,8,1,32,16,[8; 1; 8; 1; 32; 16],0.2701052080374211,0.2070454462528744,tvm
4096,16,2,1,224,16,[4096; 16; 2; 1; 224; 16],1.1726583800045773,0.047689978843723474,tvm
1024,4,32,1,14336,64,[1024; 4; 32; 1; 14336; 64],0.8316696539986879,0.06724310916533882,tvm
2048,16,2,1,112,16,[2048; 16; 2; 1; 112; 16],1.054835724993609,0.05301683665830731,tvm
4,4,32,1,896,64,[4; 4; 32; 1; 896; 64],0.13424383394885808,0.41658563889525324,tvm
512,4,2,1,14336,16,[512; 4; 2; 1; 14336; 16],1.0078973560594022,0.05548586172701236,tvm
1024,32,64,1,128,64,[1024; 32; 64; 1; 128; 64],0.8508263889234513,0.06572910062662009,tvm
8,4,4,1,1792,64,[8; 4; 4; 1; 1792; 64],0.14812323602382094,0.37755084775719944,tvm
1024,4,8,1,64,64,[1024; 4; 8; 1; 64; 64],0.9091106679989025,0.06151512164787494,tvm
128,2,8,1,256,128,[128; 2; 8; 1; 256; 128],0.23501549707725644,0.23795900282673474,tvm
4096,8,8,1,256,128,[4096; 8; 8; 1; 256; 128],1.148521415074356,0.04869221644396834,tvm
32,16,2,1,2048,128,[32; 16; 2; 1; 2048; 128],0.19643815502058715,0.2846903817004002,tvm
4,1,4,1,256,128,[4; 1; 4; 1; 256; 128],0.16622167802415788,0.3364425988119648,tvm
4096,2,32,1,2048,16,[4096; 2; 32; 1; 2048; 16],1.9644769390579313,0.02846765580264425,tvm
64,8,16,1,448,16,[64; 8; 16; 1; 448; 16],0.34007474407553673,0.1644463586537658,tvm
512,64,64,1,1792,16,[512; 64; 64; 1; 1792; 16],1.000723348930478,0.05588362996936376,tvm
256,32,8,1,224,16,[256; 32; 8; 1; 224; 16],1.0482460010098293,0.05335012323391534,tvm
128,64,32,1,224,16,[128; 64; 32; 1; 224; 16],0.4912102280650288,0.11384952946445943,tvm
8,2,64,1,1792,64,[8; 2; 64; 1; 1792; 64],0.11778949003200978,0.47477965409422984,tvm
32,16,1,1,14336,16,[32; 16; 1; 1; 14336; 16],0.7276337359799072,0.07685742231016844,tvm
4,2,4,1,256,16,[4; 2; 4; 1; 256; 16],0.16660552704706788,0.3356674554832396,tvm
64,32,16,1,14336,64,[64; 32; 16; 1; 14336; 64],0.24727571103721857,0.22616072196802198,tvm
1024,64,64,1,256,128,[1024; 64; 64; 1; 256; 128],0.8127062990097329,0.06881213225672758,tvm
2048,1,2,1,896,128,[2048; 1; 2; 1; 896; 128],0.7493166490457952,0.07463340552295067,tvm
256,8,2,1,14336,16,[256; 8; 2; 1; 14336; 16],0.9524879790842533,0.05871365787429692,tvm
1024,32,64,1,7168,16,[1024; 32; 64; 1; 7168; 16],1.0008574409876019,0.055876142838234735,tvm
512,16,8,1,512,16,[512; 16; 8; 1; 512; 16],0.9544541368959472,0.05859270882853334,tvm
2,2,64,1,1792,128,[2; 2; 64; 1; 1792; 128],0.22009580198209733,0.25408959566562844,tvm
32,16,1,1,1792,128,[32; 16; 1; 1; 1792; 128],0.19534599292092025,0.28628206034393777,tvm
64,1,1,1,1792,128,[64; 1; 1; 1; 1792; 128],0.20013549597933888,0.2794309578102362,tvm
4096,2,64,1,112,16,[4096; 2; 64; 1; 112; 16],1.623430908890441,0.034448064914296535,tvm
4,1,4,1,448,16,[4; 1; 4; 1; 448; 16],0.15935502899810672,0.35093999659086855,tvm
256,64,16,1,896,16,[256; 64; 16; 1; 896; 16],0.9619459059322253,0.058136380630610544,tvm
128,8,8,1,3584,128,[128; 8; 8; 1; 3584; 128],0.2720889929914847,0.2055358899986209,tvm
8,4,8,1,1792,128,[8; 4; 8; 1; 1792; 128],0.1613131450721994,0.3466800756274589,tvm
512,64,2,1,64,64,[512; 64; 2; 1; 64; 64],0.8715278340969235,0.06416783394104883,tvm
1024,16,16,1,1024,64,[1024; 16; 16; 1; 1024; 64],0.7565007369266823,0.07392465149541992,tvm
1024,32,2,1,3584,16,[1024; 32; 2; 1; 3584; 16],0.957645858055912,0.05839742621229843,tvm
64,64,8,1,224,16,[64; 64; 8; 1; 224; 16],0.35725378803908825,0.1565387273856268,tvm
64,8,32,1,64,64,[64; 8; 32; 1; 64; 64],0.23342640697956085,0.23957894934410795,tvm
4096,1,64,1,14336,16,[4096; 1; 64; 1; 14336; 16],1.6759661190444604,0.033368248139298916,tvm
4096,64,1,1,2048,64,[4096; 64; 1; 1; 2048; 64],0.9531906800111756,0.05867037362626926,tvm
1024,16,32,1,7168,128,[1024; 16; 32; 1; 7168; 128],0.8675205939216539,0.0644642371894907,tvm
32,16,8,1,512,128,[32; 16; 8; 1; 512; 128],0.19949641299899668,0.28032610959082555,tvm
4096,8,32,1,2048,64,[4096; 8; 32; 1; 2048; 64],1.303308803937398,0.04290928839303655,tvm
64,1,64,1,128,64,[64; 1; 64; 1; 128; 64],0.23267802107147872,0.2403495314074098,tvm
128,32,2,1,128,16,[128; 32; 2; 1; 128; 16],0.47568216803483665,0.117566007496917,tvm
1024,1,4,1,112,16,[1024; 1; 4; 1; 112; 16],1.0787295459304005,0.0518425156187773,tvm
64,32,1,1,14336,128,[64; 32; 1; 1; 14336; 128],0.749338164110668,0.07463126264188787,tvm
256,8,64,1,224,16,[256; 8; 64; 1; 224; 16],0.9972379140090197,0.05607894821057467,tvm
2048,64,32,1,128,128,[2048; 64; 32; 1; 128; 128],0.7612774549052119,0.07346080324984344,tvm
1024,4,32,1,3584,128,[1024; 4; 32; 1; 3584; 128],0.810670975013636,0.06898489653264403,tvm
256,2,1,1,512,64,[256; 2; 1; 1; 512; 64],0.7253252000082284,0.07710204103304133,tvm
64,1,2,1,224,16,[64; 1; 2; 1; 224; 16],0.4665332860313356,0.11987151829843302,tvm
128,1,2,1,896,16,[128; 1; 2; 1; 896; 16],0.5173515980131924,0.1080968021517685,tvm
4096,64,64,1,1024,128,[4096; 64; 64; 1; 1024; 128],0.9369495220016688,0.05968737057878955,tvm
4,2,1,1,7168,64,[4; 2; 1; 1; 7168; 64],0.3084728390676901,0.18129328177597373,tvm
512,32,32,1,256,16,[512; 32; 32; 1; 256; 16],1.1231945949839428,0.049790173121455256,tvm
4096,64,1,1,512,128,[4096; 64; 1; 1; 512; 128],0.9373764209449291,0.059660187821834354,tvm
512,4,16,1,224,16,[512; 4; 16; 1; 224; 16],1.0829300589393824,0.05164142676776849,tvm
512,16,1,1,224,16,[512; 16; 1; 1; 224; 16],1.1444036150351167,0.048867421072955344,tvm
256,32,32,1,512,128,[256; 32; 32; 1; 512; 128],0.7312056140508503,0.07648198025110377,tvm
2,2,64,1,256,16,[2; 2; 64; 1; 256; 16],0.45773088303394616,0.12217670995379594,tvm
4,2,2,1,1792,16,[4; 2; 2; 1; 1792; 16],0.17678638803772628,0.3163368738627044,tvm
32,4,4,1,2048,64,[32; 4; 4; 1; 2048; 64],0.21024467598181218,0.2659950986733724,tvm
32,1,1,1,64,64,[32; 1; 1; 1; 64; 64],0.25043003004975617,0.22331208969715885,tvm
128,16,4,1,448,16,[128; 16; 4; 1; 448; 16],0.49498326191678643,0.11298170592025987,tvm
2048,4,1,1,128,64,[2048; 4; 1; 1; 128; 64],0.8422576769953594,0.06639779590117226,tvm
8,2,8,1,14336,64,[8; 2; 8; 1; 14336; 64],0.1546996550168842,0.3615008276988703,tvm
256,8,64,1,7168,16,[256; 8; 64; 1; 7168; 16],0.9650420710677281,0.05794986043609336,tvm
2048,32,2,1,16,16,[2048; 32; 2; 1; 16; 16],1.319097395054996,0.04239569689317879,tvm
4,4,32,1,256,16,[4; 4; 32; 1; 256; 16],0.216948306071572,0.25777593909806235,tvm
256,16,16,1,14336,64,[256; 16; 16; 1; 14336; 64],0.7263489819597453,0.07699336644273383,tvm
64,8,8,1,1792,16,[64; 8; 8; 1; 1792; 16],0.3596725530223921,0.15548601877845172,tvm
512,64,2,1,16,16,[512; 64; 2; 1; 16; 16],1.1879830879624933,0.047074789111054206,tvm
1024,8,16,1,3584,128,[1024; 8; 16; 1; 3584; 128],0.7562322119483724,0.07395090086052991,tvm
2048,1,32,1,256,128,[2048; 1; 32; 1; 256; 128],0.7781096260296181,0.07187168936424985,tvm
256,2,32,1,896,128,[256; 2; 32; 1; 896; 128],0.7363123649265617,0.07595153361156863,tvm
64,16,2,1,3584,16,[64; 16; 2; 1; 3584; 16],0.5467556220246479,0.10228345366846957,tvm
1024,32,4,1,1792,128,[1024; 32; 4; 1; 1792; 128],0.7254233490675688,0.0770916092033927,tvm
128,64,32,1,256,128,[128; 64; 32; 1; 256; 128],0.23131366597954184,0.24176718265439381,tvm
8,8,4,1,128,64,[8; 8; 4; 1; 128; 64],0.15587618690915406,0.3587722694674738,tvm
64,8,2,1,1024,64,[64; 8; 2; 1; 1024; 64],0.2276212590513751,0.2456890607072472,tvm
2048,64,1,1,1792,16,[2048; 64; 1; 1; 1792; 16],0.9966911870287731,0.05610970986916019,tvm
16,4,2,1,512,16,[16; 4; 2; 1; 512; 16],0.19655040395446122,0.28452779647448795,tvm
4,1,4,1,128,64,[4; 1; 4; 1; 128; 64],0.14572781696915627,0.38375688661533874,tvm
1024,8,8,1,14336,64,[1024; 8; 8; 1; 14336; 64],1.0191038959892467,0.05487571341197525,tvm
8,1,16,1,128,16,[8; 1; 16; 1; 128; 16],0.1781629070173949,0.3138927977184005,tvm
4096,16,4,1,3584,128,[4096; 16; 4; 1; 3584; 128],1.5392881400184706,0.03633111428550491,tvm
512,4,32,1,1792,16,[512; 4; 32; 1; 1792; 16],0.9879413209855556,0.05660665481381458,tvm
16,2,2,1,2048,128,[16; 2; 2; 1; 2048; 128],0.22029832797124982,0.253856004484209,tvm
128,1,64,1,3584,128,[128; 1; 64; 1; 3584; 128],0.22815179696772248,0.24511774211993223,tvm
8,8,2,1,256,64,[8; 8; 2; 1; 256; 64],0.2021859309170395,0.2765971552999895,tvm
64,16,64,1,128,128,[64; 16; 64; 1; 128; 128],0.20941805304028094,0.2670450446914264,tvm
4,1,16,1,7168,16,[4; 1; 16; 1; 7168; 16],0.36623296805191785,0.15270076211545608,tvm
512,8,64,1,16,16,[512; 8; 64; 1; 16; 16],1.3258188419276848,0.04218076524845741,tvm
4,4,16,1,7168,128,[4; 4; 16; 1; 7168; 128],0.2204699080903083,0.253658441724509,tvm
256,1,2,1,128,16,[256; 1; 2; 1; 128; 16],1.1785138399573043,0.04745303061978413,tvm
16,4,64,1,2048,64,[16; 4; 64; 1; 2048; 64],0.13249102409463376,0.4220969210215231,tvm
128,16,8,1,14336,128,[128; 16; 8; 1; 14336; 128],0.28185613302048296,0.19841346978697547,tvm
512,2,8,1,448,16,[512; 2; 8; 1; 448; 16],0.9762014439329505,0.05728741099585428,tvm
512,1,2,1,128,16,[512; 1; 2; 1; 128; 16],1.1442326450487599,0.048874722789394115,tvm
32,4,2,1,1024,16,[32; 4; 2; 1; 1024; 16],0.3734593150438741,0.1497460394762502,tvm
32,1,2,1,2048,16,[32; 1; 2; 1; 2048; 16],0.39643899304792285,0.14106597563316142,tvm
512,8,32,1,7168,16,[512; 8; 32; 1; 7168; 16],0.9600574860814959,0.05825073409050647,tvm
4096,8,64,1,3584,16,[4096; 8; 64; 1; 3584; 16],1.6548018269240856,0.03379501546555814,tvm
4096,16,2,1,2048,64,[4096; 16; 2; 1; 2048; 64],0.9087062560720369,0.0615424984252557,tvm
4096,8,32,1,2048,128,[4096; 8; 32; 1; 2048; 128],0.9345584670081735,0.059840079896086626,tvm
1,1,32,1,64,16,[1; 1; 32; 1; 64; 16],0.49900137609802186,0.11207194210692484,tvm
16,16,8,1,1024,64,[16; 16; 8; 1; 1024; 64],0.15761096205096692,0.35482337399380304,tvm
4096,2,2,1,112,16,[4096; 2; 2; 1; 112; 16],1.2735978029668331,0.04391029350322278,tvm
1024,64,8,1,7168,64,[1024; 64; 8; 1; 7168; 64],0.7703229050384834,0.07259819611691218,tvm
128,2,16,1,512,64,[128; 2; 16; 1; 512; 64],0.23515337298158556,0.2378194819162243,tvm
16,16,4,1,448,16,[16; 16; 4; 1; 448; 16],0.19167294295039028,0.2917681153766594,tvm
512,8,1,1,448,64,[512; 8; 1; 1; 448; 64],0.7405573590658605,0.07551616717964423,tvm
128,4,16,1,896,16,[128; 4; 16; 1; 896; 16],0.5026028190040961,0.11126888114982413,tvm
128,16,4,1,2048,16,[128; 16; 4; 1; 2048; 16],0.5139938000356779,0.10880297258342704,tvm
8,1,4,1,7168,16,[8; 1; 4; 1; 7168; 16],0.23592603404540569,0.23704061978412413,tvm
1024,32,32,1,14336,128,[1024; 32; 32; 1; 14336; 128],0.7981746169971302,0.07006493584540337,tvm
2048,1,16,1,14336,64,[2048; 1; 16; 1; 14336; 64],1.0122521050507203,0.05524715933342631,tvm
2048,2,64,1,16,16,[2048; 2; 64; 1; 16; 16],1.2833793220343068,0.04357562286782613,tvm
256,2,32,1,16,16,[256; 2; 32; 1; 16; 16],1.2681479539023712,0.04409899740897162,tvm
64,1,1,1,896,64,[64; 1; 1; 1; 896; 64],0.23035088600590825,0.24277767844964548,tvm
16,16,1,1,512,16,[16; 16; 1; 1; 512; 16],0.19589524995535612,0.2854793740332052,tvm
2048,8,8,1,896,16,[2048; 8; 8; 1; 896; 16],1.1677434969460592,0.047890699866527796,tvm
2048,8,16,1,64,64,[2048; 8; 16; 1; 64; 64],0.8803433349821717,0.06352527600435105,tvm
16,4,64,1,1024,128,[16; 4; 64; 1; 1024; 128],0.22471878794021904,0.2488623841643831,tvm
64,16,8,1,32,16,[64; 16; 8; 1; 32; 16],0.3644411750137806,0.15345152295488754,tvm
16,8,1,1,64,16,[16; 8; 1; 1; 64; 16],0.22567608207464218,0.2478067361823328,tvm
2048,2,2,1,1792,16,[2048; 2; 2; 1; 1792; 16],0.9864348920527846,0.056693101373324915,tvm
256,64,2,1,1792,16,[256; 64; 2; 1; 1792; 16],0.9509251569397748,0.05881015232923866,tvm
32,16,64,1,256,16,[32; 16; 64; 1; 256; 16],0.23560513206757605,0.2373634769436739,tvm
1024,8,2,1,64,64,[1024; 8; 2; 1; 64; 64],0.8608025179710239,0.06496734403745766,tvm
2048,64,32,1,512,128,[2048; 64; 32; 1; 512; 128],0.7677288089180365,0.07284349979278144,tvm
4096,16,32,1,1792,16,[4096; 16; 32; 1; 1792; 16],1.8346458818996325,0.030482205795174133,tvm
256,8,64,1,14336,64,[256; 8; 64; 1; 14336; 64],0.7599475110182539,0.0735893631106189,tvm
16,16,64,1,14336,64,[16; 16; 64; 1; 14336; 64],0.17696319601964206,0.31602081444735003,tvm
128,8,4,1,128,16,[128; 8; 4; 1; 128; 16],0.4849498700350523,0.11531924594451615,tvm
1024,16,4,1,16,16,[1024; 16; 4; 1; 16; 16],1.2152718970319256,0.04601772942328164,tvm
512,8,4,1,2048,128,[512; 8; 4; 1; 2048; 128],0.7238811430288479,0.07725585045541747,tvm
8,4,2,1,896,16,[8; 4; 2; 1; 896; 16],0.12742666294798255,0.43887246232103216,tvm
1024,2,1,1,896,16,[1024; 2; 1; 1; 896; 16],0.974887453019619,0.0573646251781311,tvm
2048,4,32,1,128,128,[2048; 4; 32; 1; 128; 128],0.7977073231013492,0.07010597961657192,tvm
16,16,8,1,448,16,[16; 16; 8; 1; 448; 16],0.17204883403610438,0.3250475578439415,tvm
256,16,8,1,896,64,[256; 16; 8; 1; 896; 64],0.7376971050398424,0.07580896407382935,tvm
256,4,2,1,1024,128,[256; 4; 2; 1; 1024; 128],0.7185947370016947,0.07782418998318025,tvm
256,1,16,1,1024,16,[256; 1; 16; 1; 1024; 16],0.9603672290686518,0.05823194673934007,tvm
32,16,1,1,896,128,[32; 16; 1; 1; 896; 128],0.20130085200071335,0.27781329675214267,tvm
2048,1,4,1,448,64,[2048; 1; 4; 1; 448; 64],0.7748873280361295,0.07217056120283574,tvm
4096,2,16,1,896,64,[4096; 2; 16; 1; 896; 64],1.2480075480416417,0.044810669151070986,tvm
64,8,2,1,256,16,[64; 8; 2; 1; 256; 16],0.5191874420270324,0.10771457243840954,tvm
8,8,32,1,7168,128,[8; 8; 32; 1; 7168; 128],0.20318563398905098,0.2752362567933661,tvm
256,1,1,1,2048,16,[256; 1; 1; 1; 2048; 16],0.9717476479709148,0.0575499755004369,tvm
512,4,4,1,1792,64,[512; 4; 4; 1; 1792; 64],0.729802067973651,0.07662906942509846,tvm
64,8,1,1,1024,64,[64; 8; 1; 1; 1024; 64],0.23181845899671316,0.24124072593428056,tvm
4096,32,64,1,3584,64,[4096; 32; 64; 1; 3584; 64],1.104525133036077,0.050631761705241966,tvm
2048,1,8,1,1024,16,[2048; 1; 8; 1; 1024; 16],1.0914352140389383,0.051239004032481376,tvm
1024,64,16,1,896,128,[1024; 64; 16; 1; 896; 128],0.7631625520298257,0.07327934682406655,tvm
256,1,4,1,112,16,[256; 1; 4; 1; 112; 16],1.097076463047415,0.05097552925161637,tvm
16,1,2,1,32,16,[16; 1; 2; 1; 32; 16],0.294145695050247,0.19012365053916627,tvm
16,1,64,1,512,64,[16; 1; 64; 1; 512; 64],0.21579912002198398,0.25914866255078434,tvm
32,16,64,1,64,16,[32; 16; 64; 1; 64; 16],0.23763768596109003,0.2353332684046172,tvm
4096,32,4,1,7168,16,[4096; 32; 4; 1; 7168; 16],2.2787421700777486,0.024541632690031474,tvm
2,1,4,1,14336,128,[2; 1; 4; 1; 14336; 128],0.40374326705932617,0.1385138970629963,tvm
256,4,1,1,7168,128,[256; 4; 1; 1; 7168; 128],0.7422830840805545,0.07534060055080591,tvm
4096,64,16,1,7168,64,[4096; 64; 16; 1; 7168; 64],1.495255151996389,0.03740101029490944,tvm
32,1,8,1,1792,64,[32; 1; 8; 1; 1792; 64],0.21624470001552254,0.2586146773970367,tvm
4,1,8,1,7168,16,[4; 1; 8; 1; 7168; 16],0.3067583979573101,0.1823065112666157,tvm
