kc,ku,mc,mr,nc,nr,nvr,X,time,peak,backend
24,2,1,1,32,16,1,[24; 2; 1; 1; 32; 16; 1],0.006351886000629747,0.2722179117644294,tvm
4,4,1,1,192,192,12,[4; 4; 1; 1; 192; 192; 12],0.00522409099903598,0.3309852648386522,tvm
24,24,197,1,256,16,1,[24; 24; 197; 1; 256; 16; 1],0.005341846748706303,0.323689020707286,tvm
2,2,1,1,256,64,4,[2; 2; 1; 1; 256; 64; 4],0.0062166302177502075,0.2781405813587062,tvm
16,16,1,1,48,48,3,[16; 16; 1; 1; 48; 48; 3],0.0037217861881799763,0.46458798421805736,tvm
2,2,197,1,256,16,1,[2; 2; 197; 1; 256; 16; 1],0.015908242625300772,0.10869190165022714,tvm
16,8,1,1,768,64,4,[16; 8; 1; 1; 768; 64; 4],0.005946273469817243,0.2907866837329105,tvm
3,3,197,1,384,48,3,[3; 3; 197; 1; 384; 48; 3],0.00468450618609495,0.36910980030075163,tvm
6,1,197,1,96,48,3,[6; 1; 197; 1; 96; 48; 3],0.0033212850939889904,0.520610876189623,tvm
16,4,1,1,128,64,4,[16; 4; 1; 1; 128; 64; 4],0.0036352802817418706,0.4756434191722443,tvm
24,4,197,1,768,16,1,[24; 4; 197; 1; 768; 16; 1],0.005970782718577539,0.28959304405387537,tvm
48,12,197,1,256,128,8,[48; 12; 197; 1; 256; 128; 8],0.005371368624764727,0.32190997558520373,tvm
6,2,1,1,96,32,2,[6; 2; 1; 1; 96; 32; 2],0.003278793843492167,0.5273576886479455,tvm
1,1,1,1,48,16,1,[1; 1; 1; 1; 48; 16; 1],0.01310581513098441,0.13193358257963356,tvm
24,24,197,1,64,16,1,[24; 24; 197; 1; 64; 16; 1],0.00533450646980782,0.32413441667818144,tvm
24,3,197,1,768,96,6,[24; 3; 197; 1; 768; 96; 6],0.0034821788449335145,0.49655609888416186,tvm
2,1,197,1,384,64,4,[2; 1; 197; 1; 384; 64; 4],0.00652405125219957,0.2650342672084591,tvm
4,1,197,1,192,48,3,[4; 1; 197; 1; 192; 48; 3],0.003793555000811466,0.45579862226520446,tvm
16,8,197,1,32,16,1,[16; 8; 197; 1; 32; 16; 1],0.004852153093452216,0.35635667497599965,tvm
16,1,197,1,96,32,2,[16; 1; 197; 1; 96; 32; 2],0.0035266278755443636,0.49029758848323135,tvm
24,1,197,1,384,96,6,[24; 1; 197; 1; 384; 96; 6],0.0063415525619348045,0.2726614856488071,tvm
24,1,1,1,96,96,6,[24; 1; 1; 1; 96; 96; 6],0.007732582813332556,0.22361184931324954,tvm
24,8,1,1,128,128,8,[24; 8; 1; 1; 128; 128; 8],0.0026809195460373303,0.644964204693469,tvm
3,1,1,1,192,96,6,[3; 1; 1; 1; 192; 96; 6],0.004201437750452897,0.41154891386186876,tvm
24,2,197,1,128,64,4,[24; 2; 197; 1; 128; 64; 4],0.003502993469737703,0.493605585564113,tvm
24,12,197,1,256,128,8,[24; 12; 197; 1; 256; 128; 8],0.0028598597809832427,0.6046090631277962,tvm
3,3,197,1,128,128,8,[3; 3; 197; 1; 128; 128; 8],0.004294167812986416,0.4026617538392444,tvm
32,1,197,1,256,128,8,[32; 1; 197; 1; 256; 128; 8],0.004276280031263013,0.4043460975932505,tvm
4,4,1,1,192,96,6,[4; 4; 1; 1; 192; 96; 6],0.004726850595034193,0.365803214654944,tvm
24,3,197,1,384,48,3,[24; 3; 197; 1; 384; 48; 3],0.0038461749682028312,0.44956278826417584,tvm
6,2,1,1,768,16,1,[6; 2; 1; 1; 768; 16; 1],0.00385838512556802,0.4481401121414986,tvm
6,6,1,1,48,48,3,[6; 6; 1; 1; 48; 48; 3],0.0038760985007684212,0.4460921574914456,tvm
24,3,1,1,256,16,1,[24; 3; 1; 1; 256; 16; 1],0.005445799592052936,0.31751024135747064,tvm
24,1,1,1,96,48,3,[24; 1; 1; 1; 96; 48; 3],0.005362303500078269,0.32245417344092975,tvm
3,3,1,1,384,192,12,[3; 3; 1; 1; 384; 192; 12],0.005868597843800671,0.2946354800378228,tvm
16,16,1,1,32,16,1,[16; 16; 1; 1; 32; 16; 1],0.005082725187094184,0.34019095646713005,tvm
6,2,197,1,384,16,1,[6; 2; 197; 1; 384; 16; 1],0.006081139812522451,0.28433767289752787,tvm
64,8,197,1,768,128,8,[64; 8; 197; 1; 768; 128; 8],0.005230326532910112,0.33059066809258786,tvm
24,12,197,1,192,64,4,[24; 12; 197; 1; 192; 64; 4],0.0036938175926479744,0.46810571975688997,tvm
6,1,197,1,768,32,2,[6; 1; 197; 1; 768; 32; 2],0.004107579250558047,0.4209528380060425,tvm
6,2,197,1,96,32,2,[6; 2; 197; 1; 96; 32; 2],0.00365765227979864,0.4727341503748225,tvm
4,4,197,1,384,192,12,[4; 4; 197; 1; 384; 192; 12],0.0051914833438786445,0.33306417998931787,tvm
24,3,1,1,64,16,1,[24; 3; 1; 1; 64; 16; 1],0.006051606780602015,0.2857252966930432,tvm
16,2,1,1,192,192,12,[16; 2; 1; 1; 192; 192; 12],0.0029581132966995938,0.5845270175372659,tvm
24,1,197,1,64,32,2,[24; 1; 197; 1; 64; 32; 2],0.007754928250506055,0.22296752297409186,tvm
8,2,1,1,384,32,2,[8; 2; 1; 1; 384; 32; 2],0.0036469561237026937,0.47412063216752365,tvm
12,6,197,1,32,16,1,[12; 6; 197; 1; 32; 16; 1],0.005107128250529058,0.33856544383392406,tvm
24,1,197,1,256,64,4,[24; 1; 197; 1; 256; 64; 4],0.0035681268745975103,0.4845951961986182,tvm
12,3,197,1,384,32,2,[12; 3; 197; 1; 384; 32; 2],0.0035128760609950405,0.49221695067925825,tvm
6,3,1,1,192,96,6,[6; 3; 1; 1; 192; 96; 6],0.0031805946564418264,0.5436395798990327,tvm
32,32,197,1,384,192,12,[32; 32; 197; 1; 384; 192; 12],0.004183496937912423,0.41331383015663614,tvm
64,2,1,1,256,128,8,[64; 2; 1; 1; 256; 128; 8],0.005257794218778145,0.3288636015235618,tvm
12,3,197,1,96,48,3,[12; 3; 197; 1; 96; 48; 3],0.003103130812633026,0.5572105229395705,tvm
12,1,1,1,192,96,6,[12; 1; 1; 1; 192; 96; 6],0.006607555063965265,0.26168486317834677,tvm
12,4,197,1,384,128,8,[12; 4; 197; 1; 384; 128; 8],0.003762894499232061,0.45951252239732476,tvm
12,3,1,1,192,64,4,[12; 3; 1; 1; 192; 64; 4],0.003276170000390266,0.5277800427484435,tvm
32,4,197,1,384,192,12,[32; 4; 197; 1; 384; 192; 12],0.0034067184060404543,0.5075550535058253,tvm
24,24,1,1,768,192,12,[24; 24; 1; 1; 768; 192; 12],0.005929071656282758,0.29163033322845744,tvm
8,1,197,1,96,48,3,[8; 1; 197; 1; 96; 48; 3],0.0031046062968016486,0.5569457050442921,tvm
24,3,197,1,768,64,4,[24; 3; 197; 1; 768; 64; 4],0.0033241212495340733,0.520166688594618,tvm
16,4,197,1,32,16,1,[16; 4; 197; 1; 32; 16; 1],0.004827834249226726,0.35815172054303485,tvm
24,4,1,1,192,32,2,[24; 4; 1; 1; 192; 32; 2],0.004155727407123777,0.4160756886732061,tvm
8,8,197,1,64,32,2,[8; 8; 197; 1; 64; 32; 2],0.0035414912199485116,0.48823985024090544,tvm
24,4,197,1,32,16,1,[24; 4; 197; 1; 32; 16; 1],0.005282978689137963,0.3272958769287188,tvm
24,24,1,1,384,192,12,[24; 24; 1; 1; 384; 192; 12],0.004362836531072389,0.39632407277751686,tvm
24,12,1,1,192,96,6,[24; 12; 1; 1; 192; 96; 6],0.003140408531180583,0.5505962443068253,tvm
12,12,197,1,768,96,6,[12; 12; 197; 1; 768; 96; 6],0.003942027688026428,0.4386314048754978,tvm
16,1,197,1,128,32,2,[16; 1; 197; 1; 128; 32; 2],0.0035945014060416725,0.4810394954779708,tvm
12,12,197,1,16,16,1,[12; 12; 197; 1; 16; 16; 1],0.005101354374346556,0.3389486430412172,tvm
8,1,197,1,128,32,2,[8; 1; 197; 1; 128; 32; 2],0.003547133874235442,0.48746317566878883,tvm
2,2,197,1,384,192,12,[2; 2; 197; 1; 384; 192; 12],0.0062995936277729925,0.2744775687171438,tvm
3,3,1,1,192,96,6,[3; 3; 1; 1; 192; 96; 6],0.004733488500278327,0.36529023842679087,tvm
4,4,197,1,256,64,4,[4; 4; 197; 1; 256; 64; 4],0.003595516875066096,0.48090363720664137,tvm
24,3,1,1,128,64,4,[24; 3; 1; 1; 128; 64; 4],0.003572007655748166,0.4840687113519019,tvm
4,4,197,1,384,128,8,[4; 4; 197; 1; 384; 128; 8],0.003491199968266301,0.4952730174650515,tvm
16,8,1,1,32,16,1,[16; 8; 1; 1; 32; 16; 1],0.004648682530387305,0.3719542325281316,tvm
2,1,1,1,64,64,4,[2; 1; 1; 1; 64; 64; 4],0.006474400375736877,0.2670667617864685,tvm
24,4,1,1,32,32,2,[24; 4; 1; 1; 32; 32; 2],0.004006766594102373,0.4315442644955236,tvm
12,1,197,1,768,32,2,[12; 1; 197; 1; 768; 32; 2],0.003468961218459299,0.4984481041921542,tvm
24,24,197,1,128,32,2,[24; 24; 197; 1; 128; 32; 2],0.004047698314025183,0.42718034021109236,tvm
24,1,1,1,384,192,12,[24; 1; 1; 1; 384; 192; 12],0.00460795250000956,0.3752419632914088,tvm
4,2,197,1,384,64,4,[4; 2; 197; 1; 384; 64; 4],0.0035749674680118915,0.4836679377725155,tvm
24,4,197,1,64,32,2,[24; 4; 197; 1; 64; 32; 2],0.004016137687358423,0.43053731656158434,tvm
6,2,1,1,96,96,6,[6; 2; 1; 1; 96; 96; 6],0.0028207616096551646,0.6129894624695077,tvm
6,3,1,1,384,48,3,[6; 3; 1; 1; 384; 48; 3],0.0034304085002077045,0.5040499237197114,tvm
6,6,1,1,384,192,12,[6; 6; 1; 1; 384; 192; 12],0.0036608439695555717,0.4723219993085518,tvm
4,2,197,1,96,48,3,[4; 2; 197; 1; 96; 48; 3],0.004012283468910027,0.4309508927411022,tvm
24,8,197,1,48,48,3,[24; 8; 197; 1; 48; 48; 3],0.003807833405517158,0.4540894936085857,tvm
12,3,1,1,192,48,3,[12; 3; 1; 1; 192; 48; 3],0.0038533098431798862,0.4487303677168694,tvm
3,1,197,1,768,192,12,[3; 1; 197; 1; 768; 192; 12],0.004322244780269102,0.40004609427730964,tvm
6,1,197,1,16,16,1,[6; 1; 197; 1; 16; 16; 1],0.004512659437750699,0.3831658840444202,tvm
12,4,197,1,48,16,1,[12; 4; 197; 1; 48; 16; 1],0.004373559624582413,0.39535236541384455,tvm
8,8,197,1,384,96,6,[8; 8; 197; 1; 384; 96; 6],0.00378389500110643,0.4569622419098696,tvm
1,1,197,1,96,32,2,[1; 1; 197; 1; 96; 32; 2],0.013720499497139826,0.12602290049408116,tvm
24,1,197,1,384,48,3,[24; 1; 197; 1; 384; 48; 3],0.005707700500352075,0.3029411131068431,tvm
4,1,1,1,32,32,2,[4; 1; 1; 1; 32; 32; 2],0.0030753342971365782,0.5622468895388357,tvm
32,4,1,1,128,128,8,[32; 4; 1; 1; 128; 128; 8],0.003184839499226655,0.5429150019261578,tvm
6,3,197,1,192,48,3,[6; 3; 197; 1; 192; 48; 3],0.003457675156823825,0.5000750690661955,tvm
8,2,197,1,384,192,12,[8; 2; 197; 1; 384; 192; 12],0.003604910718422616,0.4796504762297513,tvm
12,1,197,1,384,96,6,[12; 1; 197; 1; 384; 96; 6],0.005908403436478693,0.2926504869626261,tvm
6,3,197,1,384,96,6,[6; 3; 197; 1; 384; 96; 6],0.002930313109573035,0.5900724865231494,tvm
12,1,197,1,64,64,4,[12; 1; 197; 1; 64; 64; 4],0.003161050186463399,0.5470008512555969,tvm
12,2,197,1,384,192,12,[12; 2; 197; 1; 384; 192; 12],0.003002313296747161,0.5759216217476447,tvm
24,8,1,1,64,32,2,[24; 8; 1; 1; 64; 32; 2],0.005604455625871196,0.30852187228948924,tvm
24,2,1,1,384,128,8,[24; 2; 1; 1; 384; 128; 8],0.004821988282856182,0.3585859279261782,tvm
8,8,1,1,32,32,2,[8; 8; 1; 1; 32; 32; 2],0.003404299342946615,0.5079157173530194,tvm
24,3,1,1,192,16,1,[24; 3; 1; 1; 192; 16; 1],0.005375695531256497,0.32165086969741186,tvm
16,8,197,1,128,64,4,[16; 8; 197; 1; 128; 64; 4],0.0034002631564362673,0.508518624384757,tvm
4,2,197,1,768,48,3,[4; 2; 197; 1; 768; 48; 3],0.004227960969728883,0.4089671487596586,tvm
16,2,197,1,64,32,2,[16; 2; 197; 1; 64; 32; 2],0.0035848083443852374,0.48234019137044476,tvm
24,8,1,1,128,64,4,[24; 8; 1; 1; 128; 64; 4],0.0035704984693438746,0.48427331861449774,tvm
16,2,1,1,256,128,8,[16; 2; 1; 1; 256; 128; 8],0.00280124709388474,0.6172597721321502,tvm
16,16,197,1,96,16,1,[16; 16; 197; 1; 96; 16; 1],0.00514508921878587,0.3360674750874723,tvm
2,1,197,1,32,16,1,[2; 1; 197; 1; 32; 16; 1],0.007176488750701537,0.2409391560306027,tvm
2,1,197,1,128,64,4,[2; 1; 197; 1; 128; 64; 4],0.006485393187176669,0.2666140807431727,tvm
24,8,197,1,128,64,4,[24; 8; 197; 1; 128; 64; 4],0.0036733170945808524,0.4707181815063105,tvm
6,1,197,1,128,32,2,[6; 1; 197; 1; 128; 32; 2],0.0036794919687963556,0.46992822854910843,tvm
24,4,197,1,768,32,2,[24; 4; 197; 1; 768; 32; 2],0.004134813749260502,0.4181801763541069,tvm
48,12,1,1,256,128,8,[48; 12; 1; 1; 256; 128; 8],0.005385826936617377,0.3210458047029487,tvm
8,4,197,1,384,96,6,[8; 4; 197; 1; 384; 96; 6],0.002726982655985921,0.6340697250353431,tvm
4,4,1,1,384,64,4,[4; 4; 1; 1; 384; 64; 4],0.004637881405869848,0.3728204737337059,tvm
4,2,1,1,128,128,8,[4; 2; 1; 1; 128; 128; 8],0.00350310646899743,0.4935896633915329,tvm
64,16,197,1,384,128,8,[64; 16; 197; 1; 384; 128; 8],0.005458172030557762,0.31679051762691496,tvm
12,3,1,1,48,48,3,[12; 3; 1; 1; 48; 48; 3],0.0031104007493922836,0.5559081553060252,tvm
16,1,1,1,384,32,2,[16; 1; 1; 1; 384; 32; 2],0.004039934688989888,0.42800126139897376,tvm
8,2,1,1,192,32,2,[8; 2; 1; 1; 192; 32; 2],0.004239790312567493,0.407826098788846,tvm
1,1,197,1,128,32,2,[1; 1; 197; 1; 128; 32; 2],0.01399194049736252,0.1235780800513751,tvm
8,1,197,1,32,16,1,[8; 1; 197; 1; 32; 16; 1],0.005256717906377162,0.32893093630904124,tvm
2,2,197,1,64,64,4,[2; 2; 197; 1; 64; 64; 4],0.006483629313152051,0.2666866132136313,tvm
24,4,197,1,384,128,8,[24; 4; 197; 1; 384; 128; 8],0.002776862280370551,0.6226801937856306,tvm
64,4,1,1,128,128,8,[64; 4; 1; 1; 128; 128; 8],0.0053016229376225965,0.32614487359837036,tvm
48,4,1,1,256,128,8,[48; 4; 1; 1; 256; 128; 8],0.005318828843883239,0.32508982590136165,tvm
12,1,1,1,192,16,1,[12; 1; 1; 1; 192; 16; 1],0.005957321967798634,0.2902473883740891,tvm
8,1,1,1,128,16,1,[8; 1; 1; 1; 128; 16; 1],0.003892613718562643,0.4441995193644891,tvm
8,1,197,1,256,16,1,[8; 1; 197; 1; 256; 16; 1],0.0058031689059134806,0.297957404116771,tvm
24,4,1,1,768,48,3,[24; 4; 1; 1; 768; 48; 3],0.005892903969652252,0.29342021383036027,tvm
24,12,1,1,16,16,1,[24; 12; 1; 1; 16; 16; 1],0.005290966219035909,0.3268017733010984,tvm
16,4,197,1,32,32,2,[16; 4; 197; 1; 32; 32; 2],0.0035549699059629347,0.486388686429339,tvm
24,1,197,1,384,128,8,[24; 1; 197; 1; 384; 128; 8],0.003390103343917872,0.5100426056212378,tvm
8,2,1,1,128,16,1,[8; 2; 1; 1; 128; 16; 1],0.004040573468955699,0.42793359807513515,tvm
24,1,197,1,768,96,6,[24; 1; 197; 1; 768; 96; 6],0.0062803907530906145,0.27531680922978313,tvm
24,8,197,1,16,16,1,[24; 8; 197; 1; 16; 16; 1],0.005310836155331344,0.32557907875229186,tvm
24,24,1,1,256,16,1,[24; 24; 1; 1; 256; 16; 1],0.005289045437166351,0.32692045538249725,tvm
24,12,197,1,384,32,2,[24; 12; 197; 1; 384; 32; 2],0.004041126812808216,0.42787500193679334,tvm
12,2,1,1,96,48,3,[12; 2; 1; 1; 96; 48; 3],0.003908424281689804,0.44240262014480397,tvm
24,8,197,1,64,64,4,[24; 8; 197; 1; 64; 64; 4],0.0036746479072462535,0.4705477059305287,tvm
24,24,1,1,256,32,2,[24; 24; 1; 1; 256; 32; 2],0.004310303625970846,0.4011543716871416,tvm
16,16,1,1,256,32,2,[16; 16; 1; 1; 256; 32; 2],0.003925687093214947,0.44045719941501915,tvm
4,1,197,1,192,96,6,[4; 1; 197; 1; 192; 96; 6],0.0033873386564664543,0.5104588936084922,tvm
4,2,1,1,384,16,1,[4; 2; 1; 1; 384; 16; 1],0.004874057687629829,0.3547551657514282,tvm
3,3,197,1,384,192,12,[3; 3; 197; 1; 384; 192; 12],0.005174209623874049,0.33417609036924334,tvm
24,6,197,1,256,16,1,[24; 6; 197; 1; 256; 16; 1],0.005324731811924721,0.3247294331302911,tvm
24,24,1,1,128,128,8,[24; 24; 1; 1; 128; 128; 8],0.0038675515625072876,0.4470779807098912,tvm
6,6,1,1,16,16,1,[6; 6; 1; 1; 16; 16; 1],0.005602173094302998,0.30864757545879984,tvm
4,1,1,1,768,32,2,[4; 1; 1; 1; 768; 32; 2],0.004007347470178502,0.4314817109633177,tvm
6,1,1,1,96,48,3,[6; 1; 1; 1; 96; 48; 3],0.003018682828042074,0.5727985486897409,tvm
16,1,1,1,768,32,2,[16; 1; 1; 1; 768; 32; 2],0.006278764562011929,0.2753881158912385,tvm
24,8,1,1,192,16,1,[24; 8; 1; 1; 192; 16; 1],0.005272302312732791,0.32795864885845294,tvm
8,8,1,1,128,128,8,[8; 8; 1; 1; 128; 128; 8],0.003633439437180641,0.47588439899767027,tvm
3,3,1,1,64,16,1,[3; 3; 1; 1; 64; 16; 1],0.00440301290655043,0.39270771618332945,tvm
4,1,197,1,128,32,2,[4; 1; 197; 1; 128; 32; 2],0.004174934094407945,0.4141615421362356,tvm
6,2,1,1,192,96,6,[6; 2; 1; 1; 192; 96; 6],0.003585120906791417,0.4822981393965417,tvm
16,2,1,1,384,48,3,[16; 2; 1; 1; 384; 48; 3],0.0036798103428736795,0.46988757075638754,tvm
16,1,1,1,384,16,1,[16; 1; 1; 1; 384; 16; 1],0.006227005655091489,0.27767714349887457,tvm
3,1,1,1,768,16,1,[3; 1; 1; 1; 768; 16; 1],0.005721299468859797,0.30222105175028285,tvm
24,2,1,1,128,32,2,[24; 2; 1; 1; 128; 32; 2],0.0043592984384304145,0.39664573721631047,tvm
12,12,1,1,384,96,6,[12; 12; 1; 1; 384; 96; 6],0.0030164676245476585,0.5732191947912697,tvm
64,2,197,1,256,128,8,[64; 2; 197; 1; 256; 128; 8],0.00544170749890327,0.31774900492274305,tvm
8,1,197,1,768,128,8,[8; 1; 197; 1; 768; 128; 8],0.0029253827033244306,0.5910669878823654,tvm
24,4,1,1,192,48,3,[24; 4; 1; 1; 192; 48; 3],0.003921494188034558,0.4409281411491168,tvm
32,8,1,1,192,192,12,[32; 8; 1; 1; 192; 192; 12],0.003395749719857122,0.5091945182962117,tvm
12,3,1,1,96,16,1,[12; 3; 1; 1; 96; 16; 1],0.004254426594343386,0.406423075945445,tvm
12,1,197,1,192,32,2,[12; 1; 197; 1; 192; 32; 2],0.0034721460306172958,0.4979909046480211,tvm
8,4,1,1,256,16,1,[8; 4; 1; 1; 256; 16; 1],0.004179493374977028,0.4137097460686001,tvm
24,24,1,1,768,128,8,[24; 24; 1; 1; 768; 128; 8],0.005730441967898514,0.30173888027195966,tvm
16,16,1,1,64,16,1,[16; 16; 1; 1; 64; 16; 1],0.004879618374616257,0.3543508959331522,tvm
12,6,197,1,768,32,2,[12; 6; 197; 1; 768; 32; 2],0.003672326061860076,0.4708452119257991,tvm
2,1,197,1,128,32,2,[2; 1; 197; 1; 128; 32; 2],0.007026861312624533,0.24606962709661406,tvm
12,4,1,1,128,32,2,[12; 4; 1; 1; 128; 32; 2],0.004343075499491533,0.39812735078162403,tvm
4,4,197,1,192,48,3,[4; 4; 197; 1; 192; 48; 3],0.004665749813284492,0.37059362633075493,tvm
1,1,197,1,48,16,1,[1; 1; 197; 1; 48; 16; 1],0.015682474375353195,0.11025665347648309,tvm
6,1,1,1,96,32,2,[6; 1; 1; 1; 96; 32; 2],0.0032586678134975955,0.530614730257291,tvm
16,1,197,1,192,32,2,[16; 1; 197; 1; 192; 32; 2],0.0035682194684341084,0.4845826211513684,tvm
48,2,197,1,384,128,8,[48; 2; 197; 1; 384; 128; 8],0.005522542000107933,0.3130980520969056,tvm
16,16,1,1,768,96,6,[16; 16; 1; 1; 768; 96; 6],0.006088049218305969,0.28401497439573475,tvm
6,3,197,1,384,128,8,[6; 3; 197; 1; 384; 128; 8],0.0034512177808210254,0.5010107308979499,tvm
6,2,1,1,96,16,1,[6; 2; 1; 1; 96; 16; 1],0.0033347178123221966,0.5185137814263966,tvm
2,2,197,1,384,16,1,[2; 2; 197; 1; 384; 16; 1],0.009466656876611523,0.18265129553064063,tvm
12,12,1,1,64,32,2,[12; 12; 1; 1; 64; 32; 2],0.004059140781464521,0.4259761451863938,tvm
12,4,1,1,768,16,1,[12; 4; 1; 1; 768; 16; 1],0.004853127280512126,0.35628514211864637,tvm
24,6,1,1,384,48,3,[24; 6; 1; 1; 384; 48; 3],0.005046391748692258,0.34264029210677666,tvm
24,1,1,1,384,32,2,[24; 1; 1; 1; 384; 32; 2],0.007064206311042653,0.24476877751351145,tvm
6,3,1,1,256,32,2,[6; 3; 1; 1; 256; 32; 2],0.004222241062961984,0.40952118012043287,tvm
24,1,197,1,32,32,2,[24; 1; 197; 1; 32; 32; 2],0.006625159876421094,0.2609894968740286,tvm
4,4,1,1,64,32,2,[4; 4; 1; 1; 64; 32; 2],0.0034187816236226354,0.5057641385778082,tvm
16,1,197,1,96,48,3,[16; 1; 197; 1; 96; 48; 3],0.005548355187784182,0.3116413935906802,tvm
24,12,197,1,128,64,4,[24; 12; 197; 1; 128; 64; 4],0.003718107156601036,0.46504768959854914,tvm
24,1,197,1,768,32,2,[24; 1; 197; 1; 768; 32; 2],0.007642092812602641,0.22625963662802862,tvm
3,3,1,1,192,16,1,[3; 3; 1; 1; 192; 16; 1],0.0042321947494201595,0.40855802845415873,tvm
12,12,197,1,96,16,1,[12; 12; 197; 1; 96; 16; 1],0.005240126249191235,0.32997242063089854,tvm
8,2,1,1,64,32,2,[8; 2; 1; 1; 64; 32; 2],0.0033074277507694205,0.5227921131322961,tvm
8,1,1,1,192,48,3,[8; 1; 1; 1; 192; 48; 3],0.003900048470313777,0.44335273164387845,tvm
24,3,1,1,384,16,1,[24; 3; 1; 1; 384; 16; 1],0.0060808190628449665,0.28435267107720336,tvm
24,6,1,1,384,64,4,[24; 6; 1; 1; 384; 64; 4],0.004836675187107176,0.3574970565454322,tvm
8,4,1,1,384,192,12,[8; 4; 1; 1; 384; 192; 12],0.0031563848115183646,0.5478093597926573,tvm
4,1,1,1,768,16,1,[4; 1; 1; 1; 768; 16; 1],0.0043676830628101015,0.39588429791988333,tvm
24,1,197,1,768,48,3,[24; 1; 197; 1; 768; 48; 3],0.005165858186956029,0.3347163395277038,tvm
2,1,1,1,256,32,2,[2; 1; 1; 1; 256; 32; 2],0.006205266468896298,0.27864994219413264,tvm
6,6,197,1,384,192,12,[6; 6; 197; 1; 384; 192; 12],0.004809696813026676,0.3595023158578359,tvm
8,8,1,1,192,48,3,[8; 8; 1; 1; 192; 48; 3],0.0038147763752931496,0.4532630415915976,tvm
12,2,1,1,32,16,1,[12; 2; 1; 1; 32; 16; 1],0.003854820093692979,0.4485545630744703,tvm
24,8,1,1,256,16,1,[24; 8; 1; 1; 256; 16; 1],0.0054990087173791835,0.31443797086417913,tvm
3,3,197,1,128,16,1,[3; 3; 197; 1; 128; 16; 1],0.007673023937968537,0.22534754965392795,tvm
12,2,197,1,96,48,3,[12; 2; 197; 1; 96; 48; 3],0.0031265966572391335,0.553028526674106,tvm
1,1,1,1,768,16,1,[1; 1; 1; 1; 768; 16; 1],0.01214924012310803,0.14232142301380438,tvm
2,2,197,1,768,192,12,[2; 2; 197; 1; 768; 192; 12],0.006477396687841974,0.26694322212852045,tvm
16,4,1,1,64,32,2,[16; 4; 1; 1; 64; 32; 2],0.004152419343881775,0.41640715921546206,tvm
16,2,1,1,384,32,2,[16; 2; 1; 1; 384; 32; 2],0.004017419469164452,0.4303999510453816,tvm
12,12,1,1,768,48,3,[12; 12; 1; 1; 768; 48; 3],0.0046734615934838075,0.36998210176114793,tvm
12,12,1,1,384,64,4,[12; 12; 1; 1; 384; 64; 4],0.003301849061244866,0.5236754045338575,tvm
16,4,197,1,256,128,8,[16; 4; 197; 1; 256; 128; 8],0.0027097924994450295,0.6380920838814282,tvm
8,8,197,1,384,128,8,[8; 8; 197; 1; 384; 128; 8],0.003577991657948587,0.48325913198146103,tvm
24,24,1,1,256,64,4,[24; 24; 1; 1; 256; 64; 4],0.003471135500149103,0.4981358816971764,tvm
8,4,1,1,256,32,2,[8; 4; 1; 1; 256; 32; 2],0.003757186968869064,0.46021056635826973,tvm
12,1,1,1,192,192,12,[12; 1; 1; 1; 192; 192; 12],0.003273850843470427,0.5281539158406566,tvm
24,8,197,1,768,96,6,[24; 8; 197; 1; 768; 96; 6],0.003025525734301482,0.5715030360686547,tvm
24,2,197,1,64,16,1,[24; 2; 197; 1; 64; 16; 1],0.005312168219461455,0.3254974374724221,tvm
8,4,197,1,256,16,1,[8; 4; 197; 1; 256; 16; 1],0.0057933012813009555,0.29846490953925553,tvm
24,8,197,1,192,64,4,[24; 8; 197; 1; 192; 64; 4],0.0037295691872714087,0.46361846530648976,tvm
12,1,1,1,128,32,2,[12; 1; 1; 1; 128; 32; 2],0.004076511093444424,0.4241610296701419,tvm
24,2,197,1,64,64,4,[24; 2; 197; 1; 64; 64; 4],0.003493719999823952,0.49491577543256804,tvm
24,2,1,1,96,32,2,[24; 2; 1; 1; 96; 32; 2],0.00458869293834141,0.37681692065499756,tvm
6,1,197,1,256,128,8,[6; 1; 197; 1; 256; 128; 8],0.003570911094357143,0.48421735998678656,tvm
24,8,197,1,192,32,2,[24; 8; 197; 1; 192; 32; 2],0.004006210407169419,0.43160417629657977,tvm
16,2,1,1,48,16,1,[16; 2; 1; 1; 48; 16; 1],0.005379624686611351,0.3214159432275021,tvm
4,2,197,1,384,128,8,[4; 2; 197; 1; 384; 128; 8],0.003513964844387374,0.49206443986453546,tvm
4,4,1,1,96,48,3,[4; 4; 1; 1; 96; 48; 3],0.0038689438115397934,0.4469170985889771,tvm
24,2,197,1,384,16,1,[24; 2; 197; 1; 384; 16; 1],0.005561706500884611,0.31089327395865335,tvm
12,3,1,1,256,32,2,[12; 3; 1; 1; 256; 32; 2],0.003727435248947586,0.46388388459473323,tvm
48,3,197,1,384,128,8,[48; 3; 197; 1; 384; 128; 8],0.005454669217215269,0.31699395032058164,tvm
16,16,1,1,96,32,2,[16; 16; 1; 1; 96; 32; 2],0.004541654594504507,0.38071964894674837,tvm
24,3,1,1,64,64,4,[24; 3; 1; 1; 64; 64; 4],0.0036414302194316406,0.4748401146423788,tvm
4,4,1,1,384,16,1,[4; 4; 1; 1; 384; 16; 1],0.003980725781730143,0.43436730829161135,tvm
16,16,1,1,96,16,1,[16; 16; 1; 1; 96; 16; 1],0.004810585343875573,0.3594359146041306,tvm
16,2,1,1,768,96,6,[16; 2; 1; 1; 768; 96; 6],0.006067842718039174,0.28496077159625216,tvm
4,4,197,1,128,16,1,[4; 4; 197; 1; 128; 16; 1],0.006667569497949444,0.2593294518173245,tvm
1,1,197,1,256,128,8,[1; 1; 197; 1; 256; 128; 8],0.012513045003288426,0.13818356302584514,tvm
64,64,1,1,384,128,8,[64; 64; 1; 1; 384; 128; 8],0.006250423564779339,0.27663679508065236,tvm
12,2,197,1,768,48,3,[12; 2; 197; 1; 768; 48; 3],0.0033585242181288777,0.5148383726172647,tvm
6,3,197,1,192,32,2,[6; 3; 197; 1; 192; 32; 2],0.0036852835946774576,0.46918971048915337,tvm
16,1,197,1,768,96,6,[16; 1; 197; 1; 768; 96; 6],0.005779450781119522,0.29918018309037386,tvm
12,2,197,1,384,96,6,[12; 2; 197; 1; 384; 96; 6],0.0035442813441477483,0.4878554987493292,tvm
6,3,197,1,96,16,1,[6; 3; 197; 1; 96; 16; 1],0.00600248874980025,0.28806337086673983,tvm
6,2,197,1,96,16,1,[6; 2; 197; 1; 96; 16; 1],0.00599719156161882,0.2883178109438959,tvm
48,12,197,1,768,128,8,[48; 12; 197; 1; 768; 128; 8],0.005416395562860998,0.3192339117019391,tvm
8,1,1,1,96,32,2,[8; 1; 1; 1; 96; 32; 2],0.003900555280779372,0.44329512553701095,tvm
2,1,1,1,192,32,2,[2; 1; 1; 1; 192; 32; 2],0.006256770626350772,0.2763561661626118,tvm
12,3,197,1,128,32,2,[12; 3; 197; 1; 128; 32; 2],0.00352998990638298,0.4898306195523573,tvm
8,4,197,1,96,96,6,[8; 4; 197; 1; 96; 96; 6],0.0027065299536843668,0.6388612623715262,tvm
32,4,1,1,384,128,8,[32; 4; 1; 1; 384; 128; 8],0.005039381687311106,0.34311692388987264,tvm
8,4,1,1,128,128,8,[8; 4; 1; 1; 128; 128; 8],0.003660642561953864,0.4723479863421134,tvm
1,1,197,1,192,96,6,[1; 1; 197; 1; 192; 96; 6],0.01266465662047267,0.13652933472053422,tvm
6,1,1,1,768,96,6,[6; 1; 1; 1; 768; 96; 6],0.0030952881716075353,0.5586223469329311,tvm
12,12,197,1,32,32,2,[12; 12; 197; 1; 32; 32; 2],0.0034413537177897524,0.5024467940969679,tvm
4,2,197,1,48,48,3,[4; 2; 197; 1; 48; 48; 3],0.004019393782073166,0.4301885400154275,tvm
3,3,197,1,48,16,1,[3; 3; 197; 1; 48; 16; 1],0.007088548500178149,0.2439282376093903,tvm
2,1,1,1,768,32,2,[2; 1; 1; 1; 768; 32; 2],0.006063767657906283,0.2851522750220563,tvm
6,3,1,1,128,32,2,[6; 3; 1; 1; 128; 32; 2],0.0037649923433491495,0.45925648319354195,tvm
16,1,1,1,192,16,1,[16; 1; 1; 1; 192; 16; 1],0.006185438998727477,0.2795431566317068,tvm
6,1,1,1,768,48,3,[6; 1; 1; 1; 768; 48; 3],0.0034003780310740694,0.508501445149902,tvm
8,2,197,1,64,32,2,[8; 2; 197; 1; 64; 32; 2],0.0035468200312607223,0.48750630920580784,tvm
2,1,197,1,96,32,2,[2; 1; 197; 1; 96; 32; 2],0.006880109438498039,0.25131826147733677,tvm
8,4,197,1,128,64,4,[8; 4; 197; 1; 128; 64; 4],0.003085883609855955,0.5603248085360727,tvm
12,2,197,1,256,128,8,[12; 2; 197; 1; 256; 128; 8],0.0037870379383093677,0.4565829999656821,tvm
16,16,197,1,384,128,8,[16; 16; 197; 1; 384; 128; 8],0.0037402852194645675,0.4622901841439429,tvm
3,3,197,1,48,48,3,[3; 3; 197; 1; 48; 48; 3],0.004520676406173152,0.3824863775907508,tvm
12,12,197,1,192,48,3,[12; 12; 197; 1; 192; 48; 3],0.00369097525071993,0.4684661980650994,tvm
12,1,197,1,256,16,1,[12; 1; 197; 1; 256; 16; 1],0.005354493061531684,0.32292452767928775,tvm
24,2,1,1,768,48,3,[24; 2; 1; 1; 768; 48; 3],0.006031729937603814,0.2866668701589863,tvm
3,1,1,1,48,48,3,[3; 1; 1; 1; 48; 48; 3],0.004529570374870673,0.3817353523084431,tvm
1,1,197,1,192,16,1,[1; 1; 197; 1; 192; 16; 1],0.018818472752172966,0.0918829686993321,tvm
3,1,197,1,48,16,1,[3; 1; 197; 1; 48; 16; 1],0.007042436314804945,0.24552542125544713,tvm
32,32,1,1,192,192,12,[32; 32; 1; 1; 192; 192; 12],0.004258787532307906,0.40600690448629095,tvm
12,12,197,1,768,32,2,[12; 12; 197; 1; 768; 32; 2],0.003588511406633188,0.4818424541332072,tvm
24,8,197,1,768,16,1,[24; 8; 197; 1; 768; 16; 1],0.005744926687839325,0.30097810412746256,tvm
8,4,1,1,384,48,3,[8; 4; 1; 1; 384; 48; 3],0.0032560526869929163,0.5310408980064838,tvm
8,8,1,1,48,48,3,[8; 8; 1; 1; 48; 48; 3],0.0036033017495356034,0.47986465276742096,tvm
24,1,1,1,16,16,1,[24; 1; 1; 1; 16; 16; 1],0.005294363032589899,0.3265921003553287,tvm
3,3,197,1,192,48,3,[3; 3; 197; 1; 192; 48; 3],0.004669913125326275,0.3702632354079039,tvm
16,1,1,1,128,32,2,[16; 1; 1; 1; 128; 32; 2],0.004167465905993595,0.41490372851530183,tvm
24,3,197,1,128,32,2,[24; 3; 197; 1; 128; 32; 2],0.004039214343720232,0.4280775902733091,tvm
24,12,1,1,96,32,2,[24; 12; 1; 1; 96; 32; 2],0.004564029750326881,0.37885317087017295,tvm
6,1,197,1,192,96,6,[6; 1; 197; 1; 192; 96; 6],0.002954565969048417,0.5852288156605406,tvm
12,6,1,1,256,128,8,[12; 6; 1; 1; 256; 128; 8],0.0029024815621596645,0.5957306207900817,tvm
3,1,197,1,192,32,2,[3; 1; 197; 1; 192; 32; 2],0.004962597842677496,0.34842580391810146,tvm
24,12,1,1,128,64,4,[24; 12; 1; 1; 128; 64; 4],0.003542844093317399,0.48805341056881646,tvm
12,3,1,1,768,16,1,[12; 3; 1; 1; 768; 16; 1],0.005149692875420442,0.335767041780326,tvm
24,8,197,1,384,32,2,[24; 8; 197; 1; 384; 32; 2],0.004040366282424657,0.4279555421444359,tvm
6,2,1,1,32,32,2,[6; 2; 1; 1; 32; 32; 2],0.0034418920004100073,0.5023682156939172,tvm
3,3,197,1,64,64,4,[3; 3; 197; 1; 64; 64; 4],0.004411874906509183,0.39191889604713653,tvm
64,32,197,1,128,128,8,[64; 32; 197; 1; 128; 128; 8],0.005316877031873446,0.32520916554804746,tvm
24,24,197,1,384,128,8,[24; 24; 197; 1; 384; 128; 8],0.003832288468402112,0.4511918027867294,tvm
8,8,1,1,192,64,4,[8; 8; 1; 1; 192; 64; 4],0.004319441686675418,0.40030570344103705,tvm
6,3,1,1,48,48,3,[6; 3; 1; 1; 48; 48; 3],0.003429837624935317,0.5041338197139148,tvm
24,2,197,1,48,48,3,[24; 2; 197; 1; 48; 48; 3],0.00554594015738985,0.31177710068745634,tvm
24,1,1,1,192,16,1,[24; 1; 1; 1; 192; 16; 1],0.0069875043773208745,0.2474556078231907,tvm
12,2,197,1,96,16,1,[12; 2; 197; 1; 96; 16; 1],0.00523815821907192,0.3300963946758177,tvm
12,1,197,1,128,16,1,[12; 1; 197; 1; 128; 16; 1],0.005250675905699609,0.32930944013897484,tvm
6,6,1,1,384,16,1,[6; 6; 1; 1; 384; 16; 1],0.003706301687998348,0.4665289791320176,tvm
24,4,197,1,96,96,6,[24; 4; 197; 1; 96; 96; 6],0.003480850031337468,0.4967456590460352,tvm
12,4,197,1,256,128,8,[12; 4; 197; 1; 256; 128; 8],0.0037679164688597666,0.4589000730635613,tvm
12,4,1,1,48,48,3,[12; 4; 1; 1; 48; 48; 3],0.003144467873426038,0.5498854535833481,tvm
12,3,197,1,96,32,2,[12; 3; 197; 1; 96; 32; 2],0.0034456576559023233,0.501819192598906,tvm
16,4,197,1,768,32,2,[16; 4; 197; 1; 768; 32; 2],0.003716171562700765,0.4652899129340799,tvm
24,12,1,1,32,16,1,[24; 12; 1; 1; 32; 16; 1],0.006323965939373011,0.2734197431538624,tvm
24,24,197,1,128,64,4,[24; 24; 197; 1; 128; 64; 4],0.0036890477804263355,0.46871096439344967,tvm
12,1,1,1,256,16,1,[12; 1; 1; 1; 256; 16; 1],0.006080717032091343,0.28435744234302146,tvm
24,8,1,1,32,32,2,[24; 8; 1; 1; 32; 32; 2],0.00400996406278864,0.43120015934873007,tvm
16,2,197,1,384,192,12,[16; 2; 197; 1; 384; 192; 12],0.0028647500312217744,0.6035769697224536,tvm
24,24,1,1,128,64,4,[24; 24; 1; 1; 128; 64; 4],0.0035559067819121992,0.48626053743943076,tvm
12,12,1,1,128,64,4,[12; 12; 1; 1; 128; 64; 4],0.004270407718649949,0.40490212100960266,tvm
32,32,197,1,384,128,8,[32; 32; 197; 1; 384; 128; 8],0.0038559558743145317,0.44842244030204886,tvm
4,4,197,1,128,32,2,[4; 4; 197; 1; 128; 32; 2],0.0038088601249910425,0.45396708887050796,tvm
24,8,197,1,128,32,2,[24; 8; 197; 1; 128; 32; 2],0.0039039604998833966,0.4429084625494514,tvm
12,2,1,1,192,96,6,[12; 2; 1; 1; 192; 96; 6],0.003575933562387945,0.4835372673150231,tvm
8,4,1,1,768,64,4,[8; 4; 1; 1; 768; 64; 4],0.0031689164370618528,0.5456430225280167,tvm
24,2,1,1,96,16,1,[24; 2; 1; 1; 96; 16; 1],0.0056374411869910546,0.3067166619577696,tvm
24,4,1,1,192,192,12,[24; 4; 1; 1; 192; 192; 12],0.0025319361720903544,0.682914981000334,tvm
6,6,1,1,768,16,1,[6; 6; 1; 1; 768; 16; 1],0.003686848687721067,0.4689905361768293,tvm
6,3,1,1,768,16,1,[6; 3; 1; 1; 768; 16; 1],0.0038760254701628583,0.4461005625911152,tvm
1,1,1,1,256,64,4,[1; 1; 1; 1; 256; 64; 4],0.012295167311094701,0.14063225811468785,tvm
2,2,1,1,16,16,1,[2; 2; 1; 1; 16; 16; 1],0.0056129421882360475,0.3080553985539156,tvm
12,6,197,1,768,16,1,[12; 6; 197; 1; 768; 16; 1],0.005005019562304369,0.3454726043190621,tvm
16,4,197,1,96,32,2,[16; 4; 197; 1; 96; 32; 2],0.003269961500336649,0.5287821103334486,tvm
48,16,197,1,384,128,8,[48; 16; 197; 1; 384; 128; 8],0.005596100874754484,0.3089824829029736,tvm
8,8,1,1,192,16,1,[8; 8; 1; 1; 192; 16; 1],0.004178702751232777,0.41378802125780173,tvm
16,16,197,1,16,16,1,[16; 16; 197; 1; 16; 16; 1],0.004900962654573959,0.35280765529674357,tvm
12,6,197,1,768,192,12,[12; 6; 197; 1; 768; 192; 12],0.003183922188327415,0.5430714196459292,tvm
4,2,1,1,48,16,1,[4; 2; 1; 1; 48; 16; 1],0.0038408423752116505,0.45018695742802006,tvm
32,2,1,1,384,128,8,[32; 2; 1; 1; 384; 128; 8],0.005015752563849674,0.34473334177594117,tvm
12,2,197,1,384,128,8,[12; 2; 197; 1; 384; 128; 8],0.003810369000348146,0.4537873215688975,tvm
3,1,197,1,256,64,4,[3; 1; 197; 1; 256; 64; 4],0.0044736068757629255,0.3865107486813454,tvm
4,1,197,1,64,16,1,[4; 1; 197; 1; 64; 16; 1],0.006666068686172366,0.2593878377586872,tvm
12,1,197,1,384,16,1,[12; 1; 197; 1; 384; 16; 1],0.005270796498734853,0.328052343373943,tvm
16,16,197,1,32,16,1,[16; 16; 197; 1; 32; 16; 1],0.004827839000427048,0.3581513680767306,tvm
1,1,197,1,384,16,1,[1; 1; 197; 1; 384; 16; 1],0.01970217336929636,0.08776174640467573,tvm
16,16,197,1,768,128,8,[16; 16; 197; 1; 768; 128; 8],0.0026599041721055983,0.6500599386211638,tvm
12,1,197,1,48,48,3,[12; 1; 197; 1; 48; 48; 3],0.003982744749009726,0.43414711507361037,tvm
16,2,1,1,768,16,1,[16; 2; 1; 1; 768; 16; 1],0.00690420556202298,0.2504411445059155,tvm
32,1,197,1,768,192,12,[32; 1; 197; 1; 768; 192; 12],0.004404020188303548,0.39261789658670937,tvm
12,3,1,1,384,128,8,[12; 3; 1; 1; 384; 128; 8],0.0028323343285592273,0.6104848306296922,tvm
12,1,1,1,128,64,4,[12; 1; 1; 1; 128; 64; 4],0.004367800811451161,0.39587362553803507,tvm
16,1,1,1,32,16,1,[16; 1; 1; 1; 32; 16; 1],0.00469196809353889,0.36852278369885105,tvm
6,2,1,1,192,16,1,[6; 2; 1; 1; 192; 16; 1],0.004082148967427202,0.42357521899719314,tvm
12,12,1,1,48,16,1,[12; 12; 1; 1; 48; 16; 1],0.004121778656553943,0.4195026678853185,tvm
8,8,197,1,768,64,4,[8; 8; 197; 1; 768; 64; 4],0.0030751766244065948,0.5622757174771384,tvm
6,6,1,1,128,64,4,[6; 6; 1; 1; 128; 64; 4],0.003753385437448742,0.46067668020592306,tvm
24,4,197,1,384,16,1,[24; 4; 197; 1; 384; 16; 1],0.0055315170939138625,0.31259003877247504,tvm
12,6,197,1,48,48,3,[12; 6; 197; 1; 48; 48; 3],0.0031775200004631188,0.5441656205484559,tvm
12,4,1,1,384,48,3,[12; 4; 1; 1; 384; 48; 3],0.0034966314051416703,0.49450369298707547,tvm
24,12,1,1,256,16,1,[24; 12; 1; 1; 256; 16; 1],0.005429540937257116,0.3184610196033708,tvm
32,8,197,1,768,192,12,[32; 8; 197; 1; 768; 192; 12],0.0030951564685892663,0.558646117055673,tvm
24,4,197,1,48,16,1,[24; 4; 197; 1; 48; 16; 1],0.005301640843754285,0.3261437720539187,tvm
3,1,197,1,768,96,6,[3; 1; 197; 1; 768; 96; 6],0.004397262218844844,0.3932212947062717,tvm
24,12,1,1,192,32,2,[24; 12; 1; 1; 192; 32; 2],0.004220481281663524,0.4096919349860522,tvm
64,8,197,1,384,128,8,[64; 8; 197; 1; 384; 128; 8],0.005390397438532091,0.3207735909224551,tvm
24,4,1,1,64,64,4,[24; 4; 1; 1; 64; 64; 4],0.0036326259996712906,0.4759909616386618,tvm
24,6,1,1,768,128,8,[24; 6; 1; 1; 768; 128; 8],0.005638893531795475,0.3066376644828374,tvm
1,1,197,1,128,128,8,[1; 1; 197; 1; 128; 128; 8],0.012500227378041018,0.1383252552585263,tvm
6,1,1,1,192,16,1,[6; 1; 1; 1; 192; 16; 1],0.005647397811117116,0.3061759062648906,tvm
8,8,197,1,768,192,12,[8; 8; 197; 1; 768; 192; 12],0.004467375749300118,0.38704985653558066,tvm
64,4,1,1,768,128,8,[64; 4; 1; 1; 768; 128; 8],0.005257360155155766,0.32889075350134783,tvm
6,6,197,1,256,128,8,[6; 6; 197; 1; 256; 128; 8],0.003536339874699479,0.48895106356373136,tvm
12,6,197,1,48,16,1,[12; 6; 197; 1; 48; 16; 1],0.005237007062532939,0.3301689537956905,tvm
4,1,197,1,768,128,8,[4; 1; 197; 1; 768; 128; 8],0.00345899796775484,0.4998838273326486,tvm
16,8,1,1,256,32,2,[16; 8; 1; 1; 256; 32; 2],0.0038927997829887317,0.4441782879286982,tvm
32,8,197,1,192,192,12,[32; 8; 197; 1; 192; 192; 12],0.003436841061557061,0.5031065190060826,tvm
1,1,1,1,128,64,4,[1; 1; 1; 1; 128; 64; 4],0.012505261627666187,0.13826956958915207,tvm
12,1,1,1,384,64,4,[12; 1; 1; 1; 384; 64; 4],0.00313970549905207,0.550719531936733,tvm
24,3,197,1,192,192,12,[24; 3; 197; 1; 192; 192; 12],0.0026830607812371454,0.6444494865523938,tvm
12,1,1,1,96,32,2,[12; 1; 1; 1; 96; 32; 2],0.004319005969591672,0.40034608774125297,tvm
3,1,197,1,192,16,1,[3; 1; 197; 1; 192; 16; 1],0.0073109808763547335,0.23650686167835708,tvm
4,4,1,1,192,32,2,[4; 4; 1; 1; 192; 32; 2],0.0038157951548782876,0.4531420248402448,tvm
16,16,197,1,96,48,3,[16; 16; 197; 1; 96; 48; 3],0.003730922813701909,0.4634502586081356,tvm
12,12,1,1,128,16,1,[12; 12; 1; 1; 128; 16; 1],0.004256856125721242,0.4061911165870518,tvm
12,4,197,1,64,16,1,[12; 4; 197; 1; 64; 16; 1],0.004380755750389653,0.39470293286799785,tvm
3,3,197,1,768,64,4,[3; 3; 197; 1; 768; 64; 4],0.004504962187638739,0.38382056737382814,tvm
4,2,1,1,128,64,4,[4; 2; 1; 1; 128; 64; 4],0.0033264546564168995,0.5198018074653826,tvm
4,2,197,1,768,96,6,[4; 2; 197; 1; 768; 96; 6],0.003499611124425428,0.4940826512948717,tvm
24,3,1,1,384,192,12,[24; 3; 1; 1; 384; 192; 12],0.004226257873597206,0.4091319542187356,tvm
3,3,1,1,768,192,12,[3; 3; 1; 1; 768; 192; 12],0.0050152735930169,0.34476626464898746,tvm
4,4,1,1,64,64,4,[4; 4; 1; 1; 64; 64; 4],0.003347830186612555,0.5164829296812992,tvm
4,4,197,1,768,64,4,[4; 4; 197; 1; 768; 64; 4],0.0036879969065921614,0.4688445209285409,tvm
12,1,1,1,128,128,8,[12; 1; 1; 1; 128; 128; 8],0.003261128373196698,0.530214375204803,tvm
6,1,1,1,48,16,1,[6; 1; 1; 1; 48; 16; 1],0.0030424307342400425,0.5683275294972484,tvm
12,2,1,1,16,16,1,[12; 2; 1; 1; 16; 16; 1],0.0042067599370057,0.41102824234079893,tvm
12,12,197,1,768,64,4,[12; 12; 197; 1; 768; 64; 4],0.002995388858835213,0.5772529792774617,tvm
32,32,197,1,768,128,8,[32; 32; 197; 1; 768; 128; 8],0.0025394685935680172,0.6808893589929056,tvm
12,12,197,1,64,16,1,[12; 12; 197; 1; 64; 16; 1],0.0043512605006981175,0.39737844759690344,tvm
4,4,1,1,192,16,1,[4; 4; 1; 1; 192; 16; 1],0.003670769030577503,0.4710449304910674,tvm
6,1,197,1,64,64,4,[6; 1; 197; 1; 64; 64; 4],0.00309098664092744,0.559399746334178,tvm
16,1,1,1,64,16,1,[16; 1; 1; 1; 64; 16; 1],0.004953186500642914,0.34908783318227754,tvm
12,3,1,1,96,32,2,[12; 3; 1; 1; 96; 32; 2],0.0045044178750686115,0.38386694814161865,tvm
8,8,197,1,768,128,8,[8; 8; 197; 1; 768; 128; 8],0.0029019741878073546,0.5958347769328703,tvm
48,4,197,1,128,128,8,[48; 4; 197; 1; 128; 128; 8],0.005426260531748994,0.31865354284782554,tvm
24,4,197,1,192,64,4,[24; 4; 197; 1; 192; 64; 4],0.003690156499942532,0.46857013866053393,tvm
6,2,197,1,768,96,6,[6; 2; 197; 1; 768; 96; 6],0.003099713343544863,0.5578248538555923,tvm
12,3,1,1,256,128,8,[12; 3; 1; 1; 256; 128; 8],0.002920509155956097,0.5920533203365639,tvm
16,4,197,1,96,96,6,[16; 4; 197; 1; 96; 96; 6],0.003576338092898368,0.48348257293980623,tvm
24,6,1,1,768,64,4,[24; 6; 1; 1; 768; 64; 4],0.005727823874622118,0.3018768001087004,tvm
32,2,197,1,192,192,12,[32; 2; 197; 1; 192; 192; 12],0.003501204748317832,0.49385776244245483,tvm
8,4,1,1,128,16,1,[8; 4; 1; 1; 128; 16; 1],0.00453528553043725,0.3812543071991411,tvm
4,2,197,1,96,32,2,[4; 2; 197; 1; 96; 32; 2],0.004092553124792175,0.42249839895357455,tvm
24,2,197,1,256,64,4,[24; 2; 197; 1; 256; 64; 4],0.0035177101563022006,0.49154053802851144,tvm
3,3,197,1,192,16,1,[3; 3; 197; 1; 192; 16; 1],0.007344338875554968,0.2354326471252983,tvm
24,12,197,1,256,64,4,[24; 12; 197; 1; 256; 64; 4],0.003732045532160555,0.46331083797258343,tvm
12,6,1,1,768,32,2,[12; 6; 1; 1; 768; 32; 2],0.004726198469143128,0.36585368857153233,tvm
2,1,1,1,96,32,2,[2; 1; 1; 1; 96; 32; 2],0.006356834186590277,0.2720060162186813,tvm
24,6,197,1,768,128,8,[24; 6; 197; 1; 768; 128; 8],0.002407148453130503,0.7183176179302307,tvm
12,6,197,1,128,16,1,[12; 6; 197; 1; 128; 16; 1],0.004372380188215175,0.39545901052190247,tvm
6,3,1,1,768,96,6,[6; 3; 1; 1; 768; 96; 6],0.0030923468120818143,0.5591536939199548,tvm
24,8,1,1,96,32,2,[24; 8; 1; 1; 96; 32; 2],0.004471841999475146,0.38666329066637073,tvm
6,6,1,1,256,32,2,[6; 6; 1; 1; 256; 32; 2],0.004184946343229967,0.41317068393345635,tvm
6,3,1,1,64,16,1,[6; 3; 1; 1; 64; 16; 1],0.003226558219466824,0.5358952249567247,tvm
24,24,1,1,192,32,2,[24; 24; 1; 1; 192; 32; 2],0.004246398155373754,0.4071914784224828,tvm
8,4,197,1,128,128,8,[8; 4; 197; 1; 128; 128; 8],0.0036573733123077545,0.4727702083455367,tvm
1,1,197,1,384,48,3,[1; 1; 197; 1; 384; 48; 3],0.01389630574703915,0.12442854772575487,tvm
3,3,1,1,128,32,2,[3; 3; 1; 1; 128; 32; 2],0.004260192250512773,0.40587303135181796,tvm
6,3,197,1,192,64,4,[6; 3; 197; 1; 192; 64; 4],0.0028074538431610563,0.615895127561657,tvm
16,8,197,1,768,64,4,[16; 8; 197; 1; 768; 64; 4],0.0029670050307686324,0.5827752649307786,tvm
12,2,197,1,768,128,8,[12; 2; 197; 1; 768; 128; 8],0.0028346228746158886,0.6099919528418565,tvm
32,2,1,1,256,128,8,[32; 2; 1; 1; 256; 128; 8],0.0032479024685017066,0.532373480923765,tvm
48,2,1,1,768,128,8,[48; 2; 1; 1; 768; 128; 8],0.005344692999642575,0.3235166440753053,tvm
4,2,1,1,256,128,8,[4; 2; 1; 1; 256; 128; 8],0.004518557594565209,0.382665730528001,tvm
8,4,197,1,192,96,6,[8; 4; 197; 1; 192; 96; 6],0.002550446656641725,0.6779585600641082,tvm
32,32,197,1,768,192,12,[32; 32; 197; 1; 768; 192; 12],0.004190447187284008,0.4126283104352493,tvm
6,6,197,1,768,48,3,[6; 6; 197; 1; 768; 48; 3],0.003913891749107279,0.4417846107398175,tvm
24,4,197,1,384,192,12,[24; 4; 197; 1; 384; 192; 12],0.002593067561974749,0.6668153071724633,tvm
16,8,197,1,384,96,6,[16; 8; 197; 1; 384; 96; 6],0.0035244292175775627,0.49060345267640215,tvm
4,2,197,1,192,192,12,[4; 2; 197; 1; 192; 192; 12],0.003429563312238315,0.5041741427215822,tvm
12,1,1,1,768,48,3,[12; 1; 1; 1; 768; 48; 3],0.004673495717725018,0.36997940028044773,tvm
16,4,197,1,192,48,3,[16; 4; 197; 1; 192; 48; 3],0.003246187874538009,0.5326546736310586,tvm
16,4,197,1,64,16,1,[16; 4; 197; 1; 64; 16; 1],0.004920213938021334,0.3514272274820025,tvm
16,8,1,1,768,192,12,[16; 8; 1; 1; 768; 192; 12],0.006002337344398256,0.28807063709453795,tvm
24,12,1,1,768,128,8,[24; 12; 1; 1; 768; 128; 8],0.005713213780836668,0.30264877338511326,tvm
2,1,1,1,384,16,1,[2; 1; 1; 1; 384; 16; 1],0.008609208063717233,0.2008427639406549,tvm
8,2,197,1,384,16,1,[8; 2; 197; 1; 384; 16; 1],0.005638905406158301,0.3066370187676459,tvm
12,1,197,1,768,48,3,[12; 1; 197; 1; 768; 48; 3],0.004133922906476073,0.41827029240153313,tvm
3,3,1,1,48,16,1,[3; 3; 1; 1; 48; 16; 1],0.004512504219746916,0.3831790639198825,tvm
1,1,197,1,384,64,4,[1; 1; 197; 1; 384; 64; 4],0.01293608500418486,0.13366463982710186,tvm
8,2,197,1,384,32,2,[8; 2; 197; 1; 384; 32; 2],0.003209442906154436,0.5387530463749399,tvm
6,6,197,1,384,128,8,[6; 6; 197; 1; 384; 128; 8],0.0034553683744888986,0.5004089160574384,tvm
8,4,197,1,192,48,3,[8; 4; 197; 1; 192; 48; 3],0.0030324053595904843,0.5702064657644093,tvm
16,16,1,1,64,64,4,[16; 16; 1; 1; 64; 64; 4],0.0032870283430384006,0.5260365784551869,tvm
4,1,1,1,192,16,1,[4; 1; 1; 1; 192; 16; 1],0.004161646937063779,0.4154838622800365,tvm
6,3,1,1,96,32,2,[6; 3; 1; 1; 96; 32; 2],0.003099634250247618,0.5578390878598053,tvm
16,1,197,1,256,32,2,[16; 1; 197; 1; 256; 32; 2],0.0036234299059287878,0.4771990041888022,tvm
8,8,197,1,16,16,1,[8; 8; 197; 1; 16; 16; 1],0.005253675748463138,0.32912140483031466,tvm
32,2,197,1,768,192,12,[32; 2; 197; 1; 768; 192; 12],0.0035625362488644896,0.48535566295171567,tvm
24,3,197,1,16,16,1,[24; 3; 197; 1; 16; 16; 1],0.005326196562236873,0.3246401297159345,tvm
4,1,197,1,64,64,4,[4; 1; 197; 1; 64; 64; 4],0.003510897904561716,0.49249428204976387,tvm
4,1,1,1,384,16,1,[4; 1; 1; 1; 384; 16; 1],0.006093423249694752,0.28376449033698115,tvm
16,8,197,1,128,128,8,[16; 8; 197; 1; 128; 128; 8],0.002967719125081203,0.582635037205494,tvm
8,8,197,1,32,16,1,[8; 8; 197; 1; 32; 16; 1],0.005242276623903308,0.3298370663945786,tvm
16,8,197,1,768,192,12,[16; 8; 197; 1; 768; 192; 12],0.0027703776713678963,0.6241376981656754,tvm
12,1,197,1,16,16,1,[12; 1; 197; 1; 16; 16; 1],0.0041832820934359916,0.4133350570764227,tvm
12,1,197,1,384,48,3,[12; 1; 197; 1; 384; 48; 3],0.0036608164373319596,0.47232555154208344,tvm
6,6,1,1,96,48,3,[6; 6; 1; 1; 96; 48; 3],0.0035704565616470063,0.48427900269973656,tvm
16,1,197,1,384,16,1,[16; 1; 197; 1; 384; 16; 1],0.004794924532689038,0.3606098763534552,tvm
12,12,197,1,192,96,6,[12; 12; 197; 1; 192; 96; 6],0.003913919686965528,0.44178145724745727,tvm
8,2,197,1,96,16,1,[8; 2; 197; 1; 96; 16; 1],0.004600708656653296,0.37583278401178827,tvm
24,12,197,1,128,32,2,[24; 12; 197; 1; 128; 32; 2],0.003921992469258839,0.4408721221190667,tvm
24,6,197,1,128,16,1,[24; 6; 197; 1; 128; 16; 1],0.005299341219142661,0.32628530063532685,tvm
12,2,197,1,768,64,4,[12; 2; 197; 1; 768; 64; 4],0.0031263717501133215,0.5530683108285086,tvm
64,64,197,1,256,128,8,[64; 64; 197; 1; 256; 128; 8],0.005237491093794233,0.3301384406946114,tvm
24,1,197,1,128,128,8,[24; 1; 197; 1; 128; 128; 8],0.0035242598114564316,0.49062703528165197,tvm
8,4,1,1,192,64,4,[8; 4; 1; 1; 192; 64; 4],0.004263090875610942,0.4055970640338148,tvm
8,1,197,1,768,16,1,[8; 1; 197; 1; 768; 16; 1],0.005882994093553862,0.2939144788113515,tvm
8,2,1,1,16,16,1,[8; 2; 1; 1; 16; 16; 1],0.005277288906654576,0.32764875553369444,tvm
16,1,197,1,384,64,4,[16; 1; 197; 1; 384; 64; 4],0.0036545968123391503,0.47312938516750414,tvm
2,2,197,1,192,96,6,[2; 2; 197; 1; 192; 96; 6],0.0064568098132440355,0.2677943431616129,tvm
2,1,197,1,768,16,1,[2; 1; 197; 1; 768; 16; 1],0.011726537810318405,0.14745163242774667,tvm
16,16,1,1,256,16,1,[16; 16; 1; 1; 256; 16; 1],0.004493356531384052,0.38481191750091176,tvm
24,1,1,1,768,48,3,[24; 1; 1; 1; 768; 48; 3],0.005959354593869648,0.2901483903367413,tvm
24,2,197,1,192,48,3,[24; 2; 197; 1; 192; 48; 3],0.0063266823744925205,0.273302347187271,tvm
2,2,197,1,384,48,3,[2; 2; 197; 1; 384; 48; 3],0.0068495374398480635,0.25243998708553633,tvm
16,1,197,1,96,16,1,[16; 1; 197; 1; 96; 16; 1],0.005123868781083729,0.33745929428181576,tvm
32,1,1,1,256,128,8,[32; 1; 1; 1; 256; 128; 8],0.004247416751240962,0.40709382764287366,tvm
6,6,197,1,64,16,1,[6; 6; 197; 1; 64; 16; 1],0.00592415634309873,0.29187230091782307,tvm
16,8,1,1,48,48,3,[16; 8; 1; 1; 48; 48; 3],0.0032114503756019985,0.5384162732183015,tvm
24,3,197,1,384,32,2,[24; 3; 197; 1; 384; 32; 2],0.003996893468865892,0.43261026502859723,tvm
16,4,197,1,384,16,1,[16; 4; 197; 1; 384; 16; 1],0.0051744953434536,0.33415763820227845,tvm
24,2,197,1,256,32,2,[24; 2; 197; 1; 256; 32; 2],0.0040472642504028045,0.4272261547253936,tvm
48,4,197,1,768,128,8,[48; 4; 197; 1; 768; 128; 8],0.005389504844060866,0.32082671653270256,tvm
24,12,1,1,192,64,4,[24; 12; 1; 1; 192; 64; 4],0.0033675239683361724,0.5134624605838978,tvm
24,12,197,1,768,192,12,[24; 12; 197; 1; 768; 192; 12],0.0026524081085881335,0.651897095797047,tvm
4,2,197,1,768,128,8,[4; 2; 197; 1; 768; 128; 8],0.0034832367819035426,0.49640528368336023,tvm
32,16,197,1,128,128,8,[32; 16; 197; 1; 128; 128; 8],0.0031067662339410163,0.5565584960873405,tvm
12,1,197,1,192,48,3,[12; 1; 197; 1; 192; 48; 3],0.0038722758126823464,0.4465325370662034,tvm
8,4,1,1,64,32,2,[8; 4; 1; 1; 64; 32; 2],0.003278880405559903,0.5273437664652735,tvm
24,24,197,1,96,96,6,[24; 24; 197; 1; 96; 96; 6],0.003942445498978486,0.43858491976748015,tvm
12,1,197,1,256,128,8,[12; 1; 197; 1; 256; 128; 8],0.0031935759689076804,0.5414297826923332,tvm
16,4,1,1,96,96,6,[16; 4; 1; 1; 96; 96; 6],0.0035571581247495487,0.48608947992124596,tvm
8,8,1,1,192,96,6,[8; 8; 1; 1; 192; 96; 6],0.003673494657050469,0.47069542881694937,tvm
3,1,197,1,96,16,1,[3; 1; 197; 1; 96; 16; 1],0.00714299325045431,0.24206898736004942,tvm
12,12,197,1,48,16,1,[12; 12; 197; 1; 48; 16; 1],0.005244214125923463,0.3297152063852204,tvm
12,1,1,1,768,192,12,[12; 1; 1; 1; 768; 192; 12],0.005304156718921149,0.32598907507560154,tvm
12,3,1,1,32,32,2,[12; 3; 1; 1; 32; 32; 2],0.0030979153589214548,0.5581486072166708,tvm
6,2,1,1,384,96,6,[6; 2; 1; 1; 384; 96; 6],0.003062339234020328,0.5646327890940853,tvm
2,1,197,1,48,16,1,[2; 1; 197; 1; 48; 16; 1],0.007855347874283325,0.2201171953845386,tvm
24,8,1,1,96,16,1,[24; 8; 1; 1; 96; 16; 1],0.005566233843637747,0.3106404063195289,tvm
12,4,1,1,128,128,8,[12; 4; 1; 1; 128; 128; 8],0.003683809562062379,0.46937745117560004,tvm
24,6,197,1,768,32,2,[24; 6; 197; 1; 768; 32; 2],0.004422710811923025,0.3909586713641174,tvm
24,6,1,1,192,192,12,[24; 6; 1; 1; 192; 192; 12],0.0025890571405398077,0.6678481968523233,tvm
24,2,1,1,768,64,4,[24; 2; 1; 1; 768; 64; 4],0.005787455374957062,0.2987663888242026,tvm
4,2,197,1,256,16,1,[4; 2; 197; 1; 256; 16; 1],0.007129315497877542,0.24253340217190691,tvm
12,6,1,1,768,48,3,[12; 6; 1; 1; 768; 48; 3],0.004962877781508723,0.34840615041934286,tvm
8,1,197,1,256,128,8,[8; 1; 197; 1; 256; 128; 8],0.0036406467806955334,0.47494229652424685,tvm
24,8,1,1,192,64,4,[24; 8; 1; 1; 192; 64; 4],0.003408820592085249,0.5072420493093234,tvm
24,4,1,1,48,48,3,[24; 4; 1; 1; 48; 48; 3],0.0038039716564526316,0.454550480134124,tvm
12,1,1,1,192,32,2,[12; 1; 1; 1; 192; 32; 2],0.003911703812264022,0.44203171452707024,tvm
4,1,1,1,192,64,4,[4; 1; 1; 1; 192; 64; 4],0.004052643938848632,0.42665903270751787,tvm
24,12,1,1,192,192,12,[24; 12; 1; 1; 192; 192; 12],0.0025951720781449694,0.6662745632239934,tvm
2,1,197,1,96,96,6,[2; 1; 197; 1; 96; 96; 6],0.006251006374441204,0.27661100297817437,tvm
24,24,197,1,256,64,4,[24; 24; 197; 1; 256; 64; 4],0.003742289592992165,0.46204258112334784,tvm
24,3,1,1,32,16,1,[24; 3; 1; 1; 32; 16; 1],0.006334318626613822,0.2729728712402138,tvm
32,1,1,1,192,192,12,[32; 1; 1; 1; 192; 192; 12],0.0046217336239351425,0.37412306367083853,tvm
24,24,197,1,32,32,2,[24; 24; 197; 1; 32; 32; 2],0.003996028031906462,0.4327039572923639,tvm
1,1,1,1,96,96,6,[1; 1; 1; 1; 96; 96; 6],0.01263894962175982,0.13680702863790567,tvm
16,4,1,1,384,32,2,[16; 4; 1; 1; 384; 32; 2],0.003997947687821579,0.43249619001375716,tvm
3,3,1,1,192,192,12,[3; 3; 1; 1; 192; 192; 12],0.00549730490638467,0.3145354264139393,tvm
6,3,197,1,64,16,1,[6; 3; 197; 1; 64; 16; 1],0.00598804318724433,0.2887582952875905,tvm
16,8,1,1,384,96,6,[16; 8; 1; 1; 384; 96; 6],0.0030584493279093294,0.5653509205068652,tvm
24,1,197,1,384,32,2,[24; 1; 197; 1; 384; 32; 2],0.006623032626521308,0.26107332401370587,tvm
6,3,197,1,256,32,2,[6; 3; 197; 1; 256; 32; 2],0.003963454530094168,0.43626011847196866,tvm
16,16,197,1,192,96,6,[16; 16; 197; 1; 192; 96; 6],0.003931794937670929,0.4397729714463199,tvm
6,6,1,1,384,48,3,[6; 6; 1; 1; 384; 48; 3],0.0038548983120563207,0.4485454616142104,tvm
24,8,197,1,384,16,1,[24; 8; 197; 1; 384; 16; 1],0.005176236374609289,0.33404524401914665,tvm
6,3,1,1,384,192,12,[6; 3; 1; 1; 384; 192; 12],0.0030110743127806927,0.5742459213038622,tvm
4,2,197,1,64,16,1,[4; 2; 197; 1; 64; 16; 1],0.005537843624551897,0.3122329303758654,tvm
16,8,197,1,64,64,4,[16; 8; 197; 1; 64; 64; 4],0.0032597686258668546,0.5304355435341158,tvm
8,8,1,1,128,32,2,[8; 8; 1; 1; 128; 32; 2],0.0038719828116882127,0.44656632711219185,tvm
12,6,197,1,384,96,6,[12; 6; 197; 1; 384; 96; 6],0.0034385224389552604,0.5028605087080662,tvm
24,12,197,1,384,192,12,[24; 12; 197; 1; 384; 192; 12],0.0025321014063592884,0.6828704168460918,tvm
16,1,1,1,192,192,12,[16; 1; 1; 1; 192; 192; 12],0.0030599101091866032,0.5650810256373112,tvm
6,2,1,1,128,16,1,[6; 2; 1; 1; 128; 16; 1],0.004061180532517028,0.4257621962413691,tvm
12,4,1,1,384,64,4,[12; 4; 1; 1; 384; 64; 4],0.00304079326633655,0.5686335740082401,tvm
6,6,1,1,768,64,4,[6; 6; 1; 1; 768; 64; 4],0.0030127538439046475,0.573925794287981,tvm
6,2,197,1,256,64,4,[6; 2; 197; 1; 256; 64; 4],0.002830991546943551,0.6107743927119611,tvm
4,4,197,1,384,96,6,[4; 4; 197; 1; 384; 96; 6],0.0037055873126519145,0.46661891812763934,tvm
24,6,1,1,192,64,4,[24; 6; 1; 1; 192; 64; 4],0.0033504082803119672,0.5160855030767,tvm
6,1,1,1,192,48,3,[6; 1; 1; 1; 192; 48; 3],0.0037073677485750522,0.4663948278456409,tvm
24,1,197,1,192,64,4,[24; 1; 197; 1; 192; 64; 4],0.0035733368749788497,0.48388864620198374,tvm
16,8,197,1,768,32,2,[16; 8; 197; 1; 768; 32; 2],0.0038149659067130415,0.4532405230187039,tvm
8,4,197,1,384,32,2,[8; 4; 197; 1; 384; 32; 2],0.0035595231547631556,0.48576651075955535,tvm
12,4,1,1,768,192,12,[12; 4; 1; 1; 768; 192; 12],0.005927968313699239,0.2916846128987035,tvm
24,2,1,1,384,192,12,[24; 2; 1; 1; 384; 192; 12],0.004229279938954278,0.40883960575205514,tvm
3,3,197,1,384,32,2,[3; 3; 197; 1; 384; 32; 2],0.005123696188093163,0.33747066168274203,tvm
4,2,197,1,32,32,2,[4; 2; 197; 1; 32; 32; 2],0.003653056561233825,0.4733288723767085,tvm
6,2,197,1,768,48,3,[6; 2; 197; 1; 768; 48; 3],0.0034491362184780883,0.5013130921283524,tvm
6,1,197,1,192,64,4,[6; 1; 197; 1; 192; 64; 4],0.002787259874821757,0.6203573475428864,tvm
12,2,197,1,192,96,6,[12; 2; 197; 1; 192; 96; 6],0.0031100514524950995,0.5559705906054836,tvm
24,6,197,1,256,128,8,[24; 6; 197; 1; 256; 128; 8],0.0025528343903715722,0.6773244474372142,tvm
24,2,197,1,384,48,3,[24; 2; 197; 1; 384; 48; 3],0.005551409718464129,0.3114699203530451,tvm
12,3,197,1,64,16,1,[12; 3; 197; 1; 64; 16; 1],0.004348823467807961,0.3976011341128777,tvm
24,2,1,1,256,128,8,[24; 2; 1; 1; 256; 128; 8],0.0026361429063399555,0.6559193504641357,tvm
12,3,1,1,768,48,3,[12; 3; 1; 1; 768; 48; 3],0.004594071062456351,0.3763757937894482,tvm
8,8,197,1,192,16,1,[8; 8; 197; 1; 192; 16; 1],0.004596321532517322,0.3761915111082639,tvm
6,6,197,1,16,16,1,[6; 6; 197; 1; 16; 16; 1],0.005595727938271011,0.3090030755482736,tvm
24,1,1,1,96,32,2,[24; 1; 1; 1; 96; 32; 2],0.008208316314266995,0.21065186533464528,tvm
8,8,1,1,768,32,2,[8; 8; 1; 1; 768; 32; 2],0.0034446965946699493,0.5019591988254091,tvm
8,4,197,1,768,192,12,[8; 4; 197; 1; 768; 192; 12],0.0030706836405443028,0.563098431901844,tvm
24,4,197,1,32,32,2,[24; 4; 197; 1; 32; 32; 2],0.004022136312414659,0.42989521203449527,tvm
24,24,197,1,192,64,4,[24; 24; 197; 1; 192; 64; 4],0.003716015844474896,0.46530941073031906,tvm
16,4,197,1,384,64,4,[16; 4; 197; 1; 384; 64; 4],0.003403500029889983,0.5080350015196078,tvm
4,1,1,1,256,16,1,[4; 1; 1; 1; 256; 16; 1],0.005928687500272645,0.2916492297456437,tvm
2,2,197,1,32,32,2,[2; 2; 197; 1; 32; 32; 2],0.0039827147193136625,0.4341503885458099,tvm
24,4,1,1,16,16,1,[24; 4; 1; 1; 16; 16; 1],0.005000802937502158,0.3457639032104725,tvm
16,16,197,1,384,16,1,[16; 16; 197; 1; 384; 16; 1],0.004644529219149263,0.37228684787429567,tvm
16,8,1,1,768,48,3,[16; 8; 1; 1; 768; 48; 3],0.006169940281324671,0.28024536122186094,tvm
4,1,1,1,384,48,3,[4; 1; 1; 1; 384; 48; 3],0.0038949964382481994,0.44392778537040606,tvm
4,2,197,1,16,16,1,[4; 2; 197; 1; 16; 16; 1],0.004836301781324437,0.3575246585178198,tvm
48,1,197,1,128,128,8,[48; 1; 197; 1; 128; 128; 8],0.005966945938780555,0.28977925400988513,tvm
6,2,1,1,16,16,1,[6; 2; 1; 1; 16; 16; 1],0.0044863427810923895,0.38541351546841035,tvm
12,2,197,1,192,64,4,[12; 2; 197; 1; 192; 64; 4],0.0032121577496582177,0.5382977044141507,tvm
2,2,197,1,96,48,3,[2; 2; 197; 1; 96; 48; 3],0.006792872187361354,0.2545458084835244,tvm
16,2,1,1,64,32,2,[16; 2; 1; 1; 64; 32; 2],0.004221851093461737,0.4095590073119697,tvm
16,4,197,1,48,16,1,[16; 4; 197; 1; 48; 16; 1],0.004932488000122248,0.3505527317682858,tvm
4,1,1,1,256,64,4,[4; 1; 1; 1; 256; 64; 4],0.004228704938213923,0.40889519796750373,tvm
8,4,1,1,768,32,2,[8; 4; 1; 1; 768; 32; 2],0.003486015095404582,0.4960096544436983,tvm
24,4,197,1,256,16,1,[24; 4; 197; 1; 256; 16; 1],0.005336965905371471,0.3239850457198661,tvm
8,8,1,1,384,64,4,[8; 8; 1; 1; 384; 64; 4],0.003211433344404213,0.5384191286018816,tvm
48,1,197,1,768,128,8,[48; 1; 197; 1; 768; 128; 8],0.0058300970631535165,0.29658119309627223,tvm
16,2,197,1,192,192,12,[16; 2; 197; 1; 192; 192; 12],0.0028446855785659864,0.6078341859239098,tvm
24,2,197,1,384,96,6,[24; 2; 197; 1; 384; 96; 6],0.004630233874195255,0.37343624314390894,tvm
16,2,197,1,384,32,2,[16; 2; 197; 1; 384; 32; 2],0.0032843654062162386,0.5264630846447604,tvm
1,1,1,1,96,32,2,[1; 1; 1; 1; 96; 32; 2],0.012639161621336825,0.13680473394201748,tvm
24,1,197,1,768,192,12,[24; 1; 197; 1; 768; 192; 12],0.003107851686763752,0.5563641116534989,tvm
8,4,1,1,128,32,2,[8; 4; 1; 1; 128; 32; 2],0.0038958159366302425,0.4438344036224558,tvm
12,12,197,1,384,64,4,[12; 12; 197; 1; 384; 64; 4],0.00299998615628283,0.5763683739792993,tvm
4,4,1,1,96,16,1,[4; 4; 1; 1; 96; 16; 1],0.00328930062460131,0.5256731871586603,tvm
8,1,1,1,64,16,1,[8; 1; 1; 1; 64; 16; 1],0.003558487031114055,0.485907951255288,tvm
1,1,1,1,768,32,2,[1; 1; 1; 1; 768; 32; 2],0.012166792374046054,0.14211610502580915,tvm
8,8,1,1,64,64,4,[8; 8; 1; 1; 64; 64; 4],0.0027014845309167868,0.6400544304691426,tvm
24,4,1,1,64,16,1,[24; 4; 1; 1; 64; 16; 1],0.006052033906598808,0.2857051314553657,tvm
4,2,197,1,768,32,2,[4; 2; 197; 1; 768; 32; 2],0.0041491530300845625,0.4167349650205364,tvm
24,1,197,1,64,64,4,[24; 1; 197; 1; 64; 64; 4],0.0035535993756639073,0.48657627381930224,tvm
48,12,197,1,384,128,8,[48; 12; 197; 1; 384; 128; 8],0.005514863813004922,0.31353396955690144,tvm
32,32,1,1,128,128,8,[32; 32; 1; 1; 128; 128; 8],0.003923507561921724,0.44070187595362637,tvm
24,24,1,1,16,16,1,[24; 24; 1; 1; 16; 16; 1],0.004964686781022465,0.3482792005059863,tvm
16,16,197,1,384,32,2,[16; 16; 197; 1; 384; 32; 2],0.003277443031038274,0.5275750414216583,tvm
2,2,197,1,256,64,4,[2; 2; 197; 1; 256; 64; 4],0.006517687186715193,0.2652930546254981,tvm
1,1,1,1,96,48,3,[1; 1; 1; 1; 96; 48; 3],0.012637907006137539,0.13681831509105227,tvm
6,1,1,1,192,192,12,[6; 1; 1; 1; 192; 192; 12],0.003727182531292783,0.46391533774907473,tvm
12,1,1,1,256,64,4,[12; 1; 1; 1; 256; 64; 4],0.003132297342745005,0.5520220316446202,tvm
12,12,197,1,768,128,8,[12; 12; 197; 1; 768; 128; 8],0.0024776316258794395,0.6978830609023231,tvm
24,6,1,1,128,16,1,[24; 6; 1; 1; 128; 16; 1],0.005452213186799781,0.31713674495403393,tvm
16,16,197,1,64,16,1,[16; 16; 197; 1; 64; 16; 1],0.004458625249753823,0.3878094807256144,tvm
8,2,1,1,48,48,3,[8; 2; 1; 1; 48; 48; 3],0.002856195218555513,0.60538479009555,tvm
16,8,1,1,256,64,4,[16; 8; 1; 1; 256; 64; 4],0.003299276531834039,0.524083727500087,tvm
24,3,1,1,128,32,2,[24; 3; 1; 1; 128; 32; 2],0.004338495125921327,0.398547674405869,tvm
8,1,197,1,48,48,3,[8; 1; 197; 1; 48; 48; 3],0.002854114874935476,0.6058260506757749,tvm
8,8,1,1,64,32,2,[8; 8; 1; 1; 64; 32; 2],0.0031616964370186906,0.5468890443155853,tvm
12,3,197,1,192,96,6,[12; 3; 197; 1; 192; 96; 6],0.003110642968749744,0.5558648678836055,tvm
1,1,1,1,384,64,4,[1; 1; 1; 1; 384; 64; 4],0.01224438768622349,0.14121548477288082,tvm
6,2,197,1,48,16,1,[6; 2; 197; 1; 48; 16; 1],0.005965369939076481,0.2898558112097286,tvm
12,3,197,1,768,192,12,[12; 3; 197; 1; 768; 192; 12],0.0028744553283104324,0.6015390553567878,tvm
12,12,1,1,192,16,1,[12; 12; 1; 1; 192; 16; 1],0.004140341094171163,0.41762190687414447,tvm
32,4,197,1,192,192,12,[32; 4; 197; 1; 192; 192; 12],0.0034255509362992598,0.5047646860347509,tvm
6,3,1,1,384,64,4,[6; 3; 1; 1; 384; 64; 4],0.0033587360940146027,0.5148058955684135,tvm
64,8,1,1,768,128,8,[64; 8; 1; 1; 768; 128; 8],0.00531511928056716,0.32531671474974616,tvm
24,6,1,1,256,16,1,[24; 6; 1; 1; 256; 16; 1],0.005419215562142199,0.31906779182882994,tvm
16,1,1,1,192,64,4,[16; 1; 1; 1; 192; 64; 4],0.0033805354996729875,0.5114861663261353,tvm
48,48,1,1,256,128,8,[48; 48; 1; 1; 256; 128; 8],0.006298096061073011,0.2745428342295807,tvm
16,16,1,1,96,96,6,[16; 16; 1; 1; 96; 96; 6],0.003792287499891245,0.4559509643999116,tvm
2,2,1,1,64,64,4,[2; 2; 1; 1; 64; 64; 4],0.00646870168930036,0.26730203770521344,tvm
3,3,1,1,192,32,2,[3; 3; 1; 1; 192; 32; 2],0.004210650593449827,0.41064845075175815,tvm
12,3,1,1,16,16,1,[12; 3; 1; 1; 16; 16; 1],0.004213949094264535,0.41032701254283277,tvm
8,2,1,1,768,192,12,[8; 2; 1; 1; 768; 192; 12],0.002897583500271139,0.5967376411051981,tvm
12,4,1,1,16,16,1,[12; 4; 1; 1; 16; 16; 1],0.004198383936454775,0.41184826567272875,tvm
12,2,197,1,768,96,6,[12; 2; 197; 1; 768; 96; 6],0.0024662597661517793,0.7011009815706211,tvm
32,8,197,1,256,128,8,[32; 8; 197; 1; 256; 128; 8],0.0034472416245989734,0.5015886123324161,tvm
16,16,1,1,192,64,4,[16; 16; 1; 1; 192; 64; 4],0.0032079831253213342,0.5389982039521932,tvm
16,1,197,1,64,64,4,[16; 1; 197; 1; 64; 64; 4],0.003644374188297661,0.474456533143439,tvm
12,3,1,1,64,32,2,[12; 3; 1; 1; 64; 32; 2],0.004014867125079036,0.4306735662697938,tvm
4,1,197,1,192,192,12,[4; 1; 197; 1; 192; 192; 12],0.003763152562896721,0.45948101065723324,tvm
24,24,1,1,64,64,4,[24; 24; 1; 1; 64; 64; 4],0.003597027938667452,0.4807016159840284,tvm
4,2,1,1,768,128,8,[4; 2; 1; 1; 768; 128; 8],0.0033633714374445844,0.5140963985146025,tvm
6,1,197,1,384,192,12,[6; 1; 197; 1; 384; 192; 12],0.0036738856870215386,0.47064533035564904,tvm
12,1,197,1,64,32,2,[12; 1; 197; 1; 64; 32; 2],0.003100591250586149,0.5576669103127563,tvm
12,6,1,1,768,16,1,[12; 6; 1; 1; 768; 16; 1],0.005003573500289349,0.3455724479228999,tvm
24,6,197,1,384,96,6,[24; 6; 197; 1; 384; 96; 6],0.0031194214843708323,0.5543005815406477,tvm
4,1,1,1,768,48,3,[4; 1; 1; 1; 768; 48; 3],0.004009124531876296,0.43129045483850664,tvm
4,4,197,1,768,192,12,[4; 4; 197; 1; 768; 192; 12],0.005076071780422353,0.3406368581165481,tvm
4,1,197,1,768,96,6,[4; 1; 197; 1; 768; 96; 6],0.0033689974989101756,0.5132378826094356,tvm
8,1,1,1,48,48,3,[8; 1; 1; 1; 48; 48; 3],0.0028312594840826932,0.6107165918836144,tvm
16,2,197,1,128,128,8,[16; 2; 197; 1; 128; 128; 8],0.002789657452922256,0.6198241798633225,tvm
3,3,197,1,256,64,4,[3; 3; 197; 1; 256; 64; 4],0.0044479747193690855,0.38873807787792536,tvm
6,1,197,1,48,48,3,[6; 1; 197; 1; 48; 48; 3],0.002982836766022956,0.5796821209102113,tvm
6,2,1,1,768,128,8,[6; 2; 1; 1; 768; 128; 8],0.0029378832350630546,0.5885520303260221,tvm
3,3,1,1,768,96,6,[3; 3; 1; 1; 768; 96; 6],0.004992542280888301,0.34633600389849717,tvm
6,1,197,1,128,64,4,[6; 1; 197; 1; 128; 64; 4],0.0028101460466132266,0.6153050817202336,tvm
12,6,197,1,192,16,1,[12; 6; 197; 1; 192; 16; 1],0.004486695499508642,0.3853832164555192,tvm
2,2,197,1,768,32,2,[2; 2; 197; 1; 768; 32; 2],0.009403130123246228,0.1838852722650837,tvm
12,2,197,1,128,32,2,[12; 2; 197; 1; 128; 32; 2],0.003139446405839408,0.5507649818901197,tvm
8,4,197,1,384,192,12,[8; 4; 197; 1; 384; 192; 12],0.0038652449984510895,0.4473447720778475,tvm
6,1,197,1,768,48,3,[6; 1; 197; 1; 768; 48; 3],0.003204245344022638,0.5396269502529475,tvm
16,16,197,1,96,32,2,[16; 16; 197; 1; 96; 32; 2],0.0032679912183084525,0.5291009147056833,tvm
4,4,1,1,128,32,2,[4; 4; 1; 1; 128; 32; 2],0.0032607775010546902,0.5302714283013393,tvm
16,16,197,1,128,16,1,[16; 16; 197; 1; 128; 16; 1],0.004452014532944304,0.38838533209226034,tvm
6,6,1,1,48,16,1,[6; 6; 1; 1; 48; 16; 1],0.0029718091718677897,0.5818331672253373,tvm
12,12,1,1,192,96,6,[12; 12; 1; 1; 192; 96; 6],0.0030471099680653424,0.5674547886287719,tvm
48,24,197,1,128,128,8,[48; 24; 197; 1; 128; 128; 8],0.005399258436227683,0.32024715306371154,tvm
24,8,197,1,384,48,3,[24; 8; 197; 1; 384; 48; 3],0.0037972982190694893,0.45534931498765724,tvm
64,16,197,1,768,128,8,[64; 16; 197; 1; 768; 128; 8],0.005260495781840291,0.3286947114046062,tvm
24,12,197,1,64,16,1,[24; 12; 197; 1; 64; 16; 1],0.00500355312578904,0.34557385509611654,tvm
12,6,1,1,128,16,1,[12; 6; 1; 1; 128; 16; 1],0.004299701498894137,0.4021435309641514,tvm
24,4,197,1,192,48,3,[24; 4; 197; 1; 192; 48; 3],0.0037640864375134697,0.45936701283602105,tvm
48,4,197,1,384,128,8,[48; 4; 197; 1; 384; 128; 8],0.005540270531128044,0.3120961572439829,tvm
6,3,197,1,192,96,6,[6; 3; 197; 1; 192; 96; 6],0.0027318423281030846,0.6329417789121745,tvm
12,3,1,1,384,32,2,[12; 3; 1; 1; 384; 32; 2],0.0036573076249624137,0.47277869956999113,tvm
16,2,1,1,96,48,3,[16; 2; 1; 1; 96; 48; 3],0.003560493782060803,0.485634085802657,tvm
16,1,1,1,64,64,4,[16; 1; 1; 1; 64; 64; 4],0.003647407813332393,0.47406191776438134,tvm
32,16,1,1,128,128,8,[32; 16; 1; 1; 128; 128; 8],0.003095427235166426,0.5585972505550362,tvm
24,2,1,1,384,48,3,[24; 2; 1; 1; 384; 48; 3],0.006027701656421414,0.28685844811431666,tvm
48,3,1,1,256,128,8,[48; 3; 1; 1; 256; 128; 8],0.005349504468540545,0.3232256656715862,tvm
8,4,197,1,96,48,3,[8; 4; 197; 1; 96; 48; 3],0.002974510390231444,0.5813047917182106,tvm
16,2,1,1,128,32,2,[16; 2; 1; 1; 128; 32; 2],0.00421219243798987,0.41049813566502136,tvm
6,2,197,1,384,128,8,[6; 2; 197; 1; 384; 128; 8],0.0034048834058921784,0.5078285910950507,tvm
4,4,197,1,48,48,3,[4; 4; 197; 1; 48; 48; 3],0.004126033563807141,0.4190700623534637,tvm
1,1,197,1,768,48,3,[1; 1; 197; 1; 768; 48; 3],0.013916402996983379,0.12424885534228597,tvm
16,4,1,1,96,16,1,[16; 4; 1; 1; 96; 16; 1],0.004834160843529389,0.35768299790263913,tvm
12,6,1,1,192,64,4,[12; 6; 1; 1; 192; 64; 4],0.003159357938784524,0.5472938414576619,tvm
16,1,197,1,192,48,3,[16; 1; 197; 1; 192; 48; 3],0.0057344663746334845,0.3015271221234874,tvm
16,1,1,1,384,192,12,[16; 1; 1; 1; 384; 192; 12],0.003671469812616124,0.4709550210423945,tvm
24,4,197,1,768,96,6,[24; 4; 197; 1; 768; 96; 6],0.003048029484489234,0.5672836013090247,tvm
2,2,197,1,768,16,1,[2; 2; 197; 1; 768; 16; 1],0.016291398751491215,0.10613558536211458,tvm
16,1,197,1,384,48,3,[16; 1; 197; 1; 384; 48; 3],0.005727873751311563,0.3018741714517042,tvm
1,1,1,1,384,96,6,[1; 1; 1; 1; 384; 96; 6],0.01223924718942726,0.14127479542620924,tvm
2,2,197,1,192,16,1,[2; 2; 197; 1; 192; 16; 1],0.00960850093542831,0.17995493308239618,tvm
12,2,1,1,384,128,8,[12; 2; 1; 1; 384; 128; 8],0.0027403968433645787,0.6309659664963736,tvm
8,1,197,1,768,48,3,[8; 1; 197; 1; 768; 48; 3],0.002937337140792806,0.5886614508236016,tvm
12,1,1,1,48,48,3,[12; 1; 1; 1; 48; 48; 3],0.003775536999455653,0.4579738307706796,tvm
6,6,1,1,256,128,8,[6; 6; 1; 1; 256; 128; 8],0.004401113656058442,0.39287718472730626,tvm
24,12,197,1,16,16,1,[24; 12; 197; 1; 16; 16; 1],0.005000430468498962,0.345789658260399,tvm
8,4,197,1,96,16,1,[8; 4; 197; 1; 96; 16; 1],0.004598562218234292,0.3760082088268588,tvm
16,4,197,1,96,16,1,[16; 4; 197; 1; 96; 16; 1],0.004636160281734192,0.37295887928412186,tvm
24,6,197,1,384,16,1,[24; 6; 197; 1; 384; 16; 1],0.005175502781639807,0.3340925927025191,tvm
6,1,197,1,32,16,1,[6; 1; 197; 1; 32; 16; 1],0.004477239999687299,0.38619710870489565,tvm
12,6,197,1,96,16,1,[12; 6; 197; 1; 96; 16; 1],0.00446891387400683,0.386916640509528,tvm
12,4,197,1,96,96,6,[12; 4; 197; 1; 96; 96; 6],0.0034172943433077307,0.5059842580558873,tvm
2,2,197,1,192,64,4,[2; 2; 197; 1; 192; 64; 4],0.006490875999588752,0.2663888730838017,tvm
12,12,1,1,768,16,1,[12; 12; 1; 1; 768; 16; 1],0.005086926250442048,0.3399100080735172,tvm
16,16,1,1,48,16,1,[16; 16; 1; 1; 48; 16; 1],0.004942349094562815,0.3498533004800005,tvm
8,8,1,1,768,64,4,[8; 8; 1; 1; 768; 64; 4],0.0030216329687391408,0.5722393026372942,tvm
2,1,197,1,128,16,1,[2; 1; 197; 1; 128; 16; 1],0.009524452623736579,0.1815429412235129,tvm
24,6,197,1,32,32,2,[24; 6; 197; 1; 32; 32; 2],0.0038813444989500567,0.4454892224395132,tvm
24,2,197,1,48,16,1,[24; 2; 197; 1; 48; 16; 1],0.0049814735939435195,0.3471055522525264,tvm
32,1,197,1,384,128,8,[32; 1; 197; 1; 384; 128; 8],0.0041252939681726275,0.419145194547936,tvm
8,8,1,1,96,96,6,[8; 8; 1; 1; 96; 96; 6],0.0036293631565058604,0.47641888350512074,tvm
24,2,197,1,64,32,2,[24; 2; 197; 1; 64; 32; 2],0.0039060396866261726,0.4426727021687391,tvm
4,4,1,1,128,64,4,[4; 4; 1; 1; 128; 64; 4],0.0033518307191116037,0.5158664884232091,tvm
8,4,1,1,384,16,1,[8; 4; 1; 1; 384; 16; 1],0.0038769753118685912,0.4459912699376379,tvm
24,2,1,1,192,64,4,[24; 2; 1; 1; 192; 64; 4],0.003274950626291684,0.5279765529824328,tvm
3,3,1,1,128,16,1,[3; 3; 1; 1; 128; 16; 1],0.0042528510948613985,0.40657363831674304,tvm
4,2,197,1,384,192,12,[4; 2; 197; 1; 384; 192; 12],0.0034137144375563366,0.5065148753610729,tvm
2,1,197,1,384,48,3,[2; 1; 197; 1; 384; 48; 3],0.00683283662510803,0.25305700073427484,tvm
12,12,1,1,128,128,8,[12; 12; 1; 1; 128; 128; 8],0.0036739998759003356,0.4706307025754641,tvm
12,2,1,1,32,32,2,[12; 2; 1; 1; 32; 32; 2],0.003084890828176867,0.560505132649708,tvm
8,1,1,1,256,64,4,[8; 1; 1; 1; 256; 64; 4],0.0033310708440694725,0.5190814677314863,tvm
2,2,1,1,96,16,1,[2; 2; 1; 1; 96; 16; 1],0.006346789250528673,0.272436514685455,tvm
2,2,1,1,384,64,4,[2; 2; 1; 1; 384; 64; 4],0.00615736968757119,0.2808174968521656,tvm
48,8,197,1,128,128,8,[48; 8; 197; 1; 128; 128; 8],0.005404231656939373,0.31995244701193987,tvm
24,24,1,1,48,48,3,[24; 24; 1; 1; 48; 48; 3],0.004016974749902147,0.43044760062264853,tvm
4,4,197,1,256,128,8,[4; 4; 197; 1; 256; 128; 8],0.0033497807507956168,0.5161821836985777,tvm
4,1,1,1,96,16,1,[4; 1; 1; 1; 96; 16; 1],0.004069950562552549,0.42484475334086264,tvm
24,4,197,1,384,48,3,[24; 4; 197; 1; 384; 48; 3],0.003751993655896513,0.4608475657041022,tvm
16,1,1,1,128,16,1,[16; 1; 1; 1; 128; 16; 1],0.006246927156098536,0.276791628852134,tvm
24,4,197,1,384,96,6,[24; 4; 197; 1; 384; 96; 6],0.0034840257503674366,0.4962928711634197,tvm
12,2,1,1,192,64,4,[12; 2; 1; 1; 192; 64; 4],0.0031332395628851373,0.5518560289290367,tvm
16,1,1,1,256,128,8,[16; 1; 1; 1; 256; 128; 8],0.0029933486257505137,0.5776464284789451,tvm
12,2,1,1,256,128,8,[12; 2; 1; 1; 256; 128; 8],0.002730889468693931,0.6331626243679854,tvm
2,2,1,1,384,16,1,[2; 2; 1; 1; 384; 16; 1],0.006167629439005395,0.2803503615055026,tvm
6,6,197,1,96,48,3,[6; 6; 197; 1; 96; 48; 3],0.003484247625237913,0.4962612675208685,tvm
6,1,197,1,256,16,1,[6; 1; 197; 1; 256; 16; 1],0.005204175249673426,0.33225190542260225,tvm
16,8,197,1,16,16,1,[16; 8; 197; 1; 16; 16; 1],0.004397323187731672,0.3932158426929464,tvm
2,2,197,1,48,16,1,[2; 2; 197; 1; 48; 16; 1],0.007846252185117919,0.2203723640360097,tvm
4,2,1,1,192,96,6,[4; 2; 1; 1; 192; 96; 6],0.003262588625148055,0.5299770646931244,tvm
4,1,1,1,384,64,4,[4; 1; 1; 1; 384; 64; 4],0.004548971655822243,0.3801072580094154,tvm
6,1,197,1,384,96,6,[6; 1; 197; 1; 384; 96; 6],0.002768739546809229,0.6245069691910174,tvm
6,6,197,1,256,16,1,[6; 6; 197; 1; 256; 16; 1],0.00508654899931571,0.33993521798173126,tvm
12,4,197,1,768,48,3,[12; 4; 197; 1; 768; 48; 3],0.002877097515920468,0.6009866308976857,tvm
8,2,197,1,256,64,4,[8; 2; 197; 1; 256; 64; 4],0.002752442359451379,0.6282046695436663,tvm
16,16,1,1,768,32,2,[16; 16; 1; 1; 768; 32; 2],0.00632994519037311,0.2731614715221924,tvm
24,4,1,1,32,16,1,[24; 4; 1; 1; 32; 16; 1],0.006200853094924241,0.2788482675508809,tvm
3,1,197,1,768,32,2,[3; 1; 197; 1; 768; 32; 2],0.005486637624926516,0.31514695539607485,tvm
8,8,1,1,192,32,2,[8; 8; 1; 1; 192; 32; 2],0.004122911719605327,0.41938737970908185,tvm
24,24,197,1,768,48,3,[24; 24; 197; 1; 768; 48; 3],0.004254262499671313,0.4064387524255341,tvm
12,4,1,1,32,16,1,[12; 4; 1; 1; 32; 16; 1],0.003518991499731783,0.4913615571361665,tvm
24,3,197,1,384,16,1,[24; 3; 197; 1; 384; 16; 1],0.0051676782186405035,0.334598454025264,tvm
24,8,197,1,384,96,6,[24; 8; 197; 1; 384; 96; 6],0.002945508703305677,0.5870283597928658,tvm
12,1,1,1,768,128,8,[12; 1; 1; 1; 768; 128; 8],0.005375429282139521,0.3216668013105978,tvm
24,24,1,1,128,16,1,[24; 24; 1; 1; 128; 16; 1],0.005315082000379334,0.3253189965335884,tvm
24,12,197,1,64,32,2,[24; 12; 197; 1; 64; 32; 2],0.0038884320929355454,0.44467721218496903,tvm
4,2,1,1,384,128,8,[4; 2; 1; 1; 384; 128; 8],0.004884671687250375,0.35398431124251606,tvm
16,8,1,1,48,16,1,[16; 8; 1; 1; 48; 16; 1],0.005297605845044018,0.32639218421180516,tvm
16,16,1,1,192,192,12,[16; 16; 1; 1; 192; 192; 12],0.004316328873755992,0.4005943924640092,tvm
12,2,197,1,16,16,1,[12; 2; 197; 1; 16; 16; 1],0.004221760249492945,0.4095678202154696,tvm
24,2,1,1,256,64,4,[24; 2; 1; 1; 256; 64; 4],0.0032925721861829516,0.5251508684040939,tvm
24,3,1,1,768,16,1,[24; 3; 1; 1; 768; 16; 1],0.007297522312001092,0.236943042985092,tvm
4,4,1,1,64,16,1,[4; 4; 1; 1; 64; 16; 1],0.003362766468853806,0.5141888855120239,tvm
8,1,1,1,768,16,1,[8; 1; 1; 1; 768; 16; 1],0.0037433875004353467,0.4619070675039795,tvm
3,1,1,1,384,96,6,[3; 1; 1; 1; 384; 96; 6],0.0043873025624634465,0.3941139500272496,tvm
3,1,1,1,192,64,4,[3; 1; 1; 1; 192; 64; 4],0.004250032407071558,0.40684328429593314,tvm
24,8,197,1,768,128,8,[24; 8; 197; 1; 768; 128; 8],0.0023616753906026133,0.7321485203840568,tvm
48,8,1,1,256,128,8,[48; 8; 1; 1; 256; 128; 8],0.005383161094869138,0.3212047925716361,tvm
64,16,1,1,256,128,8,[64; 16; 1; 1; 256; 128; 8],0.005178177594643785,0.33392001553706663,tvm
6,6,1,1,64,16,1,[6; 6; 1; 1; 64; 16; 1],0.0028203259371366585,0.6130841545969017,tvm
8,4,1,1,384,32,2,[8; 4; 1; 1; 384; 32; 2],0.003561844469004427,0.48544992851426877,tvm
6,2,1,1,256,16,1,[6; 2; 1; 1; 256; 16; 1],0.004474514280445874,0.38643236661764385,tvm
16,16,197,1,128,64,4,[16; 16; 197; 1; 128; 64; 4],0.003285046845121542,0.5263538769393618,tvm
4,1,1,1,384,192,12,[4; 1; 1; 1; 384; 192; 12],0.004414298655319726,0.39170370604023047,tvm
16,2,197,1,384,48,3,[16; 2; 197; 1; 384; 48; 3],0.003211943530914141,0.5383336058728997,tvm
12,4,1,1,384,128,8,[12; 4; 1; 1; 384; 128; 8],0.0027807565002149204,0.6218081815950096,tvm
24,2,197,1,192,16,1,[24; 2; 197; 1; 192; 16; 1],0.005203090280701872,0.33232118790448817,tvm
16,1,197,1,768,128,8,[16; 1; 197; 1; 768; 128; 8],0.0025716216086948407,0.672376191353712,tvm
24,2,197,1,16,16,1,[24; 2; 197; 1; 16; 16; 1],0.004998657437681686,0.3459123103380887,tvm
12,2,197,1,256,16,1,[12; 2; 197; 1; 256; 16; 1],0.004447955499927048,0.388739757599981,tvm
16,8,1,1,128,32,2,[16; 8; 1; 1; 128; 32; 2],0.004109836812858703,0.4207216056479928,tvm
6,2,197,1,32,16,1,[6; 2; 197; 1; 32; 16; 1],0.004472855374842766,0.38657568777705575,tvm
6,1,1,1,384,16,1,[6; 1; 1; 1; 384; 16; 1],0.005266155594654265,0.32834144600899545,tvm
8,1,197,1,16,16,1,[8; 1; 197; 1; 16; 16; 1],0.004332262718889979,0.39912102636752733,tvm
16,8,1,1,64,16,1,[16; 8; 1; 1; 64; 16; 1],0.005822549219374196,0.2969656550267831,tvm
16,16,1,1,128,16,1,[16; 16; 1; 1; 128; 16; 1],0.004628291937478934,0.37359292936024147,tvm
24,24,1,1,48,16,1,[24; 24; 1; 1; 48; 16; 1],0.006397549372195499,0.2702749197015973,tvm
24,2,197,1,96,48,3,[24; 2; 197; 1; 96; 48; 3],0.005795043813122902,0.29837516309050066,tvm
24,24,1,1,384,64,4,[24; 24; 1; 1; 384; 64; 4],0.004793218657141551,0.3607382150782778,tvm
16,4,1,1,128,128,8,[16; 4; 1; 1; 128; 128; 8],0.0026717124055721797,0.6471868526159108,tvm
12,6,1,1,96,48,3,[12; 6; 1; 1; 96; 48; 3],0.003239964968088316,0.5336777279654866,tvm
2,1,197,1,768,192,12,[2; 1; 197; 1; 768; 192; 12],0.006217442500201287,0.27810424347328727,tvm
2,1,197,1,768,32,2,[2; 1; 197; 1; 768; 32; 2],0.010049801934655989,0.17205285776772186,tvm
12,3,1,1,384,64,4,[12; 3; 1; 1; 384; 64; 4],0.0030907253130862955,0.5594470448525637,tvm
6,2,197,1,96,48,3,[6; 2; 197; 1; 96; 48; 3],0.003060185546928551,0.5650301644593427,tvm
24,1,197,1,128,64,4,[24; 1; 197; 1; 128; 64; 4],0.0033944627502933145,0.5093875732493255,tvm
24,6,197,1,384,64,4,[24; 6; 197; 1; 384; 64; 4],0.003630925968536758,0.4762138247489411,tvm
16,4,1,1,384,96,6,[16; 4; 1; 1; 384; 96; 6],0.0030934486403566552,0.5589545338815739,tvm
6,1,197,1,384,16,1,[6; 1; 197; 1; 384; 16; 1],0.0049472631253593136,0.34950579725463066,tvm
2,2,1,1,128,16,1,[2; 2; 1; 1; 128; 16; 1],0.0062892144997022115,0.27493054068024136,tvm
6,6,197,1,192,192,12,[6; 6; 197; 1; 192; 192; 12],0.004719314250905882,0.3663873713273574,tvm
6,1,197,1,96,96,6,[6; 1; 197; 1; 96; 96; 6],0.00273549732810352,0.6320960817958102,tvm
12,2,1,1,48,48,3,[12; 2; 1; 1; 48; 48; 3],0.0028231164997123415,0.6124781400389702,tvm
4,1,1,1,128,128,8,[4; 1; 1; 1; 128; 128; 8],0.003360314280143939,0.5145641147538964,tvm
8,4,1,1,384,128,8,[8; 4; 1; 1; 384; 128; 8],0.002890118938012165,0.5982788874586672,tvm
16,8,197,1,128,32,2,[16; 8; 197; 1; 128; 32; 2],0.003342607937156572,0.517289845343938,tvm
6,2,1,1,384,48,3,[6; 2; 1; 1; 384; 48; 3],0.003406407467991812,0.5076013833061791,tvm
2,1,1,1,384,32,2,[2; 1; 1; 1; 384; 32; 2],0.006149667906356626,0.28116918981427524,tvm
6,1,197,1,192,48,3,[6; 1; 197; 1; 192; 48; 3],0.0030146343287924537,0.5735677877554564,tvm
4,2,197,1,384,96,6,[4; 2; 197; 1; 384; 96; 6],0.003346469999087276,0.5166928564513474,tvm
4,4,1,1,768,48,3,[4; 4; 1; 1; 768; 48; 3],0.00472486221769941,0.3659571566721918,tvm
4,1,1,1,64,16,1,[4; 1; 1; 1; 64; 16; 1],0.004052037280416698,0.4267229107722642,tvm
4,2,197,1,192,16,1,[4; 2; 197; 1; 192; 16; 1],0.005586890032645897,0.309491887750341,tvm
24,24,1,1,384,48,3,[24; 24; 1; 1; 384; 48; 3],0.005030345875638886,0.3437332512722172,tvm
48,48,197,1,384,128,8,[48; 48; 197; 1; 384; 128; 8],0.003941459968700656,0.4386945843895398,tvm
16,8,197,1,256,128,8,[16; 8; 197; 1; 256; 128; 8],0.002672590358997695,0.6469742499204435,tvm
6,3,1,1,256,64,4,[6; 3; 1; 1; 256; 64; 4],0.004254617813785444,0.40640480967636433,tvm
12,4,197,1,192,64,4,[12; 4; 197; 1; 192; 64; 4],0.003054522983802599,0.5660776337340165,tvm
12,12,1,1,192,192,12,[12; 12; 1; 1; 192; 192; 12],0.004292898938729195,0.4027807706484231,tvm
24,12,1,1,768,64,4,[24; 12; 1; 1; 768; 64; 4],0.00572282371831534,0.3021405564744788,tvm
16,8,1,1,768,16,1,[16; 8; 1; 1; 768; 16; 1],0.006911658063472714,0.2501711061192703,tvm
24,8,197,1,384,128,8,[24; 8; 197; 1; 384; 128; 8],0.0025697779847178026,0.6728585711061035,tvm
6,1,197,1,256,32,2,[6; 1; 197; 1; 256; 32; 2],0.0034765635937219486,0.49735812282553454,tvm
16,1,1,1,192,32,2,[16; 1; 1; 1; 192; 32; 2],0.004016181905171834,0.4305325763831812,tvm
4,2,197,1,768,16,1,[4; 2; 197; 1; 768; 16; 1],0.005991196561808465,0.2886063117807653,tvm
1,1,197,1,192,32,2,[1; 1; 197; 1; 192; 32; 2],0.01399437562940875,0.12355657648802125,tvm
12,4,1,1,192,32,2,[12; 4; 1; 1; 192; 32; 2],0.0037712265620939434,0.4584972858000542,tvm
12,4,1,1,768,32,2,[12; 4; 1; 1; 768; 32; 2],0.004521971373833367,0.3823768440602383,tvm
8,8,1,1,96,48,3,[8; 8; 1; 1; 96; 48; 3],0.003982788655775948,0.43414232898086597,tvm
2,1,1,1,768,96,6,[2; 1; 1; 1; 768; 96; 6],0.006024397998771747,0.2870157554679606,tvm
64,32,1,1,768,128,8,[64; 32; 1; 1; 768; 128; 8],0.005304512718794285,0.3259671970868921,tvm
2,1,1,1,384,128,8,[2; 1; 1; 1; 384; 128; 8],0.0061883327489340445,0.2794124383752609,tvm
16,2,197,1,384,64,4,[16; 2; 197; 1; 384; 64; 4],0.0032905880307225743,0.5254675233464133,tvm
8,2,1,1,768,96,6,[8; 2; 1; 1; 768; 96; 6],0.002779115249722963,0.6221754002571531,tvm
4,1,197,1,16,16,1,[4; 1; 197; 1; 16; 16; 1],0.004831946813283139,0.35784689063708497,tvm
24,1,1,1,64,16,1,[24; 1; 1; 1; 64; 16; 1],0.007315911374462303,0.23634746983033622,tvm
12,1,1,1,768,96,6,[12; 1; 1; 1; 768; 96; 6],0.006746710125298705,0.2562874513273369,tvm
16,4,1,1,768,192,12,[16; 4; 1; 1; 768; 192; 12],0.00603588393641985,0.2864695811037657,tvm
8,1,1,1,96,48,3,[8; 1; 1; 1; 96; 48; 3],0.003315824282253743,0.5214682672152601,tvm
12,3,197,1,384,128,8,[12; 3; 197; 1; 384; 128; 8],0.0036719730942422757,0.47089047181974186,tvm
8,8,197,1,192,96,6,[8; 8; 197; 1; 192; 96; 6],0.0037642229690391105,0.4593503512090113,tvm
24,3,197,1,64,16,1,[24; 3; 197; 1; 64; 16; 1],0.004971975064108847,0.3477686674937212,tvm
24,2,197,1,384,192,12,[24; 2; 197; 1; 384; 192; 12],0.0026199938283753,0.659962296143798,tvm
16,4,197,1,768,48,3,[16; 4; 197; 1; 768; 48; 3],0.002931884562713094,0.5897562151141035,tvm
12,6,1,1,64,16,1,[12; 6; 1; 1; 64; 16; 1],0.004611213780663093,0.3749765734367012,tvm
24,24,197,1,384,48,3,[24; 24; 197; 1; 384; 48; 3],0.004111161311811884,0.42058606114268227,tvm
2,1,1,1,192,48,3,[2; 1; 1; 1; 192; 48; 3],0.006192074688442517,0.27924358633536767,tvm
6,3,1,1,192,192,12,[6; 3; 1; 1; 192; 192; 12],0.0032778557506389916,0.5275086136783381,tvm
48,16,197,1,256,128,8,[48; 16; 197; 1; 256; 128; 8],0.005512922251000418,0.3136443911472481,tvm
8,2,197,1,256,32,2,[8; 2; 197; 1; 256; 32; 2],0.0032434214372187853,0.5331089950308256,tvm
24,24,1,1,128,32,2,[24; 24; 1; 1; 128; 32; 2],0.004368547562989988,0.39580595562376975,tvm
8,1,197,1,192,16,1,[8; 1; 197; 1; 192; 16; 1],0.004613916999005596,0.3747568808086063,tvm
8,8,197,1,96,48,3,[8; 8; 197; 1; 96; 48; 3],0.0032838084698596504,0.5265523731751153,tvm
24,3,1,1,96,48,3,[24; 3; 1; 1; 96; 48; 3],0.003914108312528697,0.4417601672704006,tvm
3,3,197,1,64,16,1,[3; 3; 197; 1; 64; 16; 1],0.0066055108727596235,0.26176584614942394,tvm
24,2,197,1,128,16,1,[24; 2; 197; 1; 128; 16; 1],0.004991720530597377,0.34639301865126965,tvm
4,2,1,1,768,32,2,[4; 2; 1; 1; 768; 32; 2],0.004035599844428361,0.4284609994829821,tvm
16,2,197,1,256,16,1,[16; 2; 197; 1; 256; 16; 1],0.004491444218729157,0.3849757580528043,tvm
6,6,1,1,96,32,2,[6; 6; 1; 1; 96; 32; 2],0.0031304809381254017,0.5523423323869727,tvm
48,1,1,1,384,128,8,[48; 1; 1; 1; 384; 128; 8],0.0060261059679760365,0.286934407069162,tvm
12,2,197,1,64,32,2,[12; 2; 197; 1; 64; 32; 2],0.0031202038744595484,0.5541615908533029,tvm
16,1,1,1,768,128,8,[16; 1; 1; 1; 768; 128; 8],0.005894592532058596,0.29333616080385494,tvm
16,1,1,1,256,64,4,[16; 1; 1; 1; 256; 64; 4],0.0033737819685484283,0.512510043321231,tvm
6,1,197,1,192,32,2,[6; 1; 197; 1; 192; 32; 2],0.0032523637491976842,0.5316432220361847,tvm
4,2,197,1,64,32,2,[4; 2; 197; 1; 64; 32; 2],0.0037712848134106025,0.458490203844725,tvm
32,4,1,1,768,128,8,[32; 4; 1; 1; 768; 128; 8],0.005482063437739271,0.31540991133991675,tvm
24,2,1,1,192,192,12,[24; 2; 1; 1; 192; 192; 12],0.002770574015812599,0.6240934669092408,tvm
6,3,1,1,48,16,1,[6; 3; 1; 1; 48; 16; 1],0.0032629356246616226,0.5299207038558893,tvm
8,4,197,1,48,48,3,[8; 4; 197; 1; 48; 48; 3],0.00293688817146176,0.5887514409500071,tvm
32,16,1,1,384,192,12,[32; 16; 1; 1; 384; 192; 12],0.005041364280259586,0.3429819879566627,tvm
24,4,1,1,384,16,1,[24; 4; 1; 1; 384; 16; 1],0.006148351500087301,0.2812293901597186,tvm
8,2,1,1,256,16,1,[8; 2; 1; 1; 256; 16; 1],0.004212692812870955,0.4104493775511633,tvm
24,6,1,1,768,32,2,[24; 6; 1; 1; 768; 32; 2],0.006176638000397361,0.27994147345949444,tvm
24,8,1,1,32,16,1,[24; 8; 1; 1; 32; 16; 1],0.006231593248230638,0.2774727223006881,tvm
16,4,197,1,768,192,12,[16; 4; 197; 1; 768; 192; 12],0.002475852952557034,0.6983844258890053,tvm
24,6,1,1,384,192,12,[24; 6; 1; 1; 384; 192; 12],0.004173466249994817,0.41430720635617696,tvm
16,4,197,1,768,16,1,[16; 4; 197; 1; 768; 16; 1],0.004800266782694962,0.36020855113523387,tvm
6,3,1,1,32,32,2,[6; 3; 1; 1; 32; 32; 2],0.0029543332348112017,0.5852749183751581,tvm
32,2,197,1,384,128,8,[32; 2; 197; 1; 384; 128; 8],0.0030656882972834865,0.5640159648289422,tvm
12,3,197,1,192,32,2,[12; 3; 197; 1; 192; 32; 2],0.0030884108437021496,0.5598662970579503,tvm
64,4,197,1,768,128,8,[64; 4; 197; 1; 768; 128; 8],0.005297292500472395,0.32641149090841176,tvm
1,1,1,1,192,16,1,[1; 1; 1; 1; 192; 16; 1],0.012372290748317027,0.13975561826271723,tvm
24,4,197,1,384,32,2,[24; 4; 197; 1; 384; 32; 2],0.003820463374722749,0.45258833111641156,tvm
1,1,197,1,16,16,1,[1; 1; 197; 1; 16; 16; 1],0.00947066156368237,0.18257406108648205,tvm
3,1,197,1,256,32,2,[3; 1; 197; 1; 256; 32; 2],0.005124255967530189,0.33743379601127543,tvm
6,6,197,1,32,16,1,[6; 6; 197; 1; 32; 16; 1],0.004395181436848361,0.3934074548915598,tvm
6,1,197,1,384,128,8,[6; 1; 197; 1; 384; 128; 8],0.0033951863115362357,0.5092790156999573,tvm
12,2,1,1,128,128,8,[12; 2; 1; 1; 128; 128; 8],0.003711107656272361,0.46592481356198173,tvm
48,3,197,1,768,128,8,[48; 3; 197; 1; 768; 128; 8],0.005455519656607066,0.3169445353868479,tvm
24,24,197,1,768,128,8,[24; 24; 197; 1; 768; 128; 8],0.0024493894843544695,0.7059298465604551,tvm
24,12,197,1,256,16,1,[24; 12; 197; 1; 256; 16; 1],0.004990958312191651,0.34644591974118377,tvm
16,16,197,1,768,192,12,[16; 16; 197; 1; 768; 192; 12],0.00416218443751859,0.415430207097693,tvm
6,2,197,1,192,64,4,[6; 2; 197; 1; 192; 64; 4],0.002781314499770815,0.6216834317009541,tvm
12,2,197,1,128,64,4,[12; 2; 197; 1; 128; 64; 4],0.003039746234207996,0.5688294382598874,tvm
24,8,1,1,48,48,3,[24; 8; 1; 1; 48; 48; 3],0.003751374342755298,0.46092364687528375,tvm
24,8,197,1,192,192,12,[24; 8; 197; 1; 192; 192; 12],0.002567547234320955,0.6734431677610173,tvm
1,1,197,1,64,16,1,[1; 1; 197; 1; 64; 16; 1],0.01875559100153623,0.09219102414397477,tvm
32,4,197,1,768,192,12,[32; 4; 197; 1; 768; 192; 12],0.0035738467813644093,0.48381960633382687,tvm
2,2,197,1,256,128,8,[2; 2; 197; 1; 256; 128; 8],0.0063109902512223925,0.27398190680491535,tvm
8,8,197,1,96,32,2,[8; 8; 197; 1; 96; 32; 2],0.0031231819693857688,0.5536331727725752,tvm
2,1,1,1,48,48,3,[2; 1; 1; 1; 48; 48; 3],0.0065009427489712834,0.26597636829377663,tvm
2,2,197,1,384,96,6,[2; 2; 197; 1; 384; 96; 6],0.0064160703113884665,0.2694947310331078,tvm
12,3,197,1,32,32,2,[12; 3; 197; 1; 32; 32; 2],0.003086912499384198,0.5601380483580526,tvm
4,4,1,1,256,128,8,[4; 4; 1; 1; 256; 128; 8],0.004464285719222971,0.3873177595716476,tvm
24,3,1,1,16,16,1,[24; 3; 1; 1; 16; 16; 1],0.004998032280127518,0.3459555773043201,tvm
8,1,197,1,384,48,3,[8; 1; 197; 1; 384; 48; 3],0.0028370182817525347,0.6094769124254685,tvm
48,8,197,1,768,128,8,[48; 8; 197; 1; 768; 128; 8],0.005510914155820501,0.3137586784999926,tvm
24,12,197,1,768,48,3,[24; 12; 197; 1; 768; 48; 3],0.0035021972817048663,0.4937178016469192,tvm
48,16,1,1,384,128,8,[48; 16; 1; 1; 384; 128; 8],0.005494277906109346,0.31470871557743346,tvm
24,12,197,1,384,128,8,[24; 12; 197; 1; 384; 128; 8],0.002629964406878571,0.6574602828596294,tvm
8,2,197,1,768,96,6,[8; 2; 197; 1; 768; 96; 6],0.002557458187766315,0.6760998678798877,tvm
6,6,197,1,768,192,12,[6; 6; 197; 1; 768; 192; 12],0.0046379408122447785,0.3728156983573609,tvm
4,1,1,1,384,32,2,[4; 1; 1; 1; 384; 32; 2],0.004323025876146858,0.39997381287902417,tvm
2,1,197,1,64,16,1,[2; 1; 197; 1; 64; 16; 1],0.009519267499854323,0.1816418272607219,tvm
8,8,197,1,96,16,1,[8; 8; 197; 1; 96; 16; 1],0.00455333678110037,0.37974286242874505,tvm
24,4,1,1,768,16,1,[24; 4; 1; 1; 768; 16; 1],0.007319815686059883,0.23622140461133426,tvm
6,1,1,1,32,16,1,[6; 1; 1; 1; 32; 16; 1],0.0031400228126585716,0.5506638792197702,tvm
12,6,197,1,256,32,2,[12; 6; 197; 1; 256; 32; 2],0.0031688942508480977,0.5456468427100024,tvm
3,1,197,1,32,32,2,[3; 1; 197; 1; 32; 32; 2],0.0036697014365927316,0.471181967452531,tvm
16,2,1,1,768,64,4,[16; 2; 1; 1; 768; 64; 4],0.005907292437768774,0.29270552644423253,tvm
24,3,197,1,384,96,6,[24; 3; 197; 1; 384; 96; 6],0.0037623521566274576,0.4595787610713963,tvm
8,2,1,1,192,64,4,[8; 2; 1; 1; 192; 64; 4],0.004221462811983656,0.40959667770818137,tvm
6,6,197,1,48,48,3,[6; 6; 197; 1; 48; 48; 3],0.0035043750940531027,0.49341097812029516,tvm
12,2,1,1,768,48,3,[12; 2; 1; 1; 768; 48; 3],0.004646964125640807,0.37209177779454106,tvm
12,4,1,1,96,16,1,[12; 4; 1; 1; 96; 16; 1],0.004109676719963318,0.4207379949030581,tvm
4,1,197,1,192,16,1,[4; 1; 197; 1; 192; 16; 1],0.0055952771563170245,0.30902797029544915,tvm
2,2,197,1,768,96,6,[2; 2; 197; 1; 768; 96; 6],0.006365249122609384,0.2716464209885179,tvm
4,2,1,1,384,64,4,[4; 2; 1; 1; 384; 64; 4],0.0045566879052785225,0.379463588202768,tvm
12,1,197,1,768,96,6,[12; 1; 197; 1; 768; 96; 6],0.005777003781986423,0.2993069085827381,tvm
12,3,1,1,48,16,1,[12; 3; 1; 1; 48; 16; 1],0.004496468531215214,0.3845455896896575,tvm
12,2,1,1,192,16,1,[12; 2; 1; 1; 192; 16; 1],0.004357042436822667,0.3968511135544668,tvm
3,3,197,1,768,96,6,[3; 3; 197; 1; 768; 96; 6],0.004445270031283144,0.388974602372588,tvm
16,2,197,1,48,48,3,[16; 2; 197; 1; 48; 48; 3],0.0031926895626384066,0.541580103211862,tvm
6,6,197,1,768,128,8,[6; 6; 197; 1; 768; 128; 8],0.0027359928435544134,0.6319816029236461,tvm
6,2,1,1,768,192,12,[6; 2; 1; 1; 768; 192; 12],0.0030479709994324367,0.5672944864564389,tvm
16,1,197,1,128,128,8,[16; 1; 197; 1; 128; 128; 8],0.003198296188202221,0.5406307112003523,tvm
16,8,1,1,384,64,4,[16; 8; 1; 1; 384; 64; 4],0.003357993031386286,0.5149198127261498,tvm
16,8,197,1,96,96,6,[16; 8; 197; 1; 96; 96; 6],0.0035297508748044493,0.48986379044468287,tvm
4,4,197,1,192,16,1,[4; 4; 197; 1; 192; 16; 1],0.005594459906205884,0.30907311373150975,tvm
3,1,197,1,128,32,2,[3; 1; 197; 1; 128; 32; 2],0.004911629876005463,0.35204141731122973,tvm
16,16,197,1,128,32,2,[16; 16; 197; 1; 128; 32; 2],0.0033806029059633147,0.5114759677355334,tvm
24,12,1,1,128,32,2,[24; 12; 1; 1; 128; 32; 2],0.0043522649375518085,0.397286738667563,tvm
12,3,197,1,192,192,12,[12; 3; 197; 1; 192; 192; 12],0.002806750437230221,0.6160494784008883,tvm
12,1,1,1,32,16,1,[12; 1; 1; 1; 32; 16; 1],0.0038148648127389606,0.4532525338992817,tvm
1,1,197,1,96,48,3,[1; 1; 197; 1; 96; 48; 3],0.013544640001782682,0.1276591435896094,tvm
4,1,1,1,32,16,1,[4; 1; 1; 1; 32; 16; 1],0.003267256373874261,0.5292199157321734,tvm
8,2,1,1,128,32,2,[8; 2; 1; 1; 128; 32; 2],0.003908135562596726,0.4424353032698434,tvm
12,1,1,1,384,96,6,[12; 1; 1; 1; 384; 96; 6],0.005622949125609011,0.3075071646980031,tvm
24,6,1,1,128,32,2,[24; 6; 1; 1; 128; 32; 2],0.004332136250013718,0.3991326779834469,tvm
1,1,1,1,384,32,2,[1; 1; 1; 1; 384; 32; 2],0.012243897810549242,0.14122113477354956,tvm
24,2,197,1,128,128,8,[24; 2; 197; 1; 128; 128; 8],0.002730340281232202,0.6332899802792352,tvm
16,4,1,1,256,32,2,[16; 4; 1; 1; 256; 32; 2],0.0038725559679733124,0.44650023321988536,tvm
16,16,1,1,384,96,6,[16; 16; 1; 1; 384; 96; 6],0.003130263907223707,0.5523806279933481,tvm
16,4,1,1,192,16,1,[16; 4; 1; 1; 192; 16; 1],0.004649651657018694,0.3718767061285234,tvm
24,24,1,1,64,16,1,[24; 24; 1; 1; 64; 16; 1],0.006192508406456909,0.27922402835242316,tvm
24,6,197,1,192,32,2,[24; 6; 197; 1; 192; 32; 2],0.003810031530520064,0.4538275153384685,tvm
8,2,1,1,384,128,8,[8; 2; 1; 1; 384; 128; 8],0.0028271061564737465,0.6116138012354825,tvm
1,1,197,1,48,48,3,[1; 1; 197; 1; 48; 48; 3],0.01309484274679562,0.13204413189919842,tvm
12,2,197,1,192,192,12,[12; 2; 197; 1; 192; 192; 12],0.002901465452850971,0.5959392489606028,tvm
24,12,197,1,96,32,2,[24; 12; 197; 1; 96; 32; 2],0.003817855375018553,0.4528974968960788,tvm
6,1,197,1,128,128,8,[6; 1; 197; 1; 128; 128; 8],0.0034345955009484896,0.5034354532810748,tvm
8,8,197,1,192,48,3,[8; 8; 197; 1; 192; 48; 3],0.0033020140926964814,0.5236492317466557,tvm
12,4,197,1,192,96,6,[12; 4; 197; 1; 192; 96; 6],0.00315613990642305,0.5478518678269816,tvm
8,1,1,1,192,96,6,[8; 1; 1; 1; 192; 96; 6],0.003614074750657892,0.47843425002274365,tvm
8,8,197,1,192,32,2,[8; 8; 197; 1; 192; 32; 2],0.0031018057034088997,0.557448566477538,tvm
4,1,197,1,96,48,3,[4; 1; 197; 1; 96; 48; 3],0.0035487139375618426,0.48724613290332597,tvm
1,1,1,1,256,128,8,[1; 1; 1; 1; 256; 128; 8],0.012298549750994425,0.14059358037050937,tvm
3,3,1,1,768,128,8,[3; 3; 1; 1; 768; 128; 8],0.004095402000530157,0.4222044972955788,tvm
4,1,1,1,768,128,8,[4; 1; 1; 1; 768; 128; 8],0.003372873532498488,0.5126480806934666,tvm
16,8,1,1,192,192,12,[16; 8; 1; 1; 192; 192; 12],0.002670036171366519,0.6475931530066855,tvm
24,3,1,1,384,96,6,[24; 3; 1; 1; 384; 96; 6],0.0050853883440140635,0.3400128025409186,tvm
8,8,197,1,192,192,12,[8; 8; 197; 1; 192; 192; 12],0.0044712528433592524,0.3867142394832836,tvm
32,32,1,1,256,128,8,[32; 32; 1; 1; 256; 128; 8],0.0038119145938253496,0.45360332722511276,tvm
8,8,197,1,96,96,6,[8; 8; 197; 1; 96; 96; 6],0.0036444650613702834,0.47444470278637246,tvm
12,6,197,1,256,64,4,[12; 6; 197; 1; 256; 64; 4],0.0030626096413470805,0.5645829359097179,tvm
8,1,197,1,384,16,1,[8; 1; 197; 1; 384; 16; 1],0.004591654156683944,0.37657390645158756,tvm
12,4,197,1,128,64,4,[12; 4; 197; 1; 128; 64; 4],0.0030432707508225576,0.5681706573067118,tvm
3,1,197,1,192,96,6,[3; 1; 197; 1; 192; 96; 6],0.004334170031143003,0.39894538756735093,tvm
64,1,1,1,768,128,8,[64; 1; 1; 1; 768; 128; 8],0.005644692126224982,0.3063226663547931,tvm
1,1,1,1,64,32,2,[1; 1; 1; 1; 64; 32; 2],0.012889343503047712,0.13414935698224617,tvm
6,2,1,1,256,128,8,[6; 2; 1; 1; 256; 128; 8],0.004283447342459112,0.4036695223769166,tvm
24,6,1,1,192,32,2,[24; 6; 1; 1; 192; 32; 2],0.004148613030338311,0.4167892088783558,tvm
16,8,1,1,384,192,12,[16; 8; 1; 1; 384; 192; 12],0.003257147998738219,0.5308623198967239,tvm
12,2,1,1,128,64,4,[12; 2; 1; 1; 128; 64; 4],0.004015187343611615,0.43063921926538046,tvm
8,1,1,1,384,32,2,[8; 1; 1; 1; 384; 32; 2],0.0036042167812411208,0.4797428256415043,tvm
12,12,1,1,48,48,3,[12; 12; 1; 1; 48; 48; 3],0.0033392879686289234,0.517804142410363,tvm
64,64,197,1,384,128,8,[64; 64; 197; 1; 384; 128; 8],0.005482873655637377,0.315363302431622,tvm
16,1,1,1,256,16,1,[16; 1; 1; 1; 256; 16; 1],0.006144071343442192,0.28142530354935996,tvm
16,8,197,1,256,16,1,[16; 8; 197; 1; 256; 16; 1],0.004498563437664416,0.3843665131806751,tvm
8,1,1,1,256,128,8,[8; 1; 1; 1; 256; 128; 8],0.0030767747502977727,0.5619836624991151,tvm
24,12,197,1,32,16,1,[24; 12; 197; 1; 32; 16; 1],0.0049747877801564755,0.34757204111383344,tvm
24,1,1,1,768,96,6,[24; 1; 1; 1; 768; 96; 6],0.0064686391851864755,0.2673046205478374,tvm
64,8,1,1,128,128,8,[64; 8; 1; 1; 128; 128; 8],0.0053017368427390466,0.32613786654183236,tvm
6,2,197,1,768,64,4,[6; 2; 197; 1; 768; 64; 4],0.0029366598282649647,0.5887972199622203,tvm
6,2,197,1,384,192,12,[6; 2; 197; 1; 384; 192; 12],0.0034946845007652882,0.49477918320766695,tvm
4,4,1,1,384,128,8,[4; 4; 1; 1; 384; 128; 8],0.004870946186201763,0.3549817790546045,tvm
1,1,1,1,64,16,1,[1; 1; 1; 1; 64; 16; 1],0.012886385498859454,0.13418015028420355,tvm
32,2,197,1,256,128,8,[32; 2; 197; 1; 256; 128; 8],0.0034915900614578277,0.4952176837550055,tvm
12,6,197,1,64,32,2,[12; 6; 197; 1; 64; 32; 2],0.0031145892962740618,0.5551605615949546,tvm
3,1,1,1,64,32,2,[3; 1; 1; 1; 64; 32; 2],0.004391605187265668,0.39372782140594137,tvm
16,1,1,1,384,96,6,[16; 1; 1; 1; 384; 96; 6],0.005761681344665703,0.300102876126251,tvm
24,24,197,1,256,128,8,[24; 24; 197; 1; 256; 128; 8],0.0038871803753863787,0.44482040344867546,tvm
1,1,197,1,256,64,4,[1; 1; 197; 1; 256; 64; 4],0.012967184753506444,0.13334406625073952,tvm
12,6,1,1,768,128,8,[12; 6; 1; 1; 768; 128; 8],0.0053164753426244715,0.32523373690727514,tvm
8,1,197,1,768,192,12,[8; 1; 197; 1; 768; 192; 12],0.0032875316246645525,0.5259560485698973,tvm
16,4,1,1,192,192,12,[16; 4; 1; 1; 192; 192; 12],0.0026467962970855297,0.6532792662439137,tvm
8,4,197,1,192,16,1,[8; 4; 197; 1; 192; 16; 1],0.004609168094248162,0.37514299923556804,tvm
16,8,197,1,256,64,4,[16; 8; 197; 1; 256; 64; 4],0.0033786675940064015,0.5117689428591555,tvm
6,3,197,1,384,64,4,[6; 3; 197; 1; 384; 64; 4],0.0028042891408404103,0.6165901788354656,tvm
16,2,1,1,192,16,1,[16; 2; 1; 1; 192; 16; 1],0.004719624188510352,0.3663633106776866,tvm
4,4,197,1,64,64,4,[4; 4; 197; 1; 64; 64; 4],0.0033533562818774953,0.5156318021445209,tvm
64,8,1,1,256,128,8,[64; 8; 1; 1; 256; 128; 8],0.00519465821889753,0.33286061757959345,tvm
2,2,197,1,768,64,4,[2; 2; 197; 1; 768; 64; 4],0.006514881126349792,0.26540732045957294,tvm
8,1,1,1,48,16,1,[8; 1; 1; 1; 48; 16; 1],0.0033015445951605216,0.5237236975056137,tvm
2,2,197,1,192,32,2,[2; 2; 197; 1; 192; 32; 2],0.007056420374283334,0.245038851307488,tvm
6,2,197,1,256,128,8,[6; 2; 197; 1; 256; 128; 8],0.0034537840947450604,0.5006384578260024,tvm
6,2,197,1,128,128,8,[6; 2; 197; 1; 128; 128; 8],0.0034430768737365725,0.5021953346573564,tvm
24,8,197,1,32,16,1,[24; 8; 197; 1; 32; 16; 1],0.004982268281310098,0.3470501878318108,tvm
12,1,197,1,128,32,2,[12; 1; 197; 1; 128; 32; 2],0.003135433937131893,0.5514698053051047,tvm
4,2,1,1,96,48,3,[4; 2; 1; 1; 96; 48; 3],0.0032841644388099667,0.5264953004252398,tvm
12,6,197,1,384,128,8,[12; 6; 197; 1; 384; 128; 8],0.0036684093738585943,0.47134792402910103,tvm
3,3,197,1,32,32,2,[3; 3; 197; 1; 32; 32; 2],0.0036428114071895834,0.47466007695170126,tvm
16,2,197,1,384,128,8,[16; 2; 197; 1; 384; 128; 8],0.002750138531155244,0.6287309251039093,tvm
24,3,197,1,192,64,4,[24; 3; 197; 1; 192; 64; 4],0.003673155624710489,0.47073887401474496,tvm
24,2,197,1,768,64,4,[24; 2; 197; 1; 768; 64; 4],0.003130550936475629,0.5523299821480492,tvm
8,4,1,1,384,96,6,[8; 4; 1; 1; 384; 96; 6],0.002813403922118596,0.6145925685477361,tvm
24,8,1,1,384,16,1,[24; 8; 1; 1; 384; 16; 1],0.006113218656537356,0.2828456235583984,tvm
24,3,1,1,256,128,8,[24; 3; 1; 1; 256; 128; 8],0.002563785421443754,0.674431303179589,tvm
16,1,197,1,64,32,2,[16; 1; 197; 1; 64; 32; 2],0.003335909717861796,0.5183285187842058,tvm
12,12,197,1,192,16,1,[12; 12; 197; 1; 192; 16; 1],0.004480237686948385,0.38593870764809335,tvm
3,1,197,1,48,48,3,[3; 1; 197; 1; 48; 48; 3],0.004468411718335119,0.3869601218173748,tvm
24,8,197,1,96,32,2,[24; 8; 197; 1; 96; 32; 2],0.0038238754368649097,0.45218448440746856,tvm
16,4,197,1,48,48,3,[16; 4; 197; 1; 48; 48; 3],0.002991325531183975,0.5780371025592662,tvm
24,6,1,1,256,128,8,[24; 6; 1; 1; 256; 128; 8],0.0025093304848269327,0.689067125001033,tvm
48,2,1,1,256,128,8,[48; 2; 1; 1; 256; 128; 8],0.005366992249037139,0.3221724687915005,tvm
6,6,197,1,128,32,2,[6; 6; 197; 1; 128; 32; 2],0.0032616458120173775,0.530130260154664,tvm
8,2,1,1,768,48,3,[8; 2; 1; 1; 768; 48; 3],0.0031958180625224486,0.5410499312005177,tvm
24,24,1,1,96,48,3,[24; 24; 1; 1; 96; 48; 3],0.004203520375085645,0.4113450128862318,tvm
8,4,197,1,192,32,2,[8; 4; 197; 1; 192; 32; 2],0.0031069579381437507,0.5565241555507476,tvm
8,2,197,1,256,16,1,[8; 2; 197; 1; 256; 16; 1],0.004793486157723237,0.36071808407566414,tvm
1,1,197,1,768,128,8,[1; 1; 197; 1; 768; 128; 8],0.012511303873907309,0.13820279327266805,tvm
24,6,197,1,384,192,12,[24; 6; 197; 1; 384; 192; 12],0.0026006614225480007,0.6648682246238182,tvm
24,4,197,1,128,16,1,[24; 4; 197; 1; 128; 16; 1],0.004978994344128296,0.34727839064454025,tvm
64,2,197,1,384,128,8,[64; 2; 197; 1; 384; 128; 8],0.005380701219110051,0.32135163660752925,tvm
32,32,1,1,768,128,8,[32; 32; 1; 1; 768; 128; 8],0.0057023016870516585,0.30322793106219575,tvm
2,2,1,1,192,64,4,[2; 2; 1; 1; 192; 64; 4],0.006235755437955959,0.2772875171358436,tvm
16,8,197,1,32,32,2,[16; 8; 197; 1; 32; 32; 2],0.0032887195611692732,0.5257660650889852,tvm
8,4,1,1,48,48,3,[8; 4; 1; 1; 48; 48; 3],0.0029436618906402146,0.5873966532484758,tvm
16,2,1,1,192,96,6,[16; 2; 1; 1; 192; 96; 6],0.004071956906045671,0.42463542290684286,tvm
16,8,1,1,128,64,4,[16; 8; 1; 1; 128; 64; 4],0.003522810498907347,0.4908288831867193,tvm
12,1,1,1,48,16,1,[12; 1; 1; 1; 48; 16; 1],0.004249479155987501,0.40689625231385146,tvm
16,4,1,1,64,64,4,[16; 4; 1; 1; 64; 64; 4],0.0032539147814532043,0.5313898055083437,tvm
24,12,1,1,64,16,1,[24; 12; 1; 1; 64; 16; 1],0.006000553124977159,0.2881562927357175,tvm
16,4,197,1,768,96,6,[16; 4; 197; 1; 768; 96; 6],0.002511353593945387,0.6885120227696397,tvm
12,12,1,1,192,32,2,[12; 12; 1; 1; 192; 32; 2],0.003684830844576936,0.46924735918390964,tvm
48,48,1,1,128,128,8,[48; 48; 1; 1; 128; 128; 8],0.003966828156990232,0.4358890968871885,tvm
4,1,1,1,96,96,6,[4; 1; 1; 1; 96; 96; 6],0.0032670792497810908,0.5292486072913598,tvm
1,1,1,1,768,64,4,[1; 1; 1; 1; 768; 64; 4],0.012111226435081335,0.14276812939841058,tvm
12,6,1,1,128,32,2,[12; 6; 1; 1; 128; 32; 2],0.004194491188172833,0.41223048643722543,tvm
24,2,1,1,16,16,1,[24; 2; 1; 1; 16; 16; 1],0.004983342061677831,0.3469754075591144,tvm
24,24,197,1,192,96,6,[24; 24; 197; 1; 192; 96; 6],0.004027051063530962,0.42937055318614503,tvm
12,12,1,1,384,32,2,[12; 12; 1; 1; 384; 32; 2],0.00360191678191768,0.4800491648051241,tvm
24,4,1,1,96,96,6,[24; 4; 1; 1; 96; 96; 6],0.0034792005317285657,0.496981167681668,tvm
12,1,1,1,384,128,8,[12; 1; 1; 1; 384; 128; 8],0.003170158155626268,0.5454292997301763,tvm
4,1,1,1,48,48,3,[4; 1; 1; 1; 48; 48; 3],0.003494908969514654,0.49474740485079544,tvm
64,4,197,1,256,128,8,[64; 4; 197; 1; 256; 128; 8],0.005318192594131688,0.325128718498292,tvm
24,6,1,1,16,16,1,[24; 6; 1; 1; 16; 16; 1],0.004992701999071869,0.34632492449550917,tvm
8,4,1,1,64,16,1,[8; 4; 1; 1; 64; 16; 1],0.003512861125273048,0.4922190434507266,tvm
8,4,1,1,768,48,3,[8; 4; 1; 1; 768; 48; 3],0.0031775462502992013,0.5441611251745995,tvm
6,1,1,1,256,16,1,[6; 1; 1; 1; 256; 16; 1],0.005341214531654259,0.32372733441238766,tvm
6,1,197,1,96,32,2,[6; 1; 197; 1; 96; 32; 2],0.0032179224381252425,0.5373333808084301,tvm
3,1,1,1,256,32,2,[3; 1; 1; 1; 256; 32; 2],0.00433547481225105,0.3988253231159627,tvm
24,8,197,1,256,128,8,[24; 8; 197; 1; 256; 128; 8],0.0025878837186610326,0.668151018683241,tvm
12,1,1,1,192,48,3,[12; 1; 1; 1; 192; 48; 3],0.004467744282010244,0.38701792979054345,tvm
24,8,197,1,96,48,3,[24; 8; 197; 1; 96; 48; 3],0.0037543277503573336,0.4605610532251929,tvm
24,3,1,1,384,48,3,[24; 3; 1; 1; 384; 48; 3],0.0050747614695865195,0.3407248110516662,tvm
24,12,1,1,48,16,1,[24; 12; 1; 1; 48; 16; 1],0.006413082061044406,0.26962030524455033,tvm
3,1,197,1,96,32,2,[3; 1; 197; 1; 96; 32; 2],0.004744440626382129,0.3644469978699396,tvm
6,2,197,1,192,192,12,[6; 2; 197; 1; 192; 192; 12],0.0035349636873434065,0.4891414158080341,tvm
24,2,197,1,768,96,6,[24; 2; 197; 1; 768; 96; 6],0.003354504280650872,0.5154553395059753,tvm
3,3,197,1,128,64,4,[3; 3; 197; 1; 128; 64; 4],0.004405028561450308,0.392528020814434,tvm
3,3,1,1,192,64,4,[3; 3; 1; 1; 192; 64; 4],0.004210670749671408,0.4106464850029126,tvm
12,2,1,1,768,128,8,[12; 2; 1; 1; 768; 128; 8],0.00531477512413403,0.3253377805215936,tvm
6,3,197,1,96,48,3,[6; 3; 197; 1; 96; 48; 3],0.0032173595318454318,0.5374273921650768,tvm
16,8,1,1,768,32,2,[16; 8; 1; 1; 768; 32; 2],0.0063320213739643805,0.2730719055950662,tvm
6,6,197,1,128,128,8,[6; 6; 197; 1; 128; 128; 8],0.003455479720287258,0.5003927913989902,tvm
32,1,197,1,384,192,12,[32; 1; 197; 1; 384; 192; 12],0.004692617751061334,0.3684717644999044,tvm
48,1,1,1,128,128,8,[48; 1; 1; 1; 128; 128; 8],0.005972643406494171,0.28950282566293206,tvm
3,3,1,1,256,64,4,[3; 3; 1; 1; 256; 64; 4],0.004278794780475437,0.40410845379806104,tvm
4,2,1,1,256,64,4,[4; 2; 1; 1; 256; 64; 4],0.0042152610621997155,0.4101993013820171,tvm
32,8,1,1,384,192,12,[32; 8; 1; 1; 384; 192; 12],0.005024018188123591,0.3441661789649968,tvm
1,1,1,1,768,48,3,[1; 1; 1; 1; 768; 48; 3],0.012158303688920569,0.1422153276556834,tvm
8,8,1,1,48,16,1,[8; 8; 1; 1; 48; 16; 1],0.0028700843286060262,0.6024551702621747,tvm
12,12,197,1,768,192,12,[12; 12; 197; 1; 768; 192; 12],0.0042987095621356275,0.402236326475175,tvm
24,6,197,1,768,16,1,[24; 6; 197; 1; 768; 16; 1],0.005745043468778022,0.3009719860700939,tvm
64,32,1,1,256,128,8,[64; 32; 1; 1; 256; 128; 8],0.0051765167499979725,0.3340271511451827,tvm
3,1,197,1,384,96,6,[3; 1; 197; 1; 384; 96; 6],0.0043311869994795416,0.3992201544437865,tvm
16,8,197,1,384,128,8,[16; 8; 197; 1; 384; 128; 8],0.0027355873125998187,0.632075289607138,tvm
6,6,197,1,384,96,6,[6; 6; 197; 1; 384; 96; 6],0.0035280706561025,0.490097084610912,tvm
12,6,1,1,384,16,1,[12; 6; 1; 1; 384; 16; 1],0.004103833000044688,0.4213371116315684,tvm
12,12,1,1,64,64,4,[12; 12; 1; 1; 64; 64; 4],0.002986862281431968,0.5789008598107093,tvm
12,3,197,1,64,64,4,[12; 3; 197; 1; 64; 64; 4],0.0029944726875328342,0.5774295922136986,tvm
1,1,1,1,32,16,1,[1; 1; 1; 1; 32; 16; 1],0.006824866250099149,0.2533525316825107,tvm
4,2,1,1,96,32,2,[4; 2; 1; 1; 96; 32; 2],0.003294835438282462,0.5247901375488695,tvm
32,16,197,1,768,128,8,[32; 16; 197; 1; 768; 128; 8],0.00296931551565649,0.5823217956259709,tvm
24,24,197,1,32,16,1,[24; 24; 197; 1; 32; 16; 1],0.004955017124302685,0.3489588632048324,tvm
24,12,197,1,128,128,8,[24; 12; 197; 1; 128; 128; 8],0.0026938483752019238,0.6418687698885555,tvm
48,6,197,1,384,128,8,[48; 6; 197; 1; 384; 128; 8],0.0055074160009098705,0.3139579691404248,tvm
2,2,1,1,384,32,2,[2; 2; 1; 1; 384; 32; 2],0.006144580844193115,0.28140196812467877,tvm
12,12,1,1,384,48,3,[12; 12; 1; 1; 384; 48; 3],0.003458529281488154,0.49995156962011833,tvm
6,6,197,1,192,16,1,[6; 6; 197; 1; 192; 16; 1],0.004820513750019018,0.3586956147257792,tvm
2,2,1,1,128,128,8,[2; 2; 1; 1; 128; 128; 8],0.006288904562097741,0.27494409014856813,tvm
64,2,197,1,768,128,8,[64; 2; 197; 1; 768; 128; 8],0.005155147686309647,0.3354117569607265,tvm
4,2,197,1,64,64,4,[4; 2; 197; 1; 64; 64; 4],0.0033616300624998985,0.5143627081830915,tvm
48,4,1,1,128,128,8,[48; 4; 1; 1; 128; 128; 8],0.005411270250988309,0.3195362757092648,tvm
8,4,197,1,256,128,8,[8; 4; 197; 1; 256; 128; 8],0.0035893476870114682,0.4817301898933086,tvm
6,2,1,1,128,32,2,[6; 2; 1; 1; 128; 32; 2],0.0036989292821090203,0.46745882686117823,tvm
24,3,1,1,192,32,2,[24; 3; 1; 1; 192; 32; 2],0.004150568656768883,0.4165928300059017,tvm
24,6,197,1,64,16,1,[24; 6; 197; 1; 64; 16; 1],0.004997966250812169,0.3459601478053527,tvm
8,1,1,1,192,192,12,[8; 1; 1; 1; 192; 192; 12],0.0035751639061345486,0.4836413625373151,tvm
6,3,1,1,256,128,8,[6; 3; 1; 1; 256; 128; 8],0.004330950281655532,0.3992419747188104,tvm
24,2,1,1,192,48,3,[24; 2; 1; 1; 192; 48; 3],0.005853759499586886,0.2953823338623955,tvm
16,16,1,1,384,16,1,[16; 16; 1; 1; 384; 16; 1],0.0045881716559961205,0.3768597324813352,tvm
32,1,1,1,768,128,8,[32; 1; 1; 1; 768; 128; 8],0.005835431187733775,0.2963100904165829,tvm
12,2,1,1,768,32,2,[12; 2; 1; 1; 768; 32; 2],0.004712424781246227,0.36692302224925344,tvm
24,3,1,1,768,48,3,[24; 3; 1; 1; 768; 48; 3],0.0058704508119262755,0.2945424803397293,tvm
24,6,1,1,192,16,1,[24; 6; 1; 1; 192; 16; 1],0.005316653281624895,0.32522285190820077,tvm
64,32,197,1,384,128,8,[64; 32; 197; 1; 384; 128; 8],0.005351200499717379,0.32312322121895154,tvm
12,1,1,1,96,96,6,[12; 1; 1; 1; 96; 96; 6],0.007266973814694211,0.2379390908717485,tvm
24,12,197,1,192,48,3,[24; 12; 197; 1; 192; 48; 3],0.0037992082488926826,0.4551203907711838,tvm
12,3,1,1,64,16,1,[12; 3; 1; 1; 64; 16; 1],0.004721370125480462,0.36622783151981425,tvm
24,12,197,1,384,64,4,[24; 12; 197; 1; 384; 64; 4],0.0036408018750080373,0.4749220644843042,tvm
12,6,197,1,192,96,6,[12; 6; 197; 1; 192; 96; 6],0.0034856665934057673,0.4960592462079629,tvm
16,8,1,1,64,32,2,[16; 8; 1; 1; 64; 32; 2],0.004135451374168042,0.4181156992094962,tvm
24,4,1,1,768,32,2,[24; 4; 1; 1; 768; 32; 2],0.006201064279593993,0.27883877103921156,tvm
8,8,1,1,384,16,1,[8; 8; 1; 1; 384; 16; 1],0.0036851662498520454,0.46920465065220973,tvm
6,2,1,1,768,64,4,[6; 2; 1; 1; 768; 64; 4],0.0030186554995452752,0.5728037343504785,tvm
6,1,197,1,128,16,1,[6; 1; 197; 1; 128; 16; 1],0.004942277906593517,0.3498583397243497,tvm
8,1,197,1,768,32,2,[8; 1; 197; 1; 768; 32; 2],0.0032968554078252055,0.5244686008227926,tvm
12,2,197,1,384,32,2,[12; 2; 197; 1; 384; 32; 2],0.003085949046180758,0.5603129270708839,tvm
12,1,197,1,128,128,8,[12; 1; 197; 1; 128; 128; 8],0.003254900000683847,0.5312289601812232,tvm
32,1,1,1,384,128,8,[32; 1; 1; 1; 384; 128; 8],0.005601311842838186,0.3086950327659331,tvm
2,1,1,1,256,16,1,[2; 1; 1; 1; 256; 16; 1],0.00708393681270536,0.24408703642809587,tvm
24,4,197,1,16,16,1,[24; 4; 197; 1; 16; 16; 1],0.005002127407351509,0.345672351391116,tvm
24,24,1,1,64,32,2,[24; 24; 1; 1; 64; 32; 2],0.00558355093744467,0.3096769712014967,tvm
6,2,1,1,32,16,1,[6; 2; 1; 1; 32; 16; 1],0.0031389532196044456,0.5508515170146545,tvm
24,1,1,1,64,32,2,[24; 1; 1; 1; 64; 32; 2],0.008124533498630626,0.21282417546171464,tvm
12,3,197,1,768,32,2,[12; 3; 197; 1; 768; 32; 2],0.003171049092998146,0.5452760560141078,tvm
6,1,1,1,128,128,8,[6; 1; 1; 1; 128; 128; 8],0.0034522149690019432,0.5008660116426745,tvm
12,12,197,1,128,64,4,[12; 12; 197; 1; 128; 64; 4],0.003042828671823372,0.5682532042860651,tvm
8,1,1,1,96,16,1,[8; 1; 1; 1; 96; 16; 1],0.004394631718241726,0.3934566657041622,tvm
16,1,1,1,16,16,1,[16; 1; 1; 1; 16; 16; 1],0.004289685062758508,0.403082538125826,tvm
6,2,1,1,48,16,1,[6; 2; 1; 1; 48; 16; 1],0.0031657861873100046,0.5461825406239362,tvm
3,3,1,1,96,16,1,[3; 3; 1; 1; 96; 16; 1],0.004292991905458621,0.40277204824415413,tvm
16,2,197,1,128,16,1,[16; 2; 197; 1; 128; 16; 1],0.004450145937880734,0.3885484132416071,tvm
24,12,1,1,48,48,3,[24; 12; 1; 1; 48; 48; 3],0.003756594875085284,0.46028310221178376,tvm
4,1,1,1,256,128,8,[4; 1; 1; 1; 256; 128; 8],0.004375003843961167,0.3952218568319252,tvm
4,2,197,1,384,32,2,[4; 2; 197; 1; 384; 32; 2],0.003853344906019629,0.448726284573171,tvm
1,1,1,1,48,48,3,[1; 1; 1; 1; 48; 48; 3],0.013131985877407715,0.13167065202467843,tvm
8,1,197,1,96,32,2,[8; 1; 197; 1; 96; 32; 2],0.0031146832970989635,0.5551438069057085,tvm
2,2,1,1,256,128,8,[2; 2; 1; 1; 256; 128; 8],0.006207411717696232,0.278553642241547,tvm
16,16,197,1,768,48,3,[16; 16; 197; 1; 768; 48; 3],0.0036183825013722526,0.47786466527554555,tvm
12,1,197,1,32,32,2,[12; 1; 197; 1; 32; 32; 2],0.003089840781285602,0.5596071983158014,tvm
24,4,197,1,768,64,4,[24; 4; 197; 1; 768; 64; 4],0.0029885333906349842,0.5785771536886711,tvm
2,2,1,1,192,192,12,[2; 2; 1; 1; 192; 192; 12],0.006261202561290702,0.2761605499791883,tvm
12,6,197,1,192,32,2,[12; 6; 197; 1; 192; 32; 2],0.0030957116878198576,0.5585459232719608,tvm
6,6,1,1,768,128,8,[6; 6; 1; 1; 768; 128; 8],0.0028171378899060073,0.6137779584920614,tvm
3,1,1,1,128,64,4,[3; 1; 1; 1; 128; 64; 4],0.00426265096757561,0.4056389218844652,tvm
24,2,1,1,768,32,2,[24; 2; 1; 1; 768; 32; 2],0.006167897219711449,0.28033819002872984,tvm
16,4,197,1,256,64,4,[16; 4; 197; 1; 256; 64; 4],0.0032999869999912335,0.5239708952979925,tvm
1,1,197,1,768,192,12,[1; 1; 197; 1; 768; 192; 12],0.012363843561615795,0.13985110166107376,tvm
24,12,197,1,48,48,3,[24; 12; 197; 1; 48; 48; 3],0.0037537249372689985,0.4606350150192778,tvm
6,6,197,1,384,32,2,[6; 6; 197; 1; 384; 32; 2],0.003232800187106477,0.5348605056858692,tvm
8,2,197,1,192,192,12,[8; 2; 197; 1; 192; 192; 12],0.0038854330305184703,0.4450204466981671,tvm
24,24,1,1,256,128,8,[24; 24; 1; 1; 256; 128; 8],0.0026840408118005143,0.6442141770926448,tvm
6,6,1,1,64,32,2,[6; 6; 1; 1; 64; 32; 2],0.0028491956409197883,0.6068720301351258,tvm
12,4,197,1,96,48,3,[12; 4; 197; 1; 96; 48; 3],0.0027682967029249994,0.6246068714492085,tvm
6,3,197,1,768,32,2,[6; 3; 197; 1; 768; 32; 2],0.003529517343849875,0.48989620234337866,tvm
16,4,1,1,32,16,1,[16; 4; 1; 1; 32; 16; 1],0.004437807594513288,0.3896286862447401,tvm
24,6,197,1,384,32,2,[24; 6; 197; 1; 384; 32; 2],0.003792681656705099,0.45590357941069587,tvm
48,48,197,1,256,128,8,[48; 48; 197; 1; 256; 128; 8],0.003992969124738011,0.4330354402553998,tvm
8,4,1,1,16,16,1,[8; 4; 1; 1; 16; 16; 1],0.004295060125514283,0.40257809956737306,tvm
16,8,1,1,16,16,1,[16; 8; 1; 1; 16; 16; 1],0.00438345471957291,0.3944599074187796,tvm
8,2,1,1,192,48,3,[8; 2; 1; 1; 192; 48; 3],0.0036206755012244685,0.4775620301439284,tvm
6,3,1,1,192,32,2,[6; 3; 1; 1; 192; 32; 2],0.004126022000491503,0.41907123681142955,tvm
32,1,197,1,768,128,8,[32; 1; 197; 1; 768; 128; 8],0.0036764845317520667,0.47031263913223204,tvm
24,6,1,1,192,96,6,[24; 6; 1; 1; 192; 96; 6],0.0030845976407363196,0.5605584080147298,tvm
2,1,197,1,192,32,2,[2; 1; 197; 1; 192; 32; 2],0.007033741312625352,0.24582893598225825,tvm
24,6,1,1,768,96,6,[24; 6; 1; 1; 768; 96; 6],0.00571680409302644,0.3024587015263225,tvm
64,16,1,1,128,128,8,[64; 16; 1; 1; 128; 128; 8],0.005280583374769776,0.327444340926163,tvm
6,6,197,1,128,64,4,[6; 6; 197; 1; 128; 64; 4],0.0028068735937267775,0.6160224481507072,tvm
24,24,1,1,192,48,3,[24; 24; 1; 1; 192; 48; 3],0.0039579635613335995,0.43686535160382817,tvm
16,1,1,1,768,96,6,[16; 1; 1; 1; 768; 96; 6],0.006589190372324083,0.2624142034383612,tvm
8,4,197,1,64,32,2,[8; 4; 197; 1; 64; 32; 2],0.0031304530621127924,0.5523472508768899,tvm
24,12,1,1,128,128,8,[24; 12; 1; 1; 128; 128; 8],0.0027272833594906842,0.6339998140787427,tvm
12,3,1,1,32,16,1,[12; 3; 1; 1; 32; 16; 1],0.0036803882194362814,0.46981379130758805,tvm
2,1,197,1,768,48,3,[2; 1; 197; 1; 768; 48; 3],0.00694036518689245,0.2491363345148912,tvm
2,1,1,1,48,16,1,[2; 1; 1; 1; 48; 16; 1],0.0066654709371505305,0.25941109925480027,tvm
8,4,197,1,192,64,4,[8; 4; 197; 1; 192; 64; 4],0.0027001405469491147,0.6403730149568871,tvm
12,4,1,1,768,96,6,[12; 4; 1; 1; 768; 96; 6],0.005197465718083549,0.3326808172762146,tvm
6,2,197,1,16,16,1,[6; 2; 197; 1; 16; 16; 1],0.004525333124547615,0.3820927863802283,tvm
6,1,1,1,256,128,8,[6; 1; 1; 1; 256; 128; 8],0.004370612750790315,0.3956189306738464,tvm
24,6,1,1,96,96,6,[24; 6; 1; 1; 96; 96; 6],0.003087847500864882,0.5599684383289123,tvm
24,8,197,1,64,16,1,[24; 8; 197; 1; 64; 16; 1],0.00497981612534204,0.34722108193068657,tvm
24,1,1,1,384,96,6,[24; 1; 1; 1; 384; 96; 6],0.006438104501285125,0.2685723946406887,tvm
48,8,197,1,384,128,8,[48; 8; 197; 1; 384; 128; 8],0.005516931063539232,0.31341648516954446,tvm
16,2,1,1,16,16,1,[16; 2; 1; 1; 16; 16; 1],0.004431708124684519,0.39016494187108325,tvm
4,2,1,1,128,32,2,[4; 2; 1; 1; 128; 32; 2],0.0032991263433359563,0.5241075857400305,tvm
24,4,1,1,256,32,2,[24; 4; 1; 1; 256; 32; 2],0.004086752844159491,0.4230980460020357,tvm
6,3,197,1,32,16,1,[6; 3; 197; 1; 32; 16; 1],0.0044684550011879764,0.3869563736005952,tvm
8,8,1,1,16,16,1,[8; 8; 1; 1; 16; 16; 1],0.004271562313078903,0.4047926768065396,tvm
32,32,1,1,768,192,12,[32; 32; 1; 1; 768; 192; 12],0.005845146062711137,0.29581761076730745,tvm
8,1,197,1,384,32,2,[8; 1; 197; 1; 384; 32; 2],0.0030782635003561154,0.5617118686093989,tvm
12,12,197,1,256,32,2,[12; 12; 197; 1; 256; 32; 2],0.0031642935009585926,0.546440190308936,tvm
32,8,197,1,384,128,8,[32; 8; 197; 1; 384; 128; 8],0.002977448202727828,0.5807312252394543,tvm
12,12,197,1,384,192,12,[12; 12; 197; 1; 384; 192; 12],0.004272235937605728,0.40472885114724577,tvm
12,6,1,1,32,16,1,[12; 6; 1; 1; 32; 16; 1],0.0035304469674883876,0.4897672047704623,tvm
3,1,1,1,768,48,3,[3; 1; 1; 1; 768; 48; 3],0.0046054423746682005,0.3754464831365338,tvm
6,1,1,1,768,64,4,[6; 1; 1; 1; 768; 64; 4],0.0030492149217025144,0.5670630595929623,tvm
24,12,1,1,768,32,2,[24; 12; 1; 1; 768; 32; 2],0.006187887312989915,0.2794325519191886,tvm
16,8,1,1,384,48,3,[16; 8; 1; 1; 384; 48; 3],0.003398023749468848,0.5088537545175843,tvm
16,2,1,1,384,16,1,[16; 2; 1; 1; 384; 16; 1],0.004621474250598112,0.3741440607687823,tvm
24,1,197,1,96,96,6,[24; 1; 197; 1; 96; 96; 6],0.0077208794973557815,0.2239508003523844,tvm
12,1,1,1,384,16,1,[12; 1; 1; 1; 384; 16; 1],0.005871645031220396,0.29448257407647777,tvm
8,4,1,1,32,16,1,[8; 4; 1; 1; 32; 16; 1],0.0030988232501840685,0.5579850811931385,tvm
24,6,197,1,768,64,4,[24; 6; 197; 1; 768; 64; 4],0.002991414781718049,0.578019856498829,tvm
6,2,197,1,192,32,2,[6; 2; 197; 1; 192; 32; 2],0.0032580900624452624,0.5307088231807259,tvm
8,8,197,1,256,32,2,[8; 8; 197; 1; 256; 32; 2],0.003221890781787806,0.536671557158644,tvm
6,6,197,1,768,32,2,[6; 6; 197; 1; 768; 32; 2],0.0035396837502048584,0.4884891602977446,tvm
12,6,197,1,768,128,8,[12; 6; 197; 1; 768; 128; 8],0.0024898416249925504,0.6944606940059155,tvm
2,1,197,1,384,32,2,[2; 1; 197; 1; 384; 32; 2],0.007077821937855333,0.24429791509859322,tvm
16,2,197,1,96,48,3,[16; 2; 197; 1; 96; 48; 3],0.003249566343583865,0.5321008897913945,tvm
6,1,1,1,384,48,3,[6; 1; 1; 1; 384; 48; 3],0.003551362844518735,0.48688270350236834,tvm
24,6,1,1,48,16,1,[24; 6; 1; 1; 48; 16; 1],0.006427360502129886,0.26902134123084553,tvm
24,24,197,1,384,192,12,[24; 24; 197; 1; 384; 192; 12],0.004123933344089892,0.4192834846215818,tvm
24,3,197,1,256,64,4,[24; 3; 197; 1; 256; 64; 4],0.0036706929367937846,0.47105469529343025,tvm
24,3,197,1,192,48,3,[24; 3; 197; 1; 192; 48; 3],0.003726137625562842,0.46404543165416723,tvm
12,6,197,1,192,192,12,[12; 6; 197; 1; 192; 192; 12],0.002805143296427559,0.6164024294442298,tvm
6,3,197,1,128,16,1,[6; 3; 197; 1; 128; 16; 1],0.004921335001199623,0.3513471735688911,tvm
64,64,1,1,256,128,8,[64; 64; 1; 1; 256; 128; 8],0.006190229874846409,0.27932680656710585,tvm
16,8,1,1,256,16,1,[16; 8; 1; 1; 256; 16; 1],0.004725246624730062,0.3659273854210563,tvm
24,2,1,1,192,16,1,[24; 2; 1; 1; 192; 16; 1],0.005385742406360805,0.32105084357822256,tvm
12,12,1,1,256,16,1,[12; 12; 1; 1; 256; 16; 1],0.004232601655530743,0.4085187512502459,tvm
16,2,197,1,768,192,12,[16; 2; 197; 1; 768; 192; 12],0.0025033822194018285,0.6907044115981228,tvm
64,16,197,1,256,128,8,[64; 16; 197; 1; 256; 128; 8],0.0053726630303572165,0.3218324196189499,tvm
12,2,197,1,64,64,4,[12; 2; 197; 1; 64; 64; 4],0.0030011371254659025,0.5761473303518959,tvm
12,4,1,1,128,64,4,[12; 4; 1; 1; 128; 64; 4],0.0042415155621711165,0.4076602142589016,tvm
3,1,197,1,96,48,3,[3; 1; 197; 1; 96; 48; 3],0.0046164267496351385,0.37455314177654886,tvm
24,12,1,1,96,48,3,[24; 12; 1; 1; 96; 48; 3],0.004143099095017533,0.4173439020409975,tvm
8,4,197,1,128,16,1,[8; 4; 197; 1; 128; 16; 1],0.004585474844134296,0.37708137142415915,tvm
24,4,1,1,192,16,1,[24; 4; 1; 1; 192; 16; 1],0.005305982156642131,0.3258769237835875,tvm
8,8,1,1,128,16,1,[8; 8; 1; 1; 128; 16; 1],0.0038482634063257137,0.44931881222446485,tvm
24,4,197,1,768,128,8,[24; 4; 197; 1; 768; 128; 8],0.002376206703047501,0.7276711830833421,tvm
8,2,197,1,192,48,3,[8; 2; 197; 1; 192; 48; 3],0.0029335408589759027,0.5894232349164448,tvm
6,1,197,1,384,64,4,[6; 1; 197; 1; 384; 64; 4],0.0028143718282080954,0.6143812006383162,tvm
24,12,197,1,32,32,2,[24; 12; 197; 1; 32; 32; 2],0.003897119062457932,0.44368599345963855,tvm
24,1,1,1,768,64,4,[24; 1; 1; 1; 768; 64; 4],0.0056719318745308556,0.3048515357917909,tvm
6,2,1,1,192,48,3,[6; 2; 1; 1; 192; 48; 3],0.0034221085934404982,0.5052724352966116,tvm
2,1,197,1,256,128,8,[2; 1; 197; 1; 256; 128; 8],0.0063141690006887075,0.27384397577393704,tvm
24,3,1,1,768,96,6,[24; 3; 1; 1; 768; 96; 6],0.0057493748754495755,0.3007452427985808,tvm
2,2,1,1,32,16,1,[2; 2; 1; 1; 32; 16; 1],0.004953270969053847,0.34908188016764763,tvm
1,1,1,1,768,192,12,[1; 1; 1; 1; 768; 192; 12],0.012109903123928234,0.14278373040330772,tvm
12,6,197,1,768,64,4,[12; 6; 197; 1; 768; 64; 4],0.0027163137501702295,0.6365601701014035,tvm
16,8,1,1,96,48,3,[16; 8; 1; 1; 96; 48; 3],0.0035461515308270464,0.4875982111384497,tvm
24,8,197,1,64,32,2,[24; 8; 197; 1; 64; 32; 2],0.0038711192482878687,0.44666594644995594,tvm
24,4,1,1,768,128,8,[24; 4; 1; 1; 768; 128; 8],0.005641274530717055,0.30650824267496857,tvm
24,8,1,1,768,96,6,[24; 8; 1; 1; 768; 96; 6],0.005743840281866142,0.3010350319656466,tvm
8,2,197,1,128,16,1,[8; 2; 197; 1; 128; 16; 1],0.004584400499879848,0.3771697396207989,tvm
12,6,197,1,16,16,1,[12; 6; 197; 1; 16; 16; 1],0.004190818250208395,0.4125917755491212,tvm
48,24,1,1,128,128,8,[48; 24; 1; 1; 128; 128; 8],0.005399056968599325,0.3202591031940383,tvm
12,6,1,1,32,32,2,[12; 6; 1; 1; 32; 32; 2],0.003075855187489651,0.5621516740742075,tvm
24,8,1,1,256,128,8,[24; 8; 1; 1; 256; 128; 8],0.0025560646718076896,0.6764684641700782,tvm
8,2,1,1,192,16,1,[8; 2; 1; 1; 192; 16; 1],0.004297788562325877,0.40232252419634856,tvm
24,12,197,1,768,16,1,[24; 12; 197; 1; 768; 16; 1],0.005260192656351137,0.328713652867721,tvm
4,4,197,1,768,128,8,[4; 4; 197; 1; 768; 128; 8],0.003364215779583901,0.5139673719356385,tvm
8,2,1,1,128,128,8,[8; 2; 1; 1; 128; 128; 8],0.0035756559373112395,0.4835748106562399,tvm
24,1,1,1,64,64,4,[24; 1; 1; 1; 64; 64; 4],0.0035600242808868643,0.4856981319313908,tvm
16,1,197,1,48,48,3,[16; 1; 197; 1; 48; 48; 3],0.005729856062316685,0.30176973453640954,tvm
6,2,1,1,48,48,3,[6; 2; 1; 1; 48; 48; 3],0.0030725988435733598,0.5627474430883543,tvm
24,24,1,1,384,128,8,[24; 24; 1; 1; 384; 128; 8],0.00467340943760064,0.3699862308115835,tvm
48,8,1,1,384,128,8,[48; 8; 1; 1; 384; 128; 8],0.005477195343701169,0.3156902455278726,tvm
12,12,1,1,96,32,2,[12; 12; 1; 1; 96; 32; 2],0.004118414437471074,0.4198453480361487,tvm
24,6,197,1,384,128,8,[24; 6; 197; 1; 384; 128; 8],0.0025711315938679036,0.6725043350488182,tvm
3,1,1,1,192,48,3,[3; 1; 1; 1; 192; 48; 3],0.004176477688815794,0.41400847117835654,tvm
24,2,1,1,768,16,1,[24; 2; 1; 1; 768; 16; 1],0.007403237937978702,0.23355957992203022,tvm
48,6,1,1,128,128,8,[48; 6; 1; 1; 128; 128; 8],0.005415947280198452,0.3192603349702076,tvm
16,4,1,1,768,96,6,[16; 4; 1; 1; 768; 96; 6],0.005991661093503353,0.28858393621961875,tvm
8,1,1,1,768,64,4,[8; 1; 1; 1; 768; 64; 4],0.0030255498586484464,0.5714984791655536,tvm
12,6,197,1,768,96,6,[12; 6; 197; 1; 768; 96; 6],0.0024451591561955865,0.7071511637497815,tvm
24,2,197,1,96,96,6,[24; 2; 197; 1; 96; 96; 6],0.004592564968334045,0.3764992231529331,tvm
4,4,197,1,32,32,2,[4; 4; 197; 1; 32; 32; 2],0.002986393671562837,0.5789916980209354,tvm
4,4,197,1,48,16,1,[4; 4; 197; 1; 48; 16; 1],0.005440158407509443,0.31783948431912296,tvm
6,3,197,1,48,16,1,[6; 3; 197; 1; 48; 16; 1],0.00486920821822423,0.35510848280949747,tvm
16,8,197,1,768,48,3,[16; 8; 197; 1; 768; 48; 3],0.0029468174998328323,0.5867676376142165,tvm
8,4,197,1,96,32,2,[8; 4; 197; 1; 96; 32; 2],0.0030617234215242206,0.5647463551741537,tvm
6,3,197,1,64,64,4,[6; 3; 197; 1; 64; 64; 4],0.0027855475309479516,0.620738696305323,tvm
4,4,197,1,96,48,3,[4; 4; 197; 1; 96; 48; 3],0.004077273781149415,0.42408168684951464,tvm
2,1,197,1,128,128,8,[2; 1; 197; 1; 128; 128; 8],0.006304697624727851,0.2742553641391773,tvm
8,2,197,1,192,32,2,[8; 2; 197; 1; 192; 32; 2],0.003136816094411188,0.5512268143286583,tvm
3,3,197,1,384,128,8,[3; 3; 197; 1; 384; 128; 8],0.00429663562499627,0.4024304813742831,tvm
3,3,1,1,32,16,1,[3; 3; 1; 1; 32; 16; 1],0.0032875739689188777,0.52594927420774,tvm
24,3,197,1,192,16,1,[24; 3; 197; 1; 192; 16; 1],0.005204961436902522,0.3322017201891375,tvm
8,8,197,1,256,128,8,[8; 8; 197; 1; 256; 128; 8],0.0035833664387610042,0.48253427954049843,tvm
12,1,1,1,768,16,1,[12; 1; 1; 1; 768; 16; 1],0.005082916342871613,0.3401781627356634,tvm
6,6,1,1,384,32,2,[6; 6; 1; 1; 384; 32; 2],0.003521208311212831,0.49105221561333284,tvm
3,3,1,1,768,48,3,[3; 3; 1; 1; 768; 48; 3],0.0042436861567693995,0.4074517009461078,tvm
12,3,197,1,256,16,1,[12; 3; 197; 1; 256; 16; 1],0.0044330695000098785,0.39004512400567815,tvm
2,2,1,1,192,96,6,[2; 2; 1; 1; 192; 96; 6],0.006210216311956174,0.27842784469974274,tvm
6,3,1,1,128,16,1,[6; 3; 1; 1; 128; 16; 1],0.0038658697812934406,0.44727247441806545,tvm
12,3,197,1,768,64,4,[12; 3; 197; 1; 768; 64; 4],0.0029842224066669587,0.5794129616459619,tvm
16,4,1,1,384,128,8,[16; 4; 1; 1; 384; 128; 8],0.0034249040927534224,0.504860018274862,tvm
32,32,197,1,192,192,12,[32; 32; 197; 1; 192; 192; 12],0.004193816375845927,0.41229681700319315,tvm
24,1,197,1,256,128,8,[24; 1; 197; 1; 256; 128; 8],0.003291716499006725,0.5252873822453719,tvm
4,2,197,1,96,16,1,[4; 2; 197; 1; 96; 16; 1],0.005554993405894493,0.31126898206978426,tvm
8,1,1,1,768,48,3,[8; 1; 1; 1; 768; 48; 3],0.003450947531746351,0.5010499658284093,tvm
24,12,197,1,64,64,4,[24; 12; 197; 1; 64; 64; 4],0.0036104904993408127,0.4789092072594662,tvm
16,8,1,1,64,64,4,[16; 8; 1; 1; 64; 64; 4],0.003399528406589525,0.5086285319768243,tvm
24,1,197,1,96,32,2,[24; 1; 197; 1; 96; 32; 2],0.007996311811439227,0.21623683313394063,tvm
24,1,1,1,256,128,8,[24; 1; 1; 1; 256; 128; 8],0.003334904749863199,0.5184847162210771,tvm
6,2,1,1,256,64,4,[6; 2; 1; 1; 256; 64; 4],0.004351225907157641,0.3973816068737842,tvm
2,1,1,1,96,48,3,[2; 1; 1; 1; 96; 48; 3],0.006267040687816916,0.27590328976457673,tvm
24,12,197,1,768,64,4,[24; 12; 197; 1; 768; 64; 4],0.0029778315156363533,0.5806564722610372,tvm
12,2,1,1,64,64,4,[12; 2; 1; 1; 64; 64; 4],0.0030308608438645024,0.5704970409174099,tvm
4,2,197,1,768,64,4,[4; 2; 197; 1; 768; 64; 4],0.0034459997496014694,0.5017693756527734,tvm
3,1,197,1,256,16,1,[3; 1; 197; 1; 256; 16; 1],0.009013917064294219,0.1918252775706595,tvm
6,6,1,1,192,48,3,[6; 6; 1; 1; 192; 48; 3],0.0038603027496719733,0.4479174963684057,tvm
3,1,197,1,16,16,1,[3; 1; 197; 1; 16; 16; 1],0.004898794499240466,0.35296380428393775,tvm
6,3,197,1,768,96,6,[6; 3; 197; 1; 768; 96; 6],0.002800273015964194,0.6174744865945785,tvm
12,12,1,1,96,48,3,[12; 12; 1; 1; 96; 48; 3],0.003569110218450078,0.4844616828919396,tvm
12,12,197,1,384,32,2,[12; 12; 197; 1; 384; 32; 2],0.0030695835002916283,0.5633002466598053,tvm
24,3,197,1,48,48,3,[24; 3; 197; 1; 48; 48; 3],0.003729731062776409,0.46359834362159186,tvm
24,8,1,1,16,16,1,[24; 8; 1; 1; 16; 16; 1],0.004964271280186949,0.34830835086676143,tvm
32,32,1,1,384,192,12,[32; 32; 1; 1; 384; 192; 12],0.005329795343641308,0.3244209263907357,tvm
12,6,197,1,128,64,4,[12; 6; 197; 1; 128; 64; 4],0.003027299077984935,0.5711682586736966,tvm
24,12,197,1,768,96,6,[24; 12; 197; 1; 768; 96; 6],0.0030577208126487676,0.5654856178184897,tvm
12,6,1,1,128,64,4,[12; 6; 1; 1; 128; 64; 4],0.004108774404812721,0.4208303918637645,tvm
8,2,1,1,384,48,3,[8; 2; 1; 1; 384; 48; 3],0.003223670000807033,0.5363753555495042,tvm
48,1,197,1,384,128,8,[48; 1; 197; 1; 384; 128; 8],0.006026364249919425,0.286922109442731,tvm
6,2,197,1,32,32,2,[6; 2; 197; 1; 32; 32; 2],0.0030867537652738974,0.560166853057589,tvm
24,4,197,1,96,32,2,[24; 4; 197; 1; 96; 32; 2],0.0038150603741087252,0.45322930001103706,tvm
2,2,197,1,192,48,3,[2; 2; 197; 1; 192; 48; 3],0.0068949878732382786,0.2507759512628498,tvm
8,4,197,1,384,64,4,[8; 4; 197; 1; 384; 64; 4],0.002673409702765639,0.6467759659390755,tvm
12,12,197,1,32,16,1,[12; 12; 197; 1; 32; 16; 1],0.004193509437754983,0.4123269944952893,tvm
24,1,1,1,48,16,1,[24; 1; 1; 1; 48; 16; 1],0.006405312873539515,0.2699473354377552,tvm
24,4,1,1,48,16,1,[24; 4; 1; 1; 48; 16; 1],0.006400779562682146,0.2701385238976409,tvm
24,1,1,1,128,32,2,[24; 1; 1; 1; 128; 32; 2],0.007942252123029903,0.21770866954013374,tvm
12,2,1,1,48,16,1,[12; 2; 1; 1; 48; 16; 1],0.0044616117174882675,0.38754989280657626,tvm
16,4,197,1,768,128,8,[16; 4; 197; 1; 768; 128; 8],0.0024890288750611944,0.6946874583022392,tvm
1,1,197,1,768,64,4,[1; 1; 197; 1; 768; 64; 4],0.012955920123204123,0.13346000333548833,tvm
12,6,1,1,16,16,1,[12; 6; 1; 1; 16; 16; 1],0.00419720415629854,0.4119640309281527,tvm
24,6,1,1,64,64,4,[24; 6; 1; 1; 64; 64; 4],0.003623549468102283,0.47718325859166527,tvm
24,24,197,1,768,16,1,[24; 24; 197; 1; 768; 16; 1],0.005248840874628513,0.32942456899677297,tvm
24,24,1,1,32,16,1,[24; 24; 1; 1; 32; 16; 1],0.006471799311839277,0.26717409788866514,tvm
16,8,197,1,192,16,1,[16; 8; 197; 1; 192; 16; 1],0.004665840688176104,0.3705864084127257,tvm
12,3,197,1,384,48,3,[12; 3; 197; 1; 384; 48; 3],0.0028288198282098165,0.6112432915006045,tvm
24,12,1,1,768,16,1,[24; 12; 1; 1; 768; 16; 1],0.007377439749689074,0.23437631502582132,tvm
1,1,1,1,96,16,1,[1; 1; 1; 1; 96; 16; 1],0.012635771876375657,0.13684143396810858,tvm
48,2,1,1,128,128,8,[48; 2; 1; 1; 128; 128; 8],0.005426746687589912,0.3186249962268014,tvm
12,1,1,1,256,128,8,[12; 1; 1; 1; 256; 128; 8],0.00302585170356906,0.5714414691300416,tvm
2,2,197,1,16,16,1,[2; 2; 197; 1; 16; 16; 1],0.005631766531223548,0.3070257144486922,tvm
24,3,197,1,384,64,4,[24; 3; 197; 1; 384; 64; 4],0.0036258269374229712,0.47688352828171254,tvm
16,4,197,1,384,128,8,[16; 4; 197; 1; 384; 128; 8],0.00276301770372811,0.6258002402677662,tvm
3,1,1,1,64,64,4,[3; 1; 1; 1; 64; 64; 4],0.004388926530737081,0.3939681219878512,tvm
12,6,197,1,256,128,8,[12; 6; 197; 1; 256; 128; 8],0.0037161502514209133,0.4652925812663259,tvm
16,2,197,1,384,96,6,[16; 2; 197; 1; 384; 96; 6],0.0047149811252893414,0.3667240858256955,tvm
24,8,1,1,96,48,3,[24; 8; 1; 1; 96; 48; 3],0.004145815031733946,0.4170704987130034,tvm
8,1,1,1,64,32,2,[8; 1; 1; 1; 64; 32; 2],0.0030910378900443902,0.5593904715390956,tvm
48,4,1,1,768,128,8,[48; 4; 1; 1; 768; 128; 8],0.005370188249798957,0.3219807318527194,tvm
16,4,1,1,768,64,4,[16; 4; 1; 1; 768; 64; 4],0.0059333079061616445,0.2914221156568502,tvm
4,1,1,1,384,96,6,[4; 1; 1; 1; 384; 96; 6],0.0036049121554242447,0.47965028502994234,tvm
16,8,197,1,96,48,3,[16; 8; 197; 1; 96; 48; 3],0.0029550332656071987,0.5851362700317516,tvm
24,24,197,1,192,16,1,[24; 24; 197; 1; 192; 16; 1],0.0051840351243299665,0.33354271361744053,tvm
24,12,1,1,384,16,1,[24; 12; 1; 1; 384; 16; 1],0.00615563259452756,0.2808967423420191,tvm
12,2,197,1,32,16,1,[12; 2; 197; 1; 32; 16; 1],0.004196578938717721,0.4120254064339069,tvm
6,3,1,1,128,128,8,[6; 3; 1; 1; 128; 128; 8],0.00346084124976187,0.49961758372364423,tvm
16,4,1,1,192,64,4,[16; 4; 1; 1; 192; 64; 4],0.003289013842731947,0.5257190226420289,tvm
32,4,1,1,768,192,12,[32; 4; 1; 1; 768; 192; 12],0.005563870217883959,0.31077237159474036,tvm
24,6,197,1,96,32,2,[24; 6; 197; 1; 96; 32; 2],0.0038277359381027054,0.4517284292380432,tvm
6,6,197,1,64,32,2,[6; 6; 197; 1; 64; 32; 2],0.003253323875469505,0.5314863226175437,tvm
8,2,1,1,64,16,1,[8; 2; 1; 1; 64; 16; 1],0.003557031343007111,0.48610680540007994,tvm
12,6,1,1,64,64,4,[12; 6; 1; 1; 64; 64; 4],0.003017815171915572,0.5729632347761014,tvm
6,2,1,1,384,16,1,[6; 2; 1; 1; 384; 16; 1],0.0043717528133129235,0.3955157614565196,tvm
8,2,197,1,32,32,2,[8; 2; 197; 1; 32; 32; 2],0.003007409359270241,0.5749457211494197,tvm
16,1,1,1,384,48,3,[16; 1; 1; 1; 384; 48; 3],0.006011717407091055,0.28762116143676436,tvm
24,1,197,1,192,96,6,[24; 1; 197; 1; 192; 96; 6],0.006727333002345404,0.2570256507674459,tvm
24,2,1,1,192,32,2,[24; 2; 1; 1; 192; 32; 2],0.004174639905613731,0.4141907282905976,tvm
6,3,1,1,384,96,6,[6; 3; 1; 1; 384; 96; 6],0.003050714718483505,0.5667842792316773,tvm
12,4,1,1,96,96,6,[12; 4; 1; 1; 96; 96; 6],0.0034247919375047786,0.5048765514546619,tvm
3,1,197,1,128,128,8,[3; 1; 197; 1; 128; 128; 8],0.004259228062437614,0.4059649113664876,tvm
12,6,197,1,192,64,4,[12; 6; 197; 1; 192; 64; 4],0.003042545296921162,0.5683061299389249,tvm
6,1,1,1,768,32,2,[6; 1; 1; 1; 768; 32; 2],0.0034296518133487552,0.5041611326628608,tvm
12,1,1,1,96,48,3,[12; 1; 1; 1; 96; 48; 3],0.003886205937305931,0.4449319389532455,tvm
12,2,197,1,32,32,2,[12; 2; 197; 1; 32; 32; 2],0.0030822200469629024,0.5609908171744346,tvm
6,3,1,1,768,32,2,[6; 3; 1; 1; 768; 32; 2],0.0034327050925639924,0.5037126977795892,tvm
6,1,197,1,768,96,6,[6; 1; 197; 1; 768; 96; 6],0.002826223421834584,0.6118048309622796,tvm
8,1,1,1,32,32,2,[8; 1; 1; 1; 32; 32; 2],0.0030221138904380496,0.5721482397893726,tvm
8,2,197,1,48,16,1,[8; 2; 197; 1; 48; 16; 1],0.004612143407939584,0.3749009928617104,tvm
8,1,1,1,384,16,1,[8; 1; 1; 1; 384; 16; 1],0.005363435155231855,0.3223861373937681,tvm
6,1,1,1,768,128,8,[6; 1; 1; 1; 768; 128; 8],0.002952583625301486,0.585621734144985,tvm
16,16,197,1,192,32,2,[16; 16; 197; 1; 192; 32; 2],0.0033225474689970724,0.5204130743026162,tvm
48,48,1,1,768,128,8,[48; 48; 1; 1; 768; 128; 8],0.005689838031685213,0.3038921553176479,tvm
12,3,197,1,96,16,1,[12; 3; 197; 1; 96; 16; 1],0.004479618342884351,0.3859920668473302,tvm
8,4,197,1,768,128,8,[8; 4; 197; 1; 768; 128; 8],0.0025212296250174404,0.6858150188700809,tvm
4,4,197,1,192,64,4,[4; 4; 197; 1; 192; 64; 4],0.0033702940309012774,0.5130404430603198,tvm
24,6,197,1,16,16,1,[24; 6; 197; 1; 16; 16; 1],0.005014063126509427,0.3448494961532056,tvm
6,6,197,1,96,96,6,[6; 6; 197; 1; 96; 96; 6],0.003524580311932368,0.4905824211192841,tvm
3,1,1,1,96,96,6,[3; 1; 1; 1; 96; 96; 6],0.004253956936736358,0.4064679470365557,tvm
24,4,197,1,192,192,12,[24; 4; 197; 1; 192; 192; 12],0.002534761109018291,0.6821538868910686,tvm
16,8,197,1,768,128,8,[16; 8; 197; 1; 768; 128; 8],0.0027025148747270578,0.6398104073457779,tvm
24,6,197,1,48,16,1,[24; 6; 197; 1; 48; 16; 1],0.004980906031050836,0.3471451041392865,tvm
48,24,1,1,768,128,8,[48; 24; 1; 1; 768; 128; 8],0.005412142187196878,0.3194847960475883,tvm
6,6,1,1,192,96,6,[6; 6; 1; 1; 192; 96; 6],0.004515531343713519,0.38292218816383056,tvm
12,1,197,1,192,16,1,[12; 1; 197; 1; 192; 16; 1],0.004499167531321291,0.38431490510631217,tvm
24,8,1,1,768,16,1,[24; 8; 1; 1; 768; 16; 1],0.007205968937341822,0.23995345496104534,tvm
8,8,1,1,768,96,6,[8; 8; 1; 1; 768; 96; 6],0.0031830523748794803,0.5432198214842794,tvm
8,4,197,1,32,32,2,[8; 4; 197; 1; 32; 32; 2],0.0030143153126118705,0.5736284905638818,tvm
48,1,197,1,256,128,8,[48; 1; 197; 1; 256; 128; 8],0.006130134843260748,0.282065107386349,tvm
12,1,197,1,768,128,8,[12; 1; 197; 1; 768; 128; 8],0.0026661335932658403,0.6485410735698023,tvm
24,6,1,1,48,48,3,[24; 6; 1; 1; 48; 48; 3],0.0037669310622732155,0.45902011857198444,tvm
3,1,197,1,192,48,3,[3; 1; 197; 1; 192; 48; 3],0.004650684719308629,0.3717941007005503,tvm
12,12,197,1,96,32,2,[12; 12; 197; 1; 96; 32; 2],0.0030504342348649516,0.5668363943383599,tvm
16,16,197,1,768,96,6,[16; 16; 197; 1; 768; 96; 6],0.003823492876108503,0.45222972786521665,tvm
24,2,197,1,128,32,2,[24; 2; 197; 1; 128; 32; 2],0.003949853531594272,0.4377623446100875,tvm
24,8,1,1,64,16,1,[24; 8; 1; 1; 64; 16; 1],0.006097773562942166,0.28356204522997347,tvm
2,1,197,1,384,128,8,[2; 1; 197; 1; 384; 128; 8],0.006303079062490724,0.2743257899376361,tvm
12,1,197,1,32,16,1,[12; 1; 197; 1; 32; 16; 1],0.0042200234693154925,0.40973638071676655,tvm
4,4,197,1,192,96,6,[4; 4; 197; 1; 192; 96; 6],0.0036518947817967273,0.47347945276956455,tvm
16,16,197,1,768,64,4,[16; 16; 197; 1; 768; 64; 4],0.002635167406879191,0.656162161972434,tvm
24,1,197,1,48,16,1,[24; 1; 197; 1; 48; 16; 1],0.00494907659413002,0.3493777293541957,tvm
16,16,1,1,128,128,8,[16; 16; 1; 1; 128; 128; 8],0.0036728743762068916,0.47077492060668924,tvm
16,8,1,1,96,16,1,[16; 8; 1; 1; 96; 16; 1],0.004790002187291975,0.3609804495381007,tvm
24,1,197,1,192,48,3,[24; 1; 197; 1; 192; 48; 3],0.005249514688330237,0.3293822849378736,tvm
24,8,197,1,384,64,4,[24; 8; 197; 1; 384; 64; 4],0.003628900562034687,0.4764796150511371,tvm
6,2,197,1,64,16,1,[6; 2; 197; 1; 64; 16; 1],0.004888019062491367,0.3537418984564766,tvm
8,8,197,1,384,32,2,[8; 8; 197; 1; 384; 32; 2],0.003083288296693354,0.5607964538092328,tvm
48,16,197,1,128,128,8,[48; 16; 197; 1; 128; 128; 8],0.005441592062197742,0.31775574557839925,tvm
6,6,1,1,192,64,4,[6; 6; 1; 1; 192; 64; 4],0.0040477352813468315,0.42717643884108153,tvm
12,6,197,1,384,32,2,[12; 6; 197; 1; 384; 32; 2],0.0030957371873228112,0.5585413225443931,tvm
24,6,1,1,384,16,1,[24; 6; 1; 1; 384; 16; 1],0.006208771032106597,0.278492657228893,tvm
16,1,1,1,768,64,4,[16; 1; 1; 1; 768; 64; 4],0.0059850172820006264,0.28890428571647386,tvm
8,2,1,1,96,48,3,[8; 2; 1; 1; 96; 48; 3],0.0029988176092956564,0.576592967007174,tvm
24,24,1,1,768,96,6,[24; 24; 1; 1; 768; 96; 6],0.005807070063383435,0.29775723798477827,tvm
8,8,1,1,384,96,6,[8; 8; 1; 1; 384; 96; 6],0.003288066187451477,0.5258705403972831,tvm
3,3,197,1,96,96,6,[3; 3; 197; 1; 96; 96; 6],0.0044315562499832595,0.3901783132874991,tvm
6,2,197,1,192,48,3,[6; 2; 197; 1; 192; 48; 3],0.003100881468526495,0.5576147171077748,tvm
24,24,197,1,128,16,1,[24; 24; 197; 1; 128; 16; 1],0.004998888623958919,0.34589631274636545,tvm
16,2,1,1,96,16,1,[16; 2; 1; 1; 96; 16; 1],0.004853079031818197,0.3562886842601736,tvm
16,2,1,1,128,16,1,[16; 2; 1; 1; 128; 16; 1],0.00493450324938749,0.3504095661648966,tvm
12,3,1,1,192,192,12,[12; 3; 1; 1; 192; 192; 12],0.0028034855631631217,0.6167669152917749,tvm
48,16,197,1,768,128,8,[48; 16; 197; 1; 768; 128; 8],0.005535462720217765,0.31236722750236856,tvm
12,4,197,1,192,48,3,[12; 4; 197; 1; 192; 48; 3],0.0028456315467337845,0.6076321247006838,tvm
16,8,1,1,384,16,1,[16; 8; 1; 1; 384; 16; 1],0.004588357531247311,0.3768444658206703,tvm
2,2,197,1,96,32,2,[2; 2; 197; 1; 96; 32; 2],0.006885052436700789,0.25113783210134843,tvm
12,3,197,1,384,64,4,[12; 3; 197; 1; 384; 64; 4],0.0030149184849506128,0.5735137289741573,tvm
12,2,197,1,48,48,3,[12; 2; 197; 1; 48; 48; 3],0.0028220103440617095,0.612718215755531,tvm
16,4,1,1,48,48,3,[16; 4; 1; 1; 48; 48; 3],0.0030040931878829724,0.5755803947199328,tvm
24,3,197,1,192,96,6,[24; 3; 197; 1; 192; 96; 6],0.003533173407049617,0.48938926671618665,tvm
8,8,197,1,64,16,1,[8; 8; 197; 1; 64; 16; 1],0.004556805000902386,0.37945383717642706,tvm
12,6,1,1,48,16,1,[12; 6; 1; 1; 48; 16; 1],0.00450195096891548,0.38407729333260204,tvm
12,4,197,1,384,48,3,[12; 4; 197; 1; 384; 48; 3],0.0028179847031424288,0.613593516291614,tvm
4,1,1,1,64,64,4,[4; 1; 1; 1; 64; 64; 4],0.0033540265940246172,0.5155287516019177,tvm
16,2,197,1,768,32,2,[16; 2; 197; 1; 768; 32; 2],0.003246863812819356,0.5325437845684424,tvm
24,6,197,1,192,16,1,[24; 6; 197; 1; 192; 16; 1],0.005171196842638892,0.3343707840707093,tvm
24,12,1,1,768,48,3,[24; 12; 1; 1; 768; 48; 3],0.005886931969143916,0.2937178740845191,tvm
3,1,1,1,768,96,6,[3; 1; 1; 1; 768; 96; 6],0.004161330405622721,0.41551546604442063,tvm
48,4,197,1,256,128,8,[48; 4; 197; 1; 256; 128; 8],0.005403306842708844,0.32000720913904146,tvm
2,2,197,1,768,48,3,[2; 2; 197; 1; 768; 48; 3],0.006851139187347144,0.2523809684162428,tvm
12,2,1,1,128,32,2,[12; 2; 1; 1; 128; 32; 2],0.0042259299061697675,0.4091637062727183,tvm
1,1,197,1,64,64,4,[1; 1; 197; 1; 64; 64; 4],0.01289761312364135,0.1340633438358997,tvm
64,4,197,1,128,128,8,[64; 4; 197; 1; 128; 128; 8],0.00528016156204103,0.3274704992528232,tvm
4,2,197,1,192,48,3,[4; 2; 197; 1; 192; 48; 3],0.0038116281866678037,0.45363741114758405,tvm
16,2,197,1,192,48,3,[16; 2; 197; 1; 192; 48; 3],0.0033465396554674953,0.5166821017740476,tvm
16,1,197,1,768,32,2,[16; 1; 197; 1; 768; 32; 2],0.0032561211246502353,0.5310297365067702,tvm
16,16,1,1,192,16,1,[16; 16; 1; 1; 192; 16; 1],0.004589352936818614,0.37676273031547897,tvm
4,2,197,1,128,64,4,[4; 2; 197; 1; 128; 64; 4],0.0033745130931492895,0.5123990025012616,tvm
24,3,197,1,768,48,3,[24; 3; 197; 1; 768; 48; 3],0.0035070384365099017,0.4930362681105622,tvm
4,4,1,1,384,48,3,[4; 4; 1; 1; 384; 48; 3],0.004662888812163146,0.3708210108606477,tvm
6,2,1,1,256,32,2,[6; 2; 1; 1; 256; 32; 2],0.004179861813099706,0.41367327920701696,tvm
24,4,197,1,64,64,4,[24; 4; 197; 1; 64; 64; 4],0.0036219732501194812,0.47739092021182195,tvm
2,1,1,1,64,32,2,[2; 1; 1; 1; 64; 32; 2],0.006481137064838549,0.2667891645492018,tvm
8,4,197,1,384,48,3,[8; 4; 197; 1; 384; 48; 3],0.0029404610468191095,0.5880360648639169,tvm
32,2,197,1,768,128,8,[32; 2; 197; 1; 768; 128; 8],0.0033635208128544036,0.5140735672718402,tvm
6,1,197,1,384,48,3,[6; 1; 197; 1; 384; 48; 3],0.0029796796716254903,0.5802963181991562,tvm
24,1,1,1,32,16,1,[24; 1; 1; 1; 32; 16; 1],0.006169256375869736,0.28027642839099487,tvm
24,4,197,1,128,128,8,[24; 4; 197; 1; 128; 128; 8],0.0026028959382529138,0.6642974532503699,tvm
6,3,197,1,384,192,12,[6; 3; 197; 1; 384; 192; 12],0.0032188771874643862,0.5371740026587372,tvm
24,12,197,1,256,32,2,[24; 12; 197; 1; 256; 32; 2],0.003920293125702301,0.441063228542989,tvm
3,1,197,1,128,64,4,[3; 1; 197; 1; 128; 64; 4],0.0044056745937268715,0.3924704619172647,tvm
24,8,1,1,192,48,3,[24; 8; 1; 1; 192; 48; 3],0.0039310269385168795,0.4398588892676239,tvm
8,8,197,1,384,192,12,[8; 8; 197; 1; 384; 192; 12],0.004414759969222359,0.39166277553289397,tvm
2,2,197,1,128,128,8,[2; 2; 197; 1; 128; 128; 8],0.006294373313721735,0.2747052099829717,tvm
12,1,1,1,384,32,2,[12; 1; 1; 1; 384; 32; 2],0.0036724237179441843,0.4708326913390833,tvm
8,1,197,1,384,96,6,[8; 1; 197; 1; 384; 96; 6],0.003297488874522969,0.524367847369093,tvm
32,2,1,1,384,192,12,[32; 2; 1; 1; 384; 192; 12],0.0050573383741721045,0.3418986460719467,tvm
24,12,197,1,96,16,1,[24; 12; 197; 1; 96; 16; 1],0.005167489844097872,0.33461065140399987,tvm
6,6,1,1,128,32,2,[6; 6; 1; 1; 128; 32; 2],0.0035545732807804598,0.4864429584857211,tvm
24,1,197,1,192,16,1,[24; 1; 197; 1; 192; 16; 1],0.005195623063627863,0.3327988042400047,tvm
8,2,197,1,384,48,3,[8; 2; 197; 1; 384; 48; 3],0.002906244187215634,0.5949593466589355,tvm
12,4,1,1,384,96,6,[12; 4; 1; 1; 384; 96; 6],0.0028296279842834338,0.6110687173229289,tvm
16,16,197,1,384,96,6,[16; 16; 197; 1; 384; 96; 6],0.003896578313288046,0.44374756615582567,tvm
6,3,1,1,768,64,4,[6; 3; 1; 1; 768; 64; 4],0.0030498803589580348,0.5669393351048937,tvm
24,6,197,1,128,32,2,[24; 6; 197; 1; 128; 32; 2],0.003914101875125198,0.4417608938198205,tvm
16,1,197,1,128,64,4,[16; 1; 197; 1; 128; 64; 4],0.0034192296261608135,0.5056978711308755,tvm
12,4,197,1,16,16,1,[12; 4; 197; 1; 16; 16; 1],0.004190854062471772,0.412588249813051,tvm
8,1,1,1,128,128,8,[8; 1; 1; 1; 128; 128; 8],0.0035593872198660392,0.4857850624417927,tvm
32,16,1,1,768,192,12,[32; 16; 1; 1; 768; 192; 12],0.0055854428428574465,0.309572077184225,tvm
24,8,197,1,128,16,1,[24; 8; 197; 1; 128; 16; 1],0.004977574812073726,0.3473774293985502,tvm
8,8,197,1,64,64,4,[8; 8; 197; 1; 64; 64; 4],0.002710887765715597,0.6378342787646578,tvm
4,2,1,1,768,64,4,[4; 2; 1; 1; 768; 64; 4],0.003433892532484606,0.503538513945877,tvm
24,3,197,1,128,16,1,[24; 3; 197; 1; 128; 16; 1],0.00498358384356834,0.3469585738160425,tvm
24,6,197,1,96,16,1,[24; 6; 197; 1; 96; 16; 1],0.005163125031685922,0.33489352518982834,tvm
24,6,197,1,128,128,8,[24; 6; 197; 1; 128; 128; 8],0.0025543893279973418,0.6769121386099614,tvm
8,2,1,1,768,32,2,[8; 2; 1; 1; 768; 32; 2],0.0034736835932562826,0.49777047806368035,tvm
2,1,197,1,192,48,3,[2; 1; 197; 1; 192; 48; 3],0.00681563043690403,0.253695847928424,tvm
24,4,1,1,384,48,3,[24; 4; 1; 1; 384; 48; 3],0.004980955813152832,0.3471416346017861,tvm
4,2,197,1,192,96,6,[4; 2; 197; 1; 192; 96; 6],0.0033508192809676984,0.5160222016980244,tvm
6,1,197,1,384,32,2,[6; 1; 197; 1; 384; 32; 2],0.003239415624193498,0.5337682296595171,tvm
16,1,1,1,384,128,8,[16; 1; 1; 1; 384; 128; 8],0.0036817488125961972,0.4696401712527108,tvm
12,3,1,1,96,48,3,[12; 3; 1; 1; 96; 48; 3],0.0036575948433892336,0.4727415738739699,tvm
2,2,197,1,384,32,2,[2; 2; 197; 1; 384; 32; 2],0.00708518175088102,0.24404414786425696,tvm
16,16,197,1,256,32,2,[16; 16; 197; 1; 256; 32; 2],0.0033836911879916443,0.511009145572599,tvm
48,24,197,1,256,128,8,[48; 24; 197; 1; 256; 128; 8],0.005363115125874174,0.3224053749126455,tvm
12,4,1,1,192,96,6,[12; 4; 1; 1; 192; 96; 6],0.0036543096575769596,0.47316656355927006,tvm
2,2,1,1,64,32,2,[2; 2; 1; 1; 64; 32; 2],0.006475869311543647,0.2670061824402351,tvm
2,1,197,1,192,64,4,[2; 1; 197; 1; 192; 64; 4],0.0064993244341167156,0.266042595716663,tvm
1,1,1,1,16,16,1,[1; 1; 1; 1; 16; 16; 1],0.00946337943605613,0.1827145529290692,tvm
16,8,1,1,128,128,8,[16; 8; 1; 1; 128; 128; 8],0.0027418457339081215,0.6306325412380346,tvm
8,8,1,1,32,16,1,[8; 8; 1; 1; 32; 16; 1],0.0030248652656155173,0.5716278217454078,tvm
3,3,1,1,768,32,2,[3; 3; 1; 1; 768; 32; 2],0.004138587000852567,0.417798911198663,tvm
8,2,1,1,96,96,6,[8; 2; 1; 1; 96; 96; 6],0.0027117309373352327,0.6376359538665345,tvm
24,3,1,1,256,32,2,[24; 3; 1; 1; 256; 32; 2],0.004176860937150195,0.4139704837855765,tvm
24,8,197,1,768,48,3,[24; 8; 197; 1; 768; 48; 3],0.003497244155369117,0.49441705126665514,tvm
24,12,197,1,96,48,3,[24; 12; 197; 1; 96; 48; 3],0.003795908405663795,0.4555160341269545,tvm
6,2,197,1,256,32,2,[6; 2; 197; 1; 256; 32; 2],0.003488370344712166,0.49567476270923716,tvm
24,1,197,1,32,16,1,[24; 1; 197; 1; 32; 16; 1],0.004995946374037885,0.3461000205772086,tvm
24,2,197,1,256,128,8,[24; 2; 197; 1; 256; 128; 8],0.0026375675943199894,0.655565054173686,tvm
12,6,1,1,384,32,2,[12; 6; 1; 1; 384; 32; 2],0.003629384498708532,0.47641608197544755,tvm
3,3,197,1,768,128,8,[3; 3; 197; 1; 768; 128; 8],0.004300768656321452,0.40204374636976636,tvm
2,2,1,1,192,48,3,[2; 2; 1; 1; 192; 48; 3],0.006240733624508721,0.27706632695659394,tvm
3,1,1,1,192,32,2,[3; 1; 1; 1; 192; 32; 2],0.004238536217599176,0.40794676607400826,tvm
4,4,1,1,16,16,1,[4; 4; 1; 1; 16; 16; 1],0.004866029999902821,0.35534041978608316,tvm
12,12,1,1,192,64,4,[12; 12; 1; 1; 192; 64; 4],0.0036493280313152354,0.47381247397317905,tvm
4,4,197,1,768,48,3,[4; 4; 197; 1; 768; 48; 3],0.00488251265596773,0.3541408419584383,tvm
64,16,197,1,128,128,8,[64; 16; 197; 1; 128; 128; 8],0.005291186251270119,0.3267881833571976,tvm
24,3,197,1,768,128,8,[24; 3; 197; 1; 768; 128; 8],0.0023701020472799428,0.7295454408140561,tvm
16,4,197,1,192,32,2,[16; 4; 197; 1; 192; 32; 2],0.003309914594865404,0.5223993227920298,tvm
48,3,1,1,128,128,8,[48; 3; 1; 1; 128; 128; 8],0.005421190906417905,0.3189515316293588,tvm
12,6,197,1,128,32,2,[12; 6; 197; 1; 128; 32; 2],0.0031274065313482424,0.5528853142452572,tvm
16,16,1,1,384,192,12,[16; 16; 1; 1; 384; 192; 12],0.0032170005924854195,0.5374873560471624,tvm
24,24,1,1,384,96,6,[24; 24; 1; 1; 384; 96; 6],0.004581856470394996,0.37737915930572125,tvm
24,3,1,1,384,64,4,[24; 3; 1; 1; 384; 64; 4],0.004831552874748013,0.3578760675256654,tvm
8,2,197,1,384,96,6,[8; 2; 197; 1; 384; 96; 6],0.0027073846868006513,0.6386595710934738,tvm
2,2,197,1,96,16,1,[2; 2; 197; 1; 96; 16; 1],0.00904526000158512,0.19116057941442594,tvm
8,4,197,1,768,96,6,[8; 4; 197; 1; 768; 96; 6],0.0025712301558087347,0.672478556208161,tvm
16,16,1,1,768,48,3,[16; 16; 1; 1; 768; 48; 3],0.006207727374203387,0.27853947807735857,tvm
24,3,1,1,192,48,3,[24; 3; 1; 1; 192; 48; 3],0.0039026143749651965,0.4430612345275756,tvm
8,1,197,1,96,96,6,[8; 1; 197; 1; 96; 96; 6],0.003130667342702509,0.5523094451052476,tvm
16,4,197,1,128,128,8,[16; 4; 197; 1; 128; 128; 8],0.002678191093764326,0.6456212728371126,tvm
24,12,1,1,256,64,4,[24; 12; 1; 1; 256; 64; 4],0.003273098438512534,0.5282753254567358,tvm
8,1,1,1,64,64,4,[8; 1; 1; 1; 64; 64; 4],0.0027176912190043367,0.6362375279302779,tvm
12,1,1,1,64,16,1,[12; 1; 1; 1; 64; 16; 1],0.004910873656626791,0.3520956277349711,tvm
24,24,1,1,192,192,12,[24; 24; 1; 1; 192; 192; 12],0.00421717715653358,0.4100129253944882,tvm
12,3,197,1,128,16,1,[12; 3; 197; 1; 128; 16; 1],0.004345851812104229,0.39787301031323635,tvm
12,2,1,1,768,16,1,[12; 2; 1; 1; 768; 16; 1],0.004801239561857074,0.3601355692796017,tvm
2,1,1,1,96,16,1,[2; 1; 1; 1; 96; 16; 1],0.007301792124053463,0.2368044876491587,tvm
6,3,1,1,768,192,12,[6; 3; 1; 1; 768; 192; 12],0.0030328445782288327,0.570123888071748,tvm
16,2,197,1,64,16,1,[16; 2; 197; 1; 64; 16; 1],0.004436734843693557,0.38972289392387466,tvm
32,4,1,1,384,192,12,[32; 4; 1; 1; 384; 192; 12],0.005011945873775403,0.34499517480914993,tvm
24,1,1,1,192,96,6,[24; 1; 1; 1; 192; 96; 6],0.006943851498363074,0.24901125020671247,tvm
12,2,1,1,256,32,2,[12; 2; 1; 1; 256; 32; 2],0.0037497884368349332,0.4611185862839275,tvm
3,1,1,1,256,64,4,[3; 1; 1; 1; 256; 64; 4],0.004382927250844659,0.3945073791776759,tvm
3,1,197,1,256,128,8,[3; 1; 197; 1; 256; 128; 8],0.004314500376494834,0.40076416548186455,tvm
12,12,1,1,32,16,1,[12; 12; 1; 1; 32; 16; 1],0.0036381225945660844,0.47527181888805226,tvm
12,1,1,1,384,192,12,[12; 1; 1; 1; 384; 192; 12],0.0032634816561767366,0.5298320398352814,tvm
6,2,197,1,192,96,6,[6; 2; 197; 1; 192; 96; 6],0.0026668464688555105,0.6483677118462664,tvm
1,1,197,1,64,32,2,[1; 1; 197; 1; 64; 32; 2],0.013932326626672875,0.1241068479938488,tvm
6,6,197,1,192,64,4,[6; 6; 197; 1; 192; 64; 4],0.0028058171255906927,0.6162543977249144,tvm
64,32,197,1,768,128,8,[64; 32; 197; 1; 768; 128; 8],0.005231540812019375,0.33051393556647246,tvm
24,6,197,1,64,64,4,[24; 6; 197; 1; 64; 64; 4],0.0036401422494236613,0.4750081245124166,tvm
24,6,1,1,64,32,2,[24; 6; 1; 1; 64; 32; 2],0.00558727559473482,0.309470530590358,tvm
12,2,197,1,96,32,2,[12; 2; 197; 1; 96; 32; 2],0.0030609220939368242,0.5648942017446951,tvm
12,4,197,1,128,32,2,[12; 4; 197; 1; 128; 32; 2],0.00312279215631861,0.5537022819013151,tvm
6,3,1,1,16,16,1,[6; 3; 1; 1; 16; 16; 1],0.004512201125180582,0.3832048029082354,tvm
6,3,1,1,192,48,3,[6; 3; 1; 1; 192; 48; 3],0.0031390659059979953,0.5508317425108076,tvm
24,8,197,1,256,64,4,[24; 8; 197; 1; 256; 64; 4],0.0036882220629195217,0.4688158991946446,tvm
12,6,197,1,256,16,1,[12; 6; 197; 1; 256; 16; 1],0.004426370156579651,0.39063546013812195,tvm
4,4,197,1,64,16,1,[4; 4; 197; 1; 64; 16; 1],0.0055521235008200165,0.3114298777038668,tvm
12,6,1,1,256,32,2,[12; 6; 1; 1; 256; 32; 2],0.003689948374812957,0.46859656754541734,tvm
16,2,1,1,48,48,3,[16; 2; 1; 1; 48; 48; 3],0.003187120781149133,0.5425263934408245,tvm
12,4,1,1,96,32,2,[12; 4; 1; 1; 96; 32; 2],0.004363626812846633,0.3962522958578023,tvm
12,3,197,1,256,32,2,[12; 3; 197; 1; 256; 32; 2],0.0031543969998892862,0.548154573732422,tvm
12,1,197,1,384,32,2,[12; 1; 197; 1; 384; 32; 2],0.003075779297432746,0.5621655442899836,tvm
24,2,1,1,128,128,8,[24; 2; 1; 1; 128; 128; 8],0.002740357796938042,0.630974956915904,tvm
24,3,197,1,128,64,4,[24; 3; 197; 1; 128; 64; 4],0.0036584850950021064,0.47262653747565625,tvm
16,2,1,1,384,192,12,[16; 2; 1; 1; 384; 192; 12],0.003259366782003781,0.5305009403679739,tvm
12,4,197,1,192,32,2,[12; 4; 197; 1; 192; 32; 2],0.0030909092965885065,0.5594137442873458,tvm
8,8,1,1,192,192,12,[8; 8; 1; 1; 192; 192; 12],0.004474541592571768,0.3864300078755854,tvm
4,4,1,1,384,96,6,[4; 4; 1; 1; 384; 96; 6],0.004485133875277825,0.3855173983519135,tvm
8,2,197,1,768,32,2,[8; 2; 197; 1; 768; 32; 2],0.0034745125612971606,0.4976517172848005,tvm
24,1,197,1,384,192,12,[24; 1; 197; 1; 384; 192; 12],0.003536895967044984,0.48887418769678254,tvm
6,2,1,1,128,64,4,[6; 2; 1; 1; 128; 64; 4],0.003724093656273908,0.4643001230498504,tvm
1,1,1,1,32,32,2,[1; 1; 1; 1; 32; 32; 2],0.006511886498628883,0.2655293735880094,tvm
64,32,197,1,256,128,8,[64; 32; 197; 1; 256; 128; 8],0.005320231406585663,0.32500412307569465,tvm
24,2,197,1,192,96,6,[24; 2; 197; 1; 192; 96; 6],0.004029772157082334,0.4290806217960116,tvm
12,2,197,1,96,96,6,[12; 2; 197; 1; 96; 96; 6],0.00342451474898553,0.504917417385738,tvm
16,1,197,1,384,32,2,[16; 1; 197; 1; 384; 32; 2],0.003278928779764101,0.5273359865356821,tvm
24,1,1,1,32,32,2,[24; 1; 1; 1; 32; 32; 2],0.006578228687430965,0.26285147948123666,tvm
16,16,1,1,192,96,6,[16; 16; 1; 1; 192; 96; 6],0.0028725696402034373,0.6019339335267384,tvm
6,1,1,1,64,16,1,[6; 1; 1; 1; 64; 16; 1],0.003100217515566328,0.557734137742036,tvm
12,1,197,1,384,128,8,[12; 1; 197; 1; 384; 128; 8],0.003025390874427103,0.5715285113975792,tvm
16,2,197,1,256,32,2,[16; 2; 197; 1; 256; 32; 2],0.003394335031771334,0.5094067399571967,tvm
24,4,197,1,256,64,4,[24; 4; 197; 1; 256; 64; 4],0.0036943681552656926,0.4680359591105205,tvm
12,1,197,1,256,32,2,[12; 1; 197; 1; 256; 32; 2],0.0031756516564200865,0.5444857717191673,tvm
64,1,197,1,384,128,8,[64; 1; 197; 1; 384; 128; 8],0.005949677561147837,0.2906203109473311,tvm
8,8,1,1,256,128,8,[8; 8; 1; 1; 256; 128; 8],0.00439666681268136,0.3932745455875543,tvm
6,3,197,1,64,32,2,[6; 3; 197; 1; 64; 32; 2],0.0032548459075769642,0.531237788809594,tvm
6,1,197,1,32,32,2,[6; 1; 197; 1; 32; 32; 2],0.0030808335623078165,0.5612432829905606,tvm
24,2,197,1,768,16,1,[24; 2; 197; 1; 768; 16; 1],0.005252235156149254,0.3292116768291946,tvm
12,3,1,1,192,96,6,[12; 3; 1; 1; 192; 96; 6],0.0036063683437532745,0.4794566106515926,tvm
16,16,1,1,384,48,3,[16; 16; 1; 1; 384; 48; 3],0.0035443882807157934,0.4878407798222235,tvm
8,8,197,1,384,64,4,[8; 8; 197; 1; 384; 64; 4],0.0026693908748711692,0.6477497016770138,tvm
16,8,197,1,48,16,1,[16; 8; 197; 1; 48; 16; 1],0.004455491685803281,0.38808222858245633,tvm
12,6,197,1,384,48,3,[12; 6; 197; 1; 384; 48; 3],0.0028200936249049846,0.6131346589301269,tvm
8,1,1,1,768,96,6,[8; 1; 1; 1; 768; 96; 6],0.0036357339686219348,0.47558406577050205,tvm
12,3,197,1,128,128,8,[12; 3; 197; 1; 128; 128; 8],0.0037210990012681577,0.4646737811243031,tvm
16,1,1,1,128,64,4,[16; 1; 1; 1; 128; 64; 4],0.003396890311705647,0.5090235433563141,tvm
4,2,1,1,256,32,2,[4; 2; 1; 1; 256; 32; 2],0.004153088031671359,0.4163401135904381,tvm
3,1,197,1,64,16,1,[3; 1; 197; 1; 64; 16; 1],0.006630994688748615,0.2607598443399528,tvm
24,2,197,1,192,192,12,[24; 2; 197; 1; 192; 192; 12],0.002784207250442705,0.6210375116946507,tvm
6,6,1,1,192,192,12,[6; 6; 1; 1; 192; 192; 12],0.004749206624182989,0.3640812623423394,tvm
12,4,1,1,768,128,8,[12; 4; 1; 1; 768; 128; 8],0.005300992905176827,0.3261836364973337,tvm
4,1,1,1,96,48,3,[4; 1; 1; 1; 96; 48; 3],0.003290017062681727,0.5255587159319283,tvm
6,1,1,1,256,32,2,[6; 1; 1; 1; 256; 32; 2],0.003905776187821175,0.44270256658554574,tvm
24,8,1,1,768,64,4,[24; 8; 1; 1; 768; 64; 4],0.005691893375114887,0.30378241982128523,tvm
24,1,1,1,256,32,2,[24; 1; 1; 1; 256; 32; 2],0.007853348313801689,0.22017323996929822,tvm
64,8,197,1,256,128,8,[64; 8; 197; 1; 256; 128; 8],0.005291489498631563,0.3267694556143986,tvm
6,2,197,1,768,192,12,[6; 2; 197; 1; 768; 192; 12],0.0029357449056988116,0.5889807181477698,tvm
6,2,197,1,192,16,1,[6; 2; 197; 1; 192; 16; 1],0.004916013343972736,0.3517275120860071,tvm
8,8,197,1,128,128,8,[8; 8; 197; 1; 128; 128; 8],0.0035581830925366376,0.4859494573182475,tvm
4,1,197,1,96,32,2,[4; 1; 197; 1; 96; 32; 2],0.0037218004363239743,0.46458620563894976,tvm
8,2,197,1,96,48,3,[8; 2; 197; 1; 96; 48; 3],0.002863676733795728,0.6038031885551796,tvm
3,1,1,1,192,16,1,[3; 1; 1; 1; 192; 16; 1],0.004972116625140188,0.3477587661790598,tvm
16,4,197,1,384,48,3,[16; 4; 197; 1; 384; 48; 3],0.0030309161247714655,0.5704866356166549,tvm
2,1,197,1,48,48,3,[2; 1; 197; 1; 48; 48; 3],0.006494718749308959,0.2662312579803582,tvm
24,8,197,1,256,32,2,[24; 8; 197; 1; 256; 32; 2],0.003916722687790752,0.4414652965468048,tvm
2,2,1,1,256,32,2,[2; 2; 1; 1; 256; 32; 2],0.006215953624632675,0.27817085635984323,tvm
2,1,197,1,96,16,1,[2; 1; 197; 1; 96; 16; 1],0.009002233062346932,0.19207424767631573,tvm
3,3,197,1,192,32,2,[3; 3; 197; 1; 192; 32; 2],0.004850074250498437,0.3565094168773695,tvm
3,1,1,1,256,16,1,[3; 1; 1; 1; 256; 16; 1],0.005111250437039416,0.3382923932521463,tvm
12,4,197,1,384,16,1,[12; 4; 197; 1; 384; 16; 1],0.004491185218284954,0.38499795907269035,tvm
24,4,1,1,64,32,2,[24; 4; 1; 1; 64; 32; 2],0.005530765811272431,0.3126325000659067,tvm
64,64,197,1,768,128,8,[64; 64; 197; 1; 768; 128; 8],0.0027399371401770622,0.6310718291680968,tvm
4,4,197,1,32,16,1,[4; 4; 197; 1; 32; 16; 1],0.004805099813893321,0.3598462487413234,tvm
24,3,197,1,128,128,8,[24; 3; 197; 1; 128; 128; 8],0.002626744983899698,0.6582660872888024,tvm
12,2,1,1,768,192,12,[12; 2; 1; 1; 768; 192; 12],0.006321215751086129,0.27353870061467916,tvm
12,4,1,1,64,16,1,[12; 4; 1; 1; 64; 16; 1],0.004639981156287831,0.37265175969819864,tvm
6,3,197,1,256,128,8,[6; 3; 197; 1; 256; 128; 8],0.0034486194381315727,0.5013882145818763,tvm
48,2,197,1,256,128,8,[48; 2; 197; 1; 256; 128; 8],0.005431800218502758,0.3183285602013098,tvm
1,1,1,1,192,96,6,[1; 1; 1; 1; 192; 96; 6],0.01236733337646001,0.13981163846915515,tvm
12,1,197,1,48,16,1,[12; 1; 197; 1; 48; 16; 1],0.004393803999846568,0.39353078628849236,tvm
2,1,1,1,128,64,4,[2; 1; 1; 1; 128; 64; 4],0.006290783938311506,0.27486195040442696,tvm
12,3,197,1,48,16,1,[12; 3; 197; 1; 48; 16; 1],0.00438338387539261,0.3944662826735136,tvm
2,2,197,1,384,64,4,[2; 2; 197; 1; 384; 64; 4],0.006493825811048737,0.2662678663039004,tvm
24,1,1,1,192,64,4,[24; 1; 1; 1; 192; 64; 4],0.003349239781528013,0.5162655574538417,tvm
4,1,197,1,192,32,2,[4; 1; 197; 1; 192; 32; 2],0.0038187292502698256,0.4527938561590789,tvm
8,1,1,1,384,96,6,[8; 1; 1; 1; 384; 96; 6],0.004200589375614072,0.41163203261313086,tvm
3,1,1,1,96,48,3,[3; 1; 1; 1; 96; 48; 3],0.004247969376592664,0.4070408681345221,tvm
24,2,197,1,768,128,8,[24; 2; 197; 1; 768; 128; 8],0.0024823577969073085,0.6965543585261442,tvm
24,3,197,1,96,96,6,[24; 3; 197; 1; 96; 96; 6],0.0037576451559289126,0.46015445075459754,tvm
6,1,1,1,768,192,12,[6; 1; 1; 1; 768; 192; 12],0.003505794218654046,0.4932112482976775,tvm
24,12,1,1,768,96,6,[24; 12; 1; 1; 768; 96; 6],0.005745740218117135,0.3009354891133181,tvm
6,3,197,1,128,64,4,[6; 3; 197; 1; 128; 64; 4],0.002807104406201688,0.6159717960746589,tvm
12,1,197,1,192,192,12,[12; 1; 197; 1; 192; 192; 12],0.003178623468556907,0.5439767119199406,tvm
4,1,197,1,384,64,4,[4; 1; 197; 1; 384; 64; 4],0.0033848258426587563,0.510837846091056,tvm
6,1,1,1,768,16,1,[6; 1; 1; 1; 768; 16; 1],0.0039042965308908606,0.44287034275611414,tvm
3,3,197,1,768,32,2,[3; 3; 197; 1; 768; 32; 2],0.005040082500272547,0.3430692141971169,tvm
24,3,1,1,48,48,3,[24; 3; 1; 1; 48; 48; 3],0.003765490999285248,0.45919566483769414,tvm
1,1,1,1,768,96,6,[1; 1; 1; 1; 768; 96; 6],0.012162018625531346,0.14217188742231518,tvm
2,1,197,1,256,16,1,[2; 1; 197; 1; 256; 16; 1],0.016336051499820314,0.10584547574890797,tvm
12,3,197,1,16,16,1,[12; 3; 197; 1; 16; 16; 1],0.004208026186461211,0.4109045586313823,tvm
6,1,197,1,768,16,1,[6; 1; 197; 1; 768; 16; 1],0.005224444281338947,0.33096288327416157,tvm
1,1,197,1,384,192,12,[1; 1; 197; 1; 384; 192; 12],0.012374650999845471,0.13972896228578366,tvm
8,4,1,1,96,16,1,[8; 4; 1; 1; 96; 16; 1],0.003894509751262376,0.44398326189751325,tvm
8,1,197,1,128,128,8,[8; 1; 197; 1; 128; 128; 8],0.0035516075004125014,0.48684916411971674,tvm
2,1,197,1,384,96,6,[2; 1; 197; 1; 384; 96; 6],0.0063890571873344015,0.2706341627814643,tvm
16,8,197,1,64,16,1,[16; 8; 197; 1; 64; 16; 1],0.004482115562495892,0.38577701059860336,tvm
16,2,197,1,768,16,1,[16; 2; 197; 1; 768; 16; 1],0.0048029347799456446,0.36000845776146706,tvm
24,2,197,1,256,16,1,[24; 2; 197; 1; 256; 16; 1],0.005003849873901345,0.34555336119806884,tvm
12,4,197,1,64,64,4,[12; 4; 197; 1; 64; 64; 4],0.002990234703247552,0.5782479686224137,tvm
24,8,197,1,384,192,12,[24; 8; 197; 1; 384; 192; 12],0.0025223621869372437,0.6855070821358465,tvm
16,4,197,1,384,192,12,[16; 4; 197; 1; 384; 192; 12],0.002653145968906756,0.6517157981962173,tvm
12,4,1,1,256,32,2,[12; 4; 1; 1; 256; 32; 2],0.003800614000283531,0.4549520532019694,tvm
1,1,197,1,768,16,1,[1; 1; 197; 1; 768; 16; 1],0.03241967024223413,0.053334815867577615,tvm
16,2,197,1,768,64,4,[16; 2; 197; 1; 768; 64; 4],0.00263506186001905,0.6561884444127024,tvm
24,1,197,1,96,16,1,[24; 1; 197; 1; 96; 16; 1],0.005192751155846054,0.33298286225607154,tvm
6,1,1,1,384,64,4,[6; 1; 1; 1; 384; 64; 4],0.0032676155624358216,0.5291617418935902,tvm
24,24,197,1,768,96,6,[24; 24; 197; 1; 768; 96; 6],0.003980464218329871,0.43439585134184167,tvm
2,2,1,1,96,32,2,[2; 2; 1; 1; 96; 32; 2],0.00634583330975147,0.272477554712962,tvm
24,4,1,1,128,32,2,[24; 4; 1; 1; 128; 32; 2],0.004241661656124052,0.4076461733718663,tvm
4,4,197,1,128,64,4,[4; 4; 197; 1; 128; 64; 4],0.003374304438693798,0.5124306873527039,tvm
16,1,197,1,768,192,12,[16; 1; 197; 1; 768; 192; 12],0.0028211937033120194,0.6128955770839913,tvm
16,2,197,1,192,32,2,[16; 2; 197; 1; 192; 32; 2],0.0033132477510662284,0.5218737845066691,tvm
32,4,197,1,384,128,8,[32; 4; 197; 1; 384; 128; 8],0.0030141011247906135,0.573669253707359,tvm
16,8,197,1,96,16,1,[16; 8; 197; 1; 96; 16; 1],0.0046538280930690235,0.3715429767232482,tvm
12,12,1,1,768,96,6,[12; 12; 1; 1; 768; 96; 6],0.005450735030535725,0.31722274760569286,tvm
4,2,197,1,768,192,12,[4; 2; 197; 1; 768; 192; 12],0.0034154616259911563,0.5062557663359383,tvm
8,2,1,1,96,16,1,[8; 2; 1; 1; 96; 16; 1],0.004262480842953664,0.40565511179141717,tvm
2,1,1,1,256,128,8,[2; 1; 1; 1; 256; 128; 8],0.006186069062096067,0.27951468460833206,tvm
2,1,197,1,32,32,2,[2; 1; 197; 1; 32; 32; 2],0.0045251280316733755,0.3821101040135055,tvm
24,3,197,1,256,128,8,[24; 3; 197; 1; 256; 128; 8],0.0025338989216834307,0.6823859973500416,tvm
16,8,197,1,384,16,1,[16; 8; 197; 1; 384; 16; 1],0.004651449280572706,0.3717329887007279,tvm
12,4,1,1,48,16,1,[12; 4; 1; 1; 48; 16; 1],0.004487898031584336,0.38527995304000473,tvm
16,16,1,1,192,48,3,[16; 16; 1; 1; 192; 48; 3],0.00364882774920261,0.4738774372769468,tvm
16,2,1,1,256,32,2,[16; 2; 1; 1; 256; 32; 2],0.004010220374766504,0.4311725993257464,tvm
24,8,1,1,256,32,2,[24; 8; 1; 1; 256; 32; 2],0.004126130250369897,0.41906024239107176,tvm
24,2,1,1,64,32,2,[24; 2; 1; 1; 64; 32; 2],0.005640794812279637,0.3065343095077688,tvm
6,2,197,1,384,48,3,[6; 2; 197; 1; 384; 48; 3],0.003025711672307807,0.5714679156914859,tvm
8,2,197,1,768,16,1,[8; 2; 197; 1; 768; 16; 1],0.0048292314386344515,0.3580481003714485,tvm
4,2,1,1,384,96,6,[4; 2; 1; 1; 384; 96; 6],0.003592710905650165,0.48127923127291866,tvm
24,6,1,1,384,128,8,[24; 6; 1; 1; 384; 128; 8],0.004746245906062541,0.3643083769950707,tvm
1,1,197,1,384,96,6,[1; 1; 197; 1; 384; 96; 6],0.012700542123639025,0.13614356978028846,tvm
6,2,1,1,384,192,12,[6; 2; 1; 1; 384; 192; 12],0.0030234138903324492,0.571902228929369,tvm
16,2,1,1,96,96,6,[16; 2; 1; 1; 96; 96; 6],0.004691959968113224,0.36852342189792037,tvm
24,8,1,1,192,96,6,[24; 8; 1; 1; 192; 96; 6],0.0029556122344729374,0.5850216488786073,tvm
12,12,1,1,192,48,3,[12; 12; 1; 1; 192; 48; 3],0.0035496749987942167,0.48711421283483614,tvm
32,1,1,1,384,192,12,[32; 1; 1; 1; 384; 192; 12],0.005647966310789343,0.30614508793263134,tvm
64,32,1,1,384,128,8,[64; 32; 1; 1; 384; 128; 8],0.005299635875417152,0.3262671593868776,tvm
32,16,1,1,256,128,8,[32; 16; 1; 1; 256; 128; 8],0.0032967299684969475,0.5244885566546649,tvm
2,2,1,1,256,16,1,[2; 2; 1; 1; 256; 16; 1],0.0062044045625953,0.27868865181381114,tvm
12,1,197,1,96,32,2,[12; 1; 197; 1; 96; 32; 2],0.0030525233587468392,0.5664484558005131,tvm
16,2,1,1,192,48,3,[16; 2; 1; 1; 192; 48; 3],0.003932798999812803,0.4396606953316063,tvm
8,4,1,1,64,64,4,[8; 4; 1; 1; 64; 64; 4],0.0026953219221468316,0.6415178567908919,tvm
24,8,1,1,768,48,3,[24; 8; 1; 1; 768; 48; 3],0.005881319344553049,0.2939981731239499,tvm
1,1,197,1,96,96,6,[1; 1; 197; 1; 96; 96; 6],0.0126249113745871,0.1369591509638374,tvm
16,16,197,1,192,48,3,[16; 16; 197; 1; 192; 48; 3],0.003645495875389315,0.4743105470315438,tvm
3,1,1,1,384,32,2,[3; 1; 1; 1; 384; 32; 2],0.006116277625551447,0.2827041623541813,tvm
48,12,197,1,128,128,8,[48; 12; 197; 1; 128; 128; 8],0.005418105125500006,0.3191331845370155,tvm
8,2,197,1,384,64,4,[8; 2; 197; 1; 384; 64; 4],0.0026783772655107896,0.6455763962465493,tvm
6,3,197,1,16,16,1,[6; 3; 197; 1; 16; 16; 1],0.0045071590939187445,0.38363348327111774,tvm
12,4,197,1,48,48,3,[12; 4; 197; 1; 48; 48; 3],0.0027707508743333165,0.6240536306870927,tvm
24,2,1,1,768,96,6,[24; 2; 1; 1; 768; 96; 6],0.0058817839690163964,0.2939749490912189,tvm
4,2,1,1,192,16,1,[4; 2; 1; 1; 192; 16; 1],0.004066353312737192,0.42522058706532617,tvm
24,24,197,1,768,32,2,[24; 24; 197; 1; 768; 32; 2],0.0037866424390813336,0.45663068818207037,tvm
24,12,1,1,768,192,12,[24; 12; 1; 1; 768; 192; 12],0.005683341376425233,0.304239535923272,tvm
2,1,1,1,384,192,12,[2; 1; 1; 1; 384; 192; 12],0.006078128062654287,0.2844785639646518,tvm
4,1,197,1,96,96,6,[4; 1; 197; 1; 96; 96; 6],0.0032495486575498944,0.5321037858103203,tvm
8,4,197,1,32,16,1,[8; 4; 197; 1; 32; 16; 1],0.004285697437808267,0.4034575860636149,tvm
12,4,1,1,384,16,1,[12; 4; 1; 1; 384; 16; 1],0.004102688280909206,0.42145467178265705,tvm
24,24,197,1,384,96,6,[24; 24; 197; 1; 384; 96; 6],0.003967809720052173,0.43578126595103117,tvm
24,1,197,1,256,32,2,[24; 1; 197; 1; 256; 32; 2],0.008649185561807826,0.1999144463372725,tvm
16,16,197,1,48,48,3,[16; 16; 197; 1; 48; 48; 3],0.00354065143619664,0.4883556526294311,tvm
3,1,1,1,96,32,2,[3; 1; 1; 1; 96; 32; 2],0.00429424190770078,0.4026548061385146,tvm
8,1,1,1,768,32,2,[8; 1; 1; 1; 768; 32; 2],0.0034518052198109217,0.5009254673274574,tvm
24,6,197,1,384,48,3,[24; 6; 197; 1; 384; 48; 3],0.003733266907147481,0.4631592612750834,tvm
24,8,197,1,32,32,2,[24; 8; 197; 1; 32; 32; 2],0.0038775338125560666,0.44592703157302027,tvm
16,2,197,1,16,16,1,[16; 2; 197; 1; 16; 16; 1],0.00442151209426811,0.39106466430311987,tvm
8,8,197,1,128,32,2,[8; 8; 197; 1; 128; 32; 2],0.0031148397029028274,0.5551159314059523,tvm
12,6,1,1,768,64,4,[12; 6; 1; 1; 768; 64; 4],0.004865981907641981,0.35534393174409695,tvm
6,3,197,1,192,192,12,[6; 3; 197; 1; 192; 192; 12],0.003286866844064207,0.5260624250659075,tvm
64,64,1,1,128,128,8,[64; 64; 1; 1; 128; 128; 8],0.005193551030970411,0.3329315785184578,tvm
8,2,197,1,32,16,1,[8; 2; 197; 1; 32; 16; 1],0.004303195968532236,0.4018169647632653,tvm
8,4,1,1,96,96,6,[8; 4; 1; 1; 96; 96; 6],0.00247251023483841,0.6993286088339074,tvm
1,1,1,1,64,64,4,[1; 1; 1; 1; 64; 64; 4],0.012899055502202827,0.13404835280861124,tvm
12,2,1,1,256,64,4,[12; 2; 1; 1; 256; 64; 4],0.0030473891401925357,0.5674028039451166,tvm
3,3,1,1,384,96,6,[3; 3; 1; 1; 384; 96; 6],0.005245607717370149,0.3296276115218189,tvm
16,2,197,1,192,64,4,[16; 2; 197; 1; 192; 64; 4],0.003321176813187776,0.5206278497402544,tvm
12,2,197,1,128,128,8,[12; 2; 197; 1; 128; 128; 8],0.0036732008738908917,0.4707330751082969,tvm
16,1,1,1,384,64,4,[16; 1; 1; 1; 384; 64; 4],0.0035896563440473983,0.4816887682645288,tvm
6,1,1,1,384,96,6,[6; 1; 1; 1; 384; 96; 6],0.003102187374679488,0.5573799819347758,tvm
12,4,1,1,768,64,4,[12; 4; 1; 1; 768; 64; 4],0.004862899249928887,0.3555691890763372,tvm
2,2,197,1,64,32,2,[2; 2; 197; 1; 64; 32; 2],0.006998460186878219,0.2470682259647798,tvm
6,3,197,1,768,64,4,[6; 3; 197; 1; 768; 64; 4],0.002940147765002621,0.5880987219210737,tvm
8,2,197,1,128,128,8,[8; 2; 197; 1; 128; 128; 8],0.0035499217810865957,0.48708034978953346,tvm
16,1,197,1,32,32,2,[16; 1; 197; 1; 32; 32; 2],0.0033077266252803383,0.5227448754809347,tvm
4,2,1,1,32,32,2,[4; 2; 1; 1; 32; 32; 2],0.003057973171962658,0.5654389511034786,tvm
2,2,197,1,48,48,3,[2; 2; 197; 1; 48; 48; 3],0.0066063562517229,0.2617323494182143,tvm
48,48,197,1,128,128,8,[48; 48; 197; 1; 128; 128; 8],0.0040018424988375045,0.4320752611726794,tvm
24,3,1,1,192,192,12,[24; 3; 1; 1; 192; 192; 12],0.0025842226095846854,0.6690975988074915,tvm
8,2,1,1,192,192,12,[8; 2; 1; 1; 192; 192; 12],0.003873108749758103,0.4464365073573352,tvm
12,6,1,1,384,96,6,[12; 6; 1; 1; 384; 96; 6],0.002829569469213311,0.6110813541318968,tvm
4,4,1,1,128,128,8,[4; 4; 1; 1; 128; 128; 8],0.003359895094035892,0.5146283126298918,tvm
12,12,197,1,256,64,4,[12; 12; 197; 1; 256; 64; 4],0.0030546375310223084,0.5660564061355124,tvm
12,4,1,1,256,128,8,[12; 4; 1; 1; 256; 128; 8],0.0029184592813180643,0.5924691682099571,tvm
12,3,1,1,384,16,1,[12; 3; 1; 1; 384; 16; 1],0.004137122688916861,0.4179467888369144,tvm
24,24,197,1,768,64,4,[24; 24; 197; 1; 768; 64; 4],0.0029552164996857755,0.5850999894731893,tvm
12,1,1,1,32,32,2,[12; 1; 1; 1; 32; 32; 2],0.003077822922023188,0.5617922754700038,tvm
16,2,197,1,96,32,2,[16; 2; 197; 1; 96; 32; 2],0.0032617124070384307,0.5301194363813112,tvm
4,4,1,1,48,16,1,[4; 4; 1; 1; 48; 16; 1],0.0035509264998836443,0.48694253257953984,tvm
48,6,197,1,128,128,8,[48; 6; 197; 1; 128; 128; 8],0.005424234968813835,0.3187725371040222,tvm
24,2,1,1,48,48,3,[24; 2; 1; 1; 48; 48; 3],0.00553817340551177,0.31221433787831365,tvm
16,8,1,1,384,128,8,[16; 8; 1; 1; 384; 128; 8],0.0033702786877256585,0.5130427786741806,tvm
6,6,197,1,256,32,2,[6; 6; 197; 1; 256; 32; 2],0.0034790838435583282,0.49699783638690964,tvm
24,1,1,1,768,32,2,[24; 1; 1; 1; 768; 32; 2],0.008859849876898807,0.19516099785907148,tvm
2,1,197,1,768,128,8,[2; 1; 197; 1; 768; 128; 8],0.006309859250904992,0.2740310162400448,tvm
8,8,1,1,96,32,2,[8; 8; 1; 1; 96; 32; 2],0.0035691331868292764,0.4844585652443043,tvm
6,2,197,1,64,32,2,[6; 2; 197; 1; 64; 32; 2],0.003248944061851944,0.5322028049542759,tvm
12,6,1,1,48,48,3,[12; 6; 1; 1; 48; 48; 3],0.0028222833589097718,0.6126589441837905,tvm
12,3,197,1,192,64,4,[12; 3; 197; 1; 192; 64; 4],0.0030406439991566003,0.5686614885980574,tvm
6,1,197,1,192,16,1,[6; 1; 197; 1; 192; 16; 1],0.004930694407448755,0.35068024906289297,tvm
12,3,197,1,384,96,6,[12; 3; 197; 1; 384; 96; 6],0.0034295228142582346,0.5041800963295607,tvm
24,1,1,1,192,32,2,[24; 1; 1; 1; 192; 32; 2],0.008056687813223107,0.21461637622587876,tvm
12,4,197,1,192,192,12,[12; 4; 197; 1; 192; 192; 12],0.002715455687393842,0.6367613181405452,tvm
24,8,1,1,192,192,12,[24; 8; 1; 1; 192; 192; 12],0.002651745172443043,0.6520600700346074,tvm
6,6,1,1,128,16,1,[6; 6; 1; 1; 128; 16; 1],0.0034324238113185856,0.503753976171404,tvm
12,3,197,1,192,48,3,[12; 3; 197; 1; 192; 48; 3],0.002832903858688951,0.6103620980831158,tvm
12,3,197,1,768,128,8,[12; 3; 197; 1; 768; 128; 8],0.002474439468642231,0.6987833668066769,tvm
24,24,1,1,96,96,6,[24; 24; 1; 1; 96; 96; 6],0.003909078437573044,0.4423285872796799,tvm
16,1,197,1,768,16,1,[16; 1; 197; 1; 768; 16; 1],0.004811796250578482,0.3593454611984595,tvm
12,12,1,1,768,192,12,[12; 12; 1; 1; 768; 192; 12],0.005392602282881853,0.3206424379461373,tvm
24,4,197,1,192,32,2,[24; 4; 197; 1; 192; 32; 2],0.003822339313046541,0.45236620855593024,tvm
16,8,197,1,768,96,6,[16; 8; 197; 1; 768; 96; 6],0.0027699691399902804,0.6242297496726661,tvm
24,3,197,1,768,192,12,[24; 3; 197; 1; 768; 192; 12],0.0024545515943827922,0.70444522201699,tvm
12,4,197,1,96,16,1,[12; 4; 197; 1; 96; 16; 1],0.00447421990611474,0.3864577913334241,tvm
16,8,197,1,384,192,12,[16; 8; 197; 1; 384; 192; 12],0.002716229156249028,0.6365799950564319,tvm
32,8,1,1,768,128,8,[32; 8; 1; 1; 768; 128; 8],0.005510953844350297,0.3137564188874079,tvm
2,2,197,1,32,16,1,[2; 2; 197; 1; 32; 16; 1],0.005563915468883351,0.3107698441012015,tvm
3,3,197,1,384,64,4,[3; 3; 197; 1; 384; 64; 4],0.004412944093928672,0.3918239402207778,tvm
16,8,197,1,96,32,2,[16; 8; 197; 1; 96; 32; 2],0.003266223062382778,0.5293873412294536,tvm
24,12,1,1,384,192,12,[24; 12; 1; 1; 384; 192; 12],0.004186203686913359,0.4130465864005937,tvm
3,3,197,1,96,48,3,[3; 3; 197; 1; 96; 48; 3],0.004606307438734802,0.3753759743253411,tvm
2,1,197,1,256,32,2,[2; 1; 197; 1; 256; 32; 2],0.009289140685723396,0.1861417757957542,tvm
1,1,1,1,128,16,1,[1; 1; 1; 1; 128; 16; 1],0.012505535880336538,0.13826653726818228,tvm
16,16,197,1,48,16,1,[16; 16; 197; 1; 48; 16; 1],0.004454793250260991,0.3881430732516803,tvm
12,12,197,1,384,96,6,[12; 12; 197; 1; 384; 96; 6],0.0038940923132031457,0.4440308559184739,tvm
4,1,1,1,192,32,2,[4; 1; 1; 1; 192; 32; 2],0.0038634265001746826,0.44755533534259356,tvm
16,4,1,1,768,16,1,[16; 4; 1; 1; 768; 16; 1],0.007070113999361638,0.2445642521483053,tvm
64,2,1,1,384,128,8,[64; 2; 1; 1; 384; 128; 8],0.005311140968842665,0.32556039333181647,tvm
16,2,1,1,128,128,8,[16; 2; 1; 1; 128; 128; 8],0.002776371265099442,0.6227903179206874,tvm
4,1,197,1,256,64,4,[4; 1; 197; 1; 256; 64; 4],0.0034301219384360593,0.5040920334294333,tvm
6,6,1,1,768,96,6,[6; 6; 1; 1; 768; 96; 6],0.003619012342824135,0.4777814992219185,tvm
16,2,1,1,64,16,1,[16; 2; 1; 1; 64; 16; 1],0.004722390000097221,0.3661487388423119,tvm
16,8,197,1,192,48,3,[16; 8; 197; 1; 192; 48; 3],0.0030180523126546177,0.5729182147065781,tvm
24,1,1,1,256,64,4,[24; 1; 1; 1; 256; 64; 4],0.003351896029926138,0.5158564369000566,tvm
16,16,197,1,256,128,8,[16; 16; 197; 1; 256; 128; 8],0.0036846836246695602,0.4692661077549655,tvm
24,4,1,1,384,32,2,[24; 4; 1; 1; 384; 32; 2],0.00529915790684754,0.32629658773195147,tvm
6,3,1,1,32,16,1,[6; 3; 1; 1; 32; 16; 1],0.003177816000970779,0.5441149337560537,tvm
6,6,1,1,768,192,12,[6; 6; 1; 1; 768; 192; 12],0.003573966969270259,0.4838033361036333,tvm
24,24,197,1,128,128,8,[24; 24; 197; 1; 128; 128; 8],0.003841251998892403,0.45013895036194324,tvm
6,3,197,1,384,16,1,[6; 3; 197; 1; 384; 16; 1],0.004973071938366047,0.3476919626916266,tvm
4,2,1,1,384,192,12,[4; 2; 1; 1; 384; 192; 12],0.0038874486563145183,0.44478970546620855,tvm
24,3,1,1,96,16,1,[24; 3; 1; 1; 96; 16; 1],0.005607733655779157,0.3083415242225687,tvm
24,3,197,1,768,32,2,[24; 3; 197; 1; 768; 32; 2],0.0040565118433733005,0.42625221116555795,tvm
12,12,1,1,128,32,2,[12; 12; 1; 1; 128; 32; 2],0.004209313094179379,0.41077893332480575,tvm
16,2,197,1,64,64,4,[16; 2; 197; 1; 64; 64; 4],0.003235864405723987,0.5343540167500551,tvm
6,3,197,1,768,48,3,[6; 3; 197; 1; 768; 48; 3],0.003456613812886644,0.5002286157657747,tvm
16,1,1,1,32,32,2,[16; 1; 1; 1; 32; 32; 2],0.003308666688099038,0.5225963525055402,tvm
12,3,1,1,768,128,8,[12; 3; 1; 1; 768; 128; 8],0.005246631468253327,0.32956329281362357,tvm
24,3,1,1,64,32,2,[24; 3; 1; 1; 64; 32; 2],0.005555841000386863,0.31122149513219377,tvm
2,1,197,1,768,64,4,[2; 1; 197; 1; 768; 64; 4],0.006521283001347911,0.26514677288192345,tvm
8,2,197,1,48,48,3,[8; 2; 197; 1; 48; 48; 3],0.002842683530616341,0.6082622719815194,tvm
12,6,197,1,768,48,3,[12; 6; 197; 1; 768; 48; 3],0.0028660969064731034,0.603293328621221,tvm
16,16,197,1,64,32,2,[16; 16; 197; 1; 64; 32; 2],0.003321967593365116,0.5205039165073813,tvm
16,8,197,1,128,16,1,[16; 8; 197; 1; 128; 16; 1],0.004473825467357528,0.38649186372449984,tvm
2,2,1,1,192,32,2,[2; 2; 1; 1; 192; 32; 2],0.00623703568635392,0.27723059956835805,tvm
16,8,1,1,768,96,6,[16; 8; 1; 1; 768; 96; 6],0.006004641812978662,0.2879600810026347,tvm
16,16,197,1,256,64,4,[16; 16; 197; 1; 256; 64; 4],0.0033462194387539057,0.5167315457055138,tvm
6,1,197,1,48,16,1,[6; 1; 197; 1; 48; 16; 1],0.004883134375631926,0.3540957528192905,tvm
8,4,197,1,384,128,8,[8; 4; 197; 1; 384; 128; 8],0.003477946844213875,0.4971603133422739,tvm
24,8,1,1,128,32,2,[24; 8; 1; 1; 128; 32; 2],0.004338415374149918,0.3985550007866518,tvm
2,1,1,1,64,16,1,[2; 1; 1; 1; 64; 16; 1],0.0073868408107955474,0.23407802972146663,tvm
24,8,1,1,64,64,4,[24; 8; 1; 1; 64; 64; 4],0.003601691905714688,0.4800791372836861,tvm
64,8,197,1,128,128,8,[64; 8; 197; 1; 128; 128; 8],0.0052753394993487746,0.32776983226778006,tvm
4,1,1,1,128,32,2,[4; 1; 1; 1; 128; 32; 2],0.003287950217782054,0.5258890884374571,tvm
16,4,1,1,256,64,4,[16; 4; 1; 1; 256; 64; 4],0.0033153471867990447,0.5215433091719662,tvm
2,2,1,1,384,48,3,[2; 2; 1; 1; 384; 48; 3],0.006172940313263098,0.28010916275053355,tvm
2,2,197,1,64,16,1,[2; 2; 197; 1; 64; 16; 1],0.00941320818674285,0.1836883991679189,tvm
6,6,197,1,192,96,6,[6; 6; 197; 1; 192; 96; 6],0.003556516625394579,0.48617715730917116,tvm
24,24,1,1,96,32,2,[24; 24; 1; 1; 96; 32; 2],0.004534619312835275,0.38131032035322565,tvm
3,3,1,1,64,64,4,[3; 3; 1; 1; 64; 64; 4],0.004390575750221615,0.39382013686243006,tvm
24,12,1,1,256,128,8,[24; 12; 1; 1; 256; 128; 8],0.0026106319373866427,0.6623289626143335,tvm
3,1,197,1,128,16,1,[3; 1; 197; 1; 128; 16; 1],0.006741773875546642,0.2564751020690297,tvm
24,2,1,1,96,96,6,[24; 2; 1; 1; 96; 96; 6],0.004593210998791619,0.37644626891994143,tvm
12,3,1,1,256,16,1,[12; 3; 1; 1; 256; 16; 1],0.004414254124640138,0.3917076575191745,tvm
16,2,197,1,32,32,2,[16; 2; 197; 1; 32; 32; 2],0.0033322126564598875,0.5189035998363081,tvm
24,3,197,1,96,48,3,[24; 3; 197; 1; 96; 48; 3],0.0037406193750939565,0.46224888700783984,tvm
6,3,197,1,768,192,12,[6; 3; 197; 1; 768; 192; 12],0.0029041018442512723,0.5953982455126101,tvm
6,1,1,1,384,192,12,[6; 1; 1; 1; 384; 192; 12],0.004146655655858922,0.41698594876429024,tvm
6,6,197,1,768,64,4,[6; 6; 197; 1; 768; 64; 4],0.002942644516224391,0.5875997366734904,tvm
4,1,197,1,384,128,8,[4; 1; 197; 1; 384; 128; 8],0.0033530584678374,0.5156775998517995,tvm
6,6,1,1,768,32,2,[6; 6; 1; 1; 768; 32; 2],0.0033529223746882053,0.5156985309025935,tvm
4,2,197,1,128,16,1,[4; 2; 197; 1; 128; 16; 1],0.0058139722495980095,0.29740374887009413,tvm
16,1,197,1,384,128,8,[16; 1; 197; 1; 384; 128; 8],0.002968800108646974,0.582422891262011,tvm
12,12,1,1,256,128,8,[12; 12; 1; 1; 256; 128; 8],0.0027545027651285636,0.6277347638735947,tvm
48,12,1,1,768,128,8,[48; 12; 1; 1; 768; 128; 8],0.005285498311422998,0.3271398534212422,tvm
1,1,1,1,256,16,1,[1; 1; 1; 1; 256; 16; 1],0.012306848064326914,0.14049878033914856,tvm
3,1,1,1,384,192,12,[3; 1; 1; 1; 384; 192; 12],0.004510122998908628,0.383381371921687,tvm
12,4,197,1,768,192,12,[12; 4; 197; 1; 768; 192; 12],0.002611436765619146,0.6621248370328395,tvm
24,2,197,1,768,48,3,[24; 2; 197; 1; 768; 48; 3],0.004942949188261991,0.3498108268972753,tvm
16,8,197,1,192,96,6,[16; 8; 197; 1; 192; 96; 6],0.0035004459059564397,0.49396482314292334,tvm
24,8,197,1,96,16,1,[24; 8; 197; 1; 96; 16; 1],0.0051761285940301605,0.33405219971763855,tvm
24,12,197,1,192,96,6,[24; 12; 197; 1; 192; 96; 6],0.003079998249631899,0.5613954952941266,tvm
3,3,197,1,768,48,3,[3; 3; 197; 1; 768; 48; 3],0.0046519414681824856,0.3716936583754355,tvm
4,4,197,1,96,96,6,[4; 4; 197; 1; 96; 96; 6],0.0036433210316317854,0.47459368193055107,tvm
8,1,197,1,192,48,3,[8; 1; 197; 1; 192; 48; 3],0.0028606394689631998,0.604444272554147,tvm
16,1,1,1,96,48,3,[16; 1; 1; 1; 96; 48; 3],0.0051627371249196585,0.33491868770755023,tvm
3,3,197,1,256,32,2,[3; 3; 197; 1; 256; 32; 2],0.005067680811407627,0.3412008781146694,tvm
4,1,197,1,384,32,2,[4; 1; 197; 1; 384; 32; 2],0.003852890999041847,0.4487791487709208,tvm
12,3,1,1,256,64,4,[12; 3; 1; 1; 256; 64; 4],0.0031095439535420155,0.5560613288284814,tvm
16,1,1,1,768,16,1,[16; 1; 1; 1; 768; 16; 1],0.00688647175047663,0.25108607215842677,tvm
16,2,1,1,768,192,12,[16; 2; 1; 1; 768; 192; 12],0.005990428531731595,0.2886433138627779,tvm
32,4,197,1,128,128,8,[32; 4; 197; 1; 128; 128; 8],0.0031551201554975705,0.5480289363447268,tvm
12,6,1,1,384,48,3,[12; 6; 1; 1; 384; 48; 3],0.0032275397516059456,0.5357322530254773,tvm
12,12,197,1,64,64,4,[12; 12; 197; 1; 64; 64; 4],0.002990921937453095,0.5781151026394046,tvm
12,3,197,1,384,16,1,[12; 3; 197; 1; 384; 16; 1],0.004480731562580331,0.3858961686741624,tvm
3,3,1,1,256,32,2,[3; 3; 1; 1; 256; 32; 2],0.004270856874427409,0.40485953842434996,tvm
24,24,197,1,96,16,1,[24; 24; 197; 1; 96; 16; 1],0.005160124812391587,0.3350882402504815,tvm
12,3,197,1,192,16,1,[12; 3; 197; 1; 192; 16; 1],0.004490460312808864,0.3850601101906992,tvm
16,1,197,1,16,16,1,[16; 1; 197; 1; 16; 16; 1],0.004266078312866739,0.4053130336689052,tvm
1,1,1,1,192,192,12,[1; 1; 1; 1; 192; 192; 12],0.012359684566035867,0.1398981611236797,tvm
24,24,197,1,96,48,3,[24; 24; 197; 1; 96; 48; 3],0.004073779344253126,0.42444545880875395,tvm
6,2,1,1,768,48,3,[6; 2; 1; 1; 768; 48; 3],0.00323003028279345,0.5353191739619715,tvm
12,4,1,1,256,16,1,[12; 4; 1; 1; 256; 16; 1],0.004294402844607248,0.40263971625961426,tvm
3,1,1,1,768,128,8,[3; 1; 1; 1; 768; 128; 8],0.00409787250100635,0.4219499612134134,tvm
3,1,197,1,64,64,4,[3; 1; 197; 1; 64; 64; 4],0.0043931863438047,0.3935861143917846,tvm
48,24,1,1,256,128,8,[48; 24; 1; 1; 256; 128; 8],0.005271618500046316,0.32800119030653513,tvm
24,4,197,1,96,16,1,[24; 4; 197; 1; 96; 16; 1],0.0051852052802132675,0.33346744235090825,tvm
8,2,1,1,48,16,1,[8; 2; 1; 1; 48; 16; 1],0.0031963334367901552,0.5409626927388242,tvm
6,6,1,1,192,32,2,[6; 6; 1; 1; 192; 32; 2],0.004013724281321629,0.4307961936757126,tvm
24,1,197,1,192,192,12,[24; 1; 197; 1; 192; 192; 12],0.00351449293702899,0.491990501571146,tvm
12,12,197,1,768,16,1,[12; 12; 197; 1; 768; 16; 1],0.004831101874515298,0.35790947650645893,tvm
16,2,1,1,192,64,4,[16; 2; 1; 1; 192; 64; 4],0.003424196780542843,0.5049643036528486,tvm
24,6,1,1,32,32,2,[24; 6; 1; 1; 32; 32; 2],0.0038951915321376873,0.4439055508801159,tvm
24,6,197,1,64,32,2,[24; 6; 197; 1; 64; 32; 2],0.0038764613436796935,0.4460504025601385,tvm
24,3,197,1,64,64,4,[24; 3; 197; 1; 64; 64; 4],0.003611569749409682,0.4787660942003867,tvm
16,16,197,1,96,96,6,[16; 16; 197; 1; 96; 96; 6],0.0038113883128971793,0.45366596129975306,tvm
8,2,1,1,32,32,2,[8; 2; 1; 1; 32; 32; 2],0.00300639167198824,0.5751403448086408,tvm
16,4,197,1,384,32,2,[16; 4; 197; 1; 384; 32; 2],0.003292911937023746,0.5250966852213983,tvm
16,2,197,1,32,16,1,[16; 2; 197; 1; 32; 16; 1],0.00440452221846499,0.39257314575648716,tvm
8,1,197,1,768,96,6,[8; 1; 197; 1; 768; 96; 6],0.0036659316883742576,0.4716664929520143,tvm
24,2,1,1,384,96,6,[24; 2; 1; 1; 384; 96; 6],0.005286697531118989,0.32706564593097875,tvm
64,16,1,1,384,128,8,[64; 16; 1; 1; 384; 128; 8],0.005309498717906536,0.32566109057069376,tvm
24,3,197,1,256,32,2,[24; 3; 197; 1; 256; 32; 2],0.003913615342753474,0.441815812598643,tvm
12,2,197,1,128,16,1,[12; 2; 197; 1; 128; 16; 1],0.004343445687482017,0.3980934187436646,tvm
3,3,1,1,16,16,1,[3; 3; 1; 1; 16; 16; 1],0.00491174803028116,0.3520329487989157,tvm
24,6,197,1,96,48,3,[24; 6; 197; 1; 96; 48; 3],0.003732118999323575,0.463301717649017,tvm
24,8,1,1,384,48,3,[24; 8; 1; 1; 384; 48; 3],0.0049759977191570215,0.3474875272149577,tvm
16,2,1,1,192,32,2,[16; 2; 1; 1; 192; 32; 2],0.004209780156088527,0.41073335869009253,tvm
16,16,1,1,384,32,2,[16; 16; 1; 1; 384; 32; 2],0.004036045844259206,0.4284136527627844,tvm
48,12,1,1,128,128,8,[48; 12; 1; 1; 128; 128; 8],0.005417999687779229,0.31913939507181444,tvm
2,1,197,1,64,32,2,[2; 1; 197; 1; 64; 32; 2],0.007003575563430786,0.24688776856862005,tvm
8,4,1,1,96,48,3,[8; 4; 1; 1; 96; 48; 3],0.0026879168899540673,0.6432851958033161,tvm
24,8,1,1,192,32,2,[24; 8; 1; 1; 192; 32; 2],0.004141100063861813,0.41754536625339606,tvm
24,1,1,1,768,128,8,[24; 1; 1; 1; 768; 128; 8],0.005733645282816724,0.30157030258553114,tvm
6,1,1,1,384,128,8,[6; 1; 1; 1; 384; 128; 8],0.0030564202497771475,0.5657262423199874,tvm
6,3,1,1,256,16,1,[6; 3; 1; 1; 256; 16; 1],0.00396601612555969,0.4359783440399224,tvm
16,16,197,1,768,16,1,[16; 16; 197; 1; 768; 16; 1],0.004810214750250452,0.3594636066439891,tvm
24,3,1,1,192,96,6,[24; 3; 1; 1; 192; 96; 6],0.003502985126033309,0.4936067612753835,tvm
8,1,1,1,384,192,12,[8; 1; 1; 1; 384; 192; 12],0.0033793890306696994,0.5116596897145295,tvm
64,4,1,1,384,128,8,[64; 4; 1; 1; 384; 128; 8],0.005318069657732849,0.3251362344122201,tvm
4,4,197,1,16,16,1,[4; 4; 197; 1; 16; 16; 1],0.00493568865567795,0.3503254081612325,tvm
12,4,197,1,768,128,8,[12; 4; 197; 1; 768; 128; 8],0.0027818233902507927,0.6215697045746882,tvm
24,6,1,1,96,16,1,[24; 6; 1; 1; 96; 16; 1],0.005615199093881529,0.30793158246894814,tvm
6,6,1,1,128,128,8,[6; 6; 1; 1; 128; 128; 8],0.003504698312099208,0.49336547368080474,tvm
24,1,197,1,64,16,1,[24; 1; 197; 1; 64; 16; 1],0.004947885188812506,0.3494618563031222,tvm
16,1,197,1,32,16,1,[16; 1; 197; 1; 32; 16; 1],0.0043805136574519565,0.3947247464725218,tvm
24,4,1,1,256,16,1,[24; 4; 1; 1; 256; 16; 1],0.005311091501425835,0.325563425595839,tvm
24,8,1,1,48,16,1,[24; 8; 1; 1; 48; 16; 1],0.0064291700000467245,0.26894562483875467,tvm
24,3,1,1,32,32,2,[24; 3; 1; 1; 32; 32; 2],0.0038804308751423378,0.44559411016275813,tvm
8,8,1,1,256,32,2,[8; 8; 1; 1; 256; 32; 2],0.0035819626555166906,0.4827233863519228,tvm
6,2,1,1,96,48,3,[6; 2; 1; 1; 96; 48; 3],0.0026589334847813006,0.6502972536747614,tvm
32,8,1,1,256,128,8,[32; 8; 1; 1; 256; 128; 8],0.003256082187363063,0.5310360867326421,tvm
16,1,197,1,192,96,6,[16; 1; 197; 1; 192; 96; 6],0.006414317875169218,0.2695683588664566,tvm
16,1,197,1,192,64,4,[16; 1; 197; 1; 192; 64; 4],0.0034453858443157515,0.5018587818574319,tvm
6,1,1,1,192,32,2,[6; 1; 1; 1; 192; 32; 2],0.003987839250839897,0.4335924880856142,tvm
16,8,197,1,192,192,12,[16; 8; 197; 1; 192; 192; 12],0.0026750994838948827,0.646367416713646,tvm
24,6,197,1,96,96,6,[24; 6; 197; 1; 96; 96; 6],0.0030846578902128385,0.560547459199061,tvm
3,3,1,1,256,128,8,[3; 3; 1; 1; 256; 128; 8],0.0045732929993391735,0.3780858001241101,tvm
2,1,1,1,128,16,1,[2; 1; 1; 1; 128; 16; 1],0.006770928750484018,0.2553707484713288,tvm
24,12,1,1,32,32,2,[24; 12; 1; 1; 32; 32; 2],0.0038848046569910366,0.44509242948560757,tvm
3,3,197,1,32,16,1,[3; 3; 197; 1; 32; 16; 1],0.004863932312218822,0.35549366888051237,tvm
3,1,1,1,32,32,2,[3; 1; 1; 1; 32; 32; 2],0.0036813349070143886,0.46969297456814746,tvm
3,1,1,1,256,128,8,[3; 1; 1; 1; 256; 128; 8],0.004672579374528141,0.37005195723010165,tvm
2,2,197,1,128,16,1,[2; 2; 197; 1; 128; 16; 1],0.009528881997539429,0.18145855340675165,tvm
6,3,1,1,128,64,4,[6; 3; 1; 1; 128; 64; 4],0.0036945810625184095,0.46800898764919896,tvm
4,4,197,1,384,32,2,[4; 4; 197; 1; 384; 32; 2],0.0038358839683496626,0.4507688859006503,tvm
16,2,197,1,96,16,1,[16; 2; 197; 1; 96; 16; 1],0.004652111032555695,0.37168011054698363,tvm
24,4,1,1,768,192,12,[24; 4; 1; 1; 768; 192; 12],0.005701471969587146,0.3032720588789196,tvm
8,8,197,1,128,16,1,[8; 8; 197; 1; 128; 16; 1],0.004528975312496186,0.3817855085423583,tvm
24,1,197,1,128,32,2,[24; 1; 197; 1; 128; 32; 2],0.007849161127523985,0.22029069282242977,tvm
2,2,1,1,384,96,6,[2; 2; 1; 1; 384; 96; 6],0.006358062124490971,0.27195348346735054,tvm
1,1,197,1,256,32,2,[1; 1; 197; 1; 256; 32; 2],0.021265019626298454,0.0813118056434224,tvm
24,8,1,1,768,32,2,[24; 8; 1; 1; 768; 32; 2],0.006159341875900282,0.2807275805914587,tvm
24,8,1,1,768,192,12,[24; 8; 1; 1; 768; 192; 12],0.0056987367825058755,0.30341761847382887,tvm
12,12,197,1,384,128,8,[12; 12; 197; 1; 384; 128; 8],0.003676299062135513,0.47033636644694876,tvm
6,3,1,1,96,96,6,[6; 3; 1; 1; 96; 96; 6],0.0026564815152596566,0.6508974871177046,tvm
48,1,1,1,256,128,8,[48; 1; 1; 1; 256; 128; 8],0.005896039188883151,0.2932641876121374,tvm
24,4,1,1,96,48,3,[24; 4; 1; 1; 96; 48; 3],0.003956459282562719,0.4370314514489718,tvm
12,2,197,1,768,32,2,[12; 2; 197; 1; 768; 32; 2],0.003183446375260246,0.5431525896885225,tvm
24,8,197,1,768,32,2,[24; 8; 197; 1; 768; 32; 2],0.003789439968386432,0.456293583559104,tvm
6,1,197,1,768,192,12,[6; 1; 197; 1; 768; 192; 12],0.003682719874632312,0.46951633621869715,tvm
24,8,197,1,256,16,1,[24; 8; 197; 1; 256; 16; 1],0.004991522873751819,0.34640673529709526,tvm
3,3,197,1,192,192,12,[3; 3; 197; 1; 192; 192; 12],0.005382931312851724,0.3212185038900517,tvm
24,6,197,1,256,64,4,[24; 6; 197; 1; 256; 64; 4],0.0036820180939685088,0.4696058245041126,tvm
2,2,197,1,128,64,4,[2; 2; 197; 1; 128; 64; 4],0.006486158999905456,0.2665826019501444,tvm
1,1,197,1,32,32,2,[1; 1; 197; 1; 32; 32; 2],0.006523500123876147,0.26505665823912705,tvm
8,8,197,1,192,64,4,[8; 8; 197; 1; 192; 64; 4],0.0026802948750628275,0.6451145204001526,tvm
24,4,1,1,96,16,1,[24; 4; 1; 1; 96; 16; 1],0.005587754625594243,0.3094440000885432,tvm
2,1,1,1,768,192,12,[2; 1; 1; 1; 768; 192; 12],0.006039357593181194,0.2863048124206786,tvm
24,12,1,1,256,32,2,[24; 12; 1; 1; 256; 32; 2],0.004208648468193132,0.4108438031650296,tvm
8,2,1,1,384,16,1,[8; 2; 1; 1; 384; 16; 1],0.004134268874622649,0.41823529027607437,tvm
6,3,197,1,384,32,2,[6; 3; 197; 1; 384; 32; 2],0.0032273706874548225,0.5357603170836096,tvm
12,3,1,1,768,32,2,[12; 3; 1; 1; 768; 32; 2],0.004527142687948071,0.38194005845237816,tvm
12,6,1,1,384,64,4,[12; 6; 1; 1; 384; 64; 4],0.0030321077656481066,0.5702624301308604,tvm
8,4,1,1,192,48,3,[8; 4; 1; 1; 192; 48; 3],0.0033118568753707223,0.5220929550778342,tvm
2,1,1,1,768,64,4,[2; 1; 1; 1; 768; 64; 4],0.00601864106283756,0.28729029108141224,tvm
6,3,197,1,32,32,2,[6; 3; 197; 1; 32; 32; 2],0.0029618145781569183,0.5837965535077917,tvm
48,16,1,1,128,128,8,[48; 16; 1; 1; 128; 128; 8],0.005412451562733622,0.3194665343081319,tvm
24,12,1,1,384,96,6,[24; 12; 1; 1; 384; 96; 6],0.004755592719448032,0.3635923521764147,tvm
8,4,197,1,768,64,4,[8; 4; 197; 1; 768; 64; 4],0.0027101262494397815,0.6380135033246402,tvm
12,6,1,1,256,16,1,[12; 6; 1; 1; 256; 16; 1],0.004306243186874781,0.4015326278198469,tvm
2,2,1,1,768,48,3,[2; 2; 1; 1; 768; 48; 3],0.006026154156643315,0.2869321125731512,tvm
3,1,1,1,32,16,1,[3; 1; 1; 1; 32; 16; 1],0.004621217000021716,0.37416488835062656,tvm
8,2,197,1,768,192,12,[8; 2; 197; 1; 768; 192; 12],0.0027167258431290975,0.6364636119725596,tvm
6,2,197,1,384,96,6,[6; 2; 197; 1; 384; 96; 6],0.002672302921382652,0.6470438396117556,tvm
64,1,1,1,384,128,8,[64; 1; 1; 1; 384; 128; 8],0.005927747406531125,0.29169548300118914,tvm
12,4,1,1,192,16,1,[12; 4; 1; 1; 192; 16; 1],0.004268718032108154,0.4050623934050778,tvm
3,3,1,1,384,64,4,[3; 3; 1; 1; 384; 64; 4],0.0046846462191751925,0.36909876689932375,tvm
24,3,197,1,192,32,2,[24; 3; 197; 1; 192; 32; 2],0.0038386099367926363,0.45044877477233225,tvm
12,1,197,1,96,16,1,[12; 1; 197; 1; 96; 16; 1],0.004479780656765797,0.38597808137005396,tvm
8,8,1,1,96,16,1,[8; 8; 1; 1; 96; 16; 1],0.0035247915620857384,0.4905530192071776,tvm
12,2,197,1,768,16,1,[12; 2; 197; 1; 768; 16; 1],0.004673690626077587,0.3699639709161268,tvm
24,24,197,1,96,32,2,[24; 24; 197; 1; 96; 32; 2],0.003832872313068947,0.4511230747138221,tvm
16,16,197,1,256,16,1,[16; 16; 197; 1; 256; 16; 1],0.004484560249693459,0.3855667103536706,tvm
8,1,1,1,96,96,6,[8; 1; 1; 1; 96; 96; 6],0.0031209229218802648,0.5540339143702442,tvm
24,12,1,1,96,96,6,[24; 12; 1; 1; 96; 96; 6],0.0031389546566060744,0.550851264836903,tvm
24,6,197,1,768,48,3,[24; 6; 197; 1; 768; 48; 3],0.0035685815309989266,0.4845334561749888,tvm
16,1,197,1,256,128,8,[16; 1; 197; 1; 256; 128; 8],0.0032901648755796487,0.5255351048486642,tvm
8,1,1,1,768,128,8,[8; 1; 1; 1; 768; 128; 8],0.0027290117659504176,0.633598273349679,tvm
8,4,1,1,192,192,12,[8; 4; 1; 1; 192; 192; 12],0.0038980115623417078,0.44358440584470654,tvm
16,16,197,1,768,32,2,[16; 16; 197; 1; 768; 32; 2],0.0032430489063699497,0.5331702335604237,tvm
12,12,1,1,16,16,1,[12; 12; 1; 1; 16; 16; 1],0.004177464719759882,0.4139106512805044,tvm
12,12,197,1,128,128,8,[12; 12; 197; 1; 128; 128; 8],0.003668578188808169,0.4713262342703084,tvm
12,3,1,1,128,16,1,[12; 3; 1; 1; 128; 16; 1],0.004171602156930021,0.4144923407867891,tvm
4,2,1,1,192,192,12,[4; 2; 1; 1; 192; 192; 12],0.003426614624913782,0.5046079971425584,tvm
12,3,197,1,32,16,1,[12; 3; 197; 1; 32; 16; 1],0.00419687009343761,0.41199682247988245,tvm
4,2,197,1,32,16,1,[4; 2; 197; 1; 32; 16; 1],0.0048020821559475735,0.3600723783360486,tvm
3,3,197,1,256,16,1,[3; 3; 197; 1; 256; 16; 1],0.008966134002548642,0.19284756868073166,tvm
12,4,197,1,384,96,6,[12; 4; 197; 1; 384; 96; 6],0.0034516107189119793,0.5009536948599438,tvm
12,2,197,1,384,48,3,[12; 2; 197; 1; 384; 48; 3],0.002838076828084013,0.6092495896330111,tvm
48,1,1,1,768,128,8,[48; 1; 1; 1; 768; 128; 8],0.005645734125209856,0.3062661302338376,tvm
