kc,ku,mc,mr,nc,nr,X,time,peak,backend
3072,64,1,1,384,96,[3072; 64; 1; 1; 384; 96],0.09265151401632465,0.07464949326364968,tvm
768,16,1,1,256,64,[768; 16; 1; 1; 256; 64],0.01999906999844825,0.3458355099494737,tvm
96,8,1,1,768,64,[96; 8; 1; 1; 768; 64],0.02030989187915111,0.3405428553033565,tvm
768,48,197,1,96,96,[768; 48; 197; 1; 96; 96],0.020188066497212276,0.3425978695078917,tvm
1024,4,1,1,16,16,[1024; 4; 1; 1; 16; 16],0.05542120148311369,0.12479679953412645,tvm
32,8,197,1,384,128,[32; 8; 197; 1; 384; 128],0.012388721250317758,0.5582810712809583,tvm
64,16,1,1,32,16,[64; 16; 1; 1; 32; 16],0.04401292400143575,0.15714449172254383,tvm
1536,24,197,1,48,16,[1536; 24; 197; 1; 48; 16],0.11269120301585644,0.06137469816925627,tvm
384,4,1,1,32,16,[384; 4; 1; 1; 32; 16],0.05325193901080638,0.12988050200435017,tvm
3072,1,1,1,128,64,[3072; 1; 1; 1; 128; 64],0.08552113099722192,0.08087344602181704,tvm
48,3,1,1,48,16,[48; 3; 1; 1; 48; 16],0.03955727850552648,0.17484490421812748,tvm
96,4,1,1,256,16,[96; 4; 1; 1; 256; 16],0.044377169251674786,0.15585465878194896,tvm
384,48,197,1,96,96,[384; 48; 197; 1; 96; 96],0.020348384998214897,0.3398986490591428,tvm
768,16,197,1,384,128,[768; 16; 197; 1; 384; 128],0.02002303425251739,0.34542160215098316,tvm
256,1,197,1,256,64,[256; 1; 197; 1; 256; 64],0.020830920118896756,0.332025111322585,tvm
1536,48,1,1,768,16,[1536; 48; 1; 1; 768; 16],0.11439616896677762,0.060459966744491195,tvm
384,3,197,1,64,64,[384; 3; 197; 1; 64; 64],0.021021543878305238,0.3290143013028866,tvm
32,32,197,1,384,96,[32; 32; 197; 1; 384; 96],0.0159492883758503,0.43364872516199887,tvm
3072,64,197,1,384,16,[3072; 64; 197; 1; 384; 16],0.11699299595784396,0.05911797124949899,tvm
768,3,1,1,256,16,[768; 3; 1; 1; 256; 16],0.054470165487146005,0.1269757216555679,tvm
24,24,1,1,192,16,[24; 24; 1; 1; 192; 16],0.02129134287679335,0.3248451077722832,tvm
192,16,197,1,256,64,[192; 16; 197; 1; 256; 64],0.020539063501928467,0.33674313197284644,tvm
96,3,1,1,64,64,[96; 3; 1; 1; 64; 64],0.021659913873008918,0.319317454906748,tvm
384,1,197,1,384,16,[384; 1; 197; 1; 384; 16],0.05439360497985035,0.12715444350472244,tvm
1024,4,197,1,192,96,[1024; 4; 197; 1; 192; 96],0.022574971750145778,0.3063741850035276,tvm
12,12,1,1,64,64,[12; 12; 1; 1; 64; 64],0.013891746872104704,0.49787752649863004,tvm
48,8,1,1,768,96,[48; 8; 1; 1; 768; 96],0.02163351437775418,0.3197071197336628,tvm
12,1,197,1,384,16,[12; 1; 197; 1; 384; 16],0.02233676450123312,0.30964146893551864,tvm
24,3,197,1,768,16,[24; 3; 197; 1; 768; 16],0.02395291024731705,0.2887494045615301,tvm
1024,32,1,1,384,96,[1024; 32; 1; 1; 384; 96],0.0687109130085446,0.1006592441955833,tvm
8,4,197,1,256,64,[8; 4; 197; 1; 256; 64],0.012898355249490123,0.5362225212165698,tvm
3,3,1,1,32,16,[3; 3; 1; 1; 32; 16],0.018660903500858694,0.37063524663263536,tvm
192,48,197,1,32,16,[192; 48; 197; 1; 32; 16],0.049387896491680294,0.14004217759291857,tvm
1536,64,1,1,128,64,[1536; 64; 1; 1; 128; 64],0.08342436302336864,0.08290609985827722,tvm
8,4,1,1,192,16,[8; 4; 1; 1; 192; 16],0.018667088872462045,0.3705124360141514,tvm
6,6,197,1,256,128,[6; 6; 197; 1; 256; 128],0.014912056627508719,0.4638118499811556,tvm
512,16,1,1,16,16,[512; 16; 1; 1; 16; 16],0.05378417897736654,0.12859522452390929,tvm
64,8,1,1,768,96,[64; 8; 1; 1; 768; 96],0.02093060000333935,0.33044387501194916,tvm
512,64,1,1,384,128,[512; 64; 1; 1; 384; 128],0.02281450962618692,0.3031574504450366,tvm
1536,1,197,1,768,128,[1536; 1; 197; 1; 768; 128],0.08840394750586711,0.07823619608128417,tvm
12,6,1,1,256,16,[12; 6; 1; 1; 256; 16],0.017856680249678902,0.3873277941207992,tvm
32,4,1,1,32,16,[32; 4; 1; 1; 32; 16],0.033151752504636534,0.20862814327722976,tvm
384,3,197,1,768,96,[384; 3; 197; 1; 768; 96],0.020539365876174998,0.33673817454371163,tvm
1024,2,1,1,32,16,[1024; 2; 1; 1; 32; 16],0.05530834398814477,0.1250514492516913,tvm
192,24,197,1,192,64,[192; 24; 197; 1; 192; 64],0.020713010875624605,0.33391517114336505,tvm
768,3,197,1,96,16,[768; 3; 197; 1; 96; 16],0.05507084052078426,0.12559075739579934,tvm
256,2,1,1,768,16,[256; 2; 1; 1; 768; 16],0.05149468049057759,0.13431268056307524,tvm
384,1,1,1,256,16,[384; 1; 1; 1; 256; 16],0.053592830983689055,0.12905436127331227,tvm
16,2,1,1,128,128,[16; 2; 1; 1; 128; 128],0.014124445122433826,0.48967506415124834,tvm
96,32,197,1,256,128,[96; 32; 197; 1; 256; 128],0.020238045501173474,0.3417518045913838,tvm
512,64,197,1,64,64,[512; 64; 197; 1; 64; 64],0.020613400753063615,0.3355287491997476,tvm
256,4,197,1,384,96,[256; 4; 197; 1; 384; 96],0.0206809393785079,0.3344329986584767,tvm
768,12,197,1,48,16,[768; 12; 197; 1; 48; 16],0.055014044482959434,0.125720416239728,tvm
3072,24,1,1,768,96,[3072; 24; 1; 1; 768; 96],0.09178410051390529,0.0753549746928199,tvm
48,4,197,1,256,128,[48; 4; 197; 1; 256; 128],0.02092549025110202,0.3305245654191699,tvm
32,32,1,1,96,96,[32; 32; 1; 1; 96; 96],0.016191994749533478,0.4271486421787436,tvm
3072,12,197,1,384,96,[3072; 12; 197; 1; 384; 96],0.09285124248708598,0.07448891782348009,tvm
96,4,197,1,128,64,[96; 4; 197; 1; 128; 64],0.020998800748202484,0.32937064617943096,tvm
16,16,197,1,384,96,[16; 16; 197; 1; 384; 96],0.015700347496022005,0.44052455356042125,tvm
8,4,1,1,768,64,[8; 4; 1; 1; 768; 64],0.01317472737719072,0.5249739424136282,tvm
128,64,1,1,48,16,[128; 64; 1; 1; 48; 16],0.04617954349669162,0.14977169646391314,tvm
768,4,1,1,64,64,[768; 4; 1; 1; 64; 64],0.02052045125310542,0.337048561267964,tvm
64,32,1,1,32,16,[64; 32; 1; 1; 32; 16],0.04400767324841581,0.15716324133718082,tvm
64,1,197,1,96,16,[64; 1; 197; 1; 96; 16],0.04380930625484325,0.1578748709508255,tvm
4,1,197,1,768,96,[4; 1; 197; 1; 768; 96],0.015036379998491611,0.45997697398724924,tvm
3072,8,1,1,192,64,[3072; 8; 1; 1; 192; 64],0.08616112000891007,0.08027273288361775,tvm
48,1,197,1,768,96,[48; 1; 197; 1; 768; 96],0.025368486501974985,0.2726370203792062,tvm
96,8,197,1,384,64,[96; 8; 197; 1; 384; 64],0.020674329622124787,0.33453991968992053,tvm
48,1,1,1,192,96,[48; 1; 1; 1; 192; 96],0.02743844175711274,0.2520692914216117,tvm
192,48,197,1,384,96,[192; 48; 197; 1; 384; 96],0.020460043124330696,0.33804369469797124,tvm
16,2,197,1,192,16,[16; 2; 197; 1; 192; 16],0.017664441249507945,0.3915430142247625,tvm
48,2,197,1,192,96,[48; 2; 197; 1; 192; 96],0.022135276747576427,0.31245999994944,tvm
1024,1,197,1,128,128,[1024; 1; 197; 1; 128; 128],0.022419434870244004,0.308499683933081,tvm
192,1,197,1,768,128,[192; 1; 197; 1; 768; 128],0.022349258375470527,0.30946837050394777,tvm
32,4,1,1,128,128,[32; 4; 1; 1; 128; 128],0.012699819249974098,0.5446052762871154,tvm
12,12,197,1,128,64,[12; 12; 197; 1; 128; 64],0.012056934625434224,0.5736440302859718,tvm
192,16,197,1,96,16,[192; 16; 197; 1; 96; 16],0.04914856575487647,0.14072411809376825,tvm
3072,3,197,1,192,96,[3072; 3; 197; 1; 192; 96],0.09200296649942175,0.0751757126382663,tvm
1536,3,197,1,128,64,[1536; 3; 197; 1; 128; 64],0.08666868400177918,0.07980262595525954,tvm
192,64,197,1,128,64,[192; 64; 197; 1; 128; 64],0.02075144062837353,0.3332967910657617,tvm
24,3,197,1,384,128,[24; 3; 197; 1; 384; 128],0.011805660062236711,0.5858536104687895,tvm
384,3,197,1,192,64,[384; 3; 197; 1; 192; 64],0.020947291872289497,0.33018056050376804,tvm
16,4,197,1,48,16,[16; 4; 197; 1; 48; 16],0.021738341376476455,0.3181654226349095,tvm
32,8,1,1,256,64,[32; 8; 1; 1; 256; 64],0.014665215501736384,0.47161861144213396,tvm
192,16,1,1,256,128,[192; 16; 1; 1; 256; 128],0.02004814799875021,0.3449889023095667,tvm
384,48,1,1,64,16,[384; 48; 1; 1; 64; 16],0.05258499152841978,0.13152780613629234,tvm
128,64,197,1,256,16,[128; 64; 197; 1; 256; 16],0.04648712025664281,0.1487807490170409,tvm
384,64,197,1,192,16,[384; 64; 197; 1; 192; 16],0.05369483551476151,0.12880919561672097,tvm
768,3,197,1,128,16,[768; 3; 197; 1; 128; 16],0.05486321449279785,0.12606604690172715,tvm
512,1,197,1,192,64,[512; 1; 197; 1; 192; 64],0.02061994012183277,0.335422340247505,tvm
1024,32,1,1,768,128,[1024; 32; 1; 1; 768; 128],0.08754443950601853,0.07900431609883207,tvm
512,1,1,1,64,64,[512; 1; 1; 1; 64; 64],0.020641020753828343,0.33507977410205214,tvm
256,4,1,1,768,96,[256; 4; 1; 1; 768; 96],0.02007757412502542,0.3444832791232349,tvm
1,1,1,1,16,16,[1; 1; 1; 1; 16; 16],0.07053821900626644,0.09805164730362892,tvm
3072,32,197,1,384,128,[3072; 32; 197; 1; 384; 128],0.09253216598881409,0.0747457762121841,tvm
24,3,1,1,32,16,[24; 3; 1; 1; 32; 16],0.027676042256643996,0.2499052612830941,tvm
512,64,1,1,768,16,[512; 64; 1; 1; 768; 16],0.11144613899523392,0.062060369554160645,tvm
768,12,197,1,64,64,[768; 12; 197; 1; 64; 64],0.02052872424974339,0.33691273199867866,tvm
256,1,1,1,192,16,[256; 1; 1; 1; 192; 16],0.05291223249514587,0.1307143593319952,tvm
192,4,1,1,256,64,[192; 4; 1; 1; 256; 64],0.020084267249330878,0.34436847934589176,tvm
3,1,1,1,64,64,[3; 1; 1; 1; 64; 64],0.01858715174603276,0.37210588614819934,tvm
512,64,197,1,128,16,[512; 64; 197; 1; 128; 16],0.05416310500004329,0.12769557010114252,tvm
256,2,197,1,16,16,[256; 2; 197; 1; 16; 16],0.05246819998137653,0.13182058034930735,tvm
1024,16,1,1,384,64,[1024; 16; 1; 1; 384; 64],0.06469210749492049,0.10691240151623803,tvm
384,12,197,1,64,64,[384; 12; 197; 1; 64; 64],0.020777373254531994,0.33288079713926094,tvm
768,2,197,1,768,128,[768; 2; 197; 1; 768; 128],0.01997666112583829,0.34622345185015674,tvm
64,64,1,1,192,96,[64; 64; 1; 1; 192; 96],0.0256516347581055,0.2696275943677665,tvm
192,24,197,1,16,16,[192; 24; 197; 1; 16; 16],0.049929211993003264,0.13852388802766977,tvm
1024,64,1,1,256,128,[1024; 64; 1; 1; 256; 128],0.024011269873881247,0.2880475963061002,tvm
24,12,197,1,384,16,[24; 12; 197; 1; 384; 16],0.02354632900096476,0.2937353237162866,tvm
384,2,197,1,384,96,[384; 2; 197; 1; 384; 96],0.02089074000105029,0.33107436936560636,tvm
8,1,197,1,96,16,[8; 1; 197; 1; 96; 16],0.02453873799822759,0.2818559198899363,tvm
192,6,197,1,256,128,[192; 6; 197; 1; 256; 128],0.020296639122534543,0.3407652138697969,tvm
24,1,1,1,768,96,[24; 1; 1; 1; 768; 96],0.02554227673681453,0.2707819918597883,tvm
384,3,1,1,96,96,[384; 3; 1; 1; 96; 96],0.020511356502538547,0.3371980088480534,tvm
3072,4,1,1,128,64,[3072; 4; 1; 1; 128; 64],0.08618545200442895,0.08025007017510505,tvm
256,1,197,1,16,16,[256; 1; 197; 1; 16; 16],0.05527555799926631,0.1251256219162975,tvm
48,6,197,1,384,128,[48; 6; 197; 1; 384; 128],0.021069644375529606,0.3282631850901717,tvm
64,1,197,1,32,16,[64; 1; 197; 1; 32; 16],0.045443178751156665,0.15219860849308497,tvm
384,1,1,1,64,16,[384; 1; 1; 1; 64; 16],0.05415318449377082,0.1277189630874645,tvm
3,1,197,1,256,64,[3; 1; 197; 1; 256; 64],0.01870142450206913,0.36983217886227543,tvm
64,8,197,1,256,128,[64; 8; 197; 1; 256; 128],0.020558922995405737,0.33641784508722383,tvm
64,8,197,1,192,16,[64; 8; 197; 1; 192; 16],0.036084794759517536,0.1916704422880039,tvm
128,32,1,1,768,96,[128; 32; 1; 1; 768; 96],0.02016364474548027,0.34301281632026853,tvm
12,6,1,1,384,64,[12; 6; 1; 1; 384; 64],0.012947719878866337,0.5341781129137425,tvm
768,6,197,1,96,96,[768; 6; 197; 1; 96; 96],0.0202835931268055,0.3409843871443228,tvm
1536,32,1,1,16,16,[1536; 32; 1; 1; 16; 16],0.11735651799244806,0.05893484818519959,tvm
128,2,197,1,768,16,[128; 2; 197; 1; 768; 16],0.05051151048974134,0.1369269796996718,tvm
2,2,1,1,768,16,[2; 2; 1; 1; 768; 16],0.024807630878058262,0.27880084984438985,tvm
4,2,1,1,128,16,[4; 2; 1; 1; 128; 16],0.016104761620226782,0.42946233756989793,tvm
512,64,1,1,384,16,[512; 64; 1; 1; 384; 16],0.054577557515585795,0.12672587206661726,tvm
32,32,1,1,768,96,[32; 32; 1; 1; 768; 96],0.02300428350281436,0.30065655253215845,tvm
384,6,1,1,192,16,[384; 6; 1; 1; 192; 16],0.05330439651152119,0.12975268503290655,tvm
768,8,1,1,48,16,[768; 8; 1; 1; 48; 16],0.05459896751563065,0.12667617880225557,tvm
12,12,197,1,64,16,[12; 12; 197; 1; 64; 16],0.022834105751826428,0.30289728210071687,tvm
3072,48,197,1,192,16,[3072; 48; 197; 1; 192; 16],0.11658867303049192,0.059322989031873614,tvm
3072,2,1,1,768,96,[3072; 2; 1; 1; 768; 96],0.0923560099909082,0.0748883431853481,tvm
768,1,1,1,192,16,[768; 1; 1; 1; 192; 16],0.054953365499386564,0.12585923552772718,tvm
48,8,1,1,768,64,[48; 8; 1; 1; 768; 64],0.02148335949459579,0.32194166713862477,tvm
32,2,197,1,192,64,[32; 2; 197; 1; 192; 64],0.014298888374469243,0.4837011374798776,tvm
64,4,197,1,384,96,[64; 4; 197; 1; 384; 96],0.021004410125897266,0.3292826853966753,tvm
6,6,197,1,384,96,[6; 6; 197; 1; 384; 96],0.01498563950008247,0.4615344291039771,tvm
768,12,1,1,192,96,[768; 12; 1; 1; 192; 96],0.019958507873525377,0.34653835924292936,tvm
128,32,197,1,192,64,[128; 32; 197; 1; 192; 64],0.020589467625541147,0.3359187666828656,tvm
768,2,1,1,384,128,[768; 2; 1; 1; 384; 128],0.0636508364987094,0.10866139318638507,tvm
32,8,1,1,16,16,[32; 8; 1; 1; 16; 16],0.02774092700565234,0.2493207444011992,tvm
1024,16,1,1,128,64,[1024; 16; 1; 1; 128; 64],0.023608235620486084,0.29296507721343074,tvm
1024,64,1,1,64,64,[1024; 64; 1; 1; 64; 64],0.02293818150064908,0.30152296821057323,tvm
48,3,1,1,768,128,[48; 3; 1; 1; 768; 128],0.021332942880690098,0.324211648158917,tvm
768,2,197,1,256,128,[768; 2; 197; 1; 256; 128],0.020028506121889222,0.34532723156369743,tvm
128,32,1,1,64,64,[128; 32; 1; 1; 64; 64],0.021218260750174522,0.32596397286576295,tvm
12,6,1,1,768,64,[12; 6; 1; 1; 768; 64],0.01975529224728234,0.3501030754116043,tvm
1024,1,1,1,192,16,[1024; 1; 1; 1; 192; 16],0.05756712250877172,0.12014476788160977,tvm
128,64,1,1,384,128,[128; 64; 1; 1; 384; 128],0.02041532012663083,0.3387842330430305,tvm
384,24,1,1,128,64,[384; 24; 1; 1; 128; 64],0.02057029963179957,0.33623178540076026,tvm
384,48,1,1,48,16,[384; 48; 1; 1; 48; 16],0.05264389849617146,0.13138063040546982,tvm
384,1,197,1,16,16,[384; 1; 197; 1; 16; 16],0.05371616649790667,0.12875804478151107,tvm
8,8,197,1,384,96,[8; 8; 197; 1; 384; 96],0.015009984497737605,0.4607858570720743,tvm
48,2,197,1,48,16,[48; 2; 197; 1; 48; 16],0.039342855248833075,0.17579782981393335,tvm
32,4,197,1,256,128,[32; 4; 197; 1; 256; 128],0.011824259065178921,0.5849320903156239,tvm
24,8,1,1,256,64,[24; 8; 1; 1; 256; 64],0.013789135751721915,0.5015824556346752,tvm
4,1,1,1,48,16,[4; 1; 1; 1; 48; 16],0.01510275674809236,0.4579553711147592,tvm
1536,4,1,1,256,128,[1536; 4; 1; 1; 256; 128],0.087040087004425,0.07946210544432189,tvm
768,24,1,1,768,128,[768; 24; 1; 1; 768; 128],0.08634512301068753,0.08010167025383104,tvm
48,8,1,1,96,16,[48; 8; 1; 1; 96; 16],0.036303638509707525,0.19051502426069888,tvm
768,64,197,1,192,64,[768; 64; 197; 1; 192; 64],0.020411376128322445,0.3388496947950275,tvm
384,48,197,1,192,16,[384; 48; 197; 1; 192; 16],0.05276279299869202,0.13108458021924704,tvm
96,1,1,1,96,16,[96; 1; 1; 1; 96; 16],0.046069315751083195,0.1501300477046037,tvm
192,6,197,1,96,16,[192; 6; 197; 1; 96; 16],0.04933732749486808,0.14018571581827152,tvm
3072,16,197,1,768,96,[3072; 16; 197; 1; 768; 96],0.09157419201801531,0.07552770512097902,tvm
192,24,1,1,64,64,[192; 24; 1; 1; 64; 64],0.020978689499315806,0.329686397792109,tvm
1536,6,1,1,384,128,[1536; 6; 1; 1; 384; 128],0.08967945049516857,0.07712344949974005,tvm
192,48,1,1,48,16,[192; 48; 1; 1; 48; 16],0.04936912748962641,0.14009541839445844,tvm
256,2,1,1,384,16,[256; 2; 1; 1; 384; 16],0.05190672949538566,0.13324647186726368,tvm
32,32,197,1,384,16,[32; 32; 197; 1; 384; 16],0.026643726756446995,0.2595878810292561,tvm
384,8,1,1,128,64,[384; 8; 1; 1; 128; 64],0.020106839372601826,0.3439818881157944,tvm
3072,48,197,1,384,16,[3072; 48; 197; 1; 384; 16],0.11790782201569527,0.05865928530600707,tvm
96,8,1,1,256,128,[96; 8; 1; 1; 256; 128],0.020546191502944566,0.3366263071400533,tvm
384,32,1,1,256,16,[384; 32; 1; 1; 256; 16],0.05256139748962596,0.1315868470352916,tvm
8,1,1,1,256,64,[8; 1; 1; 1; 256; 64],0.015201734750007745,0.45497363854641965,tvm
12,1,1,1,384,128,[12; 1; 1; 1; 384; 128],0.013915361996623687,0.4970326013154892,tvm
96,16,197,1,192,64,[96; 16; 197; 1; 192; 64],0.020914544751576614,0.3306975434359951,tvm
384,8,197,1,32,16,[384; 8; 197; 1; 32; 16],0.05351359999622218,0.1292454361492562,tvm
24,8,197,1,192,16,[24; 8; 197; 1; 192; 16],0.02253517062490573,0.3069152963849593,tvm
6,1,197,1,64,64,[6; 1; 197; 1; 64; 64],0.014324002746434417,0.4828530609679074,tvm
192,6,1,1,16,16,[192; 6; 1; 1; 16; 16],0.05038053949829191,0.13728293980780143,tvm
1536,2,197,1,128,128,[1536; 2; 197; 1; 128; 128],0.08708159398520365,0.07942423025242004,tvm
512,2,1,1,384,64,[512; 2; 1; 1; 384; 64],0.022442899498855695,0.30817713957954584,tvm
16,1,197,1,32,16,[16; 1; 197; 1; 32; 16],0.021775412249553483,0.3176237718103544,tvm
96,8,1,1,128,16,[96; 8; 1; 1; 128; 16],0.042411046000779606,0.16307988657722408,tvm
768,3,1,1,384,16,[768; 3; 1; 1; 384; 16],0.09234144451329485,0.07490015569804938,tvm
24,1,197,1,128,16,[24; 1; 197; 1; 128; 16],0.022218526122742333,0.31128926073764757,tvm
256,8,1,1,768,64,[256; 8; 1; 1; 768; 64],0.019799595247604884,0.3493196949197854,tvm
1536,8,197,1,64,64,[1536; 8; 197; 1; 64; 64],0.0843075945158489,0.0820375508416192,tvm
3072,16,1,1,192,64,[3072; 16; 1; 1; 192; 64],0.08686845251941122,0.07961910648613278,tvm
768,8,1,1,384,16,[768; 8; 1; 1; 384; 16],0.09236752899596468,0.07487900398126632,tvm
3072,1,197,1,96,96,[3072; 1; 197; 1; 96; 96],0.09332966298097745,0.07410707754123441,tvm
384,6,197,1,128,64,[384; 6; 197; 1; 128; 64],0.020623237629479263,0.3353687086232352,tvm
128,8,1,1,384,16,[128; 8; 1; 1; 384; 16],0.04568098999152426,0.15140627584279262,tvm
1536,48,1,1,32,16,[1536; 48; 1; 1; 32; 16],0.11318007396766916,0.06110959578807393,tvm
512,2,1,1,768,64,[512; 2; 1; 1; 768; 64],0.08469786602654494,0.08165953755270437,tvm
64,4,197,1,768,128,[64; 4; 197; 1; 768; 128],0.020626050878490787,0.3353229666780811,tvm
384,4,1,1,768,64,[384; 4; 1; 1; 768; 64],0.04403639574593399,0.15706073247529986,tvm
12,1,197,1,96,16,[12; 1; 197; 1; 96; 16],0.022680709123960696,0.3049458697974243,tvm
256,16,197,1,768,16,[256; 16; 197; 1; 768; 16],0.05265153601067141,0.13136157262395456,tvm
48,3,1,1,256,128,[48; 3; 1; 1; 256; 128],0.02103226624603849,0.3288465679598983,tvm
32,4,1,1,64,16,[32; 4; 1; 1; 64; 16],0.02935290774621535,0.23562873672439974,tvm
48,24,1,1,768,16,[48; 24; 1; 1; 768; 16],0.034056218501063995,0.20308739125609285,tvm
192,4,1,1,32,16,[192; 4; 1; 1; 32; 16],0.05053151349420659,0.1368727768706459,tvm
1024,64,197,1,128,16,[1024; 64; 197; 1; 128; 16],0.055356284021399915,0.12494315132776612,tvm
96,3,1,1,768,16,[96; 3; 1; 1; 768; 16],0.04279735925956629,0.1616078349479608,tvm
24,2,197,1,64,64,[24; 2; 197; 1; 64; 64],0.015058990873512812,0.45928632466294766,tvm
256,32,197,1,768,64,[256; 32; 197; 1; 768; 64],0.02070990187348798,0.3339652989994446,tvm
512,1,1,1,192,16,[512; 1; 1; 1; 192; 16],0.05442158953519538,0.12708905841413587,tvm
768,12,1,1,16,16,[768; 12; 1; 1; 16; 16],0.05444725701818243,0.12702914619039252,tvm
512,16,1,1,768,64,[512; 16; 1; 1; 768; 64],0.08412342250812799,0.08221715623565257,tvm
24,8,197,1,256,128,[24; 8; 197; 1; 256; 128],0.011474353181256447,0.6027693641787679,tvm
768,1,1,1,384,16,[768; 1; 1; 1; 384; 16],0.0927073679631576,0.0746045187495473,tvm
768,24,1,1,96,96,[768; 24; 1; 1; 96; 96],0.020214490505168214,0.34215003191202203,tvm
2,2,1,1,192,16,[2; 2; 1; 1; 192; 16],0.025025131762959063,0.2763777084948604,tvm
768,16,197,1,64,16,[768; 16; 197; 1; 64; 16],0.05480014148633927,0.12621114442109072,tvm
48,6,1,1,256,128,[48; 6; 1; 1; 256; 128],0.0211810174951097,0.3265371256610045,tvm
1536,64,1,1,384,96,[1536; 64; 1; 1; 384; 96],0.09070042002713308,0.07625530917452786,tvm
64,4,197,1,768,96,[64; 4; 197; 1; 768; 96],0.020822418126044795,0.33216068035717305,tvm
768,12,1,1,768,96,[768; 12; 1; 1; 768; 96],0.08686467702500522,0.07962256705838659,tvm
12,12,197,1,48,16,[12; 12; 197; 1; 48; 16],0.022588227118831128,0.3061943965342276,tvm
8,1,1,1,256,128,[8; 1; 1; 1; 256; 128],0.014048550248844549,0.4923204493643337,tvm
192,3,1,1,96,96,[192; 3; 1; 1; 96; 96],0.02092535750125535,0.33052666225719896,tvm
3072,48,1,1,96,16,[3072; 48; 1; 1; 96; 16],0.11407615803182125,0.06062957142630331,tvm
1024,32,197,1,64,64,[1024; 32; 197; 1; 64; 64],0.022734567886800505,0.3042234453659516,tvm
24,12,1,1,96,96,[24; 12; 1; 1; 96; 96],0.014453362382482737,0.47853145782957274,tvm
3072,3,197,1,192,64,[3072; 3; 197; 1; 192; 64],0.08737186901271343,0.0791603596166882,tvm
128,8,197,1,128,16,[128; 8; 197; 1; 128; 16],0.04548127201269381,0.15207113313581488,tvm
384,12,1,1,768,128,[384; 12; 1; 1; 768; 128],0.045162697235355154,0.15314383318129518,tvm
48,4,1,1,64,64,[48; 4; 1; 1; 64; 64],0.02253140675020404,0.3069665666288652,tvm
64,64,1,1,384,16,[64; 64; 1; 1; 384; 16],0.0405032372509595,0.17076137713571835,tvm
24,3,1,1,192,64,[24; 3; 1; 1; 192; 64],0.0137168618675787,0.5042252840481108,tvm
4,2,197,1,768,96,[4; 2; 197; 1; 768; 96],0.014663629757706076,0.4716696128933458,tvm
32,4,197,1,48,16,[32; 4; 197; 1; 48; 16],0.025152105750748888,0.27498248615715365,tvm
768,1,1,1,256,128,[768; 1; 1; 1; 256; 128],0.021974889998091385,0.3147405321268634,tvm
16,8,1,1,256,64,[16; 8; 1; 1; 256; 64],0.013253305631224066,0.5218613954796256,tvm
3072,3,197,1,256,128,[3072; 3; 197; 1; 256; 128],0.09420284646330401,0.07342016543123032,tvm
3072,48,197,1,384,64,[3072; 48; 197; 1; 384; 64],0.08597636397462338,0.08044523229046996,tvm
96,6,197,1,384,16,[96; 6; 197; 1; 384; 16],0.04265855625271797,0.16213367678114743,tvm
48,6,197,1,96,16,[48; 6; 197; 1; 96; 16],0.03262160799931735,0.2120186280079543,tvm
256,1,197,1,128,16,[256; 1; 197; 1; 128; 16],0.05303280602674931,0.13041717173969639,tvm
64,4,1,1,96,96,[64; 4; 1; 1; 96; 96],0.021566858384176157,0.3206952282166049,tvm
192,32,197,1,384,16,[192; 32; 197; 1; 384; 16],0.049848833004944026,0.1387472515302936,tvm
64,32,197,1,96,96,[64; 32; 197; 1; 96; 96],0.021389731002273038,0.32335089070047596,tvm
1536,3,1,1,768,64,[1536; 3; 1; 1; 768; 64],0.08563460502773523,0.08076628098171877,tvm
192,6,1,1,768,96,[192; 6; 1; 1; 768; 96],0.020098397115361877,0.34412637643337957,tvm
1024,16,1,1,32,16,[1024; 16; 1; 1; 32; 16],0.05542526248609647,0.12478765568613337,tvm
768,16,197,1,192,96,[768; 16; 197; 1; 192; 96],0.0202455065009417,0.34162586009428125,tvm
1024,1,1,1,128,16,[1024; 1; 1; 1; 128; 16],0.055698860494885594,0.12417468705780167,tvm
32,16,197,1,256,128,[32; 16; 197; 1; 256; 128],0.014524777245242149,0.4761786328732964,tvm
768,3,1,1,384,128,[768; 3; 1; 1; 384; 128],0.06403933599358425,0.108002190593005,tvm
3072,1,197,1,64,64,[3072; 1; 197; 1; 64; 64],0.08597605646355078,0.08044552001941084,tvm
256,8,197,1,768,64,[256; 8; 197; 1; 768; 64],0.020691593119408935,0.33426080493245947,tvm
256,4,1,1,256,128,[256; 4; 1; 1; 256; 128],0.01992814523691777,0.34706634707858586,tvm
3072,2,197,1,768,128,[3072; 2; 197; 1; 768; 128],0.09237044799374416,0.0748766377304675,tvm
256,1,1,1,768,128,[256; 1; 1; 1; 768; 128],0.021513753876206465,0.321486831690395,tvm
768,6,1,1,16,16,[768; 6; 1; 1; 16; 16],0.05470337503356859,0.1264344031274916,tvm
4,2,1,1,96,16,[4; 2; 1; 1; 96; 16],0.015415517380461097,0.44866405717883817,tvm
3072,24,1,1,768,16,[3072; 24; 1; 1; 768; 16],0.1136276840697974,0.0608688686040638,tvm
1536,16,1,1,256,128,[1536; 16; 1; 1; 256; 128],0.08736411400604993,0.07916738640478416,tvm
384,24,197,1,256,16,[384; 24; 197; 1; 256; 16],0.0532639849698171,0.1298511287758108,tvm
4,1,197,1,64,16,[4; 1; 197; 1; 64; 16],0.03054834299837239,0.22640797806274057,tvm
768,6,197,1,768,16,[768; 6; 197; 1; 768; 16],0.0551169789978303,0.12548562524990414,tvm
32,2,1,1,384,128,[32; 2; 1; 1; 384; 128],0.019628812136943452,0.3523589977414483,tvm
32,32,197,1,192,64,[32; 32; 197; 1; 192; 64],0.015866809873841703,0.4359029084246512,tvm
3072,48,197,1,64,64,[3072; 48; 197; 1; 64; 64],0.08746098447591066,0.07907970179930399,tvm
768,8,197,1,768,16,[768; 8; 197; 1; 768; 16],0.05511466501047835,0.12549089375964878,tvm
768,4,197,1,96,96,[768; 4; 197; 1; 96; 96],0.021144084370462224,0.32710749967922936,tvm
48,24,197,1,384,16,[48; 24; 197; 1; 384; 16],0.033890598511788994,0.20407985916869173,tvm
32,4,197,1,16,16,[32; 4; 197; 1; 16; 16],0.02777456573676318,0.2490187834790824,tvm
192,2,197,1,96,16,[192; 2; 197; 1; 96; 16],0.05123010999523103,0.13500631898062315,tvm
96,6,197,1,16,16,[96; 6; 197; 1; 16; 16],0.04463852400658652,0.1549421430334041,tvm
192,2,1,1,96,16,[192; 2; 1; 1; 96; 16],0.050661234476137906,0.13652230631462955,tvm
48,4,197,1,192,16,[48; 4; 197; 1; 192; 16],0.04045487099210732,0.1709655327482801,tvm
48,12,1,1,192,16,[48; 12; 1; 1; 192; 16],0.03502501349430531,0.19746997592315277,tvm
48,8,1,1,384,64,[48; 8; 1; 1; 384; 64],0.021585561378742568,0.3204173590889242,tvm
48,24,1,1,128,128,[48; 24; 1; 1; 128; 128],0.021343619751860388,0.3240494654532867,tvm
384,8,197,1,96,96,[384; 8; 197; 1; 96; 96],0.020437501880223863,0.338416535052219,tvm
768,12,197,1,384,64,[768; 12; 197; 1; 384; 64],0.020467654743697494,0.33791798122636896,tvm
6,3,197,1,768,128,[6; 3; 197; 1; 768; 128],0.013779675879050046,0.5019267965470736,tvm
128,4,1,1,256,64,[128; 4; 1; 1; 256; 64],0.02051102224504575,0.3372035039891374,tvm
1536,64,1,1,64,16,[1536; 64; 1; 1; 64; 16],0.11252902599517256,0.061463151487024165,tvm
384,32,197,1,256,64,[384; 32; 197; 1; 256; 64],0.020783897620276548,0.3327763010476445,tvm
96,24,1,1,768,96,[96; 24; 1; 1; 768; 96],0.020575245260261,0.336150966073142,tvm
4,4,197,1,192,16,[4; 4; 197; 1; 192; 16],0.028629688487853855,0.2415809929040216,tvm
24,1,197,1,192,16,[24; 1; 197; 1; 192; 16],0.021229060497717,0.32579814693977477,tvm
48,8,1,1,48,16,[48; 8; 1; 1; 48; 16],0.0403031442547217,0.17160915604291305,tvm
192,24,1,1,128,16,[192; 24; 1; 1; 128; 16],0.04950288700638339,0.13971687288736723,tvm
192,16,197,1,128,64,[192; 16; 197; 1; 128; 64],0.020602823875378817,0.33570099969130573,tvm
12,3,1,1,192,16,[12; 3; 1; 1; 192; 16],0.01752840461267624,0.3945817502653241,tvm
192,3,1,1,768,128,[192; 3; 1; 1; 768; 128],0.019967998741776682,0.3463736481993175,tvm
1024,1,1,1,384,96,[1024; 1; 1; 1; 384; 96],0.07258023851318285,0.09529299866068004,tvm
1024,8,197,1,384,64,[1024; 8; 197; 1; 384; 64],0.025866773998131976,0.267385046621123,tvm
256,32,197,1,768,128,[256; 32; 197; 1; 768; 128],0.0205802050040802,0.33606995508826754,tvm
384,1,1,1,128,16,[384; 1; 1; 1; 128; 16],0.0540640014805831,0.12792964601246853,tvm
3072,12,1,1,16,16,[3072; 12; 1; 1; 16; 16],0.11692384199704975,0.05915293624719488,tvm
384,12,1,1,64,16,[384; 12; 1; 1; 64; 16],0.05271275498671457,0.1312090133246069,tvm
512,16,197,1,128,128,[512; 16; 197; 1; 128; 128],0.020260520628653467,0.3413726970888922,tvm
48,6,197,1,32,16,[48; 6; 197; 1; 32; 16],0.034996312751900405,0.19763192255312642,tvm
24,6,197,1,384,16,[24; 6; 197; 1; 384; 16],0.02130554025643505,0.324628640634427,tvm
48,8,197,1,384,64,[48; 8; 197; 1; 384; 64],0.02131841612572316,0.32443257184961033,tvm
768,4,1,1,384,64,[768; 4; 1; 1; 384; 64],0.06198977748863399,0.11157305045491914,tvm
768,4,197,1,384,64,[768; 4; 197; 1; 384; 64],0.02039513124327641,0.33911959128523245,tvm
12,4,1,1,384,96,[12; 4; 1; 1; 384; 96],0.011891551373992115,0.5816220570307866,tvm
4,1,1,1,64,16,[4; 1; 1; 1; 64; 16],0.016111831238958985,0.42927389623499135,tvm
16,1,197,1,256,128,[16; 1; 197; 1; 256; 128],0.013605614745756611,0.5083481122075494,tvm
96,8,197,1,48,16,[96; 8; 197; 1; 48; 16],0.04244605824351311,0.16294536778301622,tvm
48,8,1,1,192,96,[48; 8; 1; 1; 192; 96],0.02148593100719154,0.32190313601554393,tvm
512,32,1,1,192,96,[512; 32; 1; 1; 192; 96],0.019944563377066515,0.34678064596698366,tvm
768,48,197,1,384,64,[768; 48; 197; 1; 384; 64],0.02039509687165264,0.33912016279960566,tvm
1536,16,197,1,192,64,[1536; 16; 197; 1; 192; 64],0.08532662800280377,0.08105779793854391,tvm
1024,8,1,1,64,64,[1024; 8; 1; 1; 64; 64],0.022859154749312438,0.3025653681108486,tvm
768,12,1,1,64,64,[768; 12; 1; 1; 64; 64],0.02051642574951984,0.3371146931667881,tvm
192,3,197,1,384,128,[192; 3; 197; 1; 384; 128],0.02066555649798829,0.334681941524384,tvm
192,16,197,1,256,16,[192; 16; 197; 1; 256; 16],0.0496902815066278,0.1391899655570687,tvm
384,3,197,1,384,128,[384; 3; 197; 1; 384; 128],0.020607378755812533,0.33562679918607935,tvm
384,4,197,1,384,16,[384; 4; 197; 1; 384; 16],0.053937429504003376,0.12822985142284576,tvm
128,1,1,1,384,96,[128; 1; 1; 1; 384; 96],0.02494355100498069,0.27728163363939307,tvm
48,12,197,1,32,16,[48; 12; 197; 1; 32; 16],0.03399726049974561,0.2034395851242286,tvm
3072,8,1,1,32,16,[3072; 8; 1; 1; 32; 16],0.11474014900159091,0.060278713524528134,tvm
256,2,1,1,192,16,[256; 2; 1; 1; 192; 16],0.0521067954832688,0.13273486706065785,tvm
48,6,197,1,768,128,[48; 6; 197; 1; 768; 128],0.021518847381230444,0.32141073584923086,tvm
1024,32,197,1,16,16,[1024; 32; 197; 1; 16; 16],0.055390099005308,0.12486687504865765,tvm
12,2,197,1,256,128,[12; 2; 197; 1; 256; 128],0.0151294793759007,0.4571465018449664,tvm
8,2,1,1,96,96,[8; 2; 1; 1; 96; 96],0.01289080287097022,0.5365366797287788,tvm
3072,2,197,1,96,96,[3072; 2; 197; 1; 96; 96],0.09197312500327826,0.07520010406498687,tvm
64,8,1,1,128,128,[64; 8; 1; 1; 128; 128],0.02101981412852183,0.3290413763480291,tvm
3072,4,1,1,96,16,[3072; 4; 1; 1; 96; 16],0.11469867499545217,0.0603005097635418,tvm
256,2,1,1,192,64,[256; 2; 1; 1; 192; 64],0.020051124127348885,0.3449376966349188,tvm
96,32,197,1,256,64,[96; 32; 197; 1; 256; 64],0.020935939377523027,0.33035960062313013,tvm
128,32,197,1,128,16,[128; 32; 197; 1; 128; 16],0.04615376950823702,0.14985533457227604,tvm
6,2,1,1,256,16,[6; 2; 1; 1; 256; 16],0.019788491001236252,0.34951571451286917,tvm
384,8,197,1,192,64,[384; 8; 197; 1; 192; 64],0.020730752745294012,0.33362939862367647,tvm
3,1,197,1,64,64,[3; 1; 197; 1; 64; 64],0.019021510364837013,0.36360880070880924,tvm
384,3,197,1,384,96,[384; 3; 197; 1; 384; 96],0.020653916741139255,0.3348705554550942,tvm
12,4,1,1,192,16,[12; 4; 1; 1; 192; 16],0.017626999630010687,0.3923746931754135,tvm
384,3,1,1,768,128,[384; 3; 1; 1; 768; 128],0.044721227255649865,0.15465560754607394,tvm
768,24,197,1,768,128,[768; 24; 197; 1; 768; 128],0.020040113493450917,0.34512721565618065,tvm
1536,4,197,1,256,64,[1536; 4; 197; 1; 256; 64],0.08677953598089516,0.07970068626491895,tvm
3072,4,1,1,256,16,[3072; 4; 1; 1; 256; 16],0.11495015397667885,0.060168589011475114,tvm
4,2,1,1,32,16,[4; 2; 1; 1; 32; 16],0.01952125775278546,0.35430035600250614,tvm
8,1,1,1,128,16,[8; 1; 1; 1; 128; 16],0.015319493497372605,0.4514763214994528,tvm
48,2,1,1,48,16,[48; 2; 1; 1; 48; 16],0.03929655422689393,0.17600496296683196,tvm
768,24,197,1,192,16,[768; 24; 197; 1; 192; 16],0.05439640855183825,0.12714789000890467,tvm
1024,32,197,1,128,128,[1024; 32; 197; 1; 128; 128],0.026230953022604808,0.2636727901372206,tvm
512,64,197,1,256,128,[512; 64; 197; 1; 256; 128],0.02028640324715525,0.3409371531840398,tvm
48,6,1,1,768,96,[48; 6; 1; 1; 768; 96],0.02159047512395773,0.3203444357625018,tvm
512,2,1,1,384,128,[512; 2; 1; 1; 384; 128],0.026393278763862327,0.26205113177899253,tvm
48,48,197,1,128,16,[48; 48; 197; 1; 128; 16],0.034223529015434906,0.20209454636631016,tvm
3072,16,1,1,128,16,[3072; 16; 1; 1; 128; 16],0.11448776605539024,0.06041159514006377,tvm
64,64,197,1,128,128,[64; 64; 197; 1; 128; 128],0.020496039753197692,0.3374499978879827,tvm
48,1,197,1,64,64,[48; 1; 197; 1; 64; 64],0.02260003199626226,0.3060344592685731,tvm
128,16,197,1,256,128,[128; 16; 197; 1; 256; 128],0.02066823087807279,0.3346386351221895,tvm
384,64,197,1,16,16,[384; 64; 197; 1; 16; 16],0.05354863399406895,0.1291608777955873,tvm
24,12,1,1,256,64,[24; 12; 1; 1; 256; 64],0.013435850996756926,0.5147711576362385,tvm
192,12,1,1,384,96,[192; 12; 1; 1; 384; 96],0.020185687244520523,0.3426382509372352,tvm
12,3,197,1,192,64,[12; 3; 197; 1; 192; 64],0.01360011161887087,0.5085538093548967,tvm
384,6,197,1,64,64,[384; 6; 197; 1; 64; 64],0.02077733800979331,0.3328813618072036,tvm
384,2,1,1,256,64,[384; 2; 1; 1; 256; 64],0.019802951006568037,0.34926050007065185,tvm
768,6,1,1,384,64,[768; 6; 1; 1; 384; 64],0.061275862040929496,0.11287297054766422,tvm
192,6,1,1,96,96,[192; 6; 1; 1; 96; 96],0.020686810006736778,0.3343380912366967,tvm
1024,64,1,1,768,128,[1024; 64; 1; 1; 768; 128],0.08709416846977547,0.07941276313842739,tvm
192,2,197,1,96,96,[192; 2; 197; 1; 96; 96],0.02110181337047834,0.32776275905769653,tvm
1024,2,197,1,768,96,[1024; 2; 197; 1; 768; 96],0.022201949876034632,0.31152167309837514,tvm
1536,1,1,1,192,96,[1536; 1; 1; 1; 192; 96],0.08586823201039806,0.0805465351911641,tvm
3072,32,1,1,256,128,[3072; 32; 1; 1; 256; 128],0.09320544451475143,0.07420584288221412,tvm
384,4,197,1,192,16,[384; 4; 197; 1; 192; 16],0.05340663599781692,0.12950429178335235,tvm
768,3,197,1,128,64,[768; 3; 197; 1; 128; 64],0.020646233620936982,0.3349951714396365,tvm
256,4,1,1,768,64,[256; 4; 1; 1; 768; 64],0.019858497005770914,0.34828358709214785,tvm
128,1,197,1,768,64,[128; 1; 197; 1; 768; 64],0.020442130364244804,0.3383399111633678,tvm
3072,1,197,1,768,96,[3072; 1; 197; 1; 768; 96],0.09196353203151375,0.07520794839696333,tvm
512,64,197,1,96,96,[512; 64; 197; 1; 96; 96],0.0205729506269563,0.33618845914917883,tvm
48,16,1,1,192,64,[48; 16; 1; 1; 192; 64],0.02149734037811868,0.3217322910544087,tvm
192,32,1,1,384,96,[192; 32; 1; 1; 384; 96],0.02025459813012276,0.3414725153762729,tvm
16,16,1,1,64,64,[16; 16; 1; 1; 64; 64],0.014338289620354772,0.48237193937064854,tvm
48,3,197,1,48,16,[48; 3; 197; 1; 48; 16],0.03920084427227266,0.1764346839927791,tvm
1024,2,1,1,192,64,[1024; 2; 1; 1; 192; 64],0.023519727503298782,0.29406754693303766,tvm
4,4,197,1,32,16,[4; 4; 197; 1; 32; 16],0.02275901300890837,0.3038966834247754,tvm
768,1,1,1,768,128,[768; 1; 1; 1; 768; 128],0.08771856903331354,0.07884748517502471,tvm
768,64,197,1,16,16,[768; 64; 197; 1; 16; 16],0.05485025647794828,0.12609582918193282,tvm
24,4,1,1,256,128,[24; 4; 1; 1; 256; 128],0.011141076873173006,0.620800722422335,tvm
8,8,1,1,256,16,[8; 8; 1; 1; 256; 16],0.015882791369222105,0.4354642965865084,tvm
768,1,1,1,32,16,[768; 1; 1; 1; 32; 16],0.054877916525583714,0.12603227325884717,tvm
192,64,197,1,256,64,[192; 64; 197; 1; 256; 64],0.020710760378278792,0.33395145543195026,tvm
384,64,1,1,384,96,[384; 64; 1; 1; 384; 96],0.020370646991068497,0.33952719196700326,tvm
1024,1,197,1,256,64,[1024; 1; 197; 1; 256; 64],0.022827268243418075,0.30298800967666445,tvm
3072,6,197,1,64,64,[3072; 6; 197; 1; 64; 64],0.08658466301858425,0.0798800657102986,tvm
6,2,197,1,384,96,[6; 2; 197; 1; 384; 96],0.012773611495504156,0.5414591303221401,tvm
3072,4,197,1,64,64,[3072; 4; 197; 1; 64; 64],0.08603205747203901,0.08039315546622192,tvm
384,48,1,1,768,64,[384; 48; 1; 1; 768; 64],0.0438813634973485,0.15761562586464498,tvm
768,12,1,1,32,16,[768; 12; 1; 1; 32; 16],0.054645625001285225,0.12656802024436362,tvm
3072,3,1,1,96,96,[3072; 3; 1; 1; 96; 96],0.0933798750047572,0.07406722884429026,tvm
768,32,197,1,192,16,[768; 32; 197; 1; 192; 16],0.05447148403618485,0.1269726480525863,tvm
48,24,197,1,128,16,[48; 24; 197; 1; 128; 16],0.03390097702504136,0.20401738175037548,tvm
24,8,197,1,48,16,[24; 8; 197; 1; 48; 16],0.021292002362315543,0.324835046217626,tvm
256,64,1,1,768,16,[256; 64; 1; 1; 768; 16],0.050984645495191216,0.13565630405493184,tvm
192,2,1,1,256,64,[192; 2; 1; 1; 256; 64],0.020086934746359475,0.3443227480331257,tvm
384,48,197,1,128,16,[384; 48; 197; 1; 128; 16],0.05275094497483224,0.13111402221758145,tvm
64,64,1,1,256,16,[64; 64; 1; 1; 256; 16],0.04136524873320013,0.16720287640570655,tvm
24,6,1,1,192,64,[24; 6; 1; 1; 192; 64],0.01390705700032413,0.4973294185295546,tvm
384,6,1,1,32,16,[384; 6; 1; 1; 32; 16],0.05339424352860078,0.12953434891766538,tvm
1536,8,1,1,256,64,[1536; 8; 1; 1; 256; 64],0.08432235551299527,0.08202318980952397,tvm
4,4,197,1,96,16,[4; 4; 197; 1; 96; 16],0.029268718004459515,0.23630650889371918,tvm
1536,3,197,1,384,96,[1536; 3; 197; 1; 384; 96],0.08928367996122688,0.0774653170034226,tvm
96,16,197,1,192,96,[96; 16; 197; 1; 192; 96],0.020648734498536214,0.33495459840015246,tvm
96,2,1,1,64,16,[96; 2; 1; 1; 64; 16],0.04330201825359836,0.1597243927736284,tvm
3072,32,197,1,192,64,[3072; 32; 197; 1; 192; 64],0.08617975196102634,0.08025537802146862,tvm
128,8,197,1,48,16,[128; 8; 197; 1; 48; 16],0.04615233151707798,0.14986000368950514,tvm
32,1,197,1,32,16,[32; 1; 197; 1; 32; 16],0.045232577744172886,0.15290723890525074,tvm
1024,8,1,1,96,96,[1024; 8; 1; 1; 96; 96],0.02282233361620456,0.303053521508323,tvm
768,6,1,1,128,16,[768; 6; 1; 1; 128; 16],0.054675234481692314,0.12649947708490367,tvm
768,4,1,1,768,128,[768; 4; 1; 1; 768; 128],0.08687925047706813,0.07960921086967894,tvm
64,2,197,1,768,64,[64; 2; 197; 1; 768; 64],0.020898207498248667,0.3309560675004392,tvm
6,6,197,1,384,64,[6; 6; 197; 1; 384; 64],0.013110103624057956,0.5275617012467022,tvm
32,1,1,1,32,16,[32; 1; 1; 1; 32; 16],0.04080612098914571,0.1694938995369912,tvm
512,1,1,1,16,16,[512; 1; 1; 1; 16; 16],0.054491752467583865,0.12692542005403484,tvm
96,12,1,1,384,64,[96; 12; 1; 1; 384; 64],0.020741250002174638,0.333460547011555,tvm
768,4,197,1,384,128,[768; 4; 197; 1; 384; 128],0.02007548013352789,0.34451921076983705,tvm
32,8,1,1,384,96,[32; 8; 1; 1; 384; 96],0.019096108997473493,0.3621883689679213,tvm
1536,8,1,1,64,16,[1536; 8; 1; 1; 64; 16],0.11243929690681398,0.06151220046458177,tvm
768,16,1,1,128,128,[768; 16; 1; 1; 128; 128],0.02001710986951366,0.345523835184735,tvm
48,4,1,1,384,96,[48; 4; 1; 1; 384; 96],0.02197244475246407,0.31477555863022216,tvm
48,3,1,1,192,64,[48; 3; 1; 1; 192; 64],0.021676984382793307,0.31906599411118464,tvm
24,1,1,1,192,16,[24; 1; 1; 1; 192; 16],0.02804476601886563,0.24661958551467097,tvm
384,4,1,1,384,64,[384; 4; 1; 1; 384; 64],0.019913905998691916,0.3473145133798908,tvm
192,1,1,1,64,16,[192; 1; 1; 1; 64; 16],0.052191858005244285,0.13251853518480997,tvm
48,24,197,1,96,96,[48; 24; 197; 1; 96; 96],0.02190469449851662,0.3157491455494596,tvm
128,2,197,1,48,16,[128; 2; 197; 1; 48; 16],0.04680682549951598,0.14776453001496742,tvm
1,1,1,1,768,16,[1; 1; 1; 1; 768; 16],0.04922602552687749,0.1405026812016788,tvm
384,1,1,1,128,128,[384; 1; 1; 1; 128; 128],0.022651110746664926,0.3053443448660422,tvm
256,16,197,1,192,64,[256; 16; 197; 1; 192; 64],0.020716895756777376,0.3338525545829387,tvm
512,2,1,1,128,128,[512; 2; 1; 1; 128; 128],0.019996802118839696,0.3458747318858747,tvm
384,3,197,1,256,16,[384; 3; 197; 1; 256; 16],0.05384424945805222,0.1284517593065688,tvm
512,64,1,1,768,96,[512; 64; 1; 1; 768; 96],0.08393536054063588,0.0824013684683003,tvm
6,3,1,1,384,64,[6; 3; 1; 1; 384; 64],0.014541948257829063,0.4756163650702677,tvm
12,3,1,1,384,64,[12; 3; 1; 1; 384; 64],0.013302671126439236,0.5199247959819255,tvm
12,1,197,1,384,64,[12; 1; 197; 1; 384; 64],0.013797716499539092,0.5012705233985356,tvm
256,64,197,1,384,16,[256; 64; 197; 1; 384; 16],0.05252715549431741,0.13167262735513657,tvm
12,4,197,1,16,16,[12; 4; 197; 1; 16; 16],0.023449533618986607,0.29494780935977816,tvm
96,16,197,1,192,16,[96; 16; 197; 1; 192; 16],0.04305939999176189,0.16062436013395012,tvm
256,2,1,1,48,16,[256; 2; 1; 1; 48; 16],0.051874019496608526,0.13333049257693938,tvm
192,16,1,1,768,128,[192; 16; 1; 1; 768; 128],0.020237649368937127,0.3417584940494409,tvm
768,8,1,1,768,128,[768; 8; 1; 1; 768; 128],0.08838681050110608,0.07825136501946768,tvm
3072,16,1,1,256,16,[3072; 16; 1; 1; 256; 16],0.11380809801630676,0.060772376412419886,tvm
256,4,197,1,48,16,[256; 4; 197; 1; 48; 16],0.05155613098759204,0.1341525913395854,tvm
384,16,1,1,256,64,[384; 16; 1; 1; 256; 64],0.01973877174896188,0.35039609654498,tvm
192,12,197,1,768,128,[192; 12; 197; 1; 768; 128],0.020260549383237958,0.34137221259906536,tvm
48,6,197,1,192,96,[48; 6; 197; 1; 192; 96],0.02153489363263361,0.3211712437226805,tvm
96,32,1,1,192,64,[96; 32; 1; 1; 192; 64],0.020746625872561708,0.3333741406392154,tvm
192,4,197,1,192,16,[192; 4; 197; 1; 192; 16],0.05058015952818096,0.13674113794708526,tvm
1536,3,197,1,768,16,[1536; 3; 197; 1; 768; 16],0.11503379605710506,0.060124839903528335,tvm
1536,32,197,1,128,128,[1536; 32; 197; 1; 128; 128],0.08947933296440169,0.07729593351103964,tvm
192,1,197,1,256,128,[192; 1; 197; 1; 256; 128],0.02243984087544959,0.30821914512751636,tvm
32,1,1,1,192,96,[32; 1; 1; 1; 192; 96],0.027442400256404653,0.2520329310412411,tvm
192,2,1,1,16,16,[192; 2; 1; 1; 16; 16],0.05160755797987804,0.13401890812437384,tvm
1536,12,197,1,16,16,[1536; 12; 197; 1; 16; 16],0.11685356800444424,0.0591885099406252,tvm
128,64,1,1,96,96,[128; 64; 1; 1; 96; 96],0.020840110373683274,0.3318786919748051,tvm
48,3,197,1,96,16,[48; 3; 197; 1; 96; 16],0.040641914267325774,0.17017871072546967,tvm
48,16,197,1,768,64,[48; 16; 197; 1; 768; 64],0.02128744362562429,0.32490461011030564,tvm
12,1,1,1,96,96,[12; 1; 1; 1; 96; 96],0.029481752746505663,0.23459896129304383,tvm
16,8,1,1,256,16,[16; 8; 1; 1; 256; 16],0.018519588629715145,0.3734634018992761,tvm
768,24,197,1,128,64,[768; 24; 197; 1; 128; 64],0.0204445601120824,0.3382997009234304,tvm
3072,12,1,1,96,96,[3072; 12; 1; 1; 96; 96],0.09273459151154384,0.07458261753994572,tvm
1024,8,1,1,768,16,[1024; 8; 1; 1; 768; 16],0.11403208295814693,0.06065300564549966,tvm
3072,3,1,1,32,16,[3072; 3; 1; 1; 32; 16],0.11499340005684644,0.06014596114220022,tvm
3072,32,1,1,256,16,[3072; 32; 1; 1; 256; 16],0.11473650601692498,0.060280627426534346,tvm
192,8,1,1,128,16,[192; 8; 1; 1; 128; 16],0.04927057275199331,0.14037564787896156,tvm
12,12,1,1,256,128,[12; 12; 1; 1; 256; 128],0.01121025656175334,0.6169696949689448,tvm
1536,16,197,1,384,128,[1536; 16; 197; 1; 384; 128],0.08466458803741261,0.08169163438641282,tvm
48,16,197,1,128,128,[48; 16; 197; 1; 128; 128],0.021407797758001834,0.32307800408116966,tvm
192,6,1,1,256,64,[192; 6; 1; 1; 256; 64],0.021030241754488088,0.328878224614443,tvm
8,4,197,1,768,96,[8; 4; 197; 1; 768; 96],0.011439921872806735,0.6045835494619217,tvm
6,1,1,1,256,16,[6; 1; 1; 1; 256; 16],0.0218075556185795,0.3171556084688363,tvm
6,6,1,1,256,16,[6; 6; 1; 1; 256; 16],0.016550646992982365,0.4178923382488423,tvm
192,3,197,1,256,64,[192; 3; 197; 1; 256; 64],0.021640297010890208,0.3196069151891947,tvm
3072,32,197,1,768,128,[3072; 32; 197; 1; 768; 128],0.09207177947973832,0.07511952750897595,tvm
32,16,197,1,48,16,[32; 16; 197; 1; 48; 16],0.026242311752866954,0.2635586619259243,tvm
3072,12,197,1,96,96,[3072; 12; 197; 1; 96; 96],0.09366108849644661,0.0738448450947799,tvm
24,12,1,1,128,64,[24; 12; 1; 1; 128; 64],0.014401502383407205,0.4802546558890507,tvm
256,8,197,1,32,16,[256; 8; 197; 1; 32; 16],0.051176611974369735,0.1351474492858659,tvm
48,6,1,1,16,16,[48; 6; 1; 1; 16; 16],0.03524603499681689,0.1962316774653716,tvm
512,8,197,1,768,96,[512; 8; 197; 1; 768; 96],0.020272396126529202,0.34117272217158046,tvm
384,6,1,1,384,64,[384; 6; 1; 1; 384; 64],0.01994734200707171,0.3467323400268858,tvm
1024,32,197,1,768,16,[1024; 32; 197; 1; 768; 16],0.05515285849105567,0.12540399102886438,tvm
768,64,1,1,192,96,[768; 64; 1; 1; 192; 96],0.02026285175816156,0.3413334240400174,tvm
24,12,1,1,32,16,[24; 12; 1; 1; 32; 16],0.026089105260325596,0.26510639220527465,tvm
3,3,1,1,768,64,[3; 3; 1; 1; 768; 64],0.01798812962078955,0.38449737228016434,tvm
768,2,197,1,768,16,[768; 2; 197; 1; 768; 16],0.05496003502048552,0.12584396223274952,tvm
96,2,197,1,384,96,[96; 2; 197; 1; 384; 96],0.021180661497055553,0.32654261399673745,tvm
3,1,197,1,128,64,[3; 1; 197; 1; 128; 64],0.0177329301222926,0.3900307802337624,tvm
16,2,197,1,64,16,[16; 2; 197; 1; 64; 16],0.017701137243420817,0.39073131157147906,tvm
24,6,197,1,32,16,[24; 6; 197; 1; 32; 16],0.02313527425576467,0.2989542503350786,tvm
16,8,197,1,48,16,[16; 8; 197; 1; 48; 16],0.02122611113009043,0.325843416584388,tvm
1536,6,1,1,768,64,[1536; 6; 1; 1; 768; 64],0.08569782099220902,0.08070670282336999,tvm
3072,1,197,1,16,16,[3072; 1; 197; 1; 16; 16],0.11668308801017702,0.05927498739856223,tvm
192,3,197,1,48,16,[192; 3; 197; 1; 48; 16],0.05075527000008151,0.1362693681152216,tvm
64,2,1,1,384,16,[64; 2; 1; 1; 384; 16],0.04120172050897963,0.16786649892256783,tvm
24,12,197,1,192,96,[24; 12; 197; 1; 192; 96],0.013712696003494784,0.5043784657419574,tvm
192,8,197,1,128,128,[192; 8; 197; 1; 128; 128],0.02021257574961055,0.3421824440935903,tvm
32,32,197,1,384,64,[32; 32; 197; 1; 384; 64],0.015431354739121161,0.4482035886255875,tvm
8,2,1,1,96,16,[8; 2; 1; 1; 96; 16],0.01820409450738225,0.37993587479035495,tvm
3072,32,1,1,768,96,[3072; 32; 1; 1; 768; 96],0.09227095649112016,0.07495737374407926,tvm
48,8,197,1,16,16,[48; 8; 197; 1; 16; 16],0.03470532750361599,0.19928895846633182,tvm
768,48,197,1,768,96,[768; 48; 197; 1; 768; 96],0.020221129117999226,0.34203770378342313,tvm
3072,32,1,1,256,64,[3072; 32; 1; 1; 256; 64],0.08531002752715722,0.08107357097296491,tvm
384,32,1,1,384,16,[384; 32; 1; 1; 384; 16],0.05252993298927322,0.13166566522825984,tvm
128,1,197,1,16,16,[128; 1; 197; 1; 16; 16],0.054528378474060446,0.12684016589121108,tvm
1024,2,1,1,64,64,[1024; 2; 1; 1; 64; 64],0.023065208253683522,0.29986239427619393,tvm
3072,32,197,1,96,96,[3072; 32; 197; 1; 96; 96],0.09205825801473111,0.0751305610228016,tvm
24,12,1,1,768,64,[24; 12; 1; 1; 768; 64],0.02241899899672717,0.30850568182987376,tvm
96,1,197,1,768,16,[96; 1; 197; 1; 768; 16],0.047813094774028286,0.1446546935335694,tvm
512,2,1,1,768,128,[512; 2; 1; 1; 768; 128],0.08468059101141989,0.08167619626669631,tvm
3,3,1,1,96,96,[3; 3; 1; 1; 96; 96],0.020987523384974338,0.32954762906328633,tvm
128,32,197,1,96,16,[128; 32; 197; 1; 96; 16],0.04628406549454667,0.1494334712719539,tvm
64,64,1,1,192,16,[64; 64; 1; 1; 192; 16],0.041982839262345806,0.16474323063785362,tvm
768,24,197,1,768,16,[768; 24; 197; 1; 768; 16],0.05479520099470392,0.12622252397791286,tvm
512,2,1,1,768,16,[512; 2; 1; 1; 768; 16],0.11115927807986736,0.06222052437637443,tvm
3072,16,197,1,256,16,[3072; 16; 197; 1; 256; 16],0.11711523798294365,0.05905626535494771,tvm
768,48,1,1,384,16,[768; 48; 1; 1; 384; 16],0.09216371952788904,0.07504459028843394,tvm
64,8,1,1,192,16,[64; 8; 1; 1; 192; 16],0.04177069599973038,0.1655799216626224,tvm
192,6,1,1,768,16,[192; 6; 1; 1; 768; 16],0.04923554399283603,0.14047551850823328,tvm
4,2,197,1,64,64,[4; 2; 197; 1; 64; 64],0.013915743620600551,0.4970189707425844,tvm
6,6,197,1,384,128,[6; 6; 197; 1; 384; 128],0.013805286740534939,0.5009956476398816,tvm
24,12,1,1,64,64,[24; 12; 1; 1; 64; 64],0.016428938251920044,0.4209881652346131,tvm
384,12,1,1,64,64,[384; 12; 1; 1; 64; 64],0.020768198621226475,0.33302785174442445,tvm
3072,8,1,1,128,64,[3072; 8; 1; 1; 128; 64],0.08703860198147595,0.07946346119967042,tvm
768,4,1,1,768,96,[768; 4; 1; 1; 768; 96],0.08667817054083571,0.0797938919138831,tvm
192,16,197,1,64,64,[192; 16; 197; 1; 64; 64],0.021000380627810955,0.3293458672967645,tvm
2,2,1,1,384,16,[2; 2; 1; 1; 384; 16],0.024771330878138542,0.2792094056412809,tvm
1024,8,197,1,256,128,[1024; 8; 197; 1; 256; 128],0.02346844063140452,0.29471018888972705,tvm
768,1,197,1,256,128,[768; 1; 197; 1; 256; 128],0.022209596616448835,0.3114144165187659,tvm
48,12,1,1,192,96,[48; 12; 1; 1; 192; 96],0.021425608501886018,0.3228094348321424,tvm
1536,8,1,1,32,16,[1536; 8; 1; 1; 32; 16],0.11409712699241936,0.06061842882238479,tvm
24,8,197,1,96,96,[24; 8; 197; 1; 96; 96],0.013428567632217892,0.515050358374391,tvm
256,32,1,1,48,16,[256; 32; 1; 1; 48; 16],0.05106076295487583,0.13545407806657384,tvm
3072,8,1,1,96,96,[3072; 8; 1; 1; 96; 96],0.09202778001781553,0.07515544295526456,tvm
192,8,197,1,64,16,[192; 8; 197; 1; 64; 16],0.04954582601203583,0.1395957869336646,tvm
256,16,197,1,384,96,[256; 16; 197; 1; 384; 96],0.02047115813184064,0.33786015070006653,tvm
192,24,197,1,256,64,[192; 24; 197; 1; 256; 64],0.020545224630041048,0.3366421490138145,tvm
512,2,1,1,64,16,[512; 2; 1; 1; 64; 16],0.053986459504812956,0.1281133942634628,tvm
192,24,197,1,768,128,[192; 24; 197; 1; 768; 128],0.020041014620801434,0.34511169730148056,tvm
8,4,197,1,768,16,[8; 4; 197; 1; 768; 16],0.02560074024950154,0.2701636165213323,tvm
768,32,197,1,192,64,[768; 32; 197; 1; 192; 64],0.020470596995437518,0.3378694120630724,tvm
384,64,1,1,96,16,[384; 64; 1; 1; 96; 16],0.052651840494945645,0.13136081296327173,tvm
768,48,197,1,192,96,[768; 48; 197; 1; 192; 96],0.020182820240734145,0.3426869232808957,tvm
8,4,1,1,768,96,[8; 4; 1; 1; 768; 96],0.013337480631889775,0.5185678436819289,tvm
128,1,1,1,256,64,[128; 1; 1; 1; 256; 64],0.020557843512506224,0.3364355102334072,tvm
64,64,197,1,384,16,[64; 64; 197; 1; 384; 16],0.03538472598302178,0.19546254434037943,tvm
12,4,197,1,96,96,[12; 4; 197; 1; 96; 96],0.014597318629967049,0.4738122628377664,tvm
32,8,197,1,192,16,[32; 8; 197; 1; 192; 16],0.024914937253925018,0.27760007986128826,tvm
128,16,1,1,48,16,[128; 16; 1; 1; 48; 16],0.04570370324654505,0.15133103184480817,tvm
8,8,197,1,64,16,[8; 8; 197; 1; 64; 16],0.023539463378256187,0.2938209958438288,tvm
8,2,197,1,192,96,[8; 2; 197; 1; 192; 96],0.011465608127764426,0.6032291086837567,tvm
32,4,1,1,64,64,[32; 4; 1; 1; 64; 64],0.014324613497592509,0.48283247381096783,tvm
64,32,1,1,768,96,[64; 32; 1; 1; 768; 96],0.0210917119984515,0.32791973320782847,tvm
48,2,197,1,32,16,[48; 2; 197; 1; 32; 16],0.04088108750875108,0.1691830866766457,tvm
3072,4,1,1,768,128,[3072; 4; 1; 1; 768; 128],0.09433186647947878,0.07331974686341208,tvm
1536,4,197,1,192,16,[1536; 4; 197; 1; 192; 16],0.11119194305501878,0.062202245786875755,tvm
32,2,1,1,48,16,[32; 2; 1; 1; 48; 16],0.03221770000527613,0.21467667059709133,tvm
768,6,1,1,384,16,[768; 6; 1; 1; 384; 16],0.09083530149655417,0.0761420775566088,tvm
12,1,197,1,48,16,[12; 1; 197; 1; 48; 16],0.023658673744648695,0.29234050251836174,tvm
8,1,197,1,192,96,[8; 1; 197; 1; 192; 96],0.015594457508996129,0.44351581755496433,tvm
48,6,197,1,384,96,[48; 6; 197; 1; 384; 96],0.021448519008117728,0.3224646218608796,tvm
3072,24,1,1,192,96,[3072; 24; 1; 1; 192; 96],0.09212626400403678,0.07507510096279937,tvm
64,1,1,1,96,16,[64; 1; 1; 1; 96; 16],0.04242822076776065,0.16301387251864288,tvm
256,4,1,1,192,16,[256; 4; 1; 1; 192; 16],0.05214766500284895,0.1326308391957859,tvm
384,2,1,1,384,96,[384; 2; 1; 1; 384; 96],0.020338471003924496,0.3400643327659188,tvm
64,16,197,1,768,64,[64; 16; 197; 1; 768; 64],0.021400272875325754,0.3231916065613855,tvm
768,4,197,1,768,16,[768; 4; 197; 1; 768; 16],0.055139061994850636,0.125435368706027,tvm
1024,1,197,1,64,16,[1024; 1; 197; 1; 64; 16],0.05589145905105397,0.12374678866606087,tvm
3072,16,1,1,256,64,[3072; 16; 1; 1; 256; 64],0.08611361851217225,0.08031701246476981,tvm
12,2,197,1,256,16,[12; 2; 197; 1; 256; 16],0.017658940370893106,0.3916649825053332,tvm
512,16,197,1,768,96,[512; 16; 197; 1; 768; 96],0.020225362881319597,0.34196610523199245,tvm
3072,48,197,1,192,64,[3072; 48; 197; 1; 192; 64],0.0862116704811342,0.08022566472531224,tvm
1536,32,197,1,256,64,[1536; 32; 197; 1; 256; 64],0.08614157902775332,0.08029094253310855,tvm
192,12,1,1,768,128,[192; 12; 1; 1; 768; 128],0.019825832874630578,0.34885740312473235,tvm
3072,6,197,1,192,96,[3072; 6; 197; 1; 192; 96],0.09260404348606244,0.074687759962334,tvm
384,48,197,1,768,64,[384; 48; 197; 1; 768; 64],0.02040274736646097,0.3389930016384983,tvm
1536,4,1,1,128,16,[1536; 4; 1; 1; 128; 16],0.11223356996197253,0.06162495386872227,tvm
128,1,1,1,768,16,[128; 1; 1; 1; 768; 16],0.046097063255729154,0.15003967895002446,tvm
24,8,1,1,384,96,[24; 8; 1; 1; 384; 96],0.01827336363203358,0.3784956459413964,tvm
96,12,1,1,16,16,[96; 12; 1; 1; 16; 16],0.04487046576105058,0.15414122528302976,tvm
3072,48,197,1,768,128,[3072; 48; 197; 1; 768; 128],0.09438593848608434,0.07327774329910677,tvm
96,48,1,1,768,16,[96; 48; 1; 1; 768; 16],0.04246655249153264,0.16286673077141411,tvm
192,16,197,1,384,96,[192; 16; 197; 1; 384; 96],0.020429978249012493,0.3385411617735267,tvm
192,3,1,1,192,64,[192; 3; 1; 1; 192; 64],0.020561968864058144,0.33636801111581593,tvm
192,1,1,1,384,128,[192; 1; 1; 1; 384; 128],0.02287233386596199,0.3023910289155651,tvm
96,6,1,1,256,128,[96; 6; 1; 1; 256; 128],0.020540396129945293,0.3367212846175519,tvm
128,64,1,1,768,16,[128; 64; 1; 1; 768; 16],0.045685085002332926,0.15139270444775102,tvm
192,24,197,1,256,128,[192; 24; 197; 1; 256; 128],0.02031367499148473,0.3404794343873201,tvm
96,24,197,1,256,16,[96; 24; 197; 1; 256; 16],0.042122251994442195,0.164197977172283,tvm
512,4,197,1,64,16,[512; 4; 197; 1; 64; 16],0.054085629468318075,0.12787848897053158,tvm
768,48,1,1,768,16,[768; 48; 1; 1; 768; 16],0.11377635202370584,0.06078933318223728,tvm
768,3,1,1,64,64,[768; 3; 1; 1; 64; 64],0.02074005236499943,0.33347980273668715,tvm
768,2,197,1,96,16,[768; 2; 197; 1; 96; 16],0.05481105396756902,0.12618601670241383,tvm
24,8,197,1,128,64,[24; 8; 197; 1; 128; 64],0.014448929621721618,0.4786782656225901,tvm
3072,48,197,1,16,16,[3072; 48; 197; 1; 16; 16],0.11668396496679634,0.059274541908107964,tvm
4,4,1,1,192,16,[4; 4; 1; 1; 192; 16],0.01426309475209564,0.48491499857787623,tvm
512,1,1,1,384,16,[512; 1; 1; 1; 384; 16],0.054559613461606205,0.12676755080560934,tvm
1024,1,1,1,256,16,[1024; 1; 1; 1; 256; 16],0.05549352604430169,0.1246341522055576,tvm
8,4,197,1,64,16,[8; 4; 197; 1; 64; 16],0.019538426509825513,0.35398902608408345,tvm
96,8,197,1,32,16,[96; 8; 197; 1; 32; 16],0.04280636052135378,0.16157385227782584,tvm
1536,1,1,1,768,128,[1536; 1; 1; 1; 768; 128],0.09156894497573376,0.07553203297538756,tvm
32,8,1,1,128,16,[32; 8; 1; 1; 128; 16],0.026748920266982168,0.2585670188701371,tvm
192,16,197,1,384,16,[192; 16; 197; 1; 384; 16],0.050039549998473376,0.1382184406462404,tvm
192,16,1,1,64,64,[192; 16; 1; 1; 64; 64],0.020952214385033585,0.3301029878908183,tvm
96,48,1,1,128,128,[96; 48; 1; 1; 128; 128],0.02035726825124584,0.33975032828902746,tvm
128,8,1,1,768,64,[128; 8; 1; 1; 768; 64],0.02015804112306796,0.34310816855680315,tvm
16,2,197,1,128,64,[16; 2; 197; 1; 128; 64],0.014418279126402922,0.47969584378229985,tvm
1024,1,197,1,192,64,[1024; 1; 197; 1; 192; 64],0.022762905748095363,0.30384471332300295,tvm
1536,1,1,1,128,128,[1536; 1; 1; 1; 128; 128],0.08684963552514091,0.0796363569013072,tvm
48,2,197,1,192,64,[48; 2; 197; 1; 192; 64],0.021778283626190387,0.3175818944295031,tvm
8,1,197,1,384,16,[8; 1; 197; 1; 384; 16],0.02521784752025269,0.27426561945360145,tvm
48,8,1,1,768,16,[48; 8; 1; 1; 768; 16],0.03407013398827985,0.20300444294723977,tvm
64,4,197,1,48,16,[64; 4; 197; 1; 48; 16],0.04184723974321969,0.1652770556401919,tvm
24,8,1,1,96,96,[24; 8; 1; 1; 96; 96],0.013326331245480105,0.5190017000196062,tvm
768,4,1,1,128,64,[768; 4; 1; 1; 128; 64],0.02001509848923888,0.3455585579629882,tvm
384,1,1,1,384,64,[384; 1; 1; 1; 384; 64],0.01996382136712782,0.34644612593143165,tvm
1536,24,1,1,256,64,[1536; 24; 1; 1; 256; 64],0.08367635653121397,0.08265642599828706,tvm
48,1,1,1,64,64,[48; 1; 1; 1; 64; 64],0.02255859512661118,0.3065966002142427,tvm
1536,6,197,1,192,16,[1536; 6; 197; 1; 192; 16],0.11631426098756492,0.05946294558126451,tvm
384,24,197,1,256,64,[384; 24; 197; 1; 256; 64],0.020616556008462794,0.3354773982904562,tvm
3072,16,197,1,96,96,[3072; 16; 197; 1; 96; 96],0.09208192396908998,0.07511125173438232,tvm
3072,6,197,1,384,16,[3072; 6; 197; 1; 384; 16],0.11725349898915738,0.0589866283825623,tvm
16,1,197,1,128,16,[16; 1; 197; 1; 128; 16],0.020805290376301855,0.33243412835548036,tvm
6,6,1,1,128,128,[6; 6; 1; 1; 128; 128],0.014713040756760165,0.47008559860413046,tvm
128,4,1,1,96,96,[128; 4; 1; 1; 96; 96],0.02091597112303134,0.3306749914094442,tvm
192,3,197,1,96,96,[192; 3; 197; 1; 96; 96],0.02078346037887968,0.33278330197877254,tvm
192,6,1,1,768,64,[192; 6; 1; 1; 768; 64],0.019880904626916163,0.3478910392268911,tvm
1536,4,1,1,128,64,[1536; 4; 1; 1; 128; 64],0.08493570901919156,0.08143086872761356,tvm
384,12,1,1,128,64,[384; 12; 1; 1; 128; 64],0.020109861623495817,0.3439301921077194,tvm
768,3,1,1,64,16,[768; 3; 1; 1; 64; 16],0.054650944483000785,0.12655570067192376,tvm
4,1,197,1,96,16,[4; 1; 197; 1; 96; 16],0.029460739257046953,0.2347662939168841,tvm
48,16,1,1,128,128,[48; 16; 1; 1; 128; 128],0.021450373373227194,0.3224367450899996,tvm
512,1,1,1,128,64,[512; 1; 1; 1; 128; 64],0.02005214974633418,0.3449200539055911,tvm
12,6,197,1,768,128,[12; 6; 197; 1; 768; 128],0.01199666025058832,0.5765261686967745,tvm
24,6,197,1,96,96,[24; 6; 197; 1; 96; 96],0.013636977004352957,0.5071790154974114,tvm
24,1,197,1,384,128,[24; 1; 197; 1; 384; 128],0.014217773132259026,0.4864607493093149,tvm
384,32,1,1,384,64,[384; 32; 1; 1; 384; 64],0.01980424161592964,0.349237739346976,tvm
1536,3,197,1,192,16,[1536; 3; 197; 1; 192; 16],0.11676818900741637,0.05923178761459841,tvm
16,1,1,1,256,64,[16; 1; 1; 1; 256; 64],0.014425618239329197,0.4794517958732692,tvm
64,16,1,1,192,96,[64; 16; 1; 1; 192; 96],0.020974217375623994,0.3297566935425549,tvm
1024,16,197,1,256,16,[1024; 16; 197; 1; 256; 16],0.05515020398888737,0.12541002700229734,tvm
768,48,1,1,96,16,[768; 48; 1; 1; 96; 16],0.05434553197119385,0.1272669218712339,tvm
384,12,1,1,256,64,[384; 12; 1; 1; 256; 64],0.019766761630307883,0.34989993306864414,tvm
128,4,1,1,128,64,[128; 4; 1; 1; 128; 64],0.02059612337325234,0.3358102127321061,tvm
3072,24,1,1,128,16,[3072; 24; 1; 1; 128; 16],0.11396942497231066,0.06068635138861968,tvm
12,2,1,1,256,64,[12; 2; 1; 1; 256; 64],0.012200624063552823,0.5668880981334423,tvm
128,8,197,1,768,16,[128; 8; 197; 1; 768; 16],0.04814586948486976,0.1436548689519898,tvm
192,3,1,1,384,96,[192; 3; 1; 1; 384; 96],0.020405633753398433,0.3389450509115743,tvm
512,8,197,1,256,128,[512; 8; 197; 1; 256; 128],0.0199609440023778,0.3464960660480122,tvm
256,4,1,1,16,16,[256; 4; 1; 1; 16; 16],0.05232369794975966,0.13218462842724862,tvm
128,16,1,1,768,128,[128; 16; 1; 1; 768; 128],0.02015010200557299,0.343243352788769,tvm
512,4,1,1,192,16,[512; 4; 1; 1; 192; 16],0.0533773010247387,0.12957546445113519,tvm
64,2,1,1,768,64,[64; 2; 1; 1; 768; 64],0.021099058256368153,0.32780555830453023,tvm
12,3,1,1,256,128,[12; 3; 1; 1; 256; 128],0.012145716813392937,0.5694508342069982,tvm
3072,8,1,1,384,96,[3072; 8; 1; 1; 384; 96],0.09398336801677942,0.07359162283047513,tvm
1536,16,1,1,768,96,[1536; 16; 1; 1; 768; 96],0.09032123704673722,0.07657544114292464,tvm
8,8,197,1,64,64,[8; 8; 197; 1; 64; 64],0.013625667488668114,0.5075999819590956,tvm
128,64,197,1,64,16,[128; 64; 197; 1; 64; 16],0.04662858723895624,0.1483293614705576,tvm
1024,8,197,1,768,16,[1024; 8; 197; 1; 768; 16],0.055525416042655706,0.1245625708795278,tvm
2,2,1,1,64,16,[2; 2; 1; 1; 64; 16],0.026522018742980435,0.26077911483488136,tvm
512,2,1,1,256,64,[512; 2; 1; 1; 256; 64],0.01968233687512111,0.3514007820977311,tvm
96,32,197,1,384,96,[96; 32; 197; 1; 384; 96],0.02054109900200274,0.33670976274220915,tvm
1024,1,197,1,96,16,[1024; 1; 197; 1; 96; 16],0.055843035981524736,0.12385409299230808,tvm
192,6,197,1,48,16,[192; 6; 197; 1; 48; 16],0.0494128662685398,0.13997141015541734,tvm
8,8,197,1,768,96,[8; 8; 197; 1; 768; 96],0.01682248487486504,0.41113953276679993,tvm
256,2,197,1,96,16,[256; 2; 197; 1; 96; 16],0.05221745901508257,0.13245356441857561,tvm
96,12,197,1,384,64,[96; 12; 197; 1; 384; 64],0.020776365883648396,0.33289693732588577,tvm
96,2,197,1,768,64,[96; 2; 197; 1; 768; 64],0.02087584750552196,0.3313105525224347,tvm
6,6,197,1,16,16,[6; 6; 197; 1; 16; 16],0.026179926266195253,0.264186709355226,tvm
24,1,1,1,256,128,[24; 1; 1; 1; 256; 128],0.013997572124935687,0.49411344408131413,tvm
8,2,197,1,256,128,[8; 2; 197; 1; 256; 128],0.015051233262056485,0.45952304711564673,tvm
32,1,1,1,96,16,[32; 1; 1; 1; 96; 16],0.0378337177389767,0.1828101752819082,tvm
3,1,197,1,192,16,[3; 1; 197; 1; 192; 16],0.03268443024717271,0.21161111021743623,tvm
192,16,197,1,128,128,[192; 16; 197; 1; 128; 128],0.02013055488350801,0.3435766481079383,tvm
4,4,197,1,768,128,[4; 4; 197; 1; 768; 128],0.013586322384071536,0.5090699584412389,tvm
768,48,1,1,48,16,[768; 48; 1; 1; 48; 16],0.054369850957300514,0.12720999689442541,tvm
3,3,197,1,192,96,[3; 3; 197; 1; 192; 96],0.01757526525761932,0.3935296833389267,tvm
32,8,1,1,96,96,[32; 8; 1; 1; 96; 96],0.01286797525244765,0.5374884887280916,tvm
96,4,197,1,256,128,[96; 4; 197; 1; 256; 128],0.020283309495425783,0.3409891552948166,tvm
1024,1,1,1,384,16,[1024; 1; 1; 1; 384; 16],0.0947991760331206,0.07295831947961391,tvm
4,4,1,1,768,16,[4; 4; 1; 1; 768; 16],0.01626665449293796,0.42518814021846146,tvm
256,32,1,1,384,128,[256; 32; 1; 1; 384; 128],0.01988213849836029,0.34786944935520775,tvm
64,32,197,1,16,16,[64; 32; 197; 1; 16; 16],0.03538967602071352,0.1954352045319776,tvm
192,32,197,1,768,16,[192; 32; 197; 1; 768; 16],0.051063742488622665,0.13544617441562548,tvm
192,32,197,1,96,96,[192; 32; 197; 1; 96; 96],0.020444852372747846,0.33829486490437244,tvm
6,1,197,1,768,96,[6; 1; 197; 1; 768; 96],0.012001872622931842,0.5762757853481553,tvm
3072,4,1,1,256,128,[3072; 4; 1; 1; 256; 128],0.09213476249715313,0.07506817604964554,tvm
1536,16,197,1,256,128,[1536; 16; 197; 1; 256; 128],0.08873443747870624,0.07794480663821539,tvm
1024,2,197,1,768,64,[1024; 2; 197; 1; 768; 64],0.022255482123000547,0.310772354119466,tvm
96,48,1,1,768,64,[96; 48; 1; 1; 768; 64],0.02061385913111735,0.33552128824767397,tvm
12,6,197,1,768,16,[12; 6; 197; 1; 768; 16],0.019834175618598238,0.3487106650877472,tvm
96,2,197,1,128,128,[96; 2; 197; 1; 128; 128],0.020539286371786147,0.33673947800490717,tvm
768,6,1,1,128,128,[768; 6; 1; 1; 128; 128],0.0200422506313771,0.3450904141773696,tvm
64,1,197,1,192,16,[64; 1; 197; 1; 192; 16],0.04706133625586517,0.14696540986055392,tvm
96,2,1,1,768,16,[96; 2; 1; 1; 768; 16],0.04248158450354822,0.16280910074931146,tvm
3072,16,197,1,768,128,[3072; 16; 197; 1; 768; 128],0.09208819852210581,0.07510613392842394,tvm
1,1,197,1,384,64,[1; 1; 197; 1; 384; 64],0.05335478048073128,0.12963015701894562,tvm
64,32,1,1,192,64,[64; 32; 1; 1; 192; 64],0.021056714875157923,0.32846474924672686,tvm
1024,8,197,1,768,128,[1024; 8; 197; 1; 768; 128],0.02288362661784049,0.30224180314305726,tvm
6,3,197,1,768,96,[6; 3; 197; 1; 768; 96],0.011765728377213236,0.5878419380158042,tvm
768,4,197,1,128,128,[768; 4; 197; 1; 128; 128],0.020078093250049278,0.34447437240643336,tvm
1536,12,1,1,128,64,[1536; 12; 1; 1; 128; 64],0.08346700697438791,0.08286374247911973,tvm
3,3,197,1,128,16,[3; 3; 197; 1; 128; 16],0.02970760501921177,0.2328154210666183,tvm
768,64,1,1,192,16,[768; 64; 1; 1; 192; 16],0.054420627013314515,0.12709130620153294,tvm
12,4,1,1,384,64,[12; 4; 1; 1; 384; 64],0.012845120989368297,0.5384447976125064,tvm
384,24,197,1,32,16,[384; 24; 197; 1; 32; 16],0.05260090850060806,0.13148800597899596,tvm
48,6,1,1,32,16,[48; 6; 1; 1; 32; 16],0.040545385010773316,0.17058386717972507,tvm
24,6,197,1,192,96,[24; 6; 197; 1; 192; 96],0.012588510377099738,0.549420730828522,tvm
384,8,197,1,384,64,[384; 8; 197; 1; 384; 64],0.020611342872143723,0.3355622491136221,tvm
24,4,197,1,32,16,[24; 4; 197; 1; 32; 16],0.01989128287823405,0.3477095275235766,tvm
128,2,197,1,192,96,[128; 2; 197; 1; 192; 96],0.020946557124261744,0.3301921423362474,tvm
192,2,197,1,384,128,[192; 2; 197; 1; 384; 128],0.02034110575914383,0.34002028470450696,tvm
48,1,197,1,384,128,[48; 1; 197; 1; 384; 128],0.023053553624777123,0.30001398847226257,tvm
384,16,197,1,768,128,[384; 16; 197; 1; 768; 128],0.020435372251085937,0.33845180241632417,tvm
1536,24,1,1,32,16,[1536; 24; 1; 1; 32; 16],0.11100463999900967,0.062307202397037416,tvm
192,3,1,1,192,16,[192; 3; 1; 1; 192; 16],0.049126505764434114,0.1407873094942526,tvm
1536,48,197,1,384,96,[1536; 48; 197; 1; 384; 96],0.08531863347161561,0.08106539322069149,tvm
1536,24,197,1,128,16,[1536; 24; 197; 1; 128; 16],0.10965635895263404,0.06307330133418071,tvm
64,16,197,1,384,16,[64; 16; 197; 1; 384; 16],0.03486807324225083,0.19835878292947223,tvm
24,6,1,1,768,64,[24; 6; 1; 1; 768; 64],0.02242284563544672,0.30845275768633634,tvm
1536,32,1,1,128,64,[1536; 32; 1; 1; 128; 64],0.0812474470003508,0.08512745725288708,tvm
12,12,1,1,384,16,[12; 12; 1; 1; 384; 16],0.016794958253740333,0.41181338273873064,tvm
128,4,197,1,384,128,[128; 4; 197; 1; 384; 128],0.020315162240876816,0.34045450828405766,tvm
384,16,197,1,48,16,[384; 16; 197; 1; 48; 16],0.05275233997963369,0.13111055498388904,tvm
256,64,197,1,16,16,[256; 64; 197; 1; 16; 16],0.05262671300442889,0.13142353334601214,tvm
32,32,1,1,128,16,[32; 32; 1; 1; 128; 16],0.026290554727893323,0.2630750337150754,tvm
96,4,1,1,128,16,[96; 4; 1; 1; 128; 16],0.042389403242850676,0.16316315027612655,tvm
96,12,197,1,192,16,[96; 12; 197; 1; 192; 16],0.04299645248102024,0.16085951682831615,tvm
24,12,197,1,768,128,[24; 12; 197; 1; 768; 128],0.01212611287337495,0.5703714490910553,tvm
96,12,1,1,96,16,[96; 12; 1; 1; 96; 16],0.04229969627340324,0.16350917809727597,tvm
1024,16,197,1,384,128,[1024; 16; 197; 1; 384; 128],0.022253292248933576,0.3108029362154276,tvm
64,8,1,1,32,16,[64; 8; 1; 1; 32; 16],0.044108029251219705,0.156805658489884,tvm
384,8,1,1,128,16,[384; 8; 1; 1; 128; 16],0.05330840952228755,0.1297429173634775,tvm
24,12,197,1,192,64,[24; 12; 197; 1; 192; 64],0.014364863134687766,0.48147960106401005,tvm
1024,8,197,1,128,64,[1024; 8; 197; 1; 128; 64],0.022806476379628293,0.30326423320730866,tvm
128,16,1,1,96,16,[128; 16; 1; 1; 96; 16],0.04574617472826503,0.15119053368969812,tvm
256,64,1,1,384,64,[256; 64; 1; 1; 384; 64],0.019880410880432464,0.34789967938922783,tvm
3072,6,197,1,384,64,[3072; 6; 197; 1; 384; 64],0.085871962539386,0.08054303601430214,tvm
768,2,1,1,64,16,[768; 2; 1; 1; 64; 16],0.0545770755270496,0.1267269912254763,tvm
4,4,197,1,384,16,[4; 4; 197; 1; 384; 16],0.027177591749932617,0.2544886476722397,tvm
32,2,1,1,192,16,[32; 2; 1; 1; 192; 16],0.025920504500390962,0.26683078530837434,tvm
768,3,197,1,32,16,[768; 3; 197; 1; 32; 16],0.0546937165199779,0.1264567305259322,tvm
512,32,1,1,384,128,[512; 32; 1; 1; 384; 128],0.022943178002606146,0.3014573033710905,tvm
1536,24,1,1,192,96,[1536; 24; 1; 1; 192; 96],0.08600554947042838,0.08041793365678873,tvm
3072,8,1,1,128,128,[3072; 8; 1; 1; 128; 128],0.09279604151379317,0.0745332285580363,tvm
32,4,1,1,128,16,[32; 4; 1; 1; 128; 16],0.026582324237097055,0.2601875031595763,tvm
192,48,197,1,192,64,[192; 48; 197; 1; 192; 64],0.02052100549917668,0.3370394580180811,tvm
1536,4,1,1,48,16,[1536; 4; 1; 1; 48; 16],0.11257197801023722,0.06143970012501335,tvm
1536,2,1,1,192,64,[1536; 2; 1; 1; 192; 64],0.08365249348571524,0.08268000490158293,tvm
384,24,1,1,96,16,[384; 24; 1; 1; 96; 16],0.052847162005491555,0.13087530737620048,tvm
1536,8,197,1,32,16,[1536; 8; 197; 1; 32; 16],0.11501957895234227,0.06013227169171206,tvm
48,1,1,1,32,16,[48; 1; 1; 1; 32; 16],0.041691713995533064,0.16589360111626994,tvm
8,4,197,1,192,96,[8; 4; 197; 1; 192; 96],0.010049350872577634,0.6882423212330863,tvm
96,2,1,1,384,64,[96; 2; 1; 1; 384; 64],0.02105959100299515,0.32841989051187676,tvm
3072,12,197,1,768,96,[3072; 12; 197; 1; 768; 96],0.09205362299690023,0.07513434394278506,tvm
1536,16,197,1,384,96,[1536; 16; 197; 1; 384; 96],0.08479563350556418,0.08156538592255139,tvm
512,16,197,1,256,128,[512; 16; 197; 1; 256; 128],0.0202860626304755,0.3409428777488918,tvm
384,48,197,1,64,16,[384; 48; 197; 1; 64; 16],0.052759486017748713,0.13109279664138204,tvm
768,48,197,1,64,16,[768; 48; 197; 1; 64; 16],0.05464817798929289,0.12656210739146118,tvm
1024,16,1,1,16,16,[1024; 16; 1; 1; 16; 16],0.05555030546383932,0.12450676038011743,tvm
3072,1,1,1,16,16,[3072; 1; 1; 1; 16; 16],0.1177184609696269,0.05875364419870475,tvm
128,16,1,1,384,16,[128; 16; 1; 1; 384; 16],0.045520724495872855,0.15193933418295325,tvm
3072,3,197,1,768,128,[3072; 3; 197; 1; 768; 128],0.09416567353764549,0.0734491488415207,tvm
1,1,197,1,768,64,[1; 1; 197; 1; 768; 64],0.05253374500898644,0.13165611113857295,tvm
1536,12,197,1,192,64,[1536; 12; 197; 1; 192; 64],0.08696469047572464,0.07953099739208772,tvm
384,16,1,1,128,64,[384; 16; 1; 1; 128; 64],0.02004954575386364,0.3449648513904985,tvm
384,8,1,1,96,16,[384; 8; 1; 1; 96; 16],0.05318218353204429,0.13005085748803796,tvm
512,1,1,1,256,64,[512; 1; 1; 1; 256; 64],0.019816802247078158,0.3490163793933172,tvm
48,16,197,1,384,64,[48; 16; 197; 1; 384; 64],0.021339956132578664,0.3241050978951948,tvm
2,1,1,1,96,16,[2; 1; 1; 1; 96; 16],0.029260685259941965,0.23637138057382218,tvm
48,2,1,1,192,16,[48; 2; 1; 1; 192; 16],0.04062515925033949,0.17024889745806407,tvm
128,64,197,1,768,16,[128; 64; 197; 1; 768; 16],0.04826044701621868,0.14331381077146282,tvm
768,2,1,1,128,64,[768; 2; 1; 1; 128; 64],0.019985762497526594,0.34606578419434997,tvm
24,4,197,1,256,16,[24; 4; 197; 1; 256; 16],0.02237600862281397,0.309098404814557,tvm
1,1,1,1,768,96,[1; 1; 1; 1; 768; 96],0.04985051549738273,0.1387425687060688,tvm
8,2,197,1,128,16,[8; 2; 197; 1; 128; 16],0.024366349491174333,0.2838500110134978,tvm
6,1,197,1,384,128,[6; 1; 197; 1; 384; 128],0.01458032862865366,0.4743643814609429,tvm
384,48,197,1,768,16,[384; 48; 197; 1; 768; 16],0.053423836012370884,0.12946259736622065,tvm
128,2,197,1,128,128,[128; 2; 197; 1; 128; 128],0.02038600723608397,0.33927136841128525,tvm
768,64,1,1,128,16,[768; 64; 1; 1; 128; 16],0.05437373899621889,0.12720090063899286,tvm
4,4,197,1,768,96,[4; 4; 197; 1; 768; 96],0.016849768988322467,0.4104737920277656,tvm
384,24,1,1,256,16,[384; 24; 1; 1; 256; 16],0.05310330347856507,0.13024403602725662,tvm
32,1,1,1,768,16,[32; 1; 1; 1; 768; 16],0.03648202499607578,0.18958346122981218,tvm
384,2,1,1,384,16,[384; 2; 1; 1; 384; 16],0.05330712802242488,0.12974603637470455,tvm
128,8,1,1,192,16,[128; 8; 1; 1; 192; 16],0.04587976398761384,0.15075030842128542,tvm
768,32,1,1,16,16,[768; 32; 1; 1; 16; 16],0.05459166853688657,0.12669311557596552,tvm
24,4,197,1,192,16,[24; 4; 197; 1; 192; 16],0.022308573752525263,0.3100327545881617,tvm
384,12,197,1,32,16,[384; 12; 197; 1; 32; 16],0.053476543980650604,0.129334995431476,tvm
96,16,197,1,128,64,[96; 16; 197; 1; 128; 64],0.020941484763170592,0.3302721201312477,tvm
1536,16,1,1,192,64,[1536; 16; 1; 1; 192; 64],0.08512627298478037,0.08124857730662241,tvm
16,16,197,1,128,64,[16; 16; 197; 1; 128; 64],0.014507691128528677,0.4767394418694113,tvm
3072,1,197,1,256,16,[3072; 1; 197; 1; 256; 16],0.1165358240250498,0.059349892012106664,tvm
1,1,1,1,192,64,[1; 1; 1; 1; 192; 64],0.04972374648787081,0.1390962881913111,tvm
12,2,1,1,768,128,[12; 2; 1; 1; 768; 128],0.020665989242843352,0.33467493330007037,tvm
512,16,197,1,384,16,[512; 16; 197; 1; 384; 16],0.05434488650644198,0.12726843344513583,tvm
3072,64,1,1,256,64,[3072; 64; 1; 1; 256; 64],0.08681903698015958,0.07966442397891543,tvm
128,16,1,1,128,128,[128; 16; 1; 1; 128; 128],0.020275829374440946,0.34111495237512435,tvm
1536,1,1,1,256,128,[1536; 1; 1; 1; 256; 128],0.08743565197801217,0.07910261335007676,tvm
24,1,197,1,768,16,[24; 1; 197; 1; 768; 16],0.02421266000601463,0.2856517445712483,tvm
24,3,1,1,768,128,[24; 3; 1; 1; 768; 128],0.02193110361986328,0.3153689249438551,tvm
48,12,197,1,768,96,[48; 12; 197; 1; 768; 96],0.021278005369822495,0.32504872760478437,tvm
512,64,1,1,256,16,[512; 64; 1; 1; 256; 16],0.0533837839611806,0.12955972878314512,tvm
3072,4,1,1,48,16,[3072; 4; 1; 1; 48; 16],0.11582636996172369,0.059713419091992445,tvm
16,8,1,1,128,64,[16; 8; 1; 1; 128; 64],0.013505727882147767,0.5121077983935126,tvm
1024,4,1,1,384,96,[1024; 4; 1; 1; 384; 96],0.06871965801110491,0.10064643468264789,tvm
768,6,197,1,384,128,[768; 6; 197; 1; 384; 128],0.019904097134713084,0.34748567215170345,tvm
16,2,1,1,192,16,[16; 2; 1; 1; 192; 16],0.01866344825248234,0.3705847107063216,tvm
32,1,1,1,384,128,[32; 1; 1; 1; 384; 128],0.02168877200165298,0.31889258510815865,tvm
512,1,1,1,768,96,[512; 1; 1; 1; 768; 96],0.08180244150571525,0.08454990394076865,tvm
192,4,197,1,384,96,[192; 4; 197; 1; 384; 96],0.021057120873592794,0.3284584161789298,tvm
256,32,197,1,192,16,[256; 32; 197; 1; 192; 16],0.051018550468143076,0.13556615207535722,tvm
32,4,1,1,768,128,[32; 4; 1; 1; 768; 128],0.021574358746875077,0.3205837379722987,tvm
3072,24,1,1,256,16,[3072; 24; 1; 1; 256; 16],0.11374227597843856,0.0608075450568588,tvm
128,64,197,1,64,64,[128; 64; 197; 1; 64; 64],0.021565438000834547,0.32071635044745755,tvm
384,48,1,1,768,128,[384; 48; 1; 1; 768; 128],0.04420082550495863,0.15647645699858392,tvm
128,1,1,1,128,64,[128; 1; 1; 1; 128; 64],0.02117380063282326,0.32664842232938124,tvm
128,16,197,1,16,16,[128; 16; 197; 1; 16; 16],0.04684970172820613,0.14762929786732282,tvm
256,64,197,1,384,128,[256; 64; 197; 1; 384; 128],0.02052257437026128,0.337013692660845,tvm
768,16,1,1,192,96,[768; 16; 1; 1; 192; 96],0.02089312313182745,0.3310366060540044,tvm
64,8,197,1,96,16,[64; 8; 197; 1; 96; 16],0.03571229724911973,0.1936696629505976,tvm
12,6,1,1,128,16,[12; 6; 1; 1; 128; 16],0.018206450127763674,0.37988671722894074,tvm
12,6,197,1,256,64,[12; 6; 197; 1; 256; 64],0.013483522619935684,0.5129511601962634,tvm
128,16,1,1,384,96,[128; 16; 1; 1; 384; 96],0.02075073725427501,0.3333080886079687,tvm
128,32,197,1,256,128,[128; 32; 197; 1; 256; 128],0.020391624493640848,0.3391779097141307,tvm
256,8,1,1,64,64,[256; 8; 1; 1; 64; 64],0.02131080999970436,0.3245483663701436,tvm
256,16,1,1,768,16,[256; 16; 1; 1; 768; 16],0.05109583999728784,0.13536108950935521,tvm
64,1,1,1,32,16,[64; 1; 1; 1; 32; 16],0.042898156243609264,0.16122810808352486,tvm
96,48,197,1,256,128,[96; 48; 197; 1; 256; 128],0.020299911746405996,0.34071027784901997,tvm
2,1,1,1,128,128,[2; 1; 1; 1; 128; 128],0.025314024998806417,0.27322358146342535,tvm
48,24,197,1,256,128,[48; 24; 197; 1; 256; 128],0.021075355994980782,0.3281742226833914,tvm
3072,8,1,1,48,16,[3072; 8; 1; 1; 48; 16],0.11530424805823714,0.05998381402162464,tvm
32,4,197,1,768,96,[32; 4; 197; 1; 768; 96],0.015255756123224273,0.45336255479986043,tvm
1536,16,1,1,64,64,[1536; 16; 1; 1; 64; 64],0.0865278989658691,0.07993246864987139,tvm
12,2,197,1,16,16,[12; 2; 197; 1; 16; 16],0.023849688383052126,0.28999911698399544,tvm
192,6,1,1,64,64,[192; 6; 1; 1; 64; 64],0.02147597800649237,0.32205232140476625,tvm
3072,6,197,1,768,64,[3072; 6; 197; 1; 768; 64],0.08578267798293382,0.08062686703257928,tvm
1536,6,197,1,768,96,[1536; 6; 197; 1; 768; 96],0.08482993650250137,0.08153240302407427,tvm
4,2,1,1,64,64,[4; 2; 1; 1; 64; 64],0.016567932252655737,0.4174563527877727,tvm
24,6,1,1,64,64,[24; 6; 1; 1; 64; 64],0.016377207124605775,0.422317951944145,tvm
512,32,1,1,768,128,[512; 32; 1; 1; 768; 128],0.08225536096142605,0.08408435013338567,tvm
64,8,1,1,48,16,[64; 8; 1; 1; 48; 16],0.05094608699437231,0.13575897540850548,tvm
48,3,1,1,192,96,[48; 3; 1; 1; 192; 96],0.021643352753017098,0.31956179111225835,tvm
384,2,1,1,128,16,[384; 2; 1; 1; 128; 16],0.05305497098015621,0.13036268691986394,tvm
512,8,1,1,32,16,[512; 8; 1; 1; 32; 16],0.05389323801500723,0.12833499760215963,tvm
24,8,197,1,384,16,[24; 8; 197; 1; 384; 16],0.021013980367570184,0.3291327226184281,tvm
384,2,1,1,768,16,[384; 2; 1; 1; 768; 16],0.06182750902371481,0.11186587783725352,tvm
24,24,197,1,192,64,[24; 24; 197; 1; 192; 64],0.014363681126269512,0.4815192227276124,tvm
256,32,1,1,768,128,[256; 32; 1; 1; 768; 128],0.01971150012104772,0.35088088318774524,tvm
16,16,197,1,128,16,[16; 16; 197; 1; 128; 16],0.017533596124849282,0.3944649187867628,tvm
8,8,197,1,384,16,[8; 8; 197; 1; 384; 16],0.01984748062386643,0.3484769025602006,tvm
384,48,197,1,64,64,[384; 48; 197; 1; 64; 64],0.020685392868472263,0.33436099644837863,tvm
1024,4,1,1,64,64,[1024; 4; 1; 1; 64; 64],0.02252401175792329,0.30706734864829693,tvm
128,16,1,1,16,16,[128; 16; 1; 1; 16; 16],0.045948329265229404,0.15052535493738675,tvm
2,1,1,1,48,16,[2; 1; 1; 1; 48; 16],0.026983891264535487,0.2563154625707625,tvm
256,4,1,1,32,16,[256; 4; 1; 1; 32; 16],0.05162630951963365,0.13397023021369067,tvm
48,6,197,1,256,16,[48; 6; 197; 1; 256; 16],0.03267914173193276,0.21164535556544775,tvm
24,3,197,1,256,16,[24; 3; 197; 1; 256; 16],0.020110306752030738,0.34392257943704185,tvm
8,8,1,1,128,64,[8; 8; 1; 1; 128; 64],0.01686246000463143,0.4101648614454191,tvm
16,8,1,1,384,64,[16; 8; 1; 1; 384; 64],0.013664369762409478,0.5061622812971203,tvm
48,6,197,1,128,16,[48; 6; 197; 1; 128; 16],0.03453403423191048,0.20027745744913927,tvm
768,2,1,1,768,16,[768; 2; 1; 1; 768; 16],0.1135135079966858,0.06093009275715896,tvm
768,3,1,1,768,96,[768; 3; 1; 1; 768; 96],0.08626795053714886,0.08017332657566988,tvm
384,4,197,1,768,16,[384; 4; 197; 1; 768; 16],0.05436782300239429,0.12721474190945592,tvm
512,16,197,1,128,64,[512; 16; 197; 1; 128; 64],0.020493121875915676,0.3374980451151751,tvm
384,2,197,1,256,64,[384; 2; 197; 1; 256; 64],0.020625380377168767,0.3353338675433427,tvm
1536,24,197,1,256,16,[1536; 24; 197; 1; 256; 16],0.11283258500043303,0.061297794173571646,tvm
3072,64,1,1,128,64,[3072; 64; 1; 1; 128; 64],0.08703866950236261,0.0794633995553072,tvm
1536,64,197,1,192,64,[1536; 64; 197; 1; 192; 64],0.08488417498301715,0.08148030622683602,tvm
48,6,197,1,384,16,[48; 6; 197; 1; 384; 16],0.03228983422741294,0.21419709134204223,tvm
384,64,197,1,768,16,[384; 64; 197; 1; 768; 16],0.0538864930276759,0.12835106132953095,tvm
128,2,197,1,192,16,[128; 2; 197; 1; 192; 16],0.04675347774173133,0.14793313579013448,tvm
1536,16,197,1,96,96,[1536; 16; 197; 1; 96; 96],0.08818171499297023,0.07843336424087397,tvm
16,1,197,1,256,16,[16; 1; 197; 1; 256; 16],0.01794393024465535,0.3854444637895668,tvm
96,12,1,1,192,96,[96; 12; 1; 1; 192; 96],0.020639420239604078,0.33510575835638134,tvm
96,32,197,1,768,64,[96; 32; 197; 1; 768; 64],0.02061707974644378,0.33546887612061416,tvm
32,1,1,1,48,16,[32; 1; 1; 1; 48; 16],0.03865296774893068,0.1789355119212007,tvm
2,1,1,1,256,64,[2; 1; 1; 1; 256; 64],0.024844349623890594,0.2783887956872776,tvm
384,4,1,1,384,128,[384; 4; 1; 1; 384; 128],0.01988919086579699,0.3477461007889735,tvm
192,2,197,1,128,64,[192; 2; 197; 1; 128; 64],0.020803916384465992,0.3324560839223977,tvm
3072,48,1,1,192,64,[3072; 48; 1; 1; 192; 64],0.08616741746664047,0.08026686623289175,tvm
1024,64,1,1,32,16,[1024; 64; 1; 1; 32; 16],0.055269606527872384,0.12513909553419103,tvm
3072,16,1,1,384,96,[3072; 16; 1; 1; 384; 96],0.09294182696612552,0.07441631821966858,tvm
12,6,197,1,64,16,[12; 6; 197; 1; 64; 16],0.017516452877316624,0.3948509792405016,tvm
256,32,197,1,32,16,[256; 32; 197; 1; 32; 16],0.05096611549379304,0.13570562528491878,tvm
96,6,1,1,768,64,[96; 6; 1; 1; 768; 64],0.020662705748691224,0.3347281162277915,tvm
12,12,1,1,384,128,[12; 12; 1; 1; 384; 128],0.011172726437507663,0.6190421478690955,tvm
24,2,197,1,384,96,[24; 2; 197; 1; 384; 96],0.01852986088488251,0.3732563678916376,tvm
192,2,1,1,128,128,[192; 2; 1; 1; 128; 128],0.020227640387020074,0.34192760198894806,tvm
1536,16,197,1,384,16,[1536; 16; 197; 1; 384; 16],0.11364591203164309,0.06085910568875368,tvm
96,8,197,1,384,128,[96; 8; 197; 1; 384; 128],0.02037110812671017,0.3395195061755108,tvm
48,48,197,1,256,16,[48; 48; 197; 1; 256; 16],0.03441658223164268,0.2009609357744311,tvm
96,4,1,1,384,128,[96; 4; 1; 1; 384; 128],0.020624128490453586,0.33535422234350415,tvm
256,8,1,1,768,16,[256; 8; 1; 1; 768; 16],0.051051009038928896,0.13547995821501757,tvm
24,24,197,1,192,16,[24; 24; 197; 1; 192; 16],0.02241577325912658,0.30855007728152156,tvm
96,3,197,1,384,96,[96; 3; 197; 1; 384; 96],0.020927098506945185,0.33049916447486466,tvm
1024,4,1,1,96,96,[1024; 4; 1; 1; 96; 96],0.02305823475762736,0.2999530815836074,tvm
384,32,197,1,384,96,[384; 32; 197; 1; 384; 96],0.02043956212582998,0.33838242369625715,tvm
256,16,197,1,96,16,[256; 16; 197; 1; 96; 16],0.0512199429795146,0.13503311735811144,tvm
6,1,197,1,256,64,[6; 1; 197; 1; 256; 64],0.011146476499561686,0.6204999913381188,tvm
384,1,197,1,768,64,[384; 1; 197; 1; 768; 64],0.020486905123107135,0.33760045892083484,tvm
64,4,1,1,64,64,[64; 4; 1; 1; 64; 64],0.02195535412465688,0.315020588242808,tvm
256,16,197,1,128,64,[256; 16; 197; 1; 128; 64],0.020569001499097794,0.3362530053649877,tvm
32,8,197,1,64,16,[32; 8; 197; 1; 64; 16],0.023916754755191505,0.2891859134829846,tvm
8,4,1,1,96,96,[8; 4; 1; 1; 96; 96],0.010688006121199578,0.6471168235682395,tvm
3072,6,197,1,128,16,[3072; 6; 197; 1; 128; 16],0.11775046295952052,0.05873767624851073,tvm
16,16,197,1,384,128,[16; 16; 197; 1; 384; 128],0.014719966507982463,0.46986442310706994,tvm
1536,6,1,1,256,16,[1536; 6; 1; 1; 256; 16],0.11195092694833875,0.06178053866959254,tvm
32,1,197,1,768,128,[32; 1; 197; 1; 768; 128],0.017618832498556003,0.39255657671956534,tvm
1024,16,1,1,128,128,[1024; 16; 1; 1; 128; 128],0.022817527249571867,0.3031173578003877,tvm
3072,48,197,1,256,64,[3072; 48; 197; 1; 256; 64],0.08623523399000987,0.08020374331250514,tvm
32,1,1,1,192,64,[32; 1; 1; 1; 192; 64],0.014359612876432948,0.48165564287459134,tvm
96,2,1,1,256,128,[96; 2; 1; 1; 256; 128],0.020625908990041353,0.3353252734106389,tvm
64,4,1,1,384,128,[64; 4; 1; 1; 384; 128],0.021027665367000736,0.3289185199933151,tvm
24,24,1,1,192,64,[24; 24; 1; 1; 192; 64],0.013019168633036315,0.531246561618239,tvm
128,32,197,1,48,16,[128; 32; 197; 1; 48; 16],0.04629113574628718,0.1494106476310274,tvm
128,32,1,1,768,16,[128; 32; 1; 1; 768; 16],0.04578640725230798,0.1510576825413602,tvm
384,2,197,1,64,64,[384; 2; 197; 1; 64; 64],0.020724814632558264,0.33372499074433526,tvm
96,1,1,1,256,128,[96; 1; 1; 1; 256; 128],0.022760292878956534,0.3038795945294382,tvm
24,24,1,1,256,16,[24; 24; 1; 1; 256; 16],0.020972910744603723,0.32977723767828176,tvm
512,32,197,1,384,128,[512; 32; 197; 1; 384; 128],0.0200288101186743,0.34532199019550963,tvm
48,1,1,1,192,16,[48; 1; 1; 1; 192; 16],0.04150976726668887,0.16662075041261185,tvm
32,16,197,1,16,16,[32; 16; 197; 1; 16; 16],0.027595155261224136,0.25063778427611416,tvm
32,1,1,1,192,16,[32; 1; 1; 1; 192; 16],0.03742681574658491,0.18479767603685793,tvm
16,8,197,1,128,128,[16; 8; 197; 1; 128; 128],0.012955599871929735,0.5338532094074603,tvm
384,3,197,1,768,128,[384; 3; 197; 1; 768; 128],0.02021028562739957,0.342221218390494,tvm
96,3,197,1,384,16,[96; 3; 197; 1; 384; 16],0.04280148973339237,0.16159223930078823,tvm
48,24,1,1,96,96,[48; 24; 1; 1; 96; 96],0.021899524988839403,0.3158236799635313,tvm
1024,16,197,1,64,16,[1024; 16; 197; 1; 64; 16],0.05521228548604995,0.1252690141431671,tvm
96,6,1,1,768,96,[96; 6; 1; 1; 768; 96],0.020697555373772047,0.3341645158825386,tvm
128,64,1,1,192,16,[128; 64; 1; 1; 192; 16],0.045726903481408954,0.15125425176101298,tvm
16,1,1,1,384,128,[16; 1; 1; 1; 384; 128],0.01529628386197146,0.4521613637560432,tvm
32,32,197,1,384,128,[32; 32; 197; 1; 384; 128],0.015220772882457823,0.4544045578263517,tvm
1536,24,197,1,256,64,[1536; 24; 197; 1; 256; 64],0.0860787809942849,0.08034951809886547,tvm
1024,1,197,1,32,16,[1024; 1; 197; 1; 32; 16],0.055598506005480886,0.12439882055008376,tvm
1536,32,1,1,768,16,[1536; 32; 1; 1; 768; 16],0.11430985201150179,0.06050562090424759,tvm
768,6,1,1,192,16,[768; 6; 1; 1; 192; 16],0.05455561698181555,0.12677683718129223,tvm
3072,6,1,1,128,16,[3072; 6; 1; 1; 128; 16],0.11494679993484169,0.060170344675529626,tvm
256,2,1,1,96,16,[256; 2; 1; 1; 96; 16],0.05160513200098649,0.1340252084094341,tvm
768,32,197,1,128,16,[768; 32; 197; 1; 128; 16],0.054399123473558575,0.12714154438150782,tvm
96,32,1,1,16,16,[96; 32; 1; 1; 16; 16],0.04473823800799437,0.15459680307911697,tvm
24,4,1,1,384,96,[24; 4; 1; 1; 384; 96],0.018957351509016007,0.36483939057305426,tvm
768,32,197,1,768,96,[768; 32; 197; 1; 768; 96],0.020118241634918377,0.3437869321255238,tvm
384,64,197,1,64,16,[384; 64; 197; 1; 64; 16],0.05250037752557546,0.13173978735789596,tvm
256,16,197,1,256,64,[256; 16; 197; 1; 256; 64],0.02052986812486779,0.3368939600274764,tvm
768,16,197,1,384,64,[768; 16; 197; 1; 384; 64],0.020350941369542852,0.3398559528936393,tvm
16,4,197,1,64,16,[16; 4; 197; 1; 64; 16],0.022126482363091782,0.3125841901994099,tvm
64,8,1,1,768,16,[64; 8; 1; 1; 768; 16],0.03939935500966385,0.17554573088143507,tvm
384,32,1,1,32,16,[384; 32; 1; 1; 32; 16],0.052681387518532574,0.13128713758716934,tvm
96,2,197,1,256,128,[96; 2; 197; 1; 256; 128],0.020486445864662528,0.3376080271375322,tvm
256,2,1,1,128,16,[256; 2; 1; 1; 128; 16],0.05198431952157989,0.1330475927179814,tvm
96,1,1,1,768,128,[96; 1; 1; 1; 768; 128],0.022074298496590927,0.3133231424091104,tvm
96,2,1,1,48,16,[96; 2; 1; 1; 48; 16],0.04267978950520046,0.16205301505964131,tvm
3072,12,197,1,16,16,[3072; 12; 197; 1; 16; 16],0.1161643109517172,0.05953970298419206,tvm
512,4,197,1,128,16,[512; 4; 197; 1; 128; 16],0.05353960348293185,0.12918266332759598,tvm
1,1,197,1,384,16,[1; 1; 197; 1; 384; 16],0.08510907599702477,0.08126499424891362,tvm
512,16,197,1,192,96,[512; 16; 197; 1; 192; 96],0.020266772247850895,0.34126739506642406,tvm
96,48,1,1,768,128,[96; 48; 1; 1; 768; 128],0.020489706512307748,0.3375543015842632,tvm
192,48,197,1,192,96,[192; 48; 197; 1; 192; 96],0.020470090748858638,0.3378777679241218,tvm
64,8,197,1,128,16,[64; 8; 197; 1; 128; 16],0.03583069026353769,0.1930297329065659,tvm
256,32,1,1,192,16,[256; 32; 1; 1; 192; 16],0.0509120500064455,0.13584973636993505,tvm
256,16,1,1,128,128,[256; 16; 1; 1; 128; 128],0.02011952224711422,0.3437650500086105,tvm
24,4,197,1,64,16,[24; 4; 197; 1; 64; 16],0.019966114254202694,0.3464063404311498,tvm
256,4,197,1,768,96,[256; 4; 197; 1; 768; 96],0.020713933248771355,0.333900302195809,tvm
256,32,1,1,128,16,[256; 32; 1; 1; 128; 16],0.05089364550076425,0.135898863274094,tvm
6,2,197,1,96,96,[6; 2; 197; 1; 96; 96],0.010544167809712235,0.6559444705591544,tvm
768,64,197,1,256,16,[768; 64; 197; 1; 256; 16],0.054592333966866136,0.12669157130424855,tvm
128,64,197,1,192,16,[128; 64; 197; 1; 192; 16],0.04590854200068861,0.15065580979079726,tvm
16,2,197,1,64,64,[16; 2; 197; 1; 64; 64],0.014282552001532167,0.4842543945008296,tvm
12,1,1,1,192,16,[12; 1; 1; 1; 192; 16],0.023497376387240365,0.29434726913530374,tvm
192,32,197,1,384,64,[192; 32; 197; 1; 384; 64],0.02043684861564543,0.3384273525485592,tvm
4,1,197,1,32,16,[4; 1; 197; 1; 32; 16],0.02270849625347182,0.304572724421202,tvm
768,8,1,1,256,16,[768; 8; 1; 1; 256; 16],0.05447355500655249,0.12696782081868194,tvm
1024,32,197,1,384,16,[1024; 32; 197; 1; 384; 16],0.055090350506361574,0.12554628002647938,tvm
12,1,1,1,768,128,[12; 1; 1; 1; 768; 128],0.019725908248801716,0.3506245940208466,tvm
256,1,197,1,256,16,[256; 1; 197; 1; 256; 16],0.05484220804646611,0.12611433452074958,tvm
512,64,1,1,768,128,[512; 64; 1; 1; 768; 128],0.08464206801727414,0.08171336940889774,tvm
256,2,1,1,256,128,[256; 2; 1; 1; 256; 128],0.019910764749511145,0.34736930793169984,tvm
192,6,197,1,384,128,[192; 6; 197; 1; 384; 128],0.020255199618986808,0.34146237516935113,tvm
24,4,1,1,128,128,[24; 4; 1; 1; 128; 128],0.011713159627106506,0.5904801771353577,tvm
128,32,197,1,64,16,[128; 32; 197; 1; 64; 16],0.046526351012289524,0.14865529793216897,tvm
32,1,1,1,768,128,[32; 1; 1; 1; 768; 128],0.022821524486062117,0.30306426617786403,tvm
2,1,1,1,768,64,[2; 1; 1; 1; 768; 64],0.024790418887278065,0.278994421307577,tvm
8,4,1,1,128,128,[8; 4; 1; 1; 128; 128],0.015529479627730325,0.4453715602342704,tvm
128,16,197,1,64,16,[128; 16; 197; 1; 64; 16],0.04619215300772339,0.14973081186045045,tvm
192,48,197,1,96,96,[192; 48; 197; 1; 96; 96],0.020581430246238597,0.33604994836025015,tvm
384,32,1,1,64,64,[384; 32; 1; 1; 64; 64],0.02065903712355066,0.3347875571385707,tvm
3072,12,197,1,96,16,[3072; 12; 197; 1; 96; 16],0.11751022399403155,0.05885776008545317,tvm
8,4,197,1,128,16,[8; 4; 197; 1; 128; 16],0.019550665499991737,0.35376742400055355,tvm
192,16,1,1,96,16,[192; 16; 1; 1; 96; 16],0.04921167774591595,0.14054364509046957,tvm
16,4,1,1,64,64,[16; 4; 1; 1; 64; 64],0.014235695867682807,0.4858482954198132,tvm
12,4,1,1,64,16,[12; 4; 1; 1; 64; 16],0.018442158252582885,0.37503140775076627,tvm
256,64,197,1,768,96,[256; 64; 197; 1; 768; 96],0.020705068251118064,0.33404326358861863,tvm
96,16,197,1,384,96,[96; 16; 197; 1; 384; 96],0.020471484123845585,0.3378547705474967,tvm
1536,2,197,1,128,64,[1536; 2; 197; 1; 128; 64],0.08667608554242179,0.0797958113607183,tvm
32,32,197,1,96,16,[32; 32; 197; 1; 96; 16],0.026103047013748437,0.2649647977029547,tvm
8,1,1,1,384,96,[8; 1; 1; 1; 384; 96],0.016461576000438072,0.42015348780970385,tvm
3072,32,1,1,192,96,[3072; 32; 1; 1; 192; 96],0.0918068524915725,0.07533629989181329,tvm
48,48,1,1,128,128,[48; 48; 1; 1; 128; 128],0.015911525129922666,0.43467791521894084,tvm
12,3,1,1,768,96,[12; 3; 1; 1; 768; 96],0.020740349384141155,0.33347502702712906,tvm
384,16,1,1,256,128,[384; 16; 1; 1; 256; 128],0.019768509242567234,0.3498690005686223,tvm
384,1,1,1,16,16,[384; 1; 1; 1; 16; 16],0.05394676903961226,0.12820765162692088,tvm
384,12,1,1,768,16,[384; 12; 1; 1; 768; 16],0.06200882152188569,0.11153878434840868,tvm
768,6,1,1,32,16,[768; 6; 1; 1; 32; 16],0.05458738998277113,0.1267030457695728,tvm
384,48,197,1,256,64,[384; 48; 197; 1; 256; 64],0.02100694649561774,0.3292429279463057,tvm
48,16,197,1,384,128,[48; 16; 197; 1; 384; 128],0.021068565125460736,0.32828000057157763,tvm
48,8,1,1,384,128,[48; 8; 1; 1; 384; 128],0.021383924628025852,0.3234386901253817,tvm
512,16,197,1,48,16,[512; 16; 197; 1; 48; 16],0.05347779399016872,0.12933197230798393,tvm
1024,1,1,1,768,64,[1024; 1; 1; 1; 768; 64],0.08500334597192705,0.08136607438621013,tvm
48,8,1,1,32,16,[48; 8; 1; 1; 32; 16],0.040735937509452924,0.16978591863323625,tvm
6,3,197,1,192,16,[6; 3; 197; 1; 192; 16],0.026239653496304527,0.26358536222296697,tvm
384,6,1,1,128,128,[384; 6; 1; 1; 128; 128],0.020010404245113023,0.34563962260371145,tvm
768,4,1,1,768,64,[768; 4; 1; 1; 768; 64],0.08481962251244113,0.08154231729119159,tvm
384,64,1,1,64,64,[384; 64; 1; 1; 64; 64],0.020786403751117177,0.33273617958358215,tvm
256,2,197,1,96,96,[256; 2; 197; 1; 96; 96],0.02098106213088613,0.3296491153918745,tvm
64,16,1,1,96,16,[64; 16; 1; 1; 96; 16],0.04531133148702793,0.1526414771856494,tvm
384,24,1,1,768,128,[384; 24; 1; 1; 768; 128],0.04510058352025226,0.1533547469141456,tvm
96,6,1,1,128,64,[96; 6; 1; 1; 128; 64],0.02077101936447434,0.33298262593977446,tvm
4,4,197,1,48,16,[4; 4; 197; 1; 48; 16],0.02489658849663101,0.2778046708031702,tvm
4,4,197,1,768,64,[4; 4; 197; 1; 768; 64],0.014130914874840528,0.4894508694368329,tvm
48,1,197,1,32,16,[48; 1; 197; 1; 32; 16],0.04214333673007786,0.1641158272712734,tvm
1536,8,1,1,768,64,[1536; 8; 1; 1; 768; 64],0.08632191049400717,0.08012321010792198,tvm
384,6,197,1,768,64,[384; 6; 197; 1; 768; 64],0.020483949250774458,0.3376491753008554,tvm
16,2,1,1,768,16,[16; 2; 1; 1; 768; 16],0.02704123075818643,0.2557719592454094,tvm
384,12,197,1,768,16,[384; 12; 197; 1; 768; 16],0.0533797150128521,0.12956960466655412,tvm
1536,4,197,1,384,96,[1536; 4; 197; 1; 384; 96],0.0894552725367248,0.07731672348982145,tvm
24,6,1,1,768,96,[24; 6; 1; 1; 768; 96],0.022161204629810527,0.31209443200235026,tvm
96,32,197,1,768,96,[96; 32; 197; 1; 768; 96],0.020752401745994575,0.3332813549045476,tvm
384,64,197,1,192,96,[384; 64; 197; 1; 192; 96],0.021064649510663003,0.3283410230930958,tvm
48,24,1,1,256,16,[48; 24; 1; 1; 256; 16],0.034989331994438544,0.19767135230040722,tvm
192,3,1,1,768,96,[192; 3; 1; 1; 768; 96],0.020606799123925157,0.33563623975925605,tvm
768,32,1,1,256,64,[768; 32; 1; 1; 256; 64],0.020718875370221213,0.33382065618143275,tvm
384,16,1,1,128,128,[384; 16; 1; 1; 128; 128],0.02028036474075634,0.34103866768870694,tvm
48,48,1,1,256,64,[48; 48; 1; 1; 256; 64],0.023577913496410474,0.2933418418250423,tvm
1,1,197,1,32,16,[1; 1; 197; 1; 32; 16],0.06934936199104413,0.09973254796953665,tvm
16,1,1,1,768,64,[16; 1; 1; 1; 768; 64],0.023710713256150484,0.29169888297790797,tvm
96,24,197,1,192,96,[96; 24; 197; 1; 192; 96],0.020669057499617338,0.33462525185566006,tvm
384,6,197,1,192,64,[384; 6; 197; 1; 192; 64],0.020730521238874644,0.3336331244030035,tvm
8,2,1,1,768,128,[8; 2; 1; 1; 768; 128],0.012529864747193642,0.5519922769300171,tvm
128,2,1,1,96,16,[128; 2; 1; 1; 96; 16],0.045604170503793284,0.1516613172660004,tvm
16,4,197,1,96,96,[16; 4; 197; 1; 96; 96],0.014865082121104933,0.465277521851623,tvm
1,1,197,1,192,96,[1; 1; 197; 1; 192; 96],0.05152626248309389,0.1342303562905981,tvm
192,16,1,1,384,96,[192; 16; 1; 1; 384; 96],0.020156023994786665,0.3431425053481524,tvm
96,6,1,1,192,16,[96; 6; 1; 1; 192; 16],0.042038556741317734,0.16452488162208423,tvm
3072,64,197,1,128,128,[3072; 64; 197; 1; 128; 128],0.09339981299126521,0.07405141776970575,tvm
48,6,197,1,48,16,[48; 6; 197; 1; 48; 16],0.03260073848650791,0.21215435270863503,tvm
8,4,197,1,768,128,[8; 4; 197; 1; 768; 128],0.010456681877258234,0.6614324364663625,tvm
48,16,1,1,384,96,[48; 16; 1; 1; 384; 96],0.021370884001953527,0.3236360541190687,tvm
3072,32,1,1,384,16,[3072; 32; 1; 1; 384; 16],0.11376094701699913,0.06079756500616214,tvm
48,8,1,1,128,16,[48; 8; 1; 1; 128; 16],0.035614494496257976,0.19420150894336793,tvm
8,1,1,1,96,16,[8; 1; 1; 1; 96; 16],0.018653480379725806,0.3707827403054441,tvm
1536,12,1,1,256,64,[1536; 12; 1; 1; 256; 64],0.08360630500828847,0.08272568164258547,tvm
1536,4,197,1,128,16,[1536; 4; 197; 1; 128; 16],0.11632119806017727,0.05945939937663354,tvm
3072,64,1,1,768,64,[3072; 64; 1; 1; 768; 64],0.08520623645745218,0.08117232797721652,tvm
3072,2,197,1,384,96,[3072; 2; 197; 1; 384; 96],0.09152347600320354,0.07556955737986264,tvm
96,48,197,1,64,64,[96; 48; 197; 1; 64; 64],0.021558128879405558,0.32082508691353934,tvm
512,1,197,1,48,16,[512; 1; 197; 1; 48; 16],0.05480810551671311,0.12619280499158098,tvm
768,48,1,1,64,64,[768; 48; 1; 1; 64; 64],0.020488561131060123,0.33757317203419945,tvm
32,32,197,1,256,64,[32; 32; 197; 1; 256; 64],0.01567535212961957,0.44122699855396663,tvm
96,32,1,1,192,16,[96; 32; 1; 1; 192; 16],0.04222473973641172,0.1637994364110752,tvm
3072,2,1,1,192,96,[3072; 2; 1; 1; 192; 96],0.09178457548841834,0.0753545847395819,tvm
384,3,197,1,96,96,[384; 3; 197; 1; 96; 96],0.020520628124359064,0.3370456561813746,tvm
32,4,1,1,384,16,[32; 4; 1; 1; 384; 16],0.028746251249685884,0.24060140960133533,tvm
3,1,197,1,192,96,[3; 1; 197; 1; 192; 96],0.017861865620943718,0.3872153513079195,tvm
1024,1,1,1,256,64,[1024; 1; 1; 1; 256; 64],0.02410105537273921,0.2869745106370621,tvm
768,6,197,1,384,16,[768; 6; 197; 1; 384; 16],0.055009730509482324,0.12573027548710417,tvm
256,16,1,1,16,16,[256; 16; 1; 1; 16; 16],0.051053454517386854,0.1354734686772883,tvm
1536,1,1,1,16,16,[1536; 1; 1; 1; 16; 16],0.11734502401668578,0.0589406208689778,tvm
48,4,1,1,192,16,[48; 4; 1; 1; 192; 16],0.03947482176590711,0.17521012792518778,tvm
16,2,1,1,64,16,[16; 2; 1; 1; 64; 16],0.019199203248717822,0.3602435206206001,tvm
48,4,1,1,128,128,[48; 4; 1; 1; 128; 128],0.021517712128115818,0.32142769316034153,tvm
512,2,197,1,96,16,[512; 2; 197; 1; 96; 16],0.05397973948856816,0.1281293432861662,tvm
768,24,197,1,384,16,[768; 24; 197; 1; 384; 16],0.05450576700968668,0.12689278494511236,tvm
48,4,1,1,192,64,[48; 4; 1; 1; 192; 64],0.021519356494536623,0.32140313178902524,tvm
24,4,197,1,16,16,[24; 4; 197; 1; 16; 16],0.024724054877879098,0.2797432947625733,tvm
256,64,197,1,128,128,[256; 64; 197; 1; 128; 128],0.020242122627678327,0.3416829696492085,tvm
384,24,197,1,128,64,[384; 24; 197; 1; 128; 64],0.020627249745302834,0.33530347752751416,tvm
96,8,1,1,32,16,[96; 8; 1; 1; 32; 16],0.043220597493927926,0.16002528822976722,tvm
64,8,1,1,128,16,[64; 8; 1; 1; 128; 16],0.043147638760274276,0.16029587644078547,tvm
384,4,1,1,96,16,[384; 4; 1; 1; 96; 16],0.053043722989968956,0.1303903304965325,tvm
512,64,197,1,128,64,[512; 64; 197; 1; 128; 64],0.02052773411560338,0.33692898263775445,tvm
128,32,197,1,768,16,[128; 32; 197; 1; 768; 16],0.047313201997894794,0.14618305841435794,tvm
384,3,1,1,48,16,[384; 3; 1; 1; 48; 16],0.05311428150162101,0.13021711629889013,tvm
3072,12,1,1,128,128,[3072; 12; 1; 1; 128; 128],0.09247770201181993,0.07478979711827788,tvm
48,24,1,1,768,128,[48; 24; 1; 1; 768; 128],0.021383883504313417,0.3234393121358636,tvm
1024,16,197,1,32,16,[1024; 16; 197; 1; 32; 16],0.055255732499063015,0.12517051640833562,tvm
768,6,197,1,384,96,[768; 6; 197; 1; 384; 96],0.02031221987272147,0.3405038255182051,tvm
768,3,1,1,128,16,[768; 3; 1; 1; 128; 16],0.0545796575024724,0.12672099620843655,tvm
192,2,197,1,48,16,[192; 2; 197; 1; 48; 16],0.0502587744849734,0.137615543600182,tvm
8,8,197,1,768,128,[8; 8; 197; 1; 768; 128],0.01083781856141286,0.6381716516323488,tvm
1536,6,197,1,192,64,[1536; 6; 197; 1; 192; 64],0.08687704749172553,0.07961122956080328,tvm
96,24,197,1,256,128,[96; 24; 197; 1; 256; 128],0.02048799686599523,0.3375824692216732,tvm
1024,8,1,1,768,128,[1024; 8; 1; 1; 768; 128],0.08884216047590598,0.07785029691285252,tvm
768,6,197,1,192,16,[768; 6; 197; 1; 192; 16],0.0546850775135681,0.12647670783153817,tvm
96,16,1,1,128,128,[96; 16; 1; 1; 128; 128],0.020474311255384237,0.33780811892315704,tvm
64,16,197,1,96,16,[64; 16; 197; 1; 96; 16],0.034375320246908814,0.20120215671446798,tvm
1024,8,197,1,384,128,[1024; 8; 197; 1; 384; 128],0.022727549134287983,0.30431739606247915,tvm
384,64,197,1,192,64,[384; 64; 197; 1; 192; 64],0.020690974881290458,0.3342707925126633,tvm
24,3,197,1,128,16,[24; 3; 197; 1; 128; 16],0.022127697375253774,0.3125670264798282,tvm
3072,16,1,1,192,16,[3072; 16; 1; 1; 192; 16],0.11382366996258497,0.06076406228776545,tvm
3072,1,197,1,96,16,[3072; 1; 197; 1; 96; 16],0.1166155319660902,0.059309325737499,tvm
48,8,1,1,256,128,[48; 8; 1; 1; 256; 128],0.020909424623823725,0.33077852192777196,tvm
24,2,197,1,384,16,[24; 2; 197; 1; 384; 16],0.023210099010611884,0.2979904811378155,tvm
16,8,1,1,64,64,[16; 8; 1; 1; 64; 64],0.015533365614828654,0.44526014148704274,tvm
128,8,197,1,256,128,[128; 8; 197; 1; 256; 128],0.02010604525275994,0.3439954742208274,tvm
32,8,197,1,96,96,[32; 8; 197; 1; 96; 96],0.013442170369671658,0.5145291557257292,tvm
1536,2,1,1,256,64,[1536; 2; 1; 1; 256; 64],0.08373688952997327,0.08259667406147059,tvm
3,1,197,1,256,16,[3; 1; 197; 1; 256; 16],0.0357909727608785,0.1932439394044233,tvm
1,1,1,1,96,16,[1; 1; 1; 1; 96; 16],0.05110483051976189,0.1353372763608726,tvm
3072,6,197,1,384,96,[3072; 6; 197; 1; 384; 96],0.09332050353987142,0.07411435117764369,tvm
256,4,1,1,256,64,[256; 4; 1; 1; 256; 64],0.019899294624337927,0.3475695345989525,tvm
256,4,197,1,384,64,[256; 4; 197; 1; 384; 64],0.02077775362704415,0.3328747031838061,tvm
1536,3,1,1,96,96,[1536; 3; 1; 1; 96; 96],0.0880756180267781,0.07852784603027985,tvm
8,4,1,1,256,64,[8; 4; 1; 1; 256; 64],0.01452171137498226,0.47627916523282504,tvm
96,12,197,1,128,16,[96; 12; 197; 1; 128; 16],0.04218770450097509,0.16394323069340527,tvm
12,6,1,1,128,128,[12; 6; 1; 1; 128; 128],0.015067559492308646,0.459025137744377,tvm
192,3,197,1,192,96,[192; 3; 197; 1; 192; 96],0.020683943628682755,0.3343844237632472,tvm
1024,64,197,1,384,16,[1024; 64; 197; 1; 384; 16],0.05537695501698181,0.12489651280587027,tvm
192,3,1,1,48,16,[192; 3; 1; 1; 48; 16],0.04892243174253963,0.14137458677088915,tvm
192,48,197,1,256,16,[192; 48; 197; 1; 256; 16],0.04913178749848157,0.14077217466680453,tvm
1536,1,197,1,128,16,[1536; 1; 197; 1; 128; 16],0.1159937719348818,0.059627240808337444,tvm
12,12,1,1,256,64,[12; 12; 1; 1; 256; 64],0.01389718112477567,0.4976828400903652,tvm
1536,64,197,1,768,16,[1536; 64; 197; 1; 768; 16],0.11513026198372245,0.06007446219836133,tvm
768,24,1,1,384,128,[768; 24; 1; 1; 384; 128],0.06443579646293074,0.10733767488087928,tvm
64,4,1,1,768,16,[64; 4; 1; 1; 768; 16],0.0395161377673503,0.17502693740336,tvm
96,6,197,1,128,128,[96; 6; 197; 1; 128; 128],0.020544287617667578,0.3366575030560149,tvm
48,3,1,1,192,16,[48; 3; 1; 1; 192; 16],0.03946134075522423,0.17526998421899592,tvm
8,1,1,1,192,64,[8; 1; 1; 1; 192; 64],0.017617836492718197,0.392578769492341,tvm
1536,48,197,1,128,64,[1536; 48; 197; 1; 128; 64],0.08550947497133166,0.08088447009816625,tvm
96,6,197,1,256,64,[96; 6; 197; 1; 256; 64],0.020686898249550723,0.33433666507151605,tvm
64,8,197,1,192,64,[64; 8; 197; 1; 192; 64],0.021313006000127643,0.3245149263030822,tvm
16,2,197,1,96,16,[16; 2; 197; 1; 96; 16],0.017589299619430676,0.3932156891447869,tvm
1536,4,1,1,192,64,[1536; 4; 1; 1; 192; 64],0.08512763201724738,0.08124728020188872,tvm
4,2,197,1,48,16,[4; 2; 197; 1; 48; 16],0.024835456250002608,0.27848848443957397,tvm
512,2,197,1,192,96,[512; 2; 197; 1; 192; 96],0.02064542750304099,0.33500825160485603,tvm
12,3,1,1,192,96,[12; 3; 1; 1; 192; 96],0.014148130372632295,0.48885530379387926,tvm
2,1,197,1,384,128,[2; 1; 197; 1; 384; 128],0.02570391073822975,0.26907923241196674,tvm
128,2,197,1,96,16,[128; 2; 197; 1; 96; 16],0.04614955198485404,0.149869029577979,tvm
384,3,197,1,192,96,[384; 3; 197; 1; 192; 96],0.02057174099900294,0.3362082271871783,tvm
128,1,1,1,96,96,[128; 1; 1; 1; 96; 96],0.02929275674978271,0.23611258682506472,tvm
64,32,197,1,32,16,[64; 32; 197; 1; 32; 16],0.03459610650315881,0.19991811999992162,tvm
64,4,1,1,128,64,[64; 4; 1; 1; 128; 64],0.021240009751636535,0.32563019755184747,tvm
3,1,197,1,384,96,[3; 1; 197; 1; 384; 96],0.01795151474652812,0.38528161378505527,tvm
96,6,1,1,192,96,[96; 6; 1; 1; 192; 96],0.020683915121480823,0.33438488462204663,tvm
768,48,1,1,256,16,[768; 48; 1; 1; 256; 16],0.05443543748697266,0.1270567279464555,tvm
384,2,197,1,192,16,[384; 2; 197; 1; 192; 16],0.053546074021141976,0.12916705282067412,tvm
1536,2,1,1,32,16,[1536; 2; 1; 1; 32; 16],0.11505608796142042,0.06011319082696183,tvm
192,3,1,1,64,64,[192; 3; 1; 1; 64; 64],0.02116621487948578,0.32676548975848824,tvm
8,4,1,1,384,16,[8; 4; 1; 1; 384; 16],0.016076365500339307,0.4302209085307618,tvm
384,3,197,1,768,16,[384; 3; 197; 1; 768; 16],0.05436865799129009,0.12721278815704046,tvm
4,2,197,1,384,96,[4; 2; 197; 1; 384; 96],0.013702036128961481,0.5047708607927007,tvm
96,1,197,1,64,16,[96; 1; 197; 1; 64; 16],0.04672398051479831,0.1480265271756551,tvm
12,6,1,1,16,16,[12; 6; 1; 1; 16; 16],0.017817266620113514,0.38818460310970565,tvm
768,32,1,1,256,16,[768; 32; 1; 1; 256; 16],0.05453624448273331,0.1268218711616339,tvm
384,6,1,1,384,16,[384; 6; 1; 1; 384; 16],0.05337968602543697,0.1295696750283003,tvm
96,8,1,1,128,64,[96; 8; 1; 1; 128; 64],0.020749357747263275,0.3333302483707383,tvm
512,32,197,1,768,96,[512; 32; 197; 1; 768; 96],0.02030540675332304,0.3406180755426967,tvm
1536,6,197,1,64,64,[1536; 6; 197; 1; 64; 64],0.08463325747288764,0.0817218759852679,tvm
256,64,197,1,128,16,[256; 64; 197; 1; 128; 16],0.052083953050896525,0.13279308052270658,tvm
512,4,1,1,64,64,[512; 4; 1; 1; 64; 64],0.02055675112933386,0.33645338837415284,tvm
96,12,1,1,384,96,[96; 12; 1; 1; 384; 96],0.020722788249258883,0.3337576241303303,tvm
48,1,1,1,384,16,[48; 1; 1; 1; 384; 16],0.05165933904936537,0.13388457341313076,tvm
48,16,1,1,16,16,[48; 16; 1; 1; 16; 16],0.035361356276553124,0.19559172214258608,tvm
12,1,197,1,768,128,[12; 1; 197; 1; 768; 128],0.012968949624337256,0.5333036808508703,tvm
48,8,1,1,192,16,[48; 8; 1; 1; 192; 16],0.03480279850191437,0.19873081674877746,tvm
6,6,1,1,768,96,[6; 6; 1; 1; 768; 96],0.01529225411650259,0.452280515268496,tvm
32,8,1,1,96,16,[32; 8; 1; 1; 96; 16],0.029059944994514808,0.23800418661267492,tvm
192,3,1,1,384,16,[192; 3; 1; 1; 384; 16],0.048967038484988734,0.14124580095953423,tvm
768,24,1,1,64,16,[768; 24; 1; 1; 64; 16],0.054445253510493785,0.127033820681825,tvm
4,2,1,1,192,96,[4; 2; 1; 1; 192; 96],0.012885028118034825,0.5367771422825138,tvm
384,4,1,1,16,16,[384; 4; 1; 1; 16; 16],0.05350894498405978,0.12925667985958145,tvm
256,4,1,1,48,16,[256; 4; 1; 1; 48; 16],0.05169769749045372,0.13378523429802114,tvm
384,12,1,1,128,16,[384; 12; 1; 1; 128; 16],0.052586259960662574,0.13152463355641592,tvm
3072,1,197,1,768,64,[3072; 1; 197; 1; 768; 64],0.0860772259766236,0.08035096964331644,tvm
192,32,197,1,32,16,[192; 32; 197; 1; 32; 16],0.04963147299713455,0.13935489224403808,tvm
96,8,197,1,256,64,[96; 8; 197; 1; 256; 64],0.020933294887072407,0.33040133475117023,tvm
1536,2,1,1,384,16,[1536; 2; 1; 1; 384; 16],0.11293199902866036,0.061243833731069446,tvm
1024,8,197,1,192,96,[1024; 8; 197; 1; 192; 96],0.022686926371534355,0.3048623007877644,tvm
192,1,1,1,128,128,[192; 1; 1; 1; 128; 128],0.022579222626518458,0.3063165054808189,tvm
24,8,197,1,256,64,[24; 8; 197; 1; 256; 64],0.014921377005521208,0.46352213799499664,tvm
64,1,1,1,384,96,[64; 1; 1; 1; 384; 96],0.025405173742910847,0.2722433092337558,tvm
3072,64,197,1,384,64,[3072; 64; 197; 1; 384; 64],0.08747930999379605,0.07906313586514428,tvm
128,32,197,1,384,64,[128; 32; 197; 1; 384; 64],0.02048276374989655,0.3376687177512118,tvm
6,3,1,1,64,16,[6; 3; 1; 1; 64; 16],0.01442074061196763,0.479613964187715,tvm
64,8,1,1,256,128,[64; 8; 1; 1; 256; 128],0.020644610121962614,0.3350215155708183,tvm
3072,6,197,1,128,64,[3072; 6; 197; 1; 128; 64],0.08733449003193527,0.07919424008658528,tvm
64,1,197,1,768,64,[64; 1; 197; 1; 768; 64],0.021470220381161198,0.3221386855207727,tvm
1536,4,1,1,128,128,[1536; 4; 1; 1; 128; 128],0.08694027399178594,0.07955333303966844,tvm
768,6,1,1,64,64,[768; 6; 1; 1; 64; 64],0.02053479063033592,0.3368132013584318,tvm
48,24,197,1,256,64,[48; 24; 197; 1; 256; 64],0.02196906812605448,0.31482393935617126,tvm
64,64,197,1,96,96,[64; 64; 197; 1; 96; 96],0.016315256245434284,0.4239215411259064,tvm
384,32,1,1,384,96,[384; 32; 1; 1; 384; 96],0.02011402188509237,0.3438590556846661,tvm
768,12,1,1,384,64,[768; 12; 1; 1; 384; 64],0.062419114517979324,0.1108056181962716,tvm
3072,3,1,1,256,16,[3072; 3; 1; 1; 256; 16],0.11383160902187228,0.06075982436565238,tvm
96,16,1,1,256,16,[96; 16; 1; 1; 256; 16],0.042156865762081,0.16406315902283425,tvm
48,6,197,1,768,16,[48; 6; 197; 1; 768; 16],0.03260392026277259,0.21213364882767663,tvm
16,8,197,1,128,64,[16; 8; 197; 1; 128; 64],0.013555438257753849,0.5102298014947858,tvm
3072,3,1,1,768,64,[3072; 3; 1; 1; 768; 64],0.08594827394699678,0.08047152378759602,tvm
128,8,197,1,256,16,[128; 8; 197; 1; 256; 16],0.04560284974286333,0.1516657097183046,tvm
768,32,1,1,256,128,[768; 32; 1; 1; 256; 128],0.019917984260246158,0.3472433997868364,tvm
1536,16,197,1,48,16,[1536; 16; 197; 1; 48; 16],0.11668495798949152,0.05927403746463577,tvm
64,1,1,1,768,16,[64; 1; 1; 1; 768; 16],0.03928780250134878,0.1760441697188619,tvm
48,24,197,1,192,64,[48; 24; 197; 1; 192; 64],0.02197934512514621,0.3146767354554001,tvm
1536,8,197,1,768,16,[1536; 8; 197; 1; 768; 16],0.11550012906081975,0.059882085220758136,tvm
48,1,197,1,128,128,[48; 1; 197; 1; 128; 128],0.02369970624567941,0.29183435860895823,tvm
32,32,1,1,384,64,[32; 32; 1; 1; 384; 64],0.020110422119614668,0.3439206064542366,tvm
384,48,1,1,192,16,[384; 48; 1; 1; 192; 16],0.05270603054668754,0.13122575347999244,tvm
32,4,1,1,96,16,[32; 4; 1; 1; 96; 16],0.02786876625032164,0.2481770635020037,tvm
1024,1,197,1,96,96,[1024; 1; 197; 1; 96; 96],0.02262403462373186,0.30570977663610494,tvm
64,16,197,1,64,16,[64; 16; 197; 1; 64; 16],0.035949179000454023,0.19239350560248455,tvm
16,1,1,1,768,96,[16; 1; 1; 1; 768; 96],0.0257890579814557,0.26819081861780225,tvm
32,16,197,1,384,96,[32; 16; 197; 1; 384; 96],0.013593222000054084,0.5088115658966691,tvm
256,32,1,1,768,16,[256; 32; 1; 1; 768; 16],0.05088605696801096,0.13591912959136318,tvm
3072,2,197,1,128,16,[3072; 2; 197; 1; 128; 16],0.11656917503569275,0.059332911717963316,tvm
1,1,1,1,256,128,[1; 1; 1; 1; 256; 128],0.049451590777607635,0.1398618014642394,tvm
768,24,197,1,128,16,[768; 24; 197; 1; 128; 16],0.05448196595534682,0.12694821947315948,tvm
2,1,1,1,256,128,[2; 1; 1; 1; 256; 128],0.02482519125624094,0.2786036369282683,tvm
384,48,1,1,96,96,[384; 48; 1; 1; 96; 96],0.020376413871417753,0.33943109985267206,tvm
1536,1,197,1,256,128,[1536; 1; 197; 1; 256; 128],0.0877277654944919,0.07883921962953479,tvm
192,48,1,1,384,16,[192; 48; 1; 1; 384; 16],0.049293529271380976,0.1403102734509236,tvm
256,16,1,1,96,96,[256; 16; 1; 1; 96; 96],0.02048498237854801,0.33763214649730194,tvm
3072,1,1,1,768,16,[3072; 1; 1; 1; 768; 16],0.11467769497539848,0.0603115416028577,tvm
2,2,197,1,256,64,[2; 2; 197; 1; 256; 64],0.026475666498299688,0.26123567359003985,tvm
8,8,1,1,384,128,[8; 8; 1; 1; 384; 128],0.012575985500006936,0.5499679187308825,tvm
96,8,1,1,192,16,[96; 8; 1; 1; 192; 16],0.04223228050977923,0.1637701892472282,tvm
1536,12,197,1,768,64,[1536; 12; 197; 1; 768; 64],0.08524379500886425,0.08113656332064235,tvm
128,16,197,1,96,16,[128; 16; 197; 1; 96; 16],0.047460130765102804,0.14573049968320267,tvm
64,1,1,1,384,128,[64; 1; 1; 1; 384; 128],0.023240561509737745,0.2975998909721101,tvm
768,16,197,1,64,64,[768; 16; 197; 1; 64; 64],0.020522106991847977,0.3370213679412147,tvm
512,4,1,1,64,16,[512; 4; 1; 1; 64; 16],0.05393925600219518,0.12822550928672605,tvm
6,2,197,1,192,64,[6; 2; 197; 1; 192; 64],0.014038923996849917,0.49265802514355694,tvm
128,2,197,1,384,64,[128; 2; 197; 1; 384; 64],0.02076373586896807,0.33309942946082693,tvm
12,4,197,1,96,16,[12; 4; 197; 1; 96; 16],0.02290980074030813,0.3018964961689819,tvm
3072,3,1,1,384,128,[3072; 3; 1; 1; 384; 128],0.09377393749309704,0.07375597907401196,tvm
128,16,197,1,192,64,[128; 16; 197; 1; 192; 64],0.020666593249188736,0.3346651520177411,tvm
512,16,1,1,128,64,[512; 16; 1; 1; 128; 64],0.01998754525266122,0.34603491744478704,tvm
48,24,1,1,256,64,[48; 24; 1; 1; 256; 64],0.02125971387431491,0.32532839399050706,tvm
12,12,1,1,128,16,[12; 12; 1; 1; 128; 16],0.01784691450302489,0.3875397380458289,tvm
768,32,1,1,768,128,[768; 32; 1; 1; 768; 128],0.08638540701940656,0.0800643165329394,tvm
96,3,197,1,96,16,[96; 3; 197; 1; 96; 16],0.04292024450842291,0.16114513443816145,tvm
48,8,197,1,64,16,[48; 8; 197; 1; 64; 16],0.03486108174547553,0.19839856439125614,tvm
192,3,1,1,768,64,[192; 3; 1; 1; 768; 64],0.020452749377000146,0.338164245986718,tvm
384,3,1,1,192,96,[384; 3; 1; 1; 192; 96],0.020240652258507907,0.3417077909888676,tvm
48,24,197,1,32,16,[48; 24; 197; 1; 32; 16],0.034506422001868486,0.2004377205800722,tvm
4,4,1,1,768,96,[4; 4; 1; 1; 768; 96],0.018299965871847235,0.37794543551957,tvm
48,24,1,1,192,64,[48; 24; 1; 1; 192; 64],0.021500548245967366,0.3216842888053241,tvm
12,1,1,1,128,64,[12; 1; 1; 1; 128; 64],0.01852236887498293,0.3734073442825193,tvm
3,3,1,1,384,64,[3; 3; 1; 1; 384; 64],0.019288253373815678,0.3585803461508731,tvm
768,32,1,1,384,128,[768; 32; 1; 1; 384; 128],0.06491524301236495,0.10654490764382024,tvm
256,16,1,1,32,16,[256; 16; 1; 1; 32; 16],0.051036741002462804,0.13551783353672245,tvm
24,24,197,1,384,128,[24; 24; 197; 1; 384; 128],0.014913931881892495,0.4637535310072048,tvm
3072,32,1,1,128,64,[3072; 32; 1; 1; 128; 64],0.08629396604374051,0.08014915629121515,tvm
16,8,1,1,384,128,[16; 8; 1; 1; 384; 128],0.013455829379381612,0.5140068572827301,tvm
512,32,197,1,96,96,[512; 32; 197; 1; 96; 96],0.020191147501464002,0.34254559187025324,tvm
32,4,197,1,384,64,[32; 4; 197; 1; 384; 64],0.013836703117704019,0.4998581318536114,tvm
32,32,1,1,256,128,[32; 32; 1; 1; 256; 128],0.014222368627088144,0.4863035653748638,tvm
96,32,197,1,32,16,[96; 32; 197; 1; 32; 16],0.043314634996932,0.15967786804433334,tvm
384,64,197,1,128,64,[384; 64; 197; 1; 128; 64],0.020576592869474553,0.33612895075982463,tvm
6,1,197,1,384,64,[6; 1; 197; 1; 384; 64],0.014178004741552286,0.487825240399188,tvm
48,6,197,1,16,16,[48; 6; 197; 1; 16; 16],0.03521327074849978,0.19641426156708933,tvm
512,1,1,1,256,128,[512; 1; 1; 1; 256; 128],0.021735437243478373,0.3182079336132888,tvm
1536,16,1,1,48,16,[1536; 16; 1; 1; 48; 16],0.11290798103436828,0.06125686163251186,tvm
384,4,1,1,256,64,[384; 4; 1; 1; 256; 64],0.019750086998101324,0.35019534709358385,tvm
4,1,197,1,128,64,[4; 1; 197; 1; 128; 64],0.015621392871253192,0.44275108042102,tvm
384,1,197,1,96,96,[384; 1; 197; 1; 96; 96],0.028573523479280993,0.24205585203531962,tvm
12,1,1,1,32,16,[12; 1; 1; 1; 32; 16],0.02091065188869834,0.33075910824026955,tvm
384,32,1,1,768,16,[384; 32; 1; 1; 768; 16],0.06160703650675714,0.11226621119277459,tvm
96,12,1,1,32,16,[96; 12; 1; 1; 32; 16],0.04275274250539951,0.16177648885460522,tvm
48,1,1,1,128,64,[48; 1; 1; 1; 128; 64],0.021601555505185388,0.32018011711093275,tvm
48,1,1,1,128,128,[48; 1; 1; 1; 128; 128],0.023654017510125414,0.29239804901928057,tvm
24,8,1,1,256,128,[24; 8; 1; 1; 256; 128],0.010546495192102157,0.6557997178634258,tvm
256,64,1,1,384,96,[256; 64; 1; 1; 384; 96],0.02042377150792163,0.3386440437186618,tvm
96,6,197,1,32,16,[96; 6; 197; 1; 32; 16],0.04258712925366126,0.16240560687320715,tvm
24,3,197,1,16,16,[24; 3; 197; 1; 16; 16],0.021688608496333472,0.3188949891643721,tvm
192,64,197,1,64,16,[192; 64; 197; 1; 64; 16],0.048863115516724065,0.1415462051137804,tvm
192,4,1,1,384,64,[192; 4; 1; 1; 384; 64],0.02020553262264002,0.3423017200585375,tvm
12,12,1,1,16,16,[12; 12; 1; 1; 16; 16],0.017812350124586374,0.38829174831241864,tvm
8,1,197,1,192,16,[8; 1; 197; 1; 192; 16],0.019616487741586752,0.3525803733339021,tvm
96,4,197,1,48,16,[96; 4; 197; 1; 48; 16],0.04214957024669275,0.16409155611666676,tvm
16,16,1,1,192,16,[16; 16; 1; 1; 192; 16],0.018087674499838613,0.3823813045447209,tvm
48,3,1,1,256,16,[48; 3; 1; 1; 256; 16],0.039204063010402024,0.17642019832468497,tvm
6,1,1,1,48,16,[6; 1; 1; 1; 48; 16],0.012188493376015685,0.5674522976759806,tvm
128,64,1,1,256,16,[128; 64; 1; 1; 256; 16],0.045591911737574264,0.15170209600420148,tvm
1536,12,197,1,96,16,[1536; 12; 197; 1; 96; 16],0.11591793899424374,0.059666248653472226,tvm
192,3,197,1,768,96,[192; 3; 197; 1; 768; 96],0.020578969750204124,0.33609012770719326,tvm
128,2,197,1,128,64,[128; 2; 197; 1; 128; 64],0.020794256881345063,0.3326105188992543,tvm
1024,64,1,1,96,96,[1024; 64; 1; 1; 96; 96],0.022918034621397965,0.3017880322499784,tvm
192,64,197,1,384,128,[192; 64; 197; 1; 384; 128],0.020238916637026705,0.34173709470076935,tvm
192,4,1,1,768,64,[192; 4; 1; 1; 768; 64],0.01996450086880941,0.34643433446583494,tvm
192,1,1,1,192,64,[192; 1; 1; 1; 192; 64],0.020327663878560998,0.3402451266779892,tvm
192,2,197,1,768,96,[192; 2; 197; 1; 768; 96],0.02088413736782968,0.3311790403219003,tvm
64,8,197,1,48,16,[64; 8; 197; 1; 48; 16],0.034603780979523435,0.19987378187144633,tvm
12,6,197,1,128,128,[12; 6; 197; 1; 128; 128],0.014976870865211822,0.46180464755784956,tvm
48,3,1,1,128,16,[48; 3; 1; 1; 128; 16],0.03867135525797494,0.17885043141854332,tvm
96,1,197,1,128,64,[96; 1; 197; 1; 128; 64],0.021050002877018414,0.3285694834265139,tvm
6,3,1,1,256,64,[6; 3; 1; 1; 256; 64],0.016947829877608456,0.4080987726084348,tvm
512,32,197,1,16,16,[512; 32; 197; 1; 16; 16],0.05368012853432447,0.1288444860374366,tvm
1536,24,197,1,768,64,[1536; 24; 197; 1; 768; 64],0.08542316104285419,0.0809661980075735,tvm
32,4,1,1,128,64,[32; 4; 1; 1; 128; 64],0.01456713699735701,0.4747939538622755,tvm
64,4,1,1,64,16,[64; 4; 1; 1; 64; 16],0.040217278263298795,0.17197555056181613,tvm
64,4,1,1,256,64,[64; 4; 1; 1; 256; 64],0.02109330374514684,0.3278949876697195,tvm
768,12,1,1,768,128,[768; 12; 1; 1; 768; 128],0.08830304600996897,0.07832559446078163,tvm
1536,64,1,1,192,96,[1536; 64; 1; 1; 192; 96],0.08667696348857135,0.07979500311337649,tvm
24,1,1,1,256,16,[24; 1; 1; 1; 256; 16],0.02862864048802294,0.24158983638507414,tvm
1024,4,197,1,192,64,[1024; 4; 197; 1; 192; 64],0.022636222376604564,0.30554517694511313,tvm
12,2,1,1,16,16,[12; 2; 1; 1; 16; 16],0.02325000699784141,0.297478988805066,tvm
16,2,1,1,384,96,[16; 2; 1; 1; 384; 96],0.018823516758857295,0.36743338984061547,tvm
256,64,197,1,768,64,[256; 64; 197; 1; 768; 64],0.02077119512250647,0.332979808366172,tvm
64,64,197,1,64,64,[64; 64; 197; 1; 64; 64],0.01692686550086364,0.4086042138797454,tvm
256,2,197,1,384,16,[256; 2; 197; 1; 384; 16],0.053067072469275445,0.13033295883116586,tvm
1536,12,197,1,768,16,[1536; 12; 197; 1; 768; 16],0.1140513540012762,0.060642757221025,tvm
96,8,197,1,192,16,[96; 8; 197; 1; 192; 16],0.042255086242221296,0.16368179990880513,tvm
768,32,1,1,64,16,[768; 32; 1; 1; 64; 16],0.05462768499273807,0.12660958582352522,tvm
384,4,197,1,96,96,[384; 4; 197; 1; 96; 96],0.020483576998231,0.3376553114734737,tvm
96,48,197,1,192,64,[96; 48; 197; 1; 192; 64],0.020871709260973148,0.331376241636383,tvm
1024,2,197,1,192,64,[1024; 2; 197; 1; 192; 64],0.022799298880272545,0.3033597045132421,tvm
96,12,1,1,256,64,[96; 12; 1; 1; 256; 64],0.020543702252325602,0.3366670956616701,tvm
128,2,197,1,32,16,[128; 2; 197; 1; 32; 16],0.04602995250024833,0.15025843381852844,tvm
192,64,197,1,32,16,[192; 64; 197; 1; 32; 16],0.049108132981928065,0.1408399821262564,tvm
512,2,197,1,96,96,[512; 2; 197; 1; 96; 96],0.020682641625171527,0.3344054737674841,tvm
1536,3,1,1,192,16,[1536; 3; 1; 1; 192; 16],0.11255013092886657,0.06145162617180638,tvm
768,64,1,1,96,16,[768; 64; 1; 1; 96; 16],0.05448284250451252,0.1269461770621774,tvm
128,2,1,1,768,64,[128; 2; 1; 1; 768; 64],0.020331047126092017,0.34018850718969446,tvm
192,3,1,1,64,16,[192; 3; 1; 1; 64; 16],0.04876966049778275,0.1418174434850334,tvm
4,4,1,1,32,16,[4; 4; 1; 1; 32; 16],0.013527715869713575,0.5112754169322314,tvm
384,4,197,1,32,16,[384; 4; 197; 1; 32; 16],0.0533641335205175,0.12960743696455507,tvm
1024,1,1,1,128,128,[1024; 1; 1; 1; 128; 128],0.02253420586930588,0.30692843633107436,tvm
64,32,197,1,384,16,[64; 32; 197; 1; 384; 16],0.03457610198529437,0.20003378560053395,tvm
32,4,1,1,96,96,[32; 4; 1; 1; 96; 96],0.014204493010765873,0.48691555314128426,tvm
48,3,1,1,64,64,[48; 3; 1; 1; 64; 64],0.022660097136395052,0.3052232534484574,tvm
24,24,1,1,384,128,[24; 24; 1; 1; 384; 128],0.018426075752358884,0.3753587396677854,tvm
96,12,1,1,128,16,[96; 12; 1; 1; 128; 16],0.04262711576302536,0.16225326174725213,tvm
384,2,197,1,256,16,[384; 2; 197; 1; 256; 16],0.0539518345030956,0.12819561438697194,tvm
256,64,197,1,96,16,[256; 64; 197; 1; 96; 16],0.05250266700750217,0.1317340425856896,tvm
3072,24,197,1,768,64,[3072; 24; 197; 1; 768; 64],0.08601992449257523,0.08040449479847608,tvm
1024,2,1,1,96,96,[1024; 2; 1; 1; 96; 96],0.026256376993842423,0.2634174765639061,tvm
768,4,1,1,256,64,[768; 4; 1; 1; 256; 64],0.020895167253911495,0.3310042215686907,tvm
1024,32,197,1,96,96,[1024; 32; 197; 1; 96; 96],0.026287761516869068,0.26310298680206257,tvm
3072,24,197,1,16,16,[3072; 24; 197; 1; 16; 16],0.11562981200404465,0.059814925334191846,tvm
768,12,197,1,128,64,[768; 12; 197; 1; 128; 64],0.020474883873248473,0.3377986714965061,tvm
16,1,1,1,96,96,[16; 1; 1; 1; 96; 96],0.02749558599316515,0.2515454143493376,tvm
32,8,1,1,192,96,[32; 8; 1; 1; 192; 96],0.013610897760372609,0.5081507989550301,tvm
48,8,1,1,128,64,[48; 8; 1; 1; 128; 64],0.02155216474784538,0.3209138688548684,tvm
1024,16,1,1,768,128,[1024; 16; 1; 1; 768; 128],0.08768486400367692,0.07887779322025913,tvm
32,2,197,1,96,16,[32; 2; 197; 1; 96; 16],0.02499391112360172,0.27672294012830323,tvm
1024,32,1,1,16,16,[1024; 32; 1; 1; 16; 16],0.055310725001618266,0.12504606604281923,tvm
128,16,197,1,768,16,[128; 16; 197; 1; 768; 16],0.04816974326968193,0.14358367103404826,tvm
32,4,197,1,384,16,[32; 4; 197; 1; 384; 16],0.02654979075305164,0.26050633075643354,tvm
192,3,197,1,768,128,[192; 3; 197; 1; 768; 128],0.02051674462563824,0.3371094536501506,tvm
32,8,197,1,384,64,[32; 8; 197; 1; 384; 64],0.014781351128476672,0.4679131502467296,tvm
96,8,1,1,128,128,[96; 8; 1; 1; 128; 128],0.020633070627809502,0.33520888365043344,tvm
64,2,1,1,192,64,[64; 2; 1; 1; 192; 64],0.021052084615803324,0.32853699278011617,tvm
48,16,1,1,384,64,[48; 16; 1; 1; 384; 64],0.021427659987239167,0.32277852903898485,tvm
24,8,1,1,128,128,[24; 8; 1; 1; 128; 128],0.011334552247717511,0.6102039516224697,tvm
192,4,1,1,16,16,[192; 4; 1; 1; 16; 16],0.050832156965043396,0.13606325177554202,tvm
128,4,1,1,384,128,[128; 4; 1; 1; 384; 128],0.020360418246127665,0.33969776493879217,tvm
3,3,1,1,384,96,[3; 3; 1; 1; 384; 96],0.022239651007112116,0.3109935749089205,tvm
192,8,197,1,768,16,[192; 8; 197; 1; 768; 16],0.05095901101594791,0.13572454475743354,tvm
16,8,197,1,32,16,[16; 8; 197; 1; 32; 16],0.02243830112274736,0.3082402956263439,tvm
48,8,197,1,32,16,[48; 8; 197; 1; 32; 16],0.03505728498566896,0.19728819771000283,tvm
48,16,1,1,256,16,[48; 16; 1; 1; 256; 16],0.03497624400188215,0.19774532025383815,tvm
96,32,1,1,64,64,[96; 32; 1; 1; 64; 64],0.021563555754255503,0.320744345239242,tvm
24,4,197,1,384,96,[24; 4; 197; 1; 384; 96],0.013998236259794794,0.49409000127348623,tvm
3072,48,197,1,768,16,[3072; 48; 197; 1; 768; 16],0.11658559006173164,0.05932455775852204,tvm
32,8,1,1,64,64,[32; 8; 1; 1; 64; 64],0.014347304371767677,0.4820688536474137,tvm
4,2,197,1,384,128,[4; 2; 197; 1; 384; 128],0.014098771003773436,0.49056677135740756,tvm
512,2,197,1,768,128,[512; 2; 197; 1; 768; 128],0.02007781938300468,0.3444790711327497,tvm
1536,32,1,1,256,128,[1536; 32; 1; 1; 256; 128],0.08580528903985396,0.08060562057213184,tvm
512,4,197,1,96,96,[512; 4; 197; 1; 96; 96],0.020408959870110266,0.33888981189864054,tvm
48,12,197,1,768,64,[48; 12; 197; 1; 768; 64],0.021639161495841108,0.31962368656280193,tvm
1536,8,1,1,128,16,[1536; 8; 1; 1; 128; 16],0.11299073102418333,0.061211999504174025,tvm
192,4,197,1,16,16,[192; 4; 197; 1; 16; 16],0.0507258540019393,0.13634839092436277,tvm
128,32,197,1,192,16,[128; 32; 197; 1; 192; 16],0.046134493983117864,0.14991794586409696,tvm
2,1,197,1,128,128,[2; 1; 197; 1; 128; 128],0.02544102052343078,0.27185971431683276,tvm
24,1,1,1,128,64,[24; 1; 1; 1; 128; 64],0.014670589618617669,0.47144584854662885,tvm
32,4,197,1,128,64,[32; 4; 197; 1; 128; 64],0.01451297162566334,0.47656598178682413,tvm
512,4,197,1,768,96,[512; 4; 197; 1; 768; 96],0.02038095962780062,0.3393553933542109,tvm
192,24,197,1,48,16,[192; 24; 197; 1; 48; 16],0.049678343726554886,0.13922341311333833,tvm
384,24,197,1,192,16,[384; 24; 197; 1; 192; 16],0.05292509403079748,0.13068259392045437,tvm
512,2,197,1,384,96,[512; 2; 197; 1; 384; 96],0.020753694130689837,0.3332606006369178,tvm
512,32,197,1,384,16,[512; 32; 197; 1; 384; 16],0.053818173008039594,0.12851399787197107,tvm
3072,1,1,1,96,96,[3072; 1; 1; 1; 96; 96],0.09196827298728749,0.07520407143433697,tvm
48,6,1,1,768,128,[48; 6; 1; 1; 768; 128],0.02115142362890765,0.3269939977929402,tvm
12,12,197,1,128,16,[12; 12; 197; 1; 128; 16],0.023141293873777613,0.2988764850035385,tvm
64,2,197,1,64,64,[64; 2; 197; 1; 64; 64],0.022031933491234668,0.3139256286417274,tvm
3072,24,197,1,384,96,[3072; 24; 197; 1; 384; 96],0.09205739648314193,0.07513126414231298,tvm
384,64,1,1,256,64,[384; 64; 1; 1; 256; 64],0.0198226363863796,0.34891365793204554,tvm
48,6,197,1,256,128,[48; 6; 197; 1; 256; 128],0.02151007937209215,0.3215417503480768,tvm
192,8,1,1,256,16,[192; 8; 1; 1; 256; 16],0.04918354275287129,0.1406240417893605,tvm
6,6,197,1,128,64,[6; 6; 197; 1; 128; 64],0.014325353622552939,0.48280752808362387,tvm
128,1,197,1,48,16,[128; 1; 197; 1; 48; 16],0.0494448232348077,0.13988094443342325,tvm
1024,16,1,1,96,96,[1024; 16; 1; 1; 96; 96],0.023042906992486678,0.3001526054713372,tvm
6,2,197,1,192,96,[6; 2; 197; 1; 192; 96],0.012608340999577194,0.5485565921528062,tvm
48,6,1,1,384,96,[48; 6; 1; 1; 384; 96],0.0218750991334673,0.3161763304124644,tvm
6,3,1,1,768,16,[6; 3; 1; 1; 768; 16],0.01688153912255075,0.4097013027792887,tvm
384,64,197,1,384,16,[384; 64; 197; 1; 384; 16],0.053892033000011,0.12833786714684078,tvm
48,12,1,1,16,16,[48; 12; 1; 1; 16; 16],0.03414540973608382,0.20255690662043935,tvm
32,2,197,1,128,16,[32; 2; 197; 1; 128; 16],0.02494869711517822,0.2772244393965085,tvm
1024,2,197,1,384,64,[1024; 2; 197; 1; 384; 64],0.022500570630654693,0.3073872518595466,tvm
3072,32,1,1,96,16,[3072; 32; 1; 1; 96; 16],0.11591356596909463,0.05966849965838035,tvm
24,8,197,1,64,16,[24; 8; 197; 1; 64; 16],0.02131622012529988,0.32446599494530554,tvm
768,8,197,1,256,16,[768; 8; 197; 1; 256; 16],0.05511415103683248,0.12549206404007543,tvm
3072,8,1,1,256,16,[3072; 8; 1; 1; 256; 16],0.11386178608518094,0.06074372104311067,tvm
16,16,197,1,64,16,[16; 16; 197; 1; 64; 16],0.017627690380322747,0.3923593177668428,tvm
384,1,1,1,48,16,[384; 1; 1; 1; 48; 16],0.05397019948577508,0.128151991975711,tvm
1536,48,197,1,16,16,[1536; 48; 197; 1; 16; 16],0.11632849602028728,0.05945566914423425,tvm
8,1,197,1,128,64,[8; 1; 197; 1; 128; 64],0.010617660693242215,0.6514041813212792,tvm
48,16,197,1,256,64,[48; 16; 197; 1; 256; 64],0.021390766371041536,0.3233352396757445,tvm
192,1,1,1,768,16,[192; 1; 1; 1; 768; 16],0.05033567198552191,0.1374053091695674,tvm
768,12,1,1,96,96,[768; 12; 1; 1; 96; 96],0.02019532125268597,0.34247479824113686,tvm
3072,32,1,1,64,64,[3072; 32; 1; 1; 64; 64],0.08595857600448653,0.08046187934834538,tvm
1024,16,1,1,128,16,[1024; 16; 1; 1; 128; 16],0.0551263420493342,0.12546431187541685,tvm
384,48,1,1,768,16,[384; 48; 1; 1; 768; 16],0.061555556021630764,0.11236010229520364,tvm
768,1,197,1,128,16,[768; 1; 197; 1; 128; 16],0.05522380745969713,0.12524287783808133,tvm
8,1,1,1,16,16,[8; 1; 1; 1; 16; 16],0.024705384756089188,0.27995469974309445,tvm
4,1,1,1,96,16,[4; 1; 1; 1; 96; 16],0.016356264502974227,0.4228586894135206,tvm
768,8,197,1,768,64,[768; 8; 197; 1; 768; 64],0.02035647637967486,0.3397635446542366,tvm
3072,1,1,1,64,16,[3072; 1; 1; 1; 64; 16],0.11435065499972552,0.06048403108355761,tvm
32,2,1,1,96,16,[32; 2; 1; 1; 96; 16],0.027861224254593253,0.24824424469747852,tvm
96,12,197,1,48,16,[96; 12; 197; 1; 48; 16],0.04300240147858858,0.16083726335312518,tvm
96,3,197,1,48,16,[96; 3; 197; 1; 48; 16],0.043710427766200155,0.15823200377775273,tvm
24,4,197,1,96,96,[24; 4; 197; 1; 96; 96],0.014578841248294339,0.47441277764361134,tvm
256,4,1,1,96,96,[256; 4; 1; 1; 96; 96],0.020667625009082258,0.3346484450143259,tvm
192,24,1,1,96,96,[192; 24; 1; 1; 96; 96],0.020550450499285944,0.3365565427224523,tvm
768,8,197,1,256,128,[768; 8; 197; 1; 256; 128],0.01996063436672557,0.3465014410042102,tvm
96,24,197,1,384,128,[96; 24; 197; 1; 384; 128],0.02038646886649076,0.3392636859636364,tvm
512,64,197,1,48,16,[512; 64; 197; 1; 48; 16],0.05421945347916335,0.12756286033179132,tvm
1024,2,1,1,768,128,[1024; 2; 1; 1; 768; 128],0.08711968548595905,0.07938950344974874,tvm
3072,48,1,1,64,16,[3072; 48; 1; 1; 64; 16],0.11441337305586785,0.0604508755113033,tvm
8,4,197,1,384,16,[8; 4; 197; 1; 384; 16],0.024439341999823228,0.28300224169204713,tvm
256,32,1,1,768,96,[256; 32; 1; 1; 768; 96],0.019940401878557168,0.34685301798586526,tvm
48,6,1,1,768,16,[48; 6; 1; 1; 768; 16],0.034285847505088896,0.20172721617577055,tvm
256,16,1,1,384,64,[256; 16; 1; 1; 384; 64],0.019940717000281438,0.3468475366924346,tvm
768,6,197,1,128,16,[768; 6; 197; 1; 128; 16],0.05486470297910273,0.12606262671399016,tvm
384,16,1,1,768,128,[384; 16; 1; 1; 768; 128],0.04477900799247436,0.1544560471860152,tvm
128,4,1,1,256,16,[128; 4; 1; 1; 256; 16],0.04668089500046335,0.14816315264220875,tvm
16,4,1,1,16,16,[16; 4; 1; 1; 16; 16],0.02066869799455162,0.33463107222582517,tvm
48,2,197,1,128,64,[48; 2; 197; 1; 128; 64],0.02200338337570429,0.31433295749714174,tvm
192,48,197,1,384,64,[192; 48; 197; 1; 384; 64],0.020946291624568403,0.33019632760751666,tvm
3072,1,1,1,768,96,[3072; 1; 1; 1; 768; 96],0.09370707301422954,0.0738086074930364,tvm
4,1,197,1,384,16,[4; 1; 197; 1; 384; 16],0.026449536002473906,0.26149375818092463,tvm
192,32,197,1,256,16,[192; 32; 197; 1; 256; 16],0.049381312739569694,0.14006084868388696,tvm
768,4,1,1,128,16,[768; 4; 1; 1; 128; 16],0.054573752044234425,0.1267347087629697,tvm
12,12,197,1,768,16,[12; 12; 197; 1; 768; 16],0.023029096744721755,0.30033260305851117,tvm
3072,24,1,1,192,16,[3072; 24; 1; 1; 192; 16],0.11389767494983971,0.060724580852721824,tvm
192,4,1,1,128,16,[192; 4; 1; 1; 128; 16],0.05023810802958906,0.13767215451973194,tvm
192,32,1,1,96,16,[192; 32; 1; 1; 96; 16],0.049128302751341835,0.1407821598567165,tvm
128,2,197,1,384,16,[128; 2; 197; 1; 384; 16],0.047968452010536566,0.1441861949163868,tvm
1536,6,197,1,32,16,[1536; 6; 197; 1; 32; 16],0.1150815439177677,0.0600998938315489,tvm
768,64,197,1,48,16,[768; 64; 197; 1; 48; 16],0.05479464796371758,0.1262237979155971,tvm
768,16,1,1,256,16,[768; 16; 1; 1; 256; 16],0.05460938799660653,0.12665200664505452,tvm
192,4,1,1,768,96,[192; 4; 1; 1; 768; 96],0.02009332276065834,0.34421328188538797,tvm
1024,1,197,1,128,16,[1024; 1; 197; 1; 128; 16],0.05578786146361381,0.12397658540719664,tvm
512,8,197,1,96,16,[512; 8; 197; 1; 96; 16],0.054017527494579554,0.12803971029815467,tvm
96,2,197,1,768,16,[96; 2; 197; 1; 768; 16],0.04390664474340156,0.1575248715051949,tvm
512,8,197,1,256,64,[512; 8; 197; 1; 256; 64],0.02045317436568439,0.3381572194012408,tvm
32,16,197,1,192,96,[32; 16; 197; 1; 192; 96],0.01333794200036209,0.5185499060680282,tvm
192,32,197,1,128,128,[192; 32; 197; 1; 128; 128],0.020137232131673954,0.34346272249351234,tvm
1536,3,197,1,768,64,[1536; 3; 197; 1; 768; 64],0.08559281099587679,0.08080571827185054,tvm
768,1,1,1,768,64,[768; 1; 1; 1; 768; 64],0.08495516999391839,0.08141221507677153,tvm
96,4,197,1,96,96,[96; 4; 197; 1; 96; 96],0.02120881299197208,0.32610917801229844,tvm
64,16,197,1,256,16,[64; 16; 197; 1; 256; 16],0.03584543874603696,0.19295031148679245,tvm
48,2,1,1,768,64,[48; 2; 1; 1; 768; 64],0.02151335624512285,0.321492773727323,tvm
3072,3,1,1,768,128,[3072; 3; 1; 1; 768; 128],0.09297849651193246,0.07438696936275961,tvm
1024,16,197,1,384,96,[1024; 16; 197; 1; 384; 96],0.023138929129345343,0.29890702948119763,tvm
3,1,1,1,192,16,[3; 1; 1; 1; 192; 16],0.019365293250302784,0.3571538257661257,tvm
384,8,197,1,768,64,[384; 8; 197; 1; 768; 64],0.020665127492975444,0.3346888894723544,tvm
768,1,1,1,96,16,[768; 1; 1; 1; 96; 16],0.05498503550188616,0.12578674376215174,tvm
768,1,197,1,192,16,[768; 1; 197; 1; 192; 16],0.0550124064902775,0.1257241595611878,tvm
192,3,197,1,192,64,[192; 3; 197; 1; 192; 64],0.020871235625236295,0.33138376163343547,tvm
32,1,197,1,256,64,[32; 1; 197; 1; 256; 64],0.014403118257177994,0.4802007765215489,tvm
2,2,1,1,192,64,[2; 2; 1; 1; 192; 64],0.024845963998814113,0.27837070728101704,tvm
48,3,197,1,32,16,[48; 3; 197; 1; 32; 16],0.039600562246050686,0.1746537972985051,tvm
1536,64,197,1,384,16,[1536; 64; 197; 1; 384; 16],0.11634014605078846,0.05944971539239096,tvm
12,4,1,1,32,16,[12; 4; 1; 1; 32; 16],0.01817403474706225,0.3805642867798838,tvm
12,6,1,1,256,64,[12; 6; 1; 1; 256; 64],0.01344133737438824,0.5145610424605058,tvm
192,8,1,1,768,16,[192; 8; 1; 1; 768; 16],0.049289456743281335,0.14032186654951004,tvm
384,1,197,1,384,128,[384; 1; 197; 1; 384; 128],0.022683804752887227,0.3049042542366374,tvm
256,2,1,1,128,128,[256; 2; 1; 1; 128; 128],0.020148623749264516,0.34326853573217575,tvm
48,1,1,1,256,128,[48; 1; 1; 1; 256; 128],0.023118768629501574,0.2991676884815852,tvm
6,3,197,1,384,64,[6; 3; 197; 1; 384; 64],0.013781188623397611,0.5018717006518562,tvm
384,16,197,1,384,96,[384; 16; 197; 1; 384; 96],0.020452486380236223,0.33816859441168284,tvm
512,1,197,1,128,16,[512; 1; 197; 1; 128; 16],0.05476481647929177,0.1262925545280311,tvm
24,3,1,1,384,96,[24; 3; 1; 1; 384; 96],0.02014599138055928,0.34331338879171913,tvm
16,1,1,1,768,128,[16; 1; 1; 1; 768; 128],0.02239985037886072,0.3087694093687221,tvm
48,2,197,1,96,96,[48; 2; 197; 1; 96; 96],0.022890780746820383,0.30214734254484893,tvm
768,4,1,1,128,128,[768; 4; 1; 1; 128; 128],0.020042954871314578,0.3450782888967778,tvm
256,8,1,1,16,16,[256; 8; 1; 1; 16; 16],0.05114051001146436,0.1352428548303116,tvm
1024,8,197,1,256,64,[1024; 8; 197; 1; 256; 64],0.022485302863060497,0.3075959711795127,tvm
48,8,1,1,128,128,[48; 8; 1; 1; 128; 128],0.021511117127374746,0.3215262382922397,tvm
24,1,1,1,16,16,[24; 1; 1; 1; 16; 16],0.021266291252686642,0.32522777428597477,tvm
768,64,1,1,64,64,[768; 64; 1; 1; 64; 64],0.02051805162045639,0.3370879798612539,tvm
512,2,197,1,64,64,[512; 2; 197; 1; 64; 64],0.020711707256850787,0.33393618814986126,tvm
768,16,1,1,384,128,[768; 16; 1; 1; 384; 128],0.06428143050288782,0.10759543646306775,tvm
96,16,1,1,768,16,[96; 16; 1; 1; 768; 16],0.04247427100199275,0.16283713429958757,tvm
64,32,1,1,256,64,[64; 32; 1; 1; 256; 64],0.02063871963764541,0.3351171338561598,tvm
64,8,1,1,768,64,[64; 8; 1; 1; 768; 64],0.021004780879593454,0.3292768732545063,tvm
8,4,1,1,32,16,[8; 4; 1; 1; 32; 16],0.012442320119589567,0.5558761151418374,tvm
192,4,197,1,48,16,[192; 4; 197; 1; 48; 16],0.050424696994014084,0.13716271953502499,tvm
3,3,1,1,256,16,[3; 3; 1; 1; 256; 16],0.017019904757034965,0.40637058022135925,tvm
256,16,1,1,768,128,[256; 16; 1; 1; 768; 128],0.01975220900203567,0.35015772517978955,tvm
384,6,1,1,96,96,[384; 6; 1; 1; 96; 96],0.02041035688307602,0.33886661615228997,tvm
96,2,197,1,384,16,[96; 2; 197; 1; 384; 16],0.04451932999654673,0.15535697801303525,tvm
6,3,197,1,128,64,[6; 3; 197; 1; 128; 64],0.0109569760679733,0.6312315120998423,tvm
6,3,197,1,16,16,[6; 3; 197; 1; 16; 16],0.02036182074516546,0.33967436694337566,tvm
32,8,197,1,768,64,[32; 8; 197; 1; 768; 64],0.01448498250101693,0.47748684342166103,tvm
256,2,197,1,32,16,[256; 2; 197; 1; 32; 16],0.05202471750089899,0.1329442792516664,tvm
24,6,1,1,256,128,[24; 6; 1; 1; 256; 128],0.010854747248231433,0.6371763812884229,tvm
768,32,1,1,128,128,[768; 32; 1; 1; 128; 128],0.01989476974995341,0.34764858595283654,tvm
96,2,1,1,32,16,[96; 2; 1; 1; 32; 16],0.04343649899237789,0.15922988113388784,tvm
192,1,1,1,256,128,[192; 1; 1; 1; 256; 128],0.02236119312874507,0.3093031991453814,tvm
8,4,197,1,96,16,[8; 4; 197; 1; 96; 16],0.023960894613992423,0.2886531860705073,tvm
128,8,197,1,64,16,[128; 8; 197; 1; 64; 16],0.04583565448410809,0.15089538153811213,tvm
1536,12,1,1,64,16,[1536; 12; 1; 1; 64; 16],0.1127144549973309,0.06136203711930606,tvm
3072,32,1,1,192,64,[3072; 32; 1; 1; 192; 64],0.08707503549521789,0.07943021248390321,tvm
1536,4,1,1,768,16,[1536; 4; 1; 1; 768; 16],0.11328172404319048,0.061054760861439454,tvm
1536,6,1,1,384,96,[1536; 6; 1; 1; 384; 96],0.08926837000763044,0.07747860267682019,tvm
192,8,1,1,256,64,[192; 8; 1; 1; 256; 64],0.020532210619421676,0.3368555242116147,tvm
96,16,197,1,32,16,[96; 16; 197; 1; 32; 16],0.04370335748535581,0.15825760237634204,tvm
24,24,1,1,256,64,[24; 24; 1; 1; 256; 64],0.014112709133769386,0.49008227306823704,tvm
3072,16,1,1,384,64,[3072; 16; 1; 1; 384; 64],0.0859980134991929,0.08042498064787837,tvm
16,16,1,1,768,128,[16; 16; 1; 1; 768; 128],0.023382765997666866,0.2957900092794278,tvm
16,2,1,1,128,16,[16; 2; 1; 1; 128; 16],0.019089953741058707,0.3623051509314446,tvm
1536,6,197,1,128,64,[1536; 6; 197; 1; 128; 64],0.08565154846291989,0.08075030394135607,tvm
3072,3,1,1,256,64,[3072; 3; 1; 1; 256; 64],0.08600446599302813,0.08041894675550036,tvm
384,4,1,1,768,96,[384; 4; 1; 1; 768; 96],0.0441088707302697,0.1568026670581299,tvm
1536,2,197,1,768,64,[1536; 2; 197; 1; 768; 64],0.07920462801121175,0.08732303585151018,tvm
3072,48,1,1,384,96,[3072; 48; 1; 1; 384; 96],0.09227478801039979,0.07495426129452676,tvm
96,1,1,1,384,16,[96; 1; 1; 1; 384; 16],0.05594895547255874,0.12361961922275475,tvm
192,64,1,1,384,96,[192; 64; 1; 1; 384; 96],0.02049841487314552,0.33741089807337077,tvm
3072,24,197,1,64,16,[3072; 24; 197; 1; 64; 16],0.11705519002862275,0.05908656053385887,tvm
64,64,197,1,256,64,[64; 64; 197; 1; 256; 64],0.01644120462879073,0.42067407635794873,tvm
384,48,1,1,384,128,[384; 48; 1; 1; 384; 128],0.019831708254059777,0.3487540499700881,tvm
48,12,197,1,256,64,[48; 12; 197; 1; 256; 64],0.021329677125322632,0.32426128772560847,tvm
12,2,1,1,768,16,[12; 2; 1; 1; 768; 16],0.01936115324497223,0.35723019615190754,tvm
48,1,1,1,384,128,[48; 1; 1; 1; 384; 128],0.023521864117356017,0.2940408352382749,tvm
3,1,1,1,192,96,[3; 1; 1; 1; 192; 96],0.016907376499148086,0.40907520878694975,tvm
1536,6,1,1,192,64,[1536; 6; 1; 1; 192; 64],0.08524230896728113,0.08113797778616384,tvm
3072,4,1,1,384,128,[3072; 4; 1; 1; 384; 128],0.09313956153346226,0.07425833295278848,tvm
1024,16,197,1,16,16,[1024; 16; 197; 1; 16; 16],0.055181290954351425,0.1253393759335956,tvm
3072,6,1,1,16,16,[3072; 6; 1; 1; 16; 16],0.11774897598661482,0.05873841800725974,tvm
1024,1,1,1,768,16,[1024; 1; 1; 1; 768; 16],0.11506741296034306,0.060107274453213275,tvm
3072,32,1,1,768,128,[3072; 32; 1; 1; 768; 128],0.09360648400615901,0.0738879218129109,tvm
1536,12,197,1,384,64,[1536; 12; 197; 1; 384; 64],0.08704337751260027,0.07945910153161698,tvm
128,8,197,1,384,128,[128; 8; 197; 1; 384; 128],0.020246259751729667,0.3416131500949302,tvm
768,6,1,1,256,128,[768; 6; 1; 1; 256; 128],0.019948325760196894,0.3467152408965024,tvm
48,48,1,1,96,96,[48; 48; 1; 1; 96; 96],0.016220453500864096,0.42639921079026066,tvm
32,8,197,1,768,96,[32; 8; 197; 1; 768; 96],0.012678772371145897,0.5455093260581564,tvm
48,24,197,1,768,64,[48; 24; 197; 1; 768; 64],0.021493124368134886,0.3217954008437516,tvm
128,64,197,1,128,16,[128; 64; 197; 1; 128; 16],0.04614292774931528,0.14989054463565557,tvm
1024,4,1,1,768,64,[1024; 4; 1; 1; 768; 64],0.08447765896562487,0.08187239864498311,tvm
384,24,197,1,768,16,[384; 24; 197; 1; 768; 16],0.05318951851222664,0.13003292311884165,tvm
1024,4,197,1,768,128,[1024; 4; 197; 1; 768; 128],0.022718389867804945,0.3044400862769785,tvm
3072,2,197,1,16,16,[3072; 2; 197; 1; 16; 16],0.11722496303264052,0.0590009874390214,tvm
16,4,197,1,128,64,[16; 4; 197; 1; 128; 64],0.013368119121878408,0.5173793342482366,tvm
1536,3,1,1,16,16,[1536; 3; 1; 1; 16; 16],0.11810416507069021,0.058561766786876884,tvm
1536,24,1,1,384,128,[1536; 24; 1; 1; 384; 128],0.0903654900030233,0.07653794132248024,tvm
192,8,1,1,256,128,[192; 8; 1; 1; 256; 128],0.020089231125894003,0.34428338885074083,tvm
512,32,197,1,128,64,[512; 32; 197; 1; 128; 64],0.020414774247910827,0.338793291928583,tvm
6,1,197,1,64,16,[6; 1; 197; 1; 64; 16],0.021573465375695378,0.3205970135526099,tvm
3072,8,197,1,128,16,[3072; 8; 197; 1; 128; 16],0.11762048304080963,0.05880258601751243,tvm
3072,64,197,1,16,16,[3072; 64; 197; 1; 16; 16],0.1187551700277254,0.058240736549102015,tvm
12,12,197,1,256,128,[12; 12; 197; 1; 256; 128],0.015050499758217484,0.45954544251278195,tvm
1024,4,1,1,48,16,[1024; 4; 1; 1; 48; 16],0.05525594449136406,0.12517003618514805,tvm
768,3,1,1,192,96,[768; 3; 1; 1; 192; 96],0.020395069746882655,0.3391206138182355,tvm
384,4,197,1,192,96,[384; 4; 197; 1; 192; 96],0.02055285636743065,0.3365171462195744,tvm
32,4,197,1,256,64,[32; 4; 197; 1; 256; 64],0.014749443376786076,0.46892539567385777,tvm
512,16,1,1,256,64,[512; 16; 1; 1; 256; 64],0.01968635863158852,0.35132899389177075,tvm
128,8,197,1,64,64,[128; 8; 197; 1; 64; 64],0.021144969112356193,0.3270938129385555,tvm
64,16,197,1,768,96,[64; 16; 197; 1; 768; 96],0.02104504824092146,0.32864683854607957,tvm
32,32,1,1,96,16,[32; 32; 1; 1; 96; 16],0.026638500741682947,0.2596388076978394,tvm
1024,1,197,1,384,128,[1024; 1; 197; 1; 384; 128],0.030002831510500982,0.2305245279602306,tvm
384,32,197,1,128,16,[384; 32; 197; 1; 128; 16],0.05256327096140012,0.1315821569876735,tvm
1536,8,197,1,128,64,[1536; 8; 197; 1; 128; 64],0.08570612949552014,0.08069887897329549,tvm
32,1,1,1,16,16,[32; 1; 1; 1; 16; 16],0.04444741000770591,0.1556083598623512,tvm
768,48,1,1,192,96,[768; 48; 1; 1; 192; 96],0.01998121925862506,0.3461444710608966,tvm
1024,32,197,1,192,96,[1024; 32; 197; 1; 192; 96],0.022820889003924094,0.30307270546030374,tvm
96,8,197,1,384,96,[96; 8; 197; 1; 384; 96],0.020569653002894484,0.33624235520430623,tvm
64,32,197,1,384,96,[64; 32; 197; 1; 384; 96],0.020815412630327046,0.3322724701287799,tvm
256,64,1,1,16,16,[256; 64; 1; 1; 16; 16],0.052552542998455465,0.1316090178858109,tvm
16,2,197,1,384,64,[16; 2; 197; 1; 384; 64],0.01395908638369292,0.4954757339641034,tvm
384,64,1,1,128,128,[384; 64; 1; 1; 128; 128],0.02000965175102465,0.3456526209195219,tvm
192,48,1,1,32,16,[192; 48; 1; 1; 32; 16],0.04944057500688359,0.13989296383518204,tvm
256,1,197,1,384,64,[256; 1; 197; 1; 384; 64],0.02078408986562863,0.3327732229866097,tvm
16,16,1,1,256,64,[16; 16; 1; 1; 256; 64],0.01377581812266726,0.502067355262776,tvm
48,12,1,1,48,16,[48; 12; 1; 1; 48; 16],0.04059171877452172,0.17038915276900748,tvm
768,16,197,1,256,128,[768; 16; 197; 1; 256; 128],0.01999038663052488,0.3459857330056537,tvm
96,32,1,1,128,128,[96; 32; 1; 1; 128; 128],0.020493062504101545,0.3374990229032046,tvm
256,1,197,1,64,64,[256; 1; 197; 1; 64; 64],0.02099611774610821,0.3294127350143374,tvm
192,48,197,1,384,16,[192; 48; 197; 1; 384; 16],0.049377910007024184,0.140070500562796,tvm
768,12,197,1,384,16,[768; 12; 197; 1; 384; 16],0.05481131648411974,0.1261854123396658,tvm
96,32,197,1,64,64,[96; 32; 197; 1; 64; 64],0.02138419587572571,0.3234345874693243,tvm
1536,8,197,1,256,128,[1536; 8; 197; 1; 256; 128],0.08801556250546128,0.07858142781283044,tvm
64,4,197,1,384,128,[64; 4; 197; 1; 384; 128],0.020677830747445114,0.33448327611846507,tvm
768,8,197,1,128,128,[768; 8; 197; 1; 128; 128],0.02007321950804908,0.3445580101714723,tvm
128,4,1,1,64,64,[128; 4; 1; 1; 64; 64],0.021115284995175898,0.32755364528628067,tvm
3072,12,197,1,192,96,[3072; 12; 197; 1; 192; 96],0.09284778946312144,0.07449168807810677,tvm
768,32,1,1,192,64,[768; 32; 1; 1; 192; 64],0.019838012871332467,0.34864321423156813,tvm
192,32,197,1,128,64,[192; 32; 197; 1; 128; 64],0.020658780122175813,0.33479172199544793,tvm
192,2,197,1,768,128,[192; 2; 197; 1; 768; 128],0.020569961503497325,0.33623731236699883,tvm
128,2,1,1,96,96,[128; 2; 1; 1; 96; 96],0.021367187742725946,0.32369203915396516,tvm
8,1,1,1,192,16,[8; 1; 1; 1; 192; 16],0.02317499324271921,0.29844188082348044,tvm
48,6,1,1,192,16,[48; 6; 1; 1; 192; 16],0.034969277505297214,0.19778471460786867,tvm
3072,48,197,1,256,128,[3072; 48; 197; 1; 256; 128],0.09434701252030209,0.073307976444302,tvm
768,3,197,1,96,96,[768; 3; 197; 1; 96; 96],0.021668791625415906,0.31918662983108637,tvm
128,1,197,1,768,16,[128; 1; 197; 1; 768; 16],0.0485990445013158,0.1423153200314733,tvm
768,24,1,1,256,64,[768; 24; 1; 1; 256; 64],0.020943041250575334,0.3302475742981487,tvm
12,4,1,1,64,64,[12; 4; 1; 1; 64; 64],0.014557227113982663,0.4751171715103055,tvm
48,6,197,1,192,16,[48; 6; 197; 1; 192; 16],0.034551318996818736,0.20017726594071236,tvm
1024,16,197,1,96,16,[1024; 16; 197; 1; 96; 16],0.05536097998265177,0.12493255310140698,tvm
192,64,197,1,256,16,[192; 64; 197; 1; 256; 16],0.04958129825536162,0.13949591508892464,tvm
1024,1,197,1,128,64,[1024; 1; 197; 1; 128; 64],0.02265864262881223,0.30524284639336,tvm
4,2,197,1,768,16,[4; 2; 197; 1; 768; 16],0.03260648748255335,0.2121169468232143,tvm
12,1,1,1,384,96,[12; 1; 1; 1; 384; 96],0.02279376874503214,0.3034333044611583,tvm
128,16,197,1,256,16,[128; 16; 197; 1; 256; 16],0.046098938735667616,0.15003357476594642,tvm
512,8,1,1,48,16,[512; 8; 1; 1; 48; 16],0.053904875996522605,0.1283072902695249,tvm
128,1,1,1,16,16,[128; 1; 1; 1; 16; 16],0.054968777985777706,0.1258239463358286,tvm
96,24,197,1,768,64,[96; 24; 197; 1; 768; 64],0.020616759138647467,0.3354740929413754,tvm
3072,64,1,1,768,16,[3072; 64; 1; 1; 768; 16],0.11480712704360485,0.06024354715192603,tvm
48,4,197,1,256,64,[48; 4; 197; 1; 256; 64],0.021322568238247186,0.324369395569449,tvm
32,4,1,1,256,16,[32; 4; 1; 1; 256; 16],0.02583016999415122,0.26776395869615505,tvm
1536,2,1,1,768,64,[1536; 2; 1; 1; 768; 64],0.08463027200195938,0.0817247588577813,tvm
1024,8,197,1,768,96,[1024; 8; 197; 1; 768; 96],0.0222869856224861,0.3103330656098414,tvm
8,4,1,1,128,64,[8; 4; 1; 1; 128; 64],0.01678956250543706,0.41194572932968304,tvm
3072,2,1,1,128,64,[3072; 2; 1; 1; 128; 64],0.08700250799302012,0.07949642752808284,tvm
192,64,197,1,384,16,[192; 64; 197; 1; 384; 16],0.05141173547599465,0.13452937364189926,tvm
3072,8,1,1,16,16,[3072; 8; 1; 1; 16; 16],0.11739957192912698,0.05891323501250865,tvm
384,2,1,1,96,16,[384; 2; 1; 1; 96; 16],0.053098864504136145,0.13025492420633247,tvm
384,24,1,1,384,64,[384; 24; 1; 1; 384; 64],0.01978990349743981,0.34949076797283696,tvm
512,64,197,1,384,64,[512; 64; 197; 1; 384; 64],0.020396036125021055,0.33910454605166235,tvm
1536,3,197,1,96,96,[1536; 3; 197; 1; 96; 96],0.08777802350232378,0.07879407960519265,tvm
96,32,197,1,16,16,[96; 32; 197; 1; 16; 16],0.04484256252180785,0.15423713950479503,tvm
24,6,197,1,192,64,[24; 6; 197; 1; 192; 64],0.014302556868642569,0.48357707191448446,tvm
1536,16,1,1,384,96,[1536; 16; 1; 1; 384; 96],0.08924561750609428,0.07749835526608659,tvm
1536,2,1,1,384,64,[1536; 2; 1; 1; 384; 64],0.08454751450335607,0.08180475336331772,tvm
1024,2,1,1,48,16,[1024; 2; 1; 1; 48; 16],0.055265458999201655,0.12514848689718622,tvm
16,8,197,1,192,64,[16; 8; 197; 1; 192; 64],0.013271334377350286,0.521152460993864,tvm
384,4,1,1,192,96,[384; 4; 1; 1; 192; 96],0.020211497743730433,0.34220069482846815,tvm
128,32,1,1,192,64,[128; 32; 1; 1; 192; 64],0.02048883588577155,0.3375686451874823,tvm
12,6,1,1,768,96,[12; 6; 1; 1; 768; 96],0.020649203739594668,0.33494698675312384,tvm
128,16,197,1,384,64,[128; 16; 197; 1; 384; 64],0.020313502245699055,0.3404823298204507,tvm
3072,48,1,1,192,16,[3072; 48; 1; 1; 192; 16],0.11481258901767433,0.060240681188400494,tvm
192,2,197,1,128,128,[192; 2; 197; 1; 128; 128],0.02054472450981848,0.3366503438935468,tvm
24,24,1,1,192,96,[24; 24; 1; 1; 192; 96],0.011505774564284366,0.6011232475298159,tvm
768,2,1,1,192,96,[768; 2; 1; 1; 192; 96],0.021559400876867585,0.3208061583404014,tvm
1536,48,197,1,768,64,[1536; 48; 197; 1; 768; 64],0.08189437253167853,0.08445499193187128,tvm
24,6,197,1,768,96,[24; 6; 197; 1; 768; 96],0.012188367181806825,0.5674581728840953,tvm
1024,2,1,1,128,64,[1024; 2; 1; 1; 128; 64],0.026815506513230503,0.2579249647220385,tvm
512,64,197,1,384,128,[512; 64; 197; 1; 384; 128],0.020355399494292215,0.33978151956034913,tvm
3072,3,197,1,96,16,[3072; 3; 197; 1; 96; 16],0.11787472805008292,0.05867575421671317,tvm
16,2,1,1,256,128,[16; 2; 1; 1; 256; 128],0.011170851124916226,0.6191460698998833,tvm
256,4,197,1,96,96,[256; 4; 197; 1; 96; 96],0.02061998662247788,0.33542158382823606,tvm
768,3,1,1,384,96,[768; 3; 1; 1; 384; 96],0.06322007649578154,0.10940177479680965,tvm
512,1,197,1,768,64,[512; 1; 197; 1; 768; 64],0.020431216747965664,0.33852064009439065,tvm
24,2,1,1,192,96,[24; 2; 1; 1; 192; 96],0.01614791036990937,0.4283147734283213,tvm
1536,32,1,1,384,16,[1536; 32; 1; 1; 384; 16],0.11380681698210537,0.06077306047946216,tvm
48,24,1,1,768,64,[48; 24; 1; 1; 768; 64],0.021441409131512046,0.3225715497058298,tvm
3072,3,197,1,384,128,[3072; 3; 197; 1; 384; 128],0.09325410850578919,0.07416711909265856,tvm
1024,64,197,1,48,16,[1024; 64; 197; 1; 48; 16],0.05520482896827161,0.12528593423237833,tvm
16,16,197,1,96,96,[16; 16; 197; 1; 96; 96],0.015650306871975772,0.4419330961371374,tvm
768,16,1,1,768,16,[768; 16; 1; 1; 768; 16],0.11402953206561506,0.06065436248084164,tvm
64,64,1,1,64,64,[64; 64; 1; 1; 64; 64],0.016874027744052,0.4098836790087985,tvm
3072,64,1,1,256,16,[3072; 64; 1; 1; 256; 16],0.11498451000079513,0.06015061134217769,tvm
12,2,1,1,384,16,[12; 2; 1; 1; 384; 16],0.017536856757942587,0.3943915758048307,tvm
192,2,1,1,256,16,[192; 2; 1; 1; 256; 16],0.05089363449951634,0.1358988926502056,tvm
1024,4,1,1,128,64,[1024; 4; 1; 1; 128; 64],0.02361584825848695,0.2928706390609108,tvm
384,12,1,1,96,16,[384; 12; 1; 1; 96; 16],0.05265964852878824,0.13134133562717354,tvm
192,6,1,1,384,64,[192; 6; 1; 1; 384; 64],0.02007079638133291,0.3445996083075828,tvm
96,12,197,1,384,96,[96; 12; 197; 1; 384; 96],0.02042792936845217,0.33857511677663626,tvm
1536,32,197,1,96,16,[1536; 32; 197; 1; 96; 16],0.11551206302829087,0.05987589858675305,tvm
1024,4,197,1,768,96,[1024; 4; 197; 1; 768; 96],0.02223164474708028,0.3111055727146284,tvm
8,8,197,1,128,64,[8; 8; 197; 1; 128; 64],0.010552369189099409,0.655434665664768,tvm
384,8,1,1,64,64,[384; 8; 1; 1; 64; 64],0.020722895496874116,0.33375589682782764,tvm
48,8,197,1,768,96,[48; 8; 197; 1; 768; 96],0.02100349338434171,0.3292970576306511,tvm
96,16,197,1,96,96,[96; 16; 197; 1; 96; 96],0.02086521137971431,0.3314794394152585,tvm
4,2,1,1,768,128,[4; 2; 1; 1; 768; 128],0.015211094243568368,0.45469369005803073,tvm
12,2,1,1,128,128,[12; 2; 1; 1; 128; 128],0.014945846502087079,0.46276325469171303,tvm
384,6,1,1,64,16,[384; 6; 1; 1; 64; 16],0.05310800496954471,0.13023250591685454,tvm
24,3,197,1,64,16,[24; 3; 197; 1; 64; 16],0.019792408871580847,0.3494465285304178,tvm
1024,4,197,1,384,64,[1024; 4; 197; 1; 384; 64],0.022546199383214116,0.30676516488973726,tvm
384,12,197,1,128,16,[384; 12; 197; 1; 128; 16],0.05252762051532045,0.13167146167246058,tvm
8,4,197,1,96,96,[8; 4; 197; 1; 96; 96],0.010602516747894697,0.6523346046873194,tvm
16,4,1,1,384,64,[16; 4; 1; 1; 384; 64],0.013393504748819396,0.516398709758044,tvm
16,16,1,1,96,96,[16; 16; 1; 1; 96; 96],0.015483944123843685,0.4466813181518811,tvm
1024,16,1,1,384,128,[1024; 16; 1; 1; 384; 128],0.0716446730075404,0.09653737369560805,tvm
24,2,197,1,96,16,[24; 2; 197; 1; 96; 16],0.019781129507464357,0.34964578583941275,tvm
4,1,197,1,768,16,[4; 1; 197; 1; 768; 16],0.026380435505416244,0.26217871081046207,tvm
4,4,197,1,16,16,[4; 4; 197; 1; 16; 16],0.023191516622318886,0.2982292483956149,tvm
192,2,1,1,384,128,[192; 2; 1; 1; 384; 128],0.02015972624940332,0.34307948857357523,tvm
256,1,1,1,192,96,[256; 1; 1; 1; 192; 96],0.02607465800247155,0.2652532804370045,tvm
768,8,1,1,384,128,[768; 8; 1; 1; 384; 128],0.06374347250675783,0.10850347964170486,tvm
192,32,1,1,768,16,[192; 32; 1; 1; 768; 16],0.04943118747905828,0.13991953105230837,tvm
512,4,1,1,128,64,[512; 4; 1; 1; 128; 64],0.019976409123046324,0.3462278194657764,tvm
12,1,197,1,96,96,[12; 1; 197; 1; 96; 96],0.029001910239458084,0.23848044885052397,tvm
24,2,1,1,64,16,[24; 2; 1; 1; 64; 16],0.02400691762159113,0.2880998169131122,tvm
1536,4,197,1,256,128,[1536; 4; 197; 1; 256; 128],0.09048305853502825,0.07643849228141492,tvm
32,16,1,1,48,16,[32; 16; 1; 1; 48; 16],0.03173391777090728,0.21794940736152382,tvm
1536,64,1,1,48,16,[1536; 64; 1; 1; 48; 16],0.11466026201378554,0.060320711377731,tvm
6,2,197,1,256,16,[6; 2; 197; 1; 256; 16],0.027436870499514043,0.25208372695242603,tvm
64,8,1,1,384,64,[64; 8; 1; 1; 384; 64],0.02110116275434848,0.3277728650286467,tvm
96,4,1,1,256,128,[96; 4; 1; 1; 256; 128],0.020464567613089457,0.3379689569890908,tvm
64,8,197,1,128,128,[64; 8; 197; 1; 128; 128],0.021018146377173252,0.3290674851774803,tvm
768,24,197,1,384,128,[768; 24; 197; 1; 384; 128],0.020029599749250337,0.3453083765035013,tvm
128,64,197,1,768,64,[128; 64; 197; 1; 768; 64],0.020534594863420352,0.33681641237291693,tvm
16,8,197,1,768,16,[16; 8; 197; 1; 768; 16],0.022842848251457326,0.3027813561291473,tvm
512,1,1,1,256,16,[512; 1; 1; 1; 256; 16],0.05419308552518487,0.12762492676698312,tvm
768,1,1,1,384,128,[768; 1; 1; 1; 384; 128],0.0646374385105446,0.1070028257741103,tvm
1024,1,197,1,256,16,[1024; 1; 197; 1; 256; 16],0.05549657699884847,0.12462730037515797,tvm
768,1,197,1,48,16,[768; 1; 197; 1; 48; 16],0.05526428599841893,0.12515114321076082,tvm
768,16,197,1,256,16,[768; 16; 197; 1; 256; 16],0.054742761014495045,0.12634343689017105,tvm
3072,64,197,1,768,64,[3072; 64; 197; 1; 768; 64],0.08749135403195396,0.07905225205341476,tvm
2,2,1,1,128,16,[2; 2; 1; 1; 128; 16],0.02509670000290498,0.275589562397765,tvm
8,4,197,1,192,64,[8; 4; 197; 1; 192; 64],0.010707036562962458,0.6459666529349108,tvm
1536,4,1,1,384,128,[1536; 4; 1; 1; 384; 128],0.0909485699958168,0.0760472492502817,tvm
192,64,1,1,128,64,[192; 64; 1; 1; 128; 64],0.020386719625093974,0.33925951298781787,tvm
12,3,1,1,256,64,[12; 3; 1; 1; 256; 64],0.012412793621479068,0.5571983859830287,tvm
512,16,197,1,384,64,[512; 16; 197; 1; 384; 64],0.02040635488810949,0.33893307302318154,tvm
512,64,197,1,384,96,[512; 64; 197; 1; 384; 96],0.020591919877915643,0.33587876275908773,tvm
32,4,197,1,96,96,[32; 4; 197; 1; 96; 96],0.014148794754873961,0.488832348709138,tvm
32,4,1,1,768,64,[32; 4; 1; 1; 768; 64],0.02172471249650698,0.31836502197857053,tvm
8,1,197,1,768,96,[8; 1; 197; 1; 768; 96],0.012900924004497938,0.536115751787791,tvm
16,16,1,1,192,64,[16; 16; 1; 1; 192; 64],0.012722069630399346,0.5436527838915362,tvm
1536,12,197,1,128,16,[1536; 12; 197; 1; 128; 16],0.1149773959768936,0.0601543330553296,tvm
64,2,1,1,16,16,[64; 2; 1; 1; 16; 16],0.04227425524732098,0.16360757938761983,tvm
48,12,1,1,256,16,[48; 12; 1; 1; 256; 16],0.03474771324545145,0.19904586303485572,tvm
768,64,1,1,32,16,[768; 64; 1; 1; 32; 16],0.054307066020555794,0.12735706563139768,tvm
3072,6,1,1,96,96,[3072; 6; 1; 1; 96; 96],0.09274854348041117,0.07457139823321686,tvm
48,3,197,1,384,16,[48; 3; 197; 1; 384; 16],0.040072795731248334,0.1725956086970804,tvm
16,2,1,1,768,128,[16; 2; 1; 1; 768; 128],0.022893962377565913,0.30210535237910713,tvm
8,2,1,1,192,64,[8; 2; 1; 1; 192; 64],0.016729500246583484,0.4134246970611715,tvm
96,32,197,1,768,128,[96; 32; 197; 1; 768; 128],0.02010216048802249,0.344061951726511,tvm
128,64,1,1,128,64,[128; 64; 1; 1; 128; 64],0.020547770996927284,0.33660043089164504,tvm
192,6,197,1,768,128,[192; 6; 197; 1; 768; 128],0.020230918496963568,0.3418721978671726,tvm
384,32,1,1,192,64,[384; 32; 1; 1; 192; 64],0.019865597379975952,0.3481591033552369,tvm
6,1,1,1,128,64,[6; 1; 1; 1; 128; 64],0.01450822950573638,0.4767217508307208,tvm
48,24,197,1,768,128,[48; 24; 197; 1; 768; 128],0.02072191212209873,0.33377173547863087,tvm
1536,64,1,1,768,64,[1536; 64; 1; 1; 768; 64],0.08561859402107075,0.08078138458716627,tvm
128,8,197,1,192,96,[128; 8; 197; 1; 192; 96],0.02053815124963876,0.3367580892438029,tvm
768,4,197,1,32,16,[768; 4; 197; 1; 32; 16],0.054726342495996505,0.12638134134278273,tvm
24,8,197,1,384,96,[24; 8; 197; 1; 384; 96],0.01217170018935576,0.5682352065717986,tvm
1024,1,197,1,16,16,[1024; 1; 197; 1; 16; 16],0.05544628750067204,0.12474033669692926,tvm
32,16,1,1,128,16,[32; 16; 1; 1; 128; 16],0.026732770988019183,0.25872321932239223,tvm
192,1,1,1,768,128,[192; 1; 1; 1; 768; 128],0.021631117502693087,0.3197425454587576,tvm
16,16,1,1,48,16,[16; 16; 1; 1; 48; 16],0.019960328616434708,0.3465067486781672,tvm
3072,6,1,1,192,64,[3072; 6; 1; 1; 192; 64],0.08562534797238186,0.08077501271772264,tvm
384,8,1,1,192,16,[384; 8; 1; 1; 192; 16],0.05311680748127401,0.13021092379972007,tvm
384,2,197,1,192,64,[384; 2; 197; 1; 192; 64],0.0206571162561886,0.3348186884196148,tvm
1536,3,1,1,96,16,[1536; 3; 1; 1; 96; 16],0.11408830306027085,0.060623117233804105,tvm
8,2,1,1,384,128,[8; 2; 1; 1; 384; 128],0.011926133942324668,0.5799355101054997,tvm
256,2,197,1,192,16,[256; 2; 197; 1; 192; 16],0.052075907471589744,0.13281359667523487,tvm
12,2,197,1,768,64,[12; 2; 197; 1; 768; 64],0.011258799313509371,0.6143096060989056,tvm
4,1,1,1,256,128,[4; 1; 1; 1; 256; 128],0.01748574424709659,0.39554442028265385,tvm
64,1,197,1,384,96,[64; 1; 197; 1; 384; 96],0.025532638013828546,0.27088421367516496,tvm
512,4,197,1,128,128,[512; 4; 197; 1; 128; 128],0.01994796987855807,0.34672142646771026,tvm
768,3,197,1,192,16,[768; 3; 197; 1; 192; 16],0.05465440248372033,0.12654769345413164,tvm
24,3,197,1,128,64,[24; 3; 197; 1; 128; 64],0.01442146250337828,0.4795899562758203,tvm
1536,6,1,1,128,64,[1536; 6; 1; 1; 128; 64],0.08521780546288937,0.08116130817802529,tvm
12,6,197,1,48,16,[12; 6; 197; 1; 48; 16],0.0175134318851633,0.39491908934695247,tvm
1536,1,197,1,384,128,[1536; 1; 197; 1; 384; 128],0.08943411201471463,0.07733501698200587,tvm
1024,32,1,1,256,64,[1024; 32; 1; 1; 256; 64],0.023606606118846685,0.292985299818544,tvm
48,4,197,1,32,16,[48; 4; 197; 1; 32; 16],0.03935248625930399,0.17575480557580656,tvm
384,8,197,1,128,64,[384; 8; 197; 1; 128; 64],0.020550565866869874,0.3365546533479484,tvm
1536,24,197,1,64,16,[1536; 24; 197; 1; 64; 16],0.11393029207829386,0.06070719599907257,tvm
24,3,197,1,128,128,[24; 3; 197; 1; 128; 128],0.01060031999804778,0.652469790789555,tvm
128,32,1,1,192,96,[128; 32; 1; 1; 192; 96],0.02061299711931497,0.3355353193615749,tvm
768,1,197,1,64,64,[768; 1; 197; 1; 64; 64],0.020703265123302117,0.33407235671459273,tvm
16,16,197,1,32,16,[16; 16; 197; 1; 32; 16],0.01769550287281163,0.3908557231258627,tvm
96,24,197,1,256,64,[96; 24; 197; 1; 256; 64],0.020565875005559064,0.3363041236786198,tvm
3072,48,197,1,768,96,[3072; 48; 197; 1; 768; 96],0.09365941700525582,0.07384616296555048,tvm
192,32,1,1,128,64,[192; 32; 1; 1; 128; 64],0.020355434258817695,0.33978093925618347,tvm
96,1,1,1,768,96,[96; 1; 1; 1; 768; 96],0.023865280250902288,0.28980965229465844,tvm
96,24,197,1,96,16,[96; 24; 197; 1; 96; 16],0.042263032228220254,0.16365102565476353,tvm
1536,3,197,1,48,16,[1536; 3; 197; 1; 48; 16],0.11538229300640523,0.05994324077997497,tvm
96,12,197,1,768,128,[96; 12; 197; 1; 768; 128],0.020387576121720485,0.3392452604534974,tvm
1024,64,197,1,128,64,[1024; 64; 197; 1; 128; 64],0.022685639618430287,0.3048795928949498,tvm
12,2,197,1,768,128,[12; 2; 197; 1; 768; 128],0.011065445753047243,0.6250438279473659,tvm
192,48,1,1,256,16,[192; 48; 1; 1; 256; 16],0.04917007975745946,0.1406625453028537,tvm
1,1,197,1,192,16,[1; 1; 197; 1; 192; 16],0.07826159748947248,0.0883752541897569,tvm
128,2,1,1,384,128,[128; 2; 1; 1; 384; 128],0.02042461175005883,0.3386301123402578,tvm
768,32,1,1,128,16,[768; 32; 1; 1; 128; 16],0.054492152004968375,0.12692448943469808,tvm
48,1,1,1,96,96,[48; 1; 1; 1; 96; 96],0.03029069848707877,0.2283337432571561,tvm
256,64,1,1,128,64,[256; 64; 1; 1; 128; 64],0.020256072632037103,0.34144765854016423,tvm
64,16,1,1,192,16,[64; 16; 1; 1; 192; 16],0.04232307625352405,0.16341885287350005,tvm
32,2,1,1,64,16,[32; 2; 1; 1; 64; 16],0.02862159226788208,0.24164932917410906,tvm
1536,2,1,1,256,128,[1536; 2; 1; 1; 256; 128],0.08526328200241551,0.08111801949205556,tvm
64,2,1,1,128,128,[64; 2; 1; 1; 128; 128],0.021005672504543327,0.3292628964834438,tvm
1536,32,197,1,192,64,[1536; 32; 197; 1; 192; 64],0.08502492000116035,0.08134542874411621,tvm
96,32,1,1,384,64,[96; 32; 1; 1; 384; 64],0.02063722599996254,0.33514138825834083,tvm
64,2,1,1,128,16,[64; 2; 1; 1; 128; 16],0.039968106750166044,0.17304769061646477,tvm
4,4,197,1,256,64,[4; 4; 197; 1; 256; 64],0.013806914386805147,0.5009365871087283,tvm
192,2,1,1,48,16,[192; 2; 1; 1; 48; 16],0.0500665950239636,0.1381437776648911,tvm
1024,4,1,1,64,16,[1024; 4; 1; 1; 64; 16],0.0552940399502404,0.12508379886245768,tvm
1024,4,197,1,256,16,[1024; 4; 197; 1; 256; 16],0.055236422980669886,0.12521427344868036,tvm
3072,24,197,1,48,16,[3072; 24; 197; 1; 48; 16],0.1170330080203712,0.05909775958441296,tvm
768,2,197,1,192,16,[768; 2; 197; 1; 192; 16],0.054652746533975005,0.1265515277833106,tvm
512,32,1,1,256,16,[512; 32; 1; 1; 256; 16],0.053380106517579406,0.12956865436660062,tvm
1536,32,197,1,768,16,[1536; 32; 197; 1; 768; 16],0.11601630900986493,0.059615657750674234,tvm
1536,12,197,1,384,128,[1536; 12; 197; 1; 384; 128],0.08756290405290201,0.07898765631676588,tvm
12,12,1,1,256,16,[12; 12; 1; 1; 256; 16],0.01658615074120462,0.41699781217147236,tvm
512,4,1,1,768,16,[512; 4; 1; 1; 768; 16],0.11198133509606123,0.06176376237607337,tvm
3072,12,197,1,128,64,[3072; 12; 197; 1; 128; 64],0.0856943404651247,0.08070998077455717,tvm
768,1,197,1,64,16,[768; 1; 197; 1; 64; 16],0.055142640543635935,0.1254272284250776,tvm
256,1,1,1,256,16,[256; 1; 1; 1; 256; 16],0.05468557751737535,0.12647555142360917,tvm
48,16,197,1,192,64,[48; 16; 197; 1; 192; 64],0.02189594300580211,0.31587534593033184,tvm
192,4,197,1,384,16,[192; 4; 197; 1; 384; 16],0.05132834549294785,0.13474793518093883,tvm
64,64,1,1,64,16,[64; 64; 1; 1; 64; 16],0.04753007827093825,0.14551603580374328,tvm
192,12,197,1,16,16,[192; 12; 197; 1; 16; 16],0.04921193449990824,0.14054291183049242,tvm
12,1,1,1,256,128,[12; 1; 1; 1; 256; 128],0.012661874512559734,0.546237333545517,tvm
192,64,1,1,768,16,[192; 64; 1; 1; 768; 16],0.049423033255152404,0.13994261614259643,tvm
384,8,197,1,64,16,[384; 8; 197; 1; 64; 16],0.05331640149233863,0.1297234692859463,tvm
384,8,197,1,384,128,[384; 8; 197; 1; 384; 128],0.020188574999338016,0.34258924028344545,tvm
3072,64,197,1,256,16,[3072; 64; 197; 1; 256; 16],0.11822201800532639,0.0585033878470672,tvm
12,6,197,1,768,64,[12; 6; 197; 1; 768; 64],0.011238203558605164,0.61543542394128,tvm
4,2,1,1,384,128,[4; 2; 1; 1; 384; 128],0.018830696630175225,0.3672932928219667,tvm
48,3,1,1,384,64,[48; 3; 1; 1; 384; 64],0.021714123999117874,0.3185202668875588,tvm
256,1,1,1,16,16,[256; 1; 1; 1; 16; 16],0.054703895992133766,0.1264331990617839,tvm
768,8,197,1,384,16,[768; 8; 197; 1; 384; 16],0.05470685847103596,0.1264263524671297,tvm
48,12,197,1,128,16,[48; 12; 197; 1; 128; 16],0.03253623374621384,0.21257495951673921,tvm
512,64,197,1,16,16,[512; 64; 197; 1; 16; 16],0.05398452200461179,0.1281179922429936,tvm
96,24,197,1,96,96,[96; 24; 197; 1; 96; 96],0.020846490122494288,0.33177712558746186,tvm
256,1,1,1,384,16,[256; 1; 1; 1; 384; 16],0.05455004202667624,0.12678979363657128,tvm
1024,64,197,1,256,64,[1024; 64; 197; 1; 256; 64],0.022363489988492802,0.30927143191815853,tvm
384,6,197,1,384,96,[384; 6; 197; 1; 384; 96],0.020547264750348404,0.33660872410335274,tvm
96,1,197,1,96,16,[96; 1; 197; 1; 96; 16],0.04802450802526437,0.14401789535855422,tvm
1536,24,197,1,768,96,[1536; 24; 197; 1; 768; 96],0.08850635553244501,0.07814567134552426,tvm
6,6,197,1,384,16,[6; 6; 197; 1; 384; 16],0.022494845878100023,0.30746547937730295,tvm
96,12,1,1,64,64,[96; 12; 1; 1; 64; 64],0.021417345124064013,0.3229339832441456,tvm
1024,2,1,1,128,16,[1024; 2; 1; 1; 128; 16],0.05537477449979633,0.12490143091154275,tvm
96,1,197,1,128,16,[96; 1; 197; 1; 128; 16],0.046318519016494974,0.14932231682462696,tvm
3072,12,197,1,384,64,[3072; 12; 197; 1; 384; 64],0.0864598875050433,0.07999534548347788,tvm
24,12,197,1,384,96,[24; 12; 197; 1; 384; 96],0.012932739002280869,0.534796887976226,tvm
12,1,197,1,256,16,[12; 1; 197; 1; 256; 16],0.017749590377206914,0.38966468658962583,tvm
1536,6,197,1,384,16,[1536; 6; 197; 1; 384; 16],0.11675201402977109,0.059239993664391366,tvm
192,8,1,1,64,64,[192; 8; 1; 1; 64; 64],0.020898280752589926,0.33095490740650624,tvm
384,48,1,1,96,16,[384; 48; 1; 1; 96; 16],0.054126172966789454,0.12778270090649682,tvm
512,8,197,1,384,128,[512; 8; 197; 1; 384; 128],0.020051842875545844,0.3449253325171139,tvm
1536,64,1,1,64,64,[1536; 64; 1; 1; 64; 64],0.08587644150247797,0.08053883521977326,tvm
384,3,197,1,64,16,[384; 3; 197; 1; 64; 16],0.0532099679694511,0.12998294934887777,tvm
192,8,197,1,128,16,[192; 8; 197; 1; 128; 16],0.04925320576876402,0.14042514519562274,tvm
192,24,1,1,96,16,[192; 24; 1; 1; 96; 16],0.04951159199117683,0.13969230827118426,tvm
512,16,1,1,384,16,[512; 16; 1; 1; 384; 16],0.053996926988475025,0.12808855905642164,tvm
8,2,197,1,192,64,[8; 2; 197; 1; 192; 64],0.01064609493187163,0.6496643713670736,tvm
1536,64,1,1,768,16,[1536; 64; 1; 1; 768; 16],0.11339145491365343,0.060995677114252904,tvm
48,4,197,1,128,64,[48; 4; 197; 1; 128; 64],0.021822317634359933,0.31694106406638023,tvm
1536,3,1,1,256,128,[1536; 3; 1; 1; 256; 128],0.08707762905396521,0.0794278466992048,tvm
384,4,197,1,384,128,[384; 4; 197; 1; 384; 128],0.020157942635705695,0.3431098449093508,tvm
768,4,197,1,192,64,[768; 4; 197; 1; 192; 64],0.02041861237375997,0.33872960830172993,tvm
6,1,1,1,192,16,[6; 1; 1; 1; 192; 16],0.023429733380908147,0.295197066863101,tvm
24,3,1,1,768,96,[24; 3; 1; 1; 768; 96],0.022338030001264997,0.3096239270444573,tvm
768,64,197,1,384,16,[768; 64; 197; 1; 384; 16],0.054830613487865776,0.12614100283519888,tvm
1536,64,1,1,256,64,[1536; 64; 1; 1; 256; 64],0.08325655403314158,0.08307320248536101,tvm
256,2,1,1,64,64,[256; 2; 1; 1; 64; 64],0.02082743625214789,0.33208065014316385,tvm
4,4,197,1,128,128,[4; 4; 197; 1; 128; 128],0.013638621501741,0.5071178616215487,tvm
768,4,197,1,768,96,[768; 4; 197; 1; 768; 96],0.020316732247010805,0.340428199148324,tvm
1536,8,1,1,192,96,[1536; 8; 1; 1; 192; 96],0.08673255902249366,0.07974385454987948,tvm
256,8,1,1,48,16,[256; 8; 1; 1; 48; 16],0.050799754506442696,0.13615003927925276,tvm
128,32,1,1,128,64,[128; 32; 1; 1; 128; 64],0.020586802493198775,0.33596225415353,tvm
8,2,1,1,192,16,[8; 2; 1; 1; 192; 16],0.016801647376269102,0.4116494303527273,tvm
768,32,197,1,768,16,[768; 32; 197; 1; 768; 16],0.05466326797613874,0.1265271694778232,tvm
192,24,1,1,128,64,[192; 24; 1; 1; 128; 64],0.02028755337232724,0.34091782505734325,tvm
8,1,197,1,32,16,[8; 1; 197; 1; 32; 16],0.018256281371577643,0.3788498013728237,tvm
192,2,197,1,384,64,[192; 2; 197; 1; 384; 64],0.020509062873315997,0.33723571935738567,tvm
3072,4,1,1,128,128,[3072; 4; 1; 1; 128; 128],0.09235658549005166,0.07488787653559996,tvm
48,24,1,1,48,16,[48; 24; 1; 1; 48; 16],0.03710653449525125,0.18639273824705196,tvm
3072,3,1,1,16,16,[3072; 3; 1; 1; 16; 16],0.11668975092470646,0.059271602832465894,tvm
96,32,197,1,128,64,[96; 32; 197; 1; 128; 64],0.020914256368996575,0.3307021033595757,tvm
12,12,1,1,768,64,[12; 12; 1; 1; 768; 64],0.018973846497829072,0.36452221599979334,tvm
512,2,1,1,128,16,[512; 2; 1; 1; 128; 16],0.05400356446625665,0.12807281592958883,tvm
24,1,197,1,192,64,[24; 1; 197; 1; 192; 64],0.014935151746612974,0.4630946299556069,tvm
8,1,1,1,64,16,[8; 1; 1; 1; 64; 16],0.018165067755035125,0.38075214828259785,tvm
1024,1,1,1,256,128,[1024; 1; 1; 1; 256; 128],0.027337978506693617,0.252995610839884,tvm
48,16,1,1,256,128,[48; 16; 1; 1; 256; 128],0.02093990425055381,0.3302970485763157,tvm
16,2,1,1,384,64,[16; 2; 1; 1; 384; 64],0.013705752877285704,0.5046339762108929,tvm
256,64,1,1,96,16,[256; 64; 1; 1; 96; 16],0.050871904008090496,0.13595694335184727,tvm
3072,1,197,1,192,64,[3072; 1; 197; 1; 192; 64],0.08744587597902864,0.07909336482703046,tvm
6,6,197,1,256,16,[6; 6; 197; 1; 256; 16],0.0223768318828661,0.3090870328576065,tvm
6,6,1,1,32,16,[6; 6; 1; 1; 32; 16],0.01223466975352494,0.5653106059062922,tvm
256,1,1,1,768,64,[256; 1; 1; 1; 768; 64],0.019760240873438306,0.350015397875315,tvm
48,6,197,1,64,16,[48; 6; 197; 1; 64; 16],0.03305213450221345,0.20925694136230116,tvm
1024,8,1,1,384,64,[1024; 8; 1; 1; 384; 64],0.06520233250921592,0.10607578448901325,tvm
768,12,1,1,128,64,[768; 12; 1; 1; 128; 64],0.020037682756083086,0.3451690824543511,tvm
768,48,1,1,192,16,[768; 48; 1; 1; 192; 16],0.054301667027175426,0.1273697282252356,tvm
96,4,197,1,192,64,[96; 4; 197; 1; 192; 64],0.02077301738609094,0.3329505985037879,tvm
3072,64,1,1,192,96,[3072; 64; 1; 1; 192; 96],0.09182312845950946,0.07532294627141176,tvm
16,2,1,1,768,96,[16; 2; 1; 1; 768; 96],0.023709632878308184,0.2917121748332231,tvm
32,2,1,1,768,96,[32; 2; 1; 1; 768; 96],0.02187016211973969,0.3162477046837225,tvm
256,64,1,1,256,64,[256; 64; 1; 1; 256; 64],0.019910389877622947,0.347375848184762,tvm
16,1,197,1,192,16,[16; 1; 197; 1; 192; 16],0.01757323875790462,0.3935750641478942,tvm
3072,4,1,1,32,16,[3072; 4; 1; 1; 32; 16],0.11535318405367434,0.059958367236836264,tvm
128,64,1,1,384,16,[128; 64; 1; 1; 384; 16],0.04561907800962217,0.1516117570366007,tvm
768,2,197,1,192,96,[768; 2; 197; 1; 192; 96],0.020852575136814266,0.3316803093167138,tvm
512,1,1,1,96,16,[512; 1; 1; 1; 96; 16],0.05444194551091641,0.12704153950636707,tvm
192,64,1,1,48,16,[192; 64; 1; 1; 48; 16],0.049069520755438134,0.14095080744521152,tvm
1536,2,197,1,128,16,[1536; 2; 197; 1; 128; 16],0.11631658498663455,0.05946175751483165,tvm
8,8,197,1,384,128,[8; 8; 197; 1; 384; 128],0.013975663619930856,0.4948880253217478,tvm
1536,8,197,1,384,128,[1536; 8; 197; 1; 384; 128],0.08825589547632262,0.07836743975119607,tvm
2,2,197,1,192,96,[2; 2; 197; 1; 192; 96],0.025813163490965962,0.26794036979811303,tvm
3072,48,1,1,32,16,[3072; 48; 1; 1; 32; 16],0.11609472590498626,0.05957538998876703,tvm
768,16,197,1,256,64,[768; 16; 197; 1; 256; 64],0.020445107875275426,0.33829063723320646,tvm
64,32,1,1,48,16,[64; 32; 1; 1; 48; 16],0.05093092902097851,0.13579937975566286,tvm
768,12,197,1,256,16,[768; 12; 197; 1; 256; 16],0.05491030449047685,0.1259579351381686,tvm
3,3,1,1,384,16,[3; 3; 1; 1; 384; 16],0.018962775749969296,0.36473502943996844,tvm
8,4,197,1,384,64,[8; 4; 197; 1; 384; 64],0.013146422250429168,0.5261042464388198,tvm
8,8,1,1,768,128,[8; 8; 1; 1; 768; 128],0.011857720746775158,0.5832814517334254,tvm
16,8,1,1,96,96,[16; 8; 1; 1; 96; 96],0.014698356622830033,0.47055522932990884,tvm
1536,12,197,1,256,64,[1536; 12; 197; 1; 256; 64],0.08531458349898458,0.08106924147980973,tvm
3,3,1,1,48,16,[3; 3; 1; 1; 48; 16],0.01869628598797135,0.3699338240695706,tvm
3072,6,197,1,256,128,[3072; 6; 197; 1; 256; 128],0.093038301973138,0.07433915306650232,tvm
1536,3,1,1,192,64,[1536; 3; 1; 1; 192; 64],0.08442907151766121,0.08191951477260735,tvm
1024,16,1,1,256,16,[1024; 16; 1; 1; 256; 16],0.05512015550630167,0.12547839366378144,tvm
32,32,1,1,64,16,[32; 32; 1; 1; 64; 16],0.028256118268473074,0.2447749016943198,tvm
1024,4,197,1,128,128,[1024; 4; 197; 1; 128; 128],0.022984331502811983,0.3009175433526268,tvm
768,16,1,1,384,64,[768; 16; 1; 1; 384; 64],0.06197951652575284,0.11159152183051915,tvm
2,1,197,1,384,96,[2; 1; 197; 1; 384; 96],0.02594049824983813,0.26662512434477736,tvm
96,16,197,1,768,64,[96; 16; 197; 1; 768; 64],0.020360718874144368,0.3396927492678828,tvm
4,1,1,1,768,128,[4; 1; 1; 1; 768; 128],0.015522934874752536,0.4455593370218807,tvm
64,4,197,1,32,16,[64; 4; 197; 1; 32; 16],0.04109292750945315,0.1683109233295073,tvm
768,8,197,1,64,64,[768; 8; 197; 1; 64; 64],0.020519629251793958,0.33706206318634613,tvm
1536,48,197,1,768,128,[1536; 48; 197; 1; 768; 128],0.0882169819669798,0.07840200851597282,tvm
512,1,1,1,32,16,[512; 1; 1; 1; 32; 16],0.05448204401182011,0.12694803759433165,tvm
192,3,197,1,768,16,[192; 3; 197; 1; 768; 16],0.05128433904610574,0.13486356069073224,tvm
3,3,197,1,16,16,[3; 3; 197; 1; 16; 16],0.026061716984258965,0.2653849926927687,tvm
3072,8,197,1,192,64,[3072; 8; 197; 1; 192; 64],0.08653610351029783,0.07992489020037188,tvm
3072,2,197,1,256,64,[3072; 2; 197; 1; 256; 64],0.08608726598322392,0.08034159863755447,tvm
192,2,197,1,32,16,[192; 2; 197; 1; 32; 16],0.05031559197232127,0.1374601450626536,tvm
3072,12,197,1,256,64,[3072; 12; 197; 1; 256; 64],0.08579211047617719,0.0806180024368222,tvm
768,1,197,1,768,16,[768; 1; 197; 1; 768; 16],0.05488995695486665,0.126004627351331,tvm
24,12,1,1,128,16,[24; 12; 1; 1; 128; 16],0.021280015498632565,0.32501802321868667,tvm
2,1,197,1,192,64,[2; 1; 197; 1; 192; 64],0.02599261701107025,0.2660905044106518,tvm
384,8,1,1,384,96,[384; 8; 1; 1; 384; 96],0.01999544436694123,0.34589821783923647,tvm
3072,2,1,1,128,16,[3072; 2; 1; 1; 128; 16],0.1149699620436877,0.06015822262166527,tvm
128,32,1,1,256,16,[128; 32; 1; 1; 256; 16],0.045583926228573546,0.1517286715661001,tvm
3072,24,197,1,96,16,[3072; 24; 197; 1; 96; 16],0.11679114506114274,0.0592201452242607,tvm
512,4,197,1,192,64,[512; 4; 197; 1; 192; 64],0.02046932725352235,0.3378903705903868,tvm
24,6,197,1,48,16,[24; 6; 197; 1; 48; 16],0.01984618161804974,0.3484997116593069,tvm
1536,16,1,1,192,96,[1536; 16; 1; 1; 192; 96],0.08734218549216166,0.07918726251759829,tvm
48,4,1,1,384,64,[48; 4; 1; 1; 384; 64],0.02155966713326052,0.32080219646612834,tvm
3072,16,1,1,384,16,[3072; 16; 1; 1; 384; 16],0.11369355395436287,0.060833603409080186,tvm
256,32,1,1,384,96,[256; 32; 1; 1; 384; 96],0.02016632625600323,0.3429672060060845,tvm
1536,8,1,1,16,16,[1536; 8; 1; 1; 16; 16],0.1153683930169791,0.05995046295228075,tvm
24,8,197,1,384,64,[24; 8; 197; 1; 384; 64],0.01469837938202545,0.47055450071499555,tvm
192,6,197,1,64,64,[192; 6; 197; 1; 64; 64],0.02089844325382728,0.3309523339812368,tvm
32,1,197,1,128,64,[32; 1; 197; 1; 128; 64],0.014151317998766899,0.4887451876942659,tvm
48,2,1,1,384,96,[48; 2; 1; 1; 384; 96],0.022277790500083938,0.3104611550863858,tvm
96,4,1,1,32,16,[96; 4; 1; 1; 32; 16],0.04304741247324273,0.16066908959342532,tvm
96,6,197,1,96,16,[96; 6; 197; 1; 96; 16],0.04596006448264234,0.1504869205316427,tvm
384,1,1,1,768,128,[384; 1; 1; 1; 768; 128],0.04471641674172133,0.15467224512592573,tvm
512,16,197,1,192,64,[512; 16; 197; 1; 192; 64],0.02044403925538063,0.3383083198496725,tvm
3072,1,197,1,384,96,[3072; 1; 197; 1; 384; 96],0.09268124750815332,0.07462554462077267,tvm
64,2,197,1,64,16,[64; 2; 197; 1; 64; 16],0.041338633018312976,0.16731052931442164,tvm
6,2,197,1,128,64,[6; 2; 197; 1; 128; 64],0.010952672186249401,0.6314795562047217,tvm
384,3,197,1,256,128,[384; 3; 197; 1; 256; 128],0.02004590850265231,0.34502744390524637,tvm
6,2,1,1,128,64,[6; 2; 1; 1; 128; 64],0.014479932375252247,0.47765337518077217,tvm
512,4,197,1,384,96,[512; 4; 197; 1; 384; 96],0.02045750425895676,0.3380856473927126,tvm
12,12,197,1,192,16,[12; 12; 197; 1; 192; 16],0.01729761362366844,0.3998464020473223,tvm
256,16,197,1,128,16,[256; 16; 197; 1; 128; 16],0.05083350499626249,0.13605964357439243,tvm
64,4,1,1,192,96,[64; 4; 1; 1; 192; 96],0.021122047619428486,0.32744877277270873,tvm
192,16,197,1,48,16,[192; 16; 197; 1; 48; 16],0.04923991725081578,0.14046304213303656,tvm
384,1,1,1,256,64,[384; 1; 1; 1; 256; 64],0.020727706752950326,0.3336784263625358,tvm
96,12,1,1,768,16,[96; 12; 1; 1; 768; 16],0.04277286501019262,0.1617003810659029,tvm
96,8,197,1,64,64,[96; 8; 197; 1; 64; 64],0.02166171323915478,0.31929093027262523,tvm
128,16,1,1,768,64,[128; 16; 1; 1; 768; 64],0.02074038499267772,0.33347445449399155,tvm
24,6,197,1,768,64,[24; 6; 197; 1; 768; 64],0.012271880252228584,0.5635964847499673,tvm
3,1,197,1,384,16,[3; 1; 197; 1; 384; 16],0.030645915248896927,0.22568712715073896,tvm
192,4,197,1,192,64,[192; 4; 197; 1; 192; 64],0.02057850312849041,0.3360977486187034,tvm
1536,3,1,1,64,16,[1536; 3; 1; 1; 64; 16],0.11260263598524034,0.06142297212593809,tvm
32,16,1,1,64,64,[32; 16; 1; 1; 64; 64],0.016408394381869584,0.421515256792634,tvm
1024,1,197,1,768,64,[1024; 1; 197; 1; 768; 64],0.02261494449339807,0.30583265740261517,tvm
24,12,1,1,384,128,[24; 12; 1; 1; 384; 128],0.018589767001685686,0.3720535373467244,tvm
384,4,1,1,384,16,[384; 4; 1; 1; 384; 16],0.05319689499447122,0.1300148922629299,tvm
256,16,1,1,384,128,[256; 16; 1; 1; 384; 128],0.019919218990253285,0.3472218752558945,tvm
768,6,1,1,192,64,[768; 6; 1; 1; 192; 64],0.019812070881016552,0.349099728794918,tvm
24,24,1,1,768,64,[24; 24; 1; 1; 768; 64],0.022415416620788164,0.3085549864379625,tvm
64,8,197,1,256,64,[64; 8; 197; 1; 256; 64],0.021003950503654778,0.3292898909767041,tvm
1,1,197,1,48,16,[1; 1; 197; 1; 48; 16],0.07294438354438171,0.09481728729971949,tvm
128,32,197,1,128,128,[128; 32; 197; 1; 128; 128],0.020280555370845832,0.3410354620451458,tvm
32,1,1,1,256,64,[32; 1; 1; 1; 256; 64],0.014607694000005722,0.47347572939478755,tvm
3072,1,1,1,192,16,[3072; 1; 1; 1; 192; 16],0.1150764060439542,0.06010257714154551,tvm
64,16,1,1,128,128,[64; 16; 1; 1; 128; 128],0.020944727250025608,0.33022099017403606,tvm
1536,16,1,1,384,64,[1536; 16; 1; 1; 384; 64],0.08327919850125909,0.08305061402967276,tvm
384,48,1,1,64,64,[384; 48; 1; 1; 64; 64],0.0215038585010916,0.32163476945672215,tvm
192,4,1,1,192,96,[192; 4; 1; 1; 192; 96],0.02106695738621056,0.32830505348416916,tvm
24,4,197,1,256,64,[24; 4; 197; 1; 256; 64],0.014295137007138692,0.48382807160048,tvm
1536,2,1,1,128,64,[1536; 2; 1; 1; 128; 64],0.07986358896596357,0.08660252639505359,tvm
8,2,1,1,128,16,[8; 2; 1; 1; 128; 16],0.014978758510551415,0.461746450251968,tvm
1024,64,197,1,192,96,[1024; 64; 197; 1; 192; 96],0.029523176490329206,0.2342697972792374,tvm
512,64,1,1,48,16,[512; 64; 1; 1; 48; 16],0.05353293404914439,0.1291987576298205,tvm
512,4,1,1,48,16,[512; 4; 1; 1; 48; 16],0.053883197950199246,0.1283589102825883,tvm
256,8,197,1,128,16,[256; 8; 197; 1; 128; 16],0.05091014999197796,0.1358548064092996,tvm
24,8,1,1,192,96,[24; 8; 1; 1; 192; 96],0.01187096412468236,0.5826307365421036,tvm
384,8,1,1,768,128,[384; 8; 1; 1; 768; 128],0.04598577250726521,0.1504027918708088,tvm
1536,6,197,1,384,64,[1536; 6; 197; 1; 384; 64],0.08040909899864346,0.08601499901827346,tvm
3072,12,1,1,96,16,[3072; 12; 1; 1; 96; 16],0.11445819598156959,0.06042720236952074,tvm
1024,4,197,1,64,16,[1024; 4; 197; 1; 64; 16],0.055776925990357995,0.12400089192122542,tvm
192,48,1,1,768,128,[192; 48; 1; 1; 768; 128],0.019947538385167718,0.3467289265411993,tvm
48,2,1,1,768,16,[48; 2; 1; 1; 768; 16],0.03902407950954512,0.17723386837956942,tvm
192,1,1,1,32,16,[192; 1; 1; 1; 32; 16],0.05224913451820612,0.13237326580057643,tvm
128,2,1,1,16,16,[128; 2; 1; 1; 16; 16],0.04763657599687576,0.14519071588777038,tvm
12,6,1,1,96,96,[12; 6; 1; 1; 96; 96],0.01451584637106862,0.47647160176712483,tvm
192,6,197,1,192,96,[192; 6; 197; 1; 192; 96],0.02061906413291581,0.3354365904700497,tvm
384,6,197,1,256,64,[384; 6; 197; 1; 256; 64],0.020632310755900107,0.33522122913211405,tvm
6,6,197,1,192,64,[6; 6; 197; 1; 192; 64],0.012567073630634695,0.5503579253779912,tvm
192,8,197,1,384,16,[192; 8; 197; 1; 384; 16],0.049233933503273875,0.1404801135982494,tvm
96,48,197,1,48,16,[96; 48; 197; 1; 48; 16],0.04279237976879813,0.16162664027560403,tvm
192,12,1,1,128,16,[192; 12; 1; 1; 128; 16],0.048971924232319,0.14123170938960378,tvm
1536,32,197,1,384,128,[1536; 32; 197; 1; 384; 128],0.08895757998107001,0.07774928873852419,tvm
12,2,197,1,384,64,[12; 2; 197; 1; 384; 64],0.011867652559885755,0.5827933145605294,tvm
128,8,197,1,768,96,[128; 8; 197; 1; 768; 96],0.020207602996379137,0.34226664947187807,tvm
128,32,197,1,768,128,[128; 32; 197; 1; 768; 128],0.020029536623042077,0.3453094647967005,tvm
12,6,197,1,384,64,[12; 6; 197; 1; 384; 64],0.011931869688851293,0.5796567304025281,tvm
512,8,1,1,96,16,[512; 8; 1; 1; 96; 16],0.054079817491583526,0.12789223211607495,tvm
384,16,1,1,384,16,[384; 16; 1; 1; 384; 16],0.052497594500891864,0.13174677120322287,tvm
48,4,197,1,128,16,[48; 4; 197; 1; 128; 16],0.03985295575694181,0.17354769401824946,tvm
512,1,197,1,256,128,[512; 1; 197; 1; 256; 128],0.021968659129925072,0.31482980051373577,tvm
1024,1,1,1,128,64,[1024; 1; 1; 1; 128; 64],0.023325752263190225,0.29651299102336554,tvm
48,12,1,1,384,64,[48; 12; 1; 1; 384; 64],0.021375825759605505,0.32356123450906227,tvm
192,3,197,1,128,128,[192; 3; 197; 1; 128; 128],0.020180966501357034,0.3427184010717966,tvm
48,24,1,1,384,64,[48; 24; 1; 1; 384; 64],0.02144121387391351,0.3225744872515547,tvm
256,4,1,1,128,64,[256; 4; 1; 1; 128; 64],0.020223365252604708,0.3419998840468829,tvm
48,8,197,1,128,16,[48; 8; 197; 1; 128; 16],0.03278105176286772,0.21098739056515,tvm
192,1,197,1,256,16,[192; 1; 197; 1; 256; 16],0.05610664701089263,0.12327217789517547,tvm
1024,8,1,1,192,64,[1024; 8; 1; 1; 192; 64],0.023509999751695432,0.2941892234996639,tvm
3,1,1,1,48,16,[3; 1; 1; 1; 48; 16],0.01868017201195471,0.370252938088702,tvm
512,1,197,1,96,16,[512; 1; 197; 1; 96; 16],0.05459415604127571,0.1266873429859317,tvm
24,2,1,1,768,128,[24; 2; 1; 1; 768; 128],0.02243447137880139,0.3082929147135578,tvm
6,3,197,1,384,96,[6; 3; 197; 1; 384; 96],0.011340241188008804,0.6098978369826892,tvm
48,1,197,1,192,16,[48; 1; 197; 1; 192; 16],0.05489460448734462,0.12599395944319214,tvm
256,2,1,1,96,96,[256; 2; 1; 1; 96; 96],0.020936607630574144,0.33034905623050564,tvm
12,6,197,1,16,16,[12; 6; 197; 1; 16; 16],0.017870415511424653,0.38703009266946736,tvm
16,2,197,1,256,64,[16; 2; 197; 1; 256; 64],0.013095093992887996,0.5281663938559656,tvm
48,4,1,1,16,16,[48; 4; 1; 1; 16; 16],0.040471885236911476,0.1708936594117596,tvm
384,48,197,1,384,128,[384; 48; 197; 1; 384; 128],0.02014733500254806,0.34329049328627564,tvm
512,16,197,1,64,64,[512; 16; 197; 1; 64; 64],0.02056584537785966,0.33630460816721247,tvm
32,32,1,1,768,64,[32; 32; 1; 1; 768; 64],0.022516940254718065,0.3071637839417082,tvm
12,1,197,1,128,128,[12; 1; 197; 1; 128; 128],0.013076412491500378,0.5289209541167502,tvm
32,32,197,1,64,64,[32; 32; 197; 1; 64; 64],0.01569898912566714,0.44056267037732944,tvm
48,24,1,1,64,64,[48; 24; 1; 1; 64; 64],0.022598590119741857,0.30605398543807816,tvm
384,12,197,1,48,16,[384; 12; 197; 1; 48; 16],0.053316759527660906,0.12972259816053386,tvm
48,3,197,1,64,64,[48; 3; 197; 1; 64; 64],0.022679763118503615,0.30495858952714255,tvm
256,8,197,1,768,128,[256; 8; 197; 1; 768; 128],0.020847893378231674,0.3317547939232228,tvm
96,32,197,1,96,96,[96; 32; 197; 1; 96; 96],0.02110589836956933,0.3276993213139262,tvm
768,12,197,1,384,96,[768; 12; 197; 1; 384; 96],0.021608516122796573,0.3200769794706964,tvm
