kc,ku,mc,mr,nc,nr,X,time,peak,backend
2560,16,25,1,16,16,[2560; 16; 25; 1; 16; 16],2.480973078054376,0.0589630397764873,tvm
2560,10,15,1,640,16,[2560; 10; 15; 1; 640; 16],2.424379540956579,0.06033944430499312,tvm
4,4,12,1,80,16,[4; 4; 12; 1; 80; 16],0.5014836509944871,0.29170584922482834,tvm
1280,40,750,1,1280,128,[1280; 40; 750; 1; 1280; 128],1.2041149460710585,0.12148816420146115,tvm
4,1,6,1,256,16,[4; 1; 6; 1; 256; 16],0.5198715709848329,0.2813881782544753,tvm
40,4,25,1,64,64,[40; 4; 25; 1; 64; 64],0.513267696951516,0.285008612765928,tvm
512,16,5,1,160,16,[512; 16; 5; 1; 160; 16],1.1367951850406826,0.12868255971763212,tvm
256,8,15,1,1280,64,[256; 8; 15; 1; 1280; 64],0.5079102820018306,0.28801487087277955,tvm
16,4,3,1,32,16,[16; 4; 3; 1; 32; 16],0.771449138992466,0.1896245739242998,tvm
80,1,1,1,16,16,[80; 1; 1; 1; 16; 16],1.2301172940060496,0.1189201346883876,tvm
64,64,100,1,64,16,[64; 64; 100; 1; 64; 16],0.7581811060663313,0.19294296984619944,tvm
4,1,750,1,128,16,[4; 1; 750; 1; 128; 16],0.8366185410413891,0.17485354090243294,tvm
320,8,1,1,128,64,[320; 8; 1; 1; 128; 64],0.42518188699614257,0.34405443590084417,tvm
20,10,15,1,128,64,[20; 10; 15; 1; 128; 64],0.3723728359909728,0.3928474371564004,tvm
5120,1,100,1,64,64,[5120; 1; 100; 1; 64; 64],1.8413318800739944,0.07944559906269356,tvm
160,40,100,1,64,16,[160; 40; 100; 1; 64; 16],1.0168678819900379,0.14385911569891383,tvm
256,64,125,1,256,64,[256; 64; 125; 1; 256; 64],0.43110502196941525,0.3393273258971512,tvm
160,32,750,1,320,64,[160; 32; 750; 1; 320; 64],0.4642176430206746,0.3151231248640829,tvm
2560,16,60,1,256,128,[2560; 16; 60; 1; 256; 128],1.8468402090948075,0.07920864705312723,tvm
64,64,4,1,32,16,[64; 64; 4; 1; 32; 16],0.9959693350829184,0.14687772919588477,tvm
512,8,4,1,1280,16,[512; 8; 4; 1; 1280; 16],1.4562267089495435,0.10045531604844567,tvm
10,10,750,1,256,128,[10; 10; 750; 1; 256; 128],0.39051153301261365,0.374600240759059,tvm
5120,64,25,1,256,16,[5120; 64; 25; 1; 256; 16],2.4373203369323164,0.06001907589620896,tvm
40,20,15,1,1280,64,[40; 20; 15; 1; 1280; 64],0.4451185449725017,0.3286443935845258,tvm
128,4,2,1,1280,128,[128; 4; 2; 1; 1280; 128],0.41897281806450337,0.34915323376227414,tvm
640,2,30,1,256,16,[640; 2; 30; 1; 256; 16],1.151319238008,0.12705921125648542,tvm
1024,4,60,1,128,16,[1024; 4; 60; 1; 128; 16],1.1950111229671165,0.12241368425299559,tvm
1,1,20,1,256,64,[1; 1; 20; 1; 256; 64],1.853948726085946,0.07890494069625782,tvm
512,64,50,1,640,128,[512; 64; 50; 1; 640; 128],0.44738576805684716,0.32697891781646143,tvm
5120,32,20,1,128,16,[5120; 32; 20; 1; 128; 16],2.4327880430500954,0.060130891675342725,tvm
80,4,750,1,64,64,[80; 4; 750; 1; 64; 64],0.48910031106788665,0.29909143579630637,tvm
1280,64,75,1,320,16,[1280; 64; 75; 1; 320; 16],1.772999720997177,0.08250746604936844,tvm
8,8,15,1,640,128,[8; 8; 15; 1; 640; 128],0.4189398759044707,0.34918068844578376,tvm
16,16,15,1,16,16,[16; 16; 15; 1; 16; 16],0.5571033509913832,0.2625827219050006,tvm
512,1,2,1,64,16,[512; 1; 2; 1; 64; 16],1.1512756760930642,0.12706401891695068,tvm
128,2,750,1,640,128,[128; 2; 750; 1; 640; 128],0.44968793797306716,0.3253049546872117,tvm
320,10,1,1,128,16,[320; 10; 1; 1; 128; 16],1.1019921409897506,0.13274660394068533,tvm
40,4,250,1,64,16,[40; 4; 250; 1; 64; 16],0.6251464870292693,0.23400229757488056,tvm
320,16,4,1,32,16,[320; 16; 4; 1; 32; 16],1.117148409015499,0.13094564079863874,tvm
2560,20,750,1,64,64,[2560; 20; 750; 1; 64; 64],1.827300968929194,0.0800556212540282,tvm
10,2,20,1,256,16,[10; 2; 20; 1; 256; 16],0.5352552389958873,0.27330085467288306,tvm
2560,1,500,1,640,16,[2560; 1; 500; 1; 640; 16],2.4813611790305004,0.05895381757478369,tvm
5120,64,15,1,256,64,[5120; 64; 15; 1; 256; 64],1.821532033965923,0.0803091636918481,tvm
1280,40,6,1,128,16,[1280; 40; 6; 1; 128; 16],1.7823689499637112,0.08207375599125684,tvm
16,8,10,1,64,64,[16; 8; 10; 1; 64; 64],0.43520977394655347,0.3361269048697402,tvm
640,64,10,1,128,64,[640; 64; 10; 1; 128; 64],0.43295987392775714,0.337873606989555,tvm
160,5,10,1,64,16,[160; 5; 10; 1; 64; 16],1.0443182489834726,0.14007771522532247,tvm
20,1,150,1,640,16,[20; 1; 150; 1; 640; 16],0.5647612920729443,0.2590222034317821,tvm
1280,40,12,1,160,16,[1280; 40; 12; 1; 160; 16],1.8050262979231775,0.08104353629308744,tvm
160,32,375,1,640,64,[160; 32; 375; 1; 640; 64],0.47295916790608317,0.3092988236878044,tvm
5120,16,60,1,320,64,[5120; 16; 60; 1; 320; 64],1.82805492694024,0.08002260333094272,tvm
80,4,3,1,128,128,[80; 4; 3; 1; 128; 128],0.4437036619056016,0.32969237544141955,tvm
512,2,15,1,1280,64,[512; 2; 15; 1; 1280; 64],0.5365329780615866,0.27264999593169964,tvm
5120,8,10,1,320,16,[5120; 8; 10; 1; 320; 16],2.469757169019431,0.05923080864820172,tvm
8,1,500,1,640,64,[8; 1; 500; 1; 640; 64],0.4567687780363485,0.32026206982578226,tvm
640,32,3,1,32,16,[640; 32; 3; 1; 32; 16],1.148405513027683,0.12738158483760953,tvm
5120,2,3,1,1280,64,[5120; 2; 3; 1; 1280; 64],1.8173452409682795,0.08049417963522078,tvm
2,1,2,1,64,64,[2; 1; 2; 1; 64; 64],0.7767921619815752,0.18832027593139394,tvm
80,10,1,1,1280,64,[80; 10; 1; 1; 1280; 64],0.43731471605133265,0.3345090135694017,tvm
5120,1,12,1,1280,16,[5120; 1; 12; 1; 1280; 16],2.4474944580579177,0.05976957937702206,tvm
32,16,750,1,80,16,[32; 16; 750; 1; 80; 16],0.6843258190201595,0.2137661771919859,tvm
8,1,500,1,128,16,[8; 1; 500; 1; 128; 16],0.6216508949873969,0.2353181109611047,tvm
1024,32,300,1,128,16,[1024; 32; 300; 1; 128; 16],1.1809182490687817,0.12387454796389889,tvm
5,1,50,1,640,64,[5; 1; 50; 1; 640; 64],0.4729023070540279,0.3093360131757647,tvm
128,1,75,1,640,128,[128; 1; 75; 1; 640; 128],0.4626121139153838,0.31621678266832276,tvm
16,4,25,1,80,16,[16; 4; 25; 1; 80; 16],0.45220965798944235,0.3234909111320431,tvm
128,1,5,1,128,128,[128; 1; 5; 1; 128; 128],0.4663287280127406,0.31369655244940775,tvm
128,4,500,1,256,64,[128; 4; 500; 1; 256; 64],0.4760797129711136,0.3072714721927045,tvm
16,1,2,1,80,16,[16; 1; 2; 1; 80; 16],0.6080235199769959,0.24059219664931533,tvm
8,8,20,1,1280,64,[8; 8; 20; 1; 1280; 64],0.35276578599587083,0.41468226254636437,tvm
20,5,125,1,1280,128,[20; 5; 125; 1; 1280; 128],0.30392736301291734,0.4813180124209381,tvm
10,5,500,1,256,64,[10; 5; 500; 1; 256; 64],0.42596034705638885,0.34342566226322685,tvm
40,1,10,1,256,128,[40; 1; 10; 1; 256; 128],0.5014115060912445,0.2917478209187603,tvm
80,20,15,1,1280,128,[80; 20; 15; 1; 1280; 128],0.4300592748913914,0.3401524460149308,tvm
16,4,500,1,80,16,[16; 4; 500; 1; 80; 16],0.537552252993919,0.2721330130623955,tvm
8,2,150,1,64,64,[8; 2; 150; 1; 64; 64],0.4593380510341376,0.3184707079162542,tvm
10,10,1500,1,256,128,[10; 10; 1500; 1; 256; 128],0.4902426099870354,0.29839453222881396,tvm
5120,64,300,1,128,128,[5120; 64; 300; 1; 128; 128],1.8108875069301575,0.08078122673323863,tvm
2560,32,2,1,128,128,[2560; 32; 2; 1; 128; 128],1.8040824469644576,0.08108593625078171,tvm
32,16,10,1,1280,128,[32; 16; 10; 1; 1280; 128],0.2781721520004794,0.5258819519987831,tvm
1024,64,6,1,128,128,[1024; 64; 6; 1; 128; 128],0.4804601799696684,0.304470006848329,tvm
320,32,750,1,64,64,[320; 32; 750; 1; 64; 64],0.45131881698034704,0.32412943751043377,tvm
2,1,75,1,64,64,[2; 1; 75; 1; 64; 64],0.7459975379751995,0.19609409795475427,tvm
256,4,100,1,160,16,[256; 4; 100; 1; 160; 16],1.1066635220777243,0.1321862620094929,tvm
40,10,500,1,1280,16,[40; 10; 500; 1; 1280; 16],0.6524946530116722,0.2241945027603122,tvm
32,8,3,1,128,16,[32; 8; 3; 1; 128; 16],0.7862946239765733,0.18604440349076162,tvm
512,16,100,1,320,64,[512; 16; 100; 1; 320; 64],0.4311649150913581,0.3392801899354874,tvm
32,16,12,1,64,64,[32; 16; 12; 1; 64; 64],0.4026162939844653,0.36333778953158474,tvm
1280,64,60,1,320,64,[1280; 64; 60; 1; 320; 64],1.316429108963348,0.11112312337191503,tvm
1024,1,12,1,256,128,[1024; 1; 12; 1; 256; 128],0.7042641370790079,0.20771427449429136,tvm
1024,32,10,1,32,16,[1024; 32; 10; 1; 32; 16],1.1821850510314107,0.1237418068838594,tvm
160,1,75,1,16,16,[160; 1; 75; 1; 16; 16],1.2112843659706414,0.12076909303497103,tvm
320,4,2,1,640,16,[320; 4; 2; 1; 640; 16],1.1148143139434978,0.13121980266673228,tvm
2560,20,75,1,640,16,[2560; 20; 75; 1; 640; 16],2.4228890129597858,0.06037656430123169,tvm
1280,32,50,1,128,128,[1280; 32; 50; 1; 128; 128],1.2004356000106782,0.12186052653254623,tvm
512,64,100,1,1280,16,[512; 64; 100; 1; 1280; 16],1.1635886600706726,0.12571943961436455,tvm
16,16,60,1,160,16,[16; 16; 60; 1; 160; 16],0.42475409898906946,0.3444009478281192,tvm
512,2,250,1,128,128,[512; 2; 250; 1; 128; 128],0.42148542299401015,0.3470718233778472,tvm
8,1,375,1,320,16,[8; 1; 375; 1; 320; 16],0.6690904900897294,0.21863367728645555,tvm
1024,4,750,1,1280,16,[1024; 4; 750; 1; 1280; 16],1.1903879620367661,0.12288910754391193,tvm
10,1,75,1,640,16,[10; 1; 75; 1; 640; 16],0.5211904690368101,0.28067611166424183,tvm
64,16,375,1,256,128,[64; 16; 375; 1; 256; 128],0.4619259450118989,0.31668650757849526,tvm
1280,40,75,1,640,128,[1280; 40; 75; 1; 640; 128],1.232238037046045,0.11871546721313232,tvm
1280,10,5,1,256,16,[1280; 10; 5; 1; 256; 16],1.7856902179773897,0.08192110412712501,tvm
5120,2,3,1,640,64,[5120; 2; 3; 1; 640; 64],1.8278979890746996,0.08002947383281798,tvm
5120,40,300,1,640,128,[5120; 40; 300; 1; 640; 128],1.8298883129609749,0.07994242776981661,tvm
32,16,300,1,320,16,[32; 16; 300; 1; 320; 16],0.6507767660077661,0.2247863198668168,tvm
2560,8,12,1,1280,128,[2560; 8; 12; 1; 1280; 128],1.827283630031161,0.0800563808932167,tvm
1024,16,25,1,64,16,[1024; 16; 25; 1; 64; 16],1.2000491430517286,0.12189976979918446,tvm
160,2,1500,1,320,64,[160; 2; 1500; 1; 320; 64],0.4737037329468876,0.3088126694203528,tvm
5120,5,500,1,128,64,[5120; 5; 500; 1; 128; 64],1.8427586160833016,0.07938408916336413,tvm
2560,10,1,1,64,64,[2560; 10; 1; 1; 64; 64],1.838236354989931,0.07957938264501116,tvm
1280,2,12,1,256,128,[1280; 2; 12; 1; 256; 128],1.272887147963047,0.1149243391449193,tvm
5,1,150,1,64,16,[5; 1; 150; 1; 64; 16],0.5979337929747999,0.24465202670336372,tvm
128,64,50,1,640,16,[128; 64; 50; 1; 640; 16],0.9951066810172051,0.14700505692131421,tvm
16,1,250,1,160,16,[16; 1; 250; 1; 160; 16],0.4573495329823345,0.3198553922900031,tvm
1280,20,150,1,1280,64,[1280; 20; 150; 1; 1280; 64],1.2810525470413268,0.11419181408566773,tvm
640,2,125,1,128,64,[640; 2; 125; 1; 128; 64],0.45230319804977626,0.32342401052317005,tvm
320,20,1,1,1280,128,[320; 20; 1; 1; 1280; 128],1.7787320500938222,0.0822415688062731,tvm
10,1,2,1,16,16,[10; 1; 2; 1; 16; 16],0.6323836719384417,0.23132430639346777,tvm
16,1,100,1,256,64,[16; 1; 100; 1; 256; 64],0.39262545807287097,0.37258336482746307,tvm
1280,4,100,1,1280,64,[1280; 4; 100; 1; 1280; 64],1.225828459020704,0.11933620337268051,tvm
640,4,1,1,256,128,[640; 4; 1; 1; 256; 128],0.41023174102883786,0.3565928709437209,tvm
256,32,1500,1,640,16,[256; 32; 1500; 1; 640; 16],1.128877963987179,0.12958505609325163,tvm
256,2,100,1,32,16,[256; 2; 100; 1; 32; 16],1.1126097299857065,0.13147980854669822,tvm
640,2,25,1,256,64,[640; 2; 25; 1; 256; 64],0.4419843730283901,0.33097485615473987,tvm
160,32,125,1,80,16,[160; 32; 125; 1; 80; 16],1.0528636610833928,0.13894079517872887,tvm
160,5,150,1,640,64,[160; 5; 150; 1; 640; 64],0.4549409509636462,0.3215487943563995,tvm
8,2,10,1,640,16,[8; 2; 10; 1; 640; 16],0.41141703200992197,0.35556552817236403,tvm
640,40,60,1,80,16,[640; 40; 60; 1; 80; 16],1.1415849389741197,0.12814264562492678,tvm
1024,16,500,1,128,16,[1024; 16; 500; 1; 128; 16],1.1749990910757333,0.12449857654935463,tvm
2560,32,4,1,16,16,[2560; 32; 4; 1; 16; 16],2.488920275005512,0.05877476902525146,tvm
40,2,5,1,32,16,[40; 2; 5; 1; 32; 16],0.8593462880235165,0.17022906402745885,tvm
160,4,1500,1,160,16,[160; 4; 1500; 1; 160; 16],1.094549143104814,0.1336492885744336,tvm
1280,2,250,1,128,64,[1280; 2; 250; 1; 128; 64],1.228920629946515,0.11903593342076203,tvm
80,40,15,1,1280,64,[80; 40; 15; 1; 1280; 64],0.43319508188869804,0.33769015485568205,tvm
640,40,30,1,128,16,[640; 40; 30; 1; 128; 16],1.1402276479639113,0.12829518258650777,tvm
640,20,3,1,80,16,[640; 20; 3; 1; 80; 16],1.1438118549995124,0.1278931614900745,tvm
8,8,6,1,32,16,[8; 8; 6; 1; 32; 16],0.664273550035432,0.2202190863657171,tvm
2560,5,3,1,64,64,[2560; 5; 3; 1; 64; 64],1.8440303819952533,0.07932934061934065,tvm
5,1,125,1,128,128,[5; 1; 125; 1; 128; 128],0.5063730179099366,0.2888892360211275,tvm
64,2,1,1,640,64,[64; 2; 1; 1; 640; 64],0.4459751050453633,0.32801318421312897,tvm
128,2,75,1,64,16,[128; 2; 75; 1; 64; 16],0.9945639849174768,0.14708527204295685,tvm
32,32,50,1,1280,128,[32; 32; 50; 1; 1280; 128],0.2636533729964867,0.5548410499101166,tvm
10,5,6,1,256,16,[10; 5; 6; 1; 256; 16],0.5398877380648628,0.2709558005707834,tvm
80,8,1,1,16,16,[80; 8; 1; 1; 16; 16],1.0621193990809843,0.1377300088975781,tvm
320,10,3,1,80,16,[320; 10; 3; 1; 80; 16],1.0979728740639985,0.13323253947454772,tvm
80,16,30,1,64,16,[80; 16; 30; 1; 64; 16],0.8906985690118745,0.16423705996070154,tvm
1024,64,20,1,64,16,[1024; 64; 20; 1; 64; 16],1.1997582350159064,0.12192932710628558,tvm
160,5,12,1,1280,64,[160; 5; 12; 1; 1280; 64],0.4288360810605809,0.34112268241031884,tvm
160,20,5,1,640,128,[160; 20; 5; 1; 640; 128],0.4195417920127511,0.34867971932881536,tvm
5120,32,4,1,128,16,[5120; 32; 4; 1; 128; 16],2.4552176650613546,0.059581566378986886,tvm
40,2,4,1,640,16,[40; 2; 4; 1; 640; 16],0.8001679049339145,0.18281877263971985,tvm
5120,20,60,1,128,16,[5120; 20; 60; 1; 128; 16],2.478346055955626,0.05902554001051639,tvm
256,16,50,1,32,16,[256; 16; 50; 1; 32; 16],1.1253807169850916,0.12998775621250688,tvm
128,8,15,1,256,16,[128; 8; 15; 1; 256; 16],0.9763765289681032,0.14982510327272855,tvm
1280,40,500,1,256,16,[1280; 40; 500; 1; 256; 16],1.8149788780137897,0.0805991276580591,tvm
128,1,25,1,1280,128,[128; 1; 25; 1; 1280; 128],0.4528439820278436,0.32303777921624177,tvm
512,4,10,1,256,128,[512; 4; 10; 1; 256; 128],0.4112070190021768,0.3557471237740227,tvm
160,5,30,1,256,64,[160; 5; 30; 1; 256; 64],0.4378460000734776,0.3341031190445161,tvm
160,4,25,1,640,64,[160; 4; 25; 1; 640; 64],0.4306643169838935,0.33967456442690436,tvm
1280,4,30,1,16,16,[1280; 4; 30; 1; 16; 16],1.8185683719348162,0.08044004093729927,tvm
10,1,150,1,80,16,[10; 1; 150; 1; 80; 16],0.47397114895284176,0.3086384363455615,tvm
2560,1,12,1,80,16,[2560; 1; 12; 1; 80; 16],2.4422709519276395,0.05989741399096348,tvm
1280,8,300,1,320,16,[1280; 8; 300; 1; 320; 16],1.7807387550128624,0.08214889122501165,tvm
64,8,15,1,128,16,[64; 8; 15; 1; 128; 16],0.7892735219793394,0.18534222954655707,tvm
640,16,75,1,64,64,[640; 16; 75; 1; 64; 64],0.4323438450228423,0.3383550291504335,tvm
5120,40,12,1,640,128,[5120; 40; 12; 1; 640; 128],1.8165438899304718,0.08052968887600805,tvm
160,1,15,1,160,16,[160; 1; 15; 1; 160; 16],1.1454242779873312,0.12771312525587333,tvm
32,2,500,1,128,128,[32; 2; 500; 1; 128; 128],0.31017373490612954,0.4716250856313993,tvm
1280,10,3,1,64,64,[1280; 10; 3; 1; 64; 64],1.2881791839608923,0.11356006688131313,tvm
40,8,3,1,1280,16,[40; 8; 3; 1; 1280; 16],0.7168098869733512,0.20407881775095094,tvm
64,2,10,1,320,16,[64; 2; 10; 1; 320; 16],0.8738072109408677,0.16741188726080877,tvm
160,8,1500,1,1280,16,[160; 8; 1500; 1; 1280; 16],1.0844287039944902,0.13489657157438867,tvm
160,40,30,1,320,16,[160; 40; 30; 1; 320; 16],1.0153357420349494,0.14407619886652126,tvm
5120,32,4,1,128,64,[5120; 32; 4; 1; 128; 64],1.8358516719890758,0.07968275243457945,tvm
256,8,150,1,80,16,[256; 8; 150; 1; 80; 16],1.102862875093706,0.1326417976244644,tvm
80,8,750,1,128,128,[80; 8; 750; 1; 128; 128],0.443644417100586,0.3297364029547732,tvm
5120,8,750,1,32,16,[5120; 8; 750; 1; 32; 16],2.5264144219690934,0.057902501273602955,tvm
256,32,2,1,320,16,[256; 32; 2; 1; 320; 16],1.0752125270664692,0.1360528366283357,tvm
320,20,75,1,160,16,[320; 20; 75; 1; 160; 16],1.0976684429915622,0.13326949063692706,tvm
256,1,100,1,320,16,[256; 1; 100; 1; 320; 16],1.1690700961044058,0.12512997704172735,tvm
10,10,750,1,128,64,[10; 10; 750; 1; 128; 64],0.5440102850552648,0.2689024790603976,tvm
20,4,1,1,640,128,[20; 4; 1; 1; 640; 128],0.4994865730404854,0.29287216550234924,tvm
80,4,500,1,256,64,[80; 4; 500; 1; 256; 64],0.4883582090260461,0.2995459307983339,tvm
80,20,25,1,1280,128,[80; 20; 25; 1; 1280; 128],0.4353926629992202,0.3359857129378781,tvm
512,2,3,1,16,16,[512; 2; 3; 1; 16; 16],1.1536910620052367,0.12679799567091582,tvm
1280,5,1500,1,256,128,[1280; 5; 1500; 1; 256; 128],1.2181164799258113,0.12009172907226717,tvm
5120,8,2,1,256,128,[5120; 8; 2; 1; 256; 128],1.8317818379728124,0.07985979075303262,tvm
320,40,3,1,128,16,[320; 40; 3; 1; 128; 16],1.0969265609746799,0.1333596245091662,tvm
5120,20,15,1,640,64,[5120; 20; 15; 1; 640; 64],1.8311831169994548,0.07988590159427396,tvm
4,4,5,1,320,16,[4; 4; 5; 1; 320; 16],0.4940887469565496,0.2960717385020281,tvm
512,64,2,1,32,16,[512; 64; 2; 1; 32; 16],1.1361492660362273,0.12875571780816503,tvm
256,1,3,1,1280,64,[256; 1; 3; 1; 1280; 64],0.7403503530658782,0.19758984875191576,tvm
32,4,15,1,1280,16,[32; 4; 15; 1; 1280; 16],0.5676259869942442,0.25771497013437067,tvm
256,4,750,1,256,64,[256; 4; 750; 1; 256; 64],0.4569427690003067,0.3201401230306286,tvm
320,10,1500,1,256,16,[320; 10; 1500; 1; 256; 16],1.1209356320323423,0.130503224364888,tvm
256,4,5,1,160,16,[256; 4; 5; 1; 160; 16],1.095758361974731,0.13350180054486113,tvm
640,20,2,1,256,128,[640; 20; 2; 1; 256; 128],0.4159121500561014,0.35172262764139534,tvm
8,2,50,1,128,128,[8; 2; 50; 1; 128; 128],0.5177555410191417,0.2825381916681526,tvm
20,4,30,1,64,16,[20; 4; 30; 1; 64; 16],0.47816891002003103,0.30592895359839734,tvm
2560,40,2,1,64,16,[2560; 40; 2; 1; 64; 16],2.4406562709482387,0.05993704071605285,tvm
5120,5,2,1,1280,16,[5120; 5; 2; 1; 1280; 16],2.443427594960667,0.059869060408180054,tvm
256,1,150,1,1280,128,[256; 1; 150; 1; 1280; 128],0.46691079006996006,0.31330549089215826,tvm
1024,1,20,1,32,16,[1024; 1; 20; 1; 32; 16],1.1964382859878242,0.12226766394802832,tvm
20,1,20,1,320,64,[20; 1; 20; 1; 320; 64],0.3740481180138886,0.39108795697852605,tvm
80,10,100,1,320,64,[80; 10; 100; 1; 320; 64],0.4610480680130422,0.3172895071790565,tvm
256,64,5,1,64,16,[256; 64; 5; 1; 64; 16],1.0808343149255961,0.13534517942815733,tvm
2560,1,150,1,80,16,[2560; 1; 150; 1; 80; 16],2.4802674780366942,0.058979813903583374,tvm
1280,8,500,1,128,16,[1280; 8; 500; 1; 128; 16],1.8006489579565823,0.08124055143525737,tvm
1024,4,500,1,32,16,[1024; 4; 500; 1; 32; 16],1.18418266705703,0.12353306491917199,tvm
320,16,12,1,1280,128,[320; 16; 12; 1; 1280; 128],0.5304242840502411,0.275790001861714,tvm
128,64,125,1,160,16,[128; 64; 125; 1; 160; 16],0.9961038749897853,0.14685789098773902,tvm
256,16,300,1,640,16,[256; 16; 300; 1; 640; 16],1.1417982290731743,0.12811870833295827,tvm
5120,5,75,1,128,128,[5120; 5; 75; 1; 128; 128],1.8021483920747414,0.08117295719322058,tvm
128,32,1,1,128,64,[128; 32; 1; 1; 128; 64],0.45072852703742683,0.324553928829908,tvm
640,1,50,1,80,16,[640; 1; 50; 1; 80; 16],1.1631552359322086,0.12576628619005775,tvm
512,2,20,1,640,16,[512; 2; 20; 1; 640; 16],1.202948096091859,0.12160600674373874,tvm
10,10,10,1,64,16,[10; 10; 10; 1; 64; 16],0.5499536630231887,0.26599643592072264,tvm
2560,32,500,1,256,16,[2560; 32; 500; 1; 256; 16],2.4788234069710597,0.0590141733672205,tvm
16,4,5,1,256,64,[16; 4; 5; 1; 256; 64],0.44074907700996846,0.3319024858273401,tvm
1280,20,6,1,128,16,[1280; 20; 6; 1; 128; 16],1.783448162022978,0.08202409097205346,tvm
5120,8,3,1,160,16,[5120; 8; 3; 1; 160; 16],2.43215169897303,0.060146624220636845,tvm
80,40,150,1,32,16,[80; 40; 150; 1; 32; 16],0.9351837750291452,0.15642456401807792,tvm
20,10,10,1,256,128,[20; 10; 10; 1; 256; 128],0.3160313699627295,0.4628835241987724,tvm
32,2,50,1,16,16,[32; 2; 50; 1; 16; 16],0.6686680589336902,0.21877179914798506,tvm
1024,16,125,1,160,16,[1024; 16; 125; 1; 160; 16],1.1899025159655139,0.12293924277234992,tvm
1024,1,1,1,640,64,[1024; 1; 1; 1; 640; 64],1.814808081020601,0.08060671308199542,tvm
5120,2,12,1,16,16,[5120; 2; 12; 1; 16; 16],2.4768329079961404,0.059061599922000975,tvm
8,2,250,1,1280,64,[8; 2; 250; 1; 1280; 64],0.4139962149783969,0.35335036648426305,tvm
320,20,50,1,64,16,[320; 20; 50; 1; 64; 16],1.0981825039489195,0.13320710697874913,tvm
640,64,15,1,256,16,[640; 64; 15; 1; 256; 16],1.1416049990803003,0.12814039392221038,tvm
64,8,5,1,320,16,[64; 8; 5; 1; 320; 16],0.9005438890308142,0.16244151569686438,tvm
1024,32,100,1,128,64,[1024; 32; 100; 1; 128; 64],0.5472823490854353,0.2672947785182049,tvm
128,2,60,1,1280,16,[128; 2; 60; 1; 1280; 16],1.0128046539612114,0.1444362579827924,tvm
256,64,375,1,640,128,[256; 64; 375; 1; 640; 128],0.43946381600108,0.33287317171376585,tvm
5120,4,75,1,128,64,[5120; 4; 75; 1; 128; 64],1.859096392057836,0.07868646021295887,tvm
64,2,12,1,256,16,[64; 2; 12; 1; 256; 16],0.8995914870174602,0.16261349334320127,tvm
5120,8,300,1,80,16,[5120; 8; 300; 1; 80; 16],2.4786537420004606,0.05901821291410017,tvm
1280,4,4,1,128,16,[1280; 4; 4; 1; 128; 16],1.7738888289313763,0.08246611168628844,tvm
2560,16,15,1,320,16,[2560; 16; 15; 1; 320; 16],2.4483505070675164,0.0597486813523797,tvm
64,64,10,1,16,16,[64; 64; 10; 1; 16; 16],0.8377548579592258,0.17461637243389658,tvm
2560,5,10,1,320,64,[2560; 5; 10; 1; 320; 64],1.8450449489755556,0.07928571841403545,tvm
16,1,375,1,320,64,[16; 1; 375; 1; 320; 64],0.4450899329967797,0.3286655200237313,tvm
2560,20,50,1,160,16,[2560; 20; 50; 1; 160; 16],2.426537047023885,0.060285794715201964,tvm
320,8,60,1,1280,16,[320; 8; 60; 1; 1280; 16],1.1482988339848816,0.1273934188177015,tvm
640,64,60,1,1280,64,[640; 64; 60; 1; 1280; 64],0.4463352949824184,0.3277484795180194,tvm
640,8,3,1,64,64,[640; 8; 3; 1; 64; 64],0.4398165730526671,0.3326061891446662,tvm
16,2,1500,1,320,64,[16; 2; 1500; 1; 320; 64],0.5758831319399178,0.25401979355244664,tvm
2,2,3,1,640,128,[2; 2; 3; 1; 640; 128],0.9509345300029963,0.1538336338309782,tvm
640,20,15,1,256,128,[640; 20; 15; 1; 256; 128],0.4169769580475986,0.35082445555424563,tvm
8,1,125,1,80,16,[8; 1; 125; 1; 80; 16],0.4698311169631779,0.31135807953984274,tvm
320,32,125,1,128,64,[320; 32; 125; 1; 128; 64],0.437278751982376,0.334536525322891,tvm
256,32,75,1,1280,64,[256; 32; 75; 1; 1280; 64],0.44506884610746056,0.32868109184706684,tvm
64,64,12,1,128,16,[64; 64; 12; 1; 128; 16],0.8050454030744731,0.18171113545527778,tvm
32,2,15,1,160,16,[32; 2; 15; 1; 160; 16],0.5437089849729091,0.2690514932229843,tvm
40,10,125,1,320,16,[40; 10; 125; 1; 320; 16],0.638402205077,0.22914349781744606,tvm
320,10,3,1,1280,64,[320; 10; 3; 1; 1280; 64],0.8466489530401304,0.17278201757698328,tvm
40,20,100,1,256,16,[40; 20; 100; 1; 256; 16],0.602772471960634,0.2426881138249259,tvm
20,10,15,1,1280,64,[20; 10; 15; 1; 1280; 64],0.3163051279261708,0.46248290454481356,tvm
1280,64,100,1,80,16,[1280; 64; 100; 1; 80; 16],1.7867808529408649,0.08187110022191163,tvm
40,20,150,1,1280,128,[40; 20; 150; 1; 1280; 128],0.4734082199865952,0.30900543782247053,tvm
8,4,125,1,1280,64,[8; 4; 125; 1; 1280; 64],0.4118376810802147,0.35520235521436383,tvm
1024,1,2,1,128,16,[1024; 1; 2; 1; 128; 16],1.1727255349978805,0.12473994120540634,tvm
2560,40,15,1,1280,64,[2560; 40; 15; 1; 1280; 64],1.8434800829272717,0.0793530212994905,tvm
4,1,1500,1,160,16,[4; 1; 1500; 1; 160; 16],0.9865721750538796,0.14827674850826317,tvm
32,2,150,1,640,16,[32; 2; 150; 1; 640; 16],0.6456252100178972,0.22657992906079233,tvm
640,5,6,1,128,16,[640; 5; 6; 1; 128; 16],1.147146843955852,0.12752135008388177,tvm
80,8,30,1,640,16,[80; 8; 30; 1; 640; 16],0.9253126280382276,0.15809328636944828,tvm
512,16,5,1,80,16,[512; 16; 5; 1; 80; 16],1.1438521660165861,0.1278886543487064,tvm
640,10,1500,1,256,16,[640; 10; 1500; 1; 256; 16],1.1585104529513046,0.12627051738122133,tvm
32,8,1500,1,256,64,[32; 8; 1500; 1; 256; 64],0.40217275207396597,0.3637385017541169,tvm
32,1,6,1,1280,64,[32; 1; 6; 1; 1280; 64],0.31373240693937987,0.4662754342556011,tvm
64,2,150,1,256,64,[64; 2; 150; 1; 256; 64],0.47114463394973427,0.3104900358502678,tvm
1280,5,100,1,32,16,[1280; 5; 100; 1; 32; 16],1.795854320982471,0.08145745040482165,tvm
32,32,5,1,1280,64,[32; 32; 5; 1; 1280; 64],0.38240538898389786,0.3825409329989176,tvm
1280,8,375,1,1280,64,[1280; 8; 375; 1; 1280; 64],1.2264999609906226,0.11927086745894544,tvm
128,4,1,1,256,128,[128; 4; 1; 1; 256; 128],0.43002670397982,0.34017820970620255,tvm
4,1,150,1,320,64,[4; 1; 150; 1; 320; 64],0.5198833169415593,0.281381820725281,tvm
640,8,60,1,1280,128,[640; 8; 60; 1; 1280; 128],0.43549873994197696,0.3359038749577197,tvm
5120,4,10,1,128,64,[5120; 4; 10; 1; 128; 64],1.82429845596198,0.08018738041883373,tvm
80,40,125,1,256,64,[80; 40; 125; 1; 256; 64],0.4627423780038953,0.31612776620273775,tvm
64,2,5,1,128,128,[64; 2; 5; 1; 128; 128],0.45069325796794146,0.32457932684699675,tvm
640,5,300,1,128,16,[640; 5; 300; 1; 128; 16],1.1640363010810688,0.12567109303194,tvm
1280,1,150,1,320,64,[1280; 1; 150; 1; 320; 64],1.2729191319085658,0.11492145150366241,tvm
20,2,2,1,128,16,[20; 2; 2; 1; 128; 16],0.5370324910618365,0.27239639448345826,tvm
40,4,30,1,80,16,[40; 4; 30; 1; 80; 16],0.6102622230537236,0.23970960147870113,tvm
1024,8,25,1,16,16,[1024; 8; 25; 1; 16; 16],1.1930582530330867,0.12261405837796707,tvm
40,4,30,1,128,64,[40; 4; 30; 1; 128; 64],0.4669931150274351,0.31325025911167925,tvm
8,2,1,1,128,128,[8; 2; 1; 1; 128; 128],0.5384081740630791,0.2717003963401486,tvm
1280,64,375,1,128,64,[1280; 64; 375; 1; 128; 64],1.2787841280223802,0.11439437750290417,tvm
2560,4,250,1,128,16,[2560; 4; 250; 1; 128; 16],2.5245102990884334,0.057946174487200984,tvm
32,16,1500,1,32,16,[32; 16; 1500; 1; 32; 16],0.6265012900112197,0.23349626986896474,tvm
320,32,5,1,256,64,[320; 32; 5; 1; 256; 64],0.41714974597562104,0.35067914027751435,tvm
80,8,1500,1,256,16,[80; 8; 1500; 1; 256; 16],0.9556995460297912,0.1530666357365354,tvm
160,4,100,1,320,64,[160; 4; 100; 1; 320; 64],0.43670466204639524,0.3349763054972218,tvm
40,10,750,1,1280,128,[40; 10; 750; 1; 1280; 128],0.4824152729706839,0.3032360758084954,tvm
40,4,6,1,32,16,[40; 4; 6; 1; 32; 16],0.7026549259899184,0.20818997899946862,tvm
32,8,50,1,16,16,[32; 8; 50; 1; 16; 16],0.7113156740088016,0.20565512560869592,tvm
1280,10,1500,1,64,64,[1280; 10; 1500; 1; 64; 64],1.2379259950248525,0.11816999955863879,tvm
1024,64,20,1,640,16,[1024; 64; 20; 1; 640; 16],1.2437783140921965,0.1176139772082171,tvm
1280,64,125,1,80,16,[1280; 64; 125; 1; 80; 16],1.7767420350573957,0.08233368232377566,tvm
80,1,375,1,64,16,[80; 1; 375; 1; 64; 16],1.0284595109988004,0.14223769892861143,tvm
256,4,100,1,128,128,[256; 4; 100; 1; 128; 128],0.42327294405549765,0.3456061067454715,tvm
1280,32,10,1,1280,128,[1280; 32; 10; 1; 1280; 128],1.3421452130423859,0.10899395450222009,tvm
160,20,60,1,256,16,[160; 20; 60; 1; 256; 16],1.0145209030015394,0.14419191743897694,tvm
4,2,75,1,256,16,[4; 2; 75; 1; 256; 16],0.7360952540766448,0.19873204381573492,tvm
512,2,300,1,1280,16,[512; 2; 300; 1; 1280; 16],1.1621384860482067,0.12587631856436618,tvm
10,10,1500,1,256,64,[10; 10; 1500; 1; 256; 64],0.4552202019840479,0.3213515429414983,tvm
640,2,2,1,64,64,[640; 2; 2; 1; 64; 64],0.43353217700496316,0.33742758218391616,tvm
80,2,100,1,256,128,[80; 2; 100; 1; 256; 128],0.4455557110486552,0.3283219374327349,tvm
512,4,5,1,640,128,[512; 4; 5; 1; 640; 128],0.6356429449515417,0.23013818598563443,tvm
5,1,750,1,640,16,[5; 1; 750; 1; 640; 16],0.9667223730357364,0.15132132902473605,tvm
128,4,3,1,256,128,[128; 4; 3; 1; 256; 128],0.43702236795797944,0.3347327848898113,tvm
5,1,12,1,80,16,[5; 1; 12; 1; 80; 16],0.4984330820152536,0.2934911817936625,tvm
256,1,30,1,128,16,[256; 1; 30; 1; 128; 16],1.1244619500357658,0.13009396563490777,tvm
20,20,750,1,128,128,[20; 20; 750; 1; 128; 128],0.3906683449167758,0.3744498784944493,tvm
1024,4,50,1,128,64,[1024; 4; 50; 1; 128; 64],0.5652566381031647,0.25879521694182345,tvm
32,4,250,1,1280,16,[32; 4; 250; 1; 1280; 16],0.6545210370095447,0.22350040107814145,tvm
2560,32,30,1,1280,16,[2560; 32; 30; 1; 1280; 16],2.4462580230319872,0.059799789273415276,tvm
5120,8,4,1,64,64,[5120; 8; 4; 1; 64; 64],1.8258784669451416,0.08011799083783677,tvm
16,16,75,1,64,64,[16; 16; 75; 1; 64; 64],0.394464437966235,0.370846393758405,tvm
512,4,125,1,16,16,[512; 4; 125; 1; 16; 16],1.1516756790224463,0.1270198867183538,tvm
32,8,150,1,64,16,[32; 8; 150; 1; 64; 16],0.5615994139807299,0.26048053228690476,tvm
2560,2,500,1,80,16,[2560; 2; 500; 1; 80; 16],2.4792855289997533,0.05900317352504857,tvm
256,64,25,1,1280,128,[256; 64; 25; 1; 1280; 128],0.4676044809166342,0.3128407024649418,tvm
640,10,100,1,128,128,[640; 10; 100; 1; 128; 128],0.4203558429144323,0.34800447466479545,tvm
1280,64,6,1,256,128,[1280; 64; 6; 1; 256; 128],1.2280892999842763,0.1191165123640335,tvm
1280,4,250,1,640,64,[1280; 4; 250; 1; 640; 64],1.2682686450425535,0.11534284542752064,tvm
1280,20,15,1,256,16,[1280; 20; 15; 1; 256; 16],1.8102911019232124,0.0808078403138057,tvm
256,2,5,1,64,64,[256; 2; 5; 1; 64; 64],0.45378421794157475,0.3223684484870048,tvm
512,4,25,1,320,16,[512; 4; 25; 1; 320; 16],1.1454470619792119,0.12771058492476117,tvm
640,40,2,1,320,16,[640; 40; 2; 1; 320; 16],1.4080486359307542,0.10389251518220172,tvm
2560,2,150,1,64,64,[2560; 2; 150; 1; 64; 64],1.8419638820923865,0.0794183402334363,tvm
256,32,125,1,640,64,[256; 32; 125; 1; 640; 64],0.43545503995846957,0.3359375845085314,tvm
80,40,20,1,640,64,[80; 40; 20; 1; 640; 64],0.4489214679924771,0.32586036693653,tvm
10,5,500,1,16,16,[10; 5; 500; 1; 16; 16],0.6096784159308299,0.23993913916465578,tvm
5120,5,20,1,1280,128,[5120; 5; 20; 1; 1280; 128],1.8092911889543757,0.08085249913268833,tvm
4,4,150,1,32,16,[4; 4; 150; 1; 32; 16],0.7266053140629083,0.2013276141179572,tvm
256,1,1500,1,80,16,[256; 1; 1500; 1; 80; 16],1.1555970360059291,0.12658886249078588,tvm
2560,5,10,1,64,16,[2560; 5; 10; 1; 64; 16],2.4478897410444915,0.05975992784025295,tvm
2560,32,2,1,64,64,[2560; 32; 2; 1; 64; 64],1.8244041820289567,0.08018273347906218,tvm
32,32,150,1,256,64,[32; 32; 150; 1; 256; 64],0.34359224303625524,0.42575383248765164,tvm
2560,5,30,1,256,16,[2560; 5; 30; 1; 256; 16],2.4445152330445126,0.059842422869062384,tvm
80,4,250,1,640,64,[80; 4; 250; 1; 640; 64],0.48609441495500505,0.3009409484765529,tvm
40,20,3,1,320,64,[40; 20; 3; 1; 320; 64],0.4788700230419636,0.3054810433872058,tvm
256,64,20,1,320,64,[256; 64; 20; 1; 320; 64],0.4244240189436823,0.34466879289676877,tvm
2,1,500,1,256,16,[2; 1; 500; 1; 256; 16],2.3826891579665244,0.06139521548440669,tvm
512,64,150,1,128,16,[512; 64; 150; 1; 128; 16],1.1350891010370106,0.12887597471605405,tvm
160,8,300,1,256,128,[160; 8; 300; 1; 256; 128],0.43517494096886367,0.3361538096840482,tvm
80,1,60,1,1280,128,[80; 1; 60; 1; 1280; 128],0.4690263489028439,0.31189231613087165,tvm
160,1,100,1,64,16,[160; 1; 100; 1; 64; 16],1.096488073002547,0.13341295531390107,tvm
640,20,125,1,128,64,[640; 20; 125; 1; 128; 64],0.4345696329837665,0.336622035187578,tvm
20,5,250,1,320,16,[20; 5; 250; 1; 320; 16],0.5132648869184777,0.28501017313687577,tvm
2560,1,10,1,640,16,[2560; 1; 10; 1; 640; 16],2.430667303968221,0.06018335542955362,tvm
160,40,2,1,32,16,[160; 40; 2; 1; 32; 16],1.0368774809176102,0.14108293118320514,tvm
40,8,750,1,640,64,[40; 8; 750; 1; 640; 64],0.5040911550167948,0.29019694717881034,tvm
2560,32,375,1,1280,128,[2560; 32; 375; 1; 1280; 128],1.827554824994877,0.08004450114711298,tvm
256,64,75,1,32,16,[256; 64; 75; 1; 32; 16],1.087807150091976,0.13447761790621213,tvm
512,16,20,1,320,64,[512; 16; 20; 1; 320; 64],0.4313080089632422,0.33916762788001314,tvm
128,2,50,1,32,16,[128; 2; 50; 1; 32; 16],1.0031991379801184,0.14581921848562576,tvm
160,5,750,1,32,16,[160; 5; 750; 1; 32; 16],1.0992189020616934,0.13308151270992613,tvm
160,40,250,1,1280,128,[160; 40; 250; 1; 1280; 128],0.44228814903181046,0.33074753326748774,tvm
1024,16,5,1,16,16,[1024; 16; 5; 1; 16; 16],1.1772046909900382,0.12426531715795906,tvm
1024,16,5,1,256,64,[1024; 16; 5; 1; 256; 64],0.5258751660585403,0.2781757415588432,tvm
1280,1,10,1,128,64,[1280; 1; 10; 1; 128; 64],1.22639094106853,0.11928147003292315,tvm
10,10,2,1,320,64,[10; 10; 2; 1; 320; 64],0.5414225329877809,0.2701877099175253,tvm
320,16,100,1,1280,128,[320; 16; 100; 1; 1280; 128],0.42798742500599474,0.3417990944095269,tvm
640,2,500,1,320,16,[640; 2; 500; 1; 320; 16],1.1648591039702296,0.1255823247525161,tvm
256,2,4,1,320,16,[256; 2; 4; 1; 320; 16],1.091971724992618,0.13396474554934398,tvm
2560,64,500,1,128,64,[2560; 64; 500; 1; 128; 64],1.8214134600711986,0.08031439181304613,tvm
256,2,100,1,256,128,[256; 2; 100; 1; 256; 128],0.4199763380456716,0.3483189433158161,tvm
320,40,4,1,128,16,[320; 40; 4; 1; 128; 16],1.0946315979817882,0.13363922122787844,tvm
1024,2,150,1,640,16,[1024; 2; 150; 1; 640; 16],1.1834929540054873,0.12360505720850792,tvm
4,2,12,1,64,16,[4; 2; 12; 1; 64; 16],0.5307636719662696,0.27561365257683057,tvm
64,16,1,1,16,16,[64; 16; 1; 1; 16; 16],0.86081025400199,0.16993955823088525,tvm
128,8,20,1,1280,64,[128; 8; 20; 1; 1280; 64],0.42877549305558205,0.3411708846586326,tvm
80,5,30,1,128,64,[80; 5; 30; 1; 128; 64],0.46720109204761684,0.3131108141134331,tvm
5,5,25,1,640,128,[5; 5; 25; 1; 640; 128],0.48904088302515447,0.2991277812619807,tvm
1280,20,5,1,64,16,[1280; 20; 5; 1; 64; 16],1.7920565890381113,0.08163007528921469,tvm
64,32,2,1,80,16,[64; 32; 2; 1; 80; 16],1.1427385180722922,0.1280132873550867,tvm
5120,1,25,1,256,64,[5120; 1; 25; 1; 256; 64],1.836069703917019,0.07967329016628971,tvm
1280,64,1500,1,320,64,[1280; 64; 1500; 1; 320; 64],1.2864293119637296,0.11371453753833524,tvm
10,1,300,1,128,16,[10; 1; 300; 1; 128; 16],0.5391160050639883,0.2713436679891399,tvm
8,1,3,1,64,64,[8; 1; 3; 1; 64; 64],0.47252322104759514,0.3095841807761223,tvm
320,20,20,1,64,64,[320; 20; 20; 1; 64; 64],0.44413428101688623,0.32937271572637833,tvm
1280,16,20,1,256,64,[1280; 16; 20; 1; 256; 64],1.2545277059543878,0.11660620454326814,tvm
1280,10,60,1,320,16,[1280; 10; 60; 1; 320; 16],1.786909437039867,0.08186520886477952,tvm
2560,32,3,1,80,16,[2560; 32; 3; 1; 80; 16],2.43841380008962,0.05999216141261085,tvm
40,10,5,1,64,16,[40; 10; 5; 1; 64; 16],0.682106719003059,0.2144616233945326,tvm
1280,64,150,1,128,64,[1280; 64; 150; 1; 128; 64],1.2289482009364292,0.11903326289443938,tvm
640,5,4,1,64,16,[640; 5; 4; 1; 64; 16],1.1464391789631918,0.12760006546357835,tvm
32,1,5,1,256,128,[32; 1; 5; 1; 256; 128],0.37400613294448704,0.3911318596142571,tvm
2560,1,12,1,128,16,[2560; 1; 12; 1; 128; 16],2.434905623085797,0.0600785972559889,tvm
64,4,2,1,1280,16,[64; 4; 2; 1; 1280; 16],0.8615440559806302,0.16979481579639982,tvm
16,16,30,1,320,64,[16; 16; 30; 1; 320; 64],0.33298685296904296,0.43931378365654017,tvm
128,4,125,1,16,16,[128; 4; 125; 1; 16; 16],1.061151594039984,0.1378556231808311,tvm
5120,1,125,1,640,16,[5120; 1; 125; 1; 640; 16],2.4764296170324087,0.05907121820850032,tvm
64,16,6,1,128,128,[64; 16; 6; 1; 128; 128],0.46272548008710146,0.3161393106300913,tvm
128,16,1500,1,256,16,[128; 16; 1500; 1; 256; 16],1.073322373908013,0.13629242978796918,tvm
20,20,60,1,640,128,[20; 20; 60; 1; 640; 128],0.3651544399326667,0.4006132701349295,tvm
1280,2,750,1,320,64,[1280; 2; 750; 1; 320; 64],1.2728886000113562,0.11492420804492176,tvm
40,5,250,1,640,128,[40; 5; 250; 1; 640; 128],0.4858130739303306,0.30111522751380876,tvm
64,1,1500,1,1280,64,[64; 1; 1500; 1; 1280; 64],0.49172674701549113,0.2974939133849999,tvm
160,40,10,1,1280,16,[160; 40; 10; 1; 1280; 16],1.0152124309679493,0.1440936988392064,tvm
2560,2,10,1,16,16,[2560; 2; 10; 1; 16; 16],2.5179972550831735,0.05809605788505208,tvm
640,64,3,1,256,16,[640; 64; 3; 1; 256; 16],1.1398301859153435,0.12833991948391785,tvm
64,32,375,1,128,128,[64; 32; 375; 1; 128; 128],0.44622655690182,0.32782834643770536,tvm
256,8,3,1,128,64,[256; 8; 3; 1; 128; 64],0.42711288505233824,0.342498949119244,tvm
1024,4,60,1,128,64,[1024; 4; 60; 1; 128; 64],0.5059762200107798,0.2891157894388746,tvm
5120,16,1,1,16,16,[5120; 16; 1; 1; 16; 16],2.4812721780035645,0.0589559321958045,tvm
128,2,12,1,1280,64,[128; 2; 12; 1; 1280; 64],0.42926108895335346,0.34078493963288325,tvm
20,20,5,1,640,64,[20; 20; 5; 1; 640; 64],0.44835637998767197,0.32627106653358334,tvm
4,2,6,1,320,16,[4; 2; 6; 1; 320; 16],0.5361029879422858,0.27286867929462594,tvm
8,8,250,1,128,64,[8; 8; 250; 1; 128; 64],0.40914270700886846,0.35754203064053014,tvm
640,16,25,1,32,16,[640; 16; 25; 1; 32; 16],1.153705255012028,0.1267964357882631,tvm
2,2,100,1,640,16,[2; 2; 100; 1; 640; 16],1.5756903019500896,0.09283912841544412,tvm
8,2,25,1,640,16,[8; 2; 25; 1; 640; 16],0.5260473529342562,0.2780846885166185,tvm
80,4,2,1,128,16,[80; 4; 2; 1; 128; 16],0.8761103970464319,0.16697178207093172,tvm
32,1,3,1,64,64,[32; 1; 3; 1; 64; 64],0.3917221640003845,0.3734425256712579,tvm
64,64,1500,1,1280,128,[64; 64; 1500; 1; 1280; 128],0.27981511410325766,0.5227941841330693,tvm
20,10,150,1,128,64,[20; 10; 150; 1; 128; 64],0.37123206607066095,0.3940546295854465,tvm
20,20,30,1,128,128,[20; 20; 30; 1; 128; 128],0.396145912935026,0.3692723047472344,tvm
40,5,500,1,1280,16,[40; 5; 500; 1; 1280; 16],0.6742483859416097,0.21696116347601122,tvm
128,32,75,1,64,64,[128; 32; 75; 1; 64; 64],0.4548469759756699,0.32161522888422855,tvm
320,4,300,1,128,64,[320; 4; 300; 1; 128; 64],0.4487356519093737,0.3259953018291893,tvm
1024,1,500,1,128,64,[1024; 1; 500; 1; 128; 64],0.47973871196154505,0.304927892284499,tvm
320,4,4,1,320,16,[320; 4; 4; 1; 320; 16],1.108894626959227,0.13192030219034787,tvm
160,2,1500,1,32,16,[160; 2; 1500; 1; 32; 16],1.093259961111471,0.1338068890193251,tvm
32,4,2,1,1280,16,[32; 4; 2; 1; 1280; 16],0.6832759770331904,0.21409462530922319,tvm
2560,5,10,1,256,128,[2560; 5; 10; 1; 256; 128],1.829633672023192,0.07995355383023363,tvm
2560,2,75,1,1280,64,[2560; 2; 75; 1; 1280; 64],1.8142222489695996,0.08063274186434341,tvm
2,1,375,1,1280,16,[2; 1; 375; 1; 1280; 16],2.256544559961185,0.06482731025184389,tvm
2560,1,5,1,80,16,[2560; 1; 5; 1; 80; 16],2.463085252093151,0.059391250936766976,tvm
512,2,500,1,640,16,[512; 2; 500; 1; 640; 16],1.1597100390354171,0.1261399051157535,tvm
128,1,500,1,640,64,[128; 1; 500; 1; 640; 64],0.47702168801333755,0.30666470301372156,tvm
256,8,15,1,320,16,[256; 8; 15; 1; 320; 16],1.0982611579820514,0.13319756710189054,tvm
64,4,125,1,64,16,[64; 4; 125; 1; 64; 16],0.8878795340424404,0.16475851585370802,tvm
128,16,5,1,160,16,[128; 16; 5; 1; 160; 16],0.9990972370142117,0.14641789494172472,tvm
1,1,300,1,64,16,[1; 1; 300; 1; 64; 16],2.679378292057663,0.054596887165706,tvm
128,64,6,1,80,16,[128; 64; 6; 1; 80; 16],0.9896824809256941,0.14781075456532963,tvm
64,1,4,1,80,16,[64; 1; 4; 1; 80; 16],0.9290478070033714,0.15745768213753875,tvm
128,4,3,1,128,16,[128; 4; 3; 1; 128; 16],0.9819798669777811,0.14897017668593837,tvm
2,1,3,1,1280,16,[2; 1; 3; 1; 1280; 16],0.93701360700652,0.156119092819851,tvm
40,8,300,1,320,64,[40; 8; 300; 1; 320; 64],0.49929568101651967,0.29298413715073635,tvm
2560,2,300,1,128,64,[2560; 2; 300; 1; 128; 64],1.8422391060739756,0.07940647541537975,tvm
320,20,300,1,16,16,[320; 20; 300; 1; 16; 16],1.1207585840020329,0.13052384016846305,tvm
5,1,250,1,64,16,[5; 1; 250; 1; 64; 16],0.5924640669254586,0.2469106945925876,tvm
128,16,75,1,320,64,[128; 16; 75; 1; 320; 64],0.44542181107681245,0.32842063555906,tvm
4,2,12,1,16,16,[4; 2; 12; 1; 16; 16],0.8406645630020648,0.17401199089838998,tvm
64,64,20,1,64,64,[64; 64; 20; 1; 64; 64],0.42314529907889664,0.3457103614388468,tvm
128,16,1500,1,1280,16,[128; 16; 1500; 1; 1280; 16],1.0478955060243607,0.13959952442272766,tvm
1280,64,30,1,320,16,[1280; 64; 30; 1; 320; 16],1.810472796089016,0.08079973065694263,tvm
128,64,25,1,32,16,[128; 64; 25; 1; 32; 16],1.0372260360745713,0.14103552089700638,tvm
80,20,12,1,1280,64,[80; 20; 12; 1; 1280; 64],0.43844083906151354,0.3336498365408664,tvm
80,16,250,1,64,64,[80; 16; 250; 1; 64; 64],0.5110926409251988,0.28622152340308105,tvm
640,1,20,1,128,64,[640; 1; 20; 1; 128; 64],0.4262099580373615,0.3432245341224311,tvm
128,16,1,1,640,128,[128; 16; 1; 1; 640; 128],0.4220963870175183,0.3465694537670681,tvm
2560,5,30,1,640,16,[2560; 5; 30; 1; 640; 16],2.4273227769881487,0.06026628006483232,tvm
640,16,100,1,32,16,[640; 16; 100; 1; 32; 16],1.1543630950618535,0.12672417795708893,tvm
64,4,5,1,320,16,[64; 4; 5; 1; 320; 16],0.8671273390064016,0.16870153633183319,tvm
80,10,5,1,32,16,[80; 10; 5; 1; 32; 16],0.9292129259556532,0.15742970227761963,tvm
5120,16,1,1,320,16,[5120; 16; 1; 1; 320; 16],2.417704017017968,0.060506047579035445,tvm
1280,2,100,1,640,64,[1280; 2; 100; 1; 640; 64],1.227268814924173,0.11919614717396089,tvm
256,2,30,1,256,128,[256; 2; 30; 1; 256; 128],0.4174232049845159,0.35044940611564873,tvm
1280,32,300,1,1280,16,[1280; 32; 300; 1; 1280; 16],1.7855284149991348,0.0819285277438641,tvm
40,4,375,1,640,128,[40; 4; 375; 1; 640; 128],0.49362128507345915,0.29635211995354804,tvm
64,64,25,1,640,64,[64; 64; 25; 1; 640; 64],0.38906300300732255,0.375994924099635,tvm
128,32,375,1,128,64,[128; 32; 375; 1; 128; 64],0.4703961939085275,0.31098405169953564,tvm
1280,20,2,1,640,64,[1280; 20; 2; 1; 640; 64],1.6929957469692454,0.08640642751028228,tvm
128,1,6,1,64,16,[128; 1; 6; 1; 64; 16],1.050264842924662,0.13928459594853612,tvm
1280,40,2,1,320,16,[1280; 40; 2; 1; 320; 16],1.9884102889336646,0.07356917991214164,tvm
160,2,100,1,640,64,[160; 2; 100; 1; 640; 64],0.4376752449898049,0.3342334663892673,tvm
16,16,25,1,16,16,[16; 16; 25; 1; 16; 16],0.592471448937431,0.24690761816129822,tvm
256,64,15,1,1280,64,[256; 64; 15; 1; 1280; 64],0.5026872530579567,0.2910074074801504,tvm
640,16,4,1,1280,128,[640; 16; 4; 1; 1280; 128],0.8968011699616909,0.16311945076071127,tvm
10,10,5,1,320,16,[10; 10; 5; 1; 320; 16],0.4054783780593425,0.36077315635386387,tvm
8,4,50,1,80,16,[8; 4; 50; 1; 80; 16],0.5330333230085671,0.2744400921504173,tvm
256,8,4,1,1280,128,[256; 8; 4; 1; 1280; 128],0.6919037470361218,0.21142494879143536,tvm
10,2,300,1,256,16,[10; 2; 300; 1; 256; 16],0.5802395109785721,0.25211263886356844,tvm
640,4,1500,1,640,16,[640; 4; 1500; 1; 640; 16],1.1613892150344327,0.1259575277538437,tvm
1024,1,3,1,80,16,[1024; 1; 3; 1; 80; 16],1.1791954330401495,0.12405552988665071,tvm
160,32,1,1,80,16,[160; 32; 1; 1; 80; 16],1.010800648946315,0.1447226161144696,tvm
128,32,6,1,1280,16,[128; 32; 6; 1; 1280; 16],0.9670339709846303,0.15127257022498056,tvm
128,4,12,1,32,16,[128; 4; 12; 1; 32; 16],1.0399515039753169,0.14066590002180177,tvm
20,2,20,1,64,16,[20; 2; 20; 1; 64; 16],0.48294614301994443,0.30290274888824004,tvm
16,16,20,1,256,64,[16; 16; 20; 1; 256; 64],0.35931021999567747,0.4071292886895177,tvm
5120,10,500,1,640,128,[5120; 10; 500; 1; 640; 128],1.8188202150631696,0.08042890279874838,tvm
1024,2,5,1,16,16,[1024; 2; 5; 1; 16; 16],1.1815140619874,0.12381208061091559,tvm
2560,4,10,1,640,64,[2560; 4; 10; 1; 640; 64],1.812343779951334,0.08071631657523742,tvm
160,20,20,1,64,16,[160; 20; 20; 1; 64; 16],1.023478101938963,0.14292998942388543,tvm
512,2,5,1,128,16,[512; 2; 5; 1; 128; 16],1.1367749369237572,0.12868485179799982,tvm
2560,64,5,1,640,128,[2560; 64; 5; 1; 640; 128],1.8128808030160144,0.08069240627532977,tvm
640,32,50,1,1280,128,[640; 32; 50; 1; 1280; 128],0.4410890620201826,0.331646660236206,tvm
2560,10,30,1,256,128,[2560; 10; 30; 1; 256; 128],1.8144500290509313,0.08062261949546812,tvm
5120,2,25,1,256,128,[5120; 2; 25; 1; 256; 128],1.8140486100455746,0.08064045994998952,tvm
320,2,150,1,32,16,[320; 2; 150; 1; 32; 16],1.1361476629972458,0.1287558994750746,tvm
1280,8,5,1,128,64,[1280; 8; 5; 1; 128; 64],1.2349699980113655,0.11845284866942007,tvm
512,2,125,1,160,16,[512; 2; 125; 1; 160; 16],1.1463434050092474,0.12761072611093727,tvm
1280,8,15,1,128,64,[1280; 8; 15; 1; 128; 64],1.235361540922895,0.11841530551163945,tvm
256,2,75,1,1280,16,[256; 2; 75; 1; 1280; 16],1.1344486019806936,0.12894873688442682,tvm
512,32,2,1,128,128,[512; 32; 2; 1; 128; 128],0.41561270493548363,0.35197604055059506,tvm
1280,16,10,1,128,16,[1280; 16; 10; 1; 128; 16],1.8078595120459795,0.08091652770085035,tvm
512,2,12,1,32,16,[512; 2; 12; 1; 32; 16],1.1459133280441165,0.127658620164057,tvm
640,64,150,1,128,16,[640; 64; 150; 1; 128; 16],1.1503921980038285,0.12716160152993966,tvm
640,40,75,1,640,64,[640; 40; 75; 1; 640; 64],0.43691264698281884,0.33481684564618897,tvm
2560,5,15,1,256,64,[2560; 5; 15; 1; 256; 64],1.8144346040207893,0.08062330489153204,tvm
2560,20,5,1,256,64,[2560; 20; 5; 1; 256; 64],1.8170353319728747,0.08050790852089941,tvm
2560,32,375,1,256,128,[2560; 32; 375; 1; 256; 128],1.8117588049499318,0.0807423780064129,tvm
4,2,125,1,64,64,[4; 2; 125; 1; 64; 64],0.5360397970071062,0.27290084635968737,tvm
256,2,750,1,256,128,[256; 2; 750; 1; 256; 128],0.4269823409849778,0.3426036635338532,tvm
5120,4,30,1,1280,128,[5120; 4; 30; 1; 1280; 128],1.8621662351069972,0.0785567429630196,tvm
80,2,500,1,320,16,[80; 2; 500; 1; 320; 16],0.943067705957219,0.15511687375323013,tvm
4,1,25,1,640,64,[4; 1; 25; 1; 640; 64],0.5573382149450481,0.2624720687780895,tvm
1024,64,4,1,640,128,[1024; 64; 4; 1; 640; 128],0.958258792059496,0.1526578367951272,tvm
5,5,250,1,256,16,[5; 5; 250; 1; 256; 16],0.7046583200572059,0.20759807997986665,tvm
64,2,15,1,1280,64,[64; 2; 15; 1; 1280; 64],0.4442207539686933,0.32930859933667994,tvm
64,8,20,1,640,64,[64; 8; 20; 1; 640; 64],0.4546918850392103,0.32172492868021907,tvm
5120,32,4,1,128,128,[5120; 32; 4; 1; 128; 128],1.8115491439821199,0.08075172278470528,tvm
2560,32,75,1,1280,16,[2560; 32; 75; 1; 1280; 16],2.4650439450051636,0.05934405939582869,tvm
8,8,30,1,1280,64,[8; 8; 30; 1; 1280; 64],0.3477580390172079,0.4206537243513606,tvm
20,4,250,1,128,64,[20; 4; 250; 1; 128; 64],0.3700131180230528,0.39535277848338424,tvm
40,8,5,1,128,128,[40; 8; 5; 1; 128; 128],0.48394951794762164,0.3022747391217506,tvm
512,32,75,1,32,16,[512; 32; 75; 1; 32; 16],1.1365841169608757,0.12870645656818538,tvm
256,32,15,1,64,16,[256; 32; 15; 1; 64; 16],1.0808213680284098,0.13534680069525523,tvm
160,20,750,1,640,128,[160; 20; 750; 1; 640; 128],0.44209805002901703,0.33088975234365514,tvm
5,5,1,1,640,16,[5; 5; 1; 1; 640; 16],0.4855478089302778,0.30127973310805356,tvm
64,32,3,1,256,64,[64; 32; 3; 1; 256; 64],0.46180265594739467,0.31677105447911963,tvm
4,2,6,1,1280,16,[4; 2; 6; 1; 1280; 16],0.528225976973772,0.2769377513839646,tvm
160,1,375,1,64,64,[160; 1; 375; 1; 64; 64],0.45363116706721485,0.32247721255898415,tvm
2560,5,60,1,1280,16,[2560; 5; 60; 1; 1280; 16],2.426551052951254,0.06028544674870806,tvm
256,64,30,1,80,16,[256; 64; 30; 1; 80; 16],1.0759538920829073,0.13595909207830842,tvm
256,32,150,1,256,128,[256; 32; 150; 1; 256; 128],0.42161806591320783,0.3469626330381866,tvm
16,16,50,1,16,16,[16; 16; 50; 1; 16; 16],0.5352389949839562,0.2733091491028213,tvm
2560,8,25,1,1280,128,[2560; 8; 25; 1; 1280; 128],1.8417442169738933,0.07942781247119718,tvm
1280,40,500,1,1280,16,[1280; 40; 500; 1; 1280; 16],1.794874323066324,0.08150192601552346,tvm
160,10,5,1,640,128,[160; 10; 5; 1; 640; 128],0.4206880290294066,0.3477296813584604,tvm
256,4,125,1,1280,16,[256; 4; 125; 1; 1280; 16],1.11247811303474,0.13149536388330377,tvm
5120,2,20,1,1280,16,[5120; 2; 20; 1; 1280; 16],2.5324036210076883,0.05776556038389513,tvm
256,2,2,1,256,128,[256; 2; 2; 1; 256; 128],0.416418134002015,0.351295254315237,tvm
1280,2,2,1,256,64,[1280; 2; 2; 1; 256; 64],1.2623119719792157,0.11588713212974497,tvm
80,2,15,1,320,16,[80; 2; 15; 1; 320; 16],0.9331571630900726,0.1567642837368373,tvm
16,2,12,1,128,16,[16; 2; 12; 1; 128; 16],0.4521825769916177,0.32351028484767574,tvm
32,4,375,1,1280,16,[32; 4; 375; 1; 1280; 16],0.6792232870357111,0.2153720537529555,tvm
1,1,60,1,16,16,[1; 1; 60; 1; 16; 16],2.816594053991139,0.051937095471186606,tvm
320,10,6,1,128,64,[320; 10; 6; 1; 128; 64],0.4262023230548948,0.34323068264194495,tvm
2560,5,125,1,640,16,[2560; 5; 125; 1; 640; 16],2.463413503021002,0.05938333702657598,tvm
1024,4,60,1,256,64,[1024; 4; 60; 1; 256; 64],0.5089376129908487,0.2874334899832697,tvm
5120,20,125,1,64,64,[5120; 20; 125; 1; 64; 64],1.8175770309753716,0.08048391446012748,tvm
40,2,150,1,32,16,[40; 2; 150; 1; 32; 16],0.8644359249155968,0.16922678716759437,tvm
80,4,60,1,128,16,[80; 4; 60; 1; 128; 16],0.8915340639650822,0.16408314634116294,tvm
1024,4,5,1,640,128,[1024; 4; 5; 1; 640; 128],0.861972326063551,0.1697104534130125,tvm
128,32,100,1,320,16,[128; 32; 100; 1; 320; 16],1.0181239169323817,0.1436816401744836,tvm
1024,2,375,1,64,16,[1024; 2; 375; 1; 64; 16],1.1754634690005332,0.12444939221301138,tvm
640,4,2,1,80,16,[640; 4; 2; 1; 80; 16],1.1455516199348494,0.1276989283940203,tvm
80,4,3,1,1280,64,[80; 4; 3; 1; 1280; 64],0.4351970129646361,0.3361367608871925,tvm
80,10,1500,1,256,64,[80; 10; 1500; 1; 256; 64],0.4850218689534813,0.3016064298324343,tvm
1280,8,60,1,1280,64,[1280; 8; 60; 1; 1280; 64],1.2373275629943237,0.1182271523408918,tvm
40,5,125,1,64,16,[40; 5; 125; 1; 64; 16],0.610088522080332,0.23977785024851272,tvm
80,8,1,1,1280,128,[80; 8; 1; 1; 1280; 128],0.4321412959834561,0.3385136196086075,tvm
128,4,60,1,320,64,[128; 4; 60; 1; 320; 64],0.435731036006473,0.3357247985510519,tvm
320,32,30,1,640,128,[320; 32; 30; 1; 640; 128],0.4294052349869162,0.3406705423378725,tvm
32,16,25,1,16,16,[32; 16; 25; 1; 16; 16],0.6680996669456363,0.21895792128514513,tvm
64,8,1,1,256,128,[64; 8; 1; 1; 256; 128],0.4460384810809046,0.3279665779759937,tvm
40,1,250,1,320,16,[40; 1; 250; 1; 320; 16],0.9695919409859926,0.15087348409368395,tvm
80,20,30,1,160,16,[80; 20; 30; 1; 160; 16],0.8914324590004981,0.16410184844484393,tvm
80,16,75,1,256,128,[80; 16; 75; 1; 256; 128],0.44186239899136126,0.33106622020710635,tvm
128,4,375,1,640,64,[128; 4; 375; 1; 640; 64],0.4731232189806178,0.3091915771982163,tvm
1024,4,3,1,1280,64,[1024; 4; 3; 1; 1280; 64],1.0818393749650568,0.13521943984562337,tvm
2560,16,5,1,160,16,[2560; 16; 5; 1; 160; 16],2.425413514021784,0.060313721120134084,tvm
20,4,375,1,1280,128,[20; 4; 375; 1; 1280; 128],0.3086942699737847,0.4738854216443258,tvm
1280,40,375,1,640,64,[1280; 40; 375; 1; 640; 64],1.2184660430066288,0.12005727621653423,tvm
160,4,30,1,128,16,[160; 4; 30; 1; 128; 16],1.0436598480446264,0.1401660843423184,tvm
1024,32,300,1,160,16,[1024; 32; 300; 1; 160; 16],1.1758363409899175,0.12440992779876044,tvm
1280,5,2,1,64,64,[1280; 5; 2; 1; 64; 64],1.262849144055508,0.11583783777683296,tvm
512,4,375,1,80,16,[512; 4; 375; 1; 80; 16],1.156411565025337,0.12649969847241122,tvm
640,20,25,1,16,16,[640; 20; 25; 1; 16; 16],1.1570740630850196,0.1264272693968126,tvm
64,4,20,1,64,64,[64; 4; 20; 1; 64; 64],0.4824858260108158,0.30319173413901496,tvm
20,5,50,1,256,16,[20; 5; 50; 1; 256; 16],0.448405600967817,0.3262352521243675,tvm
2,2,500,1,16,16,[2; 2; 500; 1; 16; 16],1.398227707017213,0.104622239676383,tvm
160,10,20,1,256,128,[160; 10; 20; 1; 256; 128],0.42674987204372883,0.34279029442971803,tvm
16,1,250,1,256,64,[16; 1; 250; 1; 256; 64],0.394352991017513,0.37095119757622896,tvm
40,2,100,1,320,64,[40; 2; 100; 1; 320; 64],0.48431167495436966,0.3020487051019302,tvm
1024,8,100,1,32,16,[1024; 8; 100; 1; 32; 16],1.1873047110857442,0.12320823198953003,tvm
128,16,100,1,640,64,[128; 16; 100; 1; 640; 64],0.4403906910447404,0.332172585071406,tvm
160,1,4,1,256,16,[160; 1; 4; 1; 256; 16],1.0887945430586115,0.1343556644532517,tvm
256,1,750,1,128,16,[256; 1; 750; 1; 128; 16],1.1551972999004647,0.1266326663837586,tvm
160,5,25,1,16,16,[160; 5; 25; 1; 16; 16],1.0533168569672853,0.13888101506976808,tvm
640,10,6,1,64,64,[640; 10; 6; 1; 64; 64],0.43351339001674205,0.3374422051417254,tvm
1024,4,3,1,64,64,[1024; 4; 3; 1; 64; 64],0.47572532400954515,0.3075003723845888,tvm
20,20,125,1,128,128,[20; 20; 125; 1; 128; 128],0.3786831140751019,0.38630112843294706,tvm
640,16,4,1,160,16,[640; 16; 4; 1; 160; 16],1.1515950449975207,0.1270287805780106,tvm
1280,40,12,1,256,128,[1280; 40; 12; 1; 256; 128],1.2370585049502552,0.11825286653810829,tvm
640,8,2,1,640,128,[640; 8; 2; 1; 640; 128],1.2410288220271468,0.11787455028382442,tvm
1280,32,15,1,256,128,[1280; 32; 15; 1; 256; 128],1.2344179790234193,0.11850581956157573,tvm
2560,2,125,1,128,16,[2560; 2; 125; 1; 128; 16],2.4667896049795672,0.05930206369866959,tvm
1280,64,2,1,64,16,[1280; 64; 2; 1; 64; 16],1.7862492570420727,0.08189546543350569,tvm
80,2,300,1,128,128,[80; 2; 300; 1; 128; 128],0.4436676719924435,0.32971911978343516,tvm
40,40,1,1,1280,128,[40; 40; 1; 1; 1280; 128],0.46982145693618804,0.31136448139188133,tvm
640,1,12,1,128,16,[640; 1; 12; 1; 128; 16],1.1618362389272079,0.12590906479280467,tvm
32,1,150,1,256,16,[32; 1; 150; 1; 256; 16],1.0231341399485245,0.14297804029203262,tvm
80,4,75,1,256,16,[80; 4; 75; 1; 256; 16],0.8949039879953489,0.16346526135547246,tvm
2560,2,3,1,64,16,[2560; 2; 3; 1; 64; 16],2.4444049950689077,0.059845121647524084,tvm
5120,40,2,1,320,64,[5120; 40; 2; 1; 320; 64],1.8150206139544025,0.08059727430147487,tvm
256,8,25,1,16,16,[256; 8; 25; 1; 16; 16],1.1066604780498892,0.13218662560670177,tvm
10,10,4,1,640,128,[10; 10; 4; 1; 640; 128],0.5188230479834601,0.2819568537949336,tvm
128,2,1500,1,640,16,[128; 2; 1500; 1; 640; 16],1.0717603269731626,0.1364910704418875,tvm
16,16,6,1,128,16,[16; 16; 6; 1; 128; 16],0.528627619962208,0.27672733841673347,tvm
1280,8,4,1,128,64,[1280; 8; 4; 1; 128; 64],1.2391690129879862,0.1180514625143653,tvm
16,8,300,1,1280,64,[16; 8; 300; 1; 1280; 64],0.3989403430605307,0.36668568829981313,tvm
2,1,250,1,640,64,[2; 1; 250; 1; 640; 64],1.002113493042998,0.14597719250491878,tvm
2560,40,150,1,64,16,[2560; 40; 150; 1; 64; 16],2.483826477895491,0.05889530351156414,tvm
512,64,12,1,16,16,[512; 64; 12; 1; 16; 16],1.1429426399990916,0.12799042503640476,tvm
10,5,30,1,1280,128,[10; 5; 30; 1; 1280; 128],0.34284032008145005,0.42668760270367434,tvm
20,4,750,1,320,64,[20; 4; 750; 1; 320; 64],0.39255651109851897,0.3726488038024195,tvm
8,8,750,1,640,128,[8; 8; 750; 1; 640; 128],0.43974960898049176,0.33265683766009635,tvm
1,1,75,1,32,16,[1; 1; 75; 1; 32; 16],2.1843894440680742,0.06696869676007987,tvm
2,1,10,1,160,16,[2; 1; 10; 1; 160; 16],0.7655369099229574,0.1910890414159603,tvm
2560,1,60,1,1280,16,[2560; 1; 60; 1; 1280; 16],2.4291861740639433,0.060220050586317735,tvm
64,1,2,1,320,64,[64; 1; 2; 1; 320; 64],0.4580471399240196,0.31936825172618705,tvm
160,4,10,1,128,64,[160; 4; 10; 1; 128; 64],0.44675175205338746,0.32744295598919765,tvm
5120,20,500,1,32,16,[5120; 20; 500; 1; 32; 16],2.470732784946449,0.05920742023459445,tvm
128,4,30,1,64,16,[128; 4; 30; 1; 64; 16],0.9748829359887168,0.15005464644568095,tvm
256,16,12,1,256,64,[256; 16; 12; 1; 256; 64],0.4238963439129293,0.34509784381570935,tvm
5120,16,100,1,16,16,[5120; 16; 100; 1; 16; 16],2.4860924960812554,0.05884162174830566,tvm
8,8,30,1,160,16,[8; 8; 30; 1; 160; 16],0.538375010015443,0.27171713315875895,tvm
20,4,30,1,256,16,[20; 4; 30; 1; 256; 16],0.4525259200017899,0.3232648293055471,tvm
2560,1,500,1,1280,16,[2560; 1; 500; 1; 1280; 16],2.4918879760662094,0.0587047715189214,tvm
640,5,25,1,128,64,[640; 5; 25; 1; 128; 64],0.43061469902750105,0.3397137037265228,tvm
2560,10,375,1,640,128,[2560; 10; 375; 1; 640; 128],1.8450967549579218,0.0792834922573209,tvm
64,4,20,1,1280,128,[64; 4; 20; 1; 1280; 128],0.43645509297493845,0.3351678480565104,tvm
2560,1,500,1,32,16,[2560; 1; 500; 1; 32; 16],2.5472829289501533,0.05742813749629494,tvm
640,5,12,1,128,128,[640; 5; 12; 1; 128; 128],0.4158742649015039,0.3517546687346974,tvm
640,20,30,1,128,64,[640; 20; 30; 1; 128; 64],0.4269815580919385,0.3426042917156056,tvm
320,8,250,1,80,16,[320; 8; 250; 1; 80; 16],1.128138832980767,0.12966995728637262,tvm
512,4,30,1,1280,64,[512; 4; 30; 1; 1280; 64],0.47629289701581,0.30713394048548764,tvm
8,4,250,1,64,16,[8; 4; 250; 1; 64; 16],0.5086391320219263,0.2876021624687112,tvm
4,4,60,1,32,16,[4; 4; 60; 1; 32; 16],0.6744138990761712,0.2169079173577236,tvm
20,10,25,1,32,16,[20; 10; 25; 1; 32; 16],0.5831995370099321,0.2508330425564501,tvm
64,8,375,1,320,16,[64; 8; 375; 1; 320; 16],0.8393727609654889,0.1742797968776698,tvm
640,20,750,1,16,16,[640; 20; 750; 1; 16; 16],1.1470440219854936,0.12753278120267675,tvm
2,2,250,1,640,128,[2; 2; 250; 1; 640; 128],1.0182352809933946,0.14366592576029907,tvm
64,8,30,1,128,64,[64; 8; 30; 1; 128; 64],0.4742241339990869,0.30847378654498414,tvm
320,10,20,1,64,64,[320; 10; 20; 1; 64; 64],0.44243122602347285,0.33064057345254655,tvm
128,2,15,1,64,64,[128; 2; 15; 1; 64; 64],0.46488409501034766,0.3146713683169956,tvm
1280,1,10,1,128,128,[1280; 1; 10; 1; 128; 128],1.2058847489533946,0.12130986349456518,tvm
640,2,30,1,128,16,[640; 2; 30; 1; 128; 16],1.150590099976398,0.1271397296819389,tvm
320,4,5,1,640,16,[320; 4; 5; 1; 640; 16],1.1161414550151676,0.13106377657456184,tvm
64,64,1,1,320,64,[64; 64; 1; 1; 320; 64],0.5330388529691845,0.2744372449979199,tvm
2,2,750,1,128,16,[2; 2; 750; 1; 128; 16],2.1390840329695493,0.06838708158773711,tvm
2,1,125,1,80,16,[2; 1; 125; 1; 80; 16],0.9143094070022926,0.15999585388204093,tvm
4,2,500,1,256,16,[4; 2; 500; 1; 256; 16],1.0816704130265862,0.1352405617496711,tvm
128,64,30,1,256,16,[128; 64; 30; 1; 256; 16],0.9771039740880951,0.14971355983096765,tvm
5120,20,12,1,1280,128,[5120; 20; 12; 1; 1280; 128],1.815703967004083,0.08056694094637364,tvm
1280,10,125,1,256,16,[1280; 10; 125; 1; 256; 16],1.7664338930044323,0.08281414598363758,tvm
1280,20,6,1,160,16,[1280; 20; 6; 1; 160; 16],1.7860504069831222,0.08190458327142648,tvm
128,2,250,1,320,64,[128; 2; 250; 1; 320; 64],0.46319455094635487,0.31581916062448767,tvm
80,2,60,1,256,64,[80; 2; 60; 1; 256; 64],0.45439612003974617,0.3219343384202282,tvm
2,1,375,1,1280,128,[2; 1; 375; 1; 1280; 128],1.040336231002584,0.1406138803266873,tvm
512,32,300,1,80,16,[512; 32; 300; 1; 80; 16],1.1548439760226756,0.1266714095782251,tvm
128,64,100,1,640,128,[128; 64; 100; 1; 640; 128],0.4256134720053524,0.3437055542355451,tvm
2560,10,1500,1,32,16,[2560; 10; 1500; 1; 32; 16],2.4825582910561934,0.058925389511590355,tvm
640,10,3,1,320,16,[640; 10; 3; 1; 320; 16],1.271131052984856,0.1150831095992878,tvm
320,10,3,1,128,64,[320; 10; 3; 1; 128; 64],0.42515727796126157,0.34407435052550883,tvm
40,8,12,1,32,16,[40; 8; 12; 1; 32; 16],0.7178155839210376,0.2037928927185374,tvm
80,2,20,1,128,16,[80; 2; 20; 1; 128; 16],0.8936968400375918,0.16368605967048183,tvm
128,4,75,1,160,16,[128; 4; 75; 1; 160; 16],1.0235722289653495,0.1429168456764241,tvm
64,8,10,1,320,16,[64; 8; 10; 1; 320; 16],0.8257095960434526,0.1771636359643519,tvm
2560,5,12,1,64,16,[2560; 5; 12; 1; 64; 16],2.4802469559945166,0.05898030191395091,tvm
20,4,15,1,1280,64,[20; 4; 15; 1; 1280; 64],0.31122305092867464,0.4700349599722924,tvm
512,64,6,1,64,16,[512; 64; 6; 1; 64; 16],1.132042067940347,0.12922286055311405,tvm
2560,4,150,1,128,128,[2560; 4; 150; 1; 128; 128],1.825344241107814,0.08014143907284715,tvm
32,4,100,1,128,16,[32; 4; 100; 1; 128; 16],0.5286102369427681,0.27673643842344364,tvm
20,10,375,1,32,16,[20; 10; 375; 1; 32; 16],0.607268420048058,0.24089135785150417,tvm
1024,1,250,1,80,16,[1024; 1; 250; 1; 80; 16],1.1891473249997944,0.12301731771186518,tvm
1280,2,2,1,64,16,[1280; 2; 2; 1; 64; 16],1.7767219140660018,0.08233461473492022,tvm
1280,64,15,1,16,16,[1280; 64; 15; 1; 16; 16],1.823436931008473,0.0802252668014184,tvm
32,4,5,1,32,16,[32; 4; 5; 1; 32; 16],0.7238277189899236,0.20210018274769986,tvm
320,16,6,1,320,16,[320; 16; 6; 1; 320; 16],1.1127882080618292,0.13145872073941522,tvm
20,4,30,1,256,128,[20; 4; 30; 1; 256; 128],0.30321868206374347,0.48244294609446825,tvm
16,16,10,1,1280,128,[16; 16; 10; 1; 1280; 128],0.3010445829713717,0.4859270771187587,tvm
80,4,300,1,256,128,[80; 4; 300; 1; 256; 128],0.45676154096145183,0.32026714415971375,tvm
2560,40,375,1,160,16,[2560; 40; 375; 1; 160; 16],2.4908326709410176,0.05872964330054683,tvm
20,5,375,1,320,16,[20; 5; 375; 1; 320; 16],0.5953913159901276,0.24569675498616092,tvm
256,32,25,1,320,64,[256; 32; 25; 1; 320; 64],0.42333797295577824,0.3455530182287599,tvm
4,1,100,1,320,64,[4; 1; 100; 1; 320; 64],0.5141966659575701,0.28449370439477983,tvm
40,2,150,1,128,128,[40; 2; 150; 1; 128; 128],0.47112270805519074,0.3105044859535349,tvm
64,4,375,1,256,128,[64; 4; 375; 1; 256; 128],0.45875127997715026,0.31887805150756326,tvm
80,40,125,1,128,64,[80; 40; 125; 1; 128; 64],0.46241866203490645,0.31634907129823336,tvm
1280,2,250,1,256,64,[1280; 2; 250; 1; 256; 64],1.2473886380903423,0.11727356640803356,tvm
5120,5,60,1,1280,128,[5120; 5; 60; 1; 1280; 128],1.8693771889666095,0.07825371741407679,tvm
512,2,125,1,128,128,[512; 2; 125; 1; 128; 128],0.41728718706872314,0.35056363775104954,tvm
20,20,15,1,16,16,[20; 20; 15; 1; 16; 16],0.5502820420078933,0.26583770342920976,tvm
320,5,3,1,1280,64,[320; 5; 3; 1; 1280; 64],0.8525132919894531,0.1715934703426584,tvm
4,1,75,1,256,16,[4; 1; 75; 1; 256; 16],0.7294185109203681,0.20055114052580517,tvm
40,1,75,1,640,128,[40; 1; 75; 1; 640; 128],0.49915068107657135,0.29306924708627935,tvm
1280,10,6,1,640,64,[1280; 10; 6; 1; 640; 64],1.4339856769656762,0.10201337198517624,tvm
512,1,20,1,256,64,[512; 1; 20; 1; 256; 64],0.42045056400820613,0.34792607456904057,tvm
160,8,750,1,1280,16,[160; 8; 750; 1; 1280; 16],1.1232628499856219,0.13023284290723833,tvm
1280,64,3,1,320,64,[1280; 64; 3; 1; 320; 64],1.3799752480117604,0.10600604213479894,tvm
160,8,100,1,64,16,[160; 8; 100; 1; 64; 16],1.0163777810521424,0.14392848507007014,tvm
32,4,500,1,640,64,[32; 4; 500; 1; 640; 64],0.39468163799028844,0.3706423106749998,tvm
256,1,15,1,1280,16,[256; 1; 15; 1; 1280; 16],1.1952847309876233,0.12238566300838075,tvm
2,1,2,1,160,16,[2; 1; 2; 1; 160; 16],0.8506555840140209,0.17196820550501807,tvm
160,32,12,1,320,16,[160; 32; 12; 1; 320; 16],1.0314633710077032,0.14182346983664415,tvm
1280,32,6,1,1280,128,[1280; 32; 6; 1; 1280; 128],1.4485426179599017,0.1009882018464463,tvm
64,32,25,1,256,128,[64; 32; 25; 1; 256; 128],0.45557841600384563,0.32109886936452114,tvm
640,32,5,1,256,64,[640; 32; 5; 1; 256; 64],0.4131663090083748,0.35406012323901537,tvm
10,1,750,1,256,128,[10; 1; 750; 1; 256; 128],0.3813116099918261,0.3836382382609596,tvm
320,1,150,1,32,16,[320; 1; 150; 1; 32; 16],1.1495278970105574,0.127257211126535,tvm
20,10,2,1,640,64,[20; 10; 2; 1; 640; 64],0.635413290001452,0.2302213639336691,tvm
80,40,75,1,1280,128,[80; 40; 75; 1; 1280; 128],0.43975004204548895,0.33265651006028124,tvm
8,8,1500,1,1280,16,[8; 8; 1500; 1; 1280; 16],0.7888113720109686,0.18545081812497013,tvm
5120,2,100,1,320,64,[5120; 2; 100; 1; 320; 64],1.8273250759812072,0.08005456511735559,tvm
1280,5,125,1,128,64,[1280; 5; 125; 1; 128; 64],1.2350208408897743,0.11844797224662407,tvm
64,2,150,1,160,16,[64; 2; 150; 1; 160; 16],0.9066571679431945,0.1613462281642488,tvm
1280,20,12,1,128,64,[1280; 20; 12; 1; 128; 64],1.2345074260374531,0.11849723314768963,tvm
5120,5,30,1,16,16,[5120; 5; 30; 1; 16; 16],2.4927329309284687,0.05868487252311752,tvm
256,16,50,1,128,128,[256; 16; 50; 1; 128; 128],0.4236968799959868,0.34526030563902166,tvm
5120,20,150,1,1280,64,[5120; 20; 150; 1; 1280; 64],1.8722213690634817,0.07813483848808381,tvm
64,32,750,1,64,16,[64; 32; 750; 1; 64; 16],0.8408515329938382,0.17397329795530775,tvm
4,4,300,1,640,128,[4; 4; 300; 1; 640; 128],0.566676902002655,0.2581465977680328,tvm
160,32,2,1,1280,128,[160; 32; 2; 1; 1280; 128],0.4174783390481025,0.35040312419384956,tvm
256,4,15,1,128,64,[256; 4; 15; 1; 128; 64],0.43342251295689493,0.33751295770892,tvm
8,2,75,1,320,16,[8; 2; 75; 1; 320; 16],0.4848288099747151,0.301726529604013,tvm
256,64,150,1,64,64,[256; 64; 150; 1; 64; 64],0.44635486498009413,0.3277341097026872,tvm
640,16,750,1,80,16,[640; 16; 750; 1; 80; 16],1.1599615330342203,0.12611255642509198,tvm
16,8,6,1,256,16,[16; 8; 6; 1; 256; 16],0.4940537039656192,0.2960927387276388,tvm
4,4,2,1,32,16,[4; 4; 2; 1; 32; 16],0.5060439789667726,0.2890770770248006,tvm
40,8,60,1,256,64,[40; 8; 60; 1; 256; 64],0.47050601395312697,0.3109114654170768,tvm
512,2,500,1,64,16,[512; 2; 500; 1; 64; 16],1.1557398099685088,0.12657322437452442,tvm
5120,2,250,1,1280,128,[5120; 2; 250; 1; 1280; 128],1.820612562005408,0.08034972258160204,tvm
64,4,60,1,640,64,[64; 4; 60; 1; 640; 64],0.4633347400231287,0.3157236046630391,tvm
160,40,5,1,160,16,[160; 40; 5; 1; 160; 16],1.018333839951083,0.1436520211218173,tvm
1280,1,500,1,256,128,[1280; 1; 500; 1; 256; 128],1.273510297993198,0.11486810473086227,tvm
40,5,4,1,128,64,[40; 5; 4; 1; 128; 64],0.4770258109783754,0.30666205249079437,tvm
5,5,750,1,64,64,[5; 5; 750; 1; 64; 64],0.4685080499621108,0.31223735493455174,tvm
80,20,60,1,640,64,[80; 20; 60; 1; 640; 64],0.4531641319626942,0.3228095605275242,tvm
320,8,150,1,80,16,[320; 8; 150; 1; 80; 16],1.120939182001166,0.13050281106648132,tvm
1280,64,12,1,64,16,[1280; 64; 12; 1; 64; 16],1.7953973439289257,0.08147818352320416,tvm
80,40,3,1,256,128,[80; 40; 3; 1; 256; 128],0.44605144893284887,0.3279570431520714,tvm
512,8,5,1,320,64,[512; 8; 5; 1; 320; 64],0.4399164819624275,0.3325306513480627,tvm
20,10,125,1,128,64,[20; 10; 125; 1; 128; 64],0.3571014249464497,0.40964752327059756,tvm
64,2,15,1,80,16,[64; 2; 15; 1; 80; 16],0.8959467930253595,0.16327500184664842,tvm
256,32,10,1,80,16,[256; 32; 10; 1; 80; 16],1.0974683560198173,0.13329378791043045,tvm
80,2,3,1,64,16,[80; 2; 3; 1; 64; 16],0.9040788640268147,0.1618063645843351,tvm
64,4,75,1,128,64,[64; 4; 75; 1; 128; 64],0.47607445798348635,0.30727486390540304,tvm
160,10,300,1,64,64,[160; 10; 300; 1; 64; 64],0.45328905701171607,0.3227205952203988,tvm
32,2,300,1,160,16,[32; 2; 300; 1; 160; 16],0.5992776970379055,0.24410338480602833,tvm
320,16,12,1,256,64,[320; 16; 12; 1; 256; 64],0.4237396289827302,0.34522547404145737,tvm
512,32,20,1,320,16,[512; 32; 20; 1; 320; 16],1.1442034889478236,0.1278493866683053,tvm
512,4,10,1,160,16,[512; 4; 10; 1; 160; 16],1.1379883390618488,0.1285476390788955,tvm
80,2,2,1,128,128,[80; 2; 2; 1; 128; 128],0.44094206194859,0.3317572237024871,tvm
8,2,300,1,1280,64,[8; 2; 300; 1; 1280; 64],0.43000026792287827,0.3401991235781068,tvm
320,2,2,1,320,16,[320; 2; 2; 1; 320; 16],1.1093981850426644,0.13186042329796002,tvm
32,16,750,1,1280,128,[32; 16; 750; 1; 1280; 128],0.31427316495683044,0.46547313164904985,tvm
1280,4,15,1,16,16,[1280; 4; 15; 1; 16; 16],1.8004097529919818,0.08125134516884934,tvm
5120,64,6,1,16,16,[5120; 64; 6; 1; 16; 16],2.4838119270280004,0.058895648536784403,tvm
1024,4,10,1,32,16,[1024; 4; 10; 1; 32; 16],1.1785633560502902,0.12412206228433949,tvm
32,2,4,1,256,64,[32; 2; 4; 1; 256; 64],0.3396046729758382,0.43075294872671577,tvm
640,4,100,1,256,128,[640; 4; 100; 1; 256; 128],0.4217094930354506,0.34688741112455096,tvm
1280,10,1,1,160,16,[1280; 10; 1; 1; 160; 16],1.7656969000818208,0.08284871218776878,tvm
1024,16,100,1,80,16,[1024; 16; 100; 1; 80; 16],1.1836084719980136,0.1235929935840809,tvm
80,2,15,1,1280,64,[80; 2; 15; 1; 1280; 64],0.4397491019917652,0.3326572211816675,tvm
2560,5,25,1,256,16,[2560; 5; 25; 1; 256; 16],2.431239458033815,0.060169192220999104,tvm
16,1,12,1,1280,64,[16; 1; 12; 1; 1280; 64],0.3404152939328924,0.4297272093613757,tvm
256,2,6,1,16,16,[256; 2; 6; 1; 16; 16],1.1414269800297916,0.1281603789336539,tvm
320,64,125,1,64,64,[320; 64; 125; 1; 64; 64],0.44408646295778453,0.32940818171172315,tvm
640,32,15,1,160,16,[640; 32; 15; 1; 160; 16],1.14799831493292,0.12742676742888953,tvm
512,8,750,1,1280,16,[512; 8; 750; 1; 1280; 16],1.1610910249873996,0.12598987601967024,tvm
8,4,375,1,320,16,[8; 4; 375; 1; 320; 16],0.6763997880043462,0.2162710823983498,tvm
512,1,10,1,64,16,[512; 1; 10; 1; 64; 16],1.1589838679647073,0.1262189391320923,tvm
16,8,6,1,256,128,[16; 8; 6; 1; 256; 128],0.3242769379867241,0.4511135302865825,tvm
640,1,25,1,160,16,[640; 1; 25; 1; 160; 16],1.1759010789683089,0.12440307854301813,tvm
10,5,15,1,128,16,[10; 5; 15; 1; 128; 16],0.5368996789911762,0.27246377677219374,tvm
80,8,75,1,256,16,[80; 8; 75; 1; 256; 16],0.8920543949352577,0.16398743744357788,tvm
80,4,125,1,640,64,[80; 4; 125; 1; 640; 64],0.4614970050752163,0.31698085291338385,tvm
256,1,4,1,64,16,[256; 1; 4; 1; 64; 16],1.1288592980708927,0.12958719880830313,tvm
5,1,5,1,640,64,[5; 1; 5; 1; 640; 64],0.44195382099132985,0.3309977362738631,tvm
16,8,25,1,256,128,[16; 8; 25; 1; 256; 128],0.3160440579522401,0.4628649411526689,tvm
320,40,4,1,640,16,[320; 40; 4; 1; 640; 16],1.1067842999473214,0.13217183717972592,tvm
256,2,3,1,1280,128,[256; 2; 3; 1; 1280; 128],0.7718164919642732,0.18953432041004606,tvm
1024,16,100,1,256,64,[1024; 16; 100; 1; 256; 64],0.5066047350410372,0.288757100294107,tvm
5120,2,4,1,640,128,[5120; 2; 4; 1; 640; 128],1.8155033690854907,0.08057584291865107,tvm
10,10,100,1,640,128,[10; 10; 100; 1; 640; 128],0.38847641402389854,0.37656266636747476,tvm
1280,40,6,1,256,64,[1280; 40; 6; 1; 256; 64],1.236931551946327,0.11826500347212578,tvm
1024,8,75,1,128,64,[1024; 8; 75; 1; 128; 64],0.50761591095943,0.28818189329255645,tvm
1280,10,60,1,16,16,[1280; 10; 60; 1; 16; 16],1.8051820819964632,0.08103654237689298,tvm
160,20,5,1,1280,16,[160; 20; 5; 1; 1280; 16],1.0159591640112922,0.14398778953687194,tvm
2560,10,2,1,32,16,[2560; 10; 2; 1; 32; 16],2.447467578109354,0.05977023581195656,tvm
128,1,15,1,320,64,[128; 1; 15; 1; 320; 64],0.44080788898281753,0.3318582038612663,tvm
1024,64,5,1,128,64,[1024; 64; 5; 1; 128; 64],0.515143726952374,0.2839706796997233,tvm
2,2,30,1,1280,128,[2; 2; 30; 1; 1280; 128],0.9942590990103781,0.14713037520231673,tvm
20,20,150,1,640,128,[20; 20; 150; 1; 640; 128],0.37576097599230707,0.38930523293272795,tvm
512,2,125,1,640,64,[512; 2; 125; 1; 640; 64],0.4337210529483855,0.33728063992116813,tvm
10,10,15,1,32,16,[10; 10; 15; 1; 32; 16],0.5146009660093114,0.28427018981357166,tvm
320,8,125,1,160,16,[320; 8; 125; 1; 160; 16],1.119212290039286,0.13070417077047952,tvm
320,20,75,1,640,16,[320; 20; 75; 1; 640; 16],1.1185264990199357,0.13078430811777042,tvm
1280,10,300,1,128,64,[1280; 10; 300; 1; 128; 64],1.2773738299729303,0.11452067582190434,tvm
160,20,2,1,256,16,[160; 20; 2; 1; 256; 16],1.0079505679896101,0.1451318337738386,tvm
320,40,20,1,320,16,[320; 40; 20; 1; 320; 16],1.0961701839696616,0.13345164503193876,tvm
320,16,30,1,128,128,[320; 16; 30; 1; 128; 128],0.420377574977465,0.3479864840401065,tvm
2560,40,300,1,64,16,[2560; 40; 300; 1; 64; 16],2.512171354959719,0.058230786684557154,tvm
128,1,10,1,1280,64,[128; 1; 10; 1; 1280; 64],0.4297597639961168,0.34038950721090794,tvm
20,20,100,1,640,16,[20; 20; 100; 1; 640; 16],0.5593100870028138,0.26154671207454616,tvm
320,40,75,1,320,64,[320; 40; 75; 1; 320; 64],0.4263337509473786,0.34312487331965896,tvm
5120,1,150,1,128,64,[5120; 1; 150; 1; 128; 64],1.827683339943178,0.08003887275695266,tvm
8,8,2,1,64,64,[8; 8; 2; 1; 64; 64],0.46645841596182436,0.31360933639513655,tvm
5120,5,375,1,320,64,[5120; 5; 375; 1; 320; 64],1.8288118279306218,0.07998948391056875,tvm
256,16,20,1,64,16,[256; 16; 20; 1; 64; 16],1.0812136679887772,0.13529769241432926,tvm
20,1,15,1,64,64,[20; 1; 15; 1; 64; 64],0.43786774307955056,0.33408652863277377,tvm
32,8,4,1,320,16,[32; 8; 4; 1; 320; 16],0.6273870139848441,0.2331666276555226,tvm
320,1,150,1,256,16,[320; 1; 150; 1; 256; 16],1.1671343680936843,0.1253375089319383,tvm
2560,2,750,1,32,16,[2560; 2; 750; 1; 32; 16],2.510118917096406,0.05827839999506123,tvm
8,2,150,1,256,16,[8; 2; 150; 1; 256; 16],0.5272948909550905,0.27742676213066775,tvm
512,4,25,1,1280,16,[512; 4; 25; 1; 1280; 16],1.2130327760241926,0.12059502197885937,tvm
1024,32,250,1,64,16,[1024; 32; 250; 1; 64; 16],1.1760896700434387,0.12438312997027791,tvm
5,1,300,1,640,64,[5; 1; 300; 1; 640; 64],0.5079668570542708,0.287982793078339,tvm
256,2,1500,1,256,128,[256; 2; 1500; 1; 256; 128],0.4275111500173807,0.3421798806411645,tvm
2560,16,4,1,1280,128,[2560; 16; 4; 1; 1280; 128],1.8104190250160173,0.08080213048159945,tvm
80,16,50,1,64,16,[80; 16; 50; 1; 64; 16],0.889059204957448,0.1645399018085818,tvm
80,16,10,1,640,128,[80; 16; 10; 1; 640; 128],0.44047755491919816,0.3321070793551539,tvm
256,1,150,1,640,64,[256; 1; 150; 1; 640; 64],0.4285813349997625,0.3413254435958938,tvm
640,10,60,1,64,16,[640; 10; 60; 1; 64; 16],1.1497952659847215,0.1272276192235237,tvm
40,40,15,1,16,16,[40; 40; 15; 1; 16; 16],0.6510319421067834,0.22469821344298996,tvm
10,10,1,1,256,64,[10; 10; 1; 1; 256; 64],0.3599261030321941,0.4064326345139507,tvm
64,16,1,1,128,16,[64; 16; 1; 1; 128; 16],0.9372156490571797,0.15608543714872325,tvm
640,10,75,1,80,16,[640; 10; 75; 1; 80; 16],1.1487528079887852,0.12734307439198217,tvm
2560,8,20,1,160,16,[2560; 8; 20; 1; 160; 16],2.4559018169529736,0.05956496846735116,tvm
2560,1,2,1,32,16,[2560; 1; 2; 1; 32; 16],2.463040364906192,0.05939233330075197,tvm
1,1,300,1,64,64,[1; 1; 300; 1; 64; 64],1.2824514099629596,0.11406725677812572,tvm
640,64,60,1,32,16,[640; 64; 60; 1; 32; 16],1.1449630879797041,0.12776456797732802,tvm
4,2,125,1,640,64,[4; 2; 125; 1; 640; 64],0.5402854150161147,0.27075636361820193,tvm
1280,16,15,1,640,16,[1280; 16; 15; 1; 640; 16],1.856405480997637,0.07880051841211974,tvm
5,1,500,1,320,16,[5; 1; 500; 1; 320; 16],0.983394313021563,0.14875590833573052,tvm
256,8,1,1,64,16,[256; 8; 1; 1; 64; 16],1.086535848909989,0.13463496343214804,tvm
1280,4,60,1,320,16,[1280; 4; 60; 1; 320; 16],1.7858496520202607,0.08191379051435102,tvm
16,2,4,1,320,64,[16; 2; 4; 1; 320; 64],0.4781638339627534,0.3059322012570052,tvm
320,40,1500,1,1280,16,[320; 40; 1500; 1; 1280; 16],1.124604037962854,0.1300775289324954,tvm
320,20,3,1,1280,16,[320; 20; 3; 1; 1280; 16],1.522779127000831,0.09606495892403603,tvm
5120,20,10,1,128,16,[5120; 20; 10; 1; 128; 16],2.4363082050113007,0.06004401002501067,tvm
1,1,1,1,256,64,[1; 1; 1; 1; 256; 64],1.8391511109657586,0.07953980149510284,tvm
32,32,750,1,256,64,[32; 32; 750; 1; 256; 64],0.3639175689313561,0.4019748612722444,tvm
128,4,60,1,160,16,[128; 4; 60; 1; 160; 16],1.0214066699845716,0.1432198541330496,tvm
40,8,125,1,32,16,[40; 8; 125; 1; 32; 16],0.665051074931398,0.2199616237005618,tvm
640,16,300,1,128,128,[640; 16; 300; 1; 128; 128],0.41523592500016093,0.3522954192502915,tvm
2560,40,50,1,320,16,[2560; 40; 50; 1; 320; 16],2.4430696660419926,0.059877831696347486,tvm
320,1,10,1,640,16,[320; 1; 10; 1; 640; 16],1.1453812790568918,0.12771791975346944,tvm
160,10,25,1,640,64,[160; 10; 25; 1; 640; 64],0.42669013305567205,0.34283828697446767,tvm
512,16,12,1,64,64,[512; 16; 12; 1; 64; 64],0.4334027280565351,0.33752836522669993,tvm
320,16,4,1,320,16,[320; 16; 4; 1; 320; 16],1.1132737779989839,0.13140138317876363,tvm
1024,4,1500,1,1280,128,[1024; 4; 1500; 1; 1280; 128],0.4792191000888124,0.3052585221636691,tvm
32,2,2,1,16,16,[32; 2; 2; 1; 16; 16],0.8095736659597605,0.18069475383971464,tvm
1280,2,100,1,64,64,[1280; 2; 100; 1; 64; 64],1.26266901998315,0.11585436244223878,tvm
20,10,50,1,64,16,[20; 10; 50; 1; 64; 16],0.4448528579669073,0.3288406754410388,tvm
32,32,10,1,256,64,[32; 32; 10; 1; 256; 64],0.4406384489266202,0.3319858143157075,tvm
64,8,3,1,320,16,[64; 8; 3; 1; 320; 16],1.0000397119438276,0.14627990522633486,tvm
40,4,6,1,256,16,[40; 4; 6; 1; 256; 16],0.6750253170030192,0.21671144859454214,tvm
10,10,5,1,1280,16,[10; 10; 5; 1; 1280; 16],0.30353886797092855,0.48193404443916166,tvm
1280,20,500,1,256,16,[1280; 20; 500; 1; 256; 16],1.8011931190267205,0.08121600773422906,tvm
640,8,1500,1,128,128,[640; 8; 1500; 1; 128; 128],0.41511960595380515,0.35239413457622404,tvm
2560,20,10,1,1280,16,[2560; 20; 10; 1; 1280; 16],2.424921602010727,0.06032595617293989,tvm
128,8,300,1,256,128,[128; 8; 300; 1; 256; 128],0.44049615296535194,0.33209305756915586,tvm
8,8,750,1,80,16,[8; 8; 750; 1; 80; 16],0.5896823179209605,0.2480754634147298,tvm
4,1,500,1,1280,128,[4; 1; 500; 1; 1280; 128],0.5473632499342784,0.2672552720762286,tvm
5120,10,750,1,320,16,[5120; 10; 750; 1; 320; 16],2.4826318989507854,0.05892364242461311,tvm
320,5,60,1,1280,128,[320; 5; 60; 1; 1280; 128],0.4348081729840487,0.33643736105917427,tvm
40,2,20,1,32,16,[40; 2; 20; 1; 32; 16],0.8645266559906304,0.16920902701153928,tvm
1280,1,2,1,1280,64,[1280; 1; 2; 1; 1280; 64],1.6931529239518568,0.0863984063201333,tvm
640,2,125,1,640,128,[640; 2; 125; 1; 640; 128],0.43112103699240834,0.33931472077130453,tvm
2,2,500,1,128,128,[2; 2; 500; 1; 128; 128],0.8497417690232396,0.1721531406580927,tvm
640,40,125,1,32,16,[640; 40; 125; 1; 32; 16],1.147689573932439,0.12746104661775526,tvm
1280,20,30,1,640,16,[1280; 20; 30; 1; 640; 16],1.8126999859232455,0.08070045535483797,tvm
2,2,60,1,256,16,[2; 2; 60; 1; 256; 16],1.4738392010331154,0.09925486727668294,tvm
8,2,20,1,640,16,[8; 2; 20; 1; 640; 16],0.5440008130390197,0.2689071611281243,tvm
640,32,4,1,256,16,[640; 32; 4; 1; 256; 16],1.1401805260684341,0.1283004848277282,tvm
5120,4,15,1,1280,16,[5120; 4; 15; 1; 1280; 16],2.424575266079046,0.060334573371394404,tvm
128,64,3,1,16,16,[128; 64; 3; 1; 16; 16],1.1779677489539608,0.12418482120212246,tvm
160,40,12,1,640,16,[160; 40; 12; 1; 640; 16],1.014491864014417,0.14419604481286943,tvm
1280,4,50,1,1280,16,[1280; 4; 50; 1; 1280; 16],1.7766062599839643,0.08233997457998075,tvm
256,8,300,1,256,64,[256; 8; 300; 1; 256; 64],0.4531649270793423,0.322808994130523,tvm
1280,5,15,1,16,16,[1280; 5; 15; 1; 16; 16],1.8003941440256312,0.08125204959766394,tvm
32,8,250,1,640,64,[32; 8; 250; 1; 640; 64],0.38682642998173833,0.37816887096525514,tvm
2560,32,500,1,32,16,[2560; 32; 500; 1; 32; 16],2.482428011018783,0.05892848196861869,tvm
40,10,12,1,640,128,[40; 10; 12; 1; 640; 128],0.4769552390789613,0.30670742723825345,tvm
16,4,6,1,128,128,[16; 4; 6; 1; 128; 128],0.3662806000793353,0.3993815513407733,tvm
1280,4,6,1,256,64,[1280; 4; 6; 1; 256; 64],1.237222630996257,0.11823717948637884,tvm
512,8,5,1,128,128,[512; 8; 5; 1; 128; 128],0.41685895493719727,0.35092376582806833,tvm
1024,1,10,1,256,16,[1024; 1; 10; 1; 256; 16],1.205901158042252,0.12130821279183876,tvm
320,10,6,1,32,16,[320; 10; 6; 1; 32; 16],1.1080058129737154,0.1320261252899984,tvm
1280,20,375,1,16,16,[1280; 20; 375; 1; 16; 16],1.820047288085334,0.08037467775884272,tvm
8,4,375,1,32,16,[8; 4; 375; 1; 32; 16],0.6063909380463883,0.2412399412778223,tvm
8,2,12,1,64,64,[8; 2; 12; 1; 64; 64],0.4194288499420509,0.348773610365442,tvm
32,32,60,1,640,64,[32; 32; 60; 1; 640; 64],0.3604329180670902,0.4058611379621131,tvm
1280,4,250,1,1280,16,[1280; 4; 250; 1; 1280; 16],1.7809531190432608,0.08213900339179052,tvm
5120,4,75,1,80,16,[5120; 4; 75; 1; 80; 16],2.4788498990237713,0.059013542668850186,tvm
640,2,300,1,256,64,[640; 2; 300; 1; 256; 64],0.4426807080162689,0.3304542340262503,tvm
640,5,300,1,320,16,[640; 5; 300; 1; 320; 16],1.1663275389000773,0.12542421353067873,tvm
128,64,60,1,80,16,[128; 64; 60; 1; 80; 16],0.9816417359979823,0.1490214901437473,tvm
5,1,4,1,64,64,[5; 1; 4; 1; 64; 64],0.5038931559538469,0.2903109767561778,tvm
1280,10,12,1,320,64,[1280; 10; 12; 1; 320; 64],1.292259664973244,0.11320148593258392,tvm
20,5,250,1,128,64,[20; 5; 250; 1; 128; 64],0.3746218440355733,0.39048901342715964,tvm
2560,8,750,1,64,64,[2560; 8; 750; 1; 64; 64],1.8244117599679157,0.08018240042932352,tvm
160,16,375,1,320,16,[160; 16; 375; 1; 320; 16],1.1104885949753225,0.13173094703324267,tvm
320,16,75,1,256,128,[320; 16; 75; 1; 256; 128],0.4167131780413911,0.35104652790986157,tvm
320,40,125,1,640,16,[320; 40; 125; 1; 640; 16],1.1223190949531272,0.1303423553457618,tvm
1024,2,300,1,128,128,[1024; 2; 300; 1; 128; 128],0.48745902290102094,0.3000984850277718,tvm
640,16,12,1,128,128,[640; 16; 12; 1; 128; 128],0.414499377948232,0.35292143262030257,tvm
2560,5,250,1,128,64,[2560; 5; 250; 1; 128; 64],1.8576693059876561,0.07874690818985106,tvm
640,16,250,1,1280,128,[640; 16; 250; 1; 1280; 128],0.4238336579874158,0.3451488845420052,tvm
5120,20,2,1,256,64,[5120; 20; 2; 1; 256; 64],1.8501940629212186,0.07906506523685843,tvm
5120,5,250,1,64,64,[5120; 5; 250; 1; 64; 64],1.8389244379941374,0.07954960588009798,tvm
20,2,5,1,80,16,[20; 2; 5; 1; 80; 16],0.6354942889884114,0.2301920203225963,tvm
512,32,6,1,64,64,[512; 32; 6; 1; 64; 64],0.43764819798525423,0.33425412228166684,tvm
5,1,25,1,64,16,[5; 1; 25; 1; 64; 16],0.5687931739958003,0.2571861284094707,tvm
4,1,750,1,80,16,[4; 1; 750; 1; 80; 16],0.8037937240442261,0.18199409862232938,tvm
40,4,100,1,160,16,[40; 4; 100; 1; 160; 16],0.5990517769241706,0.24419544340026472,tvm
5,5,5,1,1280,128,[5; 5; 5; 1; 1280; 128],0.4932381169637665,0.29658233874179785,tvm
1024,1,750,1,80,16,[1024; 1; 750; 1; 80; 16],1.1814922679914162,0.12381436446842418,tvm
160,40,500,1,80,16,[160; 40; 500; 1; 80; 16],1.0897702899528667,0.1342353665120025,tvm
512,16,10,1,1280,16,[512; 16; 10; 1; 1280; 16],1.2810634908964857,0.11419083856908906,tvm
320,10,4,1,640,16,[320; 10; 4; 1; 640; 16],1.1021647870074958,0.13272581016029086,tvm
1280,2,60,1,1280,128,[1280; 2; 60; 1; 1280; 128],1.2299162979470566,0.11893956892017002,tvm
1280,32,15,1,64,64,[1280; 32; 15; 1; 64; 64],1.209219382959418,0.12097533032235865,tvm
320,2,75,1,128,16,[320; 2; 75; 1; 128; 16],1.1208243069704622,0.13051618650305508,tvm
8,8,125,1,320,64,[8; 8; 125; 1; 320; 64],0.37837092904374003,0.3866198564869225,tvm
10,5,750,1,128,128,[10; 5; 750; 1; 128; 128],0.47315243002958596,0.309172488613378,tvm
160,40,3,1,256,16,[160; 40; 3; 1; 256; 16],1.0133002159418538,0.14436562036034206,tvm
2560,8,50,1,160,16,[2560; 8; 50; 1; 160; 16],2.4341754759661853,0.06009661823071725,tvm
1280,10,10,1,1280,128,[1280; 10; 10; 1; 1280; 128],1.3826257089385763,0.10580283104819158,tvm
16,4,375,1,1280,128,[16; 4; 375; 1; 1280; 128],0.3441016289871186,0.42512357385901967,tvm
16,8,4,1,256,128,[16; 8; 4; 1; 256; 128],0.3509796620346606,0.41679256694727806,tvm
80,1,750,1,32,16,[80; 1; 750; 1; 32; 16],1.0537512559676543,0.13882376268332974,tvm
4,4,5,1,160,16,[4; 4; 5; 1; 160; 16],0.40545566799119115,0.360793363699857,tvm
320,8,25,1,640,128,[320; 8; 25; 1; 640; 128],0.4290439561009407,0.3409574058917586,tvm
320,64,50,1,64,64,[320; 64; 50; 1; 64; 64],0.4538657970260829,0.32231050509696707,tvm
160,1,15,1,1280,16,[160; 1; 15; 1; 1280; 16],1.0548678749473765,0.1386768122908397,tvm
128,32,3,1,640,64,[128; 32; 3; 1; 640; 64],0.42479540908243507,0.34436745585761813,tvm
80,16,3,1,128,128,[80; 16; 3; 1; 128; 128],0.43965629499871284,0.33272744175343283,tvm
512,1,6,1,256,128,[512; 1; 6; 1; 256; 128],0.45864351792261004,0.31895297451995835,tvm
64,8,500,1,64,64,[64; 8; 500; 1; 64; 64],0.5009784139692783,0.29200003474537933,tvm
320,20,150,1,128,64,[320; 20; 150; 1; 128; 64],0.433724656002596,0.3372778380504121,tvm
40,4,12,1,32,16,[40; 4; 12; 1; 32; 16],0.681472679018043,0.21466115779799466,tvm
320,10,100,1,128,128,[320; 10; 100; 1; 128; 128],0.42059783707372844,0.3478042476477862,tvm
256,4,20,1,256,64,[256; 4; 20; 1; 256; 64],0.4243466570042074,0.34473162889619247,tvm
16,1,60,1,16,16,[16; 1; 60; 1; 16; 16],0.5542463579913601,0.26393626620455785,tvm
4,2,250,1,1280,128,[4; 2; 250; 1; 1280; 128],0.5323896070476621,0.2747719195664503,tvm
320,10,125,1,640,128,[320; 10; 125; 1; 640; 128],0.4278749789809808,0.34188891959540535,tvm
160,2,30,1,16,16,[160; 2; 30; 1; 16; 16],1.110222777002491,0.13176248705748367,tvm
1280,20,4,1,256,64,[1280; 20; 4; 1; 256; 64],1.3051912690280005,0.11207990564835445,tvm
80,1,1500,1,32,16,[80; 1; 1500; 1; 32; 16],1.0342305799713358,0.14144400399548104,tvm
1024,16,750,1,80,16,[1024; 16; 750; 1; 80; 16],1.180016704951413,0.12396918931053404,tvm
512,8,50,1,1280,128,[512; 8; 50; 1; 1280; 128],0.4440463569480926,0.3294379336678458,tvm
20,20,10,1,256,16,[20; 20; 10; 1; 256; 16],0.4769063179846853,0.3067388893145507,tvm
320,40,50,1,1280,16,[320; 40; 50; 1; 1280; 16],1.1401894050650299,0.12829948571340302,tvm
2,1,10,1,64,16,[2; 1; 10; 1; 64; 16],0.7554289780091494,0.1936458867003412,tvm
256,8,250,1,32,16,[256; 8; 250; 1; 32; 16],1.1332914140075445,0.1290804046316903,tvm
64,32,375,1,640,128,[64; 32; 375; 1; 640; 128],0.46646139794029295,0.31360733156409837,tvm
128,32,375,1,32,16,[128; 32; 375; 1; 32; 16],1.0645996080711484,0.13740913783610736,tvm
640,40,6,1,640,128,[640; 40; 6; 1; 640; 128],0.6877385900588706,0.2127054034777839,tvm
2,1,500,1,32,16,[2; 1; 500; 1; 32; 16],1.4355616690590978,0.10190137939639579,tvm
40,8,15,1,320,16,[40; 8; 15; 1; 320; 16],0.6319896960631013,0.23146851158647425,tvm
5120,32,75,1,640,64,[5120; 32; 75; 1; 640; 64],1.8431153600104153,0.07936872398745982,tvm
32,32,10,1,160,16,[32; 32; 10; 1; 160; 16],0.5596639319555834,0.26138135036603355,tvm
64,1,6,1,1280,16,[64; 1; 6; 1; 1280; 16],0.8512748150387779,0.17184311305985317,tvm
1280,20,12,1,128,16,[1280; 20; 12; 1; 128; 16],1.8080409369431436,0.08090840826482595,tvm
320,8,150,1,1280,64,[320; 8; 150; 1; 1280; 64],0.4321119140367955,0.3385366372315707,tvm
2560,64,100,1,320,64,[2560; 64; 100; 1; 320; 64],1.839420599048026,0.07952814835357559,tvm
1280,64,125,1,256,128,[1280; 64; 125; 1; 256; 128],1.2413188520586118,0.11784700928622252,tvm
320,8,375,1,80,16,[320; 8; 375; 1; 80; 16],1.1413869019597769,0.12816487909098986,tvm
160,10,100,1,256,64,[160; 10; 100; 1; 256; 64],0.43368651007767767,0.33730750412207433,tvm
16,2,500,1,16,16,[16; 2; 500; 1; 16; 16],0.5567604979733005,0.2627444202996051,tvm
64,16,1500,1,80,16,[64; 16; 1500; 1; 80; 16],0.8467761890497059,0.17275605546948997,tvm
8,1,5,1,64,16,[8; 1; 5; 1; 64; 16],0.5062518240883946,0.28895839446925514,tvm
1024,32,75,1,256,64,[1024; 32; 75; 1; 256; 64],0.5107531120302156,0.286411792390724,tvm
256,8,1500,1,1280,128,[256; 8; 1500; 1; 1280; 128],0.42890464805532247,0.3410681487108658,tvm
1,1,750,1,64,64,[1; 1; 750; 1; 64; 64],1.260002532042563,0.11609953993391876,tvm
1024,8,375,1,1280,128,[1024; 8; 375; 1; 1280; 128],0.47634154895786196,0.30710257084597714,tvm
64,16,30,1,1280,128,[64; 16; 30; 1; 1280; 128],0.4567316370084882,0.32028811326462947,tvm
40,1,375,1,1280,128,[40; 1; 375; 1; 1280; 128],0.5047540380619466,0.28981583752631845,tvm
512,32,500,1,128,16,[512; 32; 500; 1; 128; 16],1.1462536070030183,0.1276207231907355,tvm
160,2,375,1,32,16,[160; 2; 375; 1; 32; 16],1.093798598041758,0.13374099632931652,tvm
2560,5,250,1,64,64,[2560; 5; 250; 1; 64; 64],1.8280459390953183,0.08002299677332488,tvm
32,2,2,1,80,16,[32; 2; 2; 1; 80; 16],0.8748767049983144,0.16720723440224203,tvm
2,2,20,1,1280,16,[2; 2; 20; 1; 1280; 16],0.9954424030147493,0.14695547812980478,tvm
1280,32,500,1,1280,128,[1280; 32; 500; 1; 1280; 128],1.2423144690692425,0.11775256420808926,tvm
5120,32,30,1,160,16,[5120; 32; 30; 1; 160; 16],2.46134986798279,0.059433124964718406,tvm
16,4,5,1,80,16,[16; 4; 5; 1; 80; 16],0.5612532639643177,0.2606411822934442,tvm
32,32,60,1,1280,128,[32; 32; 60; 1; 1280; 128],0.4088747709756717,0.357776328279297,tvm
128,16,300,1,1280,128,[128; 16; 300; 1; 1280; 128],0.45291675499174744,0.32298587471858875,tvm
640,16,2,1,256,64,[640; 16; 2; 1; 256; 64],0.41193928790744394,0.35511474282730304,tvm
160,10,150,1,640,128,[160; 10; 150; 1; 640; 128],0.4285005920100957,0.3413897600455771,tvm
1280,5,250,1,320,64,[1280; 5; 250; 1; 320; 64],1.2580683139385656,0.11627803726154236,tvm
5,1,150,1,256,128,[5; 1; 150; 1; 256; 128],0.4992446299875155,0.29301409669518613,tvm
16,4,500,1,256,16,[16; 4; 500; 1; 256; 16],0.5736447999952361,0.25501096547363306,tvm
512,32,12,1,320,16,[512; 32; 12; 1; 320; 16],1.1433430530596524,0.12794560118614026,tvm
640,5,50,1,640,64,[640; 5; 50; 1; 640; 64],0.4500605530338362,0.3250356275385822,tvm
80,5,4,1,256,16,[80; 5; 4; 1; 256; 16],0.870148382964544,0.1681158261621168,tvm
5120,20,15,1,128,16,[5120; 20; 15; 1; 128; 16],2.4294793740846217,0.06021278297159109,tvm
80,5,50,1,1280,16,[80; 5; 50; 1; 1280; 16],0.9227821150561795,0.15852682003574414,tvm
64,2,150,1,64,64,[64; 2; 150; 1; 64; 64],0.5043016020208597,0.29007584687320387,tvm
640,1,15,1,1280,64,[640; 1; 15; 1; 1280; 64],0.5344066459219903,0.27373483358039724,tvm
640,16,2,1,320,64,[640; 16; 2; 1; 320; 64],0.7312923130812123,0.20003726508399494,tvm
80,1,1500,1,1280,128,[80; 1; 1500; 1; 1280; 128],0.48595030198339373,0.3010301952455897,tvm
160,10,4,1,640,64,[160; 10; 4; 1; 640; 64],0.42065007297787815,0.3477610576651615,tvm
40,8,1500,1,160,16,[40; 8; 1500; 1; 160; 16],0.7809485810576007,0.1873179846073946,tvm
1280,8,20,1,128,128,[1280; 8; 20; 1; 128; 128],1.2263503890717402,0.11928541433940601,tvm
320,4,750,1,320,64,[320; 4; 750; 1; 320; 64],0.45183196698781103,0.32376132052130924,tvm
1024,32,150,1,80,16,[1024; 32; 150; 1; 80; 16],1.1808182360837236,0.12388503989477868,tvm
1280,10,75,1,64,16,[1280; 10; 75; 1; 64; 16],1.8021742859855294,0.08117179088798124,tvm
64,32,30,1,320,16,[64; 32; 30; 1; 320; 16],0.7719274100381881,0.18950708626667032,tvm
16,1,4,1,1280,128,[16; 1; 4; 1; 1280; 128],0.33924886607564986,0.4312047258342014,tvm
20,1,60,1,320,64,[20; 1; 60; 1; 320; 64],0.3651431519538164,0.40062565463152006,tvm
32,32,125,1,64,16,[32; 32; 125; 1; 64; 16],0.5503314799861982,0.2658138224064213,tvm
320,5,20,1,1280,128,[320; 5; 20; 1; 1280; 128],0.48133985802996904,0.3039135692698158,tvm
1280,16,60,1,320,64,[1280; 16; 60; 1; 320; 64],1.30034913495183,0.11249725966183174,tvm
128,16,50,1,256,128,[128; 16; 50; 1; 256; 128],0.42796171293593943,0.341819629803219,tvm
20,10,5,1,256,64,[20; 10; 5; 1; 256; 64],0.4725831070682034,0.3095449500792297,tvm
160,5,20,1,640,128,[160; 5; 20; 1; 640; 128],0.42156716005411,0.3470045301131566,tvm
2560,20,50,1,128,16,[2560; 20; 50; 1; 128; 16],2.43898694193922,0.05997806374863313,tvm
1280,32,1500,1,128,64,[1280; 32; 1500; 1; 128; 64],1.2306094729574397,0.11887257290012226,tvm
640,1,750,1,256,128,[640; 1; 750; 1; 256; 128],0.47532774799037725,0.3077575733884481,tvm
64,8,50,1,16,16,[64; 8; 50; 1; 16; 16],0.8487181270029396,0.17236077518726972,tvm
320,32,100,1,1280,128,[320; 32; 100; 1; 1280; 128],0.4274924909695983,0.34219481599296114,tvm
1,1,1,1,80,16,[1; 1; 1; 1; 80; 16],1.3322158179944381,0.10980631839812385,tvm
4,4,125,1,80,16,[4; 4; 125; 1; 80; 16],0.5886499129701406,0.24851055111450374,tvm
256,1,150,1,320,64,[256; 1; 150; 1; 320; 64],0.43468497099820524,0.33653271690020836,tvm
640,16,750,1,32,16,[640; 16; 750; 1; 32; 16],1.1636851489311084,0.12570901538107934,tvm
5120,40,12,1,64,16,[5120; 40; 12; 1; 64; 16],2.464468289981596,0.059357921090072825,tvm
1280,2,6,1,320,64,[1280; 2; 6; 1; 320; 64],1.32271707104519,0.11059486377545702,tvm
4,1,15,1,640,16,[4; 1; 15; 1; 640; 16],0.7712714310036972,0.18966826515970492,tvm
320,32,30,1,1280,128,[320; 32; 30; 1; 1280; 128],0.458024132065475,0.3193842945043835,tvm
320,20,150,1,1280,64,[320; 20; 150; 1; 1280; 64],0.4275698669953272,0.3421328900320121,tvm
10,1,1500,1,256,16,[10; 1; 1500; 1; 256; 16],0.8147888550302014,0.17953818757166481,tvm
20,1,125,1,16,16,[20; 1; 125; 1; 16; 16],0.5815275140339509,0.25155424421960165,tvm
80,1,10,1,160,16,[80; 1; 10; 1; 160; 16],0.9636161349480972,0.1518091167014276,tvm
20,10,30,1,128,64,[20; 10; 30; 1; 128; 64],0.36370836407877505,0.40220607699313315,tvm
160,40,15,1,256,128,[160; 40; 15; 1; 256; 128],0.42710443993564695,0.34250572133540824,tvm
2560,64,50,1,1280,64,[2560; 64; 50; 1; 1280; 64],1.813165423925966,0.08067973961745221,tvm
80,8,375,1,256,128,[80; 8; 375; 1; 256; 128],0.4548382939537987,0.3216213679241652,tvm
320,32,150,1,320,16,[320; 32; 150; 1; 320; 16],1.1213162019848824,0.13045893212527265,tvm
32,32,25,1,320,16,[32; 32; 25; 1; 320; 16],0.5527307030279189,0.2646600116193026,tvm
5120,2,2,1,320,64,[5120; 2; 2; 1; 320; 64],1.8144280150299892,0.08062359767041873,tvm
640,4,10,1,64,64,[640; 4; 10; 1; 64; 64],0.4327924189856276,0.33800433618633285,tvm
2560,10,6,1,320,16,[2560; 10; 6; 1; 320; 16],2.4379435959272087,0.060003732051101176,tvm
640,4,4,1,640,16,[640; 4; 4; 1; 640; 16],1.524419907014817,0.09596156125524306,tvm
256,1,1500,1,128,16,[256; 1; 1500; 1; 128; 16],1.1533759660087526,0.1268326361888177,tvm
320,16,750,1,256,64,[320; 16; 750; 1; 256; 64],0.4501374709652737,0.3249800865767064,tvm
80,10,4,1,256,64,[80; 10; 4; 1; 256; 64],0.45334126602392644,0.32268342912774595,tvm
5120,32,75,1,160,16,[5120; 32; 75; 1; 160; 16],2.472000241978094,0.05917706309310735,tvm
20,5,75,1,320,64,[20; 5; 75; 1; 320; 64],0.3522690379759297,0.4152670218371843,tvm
320,32,1500,1,64,16,[320; 32; 1500; 1; 64; 16],1.1205409469548613,0.13054919115919386,tvm
1280,32,4,1,128,128,[1280; 32; 4; 1; 128; 128],1.2046799729578197,0.12143118302742491,tvm
2560,20,30,1,320,16,[2560; 20; 30; 1; 320; 16],2.4322330659488216,0.060144612098942826,tvm
512,32,250,1,320,16,[512; 32; 250; 1; 320; 16],1.1548281129216775,0.12667314957861237,tvm
1280,40,6,1,64,16,[1280; 40; 6; 1; 64; 16],1.7889625589596108,0.08177125538657905,tvm
1024,64,150,1,80,16,[1024; 64; 150; 1; 80; 16],1.1823943339986727,0.12371990467088835,tvm
512,16,750,1,32,16,[512; 16; 750; 1; 32; 16],1.1534250810509548,0.12682723541300542,tvm
8,1,12,1,640,16,[8; 1; 12; 1; 640; 16],0.5488695889944211,0.2665218063068916,tvm
10,2,25,1,80,16,[10; 2; 25; 1; 80; 16],0.5303499919828027,0.27582863485827636,tvm
5120,2,300,1,256,128,[5120; 2; 300; 1; 256; 128],1.8429944870295003,0.07937392939329652,tvm
4,2,5,1,80,16,[4; 2; 5; 1; 80; 16],0.5010704920860007,0.29194637600133655,tvm
160,40,15,1,1280,64,[160; 40; 15; 1; 1280; 64],0.4252568900119513,0.3439937546493441,tvm
128,16,375,1,320,64,[128; 16; 375; 1; 320; 64],0.47251708700787276,0.30958819968192386,tvm
1280,4,25,1,160,16,[1280; 4; 25; 1; 160; 16],1.7958620890276507,0.08145709805863714,tvm
1024,16,50,1,128,64,[1024; 16; 50; 1; 128; 64],0.516947531956248,0.2829798098312523,tvm
160,1,125,1,320,16,[160; 1; 125; 1; 320; 16],1.1552267849911004,0.12662943431219112,tvm
128,4,20,1,1280,16,[128; 4; 20; 1; 1280; 16],0.9767996680457145,0.14976020065443765,tvm
1280,64,12,1,1280,128,[1280; 64; 12; 1; 1280; 128],1.3637247860897332,0.10726923480298808,tvm
640,2,25,1,640,16,[640; 2; 25; 1; 640; 16],1.2138685159152374,0.1205119931588449,tvm
256,4,25,1,1280,16,[256; 4; 25; 1; 1280; 16],1.147523400024511,0.12747950436791936,tvm
5120,16,2,1,16,16,[5120; 16; 2; 1; 16; 16],2.5075807210523635,0.0583373899223161,tvm
5120,2,5,1,64,64,[5120; 2; 5; 1; 64; 64],1.8251365380128846,0.08015055928088685,tvm
10,10,25,1,160,16,[10; 10; 25; 1; 160; 16],0.5320497080683708,0.27494745710285384,tvm
128,8,1500,1,128,16,[128; 8; 1500; 1; 128; 16],1.0811637920560315,0.13530393392801765,tvm
16,2,25,1,1280,16,[16; 2; 25; 1; 1280; 16],0.4660382659640163,0.31389206631587907,tvm
32,4,20,1,128,128,[32; 4; 20; 1; 128; 128],0.3099569979822263,0.4719548687011825,tvm
40,1,4,1,320,64,[40; 1; 4; 1; 320; 64],0.47587034199386835,0.30740666390930327,tvm
160,2,75,1,256,128,[160; 2; 75; 1; 256; 128],0.4271424110047519,0.34247527409327394,tvm
5,1,15,1,256,128,[5; 1; 15; 1; 256; 128],0.5023270939709619,0.2912160543229043,tvm
40,8,10,1,160,16,[40; 8; 10; 1; 160; 16],0.6388012189418077,0.229000368108315,tvm
2560,2,75,1,128,64,[2560; 2; 75; 1; 128; 64],1.8353944410337135,0.07970260289299157,tvm
5120,5,12,1,80,16,[5120; 5; 12; 1; 80; 16],2.475833081989549,0.059085451014395884,tvm
1024,2,150,1,640,128,[1024; 2; 150; 1; 640; 128],0.50501904101111,0.2896637599897865,tvm
512,1,50,1,64,64,[512; 1; 50; 1; 64; 64],0.43607851304113865,0.33545728558268595,tvm
40,2,500,1,64,16,[40; 2; 500; 1; 64; 16],0.8953662890708074,0.16338085995791352,tvm
128,32,2,1,256,64,[128; 32; 2; 1; 256; 64],0.4353734569158405,0.3360005346260508,tvm
16,16,1,1,640,64,[16; 16; 1; 1; 640; 64],0.4293850379763171,0.34068656647925105,tvm
512,32,25,1,128,64,[512; 32; 25; 1; 128; 64],0.4246711579617113,0.34446821156360125,tvm
64,8,5,1,256,16,[64; 8; 5; 1; 256; 16],0.9008353389799595,0.1623889605078744,tvm
64,64,500,1,640,16,[64; 64; 500; 1; 640; 16],0.8233574710320681,0.17766974787068734,tvm
1024,32,100,1,256,16,[1024; 32; 100; 1; 256; 16],1.1839951149886474,0.12355263331227252,tvm
1280,16,30,1,320,16,[1280; 16; 30; 1; 320; 16],1.8018631730228662,0.08118580615657983,tvm
512,8,1500,1,256,16,[512; 8; 1500; 1; 256; 16],1.1543483479181305,0.12672579689618033,tvm
80,20,1500,1,1280,128,[80; 20; 1500; 1; 1280; 128],0.4679035700391978,0.3126407312375485,tvm
2560,1,1,1,1280,16,[2560; 1; 1; 1; 1280; 16],2.422031727968715,0.06039793475719647,tvm
320,4,10,1,320,16,[320; 4; 10; 1; 320; 16],1.1150040390202776,0.13119747477708818,tvm
1024,8,250,1,320,64,[1024; 8; 250; 1; 320; 64],0.49289354402571917,0.2967896740763176,tvm
20,2,1500,1,256,64,[20; 2; 1500; 1; 256; 64],0.5312794140772894,0.2753460992645067,tvm
64,2,6,1,320,16,[64; 2; 6; 1; 320; 16],0.8708209299948066,0.16798598798789402,tvm
20,5,4,1,16,16,[20; 5; 4; 1; 16; 16],0.5528991890605539,0.26457936126524684,tvm
256,4,500,1,64,64,[256; 4; 500; 1; 64; 64],0.44826933601871133,0.32633442114275724,tvm
160,20,15,1,320,64,[160; 20; 15; 1; 320; 64],0.43238124903291464,0.3383257590677306,tvm
320,16,75,1,128,16,[320; 16; 75; 1; 128; 16],1.0961921219713986,0.13344897427526953,tvm
20,2,3,1,64,16,[20; 2; 3; 1; 64; 16],0.6816464780131355,0.21460642577088962,tvm
320,16,15,1,128,128,[320; 16; 15; 1; 128; 128],0.4217211330542341,0.34687783660796934,tvm
32,2,100,1,640,64,[32; 2; 100; 1; 640; 64],0.380237746052444,0.3847217058391093,tvm
5120,1,10,1,128,64,[5120; 1; 10; 1; 128; 64],1.8211152809672058,0.08032754203677926,tvm
640,10,500,1,640,16,[640; 10; 500; 1; 640; 16],1.1663361460668966,0.12542328794234583,tvm
1,1,75,1,320,16,[1; 1; 75; 1; 320; 16],2.6863886180799454,0.05445441262711638,tvm
512,32,300,1,640,16,[512; 32; 300; 1; 640; 16],1.158899844973348,0.1262280903049724,tvm
1024,8,4,1,1280,16,[1024; 8; 4; 1; 1280; 16],1.551360626006499,0.09429510575002918,tvm
128,1,750,1,1280,16,[128; 1; 750; 1; 1280; 16],1.0574967520078644,0.13833206958599378,tvm
5120,2,250,1,128,16,[5120; 2; 250; 1; 128; 16],2.481656154966913,0.058946810174701526,tvm
2560,1,20,1,640,128,[2560; 1; 20; 1; 640; 128],1.838978230021894,0.07954727897130827,tvm
16,16,150,1,64,16,[16; 16; 150; 1; 64; 16],0.4496014139149338,0.32536755837114,tvm
80,5,300,1,64,64,[80; 5; 300; 1; 64; 64],0.48915127001237124,0.29906027696097887,tvm
512,8,100,1,640,128,[512; 8; 100; 1; 640; 128],0.42973510397132486,0.34040904020602325,tvm
2560,10,15,1,1280,128,[2560; 10; 15; 1; 1280; 128],1.8262512179790065,0.08010163817856296,tvm
640,40,50,1,80,16,[640; 40; 50; 1; 80; 16],1.1424392299959436,0.12804682336252907,tvm
2560,40,25,1,16,16,[2560; 40; 25; 1; 16; 16],2.4917417330434546,0.05870821696558355,tvm
32,32,3,1,64,64,[32; 32; 3; 1; 64; 64],0.3976157789584249,0.3679072160287936,tvm
320,32,3,1,1280,16,[320; 32; 3; 1; 1280; 16],1.5202653020387515,0.0962238065221497,tvm
20,5,3,1,256,16,[20; 5; 3; 1; 256; 16],0.6273333849385381,0.23318656044432642,tvm
1280,64,6,1,640,64,[1280; 64; 6; 1; 640; 64],1.4408167029032484,0.10152971852071697,tvm
640,1,2,1,128,16,[640; 1; 2; 1; 128; 16],1.1578110130503774,0.12634679808435134,tvm
512,2,20,1,320,64,[512; 2; 20; 1; 320; 64],0.43339548900257796,0.33753400300122677,tvm
2,1,30,1,256,64,[2; 1; 30; 1; 256; 64],0.9284505139803514,0.15755897819322023,tvm
40,20,500,1,160,16,[40; 20; 500; 1; 160; 16],0.6568266160320491,0.22271587465416667,tvm
4,2,3,1,64,64,[4; 2; 3; 1; 64; 64],0.5196299239760265,0.28151903409716506,tvm
640,10,300,1,16,16,[640; 10; 300; 1; 16; 16],1.158046291093342,0.12632112844781196,tvm
16,16,25,1,32,16,[16; 16; 25; 1; 32; 16],0.47458300995640457,0.30824052108218575,tvm
160,20,60,1,80,16,[160; 20; 60; 1; 80; 16],1.0164156830869615,0.14392311799187235,tvm
640,4,375,1,160,16,[640; 4; 375; 1; 160; 16],1.1640888709807768,0.1256654177635635,tvm
1280,40,25,1,128,16,[1280; 40; 25; 1; 128; 16],1.8024620930664241,0.08115882982972857,tvm
128,4,2,1,32,16,[128; 4; 2; 1; 32; 16],0.9973732169019058,0.14667098715575583,tvm
40,5,300,1,1280,128,[40; 5; 300; 1; 1280; 128],0.49187079607509077,0.2974067894516384,tvm
640,8,6,1,128,128,[640; 8; 6; 1; 128; 128],0.4156881590606645,0.35191215120555247,tvm
5120,20,250,1,1280,16,[5120; 20; 250; 1; 1280; 16],2.5077853980474174,0.058332628621098746,tvm
128,4,30,1,1280,16,[128; 4; 30; 1; 1280; 16],0.9849115610122681,0.14852675110785116,tvm
1280,1,250,1,160,16,[1280; 1; 250; 1; 160; 16],1.7946414119796827,0.08151250345011564,tvm
256,1,5,1,128,128,[256; 1; 5; 1; 128; 128],0.45591628400143236,0.3208609111344106,tvm
2560,16,5,1,640,128,[2560; 16; 5; 1; 640; 128],1.8134182590292767,0.08066849087756571,tvm
1280,8,500,1,640,128,[1280; 8; 500; 1; 640; 128],1.2785933549748734,0.11441144576305816,tvm
320,16,6,1,640,64,[320; 16; 6; 1; 640; 64],0.4506056560203433,0.32464242809928245,tvm
4,2,10,1,640,16,[4; 2; 10; 1; 640; 16],0.5093039049534127,0.2872267674819721,tvm
128,4,6,1,160,16,[128; 4; 6; 1; 160; 16],0.970589060918428,0.1507184865109547,tvm
2560,8,25,1,640,16,[2560; 8; 25; 1; 640; 16],2.4368763170205057,0.0600300118902109,tvm
8,4,300,1,256,16,[8; 4; 300; 1; 256; 16],0.600728165009059,0.24351399319442313,tvm
320,16,25,1,256,128,[320; 16; 25; 1; 256; 128],0.415453074965626,0.3521112806730767,tvm
1280,1,30,1,80,16,[1280; 1; 30; 1; 80; 16],1.8144383779726923,0.0806231371986092,tvm
2560,32,50,1,256,64,[2560; 32; 50; 1; 256; 64],1.833238134975545,0.07979635132762809,tvm
64,64,20,1,320,16,[64; 64; 20; 1; 320; 16],0.784279010957107,0.18652254139402796,tvm
16,2,12,1,320,16,[16; 2; 12; 1; 320; 16],0.47300075995735824,0.30927162632656696,tvm
64,8,50,1,1280,16,[64; 8; 50; 1; 1280; 16],0.7917761979624629,0.18475639285717643,tvm
64,2,250,1,128,128,[64; 2; 250; 1; 128; 128],0.4480527709238231,0.3264921540025147,tvm
160,10,125,1,320,64,[160; 10; 125; 1; 320; 64],0.43672213796526194,0.33496290105025606,tvm
1280,2,5,1,320,64,[1280; 2; 5; 1; 320; 64],1.326078069047071,0.11031455666168752,tvm
1024,64,300,1,32,16,[1024; 64; 300; 1; 32; 16],1.1747873179847375,0.1245210192910976,tvm
5120,5,375,1,128,128,[5120; 5; 375; 1; 128; 128],1.8128596500027925,0.08069334781955623,tvm
80,4,500,1,640,128,[80; 4; 500; 1; 640; 128],0.4722710610367358,0.3097494772696551,tvm
8,2,375,1,1280,128,[8; 2; 375; 1; 1280; 128],0.43141824298072606,0.339080965318033,tvm
64,8,4,1,64,64,[64; 8; 4; 1; 64; 64],0.4901936560636386,0.298424331845541,tvm
8,4,75,1,16,16,[8; 4; 75; 1; 16; 16],0.6091664850246161,0.24014077905123582,tvm
40,2,375,1,128,128,[40; 2; 375; 1; 128; 128],0.4617374030640349,0.31681582066988634,tvm
512,16,25,1,128,16,[512; 16; 25; 1; 128; 16],1.138756783097051,0.12846089389506365,tvm
10,10,20,1,256,128,[10; 10; 20; 1; 256; 128],0.4298907860647887,0.3402857633326145,tvm
1024,8,30,1,128,128,[1024; 8; 30; 1; 128; 128],0.4751319269416854,0.30788441270895367,tvm
256,16,10,1,256,128,[256; 16; 10; 1; 256; 128],0.4182021649321541,0.34979664514516934,tvm
2560,2,750,1,256,16,[2560; 2; 750; 1; 256; 16],2.4827280460158363,0.058921360525357035,tvm
8,2,10,1,1280,64,[8; 2; 10; 1; 1280; 64],0.37836896907538176,0.3866218591952504,tvm
1024,8,500,1,160,16,[1024; 8; 500; 1; 160; 16],1.1739276220323518,0.12461220908360471,tvm
5120,64,150,1,1280,64,[5120; 64; 150; 1; 1280; 64],1.8563869070494547,0.07880130684514529,tvm
320,10,50,1,32,16,[320; 10; 50; 1; 32; 16],1.1089692019158974,0.13191143093332577,tvm
160,20,300,1,640,128,[160; 20; 300; 1; 640; 128],0.44194362801499665,0.331005370397037,tvm
1024,1,25,1,128,64,[1024; 1; 25; 1; 128; 64],0.5210972799686715,0.2807263056420272,tvm
32,16,4,1,256,128,[32; 16; 4; 1; 256; 128],0.32081066293176264,0.4559876936410611,tvm
40,4,2,1,640,16,[40; 4; 2; 1; 640; 16],0.8176873569609597,0.1789017685554097,tvm
320,2,75,1,256,16,[320; 2; 75; 1; 256; 16],1.1168014160357416,0.13098632593516754,tvm
320,16,60,1,128,16,[320; 16; 60; 1; 128; 16],1.0983038450358436,0.13319239019958107,tvm
10,5,100,1,256,64,[10; 5; 100; 1; 256; 64],0.3430256979772821,0.4264570122539405,tvm
4,4,125,1,256,16,[4; 4; 125; 1; 256; 16],0.7629230879247189,0.1917437243689091,tvm
64,8,3,1,256,128,[64; 8; 3; 1; 256; 128],0.4516774080693722,0.32387210799625954,tvm
20,2,20,1,32,16,[20; 2; 20; 1; 32; 16],0.5374244579579681,0.27219772401418185,tvm
5120,8,1500,1,256,64,[5120; 8; 1500; 1; 256; 64],1.8236624470446259,0.08021534605967275,tvm
160,5,25,1,32,16,[160; 5; 25; 1; 32; 16],1.05542037403211,0.13860421675094906,tvm
8,1,25,1,640,64,[8; 1; 25; 1; 640; 64],0.382620744057931,0.3823256228459108,tvm
1280,20,75,1,32,16,[1280; 20; 75; 1; 32; 16],1.788248645956628,0.08180390049028019,tvm
64,2,750,1,128,64,[64; 2; 750; 1; 128; 64],0.4826428579399362,0.303093088148254,tvm
160,4,375,1,32,16,[160; 4; 375; 1; 32; 16],1.0978864290518686,0.13324302989339817,tvm
8,1,75,1,640,64,[8; 1; 75; 1; 640; 64],0.4182306519942358,0.3497728193478522,tvm
128,64,4,1,320,16,[128; 64; 4; 1; 320; 16],0.9797729419078678,0.14930572995908492,tvm
512,1,75,1,160,16,[512; 1; 75; 1; 160; 16],1.1732705450849608,0.12468199674706844,tvm
1024,2,1,1,640,64,[1024; 2; 1; 1; 640; 64],1.8014481769641861,0.08120450877040275,tvm
2560,2,1500,1,64,16,[2560; 2; 1500; 1; 64; 16],2.475969988037832,0.059082183949104916,tvm
640,64,5,1,128,128,[640; 64; 5; 1; 128; 128],0.4148112969705835,0.35265605193025445,tvm
160,16,100,1,128,64,[160; 16; 100; 1; 128; 64],0.43756195600144565,0.3343200026403369,tvm
128,64,500,1,640,16,[128; 64; 500; 1; 640; 16],1.0793415809748694,0.13553236238113606,tvm
256,8,375,1,64,64,[256; 8; 375; 1; 64; 64],0.44964332203380764,0.3253372331296748,tvm
640,20,25,1,320,64,[640; 20; 25; 1; 320; 64],0.44620130700059235,0.3278468977804229,tvm
2560,2,60,1,64,16,[2560; 2; 60; 1; 64; 16],2.4529793489491567,0.05963593388928542,tvm
160,16,500,1,128,64,[160; 16; 500; 1; 128; 64],0.46035025001037866,0.31777046777408346,tvm
320,8,1,1,128,16,[320; 8; 1; 1; 128; 16],1.11621224693954,0.1310554643051125,tvm
128,32,375,1,256,64,[128; 32; 375; 1; 256; 64],0.4669155910378322,0.31330226938997496,tvm
40,4,30,1,32,16,[40; 4; 30; 1; 32; 16],0.6466377709293738,0.22622513076442563,tvm
1024,2,75,1,640,64,[1024; 2; 75; 1; 640; 64],0.5066135110100731,0.28875209821004094,tvm
5120,64,60,1,128,16,[5120; 64; 60; 1; 128; 16],2.4809643200132996,0.058963247921650926,tvm
1024,1,100,1,256,16,[1024; 1; 100; 1; 256; 16],1.1870640669949353,0.12323320901797497,tvm
40,8,1500,1,640,128,[40; 8; 1500; 1; 640; 128],0.5009944579796866,0.29199068364074726,tvm
10,2,300,1,256,64,[10; 2; 300; 1; 256; 64],0.4152077139588073,0.35231935575317197,tvm
20,4,30,1,128,128,[20; 4; 30; 1; 128; 128],0.3306490289978683,0.4424199119201327,tvm
5120,5,6,1,256,128,[5120; 5; 6; 1; 256; 128],1.8166049290448427,0.08052698302576457,tvm
1280,1,2,1,16,16,[1280; 1; 2; 1; 16; 16],1.7965025139274076,0.08142805988393143,tvm
20,5,5,1,1280,64,[20; 5; 5; 1; 1280; 64],0.3608772939769551,0.40536136999258204,tvm
160,5,75,1,320,64,[160; 5; 75; 1; 320; 64],0.4367496370105073,0.3349418107981048,tvm
64,32,125,1,80,16,[64; 32; 125; 1; 80; 16],0.7656355530489236,0.19106442184296885,tvm
1280,20,300,1,640,128,[1280; 20; 300; 1; 640; 128],1.2251459489343688,0.11940268374796777,tvm
2560,40,3,1,128,64,[2560; 40; 3; 1; 128; 64],1.8342498859856278,0.07975233658368645,tvm
64,64,75,1,640,64,[64; 64; 75; 1; 640; 64],0.3896889470051974,0.37539097634135166,tvm
80,1,12,1,80,16,[80; 1; 12; 1; 80; 16],0.9775513620115817,0.1496450416525338,tvm
64,32,125,1,64,64,[64; 32; 125; 1; 64; 64],0.4767467719502747,0.30684154123852586,tvm
1024,4,150,1,1280,16,[1024; 4; 150; 1; 1280; 16],1.1911076050018892,0.12281486044703936,tvm
1024,64,500,1,640,16,[1024; 64; 500; 1; 640; 16],1.172939750016667,0.1247171598401671,tvm
2560,20,30,1,256,64,[2560; 20; 30; 1; 256; 64],1.8326215189881623,0.07982320013708145,tvm
16,2,3,1,16,16,[16; 2; 3; 1; 16; 16],0.5485015989979729,0.26670061591972666,tvm
2560,40,50,1,256,64,[2560; 40; 50; 1; 256; 64],1.8098476900486276,0.08082763819854026,tvm
16,8,60,1,80,16,[16; 8; 60; 1; 80; 16],0.4282453419873491,0.341593240937191,tvm
5,5,125,1,256,128,[5; 5; 125; 1; 256; 128],0.4883967189816758,0.29952231167876214,tvm
320,40,125,1,640,128,[320; 40; 125; 1; 640; 128],0.42781754897441715,0.3419348145871921,tvm
1280,40,60,1,160,16,[1280; 40; 60; 1; 160; 16],1.7825313960202038,0.08206627642706397,tvm
640,64,30,1,640,16,[640; 64; 30; 1; 640; 16],1.1937123109819368,0.12254687577560544,tvm
1024,4,375,1,256,16,[1024; 4; 375; 1; 256; 16],1.17423487897031,0.1245796023483757,tvm
512,64,15,1,640,128,[512; 64; 15; 1; 640; 128],0.5113086849451065,0.2861005857966589,tvm
20,5,500,1,320,64,[20; 5; 500; 1; 320; 64],0.41774075699504465,0.35018300665225627,tvm
40,1,2,1,256,128,[40; 1; 2; 1; 256; 128],0.49417858000379056,0.29601791782353704,tvm
256,2,150,1,128,16,[256; 2; 150; 1; 128; 16],1.1011860059807077,0.13284378251377557,tvm
256,32,12,1,16,16,[256; 32; 12; 1; 16; 16],1.1059121550060809,0.13227607059342786,tvm
80,2,75,1,160,16,[80; 2; 75; 1; 160; 16],0.9262009930098429,0.15794165131515864,tvm
256,4,10,1,256,16,[256; 4; 10; 1; 256; 16],1.0962252359604463,0.13344494314395855,tvm
80,16,20,1,640,128,[80; 16; 20; 1; 640; 128],0.4392132069915533,0.333063104563082,tvm
32,32,750,1,1280,128,[32; 32; 750; 1; 1280; 128],0.25953276199288666,0.5636502812300966,tvm
128,2,2,1,128,128,[128; 2; 2; 1; 128; 128],0.43381753796711564,0.33720562559829725,tvm
80,16,12,1,64,64,[80; 16; 12; 1; 64; 64],0.46477653889451176,0.31474418789222947,tvm
160,1,10,1,80,16,[160; 1; 10; 1; 80; 16],1.0971567729720846,0.13333164219498128,tvm
64,2,20,1,256,64,[64; 2; 20; 1; 256; 64],0.4683674810221419,0.3123310652705171,tvm
640,16,10,1,128,128,[640; 16; 10; 1; 128; 128],0.4149259519763291,0.3525586037434932,tvm
2,2,4,1,640,16,[2; 2; 4; 1; 640; 16],0.9406032160622999,0.1555232980152018,tvm
20,1,20,1,64,16,[20; 1; 20; 1; 64; 16],0.49694557895418257,0.2943696865028385,tvm
32,16,15,1,1280,16,[32; 16; 15; 1; 1280; 16],0.5692032540682703,0.25700083975305027,tvm
2560,20,75,1,1280,64,[2560; 20; 75; 1; 1280; 64],1.844319980009459,0.07931688420192902,tvm
40,4,3,1,80,16,[40; 4; 3; 1; 80; 16],0.7523648010101169,0.19443455367570714,tvm
10,2,12,1,64,16,[10; 2; 12; 1; 64; 16],0.5311044519767165,0.2754368067171228,tvm
1280,4,2,1,64,16,[1280; 4; 2; 1; 64; 16],1.7809961281018332,0.08213701982700213,tvm
512,64,150,1,80,16,[512; 64; 150; 1; 80; 16],1.141862110933289,0.12811154068869945,tvm
512,8,10,1,64,16,[512; 8; 10; 1; 64; 16],1.1412115360144526,0.12818457373520775,tvm
160,40,1500,1,1280,128,[160; 40; 1500; 1; 1280; 128],0.44046165200416,0.33211907011676167,tvm
5,5,4,1,32,16,[5; 5; 4; 1; 32; 16],0.6149895529961213,0.2378669907042094,tvm
32,1,150,1,32,16,[32; 1; 150; 1; 32; 16],0.9288848689757288,0.15748530218499734,tvm
20,1,75,1,320,16,[20; 1; 75; 1; 320; 16],0.45415897492785007,0.32210244069040794,tvm
2,2,75,1,128,16,[2; 2; 75; 1; 128; 16],0.9297684709308669,0.15733563662279895,tvm
16,4,6,1,160,16,[16; 4; 6; 1; 160; 16],0.5027748390566558,0.2909567124723,tvm
2560,20,125,1,64,64,[2560; 20; 125; 1; 64; 64],1.841034502023831,0.07945843172678396,tvm
320,32,3,1,256,64,[320; 32; 3; 1; 256; 64],0.41577947000041604,0.3518348664150443,tvm
1280,4,30,1,128,128,[1280; 4; 30; 1; 128; 128],1.2374848360195756,0.11821212674916384,tvm
64,4,30,1,640,64,[64; 4; 30; 1; 640; 64],0.44948826904874295,0.3254494596606501,tvm
256,4,15,1,640,16,[256; 4; 15; 1; 640; 16],1.1032359480159357,0.13259694315508405,tvm
1280,40,6,1,16,16,[1280; 40; 6; 1; 16; 16],1.7997169940499589,0.08128262097282475,tvm
20,4,125,1,320,64,[20; 4; 125; 1; 320; 64],0.3592403900111094,0.40720842742986235,tvm
2560,20,50,1,32,16,[2560; 20; 50; 1; 32; 16],2.4667832169216126,0.059302217269124075,tvm
1024,4,100,1,640,128,[1024; 4; 100; 1; 640; 128],0.510037574917078,0.2868136025262402,tvm
1280,1,300,1,32,16,[1280; 1; 300; 1; 32; 16],1.8024116510059685,0.08116110113029329,tvm
16,16,30,1,1280,128,[16; 16; 30; 1; 1280; 128],0.2923150819260627,0.5004384765980544,tvm
320,32,3,1,256,128,[320; 32; 3; 1; 256; 128],0.41529109701514244,0.3522486163010145,tvm
1280,64,6,1,640,16,[1280; 64; 6; 1; 640; 16],2.0063739949837327,0.07291049158903216,tvm
8,4,20,1,320,16,[8; 4; 20; 1; 320; 16],0.5690595720661804,0.2570657299631568,tvm
8,2,75,1,1280,128,[8; 2; 75; 1; 1280; 128],0.421545583056286,0.3470222916940914,tvm
1280,1,500,1,640,64,[1280; 1; 500; 1; 640; 64],1.2291385820135474,0.11901482585151,tvm
32,4,10,1,160,16,[32; 4; 10; 1; 160; 16],0.560543725034222,0.26097110314950606,tvm
5120,40,10,1,128,16,[5120; 40; 10; 1; 128; 16],2.4440747579792514,0.059853207766305226,tvm
20,2,20,1,16,16,[20; 2; 20; 1; 16; 16],0.6359992339275777,0.2300092617758909,tvm
5120,8,300,1,640,64,[5120; 8; 300; 1; 640; 64],1.8566139449831098,0.07879167054680562,tvm
32,16,15,1,640,128,[32; 16; 15; 1; 640; 128],0.3071043509989977,0.4763387878089416,tvm
1280,32,2,1,320,16,[1280; 32; 2; 1; 320; 16],2.004547326010652,0.07297693219189026,tvm
4,2,60,1,32,16,[4; 2; 60; 1; 32; 16],0.6720144919818267,0.21768238041162705,tvm
128,64,300,1,160,16,[128; 64; 300; 1; 160; 16],1.0446690389653668,0.14003067845352696,tvm
20,2,12,1,160,16,[20; 2; 12; 1; 160; 16],0.4688821469899267,0.31198823675591353,tvm
1280,10,375,1,320,16,[1280; 10; 375; 1; 320; 16],1.806671682978049,0.08096972773967569,tvm
160,2,375,1,320,64,[160; 2; 375; 1; 320; 64],0.4686641769949347,0.3121333386812181,tvm
20,4,4,1,640,128,[20; 4; 4; 1; 640; 128],0.37796417996287346,0.38703592044114765,tvm
128,64,15,1,320,16,[128; 64; 15; 1; 320; 16],0.9784674119437113,0.14950494262769554,tvm
8,4,60,1,256,64,[8; 4; 60; 1; 256; 64],0.36327052291017026,0.40269084624267165,tvm
256,32,12,1,256,16,[256; 32; 12; 1; 256; 16],1.078373481053859,0.13565403531877848,tvm
80,10,10,1,256,128,[80; 10; 10; 1; 256; 128],0.4484499479876831,0.3262029908624989,tvm
512,1,500,1,256,16,[512; 1; 500; 1; 256; 16],1.1722769089974463,0.12478767871562074,tvm
10,5,15,1,64,16,[10; 5; 15; 1; 64; 16],0.5436199030373245,0.2690955821675838,tvm
80,8,1,1,1280,64,[80; 8; 1; 1; 1280; 64],0.43285247101448476,0.33795744296633357,tvm
40,4,2,1,128,64,[40; 4; 2; 1; 128; 64],0.4558177690487355,0.32093025814022974,tvm
1280,1,250,1,1280,128,[1280; 1; 250; 1; 1280; 128],1.2733463380718604,0.11488289549505012,tvm
5120,32,4,1,1280,16,[5120; 32; 4; 1; 1280; 16],2.459758030017838,0.05947158724578021,tvm
32,8,30,1,320,16,[32; 8; 30; 1; 320; 16],0.5517654289724305,0.26512301533306754,tvm
640,1,1,1,640,16,[640; 1; 1; 1; 640; 16],2.1479650180554017,0.06810432807613871,tvm
128,32,750,1,128,64,[128; 32; 750; 1; 128; 64],0.4612407189561054,0.31715698175302637,tvm
8,8,30,1,256,16,[8; 8; 30; 1; 256; 16],0.5630232889670879,0.2598217820688863,tvm
40,1,1,1,256,128,[40; 1; 1; 1; 256; 128],0.491922213928774,0.2973757031978539,tvm
80,16,750,1,640,64,[80; 16; 750; 1; 640; 64],0.49043368303682655,0.2982782776661972,tvm
128,1,500,1,160,16,[128; 1; 500; 1; 160; 16],1.1020622439682484,0.13273815983294765,tvm
20,10,30,1,640,128,[20; 10; 30; 1; 640; 128],0.31116286502219737,0.47012587532024025,tvm
20,5,3,1,32,16,[20; 5; 3; 1; 32; 16],0.8886945799458772,0.16460741135005383,tvm
320,32,25,1,80,16,[320; 32; 25; 1; 80; 16],1.1101223789155483,0.13177440349289893,tvm
40,5,750,1,128,64,[40; 5; 750; 1; 128; 64],0.4922808430856094,0.297159063450037,tvm
16,1,10,1,64,16,[16; 1; 10; 1; 64; 16],0.45994674193207175,0.31804924559574077,tvm
16,8,1500,1,640,128,[16; 8; 1500; 1; 640; 128],0.4259147570701316,0.3434624226030908,tvm
20,20,300,1,128,16,[20; 20; 300; 1; 128; 16],0.5213794100563973,0.28057439834436626,tvm
32,8,60,1,256,16,[32; 8; 60; 1; 256; 16],0.5422659809701145,0.2697674562287846,tvm
256,4,750,1,128,16,[256; 4; 750; 1; 128; 16],1.1328220790019259,0.12913388342024504,tvm
40,20,60,1,256,128,[40; 20; 60; 1; 256; 128],0.48141407896764576,0.30386671407577526,tvm
2560,10,20,1,1280,16,[2560; 10; 20; 1; 1280; 16],2.4453976210206747,0.05982082955681321,tvm
640,8,375,1,256,128,[640; 8; 375; 1; 256; 128],0.42402466107159853,0.34499341127004235,tvm
8,2,20,1,256,16,[8; 2; 20; 1; 256; 16],0.5886967940023169,0.24849076090796338,tvm
1024,1,60,1,1280,16,[1024; 1; 60; 1; 1280; 16],1.205220589064993,0.1213767136182119,tvm
5120,5,1,1,640,128,[5120; 5; 1; 1; 640; 128],1.8135338480351493,0.08066334931890339,tvm
1280,4,75,1,160,16,[1280; 4; 75; 1; 160; 16],1.7765829130075872,0.08234105665131405,tvm
2,2,20,1,64,64,[2; 2; 20; 1; 64; 64],0.766000978066586,0.19097327350017843,tvm
40,10,25,1,320,64,[40; 10; 25; 1; 320; 64],0.4770126319490373,0.306670525029918,tvm
1280,20,150,1,16,16,[1280; 20; 150; 1; 16; 16],1.7950880520511419,0.08149222213281526,tvm
16,16,30,1,1280,64,[16; 16; 30; 1; 1280; 64],0.35627390805166215,0.41059901098483437,tvm
640,1,60,1,80,16,[640; 1; 60; 1; 80; 16],1.162752810982056,0.12580981349093623,tvm
10,1,250,1,160,16,[10; 1; 250; 1; 160; 16],0.45592215203214437,0.3208567814344773,tvm
20,5,125,1,128,128,[20; 5; 125; 1; 128; 128],0.321011257939972,0.45570275392979903,tvm
80,40,1,1,128,128,[80; 40; 1; 1; 128; 128],0.4404420020291582,0.332133887348986,tvm
1280,40,75,1,128,128,[1280; 40; 75; 1; 128; 128],1.2717982509639114,0.11502273585833489,tvm
1024,1,12,1,320,64,[1024; 1; 12; 1; 320; 64],0.5932010549586266,0.24660393480911313,tvm
2560,16,10,1,16,16,[2560; 16; 10; 1; 16; 16],2.5180842829868197,0.058094050018134356,tvm
128,8,300,1,64,16,[128; 8; 300; 1; 64; 16],1.0253120799316093,0.1426743302346266,tvm
128,64,3,1,256,16,[128; 64; 3; 1; 256; 16],0.9779292660532519,0.14958721388521007,tvm
160,10,12,1,128,64,[160; 10; 12; 1; 128; 64],0.4463335199980065,0.3277497829120422,tvm
5120,10,375,1,160,16,[5120; 10; 375; 1; 160; 16],2.4779618110042065,0.05903469280119021,tvm
40,8,500,1,32,16,[40; 8; 500; 1; 32; 16],0.6587361150886863,0.22207028115654429,tvm
64,2,75,1,1280,16,[64; 2; 75; 1; 1280; 16],0.9151685889810324,0.1598456459793838,tvm
512,32,25,1,80,16,[512; 32; 25; 1; 80; 16],1.1404122490203008,0.12827441516117058,tvm
640,64,300,1,128,128,[640; 64; 300; 1; 128; 128],0.4147495710058138,0.3527085366983146,tvm
160,4,60,1,320,64,[160; 4; 60; 1; 320; 64],0.43326311092823744,0.337637132255056,tvm
640,64,60,1,1280,16,[640; 64; 60; 1; 1280; 16],1.175466967979446,0.12444902176806402,tvm
2560,64,2,1,256,16,[2560; 64; 2; 1; 256; 16],2.4259447250515223,0.06030051417705219,tvm
32,1,2,1,1280,16,[32; 1; 2; 1; 1280; 16],0.7375086810206994,0.1983511761288794,tvm
32,8,1500,1,256,16,[32; 8; 1500; 1; 256; 16],0.8221072420710698,0.17793994116532566,tvm
640,10,15,1,128,16,[640; 10; 15; 1; 128; 16],1.1479316810145974,0.12743416416246994,tvm
320,64,50,1,160,16,[320; 64; 50; 1; 160; 16],1.096441559959203,0.1334186149338934,tvm
320,32,5,1,320,16,[320; 32; 5; 1; 320; 16],1.1050690200645477,0.13237699331863423,tvm
80,10,30,1,1280,16,[80; 10; 30; 1; 1280; 16],0.8934784430311993,0.1637260701997778,tvm
40,8,6,1,128,64,[40; 8; 6; 1; 128; 64],0.46435247105546296,0.31503162662881945,tvm
5120,64,5,1,80,16,[5120; 64; 5; 1; 80; 16],2.450985823990777,0.05968443915661944,tvm
1280,32,15,1,64,16,[1280; 32; 15; 1; 64; 16],1.7978630190482363,0.0813664404550442,tvm
256,8,75,1,16,16,[256; 8; 75; 1; 16; 16],1.1542648549657315,0.12673496351931923,tvm
1024,32,30,1,1280,128,[1024; 32; 30; 1; 1280; 128],0.5451258190441877,0.2683522026936986,tvm
256,1,250,1,640,64,[256; 1; 250; 1; 640; 64],0.4495208529988304,0.32542586914448424,tvm
640,32,1,1,16,16,[640; 32; 1; 1; 16; 16],1.157359856995754,0.12639604994201123,tvm
640,32,6,1,640,128,[640; 32; 6; 1; 640; 128],0.6900497180176899,0.2119930063966263,tvm
256,16,5,1,640,64,[256; 16; 5; 1; 640; 64],0.41431294195353985,0.3530802431513676,tvm
160,20,750,1,640,64,[160; 20; 750; 1; 640; 64],0.4673045660601929,0.31304148281502436,tvm
5120,5,3,1,320,64,[5120; 5; 3; 1; 320; 64],1.8161856300430372,0.08054557412297543,tvm
10,2,1,1,128,128,[10; 2; 1; 1; 128; 128],0.47725623508449644,0.3065139929702856,tvm
8,1,50,1,64,16,[8; 1; 50; 1; 64; 16],0.48002643999643624,0.30474511838722956,tvm
320,10,2,1,320,16,[320; 10; 2; 1; 320; 16],1.0949469060869887,0.1336007375996846,tvm
160,32,50,1,128,16,[160; 32; 50; 1; 128; 16],1.0142444759840146,0.14423121619054288,tvm
160,1,250,1,64,16,[160; 1; 250; 1; 64; 16],1.11861969192978,0.13077341239483312,tvm
80,10,12,1,640,64,[80; 10; 12; 1; 640; 64],0.4490114660002291,0.32579505282753657,tvm
40,20,60,1,1280,128,[40; 20; 60; 1; 1280; 128],0.4685039760079235,0.3122400700463645,tvm
20,5,125,1,32,16,[20; 5; 125; 1; 32; 16],0.6402384460670874,0.2284863009779106,tvm
40,20,75,1,16,16,[40; 20; 75; 1; 16; 16],0.8018735069781542,0.18242991321285743,tvm
5120,32,500,1,128,16,[5120; 32; 500; 1; 128; 16],2.4845632170327008,0.05887783948617836,tvm
8,2,50,1,64,16,[8; 2; 50; 1; 64; 16],0.47915642091538757,0.3052984534909245,tvm
1280,20,1,1,320,16,[1280; 20; 1; 1; 320; 16],2.022286186926067,0.07233680140399554,tvm
4,1,300,1,160,16,[4; 1; 300; 1; 160; 16],0.6975593430688605,0.20971078050813738,tvm
2560,4,1500,1,160,16,[2560; 4; 1500; 1; 160; 16],2.482810119050555,0.058919412790880296,tvm
128,16,25,1,160,16,[128; 16; 25; 1; 160; 16],1.0057473990600556,0.14544975649196704,tvm
640,2,100,1,256,64,[640; 2; 100; 1; 256; 64],0.4360636080382392,0.335468751781016,tvm
64,64,30,1,1280,128,[64; 64; 30; 1; 1280; 128],0.27024100604467094,0.5413157552467563,tvm
128,16,4,1,1280,64,[128; 16; 4; 1; 1280; 64],0.41773865395225585,0.35018476959624034,tvm
32,4,50,1,256,16,[32; 4; 50; 1; 256; 16],0.5398819521069527,0.2709587044256937,tvm
2560,2,60,1,32,16,[2560; 2; 60; 1; 32; 16],2.458047267049551,0.05951297855281046,tvm
64,1,60,1,640,64,[64; 1; 60; 1; 640; 64],0.46157307096291333,0.31692861539894324,tvm
2560,40,375,1,640,16,[2560; 40; 375; 1; 640; 16],2.4748761990340427,0.059108295737302086,tvm
160,4,25,1,640,128,[160; 4; 25; 1; 640; 128],0.42117604799568653,0.34732676509470567,tvm
1280,16,1,1,32,16,[1280; 16; 1; 1; 32; 16],1.7909493120387197,0.08168054411277031,tvm
64,32,25,1,64,16,[64; 32; 25; 1; 64; 16],0.7793974649393931,0.18769077507467855,tvm
64,1,25,1,256,16,[64; 1; 25; 1; 256; 16],1.1128639091039076,0.13144977844011982,tvm
160,16,1,1,128,16,[160; 16; 1; 1; 128; 16],1.01339537196327,0.14435206468558487,tvm
512,2,50,1,1280,64,[512; 2; 50; 1; 1280; 64],0.44896643108222634,0.3258277326727857,tvm
256,64,1,1,256,64,[256; 64; 1; 1; 256; 64],0.4199514150386676,0.34833961512487066,tvm
128,32,100,1,1280,128,[128; 32; 100; 1; 1280; 128],0.4394512359285727,0.33288270079980203,tvm
640,5,100,1,640,128,[640; 5; 100; 1; 640; 128],0.4318394250003621,0.338750252563419,tvm
640,16,12,1,256,16,[640; 16; 12; 1; 256; 16],1.147060243994929,0.12753097760256873,tvm
1280,16,15,1,640,64,[1280; 16; 15; 1; 640; 64],1.3008829870959744,0.11245109340100999,tvm
512,64,150,1,320,16,[512; 64; 150; 1; 320; 16],1.1421917940024287,0.1280745624805314,tvm
1,1,12,1,640,16,[1; 1; 12; 1; 640; 16],1.8965973879676312,0.07713061043623609,tvm
2560,1,300,1,640,16,[2560; 1; 300; 1; 640; 16],2.503408000105992,0.05843462762742657,tvm
320,40,2,1,64,64,[320; 40; 2; 1; 64; 64],0.4421959730098024,0.33081647779382084,tvm
160,10,10,1,640,64,[160; 10; 10; 1; 640; 64],0.4272629200713709,0.3423786792948904,tvm
4,4,6,1,128,64,[4; 4; 6; 1; 128; 64],0.4751199280144647,0.30789218818298175,tvm
320,2,2,1,128,128,[320; 2; 2; 1; 128; 128],0.42117283097468317,0.3473294180614124,tvm
20,5,3,1,80,16,[20; 5; 3; 1; 80; 16],0.6586511330679059,0.22209893362565955,tvm
64,4,15,1,32,16,[64; 4; 15; 1; 32; 16],0.9200682590017095,0.15899441465836123,tvm
640,64,750,1,1280,16,[640; 64; 750; 1; 1280; 16],1.1630233799805865,0.12578054474550301,tvm
80,1,250,1,64,64,[80; 1; 250; 1; 64; 64],0.48465118499007076,0.3018371125796614,tvm
1280,64,1,1,1280,16,[1280; 64; 1; 1; 1280; 16],2.4021437609335408,0.06089798481872023,tvm
5120,32,12,1,256,128,[5120; 32; 12; 1; 256; 128],1.8179349559359252,0.08046806834758409,tvm
32,2,50,1,80,16,[32; 2; 50; 1; 80; 16],0.5406694969860837,0.2705640231253504,tvm
1280,1,1,1,128,64,[1280; 1; 1; 1; 128; 64],1.2536023720167577,0.11669227623618345,tvm
8,8,5,1,640,128,[8; 8; 5; 1; 640; 128],0.48920930502936244,0.2990247993687164,tvm
10,1,375,1,320,16,[10; 1; 375; 1; 320; 16],0.6620327229611576,0.2209644768485214,tvm
160,4,50,1,80,16,[160; 4; 50; 1; 80; 16],1.0476949779549614,0.13962624367185128,tvm
5120,4,20,1,128,16,[5120; 4; 20; 1; 128; 16],2.43711561197415,0.0600241176770509,tvm
4,2,30,1,1280,16,[4; 2; 30; 1; 1280; 16],0.6889275909634307,0.21233830115751506,tvm
512,16,1,1,640,16,[512; 16; 1; 1; 640; 16],1.8844666510121897,0.07762711757575595,tvm
32,1,3,1,640,16,[32; 1; 3; 1; 640; 16],0.8219769689021632,0.17796814244211034,tvm
5120,20,4,1,1280,16,[5120; 20; 4; 1; 1280; 16],2.421125187072903,0.06042054953076223,tvm
80,4,100,1,128,128,[80; 4; 100; 1; 128; 128],0.44226063101086766,0.3307681128011587,tvm
5120,5,60,1,16,16,[5120; 5; 60; 1; 16; 16],2.4813459779834375,0.05895417873351103,tvm
10,1,75,1,32,16,[10; 1; 75; 1; 32; 16],0.5011975290253758,0.2918723772844215,tvm
160,5,50,1,320,16,[160; 5; 50; 1; 320; 16],1.0253014219924808,0.1426758133246665,tvm
16,16,150,1,256,64,[16; 16; 150; 1; 256; 64],0.35409033694304526,0.413131054489194,tvm
512,16,1,1,256,128,[512; 16; 1; 1; 256; 128],0.4102873338852078,0.3565445535460835,tvm
640,5,50,1,64,64,[640; 5; 50; 1; 64; 64],0.43730569910258055,0.33451591091978766,tvm
8,2,20,1,320,64,[8; 2; 20; 1; 320; 64],0.3977206889539957,0.36781017017355905,tvm
20,2,1,1,64,64,[20; 2; 1; 1; 64; 64],0.41667792201042175,0.3510762307249278,tvm
512,4,100,1,640,64,[512; 4; 100; 1; 640; 64],0.4324815650470555,0.3382472829097303,tvm
32,32,50,1,128,16,[32; 32; 50; 1; 128; 16],0.5303961019963026,0.27580465568114987,tvm
640,1,12,1,640,128,[640; 1; 12; 1; 640; 128],0.5900133699178696,0.24793627016634795,tvm
1280,8,750,1,640,128,[1280; 8; 750; 1; 640; 128],1.2233448629267514,0.11957847596281054,tvm
80,40,10,1,320,64,[80; 40; 10; 1; 320; 64],0.4578357799910009,0.3195156881111163,tvm
5120,2,500,1,640,16,[5120; 2; 500; 1; 640; 16],2.4898005769355223,0.05875398842816744,tvm
10,5,20,1,1280,128,[10; 5; 20; 1; 1280; 128],0.3540519339730963,0.4131758655972495,tvm
32,16,125,1,256,64,[32; 16; 125; 1; 256; 64],0.3583622829755768,0.40820622379974064,tvm
10,5,12,1,640,128,[10; 5; 12; 1; 640; 128],0.41455366904847324,0.35287521304897507,tvm
1024,64,5,1,64,16,[1024; 64; 5; 1; 64; 16],1.1747930699493736,0.12452040961734505,tvm
320,16,30,1,1280,16,[320; 16; 30; 1; 1280; 16],1.1578766499878839,0.126339635821523,tvm
2560,5,3,1,640,16,[2560; 5; 3; 1; 640; 16],2.421837414964102,0.060402780707672986,tvm
4,1,375,1,320,16,[4; 1; 375; 1; 320; 16],1.098959191935137,0.1331129630283382,tvm
256,2,1,1,640,128,[256; 2; 1; 1; 640; 128],0.4137511800508946,0.35355963037427474,tvm
2560,64,1,1,80,16,[2560; 64; 1; 1; 80; 16],2.427391308010556,0.06026457860459561,tvm
320,1,2,1,128,16,[320; 1; 2; 1; 128; 16],1.1343818289460614,0.12895632718449515,tvm
20,10,12,1,640,128,[20; 10; 12; 1; 640; 128],0.3333510151132941,0.4388338647656345,tvm
320,1,100,1,640,128,[320; 1; 100; 1; 640; 128],0.4695166969904676,0.31156658586027725,tvm
320,20,100,1,16,16,[320; 20; 100; 1; 16; 16],1.1245130139868706,0.13008805808931462,tvm
1280,32,250,1,256,128,[1280; 32; 250; 1; 256; 128],1.2870355100603774,0.11366097760492384,tvm
2560,1,25,1,16,16,[2560; 1; 25; 1; 16; 16],2.5119662429206073,0.058235541459996355,tvm
5120,64,750,1,1280,16,[5120; 64; 750; 1; 1280; 16],2.5278479700209573,0.057869664639880025,tvm
320,8,150,1,320,16,[320; 8; 150; 1; 320; 16],1.1245653319638222,0.1300820060229461,tvm
320,2,1,1,80,16,[320; 2; 1; 1; 80; 16],1.11282770591788,0.13145405484405626,tvm
20,2,750,1,16,16,[20; 2; 750; 1; 16; 16],0.5927106600720435,0.24680796911588088,tvm
320,40,1,1,64,64,[320; 40; 1; 1; 64; 64],0.4425675170496106,0.33053875092535556,tvm
160,16,25,1,256,128,[160; 16; 25; 1; 256; 128],0.4270696429302916,0.34253362819700994,tvm
80,8,2,1,1280,64,[80; 8; 2; 1; 1280; 64],0.43124981597065926,0.3392133952717259,tvm
320,40,300,1,160,16,[320; 40; 300; 1; 160; 16],1.1307061850093305,0.12937553205699248,tvm
512,1,60,1,256,16,[512; 1; 60; 1; 256; 16],1.1743288739817217,0.12456963081365163,tvm
128,32,20,1,256,64,[128; 32; 20; 1; 256; 64],0.4400748669868335,0.33241097199511505,tvm
640,1,4,1,640,64,[640; 1; 4; 1; 640; 64],0.838170726899989,0.1745297343260345,tvm
64,8,1,1,640,64,[64; 8; 1; 1; 640; 64],0.4456898339558393,0.3282231344325634,tvm
2560,2,1500,1,1280,64,[2560; 2; 1500; 1; 1280; 64],1.8259713919833302,0.08011391357387146,tvm
80,1,10,1,128,16,[80; 1; 10; 1; 128; 16],0.9687103939941153,0.15101078216221034,tvm
320,40,125,1,256,16,[320; 40; 125; 1; 256; 16],1.0994695470435545,0.13305117424950316,tvm
512,4,150,1,640,16,[512; 4; 150; 1; 640; 16],1.1594257920514792,0.12617082980953656,tvm
1280,4,125,1,80,16,[1280; 4; 125; 1; 80; 16],1.7909621089929715,0.08167996048111166,tvm
160,10,50,1,80,16,[160; 10; 50; 1; 80; 16],1.015119518036954,0.14410688759940576,tvm
160,40,1,1,640,64,[160; 40; 1; 1; 640; 64],0.41843079193495214,0.34960551925264477,tvm
512,32,375,1,128,16,[512; 32; 375; 1; 128; 16],1.1452762860571966,0.1277296282710324,tvm
160,10,1,1,128,128,[160; 10; 1; 1; 128; 128],0.43042837898246944,0.3398607560020392,tvm
64,4,3,1,640,64,[64; 4; 3; 1; 640; 64],0.448456640006043,0.32619812315354074,tvm
320,64,250,1,128,64,[320; 64; 250; 1; 128; 64],0.4479051820235327,0.32659973618708554,tvm
80,8,3,1,128,128,[80; 8; 3; 1; 128; 128],0.446580084040761,0.32756882698862644,tvm
128,4,4,1,64,16,[128; 4; 4; 1; 64; 16],0.9869347750209272,0.14822227161122417,tvm
4,2,750,1,640,16,[4; 2; 750; 1; 640; 16],1.1244588630506769,0.1300943227828171,tvm
16,16,300,1,1280,16,[16; 16; 300; 1; 1280; 16],0.5748652439797297,0.25446957494419764,tvm
20,4,4,1,320,16,[20; 4; 4; 1; 320; 16],0.5324264880036935,0.2747528862326239,tvm
640,1,6,1,80,16,[640; 1; 6; 1; 80; 16],1.1580433670897037,0.12632144740256762,tvm
32,4,750,1,160,16,[32; 4; 750; 1; 160; 16],0.6509532190393656,0.22472538733519626,tvm
640,20,5,1,320,64,[640; 20; 5; 1; 320; 64],0.5168404279975221,0.28303845125369265,tvm
256,4,2,1,640,16,[256; 4; 2; 1; 640; 16],1.0930922440020368,0.13382741949584423,tvm
512,64,250,1,64,16,[512; 64; 250; 1; 64; 16],1.1395398010499775,0.12837262388810458,tvm
2560,4,500,1,320,64,[2560; 4; 500; 1; 320; 64],1.8288267030147836,0.07998883330201012,tvm
2560,8,4,1,128,128,[2560; 8; 4; 1; 128; 128],1.8429869449464604,0.07937425421641495,tvm
256,4,50,1,320,64,[256; 4; 50; 1; 320; 64],0.4248557889368385,0.3443185148819097,tvm
512,16,250,1,64,16,[512; 16; 250; 1; 64; 16],1.1504115770803764,0.12715945944926255,tvm
640,32,2,1,80,16,[640; 32; 2; 1; 80; 16],1.1398617859231308,0.12833636155917189,tvm
64,64,10,1,1280,128,[64; 64; 10; 1; 1280; 128],0.360377985984087,0.405923002999894,tvm
4,4,750,1,320,64,[4; 4; 750; 1; 320; 64],0.606785591924563,0.24108303860962615,tvm
8,8,10,1,256,128,[8; 8; 10; 1; 256; 128],0.47428493690676987,0.30843424047951506,tvm
16,4,12,1,1280,64,[16; 4; 12; 1; 1280; 64],0.3015777099644765,0.4850680585874387,tvm
16,8,30,1,320,16,[16; 8; 30; 1; 320; 16],0.44518524897284806,0.3285951513964837,tvm
5120,40,6,1,640,64,[5120; 40; 6; 1; 640; 64],1.8306980760535225,0.07990706725440261,tvm
40,5,30,1,640,128,[40; 5; 30; 1; 640; 128],0.4703451250679791,0.311017817532544,tvm
64,32,100,1,32,16,[64; 32; 100; 1; 32; 16],0.8198020709678531,0.17844028390049116,tvm
8,1,4,1,256,64,[8; 1; 4; 1; 256; 64],0.3925762539729476,0.372630063090354,tvm
8,2,2,1,640,64,[8; 2; 2; 1; 640; 64],0.4794341130182147,0.3051216221657481,tvm
512,4,2,1,256,16,[512; 4; 2; 1; 256; 16],1.1355685099260882,0.12882156647266993,tvm
40,4,750,1,256,16,[40; 4; 750; 1; 256; 16],0.654615418985486,0.223468176952547,tvm
20,1,15,1,640,64,[20; 1; 15; 1; 640; 64],0.3656556799542159,0.4000641103237638,tvm
640,32,2,1,32,16,[640; 32; 2; 1; 32; 16],1.143798767006956,0.12789462491597936,tvm
512,32,15,1,64,64,[512; 32; 15; 1; 64; 64],0.43420244194567204,0.3369067056145616,tvm
5120,1,1500,1,1280,128,[5120; 1; 1500; 1; 1280; 128],1.842104661045596,0.07941227085473045,tvm
1024,1,5,1,64,64,[1024; 1; 5; 1; 64; 64],0.4783245020080358,0.30582943936929397,tvm
640,20,375,1,1280,16,[640; 20; 375; 1; 1280; 16],1.1580007580341771,0.1263260954457828,tvm
1024,1,50,1,320,64,[1024; 1; 50; 1; 320; 64],0.5257098219590262,0.27826323225346894,tvm
160,1,3,1,256,128,[160; 1; 3; 1; 256; 128],0.4584305608877912,0.3191011393359533,tvm
5120,8,12,1,640,64,[5120; 8; 12; 1; 640; 64],1.82728165097069,0.08005646759929116,tvm
320,20,100,1,320,16,[320; 20; 100; 1; 320; 16],1.1041452679783106,0.13248774280721537,tvm
40,2,375,1,640,16,[40; 2; 375; 1; 640; 16],1.033923224080354,0.1414860512644267,tvm
40,8,12,1,640,128,[40; 8; 12; 1; 640; 128],0.4787883450044319,0.3055331563769795,tvm
1024,64,125,1,640,16,[1024; 64; 125; 1; 640; 16],1.1825775699689984,0.12370073473450813,tvm
320,40,3,1,64,64,[320; 40; 3; 1; 64; 64],0.4439773610793054,0.3294891296486264,tvm
32,32,1,1,640,16,[32; 32; 1; 1; 640; 16],0.6410115920007229,0.2282107158610469,tvm
1280,32,50,1,1280,64,[1280; 32; 50; 1; 1280; 64],1.2503379180561751,0.11699694312489209,tvm
640,1,150,1,1280,16,[640; 1; 150; 1; 1280; 16],1.1737683919491246,0.12462911362163759,tvm
128,2,500,1,640,16,[128; 2; 500; 1; 640; 16],1.065393234952353,0.13730677977531608,tvm
80,2,1500,1,1280,64,[80; 2; 1500; 1; 1280; 64],0.48828612896613777,0.29959014931562616,tvm
320,5,1500,1,640,128,[320; 5; 1500; 1; 640; 128],0.4263082849793136,0.34314537024025404,tvm
640,8,30,1,640,64,[640; 8; 30; 1; 640; 64],0.46842441603075713,0.3122931027491724,tvm
8,2,150,1,32,16,[8; 2; 150; 1; 32; 16],0.544454355025664,0.26868315577863056,tvm
128,16,50,1,64,16,[128; 16; 50; 1; 64; 16],0.9802508949069306,0.1492329311258658,tvm
8,8,1,1,128,16,[8; 8; 1; 1; 128; 16],0.5265156620880589,0.27783734619702205,tvm
640,40,100,1,64,16,[640; 40; 100; 1; 64; 16],1.1454597159754485,0.12770917409447313,tvm
80,2,75,1,320,64,[80; 2; 75; 1; 320; 64],0.4543545029591769,0.32196382633596976,tvm
256,4,750,1,1280,16,[256; 4; 750; 1; 1280; 16],1.1338786610867828,0.12901355260139086,tvm
10,2,2,1,128,128,[10; 2; 2; 1; 128; 128],0.4777511259308085,0.30619648253199616,tvm
40,2,12,1,1280,64,[40; 2; 12; 1; 1280; 64],0.45649510400835425,0.32045407059401265,tvm
256,1,300,1,640,128,[256; 1; 300; 1; 640; 128],0.46464355499483645,0.3148342696528739,tvm
640,32,6,1,80,16,[640; 32; 6; 1; 80; 16],1.1466496449429542,0.12757664464544619,tvm
80,5,15,1,320,64,[80; 5; 15; 1; 320; 64],0.46290306304581463,0.3160180304774437,tvm
40,10,150,1,64,16,[40; 10; 150; 1; 64; 16],0.6191580609884113,0.23626554106747277,tvm
80,5,1,1,128,128,[80; 5; 1; 1; 128; 128],0.44214531395118684,0.33085438128575156,tvm
4,2,15,1,1280,16,[4; 2; 15; 1; 1280; 16],0.6899305869592354,0.21202961145764887,tvm
1024,64,1500,1,80,16,[1024; 64; 1500; 1; 80; 16],1.1704013589769602,0.12498764903484189,tvm
256,16,20,1,1280,64,[256; 16; 20; 1; 1280; 64],0.4817932249279693,0.3036275869333464,tvm
40,2,6,1,32,16,[40; 2; 6; 1; 32; 16],0.8850821929518133,0.16527924236939037,tvm
160,5,3,1,640,128,[160; 5; 3; 1; 640; 128],0.4196529039181769,0.34858739906214686,tvm
1280,40,20,1,128,128,[1280; 40; 20; 1; 128; 128],1.2512279060902074,0.11691372416942226,tvm
160,32,1500,1,1280,16,[160; 32; 1500; 1; 1280; 16],1.0802672539139166,0.13541622571239337,tvm
4,4,25,1,640,128,[4; 4; 25; 1; 640; 128],0.547305220970884,0.2672836082692815,tvm
1280,16,1500,1,256,64,[1280; 16; 1500; 1; 256; 64],1.2314073990564793,0.11879554597268162,tvm
128,4,750,1,640,64,[128; 4; 750; 1; 640; 64],0.47045824804808944,0.310943032442618,tvm
256,4,60,1,16,16,[256; 4; 60; 1; 16; 16],1.1378356330096722,0.12856489113350766,tvm
640,16,300,1,640,64,[640; 16; 300; 1; 640; 64],0.43954283907078207,0.33281332621632603,tvm
160,1,250,1,320,16,[160; 1; 250; 1; 320; 16],1.1384698420297354,0.12849327130607777,tvm
256,8,20,1,320,64,[256; 8; 20; 1; 320; 64],0.4230441399849951,0.34579302833719167,tvm
256,1,750,1,64,64,[256; 1; 750; 1; 64; 64],0.44471616798546165,0.3289417494047497,tvm
160,10,5,1,128,128,[160; 10; 5; 1; 128; 128],0.4310034760273993,0.3394072726142347,tvm
64,16,30,1,64,64,[64; 16; 30; 1; 64; 64],0.5031196660129353,0.29075729725491045,tvm
40,20,4,1,320,64,[40; 20; 4; 1; 320; 64],0.47748207102995366,0.3063690202444008,tvm
160,20,4,1,640,16,[160; 20; 4; 1; 640; 16],1.0155037940712646,0.14405235621940815,tvm
2,1,30,1,16,16,[2; 1; 30; 1; 16; 16],1.4235144139965996,0.1027637745339077,tvm
2,2,2,1,160,16,[2; 2; 2; 1; 160; 16],0.7311544249532744,0.20007499003382617,tvm
2560,32,250,1,16,16,[2560; 32; 250; 1; 16; 16],2.507245121989399,0.05834519848208635,tvm
2560,10,750,1,32,16,[2560; 10; 750; 1; 32; 16],2.5258633790072054,0.05791513329719841,tvm
512,8,1500,1,128,16,[512; 8; 1500; 1; 128; 16],1.154648236115463,0.12669288334762238,tvm
2560,20,4,1,256,128,[2560; 20; 4; 1; 256; 128],1.844226254033856,0.07932091518909089,tvm
1024,1,30,1,1280,16,[1024; 1; 30; 1; 1280; 16],1.2298815019894391,0.11894293397297591,tvm
40,20,6,1,320,16,[40; 20; 6; 1; 320; 16],0.6804755000630394,0.2149757254628012,tvm
256,4,1,1,128,64,[256; 4; 1; 1; 128; 64],0.42742575891315937,0.34224824132659576,tvm
160,1,5,1,256,16,[160; 1; 5; 1; 256; 16],1.0919842390576378,0.13396321032248246,tvm
2560,20,5,1,1280,64,[2560; 20; 5; 1; 1280; 64],1.8019904509419575,0.08118007185290362,tvm
20,5,1,1,80,16,[20; 5; 1; 1; 80; 16],0.5959629219723865,0.2454610998307917,tvm
10,1,5,1,64,16,[10; 1; 5; 1; 64; 16],0.6146876269485801,0.23798382767504672,tvm
80,2,1500,1,80,16,[80; 2; 1500; 1; 80; 16],0.953554056934081,0.15341103445782622,tvm
256,2,100,1,64,64,[256; 2; 100; 1; 64; 64],0.4472037780797109,0.3271119821792738,tvm
320,64,1,1,640,128,[320; 64; 1; 1; 640; 128],0.4709958099992946,0.3105881436311151,tvm
5120,2,60,1,256,16,[5120; 2; 60; 1; 256; 16],2.488301904988475,0.05878937519295587,tvm
256,64,6,1,256,128,[256; 64; 6; 1; 256; 128],0.4178180849412456,0.3501181963109263,tvm
64,4,150,1,256,64,[64; 4; 150; 1; 256; 64],0.4717984599992633,0.3100597536624912,tvm
256,4,1,1,64,16,[256; 4; 1; 1; 64; 16],1.099539260030724,0.13304273853907378,tvm
128,8,15,1,16,16,[128; 8; 15; 1; 16; 16],1.0731798179913312,0.13631053420247596,tvm
40,4,4,1,640,64,[40; 4; 4; 1; 640; 64],0.47084411105606705,0.3106882104941415,tvm
16,1,125,1,640,16,[16; 1; 125; 1; 640; 16],0.5520316800102592,0.2649951435450148,tvm
128,8,25,1,640,64,[128; 8; 25; 1; 640; 64],0.4330634690122679,0.33779278270541513,tvm
2560,16,60,1,256,64,[2560; 16; 60; 1; 256; 64],1.8325972449965775,0.07982425744942528,tvm
1280,40,25,1,160,16,[1280; 40; 25; 1; 160; 16],1.8106697369366884,0.08079094232457992,tvm
160,40,25,1,80,16,[160; 40; 25; 1; 80; 16],1.0237695859977975,0.14288929490236782,tvm
4,4,300,1,320,64,[4; 4; 300; 1; 320; 64],0.633178659947589,0.23103386696232467,tvm
320,32,20,1,64,16,[320; 32; 20; 1; 64; 16],1.1015396170550957,0.13280113762662565,tvm
16,2,25,1,640,16,[16; 2; 25; 1; 640; 16],0.47046174202114344,0.310940723165413,tvm
640,10,300,1,256,16,[640; 10; 300; 1; 256; 16],1.1630790259223431,0.12577452694558483,tvm
320,2,30,1,640,64,[320; 2; 30; 1; 640; 64],0.4406743480358273,0.33195876941269364,tvm
1280,4,750,1,128,16,[1280; 4; 750; 1; 128; 16],1.8010201139841229,0.0812238093011125,tvm
512,16,20,1,64,16,[512; 16; 20; 1; 64; 16],1.1418537379940972,0.12811248009985543,tvm
20,4,1500,1,256,16,[20; 4; 1500; 1; 256; 16],0.8041742750210688,0.18190797545952553,tvm
80,4,150,1,256,16,[80; 4; 150; 1; 256; 16],0.9164584899554029,0.1596206657355893,tvm
640,40,25,1,64,64,[640; 40; 25; 1; 64; 64],0.43230918305926025,0.33838215799746657,tvm
80,4,4,1,256,16,[80; 4; 4; 1; 256; 16],0.8787161039654166,0.16647665113404095,tvm
640,40,150,1,640,64,[640; 40; 150; 1; 640; 64],0.4363399009453133,0.33525633105932334,tvm
1024,8,1,1,320,64,[1024; 8; 1; 1; 320; 64],1.044222478987649,0.14009056233642386,tvm
40,20,60,1,256,16,[40; 20; 60; 1; 256; 16],0.6095710870577022,0.23998138591482576,tvm
16,1,60,1,320,64,[16; 1; 60; 1; 320; 64],0.39096806896850467,0.37416281762257847,tvm
5120,32,60,1,16,16,[5120; 32; 60; 1; 16; 16],2.483671831083484,0.058898970651005134,tvm
128,32,375,1,64,64,[128; 32; 375; 1; 64; 64],0.48346062295604497,0.30258041159851445,tvm
1,1,15,1,128,16,[1; 1; 15; 1; 128; 16],1.3583417349727824,0.10769433826506514,tvm
1280,2,12,1,640,128,[1280; 2; 12; 1; 640; 128],1.3486477439291775,0.10846843806635716,tvm
2560,8,1,1,32,16,[2560; 8; 1; 1; 32; 16],2.4551937639480457,0.05958214640073102,tvm
20,1,20,1,32,16,[20; 1; 20; 1; 32; 16],0.6212652919348329,0.2354641667332332,tvm
80,20,300,1,256,16,[80; 20; 300; 1; 256; 16],0.9583618739852682,0.15264141683495538,tvm
512,32,50,1,32,16,[512; 32; 50; 1; 32; 16],1.134170394972898,0.1289803674422395,tvm
20,5,30,1,128,128,[20; 5; 30; 1; 128; 128],0.3225554849486798,0.4535210874153608,tvm
512,2,6,1,320,64,[512; 2; 6; 1; 320; 64],0.4385532740270719,0.3335642964021837,tvm
1024,64,375,1,1280,16,[1024; 64; 375; 1; 1280; 16],1.179151884978637,0.12406011146593264,tvm
64,16,2,1,640,128,[64; 16; 2; 1; 640; 128],0.44462765101343393,0.32900723549758365,tvm
320,16,50,1,1280,16,[320; 16; 50; 1; 1280; 16],1.1355608509620652,0.12882243532944862,tvm
128,4,250,1,64,16,[128; 4; 250; 1; 64; 16],0.9988580089993775,0.14645296225061902,tvm
160,20,1500,1,256,128,[160; 20; 1500; 1; 256; 128],0.43327144091017544,0.3376306409174147,tvm
80,4,12,1,256,128,[80; 4; 12; 1; 256; 128],0.44787810603156686,0.3266194804248903,tvm
2560,5,15,1,128,128,[2560; 5; 15; 1; 128; 128],1.8120924209943041,0.08072751289663614,tvm
32,4,4,1,256,128,[32; 4; 4; 1; 256; 128],0.31915852800011635,0.45834812938371794,tvm
160,16,5,1,640,64,[160; 16; 5; 1; 640; 64],0.41813956305850297,0.3498490150410548,tvm
128,16,1500,1,640,128,[128; 16; 1500; 1; 640; 128],0.4497771190945059,0.32524045371675997,tvm
64,32,100,1,640,128,[64; 32; 100; 1; 640; 128],0.44792868196964264,0.326582601592877,tvm
1280,64,15,1,1280,128,[1280; 64; 15; 1; 1280; 128],1.2961061199894175,0.11286553780558392,tvm
320,20,2,1,160,16,[320; 20; 2; 1; 160; 16],1.0946481940336525,0.13363719511258523,tvm
64,1,15,1,256,128,[64; 1; 15; 1; 256; 128],0.48281413898803294,0.302985564160001,tvm
160,5,50,1,64,16,[160; 5; 50; 1; 64; 16],1.0362377020064741,0.14117003656830887,tvm
128,32,20,1,1280,16,[128; 32; 20; 1; 1280; 16],0.9755790419876575,0.14994757778690065,tvm
2560,10,4,1,1280,128,[2560; 10; 4; 1; 1280; 128],1.812490307027474,0.08070979122951905,tvm
64,1,100,1,1280,16,[64; 1; 100; 1; 1280; 16],0.9058637720299885,0.16148754239050364,tvm
40,4,30,1,1280,64,[40; 4; 30; 1; 1280; 64],0.49053820804692805,0.2982147198444523,tvm
2560,20,50,1,320,16,[2560; 20; 50; 1; 320; 16],2.4264500909484923,0.06028795516190965,tvm
256,1,60,1,256,64,[256; 1; 60; 1; 256; 64],0.42679172893986106,0.34275667583597275,tvm
320,64,2,1,320,64,[320; 64; 2; 1; 320; 64],0.4145640271017328,0.35286639631618644,tvm
2560,1,500,1,64,64,[2560; 1; 500; 1; 64; 64],1.839979219948873,0.07950400346900609,tvm
320,40,50,1,320,16,[320; 40; 50; 1; 320; 16],1.0992976890411228,0.13307197471989046,tvm
320,40,10,1,320,16,[320; 40; 10; 1; 320; 16],1.096704305964522,0.13338665079559428,tvm
320,64,6,1,64,64,[320; 64; 6; 1; 64; 64],0.44302248302847147,0.33019930114091534,tvm
512,16,375,1,64,64,[512; 16; 375; 1; 64; 64],0.43496642797254026,0.33631495416227714,tvm
1280,1,125,1,1280,16,[1280; 1; 125; 1; 1280; 16],1.7629168250132352,0.082979362503172,tvm
40,5,2,1,320,64,[40; 5; 2; 1; 320; 64],0.4722331929951906,0.30977431585840287,tvm
1024,2,50,1,128,16,[1024; 2; 50; 1; 128; 16],1.1940801070304587,0.12250912934937859,tvm
40,5,30,1,1280,16,[40; 5; 30; 1; 1280; 16],0.6011001000879332,0.2433633171318963,tvm
4,4,4,1,16,16,[4; 4; 4; 1; 16; 16],0.7878347500227392,0.18568070814532117,tvm
5120,20,20,1,128,128,[5120; 20; 20; 1; 128; 128],1.8265137609560043,0.08009012437395917,tvm
80,40,75,1,256,16,[80; 40; 75; 1; 256; 16],0.901169785996899,0.16232869383641063,tvm
1280,20,6,1,256,16,[1280; 20; 6; 1; 256; 16],1.7887204479193315,0.08178232347926485,tvm
320,64,5,1,320,64,[320; 64; 5; 1; 320; 64],0.41686156298965216,0.35092157030881155,tvm
20,10,125,1,256,128,[20; 10; 125; 1; 256; 128],0.3292959020473063,0.44423788263450376,tvm
640,4,125,1,160,16,[640; 4; 125; 1; 160; 16],1.1567252179374918,0.1264653973279412,tvm
1280,20,5,1,1280,128,[1280; 20; 5; 1; 1280; 128],1.4660098630702123,0.09978494549781086,tvm
512,8,1500,1,1280,64,[512; 8; 1500; 1; 1280; 64],0.4355237130075693,0.33588461412472365,tvm
5120,20,375,1,32,16,[5120; 20; 375; 1; 32; 16],2.517901577986777,0.05809826546225809,tvm
5120,5,500,1,256,64,[5120; 5; 500; 1; 256; 64],1.841911108000204,0.07942061571285018,tvm
8,1,150,1,256,16,[8; 1; 150; 1; 256; 16],0.5254052729578689,0.2784245263892596,tvm
32,8,150,1,320,16,[32; 8; 150; 1; 320; 16],0.6106360839912668,0.23956283966966888,tvm
8,4,150,1,320,64,[8; 4; 150; 1; 320; 64],0.3929196869721636,0.3723043643167666,tvm
512,4,125,1,32,16,[512; 4; 125; 1; 32; 16],1.146911803050898,0.12754748350882775,tvm
1280,20,20,1,256,16,[1280; 20; 20; 1; 256; 16],1.8077454390004277,0.08092163372659444,tvm
320,16,3,1,640,16,[320; 16; 3; 1; 640; 16],1.101958989049308,0.13275059756254562,tvm
1024,4,30,1,128,128,[1024; 4; 30; 1; 128; 128],0.47489567601587623,0.3080375789330704,tvm
1280,5,50,1,1280,128,[1280; 5; 50; 1; 1280; 128],1.2378142280504107,0.11818066957924539,tvm
160,10,75,1,640,16,[160; 10; 75; 1; 640; 16],1.0337944760685787,0.14150367183429424,tvm
1280,10,4,1,1280,16,[1280; 10; 4; 1; 1280; 16],2.0989591230172664,0.0696944083767709,tvm
64,32,12,1,640,16,[64; 32; 12; 1; 640; 16],0.8134444870520383,0.17983490774626884,tvm
1280,4,15,1,320,16,[1280; 4; 15; 1; 320; 16],1.8249641130678356,0.0801581320083069,tvm
128,4,300,1,320,16,[128; 4; 300; 1; 320; 16],1.0643598890164867,0.13744008562826288,tvm
1280,1,4,1,128,128,[1280; 1; 4; 1; 128; 128],1.244618242024444,0.11753460566974502,tvm
640,64,1500,1,64,16,[640; 64; 1500; 1; 64; 16],1.1511117849731818,0.12708210983099474,tvm
1280,10,250,1,640,16,[1280; 10; 250; 1; 640; 16],1.7768000760115683,0.08233099281157498,tvm
40,2,375,1,1280,16,[40; 2; 375; 1; 1280; 16],0.9931014560861513,0.1473018827927527,tvm
640,40,4,1,640,64,[640; 40; 4; 1; 640; 64],0.8356791359838098,0.17505009756346052,tvm
128,64,75,1,256,64,[128; 64; 75; 1; 256; 64],0.44203780905809253,0.3309348460427498,tvm
2560,1,1500,1,64,64,[2560; 1; 1500; 1; 64; 64],1.8173141119768843,0.08049555842967834,tvm
1024,64,12,1,128,64,[1024; 64; 12; 1; 128; 64],0.5143682030029595,0.28439882837173086,tvm
2560,4,5,1,64,64,[2560; 4; 5; 1; 64; 64],1.826081303996034,0.08010909150955965,tvm
40,40,30,1,320,64,[40; 40; 30; 1; 320; 64],0.3645724760135636,0.4012527656648218,tvm
4,2,500,1,320,16,[4; 2; 500; 1; 320; 16],1.204305079067126,0.12146898392144087,tvm
32,32,50,1,1280,16,[32; 32; 50; 1; 1280; 16],0.6368285999633372,0.229709711991792,tvm
640,5,25,1,160,16,[640; 5; 25; 1; 160; 16],1.1475919999647886,0.1274718839885628,tvm
640,20,4,1,16,16,[640; 20; 4; 1; 16; 16],1.1530477589694783,0.12686873821814224,tvm
1,1,150,1,640,128,[1; 1; 150; 1; 640; 128],1.9054118680069223,0.07677380242137909,tvm
128,4,10,1,256,128,[128; 4; 10; 1; 256; 128],0.43264778098091483,0.3381173340449129,tvm
5,1,50,1,128,64,[5; 1; 50; 1; 128; 64],0.376438598963432,0.38860444887567114,tvm
16,2,10,1,640,16,[16; 2; 10; 1; 640; 16],0.4833032028982416,0.3026789671752174,tvm
64,32,25,1,160,16,[64; 32; 25; 1; 160; 16],0.7769793199840933,0.1882749135314298,tvm
4,1,300,1,128,16,[4; 1; 300; 1; 128; 16],0.7230749670416117,0.20231057767665164,tvm
8,2,30,1,128,16,[8; 2; 30; 1; 128; 16],0.5441056049894542,0.2688553709873097,tvm
320,4,375,1,128,16,[320; 4; 375; 1; 128; 16],1.135604256996885,0.12881751136841288,tvm
160,8,50,1,64,16,[160; 8; 50; 1; 64; 16],1.0214329829905182,0.14321616466449297,tvm
5120,10,25,1,160,16,[5120; 10; 25; 1; 160; 16],2.43390304595232,0.06010334492534261,tvm
160,16,60,1,1280,16,[160; 16; 60; 1; 1280; 16],1.0474202600307763,0.13966286491481078,tvm
640,40,125,1,128,16,[640; 40; 125; 1; 128; 16],1.1474387620110065,0.12748890758172862,tvm
5120,32,1500,1,32,16,[5120; 32; 1500; 1; 32; 16],2.5106708919629455,0.058265587398968935,tvm
16,2,3,1,640,128,[16; 2; 3; 1; 640; 128],0.3943764320574701,0.37092914889091794,tvm
640,64,50,1,16,16,[640; 64; 50; 1; 16; 16],1.1498156889574602,0.127225359412474,tvm
2,1,1,1,16,16,[2; 1; 1; 1; 16; 16],1.3933877730742097,0.1049856451395195,tvm
1280,40,10,1,80,16,[1280; 40; 10; 1; 80; 16],1.802472283015959,0.08115837101303104,tvm
80,1,20,1,16,16,[80; 1; 20; 1; 16; 16],1.2151989529374987,0.12038005293873735,tvm
2560,8,10,1,128,16,[2560; 8; 10; 1; 128; 16],2.4381104360800236,0.059999625989424585,tvm
32,16,500,1,256,16,[32; 16; 500; 1; 256; 16],0.6457443570252508,0.22653812254683633,tvm
40,40,750,1,320,16,[40; 40; 750; 1; 320; 16],0.6677962159737945,0.2190574171978459,tvm
32,4,3,1,16,16,[32; 4; 3; 1; 16; 16],0.7299180099507794,0.20041389894678555,tvm
2560,1,3,1,128,16,[2560; 1; 3; 1; 128; 16],2.4353027080651373,0.06006880122181574,tvm
64,8,3,1,640,128,[64; 8; 3; 1; 640; 128],0.44575623294804245,0.3281742429449448,tvm
160,16,15,1,256,64,[160; 16; 15; 1; 256; 64],0.4349071780452505,0.33636077229908085,tvm
320,8,125,1,80,16,[320; 8; 125; 1; 80; 16],1.1211400820175186,0.13047942592728434,tvm
5120,2,20,1,1280,128,[5120; 2; 20; 1; 1280; 128],1.8240238230209798,0.08019945377875239,tvm
640,5,150,1,16,16,[640; 5; 150; 1; 16; 16],1.1599331909092143,0.12611563789380675,tvm
40,1,12,1,256,16,[40; 1; 12; 1; 256; 16],0.884218028979376,0.1654407730801046,tvm
32,1,100,1,32,16,[32; 1; 100; 1; 32; 16],0.8928209278965369,0.16384664574379956,tvm
4,2,15,1,160,16,[4; 2; 15; 1; 160; 16],0.6673087930539623,0.21921742349030432,tvm
5120,32,750,1,256,16,[5120; 32; 750; 1; 256; 16],2.4946049250429496,0.05864083439312367,tvm
80,4,4,1,16,16,[80; 4; 4; 1; 16; 16],0.9587942429352552,0.15257258307879992,tvm
16,8,6,1,128,16,[16; 8; 6; 1; 128; 16],0.5247534429654479,0.2787703753957959,tvm
80,10,100,1,128,128,[80; 10; 100; 1; 128; 128],0.4469279550248757,0.3273138604130774,tvm
1280,2,75,1,160,16,[1280; 2; 75; 1; 160; 16],1.7804800379090011,0.08216082807505806,tvm
160,4,5,1,160,16,[160; 4; 5; 1; 160; 16],1.043353226967156,0.14020727640910366,tvm
20,20,50,1,80,16,[20; 20; 50; 1; 80; 16],0.43800785997882485,0.3339796557367404,tvm
64,32,4,1,1280,16,[64; 32; 4; 1; 1280; 16],0.8702497190097347,0.16809624995015704,tvm
512,16,150,1,1280,16,[512; 16; 150; 1; 1280; 16],1.1504098169971257,0.1271596539983975,tvm
256,64,25,1,256,64,[256; 64; 25; 1; 256; 64],0.4255887430626899,0.3437255253345979,tvm
20,2,3,1,128,128,[20; 2; 3; 1; 128; 128],0.3220045589841902,0.45429702842467096,tvm
40,4,500,1,1280,128,[40; 4; 500; 1; 1280; 128],0.4962544130394235,0.29477967438063474,tvm
40,2,3,1,640,16,[40; 2; 3; 1; 640; 16],0.79906904802192,0.18307017978964615,tvm
128,8,150,1,160,16,[128; 8; 150; 1; 160; 16],1.0219060400268063,0.1431498675571748,tvm
2560,4,4,1,1280,128,[2560; 4; 4; 1; 1280; 128],1.8412086970638484,0.079450914238562,tvm
512,8,100,1,64,64,[512; 8; 100; 1; 64; 64],0.43386446905788034,0.3371691500882015,tvm
512,4,50,1,32,16,[512; 4; 50; 1; 32; 16],1.1523452289402485,0.12694608404830696,tvm
320,16,1500,1,128,16,[320; 16; 1500; 1; 128; 16],1.1148669050307944,0.13121361269726958,tvm
1280,5,60,1,80,16,[1280; 5; 60; 1; 80; 16],1.786126442020759,0.08190109661005406,tvm
160,16,15,1,128,64,[160; 16; 15; 1; 128; 64],0.44580103794578463,0.3281412599660762,tvm
8,8,125,1,1280,128,[8; 8; 125; 1; 1280; 128],0.42422332207206637,0.34483185311736236,tvm
32,1,500,1,256,128,[32; 1; 500; 1; 256; 128],0.37194522097706795,0.39329908286342374,tvm
80,5,375,1,1280,128,[80; 5; 375; 1; 1280; 128],0.4584173399489373,0.31911034234003655,tvm
4,2,75,1,1280,16,[4; 2; 75; 1; 1280; 16],0.7817171280039474,0.1871338225110191,tvm
512,64,100,1,64,16,[512; 64; 100; 1; 64; 16],1.1341084729647264,0.1289874097345397,tvm
32,8,25,1,80,16,[32; 8; 25; 1; 80; 16],0.5445624730782583,0.2686298111193787,tvm
2560,32,250,1,640,64,[2560; 32; 250; 1; 640; 64],1.8573862640187144,0.07875890821395692,tvm
320,1,50,1,1280,128,[320; 1; 50; 1; 1280; 128],0.4700505780056119,0.31121271014364715,tvm
1280,4,2,1,640,64,[1280; 4; 2; 1; 640; 64],1.693541752989404,0.08637856966177176,tvm
160,16,15,1,1280,128,[160; 16; 15; 1; 1280; 128],0.41877108602784574,0.3493214292163122,tvm
2560,2,12,1,1280,64,[2560; 2; 12; 1; 1280; 64],1.8098725900053978,0.08082652618396637,tvm
80,1,3,1,256,128,[80; 1; 3; 1; 256; 128],0.47641207894776016,0.30705710612714104,tvm
1280,1,5,1,160,16,[1280; 1; 5; 1; 160; 16],1.7927002650685608,0.08160076569192658,tvm
256,64,60,1,80,16,[256; 64; 60; 1; 80; 16],1.080350567935966,0.13540578274068615,tvm
1024,1,4,1,160,16,[1024; 1; 4; 1; 160; 16],1.1790230199694633,0.12407367100389871,tvm
4,4,150,1,1280,64,[4; 4; 150; 1; 1280; 64],0.5840264309663326,0.25047790053554486,tvm
64,1,1500,1,320,64,[64; 1; 1500; 1; 320; 64],0.5006175850285217,0.29221049891281775,tvm
2560,16,375,1,16,16,[2560; 16; 375; 1; 16; 16],2.4724883169401437,0.059165381402793385,tvm
5120,8,750,1,128,128,[5120; 8; 750; 1; 128; 128],1.8031193129718304,0.08112924820521829,tvm
128,1,500,1,256,128,[128; 1; 500; 1; 256; 128],0.4712239010259509,0.3104378066715639,tvm
40,10,12,1,64,64,[40; 10; 12; 1; 64; 64],0.5422453479841352,0.26977772115436255,tvm
640,32,6,1,16,16,[640; 32; 6; 1; 16; 16],1.1505647900048643,0.12714252648483693,tvm
80,10,2,1,256,64,[80; 10; 2; 1; 256; 64],0.45316856098361313,0.3228064055639643,tvm
64,32,300,1,640,64,[64; 32; 300; 1; 640; 64],0.4865495340200141,0.30065944792313143,tvm
5120,4,30,1,128,64,[5120; 4; 30; 1; 128; 64],1.8377495059976354,0.07960046448566561,tvm
5,1,25,1,128,16,[5; 1; 25; 1; 128; 16],0.6909203620161861,0.2117258693300564,tvm
20,10,12,1,256,128,[20; 10; 12; 1; 256; 128],0.3142161349533126,0.46555761468916923,tvm
2560,8,15,1,128,64,[2560; 8; 15; 1; 128; 64],1.8507849510060623,0.07903982264724775,tvm
512,8,300,1,1280,16,[512; 8; 300; 1; 1280; 16],1.159678925992921,0.12614328932507243,tvm
1280,32,100,1,128,64,[1280; 32; 100; 1; 128; 64],1.2586974860168993,0.11621991456313296,tvm
40,8,3,1,320,64,[40; 8; 3; 1; 320; 64],0.47727754700463265,0.30650030617152496,tvm
512,32,75,1,128,128,[512; 32; 75; 1; 128; 128],0.416422869078815,0.3512912597939651,tvm
640,16,15,1,640,16,[640; 16; 15; 1; 640; 16],1.2556161129614338,0.11650512666701296,tvm
1280,40,50,1,256,128,[1280; 40; 50; 1; 256; 128],1.2381132900482044,0.11815212344584303,tvm
16,16,750,1,160,16,[16; 16; 750; 1; 160; 16],0.533849147032015,0.27402069498284976,tvm
256,32,50,1,640,16,[256; 32; 50; 1; 640; 16],1.1067994780605659,0.13217002463901534,tvm
1280,8,25,1,1280,16,[1280; 8; 25; 1; 1280; 16],1.801800613058731,0.08118862499296198,tvm
5120,20,20,1,1280,64,[5120; 20; 20; 1; 1280; 64],1.8013904220424592,0.08120711229265451,tvm
64,16,150,1,640,16,[64; 16; 150; 1; 640; 16],0.8091167790116742,0.18079678741108351,tvm
1280,2,100,1,320,16,[1280; 2; 100; 1; 320; 16],1.7728448000270873,0.0825146760074425,tvm
512,16,3,1,256,16,[512; 16; 3; 1; 256; 16],1.1269158170325682,0.12981068512368443,tvm
160,8,12,1,16,16,[160; 8; 12; 1; 16; 16],1.059658297104761,0.13804989276769855,tvm
5120,10,60,1,640,64,[5120; 10; 60; 1; 640; 64],1.8523783409036696,0.07897183369912966,tvm
320,32,25,1,1280,16,[320; 32; 25; 1; 1280; 16],1.1675965099129826,0.12528789958152284,tvm
128,2,3,1,64,64,[128; 2; 3; 1; 64; 64],0.47260200104210526,0.309532574900548,tvm
40,1,4,1,128,64,[40; 1; 4; 1; 128; 64],0.46799621102400124,0.31257884324668606,tvm
128,2,1,1,128,64,[128; 2; 1; 1; 128; 64],0.4432635799748823,0.33001970135693,tvm
80,10,500,1,1280,128,[80; 10; 500; 1; 1280; 128],0.4606838959734887,0.3175403255123394,tvm
512,32,125,1,256,64,[512; 32; 125; 1; 256; 64],0.4330848390236497,0.3377761147573351,tvm
640,1,6,1,16,16,[640; 1; 6; 1; 16; 16],1.168916612979956,0.12514640707585079,tvm
512,8,250,1,640,64,[512; 8; 250; 1; 640; 64],0.43909976992290467,0.3331491481113701,tvm
512,4,500,1,1280,128,[512; 4; 500; 1; 1280; 128],0.4215918940026313,0.34698417205526555,tvm
2560,4,750,1,256,128,[2560; 4; 750; 1; 256; 128],1.814236956066452,0.08063208821568958,tvm
5120,1,100,1,80,16,[5120; 1; 100; 1; 80; 16],2.488542056060396,0.05878370185846841,tvm
80,4,1500,1,16,16,[80; 4; 1500; 1; 16; 16],1.050865410012193,0.13920499513255172,tvm
16,2,1,1,640,128,[16; 2; 1; 1; 640; 128],0.4480932221049443,0.3264626802399031,tvm
256,32,6,1,32,16,[256; 32; 6; 1; 32; 16],1.0957288240315393,0.13350539939935324,tvm
512,32,50,1,1280,128,[512; 32; 50; 1; 1280; 128],0.44303948094602674,0.3301866325171493,tvm
2560,40,4,1,16,16,[2560; 40; 4; 1; 16; 16],2.4849125620676205,0.05886956205975891,tvm
128,4,50,1,128,128,[128; 4; 50; 1; 128; 128],0.43123812798876315,0.33922258907850117,tvm
20,10,10,1,80,16,[20; 10; 10; 1; 80; 16],0.4892376100178808,0.2990074991993518,tvm
160,2,20,1,640,16,[160; 2; 20; 1; 640; 16],1.0565622139256448,0.13845442545422046,tvm
1280,16,20,1,160,16,[1280; 16; 20; 1; 160; 16],1.799773074919358,0.08128008820904763,tvm
5120,20,5,1,128,64,[5120; 20; 5; 1; 128; 64],1.8501358469948173,0.07906755307904917,tvm
64,8,500,1,256,64,[64; 8; 500; 1; 256; 64],0.4927374350372702,0.29688370292922717,tvm
5120,64,300,1,640,64,[5120; 64; 300; 1; 640; 64],1.8588560989592224,0.07869663195963367,tvm
40,20,125,1,128,128,[40; 20; 125; 1; 128; 128],0.5012892730301246,0.2918189599419642,tvm
5120,8,3,1,640,16,[5120; 8; 3; 1; 640; 16],2.427866091951728,0.06025279350069807,tvm
20,1,2,1,64,16,[20; 1; 2; 1; 64; 16],0.7071799780242145,0.2068578280375259,tvm
160,32,60,1,640,64,[160; 32; 60; 1; 640; 64],0.43498395197093487,0.3363014051964127,tvm
1024,2,4,1,320,64,[1024; 2; 4; 1; 320; 64],0.7033744968939573,0.20797699508824918,tvm
20,10,25,1,256,128,[20; 10; 25; 1; 256; 128],0.310210476978682,0.4715692252256432,tvm
320,16,6,1,1280,128,[320; 16; 6; 1; 1280; 128],0.6377153979847208,0.2293902809121432,tvm
80,20,1,1,128,128,[80; 20; 1; 1; 128; 128],0.44012329797260463,0.3323743936291685,tvm
5120,5,75,1,1280,64,[5120; 5; 75; 1; 1280; 64],1.8512526800623164,0.07901985280625769,tvm
80,1,300,1,16,16,[80; 1; 300; 1; 16; 16],1.1132315419381484,0.13140636855386728,tvm
32,16,5,1,640,128,[32; 16; 5; 1; 640; 128],0.32598797394894063,0.4487457390333883,tvm
640,4,6,1,80,16,[640; 4; 6; 1; 80; 16],1.1459857280133292,0.12765055507219442,tvm
1280,1,2,1,128,16,[1280; 1; 2; 1; 128; 16],1.773942647036165,0.08246360981857155,tvm
160,40,2,1,256,128,[160; 40; 2; 1; 256; 128],0.42662997695151716,0.3428866281994489,tvm
64,16,3,1,160,16,[64; 16; 3; 1; 160; 16],0.9974812469445169,0.14665510227266576,tvm
1280,1,50,1,64,64,[1280; 1; 50; 1; 64; 64],1.225230643991381,0.11939442994109717,tvm
32,4,12,1,128,16,[32; 4; 12; 1; 128; 16],0.5504889010917395,0.2657378086925964,tvm
2560,2,50,1,1280,16,[2560; 2; 50; 1; 1280; 16],2.4267313930904493,0.06028096669546069,tvm
128,4,300,1,256,64,[128; 4; 300; 1; 256; 64],0.46579060005024076,0.3140589661318535,tvm
5,1,50,1,256,16,[5; 1; 50; 1; 256; 16],0.658866005949676,0.22202650154163145,tvm
2560,40,150,1,256,16,[2560; 40; 150; 1; 256; 16],2.470073551987298,0.05922322198382316,tvm
256,16,10,1,128,64,[256; 16; 10; 1; 128; 64],0.433102619019337,0.33776224816406153,tvm
4,4,1500,1,160,16,[4; 4; 1500; 1; 160; 16],1.0107772060437128,0.14472597265849693,tvm
5120,40,750,1,32,16,[5120; 40; 750; 1; 32; 16],2.533304201089777,0.05774502494520204,tvm
32,8,12,1,320,16,[32; 8; 12; 1; 320; 16],0.5733475279994309,0.25514318479081244,tvm
160,16,5,1,256,128,[160; 16; 5; 1; 256; 128],0.4255192340351641,0.34378167327126163,tvm
1024,64,500,1,128,128,[1024; 64; 500; 1; 128; 128],0.4795476730214432,0.30504936738411215,tvm
256,32,30,1,128,64,[256; 32; 30; 1; 128; 64],0.43535639194305986,0.33601370507693606,tvm
8,2,100,1,640,128,[8; 2; 100; 1; 640; 128],0.3998856859980151,0.36581883125079,tvm
320,10,30,1,128,16,[320; 10; 30; 1; 128; 16],1.096904093050398,0.13336235611894384,tvm
1,1,150,1,128,16,[1; 1; 150; 1; 128; 16],1.951289085089229,0.07496875547736942,tvm
1280,2,25,1,64,16,[1280; 2; 25; 1; 64; 16],1.7963050930993631,0.08143700914041914,tvm
640,40,5,1,1280,16,[640; 40; 5; 1; 1280; 16],1.517025802982971,0.09642928551252623,tvm
2560,8,2,1,64,64,[2560; 8; 2; 1; 64; 64],1.8280110369669273,0.08002452464862274,tvm
64,4,1,1,64,64,[64; 4; 1; 1; 64; 64],0.5096158790402114,0.2870509344434528,tvm
80,4,4,1,128,16,[80; 4; 4; 1; 128; 16],0.8757539900252596,0.16703973484779092,tvm
640,32,6,1,64,16,[640; 32; 6; 1; 64; 16],1.141509750043042,0.12815108612098883,tvm
256,2,75,1,80,16,[256; 2; 75; 1; 80; 16],1.0988459130749106,0.13312668550257573,tvm
1280,10,12,1,256,64,[1280; 10; 12; 1; 256; 64],1.2488665550481528,0.11713478409234358,tvm
512,64,75,1,256,16,[512; 64; 75; 1; 256; 16],1.1334879770874977,0.12905802023731744,tvm
320,8,3,1,256,128,[320; 8; 3; 1; 256; 128],0.4165445249527693,0.35118866176983404,tvm
640,40,10,1,32,16,[640; 40; 10; 1; 32; 16],1.142349776928313,0.12805685022241162,tvm
320,40,750,1,64,64,[320; 40; 750; 1; 64; 64],0.4429921261034906,0.33022192871107475,tvm
640,8,12,1,640,16,[640; 8; 12; 1; 640; 16],1.275683576008305,0.11467241331384982,tvm
10,5,50,1,32,16,[10; 5; 50; 1; 32; 16],0.5037303270073608,0.2904048186949377,tvm
5120,1,60,1,64,16,[5120; 1; 60; 1; 64; 16],2.5020655900007114,0.05846597901762947,tvm
5120,40,6,1,1280,64,[5120; 40; 6; 1; 1280; 64],1.8417427269741893,0.07942787672958428,tvm
512,2,50,1,640,64,[512; 2; 50; 1; 640; 64],0.4473082369659096,0.3270355924540309,tvm
80,40,1,1,64,16,[80; 40; 1; 1; 64; 16],0.8968699260149151,0.16310694565900913,tvm
2560,16,50,1,128,128,[2560; 16; 50; 1; 128; 128],1.827460419968702,0.08004863617687527,tvm
80,4,1500,1,640,64,[80; 4; 1500; 1; 640; 64],0.49098872498143464,0.29794108671486436,tvm
640,64,1,1,64,64,[640; 64; 1; 1; 64; 64],0.43291298497933894,0.3379102021915464,tvm
32,32,12,1,32,16,[32; 32; 12; 1; 32; 16],0.7656887330813333,0.19105115168277587,tvm
2560,40,10,1,320,16,[2560; 40; 10; 1; 320; 16],2.433613196015358,0.06011050339685581,tvm
512,1,125,1,640,64,[512; 1; 125; 1; 640; 64],0.4329648499842733,0.3378697238148267,tvm
5120,64,75,1,16,16,[5120; 64; 75; 1; 16; 16],2.4787277498980984,0.05901645079485965,tvm
32,1,6,1,1280,128,[32; 1; 6; 1; 1280; 128],0.36120076989755034,0.404998345732226,tvm
2560,5,50,1,64,16,[2560; 5; 50; 1; 64; 16],2.4526881700148806,0.05964301376510768,tvm
2560,40,5,1,256,128,[2560; 40; 5; 1; 256; 128],1.8427765050437301,0.07938331853337953,tvm
64,32,250,1,16,16,[64; 32; 250; 1; 16; 16],0.8861300490098074,0.16508379830836237,tvm
128,8,12,1,256,16,[128; 8; 12; 1; 256; 16],0.9724640930071473,0.150427882466442,tvm
1024,64,100,1,256,128,[1024; 64; 100; 1; 256; 128],0.5160584789700806,0.28346732055960555,tvm
1024,16,10,1,320,64,[1024; 16; 10; 1; 320; 64],0.6017821469577029,0.24308749441182106,tvm
20,10,15,1,256,64,[20; 10; 15; 1; 256; 64],0.37739953002892435,0.387614987953225,tvm
640,10,500,1,128,16,[640; 10; 500; 1; 128; 16],1.161173632950522,0.1259809128751958,tvm
320,16,100,1,16,16,[320; 16; 100; 1; 16; 16],1.127433494082652,0.12975108070985703,tvm
80,16,20,1,128,16,[80; 16; 20; 1; 128; 16],0.8832893560174853,0.16561471423733365,tvm
2,2,750,1,64,64,[2; 2; 750; 1; 64; 64],0.7320521370274946,0.19982963901957718,tvm
2560,5,10,1,16,16,[2560; 5; 10; 1; 16; 16],2.481660165009089,0.0589467149242727,tvm
5120,1,2,1,16,16,[5120; 1; 2; 1; 16; 16],2.5101719739614055,0.05827716817937968,tvm
640,40,60,1,160,16,[640; 40; 60; 1; 160; 16],1.1439093339722604,0.12788226299171163,tvm
4,1,1,1,320,16,[4; 1; 1; 1; 320; 16],0.6483142439974472,0.2256401361533101,tvm
64,1,1,1,64,16,[64; 1; 1; 1; 64; 16],0.9574801180278882,0.15278198631112827,tvm
160,2,375,1,1280,128,[160; 2; 375; 1; 1280; 128],0.43969219096470624,0.33270027826683995,tvm
256,2,4,1,640,16,[256; 2; 4; 1; 640; 16],1.0918727749958634,0.13397688598497065,tvm
2560,2,1500,1,640,16,[2560; 2; 1500; 1; 640; 16],2.502712483983487,0.05845086689817283,tvm
128,16,20,1,64,64,[128; 16; 20; 1; 64; 64],0.4908436060650274,0.29802917360674397,tvm
80,2,15,1,64,64,[80; 2; 15; 1; 64; 64],0.47490845201537013,0.3080292920981323,tvm
32,32,375,1,640,64,[32; 32; 375; 1; 640; 64],0.3792064969893545,0.3857679534689539,tvm
32,32,750,1,320,64,[32; 32; 750; 1; 320; 64],0.37139415403362364,0.3938826518859813,tvm
80,10,1,1,128,64,[80; 10; 1; 1; 128; 64],0.4494516869308427,0.3254759488937536,tvm
64,4,2,1,1280,128,[64; 4; 2; 1; 1280; 128],0.4402868829201907,0.3322509026739073,tvm
256,8,150,1,64,64,[256; 8; 150; 1; 64; 64],0.444661112036556,0.3289824775000518,tvm
128,4,25,1,640,64,[128; 4; 25; 1; 640; 64],0.43049290601629764,0.3398098139163673,tvm
256,8,15,1,32,16,[256; 8; 15; 1; 32; 16],1.1072707489365712,0.13211377111353106,tvm
32,4,50,1,256,64,[32; 4; 50; 1; 256; 64],0.3352489670505747,0.43634948549638947,tvm
1024,64,5,1,1280,64,[1024; 64; 5; 1; 1280; 64],0.8449112649541348,0.173137369986013,tvm
20,5,125,1,64,16,[20; 5; 125; 1; 64; 16],0.4524532719515264,0.323316734244739,tvm
80,40,375,1,64,64,[80; 40; 375; 1; 64; 64],0.46364923007786274,0.3155094515333237,tvm
320,40,2,1,128,16,[320; 40; 2; 1; 128; 16],1.0992926870239899,0.133072580225872,tvm
4,2,100,1,128,16,[4; 2; 100; 1; 128; 16],0.6018114410107955,0.2430756617720901,tvm
640,64,10,1,256,128,[640; 64; 10; 1; 256; 128],0.4141708149109036,0.35320140632599445,tvm
20,1,750,1,320,64,[20; 1; 750; 1; 320; 64],0.4330239730188623,0.3378235926890407,tvm
512,2,5,1,640,64,[512; 2; 5; 1; 640; 64],0.632932064938359,0.23112387946400062,tvm
64,4,1,1,1280,128,[64; 4; 1; 1; 1280; 128],0.4356222179485485,0.33580866231894574,tvm
16,4,1,1,128,16,[16; 4; 1; 1; 128; 16],0.4623596229357645,0.31638946618406977,tvm
512,16,1,1,64,16,[512; 16; 1; 1; 64; 16],1.1400707321008667,0.1283128407446669,tvm
80,16,250,1,160,16,[80; 16; 250; 1; 160; 16],0.9437754019163549,0.15500055838357116,tvm
1280,5,50,1,1280,64,[1280; 5; 50; 1; 1280; 64],1.2409956540213898,0.11787770070884786,tvm
16,1,25,1,64,64,[16; 1; 25; 1; 64; 64],0.41841879091225564,0.349615546583784,tvm
512,1,12,1,128,64,[512; 1; 12; 1; 128; 64],0.4251935490174219,0.3440449993274013,tvm
640,2,15,1,1280,128,[640; 2; 15; 1; 1280; 128],0.5315937839914113,0.27518326716942526,tvm
320,5,1500,1,256,16,[320; 5; 1500; 1; 256; 16],1.134706204989925,0.1289194627141509,tvm
640,20,2,1,80,16,[640; 20; 2; 1; 80; 16],1.143118856009096,0.12797069483783433,tvm
4,4,25,1,160,16,[4; 4; 25; 1; 160; 16],0.7228712200885639,0.2023676005081401,tvm
640,32,750,1,320,16,[640; 32; 750; 1; 320; 16],1.1605680730426684,0.12604664705465846,tvm
1280,1,60,1,16,16,[1280; 1; 60; 1; 16; 16],1.7988639490213245,0.08132116626457567,tvm
320,20,150,1,256,64,[320; 20; 150; 1; 256; 64],0.430299567990005,0.33996249396446576,tvm
1280,5,20,1,256,16,[1280; 5; 20; 1; 256; 16],1.811955381068401,0.08073361839597751,tvm
64,4,750,1,128,128,[64; 4; 750; 1; 128; 128],0.4608582300134003,0.31742020595240483,tvm
2560,10,300,1,256,16,[2560; 10; 300; 1; 256; 16],2.4807494569104165,0.058968354856722194,tvm
32,16,60,1,160,16,[32; 16; 60; 1; 160; 16],0.5360295840073377,0.27290604595382145,tvm
40,5,15,1,128,128,[40; 5; 15; 1; 128; 128],0.46813582291360945,0.31248562302977206,tvm
1280,4,300,1,32,16,[1280; 4; 300; 1; 32; 16],1.8060073499800637,0.08099951214890079,tvm
8,4,30,1,64,16,[8; 4; 30; 1; 64; 16],0.47826530295424163,0.30586729453738,tvm
40,4,20,1,1280,128,[40; 4; 20; 1; 1280; 128],0.47766598907765,0.30625105749769826,tvm
512,4,6,1,256,128,[512; 4; 6; 1; 256; 128],0.41186091490089893,0.35518231760572194,tvm
256,8,5,1,640,128,[256; 8; 5; 1; 640; 128],0.41504368698224425,0.3524585938153842,tvm
320,16,30,1,640,128,[320; 16; 30; 1; 640; 128],0.4293472240678966,0.3407165717754374,tvm
5120,64,15,1,640,128,[5120; 64; 15; 1; 640; 128],1.8161812250036746,0.08054576948146698,tvm
80,8,20,1,640,64,[80; 8; 20; 1; 640; 64],0.4483988650608808,0.3262401528733855,tvm
20,20,750,1,64,16,[20; 20; 750; 1; 64; 16],0.535186139983125,0.2733361411233984,tvm
160,4,2,1,256,64,[160; 4; 2; 1; 256; 64],0.4271470479434356,0.3424715563177344,tvm
2560,1,75,1,64,16,[2560; 1; 75; 1; 64; 16],2.458618335891515,0.0594991553386711,tvm
5120,10,375,1,640,64,[5120; 10; 375; 1; 640; 64],1.8161628970410675,0.08054658231596197,tvm
8,1,60,1,32,16,[8; 1; 60; 1; 32; 16],0.5251957019791007,0.27853562726135084,tvm
5120,20,60,1,128,64,[5120; 20; 60; 1; 128; 64],1.828296746010892,0.08001201916750707,tvm
40,10,15,1,256,64,[40; 10; 15; 1; 256; 64],0.479005016037263,0.3053949528460353,tvm
1280,5,750,1,64,16,[1280; 5; 750; 1; 64; 16],1.8081037419615313,0.08090559788732887,tvm
320,40,2,1,160,16,[320; 40; 2; 1; 160; 16],1.0985455120680854,0.13316308944753838,tvm
1024,1,75,1,128,128,[1024; 1; 75; 1; 128; 128],0.47641859704162925,0.3070529051428526,tvm
1280,1,375,1,64,16,[1280; 1; 375; 1; 64; 16],1.8263813080266118,0.08009593267452714,tvm
128,16,60,1,16,16,[128; 16; 60; 1; 16; 16],1.072644675965421,0.13637853947678583,tvm
256,1,10,1,640,64,[256; 1; 10; 1; 640; 64],0.42594773904420435,0.3434358276298608,tvm
512,64,10,1,320,16,[512; 64; 10; 1; 320; 16],1.1370909319957718,0.12864909056038296,tvm
16,16,75,1,128,64,[16; 16; 75; 1; 128; 64],0.33338150999043137,0.4387937240128073,tvm
5,1,150,1,256,16,[5; 1; 150; 1; 256; 16],0.6577415679348633,0.2224060655692071,tvm
2560,16,15,1,1280,64,[2560; 16; 15; 1; 1280; 64],1.8116648560389876,0.08074656512659435,tvm
64,4,5,1,1280,128,[64; 4; 5; 1; 1280; 128],0.4366877170978114,0.3349893037017767,tvm
1280,8,10,1,320,16,[1280; 8; 10; 1; 320; 16],1.8391836129594594,0.07953839587028706,tvm
256,4,3,1,80,16,[256; 4; 3; 1; 80; 16],1.100141706992872,0.13296988320311184,tvm
64,4,125,1,128,16,[64; 4; 125; 1; 128; 16],0.8906286149285734,0.16424995989764613,tvm
160,20,25,1,128,64,[160; 20; 25; 1; 128; 64],0.4437526719411835,0.32965596273661085,tvm
8,2,12,1,640,64,[8; 2; 12; 1; 640; 64],0.41412552597466856,0.35324003257568426,tvm
160,10,4,1,64,16,[160; 10; 4; 1; 64; 16],1.021260846988298,0.14324030409773508,tvm
5120,32,1,1,128,16,[5120; 32; 1; 1; 128; 16],2.46315607894212,0.059389543170378915,tvm
32,4,375,1,1280,64,[32; 4; 375; 1; 1280; 64],0.39167391206137836,0.37348853160991274,tvm
1024,2,1500,1,64,64,[1024; 2; 1500; 1; 64; 64],0.48166840395424515,0.30370626988356564,tvm
5120,2,750,1,32,16,[5120; 2; 750; 1; 32; 16],2.5017216890119016,0.05847401608589498,tvm
40,40,100,1,320,16,[40; 40; 100; 1; 320; 16],0.6207358950050548,0.23566498322853244,tvm
16,16,20,1,320,16,[16; 16; 20; 1; 320; 16],0.4577006039908156,0.3196100529695821,tvm
256,2,3,1,128,16,[256; 2; 3; 1; 128; 16],1.095386927947402,0.13354706958191728,tvm
640,64,750,1,1280,128,[640; 64; 750; 1; 1280; 128],0.4208256220445037,0.3476159877694997,tvm
32,32,250,1,320,16,[32; 32; 250; 1; 320; 16],0.6322388459229842,0.23137729550951067,tvm
1280,5,250,1,1280,16,[1280; 5; 250; 1; 1280; 16],1.7722885279217735,0.08254057507061353,tvm
10,5,25,1,256,16,[10; 5; 25; 1; 256; 16],0.5377028859220445,0.27205677729414796,tvm
2560,32,60,1,1280,128,[2560; 32; 60; 1; 1280; 128],1.827324346988462,0.0800545970543225,tvm
512,8,1500,1,16,16,[512; 8; 1500; 1; 16; 16],1.155107617028989,0.12664249817862908,tvm
320,16,300,1,16,16,[320; 16; 300; 1; 16; 16],1.1154413130134344,0.13114604289715098,tvm
512,2,1500,1,256,128,[512; 2; 1500; 1; 256; 128],0.41834876104258,0.3496740707947864,tvm
160,32,5,1,80,16,[160; 32; 5; 1; 80; 16],1.014733114046976,0.14416176259617183,tvm
2,2,4,1,64,64,[2; 2; 4; 1; 64; 64],0.6239619529806077,0.23444652929064208,tvm
1,1,60,1,80,16,[1; 1; 60; 1; 80; 16],1.7588386730058119,0.08317176357949625,tvm
2560,32,375,1,640,128,[2560; 32; 375; 1; 640; 128],1.813202619086951,0.08067808459232059,tvm
80,16,15,1,128,16,[80; 16; 15; 1; 128; 16],0.8881856841035187,0.1647017249927489,tvm
40,8,3,1,256,128,[40; 8; 3; 1; 256; 128],0.475479927030392,0.30765907448362995,tvm
1024,16,75,1,80,16,[1024; 16; 75; 1; 80; 16],1.1977043360238895,0.12213841921233261,tvm
4,4,500,1,320,64,[4; 4; 500; 1; 320; 64],0.6097774759400636,0.23990016039899292,tvm
64,1,150,1,256,128,[64; 1; 150; 1; 256; 128],0.48142687999643385,0.30385863433050914,tvm
320,8,4,1,640,128,[320; 8; 4; 1; 640; 128],0.4492274670628831,0.325638401503257,tvm
64,8,3,1,64,16,[64; 8; 3; 1; 64; 16],1.0207651059608907,0.14330986965704434,tvm
2560,1,3,1,64,64,[2560; 1; 3; 1; 64; 64],1.8571999809937552,0.07876680798124894,tvm
512,16,250,1,128,16,[512; 16; 250; 1; 128; 16],1.148931480012834,0.1273232710832157,tvm
5120,10,2,1,128,16,[5120; 10; 2; 1; 128; 16],2.456392523017712,0.05955306935473012,tvm
1024,16,30,1,160,16,[1024; 16; 30; 1; 160; 16],1.204034427064471,0.12149628864215302,tvm
20,2,100,1,64,16,[20; 2; 100; 1; 64; 16],0.4549093790119514,0.32157111071977057,tvm
80,1,25,1,640,128,[80; 1; 25; 1; 640; 128],0.47002409503329545,0.31123024506935487,tvm
1280,8,50,1,80,16,[1280; 8; 50; 1; 80; 16],1.8006057670572773,0.08124250014193193,tvm
40,40,375,1,256,64,[40; 40; 375; 1; 256; 64],0.3731059880228713,0.3920754932422768,tvm
256,32,75,1,128,16,[256; 32; 75; 1; 128; 16],1.0796858899993822,0.13548914146298421,tvm
80,5,4,1,128,16,[80; 5; 4; 1; 128; 16],0.8783384229755029,0.1665482352350584,tvm
320,5,500,1,1280,64,[320; 5; 500; 1; 1280; 64],0.45223241799976677,0.3234746304405575,tvm
5120,5,100,1,320,64,[5120; 5; 100; 1; 320; 64],1.8260135960299522,0.08011206192755795,tvm
80,20,75,1,64,16,[80; 20; 75; 1; 64; 16],0.9078261150280014,0.1611384733971904,tvm
80,1,60,1,1280,64,[80; 1; 60; 1; 1280; 64],0.4496523579582572,0.3253306953619812,tvm
5,1,15,1,128,64,[5; 1; 15; 1; 128; 64],0.3729947409592569,0.3921924312109629,tvm
1280,1,300,1,64,64,[1280; 1; 300; 1; 64; 64],1.2604767290176824,0.11605586276846064,tvm
320,32,5,1,64,64,[320; 32; 5; 1; 64; 64],0.443874427000992,0.3295655378798999,tvm
256,64,6,1,128,64,[256; 64; 6; 1; 128; 64],0.43090634199324995,0.3394837811136366,tvm
640,64,6,1,1280,128,[640; 64; 6; 1; 1280; 128],0.7308609730098397,0.20015532322553614,tvm
40,2,50,1,16,16,[40; 2; 50; 1; 16; 16],0.9416163651039824,0.1553559599291374,tvm
320,64,375,1,320,16,[320; 64; 375; 1; 320; 16],1.123710464918986,0.1301809664078022,tvm
20,2,125,1,256,64,[20; 2; 125; 1; 256; 64],0.3592134949285537,0.40723891599565326,tvm
1280,20,1500,1,256,64,[1280; 20; 1500; 1; 256; 64],1.2167080460349098,0.12023074455900908,tvm
160,32,75,1,320,16,[160; 32; 75; 1; 320; 16],1.048525958089158,0.13951558676936004,tvm
256,1,5,1,256,64,[256; 1; 5; 1; 256; 64],0.41931976401247084,0.3488643437311571,tvm
4,4,25,1,256,64,[4; 4; 25; 1; 256; 64],0.5870063459733501,0.24920635916320336,tvm
512,8,100,1,320,64,[512; 8; 100; 1; 320; 64],0.43215156497899443,0.3385055756834406,tvm
2560,64,15,1,128,64,[2560; 64; 15; 1; 128; 64],1.8358690360328183,0.07968199877798869,tvm
256,32,12,1,160,16,[256; 32; 12; 1; 160; 16],1.0892529130214825,0.1342991260679137,tvm
5,1,500,1,256,128,[5; 1; 500; 1; 256; 128],0.5404426199384034,0.2706776055196889,tvm
20,10,500,1,256,128,[20; 10; 500; 1; 256; 128],0.3503985439892858,0.41748379608046343,tvm
320,8,60,1,128,128,[320; 8; 60; 1; 128; 128],0.42085240909364074,0.34759386218260985,tvm
40,5,150,1,160,16,[40; 5; 150; 1; 160; 16],0.6044145580381155,0.2420287736955688,tvm
160,32,60,1,16,16,[160; 32; 60; 1; 16; 16],1.0648073439951986,0.13738233034423356,tvm
80,20,6,1,640,64,[80; 20; 6; 1; 640; 64],0.44182390603236854,0.33109506364057456,tvm
160,8,1,1,640,64,[160; 8; 1; 1; 640; 64],0.42122966807801276,0.34728255242131195,tvm
320,32,30,1,320,16,[320; 32; 30; 1; 320; 16],1.1134534899611026,0.13138017492838847,tvm
8,1,3,1,128,16,[8; 1; 3; 1; 128; 16],0.43021550809498876,0.3400289193048229,tvm
128,8,300,1,128,64,[128; 8; 300; 1; 128; 64],0.4653054380323738,0.3143864273418107,tvm
64,64,125,1,256,128,[64; 64; 125; 1; 256; 128],0.45786570000927895,0.31949480881129494,tvm
10,2,150,1,128,128,[10; 2; 150; 1; 128; 128],0.4703990150010213,0.3109821866557197,tvm
256,16,12,1,256,128,[256; 16; 12; 1; 256; 128],0.418037545052357,0.3499343922981673,tvm
5120,5,500,1,1280,128,[5120; 5; 500; 1; 1280; 128],1.8440960160223767,0.07932651717411401,tvm
320,2,2,1,128,16,[320; 2; 2; 1; 128; 16],1.1159530939767137,0.1310858987490444,tvm
40,40,1,1,320,16,[40; 40; 1; 1; 320; 16],0.6394485550699756,0.22876854302955785,tvm
5120,10,150,1,320,64,[5120; 10; 150; 1; 320; 64],1.8281674010213464,0.08001768011178217,tvm
320,1,375,1,640,128,[320; 1; 375; 1; 640; 128],0.4633097789483145,0.31574061444974055,tvm
40,4,750,1,64,16,[40; 4; 750; 1; 64; 16],0.6727732409490272,0.21743687974176973,tvm
640,5,150,1,32,16,[640; 5; 150; 1; 32; 16],1.1557528260163963,0.12657179891130024,tvm
1280,32,500,1,160,16,[1280; 32; 500; 1; 160; 16],1.804741412983276,0.0810563293075327,tvm
64,16,75,1,320,16,[64; 16; 75; 1; 320; 16],0.7585568960057572,0.19284738568193577,tvm
1280,20,2,1,1280,16,[1280; 20; 2; 1; 1280; 16],2.3078400240046903,0.06338641880032539,tvm
80,16,25,1,128,16,[80; 16; 25; 1; 128; 16],0.8815823500044644,0.16593539365321175,tvm
256,16,10,1,160,16,[256; 16; 10; 1; 160; 16],1.0955490409396589,0.1335273080612112,tvm
256,2,12,1,640,64,[256; 2; 12; 1; 640; 64],0.4215374320046976,0.34702900188490043,tvm
512,1,2,1,640,128,[512; 1; 2; 1; 640; 128],0.9178904719883576,0.15937164482035257,tvm
128,8,2,1,256,128,[128; 8; 2; 1; 256; 128],0.43224951799493283,0.33842886618887835,tvm
2560,2,20,1,256,128,[2560; 2; 20; 1; 256; 128],1.808202081010677,0.08090119783732874,tvm
512,8,3,1,80,16,[512; 8; 3; 1; 80; 16],1.1417596619576216,0.1281230360117101,tvm
320,1,3,1,1280,64,[320; 1; 3; 1; 1280; 64],0.8537249799119309,0.1713499285224206,tvm
10,2,3,1,160,16,[10; 2; 3; 1; 160; 16],0.4092682449845597,0.3574323590417653,tvm
512,16,4,1,80,16,[512; 16; 4; 1; 80; 16],1.144531732890755,0.12781272033081953,tvm
320,64,300,1,128,64,[320; 64; 300; 1; 128; 64],0.4560418491018936,0.3207725663199599,tvm
20,4,6,1,320,64,[20; 4; 6; 1; 320; 64],0.4434321209555492,0.32989426650122705,tvm
5120,40,150,1,16,16,[5120; 40; 150; 1; 16; 16],2.497770539019257,0.05856651441775473,tvm
320,10,2,1,1280,128,[320; 10; 2; 1; 1280; 128],1.0543429350946099,0.1387458571746275,tvm
256,16,1,1,1280,16,[256; 16; 1; 1; 1280; 16],1.694308525067754,0.08633947838978408,tvm
640,20,12,1,16,16,[640; 20; 12; 1; 16; 16],1.1569827640196308,0.12643724594261305,tvm
16,8,500,1,640,128,[16; 8; 500; 1; 640; 128],0.35202334192581475,0.41555685905777945,tvm
1024,16,50,1,256,16,[1024; 16; 50; 1; 256; 16],1.1978430360322818,0.1221242766249817,tvm
8,2,60,1,256,128,[8; 2; 60; 1; 256; 128],0.4204122530063614,0.3479577801066155,tvm
32,8,15,1,32,16,[32; 8; 15; 1; 32; 16],0.7417299899971113,0.19722232653190147,tvm
640,4,20,1,16,16,[640; 4; 20; 1; 16; 16],1.1585059399949387,0.12627100926763776,tvm
2,2,25,1,1280,64,[2; 2; 25; 1; 1280; 64],0.9826019370229915,0.1488758659777519,tvm
2560,16,375,1,32,16,[2560; 16; 375; 1; 32; 16],2.5114149019354954,0.05824832614195883,tvm
256,4,300,1,128,64,[256; 4; 300; 1; 128; 64],0.45052994205616415,0.32469698599405844,tvm
640,1,150,1,640,64,[640; 1; 150; 1; 640; 64],0.43695160595234483,0.3347869930970539,tvm
320,16,6,1,320,64,[320; 16; 6; 1; 320; 64],0.4147648059297353,0.35269558119281785,tvm
1280,16,100,1,640,64,[1280; 16; 100; 1; 640; 64],1.2711384779540822,0.11508243737626722,tvm
512,32,6,1,640,64,[512; 32; 6; 1; 640; 64],0.608159848023206,0.24053826434153602,tvm
320,40,2,1,640,16,[320; 40; 2; 1; 640; 16],1.115302576101385,0.13116235667370715,tvm
320,32,6,1,32,16,[320; 32; 6; 1; 32; 16],1.1113301960285753,0.13163118828992287,tvm
20,1,4,1,320,64,[20; 1; 4; 1; 320; 64],0.3729903110070154,0.3921970892240224,tvm
640,16,50,1,640,128,[640; 16; 50; 1; 640; 128],0.4430448600323871,0.33018262366258044,tvm
64,8,5,1,128,16,[64; 8; 5; 1; 128; 16],0.8966988769825548,0.16313805898583753,tvm
1024,64,4,1,256,64,[1024; 64; 4; 1; 256; 64],0.5256694739218801,0.2782845904943186,tvm
128,4,750,1,1280,128,[128; 4; 750; 1; 1280; 128],0.444323483039625,0.3292324620903921,tvm
640,16,15,1,1280,16,[640; 16; 15; 1; 1280; 16],1.2709841370815411,0.11509641231370396,tvm
1280,2,3,1,64,64,[1280; 2; 3; 1; 64; 64],1.2203972740098834,0.11986729026775063,tvm
