kc,ku,mc,mr,nc,nr,X,time,peak,backend
40,5,6,1,1280,16,[40; 5; 6; 1; 1280; 16],0.7131433230824769,0.20512807110555528,tvm
80,1,750,1,2560,16,[80; 1; 750; 1; 2560; 16],1.2226282639894634,0.11964856252249619,tvm
40,10,150,1,128,16,[40; 10; 150; 1; 128; 16],0.5961902289418504,0.24536751389795475,tvm
2,2,20,1,5120,16,[2; 2; 20; 1; 5120; 16],1.5879194270819426,0.09212414168553743,tvm
8,4,2,1,5120,16,[8; 4; 2; 1; 5120; 16],0.5441269481088966,0.2688448252638978,tvm
32,8,60,1,128,128,[32; 8; 60; 1; 128; 128],0.48664123995695263,0.3006027896416145,tvm
160,40,2,1,640,64,[160; 40; 2; 1; 640; 64],0.5057227669749409,0.2892606855743216,tvm
5,1,1500,1,32,16,[5; 1; 1500; 1; 32; 16],0.7022931339452043,0.20829722976777398,tvm
40,2,100,1,64,64,[40; 2; 100; 1; 64; 64],0.5518652790924534,0.26507504608059823,tvm
32,32,30,1,2560,64,[32; 32; 30; 1; 2560; 64],0.3566600050544366,0.4101545231105654,tvm
256,32,1500,1,640,128,[256; 32; 1500; 1; 640; 128],0.5181771570350975,0.28230830382939087,tvm
1280,2,12,1,5120,64,[1280; 2; 12; 1; 5120; 64],1.8089611459290609,0.08086725058463524,tvm
320,64,4,1,640,64,[320; 64; 4; 1; 640; 64],1.223920856951736,0.11952220068383304,tvm
320,2,12,1,128,128,[320; 2; 12; 1; 128; 128],1.270651530008763,0.1151265400709079,tvm
640,10,300,1,5120,128,[640; 10; 300; 1; 5120; 128],1.8537831580033526,0.07891198798206459,tvm
256,1,3,1,1280,128,[256; 1; 3; 1; 1280; 128],0.7457310040481389,0.1961641845271478,tvm
320,1,5,1,512,64,[320; 1; 5; 1; 512; 64],1.2327230689115822,0.11866875697789568,tvm
8,8,3,1,2560,16,[8; 8; 3; 1; 2560; 16],0.39196785201784223,0.37320844944971515,tvm
40,20,375,1,512,64,[40; 20; 375; 1; 512; 64],0.5492624560138211,0.26633117316511673,tvm
10,5,75,1,640,128,[10; 5; 75; 1; 640; 128],0.3611415249761194,0.40506478532311535,tvm
160,4,100,1,1280,128,[160; 4; 100; 1; 1280; 128],0.45998561894521117,0.31802236474514295,tvm
16,2,100,1,320,16,[16; 2; 100; 1; 320; 16],0.5040161570068449,0.2902401287181903,tvm
64,1,250,1,64,16,[64; 1; 250; 1; 64; 16],1.2164096989436075,0.12026023338416021,tvm
640,1,50,1,5120,16,[640; 1; 50; 1; 5120; 16],2.4270359319634736,0.06027340277874216,tvm
16,8,5,1,128,16,[16; 8; 5; 1; 128; 16],0.5285919460002333,0.2767460143739113,tvm
640,1,375,1,320,64,[640; 1; 375; 1; 320; 64],1.962980572017841,0.07452224253821334,tvm
320,40,5,1,64,16,[320; 40; 5; 1; 64; 16],1.8498833630001172,0.07907834472789138,tvm
640,20,1,1,5120,64,[640; 20; 1; 1; 5120; 64],1.8244692439911887,0.08017987410174221,tvm
640,64,300,1,5120,64,[640; 64; 300; 1; 5120; 64],1.9418431430822238,0.07533343504435677,tvm
8,8,20,1,128,64,[8; 8; 20; 1; 128; 64],0.3611979039851576,0.40500155917772296,tvm
1280,16,300,1,1280,128,[1280; 16; 300; 1; 1280; 128],1.859210003982298,0.07868165186954701,tvm
128,16,150,1,640,128,[128; 16; 150; 1; 640; 128],0.45594328199513257,0.3208419118395432,tvm
10,5,3,1,256,16,[10; 5; 3; 1; 256; 16],0.44654117699246854,0.32759736799856554,tvm
8,8,30,1,640,128,[8; 8; 30; 1; 640; 128],0.39961552200838923,0.36606614665644366,tvm
256,4,25,1,16,16,[256; 4; 25; 1; 16; 16],1.3553704160731286,0.10793043182213112,tvm
160,4,25,1,2560,128,[160; 4; 25; 1; 2560; 128],0.5073494348907843,0.28833325559376016,tvm
80,5,375,1,320,64,[80; 5; 375; 1; 320; 64],0.527914009988308,0.27710140575536946,tvm
20,5,5,1,1280,64,[20; 5; 5; 1; 1280; 64],0.45581537391990423,0.32093194450132695,tvm
80,4,4,1,1024,128,[80; 4; 4; 1; 1024; 128],0.46034968504682183,0.31777085775747993,tvm
1280,10,4,1,128,128,[1280; 10; 4; 1; 128; 128],1.863390548969619,0.07850512838900277,tvm
640,5,1,1,320,16,[640; 5; 1; 1; 320; 16],2.397472085081972,0.06101664966026607,tvm
320,40,50,1,512,64,[320; 40; 50; 1; 512; 64],1.2246246839640662,0.11945350783898352,tvm
1280,4,1,1,1024,128,[1280; 4; 1; 1; 1024; 128],1.8177610269049183,0.0804757677827395,tvm
640,8,1,1,256,16,[640; 8; 1; 1; 256; 16],2.6741032539866865,0.05470458706769241,tvm
160,5,2,1,5120,16,[160; 5; 2; 1; 5120; 16],1.8923071180470288,0.07730548222885177,tvm
256,1,500,1,640,64,[256; 1; 500; 1; 640; 64],0.5673299460904673,0.2578494495025076,tvm
32,4,100,1,160,16,[32; 4; 100; 1; 160; 16],0.5618295660242438,0.2603738271036484,tvm
1280,2,1,1,160,16,[1280; 2; 1; 1; 160; 16],2.4631577470572665,0.0593895029502198,tvm
32,4,300,1,32,16,[32; 4; 300; 1; 32; 16],0.5708249220624566,0.2562707209018959,tvm
128,4,2,1,5120,64,[128; 4; 2; 1; 5120; 64],1.2087234340142459,0.12102496747323771,tvm
80,10,12,1,256,16,[80; 10; 12; 1; 256; 16],1.1578005709452555,0.12634793759540403,tvm
256,64,500,1,2560,64,[256; 64; 500; 1; 2560; 64],0.568970671040006,0.25710589619377505,tvm
320,2,75,1,16,16,[320; 2; 75; 1; 16; 16],1.839712070999667,0.07951554843374226,tvm
4,1,60,1,160,16,[4; 1; 60; 1; 160; 16],0.5817512249341235,0.25145750969803193,tvm
640,10,4,1,64,64,[640; 10; 4; 1; 64; 64],2.1519559760345146,0.0679780236746665,tvm
20,20,20,1,640,64,[20; 20; 20; 1; 640; 64],0.353663532063365,0.4136296254019899,tvm
64,1,6,1,1280,64,[64; 1; 6; 1; 1280; 64],0.5100310900015756,0.2868172492882,tvm
80,2,60,1,1280,64,[80; 2; 60; 1; 1280; 64],0.514432113035582,0.28436349632705776,tvm
4,1,375,1,320,16,[4; 1; 375; 1; 320; 16],0.8110490629915148,0.18036604807377077,tvm
160,32,300,1,16,16,[160; 32; 300; 1; 16; 16],1.293675035936758,0.11307763559013716,tvm
10,2,30,1,640,128,[10; 2; 30; 1; 640; 128],0.3852891460992396,0.3796777453160729,tvm
2,1,500,1,320,16,[2; 1; 500; 1; 320; 16],1.5888318510260433,0.09207123723712186,tvm
320,64,100,1,512,64,[320; 64; 100; 1; 512; 64],1.249491682043299,0.1170761809686421,tvm
256,2,100,1,2560,16,[256; 2; 100; 1; 2560; 16],1.2071500109741464,0.12118271379351153,tvm
4,2,125,1,32,16,[4; 2; 125; 1; 32; 16],0.6279016879852861,0.23297550728855865,tvm
256,8,150,1,2560,64,[256; 8; 150; 1; 2560; 64],0.5496289120055735,0.2661536012578445,tvm
80,2,100,1,640,16,[80; 2; 100; 1; 640; 16],1.2112674019299448,0.12077078443012117,tvm
40,8,6,1,1280,16,[40; 8; 6; 1; 1280; 16],0.700379150104709,0.20886646077891396,tvm
40,4,25,1,80,16,[40; 4; 25; 1; 80; 16],0.6285862179938704,0.23272179710300425,tvm
8,4,5,1,128,16,[8; 4; 5; 1; 128; 16],0.45163307001348585,0.3239039034084598,tvm
640,10,1500,1,512,128,[640; 10; 1500; 1; 512; 128],2.033011644030921,0.0719551777852431,tvm
640,10,12,1,1280,64,[640; 10; 12; 1; 1280; 64],1.7984307559672743,0.08134075432169502,tvm
20,20,6,1,5120,128,[20; 20; 6; 1; 5120; 128],0.34909296699333936,0.4190451487626372,tvm
80,16,3,1,320,16,[80; 16; 3; 1; 320; 16],1.1246307900873944,0.13007443471678962,tvm
640,40,250,1,2560,64,[640; 40; 250; 1; 2560; 64],2.0181512320414186,0.07248501101562248,tvm
256,16,12,1,1280,16,[256; 16; 12; 1; 1280; 16],1.2524857230018824,0.11679631280355475,tvm
20,4,75,1,128,16,[20; 4; 75; 1; 128; 16],0.4288783239899203,0.3410890830872403,tvm
256,64,6,1,64,64,[256; 64; 6; 1; 64; 64],0.5776114650070667,0.25325971374879924,tvm
32,8,2,1,512,128,[32; 8; 2; 1; 512; 128],0.5034231609897688,0.2905820105656349,tvm
160,4,4,1,256,128,[160; 4; 4; 1; 256; 128],0.4521446650614962,0.3235374108988281,tvm
32,32,150,1,256,128,[32; 32; 150; 1; 256; 128],0.3367519589373842,0.43440196976824336,tvm
20,5,1,1,640,16,[20; 5; 1; 1; 640; 16],0.5632617919472978,0.2597117652521364,tvm
64,1,4,1,640,16,[64; 1; 4; 1; 640; 16],1.1517039940226823,0.12701676389500588,tvm
1280,10,5,1,1280,64,[1280; 10; 5; 1; 1280; 64],1.7846327599836513,0.08196964527707896,tvm
80,8,30,1,2560,64,[80; 8; 30; 1; 2560; 64],0.5387628489406779,0.2715215322907714,tvm
80,1,375,1,320,16,[80; 1; 375; 1; 320; 16],1.2263741969363764,0.11928309862613941,tvm
2,2,4,1,320,64,[2; 2; 4; 1; 320; 64],0.9529028530232608,0.15351587396511174,tvm
20,10,6,1,64,64,[20; 10; 6; 1; 64; 64],0.3413160670315847,0.4285931088974412,tvm
64,32,50,1,5120,64,[64; 32; 50; 1; 5120; 64],0.5815394959645346,0.2515490612431861,tvm
320,40,25,1,128,64,[320; 40; 25; 1; 128; 64],1.2636547149159014,0.11576399198213722,tvm
5,1,1,1,640,16,[5; 1; 1; 1; 640; 16],0.533023459953256,0.274445170384326,tvm
20,10,75,1,1280,128,[20; 10; 75; 1; 1280; 128],0.5393167799338698,0.27124265316508717,tvm
80,4,250,1,2560,16,[80; 4; 250; 1; 2560; 16],1.1979243110399693,0.12211599091658588,tvm
160,1,1500,1,128,64,[160; 1; 1500; 1; 128; 64],0.5251425530295819,0.27856381746590975,tvm
10,10,10,1,128,64,[10; 10; 10; 1; 128; 64],0.35664370690938085,0.4101732666290502,tvm
1280,16,6,1,256,16,[1280; 16; 6; 1; 256; 16],3.0513912240276113,0.047940661667312506,tvm
640,4,25,1,512,64,[640; 4; 25; 1; 512; 64],1.806587649974972,0.08097349402767196,tvm
320,2,150,1,320,64,[320; 2; 150; 1; 320; 64],1.229133986053057,0.11901527087007072,tvm
4,2,100,1,2560,64,[4; 2; 100; 1; 2560; 64],0.5017218629363924,0.29156735054270533,tvm
80,40,4,1,256,64,[80; 40; 4; 1; 256; 64],0.5136339699383825,0.28480537278962154,tvm
1280,64,10,1,128,64,[1280; 64; 10; 1; 128; 64],1.8643318340182304,0.07846549182739741,tvm
64,16,300,1,640,128,[64; 16; 300; 1; 640; 128],0.470057284925133,0.3112082696665653,tvm
320,40,50,1,320,16,[320; 40; 50; 1; 320; 16],1.8074985420098528,0.0809326872944813,tvm
32,8,15,1,256,64,[32; 8; 15; 1; 256; 64],0.5461408279370517,0.267853467096174,tvm
640,20,15,1,80,16,[640; 20; 15; 1; 80; 16],2.8095561399823055,0.052067197449429004,tvm
320,40,100,1,16,16,[320; 40; 100; 1; 16; 16],1.8756056670099497,0.07799385385677568,tvm
256,32,150,1,512,16,[256; 32; 150; 1; 512; 16],1.1976173149887472,0.1221472940102647,tvm
640,40,2,1,32,16,[640; 40; 2; 1; 32; 16],2.6351856709225103,0.05551248851262289,tvm
64,2,1500,1,1280,128,[64; 2; 1500; 1; 1280; 128],0.4783435841090977,0.30581723920927584,tvm
640,16,6,1,640,128,[640; 16; 6; 1; 640; 128],1.8053993750363588,0.08102678903540013,tvm
1280,20,250,1,256,16,[1280; 20; 250; 1; 256; 16],2.634951912914403,0.0555174132661549,tvm
8,1,50,1,512,64,[8; 1; 50; 1; 512; 64],0.3744123668875545,0.3907074851767586,tvm
320,16,10,1,256,128,[320; 16; 10; 1; 256; 128],1.2880774649092928,0.1135690346822548,tvm
80,5,12,1,128,16,[80; 5; 12; 1; 128; 16],1.1640064310049638,0.12567431793260467,tvm
4,4,5,1,1280,128,[4; 4; 5; 1; 1280; 128],0.5557190929539502,0.2632367974044691,tvm
40,5,4,1,1280,64,[40; 5; 4; 1; 1280; 64],0.5364623510977253,0.2726858911652982,tvm
640,4,2,1,2560,128,[640; 4; 2; 1; 2560; 128],1.8363280709600076,0.07966208032164868,tvm
8,4,750,1,1280,64,[8; 4; 750; 1; 1280; 64],0.4333324560429901,0.3375831010248666,tvm
16,8,250,1,1024,64,[16; 8; 250; 1; 1024; 64],0.3832971079973504,0.38165097318377245,tvm
1280,40,15,1,256,128,[1280; 40; 15; 1; 256; 128],2.0397415390470996,0.07171776986708531,tvm
256,1,250,1,512,64,[256; 1; 250; 1; 512; 64],0.5829288660315797,0.2509495116987214,tvm
20,4,3,1,1280,128,[20; 4; 3; 1; 1280; 128],0.5321860960684717,0.27487699390570514,tvm
32,4,125,1,64,64,[32; 4; 125; 1; 64; 64],0.549029272980988,0.26644428901112516,tvm
256,16,4,1,5120,128,[256; 16; 4; 1; 5120; 128],0.924267724971287,0.15827201397761537,tvm
256,8,150,1,128,16,[256; 8; 150; 1; 128; 16],1.2206376059912145,0.11984368953381827,tvm
256,2,5,1,320,64,[256; 2; 5; 1; 320; 64],0.5567160409409553,0.26276540197847326,tvm
320,10,4,1,2560,64,[320; 10; 4; 1; 2560; 64],1.5309648230904713,0.09555132298233716,tvm
256,1,375,1,320,64,[256; 1; 375; 1; 320; 64],0.575448687071912,0.25421157015765933,tvm
8,1,60,1,1024,128,[8; 1; 60; 1; 1024; 128],0.4285236479481682,0.3413713921883914,tvm
2,2,1500,1,128,16,[2; 2; 1500; 1; 128; 16],1.4322302730288357,0.10213840402657727,tvm
10,5,300,1,32,16,[10; 5; 300; 1; 32; 16],0.5027255410095677,0.2909852441392673,tvm
80,10,30,1,128,128,[80; 10; 30; 1; 128; 128],0.46800781309138983,0.3125710943145055,tvm
256,2,4,1,256,64,[256; 2; 4; 1; 256; 64],0.5670791720040143,0.2579634758383945,tvm
80,40,150,1,512,16,[80; 40; 150; 1; 512; 16],1.1873871089192107,0.12319968204713558,tvm
10,5,25,1,128,128,[10; 5; 25; 1; 128; 128],0.34725226694718003,0.4212664054629932,tvm
8,2,500,1,256,64,[8; 2; 500; 1; 256; 64],0.3662677159300074,0.39939560033095856,tvm
40,8,1500,1,128,16,[40; 8; 1500; 1; 128; 16],0.6428471269318834,0.22755910100102983,tvm
1280,4,1,1,128,64,[1280; 4; 1; 1; 128; 64],1.8100898420671,0.0808168251575059,tvm
64,32,5,1,320,16,[64; 32; 5; 1; 320; 16],0.9386830920120701,0.1558414288385129,tvm
128,8,3,1,320,64,[128; 8; 3; 1; 320; 64],0.5046387239126489,0.2898820628577759,tvm
80,8,30,1,5120,64,[80; 8; 30; 1; 5120; 64],0.5859835840528831,0.24964131806209863,tvm
4,2,75,1,128,128,[4; 2; 75; 1; 128; 128],0.4069058179156855,0.3595075514895341,tvm
64,1,12,1,80,16,[64; 1; 12; 1; 80; 16],1.2061320069478825,0.12128499487870349,tvm
64,64,4,1,160,16,[64; 64; 4; 1; 160; 16],1.0010788089130074,0.1461280700213347,tvm
320,20,60,1,256,16,[320; 20; 60; 1; 256; 16],1.8603184460662305,0.07863477061953847,tvm
64,4,750,1,320,16,[64; 4; 750; 1; 320; 16],1.2151668430306017,0.1203832338947635,tvm
8,1,2,1,128,16,[8; 1; 2; 1; 128; 16],0.37197207706049085,0.39327068698741335,tvm
80,8,20,1,2560,64,[80; 8; 20; 1; 2560; 64],0.5341013800352812,0.27389128684904557,tvm
640,8,150,1,512,64,[640; 8; 150; 1; 512; 64],1.78656313510146,0.08188107736668744,tvm
128,4,75,1,1024,16,[128; 4; 75; 1; 1024; 16],1.1687731369165704,0.1251617697782153,tvm
160,32,750,1,320,16,[160; 32; 750; 1; 320; 16],1.1783339969115332,0.12414622226731621,tvm
640,2,10,1,1024,16,[640; 2; 10; 1; 1024; 16],2.4247808990767226,0.060329456711497156,tvm
160,2,20,1,256,128,[160; 2; 20; 1; 256; 128],0.45269031694624573,0.3231474339290647,tvm
640,1,6,1,256,64,[640; 1; 6; 1; 256; 64],2.2273622810607776,0.06567665957602818,tvm
64,8,375,1,5120,64,[64; 8; 375; 1; 5120; 64],0.569639274966903,0.2568041227392787,tvm
64,64,3,1,128,64,[64; 64; 3; 1; 128; 64],0.7103088330477476,0.20594663543467556,tvm
4,2,100,1,320,16,[4; 2; 100; 1; 320; 16],0.7803819699911401,0.18745399036753133,tvm
1,1,250,1,128,128,[1; 1; 250; 1; 128; 128],1.1584841809235513,0.12627338093567608,tvm
20,20,6,1,512,64,[20; 20; 6; 1; 512; 64],0.4446727850008756,0.32897384148532105,tvm
160,4,15,1,64,64,[160; 4; 15; 1; 64; 64],0.5250666229985654,0.2786041006573636,tvm
40,8,5,1,1024,64,[40; 8; 5; 1; 1024; 64],0.5273535639280453,0.27739589583142404,tvm
320,8,12,1,128,64,[320; 8; 12; 1; 128; 64],1.2653288550209254,0.11561082615419775,tvm
256,2,60,1,256,16,[256; 2; 60; 1; 256; 16],1.2126550680259243,0.12063258394149307,tvm
160,32,6,1,256,64,[160; 32; 6; 1; 256; 64],0.5030347789870575,0.29080636249502356,tvm
64,8,75,1,16,16,[64; 8; 75; 1; 16; 16],0.8160473860334605,0.1792612987791816,tvm
640,32,100,1,5120,64,[640; 32; 100; 1; 5120; 64],1.8166801299666986,0.08052364963577592,tvm
1280,8,75,1,64,64,[1280; 8; 75; 1; 64; 64],2.0335055580362678,0.07193770073929903,tvm
320,10,20,1,5120,64,[320; 10; 20; 1; 5120; 64],1.3212140019750223,0.11072068118188158,tvm
40,8,375,1,128,64,[40; 8; 375; 1; 128; 64],0.5417082629865035,0.27004519642957514,tvm
16,2,250,1,1024,16,[16; 2; 250; 1; 1024; 16],0.5161588820628822,0.28341218056941764,tvm
128,32,2,1,320,16,[128; 32; 2; 1; 320; 16],1.1091154330642894,0.1318940390916325,tvm
640,8,75,1,1024,128,[640; 8; 75; 1; 1024; 128],1.7966794919921085,0.08142003898731918,tvm
320,1,5,1,320,64,[320; 1; 5; 1; 320; 64],1.2151640439406037,0.12038351119354271,tvm
32,2,75,1,1280,16,[32; 2; 75; 1; 1280; 16],0.639845691039227,0.22862655220529723,tvm
160,2,125,1,512,64,[160; 2; 125; 1; 512; 64],0.5066277090227231,0.28874400606294737,tvm
320,64,12,1,16,16,[320; 64; 12; 1; 16; 16],1.8864172039320692,0.07754685123778277,tvm
160,1,3,1,1024,64,[160; 1; 3; 1; 1024; 64],0.502941716928035,0.29086017198817105,tvm
320,40,15,1,1024,128,[320; 40; 15; 1; 1024; 128],1.2190067240735516,0.1200040257340597,tvm
128,16,500,1,128,128,[128; 16; 500; 1; 128; 128],0.4589545720955357,0.3187368057317524,tvm
128,16,6,1,128,16,[128; 16; 6; 1; 128; 16],1.145100674009882,0.127749216820784,tvm
640,10,150,1,64,64,[640; 10; 150; 1; 64; 64],2.230829220963642,0.0655745912376582,tvm
160,40,3,1,160,16,[160; 40; 3; 1; 160; 16],1.1275407370412722,0.12973873979008146,tvm
10,1,3,1,512,128,[10; 1; 3; 1; 512; 128],0.6177983430679888,0.23678554001821844,tvm
32,8,30,1,2560,64,[32; 8; 30; 1; 2560; 64],0.5468971490627155,0.26748304418193075,tvm
256,1,25,1,256,64,[256; 1; 25; 1; 256; 64],0.5578972039511427,0.2622090830527359,tvm
64,16,5,1,640,128,[64; 16; 5; 1; 640; 128],0.4651742479763925,0.3144750916932492,tvm
32,2,1,1,640,128,[32; 2; 1; 1; 640; 128],0.4861307650571689,0.30091844581881405,tvm
16,4,100,1,256,128,[16; 4; 100; 1; 256; 128],0.5513264019973576,0.26533413556061736,tvm
320,8,10,1,80,16,[320; 8; 10; 1; 80; 16],1.842352541978471,0.07940158626134636,tvm
128,32,125,1,80,16,[128; 32; 125; 1; 80; 16],1.2003278970951214,0.12187146082311016,tvm
80,20,75,1,1280,16,[80; 20; 75; 1; 1280; 16],1.1802125730318949,0.12394861538368053,tvm
64,2,60,1,5120,128,[64; 2; 60; 1; 5120; 128],0.5137526190374047,0.2847395981353892,tvm
10,10,25,1,64,16,[10; 10; 25; 1; 64; 16],0.47356031194794923,0.3089061954621592,tvm
160,32,150,1,1024,16,[160; 32; 150; 1; 1024; 16],1.1668204350862652,0.12537123098542505,tvm
128,32,30,1,64,64,[128; 32; 30; 1; 64; 64],0.5263642759528011,0.2779172542074867,tvm
1280,8,4,1,2560,128,[1280; 8; 4; 1; 2560; 128],1.8065449519781396,0.08097540784995892,tvm
8,8,60,1,640,64,[8; 8; 60; 1; 640; 64],0.3974732890492305,0.36803910681805724,tvm
8,8,10,1,320,16,[8; 8; 10; 1; 320; 16],0.42279521003365517,0.34599662156548494,tvm
10,1,15,1,128,64,[10; 1; 15; 1; 128; 64],0.35764818196184933,0.4090212719194494,tvm
16,4,25,1,1024,64,[16; 4; 25; 1; 1024; 64],0.35121692495886236,0.41651100470983443,tvm
128,64,6,1,5120,64,[128; 64; 6; 1; 5120; 64],0.7386653869180009,0.1980405700287043,tvm
64,16,125,1,160,16,[64; 16; 125; 1; 160; 16],0.7464923850493506,0.1959641078938044,tvm
256,32,5,1,2560,128,[256; 32; 5; 1; 2560; 128],0.8187863400671631,0.1786616448360812,tvm
32,1,750,1,2560,128,[32; 1; 750; 1; 2560; 128],0.5038477230118588,0.2903371546689936,tvm
32,2,500,1,512,128,[32; 2; 500; 1; 512; 128],0.5131471449276432,0.2850755689312886,tvm
320,10,6,1,64,64,[320; 10; 6; 1; 64; 64],1.4406832340173423,0.10153912451510723,tvm
128,16,75,1,640,16,[128; 16; 75; 1; 640; 16],1.1716202839743346,0.12485761495139736,tvm
640,4,500,1,1024,64,[640; 4; 500; 1; 1024; 64],1.9345562119269744,0.07561719498447755,tvm
80,8,250,1,128,64,[80; 8; 250; 1; 128; 64],0.5203774509718642,0.28111462941468557,tvm
320,32,1500,1,2560,16,[320; 32; 1500; 1; 2560; 16],1.8433202499290928,0.07935990194397391,tvm
1280,40,75,1,256,128,[1280; 40; 75; 1; 256; 128],1.9832402660977095,0.07376096420911774,tvm
640,2,10,1,1024,64,[640; 2; 10; 1; 1024; 64],1.8164858589880168,0.08053226154329195,tvm
40,8,3,1,640,16,[40; 8; 3; 1; 640; 16],0.8569856800604612,0.17069796811003154,tvm
1280,2,500,1,2560,128,[1280; 2; 500; 1; 2560; 128],1.8703091699862853,0.07821472333731165,tvm
256,32,250,1,2560,128,[256; 32; 250; 1; 2560; 128],0.5242602460784838,0.2790326281268612,tvm
64,4,10,1,5120,128,[64; 4; 10; 1; 5120; 128],0.6075817559612915,0.24076712779873863,tvm
320,5,30,1,64,16,[320; 5; 30; 1; 64; 16],1.8135558750946075,0.08066236959921791,tvm
80,1,6,1,640,128,[80; 1; 6; 1; 640; 128],0.45486440195236355,0.32160290771893446,tvm
80,4,50,1,64,16,[80; 4; 50; 1; 64; 16],1.2562365090707317,0.11644759026620341,tvm
16,1,375,1,5120,128,[16; 1; 375; 1; 5120; 128],0.6575206700945273,0.22248078416254774,tvm
128,1,25,1,1280,64,[128; 1; 25; 1; 1280; 64],0.5136035809991881,0.2848222241774937,tvm
320,16,15,1,5120,64,[320; 16; 15; 1; 5120; 64],1.3269440759904683,0.1102425617873327,tvm
64,64,6,1,256,16,[64; 64; 6; 1; 256; 16],0.9069760019192472,0.16128950928818386,tvm
32,1,60,1,80,16,[32; 1; 60; 1; 80; 16],1.0425525599857792,0.14031495379735068,tvm
320,1,300,1,512,16,[320; 1; 300; 1; 512; 16],1.8051861189305782,0.081036361155035,tvm
16,8,4,1,1280,64,[16; 8; 4; 1; 1280; 64],0.4786365689942613,0.30563004116693016,tvm
320,40,2,1,32,16,[320; 40; 2; 1; 32; 16],1.8001711659599096,0.08126211387666017,tvm
640,16,750,1,2560,128,[640; 16; 750; 1; 2560; 128],1.890267462003976,0.07738889719374886,tvm
256,2,50,1,2560,128,[256; 2; 50; 1; 2560; 128],0.5177899369737133,0.28251942310949313,tvm
16,1,30,1,1024,16,[16; 1; 30; 1; 1024; 16],0.4452277730451897,0.32856376700216905,tvm
20,20,4,1,640,64,[20; 20; 4; 1; 640; 64],0.5050437939353287,0.2896495631514409,tvm
5,5,75,1,32,16,[5; 5; 75; 1; 32; 16],0.578816331923008,0.2527325270862825,tvm
160,40,12,1,16,16,[160; 40; 12; 1; 16; 16],1.2944407829781994,0.11301074271558856,tvm
160,16,20,1,64,64,[160; 16; 20; 1; 64; 64],0.5221532449359074,0.28015858505996716,tvm
32,16,75,1,128,128,[32; 16; 75; 1; 128; 128],0.4862573780119419,0.30084009189495875,tvm
320,4,10,1,2560,64,[320; 4; 10; 1; 2560; 64],1.3432573449099436,0.10890371442228873,tvm
1280,1,500,1,512,16,[1280; 1; 500; 1; 512; 16],2.6726523879915476,0.05473428379350354,tvm
8,1,300,1,1024,16,[8; 1; 300; 1; 1024; 16],0.6330635849153623,0.23107586310666095,tvm
160,16,150,1,128,16,[160; 16; 150; 1; 128; 16],1.1816183920018375,0.12380114872609974,tvm
5,5,20,1,320,64,[5; 5; 20; 1; 320; 64],0.4843043179716915,0.3020532934712859,tvm
1280,5,125,1,1280,64,[1280; 5; 125; 1; 1280; 64],1.8833315620431677,0.07767390364711643,tvm
2,2,30,1,128,64,[2; 2; 30; 1; 128; 64],0.6074217550922185,0.24083054823004366,tvm
1280,40,300,1,640,128,[1280; 40; 300; 1; 640; 128],1.8726967480033636,0.07811500417335672,tvm
160,32,1500,1,320,64,[160; 32; 1500; 1; 320; 64],0.524031815933995,0.27915426093926304,tvm
20,2,375,1,32,16,[20; 2; 375; 1; 32; 16],0.5362620999803767,0.2727877175938171,tvm
64,1,1500,1,512,64,[64; 1; 1500; 1; 512; 64],0.5358038020785898,0.2730210456107544,tvm
160,40,500,1,256,128,[160; 40; 500; 1; 256; 128],0.4604847759474069,0.3176776343685724,tvm
8,2,250,1,2560,16,[8; 2; 250; 1; 2560; 16],0.5466591670410708,0.267599489966522,tvm
10,2,1,1,256,128,[10; 2; 1; 1; 256; 128],0.4594964189454913,0.3183609452744565,tvm
128,2,750,1,1024,64,[128; 2; 750; 1; 1024; 64],0.5104436900001019,0.28658541020594275,tvm
1280,40,1,1,1280,16,[1280; 40; 1; 1; 1280; 16],2.4143603940028697,0.060589841785459814,tvm
5,5,12,1,5120,64,[5; 5; 12; 1; 5120; 64],0.535962559049949,0.2729401743006477,tvm
40,4,2,1,320,64,[40; 4; 2; 1; 320; 64],0.5318904659943655,0.2750297733053631,tvm
320,64,100,1,256,16,[320; 64; 100; 1; 256; 16],1.8711733669042587,0.07817860005550155,tvm
10,2,60,1,5120,16,[10; 2; 60; 1; 5120; 16],0.8009273660136387,0.18264541891458264,tvm
160,1,15,1,128,128,[160; 1; 15; 1; 128; 128],0.452949512982741,0.32296251589366054,tvm
128,8,375,1,32,16,[128; 8; 375; 1; 32; 16],1.2268592760665342,0.11923593613338017,tvm
320,16,1500,1,512,16,[320; 16; 1500; 1; 512; 16],1.8487587089184672,0.07912645040157358,tvm
8,2,375,1,640,16,[8; 2; 375; 1; 640; 16],0.5340244100661948,0.27393076332893,tvm
128,8,60,1,2560,16,[128; 8; 60; 1; 2560; 16],1.2041689979378134,0.121482710928644,tvm
32,2,50,1,512,128,[32; 2; 50; 1; 512; 128],0.5028408450307325,0.29091851970930016,tvm
1280,2,5,1,256,128,[1280; 2; 5; 1; 256; 128],1.9508978680241853,0.07498378909700094,tvm
128,8,750,1,5120,128,[128; 8; 750; 1; 5120; 128],0.47661930695176125,0.30692360160835847,tvm
10,2,750,1,2560,128,[10; 2; 750; 1; 2560; 128],0.3819584499578923,0.38298855360273104,tvm
64,64,20,1,80,16,[64; 64; 20; 1; 80; 16],0.7986546290339902,0.1831651742414035,tvm
640,2,2,1,256,64,[640; 2; 2; 1; 256; 64],2.326764572993852,0.06287087055717382,tvm
256,32,10,1,128,64,[256; 32; 10; 1; 128; 64],0.5621516939718276,0.260224625940637,tvm
40,8,20,1,1024,16,[40; 8; 20; 1; 1024; 16],0.6050619729794562,0.24176980345562252,tvm
8,4,10,1,5120,16,[8; 4; 10; 1; 5120; 16],0.5295422029448673,0.27624939706825347,tvm
128,4,3,1,1280,16,[128; 4; 3; 1; 1280; 16],1.161428784020245,0.12595323647770415,tvm
80,5,300,1,16,16,[80; 5; 300; 1; 16; 16],1.3102102499688044,0.11165056470073967,tvm
64,32,6,1,80,16,[64; 32; 6; 1; 80; 16],0.9164923949865624,0.15961476067442887,tvm
640,40,1500,1,2560,64,[640; 40; 1500; 1; 2560; 64],2.0861964049981907,0.07012077766754715,tvm
32,2,750,1,256,128,[32; 2; 750; 1; 256; 128],0.5074031930416822,0.28830270737712366,tvm
640,5,75,1,1024,64,[640; 5; 75; 1; 1024; 64],1.8312464950140566,0.07988313680545306,tvm
8,1,1,1,320,16,[8; 1; 1; 1; 320; 16],0.5070134609704837,0.28852432045040016,tvm
10,1,3,1,1024,16,[10; 1; 3; 1; 1024; 16],0.39623549301177263,0.36918882045069085,tvm
256,64,10,1,320,16,[256; 64; 10; 1; 320; 16],1.1950103340204805,0.12241376507059328,tvm
640,20,15,1,16,16,[640; 20; 15; 1; 16; 16],2.874901851057075,0.05088372468504495,tvm
128,64,60,1,160,16,[128; 64; 60; 1; 160; 16],1.1936504000332206,0.12255323190244229,tvm
160,10,50,1,1024,64,[160; 10; 50; 1; 1024; 64],0.5026416460750625,0.29103381191750394,tvm
80,20,4,1,2560,64,[80; 20; 4; 1; 2560; 64],0.5138288390589878,0.2846973606106228,tvm
320,32,750,1,16,16,[320; 32; 750; 1; 16; 16],1.869841034989804,0.07823430524216299,tvm
160,2,6,1,64,64,[160; 2; 6; 1; 64; 64],0.5247105089947581,0.2787931855338077,tvm
160,4,20,1,1024,64,[160; 4; 20; 1; 1024; 64],0.49867623404134065,0.2933480769680857,tvm
10,5,10,1,2560,16,[10; 5; 10; 1; 2560; 16],0.3988713789731264,0.36674908754375724,tvm
256,8,60,1,2560,128,[256; 8; 60; 1; 2560; 128],0.5273287330055609,0.2774089578846667,tvm
32,2,75,1,256,64,[32; 2; 75; 1; 256; 64],0.5514035390224308,0.26529701739865597,tvm
128,1,150,1,640,64,[128; 1; 150; 1; 640; 64],0.5096621860284358,0.2870248535125824,tvm
1280,40,30,1,1280,64,[1280; 40; 30; 1; 1280; 64],1.8279318320564926,0.08002799213860033,tvm
256,2,3,1,2560,128,[256; 2; 3; 1; 2560; 128],1.0816066430415958,0.1352485353402998,tvm
1280,8,375,1,1024,64,[1280; 8; 375; 1; 1024; 64],1.9478943389840424,0.0750994093252574,tvm
160,2,12,1,5120,128,[160; 2; 12; 1; 5120; 128],0.5904541759518906,0.24775117230711813,tvm
32,16,750,1,2560,16,[32; 16; 750; 1; 2560; 16],0.6607638070126995,0.22138881205838012,tvm
20,20,2,1,2560,64,[20; 20; 2; 1; 2560; 64],0.7068763569695875,0.20694667864242638,tvm
10,10,1,1,256,128,[10; 10; 1; 1; 256; 128],0.4268262640107423,0.3427289429453493,tvm
128,32,15,1,640,64,[128; 32; 15; 1; 640; 64],0.5018068270292133,0.2915179834275114,tvm
64,64,250,1,256,128,[64; 64; 250; 1; 256; 128],0.43996404204517603,0.33249470480747495,tvm
320,8,12,1,256,128,[320; 8; 12; 1; 256; 128],1.4084930800599977,0.10385973233143818,tvm
1,1,125,1,1024,128,[1; 1; 125; 1; 1024; 128],2.6526735000079498,0.05514652077810401,tvm
128,4,25,1,128,16,[128; 4; 25; 1; 128; 16],1.1638557680416852,0.12569058667110963,tvm
32,8,750,1,80,16,[32; 8; 750; 1; 80; 16],0.5840311490464956,0.25047587705646207,tvm
40,2,15,1,640,16,[40; 2; 15; 1; 640; 16],1.1041685920208693,0.13248494418590512,tvm
4,2,1500,1,160,16,[4; 2; 1500; 1; 160; 16],0.7586443290347233,0.1928251602062905,tvm
320,10,300,1,512,16,[320; 10; 300; 1; 512; 16],1.7572404930833727,0.08324740686406078,tvm
64,2,2,1,256,128,[64; 2; 2; 1; 256; 128],0.4666968659730628,0.3134491035861332,tvm
4,2,5,1,512,16,[4; 2; 5; 1; 512; 16],0.5192511529894546,0.2817243899094148,tvm
1280,40,60,1,16,16,[1280; 40; 60; 1; 16; 16],2.7723016649251804,0.05276688180673235,tvm
80,2,3,1,5120,64,[80; 2; 3; 1; 5120; 64],0.9201443670317531,0.158981263731049,tvm
4,1,12,1,256,16,[4; 1; 12; 1; 256; 16],0.5343091459944844,0.2737847843001819,tvm
128,64,75,1,320,64,[128; 64; 75; 1; 320; 64],0.5092437979765236,0.2872606693826797,tvm
640,5,15,1,80,16,[640; 5; 15; 1; 80; 16],2.7848985489690676,0.052528202271449824,tvm
40,8,60,1,320,64,[40; 8; 60; 1; 320; 64],0.5396655480144545,0.27106735796630127,tvm
256,8,4,1,1280,128,[256; 8; 4; 1; 1280; 128],0.6956977569498122,0.21027193608771028,tvm
128,16,300,1,2560,16,[128; 16; 300; 1; 2560; 16],1.1772992949699983,0.12425533159725724,tvm
320,64,375,1,1280,16,[320; 64; 375; 1; 1280; 16],1.7925840759417042,0.08160605477255818,tvm
20,4,10,1,640,128,[20; 4; 10; 1; 640; 128],0.5401160810142756,0.2708412495532565,tvm
32,32,75,1,640,64,[32; 32; 75; 1; 640; 64],0.34971724497154355,0.4182971139945288,tvm
40,1,20,1,640,64,[40; 1; 20; 1; 640; 64],0.5344967099372298,0.273688708585117,tvm
160,4,10,1,512,16,[160; 4; 10; 1; 512; 16],1.132787958951667,0.1291377729871826,tvm
5,5,20,1,2560,64,[5; 5; 20; 1; 2560; 64],0.4212898149853572,0.3472329714184967,tvm
32,16,15,1,80,16,[32; 16; 15; 1; 80; 16],0.5626487790141255,0.2599947244923138,tvm
80,20,5,1,64,16,[80; 20; 5; 1; 64; 16],1.1637262270087376,0.1257045780103536,tvm
640,8,30,1,2560,64,[640; 8; 30; 1; 2560; 64],1.8271131200017408,0.08006385192263023,tvm
1280,5,12,1,1024,64,[1280; 5; 12; 1; 1024; 64],1.815178677905351,0.08059025597112159,tvm
160,10,100,1,32,16,[160; 10; 100; 1; 32; 16],1.2473383180331439,0.11727829745211694,tvm
20,2,150,1,1280,128,[20; 2; 150; 1; 1280; 128],0.5436547079589218,0.2690783545955562,tvm
20,4,5,1,1024,16,[20; 4; 5; 1; 1024; 16],0.5223597129806876,0.28004784950006795,tvm
320,4,1500,1,640,64,[320; 4; 1500; 1; 640; 64],1.2304379330016673,0.11888914537025744,tvm
256,8,12,1,1280,16,[256; 8; 12; 1; 1280; 16],1.2311195459915325,0.11882332204213127,tvm
32,2,250,1,16,16,[32; 2; 250; 1; 16; 16],0.6341479240218177,0.23068074300071564,tvm
320,2,100,1,1280,64,[320; 2; 100; 1; 1280; 64],1.2471932970220223,0.11729193432566312,tvm
2,2,6,1,640,128,[2; 2; 6; 1; 640; 128],0.9666009449865669,0.15134033857968893,tvm
256,32,25,1,2560,64,[256; 32; 25; 1; 2560; 64],0.5711450229864568,0.2561270927667404,tvm
10,2,100,1,80,16,[10; 2; 100; 1; 80; 16],0.47046739095821977,0.310936989676943,tvm
1280,2,50,1,160,16,[1280; 2; 50; 1; 160; 16],2.50997956993524,0.0582816354515143,tvm
32,2,50,1,256,16,[32; 2; 50; 1; 256; 16],0.5434422210091725,0.2691835647478064,tvm
10,10,3,1,1024,128,[10; 10; 3; 1; 1024; 128],0.5999805079773068,0.24381744463479685,tvm
40,2,100,1,1280,16,[40; 2; 100; 1; 1280; 16],1.1756759620038792,0.12442689908908047,tvm
40,8,3,1,2560,128,[40; 8; 3; 1; 2560; 128],0.47723246400710195,0.3065292605147192,tvm
320,32,1,1,2560,128,[320; 32; 1; 1; 2560; 128],1.837711676955223,0.07960210305029183,tvm
4,1,25,1,5120,64,[4; 1; 25; 1; 5120; 64],0.7468842569505796,0.1958612903195707,tvm
64,2,25,1,256,64,[64; 2; 25; 1; 256; 64],0.5238022849662229,0.27927658676622125,tvm
40,2,60,1,1024,64,[40; 2; 60; 1; 1024; 64],0.5353423790074885,0.2732563683019536,tvm
20,1,375,1,256,16,[20; 1; 375; 1; 256; 16],0.4955841030459851,0.29517838321811646,tvm
640,1,75,1,5120,16,[640; 1; 75; 1; 5120; 16],2.427851898013614,0.06025314575629605,tvm
640,1,375,1,640,128,[640; 1; 375; 1; 640; 128],1.8841458919923753,0.07764033289960663,tvm
160,16,250,1,1024,64,[160; 16; 250; 1; 1024; 64],0.5063512120395899,0.28890167695357805,tvm
320,5,6,1,5120,64,[320; 5; 6; 1; 5120; 64],1.4386317679891363,0.10168391769228535,tvm
8,1,500,1,5120,128,[8; 1; 500; 1; 5120; 128],0.5517656559823081,0.2651229062549787,tvm
40,40,2,1,1024,128,[40; 40; 2; 1; 1024; 128],1.0298148860456422,0.14205049496558822,tvm
128,8,20,1,5120,64,[128; 8; 20; 1; 5120; 64],0.5939694269327447,0.24628492251046158,tvm
5,1,15,1,1024,128,[5; 1; 15; 1; 1024; 128],0.5002851790050045,0.29240465323529197,tvm
64,16,1,1,5120,64,[64; 16; 1; 1; 5120; 64],1.3162848770152777,0.11113529969091668,tvm
160,5,1,1,64,16,[160; 5; 1; 1; 64; 16],1.122701421030797,0.13029796840499547,tvm
128,16,250,1,640,128,[128; 16; 250; 1; 640; 128],0.45581110194325447,0.3209349523564828,tvm
5,1,4,1,5120,16,[5; 1; 4; 1; 5120; 16],0.5295802489854395,0.2762295507922848,tvm
128,64,750,1,2560,16,[128; 64; 750; 1; 2560; 16],1.1878613389562815,0.1231504970220251,tvm
10,2,125,1,2560,16,[10; 2; 125; 1; 2560; 16],0.5279963909415528,0.2770581708425116,tvm
2,2,75,1,640,128,[2; 2; 75; 1; 640; 128],0.9662092470098287,0.1514016914435784,tvm
1280,5,500,1,640,128,[1280; 5; 500; 1; 640; 128],1.8559191159438342,0.07882116899869324,tvm
40,5,15,1,256,64,[40; 5; 15; 1; 256; 64],0.5419111619703472,0.26994408779813783,tvm
8,1,300,1,1280,16,[8; 1; 300; 1; 1280; 16],0.5395808269968256,0.2711099189715555,tvm
640,8,750,1,256,64,[640; 8; 750; 1; 256; 64],2.0128760429797694,0.07267497409783845,tvm
1280,2,75,1,640,128,[1280; 2; 75; 1; 640; 128],1.8667154089780524,0.07836530066776463,tvm
40,40,12,1,256,16,[40; 40; 12; 1; 256; 16],0.645592931075953,0.22659125780995273,tvm
20,4,12,1,5120,64,[20; 4; 12; 1; 5120; 64],0.32563664100598544,0.44922989573223565,tvm
256,16,6,1,64,64,[256; 16; 6; 1; 64; 64],0.5758955579949543,0.2540143125865124,tvm
80,40,750,1,1280,128,[80; 40; 750; 1; 1280; 128],0.46878014504909515,0.3120561223223178,tvm
320,64,25,1,128,16,[320; 64; 25; 1; 128; 16],1.8194181679282337,0.08040246979191673,tvm
16,1,100,1,64,64,[16; 1; 100; 1; 64; 64],0.5657549949828535,0.2585672518722487,tvm
640,4,60,1,1280,64,[640; 4; 60; 1; 1280; 64],1.8222637180006132,0.08027691757273141,tvm
640,4,1500,1,640,16,[640; 4; 1500; 1; 640; 16],2.8623942099511623,0.05110606840146249,tvm
640,32,2,1,256,16,[640; 32; 2; 1; 256; 16],3.0394041870022193,0.04812973375219197,tvm
80,5,60,1,256,64,[80; 5; 60; 1; 256; 64],0.5254827609751374,0.2783834697341016,tvm
320,1,60,1,32,16,[320; 1; 60; 1; 32; 16],1.8608088329201564,0.0786140476645035,tvm
80,2,3,1,640,16,[80; 2; 3; 1; 640; 16],1.12245853303466,0.13032616348883616,tvm
40,4,20,1,512,64,[40; 4; 20; 1; 512; 64],0.5451128709828481,0.26835857686126285,tvm
640,2,150,1,5120,128,[640; 2; 150; 1; 5120; 128],1.850753812934272,0.07904115245548843,tvm
16,8,300,1,128,128,[16; 8; 300; 1; 128; 128],0.5136647650506347,0.28478829820319507,tvm
2,1,750,1,512,16,[2; 1; 750; 1; 512; 16],2.1257420498877764,0.06881630548421297,tvm
1,1,5,1,640,128,[1; 1; 5; 1; 640; 128],1.8891248289728537,0.07743570569936985,tvm
640,40,500,1,128,64,[640; 40; 500; 1; 128; 64],2.014935089973733,0.07260070808912326,tvm
320,20,3,1,512,128,[320; 20; 3; 1; 512; 128],1.238719390006736,0.11809431213062614,tvm
160,10,300,1,160,16,[160; 10; 300; 1; 160; 16],1.2004654180491343,0.12185749967162063,tvm
2,1,4,1,320,16,[2; 1; 4; 1; 320; 16],0.9442697949707508,0.15491940445923674,tvm
40,2,300,1,64,64,[40; 2; 300; 1; 64; 64],0.5491290470818058,0.2663958773681873,tvm
20,20,1,1,1280,128,[20; 20; 1; 1; 1280; 128],0.5173052659956738,0.28278411974823714,tvm
1280,8,4,1,640,16,[1280; 8; 4; 1; 640; 16],2.4070386548992246,0.06077414419081643,tvm
1280,20,1500,1,1280,16,[1280; 20; 1500; 1; 1280; 16],2.6681306519312784,0.054827043113435246,tvm
16,8,150,1,320,64,[16; 8; 150; 1; 320; 64],0.34004436898976564,0.43019596154558604,tvm
20,2,75,1,1024,16,[20; 2; 75; 1; 1024; 16],0.5699226099532098,0.25667645348852586,tvm
256,16,150,1,1024,128,[256; 16; 150; 1; 1024; 128],0.531751248985529,0.27510177844395683,tvm
320,64,15,1,5120,16,[320; 64; 15; 1; 5120; 16],1.8638505659764633,0.07848575253621572,tvm
80,4,125,1,5120,16,[80; 4; 125; 1; 5120; 16],1.2631215860601515,0.1158128527769044,tvm
160,8,6,1,128,64,[160; 8; 6; 1; 128; 64],0.5112903290428221,0.2861108571319416,tvm
320,4,60,1,1280,128,[320; 4; 60; 1; 1280; 128],1.2344660590169951,0.11850120399600257,tvm
20,1,15,1,128,16,[20; 1; 15; 1; 128; 16],0.42633139598183334,0.34312676866975983,tvm
16,8,100,1,320,64,[16; 8; 100; 1; 320; 64],0.33618201897479594,0.4351384251061969,tvm
160,1,12,1,320,16,[160; 1; 12; 1; 320; 16],1.194862440112047,0.12242891681489002,tvm
16,1,20,1,1024,16,[16; 1; 20; 1; 1024; 16],0.46303065097890794,0.31593095182024555,tvm
40,2,250,1,128,128,[40; 2; 250; 1; 128; 128],0.4842223619343713,0.3021044168661112,tvm
40,5,15,1,1024,16,[40; 5; 15; 1; 1024; 16],0.623009720002301,0.23480486674457343,tvm
32,8,12,1,640,128,[32; 8; 12; 1; 640; 128],0.49958296096883714,0.29281565968948103,tvm
1280,1,375,1,256,64,[1280; 1; 375; 1; 256; 64],2.3291304210433736,0.0628070085573753,tvm
80,16,750,1,64,16,[80; 16; 750; 1; 64; 16],1.221885520964861,0.11972129285090465,tvm
1280,32,6,1,640,64,[1280; 32; 6; 1; 640; 64],1.8380094830645248,0.07958920540595427,tvm
1280,5,250,1,512,16,[1280; 5; 250; 1; 512; 16],2.5117130329599604,0.05824141228161006,tvm
160,2,15,1,640,64,[160; 2; 15; 1; 640; 64],0.5017623939784244,0.2915437985015763,tvm
40,10,750,1,80,16,[40; 10; 750; 1; 80; 16],0.6293858770513907,0.23242611507434532,tvm
640,1,12,1,5120,16,[640; 1; 12; 1; 5120; 16],2.4476938529405743,0.0597647104068884,tvm
256,32,300,1,16,16,[256; 32; 300; 1; 16; 16],1.3326725299702957,0.10976868735260484,tvm
8,1,100,1,640,16,[8; 1; 100; 1; 640; 16],0.5354561789426953,0.27319829341509916,tvm
32,32,250,1,1280,16,[32; 32; 250; 1; 1280; 16],0.6477319170953706,0.22584299217754236,tvm
32,1,2,1,320,16,[32; 1; 2; 1; 320; 16],1.031190610025078,0.1418609836664016,tvm
16,1,75,1,128,128,[16; 1; 75; 1; 128; 128],0.5175912929698825,0.2826278499515376,tvm
64,16,5,1,1280,16,[64; 16; 5; 1; 1280; 16],0.9270496049430221,0.15779707310776023,tvm
64,1,500,1,256,16,[64; 1; 500; 1; 256; 16],1.2313967179507017,0.11879657640241556,tvm
40,2,3,1,1280,128,[40; 2; 3; 1; 1280; 128],0.4820826930226758,0.30344527277778344,tvm
160,5,30,1,1024,64,[160; 5; 30; 1; 1024; 64],0.5109541040146723,0.28629912772266064,tvm
640,5,1500,1,1024,128,[640; 5; 1500; 1; 1024; 128],2.0149041319964454,0.0726018235620812,tvm
10,1,20,1,512,64,[10; 1; 20; 1; 512; 64],0.36570195003878325,0.40001349260019115,tvm
80,10,6,1,1024,64,[80; 10; 6; 1; 1024; 64],0.5191560150124133,0.2817760173350135,tvm
40,10,5,1,1280,16,[40; 10; 5; 1; 1280; 16],0.7283172809984535,0.20085437775851006,tvm
80,4,2,1,1280,64,[80; 4; 2; 1; 1280; 64],0.5062725420575589,0.2889465695516287,tvm
1280,2,60,1,128,64,[1280; 2; 60; 1; 128; 64],1.9661596750374883,0.07440174678738902,tvm
20,1,2,1,512,16,[20; 1; 2; 1; 512; 16],0.6756376530975103,0.21651504118377168,tvm
640,64,100,1,2560,16,[640; 64; 100; 1; 2560; 16],2.483675176044926,0.05889889132711137,tvm
1280,4,75,1,2560,64,[1280; 4; 75; 1; 2560; 64],1.7982237399555743,0.08135011847264809,tvm
10,10,300,1,2560,16,[10; 10; 300; 1; 2560; 16],0.5476201480487362,0.2671298979903409,tvm
1280,1,60,1,5120,16,[1280; 1; 60; 1; 5120; 16],2.441717055044137,0.05991100155667709,tvm
80,4,2,1,64,16,[80; 4; 2; 1; 64; 16],1.1285197830293328,0.12962618510154378,tvm
16,1,4,1,320,16,[16; 1; 4; 1; 320; 16],0.7433447249932215,0.19679390916112074,tvm
8,8,10,1,128,64,[8; 8; 10; 1; 128; 64],0.36225457210093737,0.40382020146029723,tvm
160,5,60,1,5120,16,[160; 5; 60; 1; 5120; 16],1.228917948086746,0.1190361931921173,tvm
20,10,50,1,512,16,[20; 10; 50; 1; 512; 16],0.46081473701633513,0.3174501649684192,tvm
640,20,500,1,5120,16,[640; 20; 500; 1; 5120; 16],2.611709250952117,0.05601148528779948,tvm
1280,8,4,1,512,128,[1280; 8; 4; 1; 512; 128],1.8361019470030442,0.07967189105402749,tvm
16,4,12,1,1024,64,[16; 4; 12; 1; 1024; 64],0.3628690290497616,0.4031364006699331,tvm
640,10,125,1,64,16,[640; 10; 125; 1; 64; 16],2.831816209014505,0.051657912621604386,tvm
40,10,1500,1,5120,64,[40; 10; 1500; 1; 5120; 64],0.6315184899140149,0.23164122131345985,tvm
320,64,150,1,640,128,[320; 64; 150; 1; 640; 128],1.2481460000853986,0.1172024060291868,tvm
160,10,20,1,1024,128,[160; 10; 20; 1; 1024; 128],0.44445156399160624,0.32913758469410404,tvm
80,10,10,1,2560,64,[80; 10; 10; 1; 2560; 64],0.5267883340129629,0.27769353427275134,tvm
1280,4,4,1,5120,16,[1280; 4; 4; 1; 5120; 16],2.4312888729618862,0.06016796930736726,tvm
40,5,2,1,2560,16,[40; 5; 2; 1; 2560; 16],0.900449717999436,0.16245850419135333,tvm
320,32,50,1,128,128,[320; 32; 50; 1; 128; 128],1.2652999609708786,0.11561346621197052,tvm
40,2,10,1,5120,64,[40; 2; 10; 1; 5120; 64],0.5629612919874489,0.25985039534294607,tvm
16,2,250,1,320,64,[16; 2; 250; 1; 320; 64],0.34354736597742885,0.4258094480495167,tvm
32,1,75,1,256,16,[32; 1; 75; 1; 256; 16],1.1311063829343766,0.12932975756551923,tvm
256,1,300,1,160,16,[256; 1; 300; 1; 160; 16],1.245803258032538,0.11742280600288299,tvm
640,1,1500,1,1280,64,[640; 1; 1500; 1; 1280; 64],2.0346807619789615,0.07189615050148436,tvm
2,2,125,1,1024,64,[2; 2; 125; 1; 1024; 64],1.5360661649610847,0.09523399292466048,tvm
8,8,250,1,640,64,[8; 8; 250; 1; 640; 64],0.4029847600031644,0.3630055744156816,tvm
1280,40,3,1,512,128,[1280; 40; 3; 1; 512; 128],1.8201109219808131,0.0803718677356832,tvm
8,8,25,1,256,64,[8; 8; 25; 1; 256; 64],0.3693713889224455,0.3960396464719929,tvm
160,20,125,1,80,16,[160; 20; 125; 1; 80; 16],1.1948025729507208,0.12243505127750323,tvm
640,8,100,1,512,16,[640; 8; 100; 1; 512; 16],2.4320533520076424,0.060149056419735406,tvm
8,8,750,1,5120,128,[8; 8; 750; 1; 5120; 128],0.5834054779261351,0.25074449901588947,tvm
8,2,125,1,1280,16,[8; 2; 125; 1; 1280; 16],0.5505942129530013,0.2656869811637509,tvm
80,8,2,1,640,128,[80; 8; 2; 1; 640; 128],0.45863517094403505,0.31895877933784716,tvm
64,16,75,1,128,128,[64; 16; 75; 1; 128; 128],0.4684658780461177,0.31226546295291396,tvm
16,16,3,1,1280,16,[16; 16; 3; 1; 1280; 16],0.4740712019847706,0.3085732980051669,tvm
2,1,3,1,80,16,[2; 1; 3; 1; 80; 16],0.6254151379689574,0.23390178044103438,tvm
40,1,75,1,2560,16,[40; 1; 75; 1; 2560; 16],1.2394080460071564,0.11802869503468565,tvm
256,64,5,1,256,16,[256; 64; 5; 1; 256; 16],1.2176091130822897,0.12014177022328829,tvm
80,4,5,1,5120,16,[80; 4; 5; 1; 5120; 16],1.410086594056338,0.10374236227925564,tvm
128,4,12,1,640,128,[128; 4; 12; 1; 640; 128],0.4495880790054798,0.32537720886485355,tvm
80,1,6,1,5120,64,[80; 1; 6; 1; 5120; 64],0.6955379769206047,0.2103202400728332,tvm
160,40,25,1,1024,128,[160; 40; 25; 1; 1024; 128],0.44488382001873106,0.32881778950638213,tvm
128,32,10,1,16,16,[128; 32; 10; 1; 16; 16],1.2887905000243336,0.11350620157655747,tvm
20,4,10,1,80,16,[20; 4; 10; 1; 80; 16],0.45323619700502604,0.32275823346053734,tvm
64,64,150,1,320,16,[64; 64; 150; 1; 320; 16],0.7757381000556052,0.18857616285087517,tvm
1280,16,500,1,2560,64,[1280; 16; 500; 1; 2560; 64],2.0969002960482612,0.06976283734682036,tvm
160,32,20,1,640,16,[160; 32; 20; 1; 640; 16],1.125364141073078,0.1299896708510947,tvm
160,32,500,1,320,64,[160; 32; 500; 1; 320; 64],0.512757527991198,0.28529218256201877,tvm
80,2,20,1,640,16,[80; 2; 20; 1; 640; 16],1.166707883006893,0.12538332552335213,tvm
80,40,25,1,1024,128,[80; 40; 25; 1; 1024; 128],0.4556753779761493,0.32103054357563093,tvm
64,8,4,1,640,128,[64; 8; 4; 1; 640; 128],0.46567695995327085,0.31413560658099465,tvm
20,20,5,1,1024,128,[20; 20; 5; 1; 1024; 128],0.5656382170272991,0.2586206339708022,tvm
16,2,3,1,2560,16,[16; 2; 3; 1; 2560; 16],0.6760601459536701,0.21637973360988377,tvm
1280,20,150,1,80,16,[1280; 20; 150; 1; 80; 16],2.7085155920358375,0.05400955221223579,tvm
40,1,20,1,2560,64,[40; 1; 20; 1; 2560; 64],0.5380895970156416,0.27186125711600023,tvm
80,8,250,1,256,16,[80; 8; 250; 1; 256; 16],1.2082588750636205,0.12107149991181457,tvm
32,32,125,1,2560,64,[32; 32; 125; 1; 2560; 64],0.3604357880540192,0.40585790627369717,tvm
40,5,12,1,1024,16,[40; 5; 12; 1; 1024; 16],0.6245672859949991,0.234219302813253,tvm
128,8,30,1,64,64,[128; 8; 30; 1; 64; 64],0.5247932730708271,0.2787492176294937,tvm
320,2,30,1,1024,64,[320; 2; 30; 1; 1024; 64],1.226470455992967,0.11927373673854982,tvm
16,4,250,1,256,16,[16; 4; 250; 1; 256; 16],0.48637838405556977,0.3007652459098611,tvm
1280,8,50,1,640,16,[1280; 8; 50; 1; 640; 16],2.515316806966439,0.05815796796672307,tvm
128,16,6,1,1024,128,[128; 16; 6; 1; 1024; 128],0.4467818830162287,0.32742087324163205,tvm
8,8,60,1,64,64,[8; 8; 60; 1; 64; 64],0.38524514401797205,0.3797211114980074,tvm
1,1,50,1,1024,16,[1; 1; 50; 1; 1024; 16],3.9280799640109763,0.03724102249088164,tvm
640,5,2,1,256,64,[640; 5; 2; 1; 256; 64],2.0723263249965385,0.07059009602937831,tvm
80,10,3,1,5120,64,[80; 10; 3; 1; 5120; 64],0.936193277942948,0.1562558904579413,tvm
160,2,750,1,5120,64,[160; 2; 750; 1; 5120; 64],0.5459029859630391,0.26797016694760983,tvm
16,8,375,1,512,128,[16; 8; 375; 1; 512; 128],0.5645710009848699,0.25910950798132587,tvm
32,16,25,1,640,128,[32; 16; 25; 1; 640; 128],0.5017328299582005,0.2915609773789397,tvm
320,1,30,1,5120,64,[320; 1; 30; 1; 5120; 64],1.2584768360247836,0.11624029151604778,tvm
640,16,12,1,320,16,[640; 16; 12; 1; 320; 16],2.4012988139875233,0.060919413041643375,tvm
80,16,30,1,640,128,[80; 16; 30; 1; 640; 128],0.46035279997158796,0.3177687075971793,tvm
640,32,1500,1,5120,16,[640; 32; 1500; 1; 5120; 16],2.882424494950101,0.05075092670840168,tvm
32,32,20,1,1280,16,[32; 32; 20; 1; 1280; 16],0.564601443009451,0.2590955373864774,tvm
640,20,50,1,256,64,[640; 20; 50; 1; 256; 64],2.1218522030394524,0.06894246172102231,tvm
40,4,6,1,2560,16,[40; 4; 6; 1; 2560; 16],0.6961449390510097,0.21013686386218958,tvm
640,32,6,1,1280,16,[640; 32; 6; 1; 1280; 16],2.412034895038232,0.060648257861707085,tvm
160,40,300,1,80,16,[160; 40; 300; 1; 80; 16],1.1905683130025864,0.12287049192228629,tvm
64,8,50,1,80,16,[64; 8; 50; 1; 80; 16],0.7663180080708116,0.19089426679921734,tvm
320,40,1,1,512,16,[320; 40; 1; 1; 512; 16],1.746414999011904,0.0837634321558625,tvm
64,16,60,1,64,64,[64; 16; 60; 1; 64; 64],0.5264675409998745,0.27786274156216056,tvm
160,10,375,1,512,64,[160; 10; 375; 1; 512; 64],0.5084032720187679,0.2877355877448289,tvm
5,5,2,1,5120,16,[5; 5; 2; 1; 5120; 16],0.5599152480717748,0.26126403020723254,tvm
1280,5,10,1,160,16,[1280; 5; 10; 1; 160; 16],2.496253374032676,0.058602109788795584,tvm
80,8,5,1,640,16,[80; 8; 5; 1; 640; 16],1.127122264006175,0.12978690862317385,tvm
64,4,5,1,64,16,[64; 4; 5; 1; 64; 16],1.1551085609244183,0.12664239469287955,tvm
320,8,150,1,1024,128,[320; 8; 150; 1; 1024; 128],1.2010481770848855,0.12179837335149245,tvm
80,10,12,1,512,128,[80; 10; 12; 1; 512; 128],0.461054865969345,0.3172848289501421,tvm
80,20,30,1,80,16,[80; 20; 30; 1; 80; 16],1.210938201053068,0.12080361669860598,tvm
640,64,30,1,1024,128,[640; 64; 30; 1; 1024; 128],1.8384017469361424,0.07957222328009221,tvm
16,16,30,1,640,128,[16; 16; 30; 1; 640; 128],0.3735076329903677,0.3916538816476793,tvm
1280,40,750,1,512,64,[1280; 40; 750; 1; 512; 64],2.0427974790800363,0.07161048306736376,tvm
1280,4,750,1,160,16,[1280; 4; 750; 1; 160; 16],2.975166820921004,0.049168911557177675,tvm
5,1,10,1,5120,16,[5; 1; 10; 1; 5120; 16],0.6114009940065444,0.23926312799574623,tvm
640,10,1,1,5120,128,[640; 10; 1; 1; 5120; 128],1.8213789979927242,0.0803159114313553,tvm
2,2,4,1,1280,64,[2; 2; 4; 1; 1280; 64],0.9330057910410687,0.15678971737408556,tvm
80,16,250,1,1280,128,[80; 16; 250; 1; 1280; 128],0.46641190501395613,0.31364060975531294,tvm
640,20,1,1,2560,128,[640; 20; 1; 1; 2560; 128],1.8092325689503923,0.08085511879248362,tvm
128,8,375,1,1280,16,[128; 8; 375; 1; 1280; 16],1.173127481015399,0.12469720184126697,tvm
256,8,250,1,128,64,[256; 8; 250; 1; 128; 64],0.5718806779477745,0.25579761640254867,tvm
640,10,750,1,320,64,[640; 10; 750; 1; 320; 64],1.9686369260307401,0.07430812271751021,tvm
160,8,1,1,32,16,[160; 8; 1; 1; 32; 16],1.1525171940447763,0.12692714264185717,tvm
8,1,4,1,640,128,[8; 1; 4; 1; 640; 128],0.5380859670694917,0.2718630911012442,tvm
640,16,500,1,1024,64,[640; 16; 500; 1; 1024; 64],1.9281687879702076,0.07586769125109112,tvm
5,5,500,1,640,64,[5; 5; 500; 1; 640; 64],0.4983166450401768,0.293559759124482,tvm
128,32,300,1,80,16,[128; 32; 300; 1; 80; 16],1.1918111449340358,0.12274236141147253,tvm
10,1,125,1,640,64,[10; 1; 125; 1; 640; 64],0.3944856249727309,0.3708264763660942,tvm
10,5,3,1,1024,16,[10; 5; 3; 1; 1024; 16],0.3870118800550699,0.377987658324335,tvm
128,4,250,1,512,128,[128; 4; 250; 1; 512; 128],0.4575967330019921,0.3196826020282742,tvm
256,64,250,1,256,128,[256; 64; 250; 1; 256; 128],0.5173735939897597,0.2827467732893413,tvm
1280,2,3,1,1024,64,[1280; 2; 3; 1; 1024; 64],1.7934708939865232,0.08156570300427388,tvm
8,4,750,1,512,16,[8; 4; 750; 1; 512; 16],0.5619026550557464,0.2603399591895526,tvm
160,20,30,1,1024,128,[160; 20; 30; 1; 1024; 128],0.4443542790831998,0.3292096445825474,tvm
160,1,15,1,1280,64,[160; 1; 15; 1; 1280; 64],0.5308264150517061,0.27558107535297593,tvm
640,10,250,1,640,16,[640; 10; 250; 1; 640; 16],2.464935573982075,0.05934666846054375,tvm
1280,2,125,1,1280,64,[1280; 2; 125; 1; 1280; 64],1.849357628962025,0.07910082506206167,tvm
320,20,6,1,128,16,[320; 20; 6; 1; 128; 16],1.8069165870547295,0.08095875334464649,tvm
160,4,30,1,512,128,[160; 4; 30; 1; 512; 128],0.4494961310410872,0.325443767328762,tvm
64,8,15,1,64,16,[64; 8; 15; 1; 64; 16],0.8131993759889156,0.17988911281174946,tvm
160,1,10,1,128,128,[160; 1; 10; 1; 128; 128],0.45428423292469233,0.3220136286569391,tvm
32,4,20,1,16,16,[32; 4; 20; 1; 16; 16],0.6194215989671648,0.23616501996319447,tvm
40,2,4,1,2560,64,[40; 2; 4; 1; 2560; 64],0.5345659500453621,0.2736532588229774,tvm
256,16,375,1,2560,64,[256; 16; 375; 1; 2560; 64],0.5756289960118011,0.25413194140538964,tvm
80,8,500,1,2560,64,[80; 8; 500; 1; 2560; 64],0.5207331760320812,0.2809225934102995,tvm
640,32,300,1,640,16,[640; 32; 300; 1; 640; 16],2.6359030950115994,0.05549737946078422,tvm
1280,16,5,1,80,16,[1280; 16; 5; 1; 80; 16],2.5851901959395036,0.05658605487344094,tvm
8,8,75,1,128,16,[8; 8; 75; 1; 128; 16],0.4414787640562281,0.331353909170324,tvm
32,4,2,1,160,16,[32; 4; 2; 1; 160; 16],1.0193184230010957,0.14351326433894648,tvm
640,8,150,1,1280,128,[640; 8; 150; 1; 1280; 128],1.8431442690780386,0.07936747911702433,tvm
320,64,25,1,5120,64,[320; 64; 25; 1; 5120; 64],1.270091344951652,0.11517731765291488,tvm
8,2,60,1,1280,128,[8; 2; 60; 1; 1280; 128],0.40420679305680096,0.36190810446166244,tvm
2,2,1500,1,320,16,[2; 2; 1500; 1; 320; 16],2.1693028229055926,0.06743443688040626,tvm
64,2,25,1,2560,16,[64; 2; 25; 1; 2560; 16],1.2092240720521659,0.12097486120786019,tvm
640,40,75,1,128,16,[640; 40; 75; 1; 128; 16],2.6133778990479186,0.05597572181926224,tvm
64,4,30,1,256,16,[64; 4; 30; 1; 256; 16],1.183568004053086,0.12359721941178212,tvm
20,2,75,1,5120,128,[20; 2; 75; 1; 5120; 128],0.6113706949399784,0.23927498569436004,tvm
64,1,60,1,128,128,[64; 1; 60; 1; 128; 128],0.4729175759712234,0.309326025756792,tvm
1280,16,300,1,1280,64,[1280; 16; 300; 1; 1280; 64],1.8801832979079336,0.07780396435203171,tvm
2,2,150,1,32,16,[2; 2; 150; 1; 32; 16],1.124721362022683,0.13006396003952136,tvm
5,1,6,1,128,16,[5; 1; 6; 1; 128; 16],0.38097075594123453,0.38398147890458856,tvm
5,5,6,1,1024,128,[5; 5; 6; 1; 1024; 128],0.5066116770030931,0.2887531435340784,tvm
128,16,50,1,5120,64,[128; 16; 50; 1; 5120; 64],0.5570795090170577,0.2625939599606329,tvm
64,1,25,1,320,64,[64; 1; 25; 1; 320; 64],0.5242024400504306,0.27906339823912485,tvm
32,16,2,1,640,16,[32; 16; 2; 1; 640; 16],0.9732342030620202,0.15030885045497328,tvm
1280,20,1500,1,1280,64,[1280; 20; 1500; 1; 1280; 64],1.8696157920639962,0.07824373056039473,tvm
40,5,30,1,16,16,[40; 5; 30; 1; 16; 16],0.6575314170913771,0.22247714783396424,tvm
20,20,300,1,2560,128,[20; 20; 300; 1; 2560; 128],0.3551197099732235,0.41193352601224087,tvm
10,5,50,1,32,16,[10; 5; 50; 1; 32; 16],0.48467839194927365,0.3018201692412657,tvm
20,4,4,1,64,16,[20; 4; 4; 1; 64; 16],0.6986580030061305,0.2093810042342429,tvm
160,5,750,1,640,64,[160; 5; 750; 1; 640; 64],0.5172284380532801,0.2828261238618231,tvm
640,8,3,1,256,64,[640; 8; 3; 1; 256; 64],2.1862319139763713,0.06691225818748858,tvm
20,4,500,1,256,16,[20; 4; 500; 1; 256; 16],0.5008632920216769,0.29206715009049455,tvm
64,32,15,1,640,128,[64; 32; 15; 1; 640; 128],0.4656007339945063,0.31418703538263826,tvm
40,5,60,1,2560,64,[40; 5; 60; 1; 2560; 64],0.5442157039651647,0.2688009795010951,tvm
640,10,25,1,5120,16,[640; 10; 25; 1; 5120; 16],2.444215937051922,0.059849750616615335,tvm
320,16,1,1,5120,64,[320; 16; 1; 1; 5120; 64],1.8427248609950766,0.07938554332344526,tvm
32,2,3,1,512,16,[32; 2; 3; 1; 512; 16],0.7830476850504056,0.1868158441414685,tvm
128,8,5,1,16,16,[128; 8; 5; 1; 16; 16],1.290330810006708,0.11337070552082207,tvm
64,8,15,1,5120,64,[64; 8; 15; 1; 5120; 64],0.6013982760487124,0.2432426565084888,tvm
1280,5,3,1,512,128,[1280; 5; 3; 1; 512; 128],1.8322531940648332,0.07983924643142855,tvm
80,20,20,1,1280,16,[80; 20; 20; 1; 1280; 16],1.1453815290005878,0.12771789188302793,tvm
128,64,375,1,320,16,[128; 64; 375; 1; 320; 16],1.1873043020023033,0.12320827444069221,tvm
640,5,250,1,1024,128,[640; 5; 250; 1; 1024; 128],1.8086633150232956,0.08088056691957073,tvm
16,4,3,1,640,128,[16; 4; 3; 1; 640; 128],0.5547659869771451,0.263689046768725,tvm
32,1,12,1,64,16,[32; 1; 12; 1; 64; 16],1.0470689579378814,0.13970972320085998,tvm
40,40,300,1,64,16,[40; 40; 300; 1; 64; 16],0.6068578389240429,0.24105433744594687,tvm
80,10,30,1,2560,64,[80; 10; 30; 1; 2560; 64],0.5318555359262973,0.27504783612139755,tvm
4,4,100,1,2560,16,[4; 4; 100; 1; 2560; 16],0.9531571629922837,0.15347491469976873,tvm
40,2,25,1,320,64,[40; 2; 25; 1; 320; 64],0.5422362099634483,0.26978226757592466,tvm
128,8,5,1,2560,16,[128; 8; 5; 1; 2560; 16],1.321917160996236,0.11066178623134679,tvm
256,1,50,1,2560,128,[256; 1; 50; 1; 2560; 128],0.5236322319833562,0.2793672836594292,tvm
64,8,3,1,1280,16,[64; 8; 3; 1; 1280; 16],1.0720969319809228,0.13644821650167482,tvm
64,2,500,1,5120,128,[64; 2; 500; 1; 5120; 128],0.5087796560255811,0.28752272728129513,tvm
80,20,375,1,256,16,[80; 20; 375; 1; 256; 16],1.1950767760863528,0.12240695929576337,tvm
16,8,75,1,64,64,[16; 8; 75; 1; 64; 64],0.34018716507125646,0.4300153836052954,tvm
320,2,75,1,2560,128,[320; 2; 75; 1; 2560; 128],1.245400208979845,0.11746080756284963,tvm
160,16,50,1,64,16,[160; 16; 50; 1; 64; 16],1.217223881976679,0.12017979309455992,tvm
80,2,15,1,64,64,[80; 2; 15; 1; 64; 64],0.5297619180055335,0.2761348245575219,tvm
64,8,750,1,160,16,[64; 8; 750; 1; 160; 16],0.8026783409295604,0.18224699338006892,tvm
10,5,3,1,256,128,[10; 5; 3; 1; 256; 128],0.6261380380019546,0.2336317319939883,tvm
1280,32,1500,1,5120,16,[1280; 32; 1500; 1; 5120; 16],3.2618567990139127,0.04484737476211026,tvm
2,2,15,1,512,64,[2; 2; 15; 1; 512; 64],0.9874288090504706,0.14814811249672297,tvm
1280,16,750,1,256,16,[1280; 16; 750; 1; 256; 16],2.7558121680049226,0.053082614259453764,tvm
32,16,125,1,1280,64,[32; 16; 125; 1; 1280; 64],0.5433140359818935,0.26924707369531203,tvm
128,4,750,1,640,128,[128; 4; 750; 1; 640; 128],0.46378214203286916,0.3154190319715819,tvm
256,8,4,1,32,16,[256; 8; 4; 1; 32; 16],1.3002332440810278,0.11250728663617993,tvm
80,2,3,1,2560,16,[80; 2; 3; 1; 2560; 16],1.1346330899978057,0.12892777019749813,tvm
80,40,25,1,512,16,[80; 40; 25; 1; 512; 16],1.1721195909194648,0.12480442731185903,tvm
40,8,15,1,160,16,[40; 8; 15; 1; 160; 16],0.6214697689283639,0.23538669393036313,tvm
16,4,30,1,64,64,[16; 4; 30; 1; 64; 64],0.3476139090489596,0.42082813856884743,tvm
256,1,30,1,160,16,[256; 1; 30; 1; 160; 16],1.2096545160748065,0.12093181345727957,tvm
1280,1,3,1,128,128,[1280; 1; 3; 1; 128; 128],1.95069968001917,0.07499140733148463,tvm
5,1,50,1,5120,64,[5; 1; 50; 1; 5120; 64],0.668365835910663,0.21887072382506928,tvm
1280,4,15,1,128,16,[1280; 4; 15; 1; 128; 16],2.495699389022775,0.05861511804231937,tvm
80,40,60,1,1024,16,[80; 40; 60; 1; 1024; 16],1.2275090250186622,0.1191728217912616,tvm
32,1,12,1,64,64,[32; 1; 12; 1; 64; 64],0.5495100839762017,0.2662111552661692,tvm
320,20,75,1,256,128,[320; 20; 75; 1; 256; 128],1.3020095259416848,0.11235379724269869,tvm
1280,8,4,1,80,16,[1280; 8; 4; 1; 80; 16],2.7194677479565144,0.05379203867949438,tvm
10,2,5,1,1280,16,[10; 2; 5; 1; 1280; 16],0.4527235319837928,0.323123725521189,tvm
80,5,15,1,128,16,[80; 5; 15; 1; 128; 16],1.1675011640181765,0.12529813142305082,tvm
80,40,500,1,512,16,[80; 40; 500; 1; 512; 16],1.2045329029206187,0.12144600942906318,tvm
40,10,300,1,2560,16,[40; 10; 300; 1; 2560; 16],0.6511606579879299,0.22465379701797938,tvm
8,8,10,1,1024,64,[8; 8; 10; 1; 1024; 64],0.3753174499142915,0.38976528887511225,tvm
160,2,750,1,32,16,[160; 2; 750; 1; 32; 16],1.2427478769095615,0.11771149804696866,tvm
8,2,150,1,16,16,[8; 2; 150; 1; 16; 16],0.5666622559074312,0.2581532698899417,tvm
320,5,10,1,5120,128,[320; 5; 10; 1; 5120; 128],1.357981954002753,0.1077228705834612,tvm
256,2,5,1,80,16,[256; 2; 5; 1; 80; 16],1.2537379909772426,0.11667965343515671,tvm
160,20,30,1,640,64,[160; 20; 30; 1; 640; 64],0.5022332880180329,0.29127044697296495,tvm
20,1,2,1,128,64,[20; 1; 2; 1; 128; 64],0.5600607739761472,0.261196143495571,tvm
256,2,2,1,1280,128,[256; 2; 2; 1; 1280; 128],0.847494009998627,0.1726097324109126,tvm
160,1,30,1,5120,64,[160; 1; 30; 1; 5120; 64],0.5721319769509137,0.2556852617560737,tvm
256,4,20,1,1024,128,[256; 4; 20; 1; 1024; 128],0.503973470069468,0.2902647122785058,tvm
320,64,300,1,640,16,[320; 64; 300; 1; 640; 16],1.8015396361006424,0.08120038624425918,tvm
80,5,2,1,5120,64,[80; 5; 2; 1; 5120; 64],1.1483190269209445,0.12739117863261293,tvm
640,20,12,1,512,64,[640; 20; 12; 1; 512; 64],1.8139444480184466,0.08064509056245733,tvm
160,5,75,1,1280,16,[160; 5; 75; 1; 1280; 16],1.1740189909469336,0.12460251104432646,tvm
128,1,2,1,1024,64,[128; 1; 2; 1; 1024; 64],0.4997792639769614,0.292700647725268,tvm
640,32,25,1,2560,64,[640; 32; 25; 1; 2560; 64],1.798416355974041,0.0813414056204379,tvm
640,16,75,1,128,128,[640; 16; 75; 1; 128; 128],1.9812147229677066,0.0738363755275297,tvm
1280,64,75,1,64,64,[1280; 64; 75; 1; 64; 64],1.9663584670051932,0.07439422503085646,tvm
160,2,375,1,16,16,[160; 2; 375; 1; 16; 16],1.2934675579890609,0.11309577374568483,tvm
160,16,60,1,512,16,[160; 16; 60; 1; 512; 16],1.1696102559799328,0.12507218839591308,tvm
10,10,12,1,256,64,[10; 10; 12; 1; 256; 64],0.36147242202423513,0.40469398319937805,tvm
1280,2,25,1,16,16,[1280; 2; 25; 1; 16; 16],2.8167917829705402,0.0519334496678501,tvm
1280,64,12,1,256,16,[1280; 64; 12; 1; 256; 16],2.7610686640255153,0.05298155608793743,tvm
16,2,1500,1,1024,128,[16; 2; 1500; 1; 1024; 128],0.5728666150243953,0.25535737368721473,tvm
160,5,6,1,1280,64,[160; 5; 6; 1; 1280; 64],0.5748678368981928,0.2544684271693235,tvm
640,8,15,1,1024,128,[640; 8; 15; 1; 1024; 128],1.8217569240368903,0.080299249782213,tvm
1280,64,1,1,2560,16,[1280; 64; 1; 1; 2560; 16],2.44393549405504,0.05985661840975733,tvm
16,4,60,1,640,16,[16; 4; 60; 1; 640; 16],0.5295695370296016,0.2762351382714397,tvm
16,16,75,1,512,64,[16; 16; 75; 1; 512; 64],0.39704803994391114,0.368433286577562,tvm
80,40,50,1,512,16,[80; 40; 50; 1; 512; 16],1.2019431139342487,0.12170768532204988,tvm
160,20,30,1,1024,64,[160; 20; 30; 1; 1024; 64],0.49776241602376103,0.29388662055740916,tvm
640,64,100,1,512,64,[640; 64; 100; 1; 512; 64],1.8288516589673236,0.07998774179876117,tvm
2,1,20,1,160,16,[2; 1; 20; 1; 160; 16],0.7287827489199117,0.20072609361639832,tvm
320,64,50,1,640,128,[320; 64; 50; 1; 640; 128],1.2126601830823347,0.1206320751077073,tvm
16,4,50,1,1280,64,[16; 4; 50; 1; 1280; 64],0.3775585509138182,0.3874517314775519,tvm
20,5,3,1,1280,64,[20; 5; 3; 1; 1280; 64],0.5711923659546301,0.2561058638121466,tvm
16,16,2,1,64,64,[16; 16; 2; 1; 64; 64],0.37856198695953935,0.3864247318137341,tvm
320,1,500,1,64,64,[320; 1; 500; 1; 64; 64],1.4260696020210162,0.10257964553651461,tvm
256,1,25,1,2560,16,[256; 1; 25; 1; 2560; 16],1.2414742500986904,0.11783225811899473,tvm
4,4,5,1,80,16,[4; 4; 5; 1; 80; 16],0.36614249006379396,0.3995321992272095,tvm
80,20,500,1,256,128,[80; 20; 500; 1; 256; 128],0.46724640403408557,0.3130804496786299,tvm
32,32,75,1,1280,64,[32; 32; 75; 1; 1280; 64],0.35825076000764966,0.4083332978347085,tvm
4,4,75,1,320,64,[4; 4; 75; 1; 320; 64],0.5848846909357235,0.25011034918982095,tvm
16,16,20,1,16,16,[16; 16; 20; 1; 16; 16],0.5272089029895142,0.2774720105373938,tvm
640,1,30,1,64,16,[640; 1; 30; 1; 64; 16],3.2932452160166577,0.04441992766717022,tvm
64,32,2,1,512,16,[64; 32; 2; 1; 512; 16],1.2773321990389377,0.11452440829079498,tvm
640,64,300,1,1280,64,[640; 64; 300; 1; 1280; 64],1.8994293779833242,0.07701561109949231,tvm
2,2,12,1,64,64,[2; 2; 12; 1; 64; 64],0.6559381680563092,0.2230175364229702,tvm
16,1,25,1,1280,128,[16; 1; 25; 1; 1280; 128],0.5516780139878392,0.26516502484534193,tvm
16,16,25,1,80,16,[16; 16; 25; 1; 80; 16],0.4136212619487196,0.353670683166792,tvm
320,8,375,1,1280,64,[320; 8; 375; 1; 1280; 64],1.256770508014597,0.11639811194870531,tvm
640,1,375,1,64,16,[640; 1; 375; 1; 64; 16],2.650622547022067,0.05518919110156367,tvm
5,1,125,1,80,16,[5; 1; 125; 1; 80; 16],0.5358970490051433,0.27297353952085357,tvm
640,64,50,1,5120,16,[640; 64; 50; 1; 5120; 16],2.4442885840544477,0.0598479718147944,tvm
160,16,75,1,5120,128,[160; 16; 75; 1; 5120; 128],0.48579555994365364,0.30112608337277036,tvm
128,1,1,1,160,16,[128; 1; 1; 1; 160; 16],1.1183074320433661,0.13080992765864188,tvm
128,4,12,1,128,128,[128; 4; 12; 1; 128; 128],0.46059947495814413,0.3175985259188749,tvm
128,4,300,1,1280,64,[128; 4; 300; 1; 1280; 64],0.5117088769329712,0.2858768352085404,tvm
5,5,12,1,2560,128,[5; 5; 12; 1; 2560; 128],0.4514322589384392,0.3240479859142343,tvm
4,4,20,1,5120,16,[4; 4; 20; 1; 5120; 16],0.8728506410261616,0.16759535642172912,tvm
64,4,250,1,640,128,[64; 4; 250; 1; 640; 128],0.47048542194534093,0.31092507325914376,tvm
640,20,30,1,640,64,[640; 20; 30; 1; 640; 64],1.8252375159645453,0.08014612509671637,tvm
640,40,750,1,512,16,[640; 40; 750; 1; 512; 16],2.6884996060980484,0.05441165546534185,tvm
40,4,250,1,1024,128,[40; 4; 250; 1; 1024; 128],0.48686015501152724,0.3004676245938646,tvm
2,2,2,1,256,64,[2; 2; 2; 1; 256; 64],0.8934374500531703,0.16373358233081514,tvm
1280,20,375,1,160,16,[1280; 20; 375; 1; 160; 16],2.7184326420538127,0.05381252123841239,tvm
128,4,1,1,80,16,[128; 4; 1; 1; 80; 16],1.1047046760795638,0.13242065273486578,tvm
20,2,10,1,1024,64,[20; 2; 10; 1; 1024; 64],0.37935035896953195,0.38562165772845214,tvm
64,8,3,1,320,64,[64; 8; 3; 1; 320; 64],0.5173258740687743,0.28277285482586706,tvm
320,10,6,1,128,128,[320; 10; 6; 1; 128; 128],1.2089114330010489,0.12100614676343074,tvm
1280,32,500,1,256,64,[1280; 32; 500; 1; 256; 64],2.0020294999703765,0.07306871066978726,tvm
640,32,750,1,5120,16,[640; 32; 750; 1; 5120; 16],2.5317559259710833,0.057780338454073044,tvm
1,1,6,1,2560,16,[1; 1; 6; 1; 2560; 16],1.8825381189817563,0.07770664126835243,tvm
1,1,15,1,320,64,[1; 1; 15; 1; 320; 64],1.882799827028066,0.07769584009183876,tvm
64,64,5,1,256,128,[64; 64; 5; 1; 256; 128],0.7415298760170117,0.19727555020636592,tvm
20,10,10,1,1024,16,[20; 10; 10; 1; 1024; 16],0.4761679309885949,0.3072145450492719,tvm
32,16,12,1,160,16,[32; 16; 12; 1; 160; 16],0.5809875029372051,0.25178805662111686,tvm
20,1,125,1,64,16,[20; 1; 125; 1; 64; 16],0.4353494120296091,0.33601909235096217,tvm
640,2,20,1,1024,64,[640; 2; 20; 1; 1024; 64],1.832843219046481,0.07981354475142617,tvm
8,2,20,1,512,64,[8; 2; 20; 1; 512; 64],0.3675273460103199,0.3980267478698217,tvm
32,8,100,1,128,16,[32; 8; 100; 1; 128; 16],0.5263397920643911,0.27793018215848303,tvm
10,5,500,1,1280,16,[10; 5; 500; 1; 1280; 16],0.5419068830087781,0.2699462193089448,tvm
128,8,125,1,5120,64,[128; 8; 125; 1; 5120; 64],0.5488817479927093,0.2665159022333849,tvm
1280,40,375,1,64,64,[1280; 40; 375; 1; 64; 64],2.1429850260028616,0.06826259283695012,tvm
8,2,375,1,256,64,[8; 2; 375; 1; 256; 64],0.3670447679469362,0.398550059993943,tvm
1280,32,1,1,1024,64,[1280; 32; 1; 1; 1024; 64],1.8198048990452662,0.08038538326963562,tvm
160,5,4,1,160,16,[160; 5; 4; 1; 160; 16],1.131393690011464,0.12929691545675143,tvm
40,8,125,1,32,16,[40; 8; 125; 1; 32; 16],0.6265040839789435,0.23349522856523133,tvm
80,40,750,1,320,16,[80; 40; 750; 1; 320; 16],1.2061614429112524,0.12128203495929342,tvm
1280,1,150,1,128,128,[1280; 1; 150; 1; 128; 128],1.859558833995834,0.07866689217429838,tvm
128,32,20,1,2560,128,[128; 32; 20; 1; 2560; 128],0.51234224694781,0.2855234272738312,tvm
16,2,20,1,64,64,[16; 2; 20; 1; 64; 64],0.36113335203845054,0.40507395248871664,tvm
10,2,1,1,5120,128,[10; 2; 1; 1; 5120; 128],0.5973814560566097,0.24487823115796853,tvm
320,40,60,1,640,16,[320; 40; 60; 1; 640; 16],1.8242287850007415,0.08019044293594722,tvm
128,4,50,1,320,64,[128; 4; 50; 1; 320; 64],0.5089604429667816,0.2874205968404935,tvm
1280,20,25,1,320,64,[1280; 20; 25; 1; 320; 64],1.8412294059526175,0.07945002062903118,tvm
640,1,300,1,2560,128,[640; 1; 300; 1; 2560; 128],1.8580764209618792,0.07872965430021758,tvm
8,1,30,1,1024,64,[8; 1; 30; 1; 1024; 64],0.3646105269435793,0.40121089073314353,tvm
16,16,15,1,512,128,[16; 16; 15; 1; 512; 128],0.41670281800907105,0.35105525560071893,tvm
1280,2,300,1,128,16,[1280; 2; 300; 1; 128; 16],2.7193093160167336,0.05379517270216056,tvm
320,10,750,1,128,128,[320; 10; 750; 1; 128; 128],1.263436476001516,0.11578398840333842,tvm
320,40,75,1,128,128,[320; 40; 75; 1; 128; 128],1.2147613549605012,0.12042341789056245,tvm
80,10,300,1,256,128,[80; 10; 300; 1; 256; 128],0.4653536069672555,0.31435388507906775,tvm
320,32,1500,1,5120,64,[320; 32; 1500; 1; 5120; 64],1.257372573018074,0.1163423772912307,tvm
128,16,300,1,1280,64,[128; 16; 300; 1; 1280; 64],0.5134210271062329,0.2849234966285205,tvm
64,1,20,1,640,128,[64; 1; 20; 1; 640; 128],0.462836978957057,0.31606315168539506,tvm
256,16,50,1,16,16,[256; 16; 50; 1; 16; 16],1.3341762280324474,0.1096449713404402,tvm
20,1,20,1,2560,64,[20; 1; 20; 1; 2560; 64],0.5571028830017895,0.26258294248540875,tvm
128,16,300,1,128,128,[128; 16; 300; 1; 128; 128],0.4585384390084073,0.3190260659543793,tvm
32,4,150,1,160,16,[32; 4; 150; 1; 160; 16],0.5486067370511591,0.2666495039270229,tvm
16,8,10,1,5120,64,[16; 8; 10; 1; 5120; 64],0.31198839005082846,0.4688819166055562,tvm
40,2,6,1,256,64,[40; 2; 6; 1; 256; 64],0.5390398489544168,0.27138200370430265,tvm
64,64,10,1,2560,128,[64; 64; 10; 1; 2560; 128],0.6003913190215826,0.24365061527556112,tvm
640,20,25,1,256,64,[640; 20; 25; 1; 256; 64],2.2261325248982757,0.0657129405592773,tvm
1280,2,12,1,256,64,[1280; 2; 12; 1; 256; 64],2.282889579888433,0.0640791896263609,tvm
128,4,4,1,5120,64,[128; 4; 4; 1; 5120; 64],0.8397218199679628,0.1742073515385076,tvm
20,4,100,1,256,128,[20; 4; 100; 1; 256; 128],0.5367472770158201,0.2725411390981359,tvm
64,64,375,1,512,64,[64; 64; 375; 1; 512; 64],0.3503921729279682,0.41749138704587146,tvm
40,1,300,1,128,16,[40; 1; 300; 1; 128; 16],1.168807253940031,0.1251581163554448,tvm
1280,10,3,1,1280,64,[1280; 10; 3; 1; 1280; 64],1.8248083140933886,0.08016497577083474,tvm
256,16,20,1,320,64,[256; 16; 20; 1; 320; 64],0.5529872040497139,0.26453725007452994,tvm
40,2,75,1,128,128,[40; 2; 75; 1; 128; 128],0.48424273903947324,0.3020917042057904,tvm
160,10,500,1,512,64,[160; 10; 500; 1; 512; 64],0.509904274949804,0.2868885817835416,tvm
32,1,15,1,16,16,[32; 1; 15; 1; 16; 16],1.2125966480234638,0.12063839573048503,tvm
128,1,15,1,2560,16,[128; 1; 15; 1; 2560; 16],1.3067167799454182,0.11194905929946401,tvm
128,8,60,1,64,16,[128; 8; 60; 1; 64; 16],1.220717865973711,0.11983581002890364,tvm
80,10,125,1,1280,64,[80; 10; 125; 1; 1280; 64],0.5186413930496201,0.28205560961023923,tvm
4,2,20,1,640,64,[4; 2; 20; 1; 640; 64],0.5570206689881161,0.2626216986731515,tvm
10,2,500,1,160,16,[10; 2; 500; 1; 160; 16],0.4972426680615172,0.29419380854021226,tvm
1280,20,30,1,512,64,[1280; 20; 30; 1; 512; 64],1.7972941510379314,0.08139219403859674,tvm
1280,32,100,1,16,16,[1280; 32; 100; 1; 16; 16],2.7345053900498897,0.05349622451577811,tvm
64,32,75,1,5120,128,[64; 32; 75; 1; 5120; 128],0.5130382960196584,0.285136052066002,tvm
80,4,150,1,640,64,[80; 4; 150; 1; 640; 64],0.5160023448988795,0.28349815796744443,tvm
10,5,250,1,128,16,[10; 5; 250; 1; 128; 16],0.42646219092421234,0.34302153250371287,tvm
320,4,25,1,80,16,[320; 4; 25; 1; 80; 16],1.8262100650463253,0.08010344323778737,tvm
320,5,1500,1,256,16,[320; 5; 1500; 1; 256; 16],1.841294425074011,0.07944721511869798,tvm
1280,10,250,1,256,16,[1280; 10; 250; 1; 256; 16],3.020913982996717,0.04842432293970857,tvm
20,20,1,1,2560,128,[20; 20; 1; 1; 2560; 128],0.5163146459963173,0.2833266796130314,tvm
4,4,75,1,1280,128,[4; 4; 75; 1; 1280; 128],0.5043395339744166,0.2900540299367745,tvm
20,4,500,1,128,128,[20; 4; 500; 1; 128; 128],0.5175407029455528,0.2826554770535683,tvm
640,8,6,1,320,16,[640; 8; 6; 1; 320; 16],2.411982854944654,0.06064956638718355,tvm
10,10,12,1,2560,64,[10; 10; 12; 1; 2560; 64],0.31868197803851217,0.4590335330102536,tvm
640,10,1,1,32,16,[640; 10; 1; 1; 32; 16],2.625030347961001,0.05572724688662822,tvm
256,8,125,1,1024,64,[256; 8; 125; 1; 1024; 64],0.5378360240720212,0.27198943123624847,tvm
256,64,6,1,5120,16,[256; 64; 6; 1; 5120; 16],1.4715056699933484,0.0994122668153739,tvm
8,8,2,1,2560,64,[8; 8; 2; 1; 2560; 64],0.580151661997661,0.2521508148093594,tvm
64,32,60,1,1280,16,[64; 32; 60; 1; 1280; 16],0.8040319589199498,0.18194017372421217,tvm
320,40,125,1,1024,128,[320; 40; 125; 1; 1024; 128],1.2583956640446559,0.11624778951918191,tvm
320,5,125,1,320,16,[320; 5; 125; 1; 320; 16],1.7957908470416442,0.08146032959612359,tvm
8,1,375,1,64,16,[8; 1; 375; 1; 64; 16],0.4705006720032543,0.31091499543002243,tvm
64,64,250,1,1024,16,[64; 64; 250; 1; 1024; 16],0.813740354962647,0.17976952156001805,tvm
128,4,20,1,512,128,[128; 4; 20; 1; 512; 128],0.4525524959899485,0.32324584569071385,tvm
32,8,20,1,80,16,[32; 8; 20; 1; 80; 16],0.5518502439372241,0.26508226804798707,tvm
640,64,75,1,32,16,[640; 64; 75; 1; 32; 16],3.0115073369815946,0.048575579574159394,tvm
256,64,30,1,80,16,[256; 64; 30; 1; 80; 16],1.2161496090702713,0.12028595264487862,tvm
5,5,2,1,1280,16,[5; 5; 2; 1; 1280; 16],0.44474160904064775,0.3289229325793628,tvm
2,2,4,1,5120,16,[2; 2; 4; 1; 5120; 16],1.1182759630028158,0.13081360873831635,tvm
640,20,60,1,32,16,[640; 20; 60; 1; 32; 16],3.020385326934047,0.048432798617190666,tvm
320,64,1,1,512,128,[320; 64; 1; 1; 512; 128],1.2006051590433344,0.1218433164174287,tvm
256,1,50,1,640,64,[256; 1; 50; 1; 640; 64],0.5527851129882038,0.2646339614591538,tvm
640,32,3,1,640,128,[640; 32; 3; 1; 640; 128],1.8050169989001006,0.08104395381032671,tvm
16,2,15,1,64,64,[16; 2; 15; 1; 64; 64],0.35010217397939414,0.41783720627317267,tvm
1280,5,150,1,1280,128,[1280; 5; 150; 1; 1280; 128],1.8385995459975675,0.07956366279115128,tvm
16,4,1500,1,512,64,[16; 4; 1500; 1; 512; 64],0.40942456596530974,0.3572958890261338,tvm
1,1,4,1,640,64,[1; 1; 4; 1; 640; 64],1.8776990589685738,0.07790690078210377,tvm
16,2,750,1,128,64,[16; 2; 750; 1; 128; 64],0.34769997000694275,0.42072397729224226,tvm
160,5,750,1,256,64,[160; 5; 750; 1; 256; 64],0.5244830589508638,0.2789140884327764,tvm
320,16,20,1,640,16,[320; 16; 20; 1; 640; 16],1.8094306190032512,0.08084626884798585,tvm
128,8,75,1,320,16,[128; 8; 75; 1; 320; 16],1.172007989953272,0.12481631144131254,tvm
256,32,5,1,128,16,[256; 32; 5; 1; 128; 16],1.2419514779467136,0.11778698031549889,tvm
1280,40,125,1,2560,64,[1280; 40; 125; 1; 2560; 64],1.8161167739890516,0.0805486279191187,tvm
20,2,4,1,160,16,[20; 2; 4; 1; 160; 16],0.5802558999275789,0.2521055181067044,tvm
40,5,300,1,256,64,[40; 5; 300; 1; 256; 64],0.5447510910453275,0.26853679908195394,tvm
160,20,750,1,128,128,[160; 20; 750; 1; 128; 128],0.4571792019996792,0.31997456062276636,tvm
4,1,1500,1,640,16,[4; 1; 1500; 1; 640; 16],1.077052464010194,0.1358204165292451,tvm
640,32,60,1,32,16,[640; 32; 60; 1; 32; 16],2.6580212699482217,0.05503556948156549,tvm
20,5,500,1,80,16,[20; 5; 500; 1; 80; 16],0.4561121939914301,0.3207230944771954,tvm
160,2,6,1,5120,16,[160; 2; 6; 1; 5120; 16],1.4818698890740052,0.09871697600733739,tvm
80,2,125,1,32,16,[80; 2; 125; 1; 32; 16],1.239928063005209,0.11797919464066502,tvm
32,2,375,1,256,128,[32; 2; 375; 1; 256; 128],0.5042171280365437,0.2901244447116681,tvm
128,16,4,1,2560,16,[128; 16; 4; 1; 2560; 16],1.3604957649949938,0.1075238292169565,tvm
160,16,4,1,512,16,[160; 16; 4; 1; 512; 16],1.1189198099309579,0.1307383361947455,tvm
1280,20,12,1,128,16,[1280; 20; 12; 1; 128; 16],2.404313601087779,0.06084302572656518,tvm
8,4,50,1,2560,16,[8; 4; 50; 1; 2560; 16],0.5384157029911876,0.27169659702162996,tvm
80,4,750,1,5120,16,[80; 4; 750; 1; 5120; 16],1.243007306009531,0.11768693038123834,tvm
40,10,10,1,128,64,[40; 10; 10; 1; 128; 64],0.5380658369977027,0.2718732620193072,tvm
5,1,300,1,5120,16,[5; 1; 300; 1; 5120; 16],1.0523603309411556,0.1390072487385446,tvm
1280,2,4,1,5120,64,[1280; 2; 4; 1; 5120; 64],1.8349940270418301,0.07971999479559047,tvm
64,4,60,1,128,64,[64; 4; 60; 1; 128; 64],0.5235812369501218,0.27939449308350595,tvm
64,16,750,1,1280,16,[64; 16; 750; 1; 1280; 16],0.8106830579927191,0.18044747925030416,tvm
160,8,125,1,16,16,[160; 8; 125; 1; 16; 16],1.29394747200422,0.11305382749357636,tvm
128,16,500,1,64,64,[128; 16; 500; 1; 64; 64],0.5203198209637776,0.2811457653386187,tvm
128,4,750,1,1280,16,[128; 4; 750; 1; 1280; 16],1.182012240984477,0.1237598979210871,tvm
320,16,500,1,5120,64,[320; 16; 500; 1; 5120; 64],1.3012882909970358,0.11241606898163316,tvm
80,2,50,1,2560,64,[80; 2; 50; 1; 2560; 64],0.5385382269741967,0.27163478274815833,tvm
320,20,30,1,256,128,[320; 20; 30; 1; 256; 128],1.3079611499560997,0.11184255303808084,tvm
1,1,15,1,320,16,[1; 1; 15; 1; 320; 16],1.890788814984262,0.07736755851654005,tvm
160,8,1500,1,512,64,[160; 8; 1500; 1; 512; 64],0.5214379520621151,0.2805428981668913,tvm
320,8,15,1,1024,64,[320; 8; 15; 1; 1024; 64],1.282709797960706,0.11404427916453441,tvm
16,2,10,1,1280,16,[16; 2; 10; 1; 1280; 16],0.4744999959366396,0.30829444792081295,tvm
5,5,2,1,2560,16,[5; 5; 2; 1; 2560; 16],0.4990490139462054,0.2931289516614155,tvm
640,20,30,1,1280,16,[640; 20; 30; 1; 1280; 16],2.4120177269214764,0.06064868954028075,tvm
40,10,100,1,1280,16,[40; 10; 100; 1; 1280; 16],0.6487009520642459,0.22550562600565827,tvm
4,2,4,1,1280,64,[4; 2; 4; 1; 1280; 64],0.5161020540399477,0.28344338709876826,tvm
1280,32,60,1,5120,64,[1280; 32; 60; 1; 5120; 64],1.8192088729701936,0.08041171987407687,tvm
20,10,150,1,1024,16,[20; 10; 150; 1; 1024; 16],0.5695503490278497,0.2568442184881556,tvm
10,5,100,1,5120,128,[10; 5; 100; 1; 5120; 128],0.6193595769582316,0.236188669276974,tvm
32,8,6,1,1024,64,[32; 8; 6; 1; 1024; 64],0.536755496985279,0.2725369653544998,tvm
32,8,5,1,1024,128,[32; 8; 5; 1; 1024; 128],0.4968544919975102,0.2944236524814339,tvm
20,4,500,1,1024,16,[20; 4; 500; 1; 1024; 16],0.5220466799801216,0.280215773599565,tvm
128,4,75,1,32,16,[128; 4; 75; 1; 32; 16],1.259241356048733,0.11616971884145535,tvm
20,5,1500,1,128,64,[20; 5; 1500; 1; 128; 64],0.3440224319929257,0.4252214410504558,tvm
40,4,6,1,5120,16,[40; 4; 6; 1; 5120; 16],0.6964958199532703,0.2100310010410816,tvm
16,2,25,1,512,128,[16; 2; 25; 1; 512; 128],0.565512610017322,0.2586780766590394,tvm
640,4,375,1,1024,16,[640; 4; 375; 1; 1024; 16],2.487468195031397,0.05880907927904898,tvm
10,2,750,1,1280,16,[10; 2; 750; 1; 1280; 16],0.5597648340044543,0.26133423430552666,tvm
640,5,2,1,2560,64,[640; 5; 2; 1; 2560; 64],1.8050968300085515,0.08104036960999,tvm
40,5,4,1,1280,128,[40; 5; 4; 1; 1280; 128],0.4831518610008061,0.302773777964337,tvm
64,8,100,1,256,16,[64; 8; 100; 1; 256; 16],0.7643595130648464,0.19138338934142862,tvm
1280,1,20,1,160,16,[1280; 1; 20; 1; 160; 16],2.6979403879959136,0.05422125519770227,tvm
8,2,1,1,2560,128,[8; 2; 1; 1; 2560; 128],0.6205244200536981,0.23574529794178803,tvm
10,10,12,1,64,64,[10; 10; 12; 1; 64; 64],0.38237130199559033,0.3825750351092021,tvm
4,4,60,1,80,16,[4; 4; 60; 1; 80; 16],0.5482297430280596,0.26683286732625716,tvm
1280,5,100,1,320,16,[1280; 5; 100; 1; 320; 16],2.522124028066173,0.058000999418683696,tvm
64,64,10,1,64,16,[64; 64; 10; 1; 64; 16],0.8479484169511124,0.17251723260678986,tvm
80,2,20,1,2560,64,[80; 2; 20; 1; 2560; 64],0.5337321390397847,0.27408076745929305,tvm
160,2,25,1,512,64,[160; 2; 25; 1; 512; 64],0.5009340749820694,0.29202588043336936,tvm
8,1,30,1,160,16,[8; 1; 30; 1; 160; 16],0.4989047240233049,0.293213728477105,tvm
320,2,60,1,256,16,[320; 2; 60; 1; 256; 16],1.8582029569661245,0.07872429313348742,tvm
160,4,125,1,128,16,[160; 4; 125; 1; 128; 16],1.1900091640418395,0.12292822501371177,tvm
8,8,1,1,2560,16,[8; 8; 1; 1; 2560; 16],0.6409793470520526,0.2282221961729365,tvm
80,10,30,1,5120,64,[80; 10; 30; 1; 5120; 64],0.5890379080083221,0.24834685899985834,tvm
64,1,12,1,128,64,[64; 1; 12; 1; 128; 64],0.5262873560423031,0.2779578734054857,tvm
4,1,60,1,320,64,[4; 1; 60; 1; 320; 64],0.5419377189828083,0.2699308595096236,tvm
40,20,5,1,256,128,[40; 20; 5; 1; 256; 128],0.48947611998301,0.29886180002160667,tvm
16,1,500,1,5120,16,[16; 1; 500; 1; 5120; 16],0.7485868840012699,0.19541581266265698,tvm
20,10,125,1,2560,16,[20; 10; 125; 1; 2560; 16],0.5763903770130128,0.253796246640689,tvm
640,16,100,1,512,16,[640; 16; 100; 1; 512; 16],2.4081864199833944,0.06074517864224274,tvm
1280,20,125,1,2560,128,[1280; 20; 125; 1; 2560; 128],1.898116330965422,0.07706888766470403,tvm
1280,1,30,1,32,16,[1280; 1; 30; 1; 32; 16],2.8099304999923334,0.052060260666985686,tvm
40,20,60,1,5120,128,[40; 20; 60; 1; 5120; 128],0.5392344610299915,0.2712840607521523,tvm
40,8,375,1,80,16,[40; 8; 375; 1; 80; 16],0.6023891809163615,0.24284253256870042,tvm
80,40,150,1,128,64,[80; 40; 150; 1; 128; 64],0.5186100880382583,0.2820726354149183,tvm
1280,40,375,1,640,16,[1280; 40; 375; 1; 640; 16],2.6441181750269607,0.055324953198895015,tvm
40,20,125,1,1024,16,[40; 20; 125; 1; 1024; 16],0.6554452379932627,0.22318525760228036,tvm
10,2,5,1,256,16,[10; 2; 5; 1; 256; 16],0.4989568740129471,0.29318308235576773,tvm
1280,8,60,1,5120,16,[1280; 8; 60; 1; 5120; 16],2.4176315820077434,0.06050786040949632,tvm
20,4,30,1,1280,64,[20; 4; 30; 1; 1280; 64],0.3453387300251052,0.4236006609368133,tvm
40,8,25,1,256,64,[40; 8; 25; 1; 256; 64],0.5435051950626075,0.26915237538596726,tvm
320,64,750,1,640,64,[320; 64; 750; 1; 640; 64],1.2628711109282449,0.1158358228482955,tvm
1280,5,100,1,1280,64,[1280; 5; 100; 1; 1280; 64],1.8232168579706922,0.08023495046471636,tvm
20,10,30,1,256,128,[20; 10; 30; 1; 256; 128],0.5431930610211566,0.26930703792627547,tvm
128,64,4,1,1024,64,[128; 64; 4; 1; 1024; 64],0.4999596120323986,0.2925950632112952,tvm
5,1,750,1,1280,128,[5; 1; 750; 1; 1280; 128],0.4750128040323034,0.307961623442399,tvm
10,1,15,1,2560,64,[10; 1; 15; 1; 2560; 64],0.32176144409459084,0.45464028388283056,tvm
320,5,2,1,512,64,[320; 5; 2; 1; 512; 64],1.2172050951048732,0.12018164800165453,tvm
320,8,12,1,80,16,[320; 8; 12; 1; 80; 16],1.8124886610312387,0.08070986452543276,tvm
4,4,60,1,640,128,[4; 4; 60; 1; 640; 128],0.5430312269600108,0.2693872967575894,tvm
128,4,5,1,64,64,[128; 4; 5; 1; 64; 64],0.5260119689628482,0.2781033948222694,tvm
320,5,125,1,256,16,[320; 5; 125; 1; 256; 16],1.8116623989772052,0.08074667463888503,tvm
16,16,10,1,1280,128,[16; 16; 10; 1; 1280; 128],0.4378417149418965,0.33410638889244954,tvm
320,20,20,1,128,128,[320; 20; 20; 1; 128; 128],1.2448568310355768,0.11751207901074176,tvm
160,20,10,1,128,128,[160; 20; 10; 1; 128; 128],0.45826879097148776,0.3192137827574992,tvm
10,2,5,1,512,16,[10; 2; 5; 1; 512; 16],0.47873917303513736,0.30556453811432216,tvm
640,40,1500,1,128,64,[640; 40; 1500; 1; 128; 64],2.1747320080175996,0.06726608784273269,tvm
16,4,1500,1,128,16,[16; 4; 1500; 1; 128; 16],0.5328123159706593,0.2745539280923264,tvm
320,1,100,1,640,64,[320; 1; 100; 1; 640; 64],1.2213619900867343,0.11977261080093536,tvm
40,5,2,1,256,64,[40; 5; 2; 1; 256; 64],0.5425332890590653,0.2696345408397387,tvm
16,8,15,1,64,16,[16; 8; 15; 1; 64; 16],0.4322968649212271,0.33839180007093134,tvm
160,40,4,1,1280,16,[160; 40; 4; 1; 1280; 16],1.202339823008515,0.12166752816992764,tvm
256,64,125,1,320,64,[256; 64; 125; 1; 320; 64],0.560299425967969,0.26108489051723055,tvm
640,40,50,1,128,128,[640; 40; 50; 1; 128; 128],1.923783182981424,0.07604064511001957,tvm
5,5,1500,1,320,16,[5; 5; 1500; 1; 320; 16],0.9222637539496645,0.15861592050997844,tvm
1,1,6,1,1280,64,[1; 1; 6; 1; 1280; 64],1.926169004989788,0.07594645843991757,tvm
16,4,500,1,256,128,[16; 4; 500; 1; 256; 128],0.5582934499252588,0.2620229814720166,tvm
160,32,10,1,2560,128,[160; 32; 10; 1; 2560; 128],0.5890321360202506,0.24834929257694197,tvm
640,64,15,1,512,16,[640; 64; 15; 1; 512; 16],2.420246651978232,0.06044248182975279,tvm
640,2,75,1,320,64,[640; 2; 75; 1; 320; 64],1.8530067360261455,0.07894505262265288,tvm
160,1,15,1,2560,128,[160; 1; 15; 1; 2560; 128],0.5334489729721099,0.2742262553636269,tvm
256,8,75,1,160,16,[256; 8; 75; 1; 160; 16],1.2147286960389465,0.12042665556739601,tvm
160,8,100,1,256,64,[160; 8; 100; 1; 256; 64],0.5079664950026199,0.28798299833724234,tvm
128,8,25,1,320,16,[128; 8; 25; 1; 320; 16],1.1396085689775646,0.12836487743941685,tvm
32,8,1500,1,320,16,[32; 8; 1500; 1; 320; 16],0.6569735710509121,0.22266605649251892,tvm
320,8,10,1,64,64,[320; 8; 10; 1; 64; 64],1.4133795308880508,0.10350066000587999,tvm
2,1,50,1,160,16,[2; 1; 50; 1; 160; 16],0.9877060070866719,0.14810653497714085,tvm
16,8,20,1,320,64,[16; 8; 20; 1; 320; 64],0.3540593800134957,0.41316717630850036,tvm
640,20,300,1,1024,16,[640; 20; 300; 1; 1024; 16],2.4169733930611983,0.06052433787880358,tvm
16,16,125,1,640,16,[16; 16; 125; 1; 640; 16],0.5499367979355156,0.2660045933184988,tvm
64,16,2,1,1280,128,[64; 16; 2; 1; 1280; 128],0.46008664299733937,0.31795253461978956,tvm
640,2,125,1,512,128,[640; 2; 125; 1; 512; 128],1.8441453200066462,0.07932439634702275,tvm
160,8,60,1,640,64,[160; 8; 60; 1; 640; 64],0.5061568239470944,0.2890126288231267,tvm
128,64,375,1,1024,16,[128; 64; 375; 1; 1024; 16],1.1733407760038972,0.12467453384167433,tvm
32,32,100,1,1280,64,[32; 32; 100; 1; 1280; 64],0.34624926501419395,0.4224867142453502,tvm
20,5,4,1,16,16,[20; 5; 4; 1; 16; 16],0.5396768870996311,0.27106166260314224,tvm
10,10,2,1,160,16,[10; 10; 2; 1; 160; 16],0.3310759529704228,0.44184940939755585,tvm
320,4,125,1,128,16,[320; 4; 125; 1; 128; 16],1.8080465350067243,0.0809081577566643,tvm
320,32,750,1,64,16,[320; 32; 750; 1; 64; 16],1.8658826110186055,0.07840027739250721,tvm
1280,64,1,1,320,16,[1280; 64; 1; 1; 320; 16],2.441099153016694,0.05992616649960138,tvm
320,40,500,1,5120,64,[320; 40; 500; 1; 5120; 64],1.2242125839693472,0.11949371882079683,tvm
256,32,4,1,640,16,[256; 32; 4; 1; 640; 16],1.20774106902536,0.12112340801970575,tvm
10,2,5,1,256,128,[10; 2; 5; 1; 256; 128],0.5117558110505342,0.28585061688975927,tvm
320,5,20,1,1280,16,[320; 5; 20; 1; 1280; 16],1.798526868922636,0.08133640748627971,tvm
10,10,25,1,320,64,[10; 10; 25; 1; 320; 64],0.35461711103562266,0.4125173595219418,tvm
16,8,375,1,64,16,[16; 8; 375; 1; 64; 16],0.42901406006421894,0.34098116566113673,tvm
256,64,1500,1,512,16,[256; 64; 1500; 1; 512; 16],1.311113003990613,0.11157368879758411,tvm
80,4,5,1,256,16,[80; 4; 5; 1; 256; 16],1.139787730993703,0.1283446999014262,tvm
128,32,50,1,1280,128,[128; 32; 50; 1; 1280; 128],0.4591792649589479,0.31858083639467627,tvm
8,1,750,1,2560,16,[8; 1; 750; 1; 2560; 16],0.56642395502422,0.25826187785341664,tvm
320,40,50,1,640,128,[320; 40; 50; 1; 640; 128],1.2524499340215698,0.1167996502790306,tvm
128,32,5,1,512,16,[128; 32; 5; 1; 512; 16],1.1201299719978124,0.13059708957238758,tvm
8,2,500,1,512,64,[8; 2; 500; 1; 512; 64],0.43622305197641253,0.3353461345587584,tvm
640,8,50,1,256,128,[640; 8; 50; 1; 256; 128],2.012536916998215,0.07268722031887281,tvm
16,8,50,1,1024,64,[16; 8; 50; 1; 1024; 64],0.3980963989160955,0.36746304333324575,tvm
20,1,60,1,2560,16,[20; 1; 60; 1; 2560; 16],0.5754789490019903,0.2541982022790001,tvm
1280,16,250,1,256,64,[1280; 16; 250; 1; 256; 64],2.3194808299886063,0.06306830062761626,tvm
320,20,60,1,512,128,[320; 20; 60; 1; 512; 128],1.1998446310171857,0.12192054746429831,tvm
64,1,300,1,512,64,[64; 1; 300; 1; 512; 64],0.5216615750687197,0.28042263658473165,tvm
40,10,15,1,1024,64,[40; 10; 15; 1; 1024; 64],0.5277532869949937,0.27718579474636595,tvm
320,16,250,1,5120,16,[320; 16; 250; 1; 5120; 16],1.80056790006347,0.08124420871912563,tvm
40,40,12,1,512,16,[40; 40; 12; 1; 512; 16],0.6419314049417153,0.22788371648368946,tvm
16,2,1500,1,1280,16,[16; 2; 1500; 1; 1280; 16],0.5885913680540398,0.24853526950174964,tvm
10,5,10,1,2560,128,[10; 5; 10; 1; 2560; 128],0.40567546989768744,0.3605978796859667,tvm
20,20,3,1,64,64,[20; 20; 3; 1; 64; 64],0.3614455950446427,0.404724020132674,tvm
40,10,30,1,320,16,[40; 10; 30; 1; 320; 16],0.6071888899896294,0.24092290998310725,tvm
320,1,150,1,640,64,[320; 1; 150; 1; 640; 64],1.2677507470361888,0.11538996496567512,tvm
640,8,60,1,512,64,[640; 8; 60; 1; 512; 64],1.7990533449919894,0.08131260515033013,tvm
1280,32,300,1,512,16,[1280; 32; 300; 1; 512; 16],2.501583821955137,0.05847723870047388,tvm
128,16,5,1,160,16,[128; 16; 5; 1; 160; 16],1.1375122199533507,0.12860144420401343,tvm
8,8,6,1,1280,128,[8; 8; 6; 1; 1280; 128],0.4652359299361706,0.3144333979230374,tvm
160,1,500,1,160,16,[160; 1; 500; 1; 160; 16],1.218373692012392,0.12006637638743962,tvm
160,16,30,1,640,128,[160; 16; 30; 1; 640; 128],0.4485144600039348,0.3261560714997482,tvm
64,8,30,1,32,16,[64; 8; 30; 1; 32; 16],0.8072011029580608,0.1812258602591562,tvm
1280,4,20,1,512,16,[1280; 4; 20; 1; 512; 16],2.436997998971492,0.06002701452666459,tvm
160,8,750,1,512,64,[160; 8; 750; 1; 512; 64],0.5149452259065583,0.28408014469534904,tvm
640,40,375,1,128,16,[640; 40; 375; 1; 128; 16],2.706445661955513,0.054050859524745504,tvm
8,1,150,1,128,128,[8; 1; 150; 1; 128; 128],0.35839885601308197,0.40816456813794827,tvm
640,2,4,1,512,16,[640; 2; 4; 1; 512; 16],2.429977986961603,0.06020042776956473,tvm
640,8,60,1,64,16,[640; 8; 60; 1; 64; 16],2.909270406002179,0.05028261174482409,tvm
64,2,125,1,1024,64,[64; 2; 125; 1; 1024; 64],0.5160921670030802,0.2834488171661036,tvm
128,16,60,1,64,16,[128; 16; 60; 1; 64; 16],1.2262604989809915,0.11929415846573876,tvm
320,64,250,1,1024,128,[320; 64; 250; 1; 1024; 128],1.192595837987028,0.12266160054074032,tvm
20,5,15,1,512,16,[20; 5; 15; 1; 512; 16],0.4394021579064429,0.33291988137404943,tvm
32,32,6,1,5120,16,[32; 32; 6; 1; 5120; 16],0.6442906919401139,0.22704924363444223,tvm
32,4,12,1,512,128,[32; 4; 12; 1; 512; 128],0.502924990025349,0.2908698457762877,tvm
256,16,1,1,256,128,[256; 16; 1; 1; 256; 128],0.5124281659955159,0.28547555343980524,tvm
640,40,750,1,640,128,[640; 40; 750; 1; 640; 128],1.9662402529502288,0.07439869775131555,tvm
20,5,25,1,2560,128,[20; 5; 25; 1; 2560; 128],0.5261175319319591,0.2780475947048138,tvm
1280,40,300,1,2560,128,[1280; 40; 300; 1; 2560; 128],1.933022674988024,0.07567718484555315,tvm
40,1,500,1,256,128,[40; 1; 500; 1; 256; 128],0.4928647909546271,0.2968069883879802,tvm
1280,8,2,1,1024,16,[1280; 8; 2; 1; 1024; 16],2.4335643120575696,0.06011171086003898,tvm
1280,32,25,1,640,128,[1280; 32; 25; 1; 640; 128],1.805219148984179,0.08103487843458299,tvm
640,5,100,1,2560,128,[640; 5; 100; 1; 2560; 128],1.8691582289757207,0.0782628843390521,tvm
80,4,100,1,320,64,[80; 4; 100; 1; 320; 64],0.5195186659693718,0.2815793230696711,tvm
32,1,25,1,1280,64,[32; 1; 25; 1; 1280; 64],0.5351279879687354,0.27336584438611156,tvm
128,4,20,1,32,16,[128; 4; 20; 1; 32; 16],1.2019544850336388,0.12170653390558316,tvm
40,40,125,1,512,64,[40; 40; 125; 1; 512; 64],0.35053891909774393,0.41731661255258257,tvm
40,2,125,1,128,128,[40; 2; 125; 1; 128; 128],0.48334797099232674,0.3026509327956538,tvm
320,1,250,1,2560,16,[320; 1; 250; 1; 2560; 16],1.7914073519641533,0.08165965944335453,tvm
16,8,500,1,640,16,[16; 8; 500; 1; 640; 16],0.5565820100018755,0.26282867871568716,tvm
2,1,1,1,640,16,[2; 1; 1; 1; 640; 16],1.0106181349838153,0.1447487524930047,tvm
80,20,250,1,16,16,[80; 20; 250; 1; 16; 16],1.3070998690091074,0.11191624890652868,tvm
1280,16,375,1,1280,16,[1280; 16; 375; 1; 1280; 16],2.5079578770091757,0.05832861693042665,tvm
64,64,75,1,2560,64,[64; 64; 75; 1; 2560; 64],0.3685343690449372,0.3969391366802942,tvm
320,32,3,1,1280,64,[320; 32; 3; 1; 1280; 64],1.3665407790103927,0.10704818804723117,tvm
10,10,60,1,1280,128,[10; 10; 60; 1; 1280; 128],0.371692979009822,0.393565987378655,tvm
80,1,150,1,5120,128,[80; 1; 150; 1; 5120; 128],0.48489351593889296,0.3016862661123921,tvm
640,32,150,1,2560,16,[640; 32; 150; 1; 2560; 16],2.4731553700985387,0.059149423467028596,tvm
256,4,30,1,1280,128,[256; 4; 30; 1; 1280; 128],0.5324842649279162,0.2747230743156652,tvm
20,4,125,1,512,16,[20; 4; 125; 1; 512; 16],0.509920520009473,0.2868794420804966,tvm
320,20,50,1,64,64,[320; 20; 50; 1; 64; 64],1.4107488370500505,0.10369366285752563,tvm
80,8,125,1,512,64,[80; 8; 125; 1; 512; 64],0.5150479319272563,0.28402349610128175,tvm
20,2,20,1,640,64,[20; 2; 20; 1; 640; 64],0.3643817430129275,0.4014627985368751,tvm
320,2,30,1,256,128,[320; 2; 30; 1; 256; 128],1.3393724100897089,0.10921959656905007,tvm
640,40,375,1,128,128,[640; 40; 375; 1; 128; 128],1.9944601830793545,0.07334601890114241,tvm
10,10,150,1,512,16,[10; 10; 150; 1; 512; 16],0.5166924669174477,0.28311950270621317,tvm
32,2,5,1,16,16,[32; 2; 5; 1; 16; 16],0.6298320679925382,0.23226145780726964,tvm
4,2,15,1,2560,64,[4; 2; 15; 1; 2560; 64],0.5151549170259386,0.2839645113556174,tvm
160,8,500,1,256,128,[160; 8; 500; 1; 256; 128],0.46139016503002495,0.3170542533696937,tvm
320,8,60,1,1024,16,[320; 8; 60; 1; 1024; 16],1.7810524109518155,0.08213442422367428,tvm
80,20,3,1,256,16,[80; 20; 3; 1; 256; 16],1.1279107519658282,0.1296961785591226,tvm
32,4,300,1,1280,64,[32; 4; 300; 1; 1280; 64],0.5488854839932173,0.2665140881873312,tvm
128,2,20,1,1280,16,[128; 2; 20; 1; 1280; 16],1.156814811984077,0.1264556027207299,tvm
20,10,6,1,64,16,[20; 10; 6; 1; 64; 16],0.4964989550644532,0.2946344857195604,tvm
160,32,25,1,256,64,[160; 32; 25; 1; 256; 64],0.5056953630410135,0.2892763607837355,tvm
64,32,750,1,512,128,[64; 32; 750; 1; 512; 128],0.47974554006941617,0.3049235523159792,tvm
256,8,100,1,2560,16,[256; 8; 100; 1; 2560; 16],1.2234997670166194,0.11956333644624816,tvm
64,2,6,1,256,128,[64; 2; 6; 1; 256; 128],0.4690345450071618,0.3118868659950849,tvm
160,40,300,1,5120,64,[160; 40; 300; 1; 5120; 64],0.5373720019124448,0.27222429483691063,tvm
32,32,60,1,128,128,[32; 32; 60; 1; 128; 128],0.32509853097144514,0.44997347065392684,tvm
320,64,750,1,256,16,[320; 64; 750; 1; 256; 16],1.8292887030402198,0.07996863154656347,tvm
1280,20,1500,1,80,16,[1280; 20; 1500; 1; 80; 16],3.0204885950079188,0.04843114273878951,tvm
640,10,300,1,320,16,[640; 10; 300; 1; 320; 16],2.5543668949976563,0.057268873383926513,tvm
20,20,50,1,640,128,[20; 20; 50; 1; 640; 128],0.3715926150325686,0.3936722861752593,tvm
5,1,375,1,128,128,[5; 1; 375; 1; 128; 128],0.36332546395715326,0.40262995247414224,tvm
16,8,6,1,5120,128,[16; 8; 6; 1; 5120; 128],0.5627603289904073,0.25994318851179693,tvm
128,16,100,1,160,16,[128; 16; 100; 1; 160; 16],1.18551810097415,0.12339391036333407,tvm
160,5,3,1,256,16,[160; 5; 3; 1; 256; 16],1.1185331019805744,0.1307835360676298,tvm
640,16,60,1,5120,64,[640; 16; 60; 1; 5120; 64],1.8479079710086808,0.07916287855280164,tvm
80,1,3,1,64,64,[80; 1; 3; 1; 64; 64],0.5278412870829925,0.2771395831768533,tvm
160,16,1,1,640,16,[160; 16; 1; 1; 640; 16],1.0805652759736404,0.13537887764707593,tvm
64,16,1,1,640,64,[64; 16; 1; 1; 640; 64],0.5091015859507024,0.2873409125460464,tvm
40,40,1500,1,320,64,[40; 40; 1500; 1; 320; 64],0.3611329470295459,0.4050744067772526,tvm
16,1,375,1,1280,16,[16; 1; 375; 1; 1280; 16],0.5544315719744191,0.26384809538311027,tvm
32,16,6,1,128,128,[32; 16; 6; 1; 128; 128],0.4854150640312582,0.3013621231093361,tvm
10,2,15,1,1280,64,[10; 2; 15; 1; 1280; 64],0.3298408039845526,0.4435039950138045,tvm
16,16,125,1,2560,128,[16; 16; 125; 1; 2560; 128],0.3640959389740601,0.40177793440353743,tvm
20,20,300,1,160,16,[20; 20; 300; 1; 160; 16],0.5030343439429998,0.2908066139959031,tvm
1280,64,6,1,1024,64,[1280; 64; 6; 1; 1024; 64],1.8021244590636343,0.08117403520604946,tvm
40,2,300,1,512,64,[40; 2; 300; 1; 512; 64],0.5417789680650458,0.2700099540743916,tvm
4,1,2,1,80,16,[4; 1; 2; 1; 80; 16],0.39858862897381186,0.36700925127326095,tvm
640,10,60,1,160,16,[640; 10; 60; 1; 160; 16],2.6141806930536404,0.0559585321222907,tvm
64,4,30,1,5120,16,[64; 4; 30; 1; 5120; 16],1.2572057379875332,0.11635781627904478,tvm
160,10,250,1,32,16,[160; 10; 250; 1; 32; 16],1.2286565999966115,0.11906151343354826,tvm
80,1,1,1,5120,16,[80; 1; 1; 1; 5120; 16],2.2470057820901275,0.0651025090596971,tvm
128,8,2,1,512,128,[128; 8; 2; 1; 512; 128],0.45123821997549385,0.3241873312363897,tvm
640,16,5,1,512,64,[640; 16; 5; 1; 512; 64],1.8371426539961249,0.07962675841612835,tvm
1280,40,500,1,64,16,[1280; 40; 500; 1; 64; 16],2.7888273620046675,0.052454202177850504,tvm
1280,10,20,1,512,16,[1280; 10; 20; 1; 512; 16],2.4065757730277255,0.06078583351716845,tvm
4,1,1,1,1280,128,[4; 1; 1; 1; 1280; 128],0.5325465078931302,0.274690965235041,tvm
10,10,1,1,512,64,[10; 10; 1; 1; 512; 64],0.3489180769538507,0.41925518896248715,tvm
5,1,125,1,640,16,[5; 1; 125; 1; 640; 16],0.6602439070120454,0.22156314163917834,tvm
20,5,2,1,128,128,[20; 5; 2; 1; 128; 128],0.5184853120008484,0.2821405175803224,tvm
640,2,30,1,32,16,[640; 2; 30; 1; 32; 16],2.7297245180234313,0.05358991844042873,tvm
16,4,20,1,160,16,[16; 4; 20; 1; 160; 16],0.43147523794323206,0.3390361750144296,tvm
1280,4,30,1,512,16,[1280; 4; 30; 1; 512; 16],2.4296812049578875,0.060207781163722586,tvm
4,1,5,1,1024,16,[4; 1; 5; 1; 1024; 16],0.5355944039765745,0.2731277869962817,tvm
640,40,75,1,2560,16,[640; 40; 75; 1; 2560; 16],2.435475636040792,0.06006453610988378,tvm
40,10,1500,1,2560,128,[40; 10; 1500; 1; 2560; 128],0.503742255968973,0.29039794170994554,tvm
1280,2,2,1,1280,16,[1280; 2; 2; 1; 1280; 16],2.405237252009101,0.06081966099748432,tvm
1280,16,75,1,160,16,[1280; 16; 75; 1; 160; 16],2.402427777997218,0.06089078540694583,tvm
32,1,300,1,1280,128,[32; 1; 300; 1; 1280; 128],0.4986018140334636,0.29339186133786577,tvm
320,40,12,1,16,16,[320; 40; 12; 1; 16; 16],1.8786891320487484,0.07786584368334892,tvm
1280,2,5,1,320,64,[1280; 2; 5; 1; 320; 64],1.8085266090929508,0.08088668065496835,tvm
80,1,10,1,64,16,[80; 1; 10; 1; 64; 16],1.1950961890397593,0.12240497093648381,tvm
320,10,125,1,1024,16,[320; 10; 125; 1; 1024; 16],1.7949741729535162,0.08149739226888732,tvm
320,16,30,1,2560,64,[320; 16; 30; 1; 2560; 64],1.2514821368968114,0.11688997387405459,tvm
640,64,25,1,128,16,[640; 64; 25; 1; 128; 16],2.6436207509832457,0.05533536314969008,tvm
1280,16,60,1,1280,16,[1280; 16; 60; 1; 1280; 16],2.4215857699746266,0.06040905760990125,tvm
160,16,500,1,16,16,[160; 16; 500; 1; 16; 16],1.2931728980038315,0.11312154353955604,tvm
4,1,75,1,1024,16,[4; 1; 75; 1; 1024; 16],1.112237783963792,0.13152377701500248,tvm
16,1,5,1,320,64,[16; 1; 5; 1; 320; 64],0.573237441945821,0.2551921831713504,tvm
40,4,6,1,640,64,[40; 4; 6; 1; 640; 64],0.5317527010338381,0.2751010272280787,tvm
2,2,150,1,256,64,[2; 2; 150; 1; 256; 64],0.8866756029892713,0.16498222550901104,tvm
640,16,15,1,512,16,[640; 16; 15; 1; 512; 16],2.396004802081734,0.061054015483865506,tvm
160,2,250,1,512,64,[160; 2; 250; 1; 512; 64],0.5082952679367736,0.2877967266535927,tvm
32,4,60,1,1280,64,[32; 4; 60; 1; 1280; 64],0.5424086310667917,0.26969650906550713,tvm
40,40,50,1,1280,128,[40; 40; 50; 1; 1280; 128],0.35815637197811157,0.40844090942113526,tvm
160,1,100,1,2560,16,[160; 1; 100; 1; 2560; 16],1.277512805070728,0.11450821761243743,tvm
1280,5,100,1,640,64,[1280; 5; 100; 1; 640; 64],1.8271425729617476,0.08006256131867652,tvm
80,10,10,1,80,16,[80; 10; 10; 1; 80; 16],1.164801554987207,0.12558852935882364,tvm
8,2,2,1,512,128,[8; 2; 2; 1; 512; 128],0.697210023063235,0.20981585095836552,tvm
128,64,6,1,640,16,[128; 64; 6; 1; 640; 16],1.1194695520680398,0.13067413402666914,tvm
8,4,2,1,1024,64,[8; 4; 2; 1; 1024; 64],0.5323780750622973,0.2747778714752601,tvm
4,2,100,1,64,16,[4; 2; 100; 1; 64; 16],0.5813173619098961,0.2516451836310172,tvm
320,8,15,1,64,64,[320; 8; 15; 1; 64; 64],1.3240044050617144,0.11048733201072367,tvm
640,5,4,1,1280,16,[640; 5; 4; 1; 1280; 16],2.417689742986113,0.060506404806530446,tvm
160,4,500,1,2560,128,[160; 4; 500; 1; 2560; 128],0.4565757220843807,0.3203974876672898,tvm
256,8,300,1,1024,128,[256; 8; 300; 1; 1024; 128],0.50540597201325,0.2894419978913094,tvm
160,8,75,1,640,128,[160; 8; 75; 1; 640; 128],0.45116998301818967,0.3242363627719811,tvm
10,5,15,1,2560,64,[10; 5; 15; 1; 2560; 64],0.3202181289670989,0.45683145659983715,tvm
256,2,12,1,128,64,[256; 2; 12; 1; 128; 64],0.5579126890515909,0.262201805329771,tvm
80,5,500,1,80,16,[80; 5; 500; 1; 80; 16],1.2141529289074242,0.1204837634558539,tvm
160,2,30,1,1024,16,[160; 2; 30; 1; 1024; 16],1.1437827059999108,0.12789642081345273,tvm
16,16,375,1,1280,64,[16; 16; 375; 1; 1280; 64],0.3701441480079666,0.3952128247143483,tvm
320,40,50,1,128,64,[320; 40; 50; 1; 128; 64],1.2565566920675337,0.11641791827555056,tvm
32,4,1,1,128,128,[32; 4; 1; 1; 128; 128],0.4890702369157225,0.2991098276768016,tvm
32,4,2,1,1024,128,[32; 4; 2; 1; 1024; 128],0.489374642027542,0.298923772755437,tvm
1280,5,15,1,80,16,[1280; 5; 15; 1; 80; 16],2.7775919518899173,0.05266638038253934,tvm
128,1,750,1,1024,128,[128; 1; 750; 1; 1024; 128],0.44867447507567704,0.3260397513387419,tvm
64,4,750,1,640,64,[64; 4; 750; 1; 640; 64],0.5291283609112725,0.27646545733020045,tvm
320,4,50,1,256,128,[320; 4; 50; 1; 256; 128],1.3346371850930154,0.10960710215452235,tvm
320,2,300,1,128,128,[320; 2; 300; 1; 128; 128],1.2980073690414429,0.11270021863877698,tvm
320,4,750,1,1024,64,[320; 4; 750; 1; 1024; 64],1.246450543985702,0.1173618279454113,tvm
160,10,500,1,512,128,[160; 10; 500; 1; 512; 128],0.46321826498024166,0.3158029925524505,tvm
128,8,500,1,1280,128,[128; 8; 500; 1; 1280; 128],0.45873582700733095,0.31888879322995745,tvm
80,20,6,1,128,64,[80; 20; 6; 1; 128; 64],0.5179846290266141,0.282413234077257,tvm
320,20,3,1,640,128,[320; 20; 3; 1; 640; 128],1.2052615530556068,0.12137258831068443,tvm
1280,10,2,1,80,16,[1280; 10; 2; 1; 80; 16],2.6826107850065455,0.05453109899629266,tvm
640,20,150,1,32,16,[640; 20; 150; 1; 32; 16],2.6979882690357044,0.05422029293626198,tvm
40,5,1500,1,128,128,[40; 5; 1500; 1; 128; 128],0.4822970520472154,0.3033104052051999,tvm
32,2,60,1,256,64,[32; 2; 60; 1; 256; 64],0.5535239159362391,0.26428074754147585,tvm
160,16,100,1,320,16,[160; 16; 100; 1; 320; 16],1.1647265569772571,0.12559661614083958,tvm
1280,4,375,1,64,64,[1280; 4; 375; 1; 64; 64],2.128016560920514,0.06874275180566998,tvm
160,4,1,1,256,64,[160; 4; 1; 1; 256; 64],0.5022699079709128,0.29124921076137,tvm
256,1,15,1,320,16,[256; 1; 15; 1; 320; 16],1.1857964949449524,0.12336494070384753,tvm
64,2,750,1,1280,64,[64; 2; 750; 1; 1280; 64],0.5260757809737697,0.27806966139923506,tvm
32,32,500,1,320,64,[32; 32; 500; 1; 320; 64],0.33471609896514565,0.4370441539501426,tvm
1280,5,150,1,1280,64,[1280; 5; 150; 1; 1280; 64],1.833349189022556,0.0797915177106583,tvm
40,40,4,1,256,128,[40; 40; 4; 1; 256; 128],0.682837018975988,0.2142322548726059,tvm
1280,20,750,1,5120,16,[1280; 20; 750; 1; 5120; 16],2.6362560860579833,0.055489948438376714,tvm
5,1,100,1,128,128,[5; 1; 100; 1; 128; 128],0.3870772219961509,0.37792385077923535,tvm
256,32,5,1,320,16,[256; 32; 5; 1; 320; 16],1.2136828820221126,0.120530425577057,tvm
64,4,15,1,640,128,[64; 4; 15; 1; 640; 128],0.46818711305968463,0.3124513900643518,tvm
256,16,125,1,1024,64,[256; 16; 125; 1; 1024; 64],0.537691424950026,0.2720625762244774,tvm
128,1,2,1,64,64,[128; 1; 2; 1; 64; 64],0.5270156959304586,0.2775737334111908,tvm
320,8,15,1,1024,128,[320; 8; 15; 1; 1024; 128],1.252930904040113,0.11675481370442028,tvm
10,1,12,1,80,16,[10; 1; 12; 1; 80; 16],0.42272523406427354,0.3460538962371766,tvm
1280,64,30,1,160,16,[1280; 64; 30; 1; 160; 16],2.451424609986134,0.05967375610483969,tvm
160,40,6,1,640,16,[160; 40; 6; 1; 640; 16],1.1172984499717131,0.1309280562319028,tvm
5,1,2,1,1024,128,[5; 1; 2; 1; 1024; 128],0.5766855749534443,0.253666331601105,tvm
160,4,100,1,512,64,[160; 4; 100; 1; 512; 64],0.5060927090235054,0.2890492427128012,tvm
160,2,300,1,256,16,[160; 2; 300; 1; 256; 16],1.1854523370275274,0.12340075574233517,tvm
10,1,125,1,320,64,[10; 1; 125; 1; 320; 64],0.3370990079129115,0.4339547457923898,tvm
32,1,30,1,512,16,[32; 1; 30; 1; 512; 16],1.1166054470231757,0.13100931459335616,tvm
16,1,75,1,1024,128,[16; 1; 75; 1; 1024; 128],0.5519630280323327,0.2650281030727754,tvm
8,4,750,1,256,64,[8; 4; 750; 1; 256; 64],0.3959538589697331,0.3694514170574012,tvm
16,8,250,1,128,64,[16; 8; 250; 1; 128; 64],0.31929960008710623,0.45814562325103747,tvm
80,8,15,1,128,64,[80; 8; 15; 1; 128; 64],0.5211885430617258,0.28067714886125056,tvm
80,1,10,1,128,64,[80; 1; 10; 1; 128; 64],0.5238691770937294,0.27924092632680547,tvm
80,16,150,1,1280,16,[80; 16; 150; 1; 1280; 16],1.1829973380081356,0.12365684147017775,tvm
160,32,150,1,5120,64,[160; 32; 150; 1; 5120; 64],0.5452591680223122,0.26828657428411773,tvm
640,8,125,1,512,64,[640; 8; 125; 1; 512; 64],1.7975285520078614,0.08138158034948116,tvm
128,4,15,1,512,128,[128; 4; 15; 1; 512; 128],0.4503384761046618,0.32483503419707016,tvm
256,16,2,1,512,16,[256; 16; 2; 1; 512; 16],1.2441174349514768,0.11758191805375652,tvm
40,2,300,1,640,16,[40; 2; 300; 1; 640; 16],1.1828819290967658,0.12366890615821334,tvm
16,4,25,1,1024,16,[16; 4; 25; 1; 1024; 16],0.47273915994446725,0.30944276819144517,tvm
10,5,75,1,64,64,[10; 5; 75; 1; 64; 64],0.36909262207336724,0.39633876576551025,tvm
1280,5,4,1,1024,16,[1280; 5; 4; 1; 1024; 16],2.4387301299721003,0.05998437977530045,tvm
1280,5,150,1,160,16,[1280; 5; 150; 1; 160; 16],2.583636288996786,0.05662008809394621,tvm
4,2,6,1,64,64,[4; 2; 6; 1; 64; 64],0.44820157694630325,0.3263837563499694,tvm
8,1,15,1,16,16,[8; 1; 15; 1; 16; 16],0.6059663980267942,0.2414089539652097,tvm
20,20,125,1,320,16,[20; 20; 125; 1; 320; 16],0.5211458940757439,0.28070011862062755,tvm
128,8,25,1,1024,16,[128; 8; 25; 1; 1024; 16],1.128075934946537,0.1296771872831834,tvm
40,10,4,1,320,64,[40; 10; 4; 1; 320; 64],0.5352146009681746,0.27332160598961847,tvm
1280,1,250,1,2560,128,[1280; 1; 250; 1; 2560; 128],1.8115570299560204,0.08075137126059218,tvm
320,5,30,1,1024,64,[320; 5; 30; 1; 1024; 64],1.2266157780541107,0.1192596059034723,tvm
8,1,4,1,1280,16,[8; 1; 4; 1; 1280; 16],0.34819015208631754,0.4201316820972282,tvm
320,4,1,1,320,16,[320; 4; 1; 1; 320; 16],1.7488503289641812,0.08364678890065864,tvm
160,40,50,1,512,128,[160; 40; 50; 1; 512; 128],0.4499943800037727,0.3250834250074142,tvm
640,4,5,1,1024,64,[640; 4; 5; 1; 1024; 64],1.8138690729392692,0.08064844175807398,tvm
128,1,1500,1,320,64,[128; 1; 1500; 1; 320; 64],0.5260497960262001,0.2780833970296388,tvm
10,5,75,1,320,64,[10; 5; 75; 1; 320; 64],0.330978041049093,0.4419801199561036,tvm
320,2,250,1,128,128,[320; 2; 250; 1; 128; 128],1.222445445950143,0.11966645609450002,tvm
4,1,10,1,32,16,[4; 1; 10; 1; 32; 16],0.6066690440056846,0.2411293533618036,tvm
320,40,20,1,128,128,[320; 40; 20; 1; 128; 128],1.2760727630229667,0.11463743959174329,tvm
4,1,1500,1,5120,16,[4; 1; 1500; 1; 5120; 16],1.599795471993275,0.09144026023742192,tvm
320,16,100,1,64,16,[320; 16; 100; 1; 64; 16],1.8146648240508512,0.08061307650145702,tvm
20,4,300,1,1280,16,[20; 4; 300; 1; 1280; 16],0.5764543290715665,0.25376809039030224,tvm
80,4,10,1,512,128,[80; 4; 10; 1; 512; 128],0.46381922403816134,0.31539381445232734,tvm
128,64,250,1,5120,16,[128; 64; 250; 1; 5120; 16],1.2257518309634179,0.1193436636931119,tvm
1280,40,1,1,2560,64,[1280; 40; 1; 1; 2560; 64],1.8040640029357746,0.081086765240957,tvm
160,2,375,1,64,16,[160; 2; 375; 1; 64; 16],1.2106568969320506,0.1208316862163176,tvm
1,1,15,1,128,64,[1; 1; 15; 1; 128; 64],1.2670169700868428,0.1154567916132076,tvm
160,32,15,1,1024,128,[160; 32; 15; 1; 1024; 128],0.4440200789831579,0.32945743044035414,tvm
20,10,25,1,32,16,[20; 10; 25; 1; 32; 16],0.5306694140890613,0.2756626072690208,tvm
128,1,300,1,256,16,[128; 1; 300; 1; 256; 16],1.2063008040422574,0.12126802352739692,tvm
1280,8,300,1,2560,64,[1280; 8; 300; 1; 2560; 64],1.8467067340388894,0.07921437204367378,tvm
320,20,10,1,64,64,[320; 20; 10; 1; 64; 64],1.41282611398492,0.1035412021604774,tvm
16,4,2,1,128,128,[16; 4; 2; 1; 128; 128],0.5229080619756132,0.2797541765430585,tvm
20,1,30,1,320,16,[20; 1; 30; 1; 320; 16],0.48202934593427926,0.30347885563311566,tvm
64,1,125,1,32,16,[64; 1; 125; 1; 32; 16],1.2423579909373075,0.11774843913979079,tvm
1280,16,1500,1,512,128,[1280; 16; 1500; 1; 512; 128],1.884372130036354,0.07763101138780486,tvm
128,2,30,1,160,16,[128; 2; 30; 1; 160; 16],1.1793340059230104,0.12404095324226931,tvm
80,40,30,1,1280,16,[80; 40; 30; 1; 1280; 16],1.1503603670280427,0.12716512014721404,tvm
20,5,500,1,16,16,[20; 5; 500; 1; 16; 16],0.5562418350018561,0.26298941410119964,tvm
32,1,1,1,512,16,[32; 1; 1; 1; 512; 16],1.0423188839340582,0.14034641081583724,tvm
160,1,20,1,32,16,[160; 1; 20; 1; 32; 16],1.2433240589452907,0.11765694810877236,tvm
1280,32,25,1,320,64,[1280; 32; 25; 1; 320; 64],1.8101888909004629,0.08081240307078988,tvm
256,1,2,1,128,64,[256; 1; 2; 1; 128; 64],0.5664810929447412,0.2582358283579715,tvm
10,5,20,1,1024,128,[10; 5; 20; 1; 1024; 128],0.4092556299874559,0.35744337662550446,tvm
8,4,100,1,1024,16,[8; 4; 100; 1; 1024; 16],0.6263099249918014,0.23356761317111369,tvm
1280,40,750,1,256,64,[1280; 40; 750; 1; 256; 64],1.9846629289677367,0.07370809025077142,tvm
4,2,3,1,320,16,[4; 2; 3; 1; 320; 16],0.5160382289905101,0.2834784441685317,tvm
640,10,4,1,1280,128,[640; 10; 4; 1; 1280; 128],1.8070113280555233,0.08095450870423068,tvm
4,2,250,1,64,64,[4; 2; 250; 1; 64; 64],0.4522101239999756,0.32349057776893597,tvm
40,8,1,1,2560,128,[40; 8; 1; 1; 2560; 128],0.47163952607661486,0.31016423814731575,tvm
40,4,100,1,2560,128,[40; 4; 100; 1; 2560; 128],0.49545487598516047,0.2952553731454159,tvm
160,5,750,1,640,16,[160; 5; 750; 1; 640; 16],1.1721556399716064,0.12480058901500302,tvm
640,64,750,1,256,64,[640; 64; 750; 1; 256; 64],2.0165909469360486,0.07254109441876484,tvm
16,8,150,1,64,64,[16; 8; 150; 1; 64; 64],0.3477522761095315,0.42066069537281386,tvm
160,10,750,1,1280,64,[160; 10; 750; 1; 1280; 64],0.5133587840246037,0.284958042675088,tvm
640,32,1500,1,2560,16,[640; 32; 1500; 1; 2560; 16],3.212464030017145,0.045536918987676124,tvm
256,8,10,1,256,128,[256; 8; 10; 1; 256; 128],0.518206098000519,0.2822925373710438,tvm
320,4,300,1,128,128,[320; 4; 300; 1; 128; 128],1.3420175240607932,0.10900432495327653,tvm
640,20,30,1,160,16,[640; 20; 30; 1; 160; 16],2.575684019946493,0.056794899200699786,tvm
64,4,15,1,1024,128,[64; 4; 15; 1; 1024; 128],0.4694104379741475,0.3116371142428045,tvm
320,16,1,1,640,128,[320; 16; 1; 1; 640; 128],1.2622906590113416,0.11588908880961617,tvm
320,4,10,1,320,16,[320; 4; 10; 1; 320; 16],1.7780728280777112,0.08227205993798632,tvm
320,10,12,1,128,64,[320; 10; 12; 1; 128; 64],1.3092889529652894,0.11172912897065625,tvm
64,1,250,1,512,16,[64; 1; 250; 1; 512; 16],1.217700632987544,0.12013274061196179,tvm
5,5,1,1,512,16,[5; 5; 1; 1; 512; 16],0.46659283991903067,0.3135189865131658,tvm
1280,64,4,1,256,16,[1280; 64; 4; 1; 256; 16],2.810144576942548,0.0520562947138022,tvm
256,64,20,1,32,16,[256; 64; 20; 1; 32; 16],1.2487289470154792,0.11714769216757889,tvm
320,1,25,1,256,16,[320; 1; 25; 1; 256; 16],1.8352186899865046,0.07971023567049114,tvm
10,5,2,1,5120,16,[10; 5; 2; 1; 5120; 16],0.42007263598497957,0.34823909427641225,tvm
20,4,30,1,1280,16,[20; 4; 30; 1; 1280; 16],0.4882223990280181,0.2996292562097694,tvm
80,4,10,1,5120,16,[80; 4; 10; 1; 5120; 16],1.3358765069860965,0.1095054172453059,tvm
1280,16,300,1,64,64,[1280; 16; 300; 1; 64; 64],1.9900977889774367,0.07350679705085228,tvm
16,16,125,1,128,64,[16; 16; 125; 1; 128; 64],0.3171947159571573,0.46118584871216056,tvm
8,1,5,1,5120,16,[8; 1; 5; 1; 5120; 16],0.4220996940275654,0.34656673851121306,tvm
8,4,75,1,5120,128,[8; 4; 75; 1; 5120; 128],0.551597717916593,0.2652036249138981,tvm
1280,4,60,1,64,16,[1280; 4; 60; 1; 64; 16],2.8911387659609318,0.05059795676638617,tvm
20,2,6,1,1024,64,[20; 2; 6; 1; 1024; 64],0.43260353594087064,0.33815191539652373,tvm
160,20,3,1,5120,128,[160; 20; 3; 1; 5120; 128],1.0493028520140797,0.13941229074611475,tvm
16,4,25,1,640,64,[16; 4; 25; 1; 640; 64],0.3424369730055332,0.4271901862750976,tvm
40,2,50,1,64,64,[40; 2; 50; 1; 64; 64],0.5508248240221292,0.26557574732658984,tvm
40,20,50,1,16,16,[40; 20; 50; 1; 16; 16],0.65994242799934,0.22166435749431856,tvm
40,10,375,1,2560,128,[40; 10; 375; 1; 2560; 128],0.49123886006418616,0.29778937738476213,tvm
640,40,250,1,128,64,[640; 40; 250; 1; 128; 64],2.023874177946709,0.07228004382867627,tvm
16,2,100,1,16,16,[16; 2; 100; 1; 16; 16],0.5373517359839752,0.272234561628134,tvm
32,32,2,1,512,64,[32; 32; 2; 1; 512; 64],0.8215581600088626,0.17805886595312526,tvm
160,16,1500,1,256,64,[160; 16; 1500; 1; 256; 64],0.5210189759964123,0.28076849601485837,tvm
256,8,5,1,128,16,[256; 8; 5; 1; 128; 16],1.2321127969771624,0.11872753423599557,tvm
80,16,1500,1,1024,128,[80; 16; 1500; 1; 1024; 128],0.46415902103763074,0.3151629240312761,tvm
256,16,500,1,256,128,[256; 16; 500; 1; 256; 128],0.516740296036005,0.2830932973640622,tvm
320,32,150,1,1280,64,[320; 32; 150; 1; 1280; 64],1.2130792539101094,0.12059040150442984,tvm
64,32,3,1,2560,16,[64; 32; 3; 1; 2560; 16],1.0693395999260247,0.1368000533187344,tvm
1280,1,10,1,2560,16,[1280; 1; 10; 1; 2560; 16],2.4225130790146068,0.06038593374497618,tvm
128,8,150,1,256,64,[128; 8; 150; 1; 256; 64],0.5093733320245519,0.28718761876340887,tvm
640,8,500,1,80,16,[640; 8; 500; 1; 80; 16],2.647580433054827,0.055252604400360804,tvm
64,2,50,1,256,64,[64; 2; 50; 1; 256; 64],0.5259361800272018,0.2781434703316062,tvm
40,10,3,1,320,16,[40; 10; 3; 1; 320; 16],0.8628167229471728,0.16954436602252881,tvm
64,64,10,1,128,16,[64; 64; 10; 1; 128; 16],0.8306151439901441,0.1761173214143205,tvm
80,16,375,1,128,128,[80; 16; 375; 1; 128; 128],0.464845996000804,0.31469715893919686,tvm
320,2,500,1,256,64,[320; 2; 500; 1; 256; 64],1.367274218937382,0.10699076473438122,tvm
320,2,50,1,1024,64,[320; 2; 50; 1; 1024; 64],1.2624480930389836,0.11587463682057071,tvm
16,16,4,1,256,64,[16; 16; 4; 1; 256; 64],0.5051628490909934,0.2895812994739134,tvm
32,32,1,1,128,16,[32; 32; 1; 1; 128; 16],0.8731300219660625,0.16754172987468324,tvm
16,16,15,1,128,16,[16; 16; 15; 1; 128; 16],0.39890861907042563,0.36671484969816653,tvm
160,8,75,1,256,16,[160; 8; 75; 1; 256; 16],1.1770001020049676,0.12428691725389238,tvm
320,2,150,1,1024,128,[320; 2; 150; 1; 1024; 128],1.220944150001742,0.11981360022528925,tvm
8,1,50,1,2560,16,[8; 1; 50; 1; 2560; 16],0.5502675500465557,0.26584470458659193,tvm
320,40,30,1,256,64,[320; 40; 30; 1; 256; 64],1.313920927932486,0.11133524946276752,tvm
160,5,12,1,2560,64,[160; 5; 12; 1; 2560; 64],0.62485740496777,0.2341105556607106,tvm
40,10,300,1,64,64,[40; 10; 300; 1; 64; 64],0.5459071779623628,0.2679681092154459,tvm
40,1,75,1,512,64,[40; 1; 75; 1; 512; 64],0.5379969270434231,0.2719080852183143,tvm
8,1,25,1,640,64,[8; 1; 25; 1; 640; 64],0.36750296608079225,0.39805315272898967,tvm
4,1,25,1,2560,128,[4; 1; 25; 1; 2560; 128],0.5179171239724383,0.28245004367436033,tvm
64,4,60,1,256,64,[64; 4; 60; 1; 256; 64],0.5224272659979761,0.2800116376128826,tvm
256,8,30,1,160,16,[256; 8; 30; 1; 160; 16],1.1931171889882535,0.12260800165804545,tvm
160,10,2,1,320,64,[160; 10; 2; 1; 320; 64],0.5008352199802175,0.29208352058685577,tvm
40,20,375,1,256,64,[40; 20; 375; 1; 256; 64],0.5388962209690362,0.27145433312311085,tvm
16,4,5,1,2560,64,[16; 4; 5; 1; 2560; 64],0.4418755369260907,0.3310563768778683,tvm
256,2,20,1,640,128,[256; 2; 20; 1; 640; 128],0.5226561549352482,0.2798890109767054,tvm
80,2,6,1,5120,16,[80; 2; 6; 1; 5120; 16],1.398109958972782,0.10463105090331608,tvm
40,40,1,1,256,16,[40; 40; 1; 1; 256; 16],1.003347306046635,0.14579768481375185,tvm
320,2,30,1,256,16,[320; 2; 30; 1; 256; 16],1.8444151220610365,0.07931279273087272,tvm
40,2,500,1,64,16,[40; 2; 500; 1; 64; 16],1.1481565659632906,0.1274092041297366,tvm
320,32,1,1,80,16,[320; 32; 1; 1; 80; 16],1.7880212740274146,0.0818143030011126,tvm
128,64,20,1,64,64,[128; 64; 20; 1; 64; 64],0.5202411620412022,0.28118827374549177,tvm
20,4,50,1,64,16,[20; 4; 50; 1; 64; 16],0.447724272031337,0.3267317039168149,tvm
64,4,20,1,640,128,[64; 4; 20; 1; 640; 128],0.468583298032172,0.31218721388501264,tvm
32,1,50,1,320,16,[32; 1; 50; 1; 320; 16],1.1347926430171356,0.12890964281965772,tvm
10,2,60,1,640,128,[10; 2; 60; 1; 640; 128],0.367014239076525,0.3985832120677278,tvm
20,4,12,1,1280,128,[20; 4; 12; 1; 1280; 128],0.5325753471115604,0.2746760905834256,tvm
5,1,300,1,16,16,[5; 1; 300; 1; 16; 16],0.664025560952723,0.2203013300810712,tvm
1280,64,75,1,640,128,[1280; 64; 75; 1; 640; 128],1.826552479993552,0.08008842663323351,tvm
80,8,50,1,640,64,[80; 8; 50; 1; 640; 64],0.5131049170158803,0.28509903030453093,tvm
16,2,100,1,128,16,[16; 2; 100; 1; 128; 16],0.41254853503778577,0.3545903132883888,tvm
640,10,125,1,64,64,[640; 10; 125; 1; 64; 64],1.9643714360427111,0.07446947741228183,tvm
320,5,15,1,160,16,[320; 5; 15; 1; 160; 16],1.7797142980853096,0.08219617859062801,tvm
10,5,150,1,2560,16,[10; 5; 150; 1; 2560; 16],0.5645020289812237,0.2591411665069144,tvm
320,32,125,1,5120,16,[320; 32; 125; 1; 5120; 16],1.8089538640342653,0.0808675761135627,tvm
320,4,4,1,1024,64,[320; 4; 4; 1; 1024; 64],1.2218122190097347,0.11972847546432074,tvm
64,32,4,1,256,64,[64; 32; 4; 1; 256; 64],0.5165922649903223,0.2831744185880421,tvm
64,4,375,1,128,16,[64; 4; 375; 1; 128; 16],1.2208191660465673,0.11982586639709941,tvm
320,20,20,1,5120,64,[320; 20; 20; 1; 5120; 64],1.3086159219965339,0.11178659209841232,tvm
40,10,4,1,512,16,[40; 10; 4; 1; 512; 16],0.7829047580016777,0.1868499492315013,tvm
128,1,375,1,1024,16,[128; 1; 375; 1; 1024; 16],1.2050101429922506,0.12139791115986902,tvm
128,8,250,1,512,128,[128; 8; 250; 1; 512; 128],0.4586539960000664,0.3189456879509955,tvm
320,5,375,1,2560,16,[320; 5; 375; 1; 2560; 16],1.8069949899800122,0.08095524066025907,tvm
4,2,100,1,5120,64,[4; 2; 100; 1; 5120; 64],0.948498236015439,0.15422876788917206,tvm
4,4,4,1,512,128,[4; 4; 4; 1; 512; 128],0.6057295820210129,0.24150333519725575,tvm
16,4,6,1,64,64,[16; 4; 6; 1; 64; 64],0.3641875149914995,0.4016769061650253,tvm
32,8,375,1,5120,64,[32; 8; 375; 1; 5120; 64],0.6839437680318952,0.21388558697839086,tvm
128,2,20,1,320,64,[128; 2; 20; 1; 320; 64],0.5067302270326763,0.2886855894552371,tvm
80,40,5,1,128,128,[80; 40; 5; 1; 128; 128],0.46675264299847186,0.31341164636146096,tvm
256,64,75,1,1024,16,[256; 64; 75; 1; 1024; 16],1.2027986269677058,0.12162111845314066,tvm
640,32,30,1,640,128,[640; 32; 30; 1; 640; 128],1.825732851983048,0.08012438080786233,tvm
5,5,75,1,640,128,[5; 5; 75; 1; 640; 128],0.462858147919178,0.31604869643832645,tvm
128,16,3,1,640,16,[128; 16; 3; 1; 640; 16],1.1083414319436997,0.13198614620872998,tvm
40,4,60,1,64,16,[40; 4; 60; 1; 64; 16],0.6199619659455493,0.23595917543522732,tvm
64,8,250,1,5120,16,[64; 8; 250; 1; 5120; 16],0.9363542250357568,0.15622903210601527,tvm
20,2,250,1,2560,128,[20; 2; 250; 1; 2560; 128],0.5432777060195804,0.26926507873386213,tvm
10,10,12,1,1280,16,[10; 10; 12; 1; 1280; 16],0.3879448940278962,0.37707859167027785,tvm
5,1,20,1,2560,64,[5; 1; 20; 1; 2560; 64],0.42162393406033516,0.34695780402442844,tvm
16,8,1500,1,1024,128,[16; 8; 1500; 1; 1024; 128],0.5613610349828377,0.2605911439688482,tvm
320,4,1,1,1280,64,[320; 4; 1; 1; 1280; 64],1.466367004904896,0.09976064231969127,tvm
160,1,25,1,2560,128,[160; 1; 25; 1; 2560; 128],0.4963706119451672,0.2947106673226539,tvm
16,4,3,1,1280,128,[16; 4; 3; 1; 1280; 128],0.5475218730280176,0.2671778452917234,tvm
640,5,125,1,128,64,[640; 5; 125; 1; 128; 64],1.8471205299720168,0.07919662626885018,tvm
64,1,50,1,16,16,[64; 1; 50; 1; 16; 16],1.3145114179933444,0.1112852366919912,tvm
40,40,5,1,256,64,[40; 40; 5; 1; 256; 64],0.5332322530448437,0.27433770828827186,tvm
20,1,300,1,320,16,[20; 1; 300; 1; 320; 16],0.557870107004419,0.2622218191098659,tvm
16,8,10,1,5120,128,[16; 8; 10; 1; 5120; 128],0.5734828520799056,0.25508297895074944,tvm
128,1,60,1,5120,128,[128; 1; 60; 1; 5120; 128],0.4853805860038847,0.3013835297577055,tvm
80,20,50,1,128,128,[80; 20; 50; 1; 128; 128],0.4675055630505085,0.3129068953344408,tvm
80,16,150,1,1024,128,[80; 16; 150; 1; 1024; 128],0.4593611430609599,0.31845469843386676,tvm
640,64,3,1,2560,128,[640; 64; 3; 1; 2560; 128],1.8367260330123827,0.07964481999843691,tvm
640,4,30,1,2560,128,[640; 4; 30; 1; 2560; 128],1.8327955909771845,0.07981561883162307,tvm
80,10,10,1,16,16,[80; 10; 10; 1; 16; 16],1.305538258049637,0.11205011678803858,tvm
128,2,125,1,512,128,[128; 2; 125; 1; 512; 128],0.4533088399330154,0.3227065113209146,tvm
64,32,15,1,2560,128,[64; 32; 15; 1; 2560; 128],0.45878094993531704,0.31885742925101607,tvm
64,2,6,1,256,64,[64; 2; 6; 1; 256; 64],0.5201792499283329,0.2812217409784582,tvm
160,16,500,1,256,128,[160; 16; 500; 1; 256; 128],0.45935800205916166,0.3184568759659353,tvm
4,4,100,1,320,64,[4; 4; 100; 1; 320; 64],0.5707417279481888,0.2563080761794132,tvm
64,64,100,1,1024,64,[64; 64; 100; 1; 1024; 64],0.35438228806015104,0.4127907043167025,tvm
1280,10,4,1,5120,64,[1280; 10; 4; 1; 5120; 64],1.7928343400126323,0.08159466327752489,tvm
40,1,300,1,1024,128,[40; 1; 300; 1; 1024; 128],0.48523756908252835,0.3014723582972082,tvm
320,1,1,1,1280,128,[320; 1; 1; 1; 1280; 128],1.4439119020244107,0.10131207733700169,tvm
160,40,30,1,5120,64,[160; 40; 30; 1; 5120; 64],0.5721141090616584,0.2556932471489681,tvm
64,4,30,1,128,128,[64; 4; 30; 1; 128; 128],0.47481117595452815,0.3080923990292171,tvm
160,20,4,1,512,64,[160; 20; 4; 1; 512; 64],0.4989156600786373,0.293207301335575,tvm
20,10,50,1,1024,64,[20; 10; 50; 1; 1024; 64],0.3762221799697727,0.38882799067685886,tvm
128,32,150,1,640,64,[128; 32; 150; 1; 640; 64],0.5080605240073055,0.2879297000520568,tvm
640,10,125,1,2560,16,[640; 10; 125; 1; 2560; 16],2.438343080924824,0.05999390136281827,tvm
256,2,60,1,64,64,[256; 2; 60; 1; 64; 64],0.5767499260837212,0.25363802866700225,tvm
320,10,375,1,5120,64,[320; 10; 375; 1; 5120; 64],1.2826158410171047,0.1140526333821909,tvm
20,10,150,1,2560,16,[20; 10; 150; 1; 2560; 16],0.575463070999831,0.254205216038541,tvm
16,8,50,1,640,16,[16; 8; 50; 1; 640; 16],0.4964375989511609,0.29467090042087196,tvm
1280,10,3,1,320,16,[1280; 10; 3; 1; 320; 16],2.405935553018935,0.06080200864156855,tvm
320,16,2,1,256,64,[320; 16; 2; 1; 256; 64],1.2706147950375453,0.11512986851486466,tvm
32,32,15,1,5120,64,[32; 32; 15; 1; 5120; 64],0.34858237800654024,0.41965894868893694,tvm
40,20,250,1,1280,64,[40; 20; 250; 1; 1280; 64],0.5397729050600901,0.27101344456967336,tvm
640,20,12,1,80,16,[640; 20; 12; 1; 80; 16],2.68035007303115,0.05457709265576752,tvm
256,8,500,1,128,64,[256; 8; 500; 1; 128; 64],0.5697218499844894,0.2567669017603887,tvm
640,8,300,1,1280,64,[640; 8; 300; 1; 1280; 64],1.8085271149175242,0.08088665803187887,tvm
32,16,5,1,128,16,[32; 16; 5; 1; 128; 16],0.6134441120084375,0.23846624561570856,tvm
256,2,4,1,128,64,[256; 2; 4; 1; 128; 64],0.563753531081602,0.25948522930766316,tvm
160,4,100,1,2560,64,[160; 4; 100; 1; 2560; 64],0.5184767569880933,0.28214517297845565,tvm
16,1,30,1,512,16,[16; 1; 30; 1; 512; 16],0.4298405150184408,0.3403255607011322,tvm
80,16,10,1,1024,16,[80; 16; 10; 1; 1024; 16],1.1382858260767534,0.1285140436035355,tvm
1280,64,2,1,16,16,[1280; 64; 2; 1; 16; 16],2.6707638079533353,0.05477298810553234,tvm
4,4,2,1,512,16,[4; 4; 2; 1; 512; 16],0.4892881419509649,0.29897661877196,tvm
8,2,60,1,2560,64,[8; 2; 60; 1; 2560; 64],0.4177651690552011,0.35016254374807615,tvm
128,4,125,1,640,64,[128; 4; 125; 1; 640; 64],0.5076817240333185,0.28814453497269044,tvm
1280,10,300,1,1024,16,[1280; 10; 300; 1; 1024; 16],2.4619354950264096,0.05941898745163714,tvm
320,40,10,1,640,128,[320; 40; 10; 1; 640; 128],1.1972130330977961,0.12218854142207182,tvm
80,4,75,1,1280,128,[80; 4; 75; 1; 1280; 128],0.46272844600025564,0.3161372842974808,tvm
5,1,60,1,1280,64,[5; 1; 60; 1; 1280; 64],0.45127430197317153,0.3241614105790829,tvm
8,4,300,1,2560,64,[8; 4; 300; 1; 2560; 64],0.4101007500430569,0.3567067708858265,tvm
64,64,500,1,128,16,[64; 64; 500; 1; 128; 16],0.7548650939716026,0.19379054012956842,tvm
64,1,1,1,640,128,[64; 1; 1; 1; 640; 128],0.45308511098846793,0.3228658606030371,tvm
64,32,150,1,128,16,[64; 32; 150; 1; 128; 16],0.749432199052535,0.19519539522141577,tvm
20,10,30,1,128,128,[20; 10; 30; 1; 128; 128],0.511092779925093,0.28622144556053847,tvm
32,1,150,1,128,64,[32; 1; 150; 1; 128; 64],0.5409678569994867,0.27041479894405834,tvm
1280,2,60,1,16,16,[1280; 2; 60; 1; 16; 16],3.14956185198389,0.04644636973665712,tvm
1280,8,75,1,128,64,[1280; 8; 75; 1; 128; 64],1.8574526750016958,0.07875609228406358,tvm
8,4,2,1,1024,16,[8; 4; 2; 1; 1024; 16],0.32629575999453664,0.44832244920425457,tvm
640,1,250,1,256,128,[640; 1; 250; 1; 256; 128],1.9987447829917073,0.07318879105052865,tvm
80,5,5,1,16,16,[80; 5; 5; 1; 16; 16],1.3053642510203645,0.11206505323810353,tvm
2,2,15,1,32,16,[2; 2; 15; 1; 32; 16],0.9448558629956096,0.1548233122266121,tvm
16,2,60,1,160,16,[16; 2; 60; 1; 160; 16],0.4560369129758328,0.32077603834991875,tvm
64,2,20,1,5120,16,[64; 2; 20; 1; 5120; 16],1.2796920660184696,0.11431321500715078,tvm
160,8,300,1,1024,64,[160; 8; 300; 1; 1024; 64],0.5068825539201498,0.2885988344920606,tvm
8,1,12,1,1280,16,[8; 1; 12; 1; 1280; 16],0.40025413199327886,0.3654820839880068,tvm
8,4,75,1,32,16,[8; 4; 75; 1; 32; 16],0.5150715970667079,0.2840104465452956,tvm
128,1,60,1,80,16,[128; 1; 60; 1; 80; 16],1.2315493719652295,0.11878185123206282,tvm
128,32,3,1,1280,128,[128; 32; 3; 1; 1280; 128],0.46681704209186137,0.3133684100952935,tvm
256,64,5,1,64,16,[256; 64; 5; 1; 64; 16],1.2585748550482094,0.11623123861004744,tvm
10,5,4,1,640,16,[10; 5; 4; 1; 640; 16],0.4112189089646563,0.35573683771990006,tvm
20,20,10,1,256,64,[20; 20; 10; 1; 256; 64],0.3966133779613301,0.3688370650472037,tvm
8,4,75,1,256,16,[8; 4; 75; 1; 256; 16],0.50338880403433,0.2906018431743626,tvm
320,5,150,1,16,16,[320; 5; 150; 1; 16; 16],1.8710649859858677,0.0781831285291441,tvm
16,2,12,1,2560,16,[16; 2; 12; 1; 2560; 16],0.4485046409536153,0.32616321198969106,tvm
2,1,5,1,256,128,[2; 1; 5; 1; 256; 128],0.8925015400163829,0.16390527940492858,tvm
640,8,5,1,512,64,[640; 8; 5; 1; 512; 64],1.8326567449839786,0.07982166583355092,tvm
160,20,1,1,64,64,[160; 20; 1; 1; 64; 64],0.5221691069891676,0.2801500746170129,tvm
256,8,1500,1,256,128,[256; 8; 1500; 1; 256; 128],0.5233660800149664,0.279509352768011,tvm
8,8,1500,1,128,16,[8; 8; 1500; 1; 128; 16],0.5846361350268126,0.2502166826876094,tvm
160,1,15,1,160,16,[160; 1; 15; 1; 160; 16],1.237792463041842,0.11818274763624029,tvm
640,2,75,1,256,64,[640; 2; 75; 1; 256; 64],1.9475241829641163,0.07511368308817024,tvm
4,4,12,1,16,16,[4; 4; 12; 1; 16; 16],0.7087931690039113,0.20638702612116602,tvm
320,32,250,1,512,128,[320; 32; 250; 1; 512; 128],1.2035731700016186,0.12154285084762863,tvm
20,20,6,1,1280,128,[20; 20; 6; 1; 1280; 128],0.5186089909402654,0.28207323212906626,tvm
80,8,150,1,5120,128,[80; 8; 150; 1; 5120; 128],0.49774340505246073,0.2938978453572804,tvm
256,2,6,1,1024,64,[256; 2; 6; 1; 1024; 64],0.5473169629694894,0.26727787403488373,tvm
32,1,300,1,128,64,[32; 1; 300; 1; 128; 64],0.5417730358894914,0.2700129105641814,tvm
40,8,500,1,1024,64,[40; 8; 500; 1; 1024; 64],0.5361822919221595,0.27282832068417395,tvm
40,1,2,1,1280,64,[40; 1; 2; 1; 1280; 64],0.5243067010305822,0.27900790510244045,tvm
640,20,12,1,320,16,[640; 20; 12; 1; 320; 16],2.390606451081112,0.06119188468664887,tvm
80,5,4,1,2560,16,[80; 5; 4; 1; 2560; 16],1.1483096570009366,0.12739221811281431,tvm
20,10,25,1,640,64,[20; 10; 25; 1; 640; 64],0.3532408549217507,0.4141245618888541,tvm
32,16,12,1,2560,128,[32; 16; 12; 1; 2560; 128],0.48748985200654715,0.30007950664734995,tvm
16,4,500,1,1024,16,[16; 4; 500; 1; 1024; 16],0.5104676149785519,0.2865719783063236,tvm
640,1,100,1,512,16,[640; 1; 100; 1; 512; 16],2.4258578260196373,0.060302674260898796,tvm
20,1,375,1,320,16,[20; 1; 375; 1; 320; 16],0.5252512369770557,0.2785061775915521,tvm
80,8,150,1,256,64,[80; 8; 150; 1; 256; 64],0.5164737460436299,0.2832394006594027,tvm
160,16,3,1,640,128,[160; 16; 3; 1; 640; 128],0.4451576250139624,0.3286155421489771,tvm
1280,2,10,1,256,128,[1280; 2; 10; 1; 256; 128],1.9164762309519574,0.07633056540077768,tvm
8,8,150,1,1280,64,[8; 8; 150; 1; 1280; 64],0.41224345308728516,0.35485272886733005,tvm
320,10,30,1,512,128,[320; 10; 30; 1; 512; 128],1.2673928840085864,0.1154225466558034,tvm
8,8,500,1,128,64,[8; 8; 500; 1; 128; 64],0.39846675598528236,0.3671215028315121,tvm
20,4,750,1,1024,128,[20; 4; 750; 1; 1024; 128],0.5464128780877218,0.26772010717915296,tvm
160,32,5,1,1024,128,[160; 32; 5; 1; 1024; 128],0.44363282702397555,0.3297450174439153,tvm
80,2,100,1,1280,16,[80; 2; 100; 1; 1280; 16],1.2114999920595437,0.12074759822080505,tvm
16,2,150,1,128,64,[16; 2; 150; 1; 128; 64],0.31494022300466895,0.4644872378957629,tvm
640,1,75,1,5120,64,[640; 1; 75; 1; 5120; 64],1.848869450041093,0.07912171099071541,tvm
640,5,375,1,1024,128,[640; 5; 375; 1; 1024; 128],1.8496780990390107,0.07908712027336874,tvm
1280,5,75,1,5120,64,[1280; 5; 75; 1; 5120; 64],1.8503173640929163,0.07905979651086945,tvm
80,1,6,1,160,16,[80; 1; 6; 1; 160; 16],1.1698152330936864,0.12505027302375604,tvm
4,4,250,1,128,128,[4; 4; 250; 1; 128; 128],0.4210318400291726,0.3474457282745609,tvm
64,4,100,1,16,16,[64; 4; 100; 1; 16; 16],1.3038707859814167,0.11219341353338613,tvm
160,8,300,1,512,16,[160; 8; 300; 1; 512; 16],1.1674849099945277,0.12529987585569732,tvm
320,2,250,1,1280,128,[320; 2; 250; 1; 1280; 128],1.1924227280542254,0.1226794079348192,tvm
640,40,25,1,1280,64,[640; 40; 25; 1; 1280; 64],1.8241030279314145,0.08019597141484192,tvm
4,2,1,1,1280,128,[4; 2; 1; 1; 1280; 128],0.5415415989700705,0.2701283051273021,tvm
5,5,750,1,2560,128,[5; 5; 750; 1; 2560; 128],0.4459735379787162,0.32801433678940767,tvm
32,1,100,1,1280,128,[32; 1; 100; 1; 1280; 128],0.492195731960237,0.29721044858132223,tvm
1280,40,125,1,5120,16,[1280; 40; 125; 1; 5120; 16],2.4638113130349666,0.05937374891972427,tvm
64,4,10,1,128,128,[64; 4; 10; 1; 128; 128],0.47282684699166566,0.30938538117378267,tvm
32,1,250,1,640,16,[32; 1; 250; 1; 640; 16],1.1258932129712775,0.12992858701018403,tvm
640,2,100,1,512,64,[640; 2; 100; 1; 512; 64],1.8026812609750777,0.0811489626327994,tvm
128,1,1,1,640,128,[128; 1; 1; 1; 640; 128],0.4390036730328575,0.3332220736904073,tvm
1280,40,375,1,80,16,[1280; 40; 375; 1; 80; 16],2.7748144950019196,0.05271909691592306,tvm
20,20,12,1,512,64,[20; 20; 12; 1; 512; 64],0.38022626005113125,0.3847333276403434,tvm
64,64,150,1,5120,16,[64; 64; 150; 1; 5120; 16],0.9145208270056173,0.15995886585184982,tvm
1280,1,30,1,5120,64,[1280; 1; 30; 1; 5120; 64],1.8500416820170358,0.07907157752587719,tvm
128,4,125,1,5120,128,[128; 4; 125; 1; 5120; 128],0.48637136293109506,0.30076958767500217,tvm
256,1,500,1,128,128,[256; 1; 500; 1; 128; 128],0.5142112480243668,0.28448563668677723,tvm
64,1,10,1,64,16,[64; 1; 10; 1; 64; 16],1.1969294629525393,0.12221748967968618,tvm
20,4,20,1,256,16,[20; 4; 20; 1; 256; 16],0.43192743498366326,0.33868122845970006,tvm
160,2,15,1,16,16,[160; 2; 15; 1; 16; 16],1.2940452540060505,0.11304528480194118,tvm
160,16,500,1,32,16,[160; 16; 500; 1; 32; 16],1.2442512039560825,0.11756927686354696,tvm
64,1,1500,1,1280,16,[64; 1; 1500; 1; 1280; 16],1.3314345380058512,0.10987075226756017,tvm
20,2,75,1,128,16,[20; 2; 75; 1; 128; 16],0.42970780294854194,0.340430667728024,tvm
16,16,25,1,256,64,[16; 16; 25; 1; 256; 64],0.3418877029325813,0.4278765016434685,tvm
80,8,300,1,512,128,[80; 8; 300; 1; 512; 128],0.46623412403278053,0.3137602048953179,tvm
256,32,60,1,128,16,[256; 32; 60; 1; 128; 16],1.2220964119769633,0.11970063315141441,tvm
320,40,2,1,16,16,[320; 40; 2; 1; 16; 16],1.9006505920551717,0.07696612670271798,tvm
256,1,20,1,512,64,[256; 1; 20; 1; 512; 64],0.553571613971144,0.2642579760120065,tvm
256,32,60,1,5120,128,[256; 32; 60; 1; 5120; 128],0.5200282210716978,0.2813034146190029,tvm
160,10,5,1,640,128,[160; 10; 5; 1; 640; 128],0.44593622197862715,0.32804178507106224,tvm
1280,1,4,1,160,16,[1280; 1; 4; 1; 160; 16],2.4725481029599905,0.059163950788496115,tvm
80,40,5,1,256,16,[80; 40; 5; 1; 256; 16],1.1405870569869876,0.1282547556449987,tvm
40,40,6,1,512,16,[40; 40; 6; 1; 512; 16],0.7119738009059802,0.20546502427416158,tvm
128,2,150,1,1024,16,[128; 2; 150; 1; 1024; 16],1.1805221729446203,0.1239161090221867,tvm
40,20,20,1,64,64,[40; 20; 20; 1; 64; 64],0.5447228190023452,0.2685507365996439,tvm
32,2,100,1,320,16,[32; 2; 100; 1; 320; 16],0.5794760809512809,0.25244478433962003,tvm
32,2,6,1,512,64,[32; 2; 6; 1; 512; 64],0.5396173880435526,0.2710915502854544,tvm
128,32,300,1,128,16,[128; 32; 300; 1; 128; 16],1.1827050279825926,0.12368740372672819,tvm
320,8,15,1,1280,64,[320; 8; 15; 1; 1280; 64],1.280297479010187,0.1142591598312054,tvm
1280,4,30,1,1280,128,[1280; 4; 30; 1; 1280; 128],1.8148440760560334,0.08060511435429658,tvm
320,20,5,1,256,128,[320; 20; 5; 1; 256; 128],1.2363894690060988,0.11831685561290776,tvm
320,4,100,1,256,16,[320; 4; 100; 1; 256; 16],1.872922676964663,0.07810558123135711,tvm
64,8,20,1,2560,64,[64; 8; 20; 1; 2560; 64],0.5218031279509887,0.2803465645369885,tvm
2,2,750,1,1280,128,[2; 2; 750; 1; 1280; 128],0.97244193602819,0.15043130994864215,tvm
128,2,30,1,32,16,[128; 2; 30; 1; 32; 16],1.2370218599680811,0.11825636960812391,tvm
32,2,150,1,1280,64,[32; 2; 150; 1; 1280; 64],0.5534972590394318,0.2642934755261231,tvm
256,8,15,1,16,16,[256; 8; 15; 1; 16; 16],1.3314932800130919,0.10986590505682158,tvm
640,4,50,1,1280,64,[640; 4; 50; 1; 1280; 64],1.8215995200444013,0.08030618842178253,tvm
64,2,50,1,128,128,[64; 2; 50; 1; 128; 128],0.4724318110384047,0.3096440816806523,tvm
1280,64,150,1,2560,128,[1280; 64; 150; 1; 2560; 128],1.9488628819817677,0.07506208653169005,tvm
8,4,15,1,128,64,[8; 4; 15; 1; 128; 64],0.36092124797869474,0.40531200394815653,tvm
80,5,125,1,2560,64,[80; 5; 125; 1; 2560; 64],0.5294860920403153,0.27627867187600474,tvm
80,4,60,1,256,16,[80; 4; 60; 1; 256; 16],1.2036019039805979,0.12153994921569386,tvm
640,4,15,1,320,64,[640; 4; 15; 1; 320; 64],1.8212448609992862,0.08032182680007663,tvm
1280,8,375,1,320,64,[1280; 8; 375; 1; 320; 64],1.975719298934564,0.07404174994119916,tvm
320,1,4,1,2560,64,[320; 1; 4; 1; 2560; 64],1.509920340962708,0.09688306748185417,tvm
40,10,30,1,1024,64,[40; 10; 30; 1; 1024; 64],0.524948695092462,0.2786666881035836,tvm
320,20,10,1,1024,64,[320; 20; 10; 1; 1024; 64],1.2367926830193028,0.11827828244309818,tvm
160,40,750,1,1024,16,[160; 40; 750; 1; 1024; 16],1.1737864499446005,0.12462719627801001,tvm
16,16,1500,1,512,16,[16; 16; 1500; 1; 512; 16],0.5767703299643472,0.25362905594460255,tvm
20,2,50,1,32,16,[20; 2; 50; 1; 32; 16],0.5397868980653584,0.2710064190331677,tvm
256,64,25,1,5120,128,[256; 64; 25; 1; 5120; 128],0.543214004021138,0.2692966550987922,tvm
1280,2,15,1,5120,128,[1280; 2; 15; 1; 5120; 128],1.8047295750584453,0.08105686098759528,tvm
10,5,60,1,128,128,[10; 5; 60; 1; 128; 128],0.35087767092045397,0.4169137178263992,tvm
32,32,100,1,16,16,[32; 32; 100; 1; 16; 16],0.6208242840366438,0.23563143074003828,tvm
1280,40,75,1,16,16,[1280; 40; 75; 1; 16; 16],2.8093817370245233,0.05207042971691296,tvm
320,10,30,1,1024,128,[320; 10; 30; 1; 1024; 128],1.2163372659124434,0.12026739489559017,tvm
256,8,250,1,1024,16,[256; 8; 250; 1; 1024; 16],1.1938446660060436,0.12253328967419766,tvm
256,1,100,1,2560,16,[256; 1; 100; 1; 2560; 16],1.2173834521090612,0.12016404037058413,tvm
16,1,3,1,256,128,[16; 1; 3; 1; 256; 128],0.5501619449350983,0.26589573421507984,tvm
1280,2,30,1,32,16,[1280; 2; 30; 1; 32; 16],2.5890741039766,0.05650116930258263,tvm
16,16,125,1,80,16,[16; 16; 125; 1; 80; 16],0.417962881969288,0.34999690306581677,tvm
80,2,15,1,256,128,[80; 2; 15; 1; 256; 128],0.4653892780188471,0.31432979055394156,tvm
64,64,375,1,2560,128,[64; 64; 375; 1; 2560; 128],0.44753388105891645,0.32687070292775494,tvm
640,20,30,1,80,16,[640; 20; 30; 1; 80; 16],2.5206666300073266,0.058034534414131984,tvm
20,10,375,1,128,16,[20; 10; 375; 1; 128; 16],0.42594201408792287,0.3434404436457354,tvm
1280,10,30,1,2560,64,[1280; 10; 30; 1; 2560; 64],1.7986071580089629,0.08133277666238739,tvm
640,4,150,1,5120,16,[640; 4; 150; 1; 5120; 16],2.424985775956884,0.0603243597286631,tvm
20,5,250,1,320,16,[20; 5; 250; 1; 320; 16],0.5379618700826541,0.2719258044501156,tvm
10,5,125,1,2560,16,[10; 5; 125; 1; 2560; 16],0.5263795460341498,0.2779091919278789,tvm
256,64,250,1,320,16,[256; 64; 250; 1; 320; 16],1.20670544099994,0.12122735948260431,tvm
1280,2,375,1,2560,64,[1280; 2; 375; 1; 2560; 64],1.926917813019827,0.07591694534000817,tvm
160,5,75,1,64,64,[160; 5; 75; 1; 64; 64],0.5300229830900207,0.275998813170086,tvm
256,32,5,1,1024,128,[256; 32; 5; 1; 1024; 128],0.5062282119179145,0.28897187245153916,tvm
128,2,10,1,32,16,[128; 2; 10; 1; 32; 16],1.2234726710012183,0.11956598439260817,tvm
64,32,10,1,64,16,[64; 32; 10; 1; 64; 16],0.847956198034808,0.17251564954031903,tvm
32,32,5,1,1280,64,[32; 32; 5; 1; 1280; 64],0.5169651210308075,0.28297018180651434,tvm
160,1,150,1,1280,128,[160; 1; 150; 1; 1280; 128],0.4497424999717623,0.32526548924084125,tvm
8,2,25,1,1024,64,[8; 2; 25; 1; 1024; 64],0.3642677429597825,0.4015884390341562,tvm
32,4,12,1,64,16,[32; 4; 12; 1; 64; 16],0.5778460050933063,0.2531569189651024,tvm
640,1,150,1,5120,128,[640; 1; 150; 1; 5120; 128],1.8439921149984002,0.07933098688214359,tvm
640,10,12,1,512,16,[640; 10; 12; 1; 512; 16],2.4037339648930356,0.0608576974083835,tvm
32,1,4,1,320,64,[32; 1; 4; 1; 320; 64],0.5422790340380743,0.26976096272134936,tvm
640,20,750,1,128,128,[640; 20; 750; 1; 128; 128],1.8668636539950967,0.07835907778945839,tvm
640,10,2,1,64,16,[640; 10; 2; 1; 64; 16],2.781289319973439,0.052596367172298104,tvm
80,4,6,1,2560,16,[80; 4; 6; 1; 2560; 16],1.1660860769916326,0.12545018517253423,tvm
640,1,300,1,1280,16,[640; 1; 300; 1; 1280; 16],2.49123930092901,0.05872005721456095,tvm
1280,20,4,1,512,16,[1280; 20; 4; 1; 512; 16],2.416203561006114,0.060543621674326364,tvm
640,1,125,1,1024,64,[640; 1; 125; 1; 1024; 64],1.829548939014785,0.07995725676761037,tvm
80,40,50,1,1280,16,[80; 40; 50; 1; 1280; 16],1.187965044984594,0.12313974632781505,tvm
640,2,6,1,640,16,[640; 2; 6; 1; 640; 16],2.4332488150103018,0.060119504994023784,tvm
64,16,5,1,1280,128,[64; 16; 5; 1; 1280; 128],0.4613174629630521,0.3171042200443009,tvm
1280,20,30,1,80,16,[1280; 20; 30; 1; 80; 16],2.7334254309535027,0.053517360535672395,tvm
64,16,1,1,512,64,[64; 16; 1; 1; 512; 64],0.509215900907293,0.2872764067757319,tvm
40,4,60,1,16,16,[40; 4; 60; 1; 16; 16],0.6474561620270833,0.2259391799248875,tvm
1280,5,250,1,5120,128,[1280; 5; 250; 1; 5120; 128],1.8632338820025325,0.07851172936405171,tvm
1280,5,3,1,5120,16,[1280; 5; 3; 1; 5120; 16],2.615749650984071,0.05592496752534408,tvm
20,2,25,1,2560,64,[20; 2; 25; 1; 2560; 64],0.3361935039283708,0.4351235600223907,tvm
80,10,5,1,1024,16,[80; 10; 5; 1; 1024; 16],1.124458682956174,0.1300943436188627,tvm
256,64,30,1,16,16,[256; 64; 30; 1; 16; 16],1.3307617669925094,0.10992629778981147,tvm
64,16,25,1,1280,128,[64; 16; 25; 1; 1280; 128],0.4614636569749564,0.31700375982946194,tvm
640,16,2,1,64,16,[640; 16; 2; 1; 64; 16],2.793723609065637,0.05236227156151631,tvm
128,4,300,1,512,16,[128; 4; 300; 1; 512; 16],1.170955094974488,0.12492854330071596,tvm
256,4,250,1,2560,64,[256; 4; 250; 1; 2560; 64],0.5597511809319258,0.2613406085935616,tvm
1280,1,4,1,320,64,[1280; 1; 4; 1; 320; 64],1.8011246779933572,0.08121909386566843,tvm
80,1,100,1,1024,16,[80; 1; 100; 1; 1024; 16],1.264191585010849,0.11571482995155273,tvm
40,4,2,1,80,16,[40; 4; 2; 1; 80; 16],1.0871256180107594,0.13456192353684973,tvm
10,5,75,1,1024,64,[10; 5; 75; 1; 1024; 64],0.39442558598238975,0.37088292312823146,tvm
640,64,3,1,1024,16,[640; 64; 3; 1; 1024; 16],2.4106773750390857,0.06068241059562874,tvm
16,1,3,1,640,16,[16; 1; 3; 1; 640; 16],0.6795278020435944,0.21527553964058335,tvm
256,64,375,1,320,16,[256; 64; 375; 1; 320; 16],1.2571728959446773,0.1163608559789947,tvm
80,1,15,1,32,16,[80; 1; 15; 1; 32; 16],1.2157518040621653,0.12032531129868201,tvm
8,2,5,1,64,16,[8; 2; 5; 1; 64; 16],0.5212057949975133,0.28066785843471337,tvm
160,10,125,1,1280,64,[160; 10; 125; 1; 1280; 64],0.5130393060389906,0.2851354907192953,tvm
80,16,250,1,1024,16,[80; 16; 250; 1; 1024; 16],1.187791608972475,0.12315772664218595,tvm
320,10,1,1,128,64,[320; 10; 1; 1; 128; 64],1.296988359070383,0.11278876426505836,tvm
16,8,50,1,256,16,[16; 8; 50; 1; 256; 16],0.43916352197993547,0.33310078584440767,tvm
8,1,375,1,1280,64,[8; 1; 375; 1; 1280; 64],0.3969520420068875,0.36852238760665224,tvm
20,10,75,1,1280,64,[20; 10; 75; 1; 1280; 64],0.36088509601540864,0.4053526064137278,tvm
256,4,250,1,64,16,[256; 4; 250; 1; 64; 16],1.2373860090738162,0.11822156805798151,tvm
320,10,20,1,80,16,[320; 10; 20; 1; 80; 16],1.8143346710130572,0.08062774559890529,tvm
640,1,300,1,128,16,[640; 1; 300; 1; 128; 16],2.549243723973632,0.0573839656483263,tvm
8,1,750,1,640,64,[8; 1; 750; 1; 640; 64],0.4331643629120663,0.3377141030307028,tvm
160,8,125,1,512,64,[160; 8; 125; 1; 512; 64],0.5066121009876952,0.2887529018760398,tvm
256,64,25,1,256,64,[256; 64; 25; 1; 256; 64],0.55331873788964,0.26437874640509845,tvm
128,1,12,1,512,16,[128; 1; 12; 1; 512; 16],1.184809539001435,0.1234677046987694,tvm
1280,40,30,1,320,16,[1280; 40; 30; 1; 320; 16],2.4280386350583285,0.060248511771395306,tvm
1280,64,50,1,1024,64,[1280; 64; 50; 1; 1024; 64],1.8203966420842335,0.08035925298028833,tvm
640,40,12,1,16,16,[640; 40; 12; 1; 16; 16],2.8759230349678546,0.05086565687156833,tvm
320,40,250,1,2560,16,[320; 40; 250; 1; 2560; 16],1.80306752899196,0.08113157823184702,tvm
1280,32,4,1,1280,64,[1280; 32; 4; 1; 1280; 64],1.8368879740592092,0.07963779846761575,tvm
320,40,4,1,640,64,[320; 40; 4; 1; 640; 64],1.2465293540153652,0.11735440791225131,tvm
8,4,750,1,320,64,[8; 4; 750; 1; 320; 64],0.41181386704556644,0.3552228955649229,tvm
160,8,250,1,80,16,[160; 8; 250; 1; 80; 16],1.1900991819566116,0.12291892684541611,tvm
2,2,75,1,16,16,[2; 2; 75; 1; 16; 16],1.3747789720073342,0.10640671501697502,tvm
2,2,100,1,640,128,[2; 2; 100; 1; 640; 128],0.9755304990103468,0.14995503926747322,tvm
128,4,25,1,160,16,[128; 4; 25; 1; 160; 16],1.1576832130085677,0.1263607458775786,tvm
4,1,4,1,128,16,[4; 1; 4; 1; 128; 16],0.39680859504733235,0.3686556090557085,tvm
8,1,4,1,128,64,[8; 1; 4; 1; 128; 64],0.3687297370051965,0.3967288222366852,tvm
320,20,75,1,1024,64,[320; 20; 75; 1; 1024; 64],1.2511095339432359,0.11692478581363878,tvm
256,64,5,1,128,16,[256; 64; 5; 1; 128; 16],1.2388405459932983,0.11808276275654418,tvm
320,4,5,1,1024,64,[320; 4; 5; 1; 1024; 64],1.250228154938668,0.11700721480943659,tvm
8,1,75,1,640,64,[8; 1; 75; 1; 640; 64],0.40315946796908975,0.3628482670210539,tvm
2,1,2,1,2560,64,[2; 1; 2; 1; 2560; 64],1.0093849149998277,0.14492559984982464,tvm
16,16,12,1,5120,64,[16; 16; 12; 1; 5120; 64],0.3021004209294915,0.48422876683067095,tvm
20,2,125,1,320,64,[20; 2; 125; 1; 320; 64],0.3527342079905793,0.4147193863590946,tvm
10,10,12,1,128,128,[10; 10; 12; 1; 128; 128],0.3387771500274539,0.4318051387877239,tvm
20,2,1,1,1024,128,[20; 2; 1; 1; 1024; 128],0.5384471730794758,0.27168071743989314,tvm
160,16,375,1,80,16,[160; 16; 375; 1; 80; 16],1.1939839299302548,0.12251899763362763,tvm
80,1,30,1,64,64,[80; 1; 30; 1; 64; 64],0.5288395449751988,0.2766164438262171,tvm
256,1,500,1,1024,128,[256; 1; 500; 1; 1024; 128],0.4964940840145573,0.2946373763467143,tvm
320,5,15,1,128,128,[320; 5; 15; 1; 128; 128],1.2313912539975718,0.118797103528886,tvm
10,1,375,1,512,64,[10; 1; 375; 1; 512; 64],0.3875357279321179,0.3774767169630827,tvm
10,1,1500,1,640,64,[10; 1; 1500; 1; 640; 64],0.4147727000527084,0.3526888685468562,tvm
320,10,300,1,2560,128,[320; 10; 300; 1; 2560; 128],1.2698833961039782,0.11519617843222545,tvm
1280,10,4,1,512,128,[1280; 10; 4; 1; 512; 128],1.805321519030258,0.08103028338370041,tvm
320,5,50,1,1280,128,[320; 5; 50; 1; 1280; 128],1.2758605310227722,0.11465650886499859,tvm
16,1,60,1,160,16,[16; 1; 60; 1; 160; 16],0.45900077698752284,0.31870472038371045,tvm
1280,40,300,1,160,16,[1280; 40; 300; 1; 160; 16],2.5803512929705903,0.05669217004840651,tvm
16,1,150,1,1280,64,[16; 1; 150; 1; 1280; 64],0.5768929310142994,0.25357515480127857,tvm
128,64,60,1,128,128,[128; 64; 60; 1; 128; 128],0.4583323539700359,0.3191695131679007,tvm
32,16,75,1,1280,64,[32; 16; 75; 1; 1280; 64],0.5409894250333309,0.27040401811311093,tvm
20,4,5,1,512,16,[20; 4; 5; 1; 512; 16],0.5340282029937953,0.273928817739639,tvm
640,8,50,1,1024,64,[640; 8; 50; 1; 1024; 64],1.7857336970046163,0.08191910951285372,tvm
160,20,375,1,64,16,[160; 20; 375; 1; 64; 16],1.1984975489322096,0.12205758319326244,tvm
1280,40,75,1,320,16,[1280; 40; 75; 1; 320; 16],2.6681072749197483,0.054827523488580235,tvm
160,20,250,1,64,64,[160; 20; 250; 1; 64; 64],0.5228383749490604,0.27979146385336917,tvm
320,5,10,1,160,16,[320; 5; 10; 1; 160; 16],1.7795997420325875,0.08220146970724586,tvm
256,16,100,1,256,16,[256; 16; 100; 1; 256; 16],1.2092628439422697,0.12097098246135973,tvm
80,2,250,1,256,64,[80; 2; 250; 1; 256; 64],0.5190848528873175,0.2818146464340578,tvm
640,10,2,1,80,16,[640; 10; 2; 1; 80; 16],2.8216879840474576,0.051843334597144436,tvm
1280,16,4,1,1280,16,[1280; 16; 4; 1; 1280; 16],2.395430910983123,0.06106864264587632,tvm
32,1,150,1,512,128,[32; 1; 150; 1; 512; 128],0.49422970705199987,0.2959872953778616,tvm
80,40,6,1,1024,16,[80; 40; 6; 1; 1024; 16],1.1290955169824883,0.12956008777420655,tvm
128,64,6,1,256,64,[128; 64; 6; 1; 256; 64],0.5060331529239193,0.28908326152240854,tvm
16,16,5,1,64,16,[16; 16; 5; 1; 64; 16],0.6157238869927824,0.23758330215216922,tvm
1280,16,20,1,512,16,[1280; 16; 20; 1; 512; 16],2.419240646995604,0.0604676159303883,tvm
80,10,1500,1,1280,16,[80; 10; 1500; 1; 1280; 16],1.3091462749289349,0.11174130583204325,tvm
320,1,375,1,640,128,[320; 1; 375; 1; 640; 128],1.2556488810805604,0.11650208628372827,tvm
40,20,25,1,640,128,[40; 20; 25; 1; 640; 128],0.49095102201681584,0.2979639673317633,tvm
20,4,5,1,5120,128,[20; 4; 5; 1; 5120; 128],0.534111896995455,0.2738858937773466,tvm
20,1,1,1,256,16,[20; 1; 1; 1; 256; 16],0.6340764480410144,0.23070674638313013,tvm
1280,5,150,1,16,16,[1280; 5; 150; 1; 16; 16],2.750060566002503,0.05319363365816909,tvm
256,8,500,1,2560,16,[256; 8; 500; 1; 2560; 16],1.2578145570587367,0.11630149568930703,tvm
16,1,125,1,2560,128,[16; 1; 125; 1; 2560; 128],0.5775442440062761,0.25328919092149177,tvm
16,4,50,1,2560,64,[16; 4; 50; 1; 2560; 64],0.39205580099951476,0.37312472845133426,tvm
64,64,15,1,256,16,[64; 64; 15; 1; 256; 16],0.7949102739803493,0.1840279577130369,tvm
20,10,6,1,160,16,[20; 10; 6; 1; 160; 16],0.5021017149556428,0.2913467728319502,tvm
40,10,750,1,160,16,[40; 10; 750; 1; 160; 16],0.6186536980094388,0.23645815867002612,tvm
160,8,1,1,1024,64,[160; 8; 1; 1; 1024; 64],0.49891519092489034,0.29320757705238326,tvm
32,8,20,1,16,16,[32; 8; 20; 1; 16; 16],0.6298211830435321,0.23226547188966698,tvm
160,20,300,1,320,64,[160; 20; 300; 1; 320; 64],0.5106900939717889,0.2864471349894547,tvm
1,1,2,1,1280,128,[1; 1; 2; 1; 1280; 128],1.8640261889668182,0.07847835784259916,tvm
1280,2,6,1,80,16,[1280; 2; 6; 1; 80; 16],2.4974040230736136,0.05857510956744477,tvm
256,16,4,1,512,64,[256; 16; 4; 1; 512; 64],0.5465032199863344,0.2676758506370232,tvm
64,8,250,1,80,16,[64; 8; 250; 1; 80; 16],0.7567356140352786,0.1933115233015775,tvm
1280,2,750,1,160,16,[1280; 2; 750; 1; 160; 16],2.721587038016878,0.05375015101200195,tvm
320,16,5,1,256,64,[320; 16; 5; 1; 256; 64],1.2330850979778916,0.11863391628493844,tvm
32,8,15,1,512,128,[32; 8; 15; 1; 512; 128],0.502558290027082,0.2910820837873975,tvm
256,1,2,1,1024,64,[256; 1; 2; 1; 1024; 64],0.5480433700140566,0.266923609133274,tvm
160,10,25,1,2560,128,[160; 10; 25; 1; 2560; 128],0.5069628820056096,0.2885531061110222,tvm
80,20,150,1,16,16,[80; 20; 150; 1; 16; 16],1.3059776880545542,0.11201241462526698,tvm
8,1,150,1,256,64,[8; 1; 150; 1; 256; 64],0.34309759899042547,0.42636764208249844,tvm
40,5,125,1,2560,64,[40; 5; 125; 1; 2560; 64],0.5499318280490115,0.2660069972758094,tvm
4,2,4,1,640,64,[4; 2; 4; 1; 640; 64],0.49276933004148304,0.29686448682469635,tvm
1,1,25,1,1024,128,[1; 1; 25; 1; 1024; 128],2.3665685730520636,0.06181342723446031,tvm
1280,16,50,1,1024,64,[1280; 16; 50; 1; 1024; 64],1.8210660240147263,0.08032971476960098,tvm
256,32,300,1,1024,16,[256; 32; 300; 1; 1024; 16],1.1896430790657178,0.12296605331457844,tvm
256,2,2,1,512,128,[256; 2; 2; 1; 512; 128],0.5128560760058463,0.28523736215625284,tvm
320,64,12,1,5120,16,[320; 64; 12; 1; 5120; 16],1.8830809170613065,0.07768424232879194,tvm
320,64,1500,1,128,128,[320; 64; 1500; 1; 128; 128],1.2560228860238567,0.11646739554945958,tvm
320,8,125,1,5120,16,[320; 8; 125; 1; 5120; 16],1.7654716859105974,0.0828592808670635,tvm
8,4,500,1,1024,64,[8; 4; 500; 1; 1024; 64],0.4179465699708089,0.3500105630629568,tvm
160,10,500,1,16,16,[160; 10; 500; 1; 16; 16],1.291692570084706,0.11325118505258666,tvm
80,40,100,1,1280,128,[80; 40; 100; 1; 1280; 128],0.4660505830543116,0.31388377057060085,tvm
640,2,150,1,128,64,[640; 2; 150; 1; 128; 64],1.8686749440385029,0.07828312503059931,tvm
1280,5,125,1,80,16,[1280; 5; 125; 1; 80; 16],2.6177366089541465,0.055882518426542245,tvm
1280,40,60,1,1280,16,[1280; 40; 60; 1; 1280; 16],2.4882085650460795,0.058791580553459434,tvm
8,8,20,1,1280,16,[8; 8; 20; 1; 1280; 16],0.43519777699839324,0.3361361707650781,tvm
1280,64,30,1,2560,128,[1280; 64; 30; 1; 2560; 128],1.8152928620111197,0.0805851867470287,tvm
1280,16,20,1,80,16,[1280; 16; 20; 1; 80; 16],2.706557779107243,0.054048620507915625,tvm
80,20,50,1,5120,16,[80; 20; 50; 1; 5120; 16],1.2461282690055668,0.11739218018258503,tvm
320,32,75,1,5120,16,[320; 32; 75; 1; 5120; 16],1.806981878937222,0.08095582805277071,tvm
64,4,2,1,5120,128,[64; 4; 2; 1; 5120; 128],0.9934360650368035,0.14725226859998777,tvm
64,1,15,1,1024,64,[64; 1; 15; 1; 1024; 64],0.5113575049908832,0.286073271357037,tvm
160,40,6,1,5120,16,[160; 40; 6; 1; 5120; 16],1.4925710170064121,0.09800921538669127,tvm
32,32,375,1,2560,16,[32; 32; 375; 1; 2560; 16],0.6433423929847777,0.22738391854922516,tvm
640,4,20,1,80,16,[640; 4; 20; 1; 80; 16],2.5152746581006795,0.05815894252923327,tvm
160,32,100,1,256,64,[160; 32; 100; 1; 256; 64],0.5081161459675059,0.28789818124588645,tvm
32,2,50,1,5120,16,[32; 2; 50; 1; 5120; 16],0.7835441830102354,0.18669746704482057,tvm
32,2,30,1,256,128,[32; 2; 30; 1; 256; 128],0.5041216249810532,0.29017940718415375,tvm
320,16,100,1,1280,16,[320; 16; 100; 1; 1280; 16],1.8105472879251465,0.08079640629179866,tvm
20,5,125,1,320,16,[20; 5; 125; 1; 320; 16],0.5333981950534508,0.27425236088595184,tvm
20,20,150,1,1280,16,[20; 20; 150; 1; 1280; 16],0.5775755739305168,0.2532754515399792,tvm
32,32,1,1,1024,16,[32; 32; 1; 1; 1024; 16],0.8550456459634006,0.17108526892840983,tvm
64,16,10,1,256,128,[64; 16; 10; 1; 256; 128],0.46960231696721166,0.311509779658792,tvm
20,4,10,1,320,16,[20; 4; 10; 1; 320; 16],0.4834932889789343,0.3025599685047292,tvm
640,32,2,1,128,128,[640; 32; 2; 1; 128; 128],2.0405677399830893,0.07168873221867489,tvm
640,10,125,1,1024,128,[640; 10; 125; 1; 1024; 128],1.8042703189421445,0.08107749307292411,tvm
80,20,6,1,2560,16,[80; 20; 6; 1; 2560; 16],1.1652629459276795,0.12553880203343676,tvm
32,32,75,1,256,64,[32; 32; 75; 1; 256; 64],0.33747440204024315,0.43347203047498106,tvm
32,2,20,1,1280,16,[32; 2; 20; 1; 1280; 16],0.5712133530760184,0.25609645414967436,tvm
640,5,750,1,640,128,[640; 5; 750; 1; 640; 128],1.8941096829948947,0.07723191301910924,tvm
160,40,3,1,64,64,[160; 40; 3; 1; 64; 64],0.5239010750083253,0.27922392463766116,tvm
40,10,300,1,1280,64,[40; 10; 300; 1; 1280; 64],0.5415924459230155,0.2701029443577358,tvm
320,16,1,1,80,16,[320; 16; 1; 1; 80; 16],1.8254156779730693,0.08013830277175503,tvm
256,2,30,1,160,16,[256; 2; 30; 1; 160; 16],1.1905713400337845,0.12287017952369254,tvm
10,1,6,1,640,128,[10; 1; 6; 1; 640; 128],0.48754393693525344,0.3000462177937847,tvm
160,32,125,1,2560,128,[160; 32; 125; 1; 2560; 128],0.4621850800467655,0.3165089497716209,tvm
128,64,15,1,5120,16,[128; 64; 15; 1; 5120; 16],1.2722857419867069,0.11497866356443279,tvm
32,32,750,1,1024,128,[32; 32; 750; 1; 1024; 128],0.34603617701213807,0.4227468802505669,tvm
160,20,1,1,64,16,[160; 20; 1; 1; 64; 16],1.1243012939812616,0.13011255529885782,tvm
160,8,12,1,160,16,[160; 8; 12; 1; 160; 16],1.1366977699799463,0.12869358782000168,tvm
1280,5,30,1,64,64,[1280; 5; 30; 1; 64; 64],1.878909935010597,0.07785669316016962,tvm
16,1,375,1,1280,64,[16; 1; 375; 1; 1280; 64],0.5815216209739447,0.2515567934356626,tvm
128,1,500,1,256,64,[128; 1; 500; 1; 256; 64],0.5161066439468414,0.28344086634308396,tvm
256,16,12,1,256,64,[256; 16; 12; 1; 256; 64],0.5446470520691946,0.26858809522598764,tvm
40,10,75,1,128,16,[40; 10; 75; 1; 128; 16],0.601675322977826,0.24313065319301033,tvm
128,8,1500,1,2560,16,[128; 8; 1500; 1; 2560; 16],1.2858267340343446,0.11376782766581287,tvm
640,40,500,1,320,64,[640; 40; 500; 1; 320; 64],1.9260847909608856,0.07594977903996389,tvm
256,64,75,1,256,128,[256; 64; 75; 1; 256; 128],0.5115650349762291,0.2859572181130631,tvm
16,4,300,1,320,64,[16; 4; 300; 1; 320; 64],0.3418053090572357,0.42797964340927946,tvm
80,5,50,1,640,128,[80; 5; 50; 1; 640; 128],0.4604257729370147,0.3177183443762734,tvm
1280,40,375,1,256,16,[1280; 40; 375; 1; 256; 16],3.3572815760271624,0.04357266763987709,tvm
1280,64,30,1,64,64,[1280; 64; 30; 1; 64; 64],1.9390399620169774,0.07544234113336623,tvm
128,32,300,1,512,16,[128; 32; 300; 1; 512; 16],1.1739191659726202,0.12461310669931269,tvm
64,32,15,1,256,128,[64; 32; 15; 1; 256; 128],0.4684346179710701,0.3122863013825095,tvm
32,2,100,1,128,64,[32; 2; 100; 1; 128; 64],0.5391603671014309,0.2713213418711727,tvm
16,16,20,1,256,16,[16; 16; 20; 1; 256; 16],0.4136320649413392,0.3536614462093512,tvm
160,1,500,1,1280,16,[160; 1; 500; 1; 1280; 16],1.2079190160147846,0.12110556448423675,tvm
128,8,300,1,16,16,[128; 8; 300; 1; 16; 16],1.291964699048549,0.11322733074165614,tvm
8,1,125,1,5120,128,[8; 1; 125; 1; 5120; 128],0.47231953288428485,0.3097176891931618,tvm
160,2,750,1,5120,16,[160; 2; 750; 1; 5120; 16],1.209859519964084,0.1209113222418227,tvm
1280,64,1,1,320,64,[1280; 64; 1; 1; 320; 64],1.8243836029432714,0.08018363794199426,tvm
128,2,3,1,1280,128,[128; 2; 3; 1; 1280; 128],0.4687223449582234,0.3120946032533451,tvm
160,5,375,1,640,128,[160; 5; 375; 1; 640; 128],0.4587415009737015,0.3188848490385449,tvm
320,2,4,1,2560,128,[320; 2; 4; 1; 2560; 128],1.5221131129655987,0.09610699299521802,tvm
128,4,10,1,512,64,[128; 4; 10; 1; 512; 64],0.5017123520374298,0.29157287774888346,tvm
640,10,2,1,5120,16,[640; 10; 2; 1; 5120; 16],2.413806688040495,0.06060374056071061,tvm
32,32,15,1,5120,128,[32; 32; 15; 1; 5120; 128],0.2764203860424459,0.529214637097176,tvm
320,1,10,1,32,16,[320; 1; 10; 1; 32; 16],1.8857070490485057,0.07757605528362821,tvm
2,2,1,1,320,64,[2; 2; 1; 1; 320; 64],0.9264657470630482,0.15789651668121435,tvm
160,4,375,1,64,16,[160; 4; 375; 1; 64; 16],1.20211922400631,0.12168985518606631,tvm
16,2,2,1,256,64,[16; 2; 2; 1; 256; 64],0.6966009669704363,0.20999929833850298,tvm
256,32,1,1,320,16,[256; 32; 1; 1; 320; 16],1.2207127979490906,0.1198363075503818,tvm
10,2,500,1,256,128,[10; 2; 500; 1; 256; 128],0.36310261697508395,0.4028770585692375,tvm
20,5,250,1,128,64,[20; 5; 250; 1; 128; 64],0.32643890392500907,0.44812585916328057,tvm
1280,64,10,1,512,64,[1280; 64; 10; 1; 512; 64],1.821248443913646,0.08032166878416858,tvm
64,64,75,1,2560,128,[64; 64; 75; 1; 2560; 128],0.4697208289289847,0.3114311848151632,tvm
16,2,20,1,256,16,[16; 2; 20; 1; 256; 16],0.415275335079059,0.352261986033591,tvm
20,20,60,1,32,16,[20; 20; 60; 1; 32; 16],0.5369175859959796,0.27245468969759107,tvm
320,20,25,1,32,16,[320; 20; 25; 1; 32; 16],1.8603780629346147,0.07863225072379049,tvm
256,8,25,1,1024,16,[256; 8; 25; 1; 1024; 16],1.187715990934521,0.1231655676965446,tvm
64,1,150,1,32,16,[64; 1; 150; 1; 32; 16],1.2466120639583096,0.11734662170781505,tvm
128,1,4,1,32,16,[128; 1; 4; 1; 32; 16],1.2130597929935902,0.12059233611618621,tvm
80,4,6,1,640,16,[80; 4; 6; 1; 640; 16],1.1307998320553452,0.1293648178385603,tvm
320,1,125,1,1280,16,[320; 1; 125; 1; 1280; 16],1.8206432440783828,0.08034836850190534,tvm
1280,40,100,1,128,64,[1280; 40; 100; 1; 128; 64],1.9891768048983067,0.07354083052119287,tvm
160,40,60,1,512,64,[160; 40; 60; 1; 512; 64],0.5052205940010026,0.2895482013653307,tvm
640,8,1,1,64,16,[640; 8; 1; 1; 64; 16],2.7064682120690122,0.05405040917657161,tvm
32,4,25,1,512,64,[32; 4; 25; 1; 512; 64],0.5418057029601187,0.26999663068604157,tvm
1280,5,25,1,1024,64,[1280; 5; 25; 1; 1024; 64],1.812471059965901,0.08071064830600189,tvm
64,32,6,1,1280,16,[64; 32; 6; 1; 1280; 16],0.8979531739605591,0.16291018120744416,tvm
16,8,15,1,512,16,[16; 8; 15; 1; 512; 16],0.4160883049480617,0.35157372256346986,tvm
32,32,6,1,1024,64,[32; 32; 6; 1; 1024; 64],0.4825834530638531,0.303130398187023,tvm
320,40,25,1,64,64,[320; 40; 25; 1; 64; 64],1.4547241639811546,0.10055907360841046,tvm
1280,5,150,1,320,64,[1280; 5; 150; 1; 320; 64],1.853619900997728,0.07891893813126125,tvm
80,16,125,1,5120,128,[80; 16; 125; 1; 5120; 128],0.48875529901124537,0.2993025642517863,tvm
160,40,150,1,16,16,[160; 40; 150; 1; 16; 16],1.292925694026053,0.11314317207990035,tvm
256,2,125,1,16,16,[256; 2; 125; 1; 16; 16],1.3338932211045176,0.1096682342868373,tvm
1280,16,10,1,1024,16,[1280; 16; 10; 1; 1024; 16],2.3965774279786274,0.06103942755110471,tvm
64,8,75,1,320,16,[64; 8; 75; 1; 320; 16],0.7586080699693412,0.19283437663881742,tvm
40,2,20,1,1280,16,[40; 2; 20; 1; 1280; 16],1.109271968016401,0.13187542685974682,tvm
320,2,1,1,512,128,[320; 2; 1; 1; 512; 128],1.2045041170204058,0.12144891181242516,tvm
40,8,6,1,16,16,[40; 8; 6; 1; 16; 16],0.6617656509624794,0.22105365256258724,tvm
640,20,60,1,1280,64,[640; 20; 60; 1; 1280; 64],1.8266693919431418,0.08008330074995185,tvm
80,2,250,1,1024,64,[80; 2; 250; 1; 1024; 64],0.5155148030025885,0.2837662729250081,tvm
128,1,500,1,1024,128,[128; 1; 500; 1; 1024; 128],0.44696008891332895,0.3272903284080044,tvm
320,40,75,1,320,64,[320; 40; 75; 1; 320; 64],1.2889537899754941,0.11349182214553674,tvm
80,5,250,1,64,64,[80; 5; 250; 1; 64; 64],0.532456788001582,0.27473725113873404,tvm
4,1,100,1,512,16,[4; 1; 100; 1; 512; 16],0.9403805519687012,0.15556012295178043,tvm
16,1,150,1,1024,64,[16; 1; 150; 1; 1024; 64],0.5746625869069248,0.2545593146633843,tvm
320,40,25,1,80,16,[320; 40; 25; 1; 80; 16],1.8266917030559853,0.08008232261688379,tvm
256,2,150,1,80,16,[256; 2; 150; 1; 80; 16],1.234441711101681,0.11850354129330351,tvm
16,16,20,1,80,16,[16; 16; 20; 1; 80; 16],0.41003573103807867,0.3567633335645308,tvm
16,16,15,1,256,64,[16; 16; 15; 1; 256; 64],0.36076769896317273,0.40548451179562833,tvm
1280,32,1,1,128,16,[1280; 32; 1; 1; 128; 16],2.699244570918381,0.05419505733633562,tvm
32,32,6,1,1280,64,[32; 32; 6; 1; 1280; 64],0.4811080760555342,0.30405998478568164,tvm
320,64,25,1,320,64,[320; 64; 25; 1; 320; 64],1.2262243559816852,0.11929767466460209,tvm
16,2,150,1,320,16,[16; 2; 150; 1; 320; 16],0.5202813170617446,0.28116657179207105,tvm
16,8,150,1,2560,128,[16; 8; 150; 1; 2560; 128],0.580616345978342,0.25194901125152097,tvm
4,1,250,1,1024,64,[4; 1; 250; 1; 1024; 64],0.714605106972158,0.20470846465894876,tvm
32,16,500,1,1280,128,[32; 16; 500; 1; 1280; 128],0.5098096479196101,0.2869418318830669,tvm
640,4,75,1,640,16,[640; 4; 75; 1; 640; 16],2.4694088130490854,0.059239164253685896,tvm
320,4,2,1,5120,128,[320; 4; 2; 1; 5120; 128],1.7083069790387526,0.08563198305730028,tvm
4,4,100,1,5120,16,[4; 4; 100; 1; 5120; 16],1.176664871047251,0.12432232650535205,tvm
128,32,2,1,1024,64,[128; 32; 2; 1; 1024; 64],0.4983720709569752,0.2935271111898709,tvm
160,40,300,1,1024,16,[160; 40; 300; 1; 1024; 16],1.1672063570003957,0.1253297785848717,tvm
160,10,4,1,256,128,[160; 10; 4; 1; 256; 128],0.4523571180179715,0.32338545909628547,tvm
1280,64,60,1,256,16,[1280; 64; 60; 1; 256; 16],2.723855559946969,0.0537053860112033,tvm
64,64,375,1,1280,16,[64; 64; 375; 1; 1280; 16],0.8117471929872409,0.1802109271821204,tvm
160,16,1,1,5120,16,[160; 16; 1; 1; 5120; 16],2.3912940450245515,0.06117428954004374,tvm
2,1,5,1,5120,64,[2; 1; 5; 1; 5120; 64],1.1143690079916269,0.13127223858222506,tvm
1280,64,6,1,128,64,[1280; 64; 6; 1; 128; 64],1.8473356679314747,0.07918740314775356,tvm
80,1,6,1,2560,128,[80; 1; 6; 1; 2560; 128],0.4703131829155609,0.31103894085821987,tvm
640,4,50,1,512,128,[640; 4; 50; 1; 512; 128],1.8333375899819657,0.07979202253042403,tvm
1280,20,3,1,5120,128,[1280; 20; 3; 1; 5120; 128],1.806292254012078,0.08098673620550008,tvm
256,2,60,1,256,64,[256; 2; 60; 1; 256; 64],0.5624196589924395,0.26010064183706066,tvm
1280,5,1500,1,320,64,[1280; 5; 1500; 1; 320; 64],2.147571865003556,0.06811679584257921,tvm
16,16,12,1,64,64,[16; 16; 12; 1; 64; 64],0.35351032798644155,0.4138088839410794,tvm
256,64,2,1,1280,128,[256; 64; 2; 1; 1280; 128],0.8379879540298134,0.17456780086424706,tvm
320,32,6,1,1024,64,[320; 32; 6; 1; 1024; 64],1.2271508409176022,0.11920760627628234,tvm
640,20,1,1,128,128,[640; 20; 1; 1; 128; 128],1.9661079050274566,0.07440370587578275,tvm
16,2,250,1,256,128,[16; 2; 250; 1; 256; 128],0.5531301969895139,0.26446886299445255,tvm
160,16,75,1,128,128,[160; 16; 75; 1; 128; 128],0.4568655809853226,0.320194211107389,tvm
80,8,12,1,640,16,[80; 8; 12; 1; 640; 16],1.142472320003435,0.12804311467718926,tvm
1280,10,20,1,64,64,[1280; 10; 20; 1; 64; 64],1.9761090750107542,0.07402714563461948,tvm
256,2,125,1,1280,64,[256; 2; 125; 1; 1280; 64],0.5474312710575759,0.2672220642476391,tvm
1280,2,15,1,2560,16,[1280; 2; 15; 1; 2560; 16],2.4223497399361804,0.060390005569372636,tvm
8,8,125,1,64,64,[8; 8; 125; 1; 64; 64],0.3787601670483127,0.38622254136627526,tvm
20,2,150,1,5120,128,[20; 2; 150; 1; 5120; 128],0.6123517800588161,0.23889162904313535,tvm
160,16,300,1,320,64,[160; 16; 300; 1; 320; 64],0.5099538100184873,0.28686071446433753,tvm
10,5,20,1,80,16,[10; 5; 20; 1; 80; 16],0.49360274500213563,0.29636325115064216,tvm
2,1,500,1,128,64,[2; 1; 500; 1; 128; 64],0.6297309310175478,0.23229875980419,tvm
640,64,150,1,2560,64,[640; 64; 150; 1; 2560; 64],1.844596546026878,0.07930499197822022,tvm
256,8,2,1,5120,16,[256; 8; 2; 1; 5120; 16],1.9338519519660622,0.07564473285402848,tvm
64,1,375,1,2560,16,[64; 1; 375; 1; 2560; 16],1.2187183449277654,0.12003242167851735,tvm
8,4,2,1,320,64,[8; 4; 2; 1; 320; 64],0.5391709849936888,0.2713159987409683,tvm
40,2,100,1,160,16,[40; 2; 100; 1; 160; 16],1.1668639160925522,0.12536655926046422,tvm
64,32,25,1,5120,64,[64; 32; 25; 1; 5120; 64],0.5883396089775488,0.2486416213586881,tvm
1280,16,500,1,160,16,[1280; 16; 500; 1; 160; 16],2.647602766053751,0.0552521383348428,tvm
10,5,100,1,512,128,[10; 5; 100; 1; 512; 128],0.3678250110242516,0.3977046418849134,tvm
640,4,2,1,512,64,[640; 4; 2; 1; 512; 64],1.8332195580005646,0.07979715994589517,tvm
40,2,1500,1,1280,16,[40; 2; 1500; 1; 1280; 16],1.2578867130214348,0.1162948243044376,tvm
128,32,375,1,128,128,[128; 32; 375; 1; 128; 128],0.46104619198013097,0.317290798254806,tvm
640,1,375,1,80,16,[640; 1; 375; 1; 80; 16],2.660315730026923,0.05498810259045224,tvm
64,8,750,1,80,16,[64; 8; 750; 1; 80; 16],0.7938500189920887,0.1842737428808604,tvm
256,2,150,1,1280,16,[256; 2; 150; 1; 1280; 16],1.1961618979694322,0.12229591540580288,tvm
160,5,125,1,512,64,[160; 5; 125; 1; 512; 64],0.5111420599278063,0.2861938505048395,tvm
128,1,2,1,256,16,[128; 1; 2; 1; 256; 16],1.1327709910692647,0.12913970735393723,tvm
640,10,250,1,320,64,[640; 10; 250; 1; 320; 64],1.8524220869876444,0.07896996873083063,tvm
640,20,250,1,80,16,[640; 20; 250; 1; 80; 16],2.8297924059443176,0.05169485718401945,tvm
320,1,75,1,1024,64,[320; 1; 75; 1; 1024; 64],1.247793555026874,0.11723551039063006,tvm
1,1,5,1,256,128,[1; 1; 5; 1; 256; 128],1.7267238299828023,0.08471865144015026,tvm
16,4,12,1,640,128,[16; 4; 12; 1; 640; 128],0.5625739539973438,0.2600293050296548,tvm
160,40,3,1,640,64,[160; 40; 3; 1; 640; 64],0.497793982969597,0.29386798412677634,tvm
20,4,5,1,2560,128,[20; 4; 5; 1; 2560; 128],0.5288398539414629,0.27661628221746426,tvm
2,1,300,1,64,16,[2; 1; 300; 1; 64; 16],1.03061350598,0.14194042037767854,tvm
128,64,10,1,1024,128,[128; 64; 10; 1; 1024; 128],0.4435811190633103,0.329783455604736,tvm
8,4,12,1,512,128,[8; 4; 12; 1; 512; 128],0.4471771359676495,0.32713147099787576,tvm
320,8,3,1,128,64,[320; 8; 3; 1; 128; 64],1.3076734079513699,0.11186716300585231,tvm
320,4,375,1,64,16,[320; 4; 375; 1; 64; 16],1.8026125530013815,0.08115205568836521,tvm
320,40,60,1,2560,64,[320; 40; 60; 1; 2560; 64],1.2295683500124142,0.11897322689237841,tvm
80,4,100,1,64,64,[80; 4; 100; 1; 64; 64],0.5290091099450365,0.27652777907910364,tvm
256,2,10,1,2560,128,[256; 2; 10; 1; 2560; 128],0.6287079330068082,0.23267674321540682,tvm
320,20,150,1,128,128,[320; 20; 150; 1; 128; 128],1.334004087955691,0.1096591199430966,tvm
320,2,750,1,160,16,[320; 2; 750; 1; 160; 16],1.812673456966877,0.08070163642738626,tvm
160,40,250,1,128,64,[160; 40; 250; 1; 128; 64],0.5139271430671215,0.28464290368607487,tvm
160,1,375,1,2560,16,[160; 1; 375; 1; 2560; 16],1.209888885030523,0.12090838761778014,tvm
32,1,1500,1,256,16,[32; 1; 1500; 1; 256; 16],1.2450485350564122,0.11749398530803958,tvm
64,32,375,1,2560,16,[64; 32; 375; 1; 2560; 16],0.8114992160117254,0.18026599582518957,tvm
160,32,50,1,512,16,[160; 32; 50; 1; 512; 16],1.1654847780009732,0.12551490765638482,tvm
1280,20,750,1,640,64,[1280; 20; 750; 1; 640; 64],1.9999136329861358,0.07314601584433941,tvm
40,8,25,1,1280,16,[40; 8; 25; 1; 1280; 16],0.6122779999859631,0.2389204157083351,tvm
640,16,1500,1,640,16,[640; 16; 1500; 1; 640; 16],2.8005971300881356,0.052233758548881556,tvm
128,1,6,1,64,64,[128; 1; 6; 1; 64; 64],0.527609649929218,0.27726125613005637,tvm
640,20,750,1,512,64,[640; 20; 750; 1; 512; 64],1.9629464560421184,0.07452353773350988,tvm
80,8,500,1,320,64,[80; 8; 500; 1; 320; 64],0.5204687539953738,0.2810653149929814,tvm
1280,16,12,1,512,16,[1280; 16; 12; 1; 512; 16],2.4303075569914654,0.06019226408809131,tvm
16,8,250,1,256,128,[16; 8; 250; 1; 256; 128],0.549624633975327,0.2661556728774299,tvm
80,8,60,1,64,64,[80; 8; 60; 1; 64; 64],0.5282377030234784,0.2769316037996106,tvm
5,1,100,1,256,128,[5; 1; 100; 1; 256; 128],0.46346153400372714,0.3156372288806559,tvm
20,2,20,1,320,64,[20; 2; 20; 1; 320; 64],0.3700361610390246,0.3953281589425169,tvm
1280,2,500,1,512,64,[1280; 2; 500; 1; 512; 64],2.009010060923174,0.07281482414204214,tvm
20,4,25,1,1024,64,[20; 4; 25; 1; 1024; 64],0.3512863829964772,0.41642865014548913,tvm
16,4,6,1,5120,128,[16; 4; 6; 1; 5120; 128],0.5598988960264251,0.2612716605156696,tvm
160,10,2,1,1024,64,[160; 10; 2; 1; 1024; 64],0.49665933405049145,0.2945393436838994,tvm
128,8,300,1,256,128,[128; 8; 300; 1; 256; 128],0.4586476020049304,0.31895013436512365,tvm
640,16,30,1,1024,128,[640; 16; 30; 1; 1024; 128],1.8047420569928363,0.08105630038314941,tvm
128,64,10,1,640,128,[128; 64; 10; 1; 640; 128],0.44629253703169525,0.32777988011779197,tvm
80,16,15,1,5120,128,[80; 16; 15; 1; 5120; 128],0.570376461953856,0.2564722144820011,tvm
80,2,75,1,2560,128,[80; 2; 75; 1; 2560; 128],0.4832266590092331,0.3027269120160839,tvm
640,16,15,1,16,16,[640; 16; 15; 1; 16; 16],2.70877691404894,0.054004341785036096,tvm
80,40,15,1,640,128,[80; 40; 15; 1; 640; 128],0.45982647803612053,0.31813242880333475,tvm
640,16,125,1,128,128,[640; 16; 125; 1; 128; 128],2.02099847397767,0.07238289200575151,tvm
32,32,75,1,320,16,[32; 32; 75; 1; 320; 16],0.5843034229474142,0.2503591602250114,tvm
1280,8,4,1,5120,16,[1280; 8; 4; 1; 5120; 16],2.419110387098044,0.06047087188162509,tvm
20,5,60,1,128,64,[20; 5; 60; 1; 128; 64],0.33331384998746216,0.43888279557305204,tvm
320,16,25,1,256,64,[320; 16; 25; 1; 256; 64],1.4956263930071145,0.0978089949265949,tvm
10,10,75,1,1280,16,[10; 10; 75; 1; 1280; 16],0.5254013080848381,0.27842662748394437,tvm
16,16,50,1,640,64,[16; 16; 50; 1; 640; 64],0.3481557809282094,0.42017315896839513,tvm
128,16,100,1,256,64,[128; 16; 100; 1; 256; 64],0.5103102120338008,0.28666037017504353,tvm
16,2,6,1,256,16,[16; 2; 6; 1; 256; 16],0.49866568099241704,0.2933542849682066,tvm
640,16,500,1,128,64,[640; 16; 500; 1; 128; 64],2.0468013680074364,0.07147040087633107,tvm
128,2,300,1,32,16,[128; 2; 300; 1; 32; 16],1.226255745976232,0.11929462085354395,tvm
128,16,10,1,1024,64,[128; 16; 10; 1; 1024; 64],0.5064949179068208,0.28881970798496004,tvm
1280,32,1,1,1024,128,[1280; 32; 1; 1; 1024; 128],1.807205077027902,0.08094582963782573,tvm
128,16,10,1,2560,128,[128; 16; 10; 1; 2560; 128],0.5741981380851939,0.2547652188032868,tvm
16,4,1500,1,1024,128,[16; 4; 1500; 1; 1024; 128],0.5687076660105959,0.25722479760451966,tvm
256,4,12,1,256,16,[256; 4; 12; 1; 256; 16],1.1906867679208517,0.1228582682086531,tvm
64,8,12,1,1024,16,[64; 8; 12; 1; 1024; 16],0.8168268039589748,0.17909024725523273,tvm
320,32,3,1,1280,16,[320; 32; 3; 1; 1280; 16],1.9498558269115165,0.07502386190133055,tvm
32,1,30,1,64,16,[32; 1; 30; 1; 64; 16],1.0317229630891234,0.14178778559674035,tvm
1280,20,25,1,640,64,[1280; 20; 25; 1; 640; 64],1.8396835370222107,0.07951678174089578,tvm
256,8,30,1,320,16,[256; 8; 30; 1; 320; 16],1.1900984230451286,0.12291900522934071,tvm
80,20,30,1,16,16,[80; 20; 30; 1; 16; 16],1.305752580985427,0.11203172516443752,tvm
320,16,1500,1,256,128,[320; 16; 1500; 1; 256; 128],1.210302998078987,0.12086701802598308,tvm
64,32,2,1,256,128,[64; 32; 2; 1; 256; 128],0.4655541890533641,0.3142184470150827,tvm
80,5,750,1,64,64,[80; 5; 750; 1; 64; 64],0.5326573870843276,0.2746337849296645,tvm
10,1,3,1,128,128,[10; 1; 3; 1; 128; 128],0.3474988240050152,0.42096750889609647,tvm
640,8,15,1,32,16,[640; 8; 15; 1; 32; 16],2.575458158971742,0.05679987996548126,tvm
40,2,30,1,128,16,[40; 2; 30; 1; 128; 16],1.1245889080455527,0.13007927896065363,tvm
20,4,5,1,2560,64,[20; 4; 5; 1; 2560; 64],0.4508174950024113,0.32448987873669777,tvm
10,10,500,1,320,64,[10; 10; 500; 1; 320; 64],0.3629934729542583,0.40299819469246523,tvm
160,32,25,1,32,16,[160; 32; 25; 1; 32; 16],1.2118232620414346,0.12071538719209081,tvm
64,8,150,1,320,16,[64; 8; 150; 1; 320; 16],0.7650776079390198,0.19120375863539055,tvm
160,10,125,1,128,128,[160; 10; 125; 1; 128; 128],0.4578866269439459,0.3194802068408573,tvm
128,64,12,1,512,128,[128; 64; 12; 1; 512; 128],0.44809453189373016,0.32646172598331846,tvm
128,8,300,1,5120,128,[128; 8; 300; 1; 5120; 128],0.48041196004487574,0.3045005671217045,tvm
160,1,375,1,64,16,[160; 1; 375; 1; 64; 16],1.2255407300544903,0.11936422078702362,tvm
256,32,3,1,64,64,[256; 32; 3; 1; 64; 64],0.5736832460388541,0.25499387562000847,tvm
80,20,12,1,512,16,[80; 20; 12; 1; 512; 16],1.1446268130093813,0.12780210337822598,tvm
40,8,100,1,2560,128,[40; 8; 100; 1; 2560; 128],0.5038221320137382,0.29035190197187566,tvm
10,2,100,1,1280,16,[10; 2; 100; 1; 1280; 16],0.5448731649667025,0.2684766358325867,tvm
64,32,250,1,5120,128,[64; 32; 250; 1; 5120; 128],0.5094978020060807,0.28711745901500163,tvm
320,20,50,1,640,64,[320; 20; 50; 1; 640; 64],1.2911410740343854,0.11329955899289937,tvm
320,16,30,1,640,16,[320; 16; 30; 1; 640; 16],1.8153028308879584,0.08058474420720117,tvm
40,40,150,1,128,128,[40; 40; 150; 1; 128; 128],0.3372016790090129,0.43382261534292155,tvm
80,16,750,1,640,16,[80; 16; 750; 1; 640; 16],1.2120399919804186,0.12069380156894828,tvm
64,8,125,1,640,16,[64; 8; 125; 1; 640; 16],0.810370616032742,0.18051705157064063,tvm
1280,20,1,1,320,16,[1280; 20; 1; 1; 320; 16],2.4241394329583272,0.0603454208519651,tvm
1,1,10,1,128,64,[1; 1; 10; 1; 128; 64],1.1585439529735595,0.12626686619031782,tvm
1280,4,5,1,256,64,[1280; 4; 5; 1; 256; 64],2.1287657130742446,0.06871855995578613,tvm
80,40,4,1,2560,128,[80; 40; 4; 1; 2560; 128],0.46652262890711427,0.3135661706880249,tvm
10,10,2,1,5120,128,[10; 10; 2; 1; 5120; 128],0.7819859950104728,0.18706948106373075,tvm
40,20,15,1,32,16,[40; 20; 15; 1; 32; 16],0.6661191339371726,0.2196089360488356,tvm
32,1,75,1,1280,128,[32; 1; 75; 1; 1280; 128],0.49484738800674677,0.29561783659191476,tvm
640,5,500,1,1280,16,[640; 5; 500; 1; 1280; 16],2.5992287000408396,0.05628043206948886,tvm
64,32,1,1,16,16,[64; 32; 1; 1; 16; 16],0.8097285330295563,0.1806601945202475,tvm
320,64,1,1,1024,64,[320; 64; 1; 1; 1024; 64],1.2336903359973803,0.11857571549139939,tvm
5,5,4,1,640,64,[5; 5; 4; 1; 640; 64],0.4257709380472079,0.3435784390467127,tvm
64,4,25,1,1024,128,[64; 4; 25; 1; 1024; 128],0.46161580400075763,0.31689927644997656,tvm
640,1,50,1,640,128,[640; 1; 50; 1; 640; 128],1.8022944419644773,0.08116637929941391,tvm
160,10,60,1,256,128,[160; 10; 60; 1; 256; 128],0.4524306730600074,0.3233328839008931,tvm
640,2,30,1,1280,128,[640; 2; 30; 1; 1280; 128],1.837516678031534,0.07961055049711166,tvm
80,5,60,1,5120,64,[80; 5; 60; 1; 5120; 64],0.5791984000243247,0.2525658121285741,tvm
32,16,10,1,2560,64,[32; 16; 10; 1; 2560; 64],0.5310726540628821,0.2754532984641179,tvm
1280,4,375,1,128,64,[1280; 4; 375; 1; 128; 64],1.9576181609882042,0.0747263777997796,tvm
80,5,10,1,1024,16,[80; 5; 10; 1; 1024; 16],1.1405561260180548,0.12825823381128254,tvm
1280,10,100,1,5120,64,[1280; 10; 100; 1; 5120; 64],1.821927882032469,0.08029171501702026,tvm
128,16,125,1,1280,16,[128; 16; 125; 1; 1280; 16],1.1774400200229138,0.12424048087211056,tvm
640,5,5,1,80,16,[640; 5; 5; 1; 80; 16],2.7448485889472067,0.05329463886451476,tvm
256,2,10,1,2560,64,[256; 2; 10; 1; 2560; 64],0.6717876039911062,0.21775589995502653,tvm
1280,20,375,1,1280,128,[1280; 20; 375; 1; 1280; 128],1.8731787980068475,0.07809490180081546,tvm
40,4,30,1,1024,64,[40; 4; 30; 1; 1024; 64],0.5246295359684154,0.2788362153794582,tvm
64,16,50,1,160,16,[64; 16; 50; 1; 160; 16],0.7580268590245396,0.1929822308327713,tvm
160,2,150,1,256,16,[160; 2; 150; 1; 256; 16],1.1807980490848422,0.12388715784133501,tvm
10,1,4,1,320,64,[10; 1; 4; 1; 320; 64],0.4020590700674802,0.36384134863855255,tvm
128,16,375,1,2560,128,[128; 16; 375; 1; 2560; 128],0.45882991701364517,0.3188234002652532,tvm
20,4,3,1,2560,64,[20; 4; 3; 1; 2560; 64],0.5702275760704651,0.2565391791358004,tvm
320,32,2,1,512,128,[320; 32; 2; 1; 512; 128],1.2093075659358874,0.1209665087743855,tvm
320,64,75,1,128,128,[320; 64; 75; 1; 128; 128],1.225430628983304,0.11937494528521972,tvm
10,10,75,1,5120,128,[10; 10; 75; 1; 5120; 128],0.4692329110112041,0.3117550172908084,tvm
40,4,20,1,160,16,[40; 4; 20; 1; 160; 16],0.6124854190275073,0.23883950497627188,tvm
256,16,3,1,1280,16,[256; 16; 3; 1; 1280; 16],1.4114604690112174,0.10364138245273925,tvm
320,10,4,1,512,128,[320; 10; 4; 1; 512; 128],1.2328915999969468,0.11865253545897837,tvm
64,2,25,1,1024,128,[64; 2; 25; 1; 1024; 128],0.4624551209853962,0.3163241310292114,tvm
128,2,500,1,1280,128,[128; 2; 500; 1; 1280; 128],0.4577141789486632,0.3196005739252434,tvm
640,40,10,1,64,64,[640; 40; 10; 1; 64; 64],1.9285994259407744,0.07585075071478664,tvm
320,64,750,1,80,16,[320; 64; 750; 1; 80; 16],1.8333602889906615,0.07979103461777852,tvm
256,4,5,1,2560,128,[256; 4; 5; 1; 2560; 128],0.8091725460253656,0.18078432715527226,tvm
256,64,100,1,5120,128,[256; 64; 100; 1; 5120; 128],0.5115694620180875,0.2859547434841646,tvm
2,2,4,1,1280,128,[2; 2; 4; 1; 1280; 128],0.9489076209720224,0.15416222933889515,tvm
640,2,1500,1,32,16,[640; 2; 1500; 1; 32; 16],2.686636889935471,0.05444938050010467,tvm
16,4,10,1,32,16,[16; 4; 10; 1; 32; 16],0.4717978109838441,0.31006018018749054,tvm
160,10,5,1,1024,128,[160; 10; 5; 1; 1024; 128],0.44421916792634875,0.32930977510175424,tvm
10,10,6,1,128,64,[10; 10; 6; 1; 128; 64],0.3562255681026727,0.4106547294313003,tvm
20,5,125,1,1280,16,[20; 5; 125; 1; 1280; 16],0.5623391449917108,0.26013788225230283,tvm
640,8,2,1,64,64,[640; 8; 2; 1; 64; 64],1.9581102299271151,0.07470759921986586,tvm
32,2,5,1,160,16,[32; 2; 5; 1; 160; 16],0.6311946259811521,0.23176007567922877,tvm
80,16,125,1,16,16,[80; 16; 125; 1; 16; 16],1.3052395470440388,0.11207576005263241,tvm
1280,40,375,1,2560,128,[1280; 40; 375; 1; 2560; 128],1.8924210909754038,0.07730082642986967,tvm
160,16,375,1,1024,64,[160; 16; 375; 1; 1024; 64],0.5056973019381985,0.2892752516674331,tvm
1280,4,4,1,512,16,[1280; 4; 4; 1; 512; 16],2.404397663078271,0.06084089854688576,tvm
256,2,10,1,64,64,[256; 2; 10; 1; 64; 64],0.5788822519825771,0.2527037472382503,tvm
640,2,300,1,128,128,[640; 2; 300; 1; 128; 128],2.0240426550153643,0.07227402738931105,tvm
40,20,20,1,160,16,[40; 20; 20; 1; 160; 16],0.6102190869860351,0.2397265464248942,tvm
256,4,250,1,640,16,[256; 4; 250; 1; 640; 16],1.1922800269676372,0.12269409113374757,tvm
32,8,500,1,2560,64,[32; 8; 500; 1; 2560; 64],0.5470302420435473,0.2674179653015764,tvm
64,32,12,1,640,64,[64; 32; 12; 1; 640; 64],0.5140198440058157,0.2845915697450373,tvm
32,32,60,1,640,16,[32; 32; 60; 1; 640; 16],0.6140357390977442,0.238236481968728,tvm
80,5,2,1,128,16,[80; 5; 2; 1; 128; 16],1.1179959719302133,0.13084636971737287,tvm
640,20,6,1,64,16,[640; 20; 6; 1; 64; 16],2.62211897096131,0.05578912166295935,tvm
40,40,300,1,1024,64,[40; 40; 300; 1; 1024; 64],0.3491655169054866,0.4189580792003337,tvm
64,16,20,1,160,16,[64; 16; 20; 1; 160; 16],0.780949357082136,0.18731779847067442,tvm
64,16,500,1,320,64,[64; 16; 500; 1; 320; 64],0.5240699360147119,0.27913395566657295,tvm
80,20,125,1,1280,64,[80; 20; 125; 1; 1280; 64],0.51833033002913,0.2822248782499243,tvm
8,8,150,1,128,16,[8; 8; 150; 1; 128; 16],0.46062978508416563,0.3175776274627686,tvm
40,8,75,1,5120,128,[40; 8; 75; 1; 5120; 128],0.5235927649773657,0.2793883416094148,tvm
32,32,4,1,1024,64,[32; 32; 4; 1; 1024; 64],0.5720559459878132,0.2557192444405266,tvm
32,32,500,1,512,64,[32; 32; 500; 1; 512; 64],0.35026785999070853,0.4176395581644139,tvm
2,1,1,1,512,16,[2; 1; 1; 1; 512; 16],1.0025808080099523,0.14590915078065425,tvm
40,20,4,1,160,16,[40; 20; 4; 1; 160; 16],0.7795924850506708,0.18764382301120597,tvm
160,40,1,1,1280,16,[160; 40; 1; 1; 1280; 16],1.3425481310114264,0.10896124385165097,tvm
256,64,300,1,1280,16,[256; 64; 300; 1; 1280; 16],1.1920648250961676,0.1227162409342235,tvm
16,4,12,1,320,16,[16; 4; 12; 1; 320; 16],0.4517237179679796,0.3238389052134822,tvm
20,5,1500,1,5120,64,[20; 5; 1500; 1; 5120; 64],0.4222489179810509,0.3464442608525029,tvm
16,16,10,1,64,64,[16; 16; 10; 1; 64; 64],0.3542991899885237,0.41288752111020266,tvm
20,10,150,1,256,128,[20; 10; 150; 1; 256; 128],0.5317635720130056,0.27509540326718074,tvm
640,40,15,1,320,64,[640; 40; 15; 1; 320; 64],1.8260989909758791,0.0801083155998779,tvm
640,32,2,1,128,64,[640; 32; 2; 1; 128; 64],1.9778741920599714,0.07396108148484236,tvm
40,10,50,1,640,16,[40; 10; 50; 1; 640; 16],0.616046346956864,0.2374589428349574,tvm
128,8,125,1,80,16,[128; 8; 125; 1; 80; 16],1.2005845110397786,0.12184541191441996,tvm
640,2,2,1,32,16,[640; 2; 2; 1; 32; 16],2.6369829849572852,0.055474652328135476,tvm
320,1,125,1,512,64,[320; 1; 125; 1; 512; 64],1.216885727015324,0.12021318932264226,tvm
64,4,20,1,1280,128,[64; 4; 20; 1; 1280; 128],0.46123961405828595,0.31715774150142373,tvm
256,8,300,1,64,16,[256; 8; 300; 1; 64; 16],1.2360755709232762,0.11834690186171014,tvm
640,32,12,1,2560,64,[640; 32; 12; 1; 2560; 64],1.809564727009274,0.08084027727899262,tvm
160,2,60,1,5120,128,[160; 2; 60; 1; 5120; 128],0.4843543319730088,0.3020221037144894,tvm
320,4,6,1,256,16,[320; 4; 6; 1; 256; 16],1.8305256289895624,0.07991459500431196,tvm
16,2,150,1,16,16,[16; 2; 150; 1; 16; 16],0.5463942399946973,0.267729239398889,tvm
4,1,75,1,256,64,[4; 1; 75; 1; 256; 64],0.5461227310588583,0.26786234296105205,tvm
320,8,300,1,1280,128,[320; 8; 300; 1; 1280; 128],1.2644303690176457,0.11569297754163069,tvm
4,2,6,1,640,128,[4; 2; 6; 1; 640; 128],0.5343973790295422,0.27373958036876417,tvm
20,4,500,1,320,64,[20; 4; 500; 1; 320; 64],0.36869711498729885,0.3967639244770159,tvm
128,1,5,1,128,16,[128; 1; 5; 1; 128; 16],1.1630082469200715,0.12578218140164907,tvm
32,1,750,1,320,64,[32; 1; 750; 1; 320; 64],0.5564589390996844,0.2628868080049094,tvm
160,10,1500,1,1280,16,[160; 10; 1500; 1; 1280; 16],1.289393341052346,0.11345313305738212,tvm
160,4,75,1,128,64,[160; 4; 75; 1; 128; 64],0.5139263529563323,0.2846433412963044,tvm
20,10,125,1,256,64,[20; 10; 125; 1; 256; 64],0.32504166406579316,0.45005219471219526,tvm
32,2,2,1,80,16,[32; 2; 2; 1; 80; 16],1.1251023299992085,0.13001991941996707,tvm
80,2,5,1,128,16,[80; 2; 5; 1; 128; 16],1.1536793760024011,0.12679928005006638,tvm
320,4,300,1,256,64,[320; 4; 300; 1; 256; 64],1.3525647699134424,0.1081543135971787,tvm
640,40,4,1,320,16,[640; 40; 4; 1; 320; 16],2.4131937449565157,0.0606191337067096,tvm
32,16,750,1,640,128,[32; 16; 750; 1; 640; 128],0.5206834649434313,0.28094941386626754,tvm
40,2,50,1,1280,16,[40; 2; 50; 1; 1280; 16],1.169481722987257,0.12508593457283837,tvm
16,2,300,1,256,128,[16; 2; 300; 1; 256; 128],0.5616696360521019,0.2604479660213366,tvm
40,10,60,1,512,16,[40; 10; 60; 1; 512; 16],0.6139834619825706,0.23825676641737784,tvm
1280,10,4,1,128,16,[1280; 10; 4; 1; 128; 16],2.567015291075222,0.056986693766222535,tvm
128,16,10,1,256,64,[128; 16; 10; 1; 256; 64],0.5064582719933242,0.28884060617661816,tvm
1280,5,4,1,320,16,[1280; 5; 4; 1; 320; 16],2.4063983189407736,0.06079031602303687,tvm
20,4,250,1,1024,128,[20; 4; 250; 1; 1024; 128],0.5367613770067692,0.27253397981328575,tvm
8,8,150,1,320,64,[8; 8; 150; 1; 320; 64],0.3653597440570593,0.4003881562355935,tvm
8,8,375,1,1024,64,[8; 8; 375; 1; 1024; 64],0.4188636960461736,0.34924419486951297,tvm
1280,64,15,1,1280,16,[1280; 64; 15; 1; 1280; 16],2.432509809033945,0.0601377695343439,tvm
640,10,25,1,512,128,[640; 10; 25; 1; 512; 128],1.8071419490734115,0.0809486572766021,tvm
80,20,6,1,64,64,[80; 20; 6; 1; 64; 64],0.5246190029429272,0.27884181370690564,tvm
80,2,300,1,640,16,[80; 2; 300; 1; 640; 16],1.196061618044041,0.12230616891204998,tvm
64,1,25,1,2560,64,[64; 1; 25; 1; 2560; 64],0.515584587934427,0.2837278648529331,tvm
16,4,2,1,640,128,[16; 4; 2; 1; 640; 128],0.5492731520207599,0.266325986892921,tvm
20,5,60,1,5120,64,[20; 5; 60; 1; 5120; 64],0.449786106008105,0.3252339552771296,tvm
80,5,2,1,1280,128,[80; 5; 2; 1; 1280; 128],0.45660989196039736,0.32037351108986034,tvm
640,5,25,1,128,16,[640; 5; 25; 1; 128; 16],2.6776319219497964,0.05463249563412437,tvm
128,4,100,1,640,128,[128; 4; 100; 1; 640; 128],0.4523899999912828,0.3233619538197863,tvm
64,32,50,1,1280,64,[64; 32; 50; 1; 1280; 64],0.5162745969137177,0.28334865817572324,tvm
8,2,3,1,640,16,[8; 2; 3; 1; 640; 16],0.35655118804425,0.41027969949593723,tvm
640,64,125,1,1280,128,[640; 64; 125; 1; 1280; 128],1.8382671130821109,0.07957805111382639,tvm
640,4,20,1,256,16,[640; 4; 20; 1; 256; 16],2.890405804035254,0.05061078762071641,tvm
64,64,12,1,5120,64,[64; 64; 12; 1; 5120; 64],0.49636344704777,0.29471492140644223,tvm
64,1,25,1,1024,64,[64; 1; 25; 1; 1024; 64],0.5104102100012824,0.28660420857440677,tvm
64,2,50,1,256,16,[64; 2; 50; 1; 256; 16],1.209223252022639,0.12097494324643995,tvm
64,8,2,1,640,128,[64; 8; 2; 1; 640; 128],0.46414637193083763,0.31517151298020335,tvm
160,10,2,1,512,16,[160; 10; 2; 1; 512; 16],1.1025276249274611,0.1326821305682376,tvm
160,2,25,1,1024,128,[160; 2; 25; 1; 1024; 128],0.44516778900288045,0.3286080392594797,tvm
32,1,3,1,320,64,[32; 1; 3; 1; 320; 64],0.5421943559776992,0.2698030930660059,tvm
32,32,2,1,2560,16,[32; 32; 2; 1; 2560; 16],0.7748107619117945,0.18880186166330978,tvm
160,5,15,1,1280,128,[160; 5; 15; 1; 1280; 128],0.4773151280824095,0.30647617408107325,tvm
20,5,15,1,5120,16,[20; 5; 15; 1; 5120; 16],0.4784347180975601,0.30575898602718965,tvm
80,1,15,1,2560,16,[80; 1; 15; 1; 2560; 16],1.2801477680914104,0.11427252222906552,tvm
160,5,4,1,320,64,[160; 5; 4; 1; 320; 64],0.507455897051841,0.28827276446207095,tvm
32,1,300,1,1280,64,[32; 1; 300; 1; 1280; 64],0.5488891570130363,0.2665123047461474,tvm
64,64,150,1,1024,128,[64; 64; 150; 1; 1024; 128],0.42623934999573976,0.3432008665722121,tvm
80,4,3,1,16,16,[80; 4; 3; 1; 16; 16],1.3066579030128196,0.11195410363218772,tvm
80,2,30,1,5120,64,[80; 2; 30; 1; 5120; 64],0.57774287101347,0.25320211053249614,tvm
