kc,ku,mc,mr,nc,nr,X,time,peak,backend
16,16,15,1,80,16,[16; 16; 15; 1; 80; 16],0.10032332199625671,0.3645356617356943,tvm
640,10,100,1,160,16,[640; 10; 100; 1; 160; 16],0.28496265097055584,0.1283376205508678,tvm
1280,4,250,1,1280,16,[1280; 4; 250; 1; 1280; 16],0.4383236189605668,0.08343476597987906,tvm
40,40,25,1,640,128,[40; 40; 25; 1; 640; 128],0.0994417464826256,0.36776735993688836,tvm
160,1,1500,1,16,16,[160; 1; 1500; 1; 16; 16],0.26817570603452623,0.1363711467835949,tvm
320,4,10,1,64,64,[320; 4; 10; 1; 64; 64],0.11169634596444666,0.3274183076953062,tvm
20,10,500,1,64,16,[20; 10; 500; 1; 64; 16],0.11657234700396657,0.3137230184632396,tvm
8,8,150,1,64,64,[8; 8; 150; 1; 64; 64],0.0932274404913187,0.3922818043560264,tvm
40,4,50,1,16,16,[40; 4; 50; 1; 16; 16],0.16202553897164762,0.22571397573211038,tvm
1280,1,300,1,256,16,[1280; 1; 300; 1; 256; 16],0.447879693005234,0.08165458077823858,tvm
64,64,25,1,320,16,[64; 64; 25; 1; 320; 16],0.1905523929744959,0.19192321859911465,tvm
2,1,4,1,128,16,[2; 1; 4; 1; 128; 16],0.15336848504375666,0.23845465097340302,tvm
1280,8,2,1,1280,64,[1280; 8; 2; 1; 1280; 64],0.4212950380751863,0.0868071666320026,tvm
80,10,75,1,256,64,[80; 10; 75; 1; 256; 64],0.11089770193211734,0.3297762526568374,tvm
64,1,60,1,128,64,[64; 1; 60; 1; 128; 64],0.11443015793338418,0.31959606830848497,tvm
320,40,100,1,64,16,[320; 40; 100; 1; 64; 16],0.27476459194440395,0.13310095130026237,tvm
320,64,125,1,1280,64,[320; 64; 125; 1; 1280; 64],0.1062175480183214,0.3443068424543221,tvm
32,32,3,1,128,64,[32; 32; 3; 1; 128; 64],0.15866147994529456,0.23049973178138866,tvm
160,16,20,1,640,128,[160; 16; 20; 1; 640; 128],0.10485107102431357,0.3487940391467069,tvm
64,64,1500,1,32,16,[64; 64; 1500; 1; 32; 16],0.20144152001012117,0.18154861306443226,tvm
80,8,25,1,640,16,[80; 8; 25; 1; 640; 16],0.2285945499315858,0.1599838166849286,tvm
640,10,25,1,256,128,[640; 10; 25; 1; 256; 128],0.10326573590282351,0.35414872369518097,tvm
64,64,75,1,160,16,[64; 64; 75; 1; 160; 16],0.18628832302056253,0.196316269202723,tvm
20,20,750,1,640,64,[20; 20; 750; 1; 640; 64],0.09177250799257308,0.3985009167929486,tvm
320,4,375,1,1280,128,[320; 4; 375; 1; 1280; 128],0.10704700101632625,0.3416389831028605,tvm
128,2,75,1,640,16,[128; 2; 75; 1; 640; 16],0.25691311503760517,0.14234940308934987,tvm
64,4,4,1,320,16,[64; 4; 4; 1; 320; 16],0.21607296995352954,0.169254990937987,tvm
160,1,75,1,256,64,[160; 1; 75; 1; 256; 64],0.10915971896611154,0.335026774691332,tvm
128,64,1,1,128,128,[128; 64; 1; 1; 128; 128],0.10752013197634369,0.34013563691937176,tvm
256,32,1500,1,320,16,[256; 32; 1500; 1; 320; 16],0.28304276906419545,0.12920813590236604,tvm
64,4,5,1,1280,64,[64; 4; 5; 1; 1280; 64],0.11013689497485757,0.33205429097830685,tvm
256,16,100,1,32,16,[256; 16; 100; 1; 32; 16],0.2762006690027192,0.13240890655144838,tvm
160,40,500,1,256,128,[160; 40; 500; 1; 256; 128],0.10866444697603583,0.33655376334353226,tvm
128,16,375,1,320,16,[128; 16; 375; 1; 320; 16],0.26172280800528824,0.13973344107896638,tvm
1,1,25,1,160,16,[1; 1; 25; 1; 160; 16],0.34577325405552983,0.1057670833197392,tvm
320,2,60,1,256,128,[320; 2; 60; 1; 256; 128],0.1041639830218628,0.3510947595365344,tvm
20,10,500,1,16,16,[20; 10; 500; 1; 16; 16],0.13668813393451273,0.2675537921159268,tvm
320,4,1,1,640,16,[320; 4; 1; 1; 640; 16],0.27851555799134076,0.1313083866308309,tvm
16,16,375,1,640,16,[16; 16; 375; 1; 640; 16],0.14001089904922992,0.2612041549606043,tvm
1280,20,30,1,128,64,[1280; 20; 30; 1; 128; 64],0.3057091400260106,0.11962818176884399,tvm
32,2,75,1,80,16,[32; 2; 75; 1; 80; 16],0.1341900620609522,0.2725345529299852,tvm
20,4,60,1,16,16,[20; 4; 60; 1; 16; 16],0.13668798306025565,0.26755408743800785,tvm
128,16,100,1,320,64,[128; 16; 100; 1; 320; 64],0.10741638694889843,0.34046414714010836,tvm
160,40,1500,1,32,16,[160; 40; 1500; 1; 32; 16],0.26461648708209395,0.1382054042614614,tvm
16,8,300,1,640,64,[16; 8; 300; 1; 640; 64],0.08796453551622108,0.4157519659122696,tvm
32,16,30,1,320,64,[32; 16; 30; 1; 320; 64],0.08461792347952724,0.43219482430665884,tvm
5,5,6,1,16,16,[5; 5; 6; 1; 16; 16],0.16784620098769665,0.21788654349173686,tvm
5,1,2,1,32,16,[5; 1; 2; 1; 32; 16],0.11447102902457118,0.31948195873716245,tvm
320,40,5,1,80,16,[320; 40; 5; 1; 80; 16],0.275059389998205,0.13295829883018076,tvm
320,32,75,1,640,64,[320; 32; 75; 1; 640; 64],0.10726420895662159,0.34094717079597653,tvm
32,16,125,1,320,64,[32; 16; 125; 1; 320; 64],0.08707658998901024,0.41999151064648005,tvm
64,4,300,1,256,128,[64; 4; 300; 1; 256; 128],0.11308360903058201,0.3234016749636837,tvm
64,2,3,1,256,64,[64; 2; 3; 1; 256; 64],0.11510907905176282,0.31771106912412145,tvm
1280,8,75,1,320,16,[1280; 8; 75; 1; 320; 16],0.4323366630123928,0.08459016248265826,tvm
10,1,12,1,256,64,[10; 1; 12; 1; 256; 64],0.085198919987306,0.42924756061317965,tvm
256,32,125,1,160,16,[256; 32; 125; 1; 160; 16],0.27217239304445684,0.1343686189563501,tvm
1280,2,150,1,1280,64,[1280; 2; 150; 1; 1280; 64],0.30701864999718964,0.11911793818311474,tvm
128,1,500,1,128,64,[128; 1; 500; 1; 128; 64],0.11999679007567465,0.30477005716873934,tvm
1280,20,30,1,640,64,[1280; 20; 30; 1; 640; 64],0.30943920800928026,0.11818614973423722,tvm
128,1,3,1,80,16,[128; 1; 3; 1; 80; 16],0.2630520110251382,0.13902736735942944,tvm
256,16,50,1,64,16,[256; 16; 50; 1; 64; 16],0.27133830497041345,0.13478166518146525,tvm
320,1,60,1,1280,16,[320; 1; 60; 1; 1280; 16],0.2869989359751344,0.1274270528117816,tvm
1280,32,125,1,64,16,[1280; 32; 125; 1; 64; 16],0.4047447800403461,0.09035676400269581,tvm
64,1,125,1,320,64,[64; 1; 125; 1; 320; 64],0.11316546704620123,0.323167743005009,tvm
20,1,60,1,128,128,[20; 1; 60; 1; 128; 128],0.09239222650649026,0.3958279820094989,tvm
4,4,30,1,80,16,[4; 4; 30; 1; 80; 16],0.11374905798584223,0.3215097269287315,tvm
160,1,375,1,640,128,[160; 1; 375; 1; 640; 128],0.12228346394840628,0.29907092415094455,tvm
20,4,15,1,128,64,[20; 4; 15; 1; 128; 64],0.09035910450620577,0.40473429624257606,tvm
128,1,500,1,64,16,[128; 1; 500; 1; 64; 16],0.2722128089517355,0.1343486690147371,tvm
64,8,2,1,1280,64,[64; 8; 2; 1; 1280; 64],0.1122779380530119,0.32572230311320305,tvm
80,5,150,1,640,128,[80; 5; 150; 1; 640; 128],0.11576605506706983,0.31590804878200845,tvm
160,5,12,1,64,64,[160; 5; 12; 1; 64; 64],0.12614173104520887,0.28992331299402785,tvm
5,1,75,1,256,128,[5; 1; 75; 1; 256; 128],0.12051705899648368,0.30345437298213207,tvm
5,1,10,1,256,128,[5; 1; 10; 1; 256; 128],0.12082579208072275,0.3026789888287717,tvm
128,4,20,1,256,16,[128; 4; 20; 1; 256; 16],0.24849370098672807,0.14717245719392233,tvm
2,2,750,1,256,64,[2; 2; 750; 1; 256; 64],0.25802309392020106,0.14173703607607713,tvm
10,10,2,1,256,128,[10; 10; 2; 1; 256; 128],0.1610464840196073,0.22708616579903743,tvm
640,16,12,1,640,128,[640; 16; 12; 1; 640; 128],0.13546827295795083,0.269963053140718,tvm
640,64,10,1,128,128,[640; 64; 10; 1; 128; 128],0.10367110592778772,0.3527639475255763,tvm
80,16,20,1,1280,128,[80; 16; 20; 1; 1280; 128],0.10801617393735796,0.33857363428404263,tvm
320,64,10,1,256,128,[320; 64; 10; 1; 256; 128],0.10442792309913784,0.3502073725694015,tvm
128,64,4,1,64,64,[128; 64; 4; 1; 64; 64],0.11838379001710564,0.30892260305354524,tvm
32,1,20,1,128,64,[32; 1; 20; 1; 128; 64],0.08341238199500367,0.4384412445339251,tvm
20,4,15,1,160,16,[20; 4; 15; 1; 160; 16],0.11025434907060117,0.33170055312747915,tvm
640,20,75,1,128,16,[640; 20; 75; 1; 128; 16],0.2845821229275316,0.12850922677508253,tvm
256,8,3,1,128,16,[256; 8; 3; 1; 128; 16],0.2708014230011031,0.13504887886530642,tvm
256,16,12,1,128,64,[256; 16; 12; 1; 128; 64],0.11431370407808572,0.319921647770658,tvm
256,16,2,1,1280,64,[256; 16; 2; 1; 1280; 64],0.22063550900202245,0.16575495366474916,tvm
256,64,150,1,64,64,[256; 64; 150; 1; 64; 64],0.11150086391717196,0.32799233375084463,tvm
40,1,10,1,128,128,[40; 1; 10; 1; 128; 128],0.12210281402803957,0.2995133966611969,tvm
128,32,1500,1,128,16,[128; 32; 1500; 1; 128; 16],0.26826000993605703,0.13632829052733506,tvm
2,1,4,1,64,16,[2; 1; 4; 1; 64; 16],0.15912869607564062,0.22982296388606505,tvm
4,4,150,1,80,16,[4; 4; 150; 1; 80; 16],0.13857764296699315,0.2639056906180694,tvm
320,20,75,1,256,16,[320; 20; 75; 1; 256; 16],0.2735417590010911,0.13369596183404925,tvm
64,32,75,1,640,128,[64; 32; 75; 1; 640; 128],0.1097540509654209,0.3332125625408648,tvm
640,64,6,1,16,16,[640; 64; 6; 1; 16; 16],0.28784401807934046,0.12705293935046494,tvm
128,16,125,1,16,16,[128; 16; 125; 1; 16; 16],0.25902946398127824,0.14118636547876204,tvm
10,2,3,1,640,128,[10; 2; 3; 1; 640; 128],0.13862443005200475,0.26381661989671557,tvm
2,1,30,1,64,16,[2; 1; 30; 1; 64; 16],0.21183379599824548,0.17264208668446596,tvm
40,4,30,1,256,16,[40; 4; 30; 1; 256; 16],0.15088804299011827,0.24237459673211917,tvm
128,1,15,1,64,16,[128; 1; 15; 1; 64; 16],0.26450875704176724,0.1382616930359465,tvm
32,16,6,1,1280,128,[32; 16; 6; 1; 1280; 128],0.07722672849195078,0.4735592104648115,tvm
40,40,125,1,1280,128,[40; 40; 125; 1; 1280; 128],0.058536624477710575,0.624761487320714,tvm
40,10,50,1,256,16,[40; 10; 50; 1; 256; 16],0.1510974469128996,0.24203869303304798,tvm
640,2,100,1,256,64,[640; 2; 100; 1; 256; 64],0.10741891502402723,0.340456134408436,tvm
320,40,300,1,640,128,[320; 40; 300; 1; 640; 128],0.10698339703958482,0.34184209497382867,tvm
64,16,30,1,128,16,[64; 16; 30; 1; 128; 16],0.19034692097920924,0.19213039214552416,tvm
128,8,3,1,128,128,[128; 8; 3; 1; 128; 128],0.10792884603142738,0.33884758260807757,tvm
1280,16,6,1,160,16,[1280; 16; 6; 1; 160; 16],0.4293988220160827,0.08516890754315769,tvm
40,2,20,1,1280,64,[40; 2; 20; 1; 1280; 64],0.11680137400981039,0.31310786265542445,tvm
20,5,75,1,640,64,[20; 5; 75; 1; 640; 64],0.08565111149800941,0.4269813658200865,tvm
20,20,500,1,64,64,[20; 20; 500; 1; 64; 64],0.08498727297410369,0.43031653201264836,tvm
160,2,10,1,1280,128,[160; 2; 10; 1; 1280; 128],0.11289089708589017,0.32395374220123463,tvm
640,1,10,1,64,16,[640; 1; 10; 1; 64; 16],0.2936741829616949,0.12453062166584365,tvm
1280,64,20,1,128,16,[1280; 64; 20; 1; 128; 16],0.4471777289872989,0.08178275929405085,tvm
32,1,300,1,16,16,[32; 1; 300; 1; 16; 16],0.24266526591964066,0.15070730634988905,tvm
1280,20,15,1,256,64,[1280; 20; 15; 1; 256; 64],0.31955659796949476,0.11444429188384252,tvm
20,2,2,1,128,64,[20; 2; 2; 1; 128; 64],0.1531914359657094,0.23873024194129744,tvm
256,1,60,1,640,128,[256; 1; 60; 1; 640; 128],0.12088996090460569,0.3025183257382894,tvm
160,1,300,1,256,16,[160; 1; 300; 1; 256; 16],0.28242280206177384,0.12949177015611285,tvm
40,1,12,1,128,64,[40; 1; 12; 1; 128; 64],0.11963010800536722,0.30570421761876027,tvm
80,4,375,1,64,64,[80; 4; 375; 1; 64; 64],0.11472839093767107,0.3187652879338025,tvm
320,8,375,1,256,128,[320; 8; 375; 1; 256; 128],0.1063129500253126,0.34399787196875914,tvm
128,32,4,1,32,16,[128; 32; 4; 1; 32; 16],0.2503378039691597,0.14608831743180897,tvm
20,2,15,1,16,16,[20; 2; 15; 1; 16; 16],0.13952899200376123,0.26210630526480644,tvm
32,2,60,1,64,64,[32; 2; 60; 1; 64; 64],0.08990135049680248,0.4067950967291566,tvm
32,32,12,1,160,16,[32; 32; 12; 1; 160; 16],0.13880015804897994,0.26348261475698903,tvm
320,5,10,1,640,64,[320; 5; 10; 1; 640; 64],0.11022853595204651,0.3317782301611853,tvm
40,2,500,1,64,16,[40; 2; 500; 1; 64; 16],0.20483169401995838,0.1785437978551558,tvm
40,5,15,1,640,16,[40; 5; 15; 1; 640; 16],0.1500691220862791,0.24369722473889463,tvm
640,16,1,1,640,16,[640; 16; 1; 1; 640; 16],0.5309254870517179,0.06888241281184927,tvm
320,32,2,1,640,16,[320; 32; 2; 1; 640; 16],0.2761530940188095,0.13243171763607905,tvm
320,2,250,1,32,16,[320; 2; 250; 1; 32; 16],0.28259121091105044,0.12941460016935893,tvm
256,4,4,1,32,16,[256; 4; 4; 1; 32; 16],0.2770796890836209,0.13198884657471788,tvm
1280,2,30,1,640,64,[1280; 2; 30; 1; 640; 64],0.31084786693099886,0.11765056949722161,tvm
1280,40,1,1,320,64,[1280; 40; 1; 1; 320; 64],0.36615193798206747,0.09988047249723879,tvm
40,40,750,1,64,16,[40; 40; 750; 1; 64; 16],0.15731135907117277,0.23247799006607317,tvm
4,1,30,1,640,16,[4; 1; 30; 1; 640; 16],0.14981571200769395,0.24410943339207578,tvm
640,8,1,1,32,16,[640; 8; 1; 1; 32; 16],0.28602671495173126,0.12786018459010104,tvm
80,5,750,1,640,64,[80; 5; 750; 1; 640; 64],0.11230987100861967,0.3256296908098288,tvm
5,1,500,1,128,128,[5; 1; 500; 1; 128; 128],0.09223769803065807,0.3964911240442376,tvm
128,2,30,1,256,64,[128; 2; 30; 1; 256; 64],0.10919049510266632,0.3349323449540393,tvm
2,2,3,1,320,16,[2; 2; 3; 1; 320; 16],0.2408267380669713,0.15185784130522276,tvm
160,32,25,1,1280,128,[160; 32; 25; 1; 1280; 128],0.10627584799658507,0.3441179652841134,tvm
320,5,750,1,32,16,[320; 5; 750; 1; 32; 16],0.2847764369798824,0.1284215399254121,tvm
160,8,10,1,256,16,[160; 8; 10; 1; 256; 16],0.2549038070719689,0.14347148829010264,tvm
640,10,1500,1,128,16,[640; 10; 1500; 1; 128; 16],0.28834944404661655,0.12683023784681266,tvm
80,16,300,1,128,16,[80; 16; 300; 1; 128; 16],0.2288713480811566,0.15979033145931631,tvm
128,64,60,1,64,16,[128; 64; 60; 1; 64; 16],0.24948201410006732,0.14658943933633534,tvm
10,5,750,1,320,64,[10; 5; 750; 1; 320; 64],0.09428313153330237,0.38788941326700566,tvm
20,20,60,1,1280,128,[20; 20; 60; 1; 1280; 128],0.07363319949945435,0.49667037178928486,tvm
64,32,60,1,1280,16,[64; 32; 60; 1; 1280; 16],0.20092243899125606,0.18201764200672543,tvm
40,2,20,1,1280,16,[40; 2; 20; 1; 1280; 16],0.20264381798915565,0.18047147420695395,tvm
160,20,375,1,128,16,[160; 20; 375; 1; 128; 16],0.2554199539590627,0.14318156433968365,tvm
160,16,20,1,64,16,[160; 16; 20; 1; 64; 16],0.25464725599158555,0.14361603241716073,tvm
64,8,60,1,160,16,[64; 8; 60; 1; 160; 16],0.1869361629942432,0.1956359218336733,tvm
1280,40,1,1,64,16,[1280; 40; 1; 1; 64; 16],0.4388891860144213,0.08332724919366523,tvm
10,1,4,1,640,128,[10; 1; 4; 1; 640; 128],0.12831393803935498,0.28501524565641345,tvm
8,4,75,1,640,128,[8; 4; 75; 1; 640; 128],0.09757689398247749,0.3747959898989605,tvm
40,5,20,1,128,64,[40; 5; 20; 1; 128; 64],0.11599476402625442,0.315285167209366,tvm
8,4,25,1,320,64,[8; 4; 25; 1; 320; 64],0.09311484452337027,0.39275615782454276,tvm
128,4,150,1,160,16,[128; 4; 150; 1; 160; 16],0.25486685696523637,0.1434922885105335,tvm
640,1,30,1,320,16,[640; 1; 30; 1; 320; 16],0.29133984504733235,0.12552841361430334,tvm
16,1,60,1,16,16,[16; 1; 60; 1; 16; 16],0.13608412304893136,0.26874133258204336,tvm
320,8,250,1,256,16,[320; 8; 250; 1; 256; 16],0.27893124299589545,0.13111270067357328,tvm
128,8,125,1,256,16,[128; 8; 125; 1; 256; 16],0.2436639309162274,0.15008962727438707,tvm
16,16,1,1,64,64,[16; 16; 1; 1; 64; 64],0.08771227899705991,0.4169476496290153,tvm
1280,40,75,1,128,128,[1280; 40; 75; 1; 128; 128],0.30651473195757717,0.11931377111260741,tvm
5,1,12,1,1280,16,[5; 1; 12; 1; 1280; 16],0.10698229202535003,0.34184562584210454,tvm
64,2,10,1,128,128,[64; 2; 10; 1; 128; 128],0.11181696795392781,0.3270651068494111,tvm
320,10,300,1,64,64,[320; 10; 300; 1; 64; 64],0.11152191192377359,0.3279304303572695,tvm
40,8,3,1,64,16,[40; 8; 3; 1; 64; 16],0.1852346119703725,0.19743301849698597,tvm
80,2,12,1,320,16,[80; 2; 12; 1; 320; 16],0.23116259998641908,0.15820651166571567,tvm
64,8,375,1,64,16,[64; 8; 375; 1; 64; 16],0.18772814399562776,0.194810579772633,tvm
320,40,500,1,256,16,[320; 40; 500; 1; 256; 16],0.2806618009926751,0.13030426100765682,tvm
1280,32,75,1,128,64,[1280; 32; 75; 1; 128; 64],0.3194509989116341,0.11448212306747205,tvm
16,8,25,1,64,16,[16; 8; 25; 1; 64; 16],0.10453382297419012,0.34985258867322044,tvm
256,8,300,1,1280,128,[256; 8; 300; 1; 1280; 128],0.11274678609333932,0.32436781427323613,tvm
128,8,60,1,320,16,[128; 8; 60; 1; 320; 16],0.25420960900373757,0.14386328162320125,tvm
320,32,60,1,16,16,[320; 32; 60; 1; 16; 16],0.28025497298222035,0.13049341527205907,tvm
160,1,2,1,64,16,[160; 1; 2; 1; 64; 16],0.27526957297232,0.13285677809042137,tvm
8,1,250,1,320,16,[8; 1; 250; 1; 320; 16],0.13068661896977574,0.2798406513209019,tvm
80,20,2,1,64,64,[80; 20; 2; 1; 64; 64],0.11851218494120985,0.3085879193736113,tvm
640,4,1500,1,256,128,[640; 4; 1500; 1; 256; 128],0.11392687994521111,0.32100790076070057,tvm
4,4,15,1,256,64,[4; 4; 15; 1; 256; 64],0.13576266798190773,0.269377650830361,tvm
10,1,50,1,640,128,[10; 1; 50; 1; 640; 128],0.09240304701961577,0.3957816300545264,tvm
10,2,5,1,64,16,[10; 2; 5; 1; 64; 16],0.14666926802601665,0.2493462268110687,tvm
160,5,30,1,640,128,[160; 5; 30; 1; 640; 128],0.10491458897013217,0.348582870413189,tvm
160,8,6,1,128,128,[160; 8; 6; 1; 128; 128],0.10764433105941862,0.339743191410995,tvm
80,40,5,1,64,16,[80; 40; 5; 1; 64; 16],0.22199936409015208,0.16473663661746898,tvm
1,1,15,1,64,64,[1; 1; 15; 1; 64; 64],0.3174911430105567,0.11518881511038738,tvm
256,4,75,1,320,16,[256; 4; 75; 1; 320; 16],0.2676466190023348,0.13664072689485215,tvm
128,16,30,1,320,16,[128; 16; 30; 1; 320; 16],0.24955073895398527,0.14654906943862822,tvm
16,1,250,1,128,64,[16; 1; 250; 1; 128; 64],0.08868714445270598,0.4123644841325447,tvm
4,4,1,1,256,16,[4; 4; 1; 1; 256; 16],0.13433434208855033,0.27224184078946445,tvm
20,4,6,1,1280,64,[20; 4; 6; 1; 1280; 64],0.08583004004321992,0.42609124442925744,tvm
1280,20,5,1,640,16,[1280; 20; 5; 1; 640; 16],0.501086541917175,0.07298425623546978,tvm
80,4,750,1,320,16,[80; 4; 750; 1; 320; 16],0.23259766295086592,0.15723042143873106,tvm
1280,20,3,1,640,128,[1280; 20; 3; 1; 640; 128],0.39522749406751245,0.09253260241348865,tvm
160,2,1,1,256,128,[160; 2; 1; 1; 256; 128],0.10648745798971504,0.3434341401497328,tvm
320,4,50,1,128,16,[320; 4; 50; 1; 128; 16],0.2769733821041882,0.13203950608391538,tvm
160,40,2,1,320,16,[160; 40; 2; 1; 320; 16],0.25300640100613236,0.14454744396187097,tvm
20,5,50,1,64,16,[20; 5; 50; 1; 64; 16],0.11195508297532797,0.3266616182088667,tvm
10,1,250,1,256,128,[10; 1; 250; 1; 256; 128],0.09099325200077146,0.40191363389362667,tvm
64,4,12,1,1280,16,[64; 4; 12; 1; 1280; 16],0.21496867504902184,0.17012445447267496,tvm
2,1,60,1,64,64,[2; 1; 60; 1; 64; 64],0.16364112100563943,0.2234855661381606,tvm
40,10,125,1,64,64,[40; 10; 125; 1; 64; 64],0.11743217404000461,0.31142596882324686,tvm
640,64,75,1,32,16,[640; 64; 75; 1; 32; 16],0.28588848700746894,0.1279220053743302,tvm
40,4,500,1,320,16,[40; 4; 500; 1; 320; 16],0.16125232400372624,0.22679628834734486,tvm
1280,8,50,1,320,16,[1280; 8; 50; 1; 320; 16],0.4361660450231284,0.0838474910844775,tvm
640,4,1,1,128,16,[640; 4; 1; 1; 128; 16],0.28632960200775415,0.12772493069172142,tvm
64,16,300,1,1280,128,[64; 16; 300; 1; 1280; 128],0.11270193406380713,0.32449690304980355,tvm
256,16,1500,1,320,16,[256; 16; 1500; 1; 320; 16],0.2806630809791386,0.1303036667446364,tvm
128,16,25,1,1280,16,[128; 16; 25; 1; 1280; 16],0.24417664005886763,0.14977447704502653,tvm
320,5,100,1,640,128,[320; 5; 100; 1; 640; 128],0.10642211302183568,0.3436450144898443,tvm
256,32,30,1,128,64,[256; 32; 30; 1; 128; 64],0.10793311102315784,0.3388341929992355,tvm
10,1,4,1,32,16,[10; 1; 4; 1; 32; 16],0.14967785100452602,0.2443342707420533,tvm
40,2,50,1,160,16,[40; 2; 50; 1; 160; 16],0.2209115520818159,0.16554783227399592,tvm
40,10,60,1,256,16,[40; 10; 60; 1; 256; 16],0.15078762592747808,0.2425360061641779,tvm
256,32,5,1,80,16,[256; 32; 5; 1; 80; 16],0.27194177196361125,0.1344825706891482,tvm
80,4,60,1,64,64,[80; 4; 60; 1; 64; 64],0.11466097296215594,0.31895271448201507,tvm
80,20,375,1,80,16,[80; 20; 375; 1; 80; 16],0.23427759495098144,0.1561029708328725,tvm
32,8,25,1,80,16,[32; 8; 25; 1; 80; 16],0.1342241499805823,0.2724653393351288,tvm
10,5,1,1,128,16,[10; 5; 1; 1; 128; 16],0.09536650194786489,0.3834829612542725,tvm
640,20,25,1,256,128,[640; 20; 25; 1; 256; 128],0.10418974701315165,0.3510079409907027,tvm
1280,2,25,1,80,16,[1280; 2; 25; 1; 80; 16],0.44494453608058393,0.08219322995530644,tvm
256,16,1,1,160,16,[256; 16; 1; 1; 160; 16],0.27395279600750655,0.13349536527609115,tvm
256,1,50,1,128,64,[256; 1; 50; 1; 128; 64],0.10849583195522428,0.33707680666038337,tvm
80,2,1,1,160,16,[80; 2; 1; 1; 160; 16],0.21644201106391847,0.1689664053279772,tvm
128,2,100,1,128,64,[128; 2; 100; 1; 128; 64],0.11062390997540206,0.3305924422628026,tvm
256,1,100,1,32,16,[256; 1; 100; 1; 32; 16],0.2845231069950387,0.12853588222648743,tvm
160,16,12,1,128,16,[160; 16; 12; 1; 128; 16],0.25359551701694727,0.14421165248352785,tvm
128,8,15,1,128,16,[128; 8; 15; 1; 128; 16],0.2416946799494326,0.1513125095640502,tvm
128,32,150,1,320,64,[128; 32; 150; 1; 320; 64],0.10784584993962198,0.339108353190255,tvm
320,2,12,1,64,16,[320; 2; 12; 1; 64; 16],0.28023797599598765,0.13050132995519562,tvm
128,16,300,1,640,128,[128; 16; 300; 1; 640; 128],0.10721709101926535,0.34109700443987256,tvm
4,4,2,1,256,64,[4; 4; 2; 1; 256; 64],0.12532822496723384,0.2918052065365955,tvm
32,2,10,1,128,16,[32; 2; 10; 1; 128; 16],0.13695851305965334,0.26702559595911796,tvm
320,8,6,1,128,16,[320; 8; 6; 1; 128; 16],0.2733623170061037,0.13378372327233384,tvm
4,4,2,1,128,16,[4; 4; 2; 1; 128; 16],0.10225379897747189,0.35765349490326354,tvm
640,16,3,1,64,16,[640; 16; 3; 1; 64; 16],0.2878527659922838,0.12704907818189562,tvm
256,16,15,1,640,16,[256; 16; 15; 1; 640; 16],0.27540876204147935,0.13278963349002146,tvm
8,2,750,1,256,64,[8; 2; 750; 1; 256; 64],0.09971797245088965,0.36674861785261154,tvm
160,1,250,1,1280,64,[160; 1; 250; 1; 1280; 64],0.10925473505631089,0.3347354103470145,tvm
40,1,1,1,64,16,[40; 1; 1; 1; 64; 16],0.2220588600030169,0.16469249896595756,tvm
320,8,12,1,16,16,[320; 8; 12; 1; 16; 16],0.2826968029839918,0.12936626161102888,tvm
256,16,50,1,64,64,[256; 16; 50; 1; 64; 64],0.11100220901425928,0.32946577276431166,tvm
256,8,1,1,128,64,[256; 8; 1; 1; 128; 64],0.10674948594532907,0.34259114456212325,tvm
64,2,5,1,640,64,[64; 2; 5; 1; 640; 64],0.11289299197960645,0.3239477307682218,tvm
10,2,375,1,128,128,[10; 2; 375; 1; 128; 128],0.08517119201133028,0.4293873046483076,tvm
1280,20,50,1,1280,128,[1280; 20; 50; 1; 1280; 128],0.3070462220348418,0.11910724166890634,tvm
320,1,20,1,256,16,[320; 1; 20; 1; 256; 16],0.2797348819440231,0.13073603233631326,tvm
128,32,30,1,256,64,[128; 32; 30; 1; 256; 64],0.11576998303644359,0.3158973303115726,tvm
64,32,1,1,640,64,[64; 32; 1; 1; 640; 64],0.11255130008794367,0.32493119619989225,tvm
128,64,3,1,32,16,[128; 64; 3; 1; 32; 16],0.2526152210775763,0.14477127868790518,tvm
80,2,4,1,80,16,[80; 2; 4; 1; 80; 16],0.22531766607426107,0.16231052455236786,tvm
40,10,100,1,64,16,[40; 10; 100; 1; 64; 16],0.15090025402605534,0.2423549834787815,tvm
1280,20,60,1,320,64,[1280; 20; 60; 1; 320; 64],0.3066987859783694,0.11924216933159902,tvm
20,1,75,1,128,16,[20; 1; 75; 1; 128; 16],0.10864016402047127,0.3366289889302574,tvm
40,20,50,1,1280,64,[40; 20; 50; 1; 1280; 64],0.11477486288640648,0.31863622096088745,tvm
64,64,150,1,256,16,[64; 64; 150; 1; 256; 16],0.19344863994047046,0.18904980972046442,tvm
40,1,1,1,128,128,[40; 1; 1; 1; 128; 128],0.1218554190127179,0.300121478943925,tvm
320,8,50,1,320,64,[320; 8; 50; 1; 320; 64],0.10530967602971941,0.3472751028225342,tvm
1,1,20,1,16,16,[1; 1; 20; 1; 16; 16],0.6907480841036886,0.052944668849691394,tvm
80,5,1,1,640,64,[80; 5; 1; 1; 640; 64],0.11529990006238222,0.3171852581974646,tvm
16,1,100,1,640,16,[16; 1; 100; 1; 640; 16],0.14379264891613275,0.25433447987149127,tvm
80,2,50,1,320,16,[80; 2; 50; 1; 320; 16],0.23517487396020442,0.15550738034037206,tvm
640,5,12,1,128,16,[640; 5; 12; 1; 128; 16],0.28864207107108086,0.12670165660785643,tvm
64,8,750,1,64,16,[64; 8; 750; 1; 64; 16],0.1991469879867509,0.18364038010889547,tvm
1280,16,10,1,128,16,[1280; 16; 10; 1; 128; 16],0.42805111303459853,0.08543705986923243,tvm
20,20,500,1,16,16,[20; 20; 500; 1; 16; 16],0.13937835802789778,0.26238957818765873,tvm
1280,8,20,1,128,64,[1280; 8; 20; 1; 128; 64],0.3129085110267624,0.1168757872754081,tvm
32,1,125,1,640,64,[32; 1; 125; 1; 640; 64],0.09573881601681933,0.3819916528422885,tvm
2,2,12,1,1280,64,[2; 2; 12; 1; 1280; 64],0.24684668402187526,0.148154425149935,tvm
160,5,5,1,160,16,[160; 5; 5; 1; 160; 16],0.2530336070340127,0.14453190230384164,tvm
160,8,3,1,128,64,[160; 8; 3; 1; 128; 64],0.10990321997087449,0.3327603011187515,tvm
128,4,375,1,1280,128,[128; 4; 375; 1; 1280; 128],0.10815949400421232,0.3381249968680908,tvm
1,1,1,1,256,64,[1; 1; 1; 1; 256; 64],0.44725784903857857,0.08176810904502221,tvm
1280,8,1,1,128,128,[1280; 8; 1; 1; 128; 128],0.3067319500260055,0.11922927679469959,tvm
256,4,2,1,320,64,[256; 4; 2; 1; 320; 64],0.10418586700689048,0.3510210129461213,tvm
320,40,12,1,640,64,[320; 40; 12; 1; 640; 64],0.10879209893755615,0.33615886565824626,tvm
80,2,100,1,1280,128,[80; 2; 100; 1; 1280; 128],0.11067689396440983,0.3304341788195536,tvm
1280,5,100,1,32,16,[1280; 5; 100; 1; 32; 16],0.4386732819257304,0.08336826079510423,tvm
320,1,250,1,640,64,[320; 1; 250; 1; 640; 64],0.10686945798806846,0.342206550495574,tvm
8,2,25,1,64,16,[8; 2; 25; 1; 64; 16],0.10148995509371161,0.3603453025243733,tvm
20,4,750,1,80,16,[20; 4; 750; 1; 80; 16],0.12082795705646276,0.30267356547573493,tvm
40,8,150,1,160,16,[40; 8; 150; 1; 160; 16],0.14542581897694618,0.25147823700567307,tvm
640,4,1,1,320,64,[640; 4; 1; 1; 320; 64],0.18175345403142273,0.2012144900701907,tvm
8,2,750,1,640,128,[8; 2; 750; 1; 640; 128],0.10706418799236417,0.341584139918353,tvm
1280,64,1,1,640,64,[1280; 64; 1; 1; 640; 64],0.45340831903740764,0.08065892714335335,tvm
32,4,25,1,640,16,[32; 4; 25; 1; 640; 16],0.14106210600584745,0.2592576391133178,tvm
640,16,2,1,16,16,[640; 16; 2; 1; 16; 16],0.2896860099863261,0.12624506296715826,tvm
32,32,300,1,320,64,[32; 32; 300; 1; 320; 64],0.08377172698965296,0.43656051851414834,tvm
160,8,60,1,16,16,[160; 8; 60; 1; 16; 16],0.2640343949897215,0.1385100928719997,tvm
320,4,20,1,256,64,[320; 4; 20; 1; 256; 64],0.10507901408709586,0.3480374163114621,tvm
1280,20,4,1,640,128,[1280; 20; 4; 1; 640; 128],0.3788850100245327,0.09652382016660038,tvm
640,4,1,1,32,16,[640; 4; 1; 1; 32; 16],0.28603344201110303,0.12785717751845593,tvm
128,8,1500,1,128,16,[128; 8; 1500; 1; 128; 16],0.26631050801370293,0.1373262694145993,tvm
1280,10,10,1,64,64,[1280; 10; 10; 1; 64; 64],0.2935878479620442,0.12456724222508224,tvm
320,64,125,1,16,16,[320; 64; 125; 1; 16; 16],0.2796797859482467,0.13076178690366963,tvm
640,64,150,1,320,16,[640; 64; 150; 1; 320; 16],0.2880365459714085,0.12696801528462565,tvm
1280,1,125,1,320,16,[1280; 1; 125; 1; 320; 16],0.4329045689664781,0.08447919285938624,tvm
64,8,50,1,128,128,[64; 8; 50; 1; 128; 128],0.11151294689625502,0.3279567941599862,tvm
128,32,1,1,128,128,[128; 32; 1; 1; 128; 128],0.11271276394836605,0.32446572411428065,tvm
320,1,375,1,64,16,[320; 1; 375; 1; 64; 16],0.2864712179871276,0.1276617903480687,tvm
320,2,1,1,256,16,[320; 2; 1; 1; 256; 16],0.27548899105750024,0.13275096195693484,tvm
40,2,3,1,64,16,[40; 2; 3; 1; 64; 16],0.20639991096686572,0.17718723036319306,tvm
320,10,250,1,1280,64,[320; 10; 250; 1; 1280; 64],0.10604807001072913,0.3448570876181769,tvm
20,2,3,1,64,64,[20; 2; 3; 1; 64; 64],0.08743345696711913,0.41827728011694537,tvm
16,2,4,1,1280,128,[16; 2; 4; 1; 1280; 128],0.088089517026674,0.41516209653362657,tvm
640,4,750,1,1280,128,[640; 4; 750; 1; 1280; 128],0.10468231106642634,0.3493563353623528,tvm
2,1,300,1,1280,16,[2; 1; 300; 1; 1280; 16],0.45828414999414235,0.0798007711414327,tvm
128,4,4,1,128,128,[128; 4; 4; 1; 128; 128],0.1126791990827769,0.3245623759231933,tvm
1280,4,6,1,256,16,[1280; 4; 6; 1; 256; 16],0.4341755349887535,0.08423189614397755,tvm
1280,1,750,1,256,16,[1280; 1; 750; 1; 256; 16],0.44016833195928484,0.08308509703240395,tvm
80,20,5,1,640,128,[80; 20; 5; 1; 640; 128],0.1129780838964507,0.32370374244395816,tvm
8,4,2,1,1280,64,[8; 4; 2; 1; 1280; 64],0.1114728560205549,0.32807474282963583,tvm
1280,8,250,1,128,16,[1280; 8; 250; 1; 128; 16],0.4336798000149429,0.08432818076878025,tvm
640,32,500,1,80,16,[640; 32; 500; 1; 80; 16],0.29022464610170573,0.12601076119018698,tvm
320,40,4,1,320,64,[320; 40; 4; 1; 320; 64],0.11190095404163003,0.326819631562954,tvm
10,10,50,1,256,64,[10; 10; 50; 1; 256; 64],0.08353159949183464,0.4378154949014653,tvm
128,4,250,1,128,16,[128; 4; 250; 1; 128; 16],0.25792979693505913,0.14178830443787938,tvm
8,8,2,1,256,16,[8; 8; 2; 1; 256; 16],0.08360891899792477,0.4374106137209632,tvm
128,2,10,1,320,16,[128; 2; 10; 1; 320; 16],0.255051470012404,0.1433884249702618,tvm
80,16,750,1,640,128,[80; 16; 750; 1; 640; 128],0.11533729697111994,0.317082414204539,tvm
160,20,10,1,128,128,[160; 20; 10; 1; 128; 128],0.11309445695951581,0.32337065453632247,tvm
256,64,12,1,640,128,[256; 64; 12; 1; 640; 128],0.11087740398943424,0.32983662365429794,tvm
20,4,30,1,256,64,[20; 4; 30; 1; 256; 64],0.08433014201000333,0.4336697140518325,tvm
20,20,6,1,64,16,[20; 20; 6; 1; 64; 16],0.1183773399097845,0.3089394355313247,tvm
40,2,30,1,256,64,[40; 2; 30; 1; 256; 64],0.11630344402510673,0.3144483714818781,tvm
64,4,100,1,640,16,[64; 4; 100; 1; 640; 16],0.2355924209114164,0.15523177031734633,tvm
10,5,4,1,128,16,[10; 5; 4; 1; 128; 16],0.10763530200347304,0.3397716909852544,tvm
10,2,2,1,640,64,[10; 2; 2; 1; 640; 64],0.13495227601379156,0.270995270711041,tvm
320,32,2,1,320,64,[320; 32; 2; 1; 320; 64],0.1036206129938364,0.352935844662528,tvm
20,5,750,1,64,64,[20; 5; 750; 1; 64; 64],0.08412719302577898,0.4347159016731016,tvm
40,5,15,1,128,16,[40; 5; 15; 1; 128; 16],0.15143637894652784,0.24149698259981467,tvm
40,5,2,1,256,128,[40; 5; 2; 1; 256; 128],0.11715150298550725,0.31217208178671685,tvm
128,4,15,1,256,16,[128; 4; 15; 1; 256; 16],0.24941458005923778,0.1466290726177379,tvm
256,1,1500,1,320,16,[256; 1; 1500; 1; 320; 16],0.2807336850091815,0.13027089560069177,tvm
5,5,5,1,128,16,[5; 5; 5; 1; 128; 16],0.07997350749792531,0.45729429301793867,tvm
1280,32,375,1,64,64,[1280; 32; 375; 1; 64; 64],0.30579343100544065,0.11959520664385331,tvm
128,32,50,1,128,64,[128; 32; 50; 1; 128; 64],0.11075776792131364,0.330192899855207,tvm
10,5,3,1,128,16,[10; 5; 3; 1; 128; 16],0.10104505601339042,0.3619318946845074,tvm
4,4,12,1,256,64,[4; 4; 12; 1; 256; 64],0.13308079703710973,0.2748062033414978,tvm
20,20,100,1,640,64,[20; 20; 100; 1; 640; 64],0.09061282151378691,0.40360103526700314,tvm
256,64,375,1,128,64,[256; 64; 375; 1; 128; 64],0.1103812480578199,0.3313192160345182,tvm
1280,4,12,1,32,16,[1280; 4; 12; 1; 32; 16],0.43751948594581336,0.08358811377822366,tvm
128,64,125,1,128,16,[128; 64; 125; 1; 128; 16],0.24676365603227168,0.14820427432249494,tvm
320,8,3,1,256,128,[320; 8; 3; 1; 256; 128],0.10416363505646586,0.35109593239141124,tvm
256,4,1,1,1280,128,[256; 4; 1; 1; 1280; 128],0.31156879698392004,0.11737834123779736,tvm
64,4,50,1,256,16,[64; 4; 50; 1; 256; 16],0.22040858201216906,0.1659256106888316,tvm
20,20,150,1,128,64,[20; 20; 150; 1; 128; 64],0.08163585601141676,0.4479824228990024,tvm
160,5,500,1,160,16,[160; 5; 500; 1; 160; 16],0.26247441698797047,0.13933330718896192,tvm
32,1,1500,1,16,16,[32; 1; 1500; 1; 16; 16],0.27162581391166896,0.1346390022537452,tvm
1280,5,1500,1,128,16,[1280; 5; 1500; 1; 128; 16],0.4401308880187571,0.08309216546026646,tvm
256,8,30,1,320,64,[256; 8; 30; 1; 320; 64],0.10522755200508982,0.3475461309758458,tvm
128,32,150,1,1280,128,[128; 32; 150; 1; 1280; 128],0.10832807107362896,0.3375988163453176,tvm
64,64,50,1,64,16,[64; 64; 50; 1; 64; 16],0.19182928698137403,0.19064569934506162,tvm
64,16,1,1,320,64,[64; 16; 1; 1; 320; 64],0.11126605898607522,0.32868449646450976,tvm
20,2,100,1,640,16,[20; 2; 100; 1; 640; 16],0.1379540991038084,0.2650985277640001,tvm
320,5,75,1,32,16,[320; 5; 75; 1; 32; 16],0.2805269999662414,0.13036687582952647,tvm
320,40,750,1,256,128,[320; 40; 750; 1; 256; 128],0.10637326806318015,0.3438028109628733,tvm
160,10,2,1,80,16,[160; 10; 2; 1; 80; 16],0.26088890596292913,0.1401800833057469,tvm
256,16,12,1,256,64,[256; 16; 12; 1; 256; 64],0.10450451297219843,0.34995071056077504,tvm
10,1,300,1,128,64,[10; 1; 300; 1; 128; 64],0.0923198900418356,0.3961381296582556,tvm
160,20,6,1,64,64,[160; 20; 6; 1; 64; 64],0.11238412896636873,0.32541453057284164,tvm
16,16,15,1,256,128,[16; 16; 15; 1; 256; 128],0.09622556355316192,0.38005938568729597,tvm
10,2,150,1,64,16,[10; 2; 150; 1; 64; 16],0.13018765894230455,0.2809131746322897,tvm
10,2,1,1,80,16,[10; 2; 1; 1; 80; 16],0.11831089900806546,0.3091129293923752,tvm
1280,16,15,1,256,64,[1280; 16; 15; 1; 256; 64],0.30404132802505046,0.12028439952221033,tvm
16,2,1500,1,256,128,[16; 2; 1500; 1; 256; 128],0.08464782597729936,0.4320421481496312,tvm
40,40,20,1,256,16,[40; 40; 20; 1; 256; 16],0.15255297592375427,0.23972936843727594,tvm
2,2,6,1,16,16,[2; 2; 6; 1; 16; 16],0.3469279600540176,0.10541505091066833,tvm
80,2,3,1,80,16,[80; 2; 3; 1; 80; 16],0.22913793800398707,0.1596044238243613,tvm
16,16,20,1,256,16,[16; 16; 20; 1; 256; 16],0.1035479330457747,0.35318356915209215,tvm
160,8,1500,1,640,64,[160; 8; 1500; 1; 640; 64],0.1261616280535236,0.2898775890551546,tvm
640,5,25,1,1280,64,[640; 5; 25; 1; 1280; 64],0.12970161892008036,0.2819658603796085,tvm
5,5,1500,1,640,128,[5; 5; 1500; 1; 640; 128],0.14035777398385108,0.26055862481572495,tvm
10,1,750,1,1280,16,[10; 1; 750; 1; 1280; 16],0.1478166680317372,0.24741072206807185,tvm
320,32,60,1,320,16,[320; 32; 60; 1; 320; 16],0.27880723297130316,0.13117101798859274,tvm
16,1,300,1,256,64,[16; 1; 300; 1; 256; 64],0.10225077101495117,0.3576640861327205,tvm
64,64,250,1,128,64,[64; 64; 250; 1; 128; 64],0.08752138650743291,0.4178570522111493,tvm
160,1,20,1,320,16,[160; 1; 20; 1; 320; 16],0.2874428400536999,0.1272302645096198,tvm
80,1,750,1,64,64,[80; 1; 750; 1; 64; 64],0.12051459797658026,0.30346056980197156,tvm
20,20,5,1,1280,64,[20; 20; 5; 1; 1280; 64],0.08942195604322478,0.40897594046981794,tvm
80,16,30,1,64,64,[80; 16; 30; 1; 64; 64],0.11277853196952492,0.32427650841661004,tvm
160,10,4,1,32,16,[160; 10; 4; 1; 32; 16],0.2597216240828857,0.1408101027419936,tvm
640,32,4,1,640,16,[640; 32; 4; 1; 640; 16],0.37385629198979586,0.09782215614663713,tvm
10,10,30,1,16,16,[10; 10; 30; 1; 16; 16],0.14598656701855361,0.2505122856048849,tvm
320,64,2,1,256,64,[320; 64; 2; 1; 256; 64],0.10459590901155025,0.3496449231813654,tvm
160,5,250,1,32,16,[160; 5; 250; 1; 32; 16],0.2646294200094417,0.13819864990870534,tvm
8,1,750,1,640,128,[8; 1; 750; 1; 640; 128],0.11038259195629507,0.33131518225182355,tvm
10,1,1500,1,256,16,[10; 1; 1500; 1; 256; 16],0.15322069800458848,0.23868464931763575,tvm
64,16,4,1,1280,128,[64; 16; 4; 1; 1280; 128],0.10987563896924257,0.3328438306662862,tvm
8,4,30,1,32,16,[8; 4; 30; 1; 32; 16],0.11721942899748683,0.311991185114992,tvm
256,16,6,1,320,64,[256; 16; 6; 1; 320; 64],0.10397391801234335,0.3517365630781267,tvm
256,4,1,1,32,16,[256; 4; 1; 1; 32; 16],0.2760476080002263,0.1324823237424995,tvm
80,1,5,1,640,16,[80; 1; 5; 1; 640; 16],0.23906400299165398,0.15297756296963425,tvm
80,16,5,1,1280,128,[80; 16; 5; 1; 1280; 128],0.10833753400947899,0.33756932817234664,tvm
160,16,1,1,1280,16,[160; 16; 1; 1; 1280; 16],0.25266837200615555,0.14474082482526787,tvm
40,1,5,1,1280,128,[40; 1; 5; 1; 1280; 128],0.1206083009019494,0.30322480540671864,tvm
20,2,1500,1,1280,64,[20; 2; 1500; 1; 1280; 64],0.11130129604134709,0.32858043771424483,tvm
40,5,100,1,256,128,[40; 5; 100; 1; 256; 128],0.11772360606119037,0.3106550146995963,tvm
160,1,1,1,256,64,[160; 1; 1; 1; 256; 64],0.10747011506464332,0.34029393705804484,tvm
160,40,60,1,128,16,[160; 40; 60; 1; 128; 16],0.2531996120233089,0.14443714300818877,tvm
10,2,6,1,160,16,[10; 2; 6; 1; 160; 16],0.1258730540284887,0.2905421565695181,tvm
80,16,150,1,64,16,[80; 16; 150; 1; 64; 16],0.22234923602081835,0.16447741951316813,tvm
1280,32,1,1,1280,128,[1280; 32; 1; 1; 1280; 128],0.4570811069570482,0.08001080774241055,tvm
32,8,15,1,1280,64,[32; 8; 15; 1; 1280; 64],0.08093474752968177,0.45186313280357704,tvm
40,4,3,1,320,64,[40; 4; 3; 1; 320; 64],0.11610201094299555,0.314993928825097,tvm
640,16,4,1,1280,16,[640; 16; 4; 1; 1280; 16],0.3877577430102974,0.09431514710064054,tvm
32,2,125,1,256,64,[32; 2; 125; 1; 256; 64],0.08315575501183048,0.4397943180989169,tvm
8,1,25,1,1280,64,[8; 1; 25; 1; 1280; 64],0.08514464349718764,0.4295211896992268,tvm
128,2,60,1,256,16,[128; 2; 60; 1; 256; 16],0.2537857450079173,0.1441035569995772,tvm
16,8,25,1,128,64,[16; 8; 25; 1; 128; 64],0.0805177180445753,0.45420349035702073,tvm
80,16,25,1,128,16,[80; 16; 25; 1; 128; 16],0.22243374900426716,0.16441492684964362,tvm
128,2,300,1,160,16,[128; 2; 300; 1; 160; 16],0.24722368002403527,0.1479285017028833,tvm
4,2,20,1,1280,16,[4; 2; 20; 1; 1280; 16],0.1388513679848984,0.2633854394247388,tvm
16,4,25,1,80,16,[16; 4; 25; 1; 80; 16],0.10107000404968858,0.3618425557146424,tvm
40,4,300,1,256,64,[40; 4; 300; 1; 256; 64],0.11320501903537661,0.3230548334610499,tvm
640,16,30,1,256,128,[640; 16; 30; 1; 256; 128],0.10319694597274065,0.3543847952737756,tvm
80,20,750,1,128,64,[80; 20; 750; 1; 128; 64],0.11356363201048225,0.32203468596401463,tvm
80,20,20,1,128,128,[80; 20; 20; 1; 128; 128],0.11032085702754557,0.3315005843572916,tvm
80,5,1500,1,640,16,[80; 5; 1500; 1; 640; 16],0.24417785299010575,0.1497737330539575,tvm
640,32,150,1,128,64,[640; 32; 150; 1; 128; 64],0.1084452560171485,0.33723401017786814,tvm
128,4,25,1,64,64,[128; 4; 25; 1; 64; 64],0.11272562202066183,0.3244287138617455,tvm
128,1,4,1,1280,64,[128; 1; 4; 1; 1280; 64],0.1059882789850235,0.34505163138460093,tvm
640,4,150,1,320,16,[640; 4; 150; 1; 320; 16],0.2886296430369839,0.1267071122238905,tvm
40,2,1,1,80,16,[40; 2; 1; 1; 80; 16],0.19918163702823222,0.1836084345779571,tvm
320,4,60,1,80,16,[320; 4; 60; 1; 80; 16],0.27861758694052696,0.13126030188193047,tvm
160,5,60,1,256,128,[160; 5; 60; 1; 256; 128],0.10561324004083872,0.34627693040462604,tvm
4,2,60,1,128,64,[4; 2; 60; 1; 128; 64],0.10128924995660782,0.3610593284785476,tvm
20,1,375,1,1280,16,[20; 1; 375; 1; 1280; 16],0.14777313801459968,0.24748360265460015,tvm
32,1,15,1,160,16,[32; 1; 15; 1; 160; 16],0.24287459498737007,0.1505774145432146,tvm
20,2,12,1,640,16,[20; 2; 12; 1; 640; 16],0.11609504104126245,0.3150128398544635,tvm
32,1,1,1,1280,64,[32; 1; 1; 1; 1280; 64],0.11602279404178262,0.31520899727908913,tvm
40,8,20,1,128,16,[40; 8; 20; 1; 128; 16],0.15193352999631315,0.24070676546721467,tvm
256,4,300,1,640,16,[256; 4; 300; 1; 640; 16],0.2833302739309147,0.12907702401172244,tvm
10,10,50,1,80,16,[10; 10; 50; 1; 80; 16],0.13855576200876385,0.2639473670471776,tvm
160,4,30,1,128,16,[160; 4; 30; 1; 128; 16],0.2625965259503573,0.13926851636393026,tvm
64,64,6,1,1280,16,[64; 64; 6; 1; 1280; 16],0.2019444089382887,0.18109651445019345,tvm
2,1,375,1,64,16,[2; 1; 375; 1; 64; 16],0.25705074006691575,0.14227318918400414,tvm
8,4,2,1,16,16,[8; 4; 2; 1; 16; 16],0.14424994005821645,0.2535282063664571,tvm
160,1,50,1,160,16,[160; 1; 50; 1; 160; 16],0.28642934502568096,0.12768045316079474,tvm
40,8,250,1,320,64,[40; 8; 250; 1; 320; 64],0.11562656005844474,0.3162891687942903,tvm
32,2,1500,1,1280,64,[32; 2; 1500; 1; 1280; 64],0.10748386906925589,0.3402503918784709,tvm
80,20,12,1,320,16,[80; 20; 12; 1; 320; 16],0.2206049560336396,0.16577791011119383,tvm
5,1,15,1,128,16,[5; 1; 15; 1; 128; 16],0.10522777994628996,0.3475453781320413,tvm
40,10,4,1,64,64,[40; 10; 4; 1; 64; 64],0.11749080696608871,0.3112705539760584,tvm
128,2,5,1,320,16,[128; 2; 5; 1; 320; 16],0.24265645595733076,0.15071277797718835,tvm
1280,64,1500,1,128,64,[1280; 64; 1500; 1; 128; 64],0.30599587003234774,0.11951608551959378,tvm
256,16,100,1,128,16,[256; 16; 100; 1; 128; 16],0.2681486130459234,0.13638492534423555,tvm
1280,64,15,1,256,16,[1280; 64; 15; 1; 256; 16],0.4499793059658259,0.08127357877698942,tvm
640,16,2,1,256,16,[640; 16; 2; 1; 256; 16],0.286442989949137,0.12767437100807558,tvm
20,20,15,1,1280,64,[20; 20; 15; 1; 1280; 64],0.07674659049371257,0.47652186678474884,tvm
64,16,6,1,256,64,[64; 16; 6; 1; 256; 64],0.11526954302098602,0.3172687911564841,tvm
10,1,50,1,640,64,[10; 1; 50; 1; 640; 64],0.08879605203401297,0.4118587226988429,tvm
1280,10,20,1,1280,128,[1280; 10; 20; 1; 1280; 128],0.32256622798740864,0.11337649573425318,tvm
5,5,4,1,160,16,[5; 5; 4; 1; 160; 16],0.08058550499845296,0.45382142324640956,tvm
80,10,100,1,128,16,[80; 10; 100; 1; 128; 16],0.22536648204550147,0.16227536694673525,tvm
64,4,30,1,1280,16,[64; 4; 30; 1; 1280; 16],0.22504700103309005,0.162505736150873,tvm
20,10,50,1,320,16,[20; 10; 50; 1; 320; 16],0.1209791679866612,0.3022952561176552,tvm
32,4,60,1,128,64,[32; 4; 60; 1; 128; 64],0.08265683648642153,0.44244892650151635,tvm
128,16,2,1,256,16,[128; 16; 2; 1; 256; 16],0.24409405805636197,0.1498251488079408,tvm
1280,2,500,1,128,64,[1280; 2; 500; 1; 128; 64],0.30074168706778437,0.1216041212244238,tvm
128,2,50,1,128,128,[128; 2; 50; 1; 128; 128],0.11363777203951031,0.32182458275152726,tvm
32,32,25,1,128,16,[32; 32; 25; 1; 128; 16],0.13205279398243874,0.2769455114769634,tvm
8,4,10,1,128,128,[8; 4; 10; 1; 128; 128],0.08824416197603568,0.4144345388124397,tvm
128,64,6,1,128,64,[128; 64; 6; 1; 128; 64],0.11824312899261713,0.3092900947649315,tvm
256,32,375,1,1280,64,[256; 32; 375; 1; 1280; 64],0.11459065601229668,0.31914843534453724,tvm
20,20,125,1,64,64,[20; 20; 125; 1; 64; 64],0.08544177352450788,0.42802749829319175,tvm
256,1,2,1,80,16,[256; 1; 2; 1; 80; 16],0.2818956889677793,0.1297339051382538,tvm
1280,5,50,1,128,16,[1280; 5; 50; 1; 128; 16],0.4335372829809785,0.08435590203445813,tvm
1280,2,30,1,1280,64,[1280; 2; 30; 1; 1280; 64],0.3140235379105434,0.11646078766823767,tvm
640,16,4,1,16,16,[640; 16; 4; 1; 16; 16],0.2897164769237861,0.1262317868826259,tvm
1280,64,20,1,128,64,[1280; 64; 20; 1; 128; 64],0.3070805979659781,0.11909390828879517,tvm
320,10,75,1,640,128,[320; 10; 75; 1; 640; 128],0.11261944496072829,0.3247345836607653,tvm
320,20,6,1,640,16,[320; 20; 6; 1; 640; 16],0.2797255050390959,0.1307404148446069,tvm
64,4,5,1,1280,16,[64; 4; 5; 1; 1280; 16],0.21223829500377178,0.17231305298027694,tvm
16,8,125,1,256,128,[16; 8; 125; 1; 256; 128],0.07663114299066365,0.47723976368046933,tvm
1280,2,125,1,160,16,[1280; 2; 125; 1; 160; 16],0.43706524407025427,0.08367498689863806,tvm
160,4,5,1,32,16,[160; 4; 5; 1; 32; 16],0.2665268770651892,0.13721478664413891,tvm
64,1,4,1,1280,16,[64; 1; 4; 1; 1280; 16],0.21316307701636106,0.1715654938149611,tvm
64,64,2,1,16,16,[64; 64; 2; 1; 16; 16],0.20595504599623382,0.17756995656274105,tvm
640,32,1500,1,16,16,[640; 32; 1500; 1; 16; 16],0.28886802692431957,0.12660254913227179,tvm
32,4,375,1,160,16,[32; 4; 375; 1; 160; 16],0.1433112770318985,0.2551887704084057,tvm
2,2,500,1,640,16,[2; 2; 500; 1; 640; 16],0.396497359033674,0.09223624757692929,tvm
320,10,150,1,256,64,[320; 10; 150; 1; 256; 64],0.10596821794752032,0.34511695374116985,tvm
80,10,150,1,256,128,[80; 10; 150; 1; 256; 128],0.11037938995286822,0.33132479339706894,tvm
40,2,150,1,1280,16,[40; 2; 150; 1; 1280; 16],0.2378878309391439,0.1537339191628689,tvm
64,4,125,1,320,64,[64; 4; 125; 1; 320; 64],0.11400941899046302,0.32077550166699653,tvm
160,20,20,1,128,16,[160; 20; 20; 1; 128; 16],0.2578789188992232,0.14181627845942832,tvm
20,2,3,1,80,16,[20; 2; 3; 1; 80; 16],0.16138715099077672,0.2266068168804754,tvm
128,64,30,1,640,128,[128; 64; 30; 1; 640; 128],0.11539473198354244,0.3169245938943242,tvm
160,32,50,1,256,128,[160; 32; 50; 1; 256; 128],0.11598445405252278,0.31531319322214896,tvm
640,10,75,1,640,128,[640; 10; 75; 1; 640; 128],0.12281838001217693,0.29776836795765155,tvm
40,2,4,1,128,128,[40; 2; 4; 1; 128; 128],0.11389129399321973,0.3211082014188527,tvm
256,2,12,1,256,16,[256; 2; 12; 1; 256; 16],0.2671688380651176,0.13688508299203273,tvm
160,8,15,1,1280,64,[160; 8; 15; 1; 1280; 64],0.10731098894029856,0.34079854199996923,tvm
320,2,300,1,32,16,[320; 2; 300; 1; 32; 16],0.28294947394169867,0.12925073887560598,tvm
320,8,4,1,64,64,[320; 8; 4; 1; 64; 64],0.11109313601627946,0.3291961131250219,tvm
640,2,1500,1,640,16,[640; 2; 1500; 1; 640; 16],0.2904330419842154,0.12592034405443503,tvm
32,32,250,1,256,128,[32; 32; 250; 1; 256; 128],0.08508881198940799,0.4298030224699935,tvm
640,16,375,1,320,16,[640; 16; 375; 1; 320; 16],0.2891693590208888,0.126470621559827,tvm
16,2,4,1,128,16,[16; 2; 4; 1; 128; 16],0.13974318804685026,0.26170455306320656,tvm
128,64,75,1,16,16,[128; 64; 75; 1; 16; 16],0.2594778159400448,0.1409424094269346,tvm
320,5,1500,1,64,64,[320; 5; 1500; 1; 64; 64],0.11956150399055332,0.30587962973699395,tvm
320,5,12,1,128,64,[320; 5; 12; 1; 128; 64],0.1163815800100565,0.31423725789139867,tvm
40,20,5,1,640,64,[40; 20; 5; 1; 640; 64],0.11558387090917677,0.31640598540055465,tvm
256,32,30,1,128,128,[256; 32; 30; 1; 128; 128],0.1115674750180915,0.3277965066924589,tvm
640,2,500,1,256,64,[640; 2; 500; 1; 256; 64],0.12045462301466614,0.30361166434413867,tvm
4,2,50,1,256,128,[4; 2; 50; 1; 256; 128],0.1372379430104047,0.26648190558099455,tvm
80,8,25,1,128,128,[80; 8; 25; 1; 128; 128],0.11038976500276476,0.33129365363276775,tvm
4,2,4,1,32,16,[4; 2; 4; 1; 32; 16],0.13458694599103183,0.2717308748046449,tvm
16,1,150,1,64,64,[16; 1; 150; 1; 64; 64],0.09876483696280047,0.3702879455489114,tvm
32,16,10,1,640,128,[32; 16; 10; 1; 640; 128],0.07516777847195044,0.4865306560187294,tvm
40,5,50,1,160,16,[40; 5; 50; 1; 160; 16],0.1467647060053423,0.24918408224179836,tvm
640,2,10,1,320,64,[640; 2; 10; 1; 320; 64],0.11580994096584618,0.315788336186217,tvm
32,8,25,1,320,64,[32; 8; 25; 1; 320; 64],0.08222751651192084,0.44475900675082014,tvm
320,32,300,1,128,128,[320; 32; 300; 1; 128; 128],0.10524600406643003,0.34748519809213013,tvm
2,2,30,1,1280,16,[2; 2; 30; 1; 1280; 16],0.2645969990408048,0.13821558333618408,tvm
256,32,375,1,16,16,[256; 32; 375; 1; 16; 16],0.2757176699815318,0.13264085894051772,tvm
40,8,125,1,1280,64,[40; 8; 125; 1; 1280; 64],0.11920915299560875,0.30678372970887346,tvm
1280,4,50,1,128,64,[1280; 4; 50; 1; 128; 64],0.30017244908958673,0.12183472761190618,tvm
1280,8,25,1,640,128,[1280; 8; 25; 1; 640; 128],0.3124843209516257,0.11703444339240954,tvm
64,32,60,1,64,16,[64; 32; 60; 1; 64; 16],0.19023067597299814,0.19224779801875708,tvm
640,32,125,1,16,16,[640; 32; 125; 1; 16; 16],0.2884425689699128,0.1267892901593291,tvm
4,1,1500,1,1280,128,[4; 1; 1500; 1; 1280; 128],0.17911099002230912,0.20418305189912372,tvm
160,5,3,1,64,16,[160; 5; 3; 1; 64; 16],0.2555669619468972,0.14309920301446297,tvm
1280,32,50,1,640,64,[1280; 32; 50; 1; 640; 64],0.3071344690397382,0.11907301933830432,tvm
320,2,1,1,320,16,[320; 2; 1; 1; 320; 16],0.2748340549878776,0.13306731064693444,tvm
640,1,250,1,256,64,[640; 1; 250; 1; 256; 64],0.10869574709795415,0.3364568490289802,tvm
20,5,10,1,640,16,[20; 5; 10; 1; 640; 16],0.12050752097275108,0.3034783910267147,tvm
1280,64,20,1,160,16,[1280; 64; 20; 1; 160; 16],0.451412639929913,0.08101551737033041,tvm
320,32,10,1,128,128,[320; 32; 10; 1; 128; 128],0.10526600305456668,0.34741918102914066,tvm
640,16,500,1,640,16,[640; 16; 500; 1; 640; 16],0.29032880801241845,0.12596555202976714,tvm
64,8,750,1,256,128,[64; 8; 750; 1; 256; 128],0.11558291898109019,0.31640859128511717,tvm
160,40,3,1,80,16,[160; 40; 3; 1; 80; 16],0.25409583502914757,0.14392769785948453,tvm
1280,10,3,1,128,128,[1280; 10; 3; 1; 128; 128],0.3141110469587147,0.11642834254165964,tvm
32,8,3,1,128,16,[32; 8; 3; 1; 128; 16],0.1927332190098241,0.1897515579271492,tvm
80,4,15,1,128,16,[80; 4; 15; 1; 128; 16],0.22119582304731011,0.16533507761404045,tvm
320,2,125,1,160,16,[320; 2; 125; 1; 160; 16],0.2751625330420211,0.13290846020029776,tvm
4,2,20,1,640,128,[4; 2; 20; 1; 640; 128],0.14307750691659749,0.25560571580791336,tvm
160,2,150,1,64,64,[160; 2; 150; 1; 64; 64],0.11322975996881723,0.32298424532119574,tvm
640,2,12,1,1280,16,[640; 2; 12; 1; 1280; 16],0.32187024992890656,0.11362164903251024,tvm
256,2,100,1,640,16,[256; 2; 100; 1; 640; 16],0.2721549589186907,0.1343772265503885,tvm
64,1,750,1,256,16,[64; 1; 750; 1; 256; 16],0.24114609695971012,0.1516567302249922,tvm
640,10,4,1,256,64,[640; 10; 4; 1; 256; 64],0.10404311108868569,0.35150264336343534,tvm
1280,5,6,1,640,16,[1280; 5; 6; 1; 640; 16],0.4981448369799182,0.07341525166284697,tvm
16,4,100,1,640,64,[16; 4; 100; 1; 640; 64],0.09093773848144338,0.40215898462101396,tvm
32,1,75,1,640,64,[32; 1; 75; 1; 640; 64],0.09281130298040807,0.39404067604943105,tvm
1280,2,5,1,320,16,[1280; 2; 5; 1; 320; 16],0.467619683011435,0.07820763304040448,tvm
8,4,50,1,640,16,[8; 4; 50; 1; 640; 16],0.13198451197240502,0.27708878886543015,tvm
32,8,4,1,128,128,[32; 8; 4; 1; 128; 128],0.07212015095865354,0.507090294256247,tvm
64,32,150,1,80,16,[64; 32; 150; 1; 80; 16],0.18881264503579587,0.19369162782765537,tvm
128,2,25,1,64,16,[128; 2; 25; 1; 64; 16],0.25059642910491675,0.14593754867958347,tvm
64,4,3,1,320,16,[64; 4; 3; 1; 320; 16],0.2151347630424425,0.16999311526521468,tvm
80,4,500,1,640,64,[80; 4; 500; 1; 640; 64],0.11896433006040752,0.3074150760388294,tvm
320,10,3,1,64,64,[320; 10; 3; 1; 64; 64],0.11869189306162298,0.30812069491925,tvm
40,8,150,1,64,64,[40; 8; 150; 1; 64; 64],0.11803135205991566,0.30984503636681215,tvm
20,5,4,1,128,16,[20; 5; 4; 1; 128; 16],0.1420090430183336,0.25752887136002417,tvm
128,8,100,1,640,128,[128; 8; 100; 1; 640; 128],0.10591195698361844,0.345300281601681,tvm
320,4,50,1,320,64,[320; 4; 50; 1; 320; 64],0.10572026600129902,0.3459263767930664,tvm
640,32,1500,1,640,128,[640; 32; 1500; 1; 640; 128],0.10464367200620472,0.3494853331337619,tvm
64,16,60,1,640,16,[64; 16; 60; 1; 640; 16],0.19815957301761955,0.18455544697896978,tvm
32,8,15,1,128,128,[32; 8; 15; 1; 128; 128],0.07181457651313394,0.5092479876246313,tvm
8,1,2,1,160,16,[8; 1; 2; 1; 160; 16],0.09199854847975075,0.39752179980837515,tvm
160,20,125,1,256,16,[160; 20; 125; 1; 256; 16],0.2532752549741417,0.14439400554610973,tvm
32,16,500,1,640,128,[32; 16; 500; 1; 640; 128],0.07437418744666502,0.49172205878087155,tvm
1280,4,375,1,64,64,[1280; 4; 375; 1; 64; 64],0.3098623739788309,0.11802474789639046,tvm
1280,4,125,1,64,64,[1280; 4; 125; 1; 64; 64],0.3090509349713102,0.11833463171636602,tvm
80,10,75,1,64,16,[80; 10; 75; 1; 64; 16],0.22928026097360998,0.1595053512942308,tvm
320,4,100,1,128,128,[320; 4; 100; 1; 128; 128],0.1111589070642367,0.3290013327523508,tvm
80,40,25,1,128,64,[80; 40; 25; 1; 128; 64],0.11916972394101322,0.30688523361462805,tvm
20,4,10,1,80,16,[20; 4; 10; 1; 80; 16],0.10938789101783186,0.3343279428018855,tvm
64,32,250,1,160,16,[64; 32; 250; 1; 160; 16],0.18709627003408968,0.1954685070138764,tvm
40,5,50,1,640,64,[40; 5; 50; 1; 640; 64],0.11244831804651767,0.32522877359801583,tvm
1280,4,2,1,320,16,[1280; 4; 2; 1; 320; 16],0.49524398311041296,0.07384527590166623,tvm
20,1,15,1,32,16,[20; 1; 15; 1; 32; 16],0.1333531280979514,0.27424499967159294,tvm
640,4,12,1,320,64,[640; 4; 12; 1; 320; 64],0.11468987003900111,0.3188723516644687,tvm
10,5,3,1,32,16,[10; 5; 3; 1; 32; 16],0.11599486193154007,0.31528490109340324,tvm
20,2,5,1,64,16,[20; 2; 5; 1; 64; 16],0.16789245593827218,0.2178265149976395,tvm
40,20,60,1,1280,128,[40; 20; 60; 1; 1280; 128],0.11617837997619063,0.3147868698024835,tvm
1,1,4,1,1280,64,[1; 1; 4; 1; 1280; 64],0.4643257070565596,0.07876244630791851,tvm
64,2,150,1,256,64,[64; 2; 150; 1; 256; 64],0.11467366805300117,0.3189174044256226,tvm
320,8,1500,1,128,16,[320; 8; 1500; 1; 128; 16],0.2840887469938025,0.12873240829995422,tvm
160,10,375,1,320,64,[160; 10; 375; 1; 320; 64],0.10793636692687869,0.33882397205571896,tvm
640,1,750,1,16,16,[640; 1; 750; 1; 16; 16],0.29133184801321477,0.12553185935843753,tvm
16,1,500,1,320,16,[16; 1; 500; 1; 320; 16],0.1364806960336864,0.26796044887111325,tvm
1280,5,12,1,64,16,[1280; 5; 12; 1; 64; 16],0.4412523149512708,0.08288098970192892,tvm
80,20,6,1,64,64,[80; 20; 6; 1; 64; 64],0.11270187806803733,0.32449706427563396,tvm
64,4,2,1,64,64,[64; 4; 2; 1; 64; 64],0.11557267606258392,0.316436633790713,tvm
640,20,300,1,256,128,[640; 20; 300; 1; 256; 128],0.10500819201115519,0.34827214782960486,tvm
320,10,30,1,32,16,[320; 10; 30; 1; 32; 16],0.27662668703123927,0.13220499064610705,tvm
320,40,25,1,1280,128,[320; 40; 25; 1; 1280; 128],0.11682853393722326,0.31303507233155814,tvm
320,10,12,1,1280,64,[320; 10; 12; 1; 1280; 64],0.1316318130120635,0.2778312304190246,tvm
8,8,15,1,640,128,[8; 8; 15; 1; 640; 128],0.10633303900249302,0.34393288214560613,tvm
1280,32,300,1,640,128,[1280; 32; 300; 1; 640; 128],0.3153098199982196,0.11598569486873284,tvm
320,2,100,1,128,16,[320; 2; 100; 1; 128; 16],0.2793909509200603,0.13089696874932946,tvm
256,64,3,1,16,16,[256; 64; 3; 1; 16; 16],0.27686453296337277,0.13209141734404356,tvm
8,2,75,1,1280,128,[8; 2; 75; 1; 1280; 128],0.11306625290308148,0.3234513184298855,tvm
80,40,15,1,256,128,[80; 40; 15; 1; 256; 128],0.11212781292852014,0.3261584045587541,tvm
10,1,50,1,640,16,[10; 1; 50; 1; 640; 16],0.13151366310194135,0.2780808298456461,tvm
1,1,750,1,32,16,[1; 1; 750; 1; 32; 16],0.5640254389727488,0.06484003387867678,tvm
640,4,50,1,80,16,[640; 4; 50; 1; 80; 16],0.28742476005572826,0.12723826772730995,tvm
640,2,25,1,80,16,[640; 2; 25; 1; 80; 16],0.2882074280641973,0.1268927342264142,tvm
1280,40,20,1,256,64,[1280; 40; 20; 1; 256; 64],0.31842748005874455,0.11485010202223048,tvm
10,10,100,1,128,128,[10; 10; 100; 1; 128; 128],0.08759460150031373,0.4175077909487103,tvm
320,64,3,1,80,16,[320; 64; 3; 1; 80; 16],0.27627798402681947,0.1323718525754062,tvm
5,1,12,1,32,16,[5; 1; 12; 1; 32; 16],0.1325858449563384,0.2758320738044988,tvm
128,2,60,1,160,16,[128; 2; 60; 1; 160; 16],0.2534371200017631,0.1443017840921415,tvm
16,16,25,1,64,16,[16; 16; 25; 1; 64; 16],0.10525498702190816,0.34745554207152635,tvm
160,8,3,1,320,64,[160; 8; 3; 1; 320; 64],0.11519726098049432,0.31746786564327256,tvm
640,8,4,1,320,64,[640; 8; 4; 1; 320; 64],0.1379802420269698,0.26504829991731915,tvm
40,1,20,1,640,64,[40; 1; 20; 1; 640; 64],0.11636025202460587,0.31429485528868634,tvm
320,40,1,1,64,16,[320; 40; 1; 1; 64; 16],0.2757169499527663,0.13264120532921067,tvm
320,64,500,1,160,16,[320; 64; 500; 1; 160; 16],0.2832519309595227,0.1291127246601355,tvm
1280,5,125,1,640,128,[1280; 5; 125; 1; 640; 128],0.2931965769967064,0.12473347726648047,tvm
320,4,6,1,64,64,[320; 4; 6; 1; 64; 64],0.11859967396594584,0.30836027915160646,tvm
32,8,250,1,256,128,[32; 8; 250; 1; 256; 128],0.07787047501187772,0.46964434936155547,tvm
5,1,500,1,256,16,[5; 1; 500; 1; 256; 16],0.16306028701364994,0.22428163988431557,tvm
160,1,750,1,256,16,[160; 1; 750; 1; 256; 16],0.2820574699435383,0.12965949307688737,tvm
20,1,100,1,1280,16,[20; 1; 100; 1; 1280; 16],0.14664111705496907,0.24939409427520667,tvm
1,1,1500,1,320,64,[1; 1; 1500; 1; 320; 64],0.5870784629369155,0.06229393663749228,tvm
32,4,1,1,320,64,[32; 4; 1; 1; 320; 64],0.09309339744504541,0.3928466419223479,tvm
640,1,6,1,128,16,[640; 1; 6; 1; 128; 16],0.2871476369909942,0.12736106399710878,tvm
128,4,50,1,64,16,[128; 4; 50; 1; 64; 16],0.24686199997086078,0.14814523327099924,tvm
40,10,10,1,1280,64,[40; 10; 10; 1; 1280; 64],0.11436436302028596,0.31977993498675394,tvm
20,10,4,1,32,16,[20; 10; 4; 1; 32; 16],0.13620036200154573,0.2685119777509367,tvm
256,8,50,1,16,16,[256; 8; 50; 1; 16; 16],0.2777003130177036,0.13169386873934535,tvm
128,8,10,1,256,16,[128; 8; 10; 1; 256; 16],0.24438028200529516,0.1496496700606809,tvm
128,1,20,1,1280,16,[128; 1; 20; 1; 1280; 16],0.24778024503029883,0.14759622409347678,tvm
10,5,20,1,1280,64,[10; 5; 20; 1; 1280; 64],0.07852298102807254,0.4657417241756782,tvm
1280,20,5,1,128,128,[1280; 20; 5; 1; 128; 128],0.30711607297416776,0.11908015173958245,tvm
320,4,500,1,1280,128,[320; 4; 500; 1; 1280; 128],0.11153885000385344,0.32788063145859137,tvm
160,1,300,1,80,16,[160; 1; 300; 1; 80; 16],0.2785239099757746,0.13130444913906844,tvm
64,2,125,1,1280,128,[64; 2; 125; 1; 1280; 128],0.11224981106352061,0.32580392095923716,tvm
20,20,3,1,320,64,[20; 20; 3; 1; 320; 64],0.13196204009000212,0.2771359744551217,tvm
320,8,2,1,64,16,[320; 8; 2; 1; 64; 16],0.28044238896109164,0.1304062082301776,tvm
128,4,60,1,64,64,[128; 4; 60; 1; 64; 64],0.119595339987427,0.3057930900591387,tvm
320,4,4,1,64,16,[320; 4; 4; 1; 64; 16],0.2791674139443785,0.1310017815285386,tvm
16,4,25,1,128,16,[16; 4; 25; 1; 128; 16],0.10106764291413128,0.36185100905638273,tvm
80,20,6,1,160,16,[80; 20; 6; 1; 160; 16],0.22040155599825084,0.1659309001054367,tvm
10,1,75,1,160,16,[10; 1; 75; 1; 160; 16],0.11887447501067072,0.3076474454936247,tvm
20,2,300,1,1280,128,[20; 2; 300; 1; 1280; 128],0.07613640249473974,0.48034090623017406,tvm
8,8,5,1,256,64,[8; 8; 5; 1; 256; 64],0.08565764251397923,0.4269488103815157,tvm
160,10,6,1,640,64,[160; 10; 6; 1; 640; 64],0.105491510941647,0.34667650737942496,tvm
40,2,2,1,256,64,[40; 2; 2; 1; 256; 64],0.11380599299445748,0.32134888162884057,tvm
128,1,2,1,256,128,[128; 1; 2; 1; 256; 128],0.1151733489241451,0.3175337776755547,tvm
640,2,20,1,80,16,[640; 2; 20; 1; 80; 16],0.28842641902156174,0.1267963895106801,tvm
128,4,3,1,80,16,[128; 4; 3; 1; 80; 16],0.24783694301731884,0.147562458309022,tvm
640,64,50,1,128,64,[640; 64; 50; 1; 128; 64],0.11875252099707723,0.30796338691899167,tvm
256,2,12,1,128,16,[256; 2; 12; 1; 128; 16],0.2752596150385216,0.1328615843857463,tvm
640,1,50,1,80,16,[640; 1; 50; 1; 80; 16],0.2908080439083278,0.12575796762677266,tvm
640,16,50,1,256,16,[640; 16; 50; 1; 256; 16],0.2850719989510253,0.12828839277796433,tvm
40,20,150,1,256,128,[40; 20; 150; 1; 256; 128],0.11746168893296272,0.3113477160395717,tvm
40,10,10,1,160,16,[40; 10; 10; 1; 160; 16],0.15360486903227866,0.2380876908514106,tvm
160,20,1500,1,160,16,[160; 20; 1500; 1; 160; 16],0.26530855998862535,0.13784488737565237,tvm
2,2,750,1,1280,64,[2; 2; 750; 1; 1280; 64],0.2502581410808489,0.14613482068347075,tvm
10,2,12,1,1280,64,[10; 2; 12; 1; 1280; 64],0.07736262399703264,0.4727273543983116,tvm
1,1,5,1,128,128,[1; 1; 5; 1; 128; 128],0.28913520695641637,0.12648556001324762,tvm
32,32,500,1,128,16,[32; 32; 500; 1; 128; 16],0.13481084897648543,0.271279565770019,tvm
256,16,30,1,128,128,[256; 16; 30; 1; 128; 128],0.10570548300165683,0.34597475488433604,tvm
640,20,100,1,1280,16,[640; 20; 100; 1; 1280; 16],0.28922102495562285,0.1264480290706389,tvm
20,10,30,1,160,16,[20; 10; 30; 1; 160; 16],0.11745925492141396,0.3113541678422587,tvm
1280,40,150,1,16,16,[1280; 40; 150; 1; 16; 16],0.4474526470294222,0.08173251139359965,tvm
20,10,25,1,1280,64,[20; 10; 25; 1; 1280; 64],0.08101784804603085,0.45139965394600784,tvm
64,8,5,1,80,16,[64; 8; 5; 1; 80; 16],0.22313521895557642,0.1638980558183848,tvm
2,2,2,1,32,16,[2; 2; 2; 1; 32; 16],0.2139621670357883,0.17092474374365196,tvm
32,4,1,1,1280,16,[32; 4; 1; 1; 1280; 16],0.1566728960024193,0.23342536906232875,tvm
40,8,4,1,640,16,[40; 8; 4; 1; 640; 16],0.1781569019658491,0.20527651843900468,tvm
160,5,6,1,1280,16,[160; 5; 6; 1; 1280; 16],0.2529508878942579,0.14457916663536946,tvm
64,4,75,1,64,64,[64; 4; 75; 1; 64; 64],0.11576409195549786,0.3159134059073119,tvm
1280,64,12,1,640,16,[1280; 64; 12; 1; 640; 16],0.46356684097554535,0.07889138164944337,tvm
4,4,75,1,128,128,[4; 4; 75; 1; 128; 128],0.10326989903114736,0.35413444686721557,tvm
4,4,3,1,80,16,[4; 4; 3; 1; 80; 16],0.09783762547885999,0.3737971807107139,tvm
320,20,10,1,256,16,[320; 20; 10; 1; 256; 16],0.2745357609819621,0.13321189356395519,tvm
2,1,750,1,1280,16,[2; 1; 750; 1; 1280; 16],0.48131444898899645,0.07598240328801069,tvm
4,2,12,1,640,16,[4; 2; 12; 1; 640; 16],0.127551355981268,0.28671924567230317,tvm
64,64,50,1,320,16,[64; 64; 50; 1; 320; 16],0.18796684697736055,0.1945631857932552,tvm
80,4,60,1,640,16,[80; 4; 60; 1; 640; 16],0.24178045301232487,0.15125883054559555,tvm
40,10,6,1,80,16,[40; 10; 6; 1; 80; 16],0.16590262006502599,0.22043912601919308,tvm
80,4,50,1,256,128,[80; 4; 50; 1; 256; 128],0.11131473502609879,0.32854076832554163,tvm
256,16,1,1,128,128,[256; 16; 1; 1; 128; 128],0.10573633899912238,0.34587379246913513,tvm
80,4,50,1,640,128,[80; 4; 50; 1; 640; 128],0.10945702809840441,0.33411676898947057,tvm
80,40,1500,1,640,16,[80; 40; 1500; 1; 640; 16],0.24980145297013223,0.14640198500287055,tvm
640,5,1,1,640,16,[640; 5; 1; 1; 640; 16],0.5367589360103011,0.06813380480120543,tvm
320,32,12,1,128,64,[320; 32; 12; 1; 128; 64],0.10655788902658969,0.343207142197635,tvm
8,1,10,1,640,64,[8; 1; 10; 1; 640; 64],0.09059629950206727,0.4036746398300084,tvm
40,2,125,1,256,128,[40; 2; 125; 1; 256; 128],0.11793929198756814,0.3100868926301807,tvm
160,4,75,1,256,128,[160; 4; 75; 1; 256; 128],0.11220478801988065,0.32593465231580654,tvm
40,40,6,1,256,64,[40; 40; 6; 1; 256; 64],0.12730907299555838,0.28726490352109074,tvm
8,2,50,1,64,64,[8; 2; 50; 1; 64; 64],0.09395177999977022,0.38925743154113757,tvm
80,5,5,1,1280,128,[80; 5; 5; 1; 1280; 128],0.1119467361131683,0.32668597443035835,tvm
4,2,250,1,128,128,[4; 2; 250; 1; 128; 128],0.10144922905601561,0.3604899604632334,tvm
64,1,12,1,80,16,[64; 1; 12; 1; 80; 16],0.23560587305109948,0.1552229072129147,tvm
20,5,100,1,1280,64,[20; 5; 100; 1; 1280; 64],0.0963099179789424,0.37972650521231577,tvm
40,1,10,1,320,16,[40; 1; 10; 1; 320; 16],0.2139209759188816,0.1709576558088272,tvm
2,1,15,1,640,128,[2; 1; 15; 1; 640; 128],0.24555848306044936,0.14893164396371414,tvm
20,20,500,1,256,64,[20; 20; 500; 1; 256; 64],0.08444348099874333,0.43308764796151433,tvm
640,1,100,1,256,64,[640; 1; 100; 1; 256; 64],0.10698417399544269,0.3418396123989932,tvm
320,8,20,1,16,16,[320; 8; 20; 1; 16; 16],0.2822858049767092,0.12955461424794634,tvm
320,64,750,1,128,64,[320; 64; 750; 1; 128; 64],0.11135907203424722,0.32840996160763125,tvm
256,8,10,1,32,16,[256; 8; 10; 1; 32; 16],0.2755905539961532,0.13270203946082657,tvm
640,4,2,1,1280,64,[640; 4; 2; 1; 1280; 64],0.3060215379809961,0.11950606095476737,tvm
640,1,60,1,320,16,[640; 1; 60; 1; 320; 16],0.28941734600812197,0.12636225532384732,tvm
32,1,1,1,640,16,[32; 1; 1; 1; 640; 16],0.23207882198039442,0.15758192953305347,tvm
32,32,1,1,64,16,[32; 32; 1; 1; 64; 16],0.1524170310003683,0.23994318962518174,tvm
1280,32,375,1,640,128,[1280; 32; 375; 1; 640; 128],0.30767664196901023,0.11886319461037317,tvm
320,64,4,1,256,128,[320; 64; 4; 1; 256; 128],0.10388100403361022,0.352051165770366,tvm
160,32,1500,1,64,64,[160; 32; 1500; 1; 64; 64],0.11302606598474085,0.3235663229786828,tvm
8,1,20,1,1280,128,[8; 1; 20; 1; 1280; 128],0.08977880846941844,0.40735034464047254,tvm
40,4,15,1,128,16,[40; 4; 15; 1; 128; 16],0.1517304900335148,0.24102887009295587,tvm
1280,20,375,1,64,64,[1280; 20; 375; 1; 64; 64],0.3131923390319571,0.11676986954555407,tvm
1280,5,750,1,128,128,[1280; 5; 750; 1; 128; 128],0.3006232149200514,0.12165204400849244,tvm
160,40,1,1,640,16,[160; 40; 1; 1; 640; 16],0.2517190099461004,0.1452867170392076,tvm
10,2,2,1,128,64,[10; 2; 2; 1; 128; 64],0.14834909001365304,0.24652276982664867,tvm
160,5,150,1,640,64,[160; 5; 150; 1; 640; 64],0.10853539896197617,0.3369539239842003,tvm
16,2,25,1,128,16,[16; 2; 25; 1; 128; 16],0.10192186606582254,0.3588182789727402,tvm
40,1,15,1,64,64,[40; 1; 15; 1; 64; 64],0.12087644392158836,0.302552154786686,tvm
5,5,50,1,1280,16,[5; 5; 50; 1; 1280; 16],0.15872297203168273,0.23041043210889817,tvm
20,10,10,1,256,128,[20; 10; 10; 1; 256; 128],0.06964529899414629,0.5251097934765477,tvm
32,32,125,1,320,16,[32; 32; 125; 1; 320; 16],0.15808682807255536,0.23133760742320536,tvm
1280,4,375,1,1280,128,[1280; 4; 375; 1; 1280; 128],0.2973877739859745,0.12297556177663635,tvm
256,64,2,1,256,128,[256; 64; 2; 1; 256; 128],0.10422798502258956,0.3508791670826445,tvm
320,4,100,1,128,64,[320; 4; 100; 1; 128; 64],0.10746674798429012,0.34030459893300874,tvm
32,8,10,1,320,16,[32; 8; 10; 1; 320; 16],0.1443474090192467,0.2533570143025725,tvm
40,2,750,1,128,16,[40; 2; 750; 1; 128; 16],0.20890618092380464,0.17506149607305035,tvm
640,64,5,1,64,64,[640; 64; 5; 1; 64; 64],0.10840443393681198,0.3373610030817166,tvm
32,16,1,1,160,16,[32; 16; 1; 1; 160; 16],0.14264810900203884,0.25637513758353336,tvm
128,8,1,1,160,16,[128; 8; 1; 1; 160; 16],0.2540160259231925,0.14397291839565576,tvm
128,4,1,1,1280,16,[128; 4; 1; 1; 1280; 16],0.2480194930685684,0.1474538477559016,tvm
32,8,250,1,256,64,[32; 8; 250; 1; 256; 64],0.08406944648595527,0.43501450408072134,tvm
20,2,50,1,320,16,[20; 2; 50; 1; 320; 16],0.11981548008043319,0.3052312484737185,tvm
640,2,25,1,128,128,[640; 2; 25; 1; 128; 128],0.10390781506430358,0.351960327034076,tvm
16,8,12,1,1280,64,[16; 8; 12; 1; 1280; 64],0.07045520353130996,0.5190734926367278,tvm
10,5,15,1,32,16,[10; 5; 15; 1; 32; 16],0.11782234604470432,0.31039467298972806,tvm
8,1,1500,1,1280,128,[8; 1; 1500; 1; 1280; 128],0.13605508499313146,0.2687986896871574,tvm
80,5,2,1,1280,64,[80; 5; 2; 1; 1280; 64],0.11593745206482708,0.31544102375977223,tvm
80,5,25,1,1280,64,[80; 5; 25; 1; 1280; 64],0.11623078491538763,0.3146449419407382,tvm
1280,20,750,1,1280,64,[1280; 20; 750; 1; 1280; 64],0.30283207504544407,0.12076471280639785,tvm
10,10,60,1,640,64,[10; 10; 60; 1; 640; 64],0.09318618749966845,0.39245546526472813,tvm
8,8,150,1,16,16,[8; 8; 150; 1; 16; 16],0.14526921091601253,0.25174934413715766,tvm
1280,16,20,1,160,16,[1280; 16; 20; 1; 160; 16],0.42813508003018796,0.08542030372481954,tvm
160,40,750,1,128,128,[160; 40; 750; 1; 128; 128],0.11312531400471926,0.32328244914222226,tvm
256,8,300,1,320,64,[256; 8; 300; 1; 320; 64],0.1160798950586468,0.31505394239848056,tvm
20,20,60,1,1280,64,[20; 20; 60; 1; 1280; 64],0.0950028850347735,0.3849507155287178,tvm
4,2,15,1,1280,16,[4; 2; 15; 1; 1280; 16],0.1354938120348379,0.26991216810717084,tvm
64,32,300,1,80,16,[64; 32; 300; 1; 80; 16],0.1877934910589829,0.19474279095190833,tvm
40,2,30,1,80,16,[40; 2; 30; 1; 80; 16],0.20783372805453837,0.17596483936347299,tvm
40,4,20,1,320,64,[40; 4; 20; 1; 320; 64],0.11559287400450557,0.3163813417252961,tvm
1280,10,6,1,1280,64,[1280; 10; 6; 1; 1280; 64],0.3558554290793836,0.10277046683267065,tvm
20,2,5,1,160,16,[20; 2; 5; 1; 160; 16],0.13990030507557094,0.2614106420402266,tvm
128,16,30,1,640,64,[128; 16; 30; 1; 640; 64],0.11409248306881636,0.32054196374506144,tvm
160,32,15,1,128,16,[160; 32; 15; 1; 128; 16],0.2552077340660617,0.14330062803646026,tvm
128,4,20,1,320,16,[128; 4; 20; 1; 320; 16],0.2551959410775453,0.1433072501741545,tvm
40,2,750,1,640,128,[40; 2; 750; 1; 640; 128],0.1234805139247328,0.29617165825630254,tvm
64,2,2,1,640,64,[64; 2; 2; 1; 640; 64],0.112001514993608,0.32652619541365785,tvm
80,2,75,1,256,16,[80; 2; 75; 1; 256; 16],0.23191119800321758,0.15769582877546592,tvm
80,10,375,1,128,128,[80; 10; 375; 1; 128; 128],0.11370892298873514,0.32162320783788984,tvm
320,4,60,1,160,16,[320; 4; 60; 1; 160; 16],0.27814978593960404,0.13148105955892953,tvm
256,64,60,1,64,16,[256; 64; 60; 1; 64; 16],0.26968051597941667,0.1356101994933141,tvm
1280,4,15,1,160,16,[1280; 4; 15; 1; 160; 16],0.4436750391032547,0.0824284112203965,tvm
256,2,75,1,640,64,[256; 2; 75; 1; 640; 64],0.1069851570064202,0.34183647147644897,tvm
320,4,750,1,256,128,[320; 4; 750; 1; 256; 128],0.10638552205637097,0.3437632101109614,tvm
80,10,2,1,128,16,[80; 10; 2; 1; 128; 16],0.2190259019844234,0.16697307596993458,tvm
64,16,75,1,80,16,[64; 16; 75; 1; 80; 16],0.18838387005962431,0.19413248363489696,tvm
10,2,375,1,256,64,[10; 2; 375; 1; 256; 64],0.08482130896300077,0.4311585027222476,tvm
640,5,60,1,320,16,[640; 5; 60; 1; 320; 16],0.28934963105712086,0.12639182720854744,tvm
256,4,10,1,128,64,[256; 4; 10; 1; 128; 64],0.12128716299775988,0.30152761155856234,tvm
640,2,10,1,128,16,[640; 2; 10; 1; 128; 16],0.2913030469790101,0.12554427065111934,tvm
256,16,75,1,1280,64,[256; 16; 75; 1; 1280; 64],0.12330985104199499,0.2965815647524676,tvm
64,32,150,1,160,16,[64; 32; 150; 1; 160; 16],0.18955282995011657,0.19293528132000376,tvm
64,8,15,1,32,16,[64; 8; 15; 1; 32; 16],0.20492980198469013,0.1784583219094739,tvm
128,4,5,1,32,16,[128; 4; 5; 1; 32; 16],0.25659502297639847,0.14252586876867213,tvm
640,1,10,1,16,16,[640; 1; 10; 1; 16; 16],0.29504883906338364,0.1239504235553767,tvm
640,8,3,1,1280,128,[640; 8; 3; 1; 1280; 128],0.26798699295613915,0.1364671776343046,tvm
16,1,125,1,16,16,[16; 1; 125; 1; 16; 16],0.1353198119904846,0.27025923280177333,tvm
160,5,25,1,640,16,[160; 5; 25; 1; 640; 16],0.25546130596194416,0.14315838727011201,tvm
32,8,12,1,1280,16,[32; 8; 12; 1; 1280; 16],0.1405065479921177,0.26028273481944914,tvm
4,4,4,1,64,64,[4; 4; 4; 1; 64; 64],0.11431559000629932,0.31991636984433464,tvm
128,1,1,1,128,16,[128; 1; 1; 1; 128; 16],0.25875879696104676,0.14133404931904206,tvm
4,1,375,1,256,64,[4; 1; 375; 1; 256; 64],0.14240633696317673,0.256810401498391,tvm
40,40,1500,1,640,128,[40; 40; 1500; 1; 640; 128],0.08628732949728146,0.4238331257265388,tvm
160,40,50,1,256,16,[160; 40; 50; 1; 256; 16],0.2520257040159777,0.14510991533272358,tvm
32,2,750,1,640,128,[32; 2; 750; 1; 640; 128],0.07911342300940305,0.462265784746564,tvm
20,10,100,1,640,64,[20; 10; 100; 1; 640; 64],0.09349899704102427,0.3911424692115386,tvm
4,2,20,1,1280,128,[4; 2; 20; 1; 1280; 128],0.13787351897917688,0.2652534644956148,tvm
10,10,3,1,256,128,[10; 10; 3; 1; 256; 128],0.1401813649572432,0.26088652070539653,tvm
1280,40,750,1,320,64,[1280; 40; 750; 1; 320; 64],0.30861603701487184,0.11850138743653896,tvm
160,8,250,1,64,64,[160; 8; 250; 1; 64; 64],0.12085219600703567,0.3026128591763404,tvm
1280,10,250,1,640,16,[1280; 10; 250; 1; 640; 16],0.4325319960480556,0.08455196125505911,tvm
20,20,25,1,320,16,[20; 20; 25; 1; 320; 16],0.11805342300795019,0.3097871085785095,tvm
1280,10,60,1,1280,16,[1280; 10; 60; 1; 1280; 16],0.4323383179726079,0.08458983867755544,tvm
320,1,1500,1,256,64,[320; 1; 1500; 1; 256; 64],0.11167650599963963,0.32747647541504016,tvm
256,16,300,1,128,64,[256; 16; 300; 1; 128; 64],0.10891361196991056,0.33578381902835175,tvm
80,2,1500,1,256,128,[80; 2; 1500; 1; 256; 128],0.11204973794519901,0.3263856680264155,tvm
160,1,5,1,256,128,[160; 1; 5; 1; 256; 128],0.11437552992720157,0.3197487136864483,tvm
40,2,4,1,256,64,[40; 2; 4; 1; 256; 64],0.11498271801974624,0.3180602198423252,tvm
80,10,60,1,32,16,[80; 10; 60; 1; 32; 16],0.22687992895953357,0.16119287739177438,tvm
64,8,375,1,640,16,[64; 8; 375; 1; 640; 16],0.20363202400039881,0.1795956640462256,tvm
1280,20,15,1,1280,16,[1280; 20; 15; 1; 1280; 16],0.4426329559646547,0.08262247100812098,tvm
20,20,3,1,640,64,[20; 20; 3; 1; 640; 64],0.13275127299129963,0.27548834559067037,tvm
80,20,75,1,320,16,[80; 20; 75; 1; 320; 16],0.2236185499932617,0.16354380516522704,tvm
640,40,500,1,32,16,[640; 40; 500; 1; 32; 16],0.287602063966915,0.12715982655686245,tvm
256,16,150,1,256,128,[256; 16; 150; 1; 256; 128],0.10420274804346263,0.350964146897304,tvm
160,40,4,1,160,16,[160; 40; 4; 1; 160; 16],0.2529683979228139,0.14456915911918494,tvm
4,1,3,1,128,64,[4; 1; 3; 1; 128; 64],0.0993903570342809,0.3679575128079544,tvm
640,20,3,1,1280,16,[640; 20; 3; 1; 1280; 16],0.44139450299553573,0.08285429094208376,tvm
320,40,250,1,128,64,[320; 40; 250; 1; 128; 64],0.10842682095244527,0.3372913477512024,tvm
16,1,2,1,256,64,[16; 1; 2; 1; 256; 64],0.08956703945295885,0.40831346882505937,tvm
8,8,30,1,128,64,[8; 8; 30; 1; 128; 64],0.09049407101701945,0.40413065917379815,tvm
20,5,100,1,320,64,[20; 5; 100; 1; 320; 64],0.08438416494755074,0.43339207769798593,tvm
128,16,25,1,320,16,[128; 16; 25; 1; 320; 16],0.24939090304542333,0.14664299348869017,tvm
40,1,50,1,320,64,[40; 1; 50; 1; 320; 64],0.11744688800536096,0.31138695279656314,tvm
160,8,375,1,1280,16,[160; 8; 375; 1; 1280; 16],0.26617557799909264,0.13739588299702402,tvm
256,1,75,1,80,16,[256; 1; 75; 1; 80; 16],0.2827959209680557,0.1293209196449465,tvm
256,2,4,1,1280,16,[256; 2; 4; 1; 1280; 16],0.33183465292677283,0.11020979348862316,tvm
160,2,500,1,256,16,[160; 2; 500; 1; 256; 16],0.26715136191342026,0.1368940375579325,tvm
20,4,100,1,256,16,[20; 4; 100; 1; 256; 16],0.11539856297895312,0.3169140726483624,tvm
640,32,75,1,64,16,[640; 32; 75; 1; 64; 16],0.28491199505515397,0.1283604383323664,tvm
40,1,60,1,1280,64,[40; 1; 60; 1; 1280; 64],0.11774854210671037,0.3105892261348381,tvm
320,2,15,1,1280,128,[320; 2; 15; 1; 1280; 128],0.1253066569333896,0.2918554326357073,tvm
160,10,300,1,1280,128,[160; 10; 300; 1; 1280; 128],0.10638801497407258,0.3437551549424177,tvm
640,10,5,1,80,16,[640; 10; 5; 1; 80; 16],0.28446000604890287,0.12856439497207,tvm
1280,10,6,1,128,128,[1280; 10; 6; 1; 128; 128],0.31015071307774633,0.11791502333983386,tvm
2,1,6,1,64,64,[2; 1; 6; 1; 64; 64],0.16102070303168148,0.22712252451309317,tvm
160,20,50,1,16,16,[160; 20; 50; 1; 16; 16],0.26618845702614635,0.13738923535604833,tvm
40,5,375,1,128,16,[40; 5; 375; 1; 128; 16],0.15001933195162565,0.2437781057658701,tvm
40,10,125,1,320,64,[40; 10; 125; 1; 320; 64],0.11562622699420899,0.31629007987314345,tvm
160,16,1500,1,32,16,[160; 16; 1500; 1; 32; 16],0.27477818191982806,0.13309436839530078,tvm
320,10,75,1,256,16,[320; 10; 75; 1; 256; 16],0.27393132995348424,0.13350582636034622,tvm
1280,8,5,1,64,16,[1280; 8; 5; 1; 64; 16],0.4316665129736066,0.0847214863147484,tvm
640,1,25,1,1280,16,[640; 1; 25; 1; 1280; 16],0.3024633799213916,0.12091192190252342,tvm
40,1,100,1,256,64,[40; 1; 100; 1; 256; 64],0.12097628903575242,0.3023024500331675,tvm
128,64,15,1,16,16,[128; 64; 15; 1; 16; 16],0.2573189450195059,0.14212489705589418,tvm
80,2,12,1,1280,64,[80; 2; 12; 1; 1280; 64],0.11620685295201838,0.3147097407975488,tvm
64,16,500,1,256,16,[64; 16; 500; 1; 256; 16],0.19140250200871378,0.19107079681624864,tvm
1,1,500,1,64,16,[1; 1; 500; 1; 64; 16],0.5279126010136679,0.06927553633159388,tvm
8,8,60,1,80,16,[8; 8; 60; 1; 80; 16],0.10966381407342851,0.33348674656656696,tvm
320,4,150,1,1280,16,[320; 4; 150; 1; 1280; 16],0.2855313339969143,0.12808201488605728,tvm
64,2,60,1,640,64,[64; 2; 60; 1; 640; 64],0.11463440698571503,0.3190266302506006,tvm
40,40,6,1,16,16,[40; 40; 6; 1; 16; 16],0.16578191693406552,0.22059962417960033,tvm
640,1,1,1,32,16,[640; 1; 1; 1; 32; 16],0.2913976749405265,0.12550350162846258,tvm
640,20,30,1,256,16,[640; 20; 30; 1; 256; 16],0.2854386429535225,0.12812360720683302,tvm
160,4,3,1,320,64,[160; 4; 3; 1; 320; 64],0.11517342901788652,0.3175335568566688,tvm
160,32,300,1,128,64,[160; 32; 300; 1; 128; 64],0.11804764100816101,0.3098022820201911,tvm
320,4,125,1,16,16,[320; 4; 125; 1; 16; 16],0.2852621520869434,0.12820287691120755,tvm
160,8,150,1,64,16,[160; 8; 150; 1; 64; 16],0.25456232600845397,0.14366394723394396,tvm
32,16,12,1,128,128,[32; 16; 12; 1; 128; 128],0.07308944599935785,0.500365382051875,tvm
1280,40,500,1,64,16,[1280; 40; 500; 1; 64; 16],0.4480614510830492,0.08162145724214508,tvm
5,1,2,1,16,16,[5; 1; 2; 1; 16; 16],0.17301359993871301,0.21137892387872023,tvm
320,20,1,1,256,64,[320; 20; 1; 1; 256; 64],0.10422468394972384,0.35089028035882547,tvm
32,16,150,1,640,64,[32; 16; 150; 1; 640; 64],0.10010652698110789,0.36532511589709166,tvm
80,10,375,1,640,16,[80; 10; 375; 1; 640; 16],0.23822657100390643,0.15351532122262246,tvm
128,4,750,1,256,128,[128; 4; 750; 1; 256; 128],0.11055517697241157,0.33079797412431233,tvm
32,2,150,1,64,16,[32; 2; 150; 1; 64; 16],0.13428642589133233,0.2723389823556926,tvm
640,10,75,1,32,16,[640; 10; 75; 1; 32; 16],0.2862187479622662,0.12777439923764178,tvm
128,32,2,1,320,64,[128; 32; 2; 1; 320; 64],0.10716309398412704,0.3412688754287509,tvm
640,8,25,1,32,16,[640; 8; 25; 1; 32; 16],0.286313159042038,0.12773226593493373,tvm
32,4,10,1,64,16,[32; 4; 10; 1; 64; 16],0.13989382795989513,0.26142274541170535,tvm
640,10,12,1,32,16,[640; 10; 12; 1; 32; 16],0.2859821430174634,0.12788011232294091,tvm
4,1,12,1,160,16,[4; 1; 12; 1; 160; 16],0.1091154299210757,0.3351627592713612,tvm
40,40,15,1,1280,128,[40; 40; 15; 1; 1280; 128],0.07090228796005249,0.5158004011384445,tvm
80,20,4,1,256,16,[80; 20; 4; 1; 256; 16],0.2244641970610246,0.16292766975878106,tvm
320,8,12,1,128,128,[320; 8; 12; 1; 128; 128],0.11151465098373592,0.32795178255781304,tvm
40,8,10,1,32,16,[40; 8; 10; 1; 32; 16],0.16483483801130205,0.2218671065695531,tvm
16,1,375,1,256,128,[16; 1; 375; 1; 256; 128],0.08773920952808112,0.4168196723920086,tvm
160,10,5,1,1280,16,[160; 10; 5; 1; 1280; 16],0.2566892229951918,0.1424735645100052,tvm
5,5,20,1,640,128,[5; 5; 20; 1; 640; 128],0.12553569697774947,0.2913229420147376,tvm
80,2,50,1,16,16,[80; 2; 50; 1; 16; 16],0.2467656759545207,0.14820306118330956,tvm
16,1,15,1,640,64,[16; 1; 15; 1; 640; 64],0.10012109600938857,0.36527195595221207,tvm
20,2,375,1,128,128,[20; 2; 375; 1; 128; 128],0.0747950465301983,0.48895522187639734,tvm
20,2,125,1,640,128,[20; 2; 125; 1; 640; 128],0.07725204300368205,0.4734040311359206,tvm
1280,40,4,1,32,16,[1280; 40; 4; 1; 32; 16],0.44280274806078523,0.08259078953685327,tvm
32,1,12,1,1280,16,[32; 1; 12; 1; 1280; 16],0.18760294001549482,0.1949405940461701,tvm
32,2,250,1,640,16,[32; 2; 250; 1; 640; 16],0.15450068900827318,0.23670721992359692,tvm
2,2,12,1,256,16,[2; 2; 12; 1; 256; 16],0.23170885210856795,0.15783354083638076,tvm
320,32,125,1,1280,16,[320; 32; 125; 1; 1280; 16],0.28107213496696204,0.13011403131700436,tvm
64,4,500,1,640,16,[64; 4; 500; 1; 640; 16],0.23947399004828185,0.15271566053605728,tvm
640,64,75,1,160,16,[640; 64; 75; 1; 160; 16],0.2854444849072024,0.12812098500805819,tvm
40,5,2,1,320,16,[40; 5; 2; 1; 320; 16],0.21499380690511316,0.17010456765189175,tvm
16,4,1,1,128,16,[16; 4; 1; 1; 128; 16],0.10607656300999224,0.3447644562916655,tvm
256,8,50,1,640,64,[256; 8; 50; 1; 640; 64],0.10655020200647414,0.3432319027345105,tvm
320,5,75,1,1280,16,[320; 5; 75; 1; 1280; 16],0.28227298404090106,0.12956049866298722,tvm
160,8,6,1,128,64,[160; 8; 6; 1; 128; 64],0.11808071390260011,0.3097155103719548,tvm
1280,32,300,1,160,16,[1280; 32; 300; 1; 160; 16],0.4097231790656224,0.0892588714527454,tvm
20,10,300,1,128,128,[20; 10; 300; 1; 128; 128],0.07315998151898384,0.4998829662352891,tvm
128,4,5,1,640,128,[128; 4; 5; 1; 640; 128],0.10625536600127816,0.34418429814630397,tvm
4,4,300,1,64,64,[4; 4; 300; 1; 64; 64],0.1120525470469147,0.3263774856997822,tvm
80,40,75,1,1280,128,[80; 40; 75; 1; 1280; 128],0.1106584700755775,0.33048919388141756,tvm
256,1,375,1,80,16,[256; 1; 375; 1; 80; 16],0.2841364450287074,0.12871079796797494,tvm
40,10,15,1,80,16,[40; 10; 15; 1; 80; 16],0.15415053302422166,0.23724490505447757,tvm
320,20,1500,1,256,16,[320; 20; 1500; 1; 256; 16],0.28030029707588255,0.1304723147029987,tvm
1280,4,25,1,32,16,[1280; 4; 25; 1; 32; 16],0.4410538070369512,0.08291829248027474,tvm
8,2,300,1,320,64,[8; 2; 300; 1; 320; 64],0.09349153202492744,0.39117370075481933,tvm
1280,64,5,1,256,64,[1280; 64; 5; 1; 256; 64],0.32317693601362407,0.11316224797021668,tvm
320,4,1,1,160,16,[320; 4; 1; 1; 160; 16],0.276371638989076,0.1323269952922851,tvm
80,2,4,1,128,64,[80; 2; 4; 1; 128; 64],0.11325809895060956,0.3229034295143601,tvm
4,2,1500,1,128,16,[4; 2; 1500; 1; 128; 16],0.20230327208992094,0.18077526969100674,tvm
32,16,20,1,128,16,[32; 16; 20; 1; 128; 16],0.13258612994104624,0.2758314809225511,tvm
20,1,500,1,320,64,[20; 1; 500; 1; 320; 64],0.09773849800694734,0.37417628996947594,tvm
1280,10,100,1,256,64,[1280; 10; 100; 1; 256; 64],0.29806527798064053,0.12269603765724066,tvm
80,5,100,1,128,64,[80; 5; 100; 1; 128; 64],0.11251502693630755,0.32503594912820766,tvm
320,8,1,1,320,64,[320; 8; 1; 1; 320; 64],0.10394629498478025,0.3518300346999702,tvm
160,16,4,1,128,16,[160; 16; 4; 1; 128; 16],0.25765574199613184,0.14193911724264083,tvm
32,16,15,1,128,128,[32; 16; 15; 1; 128; 128],0.07064492348581553,0.5176794986375998,tvm
320,40,5,1,1280,16,[320; 40; 5; 1; 1280; 16],0.33946113800629973,0.10773377119459807,tvm
256,2,4,1,640,128,[256; 2; 4; 1; 640; 128],0.1203001159010455,0.3040016071265542,tvm
256,16,300,1,1280,128,[256; 16; 300; 1; 1280; 128],0.11607417301274836,0.31506947344274383,tvm
320,5,1,1,640,64,[320; 5; 1; 1; 640; 64],0.1503298319876194,0.24327459219431882,tvm
640,10,3,1,1280,128,[640; 10; 3; 1; 1280; 128],0.2625358409713954,0.13930070818564244,tvm
80,20,500,1,64,64,[80; 20; 500; 1; 64; 64],0.11271233903244138,0.32446694732244374,tvm
40,5,5,1,128,64,[40; 5; 5; 1; 128; 64],0.1146917239530012,0.3188671973089789,tvm
320,2,20,1,640,16,[320; 2; 20; 1; 640; 16],0.2790409510489553,0.13106115225722706,tvm
128,64,25,1,1280,64,[128; 64; 25; 1; 1280; 64],0.10688825300894678,0.34214637756655514,tvm
640,1,100,1,256,16,[640; 1; 100; 1; 256; 16],0.2885780589422211,0.12672976145685033,tvm
128,4,300,1,128,16,[128; 4; 300; 1; 128; 16],0.2539487259928137,0.14401107321350956,tvm
5,5,750,1,640,128,[5; 5; 750; 1; 640; 128],0.1327461990294978,0.2754988755896654,tvm
16,1,6,1,640,16,[16; 1; 6; 1; 640; 16],0.1152552799321711,0.31730805385186023,tvm
1280,40,1,1,32,16,[1280; 40; 1; 1; 32; 16],0.44443602103274316,0.08228727384978148,tvm
128,16,1,1,128,16,[128; 16; 1; 1; 128; 16],0.24345253698993474,0.15021995261828214,tvm
640,10,75,1,256,16,[640; 10; 75; 1; 256; 16],0.28486174100544304,0.12838308311374738,tvm
8,2,375,1,640,128,[8; 2; 375; 1; 640; 128],0.10222298500593752,0.3577613055351921,tvm
160,32,1500,1,1280,64,[160; 32; 1500; 1; 1280; 64],0.113598597003147,0.32193556554589703,tvm
8,2,125,1,80,16,[8; 2; 125; 1; 80; 16],0.13039121904876083,0.28047462734244705,tvm
10,2,50,1,128,16,[10; 2; 50; 1; 128; 16],0.11033365200273693,0.33146214149171266,tvm
32,8,150,1,64,64,[32; 8; 150; 1; 64; 64],0.08807922602863982,0.4152106032305168,tvm
80,5,15,1,640,128,[80; 5; 15; 1; 640; 128],0.11350091500207782,0.32221263212511614,tvm
320,40,15,1,160,16,[320; 40; 15; 1; 160; 16],0.275917464052327,0.13254481262009898,tvm
40,8,1500,1,80,16,[40; 8; 1500; 1; 80; 16],0.16198172001168132,0.22577503541011432,tvm
640,10,6,1,128,128,[640; 10; 6; 1; 128; 128],0.11242873501032591,0.3252854225218287,tvm
640,4,30,1,640,128,[640; 4; 30; 1; 640; 128],0.1212654490955174,0.30158160336851003,tvm
80,40,150,1,128,128,[80; 40; 150; 1; 128; 128],0.1138690710067749,0.3211708697373378,tvm
128,4,30,1,160,16,[128; 4; 30; 1; 160; 16],0.2555832420475781,0.14309008790420077,tvm
40,4,250,1,320,16,[40; 4; 250; 1; 320; 16],0.1572597100166604,0.23255434317889895,tvm
320,8,250,1,256,128,[320; 8; 250; 1; 256; 128],0.10564194503240287,0.3461828401608022,tvm
128,64,2,1,256,64,[128; 64; 2; 1; 256; 64],0.10863703698851168,0.3366386785318527,tvm
10,1,50,1,16,16,[10; 1; 50; 1; 16; 16],0.14702377002686262,0.2487450060949099,tvm
256,32,15,1,1280,64,[256; 32; 15; 1; 1280; 64],0.12466538196895272,0.2933567281776468,tvm
40,10,150,1,128,128,[40; 10; 150; 1; 128; 128],0.11421407700981945,0.3202007101828996,tvm
16,1,75,1,256,128,[16; 1; 75; 1; 256; 128],0.08487607602728531,0.4308802937552376,tvm
1280,40,1,1,1280,64,[1280; 40; 1; 1; 1280; 64],0.44924270501360297,0.08140683902773936,tvm
320,20,300,1,640,64,[320; 20; 300; 1; 640; 64],0.10727003496140242,0.34092865341740214,tvm
80,4,3,1,320,16,[80; 4; 3; 1; 320; 16],0.2173683160217479,0.16824636285892544,tvm
320,10,1,1,1280,128,[320; 10; 1; 1; 1280; 128],0.4458959699841216,0.08201784952828994,tvm
256,4,75,1,256,64,[256; 4; 75; 1; 256; 64],0.10637221694923937,0.34380620824026253,tvm
80,4,3,1,128,16,[80; 4; 3; 1; 128; 16],0.2181493079988286,0.16764402741825316,tvm
2,2,60,1,1280,128,[2; 2; 60; 1; 1280; 128],0.23412526096217334,0.15620453948938584,tvm
40,10,60,1,256,128,[40; 10; 60; 1; 256; 128],0.11814727901946753,0.309541014189608,tvm
40,2,50,1,32,16,[40; 2; 50; 1; 32; 16],0.2102404119214043,0.17395051806262793,tvm
80,20,100,1,1280,64,[80; 20; 100; 1; 1280; 64],0.1105245309881866,0.3308896970152039,tvm
4,1,250,1,1280,16,[4; 1; 250; 1; 1280; 16],0.2033235989511013,0.17986809578470964,tvm
40,10,15,1,320,16,[40; 10; 15; 1; 320; 16],0.15164867404382676,0.24115890760020336,tvm
160,8,150,1,128,128,[160; 8; 150; 1; 128; 128],0.11239872802980244,0.3253722636588173,tvm
640,20,375,1,160,16,[640; 20; 375; 1; 160; 16],0.2891403929097578,0.12648329139831635,tvm
1280,5,30,1,64,16,[1280; 5; 30; 1; 64; 16],0.4360590329160914,0.08386806787801557,tvm
8,1,500,1,128,16,[8; 1; 500; 1; 128; 16],0.11698595597408712,0.31261383699364137,tvm
128,8,150,1,128,16,[128; 8; 150; 1; 128; 16],0.24819959502201527,0.14734685029677302,tvm
320,32,30,1,128,128,[320; 32; 30; 1; 128; 128],0.11117569799534976,0.32895164348739486,tvm
128,32,50,1,256,16,[128; 32; 50; 1; 256; 16],0.24156816396862268,0.15139175614291145,tvm
320,5,10,1,640,128,[320; 5; 10; 1; 640; 128],0.10853396391030401,0.33695837923741906,tvm
640,1,60,1,128,16,[640; 1; 60; 1; 128; 16],0.2906900979578495,0.12580899324865027,tvm
80,8,300,1,256,16,[80; 8; 300; 1; 256; 16],0.22763391502667218,0.1606589622954183,tvm
1280,32,125,1,128,64,[1280; 32; 125; 1; 128; 64],0.3137756009818986,0.11655281180877522,tvm
64,64,750,1,16,16,[64; 64; 750; 1; 16; 16],0.20331849297508597,0.17987261284643657,tvm
1280,1,15,1,32,16,[1280; 1; 15; 1; 32; 16],0.44451362802647054,0.08227290743322445,tvm
640,10,25,1,64,64,[640; 10; 25; 1; 64; 64],0.10773229191545397,0.3394657991693805,tvm
320,20,15,1,160,16,[320; 20; 15; 1; 160; 16],0.27407019294332713,0.1334381830387185,tvm
1280,8,500,1,64,64,[1280; 8; 500; 1; 64; 64],0.2956632770365104,0.12369283374652071,tvm
128,64,60,1,256,64,[128; 64; 60; 1; 256; 64],0.10839005501475185,0.3374057570729272,tvm
64,64,20,1,640,128,[64; 64; 20; 1; 640; 128],0.13852080109063536,0.26401398406221727,tvm
256,8,2,1,320,16,[256; 8; 2; 1; 320; 16],0.26863680104725063,0.13613707589153434,tvm
1280,10,125,1,256,64,[1280; 10; 125; 1; 256; 64],0.29637366998940706,0.12339634817335732,tvm
8,2,100,1,1280,16,[8; 2; 100; 1; 1280; 16],0.14127372100483626,0.25886929509116996,tvm
128,16,12,1,1280,16,[128; 16; 12; 1; 1280; 16],0.24242722103372216,0.150855289333789,tvm
1280,1,10,1,160,16,[1280; 1; 10; 1; 160; 16],0.4415067139780149,0.08283323313912203,tvm
64,32,500,1,1280,64,[64; 32; 500; 1; 1280; 64],0.11322679999284446,0.32299268877809634,tvm
16,8,60,1,128,128,[16; 8; 60; 1; 128; 128],0.0762452034978196,0.4796554654415004,tvm
8,1,20,1,128,64,[8; 1; 20; 1; 128; 64],0.0908467669505626,0.4025616959085641,tvm
160,8,60,1,1280,128,[160; 8; 60; 1; 1280; 128],0.11353127495385706,0.32212646767414915,tvm
1280,10,50,1,256,128,[1280; 10; 50; 1; 256; 128],0.30357239698059857,0.12047020392886995,tvm
80,1,30,1,640,128,[80; 1; 30; 1; 640; 128],0.11885910108685493,0.3076872383941758,tvm
640,32,30,1,128,16,[640; 32; 30; 1; 128; 16],0.28569818299729377,0.1280072144238138,tvm
20,2,25,1,64,16,[20; 2; 25; 1; 64; 16],0.10912520601414144,0.3351327333731614,tvm
320,5,500,1,256,64,[320; 5; 500; 1; 256; 64],0.11301054002251476,0.3236107761642636,tvm
20,2,2,1,256,16,[20; 2; 2; 1; 256; 16],0.13210336701013148,0.2768394886454619,tvm
320,2,60,1,64,16,[320; 2; 60; 1; 64; 16],0.2811652740929276,0.1300709295961684,tvm
128,64,375,1,640,128,[128; 64; 375; 1; 640; 128],0.11191982089076191,0.32676453804481786,tvm
32,32,2,1,80,16,[32; 32; 2; 1; 80; 16],0.20395042304880917,0.17931528665020882,tvm
40,4,2,1,32,16,[40; 4; 2; 1; 32; 16],0.32382173591759056,0.11293691718314931,tvm
64,32,100,1,128,128,[64; 32; 100; 1; 128; 128],0.11082343210000545,0.3299972567031406,tvm
16,16,25,1,128,128,[16; 16; 25; 1; 128; 128],0.08090053801424801,0.4520542071671724,tvm
160,10,15,1,128,64,[160; 10; 15; 1; 128; 64],0.11004563397727907,0.33232966406444997,tvm
640,10,4,1,256,128,[640; 10; 4; 1; 256; 128],0.10268317407462746,0.3561579479891166,tvm
320,5,50,1,320,64,[320; 5; 50; 1; 320; 64],0.10653904697392136,0.3432678403851363,tvm
80,1,75,1,1280,128,[80; 1; 75; 1; 1280; 128],0.11800447304267436,0.30991561275989193,tvm
32,4,75,1,1280,16,[32; 4; 75; 1; 1280; 16],0.16579926398117095,0.22057654354594614,tvm
320,32,1500,1,160,16,[320; 32; 1500; 1; 160; 16],0.2839947269530967,0.12877502678938313,tvm
320,5,100,1,16,16,[320; 5; 100; 1; 16; 16],0.2796488949097693,0.13077623132831834,tvm
1280,20,500,1,640,16,[1280; 20; 500; 1; 640; 16],0.42904015502426773,0.085240106650064,tvm
160,5,15,1,80,16,[160; 5; 15; 1; 80; 16],0.2544236589455977,0.14374224756844836,tvm
2,2,300,1,64,64,[2; 2; 300; 1; 64; 64],0.16412162606138736,0.22283125904290974,tvm
2,1,2,1,64,64,[2; 1; 2; 1; 64; 64],0.16198267007712275,0.22577371118784673,tvm
64,16,25,1,64,64,[64; 16; 25; 1; 64; 64],0.11461922398302704,0.3190688900218354,tvm
5,1,5,1,256,128,[5; 1; 5; 1; 256; 128],0.11929007794242352,0.30657561133525385,tvm
160,10,6,1,64,64,[160; 10; 6; 1; 64; 64],0.11327977292239666,0.32284164796553894,tvm
640,40,25,1,128,16,[640; 40; 25; 1; 128; 16],0.28488574910443276,0.12837226392121953,tvm
256,8,25,1,128,128,[256; 8; 25; 1; 128; 128],0.10595307103358209,0.34516629121431663,tvm
640,4,4,1,256,64,[640; 4; 4; 1; 256; 64],0.1030186410062015,0.3549981655186759,tvm
64,32,6,1,32,16,[64; 32; 6; 1; 32; 16],0.2234544559614733,0.16366390374302497,tvm
40,20,5,1,32,16,[40; 20; 5; 1; 32; 16],0.17635881598107517,0.20736943808555058,tvm
1280,32,2,1,32,16,[1280; 32; 2; 1; 32; 16],0.43461718293838203,0.08414630163532559,tvm
4,1,250,1,256,128,[4; 1; 250; 1; 256; 128],0.13708277710247785,0.26678354016777156,tvm
80,1,3,1,1280,64,[80; 1; 3; 1; 1280; 64],0.10714797698892653,0.3413170234208728,tvm
640,32,10,1,640,16,[640; 32; 10; 1; 640; 16],0.3227249700576067,0.11332072806421066,tvm
80,5,50,1,128,128,[80; 5; 50; 1; 128; 128],0.11733319307677448,0.31168868427111535,tvm
640,10,5,1,640,128,[640; 10; 5; 1; 640; 128],0.18487757595721632,0.19781430161055225,tvm
64,16,150,1,640,64,[64; 16; 150; 1; 640; 64],0.11372859100811183,0.3215675868948387,tvm
80,16,5,1,256,128,[80; 16; 5; 1; 256; 128],0.11719460703898221,0.3120572652226556,tvm
40,10,150,1,64,64,[40; 10; 150; 1; 64; 64],0.11745913198683411,0.31135449371044077,tvm
160,5,3,1,128,128,[160; 5; 3; 1; 128; 128],0.11738477507606149,0.31155171995458086,tvm
20,20,300,1,128,16,[20; 20; 300; 1; 128; 16],0.11132306698709726,0.32851617873290656,tvm
64,64,100,1,128,64,[64; 64; 100; 1; 128; 64],0.08852810802636668,0.41310527680695897,tvm
256,1,100,1,640,128,[256; 1; 100; 1; 640; 128],0.11831850500311702,0.30909305835520084,tvm
320,8,2,1,320,16,[320; 8; 2; 1; 320; 16],0.2788809270132333,0.13113635616139932,tvm
160,32,2,1,128,128,[160; 32; 2; 1; 128; 128],0.1169518269598484,0.31270506431664535,tvm
128,1,1500,1,64,16,[128; 1; 1500; 1; 64; 16],0.2845573490485549,0.12852041493115077,tvm
640,4,30,1,160,16,[640; 4; 30; 1; 160; 16],0.2875529839657247,0.12718153039854305,tvm
2,1,20,1,320,64,[2; 1; 20; 1; 320; 64],0.24318594101350754,0.15038463333452837,tvm
640,16,50,1,1280,16,[640; 16; 50; 1; 1280; 16],0.29251480498351157,0.12502419688976094,tvm
640,40,15,1,64,16,[640; 40; 15; 1; 64; 16],0.2878287750063464,0.12705966792452283,tvm
64,2,100,1,640,64,[64; 2; 100; 1; 640; 64],0.11335182201582938,0.3226364421942987,tvm
1,1,125,1,80,16,[1; 1; 125; 1; 80; 16],0.4294798308983445,0.08515284290517668,tvm
640,32,100,1,128,128,[640; 32; 100; 1; 128; 128],0.10392467398196459,0.3519032311592846,tvm
640,20,750,1,256,64,[640; 20; 750; 1; 256; 64],0.10897427797317505,0.33559688810630106,tvm
4,1,250,1,32,16,[4; 1; 250; 1; 32; 16],0.1563534849556163,0.23390222854201184,tvm
40,1,60,1,640,16,[40; 1; 60; 1; 640; 16],0.2721648539882153,0.13437234101142284,tvm
256,4,5,1,16,16,[256; 4; 5; 1; 16; 16],0.28101210796739906,0.1301418249767064,tvm
40,10,500,1,1280,64,[40; 10; 500; 1; 1280; 64],0.11540981300640851,0.3168831801971451,tvm
1280,40,50,1,1280,128,[1280; 40; 50; 1; 1280; 128],0.32044717692770064,0.1141262311063512,tvm
64,64,2,1,1280,64,[64; 64; 2; 1; 1280; 64],0.2826208979822695,0.1294010061977898,tvm
8,8,30,1,1280,128,[8; 8; 30; 1; 1280; 128],0.09251325204968452,0.3953101610976531,tvm
64,32,3,1,256,16,[64; 32; 3; 1; 256; 16],0.2507137500215322,0.1458692575428659,tvm
64,64,5,1,160,16,[64; 64; 5; 1; 160; 16],0.21964473696425557,0.1665026400217371,tvm
16,2,500,1,64,64,[16; 2; 500; 1; 64; 64],0.08118141500744969,0.45049015920789953,tvm
8,4,6,1,1280,64,[8; 4; 6; 1; 1280; 64],0.0892038265010342,0.4099760067019611,tvm
320,10,3,1,32,16,[320; 10; 3; 1; 32; 16],0.27664634690154344,0.13219559549956428,tvm
160,4,125,1,128,16,[160; 4; 125; 1; 128; 16],0.26394225598778576,0.1385584450453472,tvm
10,1,250,1,128,16,[10; 1; 250; 1; 128; 16],0.11159656709060073,0.32771105352853475,tvm
80,20,750,1,256,64,[80; 20; 750; 1; 256; 64],0.12123095092829317,0.3016674231406482,tvm
256,32,250,1,256,16,[256; 32; 250; 1; 256; 16],0.2706331870285794,0.13513283042987095,tvm
1280,5,375,1,256,64,[1280; 5; 375; 1; 256; 64],0.3044953999342397,0.12010502811972437,tvm
128,64,2,1,80,16,[128; 64; 2; 1; 80; 16],0.24843026092275977,0.14721003969318822,tvm
64,64,1,1,128,128,[64; 64; 1; 1; 128; 128],0.10658750298898667,0.3431117865216092,tvm
80,1,100,1,320,16,[80; 1; 100; 1; 320; 16],0.28082888503558934,0.13022673421501457,tvm
32,32,5,1,320,16,[32; 32; 5; 1; 320; 16],0.15434890193864703,0.2369399983549319,tvm
40,40,50,1,160,16,[40; 40; 50; 1; 160; 16],0.14699158002622426,0.24879947929605215,tvm
640,64,1,1,160,16,[640; 64; 1; 1; 160; 16],0.2846866910113022,0.1284620241343726,tvm
160,10,10,1,16,16,[160; 10; 10; 1; 16; 16],0.26323282695375383,0.1389318687743062,tvm
20,1,150,1,32,16,[20; 1; 150; 1; 32; 16],0.13616551796440035,0.26858068854840295,tvm
128,2,150,1,1280,16,[128; 2; 150; 1; 1280; 16],0.2581164570292458,0.1416857684796319,tvm
16,2,15,1,256,128,[16; 2; 15; 1; 256; 128],0.07706859445897862,0.4745308880765236,tvm
20,2,100,1,1280,16,[20; 2; 100; 1; 1280; 16],0.14282324200030416,0.2560607647552959,tvm
80,40,300,1,320,64,[80; 40; 300; 1; 320; 64],0.11132365500088781,0.32851444350382597,tvm
1280,10,125,1,640,64,[1280; 10; 125; 1; 640; 64],0.29502896999474615,0.1239587711406098,tvm
320,4,15,1,32,16,[320; 4; 15; 1; 32; 16],0.2805847739800811,0.13034003254226761,tvm
40,10,20,1,256,64,[40; 10; 20; 1; 256; 64],0.11898912501055747,0.3073510168948946,tvm
1,1,12,1,80,16,[1; 1; 12; 1; 80; 16],0.31265320105012506,0.11697122706114685,tvm
64,64,1500,1,256,128,[64; 64; 1500; 1; 256; 128],0.10802597901783884,0.33854290332688736,tvm
64,2,75,1,80,16,[64; 2; 75; 1; 80; 16],0.22079456807114184,0.16563554480038184,tvm
20,4,10,1,640,16,[20; 4; 10; 1; 640; 16],0.12035963998641819,0.3038512625623957,tvm
160,16,4,1,160,16,[160; 16; 4; 1; 160; 16],0.2569218639982864,0.14234455566487908,tvm
320,2,100,1,1280,64,[320; 2; 100; 1; 1280; 64],0.12299475201871246,0.297341374092649,tvm
20,20,15,1,160,16,[20; 20; 15; 1; 160; 16],0.10992546798661351,0.332692953155152,tvm
1280,8,250,1,320,16,[1280; 8; 250; 1; 320; 16],0.4231419899733737,0.08642826625107529,tvm
10,2,125,1,64,16,[10; 2; 125; 1; 64; 16],0.1255687279626727,0.29124630921084116,tvm
320,4,6,1,256,128,[320; 4; 6; 1; 256; 128],0.11472329206299037,0.3187794554513702,tvm
320,1,10,1,256,64,[320; 1; 10; 1; 256; 64],0.1214190850732848,0.3012000012136081,tvm
1280,2,750,1,256,128,[1280; 2; 750; 1; 256; 128],0.2950893669622019,0.12393340006762434,tvm
1,1,60,1,256,128,[1; 1; 60; 1; 256; 128],0.4748459759866819,0.0770174549661853,tvm
64,8,750,1,16,16,[64; 8; 750; 1; 16; 16],0.20562476897612214,0.17785517159985417,tvm
4,2,12,1,320,64,[4; 2; 12; 1; 320; 64],0.13141703407745808,0.27828529861565077,tvm
40,5,300,1,32,16,[40; 5; 300; 1; 32; 16],0.156414765981026,0.23381058905822802,tvm
32,2,300,1,640,128,[32; 2; 300; 1; 640; 128],0.07508237852016464,0.48708404411571354,tvm
2,1,5,1,256,64,[2; 1; 5; 1; 256; 64],0.23634645203128457,0.1547365245262396,tvm
80,2,12,1,160,16,[80; 2; 12; 1; 160; 16],0.23082751303445548,0.15843617639275773,tvm
640,64,300,1,64,64,[640; 64; 300; 1; 64; 64],0.10833011998329312,0.33759243114536097,tvm
640,16,15,1,128,64,[640; 16; 15; 1; 128; 64],0.10570390603970736,0.3459799163683755,tvm
256,32,75,1,256,64,[256; 32; 75; 1; 256; 64],0.10651573596987873,0.34334296466552605,tvm
16,8,15,1,80,16,[16; 8; 15; 1; 80; 16],0.09902457846328616,0.3693166801511567,tvm
256,64,100,1,160,16,[256; 64; 100; 1; 160; 16],0.2684675899799913,0.13622288103437072,tvm
128,32,500,1,16,16,[128; 32; 500; 1; 16; 16],0.25495869293808937,0.14344060267170053,tvm
160,10,25,1,320,16,[160; 10; 25; 1; 320; 16],0.25195653503760695,0.14514975198388855,tvm
16,8,125,1,1280,16,[16; 8; 125; 1; 1280; 16],0.1388335949741304,0.26341915714451625,tvm
320,20,2,1,640,128,[320; 20; 2; 1; 640; 128],0.11630133702419698,0.3144540682607951,tvm
320,1,1,1,1280,16,[320; 1; 1; 1; 1280; 16],0.5916687460849062,0.061810647957025046,tvm
320,4,375,1,256,16,[320; 4; 375; 1; 256; 16],0.2818041240097955,0.12977605881366502,tvm
16,8,5,1,64,64,[16; 8; 5; 1; 64; 64],0.08427274198038504,0.4339650960916969,tvm
32,2,20,1,640,64,[32; 2; 20; 1; 640; 64],0.08393907250138,0.43569016766092244,tvm
8,2,30,1,256,16,[8; 2; 30; 1; 256; 16],0.11647405300755054,0.3139877734748167,tvm
64,2,1,1,16,16,[64; 2; 1; 1; 16; 16],0.23504289193078876,0.15559470133730943,tvm
8,4,20,1,640,64,[8; 4; 20; 1; 640; 64],0.0922782874549739,0.3963167239018514,tvm
256,1,50,1,640,64,[256; 1; 50; 1; 640; 64],0.10679269500542432,0.3424525298249192,tvm
20,10,60,1,1280,16,[20; 10; 60; 1; 1280; 16],0.14756250602658838,0.24783686287381831,tvm
2,2,150,1,32,16,[2; 2; 150; 1; 32; 16],0.2792276699328795,0.1309735119740088,tvm
160,16,2,1,128,128,[160; 16; 2; 1; 128; 128],0.11256385198794305,0.32489496339682666,tvm
32,2,12,1,256,64,[32; 2; 12; 1; 256; 64],0.08305270050186664,0.4403400292878691,tvm
128,1,3,1,128,64,[128; 1; 3; 1; 128; 64],0.11874986696057022,0.30797026984099085,tvm
80,10,50,1,320,16,[80; 10; 50; 1; 320; 16],0.22476077801547945,0.16271268009630163,tvm
256,1,100,1,128,16,[256; 1; 100; 1; 128; 16],0.28127609798684716,0.13001968113600149,tvm
64,32,15,1,16,16,[64; 32; 15; 1; 16; 16],0.20396721898578107,0.17930052070758506,tvm
40,8,5,1,128,16,[40; 8; 5; 1; 128; 16],0.16777011507656425,0.21798535784957104,tvm
80,1,15,1,1280,16,[80; 1; 15; 1; 1280; 16],0.22607231489382684,0.16176871806972062,tvm
40,2,2,1,1280,16,[40; 2; 2; 1; 1280; 16],0.19756023096852005,0.18511533617945605,tvm
32,1,25,1,256,128,[32; 1; 25; 1; 256; 128],0.09037512651411816,0.4046625435784644,tvm
32,16,300,1,32,16,[32; 16; 300; 1; 32; 16],0.17283743899315596,0.21159436742682086,tvm
1280,5,500,1,128,64,[1280; 5; 500; 1; 128; 64],0.30742320395074785,0.11896118478189976,tvm
80,40,2,1,128,128,[80; 40; 2; 1; 128; 128],0.11716025695204735,0.31214875694918404,tvm
160,20,4,1,256,128,[160; 20; 4; 1; 256; 128],0.11645194503944367,0.3140473828843425,tvm
80,40,500,1,640,16,[80; 40; 500; 1; 640; 16],0.23615338292438537,0.15486303062251064,tvm
40,40,375,1,256,16,[40; 40; 375; 1; 256; 16],0.15145849902182817,0.2414617126646548,tvm
160,32,5,1,64,64,[160; 32; 5; 1; 64; 64],0.11331094102934003,0.32275284486393063,tvm
64,32,375,1,64,16,[64; 32; 375; 1; 64; 16],0.18800108402501792,0.19452775371530248,tvm
80,5,1500,1,32,16,[80; 5; 1500; 1; 32; 16],0.23195224499795586,0.1576679224283898,tvm
640,64,500,1,128,64,[640; 64; 500; 1; 128; 64],0.10946586902718991,0.33408978429929337,tvm
128,1,6,1,640,16,[128; 1; 6; 1; 640; 16],0.258791413041763,0.14131623666171172,tvm
160,2,25,1,1280,64,[160; 2; 25; 1; 1280; 64],0.1086291529936716,0.33666311080929734,tvm
640,1,1500,1,256,64,[640; 1; 1500; 1; 256; 64],0.10898996808100492,0.3355485758491781,tvm
128,1,6,1,80,16,[128; 1; 6; 1; 80; 16],0.262713487027213,0.13920651347313717,tvm
128,2,6,1,128,64,[128; 2; 6; 1; 128; 64],0.1107454519951716,0.3302296203822713,tvm
640,10,10,1,320,16,[640; 10; 10; 1; 320; 16],0.2923617709893733,0.12508963961898378,tvm
128,16,250,1,80,16,[128; 16; 250; 1; 80; 16],0.25735803903080523,0.14210330755221154,tvm
20,2,60,1,16,16,[20; 2; 60; 1; 16; 16],0.13791804609354585,0.2651678268891891,tvm
8,1,150,1,32,16,[8; 1; 150; 1; 32; 16],0.1302477060817182,0.2807836673030037,tvm
64,4,25,1,160,16,[64; 4; 25; 1; 160; 16],0.2207908189157024,0.16563835738745772,tvm
40,40,375,1,1280,16,[40; 40; 375; 1; 1280; 16],0.16543506097514182,0.2210621397656678,tvm
640,4,1,1,160,16,[640; 4; 1; 1; 160; 16],0.28494435909669846,0.12834585912619428,tvm
160,5,2,1,1280,128,[160; 5; 2; 1; 1280; 128],0.10479961195960641,0.34896530519144037,tvm
16,8,150,1,256,128,[16; 8; 150; 1; 256; 128],0.075161381973885,0.48657206148944154,tvm
160,1,4,1,320,16,[160; 1; 4; 1; 320; 16],0.273473932989873,0.13372912062073153,tvm
4,4,6,1,64,16,[4; 4; 6; 1; 64; 16],0.09755030949600041,0.37489812959463764,tvm
640,1,2,1,16,16,[640; 1; 2; 1; 16; 16],0.2908555519534275,0.12573742645037933,tvm
80,1,10,1,1280,128,[80; 1; 10; 1; 1280; 128],0.11632761894725263,0.31438302358798775,tvm
640,16,500,1,128,128,[640; 16; 500; 1; 128; 128],0.10366735805291682,0.3527767009627153,tvm
64,8,2,1,256,128,[64; 8; 2; 1; 256; 128],0.11097168293781579,0.32955640216722476,tvm
32,16,150,1,320,64,[32; 16; 150; 1; 320; 64],0.0841000314685516,0.4348563006793179,tvm
4,2,150,1,160,16,[4; 2; 150; 1; 160; 16],0.1367774079553783,0.2673791609163956,tvm
20,4,300,1,256,16,[20; 4; 300; 1; 256; 16],0.11997169000096619,0.30483382013818466,tvm
640,8,50,1,128,16,[640; 8; 50; 1; 128; 16],0.28537480102386326,0.1281522700680585,tvm
320,4,1500,1,160,16,[320; 4; 1500; 1; 160; 16],0.2845111630158499,0.12854127825343434,tvm
128,16,125,1,640,128,[128; 16; 125; 1; 640; 128],0.10568503302056342,0.346041700761098,tvm
64,1,20,1,80,16,[64; 1; 20; 1; 80; 16],0.23064701503608376,0.1585601641786135,tvm
640,32,300,1,256,64,[640; 32; 300; 1; 256; 64],0.11854407889768481,0.308504894647613,tvm
640,16,300,1,64,16,[640; 16; 300; 1; 64; 16],0.2890691510401666,0.12651446354559956,tvm
32,2,125,1,64,16,[32; 2; 125; 1; 64; 16],0.13418061705306172,0.2725537367067436,tvm
256,8,15,1,256,16,[256; 8; 15; 1; 256; 16],0.27505415701307356,0.13296082840038773,tvm
32,2,2,1,1280,128,[32; 2; 2; 1; 1280; 128],0.09200368146412075,0.39749962163949454,tvm
640,10,4,1,128,64,[640; 10; 4; 1; 128; 64],0.11491666303481907,0.31824304331172276,tvm
32,2,10,1,320,64,[32; 2; 10; 1; 320; 64],0.08581611048430204,0.4261604070032797,tvm
256,64,375,1,640,16,[256; 64; 375; 1; 640; 16],0.27684162894729525,0.13210234570029566,tvm
80,5,500,1,128,128,[80; 5; 500; 1; 128; 128],0.11028820893261582,0.33159871690157816,tvm
160,4,1,1,256,128,[160; 4; 1; 1; 256; 128],0.11123376502655447,0.32877992184026134,tvm
128,2,250,1,128,128,[128; 2; 250; 1; 128; 128],0.11316600197460502,0.3231662154118988,tvm
64,8,500,1,1280,64,[64; 8; 500; 1; 1280; 64],0.11340004194062203,0.3224992508431163,tvm
320,4,1,1,32,16,[320; 4; 1; 1; 32; 16],0.27891865093261003,0.13111861988843712,tvm
16,2,1,1,256,128,[16; 2; 1; 1; 256; 128],0.07124001794727519,0.5133551285528188,tvm
160,10,75,1,256,16,[160; 10; 75; 1; 256; 16],0.2564122179755941,0.14262748031339725,tvm
20,20,12,1,1280,128,[20; 20; 12; 1; 1280; 128],0.07394060847582296,0.4946054586957676,tvm
320,8,2,1,128,128,[320; 8; 2; 1; 128; 128],0.11133783997502178,0.32847258919010136,tvm
640,16,500,1,640,128,[640; 16; 500; 1; 640; 128],0.11292805196717381,0.32384715696733385,tvm
128,2,150,1,32,16,[128; 2; 150; 1; 32; 16],0.2522964319214225,0.14495420443686147,tvm
64,2,125,1,320,64,[64; 2; 125; 1; 320; 64],0.11285198293626308,0.3240654494488015,tvm
8,8,375,1,128,16,[8; 8; 375; 1; 128; 16],0.11444694199599326,0.3195491983762129,tvm
1280,64,75,1,320,64,[1280; 64; 75; 1; 320; 64],0.304460724000819,0.12011870723703,tvm
20,10,15,1,64,16,[20; 10; 15; 1; 64; 16],0.10994304798077792,0.3326397552469402,tvm
160,20,1,1,128,128,[160; 20; 1; 1; 128; 128],0.10741696890909225,0.34046230258441973,tvm
32,1,25,1,1280,64,[32; 1; 25; 1; 1280; 64],0.08126517850905657,0.45002581969782895,tvm
320,16,20,1,640,128,[320; 16; 20; 1; 640; 128],0.11224001692607999,0.32583235082291645,tvm
640,4,50,1,640,16,[640; 4; 50; 1; 640; 16],0.2919202280463651,0.12527884352577312,tvm
64,2,100,1,160,16,[64; 2; 100; 1; 160; 16],0.2255532309645787,0.16214100953034816,tvm
320,16,25,1,64,16,[320; 16; 25; 1; 64; 16],0.2766015400411561,0.13221700994863236,tvm
10,5,60,1,128,64,[10; 5; 60; 1; 128; 64],0.08959908701945096,0.4081674243342382,tvm
80,4,60,1,128,16,[80; 4; 60; 1; 128; 16],0.22806114703416824,0.16035799629627148,tvm
1280,8,1500,1,128,128,[1280; 8; 1500; 1; 128; 128],0.29995653009973466,0.1219224284241076,tvm
32,2,125,1,160,16,[32; 2; 125; 1; 160; 16],0.13795800902880728,0.2650910144969693,tvm
320,8,12,1,256,64,[320; 8; 12; 1; 256; 64],0.1049147720914334,0.3485822619864866,tvm
40,5,15,1,80,16,[40; 5; 15; 1; 80; 16],0.15455574495717883,0.23662289992236163,tvm
2,1,1,1,64,64,[2; 1; 1; 1; 64; 64],0.16262195305898786,0.22488617239864916,tvm
80,1,15,1,128,16,[80; 1; 15; 1; 128; 16],0.23859287798404694,0.1532796321517772,tvm
40,2,75,1,640,64,[40; 2; 75; 1; 640; 64],0.11701560497749597,0.3125346279965126,tvm
40,4,25,1,640,16,[40; 4; 25; 1; 640; 16],0.14959866495337337,0.24446360255171454,tvm
1,1,75,1,1280,64,[1; 1; 75; 1; 1280; 64],0.4769303830107674,0.07668085295921044,tvm
160,16,3,1,16,16,[160; 16; 3; 1; 16; 16],0.2639954900369048,0.1385305050715682,tvm
16,4,12,1,80,16,[16; 4; 12; 1; 80; 16],0.1025543890427798,0.35660520152065917,tvm
256,2,30,1,1280,64,[256; 2; 30; 1; 1280; 64],0.114323585992679,0.31989399434837984,tvm
32,2,5,1,128,16,[32; 2; 5; 1; 128; 16],0.1488762830849737,0.24564979601589598,tvm
128,16,300,1,1280,128,[128; 16; 300; 1; 1280; 128],0.10754897200968117,0.34004442709258575,tvm
160,16,125,1,640,64,[160; 16; 125; 1; 640; 64],0.10673527501057833,0.3426367577898127,tvm
16,16,12,1,1280,16,[16; 16; 12; 1; 1280; 16],0.11060086905490607,0.33066131291674805,tvm
160,40,50,1,320,64,[160; 40; 50; 1; 320; 64],0.10705485404469073,0.34161392211287867,tvm
640,1,50,1,1280,64,[640; 1; 50; 1; 1280; 64],0.11132520704995841,0.328509863494049,tvm
160,2,2,1,160,16,[160; 2; 2; 1; 160; 16],0.2599293449893594,0.14069757523116785,tvm
8,8,50,1,320,16,[8; 8; 50; 1; 320; 16],0.12154742097482085,0.3008819790508309,tvm
320,32,1500,1,1280,64,[320; 32; 1500; 1; 1280; 64],0.11092551797628403,0.3296935568896562,tvm
16,4,300,1,160,16,[16; 4; 300; 1; 160; 16],0.11524144699797034,0.3173461417234086,tvm
32,2,30,1,640,64,[32; 2; 30; 1; 640; 64],0.08372615050757304,0.43679816102521857,tvm
1280,64,250,1,32,16,[1280; 64; 250; 1; 32; 16],0.44695011200383306,0.08182440856198943,tvm
64,1,30,1,1280,16,[64; 1; 30; 1; 1280; 16],0.2156292269937694,0.16960330044908664,tvm
160,8,375,1,640,128,[160; 8; 375; 1; 640; 128],0.10684253298677504,0.3422927887338218,tvm
160,2,300,1,64,64,[160; 2; 300; 1; 64; 64],0.11341718793846667,0.3224504965796721,tvm
80,8,1,1,256,128,[80; 8; 1; 1; 256; 128],0.1098669630009681,0.332870114659548,tvm
40,5,375,1,128,128,[40; 5; 375; 1; 128; 128],0.11424168094526976,0.32012334087546385,tvm
10,1,12,1,640,16,[10; 1; 12; 1; 640; 16],0.1128144790418446,0.3241731813330776,tvm
320,5,25,1,1280,64,[320; 5; 25; 1; 1280; 64],0.11884568305686116,0.3077219771956811,tvm
320,5,10,1,320,64,[320; 5; 10; 1; 320; 64],0.10527932597324252,0.347375215725863,tvm
640,64,125,1,16,16,[640; 64; 125; 1; 16; 16],0.28770433308091015,0.12711462555951047,tvm
2,1,2,1,1280,128,[2; 1; 2; 1; 1280; 128],0.2383917209226638,0.15340897087316485,tvm
640,40,3,1,1280,64,[640; 40; 3; 1; 1280; 64],0.27463234995957464,0.13316504256258163,tvm
64,64,5,1,320,64,[64; 64; 5; 1; 320; 64],0.1544164139777422,0.23683640637257664,tvm
128,1,125,1,64,16,[128; 1; 125; 1; 64; 16],0.26255812402814627,0.1392888858678321,tvm
640,32,10,1,256,64,[640; 32; 10; 1; 256; 64],0.10687653301283717,0.34218389706780533,tvm
4,4,6,1,128,16,[4; 4; 6; 1; 128; 16],0.08732944302028045,0.4187754702951171,tvm
320,64,100,1,80,16,[320; 64; 100; 1; 80; 16],0.2738779860083014,0.1335318296459215,tvm
160,20,1,1,320,64,[160; 20; 1; 1; 320; 64],0.11465709190815687,0.31896351078503876,tvm
160,2,750,1,128,16,[160; 2; 750; 1; 128; 16],0.27271425002254546,0.134101641437531,tvm
1280,40,12,1,256,64,[1280; 40; 12; 1; 256; 64],0.3050526879960671,0.1198856132416708,tvm
1280,8,1500,1,80,16,[1280; 8; 1500; 1; 80; 16],0.4333787080831826,0.08438676817599693,tvm
20,5,250,1,256,128,[20; 5; 250; 1; 256; 128],0.07192780502373353,0.5084463311421967,tvm
1280,40,2,1,1280,128,[1280; 40; 2; 1; 1280; 128],0.42271939804777503,0.08651466845459345,tvm
40,40,4,1,160,16,[40; 40; 4; 1; 160; 16],0.1713778959820047,0.2133964147585795,tvm
1280,64,5,1,80,16,[1280; 64; 5; 1; 80; 16],0.4428359019802883,0.08258460618908098,tvm
8,4,100,1,320,16,[8; 4; 100; 1; 320; 16],0.1317707230336964,0.27753834637513924,tvm
640,16,5,1,640,128,[640; 16; 5; 1; 640; 128],0.18293760297819972,0.19991203544842945,tvm
20,2,375,1,320,64,[20; 2; 375; 1; 320; 64],0.08624057250563055,0.42406291503968,tvm
128,1,375,1,256,128,[128; 1; 375; 1; 256; 128],0.11542069399729371,0.3168533068453571,tvm
10,2,150,1,16,16,[10; 2; 150; 1; 16; 16],0.13960978505201638,0.26195462272076875,tvm
256,32,1,1,64,16,[256; 32; 1; 1; 64; 16],0.2692287629470229,0.1358377469446861,tvm
32,2,5,1,640,16,[32; 2; 5; 1; 640; 16],0.1536177049856633,0.2380677967740872,tvm
320,4,5,1,640,16,[320; 4; 5; 1; 640; 16],0.27773979597259313,0.13167514739240818,tvm
128,16,500,1,1280,128,[128; 16; 500; 1; 1280; 128],0.10591990302782506,0.34527437739271055,tvm
640,32,30,1,640,128,[640; 32; 30; 1; 640; 128],0.11510583804920316,0.3177200148249279,tvm
160,2,3,1,1280,128,[160; 2; 3; 1; 1280; 128],0.10498548799660057,0.3483474646763823,tvm
640,16,5,1,64,64,[640; 16; 5; 1; 64; 64],0.1081748679280281,0.3380769421947491,tvm
160,1,75,1,32,16,[160; 1; 75; 1; 32; 16],0.27818950498476624,0.13146228709609745,tvm
4,2,250,1,128,64,[4; 2; 250; 1; 128; 64],0.09532634099014103,0.3836445225062285,tvm
20,10,75,1,256,128,[20; 10; 75; 1; 256; 128],0.07128656352870166,0.5130199403805465,tvm
4,2,20,1,160,16,[4; 2; 20; 1; 160; 16],0.11731875303667039,0.31172704810455515,tvm
320,1,4,1,128,16,[320; 1; 4; 1; 128; 16],0.286116439034231,0.1278200885446263,tvm
20,10,1500,1,32,16,[20; 10; 1500; 1; 32; 16],0.14164399495348334,0.25819258051454164,tvm
320,20,500,1,64,64,[320; 20; 500; 1; 64; 64],0.11724313301965594,0.31192810725466824,tvm
32,4,10,1,16,16,[32; 4; 10; 1; 16; 16],0.15807813906576484,0.2313503232487691,tvm
8,2,125,1,320,16,[8; 2; 125; 1; 320; 16],0.13254017906729132,0.27592711001892545,tvm
1280,4,750,1,128,16,[1280; 4; 750; 1; 128; 16],0.4425011679995805,0.08264707805576514,tvm
1280,64,25,1,256,16,[1280; 64; 25; 1; 256; 16],0.4419308340875432,0.08275373825620877,tvm
80,8,250,1,128,16,[80; 8; 250; 1; 128; 16],0.22782299295067787,0.1605256260475256,tvm
80,40,5,1,1280,128,[80; 40; 5; 1; 1280; 128],0.10764945403207093,0.3397270232372308,tvm
80,2,30,1,128,16,[80; 2; 30; 1; 128; 16],0.22083277394995093,0.16560688849435476,tvm
64,1,10,1,1280,16,[64; 1; 10; 1; 1280; 16],0.21311087801586837,0.17160751676273156,tvm
10,1,20,1,16,16,[10; 1; 20; 1; 16; 16],0.14310344099067152,0.25555939338881833,tvm
40,2,6,1,160,16,[40; 2; 6; 1; 160; 16],0.1975679349852726,0.18510811774266273,tvm
4,4,375,1,640,16,[4; 4; 375; 1; 640; 16],0.2020826250081882,0.18097265200284654,tvm
80,20,4,1,320,64,[80; 20; 4; 1; 320; 64],0.11129636003170162,0.32859501030412475,tvm
32,32,60,1,320,64,[32; 32; 60; 1; 320; 64],0.08409072551876307,0.4349044243085813,tvm
80,4,125,1,256,128,[80; 4; 125; 1; 256; 128],0.11379200499504805,0.3213883837710749,tvm
1280,4,10,1,320,64,[1280; 4; 10; 1; 320; 64],0.3115474960068241,0.11738636657387072,tvm
8,4,300,1,640,16,[8; 4; 300; 1; 640; 16],0.13764375902246684,0.2656962352027833,tvm
320,40,60,1,1280,16,[320; 40; 60; 1; 1280; 16],0.2869490459561348,0.1274492077489575,tvm
32,4,10,1,256,64,[32; 4; 10; 1; 256; 64],0.08287632052088156,0.44127717472946953,tvm
80,1,4,1,320,16,[80; 1; 4; 1; 320; 16],0.24137203604914248,0.15151477018647994,tvm
64,4,4,1,256,128,[64; 4; 4; 1; 256; 128],0.1135153160430491,0.32217175484548155,tvm
80,1,150,1,64,16,[80; 1; 150; 1; 64; 16],0.24402257101610303,0.14986904047091296,tvm
1280,16,25,1,256,128,[1280; 16; 25; 1; 256; 128],0.3045519780134782,0.12008271563355295,tvm
640,32,50,1,640,128,[640; 32; 50; 1; 640; 128],0.12367448303848505,0.295707147286383,tvm
320,64,6,1,256,16,[320; 64; 6; 1; 256; 16],0.2739722579717636,0.13348588226475738,tvm
256,8,1,1,1280,16,[256; 8; 1; 1; 1280; 16],0.4207926270319149,0.08691081122163964,tvm
160,2,300,1,128,128,[160; 2; 300; 1; 128; 128],0.10809275903739035,0.3383337505408494,tvm
256,4,4,1,640,16,[256; 4; 4; 1; 640; 16],0.2725271340459585,0.13419371505686928,tvm
40,40,1,1,64,16,[40; 40; 1; 1; 64; 16],0.1721261990023777,0.2124686932227173,tvm
10,2,30,1,160,16,[10; 2; 30; 1; 160; 16],0.11829870799556375,0.30914478434371423,tvm
64,8,5,1,64,64,[64; 8; 5; 1; 64; 64],0.11547583003994077,0.3167020194509903,tvm
64,16,100,1,256,128,[64; 16; 100; 1; 256; 128],0.11144103400874883,0.3281684246447093,tvm
32,32,75,1,640,16,[32; 32; 75; 1; 640; 16],0.1552425780100748,0.2355760194155961,tvm
160,2,4,1,80,16,[160; 2; 4; 1; 80; 16],0.2662744469707832,0.13734486725059786,tvm
128,64,1,1,320,16,[128; 64; 1; 1; 320; 16],0.2470733169466257,0.14801852755038278,tvm
640,2,50,1,80,16,[640; 2; 50; 1; 80; 16],0.2906520670512691,0.12582545495875525,tvm
1280,20,60,1,80,16,[1280; 20; 60; 1; 80; 16],0.4206222689244896,0.08694601135821912,tvm
320,2,15,1,1280,64,[320; 2; 15; 1; 1280; 64],0.1392137020593509,0.26269992127525704,tvm
160,4,5,1,256,128,[160; 4; 5; 1; 256; 128],0.10714557790197432,0.3413246658194999,tvm
1280,16,75,1,640,16,[1280; 16; 75; 1; 640; 16],0.4261119280708954,0.08582587381910585,tvm
320,4,250,1,64,64,[320; 4; 250; 1; 64; 64],0.11050959001295269,0.3309344335377779,tvm
128,64,25,1,160,16,[128; 64; 25; 1; 160; 16],0.2434588399482891,0.15021606354156777,tvm
640,20,500,1,128,128,[640; 20; 500; 1; 128; 128],0.10381305392365903,0.3522815984040128,tvm
20,1,20,1,16,16,[20; 1; 20; 1; 16; 16],0.14042734901886433,0.26042953047924977,tvm
80,5,30,1,640,16,[80; 5; 30; 1; 640; 16],0.22296002600342035,0.16402684026807363,tvm
16,8,30,1,256,64,[16; 8; 30; 1; 256; 64],0.08260098553728312,0.44274808991136727,tvm
64,4,6,1,640,64,[64; 4; 6; 1; 640; 64],0.1122771690133959,0.32572453413984104,tvm
20,1,10,1,640,128,[20; 1; 10; 1; 640; 128],0.09782099502626806,0.3738607296072584,tvm
640,32,60,1,16,16,[640; 32; 60; 1; 16; 16],0.2876345330150798,0.1271454723745262,tvm
40,8,100,1,640,16,[40; 8; 100; 1; 640; 16],0.16612157097551972,0.22014858369487653,tvm
2,1,60,1,160,16,[2; 1; 60; 1; 160; 16],0.2198981629917398,0.16631075073056584,tvm
64,32,375,1,1280,64,[64; 32; 375; 1; 1280; 64],0.11518915905617177,0.31749019500693276,tvm
640,8,60,1,80,16,[640; 8; 60; 1; 80; 16],0.29088804603088647,0.12572338076603334,tvm
256,1,60,1,256,128,[256; 1; 60; 1; 256; 128],0.11316136794630438,0.32317944926913483,tvm
160,10,750,1,256,64,[160; 10; 750; 1; 256; 64],0.11049039906356484,0.3309919131560845,tvm
20,10,60,1,640,128,[20; 10; 60; 1; 640; 128],0.07743740850128233,0.4722708220642865,tvm
20,5,2,1,320,16,[20; 5; 2; 1; 320; 16],0.12238623201847076,0.2988197934381144,tvm
128,32,750,1,64,16,[128; 32; 750; 1; 64; 16],0.2480760159669444,0.14742025112295273,tvm
40,5,2,1,640,64,[40; 5; 2; 1; 640; 64],0.11582045396789908,0.31575967213498185,tvm
32,1,1,1,32,16,[32; 1; 1; 1; 32; 16],0.2352614289848134,0.1554501676251798,tvm
8,8,500,1,1280,128,[8; 8; 500; 1; 1280; 128],0.10719637095462531,0.34116293532836794,tvm
8,8,100,1,1280,16,[8; 8; 100; 1; 1280; 16],0.13854347600135952,0.26397077384625245,tvm
32,4,3,1,32,16,[32; 4; 3; 1; 32; 16],0.2705815070075914,0.13515864027766883,tvm
80,20,3,1,640,128,[80; 20; 3; 1; 640; 128],0.11688206600956619,0.31289170203780786,tvm
80,40,125,1,80,16,[80; 40; 125; 1; 80; 16],0.23283039894886315,0.15707325476627648,tvm
320,10,25,1,256,16,[320; 10; 25; 1; 256; 16],0.2769964619074017,0.13202850433394414,tvm
1280,8,375,1,640,128,[1280; 8; 375; 1; 640; 128],0.29631820297800004,0.12341944640553788,tvm
8,2,500,1,16,16,[8; 2; 500; 1; 16; 16],0.14681317703798413,0.2491018129930303,tvm
256,1,15,1,1280,16,[256; 1; 15; 1; 1280; 16],0.2904987339861691,0.1258918690267675,tvm
640,5,4,1,256,128,[640; 5; 4; 1; 256; 128],0.12038671097252518,0.30378293647190807,tvm
32,4,5,1,1280,16,[32; 4; 5; 1; 1280; 16],0.14594069099985063,0.2505910333908588,tvm
256,4,125,1,320,16,[256; 4; 125; 1; 320; 16],0.26839588896837085,0.1362592724948121,tvm
640,2,30,1,1280,64,[640; 2; 30; 1; 1280; 64],0.11655022599734366,0.31378256248307995,tvm
40,20,100,1,64,64,[40; 20; 100; 1; 64; 64],0.11676899099256843,0.31319469544578066,tvm
160,20,750,1,160,16,[160; 20; 750; 1; 160; 16],0.25524825300090015,0.14327788003038597,tvm
20,10,5,1,1280,64,[20; 10; 5; 1; 1280; 64],0.08868932200130075,0.4123543595348739,tvm
4,1,12,1,128,16,[4; 1; 12; 1; 128; 16],0.10849997098557651,0.33706394793681754,tvm
32,1,4,1,128,16,[32; 1; 4; 1; 128; 16],0.20301129401195794,0.1801447980981512,tvm
320,5,15,1,640,128,[320; 5; 15; 1; 640; 128],0.10749057400971651,0.3402291680768468,tvm
160,5,500,1,640,128,[160; 5; 500; 1; 640; 128],0.10800666396971792,0.3386034456325972,tvm
1280,40,1500,1,640,128,[1280; 40; 1500; 1; 640; 128],0.31047746096737683,0.11779092903388336,tvm
320,1,125,1,320,64,[320; 1; 125; 1; 320; 64],0.10664640995673835,0.34292226607781695,tvm
64,16,1,1,32,16,[64; 16; 1; 1; 32; 16],0.23649850895162672,0.15463703654431443,tvm
320,8,1500,1,1280,16,[320; 8; 1500; 1; 1280; 16],0.2911913290154189,0.12559243674969484,tvm
1280,64,3,1,256,16,[1280; 64; 3; 1; 256; 16],0.4424395179376006,0.08265859420040869,tvm
80,10,250,1,640,64,[80; 10; 250; 1; 640; 64],0.11173599096946418,0.3273021365284442,tvm
640,20,500,1,16,16,[640; 20; 500; 1; 16; 16],0.287140482920222,0.12736423718277803,tvm
64,8,4,1,160,16,[64; 8; 4; 1; 160; 16],0.23146239202469587,0.1580016012602453,tvm
10,2,250,1,16,16,[10; 2; 250; 1; 16; 16],0.14013976405840367,0.2609639656321051,tvm
160,32,750,1,160,16,[160; 32; 750; 1; 160; 16],0.26877957594115287,0.13606476029054973,tvm
320,16,5,1,1280,128,[320; 16; 5; 1; 1280; 128],0.17048035806510597,0.2145198953504195,tvm
160,4,2,1,640,64,[160; 4; 2; 1; 640; 64],0.11400926997885108,0.3207759209247865,tvm
256,16,12,1,320,16,[256; 16; 12; 1; 320; 16],0.2736997299361974,0.1336187967008729,tvm
64,64,6,1,16,16,[64; 64; 6; 1; 16; 16],0.20416384690906852,0.17912783837638468,tvm
1280,8,30,1,320,64,[1280; 8; 30; 1; 320; 64],0.31952065404038876,0.11445716609858275,tvm
20,1,25,1,320,16,[20; 1; 25; 1; 320; 16],0.11872902500908822,0.3080243316125032,tvm
256,8,4,1,128,16,[256; 8; 4; 1; 128; 16],0.26868494891095906,0.13611268037030305,tvm
640,20,25,1,64,16,[640; 20; 25; 1; 64; 16],0.2846360830590129,0.1284848645273351,tvm
64,64,125,1,160,16,[64; 64; 125; 1; 160; 16],0.1857252710033208,0.19691142930557182,tvm
64,32,750,1,320,16,[64; 32; 750; 1; 320; 16],0.19853612000588328,0.18420541597339993,tvm
160,10,150,1,320,16,[160; 10; 150; 1; 320; 16],0.2550503129605204,0.14338907546092491,tvm
320,8,100,1,320,64,[320; 8; 100; 1; 320; 64],0.1057569069089368,0.3458065259313874,tvm
64,64,50,1,128,16,[64; 64; 50; 1; 128; 16],0.18886773905251175,0.19363512664945098,tvm
32,32,500,1,64,16,[32; 32; 500; 1; 64; 16],0.13774501194711775,0.26550092852341445,tvm
160,32,1,1,1280,128,[160; 32; 1; 1; 1280; 128],0.1049012440489605,0.34862721508202144,tvm
20,1,3,1,640,64,[20; 1; 3; 1; 640; 64],0.09410219453275204,0.3886352359051518,tvm
32,32,150,1,640,16,[32; 32; 150; 1; 640; 16],0.15452939504757524,0.23666324818115844,tvm
320,32,30,1,1280,128,[320; 32; 30; 1; 1280; 128],0.11357728496659547,0.32199597465448043,tvm
256,16,5,1,64,64,[256; 16; 5; 1; 64; 64],0.11140814190730453,0.32826531297737005,tvm
1280,20,500,1,320,64,[1280; 20; 500; 1; 320; 64],0.30045626300852746,0.12171964133891466,tvm
1280,5,75,1,64,64,[1280; 5; 75; 1; 64; 64],0.3009607980493456,0.12151558876924666,tvm
80,2,6,1,128,128,[80; 2; 6; 1; 128; 128],0.11453903303481638,0.31929227619995687,tvm
20,1,100,1,80,16,[20; 1; 100; 1; 80; 16],0.11148220300674438,0.3280472361065209,tvm
320,20,10,1,1280,16,[320; 20; 10; 1; 1280; 16],0.31122183601837605,0.11750919870953148,tvm
128,32,25,1,640,16,[128; 32; 25; 1; 640; 16],0.25292401504702866,0.14459452798354672,tvm
4,1,30,1,320,16,[4; 1; 30; 1; 320; 16],0.154518204042688,0.2366803885536047,tvm
80,20,125,1,640,64,[80; 20; 125; 1; 640; 64],0.11668085702694952,0.3134312645902297,tvm
128,1,6,1,1280,128,[128; 1; 6; 1; 1280; 128],0.11662629607599229,0.3135778962541953,tvm
320,5,4,1,80,16,[320; 5; 4; 1; 80; 16],0.27904946298804134,0.1310571544550718,tvm
40,1,60,1,16,16,[40; 1; 60; 1; 16; 16],0.28205542999785393,0.1296604308298792,tvm
256,32,125,1,1280,16,[256; 32; 125; 1; 1280; 16],0.2786743299802765,0.13123357495474003,tvm
128,2,1500,1,32,16,[128; 2; 1500; 1; 32; 16],0.25696300505660474,0.14232176559179205,tvm
320,20,25,1,640,16,[320; 20; 25; 1; 640; 16],0.2771554789505899,0.13195275341444132,tvm
1,1,10,1,160,16,[1; 1; 10; 1; 160; 16],0.2898735840572044,0.1261633711480639,tvm
640,8,4,1,64,16,[640; 8; 4; 1; 64; 16],0.28716166596859694,0.12735484190786073,tvm
16,16,125,1,32,16,[16; 16; 125; 1; 32; 16],0.11839477298781276,0.3088939456405997,tvm
4,2,750,1,64,64,[4; 2; 750; 1; 64; 64],0.1158050219528377,0.3158017498267261,tvm
64,64,30,1,256,128,[64; 64; 30; 1; 256; 128],0.12475888198241591,0.29313687322545195,tvm
640,16,25,1,320,64,[640; 16; 25; 1; 320; 64],0.12783660797867924,0.28607946620054253,tvm
8,4,250,1,640,16,[8; 4; 250; 1; 640; 16],0.14107317803427577,0.25923729146119484,tvm
128,2,250,1,64,16,[128; 2; 250; 1; 64; 16],0.25335277104750276,0.14434982660825746,tvm
128,4,30,1,128,128,[128; 4; 30; 1; 128; 128],0.11755221395287663,0.3111079523018514,tvm
40,1,500,1,256,64,[40; 1; 500; 1; 256; 64],0.12451244401745498,0.29371705663653785,tvm
640,40,1500,1,320,16,[640; 40; 1500; 1; 320; 16],0.290248905075714,0.1260002292235645,tvm
160,4,250,1,1280,128,[160; 4; 250; 1; 1280; 128],0.10672623803839087,0.3426657703260686,tvm
320,10,4,1,16,16,[320; 10; 4; 1; 16; 16],0.27979942492675036,0.13070587468506317,tvm
320,64,2,1,64,16,[320; 64; 2; 1; 64; 16],0.2755132250022143,0.13273928527799217,tvm
80,1,3,1,16,16,[80; 1; 3; 1; 16; 16],0.2597548400517553,0.1407920967483872,tvm
64,16,20,1,32,16,[64; 16; 20; 1; 32; 16],0.20336001401301473,0.1798358873494573,tvm
16,2,100,1,320,64,[16; 2; 100; 1; 320; 64],0.0809881419991143,0.4515652250897239,tvm
128,16,1500,1,320,64,[128; 16; 1500; 1; 320; 64],0.11330551805440336,0.3227682923074311,tvm
640,64,150,1,640,128,[640; 64; 150; 1; 640; 128],0.10627920995466411,0.34410707971040594,tvm
40,5,6,1,128,128,[40; 5; 6; 1; 128; 128],0.11454711097758263,0.3192697594842506,tvm
32,16,4,1,160,16,[32; 16; 4; 1; 160; 16],0.15298450191039592,0.23905315973018437,tvm
320,16,500,1,64,64,[320; 16; 500; 1; 64; 64],0.11050507298205048,0.3309479608901659,tvm
256,64,30,1,320,16,[256; 64; 30; 1; 320; 16],0.2681974640581757,0.13636008341784966,tvm
16,1,5,1,640,16,[16; 1; 5; 1; 640; 16],0.11077212996315211,0.33015008904851706,tvm
5,5,20,1,1280,64,[5; 5; 20; 1; 1280; 64],0.11231275391764939,0.3256213323577097,tvm
640,20,50,1,256,64,[640; 20; 50; 1; 256; 64],0.10495969897601753,0.34843305505082345,tvm
8,4,150,1,256,64,[8; 4; 150; 1; 256; 64],0.08741118252510205,0.41838386708618525,tvm
320,2,4,1,640,128,[320; 2; 4; 1; 640; 128],0.12167906400281936,0.30055645867378794,tvm
128,2,10,1,32,16,[128; 2; 10; 1; 32; 16],0.2620737379183993,0.13954633097504662,tvm
64,4,3,1,128,16,[64; 4; 3; 1; 128; 16],0.2162178079597652,0.16914161195378483,tvm
320,64,750,1,80,16,[320; 64; 750; 1; 80; 16],0.2812048769555986,0.13005261134643512,tvm
256,1,100,1,640,64,[256; 1; 100; 1; 640; 64],0.11498528206720948,0.3180531274433226,tvm
256,64,1,1,32,16,[256; 64; 1; 1; 32; 16],0.27302225993480533,0.13395035474455974,tvm
256,64,750,1,1280,128,[256; 64; 750; 1; 1280; 128],0.1121924240142107,0.32597057147812675,tvm
128,2,300,1,128,16,[128; 2; 300; 1; 128; 16],0.2502676210133359,0.14612928521616392,tvm
1,1,250,1,128,64,[1; 1; 250; 1; 128; 64],0.2991984860273078,0.12223132896498248,tvm
1280,8,4,1,1280,128,[1280; 8; 4; 1; 1280; 128],0.3766748079797253,0.09709018972513035,tvm
40,1,1,1,80,16,[40; 1; 1; 1; 80; 16],0.21563470305409282,0.16959899335986975,tvm
20,4,10,1,32,16,[20; 4; 10; 1; 32; 16],0.1282517520012334,0.2851534423566928,tvm
64,4,100,1,16,16,[64; 4; 100; 1; 16; 16],0.23334698390681297,0.1567255250491404,tvm
160,2,3,1,80,16,[160; 2; 3; 1; 80; 16],0.26324689807370305,0.13892444256338177,tvm
80,16,4,1,16,16,[80; 16; 4; 1; 16; 16],0.2314733728999272,0.1579941058155293,tvm
32,4,6,1,16,16,[32; 4; 6; 1; 16; 16],0.1538279289379716,0.23774244913727832,tvm
256,4,15,1,256,128,[256; 4; 15; 1; 256; 128],0.1094067069934681,0.33427044444004694,tvm
160,5,1500,1,32,16,[160; 5; 1500; 1; 32; 16],0.2726499259006232,0.13413327896798444,tvm
640,1,750,1,320,16,[640; 1; 750; 1; 320; 16],0.2922049369663,0.12515677849634127,tvm
5,5,500,1,80,16,[5; 5; 500; 1; 80; 16],0.12901368201710284,0.28346938091868773,tvm
16,16,2,1,1280,64,[16; 16; 2; 1; 1280; 64],0.15422504500020295,0.2371302830314003,tvm
256,16,10,1,128,128,[256; 16; 10; 1; 128; 128],0.1158158469479531,0.31577223268818766,tvm
10,5,4,1,320,64,[10; 5; 4; 1; 320; 64],0.0918403480318375,0.3982065546915249,tvm
640,2,12,1,320,64,[640; 2; 12; 1; 320; 64],0.13035927608143538,0.2805433542648888,tvm
16,2,125,1,256,64,[16; 2; 125; 1; 256; 64],0.07836384803522378,0.4666875030816516,tvm
16,4,15,1,640,64,[16; 4; 15; 1; 640; 64],0.08574729698011652,0.42650240718268856,tvm
640,32,3,1,128,16,[640; 32; 3; 1; 128; 16],0.2851294380379841,0.1282625491884729,tvm
1280,1,150,1,1280,128,[1280; 1; 150; 1; 1280; 128],0.3081641780445352,0.11867514518881994,tvm
640,40,4,1,256,128,[640; 40; 4; 1; 256; 128],0.10270156501792371,0.3560941701817888,tvm
80,40,500,1,320,64,[80; 40; 500; 1; 320; 64],0.11139965301845223,0.32829032748756304,tvm
80,2,30,1,1280,16,[80; 2; 30; 1; 1280; 16],0.21953428001143038,0.1665864145204313,tvm
10,5,4,1,128,128,[10; 5; 4; 1; 128; 128],0.08626502752304077,0.4239426986986193,tvm
640,16,15,1,320,64,[640; 16; 15; 1; 320; 64],0.12193236092571169,0.29993209590774694,tvm
10,2,150,1,640,128,[10; 2; 150; 1; 640; 128],0.09288553951773793,0.39372574849979414,tvm
32,16,500,1,32,16,[32; 16; 500; 1; 32; 16],0.17909851297736168,0.20419727647906968,tvm
32,16,5,1,320,16,[32; 16; 5; 1; 320; 16],0.1532886130735278,0.23857889922904052,tvm
32,2,150,1,16,16,[32; 2; 150; 1; 16; 16],0.15687619696836919,0.23312286553454914,tvm
10,1,12,1,128,16,[10; 1; 12; 1; 128; 16],0.09707399003673345,0.3767376673977211,tvm
640,2,750,1,128,128,[640; 2; 750; 1; 128; 128],0.11346901999786496,0.322303202866445,tvm
32,16,150,1,256,16,[32; 16; 150; 1; 256; 16],0.13879974302835763,0.2634834025878334,tvm
1,1,50,1,32,16,[1; 1; 50; 1; 32; 16],0.5138507869560272,0.07117130011237713,tvm
20,10,150,1,640,128,[20; 10; 150; 1; 640; 128],0.08333639049669728,0.4388410435520116,tvm
32,4,60,1,128,128,[32; 4; 60; 1; 128; 128],0.07331515947589651,0.4988249201510909,tvm
20,20,2,1,80,16,[20; 20; 2; 1; 80; 16],0.1688768380554393,0.21655680549527354,tvm
160,1,10,1,1280,16,[160; 1; 10; 1; 1280; 16],0.2590522699756548,0.14117393595842834,tvm
80,16,150,1,32,16,[80; 16; 150; 1; 32; 16],0.2360598590457812,0.15492438536251074,tvm
640,8,1500,1,80,16,[640; 8; 1500; 1; 80; 16],0.29011953598819673,0.12605641480453922,tvm
20,2,25,1,640,16,[20; 2; 25; 1; 640; 16],0.11812310002278537,0.3096043751338572,tvm
160,40,30,1,640,64,[160; 40; 30; 1; 640; 64],0.10552394099067897,0.34656996533761913,tvm
16,16,20,1,256,128,[16; 16; 20; 1; 256; 128],0.09139546501683071,0.400144893017327,tvm
320,8,10,1,64,64,[320; 8; 10; 1; 64; 64],0.1173575361026451,0.311624031876759,tvm
40,40,4,1,256,16,[40; 40; 4; 1; 256; 16],0.17633755307178944,0.2073944428419047,tvm
160,4,500,1,128,16,[160; 4; 500; 1; 128; 16],0.2658402599627152,0.1375691875134256,tvm
64,32,750,1,256,64,[64; 32; 750; 1; 256; 64],0.11493747599888593,0.3181854156235609,tvm
4,1,60,1,320,64,[4; 1; 60; 1; 320; 64],0.13651404005941004,0.26789499860609883,tvm
160,8,25,1,64,64,[160; 8; 25; 1; 64; 64],0.1134531139396131,0.322348389581393,tvm
256,2,250,1,256,64,[256; 2; 250; 1; 256; 64],0.11675410601310432,0.3132346246334484,tvm
40,1,75,1,160,16,[40; 1; 75; 1; 160; 16],0.24385040800552815,0.1499748508544611,tvm
80,40,12,1,64,16,[80; 40; 12; 1; 64; 16],0.22781528800260276,0.16053105518981128,tvm
256,8,375,1,640,16,[256; 8; 375; 1; 640; 16],0.28059656696859747,0.13033455457607723,tvm
128,4,15,1,64,16,[128; 4; 15; 1; 64; 16],0.24698204395826906,0.1480732282611112,tvm
40,10,12,1,80,16,[40; 10; 12; 1; 80; 16],0.15607388596981764,0.2343212533229354,tvm
40,40,100,1,320,64,[40; 40; 100; 1; 320; 64],0.08626784197986126,0.42392886772299193,tvm
640,32,150,1,32,16,[640; 32; 150; 1; 32; 16],0.28890645096544176,0.12658571121973028,tvm
1280,10,60,1,640,128,[1280; 10; 60; 1; 640; 128],0.30328932602424175,0.12058264315080261,tvm
16,4,30,1,320,64,[16; 4; 30; 1; 320; 64],0.0812351955100894,0.4501919191772784,tvm
64,64,60,1,1280,64,[64; 64; 60; 1; 1280; 64],0.08236305799800903,0.4440270852050275,tvm
32,8,375,1,1280,128,[32; 8; 375; 1; 1280; 128],0.0772228499990888,0.47358299482420174,tvm
32,2,2,1,16,16,[32; 2; 2; 1; 16; 16],0.19097322004381567,0.19150029812053157,tvm
10,10,4,1,160,16,[10; 10; 4; 1; 160; 16],0.08956319250864908,0.4083310068240018,tvm
160,4,375,1,64,16,[160; 4; 375; 1; 64; 16],0.2620814760448411,0.13954221077864865,tvm
32,1,5,1,1280,16,[32; 1; 5; 1; 1280; 16],0.17624531802721322,0.20750297926088312,tvm
640,4,250,1,320,16,[640; 4; 250; 1; 320; 16],0.28818317304831,0.12690341418823184,tvm
80,1,50,1,64,64,[80; 1; 50; 1; 64; 64],0.12492343399208039,0.2927507466193016,tvm
320,8,300,1,256,16,[320; 8; 300; 1; 256; 16],0.281336403102614,0.12999181111336522,tvm
640,64,100,1,1280,16,[640; 64; 100; 1; 1280; 16],0.2923309529433027,0.12510282679002374,tvm
1280,4,150,1,320,64,[1280; 4; 150; 1; 320; 64],0.2983654460404068,0.1225726003354819,tvm
80,8,50,1,1280,128,[80; 8; 50; 1; 1280; 128],0.11667629098519683,0.3134435304947132,tvm
640,4,12,1,640,64,[640; 4; 12; 1; 640; 64],0.1509692439576611,0.24224423208799356,tvm
80,10,10,1,64,16,[80; 10; 10; 1; 64; 16],0.23099211300723255,0.15832327820770006,tvm
32,32,20,1,16,16,[32; 32; 20; 1; 16; 16],0.15579952707048506,0.2347338869320402,tvm
320,16,25,1,1280,128,[320; 16; 25; 1; 1280; 128],0.11680354701820761,0.3131020376095919,tvm
256,4,6,1,256,64,[256; 4; 6; 1; 256; 64],0.10486796300392598,0.3487378559079996,tvm
640,8,50,1,128,128,[640; 8; 50; 1; 128; 128],0.10413251293357462,0.35120086456337823,tvm
80,4,60,1,1280,64,[80; 4; 60; 1; 1280; 64],0.1132606629980728,0.3228961194766347,tvm
16,8,20,1,32,16,[16; 8; 20; 1; 32; 16],0.11325961700640619,0.3228991015337799,tvm
80,40,6,1,256,64,[80; 40; 6; 1; 256; 64],0.11206964706070721,0.3263276857793451,tvm
1280,5,1,1,1280,128,[1280; 5; 1; 1; 1280; 128],0.45381700596772134,0.08058628938649733,tvm
128,32,1,1,320,16,[128; 32; 1; 1; 320; 16],0.2506980380276218,0.14587839960438442,tvm
1280,4,20,1,640,64,[1280; 4; 20; 1; 640; 64],0.31506071402691305,0.11607740014295968,tvm
160,2,1500,1,640,64,[160; 2; 1500; 1; 640; 64],0.11427568295039237,0.3200280902044962,tvm
20,4,25,1,64,16,[20; 4; 25; 1; 64; 16],0.10831992793828249,0.3376241959121862,tvm
20,4,750,1,256,16,[20; 4; 750; 1; 256; 16],0.13138201890978962,0.2783594655866834,tvm
160,1,4,1,640,64,[160; 1; 4; 1; 640; 64],0.10548702895175666,0.3466912371582114,tvm
64,32,30,1,80,16,[64; 32; 30; 1; 80; 16],0.19206419202964753,0.19041252919119517,tvm
128,32,15,1,1280,64,[128; 32; 15; 1; 1280; 64],0.10559927998110652,0.34632270767349754,tvm
256,1,100,1,1280,128,[256; 1; 100; 1; 1280; 128],0.11428590398281813,0.3199994688489909,tvm
32,1,50,1,1280,64,[32; 1; 50; 1; 1280; 64],0.0931062120362185,0.3927925728221251,tvm
320,20,150,1,256,16,[320; 20; 150; 1; 256; 16],0.27468458004295826,0.13313972180640474,tvm
80,1,100,1,320,64,[80; 1; 100; 1; 320; 64],0.1122868339298293,0.32569649790181926,tvm
40,4,2,1,640,128,[40; 4; 2; 1; 640; 128],0.11726955696940422,0.31185782155696307,tvm
160,8,500,1,128,64,[160; 8; 500; 1; 128; 64],0.11147612903732806,0.32806511032673674,tvm
1280,20,3,1,160,16,[1280; 20; 3; 1; 160; 16],0.4282801339868456,0.08539137277040229,tvm
320,2,300,1,320,16,[320; 2; 300; 1; 320; 16],0.2822152569424361,0.12958700024814077,tvm
1280,8,25,1,256,128,[1280; 8; 25; 1; 256; 128],0.30051700002513826,0.12169504077429687,tvm
640,64,50,1,160,16,[640; 64; 50; 1; 160; 16],0.28622268594335765,0.12777264125970056,tvm
80,40,10,1,64,64,[80; 40; 10; 1; 64; 64],0.11933824303559959,0.3064518769605064,tvm
160,32,15,1,16,16,[160; 32; 15; 1; 16; 16],0.2679787849774584,0.13647135751624836,tvm
128,1,6,1,16,16,[128; 1; 6; 1; 16; 16],0.2769344779662788,0.13205805517607574,tvm
256,2,1,1,640,16,[256; 2; 1; 1; 640; 16],0.27315822907257825,0.1338836786854096,tvm
32,2,4,1,256,64,[32; 2; 4; 1; 256; 64],0.08564714447129518,0.4270011428540454,tvm
20,5,12,1,640,128,[20; 5; 12; 1; 640; 128],0.0814778265194036,0.44885130266354417,tvm
40,8,25,1,64,64,[40; 8; 25; 1; 64; 64],0.11737583391368389,0.3115754525614068,tvm
64,2,75,1,1280,16,[64; 2; 75; 1; 1280; 16],0.23383118899073452,0.15640098623831444,tvm
64,16,30,1,320,16,[64; 16; 30; 1; 320; 16],0.1895367989782244,0.19295159973462575,tvm
80,8,75,1,32,16,[80; 8; 75; 1; 32; 16],0.2282959430012852,0.16019307259972945,tvm
320,40,12,1,256,16,[320; 40; 12; 1; 256; 16],0.2732295860769227,0.13384871344471666,tvm
4,2,60,1,1280,64,[4; 2; 60; 1; 1280; 64],0.13584001106210053,0.26922427556862905,tvm
32,4,300,1,80,16,[32; 4; 300; 1; 80; 16],0.13443914195522666,0.2720296190495492,tvm
32,2,300,1,128,128,[32; 2; 300; 1; 128; 128],0.07415350753581151,0.4931854174769394,tvm
1280,1,60,1,128,128,[1280; 1; 60; 1; 128; 128],0.2993140369653702,0.12218414125248589,tvm
128,32,6,1,128,16,[128; 32; 6; 1; 128; 16],0.2420229889685288,0.15110725112226467,tvm
1280,5,75,1,256,64,[1280; 5; 75; 1; 256; 64],0.3033119250321761,0.12057365884163304,tvm
10,10,300,1,256,16,[10; 10; 300; 1; 256; 16],0.1217838890152052,0.3002977558621279,tvm
320,5,5,1,1280,128,[320; 5; 5; 1; 1280; 128],0.16942130401730537,0.21586086108564612,tvm
80,2,1,1,80,16,[80; 2; 1; 1; 80; 16],0.21633958001621068,0.16904640643514338,tvm
1280,64,50,1,256,16,[1280; 64; 50; 1; 256; 16],0.44457722699735314,0.08226113788695323,tvm
64,16,30,1,128,64,[64; 16; 30; 1; 128; 64],0.11683316703420132,0.3130226587174752,tvm
128,2,100,1,32,16,[128; 2; 100; 1; 32; 16],0.25199332705233246,0.14512855955044254,tvm
40,5,5,1,128,128,[40; 5; 5; 1; 128; 128],0.11460935405921191,0.3190963675838734,tvm
128,64,15,1,640,16,[128; 64; 15; 1; 640; 16],0.24761384597513825,0.14769541027645336,tvm
256,4,15,1,128,128,[256; 4; 15; 1; 128; 128],0.11174179508816451,0.3272851357235996,tvm
64,16,500,1,320,64,[64; 16; 500; 1; 320; 64],0.11299287702422589,0.32366136286261293,tvm
16,4,125,1,1280,64,[16; 4; 125; 1; 1280; 64],0.10071533301379532,0.36311679142657716,tvm
32,4,500,1,1280,16,[32; 4; 500; 1; 1280; 16],0.16532315406948328,0.22121177627701233,tvm
20,10,60,1,128,64,[20; 10; 60; 1; 128; 64],0.08298788452520967,0.4406839477914283,tvm
8,1,20,1,1280,16,[8; 1; 20; 1; 1280; 16],0.11130833101924509,0.3285596705704393,tvm
80,40,4,1,128,64,[80; 40; 4; 1; 128; 64],0.1177553340094164,0.3105713119416239,tvm
8,1,750,1,64,64,[8; 1; 750; 1; 64; 64],0.09860888699768111,0.3708735559735969,tvm
320,20,6,1,640,128,[320; 20; 6; 1; 640; 128],0.11859477090183645,0.30837302769191705,tvm
64,16,5,1,1280,64,[64; 16; 5; 1; 1280; 64],0.11191099195275456,0.3267903173163538,tvm
320,20,25,1,64,64,[320; 20; 25; 1; 64; 64],0.11745754396542907,0.3113587032110303,tvm
40,1,300,1,80,16,[40; 1; 300; 1; 80; 16],0.2232246029889211,0.16383242743741672,tvm
8,1,2,1,640,16,[8; 1; 2; 1; 640; 16],0.09128749050432816,0.4006181829447336,tvm
32,2,30,1,32,16,[32; 2; 30; 1; 32; 16],0.1437493080738932,0.2544111624706348,tvm
320,32,500,1,256,16,[320; 32; 500; 1; 256; 16],0.27920408197678626,0.13098457698934796,tvm
40,20,5,1,320,16,[40; 20; 5; 1; 320; 16],0.16938840202055871,0.21590278989106876,tvm
40,8,4,1,160,16,[40; 8; 4; 1; 160; 16],0.1728558820905164,0.21157179107320084,tvm
1280,20,100,1,256,128,[1280; 20; 100; 1; 256; 128],0.3097295640036464,0.11807535612260128,tvm
5,1,15,1,32,16,[5; 1; 15; 1; 32; 16],0.13239175092894584,0.276236459710064,tvm
640,20,60,1,1280,16,[640; 20; 60; 1; 1280; 16],0.2913955789990723,0.12550440434631646,tvm
8,4,100,1,256,64,[8; 4; 100; 1; 256; 64],0.08744651247980073,0.4182148325226373,tvm
5,1,75,1,640,16,[5; 1; 75; 1; 640; 16],0.16521004599053413,0.22136322493078883,tvm
1280,20,15,1,64,64,[1280; 20; 15; 1; 64; 64],0.29958448105026037,0.12207384188666669,tvm
1280,5,6,1,16,16,[1280; 5; 6; 1; 16; 16],0.439633576082997,0.08318615902194962,tvm
32,1,3,1,256,16,[32; 1; 3; 1; 256; 16],0.20195079897530377,0.1810907842751384,tvm
128,2,12,1,1280,16,[128; 2; 12; 1; 1280; 16],0.2468237190041691,0.1481682097611164,tvm
64,2,3,1,1280,64,[64; 2; 3; 1; 1280; 64],0.11183344095479697,0.32701693034922114,tvm
128,64,50,1,1280,128,[128; 64; 50; 1; 1280; 128],0.1130431320052594,0.323517474460342,tvm
80,2,60,1,16,16,[80; 2; 60; 1; 16; 16],0.24637824296951294,0.14843611242066515,tvm
640,64,2,1,1280,128,[640; 64; 2; 1; 1280; 128],0.33254396298434585,0.10997471805900784,tvm
640,4,6,1,640,64,[640; 4; 6; 1; 640; 64],0.17455598001834005,0.20951117554142876,tvm
16,4,75,1,1280,16,[16; 4; 75; 1; 1280; 16],0.14175311697181314,0.25799382301202317,tvm
256,8,5,1,256,16,[256; 8; 5; 1; 256; 16],0.26895307400263846,0.1359769867180243,tvm
1280,4,500,1,640,16,[1280; 4; 500; 1; 640; 16],0.4389881220413372,0.08330846948971625,tvm
16,4,4,1,1280,64,[16; 4; 4; 1; 1280; 64],0.08971651754109189,0.4076331713909666,tvm
2,1,12,1,640,16,[2; 1; 12; 1; 640; 16],0.24283718806691468,0.15060060966177546,tvm
160,8,4,1,64,64,[160; 8; 4; 1; 64; 64],0.12113265902735293,0.3019122081945744,tvm
640,16,15,1,256,64,[640; 16; 15; 1; 256; 64],0.10540683707222342,0.3469549944504102,tvm
40,40,250,1,128,16,[40; 40; 250; 1; 128; 16],0.14753400499466807,0.24788474069249514,tvm
80,40,5,1,16,16,[80; 40; 5; 1; 16; 16],0.23412666900549084,0.15620360007159578,tvm
256,4,6,1,320,64,[256; 4; 6; 1; 320; 64],0.10497963102534413,0.3483668995045288,tvm
640,32,10,1,256,16,[640; 32; 10; 1; 256; 16],0.28461452305782586,0.1284945974594496,tvm
160,2,1500,1,128,16,[160; 2; 1500; 1; 128; 16],0.27291467995382845,0.1340031565088976,tvm
320,10,25,1,80,16,[320; 10; 25; 1; 80; 16],0.2745313399937004,0.13321403877702184,tvm
40,2,125,1,640,64,[40; 2; 125; 1; 640; 64],0.11705423193052411,0.31243149408844123,tvm
8,4,125,1,160,16,[8; 4; 125; 1; 160; 16],0.11752520804293454,0.3111794412486233,tvm
320,10,150,1,32,16,[320; 10; 150; 1; 32; 16],0.27758590795565397,0.13174814543276844,tvm
20,4,375,1,32,16,[20; 4; 375; 1; 32; 16],0.139974417979829,0.261272231735221,tvm
80,4,5,1,16,16,[80; 4; 5; 1; 16; 16],0.2382803140208125,0.15348069655571403,tvm
40,40,60,1,1280,64,[40; 40; 60; 1; 1280; 64],0.08785982499830425,0.41624745521783624,tvm
1280,4,500,1,256,16,[1280; 4; 500; 1; 256; 16],0.44084397598635405,0.0829577595783244,tvm
640,40,3,1,320,64,[640; 40; 3; 1; 320; 64],0.14809119701385498,0.24695207621292342,tvm
80,8,750,1,320,64,[80; 8; 750; 1; 320; 64],0.11915799998678267,0.30691542804918825,tvm
1280,1,60,1,80,16,[1280; 1; 60; 1; 80; 16],0.4448736230842769,0.08220633158217266,tvm
80,1,60,1,256,64,[80; 1; 60; 1; 256; 64],0.11477572796866298,0.318633819350844,tvm
32,32,25,1,1280,64,[32; 32; 25; 1; 1280; 64],0.07755692448699847,0.47154304806863967,tvm
128,1,5,1,80,16,[128; 1; 5; 1; 80; 16],0.26336310897022486,0.13886314113782444,tvm
64,2,500,1,640,128,[64; 2; 500; 1; 640; 128],0.1132960650138557,0.32279522300228186,tvm
160,8,375,1,160,16,[160; 8; 375; 1; 160; 16],0.26193964504636824,0.13961776792113598,tvm
20,1,30,1,80,16,[20; 1; 30; 1; 80; 16],0.11086554708890617,0.32987189917622406,tvm
640,20,50,1,1280,16,[640; 20; 50; 1; 1280; 16],0.29207686404697597,0.12521165855008165,tvm
320,32,375,1,80,16,[320; 32; 375; 1; 80; 16],0.2817569979233667,0.12979776488595113,tvm
20,5,100,1,256,128,[20; 5; 100; 1; 256; 128],0.07231957197654992,0.5056919941850194,tvm
256,2,5,1,640,64,[256; 2; 5; 1; 640; 64],0.11698957707267255,0.3126041608707657,tvm
640,16,750,1,256,16,[640; 16; 750; 1; 256; 16],0.29074214794673026,0.12578647034735804,tvm
1280,16,5,1,128,128,[1280; 16; 5; 1; 128; 128],0.3100737299537286,0.11794429852824366,tvm
10,10,500,1,160,16,[10; 10; 500; 1; 160; 16],0.12386171391699463,0.2952601527533904,tvm
8,4,125,1,32,16,[8; 4; 125; 1; 32; 16],0.1289811379974708,0.2835409048115679,tvm
20,20,375,1,1280,128,[20; 20; 375; 1; 1280; 128],0.0762512314831838,0.47961754662931466,tvm
640,4,2,1,128,128,[640; 4; 2; 1; 128; 128],0.1189574699383229,0.30743280426517255,tvm
320,5,6,1,1280,128,[320; 5; 6; 1; 1280; 128],0.1630059090675786,0.2243564591039879,tvm
160,4,5,1,640,128,[160; 4; 5; 1; 640; 128],0.11555671703536063,0.31648033545499243,tvm
640,10,500,1,640,64,[640; 10; 500; 1; 640; 64],0.1278565269894898,0.28603489733797366,tvm
80,16,150,1,640,128,[80; 16; 150; 1; 640; 128],0.11598227696958929,0.3153191119106728,tvm
64,32,15,1,640,128,[64; 32; 15; 1; 640; 128],0.11267429194413126,0.3245765111136643,tvm
128,64,5,1,640,128,[128; 64; 5; 1; 640; 128],0.11598826898261905,0.31530282236481033,tvm
320,20,10,1,160,16,[320; 20; 10; 1; 160; 16],0.27687613293528557,0.13208588325659848,tvm
20,1,4,1,1280,128,[20; 1; 4; 1; 1280; 128],0.07922912802314386,0.46159069882411913,tvm
20,10,3,1,1280,64,[20; 10; 3; 1; 1280; 64],0.10543330491054803,0.3468678953245048,tvm
160,5,150,1,320,16,[160; 5; 150; 1; 320; 16],0.2630491410382092,0.139028884211853,tvm
256,64,125,1,64,16,[256; 64; 125; 1; 64; 16],0.2699701270321384,0.13546472335094673,tvm
320,20,6,1,128,128,[320; 20; 6; 1; 128; 128],0.10556940792594105,0.3464207035913674,tvm
320,1,5,1,128,16,[320; 1; 5; 1; 128; 16],0.2841754370601848,0.12869313741455848,tvm
40,4,12,1,128,64,[40; 4; 12; 1; 128; 64],0.11398192099295557,0.3208528883601532,tvm
256,1,30,1,1280,16,[256; 1; 30; 1; 1280; 16],0.2836338060442358,0.12893889159927874,tvm
320,1,5,1,640,64,[320; 1; 5; 1; 640; 64],0.12347372400108725,0.29618794498420203,tvm
640,1,1,1,1280,64,[640; 1; 1; 1; 1280; 64],0.4569857210153714,0.08002750827787558,tvm
320,5,5,1,128,16,[320; 5; 5; 1; 128; 16],0.279795991955325,0.13070747838756722,tvm
32,4,2,1,1280,64,[32; 4; 2; 1; 1280; 64],0.09259546600515023,0.39495917186047147,tvm
80,40,25,1,64,16,[80; 40; 25; 1; 64; 16],0.22768543008714914,0.16062261233593406,tvm
640,64,2,1,320,64,[640; 64; 2; 1; 320; 64],0.1739831221057102,0.21020101334431843,tvm
128,16,100,1,1280,64,[128; 16; 100; 1; 1280; 64],0.11744984902907163,0.3113791024318497,tvm
8,1,1500,1,1280,16,[8; 1; 1500; 1; 1280; 16],0.24421895004343241,0.14974852919859263,tvm
10,5,12,1,1280,64,[10; 5; 12; 1; 1280; 64],0.07830798253417015,0.4670204414405698,tvm
64,2,125,1,80,16,[64; 2; 125; 1; 80; 16],0.2218213799642399,0.16486881732195652,tvm
40,2,125,1,80,16,[40; 2; 125; 1; 80; 16],0.21070085489191115,0.1735703853227819,tvm
8,4,50,1,64,16,[8; 4; 50; 1; 64; 16],0.11784375994466245,0.3103382698294923,tvm
320,20,25,1,1280,128,[320; 20; 25; 1; 1280; 128],0.11678448400925845,0.3131531459995085,tvm
320,40,100,1,16,16,[320; 40; 100; 1; 16; 16],0.28024473297409713,0.13049818343886183,tvm
160,20,12,1,64,16,[160; 20; 12; 1; 64; 16],0.25506828306242824,0.14337897339622457,tvm
32,16,25,1,1280,64,[32; 16; 25; 1; 1280; 64],0.0859824150102213,0.4253361407339057,tvm
160,10,500,1,128,128,[160; 10; 500; 1; 128; 128],0.10755177109967917,0.3400355772619877,tvm
16,4,2,1,160,16,[16; 4; 2; 1; 160; 16],0.11610800598282367,0.31497766464819604,tvm
5,1,15,1,256,128,[5; 1; 15; 1; 256; 128],0.12067748897243291,0.30305095741412724,tvm
640,32,60,1,64,64,[640; 32; 60; 1; 64; 64],0.10816701001022011,0.33810150218604673,tvm
320,64,750,1,320,16,[320; 64; 750; 1; 320; 16],0.28100553702097386,0.13014486817282514,tvm
64,8,25,1,640,64,[64; 8; 25; 1; 640; 64],0.11239646398462355,0.32537881775739624,tvm
1280,20,1,1,256,16,[1280; 20; 1; 1; 256; 16],0.4363680990645662,0.08380866669636491,tvm
1280,5,50,1,128,64,[1280; 5; 50; 1; 128; 64],0.3023787899874151,0.12094574679973641,tvm
640,1,15,1,32,16,[640; 1; 15; 1; 32; 16],0.28961296007037163,0.12627690612513426,tvm
640,8,75,1,640,16,[640; 8; 75; 1; 640; 16],0.2910682240035385,0.1256455550812169,tvm
640,4,150,1,128,64,[640; 4; 150; 1; 128; 64],0.10816601198166609,0.3381046217884723,tvm
160,4,5,1,640,16,[160; 4; 5; 1; 640; 16],0.257874638075009,0.14181863266751693,tvm
320,20,150,1,16,16,[320; 20; 150; 1; 16; 16],0.2796387280104682,0.13078098599439894,tvm
16,16,10,1,16,16,[16; 16; 10; 1; 16; 16],0.1311835979577154,0.27878049650091696,tvm
4,4,100,1,256,128,[4; 4; 100; 1; 256; 128],0.13640851504169405,0.2681022409799733,tvm
40,5,25,1,640,128,[40; 5; 25; 1; 640; 128],0.11755326006095856,0.31110518374789475,tvm
80,10,75,1,32,16,[80; 10; 75; 1; 32; 16],0.23097538796719164,0.15833474247318194,tvm
160,10,60,1,640,16,[160; 10; 60; 1; 640; 16],0.26263890299014747,0.13924604525476753,tvm
128,32,20,1,1280,16,[128; 32; 20; 1; 1280; 16],0.2476697718957439,0.147662059408781,tvm
320,4,15,1,16,16,[320; 4; 15; 1; 16; 16],0.28540099097881466,0.12814051011526892,tvm
8,4,500,1,160,16,[8; 4; 500; 1; 160; 16],0.12019972607959062,0.3042555067655702,tvm
256,1,125,1,1280,128,[256; 1; 125; 1; 1280; 128],0.114143508952111,0.3203986709990854,tvm
320,64,30,1,1280,16,[320; 64; 30; 1; 1280; 16],0.2920463989721611,0.1252247201134457,tvm
20,20,6,1,80,16,[20; 20; 6; 1; 80; 16],0.11636597802862525,0.3142793898267434,tvm
40,2,3,1,80,16,[40; 2; 3; 1; 80; 16],0.2019512130646035,0.1810904129589432,tvm
320,5,125,1,256,64,[320; 5; 125; 1; 256; 64],0.10760153306182474,0.33987832264820694,tvm
128,16,250,1,640,64,[128; 16; 250; 1; 640; 64],0.10894855496007949,0.33567612333021707,tvm
20,1,500,1,256,64,[20; 1; 500; 1; 256; 64],0.09489741799188778,0.385378541854056,tvm
256,16,75,1,64,64,[256; 16; 75; 1; 64; 64],0.11118278198409826,0.32893068439912887,tvm
320,5,20,1,128,64,[320; 5; 20; 1; 128; 64],0.10828036593738943,0.3377475524286198,tvm
640,2,12,1,80,16,[640; 2; 12; 1; 80; 16],0.2880438120337203,0.12696481244716787,tvm
1280,32,50,1,320,16,[1280; 32; 50; 1; 320; 16],0.412068467005156,0.08875085452964537,tvm
8,2,375,1,32,16,[8; 2; 375; 1; 32; 16],0.12776625098194927,0.286237001480112,tvm
160,1,1500,1,32,16,[160; 1; 1500; 1; 32; 16],0.2840915189590305,0.12873115221965717,tvm
64,4,2,1,640,128,[64; 4; 2; 1; 640; 128],0.11129287607036531,0.32860529678742567,tvm
320,4,500,1,256,128,[320; 4; 500; 1; 256; 128],0.10681056999601424,0.34239521961911895,tvm
320,1,3,1,128,64,[320; 1; 3; 1; 128; 64],0.11416711402125657,0.3203324257160377,tvm
320,2,100,1,64,16,[320; 2; 100; 1; 64; 16],0.28168560401536524,0.12983066244817287,tvm
320,32,50,1,160,16,[320; 32; 50; 1; 160; 16],0.27882707898970693,0.131161681655671,tvm
20,4,25,1,16,16,[20; 4; 25; 1; 16; 16],0.1357048680074513,0.2694923852652103,tvm
128,2,150,1,64,16,[128; 2; 150; 1; 64; 16],0.24988652707543224,0.14635214230813215,tvm
20,4,1500,1,320,16,[20; 4; 1500; 1; 320; 16],0.15202984993811697,0.24055426343125907,tvm
80,10,50,1,64,64,[80; 10; 50; 1; 64; 64],0.11925988097209483,0.30665323722724314,tvm
32,8,1,1,640,16,[32; 8; 1; 1; 640; 16],0.16112963599152863,0.2269689765410462,tvm
10,10,250,1,1280,16,[10; 10; 250; 1; 1280; 16],0.14155137701891363,0.2583615175042912,tvm
160,10,12,1,320,16,[160; 10; 12; 1; 320; 16],0.25612134800758213,0.1427894584185381,tvm
640,40,25,1,16,16,[640; 40; 25; 1; 16; 16],0.28862785908859223,0.12670789537403332,tvm
32,32,20,1,1280,16,[32; 32; 20; 1; 1280; 16],0.14029673801269382,0.26067198061383046,tvm
80,2,250,1,128,128,[80; 2; 250; 1; 128; 128],0.11113050498533994,0.3290854169721715,tvm
320,16,2,1,1280,16,[320; 16; 2; 1; 1280; 16],0.4256860970053822,0.08591172892114957,tvm
10,1,500,1,256,16,[10; 1; 500; 1; 256; 16],0.1300288470229134,0.2812562705026834,tvm
5,5,1,1,128,64,[5; 5; 1; 1; 128; 64],0.09157033346127719,0.3993807512658422,tvm
80,40,30,1,128,16,[80; 40; 30; 1; 128; 16],0.2205898059764877,0.1657892956999412,tvm
1,1,125,1,256,16,[1; 1; 125; 1; 256; 16],0.8071779790334404,0.04530776299821909,tvm
640,8,300,1,1280,16,[640; 8; 300; 1; 1280; 16],0.2891918070381507,0.1264608044950734,tvm
80,16,12,1,320,16,[80; 16; 12; 1; 320; 16],0.2236829389585182,0.163496727741988,tvm
80,40,12,1,32,16,[80; 40; 12; 1; 32; 16],0.23051454999949783,0.15865128067407563,tvm
16,4,1,1,80,16,[16; 4; 1; 1; 80; 16],0.11531486897729337,0.31714408467679783,tvm
5,1,100,1,640,16,[5; 1; 100; 1; 640; 16],0.1654557060683146,0.22103455625959909,tvm
640,8,2,1,1280,128,[640; 8; 2; 1; 1280; 128],0.3205727250315249,0.11408153506456972,tvm
640,16,250,1,128,64,[640; 16; 250; 1; 128; 64],0.11714661098085344,0.3121851179920676,tvm
1280,40,1500,1,320,16,[1280; 40; 1500; 1; 320; 16],0.4427846160251647,0.08259417163072828,tvm
640,2,250,1,128,128,[640; 2; 250; 1; 128; 128],0.11375314905308187,0.32149816401445597,tvm
10,5,750,1,64,16,[10; 5; 750; 1; 64; 16],0.1449039230355993,0.2523839783305514,tvm
256,1,1500,1,1280,16,[256; 1; 1500; 1; 1280; 16],0.28517158795148134,0.12824359128529586,tvm
640,1,60,1,64,16,[640; 1; 60; 1; 64; 16],0.2890466690296307,0.12652430382333715,tvm
20,2,150,1,256,16,[20; 2; 150; 1; 256; 16],0.1208904410013929,0.3025171243358042,tvm
160,32,100,1,64,16,[160; 32; 100; 1; 64; 16],0.25472120300401,0.14357433986699897,tvm
80,4,125,1,1280,16,[80; 4; 125; 1; 1280; 16],0.24394305900204927,0.14991788953143098,tvm
64,8,100,1,80,16,[64; 8; 100; 1; 80; 16],0.18725352105684578,0.1953043572426408,tvm
10,10,25,1,256,128,[10; 10; 25; 1; 256; 128],0.09665908297756687,0.378354805827366,tvm
40,2,75,1,640,16,[40; 2; 75; 1; 640; 16],0.24088571406900883,0.15182066197977853,tvm
640,4,20,1,640,16,[640; 4; 20; 1; 640; 16],0.30182545608840883,0.12116747555155288,tvm
80,20,300,1,16,16,[80; 20; 300; 1; 16; 16],0.23226601700298488,0.15745492622348878,tvm
32,32,250,1,1280,16,[32; 32; 250; 1; 1280; 16],0.16577427799347788,0.220609789492598,tvm
40,10,75,1,80,16,[40; 10; 75; 1; 80; 16],0.14954824605956674,0.24454602133455824,tvm
1280,2,100,1,640,128,[1280; 2; 100; 1; 640; 128],0.3008308330317959,0.12156808596665092,tvm
320,4,2,1,1280,128,[320; 4; 2; 1; 1280; 128],0.26234811695758253,0.13940038524210785,tvm
320,2,12,1,256,16,[320; 2; 12; 1; 256; 16],0.2725926209241152,0.13416147673934795,tvm
256,8,30,1,160,16,[256; 8; 30; 1; 160; 16],0.2731342420447618,0.1338954365356914,tvm
16,4,1,1,256,128,[16; 4; 1; 1; 256; 128],0.07285623147618026,0.5019670634952523,tvm
64,8,25,1,128,64,[64; 8; 25; 1; 128; 64],0.11651543702464551,0.3138762511245006,tvm
1280,8,30,1,80,16,[1280; 8; 30; 1; 80; 16],0.43383348593488336,0.08429830743152408,tvm
640,16,100,1,80,16,[640; 16; 100; 1; 80; 16],0.28653423592913896,0.12763371348222707,tvm
160,5,12,1,320,16,[160; 5; 12; 1; 320; 16],0.25834974099416286,0.14155782943964657,tvm
32,16,250,1,256,64,[32; 16; 250; 1; 256; 64],0.0855194695177488,0.4276386275272498,tvm
32,1,1500,1,64,16,[32; 1; 1500; 1; 64; 16],0.2620475150179118,0.1395602952728966,tvm
128,8,30,1,640,128,[128; 8; 30; 1; 640; 128],0.11065631394740194,0.3304956334331903,tvm
40,1,100,1,640,128,[40; 1; 100; 1; 640; 128],0.1225811040494591,0.2983447477897793,tvm
80,5,10,1,256,128,[80; 5; 10; 1; 256; 128],0.11205824103672057,0.32636090155515124,tvm
8,4,1,1,256,128,[8; 4; 1; 1; 256; 128],0.09003966255113482,0.4061702091637575,tvm
640,2,5,1,1280,16,[640; 2; 5; 1; 1280; 16],0.37626893795095384,0.09719491800355737,tvm
1280,16,125,1,1280,16,[1280; 16; 125; 1; 1280; 16],0.42201448197010905,0.08665917908954342,tvm
80,8,1,1,1280,16,[80; 8; 1; 1; 1280; 16],0.21291562996339053,0.17176488441791143,tvm
32,8,5,1,32,16,[32; 8; 5; 1; 32; 16],0.17177114903461188,0.21290786477803345,tvm
640,32,3,1,256,64,[640; 32; 3; 1; 256; 64],0.10706503398250788,0.3415814408409337,tvm
160,1,100,1,640,128,[160; 1; 100; 1; 640; 128],0.11440119904000312,0.3196769691079942,tvm
320,4,75,1,640,64,[320; 4; 75; 1; 640; 64],0.10804511199239641,0.33848295306503323,tvm
80,16,12,1,1280,128,[80; 16; 12; 1; 1280; 128],0.10835848399437964,0.337504062656741,tvm
16,2,12,1,640,64,[16; 2; 12; 1; 640; 64],0.09217223053565249,0.3967727411921819,tvm
40,1,50,1,640,128,[40; 1; 50; 1; 640; 128],0.12407500599510968,0.2947525835531292,tvm
32,1,750,1,640,16,[32; 1; 750; 1; 640; 16],0.28269936505239457,0.12936508918104767,tvm
256,16,50,1,128,16,[256; 16; 50; 1; 128; 16],0.26902257197070867,0.13594185909207088,tvm
640,1,500,1,80,16,[640; 1; 500; 1; 80; 16],0.2931340429931879,0.12476008653924393,tvm
8,4,20,1,128,64,[8; 4; 20; 1; 128; 64],0.08945667796069756,0.408817199622549,tvm
4,1,125,1,1280,64,[4; 1; 125; 1; 1280; 64],0.1396494850050658,0.2618801535150806,tvm
160,10,1500,1,80,16,[160; 10; 1500; 1; 80; 16],0.2651028230320662,0.1379518639339611,tvm
32,8,1500,1,1280,128,[32; 8; 1500; 1; 1280; 128],0.08137401501880959,0.44942391699580136,tvm
5,1,20,1,640,128,[5; 1; 20; 1; 640; 128],0.1222954859258607,0.2990415246691877,tvm
40,20,150,1,128,64,[40; 20; 150; 1; 128; 64],0.11590322793927044,0.3155341677851356,tvm
1280,32,60,1,16,16,[1280; 32; 60; 1; 16; 16],0.4106585580157116,0.08905556174974288,tvm
160,32,25,1,256,64,[160; 32; 25; 1; 256; 64],0.11502797401044518,0.31793508393104175,tvm
160,4,375,1,640,64,[160; 4; 375; 1; 640; 64],0.11651030206121504,0.31389008460568385,tvm
80,1,25,1,1280,16,[80; 1; 25; 1; 1280; 16],0.2259267340414226,0.16187295729563095,tvm
640,10,15,1,128,128,[640; 10; 15; 1; 128; 128],0.11285003100056201,0.32407105471904074,tvm
128,8,150,1,64,64,[128; 8; 150; 1; 64; 64],0.12045964505523443,0.30359900657734346,tvm
320,40,3,1,64,16,[320; 40; 3; 1; 64; 16],0.27626031392719597,0.132380319313857,tvm
1280,32,1,1,1280,64,[1280; 32; 1; 1; 1280; 64],0.44907435693312436,0.08143735665778562,tvm
16,8,75,1,1280,64,[16; 8; 75; 1; 1280; 64],0.10813579498790205,0.3381991002657362,tvm
1280,32,250,1,256,128,[1280; 32; 250; 1; 256; 128],0.3096254130359739,0.11811507399484522,tvm
1280,16,125,1,80,16,[1280; 16; 125; 1; 80; 16],0.4271036080317572,0.08562659711530538,tvm
640,5,250,1,1280,128,[640; 5; 250; 1; 1280; 128],0.10550993995275348,0.3466159547413729,tvm
640,16,375,1,128,16,[640; 16; 375; 1; 128; 16],0.2892206279793754,0.12644820262971185,tvm
128,32,150,1,640,16,[128; 32; 150; 1; 640; 16],0.26860943203791976,0.136150947098037,tvm
160,8,4,1,1280,16,[160; 8; 4; 1; 1280; 16],0.25381088396534324,0.1440892841160517,tvm
320,20,30,1,128,64,[320; 20; 30; 1; 128; 64],0.10726833902299404,0.3409340435819475,tvm
1280,10,20,1,640,16,[1280; 10; 20; 1; 640; 16],0.4466588470386341,0.08187776602635008,tvm
8,2,1,1,80,16,[8; 2; 1; 1; 80; 16],0.10005309607367963,0.36552020883488884,tvm
64,16,100,1,80,16,[64; 16; 100; 1; 80; 16],0.18815246899612248,0.19437123927500655,tvm
64,8,12,1,256,16,[64; 8; 12; 1; 256; 16],0.1989798640133813,0.18379462038917246,tvm
80,20,12,1,64,64,[80; 20; 12; 1; 64; 64],0.11266818305011839,0.32459410972448577,tvm
32,32,3,1,128,16,[32; 32; 3; 1; 128; 16],0.2308914850000292,0.15839227926237276,tvm
320,2,750,1,128,64,[320; 2; 750; 1; 128; 64],0.11157340498175472,0.3277790847864596,tvm
1,1,25,1,640,64,[1; 1; 25; 1; 640; 64],0.4742808979935944,0.07710921676614205,tvm
1280,8,375,1,640,64,[1280; 8; 375; 1; 640; 64],0.296640862012282,0.12328520192175811,tvm
80,2,4,1,320,64,[80; 2; 4; 1; 320; 64],0.11180179403163493,0.32710949666049627,tvm
20,20,1500,1,640,128,[20; 20; 1500; 1; 640; 128],0.09184071247000247,0.3982049745462693,tvm
128,32,50,1,64,64,[128; 32; 50; 1; 64; 64],0.11313747195526958,0.3232477086449977,tvm
160,1,500,1,1280,16,[160; 1; 500; 1; 1280; 16],0.27318913605995476,0.13386853188555242,tvm
8,8,3,1,128,64,[8; 8; 3; 1; 128; 64],0.13627059594728053,0.26837358651881943,tvm
20,4,3,1,640,128,[20; 4; 3; 1; 640; 128],0.09258098801365122,0.39502093632913116,tvm
20,4,300,1,256,128,[20; 4; 300; 1; 256; 128],0.07514192746020854,0.48669803673581574,tvm
16,1,100,1,160,16,[16; 1; 100; 1; 160; 16],0.11247414199169725,0.32515410141228945,tvm
64,2,2,1,1280,128,[64; 2; 2; 1; 1280; 128],0.10923542396631092,0.3347945862571788,tvm
320,32,25,1,64,16,[320; 32; 25; 1; 64; 16],0.2750029090093449,0.132985606236572,tvm
320,32,125,1,1280,128,[320; 32; 125; 1; 1280; 128],0.10563733300659806,0.3461979541753893,tvm
5,5,750,1,640,64,[5; 5; 750; 1; 640; 64],0.12967209494672716,0.28203005886851074,tvm
160,40,2,1,32,16,[160; 40; 2; 1; 32; 16],0.25955977791454643,0.14089790361690324,tvm
16,4,250,1,640,128,[16; 4; 250; 1; 640; 128],0.09180440701311454,0.39836245079393884,tvm
20,20,50,1,32,16,[20; 20; 50; 1; 32; 16],0.13513495901133865,0.2706289241436038,tvm
1280,2,6,1,80,16,[1280; 2; 6; 1; 80; 16],0.4429924580035731,0.08255542032531306,tvm
320,16,100,1,256,16,[320; 16; 100; 1; 256; 16],0.27351903601083905,0.13370706881980718,tvm
5,1,75,1,320,64,[5; 1; 75; 1; 320; 64],0.11577556806150824,0.3158820913925399,tvm
40,40,1,1,320,64,[40; 40; 1; 1; 320; 64],0.11805205699056387,0.30979069322232816,tvm
256,16,750,1,320,64,[256; 16; 750; 1; 320; 64],0.11884251295123249,0.30773018563176807,tvm
40,20,60,1,640,128,[40; 20; 60; 1; 640; 128],0.11614086001645774,0.3148885634758191,tvm
128,8,2,1,32,16,[128; 8; 2; 1; 32; 16],0.25054216501303017,0.1459691568065063,tvm
4,1,1,1,32,16,[4; 1; 1; 1; 32; 16],0.12753320392221212,0.28676005500289187,tvm
320,32,50,1,256,64,[320; 32; 50; 1; 256; 64],0.11321806698106229,0.3230176026370931,tvm
640,2,300,1,128,64,[640; 2; 300; 1; 128; 64],0.1167057059938088,0.31336452883776456,tvm
20,20,20,1,1280,128,[20; 20; 20; 1; 1280; 128],0.07002651004586369,0.5222511952612833,tvm
16,16,15,1,1280,128,[16; 16; 15; 1; 1280; 128],0.07342254550894722,0.49809535092966783,tvm
80,20,25,1,1280,128,[80; 20; 25; 1; 1280; 128],0.11290364700835198,0.32391715892687883,tvm
4,2,10,1,128,64,[4; 2; 10; 1; 128; 64],0.09321730298688635,0.39232446551873934,tvm
4,1,100,1,64,16,[4; 1; 100; 1; 64; 16],0.15020181890577078,0.2434819287665996,tvm
1280,10,300,1,256,128,[1280; 10; 300; 1; 256; 128],0.29801882605534047,0.12271516217783322,tvm
64,4,50,1,16,16,[64; 4; 50; 1; 16; 16],0.23337872000411153,0.15670421266679446,tvm
64,1,6,1,16,16,[64; 1; 6; 1; 16; 16],0.2509491560049355,0.14573242306783973,tvm
640,40,12,1,1280,128,[640; 40; 12; 1; 1280; 128],0.14125600003171712,0.25890177099179473,tvm
320,16,4,1,640,16,[320; 16; 4; 1; 640; 16],0.27968478098046035,0.13075945156266322,tvm
32,4,30,1,640,64,[32; 4; 30; 1; 640; 64],0.08580518001690507,0.42621469431359954,tvm
64,4,15,1,80,16,[64; 4; 15; 1; 80; 16],0.2195770179387182,0.16655399055303366,tvm
128,2,100,1,128,16,[128; 2; 100; 1; 128; 16],0.24549606908112764,0.1489695077738415,tvm
160,8,100,1,320,64,[160; 8; 100; 1; 320; 64],0.10723281104583293,0.34104700058452625,tvm
256,1,5,1,256,16,[256; 1; 5; 1; 256; 16],0.2799276401055977,0.13064600750977168,tvm
40,40,4,1,320,16,[40; 40; 4; 1; 320; 16],0.17450317996554077,0.20957456808896177,tvm
4,4,500,1,320,16,[4; 4; 500; 1; 320; 16],0.20818550291005522,0.17566750835301415,tvm
160,40,375,1,1280,16,[160; 40; 375; 1; 1280; 16],0.2776320349657908,0.13172625621511877,tvm
64,16,1500,1,640,128,[64; 16; 1500; 1; 640; 128],0.11475778603926301,0.318683636497798,tvm
256,64,10,1,256,128,[256; 64; 10; 1; 256; 128],0.11448967398609966,0.3194299302124728,tvm
128,32,20,1,256,64,[128; 32; 20; 1; 256; 64],0.12223091896157712,0.29919948963915327,tvm
4,2,1,1,1280,128,[4; 2; 1; 1; 1280; 128],0.12737485603429377,0.28711654489785854,tvm
20,10,250,1,32,16,[20; 10; 250; 1; 32; 16],0.1324735339730978,0.27606592407246683,tvm
160,1,30,1,128,16,[160; 1; 30; 1; 128; 16],0.2774700849549845,0.13180314042633373,tvm
640,2,1500,1,128,16,[640; 2; 1500; 1; 128; 16],0.29026739206165075,0.12599220433158767,tvm
320,40,125,1,1280,16,[320; 40; 125; 1; 1280; 16],0.2863414790481329,0.1277196328418806,tvm
160,8,6,1,320,64,[160; 8; 6; 1; 320; 64],0.1070119240321219,0.3417509674945278,tvm
128,4,60,1,640,64,[128; 4; 60; 1; 640; 64],0.10725467605516315,0.3409774745170009,tvm
256,4,30,1,320,16,[256; 4; 30; 1; 320; 16],0.26748816296458244,0.13672167084369607,tvm
256,32,30,1,16,16,[256; 32; 30; 1; 16; 16],0.2756475650239736,0.13267459325551412,tvm
64,2,15,1,320,16,[64; 2; 15; 1; 320; 16],0.22225708898622543,0.16454561129294337,tvm
64,16,1,1,64,16,[64; 16; 1; 1; 64; 16],0.25355038908310235,0.14423731986245195,tvm
320,8,75,1,640,128,[320; 8; 75; 1; 640; 128],0.10616058704908937,0.3444915819325462,tvm
640,40,25,1,64,16,[640; 40; 25; 1; 64; 16],0.28500017698388547,0.1283207223183458,tvm
80,40,125,1,256,64,[80; 40; 125; 1; 256; 64],0.11222155299037695,0.3258859603784363,tvm
160,8,5,1,80,16,[160; 8; 5; 1; 80; 16],0.2539566610939801,0.14400657345977164,tvm
40,1,25,1,640,16,[40; 1; 25; 1; 640; 16],0.2435643239878118,0.15015100722739116,tvm
640,40,12,1,256,64,[640; 40; 12; 1; 256; 64],0.10555904696229845,0.346454705909674,tvm
2,2,15,1,64,64,[2; 2; 15; 1; 64; 64],0.1640688139013946,0.22290298626409288,tvm
640,40,150,1,1280,16,[640; 40; 150; 1; 1280; 16],0.29030073701869696,0.12597773242674604,tvm
16,16,5,1,256,128,[16; 16; 5; 1; 256; 128],0.1160898800007999,0.3150268444689286,tvm
256,4,12,1,1280,64,[256; 4; 12; 1; 1280; 64],0.1403907089261338,0.26049749909497594,tvm
256,64,75,1,640,64,[256; 64; 75; 1; 640; 64],0.1239569109166041,0.29503339750079083,tvm
1280,32,1500,1,1280,16,[1280; 32; 1500; 1; 1280; 16],0.4113631440559402,0.08890302668061902,tvm
80,40,60,1,256,16,[80; 40; 60; 1; 256; 16],0.23289365402888507,0.1570305928855096,tvm
16,1,4,1,320,64,[16; 1; 4; 1; 320; 64],0.08645913802320138,0.4229908996040951,tvm
320,64,20,1,64,16,[320; 64; 20; 1; 64; 16],0.2774502109969035,0.13181258158003972,tvm
20,5,20,1,640,16,[20; 5; 20; 1; 640; 16],0.11689645191654563,0.3128531958997142,tvm
1280,40,250,1,256,128,[1280; 40; 250; 1; 256; 128],0.3048580610193312,0.11996215041566363,tvm
160,32,1500,1,320,16,[160; 32; 1500; 1; 320; 16],0.2772489129565656,0.13190828480239317,tvm
16,8,75,1,320,16,[16; 8; 75; 1; 320; 16],0.12443130405154079,0.29390858554596755,tvm
128,16,1,1,1280,128,[128; 16; 1; 1; 1280; 128],0.11037592601496726,0.33133519139372286,tvm
16,16,60,1,1280,64,[16; 16; 60; 1; 1280; 64],0.10034966201055795,0.3644399775614674,tvm
40,10,2,1,256,64,[40; 10; 2; 1; 256; 64],0.1168240070110187,0.31304720242971296,tvm
10,10,375,1,16,16,[10; 10; 375; 1; 16; 16],0.14327706897165626,0.2552496979029024,tvm
32,16,500,1,1280,16,[32; 16; 500; 1; 1280; 16],0.1680071469163522,0.21767781456128674,tvm
32,16,5,1,1280,16,[32; 16; 5; 1; 1280; 16],0.14710063696838915,0.24861502523124698,tvm
80,2,100,1,128,64,[80; 2; 100; 1; 128; 64],0.11344921099953353,0.3223594791820892,tvm
1280,5,4,1,16,16,[1280; 5; 4; 1; 16; 16],0.44145146291702986,0.08284360035817147,tvm
128,1,12,1,160,16,[128; 1; 12; 1; 160; 16],0.26075451902579516,0.1402523289263138,tvm
640,5,60,1,32,16,[640; 5; 60; 1; 32; 16],0.2893534259637818,0.12639016956379912,tvm
1280,1,30,1,1280,16,[1280; 1; 30; 1; 1280; 16],0.4473963261116296,0.08174280036958474,tvm
16,4,750,1,128,16,[16; 4; 750; 1; 128; 16],0.12588692107237875,0.29051015196727076,tvm
256,2,3,1,640,128,[256; 2; 3; 1; 640; 128],0.10388373606838286,0.352041907188965,tvm
256,2,30,1,128,16,[256; 2; 30; 1; 128; 16],0.2739290719619021,0.1335069268460666,tvm
4,2,750,1,1280,16,[4; 2; 750; 1; 1280; 16],0.20487774105276912,0.1785036694738307,tvm
128,16,4,1,64,64,[128; 16; 4; 1; 64; 64],0.11166682001203299,0.3275048807469194,tvm
320,2,50,1,1280,64,[320; 2; 50; 1; 1280; 64],0.1106468919897452,0.33052377625589363,tvm
160,32,3,1,256,64,[160; 32; 3; 1; 256; 64],0.1074534950312227,0.3403465709589254,tvm
320,32,500,1,320,64,[320; 32; 500; 1; 320; 64],0.11124752694740891,0.32873924998546106,tvm
640,10,20,1,64,64,[640; 10; 20; 1; 64; 64],0.1077040450181812,0.33955482883911237,tvm
16,4,75,1,640,128,[16; 4; 75; 1; 640; 128],0.08345746400300413,0.4382044075783581,tvm
320,8,1500,1,64,64,[320; 8; 1500; 1; 64; 64],0.11056981806177646,0.330754171549742,tvm
128,4,750,1,1280,64,[128; 4; 750; 1; 1280; 64],0.10914402094203979,0.33507496109978935,tvm
64,8,75,1,128,16,[64; 8; 75; 1; 128; 16],0.1873945080442354,0.1951574192494249,tvm
16,4,750,1,64,64,[16; 4; 750; 1; 64; 64],0.08453895145794377,0.43259855889769394,tvm
1280,10,10,1,128,128,[1280; 10; 10; 1; 128; 128],0.29730129695963115,0.12301133209114254,tvm
640,64,125,1,64,64,[640; 64; 125; 1; 64; 64],0.10810949304141104,0.33828138068707797,tvm
640,5,375,1,320,16,[640; 5; 375; 1; 320; 16],0.2907819040119648,0.125769272663968,tvm
1280,40,6,1,128,64,[1280; 40; 6; 1; 128; 64],0.3038057510275394,0.1203776704283437,tvm
640,5,100,1,256,16,[640; 5; 100; 1; 256; 16],0.28723948902916163,0.1273203370993175,tvm
320,2,60,1,1280,16,[320; 2; 60; 1; 1280; 16],0.2840621459763497,0.1287444634543929,tvm
256,16,125,1,128,128,[256; 16; 125; 1; 128; 128],0.10569768399000168,0.3460002829852733,tvm
5,1,3,1,256,64,[5; 1; 3; 1; 256; 64],0.10752220102585852,0.34012909168994165,tvm
16,2,750,1,64,64,[16; 2; 750; 1; 64; 64],0.08293524448527023,0.44096365542063204,tvm
80,4,75,1,1280,128,[80; 4; 75; 1; 1280; 128],0.1103187520056963,0.33150690980931524,tvm
160,4,3,1,80,16,[160; 4; 3; 1; 80; 16],0.260965576977469,0.14013889875822985,tvm
160,10,150,1,160,16,[160; 10; 150; 1; 160; 16],0.252239971072413,0.14498665067214764,tvm
160,10,125,1,32,16,[160; 10; 125; 1; 32; 16],0.25991037697531283,0.1407078432074386,tvm
8,2,100,1,320,64,[8; 2; 100; 1; 320; 64],0.09167768899351358,0.3989130722308684,tvm
8,1,300,1,1280,64,[8; 1; 300; 1; 1280; 64],0.11829608597327024,0.3091516365105446,tvm
128,1,375,1,1280,64,[128; 1; 375; 1; 1280; 64],0.1163855449995026,0.3142265525464083,tvm
1280,2,20,1,640,128,[1280; 2; 20; 1; 640; 128],0.3237449990119785,0.1129636864910319,tvm
5,5,60,1,1280,16,[5; 5; 60; 1; 1280; 16],0.1604038269724697,0.22799598526851467,tvm
320,20,6,1,1280,16,[320; 20; 6; 1; 1280; 16],0.3304949529701844,0.1106565417800128,tvm
1280,8,3,1,128,16,[1280; 8; 3; 1; 128; 16],0.42914924502838403,0.08521843856211313,tvm
32,32,15,1,1280,16,[32; 32; 15; 1; 1280; 16],0.14000012702308595,0.26122425278512756,tvm
2,1,125,1,256,16,[2; 1; 125; 1; 256; 16],0.413725939928554,0.08839529998468083,tvm
320,20,30,1,640,64,[320; 20; 30; 1; 640; 64],0.10795551806222647,0.33876386522779217,tvm
4,2,250,1,16,16,[4; 2; 250; 1; 16; 16],0.17724577500484884,0.20633173665453017,tvm
40,4,30,1,128,128,[40; 4; 30; 1; 128; 128],0.11440726299770176,0.3196600251870655,tvm
32,16,10,1,80,16,[32; 16; 10; 1; 80; 16],0.1376880620373413,0.2656107438095129,tvm
80,5,300,1,128,128,[80; 5; 300; 1; 128; 128],0.1104576849611476,0.33108994258110885,tvm
320,4,4,1,256,16,[320; 4; 4; 1; 256; 16],0.27696224802639335,0.13204481416522684,tvm
80,4,750,1,256,16,[80; 4; 750; 1; 256; 16],0.22920346399769187,0.15955879520126648,tvm
40,4,20,1,256,128,[40; 4; 20; 1; 256; 128],0.12021939095575362,0.3042057381981629,tvm
40,4,12,1,1280,128,[40; 4; 12; 1; 1280; 128],0.1167032909579575,0.31337101354411223,tvm
16,8,30,1,256,128,[16; 8; 30; 1; 256; 128],0.07632637250935659,0.4791453775291811,tvm
16,16,12,1,1280,128,[16; 16; 12; 1; 1280; 128],0.07330385950626805,0.49890181523527327,tvm
80,8,30,1,64,64,[80; 8; 30; 1; 64; 64],0.11397375597152859,0.3208758740965276,tvm
8,1,300,1,256,16,[8; 1; 300; 1; 256; 16],0.13432821596506983,0.2722542565512704,tvm
64,4,25,1,128,64,[64; 4; 25; 1; 128; 64],0.11696921207476407,0.312658587013931,tvm
640,1,30,1,160,16,[640; 1; 30; 1; 160; 16],0.28870332799851894,0.12667477311385958,tvm
320,20,50,1,256,64,[320; 20; 50; 1; 256; 64],0.10541983903385699,0.3469122027371259,tvm
8,1,15,1,640,16,[8; 1; 15; 1; 640; 16],0.11739216709975153,0.3115321019702513,tvm
80,20,75,1,1280,64,[80; 20; 75; 1; 1280; 64],0.11008507292717695,0.3322106040264075,tvm
640,10,25,1,640,64,[640; 10; 25; 1; 640; 64],0.11953892803285271,0.3059373977435844,tvm
640,16,2,1,64,64,[640; 16; 2; 1; 64; 64],0.10833091905806214,0.33758994098284517,tvm
1280,5,15,1,16,16,[1280; 5; 15; 1; 16; 16],0.4425609379541129,0.08263591617573013,tvm
160,5,20,1,128,16,[160; 5; 20; 1; 128; 16],0.2551795110339299,0.14331647718599894,tvm
320,1,250,1,256,128,[320; 1; 250; 1; 256; 128],0.1148122560698539,0.31853244438623207,tvm
80,1,1,1,160,16,[80; 1; 1; 1; 160; 16],0.2394988340092823,0.15269981886430048,tvm
320,16,12,1,64,16,[320; 16; 12; 1; 64; 16],0.27638256503269076,0.13232176409934857,tvm
1,1,500,1,128,64,[1; 1; 500; 1; 128; 64],0.3024222099920735,0.12092838211977591,tvm
128,64,750,1,80,16,[128; 64; 750; 1; 80; 16],0.25069659599103034,0.14587923871426264,tvm
640,10,300,1,256,64,[640; 10; 300; 1; 256; 64],0.10926372394897044,0.33470787238140054,tvm
160,1,20,1,256,16,[160; 1; 20; 1; 256; 16],0.28788491198793054,0.12703489154361036,tvm
640,16,300,1,640,64,[640; 16; 300; 1; 640; 64],0.11659149406477809,0.3136714977776126,tvm
64,4,30,1,128,128,[64; 4; 30; 1; 128; 128],0.11195544293150306,0.3266605679350831,tvm
16,8,30,1,256,16,[16; 8; 30; 1; 256; 16],0.10491782298777252,0.3485721255929103,tvm
256,4,75,1,80,16,[256; 4; 75; 1; 80; 16],0.27480065706185997,0.1330834829961707,tvm
4,1,375,1,640,64,[4; 1; 375; 1; 640; 64],0.12906792596913874,0.2833502459795714,tvm
160,2,4,1,128,64,[160; 2; 4; 1; 128; 64],0.10976333799771965,0.3331843695586987,tvm
1280,10,60,1,80,16,[1280; 10; 60; 1; 80; 16],0.43412494007498026,0.08424171291589953,tvm
128,32,60,1,320,16,[128; 32; 60; 1; 320; 16],0.2506099999882281,0.14592964595645205,tvm
16,4,12,1,128,64,[16; 4; 12; 1; 128; 64],0.08667429548222572,0.42194088071853175,tvm
8,2,15,1,128,64,[8; 2; 15; 1; 128; 64],0.09132576000411063,0.400450306351488,tvm
160,5,300,1,160,16,[160; 5; 300; 1; 160; 16],0.2653902090387419,0.13780247848589564,tvm
64,2,500,1,1280,16,[64; 2; 500; 1; 1280; 16],0.2309505690354854,0.1583517577989141,tvm
320,40,25,1,320,16,[320; 40; 25; 1; 320; 16],0.2741820530500263,0.1333837432632977,tvm
80,16,4,1,64,16,[80; 16; 4; 1; 64; 16],0.22157126502133906,0.16505492518583786,tvm
32,2,125,1,1280,16,[32; 2; 125; 1; 1280; 16],0.16778718901332468,0.2179631757733559,tvm
640,16,6,1,640,128,[640; 16; 6; 1; 640; 128],0.16870509297586977,0.21677726455276283,tvm
160,32,12,1,160,16,[160; 32; 12; 1; 160; 16],0.25726108194794506,0.14215686373747172,tvm
5,5,75,1,160,16,[5; 5; 75; 1; 160; 16],0.13192893110681325,0.27720552470647514,tvm
320,5,125,1,16,16,[320; 5; 125; 1; 16; 16],0.2808345089433715,0.13022412633343067,tvm
160,32,100,1,256,128,[160; 32; 100; 1; 256; 128],0.1117967419559136,0.3271242786829182,tvm
80,8,6,1,64,16,[80; 8; 6; 1; 64; 16],0.23064909502863884,0.1585587342837293,tvm
16,16,1500,1,80,16,[16; 16; 1500; 1; 80; 16],0.13416563696227968,0.272584168341932,tvm
1280,2,25,1,128,128,[1280; 2; 25; 1; 128; 128],0.30465463001746684,0.12004225430393693,tvm
8,2,25,1,640,64,[8; 2; 25; 1; 640; 64],0.09118475602008402,0.4010695445999053,tvm
40,1,100,1,80,16,[40; 1; 100; 1; 80; 16],0.22424351808149368,0.1630880075567577,tvm
64,64,100,1,128,128,[64; 64; 100; 1; 128; 128],0.10642400197684765,0.3436389150201721,tvm
16,16,100,1,256,16,[16; 16; 100; 1; 256; 16],0.11472839501220733,0.3187652766129719,tvm
40,8,1,1,640,128,[40; 8; 1; 1; 640; 128],0.1145604900084436,0.3192324733311904,tvm
80,16,10,1,64,16,[80; 16; 10; 1; 64; 16],0.22168210102245212,0.16497240148280892,tvm
4,4,1,1,256,64,[4; 4; 1; 1; 256; 64],0.13461173698306084,0.27168083104098584,tvm
32,4,25,1,256,128,[32; 4; 25; 1; 256; 128],0.07855879148701206,0.46552941916723406,tvm
128,8,15,1,256,128,[128; 8; 15; 1; 256; 128],0.10846161399967968,0.33718314916037095,tvm
1280,8,10,1,1280,16,[1280; 8; 10; 1; 1280; 16],0.4670096469344571,0.0783097925524464,tvm
16,1,1,1,1280,64,[16; 1; 1; 1; 1280; 64],0.12737812008708715,0.2871091875623934,tvm
80,10,300,1,16,16,[80; 10; 300; 1; 16; 16],0.23216375696938485,0.1575242796241069,tvm
160,20,125,1,64,16,[160; 20; 125; 1; 64; 16],0.25486284494400024,0.1434945473494351,tvm
40,10,150,1,256,16,[40; 10; 150; 1; 256; 16],0.15153029304929078,0.24134730973913168,tvm
80,2,20,1,160,16,[80; 2; 20; 1; 160; 16],0.23028343403711915,0.15881050551614434,tvm
1,1,150,1,128,128,[1; 1; 150; 1; 128; 128],0.2985394949791953,0.12250114033983066,tvm
1280,8,30,1,320,16,[1280; 8; 30; 1; 320; 16],0.4426670629763976,0.08261610503733935,tvm
160,5,20,1,64,64,[160; 5; 20; 1; 64; 64],0.1138398190960288,0.3212533967625071,tvm
1280,64,375,1,320,16,[1280; 64; 375; 1; 320; 16],0.44310655700974166,0.08253416247826943,tvm
5,5,1,1,16,16,[5; 5; 1; 1; 16; 16],0.17031092499382794,0.21473330952053676,tvm
5,5,6,1,1280,64,[5; 5; 6; 1; 1280; 64],0.11486902507022023,0.3183750236329786,tvm
1280,5,50,1,640,64,[1280; 5; 50; 1; 640; 64],0.3139507609885186,0.11648778444198776,tvm
20,20,6,1,1280,16,[20; 20; 6; 1; 1280; 16],0.11784929793793708,0.31032368636330926,tvm
4,1,10,1,320,64,[4; 1; 10; 1; 320; 64],0.13357446598820388,0.27379056544128905,tvm
40,1,1500,1,256,64,[40; 1; 1500; 1; 256; 64],0.1301603929605335,0.28097202028667473,tvm
256,1,4,1,640,64,[256; 1; 4; 1; 640; 64],0.11720925197005272,0.3120182746390419,tvm
32,32,500,1,128,64,[32; 32; 500; 1; 128; 64],0.08406212949194014,0.43505236891405463,tvm
128,16,5,1,128,64,[128; 16; 5; 1; 128; 64],0.11660150205716491,0.31364457512304694,tvm
40,2,125,1,256,16,[40; 2; 125; 1; 256; 16],0.20908250799402595,0.17491386018993765,tvm
320,64,1,1,256,16,[320; 64; 1; 1; 256; 16],0.2749856709269807,0.13299394273216403,tvm
20,2,375,1,64,64,[20; 2; 375; 1; 64; 64],0.08762762497644871,0.41735044834614327,tvm
1280,1,50,1,64,64,[1280; 1; 50; 1; 64; 64],0.30332126398570836,0.12056994650118469,tvm
256,32,1500,1,1280,16,[256; 32; 1500; 1; 1280; 16],0.2797269489383325,0.1307397399865501,tvm
8,1,3,1,640,64,[8; 1; 3; 1; 640; 64],0.10937847301829606,0.33435673000583177,tvm
80,4,5,1,256,64,[80; 4; 5; 1; 256; 64],0.11938646296039224,0.30632810173429414,tvm
320,8,30,1,128,64,[320; 8; 30; 1; 128; 64],0.1147585220169276,0.3186815926928203,tvm
256,64,1,1,320,64,[256; 64; 1; 1; 320; 64],0.11334906402043998,0.3226442925442572,tvm
640,64,12,1,128,16,[640; 64; 12; 1; 128; 16],0.28592201496940106,0.12790700490601395,tvm
16,1,125,1,128,128,[16; 1; 125; 1; 128; 128],0.0807001159992069,0.453176902147055,tvm
40,20,20,1,1280,128,[40; 20; 20; 1; 1280; 128],0.11468858201988041,0.31887593278543797,tvm
16,8,12,1,256,128,[16; 8; 12; 1; 256; 128],0.0748563829693012,0.4885545777228726,tvm
256,2,25,1,256,16,[256; 2; 25; 1; 256; 16],0.26985132799018174,0.13552436018680325,tvm
160,32,50,1,320,16,[160; 32; 50; 1; 320; 16],0.2619731680024415,0.1395999019681578,tvm
32,1,2,1,128,64,[32; 1; 2; 1; 128; 64],0.08115521451691166,0.45063559734424186,tvm
64,8,2,1,128,64,[64; 8; 2; 1; 128; 64],0.1135181279387325,0.3221637745045156,tvm
640,32,25,1,1280,16,[640; 32; 25; 1; 1280; 16],0.3027743969578296,0.12078771831068082,tvm
128,1,3,1,32,16,[128; 1; 3; 1; 32; 16],0.26488823792897165,0.13806361829185865,tvm
160,8,2,1,1280,64,[160; 8; 2; 1; 1280; 64],0.1042574429884553,0.3507800260886719,tvm
64,64,15,1,640,128,[64; 64; 15; 1; 640; 128],0.14743414998520166,0.24805262942879477,tvm
160,2,15,1,640,128,[160; 2; 15; 1; 640; 128],0.10567321500275284,0.3460804005109135,tvm
256,16,15,1,256,128,[256; 16; 15; 1; 256; 128],0.1044304899405688,0.3501987646734331,tvm
10,5,4,1,256,128,[10; 5; 4; 1; 256; 128],0.12131945905275643,0.3014473428827711,tvm
640,2,300,1,160,16,[640; 2; 300; 1; 160; 16],0.28980110597331077,0.12619492409665484,tvm
640,40,150,1,16,16,[640; 40; 150; 1; 16; 16],0.28708317992277443,0.12738965961456297,tvm
160,1,30,1,256,128,[160; 1; 30; 1; 256; 128],0.1145215230062604,0.31934109511824577,tvm
1280,4,6,1,320,16,[1280; 4; 6; 1; 320; 16],0.46293584001250565,0.0789989139109226,tvm
320,5,30,1,160,16,[320; 5; 30; 1; 160; 16],0.27331878803670406,0.1338050297754042,tvm
640,64,30,1,160,16,[640; 64; 30; 1; 160; 16],0.28445971896871924,0.12856452472081,tvm
640,10,15,1,128,16,[640; 10; 15; 1; 128; 16],0.28555825096555054,0.12806994176414294,tvm
160,20,250,1,16,16,[160; 20; 250; 1; 16; 16],0.26493293908424675,0.1380403233280069,tvm
20,10,12,1,160,16,[20; 10; 12; 1; 160; 16],0.11166851501911879,0.32749990957762065,tvm
40,2,2,1,128,64,[40; 2; 2; 1; 128; 64],0.11559130006935447,0.31638564969410166,tvm
20,1,25,1,160,16,[20; 1; 25; 1; 160; 16],0.11525985994376242,0.31729544517295527,tvm
256,4,6,1,128,64,[256; 4; 6; 1; 128; 64],0.10754457395523787,0.3400583332697967,tvm
64,1,20,1,64,64,[64; 1; 20; 1; 64; 64],0.11564704705961049,0.3162331378213035,tvm
4,4,75,1,320,64,[4; 4; 75; 1; 320; 64],0.14541580702643842,0.25149555140714125,tvm
128,4,25,1,128,64,[128; 4; 25; 1; 128; 64],0.11175448808353394,0.32724796291037783,tvm
640,20,100,1,128,128,[640; 20; 100; 1; 128; 128],0.1037757049780339,0.3524083847868787,tvm
128,2,10,1,256,128,[128; 2; 10; 1; 256; 128],0.10843086196109653,0.3372787775545849,tvm
2,2,20,1,1280,64,[2; 2; 20; 1; 1280; 64],0.24724892689846456,0.14791339655215988,tvm
80,5,5,1,16,16,[80; 5; 5; 1; 16; 16],0.23345927405171096,0.15665014259972404,tvm
1280,8,250,1,128,64,[1280; 8; 250; 1; 128; 64],0.30477321695070714,0.11999554599098351,tvm
640,2,250,1,32,16,[640; 2; 250; 1; 32; 16],0.2897726109949872,0.1262073335566598,tvm
640,5,300,1,128,64,[640; 5; 300; 1; 128; 64],0.10987223300617188,0.33285414859434265,tvm
40,5,10,1,160,16,[40; 5; 10; 1; 160; 16],0.15350984001997858,0.23823507709127295,tvm
20,2,30,1,16,16,[20; 2; 30; 1; 16; 16],0.14360440708696842,0.25466787066834595,tvm
16,8,1500,1,256,16,[16; 8; 1500; 1; 256; 16],0.14360032801050693,0.2546751047027742,tvm
640,40,50,1,256,128,[640; 40; 50; 1; 256; 128],0.11181650904472917,0.327066449166278,tvm
32,32,125,1,160,16,[32; 32; 125; 1; 160; 16],0.14240780100226402,0.25680776133076555,tvm
320,32,75,1,80,16,[320; 32; 75; 1; 80; 16],0.27833495708182454,0.13139358762139733,tvm
320,32,750,1,128,64,[320; 32; 750; 1; 128; 64],0.11911822506226599,0.30701791058682915,tvm
1280,20,4,1,64,64,[1280; 20; 4; 1; 64; 64],0.3026138619752601,0.12085179552818515,tvm
4,2,500,1,160,16,[4; 2; 500; 1; 160; 16],0.14723265601787716,0.24839209969144366,tvm
80,40,4,1,640,64,[80; 40; 4; 1; 640; 64],0.11010603804606944,0.3321473483236835,tvm
320,8,125,1,320,64,[320; 8; 125; 1; 320; 64],0.10622708196751773,0.34427594069289635,tvm
64,2,20,1,16,16,[64; 2; 20; 1; 16; 16],0.2363212499767542,0.1547530261245061,tvm
40,20,250,1,1280,64,[40; 20; 250; 1; 1280; 64],0.11481407901737839,0.31852738692345456,tvm
32,1,5,1,640,64,[32; 1; 5; 1; 640; 64],0.08513056399533525,0.4295922269871549,tvm
80,8,60,1,640,128,[80; 8; 60; 1; 640; 128],0.11531182192265987,0.31715246504349903,tvm
4,1,15,1,80,16,[4; 1; 15; 1; 80; 16],0.1090494180098176,0.33536564650107614,tvm
40,40,125,1,64,16,[40; 40; 125; 1; 64; 16],0.1497458660742268,0.24422329330480924,tvm
640,2,750,1,128,64,[640; 2; 750; 1; 128; 64],0.1085061359917745,0.33704479693388895,tvm
256,1,750,1,1280,128,[256; 1; 750; 1; 1280; 128],0.11518939898815006,0.31748953369563815,tvm
16,1,50,1,1280,128,[16; 1; 50; 1; 1280; 128],0.08515636797528714,0.4294620524684873,tvm
256,8,100,1,128,128,[256; 8; 100; 1; 128; 128],0.10592413507401943,0.345260582452456,tvm
640,4,50,1,320,64,[640; 4; 50; 1; 320; 64],0.10743631306104362,0.34040100157429326,tvm
320,4,50,1,80,16,[320; 4; 50; 1; 80; 16],0.2805836700135842,0.13034054536979292,tvm
320,64,250,1,640,64,[320; 64; 250; 1; 640; 64],0.11592633998952806,0.3154712602393224,tvm
40,8,100,1,1280,16,[40; 8; 100; 1; 1280; 16],0.15966114809270948,0.22905653008453167,tvm
128,64,50,1,80,16,[128; 64; 50; 1; 80; 16],0.24580765306018293,0.14878067511785126,tvm
320,64,25,1,80,16,[320; 64; 25; 1; 80; 16],0.2742856990080327,0.13333334075998454,tvm
2,2,150,1,64,16,[2; 2; 150; 1; 64; 16],0.25403543398715556,0.1439619190025187,tvm
640,64,10,1,16,16,[640; 64; 10; 1; 16; 16],0.2876626730430871,0.12713303462194686,tvm
32,1,30,1,1280,16,[32; 1; 30; 1; 1280; 16],0.19079618202522397,0.19167798948195774,tvm
4,4,3,1,640,16,[4; 4; 3; 1; 640; 16],0.12154036795254797,0.3008994393180286,tvm
64,1,50,1,128,128,[64; 1; 50; 1; 128; 128],0.11899232992436737,0.3073427387687401,tvm
