i1,i2,i3,j1,j2,j3,k1,ku,nvr,X,time,peak,backend
375,75,3,5120,512,64,256,64,4,[375; 75; 3; 5120; 512; 64; 256; 64; 4],0.3026319550117478,0.4833782813187579,tvm
375,15,15,5120,256,16,320,32,1,[375; 15; 15; 5120; 256; 16; 320; 32; 1],0.6591814960120246,0.22192023770498223,tvm
750,15,3,1280,640,16,128,4,1,[750; 15; 3; 1280; 640; 16; 128; 4; 1],0.549762999988161,0.26608868601354496,tvm
300,60,3,5120,5120,32,40,2,2,[300; 60; 3; 5120; 5120; 32; 40; 2; 2],0.43249895598273724,0.33823368186709135,tvm
750,2,2,1280,64,32,40,2,2,[750; 2; 2; 1280; 64; 32; 40; 2; 2],0.916731612989679,0.15957310974434702,tvm
300,5,1,640,320,16,320,32,1,[300; 5; 1; 640; 320; 16; 320; 32; 1],2.028598902048543,0.07211169942860088,tvm
150,30,5,5120,1280,16,32,32,1,[150; 30; 5; 5120; 1280; 16; 32; 32; 1],0.4277748300228268,0.3419689612825239,tvm
500,5,5,5120,256,64,640,1,4,[500; 5; 5; 5120; 256; 64; 640; 1; 4],0.5165110339876264,0.2832189530518698,tvm
500,500,25,640,32,16,160,5,1,[500; 500; 25; 640; 32; 16; 160; 5; 1],0.35435450193472207,0.41282307262082574,tvm
1500,1500,5,1280,1280,64,80,40,4,[1500; 1500; 5; 1280; 1280; 64; 80; 40; 4],0.19866522902157158,0.7363428165370107,tvm
250,50,1,1280,1280,160,20,2,10,[250; 50; 1; 1280; 1280; 160; 20; 2; 10],0.6621195269981399,0.2209355083498772,tvm
12,12,4,512,64,16,20,20,1,[12; 12; 4; 512; 64; 16; 20; 20; 1],0.7020849050022662,0.20835900792546183,tvm
750,150,2,2560,1280,32,1280,10,2,[750; 150; 2; 2560; 1280; 32; 1280; 10; 2],0.9248698599403724,0.15816897124871768,tvm
5,1,1,2560,2560,32,40,10,2,[5; 1; 1; 2560; 2560; 32; 40; 10; 2],1.8675481090322137,0.07833035924387584,tvm
2,2,2,1280,640,80,128,2,5,[2; 2; 2; 1280; 640; 80; 128; 2; 5],1.06907496904023,0.13683391578893986,tvm
75,75,3,512,128,64,320,10,4,[75; 75; 3; 512; 128; 64; 320; 10; 4],0.48223838000558317,0.30334730778587277,tvm
150,10,5,2560,2560,80,16,8,5,[150; 10; 5; 2560; 2560; 80; 16; 8; 5],0.3420864399522543,0.42762792441036745,tvm
6,1,1,5120,640,64,4,4,4,[6; 1; 1; 5120; 640; 64; 4; 4; 4],1.9095953879877925,0.07660560724324993,tvm
1,1,1,320,160,16,320,2,1,[1; 1; 1; 320; 160; 16; 320; 2; 1],2.3706401869421825,0.061707261646654125,tvm
1500,30,1,512,64,32,2,1,2,[1500; 30; 1; 512; 64; 32; 2; 1; 2],0.40439494198653847,0.3617397229725585,tvm
1500,300,6,160,160,16,640,16,1,[1500; 300; 6; 160; 160; 16; 640; 16; 1],0.4648765790043399,0.3146764558434523,tvm
12,6,1,1280,80,16,160,40,1,[12; 6; 1; 1280; 80; 16; 160; 40; 1],1.4102720050141215,0.10372872308718167,tvm
750,75,5,160,160,32,80,2,2,[750; 75; 5; 160; 160; 32; 80; 2; 2],0.48807071696501225,0.2997223746496574,tvm
375,75,25,5120,640,16,320,32,1,[375; 75; 25; 5120; 640; 16; 320; 32; 1],0.6676678210496902,0.2190995427272916,tvm
750,10,2,80,80,80,40,1,5,[750; 10; 2; 80; 80; 80; 40; 1; 5],0.6907403430668637,0.2117810487747258,tvm
10,2,2,256,128,128,80,20,8,[10; 2; 2; 256; 128; 128; 80; 20; 8],0.9019161610631272,0.1621943597432394,tvm
1500,2,2,5120,80,16,5,1,1,[1500; 2; 2; 5120; 80; 16; 5; 1; 1],0.9197989270323887,0.1590409707887854,tvm
500,50,2,320,320,16,640,1,1,[500; 50; 2; 320; 320; 16; 640; 1; 1],1.2124347720528021,0.12065450254122494,tvm
1500,75,1,2560,64,64,5,1,4,[1500; 75; 1; 2560; 64; 64; 5; 1; 4],0.2677163080079481,0.5464206322514028,tvm
500,20,5,1280,80,16,256,2,1,[500; 20; 5; 1280; 80; 16; 256; 2; 1],0.6905854340875521,0.21182855453503274,tvm
150,25,1,1024,256,16,80,2,1,[150; 25; 1; 1024; 256; 16; 80; 2; 1],1.0904196290066466,0.13415543006959446,tvm
1500,6,2,2560,128,64,20,4,4,[1500; 6; 2; 2560; 128; 64; 20; 4; 4],0.7267156050074846,0.20129705936919806,tvm
750,30,3,1024,16,16,320,8,1,[750; 30; 3; 1024; 16; 16; 320; 8; 1],0.6728618809720501,0.21740823551243918,tvm
12,6,2,1280,640,80,128,1,5,[12; 6; 2; 1280; 640; 80; 128; 1; 5],0.6734796490054578,0.21720881173133832,tvm
150,50,10,512,256,16,40,2,1,[150; 50; 10; 512; 256; 16; 40; 2; 1],0.6796109559945762,0.21524919955363664,tvm
15,5,5,160,32,16,16,16,1,[15; 5; 5; 160; 32; 16; 16; 16; 1],0.5476783730555326,0.26710149876756495,tvm
125,25,1,512,128,16,128,1,1,[125; 25; 1; 512; 128; 16; 128; 1; 1],1.1442633799742907,0.12784269499999296,tvm
60,30,15,2560,512,16,1280,10,1,[60; 30; 15; 2560; 512; 16; 1280; 10; 1],0.5515855409903452,0.26520947960866664,tvm
500,100,4,5120,5120,16,40,40,1,[500; 100; 4; 5120; 5120; 16; 40; 40; 1],0.48826145101338625,0.2996052913497439,tvm
12,4,2,5120,512,64,1280,4,4,[12; 4; 2; 5120; 512; 64; 1280; 4; 4],0.9298705999972299,0.157318356216607,tvm
1,1,1,2560,80,16,2,1,1,[1; 1; 1; 2560; 80; 16; 2; 1; 1],1.8414819720201194,0.0794391237646697,tvm
150,30,3,160,160,80,128,16,5,[150; 30; 3; 160; 160; 80; 128; 16; 5],0.3151786819798872,0.46413581453789243,tvm
375,125,1,640,320,64,10,5,4,[375; 125; 1; 640; 320; 64; 10; 5; 4],0.3412674160208553,0.42865420904049795,tvm
375,375,15,256,32,16,160,16,1,[375; 375; 15; 256; 32; 16; 160; 16; 1],0.26792009198106825,0.5460050166601582,tvm
30,15,5,5120,1024,64,64,2,4,[30; 15; 5; 5120; 1024; 64; 64; 2; 4],0.6070882870117202,0.24096283426217735,tvm
375,5,1,512,512,16,640,16,1,[375; 5; 1; 512; 512; 16; 640; 16; 1],2.3853374819736928,0.06132705136745411,tvm
1500,500,2,1024,256,32,80,20,2,[1500; 500; 2; 1024; 256; 32; 80; 20; 2],0.3686271330807358,0.3968392480042297,tvm
1500,1500,10,5120,1024,32,1280,64,2,[1500; 1500; 10; 5120; 1024; 32; 1280; 64; 2],1.3921678879996762,0.10507763865743491,tvm
150,2,2,2560,256,64,20,5,4,[150; 2; 2; 2560; 256; 64; 20; 5; 4],0.9941109609790146,0.1471522999219826,tvm
30,15,5,5120,640,80,4,4,5,[30; 15; 5; 5120; 640; 80; 4; 4; 5],0.5082338879583403,0.2878314841880541,tvm
500,5,5,128,128,64,256,64,4,[500; 5; 5; 128; 128; 64; 256; 64; 4],0.42057026200927794,0.3478270517435852,tvm
750,15,3,1024,128,64,1280,64,4,[750; 15; 3; 1024; 128; 64; 1280; 64; 4],0.6112605810631067,0.23931808923666179,tvm
500,10,2,5120,1280,80,64,4,5,[500; 10; 2; 5120; 1280; 80; 64; 4; 5],0.5139179580146447,0.28464799099615373,tvm
150,150,15,512,128,16,320,20,1,[150; 150; 15; 512; 128; 16; 320; 20; 1],0.43770089105237275,0.3342138827590611,tvm
100,10,5,640,64,32,128,1,2,[100; 10; 5; 640; 64; 32; 128; 1; 2],0.590129730058834,0.24788738278129133,tvm
25,5,5,256,128,64,16,16,4,[25; 5; 5; 256; 128; 64; 16; 16; 4],0.5113953029504046,0.2860521272716914,tvm
100,100,2,5120,1280,16,160,8,1,[100; 100; 2; 5120; 1280; 16; 160; 8; 1],0.7459585219621658,0.19610435430233444,tvm
150,2,1,5120,2560,32,10,5,2,[150; 2; 1; 5120; 2560; 32; 10; 5; 2],1.2431163719156757,0.11767660501509129,tvm
15,3,3,128,128,16,80,1,1,[15; 3; 3; 128; 128; 16; 80; 1; 1],1.1689984749536961,0.12513764339299815,tvm
75,15,1,640,640,128,640,1,8,[75; 15; 1; 640; 640; 128; 640; 1; 8],1.794199610943906,0.08153257496737233,tvm
300,60,1,1280,128,16,20,2,1,[300; 60; 1; 1280; 128; 16; 20; 2; 1],0.6034956739749759,0.2423972873279951,tvm
20,20,2,1280,1280,64,1280,16,4,[20; 20; 2; 1280; 1280; 64; 1280; 16; 4],0.9047656760085374,0.161683536593771,tvm
1500,30,2,5120,5120,128,64,2,8,[1500; 30; 2; 5120; 5120; 128; 64; 2; 8],0.7202341340016574,0.20310855509297157,tvm
1500,25,5,5120,640,32,8,1,2,[1500; 25; 5; 5120; 640; 32; 8; 1; 2],0.4562925740610808,0.3205963072853603,tvm
5,5,5,2560,128,64,40,20,4,[5; 5; 5; 2560; 128; 64; 40; 20; 4],0.41412982693873346,0.35323636398533514,tvm
500,1,1,1280,320,16,2,2,1,[500; 1; 1; 1280; 320; 16; 2; 2; 1],1.9941813639597967,0.07335627387232141,tvm
500,125,1,1024,32,16,256,1,1,[500; 125; 1; 1024; 32; 16; 256; 1; 1],1.2713288989616558,0.11506520020522744,tvm
300,75,15,640,16,16,128,32,1,[300; 75; 15; 640; 16; 16; 128; 32; 1],0.4235445240046829,0.34538450149835226,tvm
300,100,1,640,640,160,160,32,10,[300; 100; 1; 640; 640; 160; 160; 32; 10],0.4474673690274358,0.3269192893409508,tvm
60,15,15,64,16,16,160,40,1,[60; 15; 15; 64; 16; 16; 160; 40; 1],0.38126987195573747,0.38368023556473657,tvm
1500,20,5,2560,160,16,2,1,1,[1500; 20; 5; 2560; 160; 16; 2; 1; 1],0.3632453619502485,0.4027187394776707,tvm
300,150,3,512,512,32,256,32,2,[300; 150; 3; 512; 512; 32; 256; 32; 2],0.3523711790330708,0.415146649300694,tvm
300,100,10,5120,16,16,16,1,1,[300; 100; 10; 5120; 16; 16; 16; 1; 1],0.590078379958868,0.2479089545628011,tvm
750,15,3,2560,64,16,1280,20,1,[750; 15; 3; 2560; 64; 16; 1280; 20; 1],0.8239518599584699,0.17754157905910622,tvm
150,15,1,2560,2560,160,160,32,10,[150; 15; 1; 2560; 2560; 160; 160; 32; 10],1.6230456229532138,0.09013037724690698,tvm
300,6,6,1280,320,64,8,2,4,[300; 6; 6; 1280; 320; 64; 8; 2; 4],0.6005085270153359,0.24360305924844666,tvm
1500,300,25,2560,512,16,40,1,1,[1500; 300; 25; 2560; 512; 16; 40; 1; 1],2.5895530290436,0.056490719689853974,tvm
4,2,2,160,16,16,32,2,1,[4; 2; 2; 160; 16; 16; 32; 2; 1],1.340766166918911,0.10910606032212147,tvm
30,15,5,1280,64,16,64,32,1,[30; 15; 5; 1280; 64; 16; 64; 32; 1],0.4477951959706843,0.3266799545908732,tvm
60,30,15,320,320,16,320,10,1,[60; 30; 15; 320; 320; 16; 320; 10; 1],0.5575661970069632,0.2623647471295456,tvm
125,125,25,640,80,16,160,5,1,[125; 125; 25; 640; 80; 16; 160; 5; 1],0.3618177709868178,0.4043077096150813,tvm
20,2,2,2560,2560,80,1280,20,5,[20; 2; 2; 2560; 2560; 80; 1280; 20; 5],0.9166240370832384,0.15959183740283056,tvm
4,4,2,1024,16,16,1280,2,1,[4; 4; 2; 1024; 16; 16; 1280; 2; 1],1.2215356109663844,0.1197555871252778,tvm
15,15,3,5120,2560,32,4,1,2,[15; 15; 3; 5120; 2560; 32; 4; 1; 2],0.46871448296587914,0.3120998381788075,tvm
100,100,2,160,80,80,160,10,5,[100; 100; 2; 160; 80; 80; 160; 10; 5],0.3160609870683402,0.4628401488035716,tvm
500,100,4,512,64,16,32,2,1,[500; 100; 4; 512; 64; 16; 32; 2; 1],0.751859323005192,0.19456527279732105,tvm
750,125,1,2560,320,80,8,4,5,[750; 125; 1; 2560; 320; 80; 8; 4; 5],0.36247258307412267,0.40357732175236016,tvm
5,5,1,1280,320,80,80,2,5,[5; 5; 1; 1280; 320; 80; 80; 2; 5],0.9431945700198412,0.15509600981124924,tvm
300,50,25,512,128,16,320,10,1,[300; 50; 25; 512; 128; 16; 320; 10; 1],0.4493303569033742,0.32556383524555,tvm
20,2,1,640,320,64,20,1,4,[20; 2; 1; 640; 320; 64; 20; 1; 4],1.4849789100699127,0.09851029754949663,tvm
375,125,5,2560,2560,32,20,10,2,[375; 125; 5; 2560; 2560; 32; 20; 10; 2],0.27166611806023866,0.5384761093147332,tvm
150,25,1,5120,5120,160,640,32,10,[150; 25; 1; 5120; 5120; 160; 640; 32; 10],2.0721170629840344,0.07059722488605434,tvm
500,125,1,5120,5120,16,128,8,1,[500; 125; 1; 5120; 5120; 16; 128; 8; 1],2.3166433629812673,0.06314554783152317,tvm
500,5,1,1024,32,32,1280,32,2,[500; 5; 1; 1024; 32; 32; 1280; 32; 2],1.792187293060124,0.08162412201680906,tvm
60,4,2,5120,64,16,40,20,1,[60; 4; 2; 5120; 64; 16; 40; 20; 1],0.9348517070757225,0.15648012746674617,tvm
10,5,1,512,128,32,320,2,2,[10; 5; 1; 512; 128; 32; 320; 2; 2],1.4811277349945158,0.098766440482769,tvm
1500,15,15,5120,1024,16,20,2,1,[1500; 15; 15; 5120; 1024; 16; 20; 2; 1],4.124092160956934,0.03547101000084607,tvm
1500,500,4,640,64,16,40,5,1,[1500; 500; 4; 640; 64; 16; 40; 5; 1],0.4936791770160198,0.2963173678296894,tvm
60,15,1,2560,640,128,1280,20,8,[60; 15; 1; 2560; 640; 128; 1280; 20; 8],1.8043736410327256,0.08107285041139721,tvm
50,1,1,2560,512,16,128,32,1,[50; 1; 1; 2560; 512; 16; 128; 32; 1],2.295539487968199,0.06372607182427212,tvm
100,10,5,1280,1280,32,1280,2,2,[100; 10; 5; 1280; 1280; 32; 1280; 2; 2],0.3842432249803096,0.3807112390679384,tvm
500,500,20,640,16,16,160,40,1,[500; 500; 20; 640; 16; 16; 160; 40; 1],0.5071767349727452,0.28843143661464565,tvm
60,5,1,2560,320,64,320,64,4,[60; 5; 1; 2560; 320; 64; 320; 64; 4],1.4516202480299398,0.10077409328248578,tvm
75,5,1,1024,256,64,1280,1,4,[75; 5; 1; 1024; 256; 64; 1280; 1; 4],1.8315988871036097,0.0798677676186201,tvm
1500,1500,6,5120,160,16,80,10,1,[1500; 1500; 6; 5120; 160; 16; 80; 10; 1],0.31350468599703163,0.46661412355124854,tvm
300,20,5,1280,320,32,10,1,2,[300; 20; 5; 1280; 320; 32; 10; 1; 2],0.4607959669083357,0.31746309601449774,tvm
500,500,2,2560,1280,16,40,40,1,[500; 500; 2; 2560; 1280; 16; 40; 40; 1],0.578979093930684,0.25266147917808546,tvm
60,6,1,1024,256,32,1280,5,2,[60; 6; 1; 1024; 256; 32; 1280; 5; 2],1.8025680979480967,0.0811540570657134,tvm
150,75,1,2560,2560,160,320,4,10,[150; 75; 1; 2560; 2560; 160; 320; 4; 10],1.9476304959971458,0.07510958294520804,tvm
500,100,2,640,128,32,16,4,2,[500; 100; 2; 640; 128; 32; 16; 4; 2],0.3593301799846813,0.4071066735667754,tvm
375,75,5,128,64,32,1,1,2,[375; 75; 5; 128; 64; 32; 1; 1; 2],0.5037307840539142,0.2904045552039507,tvm
250,5,1,1280,80,80,1280,1,5,[250; 5; 1; 1280; 80; 80; 1280; 1; 5],1.8013177550164983,0.08121038827176523,tvm
300,30,1,5120,640,16,80,10,1,[300; 30; 1; 5120; 640; 16; 80; 10; 1],1.179292595013976,0.12404530894555531,tvm
250,125,5,160,16,16,32,8,1,[250; 125; 5; 160; 16; 16; 32; 8; 1],0.3723534479504451,0.3928678922967374,tvm
6,3,1,2560,1280,32,320,5,2,[6; 3; 1; 2560; 1280; 32; 320; 5; 2],1.677944780094549,0.08718148297911887,tvm
30,2,2,2560,160,16,8,2,1,[30; 2; 2; 2560; 160; 16; 8; 2; 1],1.1193782810587436,0.1306847888341666,tvm
300,60,30,1280,320,16,40,2,1,[300; 60; 30; 1280; 320; 16; 40; 2; 1],0.6807275449391454,0.214896128962714,tvm
750,250,1,1280,128,128,160,5,8,[750; 250; 1; 1280; 128; 128; 160; 5; 8],0.4575852219713852,0.319690643975522,tvm
300,12,12,320,320,16,64,8,1,[300; 12; 12; 320; 320; 16; 64; 8; 1],0.47368556109722704,0.3088245163033124,tvm
100,25,1,1024,1024,128,1280,5,8,[100; 25; 1; 1024; 1024; 128; 1280; 5; 8],1.815886547905393,0.08055884022845668,tvm
100,20,2,5120,640,128,640,1,8,[100; 20; 2; 5120; 640; 128; 640; 1; 8],0.9113982859998941,0.16050690080596805,tvm
300,5,5,5120,2560,64,20,10,4,[300; 5; 5; 5120; 2560; 64; 20; 10; 4],0.42124786297790706,0.3472675522947079,tvm
1500,1500,6,1280,16,16,640,16,1,[1500; 1500; 6; 1280; 16; 16; 640; 16; 1],0.5536131659755483,0.2642381418583809,tvm
300,30,3,160,16,16,1280,64,1,[300; 30; 3; 160; 16; 16; 1280; 64; 1],0.8373305180575699,0.17470486400646937,tvm
750,30,3,1280,320,64,32,2,4,[750; 30; 3; 1280; 320; 64; 32; 2; 4],0.2855905529577285,0.5122218251643873,tvm
100,10,2,1280,64,32,10,5,2,[100; 10; 2; 1280; 64; 32; 10; 5; 2],0.4127346830209717,0.35443038906977753,tvm
15,15,5,5120,1280,64,160,5,4,[15; 15; 5; 5120; 1280; 64; 160; 5; 4],0.4194607239915058,0.3487471076998299,tvm
1500,2,2,2560,160,160,8,2,10,[1500; 2; 2; 2560; 160; 160; 8; 2; 10],1.036172954016365,0.1411788579490407,tvm
500,4,2,2560,160,32,80,2,2,[500; 4; 2; 2560; 160; 32; 80; 2; 2],0.7056561349891126,0.20730453124732104,tvm
500,500,1,2560,80,80,1280,32,5,[500; 500; 1; 2560; 80; 80; 1280; 32; 5],1.8878337579080835,0.07748866322202762,tvm
6,6,1,512,128,64,80,8,4,[6; 6; 1; 512; 128; 64; 80; 8; 4],0.823752359021455,0.17758457706814798,tvm
300,60,12,1280,64,32,20,1,2,[300; 60; 12; 1280; 64; 32; 20; 1; 2],0.4779392220079899,0.306075976922582,tvm
100,20,2,1280,320,64,8,1,4,[100; 20; 2; 1280; 320; 64; 8; 1; 4],0.3097725549014285,0.47223587748844725,tvm
500,125,1,64,32,16,1280,8,1,[500; 125; 1; 64; 32; 16; 1280; 8; 1],2.489301798050292,0.0587657609054436,tvm
1500,300,12,5120,512,16,320,10,1,[1500; 300; 12; 5120; 512; 16; 320; 10; 1],0.5005268739769235,0.29226345655210256,tvm
300,6,1,2560,32,32,40,4,2,[300; 6; 1; 2560; 32; 32; 40; 4; 2],0.670630092965439,0.2181317477700082,tvm
750,150,6,320,64,32,2,2,2,[750; 150; 6; 320; 64; 32; 2; 2; 2],0.5794236849760637,0.2524676123513271,tvm
375,3,1,512,256,32,160,4,2,[375; 3; 1; 512; 256; 32; 160; 4; 2],1.2343525639735162,0.11851209982892127,tvm
750,5,1,5120,640,80,80,8,5,[750; 5; 1; 5120; 640; 80; 80; 8; 5],0.794289359007962,0.18417181676513925,tvm
20,10,1,640,32,16,20,20,1,[20; 10; 1; 640; 32; 16; 20; 20; 1],0.6755205560475588,0.21655257264357078,tvm
300,15,1,640,160,16,160,1,1,[300; 15; 1; 640; 160; 16; 160; 1; 1],1.209649833966978,0.12093228153967385,tvm
30,6,2,1280,256,16,160,2,1,[30; 6; 2; 1280; 256; 16; 160; 2; 1],0.899374509928748,0.16265272438875727,tvm
750,75,5,1024,128,32,160,20,2,[750; 75; 5; 1024; 128; 32; 160; 20; 2],0.22445565392263234,0.6517354841778125,tvm
1,1,1,256,64,32,160,20,2,[1; 1; 1; 256; 64; 32; 160; 20; 2],1.8035101989516988,0.08111166455878306,tvm
300,5,1,2560,128,32,20,10,2,[300; 5; 1; 2560; 128; 32; 20; 10; 2],1.0649853500071913,0.13735936769902657,tvm
300,100,1,640,160,32,640,5,2,[300; 100; 1; 640; 160; 32; 640; 5; 2],1.8440954110119492,0.07932654319954079,tvm
12,6,3,2560,16,16,160,5,1,[12; 6; 3; 2560; 16; 16; 160; 5; 1],0.6677661719731987,0.21906727298486992,tvm
60,60,3,512,64,16,320,40,1,[60; 60; 3; 512; 64; 16; 320; 40; 1],0.6569060910260305,0.22268892964172196,tvm
500,500,1,5120,64,64,320,2,4,[500; 500; 1; 5120; 64; 64; 320; 2; 4],1.2716777210589498,0.11503363773952055,tvm
250,25,5,2560,256,64,40,2,4,[250; 25; 5; 2560; 256; 64; 40; 2; 4],0.4695614209631458,0.3115369103059166,tvm
500,500,2,2560,80,80,64,64,5,[500; 500; 2; 2560; 80; 80; 64; 64; 5],0.4985220789676532,0.2934387872822903,tvm
300,100,4,640,32,16,32,4,1,[300; 100; 4; 640; 32; 16; 32; 4; 1],0.5325281310360879,0.2747004444649722,tvm
30,30,10,160,32,32,128,32,2,[30; 30; 10; 160; 32; 32; 128; 32; 2],0.3265939489938319,0.4479131188326979,tvm
20,10,5,1024,512,64,64,2,4,[20; 10; 5; 1024; 512; 64; 64; 2; 4],0.539515507989563,0.27114274218146145,tvm
50,10,10,5120,512,32,40,5,2,[50; 10; 10; 5120; 512; 32; 40; 5; 2],0.5618312240112573,0.2603730587297925,tvm
1500,1500,2,5120,128,64,40,10,4,[1500; 1500; 2; 5120; 128; 64; 40; 10; 4],0.3167883609421551,0.4617774272092836,tvm
750,125,5,2560,320,16,640,20,1,[750; 125; 5; 2560; 320; 16; 640; 20; 1],0.516210371046327,0.28338391185206535,tvm
50,10,5,5120,32,32,64,2,2,[50; 10; 5; 5120; 32; 32; 64; 2; 2],0.5029969270108268,0.29082824651643563,tvm
375,125,1,512,512,32,8,1,2,[375; 125; 1; 512; 512; 32; 8; 1; 2],0.35421125090215355,0.4129900275983156,tvm
2,2,2,1280,320,32,1280,5,2,[2; 2; 2; 1280; 320; 32; 1280; 5; 2],0.919635139987804,0.15906929599020575,tvm
1500,500,25,1280,640,16,128,64,1,[1500; 500; 25; 1280; 640; 16; 128; 64; 1],0.7255399560090154,0.20162323670000137,tvm
60,15,3,1024,1024,64,16,16,4,[60; 15; 3; 1024; 1024; 64; 16; 16; 4],0.37376853998284787,0.3913804898947014,tvm
500,125,5,5120,256,32,1280,2,2,[500; 125; 5; 5120; 256; 32; 1280; 2; 2],0.40696660394314677,0.359453854120547,tvm
300,6,1,320,320,80,640,2,5,[300; 6; 1; 320; 320; 80; 640; 2; 5],1.8404662419343367,0.07948296521427499,tvm
1500,150,2,1280,128,32,160,10,2,[1500; 150; 2; 1280; 128; 32; 160; 10; 2],0.37471037707291543,0.3903967523622874,tvm
100,100,5,5120,5120,64,640,4,4,[100; 100; 5; 5120; 5120; 64; 640; 4; 4],0.5497812869725749,0.266079835294597,tvm
1500,150,1,5120,5120,64,640,10,4,[1500; 150; 1; 5120; 5120; 64; 640; 10; 4],1.8056224780157208,0.08101677735341122,tvm
25,25,25,1280,640,16,1280,4,1,[25; 25; 25; 1280; 640; 16; 1280; 4; 1],0.6371656419942155,0.2295882022575259,tvm
150,150,3,5120,32,32,160,10,2,[150; 150; 3; 5120; 32; 32; 160; 10; 2],0.26914712507277727,0.543515797340056,tvm
1500,1500,6,640,640,64,640,20,4,[1500; 1500; 6; 640; 640; 64; 640; 20; 4],0.37273086491040885,0.39247008514005444,tvm
30,2,1,1024,64,16,320,40,1,[30; 2; 1; 1024; 64; 16; 320; 40; 1],2.279436308075674,0.06417626751291435,tvm
60,10,10,128,32,32,320,5,2,[60; 10; 10; 128; 32; 32; 320; 5; 2],0.41965044697280973,0.34858943995165703,tvm
1500,300,1,320,320,16,320,4,1,[1500; 300; 1; 320; 320; 16; 320; 4; 1],1.7487749579595402,0.08365039402005137,tvm
750,150,1,5120,16,16,80,5,1,[750; 150; 1; 5120; 16; 16; 80; 5; 1],1.19703470391687,0.12220674455556414,tvm
750,50,2,512,256,128,640,1,8,[750; 50; 2; 512; 256; 128; 640; 1; 8],0.9257052360335365,0.15802623620507927,tvm
750,250,1,256,16,16,32,1,1,[750; 250; 1; 256; 16; 16; 32; 1; 1],1.0555455849971622,0.13858777523673463,tvm
60,30,5,2560,2560,80,5,5,5,[60; 30; 5; 2560; 2560; 80; 5; 5; 5],0.48869826295413077,0.2993374959047986,tvm
75,1,1,256,16,16,20,20,1,[75; 1; 1; 256; 16; 16; 20; 20; 1],2.424140688031912,0.06034538960875218,tvm
30,30,2,640,640,16,20,10,1,[30; 30; 2; 640; 640; 16; 20; 10; 1],0.4700726340524852,0.31119810788513375,tvm
75,25,5,640,640,16,32,32,1,[75; 25; 5; 640; 640; 16; 32; 32; 1],0.43898124003317207,0.33323910214172264,tvm
60,12,3,1280,80,80,256,64,5,[60; 12; 3; 1280; 80; 80; 256; 64; 5],0.5632434790022671,0.2597202093574979,tvm
375,5,5,1024,512,64,128,4,4,[375; 5; 5; 1024; 512; 64; 128; 4; 4],0.5709514300106093,0.2562139379929323,tvm
125,125,5,128,64,64,20,20,4,[125; 125; 5; 128; 64; 64; 20; 20; 4],0.22070694307330996,0.6628052214792539,tvm
500,10,2,5120,1280,160,256,8,10,[500; 10; 2; 5120; 1280; 160; 256; 8; 10],0.7084798499708995,0.20647829898298858,tvm
150,50,10,160,32,32,256,1,2,[150; 50; 10; 160; 32; 32; 256; 1; 2],0.4968600970460102,0.29442033110613824,tvm
300,300,6,256,64,64,4,2,4,[300; 300; 6; 256; 64; 64; 4; 2; 4],0.47917468496598303,0.305286816844465,tvm
1500,12,1,1280,1280,64,2,1,4,[1500; 12; 1; 1280; 1280; 64; 2; 1; 4],0.6258500319672748,0.23373924552801406,tvm
125,25,5,1024,128,64,1280,10,4,[125; 25; 5; 1024; 128; 64; 1280; 10; 4],0.4303696689894423,0.3399071189872884,tvm
300,75,1,512,512,32,32,32,2,[300; 75; 1; 512; 512; 32; 32; 32; 2],0.6691839819541201,0.21860313191977118,tvm
1500,750,6,2560,16,16,320,40,1,[1500; 750; 6; 2560; 16; 16; 320; 40; 1],0.48808854597155005,0.29971142632435605,tvm
250,250,2,1024,64,32,1280,1,2,[250; 250; 2; 1024; 64; 32; 1280; 1; 2],0.929496566997841,0.15738166172920795,tvm
375,5,5,160,80,16,16,1,1,[375; 5; 5; 160; 80; 16; 16; 1; 1],0.7011953960172832,0.20862332399300096,tvm
3,1,1,1024,128,32,2,2,2,[3; 1; 1; 1024; 128; 32; 2; 2; 2],1.839845077949576,0.07950980005813484,tvm
100,20,4,2560,128,64,1280,64,4,[100; 20; 4; 2560; 128; 64; 1280; 64; 4],0.4671328839613125,0.3131565327732944,tvm
250,250,5,128,64,64,64,8,4,[250; 250; 5; 128; 64; 64; 64; 8; 4],0.2871527870884165,0.5094351190840848,tvm
375,15,5,5120,32,16,1280,10,1,[375; 15; 5; 5120; 32; 16; 1280; 10; 1],0.5465148859657347,0.2676701367927352,tvm
125,25,5,2560,128,64,640,1,4,[125; 25; 5; 2560; 128; 64; 640; 1; 4],0.6338575669797137,0.2307864130781862,tvm
300,30,3,2560,512,64,16,2,4,[300; 30; 3; 2560; 512; 64; 16; 2; 4],0.2905367190251127,0.5035016392302207,tvm
1500,250,5,2560,512,32,1280,40,2,[1500; 250; 5; 2560; 512; 32; 1280; 40; 2],0.41961453401017934,0.3486192741888335,tvm
150,5,5,2560,128,32,320,32,2,[150; 5; 5; 2560; 128; 32; 320; 32; 2],0.4173281330149621,0.3505292423707022,tvm
50,5,5,1280,256,16,40,1,1,[50; 5; 5; 1280; 256; 16; 40; 1; 1],0.9205318350577727,0.15891434572334306,tvm
750,2,2,5120,5120,160,320,5,10,[750; 2; 2; 5120; 5120; 160; 320; 5; 10],1.002532270969823,0.14591621489072007,tvm
60,5,1,2560,64,16,160,5,1,[60; 5; 1; 2560; 64; 16; 160; 5; 1],1.4748638019664213,0.09918591404214613,tvm
12,3,1,5120,5120,64,320,2,4,[12; 3; 1; 5120; 5120; 64; 320; 2; 4],1.8133122869767249,0.08067320523681643,tvm
300,20,10,2560,320,32,4,2,2,[300; 20; 10; 2560; 320; 32; 4; 2; 2],0.5050240010023117,0.28966091511568515,tvm
375,3,1,512,128,32,320,8,2,[375; 3; 1; 512; 128; 32; 320; 8; 2],1.6085453749401495,0.09094285841402346,tvm
12,12,1,160,80,80,128,64,5,[12; 12; 1; 160; 80; 80; 128; 64; 5],0.6405042780097574,0.22839147107692823,tvm
2,2,1,1024,256,16,4,4,1,[2; 2; 1; 1024; 256; 16; 4; 4; 1],1.0530237089842558,0.13891967772199654,tvm
375,5,1,1280,1280,160,40,20,10,[375; 5; 1; 1280; 1280; 160; 40; 20; 10],0.7765528910094872,0.1883783010524226,tvm
300,30,1,160,32,16,160,10,1,[300; 30; 1; 160; 32; 16; 160; 10; 1],1.1746259059291333,0.12453813043566563,tvm
1500,300,12,128,32,32,128,16,2,[1500; 300; 12; 128; 32; 32; 128; 16; 2],0.2375569649739191,0.6157921503239222,tvm
50,1,1,1280,256,16,5,1,1,[50; 1; 1; 1280; 256; 16; 5; 1; 1],1.9795007170177996,0.07390030881428516,tvm
25,1,1,5120,5120,32,160,4,2,[25; 1; 1; 5120; 5120; 32; 160; 4; 2],1.8089705050224438,0.08086683220072698,tvm
1500,300,2,2560,512,16,40,5,1,[1500; 300; 2; 2560; 512; 16; 40; 5; 1],0.5950126909883693,0.24585309944014916,tvm
375,25,5,5120,2560,32,5,5,2,[375; 25; 5; 5120; 2560; 32; 5; 5; 2],0.360017386963591,0.40632958180019335,tvm
500,100,1,2560,512,32,16,2,2,[500; 100; 1; 2560; 512; 32; 16; 2; 2],0.458926692022942,0.31875616918442695,tvm
375,25,1,128,64,64,256,8,4,[375; 25; 1; 128; 64; 64; 256; 8; 4],0.6276435089530423,0.2330713409746404,tvm
1500,150,1,1280,128,16,80,40,1,[1500; 150; 1; 1280; 128; 16; 80; 40; 1],1.0605949530145153,0.13792797511427743,tvm
750,250,10,5120,1280,32,40,4,2,[750; 250; 10; 5120; 1280; 32; 40; 4; 2],0.37647718796506524,0.38856461682689974,tvm
1500,60,4,5120,512,32,256,1,2,[1500; 60; 4; 5120; 512; 32; 256; 1; 2],0.6981687009101734,0.2095277460805787,tvm
3,3,1,512,128,32,1280,4,2,[3; 3; 1; 512; 128; 32; 1280; 4; 2],1.8094442919827998,0.08084565793700868,tvm
300,150,2,256,32,32,4,4,2,[300; 150; 2; 256; 32; 32; 4; 4; 2],0.327832723967731,0.4462205984662879,tvm
60,12,2,640,640,64,4,4,4,[60; 12; 2; 640; 640; 64; 4; 4; 4],0.38932351500261575,0.37574333079966016,tvm
1500,12,12,128,32,32,80,20,2,[1500; 12; 12; 128; 32; 32; 80; 20; 2],0.34563318302389234,0.42323978561862247,tvm
150,6,3,5120,2560,80,5,5,5,[150; 6; 3; 5120; 2560; 80; 5; 5; 5],0.572084630955942,0.2557064223894178,tvm
1500,750,5,5120,320,64,640,8,4,[1500; 750; 5; 5120; 320; 64; 640; 8; 4],0.45796522696036845,0.31942537484046496,tvm
25,25,1,320,80,16,8,2,1,[25; 25; 1; 320; 80; 16; 8; 2; 1],0.3677921189228073,0.3977402091000676,tvm
375,375,25,1024,1024,16,80,40,1,[375; 375; 25; 1024; 1024; 16; 80; 40; 1],3.5050752230454236,0.04173539937856521,tvm
300,20,2,1280,80,80,4,1,5,[300; 20; 2; 1280; 80; 80; 4; 1; 5],0.48725155799183995,0.300226262771979,tvm
75,5,5,1024,128,64,16,8,4,[75; 5; 5; 1024; 128; 64; 16; 8; 4],0.47915808006655425,0.30529739635277664,tvm
500,125,5,320,160,80,80,16,5,[500; 125; 5; 320; 160; 80; 80; 16; 5],0.3811557360459119,0.38379512742815847,tvm
100,10,10,2560,64,32,8,1,2,[100; 10; 10; 2560; 64; 32; 8; 1; 2],0.6251895889872685,0.23398616493707045,tvm
30,30,5,640,640,32,16,4,2,[30; 30; 5; 640; 640; 32; 16; 4; 2],0.3479921789839864,0.4203706954357901,tvm
50,5,5,2560,640,32,1280,1,2,[50; 5; 5; 2560; 640; 32; 1280; 1; 2],0.4088479339843616,0.35779981290381113,tvm
1500,2,1,512,16,16,20,5,1,[1500; 2; 1; 512; 16; 16; 20; 5; 1],1.2317512820009142,0.1187623803793254,tvm
1500,4,1,640,32,16,5,5,1,[1500; 4; 1; 640; 32; 16; 5; 5; 1],0.4877821879927069,0.2998996640031093,tvm
20,4,1,2560,320,160,20,20,10,[20; 4; 1; 2560; 320; 160; 20; 20; 10],1.085530742071569,0.13475962367178146,tvm
500,20,4,128,128,64,16,4,4,[500; 20; 4; 128; 128; 64; 16; 4; 4],0.4401266570203006,0.33237185694700366,tvm
300,6,6,160,160,16,32,32,1,[300; 6; 6; 160; 160; 16; 32; 32; 1],0.5940323510440066,0.24625883426823209,tvm
1500,60,1,1024,64,32,5,5,2,[1500; 60; 1; 1024; 64; 32; 5; 5; 2],0.2483087320579216,0.5891283527298228,tvm
375,375,25,1024,32,16,10,1,1,[375; 375; 25; 1024; 32; 16; 10; 1; 1],0.553721912088804,0.26418624781143485,tvm
50,10,5,2560,320,16,80,2,1,[50; 10; 5; 2560; 320; 16; 80; 2; 1],0.6935004480183125,0.21093816839445143,tvm
125,25,1,2560,32,32,20,1,2,[125; 25; 1; 2560; 32; 32; 20; 1; 2],0.35990894492715597,0.4064520105642884,tvm
150,25,25,1024,64,16,160,2,1,[150; 25; 25; 1024; 64; 16; 160; 2; 1],0.6535751899937168,0.22382384846511788,tvm
1500,10,1,5120,64,64,1280,5,4,[1500; 10; 1; 5120; 64; 64; 1280; 5; 4],1.8188396209152415,0.08042804467394614,tvm
250,10,5,5120,5120,32,160,1,2,[250; 10; 5; 5120; 5120; 32; 160; 1; 2],0.8539632580941543,0.1713021173910804,tvm
1500,750,6,320,32,32,320,10,2,[1500; 750; 6; 320; 32; 32; 320; 10; 2],0.4225850399816409,0.34616870084201196,tvm
5,5,5,1024,512,64,64,4,4,[5; 5; 5; 1024; 512; 64; 64; 4; 4],0.5519410029519349,0.26503867895905064,tvm
50,50,5,320,32,16,160,20,1,[50; 50; 5; 320; 32; 16; 160; 20; 1],0.3353747819783166,0.43618579018613357,tvm
60,12,12,128,16,16,64,64,1,[60; 12; 12; 128; 16; 16; 64; 64; 1],0.36250940000172704,0.4035363339130444,tvm
750,150,1,5120,320,64,640,5,4,[750; 150; 1; 5120; 320; 64; 640; 5; 4],1.7951967440312728,0.08148728810482177,tvm
100,100,1,320,320,32,64,1,2,[100; 100; 1; 320; 320; 32; 64; 1; 2],0.7176583521068096,0.20383754171642732,tvm
12,12,1,2560,1280,128,32,32,8,[12; 12; 1; 2560; 1280; 128; 32; 32; 8],0.6460334690054879,0.22643674252807425,tvm
60,10,5,5120,2560,16,40,1,1,[60; 10; 5; 5120; 2560; 16; 40; 1; 1],0.7758847940713167,0.18854050936880226,tvm
10,10,10,128,32,32,1280,16,2,[10; 10; 10; 128; 32; 32; 1280; 16; 2],0.35611399193294346,0.4107833940803427,tvm
100,100,10,128,128,32,8,8,2,[100; 100; 10; 128; 128; 32; 8; 8; 2],0.3855063009541482,0.3794638736737883,tvm
1500,20,20,512,16,16,640,40,1,[1500; 20; 20; 512; 16; 16; 640; 40; 1],0.5651356889866292,0.2588506037338147,tvm
10,1,1,5120,2560,80,256,4,5,[10; 1; 1; 5120; 2560; 80; 256; 4; 5],1.7943802459631115,0.08152436732115118,tvm
30,10,2,5120,2560,32,1280,1,2,[30; 10; 2; 5120; 2560; 32; 1280; 1; 2],0.9214279049774632,0.15875980475031548,tvm
1500,300,1,2560,1280,16,10,1,1,[1500; 300; 1; 2560; 1280; 16; 10; 1; 1],0.5783906540600583,0.25291853051021884,tvm
50,10,2,5120,1024,16,64,4,1,[50; 10; 2; 5120; 1024; 16; 64; 4; 1],0.6957623689668253,0.2102524091708808,tvm
15,15,5,5120,128,16,320,16,1,[15; 15; 5; 5120; 128; 16; 320; 16; 1],0.495825965073891,0.2950343963207209,tvm
750,3,1,128,128,16,640,10,1,[750; 3; 1; 128; 128; 16; 640; 10; 1],2.562301278929226,0.05709153544459316,tvm
125,25,25,2560,320,16,640,4,1,[125; 25; 25; 2560; 320; 16; 640; 4; 1],0.547417514026165,0.2672287797476685,tvm
300,100,10,2560,128,32,10,10,2,[300; 100; 10; 2560; 128; 32; 10; 10; 2],0.4001305459532887,0.3655949683551321,tvm
15,3,1,1024,1024,32,160,5,2,[15; 3; 1; 1024; 1024; 32; 160; 5; 2],1.2235259159933776,0.11956078116003395,tvm
750,250,2,2560,640,160,80,40,10,[750; 250; 2; 2560; 640; 160; 80; 40; 10],0.38369390403386205,0.3812562898387986,tvm
750,150,1,128,128,128,10,1,8,[750; 150; 1; 128; 128; 128; 10; 1; 8],0.33571601705625653,0.43574243364504395,tvm
12,12,1,2560,2560,80,128,1,5,[12; 12; 1; 2560; 2560; 80; 128; 1; 5],1.364529422018677,0.10720598026336438,tvm
50,5,1,512,512,64,80,1,4,[50; 5; 1; 512; 512; 64; 80; 1; 4],0.7880094329593703,0.1856395471515336,tvm
60,30,1,640,320,16,80,40,1,[60; 30; 1; 640; 320; 16; 80; 40; 1],1.0928124110214412,0.133861688255336,tvm
20,4,2,1024,128,128,20,1,8,[20; 4; 2; 1024; 128; 128; 20; 1; 8],0.8392465768847615,0.1743060005424378,tvm
750,150,2,2560,80,80,8,4,5,[750; 150; 2; 2560; 80; 80; 8; 4; 5],0.33441360702272505,0.4374394797750364,tvm
150,3,3,32,32,32,640,2,2,[150; 3; 3; 32; 32; 32; 640; 2; 2],0.6200794639298692,0.2359144638633915,tvm
500,500,2,1280,640,16,320,10,1,[500; 500; 2; 1280; 640; 16; 320; 10; 1],0.9170035010902211,0.1595257969154926,tvm
30,2,2,256,256,16,256,32,1,[30; 2; 2; 256; 256; 16; 256; 32; 1],1.1974353810073808,0.12216585262634111,tvm
60,5,1,5120,640,32,64,1,2,[60; 5; 1; 5120; 640; 32; 64; 1; 2],0.9359472200740129,0.15629696968825477,tvm
60,4,1,256,64,16,160,40,1,[60; 4; 1; 256; 64; 16; 160; 40; 1],1.5477353740716353,0.09451597265033733,tvm
20,2,1,5120,5120,160,160,5,10,[20; 2; 1; 5120; 5120; 160; 160; 5; 10],1.8429686380550265,0.07937504267033901,tvm
75,15,1,5120,512,128,80,20,8,[75; 15; 1; 5120; 512; 128; 80; 20; 8],0.5467008560663089,0.2675790839953823,tvm
1500,2,1,2560,64,32,80,5,2,[1500; 2; 1; 2560; 64; 32; 80; 5; 2],1.2506411619251594,0.11696857479129437,tvm
20,5,5,160,80,80,640,4,5,[20; 5; 5; 160; 80; 80; 640; 4; 5],0.46921383193694055,0.31176769380782915,tvm
1500,6,1,1024,256,128,256,32,8,[1500; 6; 1; 1024; 256; 128; 256; 32; 8],0.803743081050925,0.1820055658761505,tvm
750,750,2,640,128,32,20,2,2,[750; 750; 2; 640; 128; 32; 20; 2; 2],0.4069346900796518,0.3594820442982654,tvm
125,1,1,320,160,160,16,1,10,[125; 1; 1; 320; 160; 160; 16; 1; 10],2.0537476900499314,0.07122866893262714,tvm
1500,20,2,5120,1024,128,160,16,8,[1500; 20; 2; 5120; 1024; 128; 160; 16; 8],0.3187112769810483,0.4589913343242416,tvm
100,4,2,640,80,16,1280,20,1,[100; 4; 2; 640; 80; 16; 1280; 20; 1],1.2277103289961815,0.11915328138138462,tvm
500,20,5,256,32,16,640,1,1,[500; 20; 5; 256; 32; 16; 640; 1; 1],0.773610363015905,0.18909482250912757,tvm
300,15,1,80,80,16,320,4,1,[300; 15; 1; 80; 80; 16; 320; 4; 1],1.8519582720473409,0.07898974641798778,tvm
50,25,5,5120,160,32,640,5,2,[50; 25; 5; 5120; 160; 32; 640; 5; 2],0.4953613399993628,0.2953111243721653,tvm
60,4,1,640,160,32,80,4,2,[60; 4; 1; 640; 160; 32; 80; 4; 2],1.0380553409922868,0.14092284727891136,tvm
1500,500,2,640,160,16,128,2,1,[1500; 500; 2; 640; 160; 16; 128; 2; 1],0.6444285389734432,0.22700067647336566,tvm
300,30,5,512,512,64,40,40,4,[300; 30; 5; 512; 512; 64; 40; 40; 4],0.28954066592268646,0.5052337426231371,tvm
30,6,3,1280,64,32,128,16,2,[30; 6; 3; 1280; 64; 32; 128; 16; 2],0.45154071203432977,0.32397015459946493,tvm
50,10,1,1280,640,32,1280,4,2,[50; 10; 1; 1280; 640; 32; 1280; 4; 2],1.8331736210966483,0.07979915955707605,tvm
1500,125,1,512,512,128,16,2,8,[1500; 125; 1; 512; 512; 128; 16; 2; 8],0.5016430539544672,0.29161315627225304,tvm
300,4,2,5120,5120,160,256,8,10,[300; 4; 2; 5120; 5120; 160; 256; 8; 10],0.9699338600039482,0.15082029849449613,tvm
1500,750,25,640,16,16,16,4,1,[1500; 750; 25; 640; 16; 16; 16; 4; 1],0.4375985049409792,0.3342920796894507,tvm
100,20,1,1280,128,16,640,10,1,[100; 20; 1; 1280; 128; 16; 640; 10; 1],2.394445609068498,0.06109377207470721,tvm
300,50,5,1280,320,64,1,1,4,[300; 50; 5; 1280; 320; 64; 1; 1; 4],1.0562775220023468,0.1384917422160095,tvm
1500,20,4,5120,1024,64,2,2,4,[1500; 20; 4; 5120; 1024; 64; 2; 2; 4],0.7010790799977258,0.20865793668552887,tvm
30,15,5,128,32,32,256,4,2,[30; 15; 5; 128; 32; 32; 256; 4; 2],0.44862809299957007,0.3260734594386056,tvm
1500,375,5,1280,320,32,256,8,2,[1500; 375; 5; 1280; 320; 32; 256; 8; 2],0.32593869394622743,0.4488135867349587,tvm
1500,20,10,640,320,16,8,1,1,[1500; 20; 10; 640; 320; 16; 8; 1; 1],0.6090176870347932,0.24019945134591303,tvm
300,100,1,80,80,16,256,4,1,[300; 100; 1; 80; 80; 16; 256; 4; 1],1.2654525329126045,0.11559952703166083,tvm
1500,12,3,5120,5120,32,160,5,2,[1500; 12; 3; 5120; 5120; 32; 160; 5; 2],0.6229332559742033,0.23483368865407342,tvm
60,6,1,1280,1280,80,64,1,5,[60; 6; 1; 1280; 1280; 80; 64; 1; 5],0.8792682751081884,0.1663721055643851,tvm
1500,100,4,1280,256,16,32,2,1,[1500; 100; 4; 1280; 256; 16; 32; 2; 1],0.7453659110469744,0.1962602691076049,tvm
375,3,1,2560,16,16,1,1,1,[375; 3; 1; 2560; 16; 16; 1; 1; 1],0.8205931480042636,0.17826826197792506,tvm
750,10,10,2560,512,32,160,4,2,[750; 10; 10; 2560; 512; 32; 160; 4; 2],0.6277950410731137,0.23301508408805305,tvm
1500,60,1,5120,1280,128,64,2,8,[1500; 60; 1; 5120; 1280; 128; 64; 2; 8],0.47914365003816783,0.30530659077723643,tvm
500,500,1,1280,640,128,40,1,8,[500; 500; 1; 1280; 640; 128; 40; 1; 8],0.47554468794260174,0.30761717667083055,tvm
12,4,2,32,32,16,16,2,1,[12; 4; 2; 32; 32; 16; 16; 2; 1],0.8090626839548349,0.18080887573586393,tvm
150,150,1,1280,160,32,64,1,2,[150; 150; 1; 1280; 160; 32; 64; 1; 2],0.7148623870452866,0.2046347897675124,tvm
300,6,3,1280,256,64,1280,5,4,[300; 6; 3; 1280; 256; 64; 1280; 5; 4],0.6079944379162043,0.24060370484158253,tvm
100,20,10,64,64,16,640,4,1,[100; 20; 10; 64; 64; 16; 640; 4; 1],0.5429400360444561,0.2694325424064627,tvm
750,10,5,1024,128,64,1280,4,4,[750; 10; 5; 1024; 128; 64; 1280; 4; 4],0.49483621097169816,0.29562451381328075,tvm
500,500,2,640,128,16,256,32,1,[500; 500; 2; 640; 128; 16; 256; 32; 1],0.6846451360033825,0.2136664771178504,tvm
300,50,10,2560,2560,32,160,1,2,[300; 50; 10; 2560; 2560; 32; 160; 1; 2],0.6906396370613948,0.21181192974696028,tvm
150,150,6,320,16,16,80,16,1,[150; 150; 6; 320; 16; 16; 80; 16; 1],0.29942975798621774,0.4885476823330552,tvm
1500,20,4,160,16,16,16,8,1,[1500; 20; 4; 160; 16; 16; 16; 8; 1],0.4127315760124475,0.35443305719187934,tvm
500,100,2,160,16,16,320,32,1,[500; 100; 2; 160; 16; 16; 320; 32; 1],0.9705790840089321,0.15072003579707066,tvm
12,12,3,640,80,80,160,1,5,[12; 12; 3; 640; 80; 80; 160; 1; 5],0.6190966770518571,0.23628896698707533,tvm
1500,60,5,512,256,32,160,4,2,[1500; 60; 5; 512; 256; 32; 160; 4; 2],0.3464148089988157,0.42228481717770444,tvm
60,6,1,1280,640,128,80,1,8,[60; 6; 1; 1280; 640; 128; 80; 1; 8],0.7305382109479979,0.20024375466395336,tvm
1500,300,6,5120,512,64,1280,1,4,[1500; 300; 6; 5120; 512; 64; 1280; 1; 4],0.5239395420067012,0.2792034243596817,tvm
250,2,2,1280,80,16,32,4,1,[250; 2; 2; 1280; 80; 16; 32; 4; 1],1.1460397279588506,0.127644540339152,tvm
500,5,5,640,320,80,160,32,5,[500; 5; 5; 640; 320; 80; 160; 32; 5],0.5472020439337939,0.2673340056153252,tvm
750,150,5,1024,64,16,80,4,1,[750; 150; 5; 1024; 64; 16; 80; 4; 1],0.47142364096362144,0.310306275660458,tvm
12,6,3,1280,160,32,640,64,2,[12; 6; 3; 1280; 160; 32; 640; 64; 2],0.7610792559571564,0.19220825313618742,tvm
100,4,2,2560,1280,16,32,32,1,[100; 4; 2; 2560; 1280; 16; 32; 32; 1],0.7581032210728154,0.19296279216265674,tvm
750,150,30,640,32,16,160,40,1,[750; 150; 30; 640; 32; 16; 160; 40; 1],0.5364266369724646,0.2727040460021438,tvm
30,30,1,1280,256,32,32,8,2,[30; 30; 1; 1280; 256; 32; 32; 8; 2],0.7213933389866725,0.2027821805108418,tvm
12,6,1,5120,1280,32,160,10,2,[12; 6; 1; 5120; 1280; 32; 160; 10; 2],1.2286113920854405,0.119065894413863,tvm
150,15,15,64,64,16,640,32,1,[150; 15; 15; 64; 64; 16; 640; 32; 1],0.597404454019852,0.24486880421024307,tvm
100,10,2,5120,320,160,16,1,10,[100; 10; 2; 5120; 320; 160; 16; 1; 10],0.6440929759992287,0.22711894048956294,tvm
10,10,2,5120,32,32,128,1,2,[10; 10; 2; 5120; 32; 32; 128; 1; 2],0.6235772139625624,0.2345911797452189,tvm
1500,50,10,5120,512,16,160,5,1,[1500; 50; 10; 5120; 512; 16; 160; 5; 1],0.5224387039197609,0.28000550722632084,tvm
150,150,2,512,512,64,160,10,4,[150; 150; 2; 512; 512; 64; 160; 10; 4],0.27688871102873236,0.5283195322128335,tvm
1500,1500,3,256,256,64,64,32,4,[1500; 1500; 3; 256; 256; 64; 64; 32; 4],0.22559980291407555,0.6484301510734488,tvm
75,5,5,320,320,80,1280,16,5,[75; 5; 5; 320; 320; 80; 1280; 16; 5],0.565703573054634,0.25859075539476295,tvm
1500,4,4,2560,128,64,256,32,4,[1500; 4; 4; 2560; 128; 64; 256; 32; 4],0.4630094099557027,0.3159454454709891,tvm
150,25,1,2560,1280,16,40,20,1,[150; 25; 1; 2560; 1280; 16; 40; 20; 1],1.0461611840873957,0.13983095197067996,tvm
300,300,1,5120,160,16,160,16,1,[300; 300; 1; 5120; 160; 16; 160; 16; 1],1.1096528100315481,0.13183016612336187,tvm
60,12,3,1024,32,16,128,16,1,[60; 12; 3; 1024; 32; 16; 128; 16; 1],0.5783491830807179,0.2529366662307497,tvm
12,6,3,640,160,16,32,16,1,[12; 6; 3; 640; 160; 16; 32; 16; 1],0.6672938340343535,0.21922233778378244,tvm
1500,60,4,5120,32,16,80,4,1,[1500; 60; 4; 5120; 32; 16; 80; 4; 1],0.5934330760501325,0.2465075173419492,tvm
500,100,2,512,128,128,1280,32,8,[500; 100; 2; 512; 128; 128; 1280; 32; 8],0.9529776379931718,0.1535038267988849,tvm
1500,250,1,32,32,16,256,64,1,[1500; 250; 1; 32; 32; 16; 256; 64; 1],1.2637644880451262,0.11575393648859261,tvm
1500,15,3,2560,32,32,160,2,2,[1500; 15; 3; 2560; 32; 32; 160; 2; 2],0.45406193006783724,0.32217128237079706,tvm
100,4,1,64,64,16,1280,4,1,[100; 4; 1; 64; 64; 16; 1280; 4; 1],2.422641152050346,0.06038274143981612,tvm
1500,50,1,5120,256,16,20,1,1,[1500; 50; 1; 5120; 256; 16; 20; 1; 1],0.5796513740206137,0.25236844220869914,tvm
750,375,1,1024,64,32,80,10,2,[750; 375; 1; 1024; 64; 32; 80; 10; 2],0.7264025890035555,0.20138380080167678,tvm
150,50,1,1280,320,16,80,20,1,[150; 50; 1; 1280; 320; 16; 80; 20; 1],1.0769504129420966,0.13583328677694606,tvm
60,6,6,5120,512,16,640,20,1,[60; 6; 6; 5120; 512; 16; 640; 20; 1],0.6618979289196432,0.22100947577292376,tvm
500,2,1,512,256,32,160,40,2,[500; 2; 1; 512; 256; 32; 160; 40; 2],1.364261133945547,0.10722706280039282,tvm
750,750,10,5120,256,16,160,2,1,[750; 750; 10; 5120; 256; 16; 160; 2; 1],0.6618548490805551,0.22102386118184908,tvm
750,250,2,1024,128,16,10,1,1,[750; 250; 2; 1024; 128; 16; 10; 1; 1],0.28673600195907056,0.5101756085257668,tvm
750,150,6,160,32,16,128,8,1,[750; 150; 6; 160; 32; 16; 128; 8; 1],0.34573023905977607,0.4231209705102532,tvm
1500,300,25,128,32,16,256,4,1,[1500; 300; 25; 128; 32; 16; 256; 4; 1],0.48019713000394404,0.3046367942359689,tvm
10,10,2,2560,320,160,256,1,10,[10; 10; 2; 2560; 320; 160; 256; 1; 10],0.6133606670191512,0.2384986878872472,tvm
60,12,2,1024,64,16,64,32,1,[60; 12; 2; 1024; 64; 16; 64; 32; 1],0.720132409944199,0.20313724568659472,tvm
1500,750,5,2560,640,64,20,4,4,[1500; 750; 5; 2560; 640; 64; 20; 4; 4],0.34186349401716143,0.42790680153280947,tvm
12,4,1,2560,1280,16,640,4,1,[12; 4; 1; 2560; 1280; 16; 640; 4; 1],2.4417051168857142,0.059911294477809504,tvm
1500,1500,4,256,256,16,640,64,1,[1500; 1500; 4; 256; 256; 16; 640; 64; 1],0.7256679129786789,0.20158768448951989,tvm
30,5,1,2560,1280,64,64,64,4,[30; 5; 1; 2560; 1280; 64; 64; 64; 4],0.8393749530659989,0.1742793417308606,tvm
375,15,5,1024,128,64,256,4,4,[375; 15; 5; 1024; 128; 64; 256; 4; 4],0.4254829779965803,0.3438109674199235,tvm
150,3,1,2560,512,16,64,1,1,[150; 3; 1; 2560; 512; 16; 64; 1; 1],1.461579943075776,0.10008738487329534,tvm
150,75,15,2560,64,16,256,64,1,[150; 75; 15; 2560; 64; 16; 256; 64; 1],0.5731345840031281,0.2552379813899276,tvm
1500,20,5,5120,512,32,1280,10,2,[1500; 20; 5; 5120; 512; 32; 1280; 10; 2],0.5088668540120125,0.28747345819906955,tvm
25,5,5,320,64,32,20,20,2,[25; 5; 5; 320; 64; 32; 20; 20; 2],0.6420444239629433,0.22784360213391938,tvm
6,2,1,5120,2560,128,40,4,8,[6; 2; 1; 5120; 2560; 128; 40; 4; 8],1.166215281933546,0.12543628655180838,tvm
125,125,1,1280,128,128,64,2,8,[125; 125; 1; 1280; 128; 128; 64; 2; 8],0.47186104801949114,0.3100186270931007,tvm
750,50,2,256,64,64,1280,64,4,[750; 50; 2; 256; 64; 64; 1280; 64; 4],0.9268874450353906,0.1578246798672829,tvm
375,15,3,1280,128,32,320,16,2,[375; 15; 3; 1280; 128; 32; 320; 16; 2],0.5491853079292923,0.26636858665663465,tvm
60,6,2,320,80,16,8,4,1,[60; 6; 2; 320; 80; 16; 8; 4; 1],1.0639242288889363,0.13749636516735925,tvm
500,100,25,640,64,16,10,1,1,[500; 100; 25; 640; 64; 16; 10; 1; 1],0.5815505660139024,0.25154427290544024,tvm
375,75,1,256,128,64,160,5,4,[375; 75; 1; 256; 128; 64; 160; 5; 4],0.5295865959487855,0.2762262402499724,tvm
1500,75,1,512,256,32,320,10,2,[1500; 75; 1; 512; 256; 32; 320; 10; 2],1.3080648860195652,0.1118336833663206,tvm
60,15,5,320,160,80,80,2,5,[60; 15; 5; 320; 160; 80; 80; 2; 5],0.5336728330003098,0.27411122552987327,tvm
500,4,4,2560,320,80,1280,40,5,[500; 4; 4; 2560; 320; 80; 1280; 40; 5],0.6114850420271978,0.23923024151293593,tvm
60,10,2,80,80,80,8,8,5,[60; 10; 2; 80; 80; 80; 8; 8; 5],0.4480009339749813,0.32652993150653487,tvm
150,1,1,1024,512,128,128,32,8,[150; 1; 1; 1024; 512; 128; 128; 32; 8],1.7997701910790056,0.08128021844722991,tvm
250,50,1,640,320,16,40,10,1,[250; 50; 1; 640; 320; 16; 40; 10; 1],1.0149176339618862,0.14413555286714808,tvm
300,60,5,1280,640,32,16,8,2,[300; 60; 5; 1280; 640; 32; 16; 8; 2],0.27697044995147735,0.5281636156902015,tvm
500,50,10,5120,2560,32,8,8,2,[500; 50; 10; 5120; 2560; 32; 8; 8; 2],0.3440757020143792,0.42515560799350166,tvm
1500,150,10,640,32,32,16,16,2,[1500; 150; 10; 640; 32; 32; 16; 16; 2],0.22976523905526847,0.6366746984321953,tvm
6,1,1,5120,160,32,160,10,2,[6; 1; 1; 5120; 160; 32; 160; 10; 2],1.8433549930341542,0.07935840618790885,tvm
100,25,5,1024,128,64,80,40,4,[100; 25; 5; 1024; 128; 64; 80; 40; 4],0.25104639201890677,0.582703910258536,tvm
250,2,1,640,32,32,40,10,2,[250; 2; 1; 640; 32; 32; 40; 10; 2],1.1990029340377077,0.12200613537540661,tvm
1500,100,1,512,128,64,64,2,4,[1500; 100; 1; 512; 128; 64; 64; 2; 4],0.5237117779906839,0.2793248508692438,tvm
1500,250,2,1280,320,80,20,20,5,[1500; 250; 2; 1280; 320; 80; 20; 20; 5],0.35431592306122184,0.412868021910598,tvm
750,150,6,5120,128,32,20,10,2,[750; 150; 6; 5120; 128; 32; 20; 10; 2],0.28296951903030276,0.5169663318756561,tvm
60,60,12,5120,256,16,1280,40,1,[60; 60; 12; 5120; 256; 16; 1280; 40; 1],0.6798438279656693,0.2151754686417502,tvm
100,100,4,2560,256,16,128,16,1,[100; 100; 4; 2560; 256; 16; 128; 16; 1],0.39858824701514095,0.36700960297044943,tvm
20,5,1,256,64,32,640,32,2,[20; 5; 1; 256; 64; 32; 640; 32; 2],1.8619371360400692,0.07856640885139218,tvm
1500,1500,10,320,320,32,320,10,2,[1500; 1500; 10; 320; 320; 32; 320; 10; 2],0.36751675396226346,0.39803821923376825,tvm
30,15,1,5120,2560,128,160,8,8,[30; 15; 1; 5120; 2560; 128; 160; 8; 8],1.6284948460524902,0.08982878554409571,tvm
20,2,2,1024,256,32,32,2,2,[20; 2; 2; 1024; 256; 32; 32; 2; 2],0.9921167760621756,0.14744808052368485,tvm
250,2,2,1024,32,16,80,4,1,[250; 2; 2; 1024; 32; 16; 80; 4; 1],1.1406856449320912,0.1282436707568308,tvm
500,4,4,320,32,32,80,1,2,[500; 4; 4; 320; 32; 32; 80; 1; 2],0.6751198610290885,0.2166811002460071,tvm
30,30,10,1024,32,16,160,1,1,[30; 30; 10; 1024; 32; 16; 160; 1; 1],0.6310091109480709,0.23182821253709748,tvm
60,10,2,128,32,32,10,2,2,[60; 10; 2; 128; 32; 32; 10; 2; 2],0.43625168700236827,0.33532412284956997,tvm
750,30,6,320,160,16,320,2,1,[750; 30; 6; 320; 160; 16; 320; 2; 1],0.6957727969856933,0.21024925797540525,tvm
300,12,6,5120,160,16,640,64,1,[300; 12; 6; 5120; 160; 16; 640; 64; 1],0.6505202789558098,0.22487494858811552,tvm
750,75,25,2560,160,16,1280,40,1,[750; 75; 25; 2560; 160; 16; 1280; 40; 1],0.5818367899628356,0.25142053030895173,tvm
300,20,2,320,320,16,64,1,1,[300; 20; 2; 320; 320; 16; 64; 1; 1],0.728888439014554,0.20069698798281166,tvm
3,3,1,64,64,32,160,5,2,[3; 3; 1; 64; 64; 32; 160; 5; 2],1.248936748947017,0.11712820077481771,tvm
750,250,1,5120,1024,16,80,5,1,[750; 250; 1; 5120; 1024; 16; 80; 5; 1],1.0532937849638984,0.13888405720606073,tvm
30,6,1,1280,640,64,320,32,4,[30; 6; 1; 1280; 640; 64; 320; 32; 4],1.4471253679366782,0.10108710518584131,tvm
375,75,3,1280,160,32,256,2,2,[375; 75; 3; 1280; 160; 32; 256; 2; 2],0.42527525103650987,0.343978902908591,tvm
300,50,25,160,16,16,256,4,1,[300; 50; 25; 160; 16; 16; 256; 4; 1],0.5303697240306064,0.275818372839986,tvm
30,5,5,2560,128,64,256,32,4,[30; 5; 5; 2560; 128; 64; 256; 32; 4],0.4217502640094608,0.34685387720926897,tvm
1500,150,2,1280,320,80,320,10,5,[1500; 150; 2; 1280; 320; 80; 320; 10; 5],0.6656374929007143,0.21976784037243843,tvm
375,25,5,5120,64,16,320,20,1,[375; 25; 5; 5120; 64; 16; 320; 20; 1],0.5126914029242471,0.28532897850703537,tvm
60,15,3,2560,320,32,160,20,2,[60; 15; 3; 2560; 320; 32; 160; 20; 2],0.35239473497495055,0.41511889868647667,tvm
1500,50,1,2560,128,32,128,2,2,[1500; 50; 1; 2560; 128; 32; 128; 2; 2],0.7481943839229643,0.19551832709396036,tvm
250,125,5,2560,160,16,320,40,1,[250; 125; 5; 2560; 160; 16; 320; 40; 1],0.4562087260419503,0.32065523067672036,tvm
15,15,5,640,80,80,32,1,5,[15; 15; 5; 640; 80; 80; 32; 1; 5],0.5363948129815981,0.2727202253738663,tvm
150,6,6,512,512,16,128,64,1,[150; 6; 6; 512; 512; 16; 128; 64; 1],0.600611756904982,0.24356119007649893,tvm
300,4,2,1280,640,128,160,40,8,[300; 4; 2; 1280; 640; 128; 160; 40; 8],0.6440691959578544,0.22712732607582542,tvm
60,15,1,5120,128,64,64,4,4,[60; 15; 1; 5120; 128; 64; 64; 4; 4],0.6434187539853156,0.22735693260357298,tvm
1500,300,10,1024,128,16,1280,4,1,[1500; 300; 10; 1024; 128; 16; 1280; 4; 1],0.5466186890844256,0.2676193061213104,tvm
150,30,6,64,32,16,40,8,1,[150; 30; 6; 64; 32; 16; 40; 8; 1],0.374222497921437,0.39090571811752756,tvm
300,15,1,512,64,16,2,1,1,[300; 15; 1; 512; 64; 16; 2; 1; 1],0.6795065170153975,0.21528228298419613,tvm
20,4,4,320,64,64,80,20,4,[20; 4; 4; 320; 64; 64; 80; 20; 4],0.4949729120125994,0.29554286858023177,tvm
300,50,2,1024,64,32,32,8,2,[300; 50; 2; 1024; 64; 32; 32; 8; 2],0.44564813596662134,0.32825384530873697,tvm
750,50,2,128,64,32,32,4,2,[750; 50; 2; 128; 64; 32; 32; 4; 2],0.435903488076292,0.3355919791587245,tvm
1500,2,1,5120,1024,64,640,40,4,[1500; 2; 1; 5120; 1024; 64; 640; 40; 4],1.8446944439783692,0.07930078326155009,tvm
1500,750,5,2560,128,64,640,20,4,[1500; 750; 5; 2560; 128; 64; 640; 20; 4],0.43216801702510566,0.33849268923853804,tvm
1500,150,3,1280,1280,80,320,4,5,[1500; 150; 3; 1280; 1280; 80; 320; 4; 5],0.5650377329438925,0.25889547857902134,tvm
5,1,1,128,16,16,320,32,1,[5; 1; 1; 128; 16; 16; 320; 32; 1],2.4378976370207965,0.06000486323309333,tvm
125,25,1,160,80,80,1280,1,5,[125; 25; 1; 160; 80; 80; 1280; 1; 5],1.8435532610164955,0.07934987145695781,tvm
60,1,1,5120,128,64,320,8,4,[60; 1; 1; 5120; 128; 64; 320; 8; 4],1.8331627860898152,0.07979963121428273,tvm
50,10,10,2560,640,32,640,10,2,[50; 10; 10; 2560; 640; 32; 640; 10; 2],0.43230704602319747,0.33838383073188366,tvm
375,15,5,2560,1280,80,320,32,5,[375; 15; 5; 2560; 1280; 80; 320; 32; 5],0.5439144519623369,0.268949857386477,tvm
60,10,1,5120,2560,16,80,20,1,[60; 10; 1; 5120; 2560; 16; 80; 20; 1],1.2079007069114596,0.1211074001767574,tvm
300,300,5,5120,640,80,320,2,5,[300; 300; 5; 5120; 640; 80; 320; 2; 5],0.5394748689141124,0.2711631675821471,tvm
300,15,1,1280,64,16,10,10,1,[300; 15; 1; 1280; 64; 16; 10; 10; 1],0.3819324610522017,0.38301461437110024,tvm
12,12,3,1280,640,80,128,8,5,[12; 12; 3; 1280; 640; 80; 128; 8; 5],0.39857485506217927,0.3670219343437838,tvm
75,15,15,160,16,16,160,1,1,[75; 15; 15; 160; 16; 16; 160; 1; 1],0.6303159290691838,0.23208316264788212,tvm
1500,750,6,1024,512,32,1280,64,2,[1500; 750; 6; 1024; 512; 32; 1280; 64; 2],0.5073596310103312,0.2883274611234009,tvm
750,30,6,320,320,16,10,5,1,[750; 30; 6; 320; 320; 16; 10; 5; 1],0.42903467104770243,0.340964784800456,tvm
50,2,1,2560,32,16,160,16,1,[50; 2; 1; 2560; 32; 16; 160; 16; 1],1.8028241490246728,0.0811425309367277,tvm
12,12,2,5120,5120,64,320,2,4,[12; 12; 2; 5120; 5120; 64; 320; 2; 4],0.9392942859558389,0.15574002362513248,tvm
60,60,3,256,128,64,32,32,4,[60; 60; 3; 256; 128; 64; 32; 32; 4],0.3849190869368613,0.38004276548050137,tvm
250,2,1,5120,128,128,20,1,8,[250; 2; 1; 5120; 128; 128; 20; 1; 8],1.5531858849572018,0.09418429287988618,tvm
750,750,1,1024,128,128,64,16,8,[750; 750; 1; 1024; 128; 128; 64; 16; 8],0.4594913669861853,0.3183644455503174,tvm
60,4,2,320,32,32,40,40,2,[60; 4; 2; 320; 32; 32; 40; 40; 2],0.7108429369982332,0.2057918939216778,tvm
300,60,3,5120,64,16,128,32,1,[300; 60; 3; 5120; 64; 16; 128; 32; 1],0.45048924593720585,0.3247263183416929,tvm
150,150,1,5120,256,32,1,1,2,[150; 150; 1; 5120; 256; 32; 1; 1; 2],1.0452266780193895,0.13995597066361964,tvm
1500,1500,2,5120,160,160,32,32,10,[1500; 1500; 2; 5120; 160; 160; 32; 32; 10],0.34077811101451516,0.4292696906213069,tvm
100,10,1,5120,5120,160,160,2,10,[100; 10; 1; 5120; 5120; 160; 160; 2; 10],1.8541253580478951,0.07889742387199232,tvm
60,10,10,80,16,16,2,1,1,[60; 10; 10; 80; 16; 16; 2; 1; 1],0.42493281105998904,0.3442561046787764,tvm
100,20,1,2560,1280,32,20,5,2,[100; 20; 1; 2560; 1280; 32; 20; 5; 2],0.7017123609548435,0.20846962719405204,tvm
500,50,25,1024,512,16,32,16,1,[500; 50; 25; 1024; 512; 16; 32; 16; 1],1.3166213110089302,0.1111069014777037,tvm
750,30,10,1024,64,16,80,16,1,[750; 30; 10; 1024; 64; 16; 80; 16; 1],0.30564731103368104,0.4786095247852327,tvm
15,15,1,320,320,64,320,5,4,[15; 15; 1; 320; 320; 64; 320; 5; 4],1.310100405011326,0.11165992600731212,tvm
100,20,2,320,64,16,16,4,1,[100; 20; 2; 320; 64; 16; 16; 4; 1],0.5630154490936548,0.25982540003334864,tvm
500,50,2,5120,16,16,40,2,1,[500; 50; 2; 5120; 16; 16; 40; 2; 1],0.655078478041105,0.22331021272925278,tvm
5,5,5,1280,1280,80,256,4,5,[5; 5; 5; 1280; 1280; 80; 256; 4; 5],0.5627205700147897,0.25996155477641336,tvm
300,100,2,2560,640,80,128,8,5,[300; 100; 2; 2560; 640; 80; 128; 8; 5],0.3172485209070146,0.4611076321726668,tvm
300,6,2,1280,32,32,640,8,2,[300; 6; 2; 1280; 32; 32; 640; 8; 2],0.9039560060482472,0.16182835592322678,tvm
750,250,1,5120,128,16,160,40,1,[750; 250; 1; 5120; 128; 16; 160; 40; 1],1.0971307790605351,0.1333348011719967,tvm
750,25,1,1280,640,32,80,20,2,[750; 25; 1; 1280; 640; 32; 80; 20; 2],0.7590198010439053,0.19272977343215902,tvm
300,100,10,320,320,32,128,8,2,[300; 100; 10; 320; 320; 32; 128; 8; 2],0.3182084260042757,0.4597166584260993,tvm
30,5,1,1280,160,32,16,4,2,[30; 5; 1; 1280; 160; 32; 16; 4; 2],0.951864005997777,0.1536834183916562,tvm
1500,30,15,1280,32,16,80,10,1,[1500; 30; 15; 1280; 32; 16; 80; 10; 1],0.35330140800215304,0.4140535841986308,tvm
10,1,1,640,640,32,5,1,2,[10; 1; 1; 640; 640; 32; 5; 1; 2],1.9076893349410966,0.07668214714332988,tvm
30,2,1,320,32,16,8,2,1,[30; 2; 1; 320; 32; 16; 8; 2; 1],0.9176715599605814,0.1594096631827601,tvm
750,2,1,5120,160,32,640,40,2,[750; 2; 1; 5120; 160; 32; 640; 40; 2],1.8686260420363396,0.07828517370243812,tvm
5,5,1,512,256,128,320,10,8,[5; 5; 1; 512; 256; 128; 320; 10; 8],1.470129180001095,0.09950534706453847,tvm
50,10,10,640,320,16,1280,10,1,[50; 10; 10; 640; 320; 16; 1280; 10; 1],0.5170948940794915,0.282899166015022,tvm
30,30,30,640,80,16,16,4,1,[30; 30; 30; 640; 80; 16; 16; 4; 1],0.5621951160719618,0.26020452704713554,tvm
50,50,5,512,256,32,160,16,2,[50; 50; 5; 512; 256; 32; 160; 16; 2],0.24824809795245528,0.5892722461613022,tvm
30,10,5,5120,320,32,8,1,2,[30; 10; 5; 5120; 320; 32; 8; 1; 2],0.5513202999718487,0.26533707228481135,tvm
10,2,1,640,64,32,20,1,2,[10; 2; 1; 640; 64; 32; 20; 1; 2],1.2274460908956826,0.11917893206940584,tvm
6,6,1,2560,512,32,40,5,2,[6; 6; 1; 2560; 512; 32; 40; 5; 2],0.9150164489401504,0.15987222355964725,tvm
20,4,4,5120,1024,32,40,40,2,[20; 4; 4; 5120; 1024; 32; 40; 40; 2],0.5788118870696053,0.2527344678878764,tvm
75,15,15,5120,80,16,160,32,1,[75; 15; 15; 5120; 80; 16; 160; 32; 1],0.5901614809408784,0.24787404635845592,tvm
300,10,1,32,32,32,64,8,2,[300; 10; 1; 32; 32; 32; 64; 8; 2],0.9624084199313074,0.15199962017804824,tvm
500,10,5,2560,160,16,4,2,1,[500; 10; 5; 2560; 160; 16; 4; 2; 1],0.44154169608373195,0.3313066819808867,tvm
60,60,4,5120,160,32,256,4,2,[60; 60; 4; 5120; 160; 32; 256; 4; 2],0.41184846800751984,0.3551930519334682,tvm
1500,150,2,1024,256,128,128,32,8,[1500; 150; 2; 1024; 256; 128; 128; 32; 8],0.24767926894128323,0.5906255897436209,tvm
1500,10,5,5120,5120,32,640,40,2,[1500; 10; 5; 5120; 5120; 32; 640; 40; 2],0.476634498918429,0.3069138189066536,tvm
1500,6,3,128,16,16,10,5,1,[1500; 6; 3; 128; 16; 16; 10; 5; 1],0.5326262520393357,0.27464983884217326,tvm
750,15,3,320,320,16,1280,8,1,[750; 15; 3; 320; 320; 16; 1280; 8; 1],0.8195058929268271,0.17850477409413334,tvm
30,30,10,1024,64,16,8,4,1,[30; 30; 10; 1024; 64; 16; 8; 4; 1],0.45752059400547296,0.31973580250239925,tvm
12,12,3,2560,160,32,640,1,2,[12; 12; 3; 2560; 160; 32; 640; 1; 2],0.9566928240237758,0.15290771563483452,tvm
750,10,2,256,128,64,160,4,4,[750; 10; 2; 256; 128; 64; 160; 4; 4],0.4627691339701414,0.3161094886141496,tvm
300,300,12,128,32,32,1280,4,2,[300; 300; 12; 128; 32; 32; 1280; 4; 2],0.5381632930366322,0.27182402846594145,tvm
750,250,10,640,320,16,640,16,1,[750; 250; 10; 640; 320; 16; 640; 16; 1],0.43727196007966995,0.33454172149309863,tvm
750,125,1,5120,2560,160,64,8,10,[750; 125; 1; 5120; 2560; 160; 64; 8; 10],0.49971527501475066,0.29273812828994716,tvm
750,150,1,640,640,32,160,20,2,[750; 150; 1; 640; 640; 32; 160; 20; 2],0.7279225789243355,0.20096328719722276,tvm
100,5,1,1024,512,128,160,40,8,[100; 5; 1; 1024; 512; 128; 160; 40; 8],0.8426803429611027,0.17359573592482233,tvm
300,60,30,320,64,16,10,2,1,[300; 60; 30; 320; 64; 16; 10; 2; 1],0.6893622389761731,0.2122044202812369,tvm
300,30,6,640,64,64,5,1,4,[300; 30; 6; 640; 64; 64; 5; 1; 4],0.4507803610758856,0.324516609234199,tvm
100,100,20,128,32,16,40,2,1,[100; 100; 20; 128; 32; 16; 40; 2; 1],0.5557539230212569,0.26322029989542517,tvm
100,25,5,640,320,16,20,1,1,[100; 25; 5; 640; 320; 16; 20; 1; 1],0.6329652370186523,0.2311117668558527,tvm
150,30,3,1024,32,16,64,8,1,[150; 30; 3; 1024; 32; 16; 64; 8; 1],0.46537214901763946,0.3143413601233139,tvm
300,100,5,1280,128,32,1280,20,2,[300; 100; 5; 1280; 128; 32; 1280; 20; 2],0.4185485040070489,0.3495071966217102,tvm
15,5,1,640,128,128,2,1,8,[15; 5; 1; 640; 128; 128; 2; 1; 8],0.6797885720152408,0.21519295896965238,tvm
1500,500,25,2560,64,16,64,16,1,[1500; 500; 25; 2560; 64; 16; 64; 16; 1],0.3886751779355109,0.3763700966517241,tvm
300,50,2,256,128,32,256,8,2,[300; 50; 2; 256; 128; 32; 256; 8; 2],0.4628343910444528,0.3160649189348255,tvm
60,60,10,1024,1024,32,40,8,2,[60; 60; 10; 1024; 1024; 32; 40; 8; 2],0.5514135450357571,0.26529220328860115,tvm
750,3,3,2560,2560,16,640,20,1,[750; 3; 3; 2560; 2560; 16; 640; 20; 1],0.8184903180226684,0.17872626109874504,tvm
100,50,1,2560,1280,64,320,16,4,[100; 50; 1; 2560; 1280; 64; 320; 16; 4],1.5199485709890723,0.0962438579027198,tvm
500,1,1,2560,256,128,20,1,8,[500; 1; 1; 2560; 256; 128; 20; 1; 8],1.9838791450019926,0.07373721058273808,tvm
150,150,1,640,640,160,40,1,10,[150; 150; 1; 640; 640; 160; 40; 1; 10],0.5716015551006421,0.2559225267677197,tvm
1500,250,25,512,128,16,1280,20,1,[1500; 250; 25; 512; 128; 16; 1280; 20; 1],0.6150979129597545,0.23782508638634528,tvm
300,300,6,640,160,16,1280,16,1,[300; 300; 6; 640; 160; 16; 1280; 16; 1],0.5105685070157051,0.2865153496065799,tvm
30,30,2,5120,2560,128,2,1,8,[30; 30; 2; 5120; 2560; 128; 2; 1; 8],0.7046961520100012,0.20758693497681846,tvm
12,4,1,320,160,160,80,10,10,[12; 4; 1; 320; 160; 160; 80; 10; 10],0.9713836030568928,0.1505952064924309,tvm
150,10,1,640,128,32,5,1,2,[150; 10; 1; 640; 128; 32; 5; 1; 2],0.4086069609038532,0.35801082282623153,tvm
3,1,1,2560,320,16,32,8,1,[3; 1; 1; 2560; 320; 16; 32; 8; 1],1.9190787100233138,0.07622705286743406,tvm
125,5,1,256,128,32,256,4,2,[125; 5; 1; 256; 128; 32; 256; 4; 2],1.026002167025581,0.14257836775316188,tvm
300,150,1,5120,64,16,256,1,1,[300; 150; 1; 5120; 64; 16; 256; 1; 1],1.258340721949935,0.11625286516916401,tvm
30,15,1,320,160,160,128,4,10,[30; 15; 1; 320; 160; 160; 128; 4; 10],0.6369532049866393,0.22966477464978416,tvm
50,25,5,1280,256,64,80,16,4,[50; 25; 5; 1280; 256; 64; 80; 16; 4],0.256729140994139,0.56980564699141,tvm
1500,5,5,5120,160,80,16,1,5,[1500; 5; 5; 5120; 160; 80; 16; 1; 5],0.5872534760273993,0.24910148727478812,tvm
750,6,1,5120,640,16,8,2,1,[750; 6; 1; 5120; 640; 16; 8; 2; 1],0.6070643350249156,0.24097234155538114,tvm
1500,25,5,5120,256,32,640,10,2,[1500; 25; 5; 5120; 256; 32; 640; 10; 2],0.43846319208387285,0.3336328269437302,tvm
750,6,6,128,64,32,1280,64,2,[750; 6; 6; 128; 64; 32; 1280; 64; 2],0.490803143940866,0.2980537433218631,tvm
1500,12,4,1280,1280,64,256,2,4,[1500; 12; 4; 1280; 1280; 64; 256; 2; 4],0.5363976809894666,0.2727187671950188,tvm
300,60,1,640,160,16,40,10,1,[300; 60; 1; 640; 160; 16; 40; 10; 1],1.026473093079403,0.1425129555484591,tvm
6,6,2,5120,2560,128,256,16,8,[6; 6; 2; 5120; 2560; 128; 256; 16; 8],0.916294374037534,0.15964925511997308,tvm
1500,300,3,512,128,32,1280,1,2,[1500; 300; 3; 512; 128; 32; 1280; 1; 2],0.6325860349461436,0.23125030621039333,tvm
500,500,5,2560,64,16,256,64,1,[500; 500; 5; 2560; 64; 16; 256; 64; 1],0.4163128020009026,0.3513841361174311,tvm
60,10,1,5120,640,80,16,4,5,[60; 10; 1; 5120; 640; 80; 16; 4; 5],0.7850761609151959,0.1863331502961228,tvm
300,50,5,5120,256,64,1280,8,4,[300; 50; 5; 5120; 256; 64; 1280; 8; 4],0.45928025199100375,0.3185107865003081,tvm
150,10,2,1280,320,32,32,1,2,[150; 10; 2; 1280; 320; 32; 32; 1; 2],0.59282809891738,0.24675907662416915,tvm
750,25,5,256,256,16,640,20,1,[750; 25; 5; 256; 256; 16; 640; 20; 1],0.5024745649425313,0.29113058549032267,tvm
100,100,4,512,16,16,1280,64,1,[100; 100; 4; 512; 16; 16; 1280; 64; 1],0.6437191580189392,0.22725083208011396,tvm
60,5,1,1024,256,32,4,4,2,[60; 5; 1; 1024; 256; 32; 4; 4; 2],0.6267256890423596,0.2334126665674734,tvm
300,20,4,160,160,80,256,16,5,[300; 20; 4; 160; 160; 80; 256; 16; 5],0.4130130879348144,0.3541914737307368,tvm
1500,1500,4,5120,512,16,160,1,1,[1500; 1500; 4; 5120; 512; 16; 160; 1; 1],1.031348932068795,0.14183920663230634,tvm
2,2,2,64,32,32,128,2,2,[2; 2; 2; 64; 32; 32; 128; 2; 2],1.0268952370388433,0.14245437023112895,tvm
125,1,1,640,160,32,1280,4,2,[125; 1; 1; 640; 160; 32; 1280; 4; 2],1.8366384600521997,0.07964861755184886,tvm
300,150,5,1280,80,16,16,2,1,[300; 150; 5; 1280; 80; 16; 16; 2; 1],0.5902576020453125,0.2478336810552155,tvm
6,6,6,512,32,16,80,4,1,[6; 6; 6; 512; 32; 16; 80; 4; 1],0.5410052969818935,0.2703960850324359,tvm
10,10,2,1280,640,32,16,2,2,[10; 10; 2; 1280; 640; 32; 16; 2; 2],0.4828649749979377,0.3029536658490069,tvm
125,125,5,5120,2560,80,80,10,5,[125; 125; 5; 5120; 2560; 80; 80; 10; 5],0.36304693506099284,0.40293884938358704,tvm
60,6,1,128,32,32,640,2,2,[60; 6; 1; 128; 32; 32; 640; 2; 2],1.8313460440840572,0.07987879448467572,tvm
100,2,2,1280,320,16,128,64,1,[100; 2; 2; 1280; 320; 16; 128; 64; 1],1.1876069749705493,0.12317687363645026,tvm
500,500,5,1024,128,64,10,2,4,[500; 500; 5; 1024; 128; 64; 10; 2; 4],0.44199908804148436,0.330963837355213,tvm
375,1,1,5120,160,32,160,2,2,[375; 1; 1; 5120; 160; 32; 160; 2; 2],1.8362580019747838,0.079665120112965,tvm
750,750,3,1280,320,80,128,8,5,[750; 750; 3; 1280; 320; 80; 128; 8; 5],0.2636548459995538,0.5548379500901033,tvm
250,2,2,512,256,128,1280,32,8,[250; 2; 2; 512; 256; 128; 1280; 32; 8],0.9073612618958578,0.16122102676067762,tvm
150,30,3,256,32,32,4,2,2,[150; 30; 3; 256; 32; 32; 4; 2; 2],0.3018572679720819,0.48461882421609914,tvm
20,2,2,2560,128,32,160,32,2,[20; 2; 2; 2560; 128; 32; 160; 32; 2],0.9231283329427242,0.1584673647914029,tvm
300,5,1,640,80,80,640,1,5,[300; 5; 1; 640; 80; 80; 640; 1; 5],1.833238810999319,0.07979632190198521,tvm
1500,500,4,5120,5120,32,16,1,2,[1500; 500; 4; 5120; 5120; 32; 16; 1; 2],0.5175157710909843,0.2826690942719035,tvm
500,2,2,2560,128,32,80,20,2,[500; 2; 2; 2560; 128; 32; 80; 20; 2],0.9098979540867731,0.16077156084226524,tvm
1500,150,6,128,128,16,320,64,1,[1500; 150; 6; 128; 128; 16; 320; 64; 1],0.5350884880172089,0.2733860241093612,tvm
10,10,5,32,16,16,320,32,1,[10; 10; 5; 32; 16; 16; 320; 32; 1],0.6171123430831358,0.2370487576943621,tvm
125,5,1,2560,512,16,320,1,1,[125; 5; 1; 2560; 512; 16; 320; 1; 1],2.0224967050598934,0.07232927199324275,tvm
10,1,1,1280,160,32,20,5,2,[10; 1; 1; 1280; 160; 32; 20; 5; 2],2.059596361941658,0.07102639963288987,tvm
30,15,3,64,32,16,1280,20,1,[30; 15; 3; 64; 32; 16; 1280; 20; 1],0.8629487300058827,0.16951843046888437,tvm
1500,150,3,2560,128,32,256,32,2,[1500; 150; 3; 2560; 128; 32; 256; 32; 2],0.3500743139302358,0.41787045911305193,tvm
300,75,15,1024,1024,16,128,64,1,[300; 75; 15; 1024; 1024; 16; 128; 64; 1],3.1663040269631892,0.04620077953348571,tvm
1500,500,5,5120,512,16,32,32,1,[1500; 500; 5; 5120; 512; 16; 32; 32; 1],0.43173798406496644,0.3388298451490933,tvm
300,75,3,2560,640,16,8,8,1,[300; 75; 3; 2560; 640; 16; 8; 8; 1],0.31237987196072936,0.46829430259867866,tvm
4,2,2,32,32,32,320,40,2,[4; 2; 2; 32; 32; 32; 320; 40; 2],0.9924695920199156,0.1473956637683856,tvm
10,10,2,320,64,32,256,4,2,[10; 10; 2; 320; 64; 32; 256; 4; 2],0.6001797650242224,0.24373649831365177,tvm
100,10,1,64,64,16,40,4,1,[100; 10; 1; 64; 64; 16; 40; 4; 1],1.2544311629608274,0.11661517874000904,tvm
20,10,10,1024,256,16,640,10,1,[20; 10; 10; 1024; 256; 16; 640; 10; 1],0.5999504819046706,0.24382964710903995,tvm
375,5,5,5120,128,16,20,20,1,[375; 5; 5; 5120; 128; 16; 20; 20; 1],0.6950066620483994,0.21048102453372905,tvm
300,4,4,2560,64,32,1280,8,2,[300; 4; 4; 2560; 64; 32; 1280; 8; 2],0.5243956539779902,0.27896057714439826,tvm
500,10,1,640,640,16,160,16,1,[500; 10; 1; 640; 640; 16; 160; 16; 1],1.277074509067461,0.11454751719422725,tvm
500,2,1,640,320,32,32,32,2,[500; 2; 1; 640; 320; 32; 32; 32; 2],1.4450706479838118,0.1012308391218206,tvm
300,3,3,160,16,16,20,1,1,[300; 3; 3; 160; 16; 16; 20; 1; 1],0.8303951510461047,0.1761639794035747,tvm
1500,50,2,32,16,16,1,1,1,[1500; 50; 2; 32; 16; 16; 1; 1; 1],0.9475941479904577,0.15437591567649422,tvm
375,375,5,2560,160,16,40,20,1,[375; 375; 5; 2560; 160; 16; 40; 20; 1],0.3158637589076534,0.4631291503387785,tvm
750,150,1,640,320,160,80,8,10,[750; 150; 1; 640; 320; 160; 80; 8; 10],0.47101277101319283,0.3105769594549208,tvm
500,4,4,320,160,80,1280,2,5,[500; 4; 4; 320; 160; 80; 1280; 2; 5],0.6520168050192297,0.22435880971104719,tvm
125,25,25,1024,512,16,1280,8,1,[125; 25; 25; 1024; 512; 16; 1280; 8; 1],0.89474128105212,0.1634949871919377,tvm
375,1,1,256,256,128,8,2,8,[375; 1; 1; 256; 256; 128; 8; 2; 8],1.9944409589516,0.07334672587280348,tvm
10,2,1,5120,128,128,128,4,8,[10; 2; 1; 5120; 128; 128; 128; 4; 8],1.2694180749822408,0.11523840503670223,tvm
1500,300,30,1280,32,16,40,4,1,[1500; 300; 30; 1280; 32; 16; 40; 4; 1],0.4251978429965675,0.34404152489290785,tvm
1500,30,6,512,64,32,256,4,2,[1500; 30; 6; 512; 64; 32; 256; 4; 2],0.41307341505307704,0.35413974599870485,tvm
12,4,1,128,16,16,64,16,1,[12; 4; 1; 128; 16; 16; 64; 16; 1],1.2583377429982647,0.11625314038276927,tvm
12,12,1,512,512,32,4,2,2,[12; 12; 1; 512; 512; 32; 4; 2; 2],0.4906957959756255,0.2981189475953464,tvm
1500,15,1,2560,512,32,20,4,2,[1500; 15; 1; 2560; 512; 32; 20; 4; 2],0.7035137289203703,0.20793583447221137,tvm
1500,500,1,2560,640,160,8,4,10,[1500; 500; 1; 2560; 640; 160; 8; 4; 10],0.41263504803646356,0.3545159699395854,tvm
1500,20,10,1280,32,16,1280,8,1,[1500; 20; 10; 1280; 32; 16; 1280; 8; 1],0.46624990995042026,0.31374958185250895,tvm
100,1,1,1280,640,16,4,1,1,[100; 1; 1; 1280; 640; 16; 4; 1; 1],1.8934775189263746,0.07725769797819418,tvm
30,5,1,5120,256,128,320,4,8,[30; 5; 1; 5120; 256; 128; 320; 4; 8],1.5046600580681115,0.09722177012762331,tvm
500,4,2,512,128,128,640,32,8,[500; 4; 2; 512; 128; 128; 640; 32; 8],0.9102050230139866,0.16071732256685908,tvm
750,150,5,5120,128,64,40,8,4,[750; 150; 5; 5120; 128; 64; 40; 8; 4],0.2874235069612041,0.5089552898171953,tvm
150,25,5,2560,160,16,80,10,1,[150; 25; 5; 2560; 160; 16; 80; 10; 1],0.39257459493819624,0.37263163783877645,tvm
1500,1,1,1280,640,160,40,40,10,[1500; 1; 1; 1280; 640; 160; 40; 40; 10],1.898201706004329,0.07706542135274042,tvm
100,2,1,2560,80,16,2,2,1,[100; 2; 1; 2560; 80; 16; 2; 2; 1],0.9101361340144649,0.1607294874014851,tvm
1500,300,3,2560,128,32,1280,2,2,[1500; 300; 3; 2560; 128; 32; 1280; 2; 2],0.6249186960048974,0.2340875944677576,tvm
12,2,2,320,160,80,320,20,5,[12; 2; 2; 320; 160; 80; 320; 20; 5],0.9608489830279723,0.15224631224015733,tvm
375,125,5,5120,32,16,640,8,1,[375; 125; 5; 5120; 32; 16; 640; 8; 1],0.5674616820178926,0.2577895898900567,tvm
1500,10,1,5120,320,32,640,5,2,[1500; 10; 1; 5120; 320; 32; 640; 5; 2],1.8537419160129502,0.07891374361342993,tvm
60,60,2,5120,128,32,640,64,2,[60; 60; 2; 5120; 128; 32; 640; 64; 2],0.9449580590007827,0.15480656828346404,tvm
30,15,1,2560,128,16,40,5,1,[30; 15; 1; 2560; 128; 16; 40; 5; 1],1.1009462740039453,0.13287270935910364,tvm
12,3,3,320,32,32,128,64,2,[12; 3; 3; 320; 32; 32; 128; 64; 2],0.6883817299967632,0.2125066774889597,tvm
1500,4,2,512,32,32,160,8,2,[1500; 4; 2; 512; 32; 32; 160; 8; 2],0.6946528439875692,0.2105882320238972,tvm
100,1,1,2560,640,16,128,64,1,[100; 1; 1; 2560; 640; 16; 128; 64; 1],2.2926030550152063,0.06380769403831402,tvm
30,2,2,2560,640,16,10,1,1,[30; 2; 2; 2560; 640; 16; 10; 1; 1],0.9410411539720371,0.1554509212145053,tvm
60,60,1,2560,320,64,20,10,4,[60; 60; 1; 2560; 320; 64; 20; 10; 4],0.5807446829276159,0.2518933338283312,tvm
15,3,3,1280,16,16,160,2,1,[15; 3; 3; 1280; 16; 16; 160; 2; 1],0.8358663389226422,0.17501089285909474,tvm
12,12,1,5120,5120,16,128,8,1,[12; 12; 1; 5120; 5120; 16; 128; 8; 1],2.3153627070132643,0.06318047442096779,tvm
12,6,3,1024,1024,32,20,2,2,[12; 6; 3; 1024; 1024; 32; 20; 2; 2],0.47196795407216996,0.30994840438540733,tvm
50,10,2,2560,32,16,1280,40,1,[50; 10; 2; 2560; 32; 16; 1280; 40; 1],1.2104851200710982,0.12084883313321701,tvm
15,15,3,2560,160,16,320,5,1,[15; 15; 3; 2560; 160; 16; 320; 5; 1],0.6919135540956631,0.21142195209184905,tvm
750,750,6,64,16,16,4,1,1,[750; 750; 6; 64; 16; 16; 4; 1; 1],0.49576753890141845,0.29506916610529166,tvm
500,25,5,5120,5120,64,640,8,4,[500; 25; 5; 5120; 5120; 64; 640; 8; 4],0.4575267370091751,0.31973150955499396,tvm
50,10,1,2560,32,16,2,1,1,[50; 10; 1; 2560; 32; 16; 2; 1; 1],0.33401420491281897,0.43796255408926793,tvm
300,12,12,320,320,16,320,10,1,[300; 12; 12; 320; 320; 16; 320; 10; 1],0.45811662008054554,0.3193198148104614,tvm
150,75,3,5120,32,16,1280,10,1,[150; 75; 3; 5120; 32; 16; 1280; 10; 1],0.8196038850583136,0.17848343199996702,tvm
5,5,5,2560,128,64,1280,2,4,[5; 5; 5; 2560; 128; 64; 1280; 2; 4],0.6490680449642241,0.22537808696741093,tvm
5,1,1,5120,1280,64,32,8,4,[5; 1; 1; 5120; 1280; 64; 32; 8; 4],1.8649142270442098,0.07844098788262739,tvm
750,50,5,2560,128,32,40,20,2,[750; 50; 5; 2560; 128; 32; 40; 20; 2],0.24215112207457423,0.6041091737772882,tvm
1500,75,3,320,80,80,10,10,5,[1500; 75; 3; 320; 80; 80; 10; 10; 5],0.27267767395824194,0.5364785175192472,tvm
60,10,5,160,32,32,16,2,2,[60; 10; 5; 160; 32; 32; 16; 2; 2],0.48551260004751384,0.301301581609619,tvm
150,150,15,320,32,16,40,40,1,[150; 150; 15; 320; 32; 16; 40; 40; 1],0.4727210080018267,0.3094546504375981,tvm
300,10,2,5120,256,16,1280,64,1,[300; 10; 2; 5120; 256; 16; 1280; 64; 1],1.2384967769030482,0.11811553894513349,tvm
20,20,2,5120,2560,80,64,2,5,[20; 20; 2; 5120; 2560; 80; 64; 2; 5],0.5892620880622417,0.24825237742133965,tvm
1500,3,1,1024,16,16,640,40,1,[1500; 3; 1; 1024; 16; 16; 640; 40; 1],2.4262957549653947,0.06029179006159565,tvm
125,125,1,160,160,32,80,4,2,[125; 125; 1; 160; 160; 32; 80; 4; 2],0.7259585839929059,0.20150696955894637,tvm
1500,12,6,1024,32,16,256,64,1,[1500; 12; 6; 1024; 32; 16; 256; 64; 1],0.5181220209924504,0.28233834571537314,tvm
750,15,15,5120,160,16,2,2,1,[750; 15; 15; 5120; 160; 16; 2; 2; 1],0.6894272420322523,0.21218441246171538,tvm
12,4,2,1280,64,32,640,64,2,[12; 4; 2; 1280; 64; 32; 640; 64; 2],0.9660280110547319,0.1514300958271346,tvm
750,375,5,5120,640,32,320,16,2,[750; 375; 5; 5120; 640; 32; 320; 16; 2],0.40842608793172985,0.358169369215628,tvm
1500,250,5,2560,512,32,16,2,2,[1500; 250; 5; 2560; 512; 32; 16; 2; 2],0.5009623639052734,0.2920093899775979,tvm
750,750,1,160,32,16,640,8,1,[750; 750; 1; 160; 32; 16; 640; 8; 1],2.610242285998538,0.056042963931125366,tvm
300,100,5,640,80,80,1280,10,5,[300; 100; 5; 640; 80; 80; 1280; 10; 5],0.4559838230488822,0.32081338611442856,tvm
750,30,3,512,256,16,20,4,1,[750; 30; 3; 512; 256; 16; 20; 4; 1],0.40324356802739203,0.362772591764631,tvm
750,25,25,320,80,16,20,1,1,[750; 25; 25; 320; 80; 16; 20; 1; 1],0.618192469002679,0.2366345784213692,tvm
750,750,10,320,160,32,1280,4,2,[750; 750; 10; 320; 160; 32; 1280; 4; 2],0.5169596910709515,0.28297315402418277,tvm
1500,12,2,1024,256,32,1280,4,2,[1500; 12; 2; 1024; 256; 32; 1280; 4; 2],0.9108046910259873,0.16061150730452314,tvm
500,100,2,64,64,32,40,10,2,[500; 100; 2; 64; 64; 32; 40; 10; 2],0.39463909703772515,0.37068226484344063,tvm
30,6,6,2560,2560,16,1,1,1,[30; 6; 6; 2560; 2560; 16; 1; 1; 1],1.1193084359401837,0.13069294359676556,tvm
300,150,3,160,80,16,80,5,1,[300; 150; 3; 160; 80; 16; 80; 5; 1],0.42927031102590263,0.34077761850361754,tvm
30,2,1,320,64,64,256,64,4,[30; 2; 1; 320; 64; 64; 256; 64; 4],1.3403396159410477,0.10914078234045752,tvm
300,30,2,5120,160,80,1280,8,5,[300; 30; 2; 5120; 160; 80; 1280; 8; 5],0.9265859010629356,0.157876041625393,tvm
750,30,10,1024,32,16,128,8,1,[750; 30; 10; 1024; 32; 16; 128; 8; 1],0.38572771300096065,0.3792460571412197,tvm
300,25,5,32,32,16,80,5,1,[300; 25; 5; 32; 32; 16; 80; 5; 1],0.4458275600336492,0.3281217389850759,tvm
500,20,1,1280,640,16,128,32,1,[500; 20; 1; 1280; 640; 16; 128; 32; 1],1.1812810030533,0.12383650791607101,tvm
1500,300,1,160,80,16,40,10,1,[1500; 300; 1; 160; 80; 16; 40; 10; 1],1.0452510740142316,0.13995270411338756,tvm
60,60,3,320,16,16,8,8,1,[60; 60; 3; 320; 16; 16; 8; 8; 1],0.3734849860193208,0.3916776303241994,tvm
300,12,2,512,512,128,16,4,8,[300; 12; 2; 512; 512; 128; 16; 4; 8],0.42392197099979967,0.3450769818339598,tvm
500,50,2,1280,160,32,64,64,2,[500; 50; 2; 1280; 160; 32; 64; 64; 2],0.516670695040375,0.2831314330190197,tvm
1500,25,5,640,64,32,128,64,2,[1500; 25; 5; 640; 64; 32; 128; 64; 2],0.30014979804400355,0.4873756878699217,tvm
300,20,5,2560,320,32,2,1,2,[300; 20; 5; 2560; 320; 32; 2; 1; 2],0.3654558820417151,0.40028282885597793,tvm
1500,250,2,1280,160,160,32,16,10,[1500; 250; 2; 1280; 160; 160; 32; 16; 10],0.29733524401672184,0.491989151065749,tvm
1500,6,3,5120,128,64,64,4,4,[1500; 6; 3; 5120; 128; 64; 64; 4; 4],0.4402113500982523,0.3323079113091116,tvm
125,125,5,64,64,64,20,5,4,[125; 125; 5; 64; 64; 64; 20; 5; 4],0.3080913630547002,0.4748127725337823,tvm
300,12,2,128,32,16,5,5,1,[300; 12; 2; 128; 32; 16; 5; 5; 1],0.4338165749795735,0.3372063741285179,tvm
300,100,4,1280,64,32,80,40,2,[300; 100; 4; 1280; 64; 32; 80; 40; 2],0.26147161598782986,0.5594707239370988,tvm
100,4,4,5120,320,16,2,2,1,[100; 4; 4; 5120; 320; 16; 2; 2; 1],0.5809522030176595,0.25180335581112784,tvm
1500,6,6,5120,160,16,256,2,1,[1500; 6; 6; 5120; 160; 16; 256; 2; 1],0.7220969700720161,0.2025845839944806,tvm
1500,10,10,1024,32,16,2,2,1,[1500; 10; 10; 1024; 32; 16; 2; 2; 1],0.6813686470268294,0.2146939324608433,tvm
1500,5,5,5120,1024,16,64,8,1,[1500; 5; 5; 5120; 1024; 16; 64; 8; 1],0.5645275139249861,0.25912946787772084,tvm
1500,60,1,1280,32,16,160,5,1,[1500; 60; 1; 1280; 32; 16; 160; 5; 1],1.1282059371005744,0.12966224469768378,tvm
300,20,10,128,128,16,1280,20,1,[300; 20; 10; 128; 128; 16; 1280; 20; 1],0.4347037229454145,0.33651819978565795,tvm
1500,60,3,2560,2560,16,640,10,1,[1500; 60; 3; 2560; 2560; 16; 640; 10; 1],0.823796859011054,0.1775749842762527,tvm
500,100,10,128,128,16,10,1,1,[500; 100; 10; 128; 128; 16; 10; 1; 1],0.5567320170812309,0.2627578615877776,tvm
12,4,4,5120,64,16,256,32,1,[12; 4; 4; 5120; 64; 16; 256; 32; 1],0.6142312539741397,0.23816064933073758,tvm
1500,500,5,2560,640,32,80,40,2,[1500; 500; 5; 2560; 640; 32; 80; 40; 2],0.2617932599969208,0.5587833479266613,tvm
6,1,1,5120,512,16,128,16,1,[6; 1; 1; 5120; 512; 16; 128; 16; 1],2.301585596986115,0.06355866776246463,tvm
60,15,3,320,320,16,160,1,1,[60; 15; 3; 320; 320; 16; 160; 1; 1],0.5693208361044526,0.2569477612775715,tvm
750,3,3,5120,64,16,80,2,1,[750; 3; 3; 5120; 64; 16; 80; 2; 1],0.7888689370593056,0.18543728547739335,tvm
20,20,4,2560,2560,32,128,16,2,[20; 20; 4; 2560; 2560; 32; 128; 16; 2],0.4499374410370365,0.3251245638694754,tvm
1500,60,1,256,64,64,1280,10,4,[1500; 60; 1; 256; 64; 64; 1280; 10; 4],1.8526105709606782,0.07896193435291546,tvm
375,15,3,320,64,32,20,1,2,[375; 15; 3; 320; 64; 32; 20; 1; 2],0.5712633089860901,0.2560740589927792,tvm
1500,300,1,5120,256,64,64,4,4,[1500; 300; 1; 5120; 256; 64; 64; 4; 4],0.508725338964723,0.2875534263408458,tvm
300,3,1,1024,64,16,8,4,1,[300; 3; 1; 1024; 64; 16; 8; 4; 1],0.789253332070075,0.18534697079077533,tvm
150,150,5,2560,512,32,640,64,2,[150; 150; 5; 2560; 512; 32; 640; 64; 2],0.42205249809194356,0.3466054932669683,tvm
750,6,6,5120,80,16,8,2,1,[750; 6; 6; 5120; 80; 16; 8; 2; 1],0.7022356379311532,0.20831428424322732,tvm
12,12,4,2560,32,16,40,40,1,[12; 12; 4; 2560; 32; 16; 40; 40; 1],0.8006317859981209,0.18271284858287856,tvm
300,60,20,256,128,16,320,40,1,[300; 60; 20; 256; 128; 16; 320; 40; 1],0.6225107560167089,0.23499307099809824,tvm
1500,250,10,640,128,16,160,4,1,[1500; 250; 10; 640; 128; 16; 160; 4; 1],0.4081980410264805,0.3583694667369178,tvm
2,2,2,5120,1280,64,1280,64,4,[2; 2; 2; 5120; 1280; 64; 1280; 64; 4],0.9222568609984592,0.1586171060059576,tvm
100,10,1,5120,512,128,80,16,8,[100; 10; 1; 5120; 512; 128; 80; 16; 8],0.5987705290317535,0.2443101441920776,tvm
1500,10,2,2560,1280,80,64,8,5,[1500; 10; 2; 2560; 1280; 80; 64; 8; 5],0.4528549410169944,0.3230299617736192,tvm
60,60,2,1280,160,32,4,1,2,[60; 60; 2; 1280; 160; 32; 4; 1; 2],0.3138752260711044,0.46606327016256816,tvm
1500,300,5,5120,80,80,128,4,5,[1500; 300; 5; 5120; 80; 80; 128; 4; 5],0.33176331396680325,0.4409339674619716,tvm
100,4,4,256,16,16,1280,32,1,[100; 4; 4; 256; 16; 16; 1280; 32; 1],0.6126595180248842,0.23877163413263525,tvm
300,150,15,64,16,16,320,5,1,[300; 150; 15; 64; 16; 16; 320; 5; 1],0.51554039795883,0.28375218482373205,tvm
25,25,25,1280,640,16,320,32,1,[25; 25; 25; 1280; 640; 16; 320; 32; 1],0.690094507066533,0.21197924746213156,tvm
1500,1500,25,5120,32,16,256,8,1,[1500; 1500; 25; 5120; 32; 16; 256; 8; 1],0.3748549750307575,0.39024615926122175,tvm
20,5,5,2560,2560,32,10,10,2,[20; 5; 5; 2560; 2560; 32; 10; 10; 2],0.4428511479636654,0.3303270522349794,tvm
100,2,2,320,16,16,1280,16,1,[100; 2; 2; 320; 16; 16; 1280; 16; 1],1.2071272239554673,0.12118500136743746,tvm
50,2,2,1024,128,64,160,5,4,[50; 2; 2; 1024; 128; 64; 160; 5; 4],0.9042167509905994,0.16178169020365243,tvm
300,15,1,2560,1280,160,16,1,10,[300; 15; 1; 2560; 1280; 160; 16; 1; 10],0.7335022879997268,0.1994345712058212,tvm
250,25,1,5120,64,64,1,1,4,[250; 25; 1; 5120; 64; 64; 1; 1; 4],0.5022331699728966,0.291270515433317,tvm
150,150,15,512,128,16,256,64,1,[150; 150; 15; 512; 128; 16; 256; 64; 1],0.5739105209941044,0.25489289520659797,tvm
1500,25,1,320,64,32,64,16,2,[1500; 25; 1; 320; 64; 32; 64; 16; 2],0.7787499879486859,0.18784682702987532,tvm
500,125,5,640,128,64,160,20,4,[500; 125; 5; 640; 128; 64; 160; 20; 4],0.21629617805592716,0.6763213090519314,tvm
4,1,1,5120,640,128,160,16,8,[4; 1; 1; 5120; 640; 128; 160; 16; 8],1.7885800990043208,0.08178874089404754,tvm
1500,150,15,160,16,16,80,5,1,[1500; 150; 15; 160; 16; 16; 80; 5; 1],0.37335252994671464,0.39181658768079697,tvm
12,6,2,1024,512,128,320,16,8,[12; 6; 2; 1024; 512; 128; 320; 16; 8],0.7951534669846296,0.18397167384612814,tvm
1500,60,5,32,32,16,16,8,1,[1500; 60; 5; 32; 32; 16; 16; 8; 1],0.4208306960063055,0.34761179655849633,tvm
300,100,2,2560,256,128,1280,32,8,[300; 100; 2; 2560; 256; 128; 1280; 32; 8],0.9080207280348986,0.1611039371340122,tvm
25,25,1,2560,640,32,320,2,2,[25; 25; 1; 2560; 640; 32; 320; 2; 2],1.3732102650683373,0.10652827029255744,tvm
1500,4,1,1024,16,16,1280,1,1,[1500; 4; 1; 1024; 16; 16; 1280; 1; 1],2.4253827990032732,0.06031448493237082,tvm
1500,750,2,512,16,16,640,5,1,[1500; 750; 2; 512; 16; 16; 640; 5; 1],1.3262911130441353,0.11029683668011302,tvm
300,15,15,320,16,16,160,20,1,[300; 15; 15; 320; 16; 16; 160; 20; 1],0.37805809907149523,0.3869397710166499,tvm
5,5,5,2560,256,16,320,16,1,[5; 5; 5; 2560; 256; 16; 320; 16; 1],0.523793886997737,0.27928106439765743,tvm
12,1,1,1024,128,64,320,4,4,[12; 1; 1; 1024; 128; 64; 320; 4; 4],1.801664364989847,0.08119476475660808,tvm
100,1,1,512,128,128,320,10,8,[100; 1; 1; 512; 128; 128; 320; 10; 8],1.7934267250820994,0.08156771182219202,tvm
1500,500,2,1280,1280,64,256,16,4,[1500; 500; 2; 1280; 1280; 64; 256; 16; 4],0.5624798249918967,0.2600728200123831,tvm
750,150,1,5120,2560,64,5,5,4,[750; 150; 1; 5120; 2560; 64; 5; 5; 4],0.6920166240306571,0.2113904626072013,tvm
100,20,5,2560,128,16,320,40,1,[100; 20; 5; 2560; 128; 16; 320; 40; 1],0.4722413410199806,0.3097689710302701,tvm
60,20,10,1024,256,32,128,8,2,[60; 20; 10; 1024; 256; 32; 128; 8; 2],0.3696166480658576,0.39577685434680254,tvm
150,15,1,640,160,160,160,1,10,[150; 15; 1; 640; 160; 160; 160; 1; 10],0.7004165009129792,0.2088553226473587,tvm
300,30,15,160,80,16,80,5,1,[300; 30; 15; 160; 80; 16; 80; 5; 1],0.43458542798180133,0.3366098006669477,tvm
300,10,5,1024,32,32,1280,1,2,[300; 10; 5; 1024; 32; 32; 1280; 1; 2],0.399509234004654,0.366163537246326,tvm
50,25,5,320,64,32,256,4,2,[50; 25; 5; 320; 64; 32; 256; 4; 2],0.4164609200088307,0.3512591632430059,tvm
12,12,1,128,128,32,1280,4,2,[12; 12; 1; 128; 128; 32; 1280; 4; 2],1.7910655749728903,0.08167524200666326,tvm
100,2,1,5120,320,32,1280,2,2,[100; 2; 1; 5120; 320; 32; 1280; 2; 2],1.8353730239905417,0.07970353294593707,tvm
1500,50,25,5120,16,16,1280,2,1,[1500; 50; 25; 5120; 16; 16; 1280; 2; 1],0.7178299389779568,0.20378881729841927,tvm
1500,750,1,2560,16,16,320,64,1,[1500; 750; 1; 2560; 16; 16; 320; 64; 1],1.8587637259624898,0.07870054286214663,tvm
60,5,1,640,80,80,128,2,5,[60; 5; 1; 640; 80; 80; 128; 2; 5],0.9606997990049422,0.15226995408683514,tvm
750,250,2,1280,640,32,640,64,2,[750; 250; 2; 1280; 640; 32; 640; 64; 2],0.9258431829512119,0.15800269093024466,tvm
10,1,1,2560,1280,16,640,1,1,[10; 1; 1; 2560; 1280; 16; 640; 1; 1],2.3867144440300763,0.06129167008295479,tvm
75,75,1,1280,64,32,160,10,2,[75; 75; 1; 1280; 64; 32; 160; 10; 2],0.7383082689484581,0.1981363617856576,tvm
25,25,5,2560,128,32,4,2,2,[25; 25; 5; 2560; 128; 32; 4; 2; 2],0.36939634499140084,0.3960128904066976,tvm
750,10,1,64,16,16,1280,1,1,[750; 10; 1; 64; 16; 16; 1280; 1; 1],2.580068025039509,0.05669839433147279,tvm
1500,1500,25,5120,320,16,40,8,1,[1500; 1500; 25; 5120; 320; 16; 40; 8; 1],0.3318594869924709,0.44080618460376625,tvm
75,75,3,2560,1280,16,10,10,1,[75; 75; 3; 2560; 1280; 16; 10; 10; 1],0.3482186470646411,0.42009730242435506,tvm
300,150,10,1024,16,16,8,4,1,[300; 150; 10; 1024; 16; 16; 8; 4; 1],0.43162043404299766,0.33892212404184147,tvm
30,3,3,256,128,32,10,5,2,[30; 3; 3; 256; 128; 32; 10; 5; 2],0.6541514719137922,0.22362666838880502,tvm
300,20,1,640,320,64,80,8,4,[300; 20; 1; 640; 320; 64; 80; 8; 4],0.5802452190546319,0.2521101587429728,tvm
1500,300,5,512,512,16,80,8,1,[1500; 300; 5; 512; 512; 16; 80; 8; 1],0.3632744289934635,0.402686516337065,tvm
1,1,1,160,32,16,1280,40,1,[1; 1; 1; 160; 32; 16; 1280; 40; 1],2.4019349350128323,0.060903279332557264,tvm
25,5,1,256,256,32,40,10,2,[25; 5; 1; 256; 256; 32; 40; 10; 2],1.002046259935014,0.145986986963258,tvm
1500,100,20,2560,80,16,16,1,1,[1500; 100; 20; 2560; 80; 16; 16; 1; 1],0.514662248082459,0.2842363410775691,tvm
150,5,1,1280,1280,16,160,5,1,[150; 5; 1; 1280; 1280; 16; 160; 5; 1],1.6468012330587953,0.08883021906292894,tvm
300,30,5,2560,80,16,8,4,1,[300; 30; 5; 2560; 80; 16; 8; 4; 1],0.38831579010002315,0.37671842869957395,tvm
750,75,15,5120,128,16,80,10,1,[750; 75; 15; 5120; 128; 16; 80; 10; 1],0.3104365300387144,0.4712258388775028,tvm
1500,30,10,1280,320,32,40,1,2,[1500; 30; 10; 1280; 320; 32; 40; 1; 2],0.49516485491767526,0.29542830601342934,tvm
6,6,6,320,64,64,80,16,4,[6; 6; 6; 320; 64; 64; 80; 16; 4],0.34360077895689756,0.42574325567540366,tvm
300,20,1,512,512,32,320,4,2,[300; 20; 1; 512; 512; 32; 320; 4; 2],1.3310547400033101,0.10990210236233448,tvm
750,750,15,640,32,16,160,16,1,[750; 750; 15; 640; 32; 16; 160; 16; 1],0.2618342450587079,0.5586958812546252,tvm
10,5,1,512,512,16,40,1,1,[10; 5; 1; 512; 512; 16; 40; 1; 1],1.2292995610041544,0.11899924064580376,tvm
1500,6,1,1280,320,160,16,4,10,[1500; 6; 1; 1280; 320; 160; 16; 4; 10],0.9219632029999048,0.15866762774232912,tvm
125,25,5,1280,16,16,640,40,1,[125; 25; 5; 1280; 16; 16; 640; 40; 1],0.5259305050130934,0.27814647161809414,tvm
1500,6,1,320,160,16,5,5,1,[1500; 6; 1; 320; 160; 16; 5; 5; 1],0.5992112879175693,0.2441304381866687,tvm
30,10,2,320,320,16,64,4,1,[30; 10; 2; 320; 320; 16; 64; 4; 1],0.7025642720982432,0.20821684235212348,tvm
75,75,15,128,64,16,1280,1,1,[75; 75; 15; 128; 64; 16; 1280; 1; 1],0.6454446070129052,0.22664332879427007,tvm
5,1,1,80,16,16,1280,20,1,[5; 1; 1; 80; 16; 16; 1280; 20; 1],2.4386659779120237,0.059985957737009786,tvm
60,30,10,320,320,16,320,64,1,[60; 30; 10; 320; 320; 16; 320; 64; 1],0.5899687950732186,0.2479550028871601,tvm
375,15,1,256,256,32,40,2,2,[375; 15; 1; 256; 256; 32; 40; 2; 2],0.7868078110041097,0.18592305800704642,tvm
50,5,5,2560,64,16,256,1,1,[50; 5; 5; 2560; 64; 16; 256; 1; 1],0.7061611580429599,0.20715627391787936,tvm
300,300,2,2560,2560,160,2,2,10,[300; 300; 2; 2560; 2560; 160; 2; 2; 10],0.9957305529387668,0.1469129513541303,tvm
5,1,1,2560,320,160,160,16,10,[5; 1; 1; 2560; 320; 160; 160; 16; 10],1.9588996559614316,0.07467749245885542,tvm
300,3,3,2560,512,64,256,1,4,[300; 3; 3; 2560; 512; 64; 256; 1; 4],0.7780415610177442,0.1880178664162364,tvm
250,250,1,5120,5120,64,8,1,4,[250; 250; 1; 5120; 5120; 64; 8; 1; 4],0.617447559023276,0.23692006251853973,tvm
60,30,2,640,160,80,1280,4,5,[60; 30; 2; 640; 160; 80; 1280; 4; 5],0.9120698469923809,0.16038871887729045,tvm
500,100,25,512,128,16,256,32,1,[500; 100; 25; 512; 128; 16; 256; 32; 1],0.6745065660215914,0.21687811750824615,tvm
12,12,4,2560,256,64,160,2,4,[12; 12; 4; 2560; 256; 64; 160; 2; 4],0.5945967349689454,0.24602508840442003,tvm
150,75,5,640,80,16,320,4,1,[150; 75; 5; 640; 80; 16; 320; 4; 1],0.5855633240425959,0.24982048615304492,tvm
750,50,5,1280,80,80,64,32,5,[750; 50; 5; 1280; 80; 80; 64; 32; 5],0.43929968995507807,0.3329975359205767,tvm
50,10,1,32,32,32,128,8,2,[50; 10; 1; 32; 32; 32; 128; 8; 2],0.882533518015407,0.16575655349008567,tvm
300,25,5,640,320,80,128,16,5,[300; 25; 5; 640; 320; 80; 128; 16; 5],0.41154906095471233,0.35545145928983635,tvm
30,5,5,5120,320,16,40,4,1,[30; 5; 5; 5120; 320; 16; 40; 4; 1],0.6590698800282553,0.22195782073889161,tvm
1500,60,5,640,640,80,2,2,5,[1500; 60; 5; 640; 640; 80; 2; 2; 5],0.5933612800436094,0.24653734445726377,tvm
1500,1500,20,256,64,16,1280,5,1,[1500; 1500; 20; 256; 64; 16; 1280; 5; 1],0.5706692750100046,0.25634061739726516,tvm
1500,250,1,2560,32,16,640,2,1,[1500; 250; 1; 2560; 32; 16; 640; 2; 1],2.4823160760570318,0.058931139227877016,tvm
15,3,3,1280,16,16,320,20,1,[15; 3; 3; 1280; 16; 16; 320; 20; 1],0.8065572860650718,0.18137051987887218,tvm
50,25,5,2560,16,16,8,2,1,[50; 25; 5; 2560; 16; 16; 8; 2; 1],0.4598911439534277,0.3180876957711723,tvm
60,20,2,1280,320,80,64,32,5,[60; 20; 2; 1280; 320; 80; 64; 32; 5],0.43082703300751746,0.33954627513627206,tvm
100,25,5,80,16,16,1280,2,1,[100; 25; 5; 80; 16; 16; 1280; 2; 1],0.5298275439999998,0.276100621687789,tvm
1500,100,2,128,64,64,10,5,4,[1500; 100; 2; 128; 64; 64; 10; 5; 4],0.26334654598031193,0.555487499337283,tvm
375,3,3,5120,160,32,1280,64,2,[375; 3; 3; 5120; 160; 32; 1280; 64; 2],0.6290656770579517,0.23254442202262762,tvm
10,10,1,5120,256,16,160,10,1,[10; 10; 1; 5120; 256; 16; 160; 10; 1],1.2664018960203975,0.11551286739652679,tvm
375,375,1,1024,16,16,64,64,1,[375; 375; 1; 1024; 16; 16; 64; 64; 1],0.7670288769295439,0.19071734935365608,tvm
20,20,20,2560,160,16,32,8,1,[20; 20; 20; 2560; 160; 16; 32; 8; 1],0.4464856069535017,0.3276381410900641,tvm
1500,60,20,640,160,16,8,2,1,[1500; 60; 20; 640; 160; 16; 8; 2; 1],0.5567343360744417,0.26275676710939244,tvm
10,10,1,5120,320,80,16,8,5,[10; 10; 1; 5120; 320; 80; 16; 8; 5],0.7502853239420801,0.19497344492507643,tvm
150,30,10,1024,256,32,16,4,2,[150; 30; 10; 1024; 256; 32; 16; 4; 2],0.3854148070095107,0.3795539549213647,tvm
60,4,1,256,256,64,10,10,4,[60; 4; 1; 256; 256; 64; 10; 10; 4],0.8406025720760226,0.17402482355536317,tvm
375,25,25,5120,5120,16,16,4,1,[375; 25; 25; 5120; 5120; 16; 16; 4; 1],1.8842241669772193,0.07763710754246096,tvm
6,1,1,16,16,16,8,4,1,[6; 1; 1; 16; 16; 16; 8; 4; 1],2.624581929994747,0.05573676805966849,tvm
1500,6,6,160,32,32,160,10,2,[1500; 6; 6; 160; 32; 32; 160; 10; 2],0.4016385499853641,0.3642222946254662,tvm
1500,12,6,2560,1280,64,80,16,4,[1500; 12; 6; 2560; 1280; 64; 80; 16; 4],0.32070623396430165,0.4561361732120168,tvm
1500,1500,12,2560,1280,16,40,4,1,[1500; 1500; 12; 2560; 1280; 16; 40; 4; 1],0.46231813996564597,0.3164178552383528,tvm
100,1,1,5120,5120,128,64,8,8,[100; 1; 1; 5120; 5120; 128; 64; 8; 8],1.8480092810932547,0.07915853874888218,tvm
1500,1500,12,5120,1024,16,1,1,1,[1500; 1500; 12; 5120; 1024; 16; 1; 1; 1],3.2312099090777338,0.04527273634397457,tvm
500,100,2,512,128,32,64,64,2,[500; 100; 2; 512; 128; 32; 64; 64; 2],0.5216187059413642,0.28044568306213785,tvm
300,150,15,1280,256,16,10,1,1,[300; 150; 15; 1280; 256; 16; 10; 1; 1],0.7221490200608969,0.2025699824024942,tvm
10,2,1,640,320,16,160,2,1,[10; 2; 1; 640; 320; 16; 160; 2; 1],1.8433007840067148,0.0793607400132161,tvm
750,30,2,1024,128,64,40,2,4,[750; 30; 2; 1024; 128; 64; 40; 2; 4],0.3548628449207172,0.41223170128841524,tvm
6,6,3,1024,128,64,8,8,4,[6; 6; 3; 1024; 128; 64; 8; 8; 4],0.47993170004338026,0.30480527598508655,tvm
30,30,10,320,320,32,80,20,2,[30; 30; 10; 320; 320; 32; 80; 20; 2],0.27998170303180814,0.52248312193849,tvm
1500,5,1,1024,128,128,40,4,8,[1500; 5; 1; 1024; 128; 128; 40; 4; 8],1.1576237279223278,0.12636723898901414,tvm
375,15,3,5120,128,32,640,40,2,[375; 15; 3; 5120; 128; 32; 640; 40; 2],0.6453371469397098,0.22668106892563702,tvm
12,12,1,320,64,64,80,10,4,[12; 12; 1; 320; 64; 64; 80; 10; 4],0.7259566000429913,0.20150752025265867,tvm
100,1,1,160,16,16,320,16,1,[100; 1; 1; 160; 16; 16; 320; 16; 1],2.407876639976166,0.06075299367793288,tvm
750,375,15,320,32,16,16,4,1,[750; 375; 15; 320; 32; 16; 16; 4; 1],0.4143874009605497,0.3530168000924355,tvm
1500,2,2,640,320,160,4,2,10,[1500; 2; 2; 640; 320; 160; 4; 2; 10],0.9528245310066268,0.15352849294420284,tvm
250,2,1,5120,128,64,32,2,4,[250; 2; 1; 5120; 128; 64; 32; 2; 4],1.5364298929926008,0.09521144762471682,tvm
1500,150,2,640,640,160,80,2,10,[1500; 150; 2; 640; 640; 160; 80; 2; 10],0.49941535806283355,0.29291392810412825,tvm
6,3,3,2560,128,16,640,40,1,[6; 3; 3; 2560; 128; 16; 640; 40; 1],0.8272736450890079,0.17682868921803394,tvm
750,250,5,512,16,16,40,1,1,[750; 250; 5; 512; 16; 16; 40; 1; 1],0.6600695849629119,0.22162165568336833,tvm
375,375,15,640,16,16,40,8,1,[375; 375; 15; 640; 16; 16; 40; 8; 1],0.3268102309666574,0.44761669135333465,tvm
750,5,1,1024,32,16,320,16,1,[750; 5; 1; 1024; 32; 16; 320; 16; 1],1.9958939260104671,0.07329333106299915,tvm
20,4,4,256,32,32,320,5,2,[20; 4; 4; 256; 32; 32; 320; 5; 2],0.4944934060331434,0.2958294539440421,tvm
75,75,25,1280,128,16,16,8,1,[75; 75; 25; 1280; 128; 16; 16; 8; 1],0.3667173649882898,0.39890588298262225,tvm
75,75,1,320,80,16,640,5,1,[75; 75; 1; 320; 80; 16; 640; 5; 1],2.40902530006133,0.06072402572193413,tvm
750,75,1,2560,64,16,10,1,1,[750; 75; 1; 2560; 64; 16; 10; 1; 1],0.36845023604109883,0.3970297749229745,tvm
150,10,1,128,16,16,2,2,1,[150; 10; 1; 128; 16; 16; 2; 2; 1],0.4106968509731814,0.3561890331982769,tvm
1500,750,5,2560,320,16,40,8,1,[1500; 750; 5; 2560; 320; 16; 40; 8; 1],0.36777430900838226,0.39775947014934143,tvm
1500,15,3,5120,128,64,20,20,4,[1500; 15; 3; 5120; 128; 64; 20; 20; 4],0.5205084109911695,0.2810439009182429,tvm
150,75,1,1280,320,16,128,32,1,[150; 75; 1; 1280; 320; 16; 128; 32; 1],1.1046650579664856,0.1324254019177571,tvm
1500,750,10,5120,128,32,160,1,2,[1500; 750; 10; 5120; 128; 32; 160; 1; 2],0.4612975959898904,0.3171178769570701,tvm
300,30,5,640,640,16,256,1,1,[300; 30; 5; 640; 640; 16; 256; 1; 1],0.6924591170391068,0.21125538055043439,tvm
15,5,1,2560,16,16,160,4,1,[15; 5; 1; 2560; 16; 16; 160; 4; 1],1.4808243230218068,0.0987866771307484,tvm
1500,6,6,1024,256,16,1280,20,1,[1500; 6; 6; 1024; 256; 16; 1280; 20; 1],0.4738225989276543,0.30873519882079314,tvm
75,1,1,640,640,16,32,32,1,[75; 1; 1; 640; 640; 16; 32; 32; 1],1.8686865149065852,0.07828264030311528,tvm
50,25,1,2560,128,64,320,40,4,[50; 25; 1; 2560; 128; 64; 320; 40; 4],1.2636762280017138,0.11576202119196304,tvm
60,3,1,512,64,64,32,4,4,[60; 3; 1; 512; 64; 64; 32; 4; 4],1.3725574229611084,0.10657893931324382,tvm
500,20,2,640,128,64,20,4,4,[500; 20; 2; 640; 128; 64; 20; 4; 4],0.4661745219491422,0.3138003202621903,tvm
300,6,1,256,256,16,40,2,1,[300; 6; 1; 256; 256; 16; 40; 2; 1],1.195177101995796,0.12239668417461771,tvm
1500,750,3,5120,640,32,1280,20,2,[1500; 750; 3; 5120; 640; 32; 1280; 20; 2],0.6159466489916667,0.2374973782635084,tvm
300,6,1,2560,16,16,64,2,1,[300; 6; 1; 2560; 16; 16; 64; 2; 1],1.2902299730340019,0.11337956592476338,tvm
30,6,3,512,64,64,10,2,4,[30; 6; 3; 512; 64; 64; 10; 2; 4],0.4261131880339235,0.3433024801712269,tvm
100,50,2,1280,160,16,1280,2,1,[100; 50; 2; 1280; 160; 16; 1280; 2; 1],1.2263336419127882,0.11928704333475143,tvm
300,25,25,1280,160,16,20,20,1,[300; 25; 25; 1280; 160; 16; 20; 20; 1],0.5794420979218557,0.2524595896818021,tvm
15,5,5,320,80,80,16,2,5,[15; 5; 5; 320; 80; 80; 16; 2; 5],0.6875506519572809,0.21276354530284608,tvm
750,75,5,128,64,64,64,4,4,[750; 75; 5; 128; 64; 64; 64; 4; 4],0.34049922903068364,0.4296212790324173,tvm
100,20,2,640,160,16,1280,40,1,[100; 20; 2; 640; 160; 16; 1280; 40; 1],1.2142810309305787,0.12047105287777286,tvm
750,15,3,320,320,64,1280,16,4,[750; 15; 3; 320; 320; 64; 1280; 16; 4],0.6120272579137236,0.23901829925740978,tvm
750,75,25,640,32,16,160,2,1,[750; 75; 25; 640; 32; 16; 160; 2; 1],0.5563065309543163,0.2629588296128187,tvm
750,30,15,1280,320,16,1280,20,1,[750; 30; 15; 1280; 320; 16; 1280; 20; 1],0.43733154505025595,0.33449614129459576,tvm
150,2,2,1024,1024,16,16,16,1,[150; 2; 2; 1024; 1024; 16; 16; 16; 1],0.9056040089344606,0.16153386341325388,tvm
1500,500,5,1280,1280,80,640,32,5,[1500; 500; 5; 1280; 1280; 80; 640; 32; 5],0.5527368409093469,0.264657072694936,tvm
250,50,25,320,80,16,160,1,1,[250; 50; 25; 320; 80; 16; 160; 1; 1],0.5544687770307064,0.26383039108009687,tvm
10,10,10,1280,64,16,32,32,1,[10; 10; 10; 1280; 64; 16; 32; 32; 1],0.5945752559928223,0.24603397603798072,tvm
375,1,1,5120,160,160,32,2,10,[375; 1; 1; 5120; 160; 160; 32; 2; 10],2.0833052810048684,0.07021808835196461,tvm
50,10,10,5120,2560,32,160,5,2,[50; 10; 10; 5120; 2560; 32; 160; 5; 2],0.5200689289486036,0.28128139587468254,tvm
1500,10,1,5120,128,128,10,10,8,[1500; 10; 1; 5120; 128; 128; 10; 10; 8],0.4710258770501241,0.310568317821204,tvm
300,4,2,2560,64,64,320,1,4,[300; 4; 2; 2560; 64; 64; 320; 1; 4],0.8537833490408957,0.17133821413833558,tvm
300,150,3,5120,320,32,640,20,2,[300; 150; 3; 5120; 320; 32; 640; 20; 2],0.6171465020161122,0.23703563709398637,tvm
60,1,1,320,160,32,320,10,2,[60; 1; 1; 320; 160; 32; 320; 10; 2],1.8149046729085967,0.08060242307452675,tvm
75,15,5,1280,256,16,64,16,1,[75; 15; 5; 1280; 256; 16; 64; 16; 1],0.3838893350912258,0.38106219921673934,tvm
50,10,2,640,640,80,320,1,5,[50; 10; 2; 640; 640; 80; 320; 1; 5],0.7918244739994407,0.18474512861017936,tvm
20,20,4,64,64,16,16,16,1,[20; 20; 4; 64; 64; 16; 16; 16; 1],0.6000732090324163,0.2437797790066176,tvm
12,6,6,2560,320,32,32,4,2,[12; 6; 6; 2560; 320; 32; 32; 4; 2],0.4941822560504079,0.2960157158511834,tvm
300,10,2,80,16,16,256,4,1,[300; 10; 2; 80; 16; 16; 256; 4; 1],0.8241149859968573,0.1775064363242536,tvm
1500,60,20,1280,64,16,32,32,1,[1500; 60; 20; 1280; 64; 16; 32; 32; 1],0.6287574969464913,0.2326584016829044,tvm
10,1,1,320,32,16,1280,4,1,[10; 1; 1; 320; 32; 16; 1280; 4; 1],2.4197998780291528,0.060453641482476304,tvm
750,30,10,5120,1024,32,4,2,2,[750; 30; 10; 5120; 1024; 32; 4; 2; 2],2.3991075719241053,0.06097505422334684,tvm
375,5,5,5120,1280,80,20,5,5,[375; 5; 5; 5120; 1280; 80; 20; 5; 5],0.4536618960555643,0.322455369422953,tvm
300,2,2,2560,640,64,64,16,4,[300; 2; 2; 2560; 640; 64; 64; 16; 4],0.9037793659372255,0.16185998463686432,tvm
60,6,2,1280,64,64,320,5,4,[60; 6; 2; 1280; 64; 64; 320; 5; 4],0.8009247749578208,0.18264600978714657,tvm
375,15,5,512,128,16,80,40,1,[375; 15; 5; 512; 128; 16; 80; 40; 1],0.3670635330490768,0.39852968523069204,tvm
750,375,3,2560,512,32,8,4,2,[750; 375; 3; 2560; 512; 32; 8; 4; 2],0.24005451705306768,0.6093853849597657,tvm
60,60,6,512,512,16,20,10,1,[60; 60; 6; 512; 512; 16; 20; 10; 1],0.3262361779343337,0.4484043284591182,tvm
60,4,4,2560,512,16,8,4,1,[60; 4; 4; 2560; 512; 16; 8; 4; 1],0.5493569039972499,0.26628538427624204,tvm
1500,1500,4,1024,64,64,160,1,4,[1500; 1500; 4; 1024; 64; 64; 160; 1; 4],0.5257713049650192,0.27823069251648685,tvm
750,6,2,1280,80,80,32,4,5,[750; 6; 2; 1280; 80; 80; 32; 4; 5],0.6935901039978489,0.21091090175959024,tvm
300,150,5,5120,16,16,20,2,1,[300; 150; 5; 5120; 16; 16; 20; 2; 1],0.6030275910161436,0.24258544130495366,tvm
60,4,2,1280,160,32,80,40,2,[60; 4; 2; 1280; 160; 32; 80; 40; 2],0.6618316620588303,0.22103160466915067,tvm
750,150,5,1280,640,80,640,2,5,[750; 150; 5; 1280; 640; 80; 640; 2; 5],0.5710129700601101,0.25618632492763677,tvm
150,50,1,160,160,80,1280,5,5,[150; 50; 1; 160; 160; 80; 1280; 5; 5],1.8296071600634605,0.0799547123988301,tvm
1500,50,10,160,32,16,128,8,1,[1500; 50; 10; 160; 32; 16; 128; 8; 1],0.35375401796773076,0.4135238240574794,tvm
100,25,5,5120,320,32,5,1,2,[100; 25; 5; 5120; 320; 32; 5; 1; 2],0.3596932969521731,0.40669569192768495,tvm
300,50,2,5120,1024,64,256,8,4,[300; 50; 2; 5120; 1024; 64; 256; 8; 4],0.3663481069961563,0.3993079573555682,tvm
500,4,2,320,160,32,128,8,2,[500; 4; 2; 320; 160; 32; 128; 8; 2],0.6581264670239761,0.22227599346856988,tvm
500,100,5,5120,2560,80,80,4,5,[500; 100; 5; 5120; 2560; 80; 80; 4; 5],0.388701157993637,0.3763449407786662,tvm
300,300,15,16,16,16,640,40,1,[300; 300; 15; 16; 16; 16; 640; 40; 1],0.6101004200754687,0.23977317417289915,tvm
250,10,2,640,64,16,32,1,1,[250; 10; 2; 640; 64; 16; 32; 1; 1],0.859919106005691,0.170115669327559,tvm
750,75,3,5120,64,64,16,16,4,[750; 75; 3; 5120; 64; 64; 16; 16; 4],0.24543698003981262,0.5960214889459001,tvm
300,30,5,2560,64,32,8,4,2,[300; 30; 5; 2560; 64; 32; 8; 4; 2],0.3564372929977253,0.4104107992051434,tvm
300,75,3,5120,128,64,32,1,4,[300; 75; 3; 5120; 128; 64; 32; 1; 4],0.3477464340394363,0.4206677623878229,tvm
750,750,15,256,256,16,160,40,1,[750; 750; 15; 256; 256; 16; 160; 40; 1],0.5700375100132078,0.25662471629687117,tvm
1500,60,1,2560,320,32,8,1,2,[1500; 60; 1; 2560; 320; 32; 8; 1; 2],0.3530681349802762,0.4143271504631433,tvm
1500,15,3,256,64,16,640,2,1,[1500; 15; 3; 256; 64; 16; 640; 2; 1],0.8407066540094092,0.17400327877513988,tvm
12,12,3,128,32,16,1,1,1,[12; 12; 3; 128; 32; 16; 1; 1; 1],0.6053056720411405,0.24167246573524884,tvm
750,750,2,64,32,32,160,4,2,[750; 750; 2; 64; 32; 32; 160; 4; 2],0.39526308001950383,0.3700970864227845,tvm
100,20,4,128,64,16,640,2,1,[100; 20; 4; 128; 64; 16; 640; 2; 1],0.8701686459826306,0.16811191136463255,tvm
300,5,1,1024,128,128,256,64,8,[300; 5; 1; 1024; 128; 128; 256; 64; 8],0.8596169240772724,0.17017547024535365,tvm
12,6,2,5120,512,128,160,5,8,[12; 6; 2; 5120; 512; 128; 160; 5; 8],0.5613616689806804,0.26059084965907925,tvm
750,50,2,640,80,16,128,64,1,[750; 50; 2; 640; 80; 16; 128; 64; 1],0.6585374320857227,0.22213728052238052,tvm
12,6,6,256,128,64,1280,8,4,[12; 6; 6; 256; 128; 64; 1280; 8; 4],0.435174569953233,0.3361540962778115,tvm
1500,20,20,2560,32,16,320,64,1,[1500; 20; 20; 2560; 32; 16; 320; 64; 1],0.6873197020031512,0.21283503711500418,tvm
1500,1500,4,512,256,64,16,8,4,[1500; 1500; 4; 512; 256; 64; 16; 8; 4],0.33749317505862564,0.43344791864399373,tvm
150,150,6,2560,512,32,1280,8,2,[150; 150; 6; 2560; 512; 32; 1280; 8; 2],0.4619451699545607,0.31667332791920677,tvm
60,20,2,2560,2560,128,20,10,8,[60; 20; 2; 2560; 2560; 128; 20; 10; 8],0.3494846459943801,0.4185755110056155,tvm
100,2,2,2560,128,16,80,16,1,[100; 2; 2; 2560; 128; 16; 80; 16; 1],1.1711684199981391,0.12490578791899694,tvm
1500,1500,30,5120,1024,16,256,64,1,[1500; 1500; 30; 5120; 1024; 16; 256; 64; 1],3.9838264889549464,0.03671990100253803,tvm
25,1,1,128,16,16,160,10,1,[25; 1; 1; 128; 16; 16; 160; 10; 1],2.4254385059466586,0.060313099642416365,tvm
375,75,3,5120,80,16,32,4,1,[375; 75; 3; 5120; 80; 16; 32; 4; 1],0.4054057140601799,0.3608378205147822,tvm
750,150,1,5120,320,16,160,20,1,[750; 150; 1; 5120; 320; 16; 160; 20; 1],1.0920041260542348,0.13396077065596085,tvm
12,12,2,2560,640,32,1280,32,2,[12; 12; 2; 2560; 640; 32; 1280; 32; 2],0.9248181820148602,0.15817780957442695,tvm
750,50,1,5120,64,16,640,40,1,[750; 50; 1; 5120; 64; 16; 640; 40; 1],2.4332438460551202,0.06011962776475486,tvm
15,3,1,1280,160,80,20,2,5,[15; 3; 1; 1280; 160; 80; 20; 2; 5],1.3895625970326364,0.10527464872622684,tvm
25,5,1,1024,1024,64,256,4,4,[25; 5; 1; 1024; 1024; 64; 256; 4; 4],0.9250060049816966,0.15814569148511518,tvm
750,750,10,32,16,16,80,2,1,[750; 750; 10; 32; 16; 16; 80; 2; 1],0.5799192159902304,0.2522518831108688,tvm
1500,4,2,5120,1280,16,128,64,1,[1500; 4; 2; 5120; 1280; 16; 128; 64; 1],0.9560583640122786,0.15300918834264343,tvm
10,5,5,5120,640,32,80,4,2,[10; 5; 5; 5120; 640; 32; 80; 4; 2],0.572371119982563,0.25557843360470534,tvm
5,5,5,1280,160,16,64,16,1,[5; 5; 5; 1280; 160; 16; 64; 16; 1],0.48803771508391947,0.29974264235000786,tvm
30,1,1,512,64,16,8,8,1,[30; 1; 1; 512; 64; 16; 8; 8; 1],1.8313969880109653,0.07987657249812974,tvm
50,10,10,64,32,32,40,10,2,[50; 10; 10; 64; 32; 32; 40; 10; 2],0.35847382491920143,0.40807920722994634,tvm
500,100,2,1280,256,32,8,1,2,[500; 100; 2; 1280; 256; 32; 8; 1; 2],0.26537074497900903,0.5512503433537317,tvm
300,10,2,1024,128,64,16,16,4,[300; 10; 2; 1024; 128; 64; 16; 16; 4],0.6541576880263165,0.22362454338353552,tvm
750,375,1,1280,1280,64,1280,8,4,[750; 375; 1; 1280; 1280; 64; 1280; 8; 4],1.8325997709762305,0.07982414742297361,tvm
125,25,5,64,32,32,160,10,2,[125; 25; 5; 64; 32; 32; 160; 10; 2],0.30022929492406547,0.48724663701692783,tvm
1500,250,10,1280,32,32,16,4,2,[1500; 250; 10; 1280; 32; 32; 16; 4; 2],0.3437358840601519,0.4255759176429631,tvm
20,4,1,2560,160,32,640,5,2,[20; 4; 1; 2560; 160; 32; 640; 5; 2],1.8152136480202898,0.08058870339877434,tvm
150,30,2,320,160,80,40,2,5,[150; 30; 2; 320; 160; 80; 40; 2; 5],0.5938023719936609,0.24635421006246158,tvm
100,25,1,2560,640,80,640,16,5,[100; 25; 1; 2560; 640; 80; 640; 16; 5],1.8187281159916893,0.0804329756599984,tvm
2,2,2,320,160,80,640,10,5,[2; 2; 2; 320; 160; 80; 640; 10; 5],0.9433213151060045,0.1550751710399713,tvm
20,2,2,2560,80,80,256,4,5,[20; 2; 2; 2560; 80; 80; 256; 4; 5],0.9158118430059403,0.15973337252941097,tvm
500,4,1,1280,640,32,40,20,2,[500; 4; 1; 1280; 640; 32; 40; 20; 2],1.0002892429474741,0.14624341440948183,tvm
1500,250,1,640,32,16,640,8,1,[1500; 250; 1; 640; 32; 16; 640; 8; 1],2.502686298917979,0.05845147845695244,tvm
750,150,6,2560,320,16,64,2,1,[750; 150; 6; 2560; 320; 16; 64; 2; 1],0.5850229130592197,0.2500512561478192,tvm
300,100,1,5120,5120,64,32,16,4,[300; 100; 1; 5120; 5120; 64; 32; 16; 4],0.5517762930830941,0.265117795236057,tvm
1500,125,1,1024,512,128,320,20,8,[1500; 125; 1; 1024; 512; 128; 320; 20; 8],1.252357819932513,0.11680824118908552,tvm
75,3,1,64,64,64,128,4,4,[75; 3; 1; 64; 64; 64; 128; 4; 4],0.9794737200718373,0.14935134173378872,tvm
150,50,2,2560,1280,128,64,4,8,[150; 50; 2; 2560; 1280; 128; 64; 4; 8],0.2733874979894608,0.53508560326103,tvm
300,60,5,5120,160,32,32,2,2,[300; 60; 5; 5120; 160; 32; 32; 2; 2],0.48684953909832984,0.30047417638854684,tvm
100,4,4,256,64,16,256,2,1,[100; 4; 4; 256; 64; 16; 256; 2; 1],0.9135437409859151,0.16012995078685532,tvm
12,3,3,512,32,16,40,10,1,[12; 3; 3; 512; 32; 16; 40; 10; 1],0.7670442640082911,0.19071352352115767,tvm
100,50,1,1280,256,16,640,1,1,[100; 50; 1; 1280; 256; 16; 640; 1; 1],2.433623877936043,0.06011023955344293,tvm
1500,150,1,1280,640,32,1280,8,2,[1500; 150; 1; 1280; 640; 32; 1280; 8; 2],1.8335980690317228,0.07978068735803377,tvm
250,250,2,2560,32,32,640,2,2,[250; 250; 2; 2560; 32; 32; 640; 2; 2],0.9431001170305535,0.15511154292537863,tvm
6,2,1,2560,256,32,16,16,2,[6; 2; 1; 2560; 256; 32; 16; 16; 2],1.2781460080295801,0.11445148939692093,tvm
150,2,1,512,256,128,160,4,8,[150; 2; 1; 512; 256; 128; 160; 4; 8],1.2355025459546596,0.11840179104825793,tvm
1500,100,10,32,32,32,80,4,2,[1500; 100; 10; 32; 32; 32; 80; 4; 2],0.36598166602198035,0.39970776644567924,tvm
300,6,6,128,32,16,16,4,1,[300; 6; 6; 128; 32; 16; 16; 4; 1],0.4138813460012898,0.3534484356423699,tvm
500,10,2,2560,320,16,1280,8,1,[500; 10; 2; 2560; 320; 16; 1280; 8; 1],1.2077510770177469,0.12112240433428713,tvm
750,750,6,1024,128,32,80,16,2,[750; 750; 6; 1024; 128; 32; 80; 16; 2],0.22672335500828922,0.6452167853654334,tvm
6,1,1,256,32,16,20,5,1,[6; 1; 1; 256; 32; 16; 20; 5; 1],1.9258516930276528,0.07595897171902001,tvm
20,10,1,256,32,16,16,8,1,[20; 10; 1; 256; 32; 16; 16; 8; 1],0.5390542100649327,0.2713747737321135,tvm
75,3,1,1280,256,64,320,4,4,[75; 3; 1; 1280; 256; 64; 320; 4; 4],1.5846790199866518,0.09231252035314161,tvm
150,2,2,2560,640,80,320,5,5,[150; 2; 2; 2560; 640; 80; 320; 5; 5],0.9167224899865687,0.15957469777779487,tvm
375,75,15,256,64,16,80,40,1,[375; 75; 15; 256; 64; 16; 80; 40; 1],0.4392034070333466,0.3330705362096782,tvm
1500,300,12,640,128,16,160,32,1,[1500; 300; 12; 640; 128; 16; 160; 32; 1],0.3529439540579915,0.41447292864429797,tvm
500,5,1,640,160,16,1280,1,1,[500; 5; 1; 640; 160; 16; 1280; 1; 1],2.4016728019341826,0.06090992668439405,tvm
500,100,2,1024,128,64,16,1,4,[500; 100; 2; 1024; 128; 64; 16; 1; 4],0.3496034679701552,0.41843324705864293,tvm
1500,12,12,512,128,16,2,2,1,[1500; 12; 12; 512; 128; 16; 2; 2; 1],0.6497585580218583,0.2251385725969817,tvm
1500,10,10,1024,32,16,80,8,1,[1500; 10; 10; 1024; 32; 16; 80; 8; 1],0.4790102900005877,0.3053915904093309,tvm
150,75,1,1280,1280,128,160,40,8,[150; 75; 1; 1280; 1280; 128; 160; 40; 8],0.7800809580367059,0.18752632374706804,tvm
1500,150,2,128,64,16,5,5,1,[1500; 150; 2; 128; 64; 16; 5; 5; 1],0.2814293270930648,0.5197955586104913,tvm
500,20,2,512,256,64,32,8,4,[500; 20; 2; 512; 256; 64; 32; 8; 4],0.3927160600433126,0.37249740759158273,tvm
150,30,1,1280,640,16,10,1,1,[150; 30; 1; 1280; 640; 16; 10; 1; 1],0.42958906397689134,0.34052476320389613,tvm
750,15,5,2560,64,64,256,1,4,[750; 15; 5; 2560; 64; 64; 256; 1; 4],0.4462316030403599,0.3278246392434095,tvm
1500,60,4,5120,640,80,4,1,5,[1500; 60; 4; 5120; 640; 80; 4; 1; 5],0.48529144399799407,0.301438890165801,tvm
300,50,1,640,640,80,20,4,5,[300; 50; 1; 640; 640; 80; 20; 4; 5],0.6251911410363391,0.23398558406190126,tvm
30,5,1,2560,32,32,10,2,2,[30; 5; 1; 2560; 32; 32; 10; 2; 2],0.5941450379323214,0.2462121282621527,tvm
1500,4,4,5120,320,64,160,5,4,[1500; 4; 4; 5120; 320; 64; 160; 5; 4],0.5138258889783174,0.2846989951724432,tvm
100,2,2,2560,512,128,128,8,8,[100; 2; 2; 2560; 512; 128; 128; 8; 8],0.9192470159614459,0.15913645815071067,tvm
50,10,5,640,128,64,1280,40,4,[50; 10; 5; 640; 128; 64; 1280; 40; 4],0.38933888101018965,0.3757285013666173,tvm
100,100,5,1280,64,64,640,16,4,[100; 100; 5; 1280; 64; 64; 640; 16; 4],0.418732843012549,0.3493533328631933,tvm
6,1,1,640,80,80,80,10,5,[6; 1; 1; 640; 80; 80; 80; 10; 5],1.8204175329301506,0.08035833078922959,tvm
300,25,5,128,128,32,16,1,2,[300; 25; 5; 128; 128; 32; 16; 1; 2],0.47404161700978875,0.30859255608921266,tvm
1500,75,1,640,128,64,1280,2,4,[1500; 75; 1; 640; 128; 64; 1280; 2; 4],1.8388835369842127,0.07955137524675669,tvm
750,50,5,5120,64,16,1280,1,1,[750; 50; 5; 5120; 64; 16; 1280; 1; 1],0.5025828999932855,0.29106783037717493,tvm
500,10,2,640,640,128,320,16,8,[500; 10; 2; 640; 640; 128; 320; 16; 8],0.7667714090785012,0.19078138876033357,tvm
1500,10,2,5120,16,16,320,40,1,[1500; 10; 2; 5120; 16; 16; 320; 40; 1],1.0324000959517434,0.14169478950973674,tvm
60,60,3,5120,256,64,40,40,4,[60; 60; 3; 5120; 256; 64; 40; 40; 4],0.33245369396172464,0.44001831515987355,tvm
1500,150,2,5120,5120,16,80,5,1,[1500; 150; 2; 5120; 5120; 16; 80; 5; 1],1.1708118470851332,0.12494382820767394,tvm
1500,30,5,640,640,80,80,2,5,[1500; 30; 5; 640; 640; 80; 80; 2; 5],0.4995713320095092,0.29282247581598575,tvm
1500,10,10,128,128,32,160,20,2,[1500; 10; 10; 128; 128; 32; 160; 20; 2],0.38544242293573916,0.37952676088823517,tvm
60,6,3,320,32,32,80,16,2,[60; 6; 3; 320; 32; 32; 80; 16; 2],0.44666040397714823,0.32750992248956656,tvm
12,12,1,320,160,80,640,20,5,[12; 12; 1; 320; 160; 80; 640; 20; 5],1.80810012598522,0.08090575968850415,tvm
100,100,2,32,32,16,320,16,1,[100; 100; 2; 32; 32; 16; 320; 16; 1],0.9246386789018288,0.15820851714688633,tvm
60,12,6,512,64,16,128,4,1,[60; 12; 6; 512; 64; 16; 128; 4; 1],0.528540194965899,0.27677311144737543,tvm
500,5,1,5120,160,160,256,32,10,[500; 5; 1; 5120; 160; 160; 256; 32; 10],0.9274367350153625,0.15773120555041542,tvm
60,6,1,1280,640,16,32,32,1,[60; 6; 1; 1280; 640; 16; 32; 32; 1],1.0549938610056415,0.1386602516779309,tvm
150,75,5,2560,32,32,320,5,2,[150; 75; 5; 2560; 32; 32; 320; 5; 2],0.48840758798178285,0.29951564612294806,tvm
100,25,1,640,128,64,16,2,4,[100; 25; 1; 640; 128; 64; 16; 2; 4],0.6363926490303129,0.22986707107414492,tvm
75,15,15,5120,5120,16,1280,20,1,[75; 15; 15; 5120; 5120; 16; 1280; 20; 1],0.8931935440050438,0.1637782933694024,tvm
125,25,5,128,128,16,64,16,1,[125; 25; 5; 128; 128; 16; 64; 16; 1],0.35788011201657355,0.4087561990003506,tvm
60,6,1,1280,160,32,4,4,2,[60; 6; 1; 1280; 160; 32; 4; 4; 2],0.5340916919521987,0.27389625506252374,tvm
150,50,2,5120,160,80,5,5,5,[150; 50; 2; 5120; 160; 80; 5; 5; 5],0.32235616398975253,0.45380151095967447,tvm
750,6,6,5120,5120,32,32,1,2,[750; 6; 6; 5120; 5120; 32; 32; 1; 2],0.6200717330211774,0.2359174051895028,tvm
20,1,1,64,16,16,64,1,1,[20; 1; 1; 64; 16; 16; 64; 1; 1],2.4369429169455543,0.060028371312475265,tvm
60,20,1,5120,512,128,64,4,8,[60; 20; 1; 5120; 512; 128; 64; 4; 8],0.5308546529849991,0.2755664162744902,tvm
500,4,2,2560,2560,32,128,1,2,[500; 4; 2; 2560; 2560; 32; 128; 1; 2],0.8579452009871602,0.17050706049453568,tvm
100,100,4,640,64,16,2,1,1,[100; 100; 4; 640; 64; 16; 2; 1; 1],0.5730934670427814,0.2552562936034901,tvm
750,75,5,1280,80,80,80,10,5,[750; 75; 5; 1280; 80; 80; 80; 10; 5],0.319767652079463,0.4574750239256908,tvm
60,6,1,64,64,16,80,16,1,[60; 6; 1; 64; 64; 16; 80; 16; 1],1.3239180189557374,0.11049454134712935,tvm
1500,60,2,1280,128,128,128,8,8,[1500; 60; 2; 1280; 128; 128; 128; 8; 8],0.2729562410386279,0.5359310112459102,tvm
75,75,1,2560,160,160,160,32,10,[75; 75; 1; 2560; 160; 160; 160; 32; 10],0.46056603000033647,0.3176215889947581,tvm
250,25,1,160,160,160,640,2,10,[250; 25; 1; 160; 160; 160; 640; 2; 10],2.0088371529709548,0.07282109157995516,tvm
15,15,3,2560,80,16,640,32,1,[15; 15; 3; 2560; 80; 16; 640; 32; 1],0.8174503090558574,0.17895364729223978,tvm
12,6,3,640,160,32,160,20,2,[12; 6; 3; 640; 160; 32; 160; 20; 2],0.4773369150934741,0.30646218563898003,tvm
1500,750,3,512,64,16,10,5,1,[1500; 750; 3; 512; 64; 16; 10; 5; 1],0.3157319499878213,0.46332249330914077,tvm
30,15,3,32,16,16,16,16,1,[30; 15; 3; 32; 16; 16; 16; 16; 1],0.4136514739366248,0.35364485201405715,tvm
300,20,20,320,320,16,1280,1,1,[300; 20; 20; 320; 320; 16; 1280; 1; 1],0.6511441869661212,0.22465947974949133,tvm
1500,500,1,640,80,16,80,4,1,[1500; 500; 1; 640; 80; 16; 80; 4; 1],1.06623292400036,0.1371986467430309,tvm
750,25,5,160,160,16,1280,1,1,[750; 25; 5; 160; 160; 16; 1280; 1; 1],0.5098193130688742,0.2869363920427859,tvm
12,4,4,320,64,64,1280,4,4,[12; 4; 4; 320; 64; 64; 1280; 4; 4],0.4642740790732205,0.3150848192467011,tvm
300,100,2,160,160,160,128,4,10,[300; 100; 2; 160; 160; 160; 128; 4; 10],0.37833302293438464,0.3866585928743657,tvm
30,10,10,5120,512,16,160,5,1,[30; 10; 10; 5120; 512; 16; 160; 5; 1],0.6296303669223562,0.23233586238980392,tvm
12,4,1,1280,32,16,80,1,1,[12; 4; 1; 1280; 32; 16; 80; 1; 1],1.3516310040140525,0.10822903133420089,tvm
20,4,2,256,256,16,256,32,1,[20; 4; 2; 256; 256; 16; 256; 32; 1],1.00128135306295,0.14609851051177758,tvm
750,30,3,5120,512,16,256,32,1,[750; 30; 3; 5120; 512; 16; 256; 32; 1],0.545452484046109,0.26819148975284207,tvm
1500,4,2,5120,640,80,160,40,5,[1500; 4; 2; 5120; 640; 80; 160; 40; 5],0.7097469370346516,0.20610968029943363,tvm
1500,500,1,640,80,16,20,4,1,[1500; 500; 1; 640; 80; 16; 20; 4; 1],0.4670320269651711,0.3132241598853424,tvm
375,75,3,1024,128,16,1280,4,1,[375; 75; 3; 1024; 128; 16; 1280; 4; 1],0.8125289300223812,0.1800375455944502,tvm
1500,150,30,1024,1024,16,640,32,1,[1500; 150; 30; 1024; 1024; 16; 640; 32; 1],3.476431983988732,0.04207926833013179,tvm
4,1,1,2560,128,32,1280,20,2,[4; 1; 1; 2560; 128; 32; 1280; 20; 2],1.801956709008664,0.08118159196299035,tvm
50,10,5,5120,2560,64,64,16,4,[50; 10; 5; 5120; 2560; 64; 64; 16; 4],0.3235848010517657,0.4520784468560751,tvm
60,60,12,1280,640,32,256,64,2,[60; 60; 12; 1280; 640; 32; 256; 64; 2],0.4939322730060667,0.2961655317548314,tvm
60,5,5,1280,256,32,16,4,2,[60; 5; 5; 1280; 256; 32; 16; 4; 2],0.5299981780117378,0.27601173052046707,tvm
300,30,10,640,64,32,64,32,2,[300; 30; 10; 640; 64; 32; 64; 32; 2],0.302986087044701,0.48281330576123804,tvm
100,100,2,1280,320,64,160,4,4,[100; 100; 2; 1280; 320; 64; 160; 4; 4],0.2725751689868048,0.5366802663260787,tvm
20,4,1,160,80,80,320,20,5,[20; 4; 1; 160; 80; 80; 320; 20; 5],1.5048318720655516,0.09721066984374849,tvm
300,12,12,80,16,16,256,8,1,[300; 12; 12; 80; 16; 16; 256; 8; 1],0.3884717560140416,0.37656718158018854,tvm
30,30,1,2560,320,32,10,5,2,[30; 30; 1; 2560; 320; 32; 10; 5; 2],0.4023969080299139,0.3635358805362379,tvm
12,12,4,640,80,16,256,2,1,[12; 12; 4; 640; 80; 16; 256; 2; 1],0.8404165739193559,0.17406333814134356,tvm
500,5,5,2560,160,80,8,8,5,[500; 5; 5; 2560; 160; 80; 8; 8; 5],0.5373042629798874,0.2722586146523653,tvm
1500,12,6,5120,5120,32,1280,40,2,[1500; 12; 6; 5120; 5120; 32; 1280; 40; 2],0.404359970940277,0.36177100800939654,tvm
375,125,5,2560,64,16,40,1,1,[375; 125; 5; 2560; 64; 16; 40; 1; 1],0.6536649720510468,0.2237931058577365,tvm
60,20,20,1280,320,16,80,10,1,[60; 20; 20; 1280; 320; 16; 80; 10; 1],0.4429455349454656,0.3302566630539004,tvm
1500,12,6,1280,256,64,160,4,4,[1500; 12; 6; 1280; 256; 64; 160; 4; 4],0.44865751499310136,0.3260520762434206,tvm
300,20,4,2560,1280,32,40,5,2,[300; 20; 4; 2560; 1280; 32; 40; 5; 2],0.3770246650092304,0.3880003826331439,tvm
300,30,30,1280,256,16,320,32,1,[300; 30; 30; 1280; 256; 16; 320; 32; 1],0.9007585840299726,0.16240279790755419,tvm
100,4,4,640,128,16,8,1,1,[100; 4; 4; 640; 128; 16; 8; 1; 1],0.7575925010023639,0.19309287524911475,tvm
60,4,1,128,64,32,8,8,2,[60; 4; 1; 128; 64; 32; 8; 8; 2],0.6466744330246001,0.22621230531956016,tvm
30,5,1,5120,1024,128,160,16,8,[30; 5; 1; 5120; 1024; 128; 160; 16; 8],0.8435095699969679,0.17342507955925163,tvm
1500,50,5,640,80,16,20,5,1,[1500; 50; 5; 640; 80; 16; 20; 5; 1],0.4189740680158138,0.3491521921117869,tvm
1500,300,4,128,128,64,40,4,4,[1500; 300; 4; 128; 128; 64; 40; 4; 4],0.3581301199737936,0.40847084935614697,tvm
250,250,10,2560,2560,32,160,20,2,[250; 250; 10; 2560; 2560; 32; 160; 20; 2],0.40528292406816036,0.36094714481755963,tvm
75,25,1,1024,1024,16,320,32,1,[75; 25; 1; 1024; 1024; 16; 320; 32; 1],1.8224579989910126,0.08026835974639968,tvm
20,2,2,160,160,80,160,5,5,[20; 2; 2; 160; 160; 80; 160; 5; 5],0.9082580319372937,0.1610618449183325,tvm
1500,150,3,2560,320,80,16,16,5,[1500; 150; 3; 2560; 320; 80; 16; 16; 5],0.34954131999984384,0.41850764391969353,tvm
750,6,3,512,128,64,64,16,4,[750; 6; 3; 512; 128; 64; 64; 16; 4],0.4328524889424443,0.3379574289687535,tvm
10,10,2,1024,64,64,320,8,4,[10; 10; 2; 1024; 64; 64; 320; 8; 4],0.7468004799447954,0.19588326228248804,tvm
1500,30,2,2560,512,16,640,40,1,[1500; 30; 2; 2560; 512; 16; 640; 40; 1],1.2073485540458933,0.12116278583802714,tvm
300,100,5,5120,1280,80,8,2,5,[300; 100; 5; 5120; 1280; 80; 8; 2; 5],0.4813794050132856,0.303888601718798,tvm
300,60,1,1280,320,160,4,4,10,[300; 60; 1; 1280; 320; 160; 4; 4; 10],0.39702420809771866,0.36845540221998085,tvm
1500,5,1,1280,32,32,80,4,2,[1500; 5; 1; 1280; 32; 32; 80; 4; 2],0.982657863991335,0.14886739285994685,tvm
25,25,1,320,64,16,1,1,1,[25; 25; 1; 320; 64; 16; 1; 1; 1],0.5090139040257782,0.28739040943428906,tvm
375,75,25,640,128,16,256,16,1,[375; 75; 25; 640; 128; 16; 256; 16; 1],0.5475149339763448,0.26718123142926825,tvm
1500,12,3,1024,32,32,40,5,2,[1500; 12; 3; 1024; 32; 32; 40; 5; 2],0.3668215509969741,0.3987925842637337,tvm
1500,50,10,160,160,32,160,10,2,[1500; 50; 10; 160; 160; 32; 160; 10; 2],0.2982870190171525,0.49041931079576206,tvm
250,1,1,320,320,16,640,2,1,[250; 1; 1; 320; 320; 16; 640; 2; 1],2.392621355014853,0.0611403530187108,tvm
15,3,1,1280,640,160,80,5,10,[15; 3; 1; 1280; 640; 160; 80; 5; 10],0.9873817740008235,0.14815516969993442,tvm
300,300,10,1280,16,16,32,2,1,[300; 300; 10; 1280; 16; 16; 32; 2; 1],0.5836481639416888,0.250640237258297,tvm
300,60,4,1280,160,32,10,1,2,[300; 60; 4; 1280; 160; 32; 10; 1; 2],0.488519465085119,0.2994470532719216,tvm
1500,75,3,1024,1024,32,32,32,2,[1500; 75; 3; 1024; 1024; 32; 32; 32; 2],0.34268658293876797,0.42687902465050104,tvm
1500,2,1,160,32,16,640,2,1,[1500; 2; 1; 160; 32; 16; 640; 2; 1],2.516069457982667,0.05814057073090629,tvm
12,6,2,1280,80,80,80,40,5,[12; 6; 2; 1280; 80; 80; 80; 40; 5],0.6226421770406887,0.23494347103337132,tvm
60,6,3,320,32,32,10,1,2,[60; 6; 3; 320; 32; 32; 10; 1; 2],0.49106460507027805,0.2978950483812182,tvm
300,6,6,5120,5120,16,16,8,1,[300; 6; 6; 5120; 5120; 16; 16; 8; 1],0.4390939250588417,0.3331535827240401,tvm
1500,75,1,640,128,32,32,8,2,[1500; 75; 1; 640; 128; 32; 32; 8; 2],0.7219855790026486,0.2026158396235469,tvm
150,150,5,160,32,32,2,2,2,[150; 150; 5; 160; 32; 32; 2; 2; 2],0.5252890610136092,0.2784861234373284,tvm
750,125,5,160,80,80,20,20,5,[750; 125; 5; 160; 80; 80; 20; 20; 5],0.42909429292194545,0.3409174083616266,tvm
300,10,1,2560,640,64,256,8,4,[300; 10; 1; 2560; 640; 64; 256; 8; 4],0.7250499309739098,0.2017595037754417,tvm
1500,60,3,1280,32,16,160,8,1,[1500; 60; 3; 1280; 32; 16; 160; 8; 1],0.45282487699296325,0.32305140843219954,tvm
60,15,5,5120,64,64,128,16,4,[60; 15; 5; 5120; 64; 64; 128; 16; 4],0.29025627800729126,0.503988114538007,tvm
300,60,2,80,80,16,1280,8,1,[300; 60; 2; 80; 80; 16; 1280; 8; 1],1.243680922081694,0.117623187498011,tvm
1500,60,2,1280,64,32,1280,10,2,[1500; 60; 2; 1280; 64; 32; 1280; 10; 2],0.9219603280071169,0.1586681225231473,tvm
60,10,2,640,320,16,1,1,1,[60; 10; 2; 640; 320; 16; 1; 1; 1],0.48701563209760934,0.30037170194240337,tvm
300,20,5,5120,512,32,80,10,2,[300; 20; 5; 5120; 512; 32; 80; 10; 2],0.29414313193410635,0.497328335779348,tvm
100,25,1,64,64,16,4,2,1,[100; 25; 1; 64; 64; 16; 4; 2; 1],0.3754827230004594,0.38959372915151497,tvm
75,25,1,160,160,160,32,2,10,[75; 25; 1; 160; 160; 160; 32; 2; 10],0.7267702179960907,0.20128193294582852,tvm
500,500,2,2560,1280,32,80,8,2,[500; 500; 2; 2560; 1280; 32; 80; 8; 2],0.36601159907877445,0.3996750776584818,tvm
750,75,1,2560,1280,64,10,1,4,[750; 75; 1; 2560; 1280; 64; 10; 1; 4],0.4970570160076022,0.2943036906725343,tvm
4,4,4,640,640,64,160,8,4,[4; 4; 4; 640; 640; 64; 160; 8; 4],0.5068045989610255,0.28864322578289,tvm
30,15,1,160,32,32,80,20,2,[30; 15; 1; 160; 32; 32; 80; 20; 2],0.8781482179183513,0.1665843092325397,tvm
300,100,1,1280,1280,32,64,2,2,[300; 100; 1; 1280; 1280; 32; 64; 2; 2],0.7130062039941549,0.20516751953383217,tvm
150,50,10,2560,256,16,64,16,1,[150; 50; 10; 2560; 256; 16; 64; 16; 1],0.2918616220122203,0.5012159984487076,tvm
150,30,6,1024,64,32,320,4,2,[150; 30; 6; 1024; 64; 32; 320; 4; 2],0.5156983738997951,0.2836652618845351,tvm
1500,30,2,640,160,160,160,16,10,[1500; 30; 2; 640; 160; 160; 160; 16; 10],0.3391700889915228,0.4313048792736277,tvm
1500,6,3,640,160,80,80,40,5,[1500; 6; 3; 640; 160; 80; 80; 40; 5],0.5673274470027536,0.25785058533401833,tvm
1500,20,20,5120,16,16,8,1,1,[1500; 20; 20; 5120; 16; 16; 8; 1; 1],0.6498395509552211,0.22511051238830262,tvm
1500,12,1,5120,320,80,160,40,5,[1500; 12; 1; 5120; 320; 80; 160; 40; 5],0.63471497700084,0.2304746533269857,tvm
20,10,2,640,320,16,16,1,1,[20; 10; 2; 640; 320; 16; 16; 1; 1],0.4897561769466847,0.29869090206827364,tvm
750,1,1,1280,64,16,640,1,1,[750; 1; 1; 1280; 64; 16; 640; 1; 1],2.426429936895147,0.06028845591680306,tvm
1500,250,5,1024,128,32,160,5,2,[1500; 250; 5; 1024; 128; 32; 160; 5; 2],0.2924018689664081,0.5002899427517681,tvm
100,100,20,256,256,16,320,32,1,[100; 100; 20; 256; 256; 16; 320; 32; 1],0.7009178369771689,0.20870593751272914,tvm
750,250,1,256,64,16,128,64,1,[750; 250; 1; 256; 64; 16; 128; 64; 1],1.1062106400495395,0.13224037899252458,tvm
1500,6,2,5120,5120,160,8,1,10,[1500; 6; 2; 5120; 5120; 160; 8; 1; 10],0.6446902380557731,0.22690853009792109,tvm
60,15,1,640,128,128,80,1,8,[60; 15; 1; 640; 128; 128; 80; 1; 8],0.5886536739999428,0.24850896332930814,tvm
1500,10,1,160,80,16,1280,1,1,[1500; 10; 1; 160; 80; 16; 1280; 1; 1],2.459165667067282,0.05948591274054737,tvm
500,2,1,128,128,128,256,64,8,[500; 2; 1; 128; 128; 128; 256; 64; 8],1.3403268370311707,0.10914182290771536,tvm
300,25,1,2560,2560,128,10,2,8,[300; 25; 1; 2560; 2560; 128; 10; 2; 8],0.6699985699960962,0.21833735299847976,tvm
100,4,1,5120,2560,32,128,8,2,[100; 4; 1; 5120; 2560; 32; 128; 8; 2],1.4935665779048577,0.09794388576297729,tvm
750,3,3,5120,256,64,256,16,4,[750; 3; 3; 5120; 256; 64; 256; 16; 4],0.6220326289767399,0.2351736990491289,tvm
25,5,1,1024,64,16,640,5,1,[25; 5; 1; 1024; 64; 16; 640; 5; 1],2.386279488913715,0.06130284191995744,tvm
500,125,1,256,32,32,4,2,2,[500; 125; 1; 256; 32; 32; 4; 2; 2],0.39397629199083894,0.37130588124098557,tvm
500,100,1,640,320,32,320,2,2,[500; 100; 1; 640; 320; 32; 320; 2; 2],1.3294193829642609,0.11003729610105055,tvm
1500,250,10,2560,320,32,10,10,2,[1500; 250; 10; 2560; 320; 32; 10; 10; 2],0.3228977480903268,0.45304036696097555,tvm
300,12,2,320,64,64,160,16,4,[300; 12; 2; 320; 64; 64; 160; 16; 4],0.4455185030819848,0.3283493575996206,tvm
60,60,30,640,320,16,640,5,1,[60; 60; 30; 640; 320; 16; 640; 5; 1],0.5415010009892285,0.2701485574698397,tvm
60,4,4,640,320,32,320,4,2,[60; 4; 4; 640; 320; 32; 320; 4; 2],0.5718801859766245,0.2557978364574668,tvm
60,60,4,80,80,16,40,5,1,[60; 60; 4; 80; 80; 16; 40; 5; 1],0.47303222597111017,0.3092510536367738,tvm
100,20,5,512,512,64,64,64,4,[100; 20; 5; 512; 512; 64; 64; 64; 4],0.32518089888617396,0.44985949293694527,tvm
750,15,5,5120,1024,64,40,2,4,[750; 15; 5; 5120; 1024; 64; 40; 2; 4],0.647183419088833,0.22603439762358155,tvm
75,1,1,5120,320,16,16,16,1,[75; 1; 1; 5120; 320; 16; 16; 16; 1],1.9103590580634773,0.07657498398966082,tvm
300,4,2,5120,5120,128,16,8,8,[300; 4; 2; 5120; 5120; 128; 16; 8; 8],0.6124866059981287,0.23883904211639403,tvm
50,2,2,2560,128,128,40,8,8,[50; 2; 2; 2560; 128; 128; 40; 8; 8],0.9105140719329938,0.1606627714991314,tvm
750,5,1,2560,160,80,128,64,5,[750; 5; 1; 2560; 160; 80; 128; 64; 5],0.8086018150206655,0.18091192916995327,tvm
300,50,1,32,16,16,32,8,1,[300; 50; 1; 32; 16; 16; 32; 8; 1],0.5812779790721834,0.2516622331353593,tvm
1500,300,20,160,32,16,64,2,1,[1500; 300; 20; 160; 32; 16; 64; 2; 1],0.5497700669802725,0.2660852655897024,tvm
500,250,5,64,64,32,10,10,2,[500; 250; 5; 64; 64; 32; 10; 10; 2],0.4125052810413763,0.35462749450483066,tvm
750,250,1,5120,320,64,40,5,4,[750; 250; 1; 5120; 320; 64; 40; 5; 4],0.5184832049999386,0.28214166413689645,tvm
500,50,2,1280,64,16,20,1,1,[500; 50; 2; 1280; 64; 16; 20; 1; 1],0.4027352469274774,0.3632304731253302,tvm
12,12,1,640,128,16,160,5,1,[12; 12; 1; 640; 128; 16; 160; 5; 1],1.245194160961546,0.11748024434418455,tvm
60,15,1,320,16,16,256,64,1,[60; 15; 1; 320; 16; 16; 256; 64; 1],1.2839164439355955,0.11393709845891838,tvm
15,5,5,2560,256,64,320,1,4,[15; 5; 5; 2560; 256; 64; 320; 1; 4],0.6710930689005181,0.21798126230893838,tvm
30,1,1,80,16,16,640,4,1,[30; 1; 1; 80; 16; 16; 640; 4; 1],2.4110533219063655,0.06067294860573614,tvm
1500,500,1,1280,1280,64,32,32,4,[1500; 500; 1; 1280; 1280; 64; 32; 32; 4],0.5385457000229508,0.2716310134487754,tvm
100,1,1,320,320,160,320,8,10,[100; 1; 1; 320; 320; 160; 320; 8; 10],2.0046869210200384,0.07297185049288404,tvm
3,1,1,1280,80,80,40,4,5,[3; 1; 1; 1280; 80; 80; 40; 4; 5],1.7999933119863272,0.0812701432341908,tvm
1500,12,12,5120,640,32,20,4,2,[1500; 12; 12; 5120; 640; 32; 20; 4; 2],0.37723585998173803,0.3877831611575739,tvm
15,15,5,5120,2560,64,64,16,4,[15; 15; 5; 5120; 2560; 64; 64; 16; 4],0.29980349098332226,0.48793866210801395,tvm
75,15,3,1024,1024,16,320,64,1,[75; 15; 3; 1024; 1024; 16; 320; 64; 1],0.7009726030519232,0.2086896315901785,tvm
250,10,1,1024,512,32,10,1,2,[250; 10; 1; 1024; 512; 32; 10; 1; 2],0.4782682170625776,0.3058654308751066,tvm
150,6,2,160,32,32,128,64,2,[150; 6; 2; 160; 32; 32; 128; 64; 2],0.5638817910803482,0.25942620705209096,tvm
4,4,2,5120,2560,32,80,5,2,[4; 4; 2; 5120; 2560; 32; 80; 5; 2],0.6922599490499124,0.21131616018878915,tvm
15,5,1,256,256,32,640,40,2,[15; 5; 1; 256; 256; 32; 640; 40; 2],1.8161267889663577,0.08054818373609934,tvm
500,10,1,5120,2560,32,160,5,2,[500; 10; 1; 5120; 2560; 32; 160; 5; 2],1.6379065769724548,0.08931261180726942,tvm
750,25,1,5120,320,80,20,4,5,[750; 25; 1; 5120; 320; 80; 20; 4; 5],0.6503743989160284,0.22492538840631954,tvm
50,50,5,640,32,16,20,5,1,[50; 50; 5; 640; 32; 16; 20; 5; 1],0.46162844100035727,0.31689060138649705,tvm
375,75,25,2560,256,16,2,2,1,[375; 75; 25; 2560; 256; 16; 2; 2; 1],0.9982550529530272,0.14654142130608155,tvm
12,4,2,1024,1024,128,320,5,8,[12; 4; 2; 1024; 1024; 128; 320; 5; 8],0.8572307470021769,0.17064916861334048,tvm
6,6,6,2560,128,32,160,4,2,[6; 6; 6; 2560; 128; 32; 160; 4; 2],0.5569194260751829,0.2626694409219011,tvm
500,20,2,5120,160,32,160,4,2,[500; 20; 2; 5120; 160; 32; 160; 4; 2],0.4399013390066102,0.3325420982260664,tvm
300,12,4,2560,640,16,640,16,1,[300; 12; 4; 2560; 640; 16; 640; 16; 1],0.6112053000833839,0.2393397345634228,tvm
150,30,10,1280,32,32,4,1,2,[150; 30; 10; 1280; 32; 32; 4; 1; 2],0.4913048760499805,0.2977493638203432,tvm
60,60,20,5120,256,16,10,10,1,[60; 60; 20; 5120; 256; 16; 10; 10; 1],0.4717062700074166,0.31012035155567097,tvm
750,5,1,2560,2560,32,640,2,2,[750; 5; 1; 2560; 2560; 32; 640; 2; 2],1.8314027459127828,0.07987632136742515,tvm
100,20,2,2560,256,64,1280,20,4,[100; 20; 2; 2560; 256; 64; 1280; 20; 4],0.9083498490508646,0.16104556459008426,tvm
500,20,2,640,320,64,640,40,4,[500; 20; 2; 640; 320; 64; 640; 40; 4],0.9249833339126781,0.1581495675894245,tvm
150,50,1,640,320,80,80,16,5,[150; 50; 1; 640; 320; 80; 80; 16; 5],0.517690849956125,0.28257349786675234,tvm
75,75,1,640,128,32,640,10,2,[75; 75; 1; 640; 128; 32; 640; 10; 2],1.832545056939125,0.0798265307211891,tvm
750,75,1,512,512,64,32,2,4,[750; 75; 1; 512; 512; 64; 32; 2; 4],0.540716051007621,0.27054072837880766,tvm
1500,300,2,256,32,16,320,2,1,[1500; 300; 2; 256; 32; 16; 320; 2; 1],0.9514161560218781,0.15375576014745582,tvm
150,6,6,256,64,32,32,4,2,[150; 6; 6; 256; 64; 32; 32; 4; 2],0.5469488939270377,0.26745773857480115,tvm
20,20,1,5120,1280,16,10,10,1,[20; 20; 1; 5120; 1280; 16; 10; 10; 1],0.5832197329727933,0.25082435661095576,tvm
60,60,1,5120,640,64,640,32,4,[60; 60; 1; 5120; 640; 64; 640; 32; 4],1.8346288510365412,0.07973586276214112,tvm
500,125,1,2560,16,16,128,1,1,[500; 125; 1; 2560; 16; 16; 128; 1; 1],1.180233103921637,0.12394645922033647,tvm
20,2,2,1024,128,16,640,64,1,[20; 2; 2; 1024; 128; 16; 640; 64; 1],1.2068319969112054,0.12121464682749666,tvm
1500,250,2,2560,128,32,40,8,2,[1500; 250; 2; 2560; 128; 32; 40; 8; 2],0.36725725303404033,0.39831946973734883,tvm
125,5,5,320,64,32,40,5,2,[125; 5; 5; 320; 64; 32; 40; 5; 2],0.5124772839481011,0.28544819227641854,tvm
1500,125,1,5120,1280,80,160,16,5,[1500; 125; 1; 5120; 1280; 80; 160; 16; 5],0.8362679179990664,0.1749268519540141,tvm
750,150,30,64,64,16,8,8,1,[750; 150; 30; 64; 64; 16; 8; 8; 1],0.589495577965863,0.24815404856893689,tvm
30,1,1,2560,640,64,8,1,4,[30; 1; 1; 2560; 640; 64; 8; 1; 4],1.973386679077521,0.07412927017126567,tvm
30,15,15,80,80,16,640,64,1,[30; 15; 15; 80; 80; 16; 640; 64; 1],0.6203284980729222,0.23581975475922404,tvm
60,12,2,2560,128,16,10,10,1,[60; 12; 2; 2560; 128; 16; 10; 10; 1],0.44999255891889334,0.3250847405947458,tvm
300,60,4,640,16,16,40,40,1,[300; 60; 4; 640; 16; 16; 40; 40; 1],0.3275946599896997,0.4465448682536945,tvm
1500,25,25,5120,64,16,1280,4,1,[1500; 25; 25; 5120; 64; 16; 1280; 4; 1],0.5367762100649998,0.27252644871873166,tvm
1500,50,10,256,64,16,80,8,1,[1500; 50; 10; 256; 64; 16; 80; 8; 1],0.35861358093097806,0.40792017387057555,tvm
150,15,15,320,160,16,640,8,1,[150; 15; 15; 320; 160; 16; 640; 8; 1],0.4504720839904621,0.3247386896649774,tvm
75,75,3,256,128,64,256,1,4,[75; 75; 3; 256; 128; 64; 256; 1; 4],0.37215422093868256,0.3930782080524,tvm
750,750,25,256,128,16,40,8,1,[750; 750; 25; 256; 128; 16; 40; 8; 1],0.35967678006272763,0.40671436799507066,tvm
750,3,3,32,32,32,320,8,2,[750; 3; 3; 32; 32; 32; 320; 8; 2],0.6916693180100992,0.21149660752131028,tvm
12,1,1,640,128,32,160,40,2,[12; 1; 1; 640; 128; 32; 160; 40; 2],1.8134947220096365,0.08066508962518887,tvm
1500,750,2,5120,64,16,10,5,1,[1500; 750; 2; 5120; 64; 16; 10; 5; 1],0.3054551079403609,0.47891068272551557,tvm
60,6,6,640,64,32,40,1,2,[60; 6; 6; 640; 64; 32; 40; 1; 2],0.6102012749761343,0.2397335441349835,tvm
150,1,1,2560,160,32,64,16,2,[150; 1; 1; 2560; 160; 32; 64; 16; 2],1.795682966010645,0.08146522356934086,tvm
50,10,1,512,128,64,256,32,4,[50; 10; 1; 512; 128; 64; 256; 32; 4],0.7232941420515999,0.2022492728487745,tvm
1500,60,3,1280,64,64,80,8,4,[1500; 60; 3; 1280; 64; 64; 80; 8; 4],0.2498680530115962,0.5854518515775415,tvm
750,125,1,256,256,64,80,10,4,[750; 125; 1; 256; 256; 64; 80; 10; 4],0.5142052880255505,0.2844889340742164,tvm
20,10,5,5120,5120,16,8,8,1,[20; 10; 5; 5120; 5120; 16; 8; 8; 1],0.4493735450087115,0.3255325461646355,tvm
375,15,5,64,16,16,5,5,1,[375; 15; 5; 64; 16; 16; 5; 5; 1],0.4845783779164776,0.30188246309027067,tvm
500,10,5,320,320,32,64,8,2,[500; 10; 5; 320; 320; 32; 64; 8; 2],0.3644064060645178,0.4014356275059955,tvm
1500,20,4,2560,2560,32,256,4,2,[1500; 20; 4; 2560; 2560; 32; 256; 4; 2],0.5852256729267538,0.24996462228686825,tvm
300,30,3,256,128,32,160,10,2,[300; 30; 3; 256; 128; 32; 160; 10; 2],0.3075277969473973,0.4756829000102924,tvm
75,5,1,5120,160,160,10,10,10,[75; 5; 1; 5120; 160; 160; 10; 10; 10],0.7026405789656565,0.20819422997325127,tvm
250,125,5,1024,1024,64,320,40,4,[250; 125; 5; 1024; 1024; 64; 320; 40; 4],0.34561517008114606,0.4232618442395577,tvm
300,4,4,5120,5120,80,32,1,5,[300; 4; 4; 5120; 5120; 80; 32; 1; 5],0.7085838480852544,0.20644799437781383,tvm
25,5,1,1280,640,32,1280,5,2,[25; 5; 1; 1280; 640; 32; 1280; 5; 2],1.830891260993667,0.07989863592790412,tvm
500,100,4,320,80,80,320,10,5,[500; 100; 4; 320; 80; 80; 320; 10; 5],0.40656415501143783,0.3598096695996204,tvm
1500,10,1,2560,320,80,128,32,5,[1500; 10; 1; 2560; 320; 80; 128; 32; 5],0.6437349659390748,0.22724525158007228,tvm
60,10,10,80,16,16,40,40,1,[60; 10; 10; 80; 16; 16; 40; 40; 1],0.38407297094818205,0.3808800028926032,tvm
300,100,2,5120,1024,32,320,32,2,[300; 100; 2; 5120; 1024; 32; 320; 32; 2],0.7106412369757891,0.20585030346430364,tvm
750,375,1,2560,320,160,64,32,10,[750; 375; 1; 2560; 320; 160; 64; 32; 10],0.4462635660311207,0.3278011592716778,tvm
1500,3,3,2560,160,80,1280,8,5,[1500; 3; 3; 2560; 160; 80; 1280; 8; 5],0.6200973869999871,0.23590764507723583,tvm
100,20,1,1280,80,16,640,16,1,[100; 20; 1; 1280; 80; 16; 640; 16; 1],2.40107211493887,0.06092516479432716,tvm
60,10,10,1024,1024,16,10,5,1,[60; 10; 10; 1024; 1024; 16; 10; 5; 1],1.0441600159974769,0.1400989427333787,tvm
1500,1500,3,2560,1280,80,160,5,5,[1500; 1500; 3; 2560; 1280; 80; 160; 5; 5],0.3939839559607208,0.3712986584161783,tvm
15,1,1,640,128,32,160,1,2,[15; 1; 1; 640; 128; 32; 160; 1; 2],1.814308805973269,0.08062889503930985,tvm
500,10,5,64,16,16,4,1,1,[500; 10; 5; 64; 16; 16; 4; 1; 1],0.43377812998369336,0.337236260138826,tvm
250,1,1,1024,16,16,32,1,1,[250; 1; 1; 1024; 16; 16; 32; 1; 1],2.4249345059506595,0.06032563515704733,tvm
1500,60,1,1024,512,32,40,2,2,[1500; 60; 1; 1024; 512; 32; 40; 2; 2],0.7029748118948191,0.2080952429738008,tvm
30,10,10,640,80,16,320,1,1,[30; 10; 10; 640; 80; 16; 320; 1; 1],0.7970379419857636,0.1835367008015375,tvm
300,30,5,80,80,16,8,4,1,[300; 30; 5; 80; 80; 16; 8; 4; 1],0.389570222934708,0.37550537919380916,tvm
1500,125,5,5120,256,16,1280,8,1,[1500; 125; 5; 5120; 256; 16; 1280; 8; 1],0.5497849150560796,0.2660780794081859,tvm
60,10,1,1024,512,64,128,1,4,[60; 10; 1; 1024; 512; 64; 128; 1; 4],0.6717079840600491,0.21778171133460386,tvm
30,30,2,64,64,16,320,32,1,[30; 30; 2; 64; 64; 16; 320; 32; 1],0.9651760099222884,0.15156376949059536,tvm
1500,20,5,640,320,32,1280,1,2,[1500; 20; 5; 640; 320; 32; 1280; 1; 2],0.38561064400710166,0.3793611938860801,tvm
150,30,3,320,160,80,32,16,5,[150; 30; 3; 320; 160; 80; 32; 16; 5],0.3418587470659986,0.4279127433222373,tvm
1500,150,25,640,32,16,40,2,1,[1500; 150; 25; 640; 32; 16; 40; 2; 1],0.5409420740325004,0.2704276877470716,tvm
1500,30,1,1280,64,16,80,10,1,[1500; 30; 1; 1280; 64; 16; 80; 10; 1],1.101875375956297,0.13276067101395717,tvm
150,3,1,1280,1280,32,640,8,2,[150; 3; 1; 1280; 1280; 32; 640; 8; 2],1.8014236900489777,0.0812056125906377,tvm
150,30,1,1280,80,80,256,4,5,[150; 30; 1; 1280; 80; 80; 256; 4; 5],0.6536246230825782,0.22380692085284665,tvm
1500,75,5,128,64,16,40,10,1,[1500; 75; 5; 128; 64; 16; 40; 10; 1],0.34893520502373576,0.41923460911822713,tvm
75,5,5,320,160,32,640,16,2,[75; 5; 5; 320; 160; 32; 640; 16; 2],0.46060563100036234,0.3175942811815065,tvm
1500,6,2,160,16,16,16,2,1,[1500; 6; 2; 160; 16; 16; 16; 2; 1],0.6266861599870026,0.23342738937899674,tvm
30,3,3,1024,512,64,2,1,4,[30; 3; 3; 1024; 512; 64; 2; 1; 4],0.7691862479550764,0.19018243588548658,tvm
750,10,2,1280,640,80,20,1,5,[750; 10; 2; 1280; 640; 80; 20; 1; 5],0.6408267940860242,0.22827652594388398,tvm
1500,60,4,5120,1280,64,4,1,4,[1500; 60; 4; 5120; 1280; 64; 4; 1; 4],0.3828705489868298,0.3820761734555517,tvm
150,75,3,160,80,16,40,10,1,[150; 75; 3; 160; 80; 16; 40; 10; 1],0.4213331309147179,0.3471972734926559,tvm
300,20,4,1024,128,64,1,1,4,[300; 20; 4; 1024; 128; 64; 1; 1; 4],0.4653547409689054,0.3143531190444861,tvm
1500,4,2,512,512,16,1280,16,1,[1500; 4; 2; 512; 512; 16; 1280; 16; 1],1.2310468489304185,0.11883033892074296,tvm
750,5,5,320,64,16,128,4,1,[750; 5; 5; 320; 64; 16; 128; 4; 1],0.6680204030126333,0.21898390172814497,tvm
1500,30,1,5120,16,16,16,16,1,[1500; 30; 1; 5120; 16; 16; 16; 16; 1],0.4530344730010256,0.32290194897681246,tvm
750,6,1,320,64,64,160,10,4,[750; 6; 1; 320; 64; 64; 160; 10; 4],0.8624859999399632,0.16960937835036985,tvm
250,10,1,256,64,32,8,1,2,[250; 10; 1; 256; 64; 32; 8; 1; 2],0.40486254694405943,0.3613219236748191,tvm
500,1,1,5120,512,32,80,8,2,[500; 1; 1; 5120; 512; 32; 80; 8; 2],1.8908390819560736,0.07736550174030762,tvm
1500,1500,12,2560,1280,32,160,32,2,[1500; 1500; 12; 2560; 1280; 32; 160; 32; 2],0.3815200449898839,0.3834286460350808,tvm
300,3,3,1024,128,16,1280,4,1,[300; 3; 3; 1024; 128; 16; 1280; 4; 1],0.8255358890164644,0.17720091425703818,tvm
60,4,4,1280,80,16,640,10,1,[60; 4; 4; 1280; 80; 16; 640; 10; 1],0.658560217008926,0.22212959499758483,tvm
300,3,3,64,16,16,16,1,1,[300; 3; 3; 64; 16; 16; 16; 1; 1],0.8445099300006405,0.173219649750718,tvm
300,3,3,640,64,32,256,8,2,[300; 3; 3; 640; 64; 32; 256; 8; 2],0.6147323759505525,0.2379665038131669,tvm
50,2,2,1280,128,32,320,40,2,[50; 2; 2; 1280; 128; 32; 320; 40; 2],0.9334219930460677,0.15671980666358112,tvm
1500,1500,4,320,320,32,16,1,2,[1500; 1500; 4; 320; 320; 32; 16; 1; 2],0.49014183692634106,0.29845588208316576,tvm
300,2,2,1280,128,32,20,20,2,[300; 2; 2; 1280; 128; 32; 20; 20; 2],0.9249745870474726,0.15815106310397092,tvm
250,125,5,2560,2560,64,128,64,4,[250; 125; 5; 2560; 2560; 64; 128; 64; 4],0.38562276400625706,0.37934927068605495,tvm
100,20,5,5120,80,80,4,2,5,[100; 20; 5; 5120; 80; 80; 4; 2; 5],0.546850846032612,0.2675056925430639,tvm
125,1,1,5120,2560,16,4,4,1,[125; 1; 1; 5120; 2560; 16; 4; 4; 1],1.8467727040406317,0.07921154236558166,tvm
100,1,1,640,128,128,160,2,8,[100; 1; 1; 640; 128; 128; 160; 2; 8],1.823208027984947,0.08023533905091058,tvm
1500,150,1,512,512,64,16,4,4,[1500; 150; 1; 512; 512; 64; 16; 4; 4],0.5346534899435937,0.2736084530209417,tvm
500,500,5,640,320,80,16,16,5,[500; 500; 5; 640; 320; 80; 16; 16; 5],0.47913830704055727,0.3053099953315395,tvm
300,50,1,5120,1280,16,320,20,1,[300; 50; 1; 5120; 1280; 16; 320; 20; 1],2.0341788820223883,0.07191388897926052,tvm
1500,5,5,1280,16,16,160,20,1,[1500; 5; 5; 1280; 16; 16; 160; 20; 1],0.49183892202563584,0.29742606315750164,tvm
300,12,6,1024,256,32,80,2,2,[300; 12; 6; 1024; 256; 32; 80; 2; 2],0.5660688739735633,0.2584238791630613,tvm
300,300,6,320,64,16,1280,32,1,[300; 300; 6; 320; 64; 16; 1280; 32; 1],0.4768019609618932,0.3068060248548468,tvm
3,1,1,640,64,64,8,2,4,[3; 1; 1; 640; 64; 64; 8; 2; 4],1.9884560710052028,0.07356748606056157,tvm
1500,375,25,640,160,16,320,2,1,[1500; 375; 25; 640; 160; 16; 320; 2; 1],0.6119409080129117,0.2390520267074999,tvm
12,6,2,5120,256,32,64,1,2,[12; 6; 2; 5120; 256; 32; 64; 1; 2],0.6787293730303645,0.21552878083437516,tvm
1500,150,2,640,128,32,20,2,2,[1500; 150; 2; 640; 128; 32; 20; 2; 2],0.4077894069487229,0.3587285785089284,tvm
125,25,1,1280,128,16,1280,40,1,[125; 25; 1; 1280; 128; 16; 1280; 40; 1],2.409403566038236,0.060714492311576836,tvm
30,15,15,2560,320,16,40,5,1,[30; 15; 15; 2560; 320; 16; 40; 5; 1],0.633457162999548,0.23093229160598927,tvm
300,20,2,512,64,32,80,1,2,[300; 20; 2; 512; 64; 32; 80; 1; 2],0.5136484919348732,0.28479732070207703,tvm
1500,60,1,5120,160,80,16,4,5,[1500; 60; 1; 5120; 160; 80; 16; 4; 5],0.39855778007768095,0.367037658271788,tvm
750,30,15,640,640,16,640,64,1,[750; 30; 15; 640; 640; 16; 640; 64; 1],0.6603944229427725,0.2215126433591807,tvm
375,125,1,2560,2560,64,80,1,4,[375; 125; 1; 2560; 2560; 64; 80; 1; 4],0.5251623400254175,0.2785533217759563,tvm
1500,1500,2,5120,1280,16,640,8,1,[1500; 1500; 2; 5120; 1280; 16; 640; 8; 1],1.2067099859705195,0.12122690289006038,tvm
25,5,1,5120,32,32,32,2,2,[25; 5; 1; 5120; 32; 32; 32; 2; 2],1.0607565710088238,0.1379069602619482,tvm
100,50,1,5120,2560,128,640,1,8,[100; 50; 1; 5120; 2560; 128; 640; 1; 8],1.8087543939473107,0.0808764942190242,tvm
750,250,5,640,16,16,256,4,1,[750; 250; 5; 640; 16; 16; 256; 4; 1],0.5148457350442186,0.28413504148606816,tvm
100,4,2,2560,1280,80,320,8,5,[100; 4; 2; 2560; 1280; 80; 320; 8; 5],0.8840713549870998,0.16546822093093252,tvm
30,10,10,320,32,32,64,16,2,[30; 10; 10; 320; 32; 32; 64; 16; 2],0.4696303849341348,0.31149116194053483,tvm
750,15,3,640,320,32,10,5,2,[750; 15; 3; 640; 320; 32; 10; 5; 2],0.335187918972224,0.4364289582221982,tvm
30,30,3,512,256,16,64,16,1,[30; 30; 3; 512; 256; 16; 64; 16; 1],0.447956952964887,0.326561990649983,tvm
1500,750,25,1280,64,16,1280,5,1,[1500; 750; 25; 1280; 64; 16; 1280; 5; 1],0.5148101530503482,0.2841546799707496,tvm
6,1,1,256,64,64,320,64,4,[6; 1; 1; 256; 64; 64; 320; 64; 4],1.8798692419659346,0.07781696248869482,tvm
500,10,5,1280,320,64,640,40,4,[500; 10; 5; 1280; 320; 64; 640; 40; 4],0.3855580580420792,0.37941293466559817,tvm
6,6,2,256,64,16,4,4,1,[6; 6; 2; 256; 64; 16; 4; 4; 1],0.598582498030737,0.24438688863602986,tvm
500,50,1,5120,512,64,160,10,4,[500; 50; 1; 5120; 512; 64; 160; 10; 4],0.5301314929965883,0.27594232038324823,tvm
300,4,1,256,16,16,32,8,1,[300; 4; 1; 256; 16; 16; 32; 8; 1],0.8967672128928825,0.16312562745666292,tvm
100,50,2,2560,2560,160,160,20,10,[100; 50; 2; 2560; 2560; 160; 160; 20; 10],0.8470125609310344,0.17270784523539692,tvm
300,20,5,5120,256,64,20,5,4,[300; 20; 5; 5120; 256; 64; 20; 5; 4],0.3548218300566077,0.41227935232275903,tvm
1500,750,2,1280,160,32,4,2,2,[1500; 750; 2; 1280; 160; 32; 4; 2; 2],0.3353974830824882,0.4361562673078753,tvm
500,20,2,512,512,64,256,64,4,[500; 20; 2; 512; 512; 64; 256; 64; 4],0.4218590399250388,0.346764441297046,tvm
60,5,1,2560,2560,128,32,8,8,[60; 5; 1; 2560; 2560; 128; 32; 8; 8],0.7641620230861008,0.19143285045092037,tvm
60,30,6,5120,2560,16,20,5,1,[60; 30; 6; 5120; 2560; 16; 20; 5; 1],0.40299496008083224,0.362996386496676,tvm
750,30,6,640,128,64,4,2,4,[750; 30; 6; 640; 128; 64; 4; 2; 4],0.4671168769709766,0.3131672639068519,tvm
375,3,1,1280,128,32,4,4,2,[375; 3; 1; 1280; 128; 32; 4; 4; 2],0.7484444449655712,0.19545300291786322,tvm
10,10,2,128,32,16,80,16,1,[10; 10; 2; 128; 32; 16; 80; 16; 1],0.7118375829886645,0.20550434225674172,tvm
300,150,3,5120,1280,64,64,2,4,[300; 150; 3; 5120; 1280; 64; 64; 2; 4],0.2293152039637789,0.6379241836438398,tvm
20,2,1,640,80,80,320,16,5,[20; 2; 1; 640; 80; 80; 320; 16; 5],1.714241752983071,0.08533552168540545,tvm
1500,4,4,256,256,32,80,16,2,[1500; 4; 4; 256; 256; 32; 80; 16; 2],0.5455009680008516,0.26816765297744793,tvm
750,15,15,5120,2560,16,64,4,1,[750; 15; 15; 5120; 2560; 16; 64; 4; 1],0.8154023680835962,0.17940310208998175,tvm
100,5,1,5120,1024,32,256,64,2,[100; 5; 1; 5120; 1024; 32; 256; 64; 2],1.045008428976871,0.1399852003384673,tvm
15,15,5,1280,256,16,64,32,1,[15; 15; 5; 1280; 256; 16; 64; 32; 1],0.3778557919431478,0.38714694178281767,tvm
75,75,5,1280,64,64,1280,10,4,[75; 75; 5; 1280; 64; 64; 1280; 10; 4],0.4336083569796756,0.3373683000592424,tvm
500,50,10,2560,32,32,80,10,2,[500; 50; 10; 2560; 32; 32; 80; 10; 2],0.2961461729137227,0.4939645609681143,tvm
100,20,2,5120,512,128,128,64,8,[100; 20; 2; 5120; 512; 128; 128; 64; 8],0.3262274640146643,0.44841630586668996,tvm
300,50,2,640,160,32,640,32,2,[300; 50; 2; 640; 160; 32; 640; 32; 2],0.9303836540784687,0.15723160402104028,tvm
500,500,1,5120,320,32,80,5,2,[500; 500; 1; 5120; 320; 32; 80; 5; 2],0.7115380089962855,0.2055908643475966,tvm
1500,300,4,5120,16,16,640,64,1,[1500; 300; 4; 5120; 16; 16; 640; 64; 1],0.6943722090218216,0.2106733426036598,tvm
150,75,1,2560,640,32,640,16,2,[150; 75; 1; 2560; 640; 32; 640; 16; 2],1.8374555490445346,0.07961319900325314,tvm
4,4,1,5120,320,80,640,64,5,[4; 4; 1; 5120; 320; 80; 640; 64; 5],1.8264746620552614,0.08009183884385487,tvm
2,2,2,256,16,16,16,16,1,[2; 2; 2; 256; 16; 16; 16; 16; 1],1.225559658021666,0.11936237728471981,tvm
300,6,1,512,64,32,320,4,2,[300; 6; 1; 512; 64; 32; 320; 4; 2],1.4562762159621343,0.10045190100771238,tvm
500,500,4,512,64,32,640,16,2,[500; 500; 4; 512; 64; 32; 640; 16; 2],0.5230994320008904,0.27965183163392404,tvm
500,20,2,2560,160,16,40,4,1,[500; 20; 2; 2560; 160; 16; 40; 4; 1],0.6775224369484931,0.2159127230451193,tvm
12,6,3,256,32,16,64,8,1,[12; 6; 3; 256; 32; 16; 64; 8; 1],0.5940405200235546,0.246255447826882,tvm
300,25,1,5120,5120,64,80,40,4,[300; 25; 1; 5120; 5120; 64; 80; 40; 4],1.8163759800372645,0.08053713322211689,tvm
1500,60,2,512,256,128,2,2,8,[1500; 60; 2; 512; 256; 128; 2; 2; 8],0.5318486769683659,0.2750513832610611,tvm
500,10,5,320,160,32,256,8,2,[500; 10; 5; 320; 160; 32; 256; 8; 2],0.44364020798821,0.32973953138531104,tvm
6,6,1,640,32,32,320,16,2,[6; 6; 1; 640; 32; 32; 320; 16; 2],1.486220094957389,0.09842802878392545,tvm
100,10,1,1024,64,64,40,2,4,[100; 10; 1; 1024; 64; 64; 40; 2; 4],1.0400954050710425,0.14064643836756727,tvm
150,15,15,2560,32,16,16,1,1,[150; 15; 15; 2560; 32; 16; 16; 1; 1],0.6779804129619151,0.2157668739228485,tvm
300,300,4,320,64,64,40,40,4,[300; 300; 4; 320; 64; 64; 40; 40; 4],0.21596440009307116,0.6773603159718526,tvm
500,500,1,320,320,32,640,10,2,[500; 500; 1; 320; 320; 32; 640; 10; 2],1.810406820033677,0.08080267521473053,tvm
30,30,5,2560,1280,80,160,32,5,[30; 30; 5; 2560; 1280; 80; 160; 32; 5],0.5015411499189213,0.291672406759371,tvm
300,12,2,1024,128,32,128,32,2,[300; 12; 2; 1024; 128; 32; 128; 32; 2],0.4930587330600247,0.29669024089246904,tvm
6,2,2,512,32,16,10,2,1,[6; 2; 2; 512; 32; 16; 10; 2; 1],0.9550010620150715,0.15317858807093732,tvm
750,6,2,1280,320,16,40,1,1,[750; 6; 2; 1280; 320; 16; 40; 1; 1],0.8647445599781349,0.1691663886147062,tvm
1500,30,3,128,128,16,640,32,1,[1500; 30; 3; 128; 128; 16; 640; 32; 1],0.8530358859570697,0.17148834731798884,tvm
1500,250,5,1024,16,16,128,64,1,[1500; 250; 5; 1024; 16; 16; 128; 64; 1],0.37843584700021893,0.38655353462228875,tvm
300,100,2,5120,5120,80,640,64,5,[300; 100; 2; 5120; 5120; 80; 640; 64; 5],0.9275627810275182,0.1577097715409243,tvm
500,50,1,1024,512,64,1280,10,4,[500; 50; 1; 1024; 512; 64; 1280; 10; 4],1.8347083369735628,0.07973240832764701,tvm
375,5,5,64,64,16,640,16,1,[375; 5; 5; 64; 64; 16; 640; 16; 1],0.5224251729669049,0.2800127594444637,tvm
75,3,1,2560,32,16,5,5,1,[75; 3; 1; 2560; 32; 16; 5; 5; 1],0.6106470029335469,0.23955855606096163,tvm
1500,15,1,1280,32,32,320,20,2,[1500; 15; 1; 1280; 32; 32; 320; 20; 2],1.3444919700268656,0.108803709911924,tvm
60,20,4,128,64,16,1,1,1,[60; 20; 4; 128; 64; 16; 1; 1; 1],0.4910983140580356,0.2978746008654124,tvm
750,6,6,5120,32,16,320,16,1,[750; 6; 6; 5120; 32; 16; 320; 16; 1],0.4895410230383277,0.29882217710335,tvm
12,2,2,5120,80,80,10,2,5,[12; 2; 2; 5120; 80; 80; 10; 2; 5],0.9258264129748568,0.15800555291533583,tvm
30,30,5,1024,16,16,128,4,1,[30; 30; 5; 1024; 16; 16; 128; 4; 1],0.5023274760460481,0.29121583282118607,tvm
750,750,1,320,320,64,640,10,4,[750; 750; 1; 320; 320; 64; 640; 10; 4],1.8108649549540132,0.08078223275872563,tvm
20,10,2,320,160,32,160,32,2,[20; 10; 2; 320; 160; 32; 160; 32; 2],0.5230739269172773,0.279665467456666,tvm
300,50,5,2560,320,16,320,64,1,[300; 50; 5; 2560; 320; 16; 320; 64; 1],0.4711503270082176,0.31048628410091894,tvm
30,30,2,1024,1024,128,128,32,8,[30; 30; 2; 1024; 1024; 128; 128; 32; 8],0.2970390389673412,0.49247975887034195,tvm
750,2,1,5120,160,160,128,16,10,[750; 2; 1; 5120; 160; 160; 128; 16; 10],1.328688420006074,0.11009783187923439,tvm
300,3,3,5120,16,16,2,1,1,[300; 3; 3; 5120; 16; 16; 2; 1; 1],0.8266761039849371,0.17695650519055015,tvm
500,100,5,1280,256,16,64,32,1,[500; 100; 5; 1280; 256; 16; 64; 32; 1],0.298330963938497,0.49034707076491096,tvm
150,6,2,512,64,64,128,32,4,[150; 6; 2; 512; 64; 64; 128; 32; 4],0.5143617240246385,0.2844024107025254,tvm
1500,60,12,160,160,32,64,32,2,[1500; 60; 12; 160; 160; 32; 64; 32; 2],0.32021365489345044,0.45683783951808726,tvm
750,375,1,5120,1024,64,64,8,4,[750; 375; 1; 5120; 1024; 64; 64; 8; 4],0.5105633300263435,0.28651825480330995,tvm
60,20,5,640,128,16,4,1,1,[60; 20; 5; 640; 128; 16; 4; 1; 1],0.2894398730713874,0.5054096822715037,tvm
1500,3,1,1280,64,32,10,1,2,[1500; 3; 1; 1280; 64; 32; 10; 1; 2],0.8212971159955487,0.1781154608200367,tvm
150,15,15,512,16,16,640,8,1,[150; 15; 15; 512; 16; 16; 640; 8; 1],0.37510508100967854,0.38998595778002754,tvm
60,60,2,5120,640,16,160,2,1,[60; 60; 2; 5120; 640; 16; 160; 2; 1],0.6490937829948962,0.2253691502185664,tvm
1500,150,3,640,320,64,160,4,4,[1500; 150; 3; 640; 320; 64; 160; 4; 4],0.20337602903600782,0.7192869040619057,tvm
300,150,10,1024,64,16,160,32,1,[300; 150; 10; 1024; 64; 16; 160; 32; 1],0.30335803306661546,0.4822213303762782,tvm
150,150,1,1024,1024,16,320,1,1,[150; 150; 1; 1024; 1024; 16; 320; 1; 1],1.770950447069481,0.08260294043110228,tvm
1500,75,5,1024,256,16,640,8,1,[1500; 75; 5; 1024; 256; 16; 640; 8; 1],0.5196431899676099,0.2815118471865906,tvm
500,125,5,2560,128,16,640,2,1,[500; 125; 5; 2560; 128; 16; 640; 2; 1],0.49618325603660196,0.29482194835474906,tvm
12,12,1,1280,128,16,10,5,1,[12; 12; 1; 1280; 128; 16; 10; 5; 1],0.47386448399629444,0.3087079095947993,tvm
15,1,1,1024,512,32,40,40,2,[15; 1; 1; 1024; 512; 32; 40; 40; 2],1.8323323869844899,0.07983579580037875,tvm
10,10,1,5120,2560,160,64,4,10,[10; 10; 1; 5120; 2560; 160; 64; 4; 10],0.695197811932303,0.2104231511878799,tvm
15,5,5,5120,64,64,256,8,4,[15; 5; 5; 5120; 64; 64; 256; 8; 4],0.38829193904530257,0.3767415688447937,tvm
25,5,5,256,128,16,320,64,1,[25; 5; 5; 256; 128; 16; 320; 64; 1],0.5522723059402779,0.26487968473569173,tvm
300,100,5,2560,2560,16,256,1,1,[300; 100; 5; 2560; 2560; 16; 256; 1; 1],0.844941474031657,0.17313117982918835,tvm
1500,500,2,1280,640,160,160,1,10,[1500; 500; 2; 1280; 640; 160; 160; 1; 10],0.4531263749813661,0.3228364587952533,tvm
750,30,1,640,128,64,40,8,4,[750; 30; 1; 640; 128; 64; 40; 8; 4],0.5939317609881982,0.2463005413994371,tvm
750,50,1,512,512,32,320,5,2,[750; 50; 1; 512; 512; 32; 320; 5; 2],1.3411685460014269,0.10907332618398483,tvm
1500,30,5,320,64,16,64,8,1,[1500; 30; 5; 320; 64; 16; 64; 8; 1],0.3976876090746373,0.3678407648307183,tvm
1500,4,4,256,64,16,1280,1,1,[1500; 4; 4; 256; 64; 16; 1280; 1; 1],0.6201207099948078,0.23589877249372807,tvm
1500,1500,3,1280,160,80,64,2,5,[1500; 1500; 3; 1280; 160; 80; 64; 2; 5],0.5132831330411136,0.2850000416319874,tvm
150,2,1,64,64,32,4,1,2,[150; 2; 1; 64; 64; 32; 4; 1; 2],0.907353920978494,0.16122233111414697,tvm
750,5,5,128,16,16,128,16,1,[750; 5; 5; 128; 16; 16; 128; 16; 1],0.5161517190281302,0.28341611369842545,tvm
1500,15,3,1280,64,32,80,8,2,[1500; 15; 3; 1280; 64; 32; 80; 8; 2],0.35743278497830033,0.40926775727804393,tvm
750,25,1,640,640,160,80,1,10,[750; 25; 1; 640; 640; 160; 80; 1; 10],0.6206952870124951,0.23568040123167464,tvm
500,10,1,2560,2560,160,1,1,10,[500; 10; 1; 2560; 2560; 160; 1; 1; 10],1.1160094490041956,0.1310792793163567,tvm
150,75,25,1280,320,16,1280,10,1,[150; 75; 25; 1280; 320; 16; 1280; 10; 1],0.42294662503991276,0.34587275468130185,tvm
20,2,1,320,160,32,8,8,2,[20; 2; 1; 320; 160; 32; 8; 8; 2],1.2398528230842203,0.11798635415598635,tvm
750,75,25,320,80,16,16,4,1,[750; 75; 25; 320; 80; 16; 16; 4; 1],0.41209288605023175,0.3549823819765792,tvm
5,1,1,512,64,16,160,16,1,[5; 1; 1; 512; 64; 16; 160; 16; 1],2.3685134269762784,0.06176267046645685,tvm
4,4,2,5120,80,80,20,2,5,[4; 4; 2; 5120; 80; 80; 20; 2; 5],0.731141960946843,0.2000784007749623,tvm
12,6,3,512,256,64,1280,16,4,[12; 6; 3; 512; 256; 64; 1280; 16; 4],0.6158594520529732,0.237531004514211,tvm
300,100,10,160,16,16,640,20,1,[300; 100; 10; 160; 16; 16; 640; 20; 1],0.41741519805509597,0.35045612849584257,tvm
6,6,6,2560,512,16,10,2,1,[6; 6; 6; 2560; 512; 16; 10; 2; 1],0.8113313119392842,0.18030330166360145,tvm
12,4,2,320,320,160,64,4,10,[12; 4; 2; 320; 320; 160; 64; 4; 10],0.697713240981102,0.20966452360859889,tvm
50,5,1,160,160,80,640,64,5,[50; 5; 1; 160; 160; 80; 640; 64; 5],1.820134326000698,0.080370834281853,tvm
50,2,1,5120,256,16,160,4,1,[50; 2; 1; 5120; 256; 16; 160; 4; 1],1.802083715912886,0.081175870462605,tvm
500,5,5,5120,160,32,160,32,2,[500; 5; 5; 5120; 160; 32; 160; 32; 2],0.4098939000396058,0.3568867803877528,tvm
50,1,1,640,320,160,16,8,10,[50; 1; 1; 640; 320; 160; 16; 8; 10],1.99851382302586,0.07319724917600504,tvm
75,75,1,640,160,16,160,5,1,[75; 75; 1; 640; 160; 16; 160; 5; 1],1.105372735997662,0.13234062097043048,tvm
750,750,6,1024,1024,16,128,1,1,[750; 750; 6; 1024; 1024; 16; 128; 1; 1],0.7223934880457819,0.2025014299082987,tvm
60,15,3,1280,80,80,16,4,5,[60; 15; 3; 1280; 80; 80; 16; 4; 5],0.5056722150184214,0.28928960291082073,tvm
100,10,10,160,16,16,320,10,1,[100; 10; 10; 160; 16; 16; 320; 10; 1],0.4152581320377067,0.3522765793119522,tvm
300,60,2,256,128,128,640,16,8,[300; 60; 2; 256; 128; 128; 640; 16; 8],0.9216322440188378,0.15872460543245084,tvm
12,4,2,1280,256,32,320,1,2,[12; 4; 2; 1280; 256; 32; 320; 1; 2],0.8625944770174101,0.16958804882628728,tvm
30,30,6,512,128,16,40,5,1,[30; 30; 6; 512; 128; 16; 40; 5; 1],0.40700767491944134,0.3594175817806593,tvm
300,25,25,5120,64,16,40,2,1,[300; 25; 25; 5120; 64; 16; 40; 2; 1],0.6359322579810396,0.2300334861926061,tvm
1500,1500,4,128,64,32,320,1,2,[1500; 1500; 4; 128; 64; 32; 320; 1; 2],0.7516618060180917,0.19461639944253512,tvm
20,4,1,640,32,32,8,1,2,[20; 4; 1; 640; 32; 32; 8; 1; 2],0.48789977899286896,0.29982738378705515,tvm
75,3,3,2560,128,64,1280,2,4,[75; 3; 3; 2560; 128; 64; 1280; 2; 4],0.611004070029594,0.23941855948460203,tvm
150,25,1,2560,128,16,640,5,1,[150; 25; 1; 2560; 128; 16; 640; 5; 1],2.3871648650383577,0.06128010529484889,tvm
300,5,1,256,256,16,160,16,1,[300; 5; 1; 256; 256; 16; 160; 16; 1],1.468136747018434,0.09964038743856707,tvm
750,10,5,2560,256,32,80,40,2,[750; 10; 5; 2560; 256; 32; 80; 40; 2],0.3113668829901144,0.46981783316486725,tvm
60,30,3,128,128,32,32,4,2,[60; 30; 3; 128; 128; 32; 32; 4; 2],0.3642240179469809,0.40163664963744566,tvm
20,4,4,16,16,16,256,1,1,[20; 4; 4; 16; 16; 16; 256; 1; 1],0.623441910953261,0.23464209209489806,tvm
150,2,1,1280,640,16,40,4,1,[150; 2; 1; 1280; 640; 16; 40; 4; 1],1.5484033959219232,0.09447519597993094,tvm
500,10,5,2560,512,16,160,16,1,[500; 10; 5; 2560; 512; 16; 160; 16; 1],0.45153915707487613,0.32397127025122335,tvm
1500,150,30,2560,128,16,10,5,1,[1500; 150; 30; 2560; 128; 16; 10; 5; 1],0.47522847505752,0.3078218624589118,tvm
375,1,1,5120,1280,32,256,4,2,[375; 1; 1; 5120; 1280; 32; 256; 4; 2],1.8011747029377148,0.08121683812631968,tvm
500,500,4,1280,128,64,160,16,4,[500; 500; 4; 1280; 128; 64; 160; 16; 4],0.23076100402977318,0.6339273609107727,tvm
50,25,1,2560,256,32,40,5,2,[50; 25; 1; 2560; 256; 32; 40; 5; 2],0.7524493740638718,0.19441269981480083,tvm
60,10,2,640,320,80,256,16,5,[60; 10; 2; 640; 320; 80; 256; 16; 5],0.486252506962046,0.30084310557011174,tvm
2,2,2,160,160,80,320,64,5,[2; 2; 2; 160; 160; 80; 320; 64; 5],0.9276508510811254,0.15769479876531825,tvm
500,2,1,2560,128,16,160,8,1,[500; 2; 1; 2560; 128; 16; 160; 8; 1],1.8005301390076056,0.08124591258791274,tvm
1500,5,5,256,128,64,40,40,4,[1500; 5; 5; 256; 128; 64; 40; 40; 4],0.47642377007286996,0.3070495711482649,tvm
100,5,1,1024,1024,32,64,64,2,[100; 5; 1; 1024; 1024; 32; 64; 64; 2],0.9278023500228301,0.15766904910524823,tvm
150,75,15,640,32,16,80,2,1,[150; 75; 15; 640; 32; 16; 80; 2; 1],0.5577752370154485,0.26226641947832235,tvm
300,300,15,2560,128,16,1280,1,1,[300; 300; 15; 2560; 128; 16; 1280; 1; 1],0.6963543130550534,0.21007368166347387,tvm
1500,5,5,2560,160,80,128,2,5,[1500; 5; 5; 2560; 160; 80; 128; 2; 5],0.5752533560153097,0.25429788936654385,tvm
50,10,10,1280,320,16,64,16,1,[50; 10; 10; 1280; 320; 16; 64; 16; 1],0.41531105409376323,0.3522316895824495,tvm
30,30,6,5120,2560,64,320,32,4,[30; 30; 6; 5120; 2560; 64; 320; 32; 4],0.36916487105190754,0.39626119860452635,tvm
30,1,1,5120,256,128,320,1,8,[30; 1; 1; 5120; 256; 128; 320; 1; 8],1.7983483698917553,0.0813444807106642,tvm
500,4,2,1280,160,80,1280,8,5,[500; 4; 2; 1280; 160; 80; 1280; 8; 5],0.9101258929586038,0.16073129598606856,tvm
60,30,3,1280,256,16,40,10,1,[60; 30; 3; 1280; 256; 16; 40; 10; 1],0.42195256089325994,0.3466875849172053,tvm
1500,750,3,128,32,16,32,32,1,[1500; 750; 3; 128; 32; 16; 32; 32; 1],0.7124076769687235,0.20533989036748773,tvm
4,2,2,2560,512,16,64,4,1,[4; 2; 2; 2560; 512; 16; 64; 4; 1],1.149199360050261,0.12729359184407865,tvm
20,20,1,160,16,16,20,5,1,[20; 20; 1; 160; 16; 16; 20; 5; 1],0.5026900930097327,0.291005763431431,tvm
500,50,2,1280,256,64,320,10,4,[500; 50; 2; 1280; 256; 64; 320; 10; 4],0.6670035240240395,0.21931775323040423,tvm
100,20,10,5120,1024,32,40,20,2,[100; 20; 10; 5120; 1024; 32; 40; 20; 2],0.3517123219789937,0.4159243368631575,tvm
100,100,20,64,64,16,20,5,1,[100; 100; 20; 64; 64; 16; 20; 5; 1],0.36593906593043357,0.3997542976554566,tvm
12,12,3,80,80,80,8,8,5,[12; 12; 3; 80; 80; 80; 8; 8; 5],0.4085292340023443,0.35807893807882263,tvm
15,1,1,320,320,64,640,10,4,[15; 1; 1; 320; 320; 64; 640; 10; 4],1.8024705519201234,0.08115844895767094,tvm
300,150,5,640,640,16,40,4,1,[300; 150; 5; 640; 640; 16; 40; 4; 1],0.44597139197867364,0.32801591518388173,tvm
500,10,2,1024,32,16,4,1,1,[500; 10; 2; 1024; 32; 16; 4; 1; 1],0.6708191509824246,0.2180702713562615,tvm
150,6,6,160,32,32,640,20,2,[150; 6; 6; 160; 32; 32; 640; 20; 2],0.36997646698728204,0.39539194337661177,tvm
150,30,3,320,80,16,40,8,1,[150; 30; 3; 320; 80; 16; 40; 8; 1],0.4433896340196952,0.3299258779676756,tvm
150,6,6,320,160,16,40,2,1,[150; 6; 6; 320; 160; 16; 40; 2; 1],0.7385597999673337,0.19806888256331373,tvm
100,5,1,5120,16,16,10,1,1,[100; 5; 1; 5120; 16; 16; 10; 1; 1],0.6817191699519753,0.2145835422172734,tvm
1500,20,5,640,160,16,640,20,1,[1500; 20; 5; 640; 160; 16; 640; 20; 1],0.5100797659251839,0.28678987887390694,tvm
60,60,3,5120,1280,16,1280,20,1,[60; 60; 3; 5120; 1280; 16; 1280; 20; 1],0.8182427299907431,0.17878034099657597,tvm
15,5,1,5120,160,16,320,5,1,[15; 5; 1; 5120; 160; 16; 320; 5; 1],2.0358018429251388,0.0718565585320052,tvm
75,5,5,2560,2560,32,640,40,2,[75; 5; 5; 2560; 2560; 32; 640; 40; 2],0.41211298503912985,0.35496506928027166,tvm
300,300,6,1280,1280,16,20,2,1,[300; 300; 6; 1280; 1280; 16; 20; 2; 1],0.5796091300435364,0.252386835719317,tvm
1500,125,1,512,32,16,40,20,1,[1500; 125; 1; 512; 32; 16; 40; 20; 1],0.7503776609664783,0.19494945264934976,tvm
300,50,5,2560,64,64,64,16,4,[300; 50; 5; 2560; 64; 64; 64; 16; 4],0.25006986898370087,0.5849793694867291,tvm
750,50,2,5120,160,16,16,8,1,[750; 50; 2; 5120; 160; 16; 16; 8; 1],0.37163465400226414,0.3936277543289143,tvm
300,300,2,1024,64,32,320,4,2,[300; 300; 2; 1024; 64; 32; 320; 4; 2],0.7149008290143684,0.20462378605351175,tvm
250,2,1,2560,640,64,256,64,4,[250; 2; 1; 2560; 640; 64; 256; 64; 4],1.3796862949384376,0.10602824339299656,tvm
375,125,1,1024,256,32,16,16,2,[375; 125; 1; 1024; 256; 32; 16; 16; 2],0.4624985520495102,0.31629442651758727,tvm
60,1,1,512,256,16,4,1,1,[60; 1; 1; 512; 256; 16; 4; 1; 1],1.992965252022259,0.07340103603777255,tvm
300,50,1,5120,80,16,64,1,1,[300; 50; 1; 5120; 80; 16; 64; 1; 1],1.0579903949983418,0.13826752584643603,tvm
750,5,5,256,32,32,1280,5,2,[750; 5; 5; 256; 32; 32; 1280; 5; 2],0.43503927206620574,0.33625864072210027,tvm
30,30,15,1280,16,16,2,2,1,[30; 30; 15; 1280; 16; 16; 2; 2; 1],0.6016045719152316,0.24315924631358438,tvm
300,25,1,1280,128,32,80,5,2,[300; 25; 1; 1280; 128; 32; 80; 5; 2],0.7574631589232013,0.1931258471945645,tvm
300,12,1,1280,160,80,160,10,5,[300; 12; 1; 1280; 160; 80; 160; 10; 5],0.6555147999897599,0.22316157360291405,tvm
12,12,12,1280,32,16,80,8,1,[12; 12; 12; 1280; 32; 16; 80; 8; 1],0.5089485789649189,0.2874272968464218,tvm
300,25,5,5120,512,32,320,20,2,[300; 25; 5; 5120; 512; 32; 320; 20; 2],0.42290063097607344,0.34591037130420066,tvm
125,125,5,320,160,32,1280,10,2,[125; 125; 5; 320; 160; 32; 1280; 10; 2],0.46322078292723745,0.3158012759299982,tvm
50,50,1,256,64,32,64,2,2,[50; 50; 1; 256; 64; 32; 64; 2; 2],0.7396490710088983,0.19777718923675144,tvm
750,750,5,320,32,32,640,40,2,[750; 750; 5; 320; 32; 32; 640; 40; 2],0.4928612899966538,0.2968090967069203,tvm
750,375,5,640,320,80,32,32,5,[750; 375; 5; 640; 320; 80; 32; 32; 5],0.43981942802201957,0.33260403012117623,tvm
30,15,3,256,128,16,320,1,1,[30; 15; 3; 256; 128; 16; 320; 1; 1],1.0996038609882817,0.13303492237126044,tvm
150,10,10,2560,64,16,8,4,1,[150; 10; 10; 2560; 64; 16; 8; 4; 1],0.5851684639928862,0.24998906005210264,tvm
125,125,5,128,128,32,20,20,2,[125; 125; 5; 128; 128; 32; 20; 20; 2],0.38746868108864874,0.37754203481608795,tvm
50,50,5,512,128,16,640,8,1,[50; 50; 5; 512; 128; 16; 640; 8; 1],0.575256087933667,0.2542966816938451,tvm
300,6,3,512,128,64,640,40,4,[300; 6; 3; 512; 128; 64; 640; 40; 4],0.6182674920419231,0.2366058642394141,tvm
60,60,6,512,256,16,80,20,1,[60; 60; 6; 512; 256; 16; 80; 20; 1],0.30514574493281543,0.47939621218681033,tvm
100,10,5,512,512,32,320,40,2,[100; 10; 5; 512; 512; 32; 320; 40; 2],0.4134639990516007,0.35380520340649463,tvm
6,3,1,1280,80,16,8,8,1,[6; 3; 1; 1280; 80; 16; 8; 8; 1],0.8184085129760206,0.17874412590573882,tvm
75,25,1,5120,1024,32,32,16,2,[75; 25; 1; 5120; 1024; 32; 32; 16; 2],0.7382290759123862,0.19815761673287932,tvm
750,125,5,5120,80,80,10,2,5,[750; 125; 5; 5120; 80; 80; 10; 2; 5],0.5076814499916509,0.2881446905103979,tvm
1500,20,5,1024,32,32,320,20,2,[1500; 20; 5; 1024; 32; 32; 320; 20; 2],0.3994992299703881,0.3661727065069872,tvm
1500,1500,3,1280,128,64,10,1,4,[1500; 1500; 3; 1280; 128; 64; 10; 1; 4],0.3260685879504308,0.4486347955355723,tvm
150,50,1,2560,640,128,20,5,8,[150; 50; 1; 2560; 640; 128; 20; 5; 8],0.5679992210352793,0.2575456248321655,tvm
12,2,2,640,320,64,80,10,4,[12; 2; 2; 640; 320; 64; 80; 10; 4],0.911167093901895,0.16054762651631144,tvm
375,125,1,5120,32,32,320,10,2,[375; 125; 1; 5120; 32; 32; 320; 10; 2],1.319769915076904,0.11084183130298898,tvm
75,25,5,640,128,32,256,32,2,[75; 25; 5; 640; 128; 32; 256; 32; 2],0.32703222101554275,0.4473128483531347,tvm
500,1,1,128,64,64,1,1,4,[500; 1; 1; 128; 64; 64; 1; 1; 4],1.850636983057484,0.07904614228773921,tvm
750,750,10,320,64,32,20,1,2,[750; 750; 10; 320; 64; 32; 20; 1; 2],0.4734578280476853,0.30897306078754033,tvm
30,3,1,640,640,160,320,32,10,[30; 3; 1; 640; 640; 160; 320; 32; 10],1.673329208046198,0.08742195712732434,tvm
1500,150,6,5120,1280,32,5,1,2,[1500; 150; 6; 5120; 1280; 32; 5; 1; 2],0.497984257992357,0.2937556999802983,tvm
60,30,3,5120,2560,16,80,4,1,[60; 30; 3; 5120; 2560; 16; 80; 4; 1],0.49595429201144725,0.29495805690565097,tvm
500,20,5,1280,64,16,1280,16,1,[500; 20; 5; 1280; 64; 16; 1280; 16; 1],0.5112401120131835,0.28613896063371097,tvm
1500,750,2,5120,640,80,640,32,5,[1500; 750; 2; 5120; 640; 80; 640; 32; 5],0.9147477989317849,0.15991917603577988,tvm
50,50,2,1280,320,16,20,20,1,[50; 50; 2; 1280; 320; 16; 20; 20; 1],0.4539615550311282,0.32224251737723353,tvm
1500,20,10,128,128,16,32,4,1,[1500; 20; 10; 128; 128; 16; 32; 4; 1],0.4841711379121989,0.3021363787121119,tvm
1500,150,10,2560,1280,16,32,16,1,[1500; 150; 10; 2560; 1280; 16; 32; 16; 1],0.2781699920305982,0.525886035434128,tvm
30,30,30,2560,64,16,32,1,1,[30; 30; 30; 2560; 64; 16; 32; 1; 1],0.7337851140182465,0.19935770226333144,tvm
300,50,5,2560,2560,16,10,2,1,[300; 50; 5; 2560; 2560; 16; 10; 2; 1],0.450261757010594,0.3248903821122708,tvm
2,2,2,1024,256,16,320,16,1,[2; 2; 2; 1024; 256; 16; 320; 16; 1],1.207557992078364,0.12114177144729721,tvm
60,3,1,512,512,64,640,64,4,[60; 3; 1; 512; 512; 64; 640; 64; 4],1.8052230899920687,0.0810347015262014,tvm
300,15,3,1024,64,64,640,8,4,[300; 15; 3; 1024; 64; 64; 640; 8; 4],0.6209283439675346,0.23559194181891444,tvm
300,20,1,5120,2560,128,160,16,8,[300; 20; 1; 5120; 2560; 128; 160; 16; 8],1.608149109990336,0.09096526769622339,tvm
300,150,15,5120,640,16,1280,40,1,[300; 150; 15; 5120; 640; 16; 1280; 40; 1],0.6125531030120328,0.23881311443269385,tvm
12,12,3,5120,5120,32,20,1,2,[12; 12; 3; 5120; 5120; 32; 20; 1; 2],0.49937555904034525,0.2929372726347139,tvm
6,2,1,2560,1280,16,20,2,1,[6; 2; 1; 2560; 1280; 16; 20; 2; 1],1.2798069349955767,0.11430295483296463,tvm
375,125,5,5120,320,80,1280,8,5,[375; 125; 5; 5120; 320; 80; 1280; 8; 5],0.4448883510194719,0.32881444063549253,tvm
1500,3,1,5120,128,32,80,2,2,[1500; 3; 1; 5120; 128; 32; 80; 2; 2],1.1476608079392463,0.12746424141501067,tvm
100,100,4,1280,256,64,32,32,4,[100; 100; 4; 1280; 256; 64; 32; 32; 4],0.30277758406009525,0.48314578749224557,tvm
100,5,1,640,64,32,1,1,2,[100; 5; 1; 640; 64; 32; 1; 1; 2],0.6524347300874069,0.22421509392382644,tvm
300,20,5,5120,2560,32,40,1,2,[300; 20; 5; 5120; 2560; 32; 40; 1; 2],0.5053187999874353,0.28949192923230177,tvm
300,300,3,640,640,64,256,32,4,[300; 300; 3; 640; 640; 64; 256; 32; 4],0.26525061298161745,0.551500004623372,tvm
50,10,1,2560,2560,80,320,64,5,[50; 10; 1; 2560; 2560; 80; 320; 64; 5],1.8200725660426542,0.08037356148045255,tvm
150,3,3,1280,128,32,256,2,2,[150; 3; 3; 1280; 128; 32; 256; 2; 2],0.7557680739555508,0.19355900219505415,tvm
30,3,1,2560,512,32,1,1,2,[30; 3; 1; 2560; 512; 32; 1; 1; 2],0.9271641219966114,0.1577775830784886,tvm
60,30,2,5120,640,160,4,4,10,[60; 30; 2; 5120; 640; 160; 4; 4; 10],0.37562260706909,0.3894486421548298,tvm
60,15,3,5120,1280,64,640,10,4,[60; 15; 3; 5120; 1280; 64; 640; 10; 4],0.621585092972964,0.23534302212115152,tvm
1500,150,2,640,128,32,40,20,2,[1500; 150; 2; 640; 128; 32; 40; 20; 2],0.3757613089401275,0.389304887984151,tvm
60,4,2,128,16,16,160,2,1,[60; 4; 2; 128; 16; 16; 160; 2; 1],0.9605957450112328,0.15228644832692206,tvm
60,30,3,1280,320,32,256,1,2,[60; 30; 3; 1280; 320; 32; 256; 1; 2],0.46869351889472455,0.31211379801172845,tvm
10,10,5,512,128,16,1,1,1,[10; 10; 5; 512; 128; 16; 1; 1; 1],0.5424309290247038,0.2696854225269519,tvm
150,30,30,2560,1280,16,20,2,1,[150; 30; 30; 2560; 1280; 16; 20; 2; 1],0.9770802949788049,0.1497171880729491,tvm
300,150,6,128,64,32,640,40,2,[300; 150; 6; 128; 64; 32; 640; 40; 2],0.4017438170267269,0.36412685917200394,tvm
1500,300,5,5120,5120,32,1280,64,2,[1500; 300; 5; 5120; 5120; 32; 1280; 64; 2],0.46471237705554813,0.3147876439456839,tvm
750,10,1,160,160,16,4,1,1,[750; 10; 1; 160; 160; 16; 4; 1; 1],0.5020370238926262,0.29138431494845557,tvm
60,30,6,1280,64,32,8,8,2,[60; 30; 6; 1280; 64; 32; 8; 8; 2],0.43009576003532857,0.3401235907875451,tvm
20,20,10,1280,320,16,128,64,1,[20; 20; 10; 1280; 320; 16; 128; 64; 1],0.5394755540182814,0.27116282321989527,tvm
60,60,15,512,128,16,40,4,1,[60; 60; 15; 512; 128; 16; 40; 4; 1],0.44482637802138925,0.3288602509059843,tvm
750,6,1,5120,2560,80,80,1,5,[750; 6; 1; 5120; 2560; 80; 80; 1; 5],0.9372715960489586,0.15607612020078013,tvm
250,50,1,2560,640,64,640,2,4,[250; 50; 1; 2560; 640; 64; 640; 2; 4],1.8021079919999465,0.08117477694739542,tvm
750,50,1,512,256,16,1,1,1,[750; 50; 1; 512; 256; 16; 1; 1; 1],1.0624688810203224,0.13768470484070225,tvm
750,30,30,5120,80,16,256,16,1,[750; 30; 30; 5120; 80; 16; 256; 16; 1],0.4936703130370006,0.296322688285188,tvm
150,3,1,5120,160,32,20,2,2,[150; 3; 1; 5120; 160; 32; 20; 2; 2],1.1968578259693459,0.1222248049113404,tvm
375,15,1,1024,1024,32,4,4,2,[375; 15; 1; 1024; 1024; 32; 4; 4; 2],0.39042513095773757,0.37468314072628006,tvm
60,3,3,64,64,64,1280,16,4,[60; 3; 3; 64; 64; 64; 1280; 16; 4],0.6126456899801269,0.23877702345455093,tvm
6,6,1,1024,256,32,128,64,2,[6; 6; 1; 1024; 256; 32; 128; 64; 2],0.919205004000105,0.15914373143001034,tvm
150,10,5,2560,16,16,10,2,1,[150; 10; 5; 2560; 16; 16; 10; 2; 1],0.363205187022686,0.40276328508650183,tvm
375,5,5,128,64,16,320,4,1,[375; 5; 5; 128; 64; 16; 320; 4; 1],0.6676188790006563,0.21911560455672868,tvm
1500,1500,6,1280,64,32,8,8,2,[1500; 1500; 6; 1280; 64; 32; 8; 8; 2],0.48342660907655954,0.3026017011458036,tvm
300,300,3,5120,80,16,64,16,1,[300; 300; 3; 5120; 80; 16; 64; 16; 1],0.4062799629755318,0.3600613557566075,tvm
1500,20,1,1280,1280,16,64,16,1,[1500; 20; 1; 1280; 1280; 16; 64; 16; 1],1.1786278689978644,0.12411526838415472,tvm
375,3,3,5120,5120,80,32,2,5,[375; 3; 3; 5120; 5120; 80; 32; 2; 5],0.730955793056637,0.20012935895068495,tvm
500,50,10,320,320,32,80,2,2,[500; 50; 10; 320; 320; 32; 80; 2; 2],0.5185764919733629,0.28209090953785154,tvm
1500,100,1,2560,2560,64,640,1,4,[1500; 100; 1; 2560; 2560; 64; 640; 1; 4],1.8039196769241244,0.0810932527412457,tvm
150,30,6,1024,256,16,32,1,1,[150; 30; 6; 1024; 256; 16; 32; 1; 1],0.5759406100260094,0.253994442724065,tvm
300,12,6,160,160,32,16,8,2,[300; 12; 6; 160; 160; 32; 16; 8; 2],0.3884817259386182,0.37655751742831806,tvm
300,30,3,5120,1024,16,320,5,1,[300; 30; 3; 5120; 1024; 16; 320; 5; 1],0.6660144599154592,0.2196434508408168,tvm
1500,50,1,512,32,32,160,4,2,[1500; 50; 1; 512; 32; 32; 160; 4; 2],0.7671375579666346,0.19069033026287674,tvm
1500,6,1,5120,64,32,5,1,2,[1500; 6; 1; 5120; 64; 32; 5; 1; 2],0.5362315340898931,0.2728032668462783,tvm
20,1,1,512,16,16,32,8,1,[20; 1; 1; 512; 16; 16; 32; 8; 1],2.395071815000847,0.06107779874052026,tvm
20,10,10,640,64,16,1280,2,1,[20; 10; 10; 640; 64; 16; 1280; 2; 1],0.7632114859297872,0.1916712693435173,tvm
12,2,2,256,128,32,40,20,2,[12; 2; 2; 256; 128; 32; 40; 20; 2],0.9254469670122489,0.158070337361404,tvm
1500,100,4,256,256,32,40,4,2,[1500; 100; 4; 256; 256; 32; 40; 4; 2],0.38691457104869187,0.378082722212353,tvm
500,125,5,5120,512,64,256,1,4,[500; 125; 5; 5120; 512; 64; 256; 1; 4],0.3962577019119635,0.3691681286694954,tvm
12,12,1,512,256,16,640,16,1,[12; 12; 1; 512; 256; 16; 640; 16; 1],2.389452988980338,0.06122142388251776,tvm
750,50,2,160,160,32,32,32,2,[750; 50; 2; 160; 160; 32; 32; 32; 2],0.48585985600948334,0.30108623397537704,tvm
300,60,2,2560,320,160,256,1,10,[300; 60; 2; 2560; 320; 160; 256; 1; 10],0.487981642014347,0.2997770852236556,tvm
1500,5,1,2560,2560,128,32,2,8,[1500; 5; 1; 2560; 2560; 128; 32; 2; 8],0.7640759310452268,0.19145442009356453,tvm
1500,4,2,1024,32,16,80,20,1,[1500; 4; 2; 1024; 32; 16; 80; 20; 1],0.8689562890212983,0.16834645900368045,tvm
500,250,1,2560,512,16,40,10,1,[500; 250; 1; 2560; 512; 16; 40; 10; 1],0.9875542570371181,0.14812929339660172,tvm
300,75,3,256,64,64,40,20,4,[300; 75; 3; 256; 64; 64; 40; 20; 4],0.2604836500249803,0.5615926921773614,tvm
150,5,1,2560,640,32,4,2,2,[150; 5; 1; 2560; 640; 32; 4; 2; 2],0.6087162860203534,0.2403183841886284,tvm
1500,125,5,5120,128,32,64,4,2,[1500; 125; 5; 5120; 128; 32; 64; 4; 2],0.33336020400747657,0.43882176854689414,tvm
4,4,1,1280,640,64,40,1,4,[4; 4; 1; 1280; 640; 64; 40; 1; 4],0.9055556620005518,0.16154248758440776,tvm
20,2,2,32,32,16,1280,32,1,[20; 2; 2; 32; 32; 16; 1280; 32; 1],1.215023284079507,0.12039745756521804,tvm
250,50,2,640,32,16,64,1,1,[250; 50; 2; 640; 32; 16; 64; 1; 1],0.7174384120153263,0.20390003077029176,tvm
1500,500,20,5120,256,16,64,8,1,[1500; 500; 20; 5120; 256; 16; 64; 8; 1],0.3840707710478455,0.3808821845166937,tvm
150,6,3,1024,512,16,1280,10,1,[150; 6; 3; 1024; 512; 16; 1280; 10; 1],0.8271441080141813,0.17685638193919923,tvm
100,20,4,5120,64,64,10,10,4,[100; 20; 4; 5120; 64; 64; 10; 10; 4],0.3549128579907119,0.4121736110488919,tvm
300,12,4,640,160,32,640,10,2,[300; 12; 4; 640; 160; 32; 640; 10; 2],0.5091455639339983,0.287316093172674,tvm
15,3,3,128,64,32,640,20,2,[15; 3; 3; 128; 64; 32; 640; 20; 2],0.6265821919078007,0.23346612172348444,tvm
375,3,3,5120,160,16,160,40,1,[375; 3; 3; 5120; 160; 16; 160; 40; 1],0.8249796200543642,0.17732039765548926,tvm
300,20,1,5120,256,32,16,16,2,[300; 20; 1; 5120; 256; 32; 16; 16; 2],0.5836274439934641,0.2506491354908809,tvm
1500,1500,25,640,16,16,20,10,1,[1500; 1500; 25; 640; 16; 16; 20; 10; 1],0.48044957302045077,0.3044767286732244,tvm
500,100,2,1024,1024,128,32,32,8,[500; 100; 2; 1024; 1024; 128; 32; 32; 8],0.30833686189725995,0.4744347250133776,tvm
30,30,1,1280,320,16,640,2,1,[30; 30; 1; 1280; 320; 16; 640; 2; 1],2.432916484074667,0.06012771718358119,tvm
5,1,1,1024,1024,32,320,40,2,[5; 1; 1; 1024; 1024; 32; 320; 40; 2],1.8386426659999415,0.07956179685744275,tvm
500,50,5,1024,32,32,40,1,2,[500; 50; 5; 1024; 32; 32; 40; 1; 2],0.46080547000747174,0.31745654903649984,tvm
750,5,5,2560,640,32,80,4,2,[750; 5; 5; 2560; 640; 32; 80; 4; 2],0.5626569500891492,0.25999094877000334,tvm
750,15,5,1280,64,32,1280,16,2,[750; 15; 5; 1280; 64; 32; 1280; 16; 2],0.4121779298875481,0.35490913918080114,tvm
500,4,2,640,64,16,64,2,1,[500; 4; 2; 640; 64; 16; 64; 2; 1],0.8491144959116355,0.17228031671825064,tvm
60,12,4,32,16,16,32,8,1,[60; 12; 4; 32; 16; 16; 32; 8; 1],0.48375879402738065,0.30239391219714873,tvm
375,125,5,16,16,16,1280,16,1,[375; 125; 5; 16; 16; 16; 1280; 16; 1],0.5815724909771234,0.2515347898246249,tvm
500,500,1,5120,640,16,256,2,1,[500; 500; 1; 5120; 640; 16; 256; 2; 1],1.2246690940810367,0.1194491761021239,tvm
750,125,5,2560,1280,80,320,10,5,[750; 125; 5; 2560; 1280; 80; 320; 10; 5],0.43571711506228894,0.3357355247906699,tvm
300,100,4,320,64,16,640,1,1,[300; 100; 4; 320; 64; 16; 640; 1; 1],0.8948405209230259,0.16347685522200192,tvm
100,5,1,80,80,80,80,4,5,[100; 5; 1; 80; 80; 80; 80; 4; 5],0.9213474589632824,0.15877366661467515,tvm
75,25,1,640,640,16,320,64,1,[75; 25; 1; 640; 640; 16; 320; 64; 1],1.798017106950283,0.08135946744902647,tvm
100,25,1,80,80,16,16,4,1,[100; 25; 1; 80; 80; 16; 16; 4; 1],0.4827781959902495,0.30300812153635204,tvm
60,20,2,1280,1280,32,80,4,2,[60; 20; 2; 1280; 1280; 32; 80; 4; 2],0.422295889002271,0.34640572663715324,tvm
750,250,2,1280,160,80,256,16,5,[750; 250; 2; 1280; 160; 80; 256; 16; 5],0.3300555821042508,0.4432153922472026,tvm
60,4,2,256,256,16,1280,40,1,[60; 4; 2; 256; 256; 16; 1280; 40; 1],1.216859815060161,0.12021574915634961,tvm
300,60,3,1280,64,64,640,5,4,[300; 60; 3; 1280; 64; 64; 640; 5; 4],0.6081493470119312,0.24054241775391452,tvm
30,30,5,512,64,64,1280,10,4,[30; 30; 5; 512; 64; 64; 1280; 10; 4],0.4286760139511898,0.3412500572107372,tvm
100,4,2,5120,1024,64,8,2,4,[100; 4; 2; 5120; 1024; 64; 8; 2; 4],0.5802727319533005,0.2520982052582253,tvm
300,75,3,640,16,16,320,16,1,[300; 75; 3; 640; 16; 16; 320; 16; 1],0.6479661039775237,0.22576136836131255,tvm
6,6,1,1024,128,64,1,1,4,[6; 6; 1; 1024; 128; 64; 1; 1; 4],0.5523611629614606,0.2648370741733719,tvm
750,150,5,5120,128,16,32,4,1,[750; 150; 5; 5120; 128; 16; 32; 4; 1],0.4378293100744486,0.33411585501400043,tvm
75,3,3,2560,64,32,1280,10,2,[75; 3; 3; 2560; 64; 32; 1280; 10; 2],0.6109872109955177,0.23942516578597825,tvm
375,75,1,5120,16,16,40,20,1,[375; 75; 1; 5120; 16; 16; 40; 20; 1],0.5858607100090012,0.24969367596517397,tvm
1500,3,1,512,512,16,160,8,1,[1500; 3; 1; 512; 512; 16; 160; 8; 1],1.698212924064137,0.08614097338019638,tvm
12,3,1,320,320,32,320,16,2,[12; 3; 1; 320; 320; 32; 320; 16; 2],1.5864987010136247,0.09220663981146116,tvm
300,10,1,256,64,64,256,4,4,[300; 10; 1; 256; 64; 64; 256; 4; 4],0.7207775179995224,0.20295543441993322,tvm
375,3,1,512,256,16,256,16,1,[375; 3; 1; 512; 256; 16; 256; 16; 1],1.6809506590943784,0.08702558489404237,tvm
300,300,6,2560,128,64,5,1,4,[300; 300; 6; 2560; 128; 64; 5; 1; 4],0.41655589605215937,0.35117907505838547,tvm
30,10,1,320,320,64,1280,32,4,[30; 10; 1; 320; 320; 64; 1280; 32; 4],1.8060321380617097,0.0809984004175655,tvm
150,30,1,2560,256,16,64,16,1,[150; 30; 1; 2560; 256; 16; 64; 16; 1],1.1880938929971308,0.12312639190214875,tvm
100,5,5,2560,640,80,40,4,5,[100; 5; 5; 2560; 640; 80; 40; 4; 5],0.5152389529393986,0.28391819650118755,tvm
500,500,5,5120,640,64,80,8,4,[500; 500; 5; 5120; 640; 64; 80; 8; 4],0.28256737103220075,0.5177020749116992,tvm
50,10,2,2560,160,32,1280,1,2,[50; 10; 2; 2560; 160; 32; 1280; 1; 2],0.9094518689671531,0.16085041911217154,tvm
6,6,1,640,16,16,64,1,1,[6; 6; 1; 640; 16; 16; 64; 1; 1],1.2826996019575745,0.11404518568686102,tvm
20,20,1,1280,160,80,640,40,5,[20; 20; 1; 1280; 160; 80; 640; 40; 5],1.8149274069583043,0.08060141343662845,tvm
60,1,1,5120,64,64,20,4,4,[60; 1; 1; 5120; 64; 64; 20; 4; 4],1.7991966849658638,0.08130612706664128,tvm
100,25,5,320,320,16,320,64,1,[100; 25; 5; 320; 320; 16; 320; 64; 1],0.5068544310051948,0.2886148474535384,tvm
10,5,1,2560,2560,128,160,4,8,[10; 5; 1; 2560; 2560; 128; 160; 4; 8],1.6736336799804121,0.08740605309008026,tvm
10,5,1,160,160,160,256,4,10,[10; 5; 1; 160; 160; 160; 256; 4; 10],0.9511471299920231,0.1537992490046636,tvm
50,10,1,2560,1280,16,32,16,1,[50; 10; 1; 2560; 1280; 16; 32; 16; 1],0.9804094670107588,0.14920879408859175,tvm
12,6,3,5120,256,64,1280,64,4,[12; 6; 3; 5120; 256; 64; 1280; 64; 4],0.6232351629296318,0.2347199307530585,tvm
20,2,2,1280,160,16,64,2,1,[20; 2; 2; 1280; 160; 16; 64; 2; 1],1.1480876830173656,0.1274168484250707,tvm
60,30,2,1024,512,128,640,5,8,[60; 30; 2; 1024; 512; 128; 640; 5; 8],0.9092081009875983,0.16089354475264364,tvm
500,1,1,512,128,128,8,2,8,[500; 1; 1; 512; 128; 128; 8; 2; 8],1.800919026019983,0.08122836850083404,tvm
3,3,3,5120,80,16,20,2,1,[3; 3; 3; 5120; 80; 16; 20; 2; 1],0.7672555519966409,0.19066100454409582,tvm
5,5,1,1280,320,80,40,5,5,[5; 5; 1; 1280; 320; 80; 40; 5; 5],0.8919239059323445,0.16401142890412737,tvm
750,10,2,128,64,16,640,2,1,[750; 10; 2; 128; 64; 16; 640; 2; 1],1.2922232879791409,0.11320467263400352,tvm
60,12,12,1280,64,32,10,1,2,[60; 12; 12; 1280; 64; 32; 10; 1; 2],0.5644350799266249,0.2591719038879211,tvm
750,125,1,256,64,16,32,2,1,[750; 125; 1; 256; 64; 16; 32; 2; 1],0.7016748359892517,0.20848077597007497,tvm
1500,10,1,2560,640,64,4,2,4,[1500; 10; 1; 2560; 640; 64; 4; 2; 4],0.4596081950003281,0.31828352034847823,tvm
1500,300,1,512,32,32,1280,2,2,[1500; 300; 1; 512; 32; 32; 1280; 2; 2],1.9268903519259766,0.07591802727098507,tvm
750,10,1,640,640,32,1280,32,2,[750; 10; 1; 640; 640; 32; 1280; 32; 2],1.803628717083484,0.0811063346353579,tvm
60,10,5,512,32,32,8,2,2,[60; 10; 5; 512; 32; 32; 8; 2; 2],0.44397283799480647,0.3294924864016693,tvm
30,6,6,128,128,32,160,40,2,[30; 6; 6; 128; 128; 32; 160; 40; 2],0.38672379904892296,0.3782692315432292,tvm
1500,1500,6,320,80,16,256,4,1,[1500; 1500; 6; 320; 80; 16; 256; 4; 1],0.49594861397054046,0.29496143383597345,tvm
3,3,3,1024,256,64,640,1,4,[3; 3; 3; 1024; 256; 64; 640; 1; 4],0.6724892660276964,0.2175286977438381,tvm
1500,60,1,2560,1280,80,640,32,5,[1500; 60; 1; 2560; 1280; 80; 640; 32; 5],1.80439452000428,0.08107191230295208,tvm
150,5,1,2560,1280,32,640,2,2,[150; 5; 1; 2560; 1280; 32; 640; 2; 2],1.792501001036726,0.08160983687100161,tvm
750,250,1,1280,160,16,32,4,1,[750; 250; 1; 1280; 160; 16; 32; 4; 1],0.8672262839972973,0.16868228856192072,tvm
1500,5,5,1024,512,32,160,2,2,[1500; 5; 5; 1024; 512; 32; 160; 2; 2],0.7700208179885522,0.18997631085850605,tvm
100,25,1,5120,5120,160,320,40,10,[100; 25; 1; 5120; 5120; 160; 320; 40; 10],1.9466913449577987,0.07514581839828621,tvm
1500,150,6,512,64,32,16,16,2,[1500; 150; 6; 512; 64; 32; 16; 16; 2],0.4584239430259913,0.3191057459174211,tvm
60,3,3,5120,1280,16,32,16,1,[60; 3; 3; 5120; 1280; 16; 32; 16; 1],0.6441106550628319,0.22711270670013115,tvm
100,10,2,5120,320,32,256,8,2,[100; 10; 2; 5120; 320; 32; 256; 8; 2],0.5801730829989538,0.25214150496185306,tvm
750,250,25,512,128,16,160,16,1,[750; 250; 25; 512; 128; 16; 160; 16; 1],0.4492022639606148,0.32565667188743364,tvm
300,15,3,5120,2560,80,80,5,5,[300; 15; 3; 5120; 2560; 80; 80; 5; 5],0.40276505006477237,0.3632035954018074,tvm
3,3,1,160,160,32,256,1,2,[3; 3; 1; 160; 160; 32; 256; 1; 2],1.1969841589452699,0.12221190497175408,tvm
300,30,2,64,32,16,320,4,1,[300; 30; 2; 64; 32; 16; 320; 4; 1],0.9512809249572456,0.15377761757631056,tvm
1500,12,6,512,128,64,128,4,4,[1500; 12; 6; 512; 128; 64; 128; 4; 4],0.4164157269988209,0.3512972849032873,tvm
3,1,1,320,16,16,320,64,1,[3; 1; 1; 320; 16; 16; 320; 64; 1],2.4105781610123813,0.060684908148457645,tvm
20,20,10,1024,256,32,320,4,2,[20; 20; 10; 1024; 256; 32; 320; 4; 2],0.5067943709436804,0.28864905111973094,tvm
500,5,1,2560,256,16,256,1,1,[500; 5; 1; 2560; 256; 16; 256; 1; 1],1.516227514948696,0.09648005516550999,tvm
2,1,1,1280,160,80,20,5,5,[2; 1; 1; 1280; 160; 80; 20; 5; 5],2.0370600239839405,0.07181217664839294,tvm
100,100,20,512,16,16,64,8,1,[100; 100; 20; 512; 16; 16; 64; 8; 1],0.3155564370099455,0.46358019399586436,tvm
10,10,5,512,32,16,320,5,1,[10; 10; 5; 512; 32; 16; 320; 5; 1],0.6006976109929383,0.2435263793440224,tvm
30,6,2,512,512,32,320,1,2,[30; 6; 2; 512; 512; 32; 320; 1; 2],0.830384797998704,0.1761661757757066,tvm
1500,15,1,2560,640,128,5,1,8,[1500; 15; 1; 2560; 640; 128; 5; 1; 8],0.392103080986999,0.3730797368831813,tvm
50,2,2,1280,160,160,32,2,10,[50; 2; 2; 1280; 160; 160; 32; 2; 10],1.040236551896669,0.14062735444067098,tvm
500,500,5,1280,128,64,16,2,4,[500; 500; 5; 1280; 128; 64; 16; 2; 4],0.4516676049679518,0.3238791373937346,tvm
300,10,2,320,80,16,32,8,1,[300; 10; 2; 320; 80; 16; 32; 8; 1],0.8289468389702961,0.17647176804175763,tvm
100,2,1,320,160,160,64,1,10,[100; 2; 1; 320; 160; 160; 64; 1; 10],1.4278207670431584,0.1024538357070223,tvm
12,6,2,128,16,16,4,1,1,[12; 6; 2; 128; 16; 16; 4; 1; 1],0.4669160780031234,0.31330194263461564,tvm
500,25,5,512,256,16,64,64,1,[500; 25; 5; 512; 256; 16; 64; 64; 1],0.4637629661010578,0.3154320740950182,tvm
15,15,3,1280,64,64,1280,1,4,[15; 15; 3; 1280; 64; 64; 1280; 1; 4],0.6168889040127397,0.23713461748810005,tvm
30,1,1,640,128,32,320,2,2,[30; 1; 1; 640; 128; 32; 320; 2; 2],1.8153108019614592,0.08058439035764636,tvm
1500,12,2,256,128,64,32,32,4,[1500; 12; 2; 256; 128; 64; 32; 32; 4],0.6483749250182882,0.22561901862813113,tvm
500,100,5,5120,1024,32,16,2,2,[500; 100; 5; 5120; 1024; 32; 16; 2; 2],0.6616838950430974,0.22108096536970462,tvm
100,4,2,2560,256,64,40,1,4,[100; 4; 2; 2560; 256; 64; 40; 1; 4],0.7024731859564781,0.20824384077597727,tvm
100,4,4,1024,1024,64,32,32,4,[100; 4; 4; 1024; 1024; 64; 32; 32; 4],0.49518481793347746,0.29541639603612835,tvm
60,12,4,2560,2560,64,1280,32,4,[60; 12; 4; 2560; 2560; 64; 1280; 32; 4],0.46732215501833707,0.3130297006354733,tvm
150,2,2,5120,1024,16,640,4,1,[150; 2; 2; 5120; 1024; 16; 640; 4; 1],1.2376180400606245,0.11819940365328589,tvm
60,60,2,512,512,128,64,16,8,[60; 60; 2; 512; 512; 128; 64; 16; 8],0.2657576029887423,0.5504478992908101,tvm
1500,500,25,256,128,16,40,8,1,[1500; 500; 25; 256; 128; 16; 40; 8; 1],0.34553465608041734,0.4233604696707145,tvm
150,150,2,2560,320,32,4,4,2,[150; 150; 2; 2560; 320; 32; 4; 4; 2],0.3158541349694133,0.4631432616827395,tvm
60,30,5,640,32,32,4,4,2,[60; 30; 5; 640; 32; 32; 4; 4; 2],0.35122883901931345,0.41649687620802206,tvm
1500,1500,12,2560,32,16,256,1,1,[1500; 1500; 12; 2560; 32; 16; 256; 1; 1],0.5884893260663375,0.2485783646468793,tvm
750,50,1,1024,256,32,1280,5,2,[750; 50; 1; 1024; 256; 32; 1280; 5; 2],1.8243090159958228,0.08018691625325457,tvm
75,15,3,1024,64,16,80,10,1,[75; 15; 3; 1024; 64; 16; 80; 10; 1],0.5082192939007655,0.2878397495752649,tvm
375,15,1,1024,1024,64,32,32,4,[375; 15; 1; 1024; 1024; 64; 32; 32; 4],0.6882789030205458,0.21253842540245277,tvm
30,1,1,1280,320,32,4,1,2,[30; 1; 1; 1280; 320; 32; 4; 1; 2],2.030468128970824,0.07204531418075574,tvm
30,10,10,1024,512,16,80,20,1,[30; 10; 10; 1024; 512; 16; 80; 20; 1],0.47274188499432057,0.309440984454914,tvm
20,20,5,5120,2560,80,160,16,5,[20; 20; 5; 5120; 2560; 80; 160; 16; 5],0.5882967450888827,0.24865973763565993,tvm
15,3,1,2560,320,80,128,4,5,[15; 3; 1; 2560; 320; 80; 128; 4; 5],1.0203120450023562,0.14337350519602704,tvm
375,75,25,128,128,16,16,1,1,[375; 75; 25; 128; 128; 16; 16; 1; 1],0.706715950043872,0.20699365038617434,tvm
1500,75,3,320,320,16,1280,8,1,[1500; 75; 3; 320; 320; 16; 1280; 8; 1],0.813962045009248,0.17972055967800346,tvm
500,500,1,640,160,80,40,1,5,[500; 500; 1; 640; 160; 80; 40; 1; 5],0.6970532990526408,0.20986302551688654,tvm
750,750,2,512,256,32,640,32,2,[750; 750; 2; 512; 256; 32; 640; 32; 2],1.0070968009531498,0.14525486939017646,tvm
100,100,5,1280,320,80,256,16,5,[100; 100; 5; 1280; 320; 80; 256; 16; 5],0.3970604380592704,0.36842178233802736,tvm
1500,75,5,640,64,64,160,16,4,[1500; 75; 5; 640; 64; 64; 160; 16; 4],0.23502455709967762,0.6224273586171347,tvm
375,1,1,640,640,16,40,10,1,[375; 1; 1; 640; 640; 16; 40; 10; 1],2.077013237052597,0.07043080500213963,tvm
25,5,1,256,16,16,128,4,1,[25; 5; 1; 256; 16; 16; 128; 4; 1],1.3547593019902706,0.10797911781879381,tvm
4,4,1,5120,640,128,40,8,8,[4; 4; 1; 5120; 640; 128; 40; 8; 8],0.8938706379849464,0.16365423369928153,tvm
30,5,5,640,640,16,80,16,1,[30; 5; 5; 640; 640; 16; 80; 16; 1],0.5110914909746498,0.28622216739853745,tvm
100,50,25,640,160,16,640,32,1,[100; 50; 25; 640; 160; 16; 640; 32; 1],0.5674766700249165,0.25778278123625986,tvm
60,15,1,5120,2560,64,320,32,4,[60; 15; 1; 5120; 2560; 64; 320; 32; 4],1.8201719090575352,0.08036917477836443,tvm
750,375,3,256,64,32,32,8,2,[750; 375; 3; 256; 64; 32; 32; 8; 2],0.2877493209671229,0.5083790077907023,tvm
20,2,1,2560,640,160,80,5,10,[20; 2; 1; 2560; 640; 160; 80; 5; 10],1.2272777679609135,0.11919527763365564,tvm
60,60,5,1024,256,32,80,1,2,[60; 60; 5; 1024; 256; 32; 80; 1; 2],0.4295246759429574,0.3405758096774436,tvm
300,150,10,2560,2560,32,256,64,2,[300; 150; 10; 2560; 2560; 32; 256; 64; 2],0.6599257930647582,0.22166994504995707,tvm
1500,1500,20,1280,256,16,64,16,1,[1500; 1500; 20; 1280; 256; 16; 64; 16; 1],0.39637939201202244,0.3690547925389556,tvm
1500,500,2,128,32,16,4,1,1,[1500; 500; 2; 128; 32; 16; 4; 1; 1],0.33838522294536233,0.43230526738850666,tvm
750,50,5,1280,1280,80,1280,10,5,[750; 50; 5; 1280; 1280; 80; 1280; 10; 5],0.4652994710486382,0.31439045902208407,tvm
100,50,25,1280,320,16,80,2,1,[100; 50; 25; 1280; 320; 16; 80; 2; 1],0.6171396630816162,0.23703826384331442,tvm
300,75,1,5120,512,64,160,2,4,[300; 75; 1; 5120; 512; 64; 160; 2; 4],0.512239834992215,0.2855805118864634,tvm
125,125,25,1280,64,16,10,2,1,[125; 125; 25; 1280; 64; 16; 10; 2; 1],0.6112735760398209,0.23931300160794883,tvm
100,1,1,512,64,64,640,32,4,[100; 1; 1; 512; 64; 64; 640; 32; 4],1.8314197540748864,0.07987557956619741,tvm
750,150,1,1024,16,16,40,8,1,[750; 150; 1; 1024; 16; 16; 40; 8; 1],0.5745535020250827,0.2546076453630737,tvm
25,25,25,1280,640,16,8,2,1,[25; 25; 25; 1280; 640; 16; 8; 2; 1],0.7588829470332712,0.19276452957283383,tvm
60,30,30,640,80,16,20,10,1,[60; 30; 30; 640; 80; 16; 20; 10; 1],0.42926379200071096,0.3407827937313474,tvm
300,150,1,1024,32,16,40,1,1,[300; 150; 1; 1024; 32; 16; 40; 1; 1],1.015028758905828,0.1441197729642716,tvm
300,60,3,5120,128,16,20,5,1,[300; 60; 3; 5120; 128; 16; 20; 5; 1],0.46764206199441105,0.31281556167516555,tvm
1500,500,10,2560,160,16,160,20,1,[1500; 500; 10; 2560; 160; 16; 160; 20; 1],0.24896714591886848,0.5875703548988941,tvm
300,12,4,128,128,64,20,10,4,[300; 12; 4; 128; 128; 64; 20; 10; 4],0.43901037401519716,0.33321698744333167,tvm
6,3,1,2560,2560,32,64,64,2,[6; 3; 1; 2560; 2560; 32; 64; 64; 2],1.1544148690300062,0.12671849454661863,tvm
1500,20,4,2560,320,16,64,1,1,[1500; 20; 4; 2560; 320; 16; 64; 1; 1],0.8126099230721593,0.18001960120381671,tvm
750,75,3,64,64,16,5,5,1,[750; 75; 3; 64; 64; 16; 5; 5; 1],0.32142561697401106,0.4551152943654216,tvm
1500,10,10,512,128,32,320,64,2,[1500; 10; 10; 512; 128; 32; 320; 64; 2],0.5314478180371225,0.2752588482271198,tvm
300,60,1,640,160,32,80,5,2,[300; 60; 1; 640; 160; 32; 80; 5; 2],0.7271722400328144,0.20117065288288918,tvm
300,6,6,5120,80,16,80,4,1,[300; 6; 6; 5120; 80; 16; 80; 4; 1],0.7780089470325038,0.18802574808899047,tvm
60,60,6,640,160,32,80,10,2,[60; 60; 6; 640; 160; 32; 80; 10; 2],0.2586096690502018,0.5656621998047453,tvm
50,50,2,5120,512,32,32,2,2,[50; 50; 2; 5120; 512; 32; 32; 2; 2],0.38739871396683156,0.37761022174750697,tvm
1500,60,5,2560,512,32,80,4,2,[1500; 60; 5; 2560; 512; 32; 80; 4; 2],0.3667406940367073,0.3988805078475215,tvm
375,75,15,64,16,16,4,2,1,[375; 75; 15; 64; 16; 16; 4; 2; 1],0.6364116140175611,0.22986022106390677,tvm
375,75,1,320,160,80,80,40,5,[375; 75; 1; 320; 160; 80; 80; 40; 5],0.5020610849605873,0.2913703504767711,tvm
750,3,3,2560,1280,32,160,4,2,[750; 3; 3; 2560; 1280; 32; 160; 4; 2],0.6094985000090674,0.24000996603525365,tvm
300,30,6,5120,256,64,320,4,4,[300; 30; 6; 5120; 256; 64; 320; 4; 4],0.5155457300134003,0.28374925010417984,tvm
300,75,1,5120,128,16,4,4,1,[300; 75; 1; 5120; 128; 16; 4; 4; 1],0.29527468502055854,0.4954224717080949,tvm
6,1,1,5120,80,80,80,1,5,[6; 1; 1; 5120; 80; 80; 80; 1; 5],1.8872683750232682,0.07751187707149003,tvm
300,6,2,5120,32,32,40,4,2,[300; 6; 2; 5120; 32; 32; 40; 4; 2],0.5963152240728959,0.24531608179742154,tvm
150,15,3,256,256,32,320,10,2,[150; 15; 3; 256; 256; 32; 320; 10; 2],0.5382296720054001,0.27179050486136447,tvm
60,10,1,160,32,32,1280,40,2,[60; 10; 1; 160; 32; 32; 1280; 40; 2],1.8191532789496705,0.08041417728701546,tvm
750,250,25,320,160,16,80,20,1,[750; 250; 25; 320; 160; 16; 80; 20; 1],0.40967467590235174,0.3570777567920315,tvm
50,25,5,256,128,64,640,10,4,[50; 25; 5; 256; 128; 64; 640; 10; 4],0.45057738991454244,0.32466279391750924,tvm
300,75,25,1280,32,16,320,64,1,[300; 75; 25; 1280; 32; 16; 320; 64; 1],0.6738734029931948,0.21708189347724055,tvm
750,150,5,640,32,32,20,4,2,[750; 150; 5; 640; 32; 32; 20; 4; 2],0.3572109170490876,0.40952195832696753,tvm
50,25,5,512,512,32,80,4,2,[50; 25; 5; 512; 512; 32; 80; 4; 2],0.48898990696761757,0.29915896463564795,tvm
4,2,2,2560,64,16,640,40,1,[4; 2; 2; 2560; 64; 16; 640; 40; 1],1.3005638089962304,0.11247869060620486,tvm
1500,60,10,5120,32,16,10,5,1,[1500; 60; 10; 5120; 32; 16; 10; 5; 1],0.4162625359604135,0.3514265677265418,tvm
1500,150,2,640,160,160,640,16,10,[1500; 150; 2; 640; 160; 160; 640; 16; 10],1.0058622430078685,0.1454331498200693,tvm
150,150,5,256,16,16,64,16,1,[150; 150; 5; 256; 16; 16; 64; 16; 1],0.33071348804514855,0.442333680281415,tvm
375,15,1,256,32,16,64,16,1,[375; 15; 1; 256; 32; 16; 64; 16; 1],1.0833569020032883,0.13503002936078612,tvm
500,100,5,1280,256,32,128,64,2,[500; 100; 5; 1280; 256; 32; 128; 64; 2],0.24911484203767031,0.587221994037567,tvm
1500,75,25,640,320,16,1280,2,1,[1500; 75; 25; 640; 320; 16; 1280; 2; 1],0.6585710749495775,0.2221259327201919,tvm
50,2,1,5120,128,16,40,40,1,[50; 2; 1; 5120; 128; 16; 40; 40; 1],1.65535075601656,0.08837143049835347,tvm
500,50,1,1280,1280,80,640,20,5,[500; 50; 1; 1280; 1280; 80; 640; 20; 5],1.8100029499037191,0.08082070490188747,tvm
12,12,3,5120,160,32,1280,8,2,[12; 12; 3; 5120; 160; 32; 1280; 8; 2],0.7209981149062514,0.2028933380841575,tvm
30,30,5,5120,640,16,80,1,1,[30; 30; 5; 5120; 640; 16; 80; 1; 1],0.7078426630469039,0.206664166943581,tvm
1500,375,5,320,32,16,32,16,1,[1500; 375; 5; 320; 32; 16; 32; 16; 1],0.35914677008986473,0.4073145757349038,tvm
2,2,1,1024,128,32,80,4,2,[2; 2; 1; 1024; 128; 32; 80; 4; 2],1.3658763529965654,0.107100261282642,tvm
60,12,12,5120,2560,32,40,20,2,[60; 12; 12; 5120; 2560; 32; 40; 20; 2],0.4575732509838417,0.31969900769151405,tvm
750,30,1,2560,32,32,16,8,2,[750; 30; 1; 2560; 32; 32; 16; 8; 2],0.3344793700380251,0.43735347345662573,tvm
75,1,1,2560,128,128,64,4,8,[75; 1; 1; 2560; 128; 128; 64; 4; 8],1.8208007480716333,0.08034141815936863,tvm
300,150,5,640,640,32,32,8,2,[300; 150; 5; 640; 640; 32; 32; 8; 2],0.271289078053087,0.5392244882674138,tvm
300,30,5,160,160,16,40,8,1,[300; 30; 5; 160; 160; 16; 40; 8; 1],0.3994720469927415,0.3661976235558037,tvm
150,150,2,2560,320,80,40,1,5,[150; 150; 2; 2560; 320; 80; 40; 1; 5],0.5270672619808465,0.27754657676126027,tvm
1500,1500,2,256,16,16,640,10,1,[1500; 1500; 2; 256; 16; 16; 640; 10; 1],1.5005866619758308,0.0974856820952274,tvm
1500,1500,2,1280,1280,160,10,1,10,[1500; 1500; 2; 1280; 1280; 160; 10; 1; 10],0.5335161400726065,0.27419173160498234,tvm
375,75,1,5120,1024,64,128,32,4,[375; 75; 1; 5120; 1024; 64; 128; 32; 4],0.5130265780026093,0.2851425648457735,tvm
75,3,3,128,32,16,80,4,1,[75; 3; 3; 128; 32; 16; 80; 4; 1],0.7896258149994537,0.18525953876750534,tvm
60,4,4,64,64,16,1280,5,1,[60; 4; 4; 64; 64; 16; 1280; 5; 1],0.645531659014523,0.22661276521903814,tvm
1500,50,1,640,160,32,320,2,2,[1500; 50; 1; 640; 160; 32; 320; 2; 2],1.3409825779963285,0.10908845251687888,tvm
375,25,25,5120,5120,16,320,16,1,[375; 25; 25; 5120; 5120; 16; 320; 16; 1],2.057512318016961,0.07109834191743993,tvm
150,15,1,1280,64,64,80,10,4,[150; 15; 1; 1280; 64; 64; 80; 10; 4],0.6786001169821247,0.21556983358075027,tvm
1500,12,3,512,512,64,128,64,4,[1500; 12; 3; 512; 512; 64; 128; 64; 4],0.3392789140343666,0.4311665365413678,tvm
2,2,2,1280,1280,32,128,1,2,[2; 2; 2; 1280; 1280; 32; 128; 1; 2],0.9251806739484891,0.1581158344579288,tvm
100,50,10,128,32,32,160,32,2,[100; 50; 10; 128; 32; 32; 160; 32; 2],0.2944351639598608,0.49683506656717424,tvm
500,250,5,512,256,32,256,4,2,[500; 250; 5; 512; 256; 32; 256; 4; 2],0.3776456239866093,0.38736239742818085,tvm
750,15,3,32,32,16,80,16,1,[750; 15; 3; 32; 32; 16; 80; 16; 1],0.5262404049281031,0.27798267277804406,tvm
1500,150,1,640,64,64,16,4,4,[1500; 150; 1; 640; 64; 64; 16; 4; 4],0.28792239003814757,0.5080734230718651,tvm
1500,150,1,2560,160,32,4,1,2,[1500; 150; 1; 2560; 160; 32; 4; 1; 2],0.3060307770501822,0.47800981226710637,tvm
4,4,2,5120,2560,64,160,16,4,[4; 4; 2; 5120; 2560; 64; 160; 16; 4],0.9100403310731053,0.16074640792371966,tvm
150,150,1,640,32,32,32,4,2,[150; 150; 1; 640; 32; 32; 32; 4; 2],0.40603586309589446,0.3602778167680367,tvm
300,60,1,1280,32,16,1280,64,1,[300; 60; 1; 1280; 32; 16; 1280; 64; 1],2.4052957670064643,0.060818181403019596,tvm
125,5,5,5120,32,32,160,8,2,[125; 5; 5; 5120; 32; 32; 160; 8; 2],0.41725003195460886,0.35059485460178036,tvm
500,100,2,1280,160,160,320,32,10,[500; 100; 2; 1280; 160; 160; 320; 32; 10],0.6766019050264731,0.21620647710117022,tvm
12,12,6,128,32,16,640,40,1,[12; 12; 6; 128; 32; 16; 640; 40; 1],0.45215922500938177,0.32352699269306967,tvm
100,50,2,5120,2560,16,20,2,1,[100; 50; 2; 5120; 2560; 16; 20; 2; 1],0.43506854702718556,0.336236014497673,tvm
125,1,1,5120,5120,64,80,16,4,[125; 1; 1; 5120; 5120; 64; 80; 16; 4],1.8343256460502744,0.0797490427071666,tvm
750,1,1,5120,640,160,64,64,10,[750; 1; 1; 5120; 640; 160; 64; 64; 10],1.8679634029977024,0.0783129444886101,tvm
30,30,10,5120,128,32,1280,64,2,[30; 30; 10; 5120; 128; 32; 1280; 64; 2],0.5201823699753731,0.28122005421414004,tvm
1500,10,2,2560,2560,128,20,5,8,[1500; 10; 2; 2560; 2560; 128; 20; 5; 8],0.4191821999847889,0.3489788313793445,tvm
500,100,5,640,16,16,1280,20,1,[500; 100; 5; 640; 16; 16; 1280; 20; 1],0.5149456929648295,0.28407988703326337,tvm
100,20,5,32,32,16,8,2,1,[100; 20; 5; 32; 32; 16; 8; 2; 1],0.47838590503670275,0.30579018475573805,tvm
20,20,1,640,32,16,8,2,1,[20; 20; 1; 640; 32; 16; 8; 2; 1],0.3591472430853173,0.4073140393032708,tvm
300,300,4,5120,1024,32,640,20,2,[300; 300; 4; 5120; 1024; 32; 640; 20; 2],0.4883399180835113,0.2995571503960032,tvm
375,25,5,320,64,16,8,8,1,[375; 25; 5; 320; 64; 16; 8; 8; 1],0.3922129269922152,0.3729752494583582,tvm
10,10,1,5120,320,16,16,1,1,[10; 10; 1; 5120; 320; 16; 16; 1; 1],0.6426224320894107,0.22763866771672384,tvm
125,5,1,5120,640,32,32,16,2,[125; 5; 1; 5120; 640; 32; 32; 16; 2],0.9897804639767855,0.14779612207939608,tvm
750,10,5,5120,80,80,16,8,5,[750; 10; 5; 5120; 80; 80; 16; 8; 5],0.3617774889571592,0.4043527271621842,tvm
300,20,20,640,64,16,640,64,1,[300; 20; 20; 640; 64; 16; 640; 64; 1],0.6793334160465747,0.21533713906940363,tvm
1500,25,1,5120,256,32,40,40,2,[1500; 25; 1; 5120; 256; 32; 40; 40; 2],0.7439301389968023,0.19663904796622725,tvm
300,6,6,320,64,16,32,32,1,[300; 6; 6; 320; 64; 16; 32; 32; 1],0.671109547954984,0.21797590979219192,tvm
6,6,3,1024,256,32,128,2,2,[6; 6; 3; 1024; 256; 32; 128; 2; 2],0.489762673038058,0.2986869403057731,tvm
500,25,5,256,32,16,20,20,1,[500; 25; 5; 256; 32; 16; 20; 20; 1],0.7206296299118549,0.20299708506796688,tvm
300,10,10,160,16,16,640,16,1,[300; 10; 10; 160; 16; 16; 640; 16; 1],0.41708674002438784,0.35073211456485215,tvm
60,6,6,2560,1280,32,320,5,2,[60; 6; 6; 2560; 1280; 32; 320; 5; 2],0.5070465810131282,0.2885054741783709,tvm
100,50,5,5120,160,32,32,16,2,[100; 50; 5; 5120; 160; 32; 32; 16; 2],0.2748158930335194,0.5323044190456327,tvm
300,60,12,128,32,32,160,4,2,[300; 60; 12; 128; 32; 32; 160; 4; 2],0.4014668749878183,0.3643780431203771,tvm
750,10,2,5120,5120,32,20,1,2,[750; 10; 2; 5120; 5120; 32; 20; 1; 2],0.5073802729602903,0.28831573098460456,tvm
6,3,3,80,80,80,16,16,5,[6; 3; 3; 80; 80; 80; 16; 16; 5],0.6549502089619637,0.22335394703906394,tvm
1500,20,2,2560,1280,64,160,20,4,[1500; 20; 2; 2560; 1280; 64; 160; 20; 4],0.5004944700049236,0.2922823788328275,tvm
125,1,1,640,640,32,640,32,2,[125; 1; 1; 640; 640; 32; 640; 32; 2],1.8031048409175128,0.08112989936363134,tvm
6,2,1,2560,80,80,320,64,5,[6; 2; 1; 2560; 80; 80; 320; 64; 5],1.7311223919969052,0.08450339211254095,tvm
2,2,2,1280,1280,16,1280,64,1,[2; 2; 2; 1280; 1280; 16; 1280; 64; 1],1.2364598120329902,0.11831012448774293,tvm
1500,75,1,2560,1280,32,640,2,2,[1500; 75; 1; 2560; 1280; 32; 640; 2; 2],1.8348756420891732,0.07972513827648542,tvm
750,15,3,2560,64,32,160,20,2,[750; 15; 3; 2560; 64; 32; 160; 20; 2],0.35878982907161117,0.4077197914562874,tvm
750,125,1,640,80,16,5,1,1,[750; 125; 1; 640; 80; 16; 5; 1; 1],0.2970044579124078,0.4925370996581361,tvm
1500,30,5,320,32,32,1280,16,2,[1500; 30; 5; 320; 32; 32; 1280; 16; 2],0.43181516393087804,0.33876928488118285,tvm
5,5,1,128,64,32,160,32,2,[5; 5; 1; 128; 64; 32; 160; 32; 2],1.0395442399894819,0.14072100893675715,tvm
750,50,1,640,160,32,20,1,2,[750; 50; 1; 640; 160; 32; 20; 1; 2],0.45237471896689385,0.3233728768481864,tvm
75,5,1,1280,640,128,20,1,8,[75; 5; 1; 1280; 640; 128; 20; 1; 8],0.9014714289223775,0.16227437674933837,tvm
10,10,1,5120,1280,16,32,4,1,[10; 10; 1; 5120; 1280; 16; 32; 4; 1],0.979605965083465,0.149331179576117,tvm
15,15,1,5120,1280,16,256,4,1,[15; 15; 1; 5120; 1280; 16; 256; 4; 1],1.7503900149604306,0.08357321113318922,tvm
15,3,1,1024,64,32,16,1,2,[15; 3; 1; 1024; 64; 32; 16; 1; 2],0.8772975190076977,0.1667458429053539,tvm
60,6,6,512,16,16,640,64,1,[60; 6; 6; 512; 16; 16; 640; 64; 1],0.4416566470172256,0.3312204520721474,tvm
750,30,1,2560,128,64,4,4,4,[750; 30; 1; 2560; 128; 64; 4; 4; 4],0.29038518003653735,0.5037643941309542,tvm
150,50,1,5120,1280,128,640,20,8,[150; 50; 1; 5120; 1280; 128; 640; 20; 8],1.8319634650833905,0.079851873180809,tvm
1500,100,1,32,32,16,40,40,1,[1500; 100; 1; 32; 32; 16; 40; 40; 1],0.7584929950535297,0.19286363254467545,tvm
1500,30,1,5120,2560,64,32,8,4,[1500; 30; 1; 5120; 2560; 64; 32; 8; 4],0.5736443869536743,0.25501114908935363,tvm
15,5,5,1280,64,64,320,2,4,[15; 5; 5; 1280; 64; 64; 320; 2; 4],0.39185118698515,0.37331956401923083,tvm
300,2,2,64,64,16,80,40,1,[300; 2; 2; 64; 64; 16; 80; 40; 1],1.1787270409986377,0.1241048259669843,tvm
750,5,1,1280,64,32,640,32,2,[750; 5; 1; 1280; 64; 32; 640; 32; 2],1.7911721499403939,0.0816703823195232,tvm
125,125,1,256,32,32,4,1,2,[125; 125; 1; 256; 32; 32; 4; 1; 2],0.2774777899030596,0.5271979221717928,tvm
30,30,30,64,64,16,128,1,1,[30; 30; 30; 64; 64; 16; 128; 1; 1],0.7269402570091188,0.20123485097328883,tvm
100,1,1,320,320,160,160,5,10,[100; 1; 1; 320; 320; 160; 160; 5; 10],1.9510535289300606,0.07497780666527176,tvm
300,25,1,64,64,64,16,16,4,[300; 25; 1; 64; 64; 64; 16; 16; 4],0.37824863591231406,0.38674485615230714,tvm
1500,50,2,5120,64,64,128,2,4,[1500; 50; 2; 5120; 64; 64; 128; 2; 4],0.3040497530018911,0.48112426614865383,tvm
750,750,6,160,160,16,320,32,1,[750; 750; 6; 160; 160; 16; 320; 32; 1],0.43894819100387394,0.33326419218441033,tvm
750,75,1,1280,640,160,640,32,10,[750; 75; 1; 1280; 640; 160; 640; 32; 10],2.0161839559441432,0.0725557377115479,tvm
1500,250,10,1024,1024,16,40,8,1,[1500; 250; 10; 1024; 1024; 16; 40; 8; 1],0.637562857940793,0.2294451636630612,tvm
1,1,1,640,128,64,5,5,4,[1; 1; 1; 640; 128; 64; 5; 5; 4],1.7994229870382696,0.08129590170818637,tvm
1500,12,6,1280,64,64,256,32,4,[1500; 12; 6; 1280; 64; 64; 256; 32; 4],0.3292049180017784,0.44436065892832144,tvm
60,30,10,32,32,16,256,1,1,[60; 30; 10; 32; 32; 16; 256; 1; 1],0.6221362710930407,0.23513452129820803,tvm
20,4,2,64,64,64,40,1,4,[20; 4; 2; 64; 64; 64; 40; 1; 4],0.608034237055108,0.24058795602402236,tvm
10,1,1,1024,1024,32,640,10,2,[10; 1; 1; 1024; 1024; 32; 640; 10; 2],1.8060770609881729,0.08099638572768089,tvm
15,15,1,5120,640,32,640,10,2,[15; 15; 1; 5120; 640; 32; 640; 10; 2],1.8199086600216106,0.08038080014629813,tvm
25,25,1,2560,128,64,128,2,4,[25; 25; 1; 2560; 128; 64; 128; 2; 4],0.5691727449884638,0.25701461563954414,tvm
60,4,2,5120,128,128,160,40,8,[60; 4; 2; 5120; 128; 128; 160; 40; 8],0.6392698099371046,0.2288325086086997,tvm
1500,50,1,128,128,64,128,8,4,[1500; 50; 1; 128; 128; 64; 128; 8; 4],0.5458125120494515,0.2680145856979925,tvm
20,20,5,640,640,16,640,5,1,[20; 20; 5; 640; 640; 16; 640; 5; 1],0.5727409779792652,0.25541338914117345,tvm
20,20,5,320,160,32,40,20,2,[20; 20; 5; 320; 160; 32; 40; 20; 2],0.2905396850546822,0.503496499138085,tvm
150,15,3,5120,1024,16,10,5,1,[150; 15; 3; 5120; 1024; 16; 10; 5; 1],0.33588647504802793,0.4355213000606741,tvm
150,30,6,160,160,32,16,8,2,[150; 30; 6; 160; 160; 32; 16; 8; 2],0.31894170690793544,0.45865972093747087,tvm
20,2,2,1280,16,16,128,4,1,[20; 2; 2; 1280; 16; 16; 128; 4; 1],1.220022537978366,0.11990410810616377,tvm
1500,20,4,512,512,64,160,32,4,[1500; 20; 4; 512; 512; 64; 160; 32; 4],0.27336080197710544,0.5351378589310916,tvm
1500,12,2,256,256,32,640,4,2,[1500; 12; 2; 256; 256; 32; 640; 4; 2],0.9214762039482594,0.1587514833903711,tvm
375,75,1,5120,5120,128,64,8,8,[375; 75; 1; 5120; 5120; 128; 64; 8; 8],1.3320479979738593,0.10982015250818693,tvm
30,30,10,2560,320,32,4,1,2,[30; 30; 10; 2560; 320; 32; 4; 1; 2],0.4888937360374257,0.2992178125892696,tvm
60,30,6,512,512,16,80,1,1,[60; 30; 6; 512; 512; 16; 80; 1; 1],0.6357775439973921,0.23008946394356192,tvm
300,30,6,5120,1024,16,1280,2,1,[300; 30; 6; 5120; 1024; 16; 1280; 2; 1],0.46443736692890525,0.3149740410704449,tvm
100,5,1,1024,256,64,8,1,4,[100; 5; 1; 1024; 256; 64; 8; 1; 4],0.6842312479857355,0.2137957228880666,tvm
1500,375,1,160,80,80,64,16,5,[1500; 375; 1; 160; 80; 80; 64; 16; 5],0.5104079640004784,0.2866054697484642,tvm
300,6,2,64,32,32,80,1,2,[300; 6; 2; 64; 32; 32; 80; 1; 2],0.5797235920326784,0.2523370038690237,tvm
500,50,5,5120,160,16,64,1,1,[500; 50; 5; 5120; 160; 16; 64; 1; 1],0.6663900590501726,0.21951965264040715,tvm
300,25,1,256,64,16,80,10,1,[300; 25; 1; 256; 64; 16; 80; 10; 1],1.0318176069995388,0.14177478005158684,tvm
150,75,1,256,128,128,160,20,8,[150; 75; 1; 256; 128; 128; 160; 20; 8],0.470431690919213,0.3109605860095762,tvm
750,30,1,1280,80,16,32,4,1,[750; 30; 1; 1280; 80; 16; 32; 4; 1],0.9568251529708505,0.1528865684932207,tvm
12,3,3,2560,2560,64,640,8,4,[12; 3; 3; 2560; 2560; 64; 640; 8; 4],0.6214907929534093,0.2353787311804646,tvm
1500,30,1,2560,256,128,40,5,8,[1500; 30; 1; 2560; 256; 128; 40; 5; 8],0.5239922769833356,0.2791753251171803,tvm
300,150,10,2560,160,16,1,1,1,[300; 150; 10; 2560; 160; 16; 1; 1; 1],1.0559690989321098,0.13853219230908506,tvm
1500,60,20,32,32,16,160,8,1,[1500; 60; 20; 32; 32; 16; 160; 8; 1],0.3689204540569335,0.3965237293759234,tvm
125,5,5,16,16,16,8,8,1,[125; 5; 5; 16; 16; 16; 8; 8; 1],0.5083480139728636,0.2877668649523302,tvm
375,75,3,1280,640,32,640,5,2,[375; 75; 3; 1280; 640; 32; 640; 5; 2],0.6142760029761121,0.23814329971702158,tvm
100,100,20,256,32,16,40,2,1,[100; 100; 20; 256; 32; 16; 40; 2; 1],0.552729427930899,0.2646606221661182,tvm
4,2,2,1280,64,64,20,1,4,[4; 2; 2; 1280; 64; 64; 20; 1; 4],0.9074006789596751,0.16121402339419588,tvm
500,20,20,5120,32,16,64,2,1,[500; 20; 20; 5120; 32; 16; 64; 2; 1],0.6671896739862859,0.2192565622481759,tvm
375,3,1,1024,64,64,20,2,4,[375; 3; 1; 1024; 64; 64; 20; 2; 4],0.8109691039426252,0.18038383160903226,tvm
500,50,1,1280,1280,128,20,4,8,[500; 50; 1; 1280; 1280; 128; 20; 4; 8],0.5577816099394113,0.2622634229579647,tvm
150,150,2,1280,320,32,128,1,2,[150; 150; 2; 1280; 320; 32; 128; 1; 2],0.4020727389724925,0.3638289794517064,tvm
75,75,15,1024,32,16,320,1,1,[75; 75; 15; 1024; 32; 16; 320; 1; 1],0.6289646270452067,0.23258178281495,tvm
300,60,30,5120,320,16,10,10,1,[300; 60; 30; 5120; 320; 16; 10; 10; 1],0.39530951296910644,0.37005361491805683,tvm
15,3,1,1280,32,16,64,32,1,[15; 3; 1; 1280; 32; 16; 64; 32; 1],1.3925857190042734,0.10504611119401074,tvm
1500,6,6,1024,16,16,8,4,1,[1500; 6; 6; 1024; 16; 16; 8; 4; 1],0.43056890089064837,0.3397498379077464,tvm
125,125,5,256,128,16,80,1,1,[125; 125; 5; 256; 128; 16; 80; 1; 1],0.6600686720339581,0.22162196220424232,tvm
20,10,2,320,320,64,8,2,4,[20; 10; 2; 320; 320; 64; 8; 2; 4],0.4090915040578693,0.3575867815260739,tvm
1500,20,5,320,32,16,160,10,1,[1500; 20; 5; 320; 32; 16; 160; 10; 1],0.4103420660831034,0.3564969969617694,tvm
60,20,1,5120,1280,128,4,2,8,[60; 20; 1; 5120; 1280; 128; 4; 2; 8],0.43394259398337454,0.3371084477854204,tvm
100,10,5,2560,640,16,160,2,1,[100; 10; 5; 2560; 640; 16; 160; 2; 1],0.7266519359545782,0.2013146969649832,tvm
375,375,15,640,32,16,320,64,1,[375; 375; 15; 640; 32; 16; 320; 64; 1],0.6012428840622306,0.24330552288178642,tvm
60,6,2,160,32,32,1280,10,2,[60; 6; 2; 160; 32; 32; 1280; 10; 2],0.9132275149459019,0.16018539946683497,tvm
1500,100,1,1024,256,32,1280,8,2,[1500; 100; 1; 1024; 256; 32; 1280; 8; 2],1.8335568899055943,0.07978247912081213,tvm
300,10,10,1280,32,16,10,2,1,[300; 10; 10; 1280; 32; 16; 10; 2; 1],0.7558648330159485,0.19353422450152236,tvm
15,15,5,128,64,32,40,5,2,[15; 15; 5; 128; 64; 32; 40; 5; 2],0.3725126440403983,0.39269999723781157,tvm
125,25,5,1024,64,16,1280,10,1,[125; 25; 5; 1024; 64; 16; 1280; 10; 1],0.5234325049677864,0.2794738823006744,tvm
12,4,1,128,64,16,20,4,1,[12; 4; 1; 128; 64; 16; 20; 4; 1],0.9000095799565315,0.1625379524213282,tvm
1500,300,30,256,32,16,16,2,1,[1500; 300; 30; 256; 32; 16; 16; 2; 1],0.5900668950052932,0.24791377981712065,tvm
125,125,1,128,64,32,80,1,2,[125; 125; 1; 128; 64; 32; 80; 1; 2],0.726478404016234,0.20136278446405872,tvm
12,12,3,640,128,32,5,5,2,[12; 12; 3; 640; 128; 32; 5; 5; 2],0.37477103306446224,0.3903335673772645,tvm
1500,12,3,1280,16,16,10,2,1,[1500; 12; 3; 1280; 16; 16; 10; 2; 1],0.420961013995111,0.3475041854764566,tvm
50,10,5,16,16,16,10,1,1,[50; 10; 5; 16; 16; 16; 10; 1; 1],0.434841362060979,0.3364116826246171,tvm
150,30,10,1280,320,16,40,8,1,[150; 30; 10; 1280; 320; 16; 40; 8; 1],0.3781542999204248,0.3868413351811609,tvm
20,2,2,128,32,16,640,10,1,[20; 2; 2; 128; 32; 16; 640; 10; 1],1.2524170329561457,0.11680271861236863,tvm
750,150,2,320,160,80,256,2,5,[750; 150; 2; 320; 160; 80; 256; 2; 5],0.5767307430505753,0.2536464650938264,tvm
3,3,1,512,64,64,8,8,4,[3; 3; 1; 512; 64; 64; 8; 8; 4],0.8425830509513617,0.1736157808070586,tvm
750,125,5,640,320,80,2,1,5,[750; 125; 5; 640; 320; 80; 2; 1; 5],0.5470360820181668,0.26741511043663885,tvm
60,10,2,640,128,32,256,1,2,[60; 10; 2; 640; 128; 32; 256; 1; 2],0.6570780320325866,0.22263065747792268,tvm
1500,20,1,640,160,32,256,16,2,[1500; 20; 1; 640; 160; 32; 256; 16; 2],0.8236088330158964,0.17761552380399356,tvm
30,10,10,320,64,32,40,4,2,[30; 10; 10; 320; 64; 32; 40; 4; 2],0.6084145200438797,0.24043757909519312,tvm
125,25,1,640,640,16,40,5,1,[125; 25; 1; 640; 640; 16; 40; 5; 1],1.0360445249825716,0.14119635861033591,tvm
750,30,6,5120,320,32,32,2,2,[750; 30; 6; 5120; 320; 32; 32; 2; 2],0.496878125006333,0.2944096488124725,tvm
60,60,12,2560,1280,32,40,8,2,[60; 60; 12; 2560; 1280; 32; 40; 8; 2],0.33721490600146353,0.43380559898819954,tvm
750,750,1,256,256,32,128,4,2,[750; 750; 1; 256; 256; 32; 128; 4; 2],0.7211599110160023,0.2028478178711022,tvm
75,5,1,640,32,32,160,10,2,[75; 5; 1; 640; 32; 32; 160; 10; 2],1.0433911050204188,0.14020218648773275,tvm
750,25,5,160,32,32,320,8,2,[750; 25; 5; 160; 32; 32; 320; 8; 2],0.4613716759486124,0.3170669590519198,tvm
20,4,1,5120,160,32,20,5,2,[20; 4; 1; 5120; 160; 32; 20; 5; 2],1.1207467020722106,0.13052522395581315,tvm
100,25,1,1024,1024,16,80,8,1,[100; 25; 1; 1024; 1024; 16; 80; 8; 1],1.1981114150257781,0.12209692057943282,tvm
300,5,1,320,320,32,4,4,2,[300; 5; 1; 320; 320; 32; 4; 4; 2],0.6650086248992011,0.21997566468839047,tvm
30,6,1,1024,256,128,1280,4,8,[30; 6; 1; 1024; 256; 128; 1280; 4; 8],1.813288063975051,0.08067428291841833,tvm
1500,150,2,1280,320,16,16,4,1,[1500; 150; 2; 1280; 320; 16; 16; 4; 1],0.3422690760344267,0.4273997405216951,tvm
125,25,5,2560,640,64,1280,40,4,[125; 25; 5; 2560; 640; 64; 1280; 40; 4],0.39554501592647284,0.369833289247935,tvm
125,25,1,5120,640,16,20,5,1,[125; 25; 1; 5120; 640; 16; 20; 5; 1],0.624350892030634,0.23430048095220266,tvm
300,20,4,16,16,16,320,40,1,[300; 20; 4; 16; 16; 16; 320; 40; 1],0.6031937090447173,0.24251863388527073,tvm
375,5,1,5120,1280,160,8,1,10,[375; 5; 1; 5120; 1280; 160; 8; 1; 10],0.8854436849942431,0.16521176531589968,tvm
375,375,3,2560,2560,16,40,20,1,[375; 375; 3; 2560; 2560; 16; 40; 20; 1],0.3951778640039265,0.37017689402830717,tvm
1500,300,10,5120,320,16,128,64,1,[1500; 300; 10; 5120; 320; 16; 128; 64; 1],0.4496422780212015,0.32533798852165907,tvm
500,125,25,2560,32,16,128,32,1,[500; 125; 25; 2560; 32; 16; 128; 32; 1],0.4730484359897673,0.30924045648652915,tvm
1500,1,1,256,128,128,256,32,8,[1500; 1; 1; 256; 128; 128; 256; 32; 8],1.9470972931012511,0.07513015133040261,tvm
60,60,15,128,64,16,1280,4,1,[60; 60; 15; 128; 64; 16; 1280; 4; 1],0.6109401379944757,0.23944361351985202,tvm
30,10,10,640,640,32,64,16,2,[30; 10; 10; 640; 640; 32; 64; 16; 2],0.4675441919825971,0.31288104267833433,tvm
500,100,5,16,16,16,80,8,1,[500; 100; 5; 16; 16; 16; 80; 8; 1],0.3874973339261487,0.37751411810640795,tvm
1500,50,1,5120,64,32,16,4,2,[1500; 50; 1; 5120; 64; 32; 16; 4; 2],0.34557680296711624,0.42330883621153903,tvm
250,25,1,5120,128,32,20,5,2,[250; 25; 1; 5120; 128; 32; 20; 5; 2],0.6633785020094365,0.22051621184979764,tvm
500,125,1,1280,160,80,10,5,5,[500; 125; 1; 1280; 160; 80; 10; 5; 5],0.37913022900465876,0.38584555673590654,tvm
1500,1500,1,5120,256,16,128,4,1,[1500; 1500; 1; 5120; 256; 16; 128; 4; 1],1.0801917660282925,0.13542568911035632,tvm
750,75,3,1280,80,80,8,1,5,[750; 75; 3; 1280; 80; 80; 8; 1; 5],0.49331618391443044,0.2965354047883592,tvm
500,10,10,256,256,16,320,32,1,[500; 10; 10; 256; 256; 16; 320; 32; 1],0.4999794759787619,0.29258343854884195,tvm
150,6,6,160,80,16,80,40,1,[150; 6; 6; 160; 80; 16; 80; 40; 1],0.47022122296039015,0.31109976994389493,tvm
30,1,1,256,64,32,320,40,2,[30; 1; 1; 256; 64; 32; 320; 40; 2],1.8258938040817156,0.08011731786300944,tvm
500,125,1,2560,64,64,640,16,4,[500; 125; 1; 2560; 64; 64; 640; 16; 4],1.8366942150751129,0.07964619972395995,tvm
750,750,1,512,32,16,640,8,1,[750; 750; 1; 512; 32; 16; 640; 8; 1],2.5323962019756436,0.05776572961671234,tvm
20,1,1,1280,256,16,16,2,1,[20; 1; 1; 1280; 256; 16; 16; 2; 1],1.913293830002658,0.07645752680105129,tvm
1500,12,6,64,64,32,1280,32,2,[1500; 12; 6; 64; 64; 32; 1280; 32; 2],0.4222843599272892,0.34641518409751765,tvm
75,3,1,1280,320,64,640,4,4,[75; 3; 1; 1280; 320; 64; 640; 4; 4],1.8075990030774847,0.08092818929234805,tvm
1500,12,6,640,16,16,160,4,1,[1500; 12; 6; 640; 16; 16; 160; 4; 1],0.3923310929676518,0.37286291325825593,tvm
6,3,3,2560,2560,64,1280,5,4,[6; 3; 3; 2560; 2560; 64; 1280; 5; 4],0.668954168097116,0.21867823127828562,tvm
1500,2,1,2560,320,64,10,1,4,[1500; 2; 1; 2560; 320; 64; 10; 1; 4],1.2628830180037767,0.11583473069179938,tvm
60,12,3,128,128,32,80,40,2,[60; 12; 3; 128; 128; 32; 80; 40; 2],0.3827618299983442,0.3821846976913741,tvm
250,50,1,1280,640,16,320,4,1,[250; 50; 1; 1280; 640; 16; 320; 4; 1],1.7868175950134173,0.08186941671828334,tvm
100,20,4,5120,64,64,8,1,4,[100; 20; 4; 5120; 64; 64; 8; 1; 4],0.5857501870486885,0.24974078970896646,tvm
750,2,2,1024,64,64,10,1,4,[750; 2; 2; 1024; 64; 64; 10; 1; 4],0.9028929179767147,0.16201889656364207,tvm
750,125,5,1024,64,64,128,8,4,[750; 125; 5; 1024; 64; 64; 128; 8; 4],0.2936463759979233,0.4981696565761426,tvm
12,12,6,64,32,16,640,40,1,[12; 12; 6; 64; 32; 16; 640; 40; 1],0.596823797095567,0.24510703996323752,tvm
75,75,1,2560,64,64,128,8,4,[75; 75; 1; 2560; 64; 64; 128; 8; 4],0.5340357279637828,0.27392495787404525,tvm
2,2,2,5120,320,160,160,8,10,[2; 2; 2; 5120; 320; 160; 160; 8; 10],1.0157225149450824,0.14402133666754804,tvm
1500,15,3,2560,320,16,1280,8,1,[1500; 15; 3; 2560; 320; 16; 1280; 8; 1],0.8223941610194743,0.17787786103001071,tvm
250,125,5,5120,256,64,10,1,4,[250; 125; 5; 5120; 256; 64; 10; 1; 4],0.39780101308133453,0.3677359018082859,tvm
250,5,5,256,256,16,160,4,1,[250; 5; 5; 256; 256; 16; 160; 4; 1],0.6941207690397277,0.21074965742357968,tvm
300,20,4,5120,2560,32,40,8,2,[300; 20; 4; 5120; 2560; 32; 40; 8; 2],0.36405517091043293,0.40182292678299686,tvm
100,2,2,512,128,32,32,2,2,[100; 2; 2; 512; 128; 32; 32; 2; 2],0.9290503709344193,0.1574572475963636,tvm
125,5,1,320,32,16,10,2,1,[125; 5; 1; 320; 32; 16; 10; 2; 1],0.7189550279872492,0.2034699092309689,tvm
1500,150,10,640,32,32,4,1,2,[1500; 150; 10; 640; 32; 32; 4; 1; 2],0.4778924979036674,0.30610590232618023,tvm
250,5,5,5120,640,64,40,2,4,[250; 5; 5; 5120; 640; 64; 40; 2; 4],0.7034459529677406,0.2079558687750711,tvm
750,25,1,512,128,128,640,1,8,[750; 25; 1; 512; 128; 128; 640; 1; 8],1.8293142509646714,0.07996751471682459,tvm
150,2,1,1280,128,64,640,10,4,[150; 2; 1; 1280; 128; 64; 640; 10; 4],1.8026697800960392,0.08114947945592163,tvm
10,10,5,640,640,80,2,2,5,[10; 10; 5; 640; 640; 80; 2; 2; 5],0.565326955053024,0.25876302726798805,tvm
4,2,2,1280,128,32,256,8,2,[4; 2; 2; 1280; 128; 32; 256; 8; 2],0.9705080919666216,0.15073106087068613,tvm
1,1,1,5120,256,32,256,4,2,[1; 1; 1; 5120; 256; 32; 256; 4; 2],1.8508247210411355,0.07903812426031619,tvm
300,6,2,64,64,16,320,1,1,[300; 6; 2; 64; 64; 16; 320; 1; 1],1.1166546060703695,0.13100354710442635,tvm
125,125,1,80,16,16,160,4,1,[125; 125; 1; 80; 16; 16; 160; 4; 1],1.1780547329690307,0.12417565176877052,tvm
150,150,2,160,32,32,160,16,2,[150; 150; 2; 160; 32; 32; 160; 16; 2],0.3851014549145475,0.37986279308701787,tvm
750,50,1,512,32,16,2,1,1,[750; 50; 1; 512; 32; 16; 2; 1; 1],0.6308011810760945,0.23190462965868738,tvm
12,2,1,320,160,160,8,1,10,[12; 2; 1; 320; 160; 160; 8; 1; 10],1.2860876340419054,0.11374474834655612,tvm
300,60,6,640,320,64,160,8,4,[300; 60; 6; 640; 320; 64; 160; 8; 4],0.3069655089639127,0.47655423822521975,tvm
75,15,5,160,16,16,80,20,1,[75; 15; 5; 160; 16; 16; 80; 20; 1],0.4083586420165375,0.35822852569822705,tvm
500,5,1,640,640,32,64,32,2,[500; 5; 1; 640; 640; 32; 64; 32; 2],0.9341908539645374,0.1565908225978708,tvm
150,3,1,320,64,16,80,4,1,[150; 3; 1; 320; 64; 16; 80; 4; 1],1.467283907928504,0.09969830207722984,tvm
10,1,1,1280,256,16,80,5,1,[10; 1; 1; 1280; 256; 16; 80; 5; 1],2.313057839986868,0.063243431165796,tvm
500,10,1,256,32,16,1280,1,1,[500; 10; 1; 256; 32; 16; 1280; 1; 1],2.623336724936962,0.05576322432997216,tvm
1500,100,5,640,128,16,40,20,1,[1500; 100; 5; 640; 128; 16; 40; 20; 1],0.3123508470598608,0.4683378183945799,tvm
60,3,1,160,160,32,320,64,2,[60; 3; 1; 160; 160; 32; 320; 64; 2],1.6115871680667624,0.09077120815078009,tvm
250,25,25,256,32,16,128,2,1,[250; 25; 25; 256; 32; 16; 128; 2; 1],0.6402876859065145,0.2284687297688758,tvm
1500,60,3,128,64,64,1280,32,4,[1500; 60; 3; 128; 64; 64; 1280; 32; 4],0.6480344299925491,0.22573756503554332,tvm
1500,20,5,80,80,16,20,10,1,[1500; 20; 5; 80; 80; 16; 20; 10; 1],0.4287515120813623,0.3411899670640795,tvm
250,50,10,256,16,16,160,2,1,[250; 50; 10; 256; 16; 16; 160; 2; 1],0.6177234019851312,0.23681426641051143,tvm
12,12,1,5120,640,16,160,5,1,[12; 12; 1; 5120; 640; 16; 160; 5; 1],1.2473964209202677,0.11727283470782439,tvm
12,4,1,256,128,128,64,4,8,[12; 4; 1; 256; 128; 128; 64; 4; 8],1.0673353859456256,0.1370569328178975,tvm
750,15,3,2560,640,32,40,1,2,[750; 15; 3; 2560; 640; 32; 40; 1; 2],0.6316699699964374,0.23158567168633856,tvm
500,20,5,512,64,64,128,1,4,[500; 20; 5; 512; 64; 64; 128; 1; 4],0.42818208306562155,0.3416437073647827,tvm
750,75,1,1024,256,128,640,40,8,[750; 75; 1; 1024; 256; 128; 640; 40; 8],1.8547036020318046,0.07887282589275188,tvm
375,75,3,5120,5120,64,20,2,4,[375; 75; 3; 5120; 5120; 64; 20; 2; 4],0.28072315000463277,0.5211031376760347,tvm
60,12,2,16,16,16,1280,4,1,[60; 12; 2; 16; 16; 16; 1280; 4; 1],1.2449265508912504,0.11750549795968884,tvm
10,2,1,1280,80,16,320,8,1,[10; 2; 1; 1280; 80; 16; 320; 8; 1],2.2976529899751768,0.06366745323335128,tvm
500,125,1,1280,32,32,1280,16,2,[500; 125; 1; 1280; 32; 32; 1280; 16; 2],1.824612046009861,0.08017359887852221,tvm
50,2,1,320,32,16,160,2,1,[50; 2; 1; 320; 32; 16; 160; 2; 1],1.8360448849853128,0.07967436715845021,tvm
10,1,1,640,32,16,128,8,1,[10; 1; 1; 640; 32; 16; 128; 8; 1],2.4042712919181213,0.06084409641185207,tvm
2,2,2,5120,80,80,1280,40,5,[2; 2; 2; 5120; 80; 80; 1280; 40; 5],0.9427817550022155,0.15516392156461548,tvm
300,30,1,256,128,16,16,1,1,[300; 30; 1; 256; 128; 16; 16; 1; 1],0.4647571409586817,0.31475732461896594,tvm
100,5,1,128,32,16,320,5,1,[100; 5; 1; 128; 32; 16; 320; 5; 1],2.0033057749969885,0.0730221597279298,tvm
60,3,3,2560,320,16,320,64,1,[60; 3; 3; 2560; 320; 16; 320; 64; 1],0.8228763429215178,0.17777362971250998,tvm
750,3,1,640,80,80,4,1,5,[750; 3; 1; 640; 80; 80; 4; 1; 5],0.6162702470319346,0.23737267049683466,tvm
300,60,20,512,256,16,1280,1,1,[300; 60; 20; 512; 256; 16; 1280; 1; 1],0.9033237909898162,0.16194161578034147,tvm
150,15,3,2560,160,32,64,4,2,[150; 15; 3; 2560; 160; 32; 64; 4; 2],0.36952137597836554,0.3958788957699674,tvm
150,10,1,640,640,160,4,2,10,[150; 10; 1; 640; 640; 160; 4; 2; 10],0.5547755369916558,0.2636845075739425,tvm
1500,125,5,1280,128,64,1280,4,4,[1500; 125; 5; 1280; 128; 64; 1280; 4; 4],0.4904618849977851,0.29826112642040453,tvm
500,20,1,160,160,16,8,2,1,[500; 20; 1; 160; 160; 16; 8; 2; 1],0.4194625789532438,0.34874556545846325,tvm
250,10,5,64,64,64,640,40,4,[250; 10; 5; 64; 64; 64; 640; 40; 4],0.39578594907652587,0.3696081546781483,tvm
60,2,2,5120,2560,160,10,10,10,[60; 2; 2; 5120; 2560; 160; 10; 10; 10],0.9461906050564721,0.15460491100203158,tvm
750,750,3,2560,2560,32,16,1,2,[750; 750; 3; 2560; 2560; 32; 16; 1; 2],0.4982570050051436,0.2935948974449525,tvm
50,2,2,5120,32,16,5,1,1,[50; 2; 2; 5120; 32; 16; 5; 1; 1],0.9650485939346254,0.15158378055273766,tvm
20,1,1,2560,1280,160,1280,40,10,[20; 1; 1; 2560; 1280; 160; 1280; 40; 10],2.089196474989876,0.0700200847727465,tvm
250,250,5,5120,2560,80,64,2,5,[250; 250; 5; 5120; 2560; 80; 64; 2; 5],0.6175993530778214,0.23686183211931144,tvm
50,50,5,1280,160,32,256,2,2,[50; 50; 5; 1280; 160; 32; 256; 2; 2],0.5336204409832135,0.2741381383669973,tvm
1500,75,3,2560,160,80,320,64,5,[1500; 75; 3; 2560; 160; 80; 320; 64; 5],0.6158551729749888,0.23753265492446432,tvm
750,30,10,512,128,16,40,5,1,[750; 30; 10; 512; 128; 16; 40; 5; 1],0.40889276191592216,0.3577605864194633,tvm
375,15,15,1280,128,16,5,1,1,[375; 15; 15; 1280; 128; 16; 5; 1; 1],0.8032396020134911,0.1821196488806304,tvm
1500,1500,2,5120,2560,160,16,16,10,[1500; 1500; 2; 5120; 2560; 160; 16; 16; 10],0.37343112798407674,0.3917341199578627,tvm
500,20,1,128,16,16,160,16,1,[500; 20; 1; 128; 16; 16; 160; 16; 1],1.269964909995906,0.11518878445719093,tvm
1500,1500,4,1280,640,64,32,32,4,[1500; 1500; 4; 1280; 640; 64; 32; 32; 4],0.25291459704749286,0.5783996495000423,tvm
150,15,3,320,80,16,640,64,1,[150; 15; 3; 320; 80; 16; 640; 64; 1],0.8274424138944596,0.17679262245840477,tvm
50,2,2,256,64,16,160,20,1,[50; 2; 2; 256; 64; 16; 160; 20; 1],1.2191816719714552,0.11998680561623411,tvm
300,20,5,2560,160,16,640,2,1,[300; 20; 5; 2560; 160; 16; 640; 2; 1],0.5097860659006983,0.2869551054269291,tvm
300,60,10,640,32,16,8,1,1,[300; 60; 10; 640; 32; 16; 8; 1; 1],0.5892208480508998,0.24826975279238153,tvm
1500,4,2,5120,512,128,128,8,8,[1500; 4; 2; 5120; 512; 128; 128; 8; 8],0.6371919439407066,0.2295787253382582,tvm
750,75,25,1280,320,16,1280,16,1,[750; 75; 25; 1280; 320; 16; 1280; 16; 1],0.5221061060437933,0.2801838794688299,tvm
750,150,5,5120,80,80,320,8,5,[750; 150; 5; 5120; 80; 80; 320; 8; 5],0.4007396959932521,0.3650392405552395,tvm
750,30,1,256,256,128,10,5,8,[750; 30; 1; 256; 256; 128; 10; 5; 8],0.4117741340305656,0.35525717182336575,tvm
15,5,1,2560,640,64,1,1,4,[15; 5; 1; 2560; 640; 64; 1; 1; 4],0.7691727089695632,0.19018578347857495,tvm
375,125,1,640,320,32,10,5,2,[375; 125; 1; 640; 320; 32; 10; 5; 2],0.34946734400000423,0.41859623451887545,tvm
250,50,5,1280,640,80,640,10,5,[250; 50; 5; 1280; 640; 80; 640; 10; 5],0.4796602340647951,0.3049777819729647,tvm
750,3,1,256,64,32,1280,5,2,[750; 3; 1; 256; 64; 32; 1280; 5; 2],1.8282821560278535,0.08001265767617417,tvm
100,20,5,16,16,16,160,1,1,[100; 20; 5; 16; 16; 16; 160; 1; 1],0.7170022079953924,0.2040240778263466,tvm
300,60,2,2560,2560,32,10,1,2,[300; 60; 2; 2560; 2560; 32; 10; 1; 2],0.36822602909523994,0.39727152000946186,tvm
60,20,1,640,64,32,160,16,2,[60; 20; 1; 640; 64; 32; 160; 16; 2],0.8045461410656571,0.1818238965038753,tvm
60,10,1,1024,32,32,320,5,2,[60; 10; 1; 1024; 32; 32; 320; 5; 2],1.4092785469256341,0.10380184570668385,tvm
50,10,5,1280,320,16,1280,10,1,[50; 10; 5; 1280; 320; 16; 1280; 10; 1],0.5850968760205433,0.2500196467987603,tvm
1500,300,2,2560,640,160,320,20,10,[1500; 300; 2; 2560; 640; 160; 320; 20; 10],0.6726500849472359,0.2174766904209776,tvm
300,30,2,1024,512,128,40,2,8,[300; 30; 2; 1024; 512; 128; 40; 2; 8],0.30633783293887973,0.47753068200002935,tvm
20,10,5,2560,320,80,40,20,5,[20; 10; 5; 2560; 320; 80; 40; 20; 5],0.49323599599301815,0.29658361407950645,tvm
750,10,10,5120,256,16,80,8,1,[750; 10; 10; 5120; 256; 16; 80; 8; 1],0.5702047089580446,0.25654946721332306,tvm
300,1,1,256,128,16,160,5,1,[300; 1; 1; 256; 128; 16; 160; 5; 1],2.359620174043812,0.06199544990116624,tvm
30,6,1,5120,256,128,160,2,8,[30; 6; 1; 5120; 256; 128; 160; 2; 8],0.7911791669903323,0.1848958117062021,tvm
50,5,1,32,16,16,128,8,1,[50; 5; 1; 32; 16; 16; 128; 8; 1],1.3781639999942854,0.10614536026650012,tvm
100,10,1,1280,320,64,40,5,4,[100; 10; 1; 1280; 320; 64; 40; 5; 4],0.7004523720825091,0.20884462686705374,tvm
60,20,2,1280,1280,64,640,4,4,[60; 20; 2; 1280; 1280; 64; 640; 4; 4],0.933866583975032,0.15664519621533585,tvm
1500,150,6,5120,320,64,1280,2,4,[1500; 150; 6; 5120; 320; 64; 1280; 2; 4],0.554221224039793,0.26394823572330567,tvm
60,15,5,2560,160,80,80,10,5,[60; 15; 5; 2560; 160; 80; 80; 10; 5],0.37440101196989417,0.3907193346407868,tvm
750,2,2,5120,512,64,64,64,4,[750; 2; 2; 5120; 512; 64; 64; 64; 4],0.9490381609648466,0.15414102435774749,tvm
60,15,15,2560,256,16,32,4,1,[60; 15; 15; 2560; 256; 16; 32; 4; 1],0.5476293440442532,0.2671254122457929,tvm
100,50,5,2560,2560,80,80,2,5,[100; 50; 5; 2560; 2560; 80; 80; 2; 5],0.5839939309516922,0.25049183995341046,tvm
150,3,3,2560,80,80,320,64,5,[150; 3; 3; 2560; 80; 80; 320; 64; 5],0.646746052079834,0.22618725512940102,tvm
1500,30,3,1280,640,64,160,32,4,[1500; 30; 3; 1280; 640; 64; 160; 32; 4],0.23881801101379097,0.6125405435910224,tvm
150,10,2,1280,640,128,10,1,8,[150; 10; 2; 1280; 640; 128; 10; 1; 8],0.49064390000421554,0.29815047998040417,tvm
300,5,1,5120,1280,16,160,1,1,[300; 5; 1; 5120; 1280; 16; 160; 1; 1],1.7184537929715589,0.08512635887215583,tvm
25,5,5,256,64,16,10,2,1,[25; 5; 5; 256; 64; 16; 10; 2; 1],0.9900460900971666,0.14775646886435084,tvm
60,60,10,2560,256,16,320,4,1,[60; 60; 10; 2560; 256; 16; 320; 4; 1],0.642533821053803,0.22767006108066795,tvm
100,25,5,2560,2560,64,1280,16,4,[100; 25; 5; 2560; 2560; 64; 1280; 16; 4],0.43306270497851074,0.3377933786585784,tvm
15,5,5,2560,128,64,128,2,4,[15; 5; 5; 2560; 128; 64; 128; 2; 4],0.8594430459197611,0.1702098992832758,tvm
100,20,2,1280,80,16,16,8,1,[100; 20; 2; 1280; 80; 16; 16; 8; 1],0.5131997609278187,0.2850463414504383,tvm
300,30,1,320,320,80,1280,8,5,[300; 30; 1; 320; 320; 80; 1280; 8; 5],1.8179450150346383,0.08046762309966071,tvm
30,15,5,2560,32,16,80,16,1,[30; 15; 5; 2560; 32; 16; 80; 16; 1],0.44877075508702546,0.3259698022375514,tvm
500,500,1,1280,128,128,128,1,8,[500; 500; 1; 1280; 128; 128; 128; 1; 8],0.4504187770653516,0.3247771223900144,tvm
15,15,3,320,160,16,10,10,1,[15; 15; 3; 320; 160; 16; 10; 10; 1],0.4112370600923896,0.3557211362537447,tvm
300,15,1,256,32,16,128,1,1,[300; 15; 1; 256; 32; 16; 128; 1; 1],1.2258476099232212,0.11933433903328053,tvm
1500,250,10,2560,64,32,1,1,2,[1500; 250; 10; 2560; 64; 32; 1; 1; 2],1.1045665650162846,0.1324372101409367,tvm
12,2,2,5120,80,80,16,16,5,[12; 2; 2; 5120; 80; 80; 16; 16; 5],1.025847997982055,0.1425997950704908,tvm
150,30,1,320,80,80,2,1,5,[150; 30; 1; 320; 80; 80; 2; 1; 5],0.3869776879437268,0.37802105610540204,tvm
5,5,5,160,160,80,1280,16,5,[5; 5; 5; 160; 160; 80; 1280; 16; 5],0.6706468960037455,0.21812628248546656,tvm
1500,150,2,5120,1280,32,160,10,2,[1500; 150; 2; 5120; 1280; 32; 160; 10; 2],0.5060388239799067,0.2890800218354844,tvm
1500,50,10,640,32,32,64,64,2,[1500; 50; 10; 640; 32; 32; 64; 64; 2],0.4017180480295792,0.3641502168081406,tvm
150,25,25,2560,640,16,320,16,1,[150; 25; 25; 2560; 640; 16; 320; 16; 1],0.6154239559546113,0.23769908998554348,tvm
250,10,5,512,128,16,256,32,1,[250; 10; 5; 512; 128; 16; 256; 32; 1],0.4911872309166938,0.2978206783036764,tvm
150,15,1,2560,1280,160,16,16,10,[150; 15; 1; 2560; 1280; 160; 16; 16; 10],0.6977096769260243,0.2096655946212775,tvm
750,15,5,1280,64,32,160,5,2,[750; 15; 5; 1280; 64; 32; 160; 5; 2],0.4062442610738799,0.36009299897312436,tvm
6,6,3,320,320,64,10,10,4,[6; 6; 3; 320; 320; 64; 10; 10; 4],0.5939058960648254,0.24631126792138647,tvm
150,75,25,80,16,16,10,10,1,[150; 75; 25; 80; 16; 16; 10; 10; 1],0.365801912965253,0.39990418065312244,tvm
150,50,5,1280,80,80,1280,64,5,[150; 50; 5; 1280; 80; 80; 1280; 64; 5],0.6628206330351532,0.22070181131183333,tvm
1500,25,5,320,64,32,640,20,2,[1500; 25; 5; 320; 64; 32; 640; 20; 2],0.4146231700433418,0.35281606252352615,tvm
750,2,1,5120,640,64,160,20,4,[750; 2; 1; 5120; 640; 64; 160; 20; 4],1.3322659069672227,0.1098021900288058,tvm
500,250,2,640,640,16,160,2,1,[500; 250; 2; 640; 640; 16; 160; 2; 1],0.6401690450729802,0.22851107127342826,tvm
375,15,1,640,16,16,320,2,1,[375; 15; 1; 640; 16; 16; 320; 2; 1],1.8651039330288768,0.07843300938631896,tvm
50,10,1,640,64,16,1280,10,1,[50; 10; 1; 640; 64; 16; 1280; 10; 1],2.4141751339193434,0.0605944913566497,tvm
100,4,1,1280,640,128,20,4,8,[100; 4; 1; 1280; 640; 128; 20; 4; 8],0.9996577670099214,0.1463357952224688,tvm
750,750,6,256,32,16,10,1,1,[750; 750; 6; 256; 32; 16; 10; 1; 1],0.616459921002388,0.23729963506443044,tvm
3,3,3,640,320,64,320,8,4,[3; 3; 3; 640; 320; 64; 320; 8; 4],0.7122327530523762,0.20539032171545857,tvm
1500,1500,2,64,64,64,40,40,4,[1500; 1500; 2; 64; 64; 64; 40; 40; 4],0.25315964804030955,0.5778397758809565,tvm
1500,750,1,256,64,32,32,32,2,[1500; 750; 1; 256; 64; 32; 32; 32; 2],0.7459826630074531,0.19609800809037403,tvm
500,500,20,5120,80,16,128,8,1,[500; 500; 20; 5120; 80; 16; 128; 8; 1],0.2932119109900668,0.4989078165063698,tvm
750,750,2,5120,640,64,2,1,4,[750; 750; 2; 5120; 640; 64; 2; 1; 4],0.9292948209913447,0.15741582862762643,tvm
250,125,5,2560,32,16,80,20,1,[250; 125; 5; 2560; 32; 16; 80; 20; 1],0.3245450999820605,0.4507407885492659,tvm
25,5,5,320,160,16,64,2,1,[25; 5; 5; 320; 160; 16; 64; 2; 1],0.9202675080159679,0.15895999045005513,tvm
500,20,1,1280,128,32,640,20,2,[500; 20; 1; 1280; 128; 32; 640; 20; 2],1.8328105449909344,0.07981496761108926,tvm
100,50,25,1280,640,16,32,8,1,[100; 50; 25; 1280; 640; 16; 32; 8; 1],0.3491614969680086,0.4189629027140914,tvm
250,5,1,5120,320,16,160,5,1,[250; 5; 1; 5120; 320; 16; 160; 5; 1],1.4624987950082868,0.100024502437204,tvm
15,15,15,5120,2560,16,320,64,1,[15; 15; 15; 5120; 2560; 16; 320; 64; 1],1.206349104992114,0.12126316808323125,tvm
750,750,3,32,32,16,16,8,1,[750; 750; 3; 32; 32; 16; 16; 8; 1],0.37448264902923256,0.39063415799084206,tvm
500,25,1,320,320,16,20,20,1,[500; 25; 1; 320; 320; 16; 20; 20; 1],0.6146107150707394,0.23801360877490943,tvm
300,60,1,2560,1280,128,1280,1,8,[300; 60; 1; 2560; 1280; 128; 1280; 1; 8],1.7928855359787121,0.08159233333647198,tvm
1500,375,3,640,64,16,160,16,1,[1500; 375; 3; 640; 64; 16; 160; 16; 1],0.4409729290055111,0.33173400148535215,tvm
75,25,25,2560,1280,16,256,1,1,[75; 25; 25; 2560; 1280; 16; 256; 1; 1],1.0928175930166617,0.13386105350107036,tvm
300,60,5,32,32,32,80,20,2,[300; 60; 5; 32; 32; 32; 80; 20; 2],0.253034716937691,0.578125073334252,tvm
1500,150,5,2560,320,16,128,32,1,[1500; 150; 5; 2560; 320; 16; 128; 32; 1],0.2947589900577441,0.4962892370375422,tvm
500,50,2,1280,64,32,20,20,2,[500; 50; 2; 1280; 64; 32; 20; 20; 2],0.5028967740945518,0.29088616555374935,tvm
500,20,5,640,128,16,32,2,1,[500; 20; 5; 640; 128; 16; 32; 2; 1],0.6286443619756028,0.2327002724179232,tvm
60,60,10,640,64,32,20,5,2,[60; 60; 10; 640; 64; 32; 20; 5; 2],0.3412436740472913,0.4286840325879309,tvm
60,12,12,5120,64,16,160,40,1,[60; 12; 12; 5120; 64; 16; 160; 40; 1],0.628128023003228,0.2328915586129844,tvm
500,25,25,5120,80,16,80,16,1,[500; 25; 25; 5120; 80; 16; 80; 16; 1],0.502192263957113,0.29129424084120703,tvm
300,30,3,1280,1280,64,320,64,4,[300; 30; 3; 1280; 1280; 64; 320; 64; 4],0.5324750830186531,0.27472781159337323,tvm
300,300,4,5120,5120,64,16,2,4,[300; 300; 4; 5120; 5120; 64; 16; 2; 4],0.49867655092384666,0.2933478905609374,tvm
30,30,6,160,160,32,32,2,2,[30; 30; 6; 160; 160; 32; 32; 2; 2],0.4958469569683075,0.29502190591252186,tvm
60,6,2,1024,256,16,160,4,1,[60; 6; 2; 1024; 256; 16; 160; 4; 1],0.9012283170595765,0.16231815125716245,tvm
1500,300,4,64,32,16,80,16,1,[1500; 300; 4; 64; 32; 16; 80; 16; 1],0.3900587710086256,0.37503505922311225,tvm
1500,1500,2,512,512,16,64,2,1,[1500; 1500; 2; 512; 512; 16; 64; 2; 1],0.8107378149870783,0.18043529188045315,tvm
60,5,5,512,128,64,160,40,4,[60; 5; 5; 512; 128; 64; 160; 40; 4],0.39098356396425515,0.3741479892466481,tvm
60,6,3,320,320,32,160,40,2,[60; 6; 3; 320; 320; 32; 160; 40; 2],0.48612271901220083,0.30092342646105125,tvm
750,2,2,160,160,32,64,64,2,[750; 2; 2; 160; 160; 32; 64; 64; 2],0.9819449860369787,0.14897546844870327,tvm
