kc,ku,mc,mr,nc,nr,nvr,X,time,peak,backend
20,2,300,1,1024,128,8,[20; 2; 300; 1; 1024; 128; 8],0.5393744830507785,0.27121363520628855,tvm
20,20,150,25,32,16,1,[20; 20; 150; 25; 32; 16; 1],0.5664253570139408,0.25826123861561856,tvm
128,2,300,30,160,16,1,[128; 2; 300; 30; 160; 16; 1],0.5643625590018928,0.25920520763182603,tvm
320,10,60,15,1280,16,1,[320; 10; 60; 15; 1280; 16; 1],0.47958627506159246,0.3050248138709288,tvm
16,8,500,10,32,32,2,[16; 8; 500; 10; 32; 32; 2],0.39408515801187605,0.37120330799493306,tvm
4,4,60,6,16,16,1,[4; 4; 60; 6; 16; 16; 1],1.073194546974264,0.136308663418155,tvm
2,1,375,1,128,128,8,[2; 1; 375; 1; 128; 128; 8],0.7860006570117548,0.18611398474127047,tvm
160,40,60,5,512,32,2,[160; 40; 60; 5; 512; 32; 2],0.21469848894048482,0.681354186550727,tvm
80,2,30,6,5120,64,4,[80; 2; 30; 6; 5120; 64; 4],1.0144925089552999,0.14419595314346464,tvm
80,20,300,2,1280,64,4,[80; 20; 300; 2; 1280; 64; 4],0.2909512659534812,0.5027842508480551,tvm
5,1,150,2,256,32,2,[5; 1; 150; 2; 256; 32; 2],0.47116233105771244,0.31047837367923165,tvm
5,1,150,5,160,32,2,[5; 1; 150; 5; 160; 32; 2],0.6896509230136871,0.21211559269211772,tvm
256,2,500,5,640,32,2,[256; 2; 500; 5; 640; 32; 2],0.5745669710449874,0.25460167684135887,tvm
20,4,60,2,160,16,1,[20; 4; 60; 2; 160; 16; 1],0.42071718198712915,0.34770558595866796,tvm
40,2,20,2,2560,160,10,[40; 2; 20; 2; 2560; 160; 10],0.5256261660251766,0.2783075191859978,tvm
16,16,5,1,32,16,1,[16; 16; 5; 1; 32; 16; 1],0.47794973908457905,0.30606924185353984,tvm
2,1,15,1,128,16,1,[2; 1; 15; 1; 128; 16; 1],0.705827494035475,0.2072542023679825,tvm
10,5,50,1,512,32,2,[10; 5; 50; 1; 512; 32; 2],0.40110310702584684,0.36470850443022806,tvm
160,16,4,4,640,32,2,[160; 16; 4; 4; 640; 32; 2],0.22981880698353052,0.6365262974156748,tvm
64,2,150,30,1024,16,1,[64; 2; 150; 30; 1024; 16; 1],4.264933325001039,0.03429964858493507,tvm
80,20,60,5,1024,32,2,[80; 20; 60; 5; 1024; 32; 2],0.2610512999817729,0.5603715219802707,tvm
20,5,500,20,32,16,1,[20; 5; 500; 20; 32; 16; 1],0.4567775110481307,0.32025594681761854,tvm
4,4,30,1,32,16,1,[4; 4; 30; 1; 32; 16; 1],0.5552943929797038,0.26343812603751804,tvm
256,64,300,12,160,16,1,[256; 64; 300; 12; 160; 16; 1],0.5172569809947163,0.2828105171328922,tvm
64,4,10,5,1024,64,4,[64; 4; 10; 5; 1024; 64; 4],0.6531437609810382,0.22397169356098495,tvm
16,16,10,1,128,16,1,[16; 16; 10; 1; 128; 16; 1],0.41838407702744007,0.349644554651921,tvm
10,5,4,1,512,128,8,[10; 5; 4; 1; 512; 128; 8],0.5541487210430205,0.26398276984267843,tvm
20,2,2,2,128,32,2,[20; 2; 2; 2; 128; 32; 2],0.42180922301486135,0.34680539519772496,tvm
8,1,4,2,64,16,1,[8; 1; 4; 2; 64; 16; 1],0.49768584594130516,0.29393183567243053,tvm
2,2,375,3,640,80,5,[2; 2; 375; 3; 640; 80; 5],0.9871644320664927,0.14818778871467778,tvm
128,32,10,5,256,64,4,[128; 32; 10; 5; 256; 64; 4],0.20355702005326748,0.7186473561434225,tvm
2,1,150,6,320,32,2,[2; 1; 150; 6; 320; 32; 2],1.0335327700013295,0.1415395026957163,tvm
16,1,300,2,64,16,1,[16; 1; 300; 2; 64; 16; 1],0.37488437397405505,0.39021555562579524,tvm
160,32,750,5,512,32,2,[160; 32; 750; 5; 512; 32; 2],0.23335338197648525,0.6268849118306558,tvm
8,2,12,6,64,64,4,[8; 2; 12; 6; 64; 64; 4],0.5028636100469157,0.290905349607752,tvm
160,80,1500,5,512,32,2,[160; 80; 1500; 5; 512; 32; 2],0.3182687140069902,0.45962957666803966,tvm
32,2,2,2,512,64,4,[32; 2; 2; 2; 512; 64; 4],0.30501080595422536,0.47960830052581216,tvm
4,1,4,1,2560,160,10,[4; 1; 4; 1; 2560; 160; 10],0.702535038930364,0.20822550645792673,tvm
32,2,300,12,32,32,2,[32; 2; 300; 12; 32; 32; 2],0.5191538819344714,0.28177717508462885,tvm
8,4,300,25,80,16,1,[8; 4; 300; 25; 80; 16; 1],0.5012082830071449,0.29186611483758923,tvm
20,1,4,2,128,128,8,[20; 1; 4; 2; 128; 128; 8],0.3240227811038494,0.4514673745696593,tvm
20,10,75,1,256,128,8,[20; 10; 75; 1; 256; 128; 8],0.5348775510210544,0.2734938379942516,tvm
128,8,500,20,1024,16,1,[128; 8; 500; 20; 1024; 16; 1],0.9723526180023327,0.15044512821516703,tvm
40,20,150,25,32,16,1,[40; 20; 150; 25; 32; 16; 1],0.4713277390692383,0.3103694142309431,tvm
20,2,15,1,64,32,2,[20; 2; 15; 1; 64; 32; 2],0.4109605409903452,0.35596048694405197,tvm
40,5,100,20,32,16,1,[40; 5; 100; 20; 32; 16; 1],0.39596101304050535,0.3694447419517785,tvm
160,40,50,25,80,16,1,[160; 40; 50; 25; 80; 16; 1],0.48742398200556636,0.3001200590988642,tvm
80,10,6,6,1280,64,4,[80; 10; 6; 6; 1280; 64; 4],0.2609717260347679,0.5605423871328705,tvm
10,1,15,3,128,64,4,[10; 1; 15; 3; 128; 64; 4],0.592651771963574,0.24683249288370543,tvm
16,4,60,1,128,64,4,[16; 4; 60; 1; 128; 64; 4],0.32081012800335884,0.4559884539685814,tvm
1,1,1500,1,128,16,1,[1; 1; 1500; 1; 128; 16; 1],3.21134608797729,0.045552771416753256,tvm
32,8,20,4,1280,80,5,[32; 8; 20; 4; 1280; 80; 5],0.28224411502014846,0.5182950024494628,tvm
8,2,375,1,1280,32,2,[8; 2; 375; 1; 1280; 32; 2],0.4481061379192397,0.3264532705688552,tvm
160,5,60,15,80,16,1,[160; 5; 60; 15; 80; 16; 1],0.36366674304008484,0.4022521087928848,tvm
64,8,12,6,256,64,4,[64; 8; 12; 6; 256; 64; 4],0.2970226649194956,0.4925069079336531,tvm
20,10,75,25,32,16,1,[20; 10; 75; 25; 32; 16; 1],0.4019434630172327,0.36394599675189276,tvm
10,5,6,6,1280,64,4,[10; 5; 6; 6; 1280; 64; 4],0.3602638089796528,0.40605165059467935,tvm
8,2,375,25,2560,16,1,[8; 2; 375; 25; 2560; 16; 1],3.2769990370143205,0.04464014564343463,tvm
80,2,1500,10,1024,32,2,[80; 2; 1500; 10; 1024; 32; 2],2.3405049270950258,0.06250177583145716,tvm
80,8,50,5,256,32,2,[80; 8; 50; 5; 256; 32; 2],0.30384206702001393,0.4814531303069319,tvm
20,1,75,5,320,64,4,[20; 1; 75; 5; 320; 64; 4],0.5641276560490951,0.2593131407707182,tvm
8,1,2,1,2560,80,5,[8; 1; 2; 1; 2560; 80; 5],0.7536113120149821,0.1941129491469285,tvm
40,4,150,2,1280,160,10,[40; 4; 150; 2; 1280; 160; 10],0.39820607705041766,0.3673618327708062,tvm
2,2,30,3,512,16,1,[2; 2; 30; 3; 512; 16; 1],1.410787994042039,0.10369078479792851,tvm
20,20,50,1,256,128,8,[20; 20; 50; 1; 256; 128; 8],0.35463262698613107,0.4124993109881997,tvm
160,1,250,10,640,32,2,[160; 1; 250; 10; 640; 32; 2],0.5334854669636115,0.2742074964446825,tvm
20,10,25,1,1024,128,8,[20; 10; 25; 1; 1024; 128; 8],0.5259846809785813,0.2781178227730005,tvm
40,2,10,5,2560,80,5,[40; 2; 10; 5; 2560; 80; 5],0.5832054270431399,0.2508305092896426,tvm
32,4,60,4,320,32,2,[32; 4; 60; 4; 320; 32; 2],0.41263607202563435,0.35451509018006194,tvm
40,10,300,3,320,64,4,[40; 10; 300; 3; 320; 64; 4],0.2884864170337096,0.5070800760391462,tvm
64,2,60,30,80,16,1,[64; 2; 60; 30; 80; 16; 1],0.5796084189787507,0.2523871453479998,tvm
8,1,15,5,2560,16,1,[8; 1; 15; 5; 2560; 16; 1],0.8933042479911819,0.16375799691390064,tvm
16,16,4,4,5120,64,4,[16; 16; 4; 4; 5120; 64; 4],0.28745936090126634,0.5088918093572157,tvm
160,10,25,25,80,16,1,[160; 10; 25; 25; 80; 16; 1],0.28244013898074627,0.5179352864420113,tvm
80,5,300,2,128,64,4,[80; 5; 300; 2; 128; 64; 4],0.29980071692261845,0.4879431770120553,tvm
5,5,15,1,128,128,8,[5; 5; 15; 1; 128; 128; 8],0.46821380394976586,0.3124335785311642,tvm
20,20,300,1,640,128,8,[20; 20; 300; 1; 640; 128; 8],0.3542026869254187,0.41300001294602373,tvm
20,10,6,2,2560,80,5,[20; 10; 6; 2; 2560; 80; 5],0.35956283507402986,0.4068432552424272,tvm
256,64,150,15,16,16,1,[256; 64; 150; 15; 16; 16; 1],0.574677905999124,0.2545525289185857,tvm
20,20,6,3,640,16,1,[20; 20; 6; 3; 640; 16; 1],0.4395952840568498,0.33277362062600335,tvm
256,1,75,15,256,16,1,[256; 1; 75; 15; 256; 16; 1],0.8917425340041518,0.16404478726483313,tvm
4,2,25,1,160,160,10,[4; 2; 25; 1; 160; 160; 10],0.7298266170546412,0.20043899587559447,tvm
2,1,50,2,1024,32,2,[2; 1; 50; 2; 1024; 32; 2],1.7408185040112585,0.08403272021100266,tvm
16,1,4,1,2560,80,5,[16; 1; 4; 1; 2560; 80; 5],0.7942748189670965,0.18417518822509002,tvm
2,2,2,2,64,32,2,[2; 2; 2; 2; 64; 32; 2],0.7868187339045107,0.1859204769563452,tvm
64,8,500,20,512,16,1,[64; 8; 500; 20; 512; 16; 1],0.6973876439733431,0.20976241198117057,tvm
16,2,3,1,256,32,2,[16; 2; 3; 1; 256; 32; 2],0.6106452719541267,0.2395592351310364,tvm
40,1,125,5,5120,64,4,[40; 1; 125; 5; 5120; 64; 4],0.8213901499984786,0.17809528673552422,tvm
4,2,15,3,5120,16,1,[4; 2; 15; 3; 5120; 16; 1],1.8664540920872241,0.07837627236902754,tvm
4,4,750,15,160,16,1,[4; 4; 750; 15; 160; 16; 1],0.7571100300410762,0.19321592434560364,tvm
128,16,50,10,64,16,1,[128; 16; 50; 10; 64; 16; 1],0.28060791501775384,0.5213171348942844,tvm
5,1,1500,5,128,64,4,[5; 1; 1500; 5; 128; 64; 4],0.5370360639644787,0.2723945822293791,tvm
40,5,100,10,160,32,2,[40; 5; 100; 10; 160; 32; 2],0.3408039700007066,0.4292371191726757,tvm
5,5,100,5,640,80,5,[5; 5; 100; 5; 640; 80; 5],0.6598184090107679,0.2217060213658376,tvm
16,2,25,1,1280,80,5,[16; 2; 25; 1; 1280; 80; 5],0.7468341579660773,0.1958744290487566,tvm
4,4,60,10,32,32,2,[4; 4; 60; 10; 32; 32; 2],0.49844416498672217,0.2934846559786915,tvm
4,4,15,3,64,32,2,[4; 4; 15; 3; 64; 32; 2],0.45006495504640043,0.32503244841765705,tvm
80,20,12,2,160,80,5,[80; 20; 12; 2; 160; 80; 5],0.30077662703115493,0.48635997992810054,tvm
5,5,30,3,320,16,1,[5; 5; 30; 3; 320; 16; 1],0.5961570569779724,0.24538116688119563,tvm
8,2,4,1,320,32,2,[8; 2; 4; 1; 320; 32; 2],0.3959222179837525,0.3694809425716984,tvm
4,1,12,12,32,16,1,[4; 1; 12; 12; 32; 16; 1],0.816777884028852,0.1791009736504409,tvm
16,8,12,2,320,64,4,[16; 8; 12; 2; 320; 64; 4],0.36894732201471925,0.39649485321343025,tvm
8,1,300,5,160,80,5,[8; 1; 300; 5; 160; 80; 5],0.5680169640108943,0.2575375799566941,tvm
16,4,6,3,64,16,1,[16; 4; 6; 3; 64; 16; 1],0.6477382589364424,0.22584078100606403,tvm
20,5,30,1,640,64,4,[20; 5; 30; 1; 640; 64; 4],0.36237970797810704,0.4036807554758338,tvm
5,5,60,3,1024,32,2,[5; 5; 60; 3; 1024; 32; 2],0.9106583540560678,0.16063731654594554,tvm
20,20,1500,4,640,80,5,[20; 20; 1500; 4; 640; 80; 5],0.5337488490622491,0.27407218683979506,tvm
16,4,750,1,128,64,4,[16; 4; 750; 1; 128; 64; 4],0.3677323500160128,0.3978048552958268,tvm
32,32,20,2,1024,128,8,[32; 32; 20; 2; 1024; 128; 8],0.31129454099573195,0.46992701451748226,tvm
5,5,500,5,128,32,2,[5; 5; 500; 5; 128; 32; 2],0.4404300090391189,0.3321429314157411,tvm
10,1,1500,3,5120,80,5,[10; 1; 1500; 3; 5120; 80; 5],0.770998885971494,0.18973531213522776,tvm
80,2,1500,12,128,32,2,[80; 2; 1500; 12; 128; 32; 2],0.553989842068404,0.26405847756979567,tvm
20,1,50,10,1024,16,1,[20; 1; 50; 10; 1024; 16; 1],2.936936788028106,0.04980894205214823,tvm
160,1,20,10,640,32,2,[160; 1; 20; 10; 640; 32; 2],0.5125880180858076,0.28538652704368517,tvm
320,10,150,30,5120,16,1,[320; 10; 150; 30; 5120; 16; 1],1.4812070219777524,0.09876115365047972,tvm
64,1,4,2,5120,64,4,[64; 1; 4; 2; 5120; 64; 4],0.5794889639364555,0.25243917208016997,tvm
40,1,125,1,2560,128,8,[40; 1; 125; 1; 2560; 128; 8],0.4960671419976279,0.2948909570922837,tvm
8,8,10,1,128,16,1,[8; 8; 10; 1; 128; 16; 1],0.5134263349464163,0.28492055106791786,tvm
256,4,150,25,160,16,1,[256; 4; 150; 25; 160; 16; 1],0.48056037398055196,0.30440652664306944,tvm
10,1,100,2,32,32,2,[10; 1; 100; 2; 32; 32; 2],0.4661447409307584,0.31382036831226146,tvm
10,10,60,5,64,16,1,[10; 10; 60; 5; 64; 16; 1],0.41500472102779895,0.35249168713894075,tvm
10,1,500,2,512,128,8,[10; 1; 500; 2; 512; 128; 8],0.444242684985511,0.32929234229368437,tvm
128,1,15,3,64,64,4,[128; 1; 15; 3; 64; 64; 4],0.2366488539846614,0.6181551772703532,tvm
80,40,12,6,640,32,2,[80; 40; 12; 6; 640; 32; 2],0.2403204570291564,0.6087110356483988,tvm
20,1,60,10,1280,32,2,[20; 1; 60; 10; 1280; 32; 2],0.6847890369826928,0.21362157742810287,tvm
8,4,100,1,5120,64,4,[8; 4; 100; 1; 5120; 64; 4],0.505113334977068,0.28960968589822644,tvm
160,40,1500,12,1280,32,2,[160; 40; 1500; 12; 1280; 32; 2],0.42273220501374453,0.34604818973032353,tvm
256,32,60,12,320,16,1,[256; 32; 60; 12; 320; 16; 1],0.4116811800049618,0.3553373857992517,tvm
20,2,30,30,320,16,1,[20; 2; 30; 30; 320; 16; 1],0.6885462619829923,0.21245589782800633,tvm
16,1,375,3,2560,16,1,[16; 1; 375; 3; 2560; 16; 1],1.0595975070027635,0.13805781281942256,tvm
160,16,12,6,320,32,2,[160; 16; 12; 6; 320; 32; 2],0.21781363000627607,0.6716095511630711,tvm
320,4,75,25,1280,16,1,[320; 4; 75; 25; 1280; 16; 1],0.7064424670534208,0.2070737832280576,tvm
16,2,60,1,160,16,1,[16; 2; 60; 1; 160; 16; 1],0.45007382601033896,0.32502604202172347,tvm
16,4,750,15,1280,16,1,[16; 4; 750; 15; 1280; 16; 1],0.6259984009666368,0.23368384657185526,tvm
1,1,5,5,320,32,2,[1; 1; 5; 5; 320; 32; 2],1.8869203110225499,0.07752617502243109,tvm
2,2,150,5,128,16,1,[2; 2; 150; 5; 128; 16; 1],0.9868544799974188,0.14823433165758837,tvm
256,8,60,15,80,16,1,[256; 8; 60; 15; 80; 16; 1],0.41523391497321427,0.35229712461023527,tvm
8,1,12,2,160,32,2,[8; 1; 12; 2; 160; 32; 2],0.3234687279909849,0.4522406700464451,tvm
256,4,150,10,256,32,2,[256; 4; 150; 10; 256; 32; 2],0.4321253749076277,0.3385260916857399,tvm
256,128,10,10,640,16,1,[256; 128; 10; 10; 640; 16; 1],0.6444793550763279,0.22698277785545073,tvm
32,2,60,12,256,32,2,[32; 2; 60; 12; 256; 32; 2],0.6446970290271565,0.2269061399374811,tvm
1,1,750,6,128,16,1,[1; 1; 750; 6; 128; 16; 1],2.052045373013243,0.07128775816048695,tvm
64,2,30,6,320,32,2,[64; 2; 30; 6; 320; 32; 2],0.5521575110033154,0.26493475388915955,tvm
16,2,75,15,1280,16,1,[16; 2; 75; 15; 1280; 16; 1],0.8943320789840072,0.16356979440109096,tvm
64,1,750,2,128,64,4,[64; 1; 750; 2; 128; 64; 4],0.31165782804600894,0.4693792394141907,tvm
160,1,1500,20,640,16,1,[160; 1; 1500; 20; 640; 16; 1],0.6864702979801223,0.21309838854812363,tvm
80,16,1500,20,1280,16,1,[80; 16; 1500; 20; 1280; 16; 1],0.47318628104403615,0.30915037089188246,tvm
16,8,12,3,256,32,2,[16; 8; 12; 3; 256; 32; 2],0.40753190498799086,0.35895524373735854,tvm
80,1,60,12,1024,16,1,[80; 1; 60; 12; 1024; 16; 1],3.31583426205907,0.044117317912890384,tvm
160,32,60,10,256,32,2,[160; 32; 60; 10; 256; 32; 2],0.2847272700164467,0.5137748634939828,tvm
80,4,500,5,320,32,2,[80; 4; 500; 5; 320; 32; 2],0.40309868298936635,0.36290298246787694,tvm
32,32,60,5,64,32,2,[32; 32; 60; 5; 64; 32; 2],0.26524479396175593,0.5515121035959196,tvm
32,8,750,2,256,128,8,[32; 8; 750; 2; 256; 128; 8],0.311292752972804,0.4699297137138766,tvm
16,1,750,25,256,16,1,[16; 1; 750; 25; 256; 16; 1],1.0875843910034746,0.1345051616185313,tvm
160,5,375,25,640,16,1,[160; 5; 375; 25; 640; 16; 1],0.44402785098645836,0.3294516638105559,tvm
32,16,60,6,5120,64,4,[32; 16; 60; 6; 5120; 64; 4],0.30026235699187964,0.4871929859981432,tvm
80,4,1500,10,640,16,1,[80; 4; 1500; 10; 640; 16; 1],0.4914417730178684,0.29766642218343836,tvm
20,1,125,5,256,64,4,[20; 1; 125; 5; 256; 64; 4],0.5632501000072807,0.25971715634639636,tvm
80,10,1500,10,64,32,2,[80; 10; 1500; 10; 64; 32; 2],0.2831368949264288,0.5166607281037169,tvm
10,1,25,5,32,32,2,[10; 1; 25; 5; 32; 32; 2],0.567920743022114,0.2575812137223136,tvm
256,1,100,25,640,16,1,[256; 1; 100; 25; 640; 16; 1],0.8033258210634813,0.18210010241181374,tvm
64,32,2,2,256,64,4,[64; 32; 2; 2; 256; 64; 4],0.29015900602098554,0.5041570699175,tvm
80,80,20,5,320,32,2,[80; 80; 20; 5; 320; 32; 2],0.3143915479304269,0.46529785946435975,tvm
20,4,1500,6,16,16,1,[20; 4; 1500; 6; 16; 16; 1],0.6086721810279414,0.24033579789807902,tvm
64,64,75,5,640,80,5,[64; 64; 75; 5; 640; 80; 5],0.4945904939668253,0.29577138273006603,tvm
20,20,250,1,640,16,1,[20; 20; 250; 1; 640; 16; 1],0.5951665659667924,0.24578953632599781,tvm
40,4,4,4,320,64,4,[40; 4; 4; 4; 320; 64; 4],0.3351759919896722,0.4364444882144835,tvm
8,4,1500,3,128,16,1,[8; 4; 1500; 3; 128; 16; 1],0.7401313809677958,0.19764830683767398,tvm
10,1,60,5,32,32,2,[10; 1; 60; 5; 32; 32; 2],0.5344517130870372,0.2737117511341781,tvm
160,5,30,30,5120,16,1,[160; 5; 30; 30; 5120; 16; 1],1.8260615419130772,0.08010995846966787,tvm
80,2,1500,4,5120,64,4,[80; 2; 1500; 4; 5120; 64; 4],0.5469875709386542,0.2674388268725772,tvm
8,8,3,1,32,32,2,[8; 8; 3; 1; 32; 32; 2],0.4215077339904383,0.34705345237872365,tvm
40,10,750,15,1280,16,1,[40; 10; 750; 15; 1280; 16; 1],0.3799416080582887,0.38502156958621886,tvm
16,8,75,1,160,16,1,[16; 8; 75; 1; 160; 16; 1],0.4545212839730084,0.32184568565638705,tvm
8,8,300,1,512,64,4,[8; 8; 300; 1; 512; 64; 4],0.41630842396989465,0.3513878313841013,tvm
16,16,12,3,5120,32,2,[16; 16; 12; 3; 5120; 32; 2],0.35270783107262105,0.414750400751932,tvm
40,10,250,25,512,16,1,[40; 10; 250; 25; 512; 16; 1],0.6872481049504131,0.212857210128312,tvm
20,20,30,1,1280,160,10,[20; 20; 30; 1; 1280; 160; 10],0.4048076079925522,0.36137096091436527,tvm
20,10,100,5,64,16,1,[20; 10; 100; 5; 64; 16; 1],0.4519252219470218,0.32369451223694495,tvm
320,320,50,10,5120,16,1,[320; 320; 50; 10; 5120; 16; 1],2.547556627076119,0.05742196767324041,tvm
320,10,300,12,80,16,1,[320; 10; 300; 12; 80; 16; 1],0.4880490549840033,0.2997356777804007,tvm
32,2,150,30,32,16,1,[32; 2; 150; 30; 32; 16; 1],0.6034788490505889,0.24240404533788615,tvm
10,2,20,10,160,32,2,[10; 2; 20; 10; 160; 32; 2],0.5565237400587648,0.26285619777921354,tvm
64,1,100,10,80,16,1,[64; 1; 100; 10; 80; 16; 1],0.6284441950265318,0.23277439022177357,tvm
80,5,30,10,2560,32,2,[80; 5; 30; 10; 2560; 32; 2],0.5167219169670716,0.2831033665928988,tvm
256,4,300,20,128,16,1,[256; 4; 300; 20; 128; 16; 1],0.5107521119061857,0.28641235322504915,tvm
320,10,30,10,5120,16,1,[320; 10; 30; 10; 5120; 16; 1],0.6893030820647255,0.2122226319481016,tvm
320,20,500,10,1024,16,1,[320; 20; 500; 10; 1024; 16; 1],0.6103357409592718,0.23968072729248222,tvm
128,2,250,25,160,16,1,[128; 2; 250; 25; 160; 16; 1],0.5451923010405153,0.26831947921224086,tvm
32,1,1500,10,64,16,1,[32; 1; 1500; 10; 64; 16; 1],0.6201415410032496,0.23589084848123043,tvm
128,64,30,3,320,64,4,[128; 64; 30; 3; 320; 64; 4],0.2178701349766925,0.6714353681442561,tvm
160,40,300,20,256,16,1,[160; 40; 300; 20; 256; 16; 1],0.7891181339509785,0.18537872593712545,tvm
64,4,5,5,2560,64,4,[64; 4; 5; 5; 2560; 64; 4],0.3629076259676367,0.4030935252343243,tvm
80,80,75,5,64,64,4,[80; 80; 75; 5; 64; 64; 4],0.30482013896107674,0.47990829865868506,tvm
40,8,1500,3,80,80,5,[40; 8; 1500; 3; 80; 80; 5],0.30219872610177845,0.4840712473302958,tvm
2,1,500,1,32,16,1,[2; 1; 500; 1; 32; 16; 1],1.1334501630626619,0.12906232585510424,tvm
32,4,300,1,640,160,10,[32; 4; 300; 1; 640; 160; 10],0.5892630559392273,0.24825196966157884,tvm
80,20,50,5,320,80,5,[80; 20; 50; 5; 320; 80; 5],0.415612181997858,0.35197648341902604,tvm
320,2,50,25,80,16,1,[320; 2; 50; 25; 80; 16; 1],0.6665258440189064,0.21947493199013124,tvm
10,10,25,5,512,64,4,[10; 10; 25; 5; 512; 64; 4],0.37573483504820615,0.3893323180081136,tvm
10,5,15,5,2560,80,5,[10; 5; 15; 5; 2560; 80; 5],0.39618230902124196,0.36923838080279087,tvm
20,1,10,10,2560,32,2,[20; 1; 10; 10; 2560; 32; 2],0.6413916909368709,0.2280754745544599,tvm
64,16,250,10,1024,32,2,[64; 16; 250; 10; 1024; 32; 2],0.3871237370185554,0.3778784411731968,tvm
1,1,2,1,32,16,1,[1; 1; 2; 1; 32; 16; 1],1.7198020069627091,0.08505962529027694,tvm
32,32,4,2,5120,128,8,[32; 32; 4; 2; 5120; 128; 8],0.5780065220315009,0.253086615305946,tvm
2,1,12,1,640,32,2,[2; 1; 12; 1; 640; 32; 2],0.9724763019476086,0.15042599392164452,tvm
20,5,250,1,640,16,1,[20; 5; 250; 1; 640; 16; 1],0.5624493680661544,0.260086903090819,tvm
80,16,375,3,320,64,4,[80; 16; 375; 3; 320; 64; 4],0.24392473103944212,0.5997166161149121,tvm
16,4,4,1,640,16,1,[16; 4; 4; 1; 640; 16; 1],0.6776849220041186,0.21586095475328468,tvm
40,2,100,2,2560,80,5,[40; 2; 100; 2; 2560; 80; 5],0.5961964959278703,0.24536493468994222,tvm
128,8,1500,10,128,32,2,[128; 8; 1500; 10; 128; 32; 2],0.32878386101219803,0.44492972932234964,tvm
128,8,150,10,160,32,2,[128; 8; 150; 10; 160; 32; 2],0.2910825440194458,0.5025574954296871,tvm
16,4,150,2,2560,64,4,[16; 4; 150; 2; 2560; 64; 4],0.3930303390370682,0.37219954735330885,tvm
5,1,50,1,64,32,2,[5; 1; 50; 1; 64; 32; 2],0.49569985503330827,0.2951094554503848,tvm
8,2,750,30,32,16,1,[8; 2; 750; 30; 32; 16; 1],0.8701082039624453,0.1681235892496287,tvm
16,4,10,10,160,32,2,[16; 4; 10; 10; 160; 32; 2],0.4061314690625295,0.3601930050468254,tvm
8,1,15,3,2560,80,5,[8; 1; 15; 3; 2560; 80; 5],0.5911335620330647,0.24746643344458236,tvm
20,1,4,1,64,32,2,[20; 1; 4; 1; 64; 32; 2],0.7083188280230388,0.20652523764475764,tvm
40,40,500,20,64,16,1,[40; 40; 500; 20; 64; 16; 1],0.5391039049718529,0.2713497582499463,tvm
4,2,60,15,16,16,1,[4; 2; 60; 15; 16; 16; 1],0.9713602470001206,0.1505988275076035,tvm
256,4,100,25,320,16,1,[256; 4; 100; 25; 320; 16; 1],0.5169439420569688,0.2829817749747286,tvm
128,32,25,5,2560,64,4,[128; 32; 25; 5; 2560; 64; 4],0.2428842829540372,0.6022856337451734,tvm
10,5,150,2,2560,16,1,[10; 5; 150; 2; 2560; 16; 1],0.5122585449134931,0.2855700812378212,tvm
8,4,25,1,512,32,2,[8; 4; 25; 1; 512; 32; 2],0.39761670294683427,0.36790636107979174,tvm
64,8,1500,20,320,16,1,[64; 8; 1500; 20; 320; 16; 1],0.3536084709921852,0.41369403248528863,tvm
160,40,300,10,1280,32,2,[160; 40; 300; 10; 1280; 32; 2],0.3657475409563631,0.3999636303861506,tvm
10,2,150,5,512,64,4,[10; 2; 150; 5; 512; 64; 4],0.6823245669947937,0.21439315153199004,tvm
5,1,1500,6,256,32,2,[5; 1; 1500; 6; 256; 32; 2],0.8629803080111742,0.16951222748389774,tvm
40,2,750,30,80,16,1,[40; 2; 750; 30; 80; 16; 1],0.5875320400809869,0.248983381851907,tvm
20,1,20,5,128,64,4,[20; 1; 20; 5; 128; 64; 4],0.535106503055431,0.2733768202225731,tvm
64,8,150,3,64,64,4,[64; 8; 150; 3; 64; 64; 4],0.24045274511445314,0.6083761456584068,tvm
2,1,30,15,16,16,1,[2; 1; 30; 15; 16; 16; 1],1.3867660081014037,0.10548694836123898,tvm
64,16,60,10,256,32,2,[64; 16; 60; 10; 256; 32; 2],0.24971210397779942,0.5858174752262701,tvm
20,1,12,2,1024,128,8,[20; 1; 12; 2; 1024; 128; 8],0.33738033403642476,0.4335928906571086,tvm
2,1,100,10,1280,32,2,[2; 1; 100; 10; 1280; 32; 2],1.0912620410090312,0.13405186727694823,tvm
5,1,3,3,640,80,5,[5; 1; 3; 3; 640; 80; 5],0.5881456580245867,0.24872361512800456,tvm
256,4,6,6,32,32,2,[256; 4; 6; 6; 32; 32; 2],0.38442822999786586,0.3805280228419396,tvm
256,1,50,5,320,32,2,[256; 1; 50; 5; 320; 32; 2],0.6061719439458102,0.2413270949715742,tvm
128,4,1500,15,32,16,1,[128; 4; 1500; 15; 32; 16; 1],0.4267533579841256,0.3427874943427061,tvm
16,1,750,6,64,64,4,[16; 1; 750; 6; 64; 64; 4],0.43942007201258093,0.33290630902615215,tvm
8,2,150,6,256,16,1,[8; 2; 150; 6; 256; 16; 1],0.8723567499546334,0.16769024174263777,tvm
16,4,60,2,16,16,1,[16; 4; 60; 2; 16; 16; 1],0.4687125830678269,0.3121011032565888,tvm
32,1,30,5,256,32,2,[32; 1; 30; 5; 256; 32; 2],0.6083886349806562,0.24044780897388965,tvm
4,4,1500,2,1024,16,1,[4; 4; 1500; 2; 1024; 16; 1],1.364060610998422,0.10724282565320958,tvm
128,2,100,20,32,16,1,[128; 2; 100; 20; 32; 16; 1],0.5348524580476806,0.27350666914701427,tvm
16,2,60,30,32,16,1,[16; 2; 60; 30; 32; 16; 1],0.6428764049196616,0.22754873746532228,tvm
80,4,20,5,1024,64,4,[80; 4; 20; 5; 1024; 64; 4],0.45842668204568326,0.31910383931609065,tvm
16,2,250,5,160,80,5,[16; 2; 250; 5; 160; 80; 5],0.5162719750078395,0.2833500971721213,tvm
10,2,1500,5,160,32,2,[10; 2; 1500; 5; 160; 32; 2],0.7621575159719214,0.1919363270979061,tvm
128,8,100,5,160,32,2,[128; 8; 100; 5; 160; 32; 2],0.2937646929640323,0.4979690132592793,tvm
4,2,25,1,5120,32,2,[4; 2; 25; 1; 5120; 32; 2],0.815215694019571,0.17944418312707605,tvm
16,1,60,1,64,64,4,[16; 1; 60; 1; 64; 64; 4],0.6103010789956897,0.23969433992553607,tvm
320,1,250,10,320,16,1,[320; 1; 250; 10; 320; 16; 1],0.7787481429986656,0.18784727206208562,tvm
20,5,60,6,32,16,1,[20; 5; 60; 6; 32; 16; 1],0.5592200399842113,0.26158882698453445,tvm
8,8,75,5,5120,32,2,[8; 8; 75; 5; 5120; 32; 2],0.7277690600603819,0.20100567929279267,tvm
40,4,12,1,128,128,8,[40; 4; 12; 1; 128; 128; 8],0.49201615795027465,0.2973189232141002,tvm
20,20,500,5,1024,64,4,[20; 20; 500; 5; 1024; 64; 4],0.2764951710123569,0.5290714978858586,tvm
128,128,500,20,2560,16,1,[128; 128; 500; 20; 2560; 16; 1],2.447654242045246,0.05976567759156979,tvm
20,1,5,1,1280,80,5,[20; 1; 5; 1; 1280; 80; 5],0.8588830119697377,0.17032088450582675,tvm
1,1,4,2,1280,160,10,[1; 1; 4; 2; 1280; 160; 10],1.9016490230569616,0.07692571684471793,tvm
80,8,20,4,512,32,2,[80; 8; 20; 4; 512; 32; 2],0.3090244740014896,0.47337905762444293,tvm
256,256,15,5,160,32,2,[256; 256; 15; 5; 160; 32; 2],0.6044701980426908,0.24200649553840015,tvm
8,2,150,30,320,16,1,[8; 2; 150; 30; 320; 16; 1],0.9024569289758801,0.16209717005743557,tvm
64,16,150,5,320,64,4,[64; 16; 150; 5; 320; 64; 4],0.2385468069696799,0.6132369413953536,tvm
4,2,20,20,128,16,1,[4; 2; 20; 20; 128; 16; 1],0.7585914219962433,0.19283860856317295,tvm
20,4,150,6,320,32,2,[20; 4; 150; 6; 320; 32; 2],0.4187907410087064,0.34930503461792894,tvm
8,4,3,1,2560,160,10,[8; 4; 3; 1; 2560; 160; 10],0.5375787039520219,0.2721196230622448,tvm
4,1,6,2,160,16,1,[4; 1; 6; 2; 160; 16; 1],0.3922914949944243,0.3729005501069899,tvm
80,10,3,3,640,80,5,[80; 10; 3; 3; 640; 80; 5],0.2503571850247681,0.5843080328261483,tvm
40,40,30,3,256,64,4,[40; 40; 30; 3; 256; 64; 4],0.245241035008803,0.5964977039036853,tvm
2,2,500,10,512,32,2,[2; 2; 500; 10; 512; 32; 2],2.5166603079997003,0.058126920753157015,tvm
10,1,2,1,320,160,10,[10; 1; 2; 1; 320; 160; 10],0.7584136490477249,0.192883810133682,tvm
20,10,60,2,256,16,1,[20; 10; 60; 2; 256; 16; 1],0.41584405896719545,0.3517802193664483,tvm
20,2,150,10,2560,16,1,[20; 2; 150; 10; 2560; 16; 1],1.2200374199310318,0.11990264552212158,tvm
320,5,375,15,256,16,1,[320; 5; 375; 15; 256; 16; 1],0.6658717340324074,0.21969053018639578,tvm
4,1,300,4,1280,80,5,[4; 1; 300; 4; 1280; 80; 5],0.8018376210238785,0.1824380777979959,tvm
2,1,300,2,5120,128,8,[2; 1; 300; 2; 5120; 128; 8],1.5986305009573698,0.09150689555723375,tvm
320,10,150,25,1024,16,1,[320; 10; 150; 25; 1024; 16; 1],1.0053729719948024,0.1455039257674321,tvm
32,8,20,5,128,64,4,[32; 8; 20; 5; 128; 64; 4],0.31405769498087466,0.46579248534134066,tvm
10,10,300,3,2560,80,5,[10; 10; 300; 3; 2560; 80; 5],0.4095661089522764,0.35717241023660934,tvm
16,2,5,1,2560,80,5,[16; 2; 5; 1; 2560; 80; 5],0.775184792932123,0.1887107637036985,tvm
40,40,100,2,320,64,4,[40; 40; 100; 2; 320; 64; 4],0.24371837195940316,0.6002244029025497,tvm
64,2,50,25,5120,16,1,[64; 2; 50; 25; 5120; 16; 1],4.264764140010811,0.03430100926644526,tvm
2,2,50,2,1280,16,1,[2; 2; 50; 2; 1280; 16; 1],1.482343333074823,0.09868544690134236,tvm
16,2,30,10,2560,16,1,[16; 2; 30; 10; 2560; 16; 1],1.0272414149949327,0.14240636344129087,tvm
20,4,60,2,1280,64,4,[20; 4; 60; 2; 1280; 64; 4],0.3672012749593705,0.39838019163168836,tvm
256,256,300,15,16,16,1,[256; 256; 300; 15; 16; 16; 1],0.6861654059030116,0.2131930771024495,tvm
20,1,1500,6,320,64,4,[20; 1; 1500; 6; 320; 64; 4],0.48008102003950626,0.304710472148381,tvm
1,1,30,2,320,80,5,[1; 1; 30; 2; 320; 80; 5],2.004920819075778,0.07296333745147532,tvm
80,5,60,5,64,32,2,[80; 5; 60; 5; 64; 32; 2],0.35448452399577945,0.41267165245119697,tvm
8,8,60,30,16,16,1,[8; 8; 60; 30; 16; 16; 1],0.5335995530476794,0.27414886959742835,tvm
16,4,125,25,16,16,1,[16; 4; 125; 25; 16; 16; 1],0.5069345170632005,0.2885692517707895,tvm
64,64,75,5,512,32,2,[64; 64; 75; 5; 512; 32; 2],0.31304589402861893,0.4672979811463067,tvm
2,1,150,30,1280,16,1,[2; 1; 150; 30; 1280; 16; 1],2.6185494220117107,0.05586517216594283,tvm
320,80,750,15,1024,16,1,[320; 80; 750; 15; 1024; 16; 1],3.370097353006713,0.04340696987735443,tvm
64,4,125,5,640,64,4,[64; 4; 125; 5; 640; 64; 4],0.3673598620807752,0.3982082132139655,tvm
20,5,500,2,5120,80,5,[20; 5; 500; 2; 5120; 80; 5],0.5383187319384888,0.27174553959684555,tvm
5,5,125,5,640,32,2,[5; 5; 125; 5; 640; 32; 2],0.5763045600615442,0.2538340391929092,tvm
80,40,20,2,1280,80,5,[80; 40; 20; 2; 1280; 80; 5],0.4163194140419364,0.35137855538723145,tvm
2,2,1500,4,640,32,2,[2; 2; 1500; 4; 640; 32; 2],1.3940760910045356,0.10493380901490432,tvm
2,2,5,5,2560,16,1,[2; 2; 5; 5; 2560; 16; 1],0.9890793981030583,0.1479008809265198,tvm
10,1,20,5,160,80,5,[10; 1; 20; 5; 160; 80; 5],0.5574177550151944,0.26243461563531784,tvm
128,16,300,4,512,32,2,[128; 16; 300; 4; 512; 32; 2],0.2669921509223059,0.5479026772149684,tvm
20,1,100,2,512,16,1,[20; 1; 100; 2; 512; 16; 1],0.8264249650528654,0.17701027978548128,tvm
8,4,500,4,64,32,2,[8; 4; 500; 4; 64; 32; 2],0.4098959290422499,0.3568850137826959,tvm
8,2,15,3,1280,16,1,[8; 2; 15; 3; 1280; 16; 1],0.5956706739962101,0.24558152796799432,tvm
4,1,750,2,1280,80,5,[4; 1; 750; 2; 1280; 80; 5],0.7199503909796476,0.2031886031573107,tvm
320,5,60,10,128,16,1,[320; 5; 60; 10; 128; 16; 1],0.5499888580525294,0.26597941420795573,tvm
10,10,50,5,80,16,1,[10; 10; 50; 5; 80; 16; 1],0.41068078903481364,0.3562029639358504,tvm
16,1,500,1,256,64,4,[16; 1; 500; 1; 256; 64; 4],0.5794126100372523,0.25247243803739294,tvm
1,1,150,3,160,16,1,[1; 1; 150; 3; 160; 16; 1],1.97692438098602,0.07399661600245537,tvm
64,16,75,15,320,16,1,[64; 16; 75; 15; 320; 16; 1],0.2811384639935568,0.5203333340010953,tvm
160,20,375,15,320,16,1,[160; 20; 375; 15; 320; 16; 1],0.3047079419484362,0.48008500648292685,tvm
80,5,300,4,160,32,2,[80; 5; 300; 4; 160; 32; 2],0.3582244929857552,0.4083632391142259,tvm
16,8,6,3,1280,80,5,[16; 8; 6; 3; 1280; 80; 5],0.31353446503635496,0.4665698052325832,tvm
160,20,100,5,5120,32,2,[160; 20; 100; 5; 5120; 32; 2],0.28451272402890027,0.5141622919854189,tvm
5,5,300,12,160,32,2,[5; 5; 300; 12; 160; 32; 2],0.5107123759808019,0.2864346375095741,tvm
320,40,60,30,256,16,1,[320; 40; 60; 30; 256; 16; 1],0.961331938044168,0.15216982656722391,tvm
4,2,15,3,80,16,1,[4; 2; 15; 3; 80; 16; 1],0.6658305689925328,0.21970411257485367,tvm
80,80,30,30,64,16,1,[80; 80; 30; 30; 64; 16; 1],0.7563427609857172,0.1934119315098155,tvm
10,10,30,2,1280,80,5,[10; 10; 30; 2; 1280; 80; 5],0.371438674046658,0.39383544177561525,tvm
8,4,15,3,1280,80,5,[8; 4; 15; 3; 1280; 80; 5],0.4324727039784193,0.33825421336421285,tvm
10,5,300,6,80,16,1,[10; 5; 300; 6; 80; 16; 1],0.46255030599422753,0.31625903688741674,tvm
80,8,75,5,32,32,2,[80; 8; 75; 5; 32; 32; 2],0.2797264890978113,0.5229598196349682,tvm
40,10,15,1,2560,128,8,[40; 10; 15; 1; 2560; 128; 8],0.48184054903686047,0.3035977660620745,tvm
16,1,30,30,256,16,1,[16; 1; 30; 30; 256; 16; 1],0.9554870870197192,0.1531006711372702,tvm
8,4,375,5,5120,16,1,[8; 4; 375; 5; 5120; 16; 1],1.2840092930709943,0.11392885945228591,tvm
320,4,750,30,32,16,1,[320; 4; 750; 30; 32; 16; 1],0.5486816350603476,0.26661310482831235,tvm
40,1,60,12,128,16,1,[40; 1; 60; 12; 128; 16; 1],0.6460184860043228,0.22644199423843644,tvm
16,4,60,1,2560,64,4,[16; 4; 60; 1; 2560; 64; 4],0.38900888594798744,0.37604723071871804,tvm
5,5,300,25,32,16,1,[5; 5; 300; 25; 32; 16; 1],0.733461950905621,0.19944553920635177,tvm
64,4,125,5,256,64,4,[64; 4; 125; 5; 256; 64; 4],0.37603728799149394,0.389019171654656,tvm
40,2,375,3,640,80,5,[40; 2; 375; 3; 640; 80; 5],0.5330415120115504,0.27443587598585467,tvm
256,1,60,6,1280,32,2,[256; 1; 60; 6; 1280; 32; 2],0.5967925840523094,0.2451198593863429,tvm
2,2,12,4,2560,32,2,[2; 2; 12; 4; 2560; 32; 2],0.9957372948992997,0.14691195663260595,tvm
160,16,60,6,640,32,2,[160; 16; 60; 6; 640; 32; 2],0.2314637730596587,0.6320026341573972,tvm
160,80,75,15,160,16,1,[160; 80; 75; 15; 160; 16; 1],0.5081257820129395,0.2878927215741813,tvm
256,1,100,5,256,32,2,[256; 1; 100; 5; 256; 32; 2],0.6610531969927251,0.22129189443633257,tvm
8,1,100,2,640,128,8,[8; 1; 100; 2; 640; 128; 8],0.4353136019781232,0.3360467341727262,tvm
64,32,50,1,512,128,8,[64; 32; 50; 1; 512; 128; 8],0.4683618809795007,0.3123347997061207,tvm
128,8,300,15,160,16,1,[128; 8; 300; 15; 160; 16; 1],0.3059945999411866,0.47806632637906354,tvm
128,16,100,25,512,16,1,[128; 16; 100; 25; 512; 16; 1],1.356763473013416,0.10781961424772805,tvm
2,2,60,4,160,32,2,[2; 2; 60; 4; 160; 32; 2],0.7408212830778211,0.1974642435729636,tvm
8,2,10,10,1280,32,2,[8; 2; 10; 10; 1280; 32; 2],0.5830379240214825,0.2509025712713746,tvm
64,32,30,5,2560,32,2,[64; 32; 30; 5; 2560; 32; 2],0.2313326719449833,0.6323608034082825,tvm
10,5,10,5,512,32,2,[10; 5; 10; 5; 512; 32; 2],0.43887676601298153,0.3333184292589946,tvm
8,2,30,3,256,32,2,[8; 2; 30; 3; 256; 32; 2],0.6186815579421818,0.2364475106907668,tvm
16,8,15,3,1024,64,4,[16; 8; 15; 3; 1024; 64; 4],0.34432813606690615,0.4248439176555982,tvm
16,4,2,1,5120,128,8,[16; 4; 2; 1; 5120; 128; 8],0.5494706019526348,0.26623028377835645,tvm
10,10,150,2,2560,160,10,[10; 10; 150; 2; 2560; 160; 10],0.4010679549537599,0.36474046973555874,tvm
16,4,30,5,5120,64,4,[16; 4; 30; 5; 5120; 64; 4],0.5498668079962954,0.2660384517821266,tvm
8,4,300,2,64,32,2,[8; 4; 300; 2; 64; 32; 2],0.35779131099116057,0.4088576491152642,tvm
160,10,500,25,512,16,1,[160; 10; 500; 25; 512; 16; 1],0.6715911020291969,0.2178196135173849,tvm
40,4,10,10,1280,32,2,[40; 4; 10; 10; 1280; 32; 2],0.364867347991094,0.40092848837020345,tvm
1,1,60,3,5120,16,1,[1; 1; 60; 3; 5120; 16; 1],4.383504042983986,0.033371867084245485,tvm
10,1,30,6,1280,64,4,[10; 1; 30; 6; 1280; 64; 4],0.5822400799952447,0.2512463832563863,tvm
40,2,375,15,5120,16,1,[40; 2; 375; 15; 5120; 16; 1],4.29913892201148,0.03402674743463981,tvm
8,8,150,15,512,16,1,[8; 8; 150; 15; 512; 16; 1],0.7764764539897442,0.1883968451767714,tvm
80,20,125,5,5120,32,2,[80; 20; 125; 5; 5120; 32; 2],0.31349047704134136,0.46663527283612816,tvm
40,4,12,12,128,32,2,[40; 4; 12; 12; 128; 32; 2],0.3811629540286958,0.38378785960059797,tvm
16,4,1500,6,80,16,1,[16; 4; 1500; 6; 80; 16; 1],0.5481492800172418,0.26687203580950236,tvm
4,2,25,5,128,16,1,[4; 2; 25; 5; 128; 16; 1],0.6777076569851488,0.2158537132905966,tvm
80,2,12,12,5120,16,1,[80; 2; 12; 12; 5120; 16; 1],3.3008020920678973,0.0443182324190993,tvm
40,8,300,30,1024,16,1,[40; 8; 300; 30; 1024; 16; 1],1.1617236780002713,0.12592126428680755,tvm
320,5,100,25,2560,16,1,[320; 5; 100; 25; 2560; 16; 1],1.2192120329709724,0.11998381768694137,tvm
16,8,60,3,640,64,4,[16; 8; 60; 3; 640; 64; 4],0.39348196901846677,0.3717723448691212,tvm
10,1,4,1,512,16,1,[10; 1; 4; 1; 512; 16; 1],0.42169391294009984,0.346900227384818,tvm
2,2,500,4,160,16,1,[2; 2; 500; 4; 160; 16; 1],0.8751538449432701,0.16715428393643972,tvm
40,8,750,1,512,128,8,[40; 8; 750; 1; 512; 128; 8],0.5023901240201667,0.29117951824992916,tvm
20,20,25,1,64,16,1,[20; 20; 25; 1; 64; 16; 1],0.44726931396871805,0.3270640522768917,tvm
256,1,750,6,640,32,2,[256; 1; 750; 6; 640; 32; 2],0.5797765150200576,0.2523139701176987,tvm
32,32,1500,4,2560,80,5,[32; 32; 1500; 4; 2560; 80; 5],0.49965825106482953,0.2927715372936653,tvm
20,4,125,1,5120,160,10,[20; 4; 125; 1; 5120; 160; 10],0.6522724949754775,0.22427086135406335,tvm
10,2,20,2,16,16,1,[10; 2; 20; 2; 16; 16; 1],0.5681598479859531,0.2574728129843681,tvm
20,20,375,25,320,16,1,[20; 20; 375; 25; 320; 16; 1],0.5478061710018665,0.26703918653960523,tvm
16,2,250,5,1280,32,2,[16; 2; 250; 5; 1280; 32; 2],0.6175372409634292,0.23688565576626883,tvm
16,16,250,5,64,32,2,[16; 16; 250; 5; 64; 32; 2],0.2607579280156642,0.5610019814121496,tvm
32,32,375,1,5120,160,10,[32; 32; 375; 1; 5120; 160; 10],0.4303190190112218,0.3399471271844935,tvm
32,2,20,1,1280,160,10,[32; 2; 20; 1; 1280; 160; 10],0.6996463710675016,0.20908521838327482,tvm
256,128,125,5,160,32,2,[256; 128; 125; 5; 160; 32; 2],0.45440924703143537,0.3219250383687603,tvm
10,10,75,5,1280,32,2,[10; 10; 75; 5; 1280; 32; 2],0.3915882119908929,0.37357027051957437,tvm
320,10,75,15,1024,16,1,[320; 10; 75; 15; 1024; 16; 1],0.832648814888671,0.17568717047327254,tvm
64,16,150,2,5120,80,5,[64; 16; 150; 2; 5120; 80; 5],0.3398433410329744,0.4304504359010537,tvm
16,16,60,1,128,64,4,[16; 16; 60; 1; 128; 64; 4],0.3287762029794976,0.44494009286565256,tvm
256,4,300,12,1280,16,1,[256; 4; 300; 12; 1280; 16; 1],0.5150651750154793,0.2840139877080953,tvm
32,32,250,5,64,32,2,[32; 32; 250; 5; 64; 32; 2],0.2309373520547524,0.6334432822761029,tvm
4,2,10,5,5120,64,4,[4; 2; 10; 5; 5120; 64; 4],0.9733607610687613,0.15028930704489352,tvm
20,5,60,2,5120,64,4,[20; 5; 60; 2; 5120; 64; 4],0.4589824579888955,0.3187174405895345,tvm
80,80,60,10,64,16,1,[80; 80; 60; 10; 64; 16; 1],0.5264166680863127,0.27788959422107223,tvm
80,40,500,25,80,16,1,[80; 40; 500; 25; 80; 16; 1],0.4930557729676366,0.29669202209161893,tvm
8,4,60,1,5120,16,1,[8; 4; 60; 1; 5120; 16; 1],0.8314477519597858,0.175940958335515,tvm
20,10,500,4,1280,16,1,[20; 10; 500; 4; 1280; 16; 1],0.5221313659567386,0.2801703246033966,tvm
8,4,300,6,64,16,1,[8; 4; 300; 6; 64; 16; 1],0.5309984619962052,0.2754917852977882,tvm
160,1,30,10,5120,32,2,[160; 1; 30; 10; 5120; 32; 2],2.228221212979406,0.065651342619664,tvm
32,4,1500,2,2560,160,10,[32; 4; 1500; 2; 2560; 160; 10],0.4387087820796296,0.33344605866395016,tvm
20,2,750,30,64,16,1,[20; 2; 750; 30; 64; 16; 1],0.7412046269746497,0.1973621169673533,tvm
128,8,1500,4,1024,32,2,[128; 8; 1500; 4; 1024; 32; 2],0.37188054202124476,0.39336748701779967,tvm
5,1,10,10,1024,16,1,[5; 1; 10; 10; 1024; 16; 1],1.2749783239560202,0.1147358441607203,tvm
80,4,30,10,256,32,2,[80; 4; 30; 10; 256; 32; 2],0.39371325296815485,0.3715539499442415,tvm
16,16,15,3,128,16,1,[16; 16; 15; 3; 128; 16; 1],0.3805047310888767,0.38445176191921115,tvm
8,4,100,2,128,32,2,[8; 4; 100; 2; 128; 32; 2],0.3125066179782152,0.46810437241976055,tvm
32,1,50,5,160,32,2,[32; 1; 50; 5; 160; 32; 2],0.603222445002757,0.24250708092442697,tvm
8,1,1,1,320,64,4,[8; 1; 1; 1; 320; 64; 4],0.36900338996201754,0.39643460809607156,tvm
1,1,12,12,320,32,2,[1; 1; 12; 12; 320; 32; 2],1.946108695003204,0.07516831647755083,tvm
160,4,150,30,5120,16,1,[160; 4; 150; 30; 5120; 16; 1],2.143702183966525,0.06823975614702206,tvm
256,64,150,10,5120,16,1,[256; 64; 150; 10; 5120; 16; 1],1.700586813967675,0.08602072713030863,tvm
16,8,1500,15,1280,16,1,[16; 8; 1500; 15; 1280; 16; 1],0.5427848860854283,0.2695095571667973,tvm
20,10,25,5,80,16,1,[20; 10; 25; 5; 80; 16; 1],0.404869377030991,0.36131582822703023,tvm
80,16,60,10,32,16,1,[80; 16; 60; 10; 32; 16; 1],0.29973460698965937,0.4880507985211099,tvm
32,4,1500,5,320,32,2,[32; 4; 1500; 5; 320; 32; 2],0.4098367840051651,0.35693651715720737,tvm
20,2,500,1,1280,128,8,[20; 2; 500; 1; 1280; 128; 8],0.55477890803013,0.2636829053309459,tvm
256,4,20,5,64,32,2,[256; 4; 20; 5; 64; 32; 2],0.42122059990651906,0.34729002883092447,tvm
128,64,750,5,1024,64,4,[128; 64; 750; 5; 1024; 64; 4],0.3286507410230115,0.445109948118059,tvm
64,16,30,6,256,32,2,[64; 16; 30; 6; 256; 32; 2],0.26015922194346786,0.562293018840216,tvm
8,8,2,1,640,32,2,[8; 8; 2; 1; 640; 32; 2],0.334921021014452,0.43677674767210867,tvm
40,10,1500,12,640,16,1,[40; 10; 1500; 12; 640; 16; 1],0.4208087119041011,0.3476299566703164,tvm
8,1,75,1,2560,128,8,[8; 1; 75; 1; 2560; 128; 8],0.406447668094188,0.35991279017946004,tvm
16,16,150,2,1280,160,10,[16; 16; 150; 2; 1280; 160; 10],0.2979081410448998,0.4910430234387806,tvm
16,4,25,1,1024,16,1,[16; 4; 25; 1; 1024; 16; 1],0.47036813490558416,0.3110026029188348,tvm
40,2,300,10,512,16,1,[40; 2; 300; 10; 512; 16; 1],1.011649194988422,0.1446012264037718,tvm
320,320,300,20,256,16,1,[320; 320; 300; 20; 256; 16; 1],0.9961736029945314,0.14684761154679718,tvm
32,2,2,2,512,128,8,[32; 2; 2; 2; 512; 128; 8],0.299751361948438,0.48802351834143715,tvm
40,10,150,3,1280,64,4,[40; 10; 150; 3; 1280; 64; 4],0.30112069204915315,0.48580425772213454,tvm
16,16,100,1,1024,64,4,[16; 16; 100; 1; 1024; 64; 4],0.3747380470158532,0.3903679262104008,tvm
80,4,125,25,32,16,1,[80; 4; 125; 25; 32; 16; 1],0.4106324251042679,0.35624491721171164,tvm
16,4,60,10,128,16,1,[16; 4; 60; 10; 128; 16; 1],0.5085949669592083,0.2876271370916793,tvm
80,16,250,2,320,64,4,[80; 16; 250; 2; 320; 64; 4],0.28869492595549673,0.5067138391904564,tvm
20,5,60,10,640,16,1,[20; 5; 60; 10; 640; 16; 1],0.46217240602709353,0.31651762930463384,tvm
16,8,5,1,5120,16,1,[16; 8; 5; 1; 5120; 16; 1],0.44477793504484,0.3288960687111572,tvm
80,40,750,3,256,64,4,[80; 40; 750; 3; 256; 64; 4],0.24129377794452012,0.6062556421133631,tvm
16,1,75,1,640,128,8,[16; 1; 75; 1; 640; 128; 8],0.5572709920816123,0.2625037304369339,tvm
2,2,2,1,5120,80,5,[2; 2; 2; 1; 5120; 80; 5],1.1518775130389258,0.12699763006899745,tvm
80,8,1500,6,1280,32,2,[80; 8; 1500; 6; 1280; 32; 2],0.2975254610646516,0.4916746074848591,tvm
160,40,300,15,5120,16,1,[160; 40; 300; 15; 5120; 16; 1],2.552724138018675,0.05730572767618187,tvm
5,5,50,5,5120,16,1,[5; 5; 50; 5; 5120; 16; 1],1.3327088040532544,0.10976569963431321,tvm
10,1,30,15,16,16,1,[10; 1; 30; 15; 16; 16; 1],0.7059963019564748,0.20720464665370575,tvm
4,1,5,1,640,160,10,[4; 1; 5; 1; 640; 160; 10],0.674534009071067,0.21686929393993246,tvm
20,4,30,5,1024,64,4,[20; 4; 30; 5; 1024; 64; 4],0.4986183079890907,0.29338215613397595,tvm
10,2,100,25,80,16,1,[10; 2; 100; 25; 80; 16; 1],0.65430928603746,0.22357273143963796,tvm
128,8,10,10,640,16,1,[128; 8; 10; 10; 640; 16; 1],0.29486721102148294,0.4961070909815621,tvm
80,80,60,3,1280,64,4,[80; 80; 60; 3; 1280; 64; 4],0.23712768394034356,0.616906941673317,tvm
16,1,150,2,2560,160,10,[16; 1; 150; 2; 2560; 160; 10],0.6114294769940898,0.23925198210083734,tvm
80,5,10,10,32,16,1,[80; 5; 10; 10; 32; 16; 1],0.3712854840559885,0.3939979357330731,tvm
160,20,150,6,320,32,2,[160; 20; 150; 6; 320; 32; 2],0.22529106691945344,0.6493187514532686,tvm
128,4,75,15,128,16,1,[128; 4; 75; 15; 128; 16; 1],0.44670896092429757,0.3274743223933332,tvm
256,32,60,12,2560,32,2,[256; 32; 60; 12; 2560; 32; 2],0.4820618089288473,0.3034584187674286,tvm
320,5,300,20,2560,16,1,[320; 5; 300; 20; 2560; 16; 1],1.0067309540463611,0.14530765513640664,tvm
16,2,500,2,640,64,4,[16; 2; 500; 2; 640; 64; 4],0.39624200901016593,0.36918274932822986,tvm
4,4,12,12,64,16,1,[4; 4; 12; 12; 64; 16; 1],0.6210748259909451,0.23553637688069337,tvm
5,5,6,2,160,160,10,[5; 5; 6; 2; 160; 160; 10],0.44980420998763293,0.3252208650731311,tvm
32,1,125,5,1280,80,5,[32; 1; 125; 5; 1280; 80; 5],0.5136786649236456,0.2847805919824577,tvm
64,1,50,5,320,80,5,[64; 1; 50; 5; 320; 80; 5],0.5068396599963307,0.2886232586589087,tvm
2,1,750,5,128,64,4,[2; 1; 750; 5; 128; 64; 4],0.6721343649551272,0.21764355746857336,tvm
80,10,500,25,80,16,1,[80; 10; 500; 25; 80; 16; 1],0.2974316489417106,0.4918296852611766,tvm
80,16,1500,6,5120,64,4,[80; 16; 1500; 6; 5120; 64; 4],0.2645635169465095,0.5529323013773322,tvm
160,32,30,10,512,16,1,[160; 32; 30; 10; 512; 16; 1],0.38399553403723985,0.38095681152252026,tvm
10,5,500,2,256,16,1,[10; 5; 500; 2; 256; 16; 1],0.481802509049885,0.30362173616362,tvm
16,16,1500,1,128,128,8,[16; 16; 1500; 1; 128; 128; 8],0.31500167096965015,0.46439662950171673,tvm
128,4,60,30,128,16,1,[128; 4; 60; 30; 128; 16; 1],0.505644942051731,0.28930520632153034,tvm
160,5,750,10,64,32,2,[160; 5; 750; 10; 64; 32; 2],0.3166578869568184,0.4619676954569674,tvm
80,1,30,30,5120,16,1,[80; 1; 30; 30; 5120; 16; 1],4.173175969044678,0.03505380922607056,tvm
20,4,25,1,160,160,10,[20; 4; 25; 1; 160; 160; 10],0.5662921488983557,0.25832198904804393,tvm
64,16,20,4,5120,64,4,[64; 16; 20; 4; 5120; 64; 4],0.3100782440742478,0.47177032597838886,tvm
256,64,20,10,512,32,2,[256; 64; 20; 10; 512; 32; 2],0.6429335590219125,0.22752850933501914,tvm
16,4,2,2,2560,64,4,[16; 4; 2; 2; 2560; 64; 4],0.3365657179383561,0.43464234914296096,tvm
80,80,1500,10,32,32,2,[80; 80; 1500; 10; 32; 32; 2],0.42784651496913284,0.3419116649723514,tvm
10,5,50,1,160,80,5,[10; 5; 50; 1; 160; 80; 5],0.4089689221000299,0.35769396250098,tvm
8,8,125,1,1280,128,8,[8; 8; 125; 1; 1280; 128; 8],0.3971028249943629,0.3683824568303963,tvm
40,1,30,15,5120,16,1,[40; 1; 30; 15; 5120; 16; 1],4.286799592082389,0.0341246916594609,tvm
80,10,150,10,128,16,1,[80; 10; 150; 10; 128; 16; 1],0.3210940499557182,0.45558525393381916,tvm
8,1,60,6,128,64,4,[8; 1; 60; 6; 128; 64; 4],0.5246593239717185,0.278820384203445,tvm
8,8,375,1,512,64,4,[8; 8; 375; 1; 512; 64; 4],0.4126978609710932,0.35446201233391095,tvm
160,16,750,5,320,32,2,[160; 16; 750; 5; 320; 32; 2],0.23398275999352336,0.6251986868167702,tvm
20,5,15,1,512,16,1,[20; 5; 15; 1; 512; 16; 1],0.44172096194233745,0.33117222610959207,tvm
40,4,500,5,2560,64,4,[40; 4; 500; 5; 2560; 64; 4],0.41491424199193716,0.3525685538857859,tvm
16,16,60,15,512,16,1,[16; 16; 60; 15; 512; 16; 1],0.4056775229983032,0.3605960547297223,tvm
320,8,100,10,1024,16,1,[320; 8; 100; 10; 1024; 16; 1],0.7598245029803365,0.1925256604807071,tvm
8,2,150,5,1024,64,4,[8; 2; 150; 5; 1024; 64; 4],0.8575552949914709,0.17058458520411704,tvm
4,4,100,2,320,160,10,[4; 4; 100; 2; 320; 160; 10],0.6493266639299691,0.22528832159815856,tvm
80,4,60,5,1280,64,4,[80; 4; 60; 5; 1280; 64; 4],0.37683278205804527,0.3881979521176086,tvm
1,1,6,3,80,16,1,[1; 1; 6; 3; 80; 16; 1],1.2328932619420812,0.1186523755148777,tvm
40,5,50,10,64,16,1,[40; 5; 50; 10; 64; 16; 1],0.4223000640049577,0.3464023019518106,tvm
80,5,60,15,256,16,1,[80; 5; 60; 15; 256; 16; 1],0.4472807019483298,0.32705572507041303,tvm
10,1,2,2,512,128,8,[10; 1; 2; 2; 512; 128; 8],0.398142319987528,0.3674206607584362,tvm
10,1,750,5,640,64,4,[10; 1; 750; 5; 640; 64; 4],0.6052615790395066,0.24169007145283533,tvm
16,8,2,1,5120,32,2,[16; 8; 2; 1; 5120; 32; 2],0.47878440096974373,0.3055356732371042,tvm
2,2,30,2,512,128,8,[2; 2; 30; 2; 512; 128; 8],1.0006550790276378,0.14618994831652068,tvm
20,20,750,2,1280,16,1,[20; 20; 750; 2; 1280; 16; 1],0.4896518150344491,0.2987545635369951,tvm
1,1,1500,3,128,32,2,[1; 1; 1500; 3; 128; 32; 2],1.7675314830848947,0.08276272059969196,tvm
4,2,30,5,160,32,2,[4; 2; 30; 5; 160; 32; 2],0.5706764289643615,0.2563374039316591,tvm
80,8,6,3,320,80,5,[80; 8; 6; 3; 320; 80; 5],0.27213303197640926,0.5375522156325203,tvm
10,1,125,5,1024,64,4,[10; 1; 125; 5; 1024; 64; 4],0.8686288959579542,0.16840991010825782,tvm
64,2,6,6,5120,64,4,[64; 2; 6; 6; 5120; 64; 4],0.7544760369928554,0.19389047115236555,tvm
8,1,300,3,5120,32,2,[8; 1; 300; 3; 5120; 32; 2],1.0931565979262814,0.13381954110071545,tvm
16,1,100,4,256,32,2,[16; 1; 100; 4; 256; 32; 2],0.6292561979498714,0.23247401418105362,tvm
160,5,1500,12,2560,32,2,[160; 5; 1500; 12; 2560; 32; 2],0.4312822399660945,0.33918789305401176,tvm
8,1,20,10,32,16,1,[8; 1; 20; 10; 32; 16; 1],0.7774346870137379,0.18816463521536866,tvm
10,2,750,25,160,16,1,[10; 2; 750; 25; 160; 16; 1],0.6863784519955516,0.21312690376629476,tvm
128,8,60,3,512,64,4,[128; 8; 60; 3; 512; 64; 4],0.26354998897295445,0.5550587000810923,tvm
4,2,2,2,640,160,10,[4; 2; 2; 2; 640; 160; 10],0.6586284270742908,0.22210659041173425,tvm
10,10,4,4,80,16,1,[10; 10; 4; 4; 80; 16; 1],0.43873042904306203,0.33342960643232733,tvm
160,16,1500,12,512,16,1,[160; 16; 1500; 12; 512; 16; 1],0.35795198008418083,0.408674130678958,tvm
320,4,500,10,5120,16,1,[320; 4; 500; 10; 5120; 16; 1],1.4701675770338625,0.0995027482383016,tvm
40,5,750,6,256,64,4,[40; 5; 750; 6; 256; 64; 4],0.36206687393132597,0.40402954486651166,tvm
64,64,500,5,256,64,4,[64; 64; 500; 5; 256; 64; 4],0.26476755598559976,0.5525061926154975,tvm
16,16,60,3,2560,80,5,[16; 16; 60; 3; 2560; 80; 5],0.37465188291389495,0.3904577047577115,tvm
16,8,750,25,16,16,1,[16; 8; 750; 25; 16; 16; 1],0.44933163200039417,0.32556291137229787,tvm
64,2,30,30,128,16,1,[64; 2; 30; 30; 128; 16; 1],0.7944024299504235,0.18414560274550468,tvm
10,10,30,1,320,32,2,[10; 10; 30; 1; 320; 32; 2],0.3970111560774967,0.3684675154497655,tvm
40,5,750,6,512,64,4,[40; 5; 750; 6; 512; 64; 4],0.3913161379750818,0.3738300062008418,tvm
20,1,6,6,32,32,2,[20; 1; 6; 6; 32; 32; 2],0.5462534360121936,0.26779825011928876,tvm
40,4,250,25,320,16,1,[40; 4; 250; 25; 320; 16; 1],0.4719837020384148,0.30993806280583835,tvm
20,4,4,2,320,160,10,[20; 4; 4; 2; 320; 160; 10],0.42799496790394187,0.3417930706104617,tvm
10,1,250,2,2560,80,5,[10; 1; 250; 2; 2560; 80; 5],0.7525007920339704,0.19439941570069535,tvm
20,4,25,1,320,160,10,[20; 4; 25; 1; 320; 160; 10],0.6164122120244429,0.23731800154522825,tvm
20,5,2,1,128,16,1,[20; 5; 2; 1; 128; 16; 1],0.6396730780834332,0.22868824607096266,tvm
2,2,12,1,2560,32,2,[2; 2; 12; 1; 2560; 32; 2],0.9767229430144653,0.14977196484627658,tvm
160,4,100,10,32,32,2,[160; 4; 100; 10; 32; 32; 2],0.3540363520151004,0.4131940504219038,tvm
4,1,1500,6,5120,32,2,[4; 1; 1500; 6; 5120; 32; 2],1.568757700966671,0.09324939995231436,tvm
10,10,12,2,5120,160,10,[10; 10; 12; 2; 5120; 160; 10],0.43793956900481135,0.3340317355157902,tvm
80,16,60,10,256,32,2,[80; 16; 60; 10; 256; 32; 2],0.24294201494194567,0.6021425084527733,tvm
32,4,6,2,640,80,5,[32; 4; 6; 2; 640; 80; 5],0.43364684702828526,0.3373383555955443,tvm
10,10,60,1,640,80,5,[10; 10; 60; 1; 640; 80; 5],0.4083386640995741,0.35824605198307224,tvm
128,1,6,2,320,64,4,[128; 1; 6; 2; 320; 64; 4],0.26698674401268363,0.5479137731226265,tvm
40,8,20,4,128,64,4,[40; 8; 20; 4; 128; 64; 4],0.30432409804780036,0.4806905375687242,tvm
40,5,30,10,320,16,1,[40; 5; 30; 10; 320; 16; 1],0.4074474109802395,0.3590296817294267,tvm
8,8,30,3,640,80,5,[8; 8; 30; 3; 640; 80; 5],0.40728650195524096,0.3591715256544163,tvm
8,1,50,1,160,160,10,[8; 1; 50; 1; 160; 160; 10],0.5392054129624739,0.2712986753638081,tvm
10,10,500,5,2560,80,5,[10; 10; 500; 5; 2560; 80; 5],0.49906154500786215,0.29312159141295835,tvm
40,40,20,10,640,32,2,[40; 40; 20; 10; 640; 32; 2],0.35207127896137536,0.41550027800411077,tvm
80,8,1500,15,32,16,1,[80; 8; 1500; 15; 32; 16; 1],0.3436807249672711,0.42564422051788087,tvm
10,5,375,5,32,16,1,[10; 5; 375; 5; 32; 16; 1],0.488012911984697,0.29975787667335635,tvm
40,1,60,20,64,16,1,[40; 1; 60; 20; 64; 16; 1],0.6160669130040333,0.23745101578723574,tvm
80,10,500,4,2560,64,4,[80; 10; 500; 4; 2560; 64; 4],0.27694370597600937,0.5282146195385516,tvm
8,8,5,5,5120,16,1,[8; 8; 5; 5; 5120; 16; 1],0.445815401035361,0.3281306880515581,tvm
5,5,60,3,128,64,4,[5; 5; 60; 3; 128; 64; 4],0.3946028529899195,0.3707163117988184,tvm
64,8,10,1,512,128,8,[64; 8; 10; 1; 512; 128; 8],0.4672127509256825,0.3131030007119462,tvm
160,10,1500,10,16,16,1,[160; 10; 1500; 10; 16; 16; 1],0.3267463829834014,0.4477041580385162,tvm
10,10,50,25,160,16,1,[10; 10; 50; 25; 160; 16; 1],0.4559552388964221,0.3208334981297266,tvm
32,1,10,2,1280,128,8,[32; 1; 10; 2; 1280; 128; 8],0.28911801089998335,0.5059723323024657,tvm
40,40,4,2,2560,128,8,[40; 40; 4; 2; 2560; 128; 8],0.592565393075347,0.24686847391898487,tvm
64,32,30,2,512,64,4,[64; 32; 30; 2; 512; 64; 4],0.28738318802788854,0.5090266946009322,tvm
10,5,100,25,64,16,1,[10; 5; 100; 25; 64; 16; 1],0.5235561109147966,0.27940790153344386,tvm
128,128,500,5,512,32,2,[128; 128; 500; 5; 512; 32; 2],0.46557598502840847,0.31420373685465813,tvm
160,5,150,5,160,32,2,[160; 5; 150; 5; 160; 32; 2],0.3431278979405761,0.4263299928793563,tvm
4,1,3,1,16,16,1,[4; 1; 3; 1; 16; 16; 1],0.8584914549719542,0.17039856767181596,tvm
32,1,150,10,1280,16,1,[32; 1; 150; 10; 1280; 16; 1],0.7528812419623137,0.1943011807605067,tvm
8,4,1500,5,512,32,2,[8; 4; 1500; 5; 512; 32; 2],0.8223363190190867,0.17789037271296657,tvm
128,1,100,4,256,64,4,[128; 1; 100; 4; 256; 64; 4],0.5166764779714867,0.2831282640542177,tvm
32,16,5,5,5120,32,2,[32; 16; 5; 5; 5120; 32; 2],0.2642674200469628,0.5535518311705543,tvm
40,2,250,5,64,32,2,[40; 2; 250; 5; 64; 32; 2],0.5926328559871763,0.24684037141686876,tvm
80,10,60,6,1280,64,4,[80; 10; 60; 6; 1280; 64; 4],0.2692013260675594,0.54340636586984,tvm
16,2,15,1,1280,80,5,[16; 2; 15; 1; 1280; 80; 5],0.7978082280606031,0.1833594956037507,tvm
2,1,150,2,640,80,5,[2; 1; 150; 2; 640; 80; 5],0.9649830190464854,0.15159408134483182,tvm
20,1,2,1,1024,32,2,[20; 1; 2; 1; 1024; 32; 2],0.6545025899540633,0.22350670040279208,tvm
4,1,100,5,160,32,2,[4; 1; 100; 5; 160; 32; 2],0.6088666869327426,0.24025902126892598,tvm
1,1,20,2,5120,32,2,[1; 1; 20; 2; 5120; 32; 2],2.817237098934129,0.05192524063418727,tvm
128,4,100,5,5120,64,4,[128; 4; 100; 5; 5120; 64; 4],0.48739371297415346,0.300138697713304,tvm
16,16,75,15,2560,16,1,[16; 16; 75; 15; 2560; 16; 1],0.3944001899799332,0.3709068048196356,tvm
8,1,30,6,320,16,1,[8; 1; 30; 6; 320; 16; 1],0.8220249760197476,0.1779577489166218,tvm
16,1,250,1,640,80,5,[16; 1; 250; 1; 640; 80; 5],0.8781887379009277,0.1665766229653214,tvm
256,8,20,10,256,16,1,[256; 8; 20; 10; 256; 16; 1],0.4728343120077625,0.30938049665759604,tvm
16,1,750,2,256,128,8,[16; 1; 750; 2; 256; 128; 8],0.3739242049632594,0.39121755784728585,tvm
20,20,100,2,5120,16,1,[20; 20; 100; 2; 5120; 16; 1],0.646527415025048,0.22626374518093229,tvm
128,64,300,25,1280,16,1,[128; 64; 300; 25; 1280; 16; 1],0.9273097709519789,0.15775280156439736,tvm
4,2,500,4,32,16,1,[4; 2; 500; 4; 32; 16; 1],0.7764991989824921,0.1883913267101936,tvm
4,4,30,6,5120,64,4,[4; 4; 30; 6; 5120; 64; 4],1.2054745180066675,0.1213511460429769,tvm
16,4,50,1,1280,128,8,[16; 4; 50; 1; 1280; 128; 8],0.5575869739986956,0.262354970806862,tvm
320,320,375,25,256,16,1,[320; 320; 375; 25; 256; 16; 1],1.153519205050543,0.12681688665886112,tvm
16,16,1500,20,160,16,1,[16; 16; 1500; 20; 160; 16; 1],0.44018742290791124,0.33232597451181106,tvm
80,2,15,5,80,80,5,[80; 2; 15; 5; 80; 80; 5],0.49383277096785605,0.29622520595182644,tvm
8,2,60,2,320,80,5,[8; 2; 60; 2; 320; 80; 5],0.6102847510483116,0.23970075286074774,tvm
20,2,150,1,1024,128,8,[20; 2; 150; 1; 1024; 128; 8],0.5772630899446085,0.2534125545767203,tvm
40,5,30,10,256,16,1,[40; 5; 30; 10; 256; 16; 1],0.48426774493418634,0.3020761052454465,tvm
80,1,30,30,128,16,1,[80; 1; 30; 30; 128; 16; 1],0.766331905964762,0.19089080481589776,tvm
16,4,250,1,2560,128,8,[16; 4; 250; 1; 2560; 128; 8],0.5818543609930202,0.25141293782873114,tvm
64,16,375,5,64,32,2,[64; 16; 375; 5; 64; 32; 2],0.26002659602090716,0.5625798150045865,tvm
10,5,12,12,640,16,1,[10; 5; 12; 12; 640; 16; 1],0.4244892200222239,0.34461585214827267,tvm
4,4,1500,6,256,64,4,[4; 4; 1500; 6; 256; 64; 4],0.7110406958963722,0.2057346578472551,tvm
20,5,30,30,640,16,1,[20; 5; 30; 30; 640; 16; 1],0.48676154005806893,0.30052849752316696,tvm
4,2,500,10,64,32,2,[4; 2; 500; 10; 64; 32; 2],0.6607083389535546,0.2214073981832968,tvm
32,8,100,10,160,32,2,[32; 8; 100; 10; 160; 32; 2],0.3072711050044745,0.4760802818852234,tvm
20,5,10,1,128,128,8,[20; 5; 10; 1; 128; 128; 8],0.5186833729967475,0.2820327812718061,tvm
4,2,300,1,1024,64,4,[4; 2; 300; 1; 1024; 64; 4],0.7254282180219889,0.20165429280458477,tvm
4,4,60,4,160,80,5,[4; 4; 60; 4; 160; 80; 5],0.5533607209799811,0.2643586881747728,tvm
160,160,12,6,320,32,2,[160; 160; 12; 6; 320; 32; 2],0.46520078903995454,0.314457149970892,tvm
16,16,500,1,1280,64,4,[16; 16; 500; 1; 1280; 64; 4],0.3805691850138828,0.384386650433555,tvm
64,8,50,5,320,64,4,[64; 8; 50; 5; 320; 64; 4],0.3077034760499373,0.47541131534690084,tvm
2,2,12,4,2560,64,4,[2; 2; 12; 4; 2560; 64; 4],0.9760028760647401,0.14988246230947672,tvm
16,1,3,1,640,32,2,[16; 1; 3; 1; 640; 32; 2],0.5476301719900221,0.26712500838682723,tvm
40,40,50,10,320,32,2,[40; 40; 50; 10; 320; 32; 2],0.3523175569716841,0.4152098338303116,tvm
10,2,50,10,640,16,1,[10; 2; 50; 10; 640; 16; 1],0.7236948040081188,0.20213730080072978,tvm
256,128,50,10,256,16,1,[256; 128; 50; 10; 256; 16; 1],0.6959454690804705,0.21019709271043424,tvm
5,5,10,1,2560,80,5,[5; 5; 10; 1; 2560; 80; 5],0.4560681818984449,0.3207540453201107,tvm
1,1,300,12,256,32,2,[1; 1; 300; 12; 256; 32; 2],2.413600734900683,0.060608911892684594,tvm
10,2,75,5,1024,64,4,[10; 2; 75; 5; 1024; 64; 4],0.8491554370848462,0.17227201039648724,tvm
256,128,10,10,256,16,1,[256; 128; 10; 10; 256; 16; 1],0.7062733670463786,0.20712336201700243,tvm
128,16,75,3,64,64,4,[128; 16; 75; 3; 64; 64; 4],0.22509342106059194,0.6498888932268538,tvm
2,1,500,2,5120,32,2,[2; 1; 500; 2; 5120; 32; 2],2.074770323932171,0.07050694363531716,tvm
64,32,50,10,1024,32,2,[64; 32; 50; 10; 1024; 32; 2],0.5868164669955149,0.24928699604272075,tvm
64,32,2,1,1024,128,8,[64; 32; 2; 1; 1024; 128; 8],0.4591399170458317,0.31860813851023095,tvm
160,160,60,20,1024,16,1,[160; 160; 60; 20; 1024; 16; 1],3.9273496420355514,0.03724794775590548,tvm
64,8,1500,6,1280,64,4,[64; 8; 1500; 6; 1280; 64; 4],0.30195988493505865,0.48445413309511426,tvm
4,1,250,2,320,160,10,[4; 1; 250; 2; 320; 160; 10],0.739553785067983,0.197802671339539,tvm
10,1,60,2,640,80,5,[10; 1; 60; 2; 640; 80; 5],0.668883522041142,0.2187013276083014,tvm
160,2,750,30,512,16,1,[160; 2; 750; 30; 512; 16; 1],3.478637736989185,0.04205258648528514,tvm
320,1,300,15,128,16,1,[320; 1; 300; 15; 128; 16; 1],0.8179662029724568,0.17884078065098263,tvm
10,5,250,5,160,32,2,[10; 5; 250; 5; 160; 32; 2],0.39448950497899204,0.370822829097835,tvm
256,256,300,12,64,32,2,[256; 256; 300; 12; 64; 32; 2],0.5611198629485443,0.2607031473044271,tvm
256,8,4,4,1024,32,2,[256; 8; 4; 4; 1024; 32; 2],0.39334154909010977,0.3719050647563347,tvm
320,160,50,25,256,16,1,[320; 160; 50; 25; 256; 16; 1],1.2451411709189415,0.11748524400470368,tvm
128,128,500,4,1280,64,4,[128; 128; 500; 4; 1280; 64; 4],0.35614073590841144,0.41075254677784045,tvm
4,1,150,1,128,64,4,[4; 1; 150; 1; 128; 64; 4],0.38894037902355194,0.37611346667828516,tvm
80,8,20,5,1280,32,2,[80; 8; 20; 5; 1280; 32; 2],0.2735430538887158,0.5347813157969166,tvm
1,1,50,1,2560,128,8,[1; 1; 50; 1; 2560; 128; 8],1.8342549960361794,0.07975211440167118,tvm
8,8,20,4,5120,80,5,[8; 8; 20; 4; 5120; 80; 5],0.5081487610004842,0.2878797027817114,tvm
16,4,12,3,1024,32,2,[16; 4; 12; 3; 1024; 32; 2],0.49425856792367995,0.29597001201262485,tvm
20,2,1500,2,640,128,8,[20; 2; 1500; 2; 640; 128; 8],0.39761037402786314,0.3679122171884356,tvm
10,2,6,3,5120,80,5,[10; 2; 6; 3; 5120; 80; 5],0.7274332910310477,0.20109845959671738,tvm
64,4,125,5,256,32,2,[64; 4; 125; 5; 256; 32; 2],0.39517360797617584,0.3701808808409431,tvm
16,8,100,1,2560,64,4,[16; 8; 100; 1; 2560; 64; 4],0.4018709580413997,0.36401165936117313,tvm
160,5,30,10,1280,32,2,[160; 5; 30; 10; 1280; 32; 2],0.36574069096241146,0.3999711213449548,tvm
128,1,100,25,16,16,1,[128; 1; 100; 25; 16; 16; 1],0.5348549130139872,0.2735054137604766,tvm
16,4,4,1,5120,128,8,[16; 4; 4; 1; 5120; 128; 8],0.5466349669732153,0.2676113368592503,tvm
40,5,300,10,640,16,1,[40; 5; 300; 10; 640; 16; 1],0.42334021895658225,0.34555118492230325,tvm
8,1,500,1,320,160,10,[8; 1; 500; 1; 320; 160; 10],0.8051711270818487,0.18168276204325917,tvm
80,40,300,4,512,64,4,[80; 40; 300; 4; 512; 64; 4],0.2160622359951958,0.6770535980612873,tvm
32,4,500,10,16,16,1,[32; 4; 500; 10; 16; 16; 1],0.508532834937796,0.2876622790809723,tvm
40,4,1500,4,64,64,4,[40; 4; 1500; 4; 64; 64; 4],0.39318543393164873,0.3720527304964827,tvm
10,5,15,3,256,16,1,[10; 5; 15; 3; 256; 16; 1],0.5107426400063559,0.2864176648417172,tvm
40,40,12,12,64,16,1,[40; 40; 12; 12; 64; 16; 1],0.4344818979734555,0.3366900093376308,tvm
80,2,12,6,256,32,2,[80; 2; 12; 6; 256; 32; 2],0.5521001080051064,0.264962299707359,tvm
128,2,12,4,512,32,2,[128; 2; 12; 4; 512; 32; 2],0.624040283029899,0.2344171013695689,tvm
64,16,75,1,640,128,8,[64; 16; 75; 1; 640; 128; 8],0.4650732589652762,0.31454337884568945,tvm
40,10,60,3,5120,64,4,[40; 10; 60; 3; 5120; 64; 4],0.32886673300527036,0.4448176103095534,tvm
32,32,1500,5,256,64,4,[32; 32; 1500; 5; 256; 64; 4],0.24488309398293495,0.5973695934105947,tvm
20,5,60,20,256,16,1,[20; 5; 60; 20; 256; 16; 1],0.5534913829760626,0.2642962813606095,tvm
40,20,100,10,32,32,2,[40; 20; 100; 10; 32; 32; 2],0.2588519440032542,0.5651327628579651,tvm
20,5,250,5,2560,64,4,[20; 5; 250; 5; 2560; 64; 4],0.40285246598068625,0.3631247829887371,tvm
8,8,125,1,512,16,1,[8; 8; 125; 1; 512; 16; 1],0.525778899085708,0.278226673873932,tvm
40,4,25,5,320,80,5,[40; 4; 25; 5; 320; 80; 5],0.374406459974125,0.39071364926722685,tvm
4,1,1500,5,2560,32,2,[4; 1; 1500; 5; 2560; 32; 2],0.7988018399337307,0.18313141879824701,tvm
40,8,5,5,320,80,5,[40; 8; 5; 5; 320; 80; 5],0.29515274008736014,0.49562715983058886,tvm
160,80,100,5,5120,32,2,[160; 80; 100; 5; 5120; 32; 2],0.48540472600143403,0.30136854144531366,tvm
40,2,4,4,1280,64,4,[40; 2; 4; 4; 1280; 64; 4],0.4226479029748589,0.34611721306568527,tvm
10,1,12,1,320,32,2,[10; 1; 12; 1; 320; 32; 2],0.3629967770539224,0.40299452648854744,tvm
20,2,750,3,2560,64,4,[20; 2; 750; 3; 2560; 64; 4],0.5765757058979943,0.25371466884453614,tvm
40,20,750,2,128,64,4,[40; 20; 750; 2; 128; 64; 4],0.3122683739056811,0.4684615110267269,tvm
64,16,10,5,5120,64,4,[64; 16; 10; 5; 5120; 64; 4],0.3774551149690524,0.387557906845979,tvm
16,8,50,1,512,64,4,[16; 8; 50; 1; 512; 64; 4],0.35956738400273025,0.40683810822119376,tvm
16,16,20,1,1280,128,8,[16; 16; 20; 1; 1280; 128; 8],0.3978329360252246,0.3677063939131451,tvm
4,1,150,5,32,16,1,[4; 1; 150; 5; 32; 16; 1],0.7091157680843025,0.20629313416751333,tvm
64,1,1500,6,320,32,2,[64; 1; 1500; 6; 320; 32; 2],0.472800210933201,0.3094028109610596,tvm
2,2,1500,5,640,80,5,[2; 2; 1500; 5; 640; 80; 5],1.1787780069280416,0.12409946014088155,tvm
8,4,150,10,320,32,2,[8; 4; 150; 10; 320; 32; 2],0.5435500589665025,0.2691301599044247,tvm
20,20,500,2,160,160,10,[20; 20; 500; 2; 160; 160; 10],0.2579867640743032,0.5670279822711459,tvm
80,20,300,10,64,16,1,[80; 20; 300; 10; 64; 16; 1],0.2873042890569195,0.5091664825676612,tvm
8,8,50,1,1024,32,2,[8; 8; 50; 1; 1024; 32; 2],0.4604301020735875,0.31771535706919185,tvm
10,2,375,1,2560,128,8,[10; 2; 375; 1; 2560; 128; 8],0.38807482889387757,0.37695233855457655,tvm
10,1,1500,3,80,80,5,[10; 1; 1500; 3; 80; 80; 5],0.5346240539802238,0.27362351767869675,tvm
20,5,20,4,32,32,2,[20; 5; 20; 4; 32; 32; 2],0.4272008138941601,0.3424284540851949,tvm
1,1,30,10,256,32,2,[1; 1; 30; 10; 256; 32; 2],1.9731990849832073,0.0741363177182698,tvm
20,1,750,5,5120,80,5,[20; 1; 750; 5; 5120; 80; 5],0.8115415719803423,0.18025658738435857,tvm
80,80,60,20,160,16,1,[80; 80; 60; 20; 160; 16; 1],0.5579174020094797,0.26219959040322016,tvm
5,1,500,1,512,128,8,[5; 1; 500; 1; 512; 128; 8],0.5109083499992266,0.28632476702707194,tvm
80,4,300,12,2560,32,2,[80; 4; 300; 12; 2560; 32; 2],0.5048141779843718,0.2897813109564507,tvm
20,20,20,2,80,80,5,[20; 20; 20; 2; 80; 80; 5],0.2894070449983701,0.505467011995296,tvm
32,16,60,5,320,80,5,[32; 16; 60; 5; 320; 80; 5],0.4199269819073379,0.34835988299983556,tvm
10,2,1500,4,64,16,1,[10; 2; 1500; 4; 64; 16; 1],0.9286900470033288,0.15751833968474732,tvm
320,320,75,25,5120,16,1,[320; 320; 75; 25; 5120; 16; 1],4.524512431002222,0.032331818403980084,tvm
160,16,250,10,128,16,1,[160; 16; 250; 10; 128; 16; 1],0.2796876629581675,0.5230324167269189,tvm
20,1,4,2,2560,64,4,[20; 1; 4; 2; 2560; 64; 4],0.3289869859581813,0.4446550183730039,tvm
20,2,15,5,64,32,2,[20; 2; 15; 5; 64; 32; 2],0.5769484989577904,0.2535507320843495,tvm
32,32,1500,5,128,64,4,[32; 32; 1500; 5; 128; 64; 4],0.2203386330511421,0.663913142511692,tvm
1,1,250,2,160,160,10,[1; 1; 250; 2; 160; 160; 10],1.2405647359555587,0.11791864627929803,tvm
40,1,1500,10,320,32,2,[40; 1; 1500; 10; 320; 32; 2],0.5116540529998019,0.285907467023956,tvm
1,1,750,3,64,16,1,[1; 1; 750; 3; 64; 16; 1],2.073437899001874,0.07055225254449836,tvm
4,4,125,1,128,128,8,[4; 4; 125; 1; 128; 128; 8],0.4181881060358137,0.34980840481672226,tvm
160,2,1500,10,128,32,2,[160; 2; 1500; 10; 128; 32; 2],0.547264460939914,0.26730351544200764,tvm
160,160,30,10,5120,16,1,[160; 160; 30; 10; 5120; 16; 1],2.402925731963478,0.06087816711928976,tvm
1,1,10,1,640,128,8,[1; 1; 10; 1; 640; 128; 8],1.9487407469423488,0.0750667909598762,tvm
20,2,50,1,320,64,4,[20; 2; 50; 1; 320; 64; 4],0.3624744260450825,0.40357526979715835,tvm
4,1,4,1,5120,160,10,[4; 1; 4; 1; 5120; 160; 10],0.7760691690491512,0.1884957167734742,tvm
8,8,3,3,512,16,1,[8; 8; 3; 3; 512; 16; 1],0.35202533507253975,0.41555450619930545,tvm
128,64,150,3,1280,64,4,[128; 64; 150; 3; 1280; 64; 4],0.22663357004057616,0.6454723996075405,tvm
40,4,100,2,80,80,5,[40; 4; 100; 2; 80; 80; 5],0.4310543320607394,0.33936722915268447,tvm
1,1,1500,20,320,16,1,[1; 1; 1500; 20; 320; 16; 1],4.262317136046477,0.03432070153780298,tvm
20,2,30,15,320,16,1,[20; 2; 30; 15; 320; 16; 1],0.6026588949607685,0.24273385078840842,tvm
4,4,1500,1,80,16,1,[4; 4; 1500; 1; 80; 16; 1],0.7339331430848688,0.19931749324038697,tvm
10,2,50,2,160,160,10,[10; 2; 50; 2; 160; 160; 10],0.5531915969913825,0.2644395089898538,tvm
8,8,12,3,1024,16,1,[8; 8; 12; 3; 1024; 16; 1],0.5489526119781658,0.26648149784472236,tvm
64,16,60,4,320,32,2,[64; 16; 60; 4; 320; 32; 2],0.27184927894268185,0.5381133062212682,tvm
64,16,6,2,640,128,8,[64; 16; 6; 2; 640; 128; 8],0.2657452819403261,0.5504734203279785,tvm
16,8,20,1,1280,16,1,[16; 8; 20; 1; 1280; 16; 1],0.45796963607426733,0.31942229956483764,tvm
5,1,750,2,2560,80,5,[5; 1; 750; 2; 2560; 80; 5],0.8687911500455812,0.16837845813466149,tvm
32,8,25,1,1280,160,10,[32; 8; 25; 1; 1280; 160; 10],0.5073217919562012,0.2883489662875425,tvm
40,20,20,4,512,64,4,[40; 20; 20; 4; 512; 64; 4],0.25667286303360015,0.5699305822858435,tvm
160,80,5,5,1024,32,2,[160; 80; 5; 5; 1024; 32; 2],0.537246071966365,0.2722881039414518,tvm
32,32,15,5,640,80,5,[32; 32; 15; 5; 640; 80; 5],0.45473328593652695,0.3216956374425894,tvm
256,1,375,5,320,32,2,[256; 1; 375; 5; 320; 32; 2],0.6013004329288378,0.24328223675672422,tvm
4,2,25,5,1024,16,1,[4; 2; 25; 5; 1024; 16; 1],2.6393290610285476,0.055425341404268365,tvm
10,10,10,10,256,32,2,[10; 10; 10; 10; 256; 32; 2],0.4282756180036813,0.34156909274358194,tvm
16,16,20,2,320,80,5,[16; 16; 20; 2; 320; 80; 5],0.3326626110356301,0.43974197710498414,tvm
20,10,12,12,64,32,2,[20; 10; 12; 12; 64; 32; 2],0.3024750950280577,0.4836289555414299,tvm
64,2,20,10,128,32,2,[64; 2; 20; 10; 128; 32; 2],0.5314802790526301,0.2752420363488751,tvm
32,8,60,5,2560,32,2,[32; 8; 60; 5; 2560; 32; 2],0.34390793601050973,0.425363008433873,tvm
16,4,250,1,512,128,8,[16; 4; 250; 1; 512; 128; 8],0.5718787929508835,0.2557984595492392,tvm
80,4,12,12,32,16,1,[80; 4; 12; 12; 32; 16; 1],0.41376034601125866,0.3535517980298039,tvm
8,2,500,1,1280,80,5,[8; 2; 500; 1; 1280; 80; 5],0.7258009359939024,0.2015507379931834,tvm
1,1,25,5,2560,32,2,[1; 1; 25; 5; 2560; 32; 2],2.3928989140549675,0.06113326117810004,tvm
80,80,60,4,320,64,4,[80; 80; 60; 4; 320; 64; 4],0.2617691819323227,0.5588347459615576,tvm
160,8,300,12,1024,16,1,[160; 8; 300; 12; 1024; 16; 1],0.9429733980214223,0.15513238718362127,tvm
256,4,750,30,16,16,1,[256; 4; 750; 30; 16; 16; 1],0.491370974923484,0.29770931078803303,tvm
5,1,12,4,320,16,1,[5; 1; 12; 4; 320; 16; 1],0.6584822760196403,0.22215588727759636,tvm
64,16,150,3,512,64,4,[64; 16; 150; 3; 512; 64; 4],0.24511337804142386,0.596808364580542,tvm
64,1,12,2,2560,64,4,[64; 1; 12; 2; 2560; 64; 4],0.2719874440226704,0.5378399536469826,tvm
20,4,6,6,16,16,1,[20; 4; 6; 6; 16; 16; 1],0.530811500037089,0.2755888187718107,tvm
32,16,12,4,640,80,5,[32; 16; 12; 4; 640; 80; 5],0.36418953794054687,0.40167467498639436,tvm
8,2,6,1,5120,160,10,[8; 2; 6; 1; 5120; 160; 10],0.655554443015717,0.22314807846128362,tvm
20,2,30,1,256,128,8,[20; 2; 30; 1; 256; 128; 8],0.544329973985441,0.2687445506898118,tvm
10,1,6,6,512,32,2,[10; 1; 6; 6; 512; 32; 2],0.5054486909648404,0.2894175351537118,tvm
4,2,15,1,1280,80,5,[4; 2; 15; 1; 1280; 80; 5],0.634076397982426,0.23070676459679348,tvm
8,2,10,2,5120,80,5,[8; 2; 10; 2; 5120; 80; 5],0.6613732639234513,0.22118480178334773,tvm
32,4,12,2,2560,64,4,[32; 4; 12; 2; 2560; 64; 4],0.3013183750445023,0.48548554088050244,tvm
16,16,300,4,16,16,1,[16; 16; 300; 4; 16; 16; 1],0.4145945350173861,0.35284043066216436,tvm
32,16,300,10,320,16,1,[32; 16; 300; 10; 320; 16; 1],0.32557618396822363,0.4493133143301165,tvm
160,16,300,5,32,32,2,[160; 16; 300; 5; 32; 32; 2],0.24353169999085367,0.6006844870347817,tvm
320,64,20,20,512,16,1,[320; 64; 20; 20; 512; 16; 1],1.9311886579962447,0.07574905417966614,tvm
320,4,30,10,80,16,1,[320; 4; 30; 10; 80; 16; 1],0.5964422270189971,0.24526384561476564,tvm
20,5,60,1,5120,160,10,[20; 5; 60; 1; 5120; 160; 10],0.6261695120483637,0.2336199886308351,tvm
5,1,150,30,128,16,1,[5; 1; 150; 30; 128; 16; 1],1.0685625500045717,0.13689953319540202,tvm
16,2,750,5,1024,16,1,[16; 2; 750; 5; 1024; 16; 1],2.0668298569507897,0.07077782130626406,tvm
128,128,60,4,256,64,4,[128; 128; 60; 4; 256; 64; 4],0.36578033107798547,0.39992777592660045,tvm
32,8,750,2,1280,80,5,[32; 8; 750; 2; 1280; 80; 5],0.39887896308209747,0.36674211433809234,tvm
4,1,750,10,5120,16,1,[4; 1; 750; 10; 5120; 16; 1],4.113151094992645,0.03556536361229294,tvm
16,2,125,1,2560,16,1,[16; 2; 125; 1; 2560; 16; 1],0.5581244600471109,0.26210231723828487,tvm
4,4,12,3,128,32,2,[4; 4; 12; 3; 128; 32; 2],0.4246309120208025,0.34450085979267525,tvm
4,4,100,5,160,32,2,[4; 4; 100; 5; 160; 32; 2],0.485686099040322,0.3011939492910411,tvm
4,1,100,4,128,64,4,[4; 1; 100; 4; 128; 64; 4],0.5990728010656312,0.24418687349100335,tvm
160,16,60,12,16,16,1,[160; 16; 60; 12; 16; 16; 1],0.29407640895806253,0.49744117457097936,tvm
16,1,1500,6,1024,32,2,[16; 1; 1500; 6; 1024; 32; 2],0.7142271529883146,0.20481679207190218,tvm
40,1,150,6,320,64,4,[40; 1; 150; 6; 320; 64; 4],0.51981931400951,0.2814164659588582,tvm
128,4,20,20,1024,16,1,[128; 4; 20; 20; 1024; 16; 1],1.892533989972435,0.07729621505389447,tvm
40,8,30,10,320,32,2,[40; 8; 30; 10; 320; 32; 2],0.2936170950997621,0.49821933643206606,tvm
320,32,60,15,1024,16,1,[320; 32; 60; 15; 1024; 16; 1],2.1610349679831415,0.06769243277087754,tvm
32,8,150,10,2560,16,1,[32; 8; 150; 10; 2560; 16; 1],0.4455151429865509,0.328351834025382,tvm
80,5,60,30,160,16,1,[80; 5; 60; 30; 160; 16; 1],0.3819001140072942,0.3830470558144957,tvm
80,1,150,25,80,16,1,[80; 1; 150; 25; 80; 16; 1],0.5430337759898975,0.2693860322390623,tvm
64,16,750,5,320,64,4,[64; 16; 750; 5; 320; 64; 4],0.24144901696126908,0.6058658516268883,tvm
4,1,750,3,320,64,4,[4; 1; 750; 3; 320; 64; 4],0.7574406550265849,0.19313158504883782,tvm
10,2,12,2,1280,80,5,[10; 2; 12; 2; 1280; 80; 5],0.596321452059783,0.24531351971394233,tvm
40,8,2,1,160,160,10,[40; 8; 2; 1; 160; 160; 10],0.49409588903654367,0.29606745883063784,tvm
8,2,150,10,2560,32,2,[8; 2; 150; 10; 2560; 32; 2],1.0197992169996724,0.1434456036513718,tvm
20,10,12,2,5120,80,5,[20; 10; 12; 2; 5120; 80; 5],0.3661507839569822,0.3995231491922762,tvm
20,5,20,1,64,32,2,[20; 5; 20; 1; 64; 32; 2],0.406597497058101,0.35978016427585313,tvm
256,256,12,12,5120,16,1,[256; 256; 12; 12; 5120; 16; 1],3.5280979780945927,0.04146305323547684,tvm
160,20,150,10,80,16,1,[160; 20; 150; 10; 80; 16; 1],0.27110645605716854,0.5395877192052809,tvm
20,10,15,5,256,64,4,[20; 10; 15; 5; 256; 64; 4],0.31928931805305183,0.4581603768573556,tvm
64,1,375,15,640,16,1,[64; 1; 375; 15; 640; 16; 1],0.6867134319618344,0.21302294010443126,tvm
5,5,75,1,640,16,1,[5; 5; 75; 1; 640; 16; 1],0.6465661720139906,0.22625018229773539,tvm
80,5,12,2,320,80,5,[80; 5; 12; 2; 320; 80; 5],0.3801840980304405,0.38477599416586206,tvm
80,4,20,5,256,64,4,[80; 4; 20; 5; 256; 64; 4],0.37159972498193383,0.3936647539037504,tvm
80,4,150,3,256,64,4,[80; 4; 150; 3; 256; 64; 4],0.35744228097610176,0.4092568844576471,tvm
4,2,75,25,320,16,1,[4; 2; 75; 25; 320; 16; 1],0.9648946470115334,0.15160796542792485,tvm
4,4,60,1,5120,16,1,[4; 4; 60; 1; 5120; 16; 1],1.131239554961212,0.1293145325799098,tvm
80,1,150,15,128,16,1,[80; 1; 150; 15; 128; 16; 1],0.6373882120242342,0.22950803219459656,tvm
320,10,300,12,1024,16,1,[320; 10; 300; 12; 1024; 16; 1],0.7729805130511522,0.18924890319458001,tvm
80,20,30,5,1280,32,2,[80; 20; 30; 5; 1280; 32; 2],0.2216235160594806,0.6600640441353403,tvm
80,80,15,5,1280,80,5,[80; 80; 15; 5; 1280; 80; 5],0.5216622310690582,0.280422283947846,tvm
20,4,4,4,256,16,1,[20; 4; 4; 4; 256; 16; 1],0.521870651980862,0.2803102909321655,tvm
10,5,4,2,1280,160,10,[10; 5; 4; 2; 1280; 160; 10],0.4369091469561681,0.3348195278236875,tvm
64,16,250,2,1280,128,8,[64; 16; 250; 2; 1280; 128; 8],0.2675461139297113,0.5467682267444405,tvm
128,64,300,5,320,32,2,[128; 64; 300; 5; 320; 32; 2],0.25618066696915776,0.5710255813461755,tvm
80,4,750,10,5120,32,2,[80; 4; 750; 10; 5120; 32; 2],1.1381000620312989,0.12853502004438982,tvm
256,128,750,15,320,16,1,[256; 128; 750; 15; 320; 16; 1],0.6647459529340267,0.2200625872787112,tvm
16,8,20,1,256,64,4,[16; 8; 20; 1; 256; 64; 4],0.34222004108596593,0.4274609804309129,tvm
32,8,300,12,512,16,1,[32; 8; 300; 12; 512; 16; 1],0.6103557910537347,0.23967285381721815,tvm
40,1,1500,3,1280,80,5,[40; 1; 1500; 3; 1280; 80; 5],0.5476515589980409,0.2671145765627915,tvm
10,1,20,10,512,16,1,[10; 1; 20; 10; 512; 16; 1],1.2604391709901392,0.1160593209514422,tvm
128,32,300,6,320,32,2,[128; 32; 300; 6; 320; 32; 2],0.20906542602460831,0.6997126070405135,tvm
80,4,250,2,256,64,4,[80; 4; 250; 2; 256; 64; 4],0.28988294093869627,0.5046371953175763,tvm
80,16,60,12,128,16,1,[80; 16; 60; 12; 128; 16; 1],0.279945258051157,0.5225511419771295,tvm
16,4,25,1,320,64,4,[16; 4; 25; 1; 320; 64; 4],0.3375604330794886,0.4333615552959876,tvm
4,1,500,25,640,16,1,[4; 1; 500; 25; 640; 16; 1],1.272667194949463,0.11494420133263766,tvm
32,4,150,10,32,16,1,[32; 4; 150; 10; 32; 16; 1],0.4669248739955947,0.3132960406112236,tvm
20,2,250,10,2560,32,2,[20; 2; 250; 10; 2560; 32; 2],0.821732291020453,0.17802113399249786,tvm
80,16,1500,10,512,32,2,[80; 16; 1500; 10; 512; 32; 2],0.2779707449954003,0.5262629860136359,tvm
64,64,100,10,64,32,2,[64; 64; 100; 10; 64; 32; 2],0.40475404099561274,0.3614187863965018,tvm
320,160,25,25,80,16,1,[320; 160; 25; 25; 80; 16; 1],0.7492023030063137,0.19525529179330553,tvm
20,5,75,3,640,80,5,[20; 5; 75; 3; 640; 80; 5],0.40195644297637045,0.36393424422435217,tvm
160,160,12,12,1280,32,2,[160; 160; 12; 12; 1280; 32; 2],0.633355377940461,0.23096940419359,tvm
8,2,30,1,160,160,10,[8; 2; 30; 1; 160; 160; 10],0.5522168759489432,0.2649062726203963,tvm
8,2,375,5,640,64,4,[8; 2; 375; 5; 640; 64; 4],0.6098755330312997,0.239861588738643,tvm
8,8,75,1,256,16,1,[8; 8; 75; 1; 256; 16; 1],0.5083934989525005,0.28774111900943455,tvm
16,1,12,1,5120,160,10,[16; 1; 12; 1; 5120; 160; 10],0.7406473460141569,0.19751061699331082,tvm
20,20,6,1,2560,128,8,[20; 20; 6; 1; 2560; 128; 8],0.5233491000253707,0.2795184214105321,tvm
128,1,50,5,256,32,2,[128; 1; 50; 5; 256; 32; 2],0.5875749720726162,0.2489651895309717,tvm
128,1,375,5,128,32,2,[128; 1; 375; 5; 128; 32; 2],0.6109983769711107,0.23942079029881122,tvm
4,2,60,4,640,16,1,[4; 2; 60; 4; 640; 16; 1],0.8316551669267938,0.17589707862488524,tvm
32,8,60,12,640,16,1,[32; 8; 60; 12; 640; 16; 1],0.3875606539659202,0.377452439479519,tvm
10,1,12,1,1280,80,5,[10; 1; 12; 1; 1280; 80; 5],0.8505774339428172,0.17198400574491238,tvm
32,32,375,5,64,64,4,[32; 32; 375; 5; 64; 64; 4],0.2105619329959154,0.694739605608351,tvm
128,8,300,25,64,16,1,[128; 8; 300; 25; 64; 16; 1],0.3207260309718549,0.4561080179318263,tvm
80,8,30,15,512,16,1,[80; 8; 30; 15; 512; 16; 1],0.44218040304258466,0.3308281264369513,tvm
20,2,300,5,320,32,2,[20; 2; 300; 5; 320; 32; 2],0.6072117870207876,0.24091382514731433,tvm
80,40,500,10,1280,16,1,[80; 40; 500; 10; 1280; 16; 1],0.4371594419935718,0.3346278273634207,tvm
40,8,60,4,2560,32,2,[40; 8; 60; 4; 2560; 32; 2],0.3345155760180205,0.4373061369131398,tvm
160,32,20,5,160,32,2,[160; 32; 20; 5; 160; 32; 2],0.20945544098503888,0.698409712336684,tvm
160,16,250,5,32,32,2,[160; 16; 250; 5; 32; 32; 2],0.24432594690006226,0.598731801275082,tvm
5,1,15,3,320,80,5,[5; 1; 15; 3; 320; 80; 5],0.6771550540579483,0.21602986407481756,tvm
4,1,10,2,160,80,5,[4; 1; 10; 2; 160; 80; 5],0.5897819129750133,0.24803357150749356,tvm
160,4,15,5,2560,32,2,[160; 4; 15; 5; 2560; 32; 2],0.4893090120749548,0.2989638667503339,tvm
8,1,25,25,1024,16,1,[8; 1; 25; 25; 1024; 16; 1],3.8529804109130055,0.03796689800741819,tvm
2,2,10,2,128,16,1,[2; 2; 10; 2; 128; 16; 1],0.6127057760022581,0.2387536073842646,tvm
5,1,500,5,5120,80,5,[5; 1; 500; 5; 5120; 80; 5],1.0959360640263185,0.13348015371287325,tvm
8,2,12,3,5120,16,1,[8; 2; 12; 3; 5120; 16; 1],0.8836483350023627,0.16554743385028067,tvm
4,4,60,5,160,80,5,[4; 4; 60; 5; 160; 80; 5],0.5649606030201539,0.2589308236781527,tvm
64,8,30,3,2560,80,5,[64; 8; 30; 3; 2560; 80; 5],0.27364537096582353,0.5345813589661796,tvm
10,2,2,2,256,128,8,[10; 2; 2; 2; 256; 128; 8],0.38840854400768876,0.37662846645005443,tvm
16,8,4,2,5120,80,5,[16; 8; 4; 2; 5120; 80; 5],0.3775412130635232,0.3874695244492447,tvm
20,1,50,5,1280,32,2,[20; 1; 50; 5; 1280; 32; 2],0.6232608719728887,0.23471024873205515,tvm
8,8,1,1,256,16,1,[8; 8; 1; 1; 256; 16; 1],0.3901689590420574,0.3749291451705305,tvm
320,8,10,10,160,16,1,[320; 8; 10; 10; 160; 16; 1],0.46619766496587545,0.3137847425649849,tvm
20,2,15,1,512,64,4,[20; 2; 15; 1; 512; 64; 4],0.3705079449573532,0.3948247703637025,tvm
20,20,6,2,64,64,4,[20; 20; 6; 2; 64; 64; 4],0.27203807001933455,0.5377398622013357,tvm
10,5,300,2,80,16,1,[10; 5; 300; 2; 80; 16; 1],0.4179002119926736,0.35004938999236235,tvm
8,8,250,1,640,64,4,[8; 8; 250; 1; 640; 64; 4],0.41791662899777293,0.3500356390137657,tvm
80,1,60,15,320,16,1,[80; 1; 60; 15; 320; 16; 1],0.5409190439386293,0.2704392014386377,tvm
256,8,30,5,1280,32,2,[256; 8; 30; 5; 1280; 32; 2],0.34501424594782293,0.42399905512260305,tvm
16,4,60,2,160,32,2,[16; 4; 60; 2; 160; 32; 2],0.29103825194761157,0.5026339778595376,tvm
10,2,150,10,64,32,2,[10; 2; 150; 10; 64; 32; 2],0.550480819074437,0.2657417101865147,tvm
64,8,150,25,640,16,1,[64; 8; 150; 25; 640; 16; 1],0.3658456220291555,0.39985640247474735,tvm
16,2,30,6,5120,32,2,[16; 2; 30; 6; 5120; 32; 2],1.0806980399647728,0.13536224632227772,tvm
160,20,1500,10,5120,32,2,[160; 20; 1500; 10; 5120; 32; 2],0.35087201301939785,0.4169204406668563,tvm
160,32,1500,5,320,32,2,[160; 32; 1500; 5; 320; 32; 2],0.2528979011112824,0.5784378345684424,tvm
32,16,300,6,640,64,4,[32; 16; 300; 6; 640; 64; 4],0.26326075301039964,0.5556685248861821,tvm
128,128,1500,6,1280,32,2,[128; 128; 1500; 6; 1280; 32; 2],0.4717784490203485,0.3100729051729211,tvm
8,2,500,1,5120,80,5,[8; 2; 500; 1; 5120; 80; 5],0.9009188240161166,0.16237391248370384,tvm
256,8,20,10,64,16,1,[256; 8; 20; 10; 64; 16; 1],0.4154328020522371,0.3521284635278274,tvm
4,2,500,5,1280,16,1,[4; 2; 500; 5; 1280; 16; 1],0.8719628729159012,0.1677659896189447,tvm
16,4,1500,4,2560,16,1,[16; 4; 1500; 4; 2560; 16; 1],0.629855812061578,0.23225270210162421,tvm
20,2,375,3,1280,32,2,[20; 2; 375; 3; 1280; 32; 2],0.6467391400365159,0.2261896725122509,tvm
10,1,4,4,1024,16,1,[10; 1; 4; 4; 1024; 16; 1],1.0218892390839756,0.14315222109281162,tvm
20,5,300,2,160,16,1,[20; 5; 300; 2; 160; 16; 1],0.4316215020371601,0.3389212854208546,tvm
40,4,5,1,1280,160,10,[40; 4; 5; 1; 1280; 160; 10],0.5559198569972068,0.2631417324717892,tvm
80,10,750,5,320,80,5,[80; 10; 750; 5; 320; 80; 5],0.3231230790261179,0.4527244377796056,tvm
20,4,20,2,512,16,1,[20; 4; 20; 2; 512; 16; 1],0.3834919610526413,0.3814570555382096,tvm
128,4,150,10,512,16,1,[128; 4; 150; 10; 512; 16; 1],0.5930687780492008,0.24665893687220622,tvm
40,8,30,6,320,32,2,[40; 8; 30; 6; 320; 32; 2],0.29959108598995954,0.48828460233498705,tvm
80,20,500,2,160,80,5,[80; 20; 500; 2; 160; 80; 5],0.304052218911238,0.481120364158301,tvm
40,5,1500,1,5120,128,8,[40; 5; 1500; 1; 5120; 128; 8],0.5573839850258082,0.2624505156511465,tvm
320,320,60,10,2560,16,1,[320; 320; 60; 10; 2560; 16; 1],1.070207795011811,0.1366890756800177,tvm
32,16,15,5,5120,80,5,[32; 16; 15; 5; 5120; 80; 5],0.5304649540921673,0.2757688574093764,tvm
16,4,100,1,5120,128,8,[16; 4; 100; 1; 5120; 128; 8],0.6492262450046837,0.22532316801927646,tvm
40,5,150,10,256,16,1,[40; 5; 150; 10; 256; 16; 1],0.4471113750478253,0.32717958533277497,tvm
64,64,12,4,1280,32,2,[64; 64; 12; 4; 1280; 32; 2],0.292963471962139,0.499330900558891,tvm
80,20,25,5,1280,64,4,[80; 20; 25; 5; 1280; 64; 4],0.22200990689452738,0.6589152544224606,tvm
32,1,75,1,5120,128,8,[32; 1; 75; 1; 5120; 128; 8],0.5483322580112144,0.2667829808450235,tvm
80,5,150,6,64,64,4,[80; 5; 150; 6; 64; 64; 4],0.3153089740080759,0.46394402425719583,tvm
40,20,150,25,640,16,1,[40; 20; 150; 25; 640; 16; 1],0.5481819090200588,0.26685615099414284,tvm
10,10,75,15,5120,16,1,[10; 10; 75; 15; 5120; 16; 1],0.9334269399987534,0.1567189760838804,tvm
64,1,60,6,640,64,4,[64; 1; 60; 6; 640; 64; 4],0.498444629018195,0.29348438275653355,tvm
64,4,60,12,512,16,1,[64; 4; 60; 12; 512; 16; 1],0.6238877339055762,0.23447441957218262,tvm
1,1,10,5,320,64,4,[1; 1; 10; 5; 320; 64; 4],1.9118671930627897,0.0765145794731517,tvm
32,4,50,2,160,160,10,[32; 4; 50; 2; 160; 160; 10],0.3823960570152849,0.3825502685030747,tvm
8,8,375,25,32,16,1,[8; 8; 375; 25; 32; 16; 1],0.49417986697517335,0.2960171469167994,tvm
20,1,3,1,640,64,4,[20; 1; 3; 1; 640; 64; 4],0.5659238880034536,0.25849008565763454,tvm
32,32,12,4,5120,80,5,[32; 32; 12; 4; 5120; 80; 5],0.7024837729986757,0.2082407023599534,tvm
16,4,15,5,5120,32,2,[16; 4; 15; 5; 5120; 32; 2],0.5879192849388346,0.24881938394134057,tvm
80,20,150,3,2560,64,4,[80; 20; 150; 3; 2560; 64; 4],0.23921474302187562,0.6115246595496701,tvm
16,8,500,5,80,16,1,[16; 8; 500; 5; 80; 16; 1],0.4379883009241894,0.33399457012217004,tvm
4,1,300,20,320,16,1,[4; 1; 300; 20; 320; 16; 1],1.1284931739792228,0.12962924159292047,tvm
40,4,20,2,2560,160,10,[40; 4; 20; 2; 2560; 160; 10],0.40540594095364213,0.36083761856475105,tvm
8,2,250,5,1024,16,1,[8; 2; 250; 5; 1024; 16; 1],1.451141819008626,0.10080731763739814,tvm
10,10,125,1,5120,160,10,[10; 10; 125; 1; 5120; 160; 10],0.5949168499791995,0.2458927063350601,tvm
16,4,100,5,5120,80,5,[16; 4; 100; 5; 5120; 80; 5],0.5705188240390271,0.25640821673520703,tvm
10,2,750,10,512,16,1,[10; 2; 750; 10; 512; 16; 1],1.1076928470283747,0.13206342776172775,tvm
80,10,60,6,320,32,2,[80; 10; 60; 6; 320; 32; 2],0.267584832967259,0.546689110378739,tvm
20,20,25,5,5120,32,2,[20; 20; 25; 5; 5120; 32; 2],0.354579059057869,0.4125616292016832,tvm
32,8,100,2,1024,128,8,[32; 8; 100; 2; 1024; 128; 8],0.30027734593022615,0.48716866679548293,tvm
2,1,1500,5,64,16,1,[2; 1; 1500; 5; 64; 16; 1],1.4286771669285372,0.10239242123551874,tvm
256,16,750,15,1280,16,1,[256; 16; 750; 15; 1280; 16; 1],0.3337921049678698,0.4382539673902577,tvm
80,80,300,3,320,64,4,[80; 80; 300; 3; 320; 64; 4],0.2227227329276502,0.656806390451549,tvm
8,8,1500,2,2560,64,4,[8; 8; 1500; 2; 2560; 64; 4],0.4328800879884511,0.33793588188703444,tvm
2,2,300,2,512,128,8,[2; 2; 300; 2; 512; 128; 8],1.0113127320073545,0.14464933512243222,tvm
40,4,300,3,2560,64,4,[40; 4; 300; 3; 2560; 64; 4],0.38299194094724953,0.3819550717540101,tvm
160,80,500,5,64,32,2,[160; 80; 500; 5; 64; 32; 2],0.3369711870327592,0.4341193547550785,tvm
5,5,6,1,1024,32,2,[5; 5; 6; 1; 1024; 32; 2],0.46314156299922615,0.31585529344072005,tvm
8,4,750,3,320,64,4,[8; 4; 750; 3; 320; 64; 4],0.4879702350590378,0.2997840929129944,tvm
16,1,750,10,256,16,1,[16; 1; 750; 10; 256; 16; 1],0.7916909620398656,0.18477628430769946,tvm
20,4,750,1,160,160,10,[20; 4; 750; 1; 160; 160; 10],0.5664872919442132,0.25823300251565096,tvm
160,16,6,6,160,32,2,[160; 16; 6; 6; 160; 32; 2],0.21918331796769053,0.6674126281238157,tvm
2,2,30,2,1024,16,1,[2; 2; 30; 2; 1024; 16; 1],1.836685638059862,0.07964657165841381,tvm
40,40,500,4,320,32,2,[40; 40; 500; 4; 320; 32; 2],0.24523535708431154,0.5965115145913543,tvm
160,10,750,30,640,16,1,[160; 10; 750; 30; 640; 16; 1],0.4106856669532135,0.35619873313567474,tvm
16,2,750,6,160,16,1,[16; 2; 750; 6; 160; 16; 1],0.6809496720088646,0.21482602943938264,tvm
80,20,250,5,2560,32,2,[80; 20; 250; 5; 2560; 32; 2],0.24189059901982546,0.6047598165389001,tvm
40,40,10,1,5120,160,10,[40; 40; 10; 1; 5120; 160; 10],0.5345474029891193,0.2736627537009883,tvm
80,2,20,4,5120,80,5,[80; 2; 20; 4; 5120; 80; 5],0.7471614039968699,0.19578863884452888,tvm
128,2,10,10,64,32,2,[128; 2; 10; 10; 64; 32; 2],0.49953715701121837,0.29284250877543644,tvm
16,16,375,5,320,16,1,[16; 16; 375; 5; 320; 16; 1],0.46334564907010645,0.3157161712412682,tvm
320,5,375,25,16,16,1,[320; 5; 375; 25; 16; 16; 1],0.5096893790178001,0.28700954013916286,tvm
5,5,15,5,640,32,2,[5; 5; 15; 5; 640; 32; 2],0.4771837660809979,0.306560542675468,tvm
80,40,250,25,1024,16,1,[80; 40; 250; 25; 1024; 16; 1],3.4464668129803613,0.04244512488405843,tvm
1,1,1500,3,1280,16,1,[1; 1; 1500; 3; 1280; 16; 1],4.73768237605691,0.030877062384976797,tvm
8,1,12,4,640,64,4,[8; 1; 12; 4; 640; 64; 4],0.5769160239724442,0.2535650046231017,tvm
8,8,300,3,320,32,2,[8; 8; 300; 3; 320; 32; 2],0.4705155739793554,0.31090514825792526,tvm
5,5,250,2,64,16,1,[5; 5; 250; 2; 64; 16; 1],0.5273569000419229,0.2773941409965151,tvm
8,2,1500,1,32,32,2,[8; 2; 1500; 1; 32; 32; 2],0.43832613597624004,0.3337371474778859,tvm
128,8,6,3,256,64,4,[128; 8; 6; 3; 256; 64; 4],0.274240109953098,0.5334220231706182,tvm
8,4,100,1,2560,32,2,[8; 4; 100; 1; 2560; 32; 2],0.461828532977961,0.31675330526339573,tvm
80,5,100,4,1280,32,2,[80; 5; 100; 4; 1280; 32; 2],0.3505009040236473,0.41736187441001527,tvm
10,10,5,5,256,64,4,[10; 10; 5; 5; 256; 64; 4],0.3749315879540518,0.39016641698282767,tvm
8,1,12,6,1280,16,1,[8; 1; 12; 6; 1280; 16; 1],0.7465128840412945,0.19595872678551424,tvm
4,2,60,1,256,128,8,[4; 2; 60; 1; 256; 128; 8],0.5294939030427486,0.2762745962608449,tvm
20,20,60,1,2560,128,8,[20; 20; 60; 1; 2560; 128; 8],0.3602864599088207,0.4060261224436119,tvm
20,2,150,6,64,64,4,[20; 2; 150; 6; 64; 64; 4],0.4690223679644987,0.3118949633907161,tvm
16,2,6,3,1280,64,4,[16; 2; 6; 3; 1280; 64; 4],0.5216532680206001,0.2804271021646077,tvm
80,1,30,6,128,32,2,[80; 1; 30; 6; 128; 32; 2],0.5534859000472352,0.26429889952613084,tvm
64,32,150,6,2560,32,2,[64; 32; 150; 6; 2560; 32; 2],0.2334447419270873,0.6266395767928852,tvm
10,2,20,1,320,160,10,[10; 2; 20; 1; 320; 160; 10],0.7716886500129476,0.18956571965035363,tvm
128,1,6,2,5120,64,4,[128; 1; 6; 2; 5120; 64; 4],0.5241872589103878,0.27907148027556794,tvm
10,10,60,4,640,80,5,[10; 10; 60; 4; 640; 80; 5],0.4290949139976874,0.34091691491477966,tvm
1,1,12,6,320,16,1,[1; 1; 12; 6; 320; 16; 1],1.9301064130850136,0.07579152801834195,tvm
5,5,75,1,160,160,10,[5; 5; 75; 1; 160; 160; 10],0.43893614900298417,0.3332733351262891,tvm
16,1,60,5,5120,16,1,[16; 1; 60; 5; 5120; 16; 1],1.2096322330180556,0.12093404118434298,tvm
320,160,100,25,128,16,1,[320; 160; 100; 25; 128; 16; 1],0.8744474339764565,0.16728931734695085,tvm
40,10,500,1,5120,128,8,[40; 10; 500; 1; 5120; 128; 8],0.5173100789543241,0.28278148877634873,tvm
64,1,1500,12,2560,16,1,[64; 1; 1500; 12; 2560; 16; 1],0.9248301649931818,0.15817576007243747,tvm
20,5,750,3,2560,80,5,[20; 5; 750; 3; 2560; 80; 5],0.4155335579998791,0.35204308164626463,tvm
20,4,12,2,1280,32,2,[20; 4; 12; 2; 1280; 32; 2],0.32346611307002604,0.4522443259892433,tvm
80,2,30,10,32,32,2,[80; 2; 30; 10; 32; 32; 2],0.5002676179865375,0.2924149175884715,tvm
20,20,100,4,128,16,1,[20; 20; 100; 4; 128; 16; 1],0.3506900049978867,0.417136822267278,tvm
64,2,6,2,64,64,4,[64; 2; 6; 2; 64; 64; 4],0.30962262907996774,0.4724645440819262,tvm
10,2,1500,5,16,16,1,[10; 2; 1500; 5; 16; 16; 1],0.7284926050342619,0.200806038763886,tvm
32,2,12,3,1280,80,5,[32; 2; 12; 3; 1280; 80; 5],0.48980162607040256,0.298663186276739,tvm
16,8,30,2,256,128,8,[16; 8; 30; 2; 256; 128; 8],0.3635748600354418,0.40235376635077064,tvm
32,32,10,10,16,16,1,[32; 32; 10; 10; 16; 16; 1],0.33322244603186846,0.43900318249186593,tvm
16,4,375,15,5120,16,1,[16; 4; 375; 15; 5120; 16; 1],2.046191610977985,0.07149169877389756,tvm
80,80,60,30,1024,16,1,[80; 80; 60; 30; 1024; 16; 1],4.046856597997248,0.036147985663270044,tvm
5,5,375,5,16,16,1,[5; 5; 375; 5; 16; 16; 1],0.6827569709857926,0.21425737195257188,tvm
5,1,6,6,256,64,4,[5; 1; 6; 6; 256; 64; 4],0.592274526017718,0.24698971145913867,tvm
160,40,500,10,640,16,1,[160; 40; 500; 10; 640; 16; 1],0.3808679450303316,0.3840851302780663,tvm
256,64,100,10,5120,32,2,[256; 64; 100; 10; 5120; 32; 2],1.3569320570677519,0.10780621883296712,tvm
256,8,250,10,512,16,1,[256; 8; 250; 10; 512; 16; 1],0.4480874070432037,0.3264669169147387,tvm
256,1,60,15,5120,16,1,[256; 1; 60; 15; 5120; 16; 1],4.238239567028359,0.034515678496268326,tvm
64,8,2,1,512,128,8,[64; 8; 2; 1; 512; 128; 8],0.468839886947535,0.3120163585870079,tvm
32,32,500,25,512,16,1,[32; 32; 500; 25; 512; 16; 1],2.1776572879171,0.06717572829177113,tvm
128,64,60,12,1280,16,1,[128; 64; 60; 12; 1280; 16; 1],0.6138413270236924,0.23831193477148876,tvm
16,2,6,1,256,128,8,[16; 2; 6; 1; 256; 128; 8],0.5589931400027126,0.26169500807291557,tvm
80,8,20,4,5120,64,4,[80; 8; 20; 4; 5120; 64; 4],0.38192365295253694,0.3830234476310211,tvm
64,1,12,12,5120,32,2,[64; 1; 12; 12; 5120; 32; 2],1.8769090769346803,0.0779396914232118,tvm
10,2,750,1,16,16,1,[10; 2; 750; 1; 16; 16; 1],0.5934899770654738,0.2464838833656934,tvm
80,1,60,20,16,16,1,[80; 1; 60; 20; 16; 16; 1],0.5366640610154718,0.27258339976951973,tvm
32,32,50,5,128,32,2,[32; 32; 50; 5; 128; 32; 2],0.23761129193007946,0.6156513568755856,tvm
8,4,150,3,64,16,1,[8; 4; 150; 3; 64; 16; 1],0.5151113569736481,0.28398852462730295,tvm
320,10,60,20,2560,16,1,[320; 10; 60; 20; 2560; 16; 1],0.6497374080354348,0.2251459012157359,tvm
40,5,60,10,32,32,2,[40; 5; 60; 10; 32; 32; 2],0.34419671504292637,0.4250061313556416,tvm
80,8,60,10,128,32,2,[80; 8; 60; 10; 128; 32; 2],0.281531882006675,0.5196062102914721,tvm
2,2,75,25,256,16,1,[2; 2; 75; 25; 256; 16; 1],1.9749592349398881,0.07407024494364654,tvm
4,1,1500,6,32,16,1,[4; 1; 1500; 6; 32; 16; 1],0.7452169359894469,0.1962995031661302,tvm
10,1,100,2,160,80,5,[10; 1; 100; 2; 160; 80; 5],0.6393287830287591,0.2288114005953239,tvm
16,8,50,2,320,16,1,[16; 8; 50; 2; 320; 16; 1],0.4253508180845529,0.3439177922461056,tvm
20,4,1,1,1024,64,4,[20; 4; 1; 1; 1024; 64; 4],0.5391084009315819,0.2713474952958104,tvm
16,2,15,1,5120,16,1,[16; 2; 15; 1; 5120; 16; 1],0.45958782406523824,0.31829762806107137,tvm
16,8,375,5,640,64,4,[16; 8; 375; 5; 640; 64; 4],0.3795851659961045,0.38538311659738456,tvm
256,4,500,10,16,16,1,[256; 4; 500; 10; 16; 16; 1],0.4848464000970125,0.301715583030923,tvm
8,1,60,1,640,64,4,[8; 1; 60; 1; 640; 64; 4],0.3837116479407996,0.3812386594745328,tvm
128,1,12,4,320,64,4,[128; 1; 12; 4; 320; 64; 4],0.5206798649160191,0.28095135637578156,tvm
40,1,30,3,160,80,5,[40; 1; 30; 3; 160; 80; 5],0.5390672159846872,0.27136822635095975,tvm
128,4,60,10,5120,32,2,[128; 4; 60; 10; 5120; 32; 2],1.0975858869496733,0.13327951463758372,tvm
80,8,375,3,256,64,4,[80; 8; 375; 3; 256; 64; 4],0.2766888780752197,0.5287011003237563,tvm
160,160,150,25,512,16,1,[160; 160; 150; 25; 512; 16; 1],2.850098273018375,0.05132655097214999,tvm
80,5,500,10,5120,16,1,[80; 5; 500; 10; 5120; 16; 1],1.2488513910211623,0.11713620638729419,tvm
160,160,1500,10,160,16,1,[160; 160; 1500; 10; 160; 16; 1],0.6169611349469051,0.23710685487231456,tvm
40,8,150,1,256,128,8,[40; 8; 150; 1; 256; 128; 8],0.4890959169715643,0.2990941228696032,tvm
32,16,750,10,80,16,1,[32; 16; 750; 10; 80; 16; 1],0.32413565390743315,0.4513101614162157,tvm
32,16,60,5,256,32,2,[32; 16; 60; 5; 256; 32; 2],0.3038772359723225,0.4813974097718796,tvm
8,1,60,2,640,64,4,[8; 1; 60; 2; 640; 64; 4],0.3933317649643868,0.3719143158929952,tvm
80,40,60,15,32,16,1,[80; 40; 60; 15; 32; 16; 1],0.4465645879972726,0.32758019381198167,tvm
80,8,250,10,32,16,1,[80; 8; 250; 10; 32; 16; 1],0.34004342602565885,0.4301971545089536,tvm
80,40,750,15,512,16,1,[80; 40; 750; 15; 512; 16; 1],1.0307970559224486,0.1419151456101171,tvm
4,4,1500,15,128,16,1,[4; 4; 1500; 15; 128; 16; 1],0.941009316011332,0.15545618071644327,tvm
160,32,300,15,16,16,1,[160; 32; 300; 15; 16; 16; 1],0.4309224400203675,0.3394710989727064,tvm
16,8,15,3,128,64,4,[16; 8; 15; 3; 128; 64; 4],0.3167606109054759,0.4618178815464124,tvm
4,1,75,25,64,16,1,[4; 1; 75; 25; 64; 16; 1],0.9367638130206615,0.15616072296175235,tvm
40,1,750,6,1024,64,4,[40; 1; 750; 6; 1024; 64; 4],0.8086031309794635,0.18091163474536384,tvm
4,1,1500,1,32,16,1,[4; 1; 1500; 1; 32; 16; 1],0.7525559039786458,0.1943851792435944,tvm
16,16,250,1,2560,16,1,[16; 16; 250; 1; 2560; 16; 1],0.5645253899274394,0.2591304428389252,tvm
2,2,10,1,80,80,5,[2; 2; 10; 1; 80; 80; 5],0.6211516680195928,0.23550723891978675,tvm
20,20,1500,3,5120,16,1,[20; 20; 1500; 3; 5120; 16; 1],0.8754119080258533,0.1671050084475137,tvm
2,1,500,4,2560,64,4,[2; 1; 500; 4; 2560; 64; 4],0.999359812005423,0.14637942463601936,tvm
160,80,60,10,256,32,2,[160; 80; 60; 10; 256; 32; 2],0.49718735506758094,0.2942265381343622,tvm
64,1,10,5,640,32,2,[64; 1; 10; 5; 640; 32; 2],0.5597292410675436,0.26135085243485023,tvm
128,4,15,15,1024,16,1,[128; 4; 15; 15; 1024; 16; 1],1.9456883379025385,0.07518455624985192,tvm
4,4,15,3,64,16,1,[4; 4; 15; 3; 64; 16; 1],0.6068758299807087,0.2410471913016612,tvm
40,10,300,2,160,160,10,[40; 10; 300; 2; 160; 160; 10],0.3128544889623299,0.46758387508171,tvm
5,5,2,1,32,32,2,[5; 5; 2; 1; 32; 32; 2],0.455353531986475,0.32125744945371215,tvm
32,32,100,10,1024,16,1,[32; 32; 100; 10; 1024; 16; 1],0.7567085550399497,0.19331843589106942,tvm
20,1,6,2,160,160,10,[20; 1; 6; 2; 160; 160; 10],0.5013266719179228,0.29179719029524165,tvm
80,80,100,5,160,80,5,[80; 80; 100; 5; 160; 80; 5],0.48457362595945597,0.30188542349177283,tvm
160,5,1500,4,1024,32,2,[160; 5; 1500; 4; 1024; 32; 2],0.4398970389738679,0.3325453488546996,tvm
80,1,750,30,1280,16,1,[80; 1; 750; 30; 1280; 16; 1],1.0352260189829394,0.1413079961315434,tvm
10,2,2,1,1024,128,8,[10; 2; 2; 1; 1024; 128; 8],0.7276102670002729,0.20104954660522875,tvm
160,20,60,12,512,16,1,[160; 20; 60; 12; 512; 16; 1],0.2974430749891326,0.4918107920013233,tvm
20,4,100,5,320,16,1,[20; 4; 100; 5; 320; 16; 1],0.5675458140904084,0.25775137557866196,tvm
256,64,4,4,256,32,2,[256; 64; 4; 4; 256; 32; 2],0.3175759749719873,0.46063218194832856,tvm
5,5,12,1,256,128,8,[5; 5; 12; 1; 256; 128; 8],0.47817667690105736,0.30592398448572433,tvm
40,1,150,6,2560,32,2,[40; 1; 150; 6; 2560; 32; 2],0.829565005027689,0.17634026676526887,tvm
160,5,500,5,32,32,2,[160; 5; 500; 5; 32; 32; 2],0.31683417700696737,0.4617106515074521,tvm
80,80,300,4,1024,32,2,[80; 80; 300; 4; 1024; 32; 2],0.29655266110785306,0.4932874779785292,tvm
5,5,6,2,640,64,4,[5; 5; 6; 2; 640; 64; 4],0.43401715194340795,0.33705053735938223,tvm
32,1,2,1,2560,160,10,[32; 1; 2; 1; 2560; 160; 10],0.7670897069619969,0.19070222551293023,tvm
4,4,500,2,32,32,2,[4; 4; 500; 2; 32; 32; 2],0.5087271749507636,0.2875523885663713,tvm
40,20,100,10,5120,32,2,[40; 20; 100; 10; 5120; 32; 2],0.3958277829224244,0.36956909190576914,tvm
40,40,750,1,320,160,10,[40; 40; 750; 1; 320; 160; 10],0.37870569399092346,0.38627809564759374,tvm
10,5,1500,1,1280,160,10,[10; 5; 1500; 1; 1280; 160; 10],0.586917023989372,0.2492442854892607,tvm
32,4,20,10,5120,32,2,[32; 4; 20; 10; 5120; 32; 2],1.1143759320257232,0.1312714229387517,tvm
10,2,4,2,2560,80,5,[10; 2; 4; 2; 2560; 80; 5],0.6919028160627931,0.21142523326923163,tvm
160,80,150,10,1280,32,2,[160; 80; 150; 10; 1280; 32; 2],0.5058543819468468,0.2891854247119785,tvm
5,1,20,2,1024,128,8,[5; 1; 20; 2; 1024; 128; 8],0.5238521579885855,0.2792499984106237,tvm
8,8,150,10,2560,16,1,[8; 8; 150; 10; 2560; 16; 1],0.5685249479720369,0.2573074669942354,tvm
40,40,60,2,512,64,4,[40; 40; 60; 2; 512; 64; 4],0.2816227579023689,0.5194385403200534,tvm
256,128,10,10,256,32,2,[256; 128; 10; 10; 256; 32; 2],0.6412951300153509,0.22810981627478227,tvm
256,128,150,5,1024,32,2,[256; 128; 150; 5; 1024; 32; 2],0.6645522299222648,0.22012673752193396,tvm
20,20,375,5,128,16,1,[20; 20; 375; 5; 128; 16; 1],0.3502117049647495,0.41770652497305494,tvm
5,1,6,3,1280,16,1,[5; 1; 6; 3; 1280; 16; 1],0.4490542550338432,0.32576400879374673,tvm
64,1,30,3,640,80,5,[64; 1; 30; 3; 640; 80; 5],0.5211133799748495,0.28071763249060017,tvm
8,1,2,2,640,64,4,[8; 1; 2; 2; 640; 64; 4],0.3164105180185288,0.4623288606263964,tvm
256,8,30,30,5120,16,1,[256; 8; 30; 30; 5120; 16; 1],1.273267108015716,0.11489004417438284,tvm
10,5,15,5,256,32,2,[10; 5; 15; 5; 256; 32; 2],0.43058045802172273,0.33974071874468165,tvm
16,16,20,2,16,16,1,[16; 16; 20; 2; 16; 16; 1],0.47876659291796386,0.3055470378460182,tvm
16,2,2,1,5120,32,2,[16; 2; 2; 1; 5120; 32; 2],0.4865110340761021,0.3006832405425602,tvm
320,8,750,10,320,16,1,[320; 8; 750; 10; 320; 16; 1],0.5104926379863173,0.2865579313009313,tvm
160,4,75,5,5120,32,2,[160; 4; 75; 5; 5120; 32; 2],0.5745472949929535,0.25461039597707685,tvm
8,2,12,6,256,16,1,[8; 2; 12; 6; 256; 16; 1],0.7560584360035136,0.19348466642204687,tvm
40,40,250,2,2560,64,4,[40; 40; 250; 2; 2560; 64; 4],0.24563784699421376,0.5955341006109706,tvm
40,1,750,25,80,16,1,[40; 1; 750; 25; 80; 16; 1],0.5632180270040408,0.25973194619472784,tvm
320,10,500,10,1280,16,1,[320; 10; 500; 10; 1280; 16; 1],0.4768228039611131,0.30679261367215255,tvm
20,4,25,5,160,16,1,[20; 4; 25; 5; 160; 16; 1],0.5642240029992536,0.2592688604314975,tvm
64,16,500,10,128,32,2,[64; 16; 500; 10; 128; 32; 2],0.23489640303887427,0.6227669406308648,tvm
8,2,20,1,1024,16,1,[8; 2; 20; 1; 1024; 16; 1],0.5202752049081028,0.2811698749156286,tvm
16,8,15,5,1280,32,2,[16; 8; 15; 5; 1280; 32; 2],0.3069638350280002,0.47655683697192086,tvm
16,1,100,4,1024,64,4,[16; 1; 100; 4; 1024; 64; 4],0.8132327479543164,0.17988173084974185,tvm
160,5,60,6,64,32,2,[160; 5; 60; 6; 64; 32; 2],0.33384789898991585,0.4381807246003755,tvm
32,4,60,1,5120,128,8,[32; 4; 60; 1; 5120; 128; 8],0.5498403259553015,0.26605126503145277,tvm
256,1,750,10,2560,16,1,[256; 1; 750; 10; 2560; 16; 1],1.047939289943315,0.13959369181932968,tvm
40,10,10,1,1024,128,8,[40; 10; 10; 1; 1024; 128; 8],0.4835518409963697,0.3025233323159089,tvm
4,2,125,1,640,80,5,[4; 2; 125; 1; 640; 80; 5],0.6946449809474871,0.21059061577927535,tvm
160,16,250,10,32,16,1,[160; 16; 250; 10; 32; 16; 1],0.2888403129763901,0.5064587860963568,tvm
256,2,50,10,1280,32,2,[256; 2; 50; 10; 1280; 32; 2],0.6519032448995858,0.2243978925250587,tvm
16,2,750,5,1280,64,4,[16; 2; 750; 5; 1280; 64; 4],0.5806615588953719,0.2519293933698704,tvm
16,8,30,5,1024,64,4,[16; 8; 30; 5; 1024; 64; 4],0.35726411000359803,0.409460984715876,tvm
160,8,4,4,2560,32,2,[160; 8; 4; 4; 2560; 32; 2],0.49204838497098535,0.297299450122858,tvm
8,1,2,2,64,16,1,[8; 1; 2; 2; 64; 16; 1],0.42104725807439536,0.34743300539405697,tvm
160,20,750,25,320,16,1,[160; 20; 750; 25; 320; 16; 1],0.4668655479326844,0.3133358521173352,tvm
64,64,1500,2,640,80,5,[64; 64; 1500; 2; 640; 80; 5],0.5109953540377319,0.28627601626865784,tvm
64,32,300,5,32,32,2,[64; 32; 300; 5; 32; 32; 2],0.26390063704457134,0.5543211866555952,tvm
320,10,150,10,80,16,1,[320; 10; 150; 10; 80; 16; 1],0.5076310640433803,0.2881732908946117,tvm
16,16,75,5,5120,16,1,[16; 16; 75; 5; 5120; 16; 1],0.6986990040168166,0.2093687173514182,tvm
40,40,300,3,256,64,4,[40; 40; 300; 3; 256; 64; 4],0.22062980895861983,0.6630369439931432,tvm
2,1,30,15,640,16,1,[2; 1; 30; 15; 640; 16; 1],1.091817270964384,0.13398369688409723,tvm
40,5,10,1,2560,160,10,[40; 5; 10; 1; 2560; 160; 10],0.5529732300201431,0.2645439351203051,tvm
40,20,150,5,1280,32,2,[40; 20; 150; 5; 1280; 32; 2],0.2647433729143813,0.552556661476937,tvm
20,4,50,1,1280,32,2,[20; 4; 50; 1; 1280; 32; 2],0.44922440499067307,0.32564062116961684,tvm
4,1,10,2,80,80,5,[4; 1; 10; 2; 80; 80; 5],0.5936214840039611,0.24642927897255512,tvm
320,16,25,25,256,16,1,[320; 16; 25; 25; 256; 16; 1],0.6735589209711179,0.2171832481630616,tvm
80,10,500,10,64,32,2,[80; 10; 500; 10; 64; 32; 2],0.2678177529014647,0.5462136572385312,tvm
160,160,300,5,160,32,2,[160; 160; 300; 5; 160; 32; 2],0.4679518339689821,0.31260848588833773,tvm
128,64,1500,20,256,16,1,[128; 64; 1500; 20; 256; 16; 1],0.8456543880747631,0.17298522463621555,tvm
10,5,3,3,5120,32,2,[10; 5; 3; 3; 5120; 32; 2],0.3354871280025691,0.43603972276573927,tvm
8,2,1500,12,64,32,2,[8; 2; 1500; 12; 64; 32; 2],0.5640599180478603,0.259344281706792,tvm
256,4,500,10,128,16,1,[256; 4; 500; 10; 128; 16; 1],0.47251767909619957,0.30958781175239813,tvm
16,16,5,1,5120,80,5,[16; 16; 5; 1; 5120; 80; 5],0.5082290440332144,0.28783422750659254,tvm
10,1,125,25,1280,16,1,[10; 1; 125; 25; 1280; 16; 1],1.2269147109473124,0.11923054877446675,tvm
20,4,20,4,16,16,1,[20; 4; 20; 4; 16; 16; 1],0.6404576449422166,0.22840810074007703,tvm
16,8,125,1,1280,80,5,[16; 8; 125; 1; 1280; 80; 5],0.4350218300241977,0.3362721228899646,tvm
160,5,500,4,320,32,2,[160; 5; 500; 4; 320; 32; 2],0.34862033498939127,0.4196132571846845,tvm
64,64,150,10,256,32,2,[64; 64; 150; 10; 256; 32; 2],0.4725084970705211,0.30959382782037337,tvm
5,1,750,3,2560,64,4,[5; 1; 750; 3; 2560; 64; 4],0.6964169349521399,0.21005479181198766,tvm
32,16,100,10,64,32,2,[32; 16; 100; 10; 64; 32; 2],0.25110185297671705,0.5825752082334429,tvm
40,8,15,5,2560,32,2,[40; 8; 15; 5; 2560; 32; 2],0.29367991897743195,0.4981127575731718,tvm
128,8,750,15,256,16,1,[128; 8; 750; 15; 256; 16; 1],0.35945147299207747,0.40696929982795904,tvm
10,1,12,3,32,16,1,[10; 1; 12; 3; 32; 16; 1],0.8820865040179342,0.16584055375451032,tvm
4,2,125,5,320,80,5,[4; 2; 125; 5; 320; 80; 5],0.6996126590529457,0.20909529350675116,tvm
40,20,50,5,320,64,4,[40; 20; 50; 5; 320; 64; 4],0.23785164300352335,0.6150292360332669,tvm
20,4,2,1,128,32,2,[20; 4; 2; 1; 128; 32; 2],0.6171328610507771,0.23704087647615646,tvm
8,8,1500,10,320,32,2,[8; 8; 1500; 10; 320; 32; 2],0.5059437711024657,0.28913433199692057,tvm
4,4,300,15,256,16,1,[4; 4; 300; 15; 256; 16; 1],0.9928222630405799,0.14734330577731528,tvm
64,1,750,5,160,32,2,[64; 1; 750; 5; 160; 32; 2],0.5866417740471661,0.24936122989760512,tvm
160,5,100,10,1280,32,2,[160; 5; 100; 10; 1280; 32; 2],0.35069328895770013,0.4171329161173625,tvm
4,4,12,6,16,16,1,[4; 4; 12; 6; 16; 16; 1],0.7551785819232464,0.193710094257655,tvm
16,8,30,6,32,16,1,[16; 8; 30; 6; 32; 16; 1],0.41766202403232455,0.35024901922706925,tvm
40,1,50,2,128,128,8,[40; 1; 50; 2; 128; 128; 8],0.2874863699544221,0.5088439994873716,tvm
256,16,250,10,320,16,1,[256; 16; 250; 10; 320; 16; 1],0.3156187850981951,0.46348861725768953,tvm
80,80,6,6,2560,64,4,[80; 80; 6; 6; 2560; 64; 4],0.401049156091176,0.3647575666571336,tvm
1,1,20,1,5120,64,4,[1; 1; 20; 1; 5120; 64; 4],2.666573474998586,0.05485906000988473,tvm
4,4,30,1,2560,16,1,[4; 4; 30; 1; 2560; 16; 1],0.7002407960826531,0.20890772874713717,tvm
160,1,100,25,32,16,1,[160; 1; 100; 25; 32; 16; 1],0.5550633399980143,0.2635477858909537,tvm
256,8,750,15,160,16,1,[256; 8; 750; 15; 160; 16; 1],0.3722461829893291,0.39298109952656723,tvm
8,8,3,1,512,32,2,[8; 8; 3; 1; 512; 32; 2],0.35284791700541973,0.41458573860156117,tvm
64,64,12,12,256,16,1,[64; 64; 12; 12; 256; 16; 1],0.6168179190717638,0.23716190752995078,tvm
2,2,30,2,320,160,10,[2; 2; 30; 2; 320; 160; 10],1.0175130299758166,0.14376790269623485,tvm
8,8,500,10,64,32,2,[8; 8; 500; 10; 64; 32; 2],0.359337319037877,0.4070985854666952,tvm
8,8,125,5,2560,16,1,[8; 8; 125; 5; 2560; 16; 1],0.516921836999245,0.2829938760856179,tvm
32,4,500,5,64,32,2,[32; 4; 500; 5; 64; 32; 2],0.4094808310037479,0.357246794501048,tvm
16,8,100,4,320,64,4,[16; 8; 100; 4; 320; 64; 4],0.36133291700389236,0.40485022925309205,tvm
64,2,4,2,320,80,5,[64; 2; 4; 2; 320; 80; 5],0.5936378270853311,0.24642249467820182,tvm
80,4,750,6,640,32,2,[80; 4; 750; 6; 640; 32; 2],0.3713458359707147,0.3939339023509362,tvm
5,5,750,30,1280,16,1,[5; 5; 750; 30; 1280; 16; 1],1.0899031889857724,0.1342189983147429,tvm
8,4,6,3,160,32,2,[8; 4; 6; 3; 160; 32; 2],0.42904649092815816,0.34095539149907456,tvm
10,5,300,2,1280,80,5,[10; 5; 300; 2; 1280; 80; 5],0.45917281601577997,0.31858531076606034,tvm
16,8,50,1,320,80,5,[16; 8; 50; 1; 320; 80; 5],0.4026863930048421,0.3632745402548411,tvm
32,32,75,5,640,32,2,[32; 32; 75; 5; 640; 32; 2],0.23574711405672133,0.6205196397463326,tvm
20,2,1500,2,2560,64,4,[20; 2; 1500; 2; 2560; 64; 4],0.42089629906695336,0.3475576159971037,tvm
20,10,30,2,512,32,2,[20; 10; 30; 2; 512; 32; 2],0.3280571940122172,0.4459152762254817,tvm
20,20,30,5,320,16,1,[20; 20; 30; 5; 320; 16; 1],0.3507152759702876,0.41710676525566437,tvm
8,4,60,1,160,80,5,[8; 4; 60; 1; 160; 80; 5],0.4285831860033795,0.34132396944886395,tvm
64,64,750,6,512,32,2,[64; 64; 750; 6; 512; 32; 2],0.40351079299580306,0.3625323456645082,tvm
64,4,1500,20,32,16,1,[64; 4; 1500; 20; 32; 16; 1],0.42589621897786856,0.3434773725786844,tvm
80,2,250,5,2560,64,4,[80; 2; 250; 5; 2560; 64; 4],0.5857292070286348,0.24974973508289258,tvm
8,4,60,20,80,16,1,[8; 4; 60; 20; 80; 16; 1],0.5160903780488297,0.2834497997013103,tvm
10,5,1500,4,64,64,4,[10; 5; 1500; 4; 64; 64; 4],0.381801919080317,0.3831455709758787,tvm
32,2,100,2,256,64,4,[32; 2; 100; 2; 256; 64; 4],0.3204410739708692,0.4565136187847533,tvm
160,16,375,15,512,16,1,[160; 16; 375; 15; 512; 16; 1],0.33190241595730186,0.4407491697937308,tvm
20,10,75,1,1280,128,8,[20; 10; 75; 1; 1280; 128; 8],0.5354627759661525,0.2731949275498494,tvm
4,2,30,5,5120,80,5,[4; 2; 30; 5; 5120; 80; 5],0.955905984970741,0.15303357922818311,tvm
80,20,50,10,32,32,2,[80; 20; 50; 10; 32; 32; 2],0.2503826899919659,0.5842485129080138,tvm
2,1,60,3,64,32,2,[2; 1; 60; 3; 64; 32; 2],0.7834486999781802,0.18672022085145906,tvm
16,2,500,1,512,16,1,[16; 2; 500; 1; 512; 16; 1],0.5040293959900737,0.29023250518625554,tvm
10,10,1500,4,512,16,1,[10; 10; 1500; 4; 512; 16; 1],0.6101707860361785,0.23974552311168937,tvm
128,1,60,10,5120,16,1,[128; 1; 60; 10; 5120; 16; 1],2.6751964789582416,0.054682231916916985,tvm
160,4,4,4,512,32,2,[160; 4; 4; 4; 512; 32; 2],0.549525125999935,0.2662038683300017,tvm
128,64,750,5,512,64,4,[128; 64; 750; 5; 512; 64; 4],0.27349550905637443,0.5348742829102947,tvm
16,2,12,3,128,64,4,[16; 2; 12; 3; 128; 64; 4],0.5629265561001375,0.25986642964431744,tvm
32,16,60,4,1024,64,4,[32; 16; 60; 4; 1024; 64; 4],0.26646097900811583,0.5489948840924237,tvm
16,4,1500,3,64,32,2,[16; 4; 1500; 3; 64; 32; 2],0.40973662200849503,0.35702377192605783,tvm
4,2,100,1,1024,128,8,[4; 2; 100; 1; 1024; 128; 8],0.4952508680289611,0.2953769972537632,tvm
160,8,30,5,32,32,2,[160; 8; 30; 5; 32; 32; 2],0.2753514709183946,0.5312690496905633,tvm
8,8,1500,3,320,32,2,[8; 8; 1500; 3; 320; 32; 2],0.533116682083346,0.274397180208374,tvm
8,4,20,10,5120,32,2,[8; 4; 20; 10; 5120; 32; 2],1.3272742329863831,0.11021513915520657,tvm
32,8,50,2,5120,64,4,[32; 8; 50; 2; 5120; 64; 4],0.3998431059299037,0.3658577880078782,tvm
256,256,500,20,320,16,1,[256; 256; 500; 20; 320; 16; 1],0.6841716429917142,0.2138143487590963,tvm
8,8,1500,30,80,16,1,[8; 8; 1500; 30; 80; 16; 1],0.6232210110174492,0.23472526070148578,tvm
320,160,12,12,2560,16,1,[320; 160; 12; 12; 2560; 16; 1],1.077274219947867,0.1357924580176007,tvm
80,20,1500,4,1280,32,2,[80; 20; 1500; 4; 1280; 32; 2],0.29135036398656666,0.5020955261015535,tvm
8,2,375,1,640,128,8,[8; 2; 375; 1; 640; 128; 8],0.39645910693798214,0.36898058772199593,tvm
64,8,25,5,320,32,2,[64; 8; 25; 5; 320; 32; 2],0.2862854410195723,0.5109785316526566,tvm
32,8,250,2,1280,160,10,[32; 8; 250; 2; 1280; 160; 10],0.33074973500333726,0.4422852048067046,tvm
32,16,30,2,5120,64,4,[32; 16; 30; 2; 5120; 64; 4],0.361877755029127,0.40424069247898364,tvm
20,10,4,4,5120,32,2,[20; 10; 4; 4; 5120; 32; 2],0.2975126369856298,0.49169580078301034,tvm
80,16,150,10,32,32,2,[80; 16; 150; 10; 32; 32; 2],0.23575067205820233,0.6205102747261698,tvm
8,1,75,1,320,160,10,[8; 1; 75; 1; 320; 160; 10],0.7057524840347469,0.2072762301159851,tvm
80,4,20,4,5120,80,5,[80; 4; 20; 4; 5120; 80; 5],0.47304812900256366,0.30924065716983634,tvm
8,2,2,1,5120,16,1,[8; 2; 2; 1; 5120; 16; 1],0.44841783691663295,0.3262263501639227,tvm
80,5,750,3,160,80,5,[80; 5; 750; 3; 160; 80; 5],0.3238608739338815,0.4516930758223655,tvm
32,2,150,6,2560,32,2,[32; 2; 150; 6; 2560; 32; 2],0.6992574631003663,0.2092015058904241,tvm
320,16,15,15,64,16,1,[320; 16; 15; 15; 64; 16; 1],0.42395260196644813,0.34505204970363984,tvm
40,4,250,10,640,32,2,[40; 4; 250; 10; 640; 32; 2],0.37227356899529696,0.39295219018775507,tvm
256,32,60,10,512,32,2,[256; 32; 60; 10; 512; 32; 2],0.3681756630539894,0.39732586633316636,tvm
5,1,60,12,640,16,1,[5; 1; 60; 12; 640; 16; 1],0.8858860699692741,0.16512926350765178,tvm
128,4,60,6,128,64,4,[128; 4; 60; 6; 128; 64; 4],0.3668265000451356,0.39878720394441186,tvm
4,2,6,2,320,80,5,[4; 2; 6; 2; 320; 80; 5],0.6832886950578541,0.21409064037467834,tvm
8,8,20,1,5120,80,5,[8; 8; 20; 1; 5120; 80; 5],0.41673704609274864,0.3510264221941936,tvm
40,40,60,10,160,32,2,[40; 40; 60; 10; 160; 32; 2],0.3302400750108063,0.4429677842125231,tvm
64,1,150,25,32,16,1,[64; 1; 150; 25; 32; 16; 1],0.5672314129769802,0.25789424023251506,tvm
80,2,2,2,640,80,5,[80; 2; 2; 2; 640; 80; 5],0.5543555920012295,0.26388425840104063,tvm
20,1,12,1,2560,160,10,[20; 1; 12; 1; 2560; 160; 10],0.7499977110419422,0.1950482143238615,tvm
8,1,750,10,512,16,1,[8; 1; 750; 10; 512; 16; 1],1.1434303020359948,0.12793583834995242,tvm
20,20,12,2,512,32,2,[20; 20; 12; 2; 512; 32; 2],0.3682463960722089,0.39724954771052085,tvm
2,1,1500,10,5120,32,2,[2; 1; 1500; 10; 5120; 32; 2],3.3633534369291738,0.04349400591668916,tvm
20,4,1500,2,320,160,10,[20; 4; 1500; 2; 320; 160; 10],0.45066629990469664,0.32459874260988597,tvm
256,32,12,12,320,32,2,[256; 32; 12; 12; 320; 32; 2],0.35482995701022446,0.41226990955980375,tvm
256,16,750,15,512,16,1,[256; 16; 750; 15; 512; 16; 1],0.3781970730051398,0.3867975844533472,tvm
10,1,750,3,320,64,4,[10; 1; 750; 3; 320; 64; 4],0.6404788210056722,0.22840054891435474,tvm
40,40,2,2,2560,160,10,[40; 40; 2; 2; 2560; 160; 10],0.3828473429894075,0.3820993327091255,tvm
20,5,60,20,2560,16,1,[20; 5; 60; 20; 2560; 16; 1],1.0809008629294112,0.13533684660890827,tvm
16,2,750,2,640,16,1,[16; 2; 750; 2; 640; 16; 1],0.50757171807345,0.28820698450449417,tvm
64,16,1500,3,640,64,4,[64; 16; 1500; 3; 640; 64; 4],0.25426092196721584,0.5753369930145075,tvm
2,2,20,5,320,64,4,[2; 2; 20; 5; 320; 64; 4],1.015802884940058,0.1440099417460766,tvm
16,4,2,2,160,32,2,[16; 4; 2; 2; 160; 32; 2],0.3684643510496244,0.39701456563979154,tvm
10,5,125,1,5120,64,4,[10; 5; 125; 1; 5120; 64; 4],0.56139361707028,0.2605760198149902,tvm
80,80,100,2,1280,80,5,[80; 80; 100; 2; 1280; 80; 5],0.5140279190381989,0.28458709900316403,tvm
20,1,6,3,1024,32,2,[20; 1; 6; 3; 1024; 32; 2],0.8151649109786376,0.17945536211819094,tvm
64,1,30,5,1024,64,4,[64; 1; 30; 5; 1024; 64; 4],0.7825847819913179,0.1869263467064674,tvm
10,10,100,20,128,16,1,[10; 10; 100; 20; 128; 16; 1],0.40231623605359346,0.3636087763214887,tvm
2,2,750,10,160,16,1,[2; 2; 750; 10; 160; 16; 1],0.9059298279462382,0.16147576751871284,tvm
256,128,30,5,1024,32,2,[256; 128; 30; 5; 1024; 32; 2],0.6741353160468861,0.2169975534637917,tvm
32,1,250,1,640,128,8,[32; 1; 250; 1; 640; 128; 8],0.4976026569493115,0.29398097506664994,tvm
8,1,2,2,1280,160,10,[8; 1; 2; 2; 1280; 160; 10],0.537544594029896,0.2721368904280684,tvm
40,5,20,10,640,16,1,[40; 5; 20; 10; 640; 16; 1],0.39132895797956735,0.3738177594650493,tvm
10,2,125,1,2560,16,1,[10; 2; 125; 1; 2560; 16; 1],0.5380621610675007,0.2718751194016086,tvm
4,2,1500,10,640,16,1,[4; 2; 1500; 10; 640; 16; 1],1.1114223349140957,0.13162027583062838,tvm
80,8,1500,10,80,16,1,[80; 8; 1500; 10; 80; 16; 1],0.3577988459728658,0.40884903887255153,tvm
32,32,50,5,256,64,4,[32; 32; 50; 5; 256; 64; 4],0.23698597901966423,0.6172758189782023,tvm
32,8,2,2,640,80,5,[32; 8; 2; 2; 640; 80; 5],0.33032746298704296,0.44285059729185255,tvm
2,1,750,5,1280,16,1,[2; 1; 750; 5; 1280; 16; 1],1.6614449059125036,0.08804728568797822,tvm
8,8,125,1,320,80,5,[8; 8; 125; 1; 320; 80; 5],0.3858835189603269,0.3790929311514703,tvm
10,10,375,1,128,128,8,[10; 10; 375; 1; 128; 128; 8],0.3476890459423885,0.42073719604601406,tvm
4,2,1500,1,1280,64,4,[4; 2; 1500; 1; 1280; 64; 4],0.6060775860678405,0.24136466625469302,tvm
2,1,150,30,512,16,1,[2; 1; 150; 30; 512; 16; 1],3.5479003369109705,0.04123163008944045,tvm
320,16,300,10,1024,16,1,[320; 16; 300; 10; 1024; 16; 1],0.543996507069096,0.26890928964573985,tvm
128,128,12,12,64,16,1,[128; 128; 12; 12; 64; 16; 1],0.5257902659941465,0.27822065897154297,tvm
16,2,20,20,1024,16,1,[16; 2; 20; 20; 1024; 16; 1],4.059870666009374,0.03603211193658663,tvm
64,16,6,6,1024,64,4,[64; 16; 6; 6; 1024; 64; 4],0.22901636199094355,0.6387566067943179,tvm
10,5,300,2,2560,80,5,[10; 5; 300; 2; 2560; 80; 5],0.44684817898087204,0.32737229593135764,tvm
160,160,150,6,32,32,2,[160; 160; 150; 6; 32; 32; 2],0.49286947899963707,0.29680416523787634,tvm
64,4,1500,10,80,16,1,[64; 4; 1500; 10; 80; 16; 1],0.44568356801755726,0.3282277489753706,tvm
1,1,4,2,640,160,10,[1; 1; 4; 2; 640; 160; 10],1.9027231520740315,0.07688229058770742,tvm
160,32,375,15,2560,16,1,[160; 32; 375; 15; 2560; 16; 1],0.6980900989146903,0.20955133801946538,tvm
16,2,300,4,320,16,1,[16; 2; 300; 4; 320; 16; 1],0.8117796940496191,0.18020371211302158,tvm
1,1,150,5,32,32,2,[1; 1; 150; 5; 32; 32; 2],1.7533899099798873,0.08343022476238175,tvm
128,1,10,2,256,64,4,[128; 1; 10; 2; 256; 64; 4],0.2765190430218354,0.5290258229129008,tvm
20,1,50,2,5120,128,8,[20; 1; 50; 2; 5120; 128; 8],0.3954666580539197,0.3699065681177326,tvm
4,4,20,4,640,16,1,[4; 4; 20; 4; 640; 16; 1],0.6145472339121625,0.23803819497237047,tvm
32,16,3,3,1280,64,4,[32; 16; 3; 3; 1280; 64; 4],0.23170614999253303,0.6313415258525874,tvm
160,160,150,30,1024,16,1,[160; 160; 150; 30; 1024; 16; 1],4.293295750045218,0.034073057809766216,tvm
64,8,1500,10,512,16,1,[64; 8; 1500; 10; 512; 16; 1],0.43111520796082914,0.3393193085849241,tvm
1,1,150,5,256,16,1,[1; 1; 150; 5; 256; 16; 1],3.282930607092567,0.04455949022183812,tvm
32,32,150,6,1280,32,2,[32; 32; 150; 6; 1280; 32; 2],0.23337954503949732,0.6268146347656852,tvm
8,8,750,15,32,16,1,[8; 8; 750; 15; 32; 16; 1],0.44935948902275413,0.3255427288379947,tvm
10,2,300,2,64,64,4,[10; 2; 300; 2; 64; 64; 4],0.3262353719910607,0.4484054362128541,tvm
4,4,100,1,5120,64,4,[4; 4; 100; 1; 5120; 64; 4],0.8464109420310706,0.17283060393180072,tvm
80,2,60,4,64,32,2,[80; 2; 60; 4; 64; 32; 2],0.5659507400123402,0.25847782137810194,tvm
32,1,6,3,640,80,5,[32; 1; 6; 3; 640; 80; 5],0.5327343099052086,0.27459412988013376,tvm
320,80,20,20,320,16,1,[320; 80; 20; 20; 320; 16; 1],0.6682323339628056,0.21891445063455534,tvm
40,5,1500,2,1280,160,10,[40; 5; 1500; 2; 1280; 160; 10],0.363953853957355,0.40193478567438057,tvm
10,10,50,1,256,16,1,[10; 10; 50; 1; 256; 16; 1],0.4740681209368631,0.3085753034745755,tvm
16,4,3,3,2560,32,2,[16; 4; 3; 3; 2560; 32; 2],0.30326227098703384,0.48237360291999143,tvm
10,2,500,2,512,128,8,[10; 2; 500; 2; 512; 128; 8],0.4536358999321237,0.3224738480962433,tvm
10,10,10,2,128,128,8,[10; 10; 10; 2; 128; 128; 8],0.2895714909536764,0.5051799602368869,tvm
10,2,50,1,160,32,2,[10; 2; 50; 1; 160; 32; 2],0.3487342739244923,0.41947616057201187,tvm
4,2,2,1,5120,64,4,[4; 2; 2; 1; 5120; 64; 4],0.6553084339248016,0.22323185039687887,tvm
256,16,750,25,1280,16,1,[256; 16; 750; 25; 1280; 16; 1],0.5935483770444989,0.24645963150320788,tvm
10,5,75,1,320,16,1,[10; 5; 75; 1; 320; 16; 1],0.4901047950843349,0.2984784392091943,tvm
128,128,30,10,1024,32,2,[128; 128; 30; 10; 1024; 32; 2],1.803777610999532,0.08109963966381233,tvm
160,16,100,10,128,32,2,[160; 16; 100; 10; 128; 32; 2],0.22381828597281128,0.6535914331123267,tvm
8,1,12,1,640,80,5,[8; 1; 12; 1; 640; 80; 5],0.8963393490994349,0.16320349478430202,tvm
80,16,5,5,640,64,4,[80; 16; 5; 5; 640; 64; 4],0.22989452700130641,0.636316645697629,tvm
64,8,250,10,160,16,1,[64; 8; 250; 10; 160; 16; 1],0.3441827390342951,0.4250233893081375,tvm
320,10,375,25,512,16,1,[320; 10; 375; 25; 512; 16; 1],0.7196100549772382,0.20328470019827813,tvm
16,1,6,1,2560,32,2,[16; 1; 6; 1; 2560; 32; 2],0.3664699379587546,0.39917520956979136,tvm
80,20,60,5,160,80,5,[80; 20; 60; 5; 160; 80; 5],0.40805246599484235,0.3584973170767783,tvm
80,20,100,10,5120,16,1,[80; 20; 100; 10; 5120; 16; 1],0.43631774792447686,0.33527335292131,tvm
32,2,10,2,640,128,8,[32; 2; 10; 2; 640; 128; 8],0.29747322492767125,0.49176094527930286,tvm
1,1,4,4,1024,32,2,[1; 1; 4; 4; 1024; 32; 2],1.878971703001298,0.07785413375414374,tvm
10,2,750,5,320,64,4,[10; 2; 750; 5; 320; 64; 4],0.5905561069957912,0.2477084100101548,tvm
10,1,60,2,1280,128,8,[10; 1; 60; 2; 1280; 128; 8],0.4565955719444901,0.3203835588302612,tvm
40,5,12,4,80,80,5,[40; 5; 12; 4; 80; 80; 5],0.31743959395680577,0.46083008254357677,tvm
320,32,100,25,32,16,1,[320; 32; 100; 25; 32; 16; 1],0.5890086210565642,0.24835920741415782,tvm
20,10,500,1,2560,80,5,[20; 10; 500; 1; 2560; 80; 5],0.5929468799149618,0.24670964506414816,tvm
4,4,30,2,5120,64,4,[4; 4; 30; 2; 5120; 64; 4],0.7307947359513491,0.20017346470795175,tvm
40,4,10,2,1280,80,5,[40; 4; 10; 2; 1280; 80; 5],0.4200605360092595,0.34824912541293734,tvm
2,2,500,2,5120,32,2,[2; 2; 500; 2; 5120; 32; 2],2.0745333960512653,0.07051499607774901,tvm
20,1,30,3,512,64,4,[20; 1; 30; 3; 512; 64; 4],0.6037166640162468,0.2423085579790747,tvm
128,2,30,5,1280,64,4,[128; 2; 30; 5; 1280; 64; 4],0.5318178219022229,0.27506734122311827,tvm
80,80,1500,10,320,32,2,[80; 80; 1500; 10; 320; 32; 2],0.44786624901462346,0.32662812749914955,tvm
16,16,750,15,16,16,1,[16; 16; 750; 15; 16; 16; 1],0.3208999059861526,0.4558608823401363,tvm
128,128,60,10,1280,32,2,[128; 128; 60; 10; 1280; 32; 2],0.606048387940973,0.24137629469276306,tvm
8,2,125,1,256,64,4,[8; 2; 125; 1; 256; 64; 4],0.35872178501449525,0.4077971296886895,tvm
10,10,375,3,320,64,4,[10; 10; 375; 3; 320; 64; 4],0.36297438002657145,0.40301939292521277,tvm
32,1,50,2,1280,80,5,[32; 1; 50; 2; 1280; 80; 5],0.6246333080343902,0.23419454647087168,tvm
20,10,100,5,512,32,2,[20; 10; 100; 5; 512; 32; 2],0.3537337490124628,0.4135475189859827,tvm
5,1,1500,4,512,16,1,[5; 1; 1500; 4; 512; 16; 1],1.0236106619704515,0.1429114796480472,tvm
128,8,60,5,320,32,2,[128; 8; 60; 5; 320; 32; 2],0.27499373396858573,0.5319601729631608,tvm
20,1,12,6,64,64,4,[20; 1; 12; 6; 64; 64; 4],0.42761309491470456,0.342098303408818,tvm
128,32,150,15,128,16,1,[128; 32; 150; 15; 128; 16; 1],0.4335842520231381,0.33738705592542556,tvm
4,2,3,1,1024,64,4,[4; 2; 3; 1; 1024; 64; 4],0.49910538899712265,0.29309584210191253,tvm
10,1,75,15,64,16,1,[10; 1; 75; 15; 64; 16; 1],0.7077639979543164,0.20668713682601939,tvm
16,8,10,5,1280,16,1,[16; 8; 10; 5; 1280; 16; 1],0.38061096891760826,0.3843444520312317,tvm
4,1,300,20,1024,16,1,[4; 1; 300; 20; 1024; 16; 1],4.223739258944988,0.03463417254649705,tvm
40,10,500,2,640,128,8,[40; 10; 500; 2; 640; 128; 8],0.29654909507371485,0.4932934098124671,tvm
80,1,300,12,256,32,2,[80; 1; 300; 12; 256; 32; 2],0.6578389990609139,0.22237312548289445,tvm
32,32,60,2,5120,64,4,[32; 32; 60; 2; 5120; 64; 4],0.3351021349662915,0.4365406812476126,tvm
10,10,12,4,128,32,2,[10; 10; 12; 4; 128; 32; 2],0.30958430899772793,0.4725230253410159,tvm
20,5,30,1,128,64,4,[20; 5; 30; 1; 128; 64; 4],0.34620970010291785,0.42253499610850853,tvm
160,4,60,12,5120,16,1,[160; 4; 60; 12; 5120; 16; 1],1.8648437010124326,0.07844395442164674,tvm
80,16,6,6,320,64,4,[80; 16; 6; 6; 320; 64; 4],0.2285484259482473,0.6400644138272882,tvm
160,10,1500,5,1024,32,2,[160; 10; 1500; 5; 1024; 32; 2],0.507070375024341,0.28849193621041674,tvm
320,8,10,10,1280,16,1,[320; 8; 10; 10; 1280; 16; 1],0.5230258960509673,0.27969114988420996,tvm
8,1,6,1,1280,64,4,[8; 1; 6; 1; 1280; 64; 4],0.37602524808607996,0.38903162761088445,tvm
40,8,250,10,640,16,1,[40; 8; 250; 10; 640; 16; 1],0.3587377720978111,0.40777895628405975,tvm
32,1,100,2,80,80,5,[32; 1; 100; 2; 80; 80; 5],0.5484954050043598,0.2667036276895547,tvm
256,64,6,6,1280,32,2,[256; 64; 6; 6; 1280; 32; 2],0.4144229500088841,0.3529865184410717,tvm
4,1,750,1,1280,80,5,[4; 1; 750; 1; 1280; 80; 5],0.7551338390912861,0.19372157187625413,tvm
160,160,1500,12,1280,16,1,[160; 160; 1500; 12; 1280; 16; 1],0.7758304279996082,0.18855372128532727,tvm
16,1,20,1,16,16,1,[16; 1; 20; 1; 16; 16; 1],0.5357573799556121,0.2730447022453226,tvm
10,5,100,1,1280,16,1,[10; 5; 100; 1; 1280; 16; 1],0.5393078989582136,0.27124711981466587,tvm
80,2,300,12,2560,16,1,[80; 2; 300; 12; 2560; 16; 1],1.0776360490126535,0.1357468640917715,tvm
2,2,2,2,5120,128,8,[2; 2; 2; 2; 5120; 128; 8],1.1585294449469075,0.12626844740438878,tvm
80,10,60,6,128,32,2,[80; 10; 60; 6; 128; 32; 2],0.26899411901831627,0.5438249535699086,tvm
4,4,60,2,512,64,4,[4; 4; 60; 2; 512; 64; 4],0.50736389902886,0.28832503567108,tvm
128,32,150,30,256,16,1,[128; 32; 150; 30; 256; 16; 1],0.7716537850210443,0.18957428464077947,tvm
40,20,2,2,1024,64,4,[40; 20; 2; 2; 1024; 64; 4],0.29346697905566543,0.4984741886683153,tvm
4,4,2,2,512,16,1,[4; 4; 2; 2; 512; 16; 1],0.48401860101148486,0.30223159601720184,tvm
2,2,12,4,160,80,5,[2; 2; 12; 4; 160; 80; 5],0.7388497019419447,0.19799116640532766,tvm
16,2,50,1,2560,64,4,[16; 2; 50; 1; 2560; 64; 4],0.3787047490477562,0.386279059487757,tvm
320,2,500,10,64,16,1,[320; 2; 500; 10; 64; 16; 1],0.7670316710136831,0.19071665462312404,tvm
4,2,30,1,256,32,2,[4; 2; 30; 1; 256; 32; 2],0.5786697660805658,0.252796539339758,tvm
256,64,10,10,512,32,2,[256; 64; 10; 10; 512; 32; 2],0.6770843729609624,0.21605241551505794,tvm
80,4,500,5,128,32,2,[80; 4; 500; 5; 128; 32; 2],0.3789695759769529,0.38600912463382203,tvm
40,5,15,3,640,80,5,[40; 5; 15; 3; 640; 80; 5],0.3398236680077389,0.43047535547872107,tvm
4,4,20,4,128,32,2,[4; 4; 20; 4; 128; 32; 2],0.420061452081427,0.3482483659494599,tvm
20,5,125,1,640,80,5,[20; 5; 125; 1; 640; 80; 5],0.6271092960378155,0.2332698864615349,tvm
5,1,30,6,1280,32,2,[5; 1; 30; 6; 1280; 32; 2],0.6743574569700286,0.21692607203158112,tvm
160,80,25,25,160,16,1,[160; 80; 25; 25; 160; 16; 1],0.6029226459795609,0.24262766585595025,tvm
8,8,750,1,640,64,4,[8; 8; 750; 1; 640; 64; 4],0.4291683071060106,0.34085861389009714,tvm
64,2,750,2,256,128,8,[64; 2; 750; 2; 256; 128; 8],0.2778342330129817,0.5265215617935719,tvm
20,5,4,1,640,64,4,[20; 5; 4; 1; 640; 64; 4],0.506515827961266,0.2888077848909807,tvm
40,20,1500,4,512,32,2,[40; 20; 1500; 4; 512; 32; 2],0.3230779320001602,0.4527877016547257,tvm
40,8,4,2,512,64,4,[40; 8; 4; 2; 512; 64; 4],0.30323197203688323,0.48242180170869653,tvm
32,8,60,2,320,80,5,[32; 8; 60; 2; 320; 80; 5],0.36852086102589965,0.3969536863625024,tvm
256,32,60,10,320,32,2,[256; 32; 60; 10; 320; 32; 2],0.30664338904898614,0.4770548445195576,tvm
80,2,100,10,1280,32,2,[80; 2; 100; 10; 1280; 32; 2],0.6219498260179535,0.2352050087742794,tvm
80,1,500,25,1280,16,1,[80; 1; 500; 25; 1280; 16; 1],0.9618403509957716,0.15208939210573563,tvm
40,1,10,2,640,160,10,[40; 1; 10; 2; 640; 160; 10],0.5368675250792876,0.272480095092565,tvm
2,2,15,1,512,16,1,[2; 2; 15; 1; 512; 16; 1],0.9906141320243478,0.1476717417575856,tvm
320,32,250,10,32,16,1,[320; 32; 250; 10; 32; 16; 1],0.47310947196092457,0.3092005612979916,tvm
2,1,5,1,1280,80,5,[2; 1; 5; 1; 1280; 80; 5],0.9968069319147617,0.14675431079187498,tvm
64,16,150,10,64,16,1,[64; 16; 150; 10; 64; 16; 1],0.29972269700374454,0.48807019204116764,tvm
2,1,12,1,512,16,1,[2; 1; 12; 1; 512; 16; 1],0.9959810930304229,0.14687599524667472,tvm
4,1,4,2,640,32,2,[4; 1; 4; 2; 640; 32; 2],0.4982986490940675,0.2935703609706132,tvm
128,4,75,25,16,16,1,[128; 4; 75; 25; 16; 16; 1],0.4161788229830563,0.3514972560044699,tvm
2,2,750,1,160,160,10,[2; 2; 750; 1; 160; 160; 10],0.7055505940224975,0.20733554124263093,tvm
8,8,125,5,5120,64,4,[8; 8; 125; 5; 5120; 64; 4],0.5896586480084807,0.24808542159057823,tvm
320,160,250,25,512,16,1,[320; 160; 250; 25; 512; 16; 1],2.8380929060513154,0.05154366651416073,tvm
16,1,300,2,64,32,2,[16; 1; 300; 2; 64; 32; 2],0.5201389929279685,0.2812435065908867,tvm
8,2,12,4,320,64,4,[8; 2; 12; 4; 320; 64; 4],0.5707836030051112,0.25628927235389476,tvm
40,8,250,1,160,160,10,[40; 8; 250; 1; 160; 160; 10],0.49387869390193373,0.29619766167673817,tvm
5,1,15,5,2560,32,2,[5; 1; 15; 5; 2560; 32; 2],0.7404549939092249,0.1975619254229083,tvm
16,1,12,3,512,32,2,[16; 1; 12; 3; 512; 32; 2],0.7188864659983665,0.20348931466188808,tvm
10,1,500,10,32,16,1,[10; 1; 500; 10; 32; 16; 1],0.7360165299614891,0.1987533001376592,tvm
20,5,3,1,320,32,2,[20; 5; 3; 1; 320; 32; 2],0.5338066490367055,0.2740425106163401,tvm
5,1,1500,25,16,16,1,[5; 1; 1500; 25; 16; 16; 1],0.9890282840933651,0.14790852459777057,tvm
160,32,60,4,256,32,2,[160; 32; 60; 4; 256; 32; 2],0.2406986498972401,0.6077546107889142,tvm
20,1,6,2,640,16,1,[20; 1; 6; 2; 640; 16; 1],0.613385712960735,0.2384889494403313,tvm
2,1,500,1,640,32,2,[2; 1; 500; 1; 640; 32; 2],1.0268054659245536,0.14246682467160038,tvm
256,256,375,15,5120,16,1,[256; 256; 375; 15; 5120; 16; 1],4.021868748939596,0.036372572905141155,tvm
20,10,250,1,1280,32,2,[20; 10; 250; 1; 1280; 32; 2],0.4418122519273311,0.33110379725226646,tvm
10,1,250,10,1024,32,2,[10; 1; 250; 10; 1024; 32; 2],2.6160043600248173,0.05591952235290867,tvm
40,1,500,10,160,32,2,[40; 1; 500; 10; 160; 32; 2],0.5259361820062622,0.2781434692849721,tvm
10,10,750,30,512,16,1,[10; 10; 750; 30; 512; 16; 1],1.0977583770873025,0.1332585725046856,tvm
5,1,20,1,512,32,2,[5; 1; 20; 1; 512; 32; 2],0.5032249240903184,0.2906964804061634,tvm
80,20,250,10,2560,32,2,[80; 20; 250; 10; 2560; 32; 2],0.2437982140108943,0.6000278339987241,tvm
16,2,500,4,160,80,5,[16; 2; 500; 4; 160; 80; 5],0.5225520379608497,0.2799447780484481,tvm
4,1,150,3,320,80,5,[4; 1; 150; 3; 320; 80; 5],0.722613457008265,0.20243978695243306,tvm
8,8,300,6,256,16,1,[8; 8; 300; 6; 256; 16; 1],0.5094605620251969,0.2871384464073184,tvm
8,2,4,2,1280,64,4,[8; 2; 4; 2; 1280; 64; 4],0.4113143340218812,0.35565430665961706,tvm
320,16,150,15,64,16,1,[320; 16; 150; 15; 64; 16; 1],0.4399608869571239,0.33249708922413934,tvm
16,1,100,4,2560,32,2,[16; 1; 100; 4; 2560; 32; 2],0.7096628720173612,0.20613409557395523,tvm
80,20,300,4,320,32,2,[80; 20; 300; 4; 320; 32; 2],0.2660891809500754,0.5497619774069692,tvm
160,8,750,30,128,16,1,[160; 8; 750; 30; 128; 16; 1],0.38497169001493603,0.37999083589767013,tvm
8,8,750,25,5120,16,1,[8; 8; 750; 25; 5120; 16; 1],1.3098235500510782,0.11168352735756637,tvm
20,1,100,1,320,32,2,[20; 1; 100; 1; 320; 32; 2],0.7518586770165712,0.19456543996564146,tvm
8,4,300,4,32,16,1,[8; 4; 300; 4; 32; 16; 1],0.5474866810254753,0.267195019268254,tvm
64,16,60,4,80,80,5,[64; 16; 60; 4; 80; 80; 5],0.348117912071757,0.42021886611672155,tvm
256,2,12,12,1024,32,2,[256; 2; 12; 12; 1024; 32; 2],2.4425529839936644,0.05989049787019635,tvm
80,1,20,4,128,32,2,[80; 1; 20; 4; 128; 32; 2],0.5960972169414163,0.2454057998061264,tvm
40,5,50,5,160,80,5,[40; 5; 50; 5; 160; 80; 5],0.3447059749159962,0.4243782380661191,tvm
128,8,150,10,32,16,1,[128; 8; 150; 10; 32; 16; 1],0.33295500790700316,0.43935580126962076,tvm
80,8,300,3,64,64,4,[80; 8; 300; 3; 64; 64; 4],0.23939471505582333,0.6110649278602605,tvm
20,1,50,2,160,16,1,[20; 1; 50; 2; 160; 16; 1],0.7916372860781848,0.18478881282919588,tvm
8,2,25,1,256,16,1,[8; 2; 25; 1; 256; 16; 1],0.46018525201361626,0.31788440339106283,tvm
20,1,150,5,1280,64,4,[20; 1; 150; 5; 1280; 64; 4],0.5576959699392319,0.26230369622655514,tvm
16,16,60,6,128,16,1,[16; 16; 60; 6; 128; 16; 1],0.3374412519624457,0.4335146145735455,tvm
64,8,1500,4,2560,80,5,[64; 8; 1500; 4; 2560; 80; 5],0.2778001169208437,0.5265862228826812,tvm
160,8,20,10,32,32,2,[160; 8; 20; 10; 32; 32; 2],0.2952405880205333,0.4954796874863982,tvm
5,5,50,10,128,16,1,[5; 5; 50; 10; 128; 16; 1],0.5697351829148829,0.2567608929069228,tvm
128,32,375,25,2560,16,1,[128; 32; 375; 25; 2560; 16; 1],2.147226567962207,0.06812774975327571,tvm
8,2,150,2,512,16,1,[8; 2; 150; 2; 512; 16; 1],0.5100186200579628,0.2868242619633949,tvm
64,4,12,12,512,32,2,[64; 4; 12; 12; 512; 32; 2],0.4806324050296098,0.30436090607894456,tvm
4,2,750,3,5120,32,2,[4; 2; 750; 3; 5120; 32; 2],1.4173869519727305,0.10320802945315156,tvm
256,16,300,6,2560,32,2,[256; 16; 300; 6; 2560; 32; 2],0.2802436000201851,0.5219948440398916,tvm
16,16,15,1,640,80,5,[16; 16; 15; 1; 640; 80; 5],0.3923268449725583,0.3728669505038494,tvm
5,1,300,10,1280,16,1,[5; 1; 300; 10; 1280; 16; 1],0.9484182879095897,0.15424176879606874,tvm
160,4,300,30,64,16,1,[160; 4; 300; 30; 64; 16; 1],0.4609660040587187,0.3173459929749617,tvm
40,5,75,3,640,80,5,[40; 5; 75; 3; 640; 80; 5],0.3452062859432772,0.4237631823128254,tvm
16,8,300,2,160,80,5,[16; 8; 300; 2; 160; 80; 5],0.40751409402582794,0.3589709323683976,tvm
32,8,750,10,1280,16,1,[32; 8; 750; 10; 1280; 16; 1],0.4024638889823109,0.36347537826466675,tvm
2,1,1500,12,160,16,1,[2; 1; 1500; 12; 160; 16; 1],1.4200249810237437,0.10301629636138655,tvm
16,1,100,1,1280,80,5,[16; 1; 100; 1; 1280; 80; 5],0.8876522100763395,0.16480070981080921,tvm
16,1,375,5,2560,80,5,[16; 1; 375; 5; 2560; 80; 5],0.6584688650909811,0.2221604118905484,tvm
160,10,250,10,320,32,2,[160; 10; 250; 10; 320; 32; 2],0.2692217989824712,0.543365042647378,tvm
4,4,100,20,80,16,1,[4; 4; 100; 20; 80; 16; 1],0.7424527109833434,0.1970303456660099,tvm
20,2,60,6,1280,16,1,[20; 2; 60; 6; 1280; 16; 1],0.749690001946874,0.19512827156001034,tvm
128,128,375,15,1280,16,1,[128; 128; 375; 15; 1280; 16; 1],0.7876807259162888,0.1857170163908021,tvm
32,8,250,25,640,16,1,[32; 8; 250; 25; 640; 16; 1],0.40561386791523546,0.3606526449344302,tvm
64,4,300,12,32,32,2,[64; 4; 300; 12; 32; 32; 2],0.3628827859647572,0.4031211177372338,tvm
10,1,4,2,640,16,1,[10; 1; 4; 2; 640; 16; 1],0.3755907319718972,0.389481693325329,tvm
160,32,12,6,2560,32,2,[160; 32; 12; 6; 2560; 32; 2],0.3441541889915243,0.42505864802743104,tvm
8,4,1500,15,32,16,1,[8; 4; 1500; 15; 32; 16; 1],0.5944679039530456,0.24607840610562007,tvm
8,1,6,6,1024,64,4,[8; 1; 6; 6; 1024; 64; 4],0.6039974730229005,0.24219590448546113,tvm
64,2,750,15,2560,16,1,[64; 2; 750; 15; 2560; 16; 1],1.1953992190537974,0.12237394165398974,tvm
80,5,30,2,320,80,5,[80; 5; 30; 2; 320; 80; 5],0.3830630200682208,0.38188419821798997,tvm
10,5,2,1,5120,128,8,[10; 5; 2; 1; 5120; 128; 8],0.7747274859575555,0.18882215609648417,tvm
80,8,150,2,128,64,4,[80; 8; 150; 2; 128; 64; 4],0.2938429310452193,0.49783642494092356,tvm
20,10,150,1,640,160,10,[20; 10; 150; 1; 640; 160; 10],0.5315522550372407,0.27520476660467835,tvm
80,40,500,5,640,32,2,[80; 40; 500; 5; 640; 32; 2],0.22156078601256013,0.6602509267024421,tvm
80,80,150,5,5120,80,5,[80; 80; 150; 5; 5120; 80; 5],0.767516952008009,0.1905960694457571,tvm
20,5,750,6,640,16,1,[20; 5; 750; 6; 640; 16; 1],0.4901690089609474,0.298439337476289,tvm
2,1,500,10,64,16,1,[2; 1; 500; 10; 64; 16; 1],1.0779003789648414,0.13571357533633988,tvm
32,8,60,2,2560,128,8,[32; 8; 60; 2; 2560; 128; 8],0.307360002072528,0.4759425862158705,tvm
10,5,20,1,16,16,1,[10; 5; 20; 1; 16; 16; 1],0.5649446740280837,0.2589381244055101,tvm
80,8,750,2,160,80,5,[80; 8; 750; 2; 160; 80; 5],0.3428089269436896,0.426726677131554,tvm
320,32,300,10,640,16,1,[320; 32; 300; 10; 640; 16; 1],0.46736202808097005,0.31300299445887036,tvm
80,5,1500,20,320,16,1,[80; 5; 1500; 20; 320; 16; 1],0.41871178906876594,0.3493708992790969,tvm
20,10,60,4,320,80,5,[20; 10; 60; 4; 320; 80; 5],0.31181373400613666,0.46914455115962056,tvm
20,2,60,2,1024,64,4,[20; 2; 60; 2; 1024; 64; 4],0.4071294500026852,0.35931007762948486,tvm
10,1,12,6,2560,16,1,[10; 1; 12; 6; 2560; 16; 1],0.8567616690415889,0.17074259922173676,tvm
128,8,60,4,320,32,2,[128; 8; 60; 4; 320; 32; 2],0.3003997199703008,0.48697020856136924,tvm
128,16,15,15,256,16,1,[128; 16; 15; 15; 256; 16; 1],0.2683953739469871,0.5450381358458449,tvm
10,2,100,1,2560,80,5,[10; 2; 100; 1; 2560; 80; 5],0.8605148419737816,0.16999789794464856,tvm
16,16,300,20,640,16,1,[16; 16; 300; 20; 640; 16; 1],0.4756095240591094,0.3075752416335837,tvm
32,8,10,10,80,16,1,[32; 8; 10; 10; 80; 16; 1],0.3267698580166325,0.44767199512712824,tvm
80,2,12,6,512,64,4,[80; 2; 12; 6; 512; 64; 4],0.6139058370608836,0.23828689263823782,tvm
4,2,12,2,512,64,4,[4; 2; 12; 2; 512; 64; 4],0.5156442910665646,0.28369501383043577,tvm
32,4,60,12,2560,32,2,[32; 4; 60; 12; 2560; 32; 2],0.5257964140037075,0.278217405805059,tvm
80,1,30,6,512,64,4,[80; 1; 30; 6; 512; 64; 4],0.6318491860292852,0.23151998533861243,tvm
16,4,150,1,1280,80,5,[16; 4; 150; 1; 1280; 80; 5],0.6683256370015442,0.21888388861158753,tvm
20,4,60,3,256,32,2,[20; 4; 60; 3; 256; 32; 2],0.44155615707859397,0.33129583166400384,tvm
20,10,100,5,640,16,1,[20; 10; 100; 5; 640; 16; 1],0.4484893009066582,0.32617436801722055,tvm
40,20,375,25,160,16,1,[40; 20; 375; 25; 160; 16; 1],0.4398003499954939,0.3326184580963001,tvm
128,16,750,2,1024,64,4,[128; 16; 750; 2; 1024; 64; 4],0.2862125950632617,0.5111085843492691,tvm
20,2,60,30,1280,16,1,[20; 2; 60; 30; 1280; 16; 1],1.098984600044787,0.13310988550681485,tvm
8,8,20,4,2560,32,2,[8; 8; 20; 4; 2560; 32; 2],0.3336381970439106,0.43845613476463374,tvm
160,1,1500,20,64,16,1,[160; 1; 1500; 20; 64; 16; 1],0.5710046209860593,0.25619007081430567,tvm
5,5,3,1,2560,32,2,[5; 5; 3; 1; 2560; 32; 2],0.4557210609782487,0.3209983624011101,tvm
256,4,750,10,64,16,1,[256; 4; 750; 10; 64; 16; 1],0.49900346098002046,0.29315571078087455,tvm
32,4,100,4,80,80,5,[32; 4; 100; 4; 80; 80; 5],0.3497733250260353,0.41823004734516434,tvm
160,80,30,6,32,32,2,[160; 80; 30; 6; 32; 32; 2],0.3681776709854603,0.39732369943611073,tvm
40,1,12,4,160,32,2,[40; 1; 12; 4; 160; 32; 2],0.6097634290345013,0.23990568689457634,tvm
8,1,60,30,512,16,1,[8; 1; 60; 30; 512; 16; 1],3.5071568520506844,0.041710627855203845,tvm
80,20,60,12,64,32,2,[80; 20; 60; 12; 64; 32; 2],0.23657872795592993,0.6183384091614716,tvm
1,1,10,2,2560,80,5,[1; 1; 10; 2; 2560; 80; 5],1.8651333139277995,0.07843177385408982,tvm
64,32,3,3,5120,80,5,[64; 32; 3; 3; 5120; 80; 5],0.6942379178944975,0.21071409457059526,tvm
160,5,60,30,256,16,1,[160; 5; 60; 30; 256; 16; 1],0.5130708110518754,0.2851179820302108,tvm
5,1,10,5,1280,64,4,[5; 1; 10; 5; 1280; 64; 4],0.6013618899742141,0.24325737417777987,tvm
160,160,1500,5,256,32,2,[160; 160; 1500; 5; 256; 32; 2],0.4724665969843045,0.30962128374669834,tvm
64,8,750,10,80,16,1,[64; 8; 750; 10; 80; 16; 1],0.3364530149847269,0.43478794295350526,tvm
256,64,50,5,2560,32,2,[256; 64; 50; 5; 2560; 32; 2],0.33192233194131404,0.44072272398826884,tvm
10,10,5,1,2560,160,10,[10; 10; 5; 1; 2560; 160; 10],0.5442940390203148,0.2687622935371784,tvm
20,4,30,5,2560,64,4,[20; 4; 30; 5; 2560; 64; 4],0.40644018596503884,0.3599194157890123,tvm
80,2,300,25,16,16,1,[80; 2; 300; 25; 16; 16; 1],0.5572354510659352,0.2625204731785899,tvm
1,1,30,1,1280,160,10,[1; 1; 30; 1; 1280; 160; 10],1.9304279279895127,0.07577890485560206,tvm
64,2,500,20,320,16,1,[64; 2; 500; 20; 320; 16; 1],0.6073767889756709,0.24084837771364673,tvm
4,1,4,1,1024,128,8,[4; 1; 4; 1; 1024; 128; 8],0.519652105984278,0.281507017100668,tvm
160,1,150,30,1280,16,1,[160; 1; 150; 30; 1280; 16; 1],1.0258782970486209,0.14259558342014636,tvm
8,2,125,1,256,16,1,[8; 2; 125; 1; 256; 16; 1],0.4927296490641311,0.29688839420067964,tvm
256,32,25,25,160,16,1,[256; 32; 25; 25; 160; 16; 1],0.5272130100056529,0.2774698490163317,tvm
16,8,150,1,512,16,1,[16; 8; 150; 1; 512; 16; 1],0.5090556939831004,0.2873668166661754,tvm
16,4,50,2,512,64,4,[16; 4; 50; 2; 512; 64; 4],0.3726638660300523,0.39254064485532264,tvm
80,2,75,3,1280,80,5,[80; 2; 75; 3; 1280; 80; 5],0.5166692519560456,0.2831322238199675,tvm
16,4,60,2,1280,16,1,[16; 4; 60; 2; 1280; 16; 1],0.48843485105317086,0.2994989279947792,tvm
16,2,60,3,128,64,4,[16; 2; 60; 3; 128; 64; 4],0.5313910959521309,0.27528823008146924,tvm
20,4,150,2,128,16,1,[20; 4; 150; 2; 128; 16; 1],0.3685745580587536,0.39689585482022127,tvm
16,8,25,25,160,16,1,[16; 8; 25; 25; 160; 16; 1],0.31994045805186033,0.45722793289869673,tvm
80,20,20,20,640,16,1,[80; 20; 20; 20; 640; 16; 1],0.4022480190033093,0.36367044056097836,tvm
10,1,1500,15,32,16,1,[10; 1; 1500; 15; 32; 16; 1],0.7470104050589725,0.195828215102527,tvm
64,32,300,3,128,64,4,[64; 32; 300; 3; 128; 64; 4],0.24101957899983972,0.6069453564426465,tvm
8,2,30,2,320,32,2,[8; 2; 30; 2; 320; 32; 2],0.3976992790121585,0.36782997105016635,tvm
16,16,300,15,1280,16,1,[16; 16; 300; 15; 1280; 16; 1],0.38664943003095686,0.37834198869503577,tvm
1,1,100,10,160,16,1,[1; 1; 100; 10; 160; 16; 1],1.7571439379826188,0.08325198131102753,tvm
40,10,1,1,5120,128,8,[40; 10; 1; 1; 5120; 128; 8],0.4816747319418937,0.3037022799513621,tvm
5,1,6,2,2560,16,1,[5; 1; 6; 2; 2560; 16; 1],0.4292576009174809,0.34078770876286896,tvm
8,2,75,25,160,16,1,[8; 2; 75; 25; 160; 16; 1],0.6826380939455703,0.21429468349795652,tvm
40,4,12,6,128,32,2,[40; 4; 12; 6; 128; 32; 2],0.3751038480550051,0.38998723965173243,tvm
16,16,6,2,80,16,1,[16; 16; 6; 2; 80; 16; 1],0.5512119570048526,0.265389225372748,tvm
40,20,50,10,64,16,1,[40; 20; 50; 10; 64; 16; 1],0.30832627799827605,0.4744510109077768,tvm
128,64,75,15,16,16,1,[128; 64; 75; 15; 16; 16; 1],0.5011679090093821,0.29188962751997705,tvm
160,40,150,25,32,16,1,[160; 40; 150; 25; 32; 16; 1],0.511488005053252,0.2860002831747427,tvm
80,80,60,6,5120,32,2,[80; 80; 60; 6; 5120; 32; 2],0.6260925639653578,0.23364870101509205,tvm
160,80,25,25,2560,16,1,[160; 80; 25; 25; 2560; 16; 1],2.601675222045742,0.05622750797107078,tvm
20,1,50,5,5120,64,4,[20; 1; 50; 5; 5120; 64; 4],0.8435680969851092,0.1734130472792128,tvm
32,8,300,5,640,32,2,[32; 8; 300; 5; 640; 32; 2],0.3200947529403493,0.45700753586852805,tvm
128,64,250,25,640,16,1,[128; 64; 250; 25; 640; 16; 1],0.7567199270706624,0.19331553069046398,tvm
32,32,10,5,512,32,2,[32; 32; 10; 5; 512; 32; 2],0.3046041709603742,0.48024855938280814,tvm
160,8,75,25,256,16,1,[160; 8; 75; 25; 256; 16; 1],0.3905106399906799,0.37460109739700204,tvm
80,80,15,5,320,80,5,[80; 80; 15; 5; 320; 80; 5],0.48903823900036514,0.29912939852052156,tvm
20,10,20,5,128,16,1,[20; 10; 20; 5; 128; 16; 1],0.3867908159736544,0.37820369110232005,tvm
128,64,300,25,80,16,1,[128; 64; 300; 25; 80; 16; 1],0.6402092780917883,0.22849671082826914,tvm
5,5,300,6,32,32,2,[5; 5; 300; 6; 32; 32; 2],0.5113825419684872,0.28605926538401233,tvm
64,2,100,5,5120,64,4,[64; 2; 100; 5; 5120; 64; 4],0.7744906089501455,0.18887990712245137,tvm
40,4,25,5,160,80,5,[40; 4; 25; 5; 160; 80; 5],0.37686301802750677,0.3881668067388801,tvm
160,80,300,5,256,32,2,[160; 80; 300; 5; 256; 32; 2],0.31659577309619635,0.4620583302647757,tvm
2,2,1500,1,1280,128,8,[2; 2; 1500; 1; 1280; 128; 8],1.0303580169565976,0.14197561612399856,tvm
160,2,75,25,256,16,1,[160; 2; 75; 25; 256; 16; 1],0.9247971700970083,0.15818140346425302,tvm
128,64,75,5,32,32,2,[128; 64; 75; 5; 32; 32; 2],0.2693618540652096,0.5430825192133556,tvm
10,10,750,15,32,16,1,[10; 10; 750; 15; 32; 16; 1],0.42772486701142043,0.34200890705241227,tvm
64,4,60,30,512,16,1,[64; 4; 60; 30; 512; 16; 1],1.7321323999203742,0.08445411811039331,tvm
16,4,6,2,5120,160,10,[16; 4; 6; 2; 5120; 160; 10],0.43236125994008034,0.33834140067495316,tvm
80,4,150,15,80,16,1,[80; 4; 150; 15; 80; 16; 1],0.4050751799950376,0.3611322576898105,tvm
8,1,100,5,2560,64,4,[8; 1; 100; 5; 2560; 64; 4],0.7000137649010867,0.20897548251266854,tvm
80,4,5,5,32,32,2,[80; 4; 5; 5; 32; 32; 2],0.3476174210663885,0.4208238868954052,tvm
5,5,75,1,256,32,2,[5; 5; 75; 1; 256; 32; 2],0.5046581239439547,0.28987091923236374,tvm
2,1,12,12,320,16,1,[2; 1; 12; 12; 320; 16; 1],0.9990367098944262,0.14642676574034313,tvm
20,4,50,2,5120,32,2,[20; 4; 50; 2; 5120; 32; 2],0.45070885494351387,0.3245680946384954,tvm
2,2,125,5,320,64,4,[2; 2; 125; 5; 320; 64; 4],1.0131074979435652,0.14439308225696607,tvm
20,2,100,4,256,16,1,[20; 2; 100; 4; 256; 16; 1],0.8673691099975258,0.16865451236340614,tvm
128,1,100,10,1024,16,1,[128; 1; 100; 10; 1024; 16; 1],3.5783391210716218,0.04088089734823832,tvm
80,20,150,25,32,16,1,[80; 20; 150; 25; 32; 16; 1],0.42746415303554386,0.34221750115629124,tvm
16,16,1500,15,256,16,1,[16; 16; 1500; 15; 256; 16; 1],0.4378003500169143,0.3341379564453582,tvm
2,2,6,3,2560,16,1,[2; 2; 6; 3; 2560; 16; 1],0.9789511869894341,0.1494310607412269,tvm
80,80,100,4,256,32,2,[80; 80; 100; 4; 256; 32; 2],0.2757891110377386,0.5304259973690432,tvm
40,4,375,5,5120,32,2,[40; 4; 375; 5; 5120; 32; 2],0.6285852820146829,0.2327221436315737,tvm
10,10,250,1,128,64,4,[10; 10; 250; 1; 128; 64; 4],0.36390465102158487,0.40198913060068975,tvm
16,2,500,25,1024,16,1,[16; 2; 500; 25; 1024; 16; 1],4.283293229993433,0.034152626596133974,tvm
64,8,4,4,256,64,4,[64; 8; 4; 4; 256; 64; 4],0.2908846619538963,0.5028993735974289,tvm
80,20,50,2,1280,80,5,[80; 20; 50; 2; 1280; 80; 5],0.30391742498613894,0.4813337514043036,tvm
256,256,50,5,5120,32,2,[256; 256; 50; 5; 5120; 32; 2],0.9501638790825382,0.1539584039197167,tvm
16,8,300,6,16,16,1,[16; 8; 300; 6; 16; 16; 1],0.4228699168888852,0.34593549562938725,tvm
8,8,75,5,64,32,2,[8; 8; 75; 5; 64; 32; 2],0.3252019219798967,0.4498304111952861,tvm
4,4,6,1,640,128,8,[4; 4; 6; 1; 640; 128; 8],0.5247371660079807,0.2787790226459573,tvm
128,1,60,6,512,32,2,[128; 1; 60; 6; 512; 32; 2],0.807190633029677,0.1812282109080619,tvm
64,8,75,3,640,80,5,[64; 8; 75; 3; 640; 80; 5],0.2809655669843778,0.520653530095551,tvm
8,8,10,10,64,16,1,[8; 8; 10; 10; 64; 16; 1],0.529250129009597,0.27640184908308574,tvm
160,4,60,5,640,32,2,[160; 4; 60; 5; 640; 32; 2],0.4052023380063474,0.3610189294698067,tvm
128,2,125,5,128,64,4,[128; 2; 125; 5; 128; 64; 4],0.5143394710030407,0.28441471544160274,tvm
128,2,100,2,320,64,4,[128; 2; 100; 2; 320; 64; 4],0.2699748990125954,0.5418493156983808,tvm
32,1,500,4,512,32,2,[32; 1; 500; 4; 512; 32; 2],0.810292850015685,0.18053437628492294,tvm
20,20,375,5,1280,80,5,[20; 20; 375; 5; 1280; 80; 5],0.4884935320587829,0.29946295024457154,tvm
2,2,1,1,128,16,1,[2; 2; 1; 1; 128; 16; 1],0.5825986129930243,0.25109176545098616,tvm
80,20,75,25,1024,16,1,[80; 20; 75; 25; 1024; 16; 1],2.5006313429912552,0.0584995124114246,tvm
16,2,1,1,5120,64,4,[16; 2; 1; 1; 5120; 64; 4],0.555472107953392,0.26335384295837355,tvm
160,8,150,25,512,16,1,[160; 8; 150; 25; 512; 16; 1],0.7923837680136785,0.18461472860861158,tvm
80,5,150,6,5120,32,2,[80; 5; 150; 6; 5120; 32; 2],0.5212799579603598,0.28062792756908267,tvm
20,10,250,2,5120,128,8,[20; 10; 250; 2; 5120; 128; 8],0.4012028368888423,0.36461784622486204,tvm
160,2,25,5,256,32,2,[160; 2; 25; 5; 256; 32; 2],0.5585684459656477,0.2618939815563999,tvm
64,64,100,25,80,16,1,[64; 64; 100; 25; 80; 16; 1],0.5617418449837714,0.26041448681812274,tvm
32,16,500,5,160,32,2,[32; 16; 500; 5; 160; 32; 2],0.29237502603791654,0.5003358743326569,tvm
32,32,50,5,64,64,4,[32; 32; 50; 5; 64; 64; 4],0.20825244497973472,0.7024441624200356,tvm
8,4,30,5,64,16,1,[8; 4; 30; 5; 64; 16; 1],0.4687952490057796,0.31204606829091563,tvm
32,16,500,1,256,128,8,[32; 16; 500; 1; 256; 128; 8],0.5002819369547069,0.29240654814798617,tvm
20,4,25,25,128,16,1,[20; 4; 25; 25; 128; 16; 1],0.5424309510271996,0.26968541158776715,tvm
5,5,100,2,320,64,4,[5; 5; 100; 2; 320; 64; 4],0.45030750904697925,0.32485737267697384,tvm
64,1,75,1,256,128,8,[64; 1; 75; 1; 256; 128; 8],0.4625137480907142,0.31628403456025017,tvm
20,10,10,5,160,16,1,[20; 10; 10; 5; 160; 16; 1],0.4093200210481882,0.35738714639734775,tvm
256,256,100,20,80,16,1,[256; 256; 100; 20; 80; 16; 1],0.6903516579186544,0.21190028677087852,tvm
2,2,20,1,512,16,1,[2; 2; 20; 1; 512; 16; 1],1.382982918061316,0.10577550335240551,tvm
8,8,300,1,128,128,8,[8; 8; 300; 1; 128; 128; 8],0.3650970340240747,0.40067626042688737,tvm
32,4,1500,2,640,160,10,[32; 4; 1500; 2; 640; 160; 10],0.41296772100031376,0.35423038374857185,tvm
32,32,20,4,640,80,5,[32; 32; 20; 4; 640; 80; 5],0.44256495707668364,0.33054066289384776,tvm
320,10,100,20,32,16,1,[320; 10; 100; 20; 32; 16; 1],0.4739980660378933,0.3086209095925291,tvm
8,1,375,5,256,32,2,[8; 1; 375; 5; 256; 32; 2],0.6659349519759417,0.21966967472072135,tvm
5,1,500,20,64,16,1,[5; 1; 500; 20; 64; 16; 1],0.9031775229377672,0.16196784194749497,tvm
5,1,250,5,2560,32,2,[5; 1; 250; 5; 2560; 32; 2],0.8338246940402314,0.17543941230248108,tvm
160,10,1500,10,320,32,2,[160; 10; 1500; 10; 320; 32; 2],0.2573735909536481,0.5683788835664174,tvm
256,16,12,4,128,32,2,[256; 16; 12; 4; 128; 32; 2],0.31565181200858206,0.46344012205999,tvm
8,4,5,1,128,16,1,[8; 4; 5; 1; 128; 16; 1],0.4278606279985979,0.341900386978803,tvm
8,8,50,1,64,16,1,[8; 8; 50; 1; 64; 16; 1],0.4551867980044335,0.3213751253925635,tvm
80,4,300,5,160,80,5,[80; 4; 300; 5; 160; 80; 5],0.35733338608406484,0.4093816026787368,tvm
8,2,4,2,1280,128,8,[8; 2; 4; 2; 1280; 128; 8],0.3959815630223602,0.36942556913301,tvm
128,32,50,2,1024,64,4,[128; 32; 50; 2; 1024; 64; 4],0.27583282289560884,0.5303419395489322,tvm
256,1,500,10,128,32,2,[256; 1; 500; 10; 128; 32; 2],0.5457255010260269,0.26805731821342466,tvm
32,8,50,5,640,80,5,[32; 8; 50; 5; 640; 80; 5],0.2969726580195129,0.49258984063139727,tvm
4,4,12,3,2560,64,4,[4; 4; 12; 3; 2560; 64; 4],0.5168180700857192,0.2830506956953951,tvm
40,1,150,15,640,16,1,[40; 1; 150; 15; 640; 16; 1],0.6691494890255854,0.2186144003468274,tvm
40,5,500,25,256,16,1,[40; 5; 500; 25; 256; 16; 1],0.5538181510055438,0.26414033924332314,tvm
10,2,20,4,5120,64,4,[10; 2; 20; 4; 5120; 64; 4],0.8058807100169361,0.18152278925083096,tvm
20,4,300,25,64,16,1,[20; 4; 300; 25; 64; 16; 1],0.48503521096426994,0.30159813345281117,tvm
8,2,4,2,640,32,2,[8; 2; 4; 2; 640; 32; 2],0.3448308219667524,0.4242245906307608,tvm
10,1,6,1,160,32,2,[10; 1; 6; 1; 160; 32; 2],0.34710822196211666,0.4214412250415661,tvm
32,2,75,1,160,160,10,[32; 2; 75; 1; 160; 160; 10],0.6382752590579912,0.22918907197125643,tvm
320,5,20,10,128,16,1,[320; 5; 20; 10; 128; 16; 1],0.5518550809938461,0.2650799445794096,tvm
80,80,60,4,80,80,5,[80; 80; 60; 4; 80; 80; 5],0.48969289497472346,0.2987295012586718,tvm
320,5,30,15,640,16,1,[320; 5; 30; 15; 640; 16; 1],0.5613157249754295,0.26061217916550916,tvm
256,2,60,15,64,16,1,[256; 2; 60; 15; 64; 16; 1],0.6183643490076065,0.23656880368424157,tvm
128,64,1500,15,128,16,1,[128; 64; 1500; 15; 128; 16; 1],0.5761586859589443,0.25389830588467127,tvm
160,20,12,12,1024,16,1,[160; 20; 12; 12; 1024; 16; 1],0.5041276490082964,0.2901759397118623,tvm
8,1,250,2,5120,80,5,[8; 1; 250; 2; 5120; 80; 5],0.8031851779669523,0.1821319893576688,tvm
10,10,15,1,1280,80,5,[10; 10; 15; 1; 1280; 80; 5],0.3870506249368191,0.37794982067163313,tvm
40,4,60,5,320,64,4,[40; 4; 60; 5; 320; 64; 4],0.3753036230336875,0.38977964855027153,tvm
32,2,4,2,128,128,8,[32; 2; 4; 2; 128; 128; 8],0.2857933749910444,0.5118583112372647,tvm
16,16,6,1,320,64,4,[16; 16; 6; 1; 320; 64; 4],0.435354909976013,0.3360148488822012,tvm
64,2,2,2,5120,64,4,[64; 2; 2; 2; 5120; 64; 4],0.7227258000057191,0.20240831901193607,tvm
64,16,300,20,512,16,1,[64; 16; 300; 20; 512; 16; 1],0.7743900649948046,0.18890443059428422,tvm
2,2,20,1,128,128,8,[2; 2; 20; 1; 128; 128; 8],0.583863714011386,0.25054770621155875,tvm
80,80,60,6,128,32,2,[80; 80; 60; 6; 128; 32; 2],0.35238106991164386,0.4151349966738963,tvm
8,1,50,1,256,64,4,[8; 1; 50; 1; 256; 64; 4],0.34797967597842216,0.4203857994706142,tvm
40,2,30,30,5120,16,1,[40; 2; 30; 30; 5120; 16; 1],4.212895288015716,0.0347233207295345,tvm
64,4,500,5,5120,64,4,[64; 4; 500; 5; 5120; 64; 4],0.48919451294932514,0.2990338411683448,tvm
16,4,150,15,2560,16,1,[16; 4; 150; 15; 2560; 16; 1],0.8151257479330525,0.17946398412350112,tvm
64,4,1500,10,2560,32,2,[64; 4; 1500; 10; 2560; 32; 2],0.4585237120045349,0.3190363125304793,tvm
40,8,30,2,640,80,5,[40; 8; 30; 2; 640; 80; 5],0.34358967700973153,0.4257570121397187,tvm
64,64,20,5,640,64,4,[64; 64; 20; 5; 640; 64; 4],0.30575934203807265,0.4784341610321069,tvm
5,5,4,4,64,16,1,[5; 5; 4; 4; 64; 16; 1],0.40934004297014326,0.3573696656312321,tvm
10,1,750,5,80,16,1,[10; 1; 750; 5; 80; 16; 1],0.7570748149883002,0.19322491171229225,tvm
64,64,30,30,64,16,1,[64; 64; 30; 30; 64; 16; 1],0.7490377059439197,0.19529819810788895,tvm
4,4,30,1,512,32,2,[4; 4; 30; 1; 512; 32; 2],0.6755180620821193,0.2165533721405233,tvm
128,4,100,4,1280,64,4,[128; 4; 100; 4; 1280; 64; 4],0.3960130059858784,0.36939623718047976,tvm
16,8,1500,10,32,32,2,[16; 8; 1500; 10; 32; 32; 2],0.33720362198073417,0.43382011565128503,tvm
320,20,60,30,160,16,1,[320; 20; 60; 30; 160; 16; 1],0.5555102590005845,0.2633357564789103,tvm
32,1,100,25,512,16,1,[32; 1; 100; 25; 512; 16; 1],3.116254791035317,0.0469427964319675,tvm
16,8,100,2,80,80,5,[16; 8; 100; 2; 80; 80; 5],0.3640633050817996,0.4018139489582617,tvm
80,20,75,5,2560,32,2,[80; 20; 75; 5; 2560; 32; 2],0.24833487905561924,0.5890663238366564,tvm
8,8,60,3,80,16,1,[8; 8; 60; 3; 80; 16; 1],0.43362541298847646,0.3373550301803963,tvm
4,4,250,5,320,16,1,[4; 4; 250; 5; 320; 16; 1],0.8086113329045475,0.1809097997183062,tvm
1,1,20,5,1280,16,1,[1; 1; 20; 5; 1280; 16; 1],1.9793018610216677,0.07390773341172183,tvm
20,2,3,1,1024,64,4,[20; 2; 3; 1; 1024; 64; 4],0.5692484138999134,0.2569804512646997,tvm
256,32,12,6,160,32,2,[256; 32; 12; 6; 160; 32; 2],0.27227272803429514,0.5372764115665978,tvm
32,32,500,4,320,64,4,[32; 32; 500; 4; 320; 64; 4],0.2185496420133859,0.6693477643708722,tvm
16,1,30,1,512,64,4,[16; 1; 30; 1; 512; 64; 4],0.5944066339870915,0.24610377125920693,tvm
64,2,1,1,512,128,8,[64; 2; 1; 1; 512; 128; 8],0.46248383400961757,0.31630449224020274,tvm
256,4,125,25,160,16,1,[256; 4; 125; 25; 160; 16; 1],0.47152035403996706,0.31024262904526667,tvm
128,32,375,15,640,16,1,[128; 32; 375; 15; 640; 16; 1],0.43620368803385645,0.3353610212354742,tvm
10,5,30,2,5120,160,10,[10; 5; 30; 2; 5120; 160; 10],0.47766897710971534,0.3062491417610193,tvm
4,2,300,5,1280,80,5,[4; 2; 300; 5; 1280; 80; 5],0.7586611399892718,0.19282088744888518,tvm
64,32,1500,15,640,16,1,[64; 32; 1500; 15; 640; 16; 1],0.48585441999603063,0.3010896026980869,tvm
20,1,30,6,160,32,2,[20; 1; 30; 6; 160; 32; 2],0.6026406059972942,0.24274121728593095,tvm
128,32,20,20,16,16,1,[128; 32; 20; 20; 16; 16; 1],0.5038732680259272,0.29032243535925595,tvm
80,1,300,5,5120,32,2,[80; 1; 300; 5; 5120; 32; 2],1.0127420929493383,0.14444518037133877,tvm
20,10,20,4,640,16,1,[20; 10; 20; 4; 640; 16; 1],0.4312442159280181,0.33921780022234976,tvm
4,2,1500,6,1280,64,4,[4; 2; 1500; 6; 1280; 64; 4],0.7929414910031483,0.18448487807170819,tvm
8,4,6,2,64,64,4,[8; 4; 6; 2; 64; 64; 4],0.3662235309602693,0.39944378751999005,tvm
4,1,750,5,640,16,1,[4; 1; 750; 5; 640; 16; 1],0.8300788350170478,0.17623110976285758,tvm
40,5,1500,12,80,16,1,[40; 5; 1500; 12; 80; 16; 1],0.4368809439474717,0.33484114222043737,tvm
80,4,750,5,1280,80,5,[80; 4; 750; 5; 1280; 80; 5],0.34938412299379706,0.4186959413960303,tvm
16,8,150,5,1024,32,2,[16; 8; 150; 5; 1024; 32; 2],0.733579903957434,0.1994134701571685,tvm
32,8,75,5,128,64,4,[32; 8; 75; 5; 128; 64; 4],0.3180391989881173,0.459961271287128,tvm
10,2,12,2,1280,160,10,[10; 2; 12; 2; 1280; 160; 10],0.611052060034126,0.23939975634407407,tvm
16,4,150,30,640,16,1,[16; 4; 150; 30; 640; 16; 1],0.6646588679868728,0.22009142032331008,tvm
4,2,300,4,512,64,4,[4; 2; 300; 4; 512; 64; 4],0.7533970329677686,0.1941681582013512,tvm
20,4,750,1,2560,32,2,[20; 4; 750; 1; 2560; 32; 2],0.4528202989604324,0.3230546744957138,tvm
10,5,750,2,1024,32,2,[10; 5; 750; 2; 1024; 32; 2],0.41460581799037755,0.3528308285560754,tvm
2,1,375,25,640,16,1,[2; 1; 375; 25; 640; 16; 1],1.852658796007745,0.07895987895933254,tvm
64,2,300,12,2560,16,1,[64; 2; 300; 12; 2560; 16; 1],1.0805584100307897,0.13537973785382504,tvm
20,20,4,4,2560,64,4,[20; 20; 4; 4; 2560; 64; 4],0.27142293902579695,0.5389585523271149,tvm
320,4,60,15,16,16,1,[320; 4; 60; 15; 16; 16; 1],0.5649876990355551,0.2589184057200304,tvm
40,2,15,1,256,128,8,[40; 2; 15; 1; 256; 128; 8],0.49349261296447366,0.296429390111753,tvm
20,10,6,1,5120,16,1,[20; 10; 6; 1; 5120; 16; 1],0.5163652879418805,0.2832988926671994,tvm
256,8,12,4,32,32,2,[256; 8; 12; 4; 32; 32; 2],0.35325381893198937,0.41410936399212184,tvm
32,8,375,3,128,64,4,[32; 8; 375; 3; 128; 64; 4],0.307723379926756,0.47538056523535216,tvm
10,1,30,2,640,32,2,[10; 1; 30; 2; 640; 32; 2],0.3343311049975455,0.4375474255881404,tvm
20,5,5,5,5120,64,4,[20; 5; 5; 5; 5120; 64; 4],0.34237794298678637,0.4272638389306522,tvm
128,64,50,5,512,64,4,[128; 64; 50; 5; 512; 64; 4],0.24734358803834766,0.5914271538061235,tvm
20,5,15,3,1024,32,2,[20; 5; 15; 3; 1024; 32; 2],0.43768727604765445,0.33422427904846613,tvm
80,1,50,2,128,64,4,[80; 1; 50; 2; 128; 64; 4],0.29259185306727886,0.4999650972922927,tvm
5,5,1500,1,64,16,1,[5; 5; 1500; 1; 64; 16; 1],0.7005178020335734,0.20882512030536995,tvm
10,10,15,1,640,64,4,[10; 10; 15; 1; 640; 64; 4],0.34982651902828366,0.41816645202328706,tvm
160,16,1500,6,320,32,2,[160; 16; 1500; 6; 320; 32; 2],0.2487138289725408,0.5881687998211991,tvm
16,2,1500,1,512,16,1,[16; 2; 1500; 1; 512; 16; 1],0.5485757479909807,0.2666645669653617,tvm
160,8,60,12,320,32,2,[160; 8; 60; 12; 320; 32; 2],0.28088687802664936,0.5207993883994657,tvm
10,5,50,1,1280,64,4,[10; 5; 50; 1; 1280; 64; 4],0.37417554506100714,0.3909547703387811,tvm
160,160,5,5,160,32,2,[160; 160; 5; 5; 160; 32; 2],0.4537541239988059,0.3223898286511205,tvm
4,1,1500,4,1024,32,2,[4; 1; 1500; 4; 1024; 32; 2],1.6477493500569835,0.08877910604586514,tvm
10,1,150,2,64,16,1,[10; 1; 150; 2; 64; 16; 1],0.4229069920256734,0.3459051683799868,tvm
40,5,75,15,256,16,1,[40; 5; 75; 15; 256; 16; 1],0.5174747119890526,0.28269152268992237,tvm
40,10,250,2,128,128,8,[40; 10; 250; 2; 128; 128; 8],0.2785582719370723,0.5251530075501077,tvm
20,10,4,2,512,64,4,[20; 10; 4; 2; 512; 64; 4],0.35588120098691434,0.411052097947408,tvm
16,2,4,2,2560,32,2,[16; 2; 4; 2; 2560; 32; 2],0.3965583209646866,0.3688882733058097,tvm
16,2,30,5,512,64,4,[16; 2; 30; 5; 512; 64; 4],0.6184809340629727,0.23652420992951698,tvm
1,1,50,2,32,16,1,[1; 1; 50; 2; 32; 16; 1],2.0975758600980043,0.06974036890321547,tvm
20,10,250,10,128,32,2,[20; 10; 250; 10; 128; 32; 2],0.3109421080444008,0.4704596466710308,tvm
32,8,20,20,512,16,1,[32; 8; 20; 20; 512; 16; 1],0.6522819440579042,0.2242676125229802,tvm
8,4,500,4,160,32,2,[8; 4; 500; 4; 160; 32; 2],0.40036195097491145,0.3653836582859525,tvm
16,2,75,25,128,16,1,[16; 2; 75; 25; 128; 16; 1],0.8065945099806413,0.18136214972406053,tvm
128,128,500,25,1280,16,1,[128; 128; 500; 25; 1280; 16; 1],0.9226309889927506,0.15855278657550456,tvm
20,5,500,5,2560,80,5,[20; 5; 500; 5; 2560; 80; 5],0.40738854999653995,0.35908155564744454,tvm
10,2,1,1,1280,16,1,[10; 2; 1; 1; 1280; 16; 1],0.49382675800006837,0.2962288128698244,tvm
10,10,250,2,5120,16,1,[10; 10; 250; 2; 5120; 16; 1],0.7215802189894021,0.20272966253231342,tvm
40,20,20,5,640,32,2,[40; 20; 20; 5; 640; 32; 2],0.24345680593978614,0.6008692742066737,tvm
32,8,30,10,2560,32,2,[32; 8; 30; 10; 2560; 32; 2],0.336468423018232,0.43476803253477253,tvm
64,16,15,3,640,80,5,[64; 16; 15; 3; 640; 80; 5],0.274232188006863,0.5334374325236151,tvm
80,8,75,5,640,64,4,[80; 8; 75; 5; 640; 64; 4],0.30888212798163295,0.47359721082474826,tvm
5,5,750,1,160,32,2,[5; 5; 750; 1; 160; 32; 2],0.4424315500073135,0.33064033133101867,tvm
80,80,75,5,2560,32,2,[80; 80; 75; 5; 2560; 32; 2],0.35485394997522235,0.41224203449314484,tvm
10,2,750,1,2560,32,2,[10; 2; 750; 1; 2560; 32; 2],0.46436941099818796,0.31502013444698046,tvm
40,8,1500,12,1280,16,1,[40; 8; 1500; 12; 1280; 16; 1],0.44356032996438444,0.3297989121287295,tvm
8,2,300,15,64,16,1,[8; 2; 300; 15; 64; 16; 1],0.718564921990037,0.20358037222382333,tvm
64,16,500,4,320,32,2,[64; 16; 500; 4; 320; 32; 2],0.27193018794059753,0.5379531981850799,tvm
32,32,30,2,2560,160,10,[32; 32; 30; 2; 2560; 160; 10],0.3660343550145626,0.3996502303175732,tvm
64,8,50,10,512,16,1,[64; 8; 50; 10; 512; 16; 1],0.41818335105199367,0.3498123823383066,tvm
40,1,750,10,256,16,1,[40; 1; 750; 10; 256; 16; 1],0.7528060709591955,0.19432058258951454,tvm
256,256,12,12,1280,16,1,[256; 256; 12; 12; 1280; 16; 1],0.8282883269712329,0.1766120679505784,tvm
40,5,300,4,2560,64,4,[40; 5; 300; 4; 2560; 64; 4],0.3556469320319593,0.41132286295827997,tvm
80,16,1500,30,5120,16,1,[80; 16; 1500; 30; 5120; 16; 1],2.607260778080672,0.05610705132204003,tvm
20,2,150,1,256,16,1,[20; 2; 150; 1; 256; 16; 1],0.4844096440356225,0.30198761747806313,tvm
8,1,1500,1,2560,16,1,[8; 1; 1500; 1; 2560; 16; 1],0.6441819290630519,0.22708757834682441,tvm
32,8,750,3,160,80,5,[32; 8; 750; 3; 160; 80; 5],0.31484772206749767,0.4646237022936227,tvm
16,8,15,3,640,32,2,[16; 8; 15; 3; 640; 32; 2],0.37496819195803255,0.3901283293439647,tvm
20,10,15,1,512,16,1,[20; 10; 15; 1; 512; 16; 1],0.4378897889982909,0.33406970877387887,tvm
8,8,150,5,2560,16,1,[8; 8; 150; 5; 2560; 16; 1],0.5294758609961718,0.2762840103994315,tvm
160,1,500,20,1280,16,1,[160; 1; 500; 20; 1280; 16; 1],0.9230850309832022,0.15847479850247548,tvm
4,1,30,2,160,160,10,[4; 1; 30; 2; 160; 160; 10],0.5825774740660563,0.25110087636022727,tvm
16,2,10,2,160,16,1,[16; 2; 10; 2; 160; 16; 1],0.41949570807628334,0.3487180237350913,tvm
256,256,150,10,1024,16,1,[256; 256; 150; 10; 1024; 16; 1],2.41994614189025,0.06044998760652115,tvm
64,32,12,12,160,32,2,[64; 32; 12; 12; 160; 32; 2],0.31397162505891174,0.4659201743414429,tvm
8,1,75,1,5120,80,5,[8; 1; 75; 1; 5120; 80; 5],0.8830413620453328,0.16566122559296878,tvm
10,2,500,5,5120,80,5,[10; 2; 500; 5; 5120; 80; 5],0.9155277740210295,0.1597829344305115,tvm
32,1,5,1,128,128,8,[32; 1; 5; 1; 128; 128; 8],0.4799516029888764,0.3047926361214897,tvm
64,8,50,1,256,128,8,[64; 8; 50; 1; 256; 128; 8],0.4689703800249845,0.3119295386585415,tvm
16,16,500,20,80,16,1,[16; 16; 500; 20; 80; 16; 1],0.3538999520242214,0.41335330352263594,tvm
80,20,30,2,128,64,4,[80; 20; 30; 2; 128; 64; 4],0.2939940760843456,0.4975804826888606,tvm
40,8,30,30,320,16,1,[40; 8; 30; 30; 320; 16; 1],0.3502066279761493,0.41771258051597193,tvm
64,32,375,3,2560,80,5,[64; 32; 375; 3; 2560; 80; 5],0.4114066659240052,0.35557448724648544,tvm
20,4,4,1,5120,64,4,[20; 4; 4; 1; 5120; 64; 4],0.4141663050977513,0.35320525229880306,tvm
10,2,50,25,640,16,1,[10; 2; 50; 25; 640; 16; 1],0.8907014589058235,0.16423652709115133,tvm
40,10,100,5,5120,32,2,[40; 10; 100; 5; 5120; 32; 2],0.43824962398502976,0.33379541311531463,tvm
16,2,60,10,160,16,1,[16; 2; 60; 10; 160; 16; 1],0.6486296419752762,0.22553041800592005,tvm
320,4,750,30,160,16,1,[320; 4; 750; 30; 160; 16; 1],0.5452043460682034,0.26831355131460083,tvm
160,10,300,30,1280,16,1,[160; 10; 300; 30; 1280; 16; 1],0.4632287110434845,0.31579587102057255,tvm
160,40,300,25,64,16,1,[160; 40; 300; 25; 64; 16; 1],0.5652673150179908,0.2587903287510237,tvm
16,1,6,1,5120,160,10,[16; 1; 6; 1; 5120; 160; 10],0.7362840479472652,0.19868108604763865,tvm
256,64,20,10,160,32,2,[256; 64; 20; 10; 160; 32; 2],0.41904026304837316,0.3490970371714075,tvm
16,1,250,1,160,32,2,[16; 1; 250; 1; 160; 32; 2],0.33444703405257314,0.4373957589431606,tvm
20,1,3,1,320,16,1,[20; 1; 3; 1; 320; 16; 1],0.7810856879223138,0.1872851039875458,tvm
40,40,50,10,5120,32,2,[40; 40; 50; 10; 5120; 32; 2],0.9507712449412793,0.15386005315584514,tvm
128,32,60,3,64,64,4,[128; 32; 60; 3; 64; 64; 4],0.22775849199388176,0.6422843469197361,tvm
2,2,250,5,320,64,4,[2; 2; 250; 5; 320; 64; 4],1.007745255017653,0.14516140220690174,tvm
64,32,100,25,5120,16,1,[64; 32; 100; 25; 5120; 16; 1],3.3313581260154024,0.04391173471964267,tvm
80,1,20,5,256,64,4,[80; 1; 20; 5; 256; 64; 4],0.529283904004842,0.27638421115556167,tvm
40,40,12,3,80,80,5,[40; 40; 12; 3; 80; 80; 5],0.4358118789969012,0.3356625216880663,tvm
80,80,60,6,320,64,4,[80; 80; 60; 6; 320; 64; 4],0.3182769150007516,0.459617733461344,tvm
2,2,750,15,320,16,1,[2; 2; 750; 15; 320; 16; 1],1.620392289943993,0.09027796243758386,tvm
160,5,30,10,320,16,1,[160; 5; 30; 10; 320; 16; 1],0.3700425060233101,0.39532138039433584,tvm
16,8,12,1,32,16,1,[16; 8; 12; 1; 32; 16; 1],0.4662845799466595,0.31372625340183585,tvm
80,4,20,4,80,80,5,[80; 4; 20; 4; 80; 80; 5],0.3429740669671446,0.4265212107122018,tvm
128,4,100,25,128,16,1,[128; 4; 100; 25; 128; 16; 1],0.47698271402623504,0.3066897604127186,tvm
80,10,1500,4,2560,80,5,[80; 10; 1500; 4; 2560; 80; 5],0.27330289396923035,0.5352512450972575,tvm
32,8,100,5,1280,80,5,[32; 8; 100; 5; 1280; 80; 5],0.3095263709546998,0.47261147357012656,tvm
2,2,500,1,1280,80,5,[2; 2; 500; 1; 1280; 80; 5],0.9904687060043216,0.14769342372849892,tvm
16,16,500,4,2560,80,5,[16; 16; 500; 4; 2560; 80; 5],0.4812516300007701,0.3039692858504816,tvm
16,16,750,3,5120,80,5,[16; 16; 750; 3; 5120; 80; 5],0.4885942389955744,0.2994012262331225,tvm
128,128,60,5,5120,64,4,[128; 128; 60; 5; 5120; 64; 4],0.6424122110474855,0.2277131595104459,tvm
40,4,6,2,640,80,5,[40; 4; 6; 2; 640; 80; 5],0.42156236805021763,0.34700847459963113,tvm
320,320,100,25,256,16,1,[320; 320; 100; 25; 256; 16; 1],1.0434808540157974,0.14019012780420373,tvm
16,16,1500,2,64,16,1,[16; 16; 1500; 2; 64; 16; 1],0.4861656849971041,0.3008968316770149,tvm
160,80,100,4,1024,32,2,[160; 80; 100; 4; 1024; 32; 2],0.30556220293510705,0.4787428316740514,tvm
256,64,60,15,128,16,1,[256; 64; 60; 15; 128; 16; 1],0.5976449509616941,0.24477026711314162,tvm
4,2,4,1,640,64,4,[4; 2; 4; 1; 640; 64; 4],0.4961518059717491,0.2948406365249506,tvm
16,2,12,12,80,16,1,[16; 2; 12; 12; 80; 16; 1],0.5772480609593913,0.2534191523183052,tvm
10,2,100,20,320,16,1,[10; 2; 100; 20; 320; 16; 1],0.7781193429837003,0.1879990718708796,tvm
32,16,125,5,128,32,2,[32; 16; 125; 5; 128; 32; 2],0.27909157797694206,0.52414951159078,tvm
64,4,750,10,64,16,1,[64; 4; 750; 10; 64; 16; 1],0.4419754210393876,0.33098155988334416,tvm
80,10,300,4,160,32,2,[80; 10; 300; 4; 160; 32; 2],0.3038250000681728,0.4814801752748801,tvm
320,4,30,10,16,16,1,[320; 4; 30; 10; 16; 16; 1],0.5942818840267137,0.24615543266188236,tvm
10,10,15,5,160,16,1,[10; 10; 15; 5; 160; 16; 1],0.3654157400596887,0.40032680108913565,tvm
16,1,20,2,1280,160,10,[16; 1; 20; 2; 1280; 160; 10],0.5717529550893232,0.2558547585693904,tvm
320,64,12,12,1024,16,1,[320; 64; 12; 12; 1024; 16; 1],2.2717184490757063,0.06439429778159064,tvm
160,4,12,12,2560,32,2,[160; 4; 12; 12; 2560; 32; 2],0.6139461909187958,0.23827123036107073,tvm
16,2,12,12,160,32,2,[16; 2; 12; 12; 160; 32; 2],0.5116027019685134,0.2859361643768595,tvm
40,20,60,30,256,16,1,[40; 20; 60; 30; 256; 16; 1],0.7181505000917241,0.20369785200599358,tvm
16,16,1500,6,64,64,4,[16; 16; 1500; 6; 64; 64; 4],0.22796865308191627,0.641692234033375,tvm
80,2,150,10,256,16,1,[80; 2; 150; 10; 256; 16; 1],0.7256234840024263,0.20160002743960967,tvm
8,8,150,3,640,32,2,[8; 8; 150; 3; 640; 32; 2],0.4780409560771659,0.30601083950242264,tvm
16,1,4,4,1280,16,1,[16; 1; 4; 4; 1280; 16; 1],0.7472839599940926,0.1957565291336786,tvm
64,8,300,12,1280,32,2,[64; 8; 300; 12; 1280; 32; 2],0.3189247859409079,0.45868405572221316,tvm
160,2,75,5,1280,32,2,[160; 2; 75; 5; 1280; 32; 2],0.5975819090381265,0.24479608916069293,tvm
40,1,375,3,320,80,5,[40; 1; 375; 3; 320; 80; 5],0.5376247329404578,0.27209632541573475,tvm
20,1,4,2,32,16,1,[20; 1; 4; 2; 32; 16; 1],0.7874978529289365,0.18576014365199173,tvm
320,8,60,15,256,16,1,[320; 8; 60; 15; 256; 16; 1],0.5733253989601508,0.2551530327298162,tvm
10,2,125,5,160,80,5,[10; 2; 125; 5; 160; 80; 5],0.5291411029174924,0.2764587998912726,tvm
4,2,2,2,128,32,2,[4; 2; 2; 2; 128; 32; 2],0.395132725010626,0.3702191821286894,tvm
256,8,250,10,2560,32,2,[256; 8; 250; 10; 2560; 32; 2],0.3560277159558609,0.4108829389671738,tvm
5,5,375,25,1024,16,1,[5; 5; 375; 25; 1024; 16; 1],1.7437831779243425,0.08388985290008412,tvm
32,32,300,12,512,32,2,[32; 32; 300; 12; 512; 32; 2],0.44077637197915465,0.33188193284696416,tvm
2,1,300,6,64,16,1,[2; 1; 300; 6; 64; 16; 1],1.0500030580442399,0.13931932213434642,tvm
20,1,60,12,16,16,1,[20; 1; 60; 12; 16; 16; 1],0.6456131190061569,0.2265841724389111,tvm
80,1,750,3,128,64,4,[80; 1; 750; 3; 128; 64; 4],0.5629048600094393,0.2598764456985879,tvm
4,1,750,6,16,16,1,[4; 1; 750; 6; 16; 16; 1],0.7019961869809777,0.20838534026065625,tvm
40,2,125,5,128,64,4,[40; 2; 125; 5; 128; 64; 4],0.5112301419721916,0.28614454093293956,tvm
8,1,750,2,512,128,8,[8; 1; 750; 2; 512; 128; 8],0.5119851629715413,0.2857225655459973,tvm
80,20,300,5,32,32,2,[80; 20; 300; 5; 32; 32; 2],0.2699715829221532,0.5418559712927122,tvm
128,2,100,25,320,16,1,[128; 2; 100; 25; 320; 16; 1],0.6181552959606051,0.23664880854638354,tvm
64,8,20,10,640,16,1,[64; 8; 20; 10; 640; 16; 1],0.343141030985862,0.4263136759408452,tvm
80,1,1500,2,512,64,4,[80; 1; 1500; 2; 512; 64; 4],0.3249999930849299,0.450109899686941,tvm
128,16,60,5,320,32,2,[128; 16; 60; 5; 320; 32; 2],0.23654100601561368,0.6184370175379157,tvm
16,8,100,2,80,16,1,[16; 8; 100; 2; 80; 16; 1],0.3725396509980783,0.39267152877229944,tvm
20,10,3,3,320,32,2,[20; 10; 3; 3; 320; 32; 2],0.3466036160243675,0.42205478397383445,tvm
20,2,100,1,2560,160,10,[20; 2; 100; 1; 2560; 160; 10],0.7577484640059993,0.1930531320543279,tvm
80,4,100,2,640,64,4,[80; 4; 100; 2; 640; 64; 4],0.29058782604988664,0.5034130860685152,tvm
40,8,300,15,5120,16,1,[40; 8; 300; 15; 5120; 16; 1],1.031973614008166,0.14175334746936344,tvm
32,8,15,1,512,128,8,[32; 8; 15; 1; 512; 128; 8],0.5048459449317306,0.28976307674511725,tvm
16,8,250,5,2560,16,1,[16; 8; 250; 5; 2560; 16; 1],0.5065200709505007,0.2888053656219478,tvm
10,10,125,5,128,16,1,[10; 10; 125; 5; 128; 16; 1],0.3912083340110257,0.37393302127758715,tvm
2,1,250,1,2560,160,10,[2; 1; 250; 1; 2560; 160; 10],0.9499830040149391,0.15398771732490266,tvm
5,1,750,6,1024,16,1,[5; 1; 750; 6; 1024; 16; 1],2.8140108870575204,0.051984771970331085,tvm
160,10,30,15,1024,16,1,[160; 10; 30; 15; 1024; 16; 1],0.7798910780111328,0.18757198076784012,tvm
40,20,75,5,640,80,5,[40; 20; 75; 5; 640; 80; 5],0.42788050905801356,0.34188450090368655,tvm
320,1,250,10,640,16,1,[320; 1; 250; 10; 640; 16; 1],0.7860853819875047,0.1860939252118539,tvm
4,4,30,5,1280,32,2,[4; 4; 30; 5; 1280; 32; 2],0.552345784031786,0.2648444480157306,tvm
20,10,30,2,128,128,8,[20; 10; 30; 2; 128; 128; 8],0.3135472880676389,0.4665507240941511,tvm
4,2,12,3,320,32,2,[4; 2; 12; 3; 320; 32; 2],0.6569456409197301,0.22267552316948616,tvm
4,2,20,2,64,32,2,[4; 2; 20; 2; 64; 32; 2],0.40300596703309566,0.3629864722913669,tvm
128,64,1500,6,320,64,4,[128; 64; 1500; 6; 320; 64; 4],0.2909778099274263,0.5027383851785808,tvm
10,5,60,1,5120,16,1,[10; 5; 60; 1; 5120; 16; 1],0.789649483980611,0.18525398579163282,tvm
20,10,100,2,1024,32,2,[20; 10; 100; 2; 1024; 32; 2],0.37014987505972385,0.39520670988234435,tvm
128,128,1500,12,512,32,2,[128; 128; 1500; 12; 512; 32; 2],0.7664740330073982,0.19085540799306153,tvm
40,1,1500,20,64,16,1,[40; 1; 1500; 20; 64; 16; 1],0.6157078269170597,0.2375894992567961,tvm
10,1,30,15,64,16,1,[10; 1; 30; 15; 64; 16; 1],0.6761331940069795,0.2163563563841302,tvm
32,8,60,30,1280,16,1,[32; 8; 60; 30; 1280; 16; 1],0.4540117639116943,0.3222068807762589,tvm
40,8,6,6,1024,64,4,[40; 8; 6; 6; 1024; 64; 4],0.29389392805751413,0.49775003945330454,tvm
20,5,50,5,1024,32,2,[20; 5; 50; 5; 1024; 32; 2],0.4979625790147111,0.2937684887389754,tvm
5,1,2,1,256,16,1,[5; 1; 2; 1; 256; 16; 1],0.46403646701946855,0.3152461599091886,tvm
2,1,25,5,128,16,1,[2; 1; 25; 5; 128; 16; 1],0.8609265919076279,0.16991659412166218,tvm
32,8,750,10,1024,16,1,[32; 8; 750; 10; 1024; 16; 1],0.8076787419850007,0.18111868826235736,tvm
64,1,75,15,2560,16,1,[64; 1; 75; 15; 2560; 16; 1],1.1978447739966214,0.12212409943371086,tvm
8,8,5,1,1280,128,8,[8; 8; 5; 1; 1280; 128; 8],0.5003112559206784,0.2923894126997357,tvm
80,40,375,25,1280,16,1,[80; 40; 375; 25; 1280; 16; 1],0.7876237640157342,0.18573044766941793,tvm
32,16,60,12,2560,16,1,[32; 16; 60; 12; 2560; 16; 1],0.3489901589928195,0.41916859405976586,tvm
160,80,100,5,1280,32,2,[160; 80; 100; 5; 1280; 32; 2],0.32302732206881046,0.4528586416431762,tvm
40,1,20,4,5120,80,5,[40; 1; 20; 4; 5120; 80; 5],0.7381818970898166,0.19817028142037368,tvm
10,1,300,30,128,16,1,[10; 1; 300; 30; 128; 16; 1],0.9135056029772386,0.16013663606325929,tvm
64,16,150,25,16,16,1,[64; 16; 150; 25; 16; 16; 1],0.4025063629960641,0.36343702294998187,tvm
80,4,100,4,1024,32,2,[80; 4; 100; 4; 1024; 32; 2],0.500569881987758,0.29223834583258423,tvm
5,1,2,2,256,128,8,[5; 1; 2; 2; 256; 128; 8],0.4439284270629287,0.3295254490764514,tvm
10,2,300,6,128,16,1,[10; 2; 300; 6; 128; 16; 1],0.7696591089479625,0.1900655921368493,tvm
10,1,150,6,160,16,1,[10; 1; 150; 6; 160; 16; 1],0.8120064849499613,0.1801533817734583,tvm
20,5,20,5,32,16,1,[20; 5; 20; 5; 32; 16; 1],0.5071177289355546,0.28846499725570535,tvm
320,160,30,10,80,16,1,[320; 160; 30; 10; 80; 16; 1],0.731471996055916,0.19998812678336872,tvm
80,1,375,15,2560,16,1,[80; 1; 375; 15; 2560; 16; 1],1.1779292919673026,0.12418887558301331,tvm
4,2,300,6,320,16,1,[4; 2; 300; 6; 320; 16; 1],0.8396429870044813,0.17422370763508033,tvm
10,5,6,6,320,16,1,[10; 5; 6; 6; 320; 16; 1],0.4423939510015771,0.33066843241080573,tvm
10,1,1500,2,256,128,8,[10; 1; 1500; 2; 256; 128; 8],0.4631787280086428,0.31582994952001475,tvm
64,64,300,3,320,80,5,[64; 64; 300; 3; 320; 80; 5],0.46600557200144976,0.3139140883175088,tvm
32,8,5,5,512,64,4,[32; 8; 5; 5; 512; 64; 4],0.28032105998136103,0.5218506033597371,tvm
128,4,250,10,64,32,2,[128; 4; 250; 10; 64; 32; 2],0.35399376100394875,0.4132437641579861,tvm
20,10,15,5,128,16,1,[20; 10; 15; 5; 128; 16; 1],0.39298509003128856,0.3722424030745476,tvm
8,1,125,5,32,32,2,[8; 1; 125; 5; 32; 32; 2],0.5261764900060371,0.278016439472687,tvm
256,1,250,25,512,16,1,[256; 1; 250; 25; 512; 16; 1],3.113805319997482,0.04697972392372706,tvm
128,8,12,12,16,16,1,[128; 8; 12; 12; 16; 16; 1],0.32644016202539206,0.44812413208622137,tvm
320,80,30,10,128,16,1,[320; 80; 30; 10; 128; 16; 1],0.6905077620176598,0.21185238216333477,tvm
20,1,750,2,64,32,2,[20; 1; 750; 2; 64; 32; 2],0.4814494919264689,0.3038443631965787,tvm
20,10,15,15,16,16,1,[20; 10; 15; 15; 16; 16; 1],0.41523132799193263,0.35229931949777266,tvm
128,32,500,4,1280,64,4,[128; 32; 500; 4; 1280; 64; 4],0.20548232807777822,0.7119138451183155,tvm
256,64,300,10,32,16,1,[256; 64; 300; 10; 32; 16; 1],0.5166092270519584,0.28316512099579955,tvm
320,40,500,25,1024,16,1,[320; 40; 500; 25; 1024; 16; 1],3.6050034390063956,0.040578522811626855,tvm
5,5,15,3,2560,16,1,[5; 5; 15; 3; 2560; 16; 1],0.5480766970431432,0.26690737824636807,tvm
320,20,300,15,64,16,1,[320; 20; 300; 15; 64; 16; 1],0.4458445730851963,0.3281092181372377,tvm
20,5,30,30,64,16,1,[20; 5; 30; 30; 64; 16; 1],0.48372874001506716,0.3024126998969666,tvm
16,4,2,1,5120,16,1,[16; 4; 2; 1; 5120; 16; 1],0.5168630928965285,0.28302603976987656,tvm
320,32,300,12,320,16,1,[320; 32; 300; 12; 320; 16; 1],0.4987516220426187,0.2933037364101326,tvm
2,1,500,2,640,128,8,[2; 1; 500; 2; 640; 128; 8],1.0280126569559798,0.14229952646582866,tvm
10,10,1500,4,640,64,4,[10; 10; 1500; 4; 640; 64; 4],0.4178386880084872,0.35010093245061813,tvm
40,20,10,10,64,32,2,[40; 20; 10; 10; 64; 32; 2],0.2401872369227931,0.6090486578715965,tvm
16,16,60,2,32,32,2,[16; 16; 60; 2; 32; 32; 2],0.3763441890478134,0.3887019344069881,tvm
8,2,20,20,80,16,1,[8; 2; 20; 20; 80; 16; 1],0.6209530129563063,0.23558258231047147,tvm
32,16,30,6,640,64,4,[32; 16; 30; 6; 640; 64; 4],0.2510161539539695,0.5827741043014295,tvm
80,8,6,6,5120,32,2,[80; 8; 6; 6; 5120; 32; 2],0.5181572020519525,0.2823191759304102,tvm
1,1,60,20,320,16,1,[1; 1; 60; 20; 320; 16; 1],2.265169946011156,0.06458045876130207,tvm
40,20,5,5,2560,80,5,[40; 20; 5; 5; 2560; 80; 5],0.4718930301023647,0.3099976158876122,tvm
32,2,150,2,2560,160,10,[32; 2; 150; 2; 2560; 160; 10],0.5561420059530064,0.26303662143814993,tvm
32,16,75,3,2560,80,5,[32; 16; 75; 3; 2560; 80; 5],0.30515198898501694,0.4793864027309256,tvm
160,32,1500,30,32,16,1,[160; 32; 1500; 30; 32; 16; 1],0.5634690970182419,0.2596162150858442,tvm
20,1,250,5,1280,80,5,[20; 1; 250; 5; 1280; 80; 5],0.5403794880257919,0.270709228472292,tvm
256,256,50,5,128,32,2,[256; 256; 50; 5; 128; 32; 2],0.5921428389847279,0.24704463966250412,tvm
16,8,500,5,256,16,1,[16; 8; 500; 5; 256; 16; 1],0.5016670658951625,0.2915991984139633,tvm
5,1,750,25,128,16,1,[5; 1; 750; 25; 128; 16; 1],0.9689455720363185,0.15097412951512115,tvm
160,32,750,6,256,32,2,[160; 32; 750; 6; 256; 32; 2],0.21990190900396556,0.6652316705585138,tvm
40,1,375,5,512,64,4,[40; 1; 375; 5; 512; 64; 4],0.6308408670593053,0.23189004061774265,tvm
64,64,6,6,512,64,4,[64; 64; 6; 6; 512; 64; 4],0.3186974579002708,0.45901123670553756,tvm
160,40,1500,10,5120,16,1,[160; 40; 1500; 10; 5120; 16; 1],1.1570376220624894,0.12643125123706106,tvm
128,4,250,5,2560,32,2,[128; 4; 250; 5; 2560; 32; 2],0.42601220100186765,0.34338386070091215,tvm
2,2,10,10,128,16,1,[2; 2; 10; 10; 128; 16; 1],0.7302479369100183,0.2003233516888932,tvm
128,1,100,25,64,16,1,[128; 1; 100; 25; 64; 16; 1],0.6202476510079578,0.23585049302159705,tvm
20,5,150,30,640,16,1,[20; 5; 150; 30; 640; 16; 1],0.5662395380204543,0.2583459904568338,tvm
80,1,125,5,128,32,2,[80; 1; 125; 5; 128; 32; 2],0.5701188870007172,0.25658808648717907,tvm
80,16,500,5,2560,80,5,[80; 16; 500; 5; 2560; 80; 5],0.4536268039373681,0.3224803142494901,tvm
2,2,150,6,32,16,1,[2; 2; 150; 6; 32; 16; 1],1.1466237349668518,0.12757952746368303,tvm
8,4,750,10,32,32,2,[8; 4; 750; 10; 32; 32; 2],0.4209198310272768,0.34753818542760595,tvm
10,1,100,5,640,80,5,[10; 1; 100; 5; 640; 80; 5],0.5836879080161452,0.250623170836131,tvm
128,32,6,6,5120,32,2,[128; 32; 6; 6; 5120; 32; 2],0.4226670389762148,0.3461015428126308,tvm
16,8,2,2,1024,128,8,[16; 8; 2; 2; 1024; 128; 8],0.33746594190597534,0.43348289744294366,tvm
4,1,300,3,1024,32,2,[4; 1; 300; 3; 1024; 32; 2],1.1235113590955734,0.1302040367473225,tvm
4,2,1500,3,160,80,5,[4; 2; 1500; 3; 160; 80; 5],0.5977082260651514,0.24474435503213043,tvm
5,5,1500,4,1280,80,5,[5; 5; 1500; 4; 1280; 80; 5],0.6842702300054953,0.21378354321294893,tvm
4,4,300,2,160,160,10,[4; 4; 300; 2; 160; 160; 10],0.4566822999622673,0.3203227151518702,tvm
64,2,3,3,1280,64,4,[64; 2; 3; 3; 1280; 64; 4],0.2222130949376151,0.6583127530210723,tvm
20,5,12,2,160,160,10,[20; 5; 12; 2; 160; 160; 10],0.38259880198165774,0.38234754925533565,tvm
32,1,150,10,32,32,2,[32; 1; 150; 10; 32; 32; 2],0.46731730992905796,0.31303294608950283,tvm
64,8,5,5,320,80,5,[64; 8; 5; 5; 320; 80; 5],0.28418398508802056,0.5147570657101072,tvm
160,4,5,5,32,32,2,[160; 4; 5; 5; 32; 32; 2],0.3472733050584793,0.42124088478692717,tvm
10,5,60,30,1280,16,1,[10; 5; 60; 30; 1280; 16; 1],0.7279002270661294,0.2009694582392599,tvm
10,2,375,3,5120,80,5,[10; 2; 375; 3; 5120; 80; 5],0.8850211499957368,0.16529064224783663,tvm
80,5,300,2,5120,80,5,[80; 5; 300; 2; 5120; 80; 5],0.42246965400408953,0.3462632473107719,tvm
32,8,30,5,640,32,2,[32; 8; 30; 5; 640; 32; 2],0.309267531032674,0.473007023392505,tvm
1,1,12,1,1024,64,4,[1; 1; 12; 1; 1024; 64; 4],2.4921249340986833,0.05869918970921129,tvm
320,4,375,15,80,16,1,[320; 4; 375; 15; 80; 16; 1],0.5894807579461485,0.24816028736103052,tvm
16,16,1500,1,320,160,10,[16; 16; 1500; 1; 320; 160; 10],0.3757284349994734,0.38933894978142747,tvm
128,1,300,20,64,16,1,[128; 1; 300; 20; 64; 16; 1],0.5998051140923053,0.2438887412740567,tvm
20,1,12,1,1280,80,5,[20; 1; 12; 1; 1280; 80; 5],0.7911080380436033,0.18491243578750177,tvm
320,4,75,25,16,16,1,[320; 4; 75; 25; 16; 16; 1],0.5657821219647303,0.258554854610329,tvm
10,1,500,2,2560,160,10,[10; 1; 500; 2; 2560; 160; 10],0.6360086549539119,0.23000585471012944,tvm
128,4,375,15,64,16,1,[128; 4; 375; 15; 64; 16; 1],0.3985896810190752,0.3670082825819907,tvm
4,4,2,1,5120,64,4,[4; 4; 2; 1; 5120; 64; 4],0.6579574489733204,0.2223330923815501,tvm
64,8,300,10,32,32,2,[64; 8; 300; 10; 32; 32; 2],0.30030471400823444,0.4871242689906729,tvm
8,8,12,12,160,32,2,[8; 8; 12; 12; 160; 32; 2],0.41671388305258006,0.3510459339970113,tvm
4,1,20,1,5120,16,1,[4; 1; 20; 1; 5120; 16; 1],0.8686213830951601,0.16841136671590348,tvm
40,2,60,4,1280,80,5,[40; 2; 60; 4; 1280; 80; 5],0.4910648900549859,0.2978948755007394,tvm
80,16,20,2,5120,80,5,[80; 16; 20; 2; 5120; 80; 5],0.3762010330101475,0.3888498474212548,tvm
32,2,150,30,160,16,1,[32; 2; 150; 30; 160; 16; 1],0.589518746943213,0.24814429573993796,tvm
16,8,150,2,128,64,4,[16; 8; 150; 2; 128; 64; 4],0.33596024801954627,0.4354256646375715,tvm
64,8,75,3,1280,64,4,[64; 8; 75; 3; 1280; 64; 4],0.27268993097823113,0.5364544035818921,tvm
20,4,6,2,160,16,1,[20; 4; 6; 2; 160; 16; 1],0.4519031490199268,0.3237103228932441,tvm
160,2,30,30,1024,16,1,[160; 2; 30; 30; 1024; 16; 1],4.22873149998486,0.034593285075261465,tvm
2,1,375,25,16,16,1,[2; 1; 375; 25; 16; 16; 1],1.4915090639842674,0.09807899785398645,tvm
20,10,60,2,512,64,4,[20; 10; 60; 2; 512; 64; 4],0.35680794704239815,0.40998446222480495,tvm
2,2,1500,5,320,32,2,[2; 2; 1500; 5; 320; 32; 2],1.3925112589495257,0.10505172819648757,tvm
80,20,60,20,16,16,1,[80; 20; 60; 20; 16; 16; 1],0.3895460400963202,0.3755286903944481,tvm
160,16,150,6,5120,32,2,[160; 16; 150; 6; 5120; 32; 2],0.3004151589702815,0.4869451820844553,tvm
20,10,25,25,1280,16,1,[20; 10; 25; 25; 1280; 16; 1],0.3623122660210356,0.40375589789505234,tvm
64,4,150,6,128,64,4,[64; 4; 150; 6; 128; 64; 4],0.36310237902216613,0.4028773225878095,tvm
8,8,100,20,160,16,1,[8; 8; 100; 20; 160; 16; 1],0.4051170750753954,0.3610949112882724,tvm
128,16,30,2,1024,64,4,[128; 16; 30; 2; 1024; 64; 4],0.2795306979678571,0.5233261153397023,tvm
160,80,100,25,64,16,1,[160; 80; 100; 25; 64; 16; 1],0.6836719549028203,0.21397062324504432,tvm
2,2,100,25,160,16,1,[2; 2; 100; 25; 160; 16; 1],1.1689161940012127,0.1251464519325177,tvm
20,20,250,1,640,128,8,[20; 20; 250; 1; 640; 128; 8],0.34794166998472065,0.42043171860426554,tvm
8,4,300,3,512,32,2,[8; 4; 300; 3; 512; 32; 2],0.5285775280790403,0.27675356312885024,tvm
10,2,75,1,160,32,2,[10; 2; 75; 1; 160; 32; 2],0.3342456390382722,0.43765930561315153,tvm
80,2,150,2,640,80,5,[80; 2; 150; 2; 640; 80; 5],0.5901714770589024,0.2478698479545703,tvm
256,32,250,5,5120,32,2,[256; 32; 250; 5; 5120; 32; 2],0.29039656196255237,0.5037446493756298,tvm
10,1,300,3,640,16,1,[10; 1; 300; 3; 640; 16; 1],0.7460588229587302,0.1960779898099354,tvm
2,1,15,5,512,16,1,[2; 1; 15; 5; 512; 16; 1],1.1175489390734583,0.13089870982025845,tvm
32,1,75,5,5120,32,2,[32; 1; 75; 5; 5120; 32; 2],1.058125390089117,0.1382498857468999,tvm
40,1,4,2,5120,64,4,[40; 1; 4; 2; 5120; 64; 4],0.34662366402335465,0.4220303731941912,tvm
4,2,6,1,64,64,4,[4; 2; 6; 1; 64; 64; 4],0.44765481899958104,0.32678239589296415,tvm
5,1,750,5,64,16,1,[5; 1; 750; 5; 64; 16; 1],0.6296643329551443,0.23232332947804957,tvm
5,1,250,2,1280,32,2,[5; 1; 250; 2; 1280; 32; 2],0.47445587906986475,0.30832311441160026,tvm
4,4,150,3,160,80,5,[4; 4; 150; 3; 160; 80; 5],0.4746187860146165,0.308217286370138,tvm
80,8,75,3,5120,64,4,[80; 8; 75; 3; 5120; 64; 4],0.32524627400562167,0.4497690703235722,tvm
32,4,25,1,2560,160,10,[32; 4; 25; 1; 2560; 160; 10],0.5935224849963561,0.24647038315088,tvm
160,1,12,12,1024,16,1,[160; 1; 12; 12; 1024; 16; 1],2.1685238799545914,0.06745865961539585,tvm
160,20,50,10,256,32,2,[160; 20; 50; 10; 256; 32; 2],0.21596200403291732,0.6773678311644912,tvm
16,1,150,3,1024,64,4,[16; 1; 150; 3; 1024; 64; 4],0.732115629944019,0.1998123087426777,tvm
4,4,60,2,1024,16,1,[4; 4; 60; 2; 1024; 16; 1],1.0673492340138182,0.1370551546053955,tvm
10,2,1500,30,640,16,1,[10; 2; 1500; 30; 640; 16; 1],1.1518234690884128,0.1270035888411695,tvm
10,2,750,3,80,16,1,[10; 2; 750; 3; 80; 16; 1],0.5574373051058501,0.2624254116934936,tvm
80,40,30,30,80,16,1,[80; 40; 30; 30; 80; 16; 1],0.5118709489470348,0.28578631896699225,tvm
80,20,750,5,320,32,2,[80; 20; 750; 5; 320; 32; 2],0.24124137090984732,0.606387344484051,tvm
20,10,1500,2,1280,16,1,[20; 10; 1500; 2; 1280; 16; 1],0.5490325000137091,0.2664427229391004,tvm
4,2,750,2,128,128,8,[4; 2; 750; 2; 128; 128; 8],0.42025591107085347,0.34808722597848507,tvm
160,40,150,25,1280,16,1,[160; 40; 150; 25; 1280; 16; 1],0.7940236249705777,0.18423345311814227,tvm
40,10,750,30,32,16,1,[40; 10; 750; 30; 32; 16; 1],0.3914984459988773,0.3736559257916794,tvm
2,2,50,2,2560,128,8,[2; 2; 50; 2; 2560; 128; 8],0.9262097340542823,0.15794016075104317,tvm
10,1,60,1,160,160,10,[10; 1; 60; 1; 160; 160; 10],0.6258448750013486,0.23374117154094948,tvm
64,4,1500,30,5120,16,1,[64; 4; 1500; 30; 5120; 16; 1],2.1872503210324794,0.06688110312708101,tvm
5,5,15,1,512,64,4,[5; 5; 15; 1; 512; 64; 4],0.475871121045202,0.3074061606520958,tvm
10,5,4,2,1280,16,1,[10; 5; 4; 2; 1280; 16; 1],0.3304020119830966,0.44275067638873306,tvm
4,4,375,15,1024,16,1,[4; 4; 375; 15; 1024; 16; 1],2.7354814159916714,0.053477136942157784,tvm
256,16,15,5,2560,32,2,[256; 16; 15; 5; 2560; 32; 2],0.37718247808516026,0.387838043348042,tvm
64,8,20,1,5120,128,8,[64; 8; 20; 1; 5120; 128; 8],0.5409083829727024,0.2704445316261567,tvm
256,1,25,5,32,32,2,[256; 1; 25; 5; 32; 32; 2],0.4882478140061721,0.2996136594763434,tvm
40,20,10,10,640,16,1,[40; 20; 10; 10; 640; 16; 1],0.25649485702160746,0.5703261109574256,tvm
256,32,300,4,1024,32,2,[256; 32; 300; 4; 1024; 32; 2],0.30225412000436336,0.4839825319291016,tvm
64,16,60,10,256,16,1,[64; 16; 60; 10; 256; 16; 1],0.296727699926123,0.49299648911151667,tvm
5,5,500,2,5120,32,2,[5; 5; 500; 2; 5120; 32; 2],0.8449185659410432,0.17313587389665885,tvm
160,1,300,20,80,16,1,[160; 1; 300; 20; 80; 16; 1],0.5472846629563719,0.26729364841962655,tvm
128,16,4,2,128,64,4,[128; 16; 4; 2; 128; 64; 4],0.2783640039851889,0.5255195075204401,tvm
128,8,150,30,1280,16,1,[128; 8; 150; 30; 1280; 16; 1],0.4289141889894381,0.3410605618582521,tvm
20,5,20,2,256,64,4,[20; 5; 20; 2; 256; 64; 4],0.3698140219785273,0.39556562377780297,tvm
20,20,300,1,320,160,10,[20; 20; 300; 1; 320; 160; 10],0.3664958640001714,0.3991469717804124,tvm
320,4,150,15,1024,16,1,[320; 4; 150; 15; 1024; 16; 1],1.9840225749649107,0.07373187993503627,tvm
20,2,750,5,2560,80,5,[20; 2; 750; 5; 2560; 80; 5],0.6311210960848257,0.23178707730291556,tvm
10,1,150,15,320,16,1,[10; 1; 150; 15; 320; 16; 1],0.7378968140110373,0.19824684360749412,tvm
32,4,10,2,512,128,8,[32; 4; 10; 2; 512; 128; 8],0.3037174149649218,0.4816507288612665,tvm
20,20,2,1,320,16,1,[20; 20; 2; 1; 320; 16; 1],0.6377590739866719,0.2293745714526226,tvm
128,8,20,20,512,16,1,[128; 8; 20; 20; 512; 16; 1],0.794688570080325,0.18407929822235664,tvm
4,4,1500,1,320,16,1,[4; 4; 1500; 1; 320; 16; 1],1.085640973993577,0.13474594068386717,tvm
32,4,20,20,64,16,1,[32; 4; 20; 20; 64; 16; 1],0.4353028469486162,0.3360550368809834,tvm
80,16,750,30,128,16,1,[80; 16; 750; 30; 128; 16; 1],0.5965817590476945,0.24520648187303912,tvm
320,10,750,10,64,16,1,[320; 10; 750; 10; 64; 16; 1],0.5221291880588979,0.2801714932458685,tvm
80,20,10,5,2560,64,4,[80; 20; 10; 5; 2560; 64; 4],0.24220824195072055,0.6039667069441734,tvm
320,1,100,10,128,16,1,[320; 1; 100; 10; 128; 16; 1],0.7710810390999541,0.18971509720491453,tvm
32,4,60,4,640,80,5,[32; 4; 60; 4; 640; 80; 5],0.364693021052517,0.4011201362272536,tvm
40,10,1500,10,128,32,2,[40; 10; 1500; 10; 128; 32; 2],0.28787530900444835,0.5081565167627969,tvm
16,1,150,2,512,64,4,[16; 1; 150; 2; 512; 64; 4],0.38722929800860584,0.3777754292818598,tvm
320,16,30,30,1280,16,1,[320; 16; 30; 30; 1280; 16; 1],0.7345062609529123,0.19916197051326753,tvm
8,2,6,1,512,32,2,[8; 2; 6; 1; 512; 32; 2],0.36037653195671737,0.40592464079565477,tvm
16,1,30,6,1280,32,2,[16; 1; 30; 6; 1280; 32; 2],0.5962988559622318,0.24532281560335528,tvm
16,2,100,2,320,16,1,[16; 2; 100; 2; 320; 16; 1],0.4429621980525553,0.3302442396413208,tvm
20,4,30,2,1024,64,4,[20; 4; 30; 2; 1024; 64; 4],0.34189213800709695,0.42787095116728807,tvm
1,1,30,2,128,64,4,[1; 1; 30; 2; 128; 64; 4],1.198058050009422,0.1221023591340702,tvm
20,10,150,5,5120,64,4,[20; 10; 150; 5; 5120; 64; 4],0.39576105296146125,0.36963140559452534,tvm
10,1,750,6,512,16,1,[10; 1; 750; 6; 512; 16; 1],0.9941447770688683,0.1471472944987172,tvm
160,10,5,5,640,32,2,[160; 10; 5; 5; 640; 32; 2],0.25302766205277294,0.5781411925436203,tvm
8,4,4,1,512,32,2,[8; 4; 4; 1; 512; 32; 2],0.37963604903779924,0.38533146326983575,tvm
8,1,60,2,640,80,5,[8; 1; 60; 2; 640; 80; 5],0.6259828419424593,0.23368965486622867,tvm
20,1,2,2,5120,128,8,[20; 1; 2; 2; 5120; 128; 8],0.3188968109898269,0.4587242933902557,tvm
10,1,30,15,640,16,1,[10; 1; 30; 15; 640; 16; 1],0.692047685966827,0.21138097453695762,tvm
20,2,12,1,512,64,4,[20; 2; 12; 1; 512; 64; 4],0.3812202410772443,0.3837301867087203,tvm
2,2,20,4,2560,80,5,[2; 2; 20; 4; 2560; 80; 5],0.9978745289845392,0.14659730260334244,tvm
160,80,75,5,512,32,2,[160; 80; 75; 5; 512; 32; 2],0.339976935996674,0.4302812891023449,tvm
40,10,10,1,256,128,8,[40; 10; 10; 1; 256; 128; 8],0.49152923200745136,0.2976134576742664,tvm
10,10,25,5,2560,80,5,[10; 10; 25; 5; 2560; 80; 5],0.4345269309123978,0.3366551158947753,tvm
8,1,250,1,5120,16,1,[8; 1; 250; 1; 5120; 16; 1],0.8173629199154675,0.17897278029304695,tvm
40,4,5,5,320,80,5,[40; 4; 5; 5; 320; 80; 5],0.36964397493284196,0.39574759554052497,tvm
20,20,750,1,320,160,10,[20; 20; 750; 1; 320; 160; 10],0.3755952779902145,0.3894769792327515,tvm
20,1,60,12,160,16,1,[20; 1; 60; 12; 160; 16; 1],0.6609459539176896,0.2213278005843302,tvm
20,4,30,5,640,16,1,[20; 4; 30; 5; 640; 16; 1],0.5366745420033112,0.2725780763508095,tvm
16,2,125,1,640,160,10,[16; 2; 125; 1; 640; 160; 10],0.7403924569953233,0.19757861240155544,tvm
40,5,250,2,2560,80,5,[40; 5; 250; 2; 2560; 80; 5],0.4162044010590762,0.35147565454251517,tvm
40,10,500,5,1280,64,4,[40; 10; 500; 5; 1280; 64; 4],0.3036039349390194,0.4818307586003345,tvm
20,1,500,4,320,16,1,[20; 1; 500; 4; 320; 16; 1],0.9383267760276794,0.15590060736090414,tvm
80,2,300,25,256,16,1,[80; 2; 300; 25; 256; 16; 1],0.9390410790219903,0.1557820180114704,tvm
8,1,300,30,80,16,1,[8; 1; 300; 30; 80; 16; 1],0.6834458280354738,0.21404141818555578,tvm
8,2,10,1,1280,64,4,[8; 2; 10; 1; 1280; 64; 4],0.3534112999914214,0.41392483570634325,tvm
160,8,300,30,1024,16,1,[160; 8; 300; 30; 1024; 16; 1],1.1590826079482213,0.12620818678719162,tvm
4,4,12,3,160,16,1,[4; 4; 12; 3; 160; 16; 1],0.47748017497360706,0.3063702368245976,tvm
32,32,500,1,640,128,8,[32; 32; 500; 1; 640; 128; 8],0.35113916092086583,0.4166032461377381,tvm
160,160,375,25,128,16,1,[160; 160; 375; 25; 128; 16; 1],0.7573397730011493,0.19315731128977998,tvm
2,1,6,1,5120,64,4,[2; 1; 6; 1; 5120; 64; 4],1.0655790580203757,0.13728283526656646,tvm
160,80,1500,10,80,16,1,[160; 80; 1500; 10; 80; 16; 1],0.5369361620396376,0.2724452637535619,tvm
32,1,750,10,512,16,1,[32; 1; 750; 10; 512; 16; 1],1.0490597250172868,0.1394446005286341,tvm
8,4,3,3,640,80,5,[8; 4; 3; 3; 640; 80; 5],0.415415019961074,0.35214353659966807,tvm
4,4,30,5,16,16,1,[4; 4; 30; 5; 16; 16; 1],0.7586429769871756,0.19282550385777467,tvm
40,10,15,15,160,16,1,[40; 10; 15; 15; 160; 16; 1],0.30424218892585486,0.4808199507181588,tvm
8,2,300,2,640,32,2,[8; 2; 300; 2; 640; 32; 2],0.4075618650531396,0.3589288567678945,tvm
20,20,15,15,32,16,1,[20; 20; 15; 15; 32; 16; 1],0.6315628880402073,0.23162493720878874,tvm
40,5,25,5,128,64,4,[40; 5; 25; 5; 128; 64; 4],0.330979359918274,0.4419783587769202,tvm
256,64,750,25,16,16,1,[256; 64; 750; 25; 16; 16; 1],0.7590925429249182,0.19271130463493882,tvm
8,8,3,1,256,32,2,[8; 8; 3; 1; 256; 32; 2],0.37634269800037146,0.38870347442099146,tvm
40,10,12,6,320,64,4,[40; 10; 12; 6; 320; 64; 4],0.2794130389811471,0.5235464845131463,tvm
40,20,30,10,160,32,2,[40; 20; 30; 10; 160; 32; 2],0.26463954499922693,0.5527734499624447,tvm
256,8,100,4,512,32,2,[256; 8; 100; 4; 512; 32; 2],0.3495101520093158,0.4185449648450132,tvm
8,8,60,2,32,16,1,[8; 8; 60; 2; 32; 16; 1],0.4903802920598537,0.2983107532140776,tvm
16,8,4,1,320,160,10,[16; 8; 4; 1; 320; 160; 10],0.5541092390194535,0.2640015794441185,tvm
16,4,60,10,5120,16,1,[16; 4; 60; 10; 5120; 16; 1],1.7820152810309082,0.0820900448177341,tvm
8,8,750,5,160,16,1,[8; 8; 750; 5; 160; 16; 1],0.45100887189619243,0.32435218773120833,tvm
80,2,750,5,2560,80,5,[80; 2; 750; 5; 2560; 80; 5],0.5918575100367889,0.24716373756349128,tvm
40,2,25,25,128,16,1,[40; 2; 25; 25; 128; 16; 1],0.7517602670704946,0.19459090975341037,tvm
256,64,300,4,160,32,2,[256; 64; 300; 4; 160; 32; 2],0.2924318809527904,0.5002385985040064,tvm
128,128,250,5,256,64,4,[128; 128; 250; 5; 256; 64; 4],0.39550228195730597,0.36987324968584046,tvm
80,1,300,30,160,16,1,[80; 1; 300; 30; 160; 16; 1],0.5789950749604031,0.2526545053871462,tvm
10,5,10,1,5120,128,8,[10; 5; 10; 1; 5120; 128; 8],0.3711981079541147,0.3940906786728484,tvm
10,10,1500,3,128,16,1,[10; 10; 1500; 3; 128; 16; 1],0.5604578680358827,0.2610110815258436,tvm
1,1,30,5,640,64,4,[1; 1; 30; 5; 640; 64; 4],1.925699513987638,0.07596497440184397,tvm
20,5,300,12,5120,32,2,[20; 5; 300; 12; 5120; 32; 2],1.229329468915239,0.11899634555640881,tvm
160,10,12,6,320,32,2,[160; 10; 12; 6; 320; 32; 2],0.2505073669599369,0.583957733702536,tvm
8,2,3,1,5120,128,8,[8; 2; 3; 1; 5120; 128; 8],0.4900751520181075,0.29849649320786065,tvm
40,5,300,5,1280,64,4,[40; 5; 300; 5; 1280; 64; 4],0.3537079319357872,0.41357770374307373,tvm
80,5,300,4,160,80,5,[80; 5; 300; 4; 160; 80; 5],0.30407318309880793,0.48108719353320634,tvm
32,8,4,2,320,80,5,[32; 8; 4; 2; 320; 80; 5],0.35709772899281234,0.40965176311344936,tvm
160,1,150,10,5120,32,2,[160; 1; 150; 10; 5120; 32; 2],2.2382180059794337,0.06535811699079794,tvm
128,32,300,10,512,32,2,[128; 32; 300; 10; 512; 32; 2],0.32240951096173376,0.45372642342141295,tvm
16,8,15,5,640,32,2,[16; 8; 15; 5; 640; 32; 2],0.3409295571036637,0.42907900250266184,tvm
16,2,6,1,320,64,4,[16; 2; 6; 1; 320; 64; 4],0.4376230159541592,0.3342733561825223,tvm
64,1,125,1,640,128,8,[64; 1; 125; 1; 640; 128; 8],0.4616713320137933,0.31686116105070117,tvm
40,2,60,1,5120,160,10,[40; 2; 60; 1; 5120; 160; 10],0.7085262750042602,0.20646476982781578,tvm
160,8,20,10,32,16,1,[160; 8; 20; 10; 32; 16; 1],0.3273504440439865,0.44687800779661596,tvm
4,1,4,4,5120,80,5,[4; 1; 4; 4; 5120; 80; 5],0.812425396987237,0.18006048903467797,tvm
8,1,100,1,80,16,1,[8; 1; 100; 1; 80; 16; 1],0.4640932660549879,0.31520757784143694,tvm
20,5,30,2,5120,32,2,[20; 5; 30; 2; 5120; 32; 2],0.48433801298961043,0.3020322798591741,tvm
64,64,60,12,512,16,1,[64; 64; 60; 12; 512; 16; 1],0.7818100460572168,0.18711158167313746,tvm
5,5,50,10,256,16,1,[5; 5; 50; 10; 256; 16; 1],0.677046702010557,0.21606443669440295,tvm
16,4,60,1,32,16,1,[16; 4; 60; 1; 32; 16; 1],0.4904554799431935,0.29826502153193946,tvm
80,4,375,5,640,32,2,[80; 4; 375; 5; 640; 32; 2],0.37888291699346155,0.38609741354012744,tvm
10,1,10,1,5120,80,5,[10; 1; 10; 1; 5120; 80; 5],0.7621181550202891,0.19194623999190766,tvm
32,1,6,1,640,160,10,[32; 1; 6; 1; 640; 160; 10],0.7263378209900111,0.201401758325519,tvm
160,5,300,12,320,16,1,[160; 5; 300; 12; 320; 16; 1],0.3715490240138024,0.39371847274797317,tvm
